run_id,game_id,game_index,game_seed,checkpoint_index,checkpoint_ply,ply,turn_index,current_player_id,player_id,player_name,agent_name,seat_index,winner_id,winner_ids_json,label_is_winner,final_score,final_rank,final_scores_json,is_tie,frontier_size,corner_differential,center_proximity,opponent_adjacency,deadzone_count,deadzone_fraction,mobility_total_placements,mobility_total_orientation_normalized,mobility_total_cell_weighted,mobility_bucket_1,mobility_bucket_2,mobility_bucket_3,mobility_bucket_4,mobility_bucket_5,blocking_exposure_legal_moves_opp_sum,utility_frontier_plus_mobility,pieces_used_count,pieces_remaining_count,remaining_squares,remaining_size_1_count,remaining_size_2_count,remaining_size_3_count,remaining_size_4_count,remaining_size_5_count,remaining_key_piece_17,remaining_key_piece_19,remaining_key_piece_20,phase_ply,phase_turn_index,phase_board_occupancy,phase_piece_usage_ratio,phase_progress_turn_ratio,phase_progress_placement_ratio,player_board_occupancy,se_squares_placed,se_remaining_piece_area,se_accessible_corners,se_reachable_empty_squares,se_largest_remaining_piece_size,se_opponent_avg_mobility,se_center_proximity,se_territory_enclosure_area
20260621_132802_002f9dab,20260621_132802_002f9dab_g0000,0,1764518017,0,8,8,8,1,1,RED,champion,0,4,[4],0,85,2,"{""1"": 85, ""2"": 79, ""3"": 83, ""4"": 92}",False,8.0,-13.0,9.0,0.0,3.0,0.0075,404.0,96.125,382.0,8.0,11.0,30.75,118.5,213.75,1234.0,390.0,2.0,19.0,78.0,1.0,1.0,2.0,6.0,9.0,1.0,1.0,0.0,8.0,8.0,0.1,0.09523809523809523,0.0032,0.0032,0.025,0.11363636363636363,0.8863636363636364,0.2,1.0,1.0,0.175,0.20526315789473681,0.0
20260621_132802_002f9dab,20260621_132802_002f9dab_g0000,0,1764518017,0,8,8,8,1,2,BLUE,pool_l45_100ms,1,4,[4],0,79,4,"{""1"": 85, ""2"": 79, ""3"": 83, ""4"": 92}",False,5.0,-19.0,9.0,0.0,3.0,0.0075,327.0,76.25,309.5,5.0,8.0,24.0,95.0,177.5,1311.0,314.5,2.0,19.0,78.0,1.0,1.0,2.0,6.0,9.0,1.0,1.0,0.0,8.0,8.0,0.1,0.09523809523809523,0.0032,0.0032,0.025,0.11363636363636363,0.8863636363636364,0.125,1.0,1.0,0.2,0.15263157894736834,0.0
20260621_132802_002f9dab,20260621_132802_002f9dab_g0000,0,1764518017,0,8,8,8,1,3,YELLOW,pool_l9_partial_200ms,2,4,[4],0,83,3,"{""1"": 85, ""2"": 79, ""3"": 83, ""4"": 92}",False,7.0,-15.0,9.0,0.0,3.0,0.0075,364.0,86.0,341.875,7.0,10.0,27.0,108.5,189.375,1274.0,348.875,2.0,19.0,78.0,1.0,1.0,2.0,6.0,9.0,1.0,1.0,0.0,8.0,8.0,0.1,0.09523809523809523,0.0032,0.0032,0.025,0.11363636363636363,0.8863636363636364,0.175,1.0,1.0,0.18333333333333332,0.17368421052631577,0.0
20260621_132802_002f9dab,20260621_132802_002f9dab_g0000,0,1764518017,0,8,8,8,1,4,GREEN,pool_peer_500ms,3,4,[4],1,92,1,"{""1"": 85, ""2"": 79, ""3"": 83, ""4"": 92}",False,9.0,-11.0,9.0,0.0,3.0,0.0075,543.0,122.625,488.75,9.0,15.0,41.25,153.5,270.0,1095.0,497.75,2.0,19.0,78.0,1.0,1.0,2.0,6.0,9.0,1.0,0.0,0.0,8.0,8.0,0.1,0.09523809523809523,0.0032,0.0032,0.025,0.11363636363636363,0.8863636363636364,0.225,1.0,1.0,0.16666666666666669,0.23684210526315785,0.0
20260621_132802_002f9dab,20260621_132802_002f9dab_g0000,0,1764518017,1,16,16,16,1,1,RED,champion,0,4,[4],0,85,2,"{""1"": 85, ""2"": 79, ""3"": 83, ""4"": 92}",False,16.0,-19.0,1.0,2.0,3.0,0.0075,667.0,160.25,611.0,15.0,23.0,60.75,221.0,291.25,1662.0,627.0,4.0,17.0,68.0,1.0,1.0,2.0,6.0,7.0,1.0,0.0,0.0,16.0,16.0,0.2,0.19047619047619047,0.0064,0.0064,0.05,0.22727272727272727,0.7727272727272727,0.4,1.0,1.0,0.29166666666666663,0.4605263157894737,0.0
20260621_132802_002f9dab,20260621_132802_002f9dab_g0000,0,1764518017,1,16,16,16,1,2,BLUE,pool_l45_100ms,1,4,[4],0,79,4,"{""1"": 85, ""2"": 79, ""3"": 83, ""4"": 92}",False,9.0,-33.0,6.0,0.0,3.0,0.0075,533.0,123.375,482.5,9.0,16.0,45.0,177.5,235.0,1796.0,491.5,4.0,17.0,68.0,1.0,1.0,2.0,6.0,7.0,1.0,0.0,0.0,16.0,16.0,0.2,0.19047619047619047,0.0064,0.0064,0.05,0.22727272727272727,0.7727272727272727,0.225,1.0,1.0,0.35,0.3263157894736842,0.0
20260621_132802_002f9dab,20260621_132802_002f9dab_g0000,0,1764518017,1,16,16,16,1,3,YELLOW,pool_l9_partial_200ms,2,4,[4],0,83,3,"{""1"": 85, ""2"": 79, ""3"": 83, ""4"": 92}",False,11.0,-29.0,5.0,0.0,3.0,0.0075,407.0,98.125,366.25,11.0,15.0,36.0,135.5,168.75,1922.0,377.25,4.0,17.0,68.0,1.0,1.0,2.0,6.0,7.0,1.0,0.0,0.0,16.0,16.0,0.2,0.19047619047619047,0.0064,0.0064,0.05,0.22727272727272727,0.7727272727272727,0.275,1.0,1.0,0.33333333333333337,0.3526315789473684,0.0
20260621_132802_002f9dab,20260621_132802_002f9dab_g0000,0,1764518017,1,16,16,16,1,4,GREEN,pool_peer_500ms,3,4,[4],1,92,1,"{""1"": 85, ""2"": 79, ""3"": 83, ""4"": 92}",False,15.0,-21.0,0.0,3.0,3.0,0.0075,722.0,180.75,695.875,15.0,25.0,69.75,255.5,330.625,1607.0,710.875,4.0,17.0,68.0,1.0,1.0,2.0,6.0,7.0,1.0,0.0,0.0,16.0,16.0,0.2,0.19047619047619047,0.0064,0.0064,0.05,0.22727272727272727,0.7727272727272727,0.375,1.0,1.0,0.3,0.49473684210526314,0.0
20260621_132802_002f9dab,20260621_132802_002f9dab_g0000,0,1764518017,2,24,24,24,1,1,RED,champion,0,4,[4],0,85,2,"{""1"": 85, ""2"": 79, ""3"": 83, ""4"": 92}",False,20.0,-26.0,1.0,8.0,5.0,0.0125,626.0,170.5,632.5,18.0,28.0,75.0,224.0,287.5,1038.0,652.5,6.0,15.0,59.0,1.0,1.0,2.0,5.0,6.0,1.0,0.0,0.0,24.0,24.0,0.2975,0.2857142857142857,0.0096,0.0096,0.0725,0.32954545454545453,0.6704545454545454,0.5,1.0,1.0,0.38333333333333336,0.5408348457350273,0.0
20260621_132802_002f9dab,20260621_132802_002f9dab_g0000,0,1764518017,2,24,24,24,1,2,BLUE,pool_l45_100ms,1,4,[4],0,79,4,"{""1"": 85, ""2"": 79, ""3"": 83, ""4"": 92}",False,13.0,-40.0,6.0,4.0,5.0,0.0125,181.0,53.875,168.75,11.0,13.0,27.75,74.5,42.5,1483.0,181.75,6.0,15.0,58.0,1.0,1.0,2.0,6.0,5.0,0.0,0.0,0.0,24.0,24.0,0.2975,0.2857142857142857,0.0096,0.0096,0.075,0.3409090909090909,0.6590909090909091,0.325,1.0,1.0,0.4416666666666667,0.38596491228070173,0.0
20260621_132802_002f9dab,20260621_132802_002f9dab_g0000,0,1764518017,2,24,24,24,1,3,YELLOW,pool_l9_partial_200ms,2,4,[4],0,83,3,"{""1"": 85, ""2"": 79, ""3"": 83, ""4"": 92}",False,12.0,-42.0,5.0,3.0,5.0,0.0125,265.0,69.0,232.0,12.0,13.0,30.75,100.0,76.25,1399.0,244.0,6.0,15.0,58.0,1.0,1.0,2.0,6.0,5.0,0.0,0.0,0.0,24.0,24.0,0.2975,0.2857142857142857,0.0096,0.0096,0.075,0.3409090909090909,0.6590909090909091,0.3,1.0,1.0,0.45,0.39473684210526316,0.0
20260621_132802_002f9dab,20260621_132802_002f9dab_g0000,0,1764518017,2,24,24,24,1,4,GREEN,pool_peer_500ms,3,4,[4],1,92,1,"{""1"": 85, ""2"": 79, ""3"": 83, ""4"": 92}",False,21.0,-24.0,0.0,9.0,5.0,0.0125,592.0,165.25,583.875,21.0,30.0,75.0,253.5,204.375,1072.0,604.875,6.0,15.0,58.0,1.0,1.0,2.0,6.0,5.0,1.0,0.0,0.0,24.0,24.0,0.2975,0.2857142857142857,0.0096,0.0096,0.075,0.3409090909090909,0.6590909090909091,0.525,1.0,1.0,0.375,0.5859649122807018,0.0
20260621_132802_002f9dab,20260621_132802_002f9dab_g0000,0,1764518017,3,32,32,32,1,1,RED,champion,0,4,[4],0,85,2,"{""1"": 85, ""2"": 79, ""3"": 83, ""4"": 92}",False,27.0,-24.0,1.0,17.0,6.0,0.015,379.0,115.125,386.125,21.0,29.0,58.5,92.0,185.625,596.0,413.125,8.0,13.0,51.0,1.0,1.0,2.0,3.0,6.0,1.0,0.0,0.0,32.0,32.0,0.3925,0.38095238095238093,0.0128,0.0128,0.0925,0.42045454545454547,0.5795454545454546,0.675,1.0,1.0,0.425,0.530583214793741,0.0
20260621_132802_002f9dab,20260621_132802_002f9dab_g0000,0,1764518017,3,32,32,32,1,2,BLUE,pool_l45_100ms,1,4,[4],0,79,4,"{""1"": 85, ""2"": 79, ""3"": 83, ""4"": 92}",False,14.0,-50.0,6.0,10.0,6.0,0.015,121.0,41.875,118.125,12.0,12.0,19.5,49.0,25.625,854.0,132.125,8.0,13.0,48.0,1.0,1.0,2.0,6.0,3.0,0.0,0.0,0.0,32.0,32.0,0.3925,0.38095238095238093,0.0128,0.0128,0.1,0.45454545454545453,0.5454545454545454,0.35,1.0,1.0,0.5333333333333333,0.4223684210526316,0.0
20260621_132802_002f9dab,20260621_132802_002f9dab_g0000,0,1764518017,3,32,32,32,1,3,YELLOW,pool_l9_partial_200ms,2,4,[4],0,83,3,"{""1"": 85, ""2"": 79, ""3"": 83, ""4"": 92}",False,14.0,-50.0,1.0,11.0,6.0,0.015,101.0,37.625,100.625,13.0,9.0,16.5,44.0,18.125,874.0,114.625,8.0,13.0,48.0,1.0,1.0,2.0,6.0,3.0,0.0,0.0,0.0,32.0,32.0,0.3925,0.38095238095238093,0.0128,0.0128,0.1,0.45454545454545453,0.5454545454545454,0.35,1.0,1.0,0.5333333333333333,0.4552631578947368,0.0
20260621_132802_002f9dab,20260621_132802_002f9dab_g0000,0,1764518017,3,32,32,32,1,4,GREEN,pool_peer_500ms,3,4,[4],1,92,1,"{""1"": 85, ""2"": 79, ""3"": 83, ""4"": 92}",False,23.0,-32.0,0.0,18.0,6.0,0.015,374.0,111.375,351.0,21.0,25.0,60.0,177.5,67.5,601.0,374.0,8.0,13.0,48.0,1.0,1.0,2.0,6.0,3.0,0.0,0.0,0.0,32.0,32.0,0.3925,0.38095238095238093,0.0128,0.0128,0.1,0.45454545454545453,0.5454545454545454,0.575,1.0,1.0,0.4583333333333333,0.6144736842105263,0.0
20260621_132802_002f9dab,20260621_132802_002f9dab_g0000,0,1764518017,4,40,40,40,1,1,RED,champion,0,4,[4],0,85,2,"{""1"": 85, ""2"": 79, ""3"": 83, ""4"": 92}",False,32.0,-25.0,1.0,22.0,14.0,0.035,204.0,80.5,222.0,24.0,28.0,48.0,42.0,80.0,316.0,254.0,10.0,11.0,42.0,1.0,1.0,2.0,2.0,5.0,1.0,0.0,0.0,40.0,40.0,0.4875,0.47619047619047616,0.016,0.016,0.115,0.5227272727272727,0.4772727272727273,0.8,1.0,1.0,0.475,0.5354691075514875,0.0
20260621_132802_002f9dab,20260621_132802_002f9dab_g0000,0,1764518017,4,40,40,40,1,2,BLUE,pool_l45_100ms,1,4,[4],0,79,4,"{""1"": 85, ""2"": 79, ""3"": 83, ""4"": 92}",False,16.0,-57.0,6.0,14.0,14.0,0.035,78.0,33.0,74.0,14.0,12.0,15.0,28.0,5.0,442.0,90.0,10.0,11.0,38.0,1.0,1.0,2.0,6.0,1.0,0.0,0.0,0.0,40.0,40.0,0.4875,0.47619047619047616,0.016,0.016,0.125,0.5681818181818182,0.4318181818181818,0.4,1.0,1.0,0.6083333333333333,0.4063157894736843,0.0
20260621_132802_002f9dab,20260621_132802_002f9dab_g0000,0,1764518017,4,40,40,40,1,3,YELLOW,pool_l9_partial_200ms,2,4,[4],0,83,3,"{""1"": 85, ""2"": 79, ""3"": 83, ""4"": 92}",False,15.0,-59.0,1.0,21.0,14.0,0.035,53.0,24.75,51.875,13.0,6.0,8.25,21.5,3.125,467.0,66.875,10.0,11.0,38.0,1.0,1.0,2.0,6.0,1.0,0.0,0.0,0.0,40.0,40.0,0.4875,0.47619047619047616,0.016,0.016,0.125,0.5681818181818182,0.4318181818181818,0.375,1.0,1.0,0.6166666666666667,0.43999999999999995,0.0
20260621_132802_002f9dab,20260621_132802_002f9dab_g0000,0,1764518017,4,40,40,40,1,4,GREEN,pool_peer_500ms,3,4,[4],1,92,1,"{""1"": 85, ""2"": 79, ""3"": 83, ""4"": 92}",False,26.0,-37.0,0.0,33.0,14.0,0.035,185.0,66.625,184.0,19.0,16.0,37.5,96.5,15.0,335.0,210.0,10.0,11.0,39.0,1.0,1.0,2.0,5.0,2.0,0.0,0.0,0.0,40.0,40.0,0.4875,0.47619047619047616,0.016,0.016,0.1225,0.5568181818181818,0.4431818181818182,0.65,1.0,1.0,0.525,0.6154672395273899,0.0
20260621_132802_002f9dab,20260621_132802_002f9dab_g0000,0,1764518017,5,48,48,48,1,1,RED,champion,0,4,[4],0,85,2,"{""1"": 85, ""2"": 79, ""3"": 83, ""4"": 92}",False,35.0,-21.0,1.0,35.0,16.0,0.04,77.0,46.875,85.875,25.0,21.0,21.0,12.0,6.875,135.0,120.875,12.0,9.0,32.0,1.0,1.0,2.0,2.0,3.0,0.0,0.0,0.0,48.0,48.0,0.5775,0.5714285714285714,0.0192,0.0192,0.14,0.6363636363636364,0.36363636363636365,0.875,1.0,1.0,0.4666666666666667,0.493421052631579,0.0
20260621_132802_002f9dab,20260621_132802_002f9dab_g0000,0,1764518017,5,48,48,48,1,2,BLUE,pool_l45_100ms,1,4,[4],0,79,4,"{""1"": 85, ""2"": 79, ""3"": 83, ""4"": 92}",False,15.0,-61.0,6.0,21.0,16.0,0.04,38.0,21.75,37.75,12.0,10.0,9.75,6.0,0.0,174.0,52.75,12.0,9.0,29.0,1.0,1.0,2.0,5.0,0.0,0.0,0.0,0.0,48.0,48.0,0.5775,0.5714285714285714,0.0192,0.0192,0.1475,0.6704545454545454,0.32954545454545453,0.375,0.9833333333333333,0.8,0.6333333333333333,0.40945584299732385,0.0
20260621_132802_002f9dab,20260621_132802_002f9dab_g0000,0,1764518017,5,48,48,48,1,3,YELLOW,pool_l9_partial_200ms,2,4,[4],0,83,3,"{""1"": 85, ""2"": 79, ""3"": 83, ""4"": 92}",False,11.0,-69.0,1.0,33.0,16.0,0.04,24.0,10.75,20.625,7.0,1.0,3.0,6.5,3.125,188.0,31.625,12.0,9.0,30.0,1.0,1.0,2.0,4.0,1.0,0.0,0.0,0.0,48.0,48.0,0.5775,0.5714285714285714,0.0192,0.0192,0.145,0.6590909090909091,0.3409090909090909,0.275,0.9166666666666666,1.0,0.6666666666666667,0.43194192377495466,0.0
20260621_132802_002f9dab,20260621_132802_002f9dab_g0000,0,1764518017,5,48,48,48,1,4,GREEN,pool_peer_500ms,3,4,[4],1,92,1,"{""1"": 85, ""2"": 79, ""3"": 83, ""4"": 92}",False,30.0,-31.0,0.0,44.0,16.0,0.04,73.0,39.25,82.75,18.0,14.0,20.25,28.0,2.5,139.0,112.75,12.0,9.0,30.0,1.0,1.0,2.0,4.0,1.0,0.0,0.0,0.0,48.0,48.0,0.5775,0.5714285714285714,0.0192,0.0192,0.145,0.6590909090909091,0.3409090909090909,0.75,1.0,1.0,0.5083333333333333,0.6007259528130671,0.0
20260621_132802_002f9dab,20260621_132802_002f9dab_g0000,0,1764518017,6,56,56,56,1,1,RED,champion,0,4,[4],0,85,2,"{""1"": 85, ""2"": 79, ""3"": 83, ""4"": 92}",False,35.0,-20.0,1.0,46.0,22.0,0.055,31.0,22.5,32.5,18.0,0.0,10.5,4.0,0.0,51.0,67.5,14.0,7.0,25.0,1.0,0.0,2.0,2.0,2.0,0.0,0.0,0.0,56.0,56.0,0.6525,0.6666666666666666,0.0224,0.0224,0.1575,0.7159090909090909,0.2840909090909091,0.875,1.0,1.0,0.4583333333333333,0.468671679197995,0.0
20260621_132802_002f9dab,20260621_132802_002f9dab_g0000,0,1764518017,6,56,56,56,1,2,BLUE,pool_l45_100ms,1,4,[4],0,79,4,"{""1"": 85, ""2"": 79, ""3"": 83, ""4"": 92}",False,13.0,-64.0,6.0,35.0,22.0,0.055,9.0,8.5,9.0,8.0,1.0,0.0,0.0,0.0,73.0,22.0,14.0,7.0,21.0,1.0,1.0,2.0,3.0,0.0,0.0,0.0,0.0,56.0,56.0,0.6525,0.6666666666666666,0.0224,0.0224,0.1675,0.7613636363636364,0.23863636363636365,0.325,0.6833333333333333,0.8,0.6416666666666667,0.410840534171249,0.0
20260621_132802_002f9dab,20260621_132802_002f9dab_g0000,0,1764518017,6,56,56,56,1,3,YELLOW,pool_l9_partial_200ms,2,4,[4],0,83,3,"{""1"": 85, ""2"": 79, ""3"": 83, ""4"": 92}",False,11.0,-68.0,1.0,39.0,22.0,0.055,10.0,8.125,10.0,7.0,1.0,1.5,0.5,0.0,72.0,21.0,14.0,7.0,22.0,1.0,1.0,2.0,2.0,1.0,0.0,0.0,0.0,56.0,56.0,0.6525,0.6666666666666666,0.0224,0.0224,0.165,0.75,0.25,0.275,0.35,1.0,0.6583333333333333,0.42344497607655496,0.0
20260621_132802_002f9dab,20260621_132802_002f9dab_g0000,0,1764518017,6,56,56,56,1,4,GREEN,pool_peer_500ms,3,4,[4],1,92,1,"{""1"": 85, ""2"": 79, ""3"": 83, ""4"": 92}",False,31.0,-28.0,0.0,49.0,22.0,0.055,32.0,24.5,33.5,18.0,9.0,4.5,2.0,0.0,50.0,64.5,14.0,7.0,23.0,1.0,1.0,1.0,3.0,1.0,0.0,0.0,0.0,56.0,56.0,0.6525,0.6666666666666666,0.0224,0.0224,0.1625,0.7386363636363636,0.26136363636363635,0.775,1.0,1.0,0.4916666666666667,0.6000000000000001,0.0
20260621_132802_002f9dab,20260621_132802_002f9dab_g0000,0,1764518017,7,64,64,64,1,1,RED,champion,0,4,[4],0,85,2,"{""1"": 85, ""2"": 79, ""3"": 83, ""4"": 92}",False,35.0,-21.0,1.0,52.0,25.0,0.0625,5.0,1.5,4.5,0.0,0.0,4.5,0.0,0.0,31.0,39.5,16.0,5.0,20.0,0.0,0.0,2.0,1.0,2.0,0.0,0.0,0.0,64.0,64.0,0.705,0.7619047619047619,0.0256,0.0256,0.17,0.7727272727272727,0.22727272727272727,0.875,0.8333333333333334,1.0,0.4666666666666667,0.45820433436532504,0.0
20260621_132802_002f9dab,20260621_132802_002f9dab_g0000,0,1764518017,7,64,64,64,1,2,BLUE,pool_l45_100ms,1,4,[4],0,79,4,"{""1"": 85, ""2"": 79, ""3"": 83, ""4"": 92}",False,14.0,-63.0,6.0,42.0,25.0,0.0625,3.0,1.25,2.75,0.0,2.0,0.75,0.0,0.0,33.0,16.75,16.0,5.0,16.0,0.0,1.0,2.0,2.0,0.0,0.0,0.0,0.0,64.0,64.0,0.705,0.7619047619047619,0.0256,0.0256,0.18,0.8181818181818182,0.18181818181818182,0.35,0.4,0.8,0.6416666666666667,0.39254385964912286,0.0
20260621_132802_002f9dab,20260621_132802_002f9dab_g0000,0,1764518017,7,64,64,64,1,3,YELLOW,pool_l9_partial_200ms,2,4,[4],0,83,3,"{""1"": 85, ""2"": 79, ""3"": 83, ""4"": 92}",False,11.0,-69.0,1.0,51.0,25.0,0.0625,3.0,1.125,3.0,0.0,1.0,1.5,0.5,0.0,33.0,14.0,16.0,5.0,18.0,0.0,1.0,1.0,2.0,1.0,0.0,0.0,0.0,64.0,64.0,0.705,0.7619047619047619,0.0256,0.0256,0.175,0.7954545454545454,0.20454545454545456,0.275,0.2833333333333333,1.0,0.6666666666666667,0.4375939849624061,0.0
20260621_132802_002f9dab,20260621_132802_002f9dab_g0000,0,1764518017,7,64,64,64,1,4,GREEN,pool_peer_500ms,3,4,[4],1,92,1,"{""1"": 85, ""2"": 79, ""3"": 83, ""4"": 92}",False,31.0,-29.0,0.0,60.0,25.0,0.0625,25.0,21.5,25.0,18.0,7.0,0.0,0.0,0.0,11.0,56.0,16.0,5.0,16.0,1.0,1.0,0.0,2.0,1.0,0.0,0.0,0.0,64.0,64.0,0.705,0.7619047619047619,0.0256,0.0256,0.18,0.8181818181818182,0.18181818181818182,0.775,0.95,1.0,0.5,0.5964912280701754,0.0
20260621_132802_002f9dab,20260621_132802_002f9dab_g0001,1,1945995592,0,8,8,8,1,1,RED,pool_l45_100ms,0,3,[3],0,85,3,"{""1"": 85, ""2"": 93, ""3"": 94, ""4"": 70}",False,6.0,-16.0,9.0,0.0,4.0,0.01,388.0,90.5,366.25,6.0,10.0,28.5,113.0,208.75,1362.0,372.25,2.0,19.0,78.0,1.0,1.0,2.0,6.0,9.0,1.0,1.0,0.0,8.0,8.0,0.1,0.09523809523809523,0.0032,0.0032,0.025,0.11363636363636363,0.8863636363636364,0.15,1.0,1.0,0.18333333333333332,0.20526315789473681,0.0
20260621_132802_002f9dab,20260621_132802_002f9dab_g0001,1,1945995592,0,8,8,8,1,2,BLUE,pool_l9_partial_200ms,1,3,[3],0,93,2,"{""1"": 85, ""2"": 93, ""3"": 94, ""4"": 70}",False,5.0,-18.0,9.0,0.0,4.0,0.01,327.0,76.25,309.5,5.0,8.0,24.0,95.0,177.5,1423.0,314.5,2.0,19.0,78.0,1.0,1.0,2.0,6.0,9.0,1.0,1.0,0.0,8.0,8.0,0.1,0.09523809523809523,0.0032,0.0032,0.025,0.11363636363636363,0.8863636363636364,0.125,1.0,1.0,0.19166666666666668,0.15263157894736834,0.0
20260621_132802_002f9dab,20260621_132802_002f9dab_g0001,1,1945995592,0,8,8,8,1,3,YELLOW,pool_peer_500ms,2,3,[3],1,94,1,"{""1"": 85, ""2"": 93, ""3"": 94, ""4"": 70}",False,9.0,-10.0,9.0,0.0,4.0,0.01,543.0,122.625,488.75,9.0,15.0,41.25,153.5,270.0,1207.0,497.75,2.0,19.0,78.0,1.0,1.0,2.0,6.0,9.0,1.0,0.0,0.0,8.0,8.0,0.1,0.09523809523809523,0.0032,0.0032,0.025,0.11363636363636363,0.8863636363636364,0.225,1.0,1.0,0.15833333333333333,0.23684210526315785,0.0
20260621_132802_002f9dab,20260621_132802_002f9dab_g0001,1,1945995592,0,8,8,8,1,4,GREEN,champion,3,3,[3],0,70,4,"{""1"": 85, ""2"": 93, ""3"": 94, ""4"": 70}",False,8.0,-12.0,9.0,0.0,4.0,0.01,492.0,126.875,514.25,8.0,14.0,40.5,160.5,291.25,1258.0,522.25,2.0,19.0,78.0,1.0,1.0,2.0,6.0,9.0,1.0,1.0,1.0,8.0,8.0,0.1,0.09523809523809523,0.0032,0.0032,0.025,0.11363636363636363,0.8863636363636364,0.2,1.0,1.0,0.16666666666666669,0.2578947368421053,0.0
20260621_132802_002f9dab,20260621_132802_002f9dab_g0001,1,1945995592,1,16,16,16,1,1,RED,pool_l45_100ms,0,3,[3],0,85,3,"{""1"": 85, ""2"": 93, ""3"": 94, ""4"": 70}",False,10.0,-28.0,7.0,2.0,5.0,0.0125,420.0,100.75,381.0,10.0,15.0,37.5,141.0,177.5,1861.0,391.0,4.0,17.0,68.0,1.0,1.0,2.0,6.0,7.0,1.0,0.0,0.0,16.0,16.0,0.1975,0.19047619047619047,0.0064,0.0064,0.05,0.22727272727272727,0.7727272727272727,0.25,1.0,1.0,0.31666666666666665,0.3236842105263158,0.0
20260621_132802_002f9dab,20260621_132802_002f9dab_g0001,1,1945995592,1,16,16,16,1,2,BLUE,pool_l9_partial_200ms,1,3,[3],0,93,2,"{""1"": 85, ""2"": 93, ""3"": 94, ""4"": 70}",False,9.0,-30.0,6.0,0.0,5.0,0.0125,528.0,122.375,477.5,9.0,16.0,45.0,177.5,230.0,1753.0,486.5,4.0,17.0,68.0,1.0,1.0,2.0,6.0,7.0,1.0,0.0,0.0,16.0,16.0,0.1975,0.19047619047619047,0.0064,0.0064,0.05,0.22727272727272727,0.7727272727272727,0.225,1.0,1.0,0.325,0.3263157894736842,0.0
20260621_132802_002f9dab,20260621_132802_002f9dab_g0001,1,1945995592,1,16,16,16,1,3,YELLOW,pool_peer_500ms,2,3,[3],1,94,1,"{""1"": 85, ""2"": 93, ""3"": 94, ""4"": 70}",False,16.0,-16.0,0.0,0.0,5.0,0.0125,927.0,227.75,895.375,16.0,29.0,83.25,321.5,445.625,1354.0,911.375,4.0,17.0,68.0,1.0,1.0,2.0,6.0,7.0,1.0,0.0,0.0,16.0,16.0,0.1975,0.19047619047619047,0.0064,0.0064,0.05,0.22727272727272727,0.7727272727272727,0.4,1.0,1.0,0.26666666666666666,0.49473684210526314,0.0
20260621_132802_002f9dab,20260621_132802_002f9dab_g0001,1,1945995592,1,16,16,16,1,4,GREEN,champion,3,3,[3],0,70,4,"{""1"": 85, ""2"": 93, ""3"": 94, ""4"": 70}",False,13.0,-22.0,7.0,2.0,5.0,0.0125,406.0,106.25,397.375,13.0,17.0,40.5,117.5,209.375,1875.0,410.375,4.0,17.0,69.0,1.0,1.0,2.0,5.0,8.0,1.0,1.0,0.0,16.0,16.0,0.1975,0.19047619047619047,0.0064,0.0064,0.0475,0.2159090909090909,0.7840909090909091,0.325,1.0,1.0,0.29166666666666663,0.3795013850415513,0.0
20260621_132802_002f9dab,20260621_132802_002f9dab_g0001,1,1945995592,2,24,24,24,1,1,RED,pool_l45_100ms,0,3,[3],0,85,3,"{""1"": 85, ""2"": 93, ""3"": 94, ""4"": 70}",False,15.0,-41.0,4.0,4.0,7.0,0.0175,270.0,73.125,244.875,13.0,15.0,31.5,101.0,84.375,1375.0,259.875,6.0,15.0,58.0,1.0,1.0,2.0,6.0,5.0,0.0,0.0,0.0,24.0,24.0,0.2975,0.2857142857142857,0.0096,0.0096,0.075,0.3409090909090909,0.6590909090909091,0.375,1.0,1.0,0.4666666666666667,0.4035087719298245,0.0
20260621_132802_002f9dab,20260621_132802_002f9dab_g0001,1,1945995592,2,24,24,24,1,2,BLUE,pool_l9_partial_200ms,1,3,[3],0,93,2,"{""1"": 85, ""2"": 93, ""3"": 94, ""4"": 70}",False,15.0,-41.0,1.0,4.0,7.0,0.0175,406.0,102.875,360.5,14.0,19.0,45.0,157.5,125.0,1239.0,375.5,6.0,15.0,58.0,1.0,1.0,2.0,6.0,5.0,0.0,0.0,0.0,24.0,24.0,0.2975,0.2857142857142857,0.0096,0.0096,0.075,0.3409090909090909,0.6590909090909091,0.375,1.0,1.0,0.4666666666666667,0.4385964912280702,0.0
20260621_132802_002f9dab,20260621_132802_002f9dab_g0001,1,1945995592,2,24,24,24,1,3,YELLOW,pool_peer_500ms,2,3,[3],1,94,1,"{""1"": 85, ""2"": 93, ""3"": 94, ""4"": 70}",False,21.0,-29.0,0.0,4.0,7.0,0.0175,691.0,189.875,687.25,21.0,33.0,84.0,290.5,258.75,954.0,708.25,6.0,15.0,58.0,1.0,1.0,2.0,6.0,5.0,1.0,0.0,0.0,24.0,24.0,0.2975,0.2857142857142857,0.0096,0.0096,0.075,0.3409090909090909,0.6590909090909091,0.525,1.0,1.0,0.4166666666666667,0.5894736842105264,0.0
20260621_132802_002f9dab,20260621_132802_002f9dab_g0001,1,1945995592,2,24,24,24,1,4,GREEN,champion,3,3,[3],0,70,4,"{""1"": 85, ""2"": 93, ""3"": 94, ""4"": 70}",False,20.0,-31.0,4.0,3.0,7.0,0.0175,278.0,87.875,281.0,19.0,21.0,39.0,99.5,102.5,1367.0,301.0,6.0,15.0,59.0,1.0,1.0,2.0,5.0,6.0,1.0,0.0,0.0,24.0,24.0,0.2975,0.2857142857142857,0.0096,0.0096,0.0725,0.32954545454545453,0.6704545454545454,0.5,1.0,1.0,0.425,0.42105263157894735,0.0
20260621_132802_002f9dab,20260621_132802_002f9dab_g0001,1,1945995592,3,32,32,32,1,1,RED,pool_l45_100ms,0,3,[3],0,85,3,"{""1"": 85, ""2"": 93, ""3"": 94, ""4"": 70}",False,16.0,-55.0,1.0,9.0,7.0,0.0175,53.0,26.375,54.75,13.0,9.0,11.25,16.5,5.0,653.0,70.75,8.0,13.0,48.0,1.0,1.0,2.0,6.0,3.0,0.0,0.0,0.0,32.0,32.0,0.3925,0.38095238095238093,0.0128,0.0128,0.1,0.45454545454545453,0.5454545454545454,0.4,1.0,1.0,0.5916666666666667,0.47894736842105257,0.0
20260621_132802_002f9dab,20260621_132802_002f9dab_g0001,1,1945995592,3,32,32,32,1,2,BLUE,pool_l9_partial_200ms,1,3,[3],0,93,2,"{""1"": 85, ""2"": 93, ""3"": 94, ""4"": 70}",False,17.0,-53.0,1.0,11.0,7.0,0.0175,125.0,44.25,116.125,15.0,14.0,18.0,48.5,20.625,581.0,133.125,8.0,13.0,48.0,1.0,1.0,2.0,6.0,3.0,0.0,0.0,0.0,32.0,32.0,0.3925,0.38095238095238093,0.0128,0.0128,0.1,0.45454545454545453,0.5454545454545454,0.425,1.0,1.0,0.5833333333333333,0.49078947368421044,0.0
20260621_132802_002f9dab,20260621_132802_002f9dab_g0001,1,1945995592,3,32,32,32,1,3,YELLOW,pool_peer_500ms,2,3,[3],1,94,1,"{""1"": 85, ""2"": 93, ""3"": 94, ""4"": 70}",False,28.0,-31.0,0.0,14.0,7.0,0.0175,309.0,99.0,299.75,24.0,26.0,48.0,113.0,88.75,397.0,327.75,8.0,13.0,49.0,1.0,1.0,2.0,5.0,4.0,0.0,0.0,0.0,32.0,32.0,0.3925,0.38095238095238093,0.0128,0.0128,0.0975,0.4431818181818182,0.5568181818181818,0.7,1.0,1.0,0.4916666666666667,0.5789473684210527,0.0
20260621_132802_002f9dab,20260621_132802_002f9dab_g0001,1,1945995592,3,32,32,32,1,4,GREEN,champion,3,3,[3],0,70,4,"{""1"": 85, ""2"": 93, ""3"": 94, ""4"": 70}",False,26.0,-35.0,4.0,8.0,7.0,0.0175,219.0,83.875,237.875,25.0,24.0,40.5,74.0,74.375,487.0,263.875,8.0,13.0,50.0,1.0,1.0,2.0,4.0,5.0,1.0,0.0,0.0,32.0,32.0,0.3925,0.38095238095238093,0.0128,0.0128,0.095,0.4318181818181818,0.5681818181818182,0.65,1.0,1.0,0.5083333333333333,0.461218836565097,0.0
20260621_132802_002f9dab,20260621_132802_002f9dab_g0001,1,1945995592,4,40,40,40,1,1,RED,pool_l45_100ms,0,3,[3],0,85,3,"{""1"": 85, ""2"": 93, ""3"": 94, ""4"": 70}",False,15.0,-60.0,1.0,15.0,14.0,0.035,45.0,20.75,45.75,10.0,5.0,8.25,20.0,2.5,217.0,60.75,10.0,11.0,38.0,1.0,1.0,2.0,6.0,1.0,0.0,0.0,0.0,40.0,40.0,0.4875,0.47619047619047616,0.016,0.016,0.125,0.5681818181818182,0.4318181818181818,0.375,1.0,1.0,0.625,0.4831578947368421,0.0
20260621_132802_002f9dab,20260621_132802_002f9dab_g0001,1,1945995592,4,40,40,40,1,2,BLUE,pool_l9_partial_200ms,1,3,[3],0,93,2,"{""1"": 85, ""2"": 93, ""3"": 94, ""4"": 70}",False,19.0,-52.0,1.0,21.0,14.0,0.035,45.0,26.25,43.5,16.0,11.0,7.5,9.0,0.0,217.0,62.5,10.0,11.0,38.0,1.0,1.0,2.0,6.0,1.0,0.0,0.0,0.0,40.0,40.0,0.4875,0.47619047619047616,0.016,0.016,0.125,0.5681818181818182,0.4318181818181818,0.475,1.0,1.0,0.5916666666666667,0.48526315789473684,0.0
20260621_132802_002f9dab,20260621_132802_002f9dab_g0001,1,1945995592,4,40,40,40,1,3,YELLOW,pool_peer_500ms,2,3,[3],1,94,1,"{""1"": 85, ""2"": 93, ""3"": 94, ""4"": 70}",False,28.0,-34.0,0.0,25.0,14.0,0.035,82.0,40.875,81.75,21.0,15.0,16.5,20.5,8.75,180.0,109.75,10.0,11.0,40.0,1.0,1.0,2.0,4.0,3.0,0.0,0.0,0.0,40.0,40.0,0.4875,0.47619047619047616,0.016,0.016,0.12,0.5454545454545454,0.45454545454545453,0.7,1.0,1.0,0.5166666666666667,0.5844298245614035,0.0
20260621_132802_002f9dab,20260621_132802_002f9dab_g0001,1,1945995592,4,40,40,40,1,4,GREEN,champion,3,3,[3],0,70,4,"{""1"": 85, ""2"": 93, ""3"": 94, ""4"": 70}",False,28.0,-34.0,4.0,14.0,14.0,0.035,90.0,47.75,94.75,23.0,20.0,25.5,20.0,6.25,172.0,122.75,10.0,11.0,41.0,1.0,1.0,2.0,3.0,4.0,1.0,0.0,0.0,40.0,40.0,0.4875,0.47619047619047616,0.016,0.016,0.1175,0.5340909090909091,0.4659090909090909,0.7,1.0,1.0,0.5166666666666667,0.4423292273236282,0.0
20260621_132802_002f9dab,20260621_132802_002f9dab_g0001,1,1945995592,5,48,48,48,1,1,RED,pool_l45_100ms,0,3,[3],0,85,3,"{""1"": 85, ""2"": 93, ""3"": 94, ""4"": 70}",False,12.0,-61.0,1.0,19.0,32.0,0.08,9.0,8.0,9.5,7.0,1.0,1.5,0.0,0.0,116.0,21.5,12.0,9.0,29.0,1.0,1.0,2.0,5.0,0.0,0.0,0.0,0.0,48.0,48.0,0.565,0.5714285714285714,0.0192,0.0192,0.1475,0.6704545454545454,0.32954545454545453,0.3,0.7,0.8,0.6083333333333333,0.45227475468331846,0.0
20260621_132802_002f9dab,20260621_132802_002f9dab_g0001,1,1945995592,5,48,48,48,1,2,BLUE,pool_l9_partial_200ms,1,3,[3],0,93,2,"{""1"": 85, ""2"": 93, ""3"": 94, ""4"": 70}",False,14.0,-57.0,1.0,27.0,32.0,0.08,26.0,15.625,25.875,10.0,5.0,5.25,5.0,0.625,99.0,39.875,12.0,9.0,30.0,1.0,1.0,2.0,4.0,1.0,0.0,0.0,0.0,48.0,48.0,0.565,0.5714285714285714,0.0192,0.0192,0.145,0.6590909090909091,0.3409090909090909,0.35,1.0,1.0,0.5916666666666667,0.4863883847549909,0.0
20260621_132802_002f9dab,20260621_132802_002f9dab_g0001,1,1945995592,5,48,48,48,1,3,YELLOW,pool_peer_500ms,2,3,[3],1,94,1,"{""1"": 85, ""2"": 93, ""3"": 94, ""4"": 70}",False,31.0,-23.0,0.0,33.0,32.0,0.08,56.0,32.375,55.375,21.0,11.0,6.75,6.0,10.625,69.0,86.375,12.0,9.0,33.0,1.0,1.0,1.0,3.0,3.0,0.0,0.0,0.0,48.0,48.0,0.565,0.5714285714285714,0.0192,0.0192,0.1375,0.625,0.375,0.775,1.0,1.0,0.45,0.5875598086124403,0.0
20260621_132802_002f9dab,20260621_132802_002f9dab_g0001,1,1945995592,5,48,48,48,1,4,GREEN,champion,3,3,[3],0,70,4,"{""1"": 85, ""2"": 93, ""3"": 94, ""4"": 70}",False,28.0,-29.0,4.0,29.0,32.0,0.08,34.0,25.625,37.625,18.0,10.0,3.0,6.0,0.625,91.0,65.625,12.0,9.0,34.0,1.0,1.0,1.0,2.0,4.0,1.0,0.0,0.0,48.0,48.0,0.565,0.5714285714285714,0.0192,0.0192,0.135,0.6136363636363636,0.38636363636363635,0.7,1.0,1.0,0.475,0.4434697855750487,0.0
20260621_132802_002f9dab,20260621_132802_002f9dab_g0001,1,1945995592,6,56,56,56,1,1,RED,pool_l45_100ms,0,3,[3],0,85,3,"{""1"": 85, ""2"": 93, ""3"": 94, ""4"": 70}",False,10.0,-66.0,1.0,32.0,28.0,0.07,2.0,0.625,1.5,0.0,1.0,0.0,0.5,0.0,66.0,11.5,14.0,7.0,25.0,0.0,1.0,1.0,5.0,0.0,0.0,0.0,0.0,56.0,56.0,0.63,0.6666666666666666,0.0224,0.0224,0.1575,0.7159090909090909,0.2840909090909091,0.25,0.38333333333333336,0.8,0.6333333333333333,0.4419381787802841,0.0
20260621_132802_002f9dab,20260621_132802_002f9dab_g0001,1,1945995592,6,56,56,56,1,2,BLUE,pool_l9_partial_200ms,1,3,[3],0,93,2,"{""1"": 85, ""2"": 93, ""3"": 94, ""4"": 70}",False,16.0,-54.0,1.0,38.0,28.0,0.07,24.0,16.375,24.25,11.0,6.0,6.75,0.5,0.0,44.0,40.25,14.0,7.0,21.0,1.0,1.0,2.0,3.0,0.0,0.0,0.0,0.0,56.0,56.0,0.63,0.6666666666666666,0.0224,0.0224,0.1675,0.7613636363636364,0.23863636363636365,0.4,0.75,0.8,0.5833333333333333,0.4870384917517674,0.0
20260621_132802_002f9dab,20260621_132802_002f9dab_g0001,1,1945995592,6,56,56,56,1,3,YELLOW,pool_peer_500ms,2,3,[3],1,94,1,"{""1"": 85, ""2"": 93, ""3"": 94, ""4"": 70}",False,31.0,-24.0,0.0,42.0,28.0,0.07,37.0,27.75,37.75,21.0,9.0,3.75,4.0,0.0,31.0,68.75,14.0,7.0,23.0,1.0,1.0,1.0,3.0,1.0,0.0,0.0,0.0,56.0,56.0,0.63,0.6666666666666666,0.0224,0.0224,0.1625,0.7386363636363636,0.26136363636363635,0.775,1.0,1.0,0.4583333333333333,0.5643724696356275,0.0
20260621_132802_002f9dab,20260621_132802_002f9dab_g0001,1,1945995592,6,56,56,56,1,4,GREEN,champion,3,3,[3],0,70,4,"{""1"": 85, ""2"": 93, ""3"": 94, ""4"": 70}",False,29.0,-28.0,4.0,41.0,28.0,0.07,5.0,1.875,6.125,0.0,0.0,4.5,1.0,0.625,63.0,35.125,14.0,7.0,31.0,0.0,0.0,1.0,2.0,4.0,1.0,0.0,0.0,56.0,56.0,0.63,0.6666666666666666,0.0224,0.0224,0.1425,0.6477272727272727,0.3522727272727273,0.725,0.7833333333333333,1.0,0.475,0.45614035087719296,0.0
20260621_132802_002f9dab,20260621_132802_002f9dab_g0001,1,1945995592,7,64,64,64,1,1,RED,pool_l45_100ms,0,3,[3],0,85,3,"{""1"": 85, ""2"": 93, ""3"": 94, ""4"": 70}",False,8.0,-61.0,0.0,48.0,23.0,0.0575,0.0,0.0,0.0,0.0,0.0,0.0,0.0,0.0,58.0,8.0,16.0,5.0,18.0,0.0,1.0,0.0,4.0,0.0,0.0,0.0,0.0,64.0,64.0,0.7,0.7619047619047619,0.0256,0.0256,0.175,0.7954545454545454,0.20454545454545456,0.2,0.23333333333333334,0.8,0.575,0.48195488721804514,0.0
20260621_132802_002f9dab,20260621_132802_002f9dab_g0001,1,1945995592,7,64,64,64,1,2,BLUE,pool_l9_partial_200ms,1,3,[3],0,93,2,"{""1"": 85, ""2"": 93, ""3"": 94, ""4"": 70}",False,15.0,-47.0,1.0,57.0,23.0,0.0575,19.0,13.0,18.0,9.0,6.0,3.0,0.0,0.0,39.0,33.0,16.0,5.0,14.0,1.0,1.0,1.0,2.0,0.0,0.0,0.0,0.0,64.0,64.0,0.7,0.7619047619047619,0.0256,0.0256,0.185,0.8409090909090909,0.1590909090909091,0.375,0.6333333333333333,0.8,0.5166666666666667,0.4765291607396871,0.0
20260621_132802_002f9dab,20260621_132802_002f9dab_g0001,1,1945995592,7,64,64,64,1,3,YELLOW,pool_peer_500ms,2,3,[3],1,94,1,"{""1"": 85, ""2"": 93, ""3"": 94, ""4"": 70}",False,31.0,-15.0,0.0,53.0,23.0,0.0575,39.0,23.25,36.75,18.0,0.0,7.5,10.0,1.25,19.0,67.75,16.0,5.0,17.0,1.0,0.0,1.0,2.0,1.0,0.0,0.0,0.0,64.0,64.0,0.7,0.7619047619047619,0.0256,0.0256,0.1775,0.8068181818181818,0.19318181818181818,0.775,0.9666666666666667,1.0,0.38333333333333336,0.5396590066716087,0.0
20260621_132802_002f9dab,20260621_132802_002f9dab_g0001,1,1945995592,7,64,64,64,1,4,GREEN,champion,3,3,[3],0,70,4,"{""1"": 85, ""2"": 93, ""3"": 94, ""4"": 70}",False,23.0,-31.0,4.0,50.0,23.0,0.0575,0.0,0.0,0.0,0.0,0.0,0.0,0.0,0.0,58.0,23.0,16.0,5.0,23.0,0.0,0.0,0.0,2.0,3.0,1.0,0.0,0.0,64.0,64.0,0.7,0.7619047619047619,0.0256,0.0256,0.1625,0.7386363636363636,0.26136363636363635,0.575,0.6333333333333333,1.0,0.45,0.4688259109311741,0.0
20260621_132802_002f9dab,20260621_132802_002f9dab_g0002,2,1746658123,0,8,8,8,1,1,RED,pool_l9_partial_200ms,0,2,[2],0,97,2,"{""1"": 97, ""2"": 122, ""3"": 86, ""4"": 53}",False,6.0,-18.0,9.0,0.0,1.0,0.0025,388.0,90.5,366.25,6.0,10.0,28.5,113.0,208.75,1363.0,372.25,2.0,19.0,78.0,1.0,1.0,2.0,6.0,9.0,1.0,1.0,0.0,8.0,8.0,0.0975,0.09523809523809523,0.0032,0.0032,0.025,0.11363636363636363,0.8863636363636364,0.15,1.0,1.0,0.2,0.20526315789473681,0.0
20260621_132802_002f9dab,20260621_132802_002f9dab_g0002,2,1746658123,0,8,8,8,1,2,BLUE,pool_peer_500ms,1,2,[2],1,122,1,"{""1"": 97, ""2"": 122, ""3"": 86, ""4"": 53}",False,9.0,-12.0,9.0,0.0,1.0,0.0025,543.0,122.625,488.75,9.0,15.0,41.25,153.5,270.0,1208.0,497.75,2.0,19.0,78.0,1.0,1.0,2.0,6.0,9.0,1.0,0.0,0.0,8.0,8.0,0.0975,0.09523809523809523,0.0032,0.0032,0.025,0.11363636363636363,0.8863636363636364,0.225,1.0,1.0,0.175,0.23684210526315785,0.0
20260621_132802_002f9dab,20260621_132802_002f9dab_g0002,2,1746658123,0,8,8,8,1,3,YELLOW,champion,2,2,[2],0,86,3,"{""1"": 97, ""2"": 122, ""3"": 86, ""4"": 53}",False,8.0,-14.0,9.0,0.0,1.0,0.0025,376.0,93.25,375.0,8.0,11.0,29.25,93.0,233.75,1375.0,383.0,2.0,19.0,79.0,1.0,1.0,2.0,5.0,10.0,1.0,1.0,1.0,8.0,8.0,0.0975,0.09523809523809523,0.0032,0.0032,0.0225,0.10227272727272728,0.8977272727272727,0.2,1.0,1.0,0.18333333333333332,0.21637426900584789,0.0
20260621_132802_002f9dab,20260621_132802_002f9dab_g0002,2,1746658123,0,8,8,8,1,4,GREEN,pool_l45_100ms,3,2,[2],0,53,4,"{""1"": 97, ""2"": 122, ""3"": 86, ""4"": 53}",False,7.0,-16.0,9.0,0.0,1.0,0.0025,444.0,103.25,415.125,7.0,12.0,33.75,130.5,231.875,1307.0,422.125,2.0,19.0,78.0,1.0,1.0,2.0,6.0,9.0,1.0,1.0,0.0,8.0,8.0,0.0975,0.09523809523809523,0.0032,0.0032,0.025,0.11363636363636363,0.8863636363636364,0.175,1.0,1.0,0.19166666666666668,0.20526315789473681,0.0
20260621_132802_002f9dab,20260621_132802_002f9dab_g0002,2,1746658123,1,16,16,16,1,1,RED,pool_l9_partial_200ms,0,2,[2],0,97,2,"{""1"": 97, ""2"": 122, ""3"": 86, ""4"": 53}",False,10.0,-32.0,7.0,0.0,5.0,0.0125,515.0,119.75,459.75,10.0,17.0,45.0,174.0,213.75,2142.0,469.75,4.0,17.0,68.0,1.0,1.0,2.0,6.0,7.0,1.0,0.0,0.0,16.0,16.0,0.1975,0.19047619047619047,0.0064,0.0064,0.05,0.22727272727272727,0.7727272727272727,0.25,1.0,1.0,0.35,0.3236842105263158,0.0
20260621_132802_002f9dab,20260621_132802_002f9dab_g0002,2,1746658123,1,16,16,16,1,2,BLUE,pool_peer_500ms,1,2,[2],1,122,1,"{""1"": 97, ""2"": 122, ""3"": 86, ""4"": 53}",False,16.0,-20.0,0.0,0.0,5.0,0.0125,867.0,214.75,838.625,16.0,28.0,80.25,302.5,411.875,1790.0,854.625,4.0,17.0,68.0,1.0,1.0,2.0,6.0,7.0,1.0,0.0,0.0,16.0,16.0,0.1975,0.19047619047619047,0.0064,0.0064,0.05,0.22727272727272727,0.7727272727272727,0.4,1.0,1.0,0.3,0.49473684210526314,0.0
20260621_132802_002f9dab,20260621_132802_002f9dab_g0002,2,1746658123,1,16,16,16,1,3,YELLOW,champion,2,2,[2],0,86,3,"{""1"": 97, ""2"": 122, ""3"": 86, ""4"": 53}",False,16.0,-20.0,2.0,0.0,5.0,0.0125,763.0,182.125,710.125,16.0,25.0,69.0,212.0,388.125,1894.0,726.125,4.0,17.0,69.0,1.0,1.0,2.0,5.0,8.0,1.0,0.0,0.0,16.0,16.0,0.1975,0.19047619047619047,0.0064,0.0064,0.0475,0.2159090909090909,0.7840909090909091,0.4,1.0,1.0,0.3,0.44321329639889195,0.0
20260621_132802_002f9dab,20260621_132802_002f9dab_g0002,2,1746658123,1,16,16,16,1,4,GREEN,pool_l45_100ms,3,2,[2],0,53,4,"{""1"": 97, ""2"": 122, ""3"": 86, ""4"": 53}",False,10.0,-32.0,7.0,0.0,5.0,0.0125,512.0,119.125,457.375,10.0,17.0,45.0,171.0,214.375,2145.0,467.375,4.0,17.0,68.0,1.0,1.0,2.0,6.0,7.0,1.0,0.0,0.0,16.0,16.0,0.1975,0.19047619047619047,0.0064,0.0064,0.05,0.22727272727272727,0.7727272727272727,0.25,1.0,1.0,0.35,0.3131578947368421,0.0
20260621_132802_002f9dab,20260621_132802_002f9dab_g0002,2,1746658123,2,24,24,24,1,1,RED,pool_l9_partial_200ms,0,2,[2],0,97,2,"{""1"": 97, ""2"": 122, ""3"": 86, ""4"": 53}",False,14.0,-35.0,4.0,1.0,12.0,0.03,393.0,98.625,347.25,13.0,19.0,42.75,147.5,125.0,1240.0,361.25,6.0,15.0,58.0,1.0,1.0,2.0,6.0,5.0,0.0,0.0,0.0,24.0,24.0,0.2975,0.2857142857142857,0.0096,0.0096,0.075,0.3409090909090909,0.6590909090909091,0.35,1.0,1.0,0.4083333333333333,0.4035087719298245,0.0
20260621_132802_002f9dab,20260621_132802_002f9dab_g0002,2,1746658123,2,24,24,24,1,2,BLUE,pool_peer_500ms,1,2,[2],1,122,1,"{""1"": 97, ""2"": 122, ""3"": 86, ""4"": 53}",False,20.0,-23.0,0.0,6.0,12.0,0.03,756.0,191.25,708.375,18.0,31.0,81.0,301.5,276.875,877.0,728.375,6.0,15.0,58.0,1.0,1.0,2.0,6.0,5.0,0.0,0.0,0.0,24.0,24.0,0.2975,0.2857142857142857,0.0096,0.0096,0.075,0.3409090909090909,0.6590909090909091,0.5,1.0,1.0,0.35833333333333334,0.5929824561403509,0.0
20260621_132802_002f9dab,20260621_132802_002f9dab_g0002,2,1746658123,2,24,24,24,1,3,YELLOW,champion,2,2,[2],0,86,3,"{""1"": 97, ""2"": 122, ""3"": 86, ""4"": 53}",False,18.0,-27.0,2.0,8.0,12.0,0.03,347.0,98.25,346.875,15.0,18.0,41.25,119.5,153.125,1286.0,364.875,6.0,15.0,59.0,1.0,1.0,2.0,5.0,6.0,1.0,0.0,0.0,24.0,24.0,0.2975,0.2857142857142857,0.0096,0.0096,0.0725,0.32954545454545453,0.6704545454545454,0.45,1.0,1.0,0.375,0.5009074410163339,0.0
20260621_132802_002f9dab,20260621_132802_002f9dab_g0002,2,1746658123,2,24,24,24,1,4,GREEN,pool_l45_100ms,3,2,[2],0,53,4,"{""1"": 97, ""2"": 122, ""3"": 86, ""4"": 53}",False,11.0,-41.0,7.0,3.0,12.0,0.03,137.0,39.125,121.375,9.0,9.0,18.75,49.0,35.625,1496.0,132.375,6.0,15.0,58.0,1.0,1.0,2.0,6.0,5.0,0.0,0.0,0.0,24.0,24.0,0.2975,0.2857142857142857,0.0096,0.0096,0.075,0.3409090909090909,0.6590909090909091,0.275,1.0,1.0,0.4333333333333333,0.38245614035087727,0.0
20260621_132802_002f9dab,20260621_132802_002f9dab_g0002,2,1746658123,3,32,32,32,1,1,RED,pool_l9_partial_200ms,0,2,[2],0,97,2,"{""1"": 97, ""2"": 122, ""3"": 86, ""4"": 53}",False,13.0,-45.0,4.0,8.0,10.0,0.025,155.0,50.0,153.0,10.0,14.0,27.0,72.0,30.0,598.0,166.0,8.0,13.0,48.0,1.0,1.0,2.0,6.0,3.0,0.0,0.0,0.0,32.0,32.0,0.395,0.38095238095238093,0.0128,0.0128,0.1,0.45454545454545453,0.5454545454545454,0.325,1.0,1.0,0.4833333333333333,0.4552631578947368,0.0
20260621_132802_002f9dab,20260621_132802_002f9dab_g0002,2,1746658123,3,32,32,32,1,2,BLUE,pool_peer_500ms,1,2,[2],1,122,1,"{""1"": 97, ""2"": 122, ""3"": 86, ""4"": 53}",False,24.0,-23.0,0.0,18.0,10.0,0.025,210.0,69.375,205.375,17.0,18.0,34.5,94.0,41.875,543.0,229.375,8.0,13.0,48.0,1.0,1.0,2.0,6.0,3.0,0.0,0.0,0.0,32.0,32.0,0.395,0.38095238095238093,0.0128,0.0128,0.1,0.45454545454545453,0.5454545454545454,0.6,1.0,1.0,0.39166666666666666,0.5907894736842105,0.0
20260621_132802_002f9dab,20260621_132802_002f9dab_g0002,2,1746658123,3,32,32,32,1,3,YELLOW,champion,2,2,[2],0,86,3,"{""1"": 97, ""2"": 122, ""3"": 86, ""4"": 53}",False,25.0,-21.0,2.0,14.0,10.0,0.025,359.0,106.625,350.25,21.0,24.0,51.75,113.5,140.0,394.0,375.25,8.0,13.0,50.0,1.0,1.0,2.0,4.0,5.0,1.0,0.0,0.0,32.0,32.0,0.395,0.38095238095238093,0.0128,0.0128,0.095,0.4318181818181818,0.5681818181818182,0.625,1.0,1.0,0.38333333333333336,0.5221606648199446,0.0
20260621_132802_002f9dab,20260621_132802_002f9dab_g0002,2,1746658123,3,32,32,32,1,4,GREEN,pool_l45_100ms,3,2,[2],0,53,4,"{""1"": 97, ""2"": 122, ""3"": 86, ""4"": 53}",False,9.0,-53.0,4.0,10.0,10.0,0.025,29.0,14.75,28.75,8.0,5.0,6.0,6.0,3.75,724.0,37.75,8.0,13.0,48.0,1.0,1.0,2.0,6.0,3.0,0.0,0.0,0.0,32.0,32.0,0.395,0.38095238095238093,0.0128,0.0128,0.1,0.45454545454545453,0.5454545454545454,0.225,1.0,1.0,0.5166666666666667,0.4486842105263158,0.0
20260621_132802_002f9dab,20260621_132802_002f9dab_g0002,2,1746658123,4,40,40,40,1,1,RED,pool_l9_partial_200ms,0,2,[2],0,97,2,"{""1"": 97, ""2"": 122, ""3"": 86, ""4"": 53}",False,12.0,-51.0,1.0,11.0,26.0,0.065,59.0,26.0,61.75,9.0,11.0,14.25,25.0,2.5,353.0,73.75,10.0,11.0,38.0,1.0,1.0,2.0,6.0,1.0,0.0,0.0,0.0,40.0,40.0,0.4825,0.47619047619047616,0.016,0.016,0.125,0.5681818181818182,0.4318181818181818,0.3,1.0,1.0,0.525,0.48631578947368426,0.0
20260621_132802_002f9dab,20260621_132802_002f9dab_g0002,2,1746658123,4,40,40,40,1,2,BLUE,pool_peer_500ms,1,2,[2],1,122,1,"{""1"": 97, ""2"": 122, ""3"": 86, ""4"": 53}",False,27.0,-21.0,0.0,28.0,26.0,0.065,149.0,57.25,152.625,18.0,17.0,29.25,66.5,21.875,263.0,179.625,10.0,11.0,39.0,1.0,1.0,2.0,5.0,2.0,0.0,0.0,0.0,40.0,40.0,0.4825,0.47619047619047616,0.016,0.016,0.1225,0.5568181818181818,0.4431818181818182,0.675,1.0,1.0,0.4,0.5767991407089152,0.0
20260621_132802_002f9dab,20260621_132802_002f9dab_g0002,2,1746658123,4,40,40,40,1,3,YELLOW,champion,2,2,[2],0,86,3,"{""1"": 97, ""2"": 122, ""3"": 86, ""4"": 53}",False,30.0,-15.0,2.0,24.0,26.0,0.065,200.0,76.0,212.375,24.0,21.0,39.75,54.5,73.125,212.0,242.375,10.0,11.0,41.0,1.0,1.0,2.0,3.0,4.0,1.0,0.0,0.0,40.0,40.0,0.4825,0.47619047619047616,0.016,0.016,0.1175,0.5340909090909091,0.4659090909090909,0.75,1.0,1.0,0.375,0.471444568868981,0.0
20260621_132802_002f9dab,20260621_132802_002f9dab_g0002,2,1746658123,4,40,40,40,1,4,GREEN,pool_l45_100ms,3,2,[2],0,53,4,"{""1"": 97, ""2"": 122, ""3"": 86, ""4"": 53}",False,6.0,-63.0,4.0,14.0,26.0,0.065,4.0,4.0,4.0,4.0,0.0,0.0,0.0,0.0,408.0,10.0,10.0,11.0,41.0,1.0,0.0,2.0,6.0,2.0,0.0,0.0,0.0,40.0,40.0,0.4825,0.47619047619047616,0.016,0.016,0.1175,0.5340909090909091,0.4659090909090909,0.15,0.5666666666666667,1.0,0.575,0.41769316909294507,0.0
20260621_132802_002f9dab,20260621_132802_002f9dab_g0002,2,1746658123,5,48,48,49,2,1,RED,pool_l9_partial_200ms,0,2,[2],0,97,2,"{""1"": 97, ""2"": 122, ""3"": 86, ""4"": 53}",False,10.0,-54.0,0.0,23.0,54.0,0.135,21.0,12.5,20.25,7.0,7.0,5.25,1.0,0.0,223.0,30.25,13.0,8.0,25.0,1.0,1.0,2.0,4.0,0.0,0.0,0.0,0.0,48.0,49.0,0.565,0.6190476190476191,0.0196,0.0192,0.1575,0.7159090909090909,0.2840909090909091,0.25,0.5833333333333334,0.8,0.5333333333333333,0.493734335839599,0.0
20260621_132802_002f9dab,20260621_132802_002f9dab_g0002,2,1746658123,5,48,48,49,2,2,BLUE,pool_peer_500ms,1,2,[2],1,122,1,"{""1"": 97, ""2"": 122, ""3"": 86, ""4"": 53}",False,28.0,-18.0,0.0,43.0,54.0,0.135,93.0,41.625,99.75,15.0,15.0,23.25,41.5,5.0,151.0,127.75,12.0,9.0,30.0,1.0,1.0,2.0,4.0,1.0,0.0,0.0,0.0,48.0,49.0,0.565,0.5714285714285714,0.0196,0.0192,0.145,0.6590909090909091,0.3409090909090909,0.7,1.0,1.0,0.38333333333333336,0.5716878402903811,0.0
20260621_132802_002f9dab,20260621_132802_002f9dab_g0002,2,1746658123,5,48,48,49,2,3,YELLOW,champion,2,2,[2],0,86,3,"{""1"": 97, ""2"": 122, ""3"": 86, ""4"": 53}",False,31.0,-12.0,2.0,31.0,54.0,0.135,130.0,60.375,138.25,25.0,21.0,33.0,40.5,18.75,114.0,169.25,12.0,9.0,31.0,1.0,1.0,2.0,3.0,2.0,1.0,0.0,0.0,48.0,49.0,0.565,0.5714285714285714,0.0196,0.0192,0.1425,0.6477272727272727,0.3522727272727273,0.775,1.0,1.0,0.35833333333333334,0.46722068328716526,0.0
20260621_132802_002f9dab,20260621_132802_002f9dab_g0002,2,1746658123,5,48,48,49,2,4,GREEN,pool_l45_100ms,3,2,[2],0,53,4,"{""1"": 97, ""2"": 122, ""3"": 86, ""4"": 53}",False,5.0,-64.0,4.0,14.0,54.0,0.135,0.0,0.0,0.0,0.0,0.0,0.0,0.0,0.0,244.0,5.0,11.0,10.0,40.0,0.0,0.0,2.0,6.0,2.0,0.0,0.0,0.0,48.0,49.0,0.565,0.5238095238095238,0.0196,0.0192,0.12,0.5454545454545454,0.45454545454545453,0.125,0.35,1.0,0.575,0.41666666666666663,0.0
20260621_132802_002f9dab,20260621_132802_002f9dab_g0002,2,1746658123,6,56,56,59,4,1,RED,pool_l9_partial_200ms,0,2,[2],0,97,2,"{""1"": 97, ""2"": 122, ""3"": 86, ""4"": 53}",False,9.0,-48.0,0.0,33.0,54.0,0.135,11.0,7.5,10.5,5.0,4.0,1.5,0.0,0.0,58.0,19.5,15.0,6.0,18.0,1.0,1.0,1.0,3.0,0.0,0.0,0.0,0.0,56.0,59.0,0.65,0.7142857142857143,0.0236,0.0224,0.175,0.7954545454545454,0.20454545454545456,0.225,0.36666666666666664,0.8,0.475,0.4917293233082707,0.0
20260621_132802_002f9dab,20260621_132802_002f9dab_g0002,2,1746658123,6,56,56,59,4,2,BLUE,pool_peer_500ms,1,2,[2],1,122,1,"{""1"": 97, ""2"": 122, ""3"": 86, ""4"": 53}",False,28.0,-10.0,0.0,56.0,54.0,0.135,33.0,22.5,32.0,15.0,11.0,6.0,0.0,0.0,36.0,60.0,15.0,6.0,17.0,1.0,1.0,2.0,2.0,0.0,0.0,0.0,0.0,56.0,59.0,0.65,0.7142857142857143,0.0236,0.0224,0.1775,0.8068181818181818,0.19318181818181818,0.7,1.0,0.8,0.31666666666666665,0.5656041512231282,0.0
20260621_132802_002f9dab,20260621_132802_002f9dab_g0002,2,1746658123,6,56,56,59,4,3,YELLOW,champion,2,2,[2],0,86,3,"{""1"": 97, ""2"": 122, ""3"": 86, ""4"": 53}",False,24.0,-18.0,2.0,40.0,54.0,0.135,25.0,20.75,25.25,17.0,6.0,2.25,0.0,0.0,44.0,49.25,15.0,6.0,17.0,1.0,1.0,2.0,2.0,0.0,0.0,0.0,0.0,56.0,59.0,0.65,0.7142857142857143,0.0236,0.0224,0.1775,0.8068181818181818,0.19318181818181818,0.6,0.75,0.8,0.35,0.4529280948851001,0.0
20260621_132802_002f9dab,20260621_132802_002f9dab_g0002,2,1746658123,6,56,56,59,4,4,GREEN,pool_l45_100ms,3,2,[2],0,53,4,"{""1"": 97, ""2"": 122, ""3"": 86, ""4"": 53}",False,5.0,-56.0,4.0,25.0,54.0,0.135,0.0,0.0,0.0,0.0,0.0,0.0,0.0,0.0,69.0,5.0,11.0,10.0,40.0,0.0,0.0,2.0,6.0,2.0,0.0,0.0,0.0,56.0,59.0,0.65,0.5238095238095238,0.0236,0.0224,0.12,0.5454545454545454,0.45454545454545453,0.125,0.2833333333333333,1.0,0.5083333333333333,0.41666666666666663,0.0
20260621_132802_002f9dab,20260621_132802_002f9dab_g0002,2,1746658123,7,64,64,70,3,1,RED,pool_l9_partial_200ms,0,2,[2],0,97,2,"{""1"": 97, ""2"": 122, ""3"": 86, ""4"": 53}",False,7.0,-50.0,0.0,41.0,57.0,0.1425,1.0,0.5,1.0,0.0,1.0,0.0,0.0,0.0,17.0,8.0,18.0,3.0,10.0,0.0,1.0,0.0,2.0,0.0,0.0,0.0,0.0,64.0,70.0,0.7025,0.8571428571428571,0.028,0.0256,0.195,0.8863636363636364,0.11363636363636363,0.175,0.2833333333333333,0.8,0.475,0.5101214574898785,0.0
20260621_132802_002f9dab,20260621_132802_002f9dab_g0002,2,1746658123,7,64,64,70,3,2,BLUE,pool_peer_500ms,1,2,[2],1,122,1,"{""1"": 97, ""2"": 122, ""3"": 86, ""4"": 53}",False,27.0,-10.0,0.0,68.0,57.0,0.1425,12.0,5.625,12.5,0.0,9.0,3.0,0.5,0.0,6.0,39.5,18.0,3.0,9.0,0.0,1.0,1.0,1.0,0.0,0.0,0.0,0.0,64.0,70.0,0.7025,0.8571428571428571,0.028,0.0256,0.1975,0.8977272727272727,0.10227272727272728,0.675,0.6833333333333333,0.8,0.30833333333333335,0.5469686875416389,0.0
20260621_132802_002f9dab,20260621_132802_002f9dab_g0002,2,1746658123,7,64,64,70,3,3,YELLOW,champion,2,2,[2],0,86,3,"{""1"": 97, ""2"": 122, ""3"": 86, ""4"": 53}",False,25.0,-14.0,2.0,55.0,57.0,0.1425,5.0,2.5,5.5,0.0,4.0,1.5,0.0,0.0,13.0,30.5,17.0,4.0,12.0,0.0,1.0,2.0,1.0,0.0,0.0,0.0,0.0,64.0,70.0,0.7025,0.8095238095238095,0.028,0.0256,0.19,0.8636363636363636,0.13636363636363635,0.625,0.6833333333333333,0.8,0.325,0.4729916897506925,0.0
20260621_132802_002f9dab,20260621_132802_002f9dab_g0002,2,1746658123,7,64,64,70,3,4,GREEN,pool_l45_100ms,3,2,[2],0,53,4,"{""1"": 97, ""2"": 122, ""3"": 86, ""4"": 53}",False,5.0,-54.0,4.0,25.0,57.0,0.1425,0.0,0.0,0.0,0.0,0.0,0.0,0.0,0.0,18.0,5.0,11.0,10.0,40.0,0.0,0.0,2.0,6.0,2.0,0.0,0.0,0.0,64.0,70.0,0.7025,0.5238095238095238,0.028,0.0256,0.12,0.5454545454545454,0.45454545454545453,0.125,0.2833333333333333,1.0,0.4916666666666667,0.41666666666666663,0.0
20260621_132802_002f9dab,20260621_132802_002f9dab_g0003,3,1094552919,0,8,8,8,1,1,RED,pool_peer_500ms,0,2,[2],0,92,2,"{""1"": 92, ""2"": 97, ""3"": 64, ""4"": 66}",False,9.0,-13.0,9.0,0.0,0.0,0.0,543.0,122.625,488.75,9.0,15.0,41.25,153.5,270.0,1284.0,497.75,2.0,19.0,78.0,1.0,1.0,2.0,6.0,9.0,1.0,0.0,0.0,8.0,8.0,0.1,0.09523809523809523,0.0032,0.0032,0.025,0.11363636363636363,0.8863636363636364,0.225,1.0,1.0,0.18333333333333332,0.23684210526315785,0.0
20260621_132802_002f9dab,20260621_132802_002f9dab_g0003,3,1094552919,0,8,8,8,1,2,BLUE,champion,1,2,[2],1,97,1,"{""1"": 92, ""2"": 97, ""3"": 64, ""4"": 66}",False,8.0,-15.0,9.0,0.0,0.0,0.0,476.0,122.875,496.375,8.0,14.0,39.75,154.0,280.625,1351.0,504.375,2.0,19.0,78.0,1.0,1.0,2.0,6.0,9.0,1.0,1.0,1.0,8.0,8.0,0.1,0.09523809523809523,0.0032,0.0032,0.025,0.11363636363636363,0.8863636363636364,0.2,1.0,1.0,0.19166666666666668,0.2578947368421053,0.0
20260621_132802_002f9dab,20260621_132802_002f9dab_g0003,3,1094552919,0,8,8,8,1,3,YELLOW,pool_l45_100ms,2,2,[2],0,64,4,"{""1"": 92, ""2"": 97, ""3"": 64, ""4"": 66}",False,7.0,-17.0,9.0,0.0,0.0,0.0,364.0,86.0,341.875,7.0,10.0,27.0,108.5,189.375,1463.0,348.875,2.0,19.0,78.0,1.0,1.0,2.0,6.0,9.0,1.0,1.0,0.0,8.0,8.0,0.1,0.09523809523809523,0.0032,0.0032,0.025,0.11363636363636363,0.8863636363636364,0.175,1.0,1.0,0.2,0.17368421052631577,0.0
20260621_132802_002f9dab,20260621_132802_002f9dab_g0003,3,1094552919,0,8,8,8,1,4,GREEN,pool_l9_partial_200ms,3,2,[2],0,66,3,"{""1"": 92, ""2"": 97, ""3"": 64, ""4"": 66}",False,7.0,-17.0,9.0,0.0,0.0,0.0,444.0,103.25,415.125,7.0,12.0,33.75,130.5,231.875,1383.0,422.125,2.0,19.0,78.0,1.0,1.0,2.0,6.0,9.0,1.0,1.0,0.0,8.0,8.0,0.1,0.09523809523809523,0.0032,0.0032,0.025,0.11363636363636363,0.8863636363636364,0.175,1.0,1.0,0.2,0.20526315789473681,0.0
20260621_132802_002f9dab,20260621_132802_002f9dab_g0003,3,1094552919,1,16,16,16,1,1,RED,pool_peer_500ms,0,2,[2],0,92,2,"{""1"": 92, ""2"": 97, ""3"": 64, ""4"": 66}",False,16.0,-22.0,0.0,0.0,4.0,0.01,848.0,210.75,818.125,16.0,28.0,81.0,302.5,390.625,1696.0,834.125,4.0,17.0,68.0,1.0,1.0,2.0,6.0,7.0,1.0,0.0,0.0,16.0,16.0,0.2,0.19047619047619047,0.0064,0.0064,0.05,0.22727272727272727,0.7727272727272727,0.4,1.0,1.0,0.31666666666666665,0.49473684210526314,0.0
20260621_132802_002f9dab,20260621_132802_002f9dab_g0003,3,1094552919,1,16,16,16,1,2,BLUE,champion,1,2,[2],1,97,1,"{""1"": 92, ""2"": 97, ""3"": 64, ""4"": 66}",False,17.0,-20.0,5.0,0.0,4.0,0.01,746.0,190.125,717.0,17.0,29.0,78.75,278.5,313.75,1798.0,734.0,4.0,17.0,68.0,1.0,1.0,2.0,6.0,7.0,1.0,0.0,0.0,16.0,16.0,0.2,0.19047619047619047,0.0064,0.0064,0.05,0.22727272727272727,0.7727272727272727,0.425,1.0,1.0,0.30833333333333335,0.4,0.0
20260621_132802_002f9dab,20260621_132802_002f9dab_g0003,3,1094552919,1,16,16,16,1,3,YELLOW,pool_l45_100ms,2,2,[2],0,64,4,"{""1"": 92, ""2"": 97, ""3"": 64, ""4"": 66}",False,11.0,-32.0,5.0,0.0,4.0,0.01,425.0,101.875,383.75,11.0,15.0,36.0,140.5,181.25,2119.0,394.75,4.0,17.0,68.0,1.0,1.0,2.0,6.0,7.0,1.0,0.0,0.0,16.0,16.0,0.2,0.19047619047619047,0.0064,0.0064,0.05,0.22727272727272727,0.7727272727272727,0.275,1.0,1.0,0.35833333333333334,0.3526315789473684,0.0
20260621_132802_002f9dab,20260621_132802_002f9dab_g0003,3,1094552919,1,16,16,16,1,4,GREEN,pool_l9_partial_200ms,3,2,[2],0,66,3,"{""1"": 92, ""2"": 97, ""3"": 64, ""4"": 66}",False,10.0,-34.0,7.0,0.0,4.0,0.01,525.0,121.875,470.625,10.0,17.0,45.0,173.0,225.625,2019.0,480.625,4.0,17.0,68.0,1.0,1.0,2.0,6.0,7.0,1.0,0.0,0.0,16.0,16.0,0.2,0.19047619047619047,0.0064,0.0064,0.05,0.22727272727272727,0.7727272727272727,0.25,1.0,1.0,0.36666666666666664,0.3131578947368421,0.0
20260621_132802_002f9dab,20260621_132802_002f9dab_g0003,3,1094552919,2,24,24,24,1,1,RED,pool_peer_500ms,0,2,[2],0,92,2,"{""1"": 92, ""2"": 97, ""3"": 64, ""4"": 66}",False,22.0,-25.0,0.0,8.0,5.0,0.0125,554.0,155.625,547.0,20.0,29.0,72.0,238.5,187.5,1120.0,569.0,6.0,15.0,58.0,1.0,1.0,2.0,6.0,5.0,1.0,0.0,0.0,24.0,24.0,0.295,0.2857142857142857,0.0096,0.0096,0.075,0.3409090909090909,0.6590909090909091,0.55,1.0,1.0,0.39166666666666666,0.5877192982456141,0.0
20260621_132802_002f9dab,20260621_132802_002f9dab_g0003,3,1094552919,2,24,24,24,1,2,BLUE,champion,1,2,[2],1,97,1,"{""1"": 92, ""2"": 97, ""3"": 64, ""4"": 66}",False,20.0,-29.0,1.0,4.0,5.0,0.0125,666.0,174.5,635.625,20.0,34.0,87.0,191.5,303.125,1008.0,655.625,6.0,15.0,60.0,1.0,1.0,2.0,4.0,7.0,1.0,0.0,0.0,24.0,24.0,0.295,0.2857142857142857,0.0096,0.0096,0.07,0.3181818181818182,0.6818181818181818,0.5,1.0,1.0,0.4083333333333333,0.5244360902255638,0.0
20260621_132802_002f9dab,20260621_132802_002f9dab_g0003,3,1094552919,2,24,24,24,1,3,YELLOW,pool_l45_100ms,2,2,[2],0,64,4,"{""1"": 92, ""2"": 97, ""3"": 64, ""4"": 66}",False,12.0,-45.0,5.0,3.0,5.0,0.0125,150.0,42.875,132.5,11.0,9.0,17.25,51.5,43.75,1524.0,144.5,6.0,15.0,58.0,1.0,1.0,2.0,6.0,5.0,0.0,0.0,0.0,24.0,24.0,0.295,0.2857142857142857,0.0096,0.0096,0.075,0.3409090909090909,0.6590909090909091,0.3,1.0,1.0,0.475,0.39473684210526316,0.0
20260621_132802_002f9dab,20260621_132802_002f9dab_g0003,3,1094552919,2,24,24,24,1,4,GREEN,pool_l9_partial_200ms,3,2,[2],0,66,3,"{""1"": 92, ""2"": 97, ""3"": 64, ""4"": 66}",False,15.0,-39.0,4.0,3.0,5.0,0.0125,304.0,81.125,268.375,13.0,19.0,39.0,123.0,74.375,1370.0,283.375,6.0,15.0,58.0,1.0,1.0,2.0,6.0,5.0,0.0,0.0,0.0,24.0,24.0,0.295,0.2857142857142857,0.0096,0.0096,0.075,0.3409090909090909,0.6590909090909091,0.375,1.0,1.0,0.45,0.43333333333333324,0.0
20260621_132802_002f9dab,20260621_132802_002f9dab_g0003,3,1094552919,3,32,32,32,1,1,RED,pool_peer_500ms,0,2,[2],0,92,2,"{""1"": 92, ""2"": 97, ""3"": 64, ""4"": 66}",False,26.0,-30.0,0.0,15.0,7.0,0.0175,328.0,101.75,311.0,22.0,25.0,51.75,151.0,61.25,485.0,337.0,8.0,13.0,48.0,1.0,1.0,2.0,6.0,3.0,0.0,0.0,0.0,32.0,32.0,0.3925,0.38095238095238093,0.0128,0.0128,0.1,0.45454545454545453,0.5454545454545454,0.65,1.0,1.0,0.4666666666666667,0.5894736842105264,0.0
20260621_132802_002f9dab,20260621_132802_002f9dab_g0003,3,1094552919,3,32,32,32,1,2,BLUE,champion,1,2,[2],1,97,1,"{""1"": 92, ""2"": 97, ""3"": 64, ""4"": 66}",False,25.0,-32.0,0.0,14.0,7.0,0.0175,281.0,99.125,305.375,21.0,29.0,63.75,81.0,110.625,532.0,330.375,8.0,13.0,51.0,1.0,1.0,2.0,3.0,6.0,1.0,0.0,0.0,32.0,32.0,0.3925,0.38095238095238093,0.0128,0.0128,0.0925,0.42045454545454547,0.5795454545454546,0.625,1.0,1.0,0.475,0.5945945945945945,0.0
20260621_132802_002f9dab,20260621_132802_002f9dab_g0003,3,1094552919,3,32,32,32,1,3,YELLOW,pool_l45_100ms,2,2,[2],0,64,4,"{""1"": 92, ""2"": 97, ""3"": 64, ""4"": 66}",False,14.0,-54.0,5.0,7.0,7.0,0.0175,83.0,30.625,80.125,11.0,8.0,12.75,34.0,14.375,730.0,94.125,8.0,13.0,48.0,1.0,1.0,2.0,6.0,3.0,0.0,0.0,0.0,32.0,32.0,0.3925,0.38095238095238093,0.0128,0.0128,0.1,0.45454545454545453,0.5454545454545454,0.35,1.0,1.0,0.5666666666666667,0.4342105263157895,0.0
20260621_132802_002f9dab,20260621_132802_002f9dab_g0003,3,1094552919,3,32,32,32,1,4,GREEN,pool_l9_partial_200ms,3,2,[2],0,66,3,"{""1"": 92, ""2"": 97, ""3"": 64, ""4"": 66}",False,17.0,-48.0,4.0,7.0,7.0,0.0175,121.0,43.5,113.125,14.0,15.0,21.0,47.5,15.625,692.0,130.125,8.0,13.0,48.0,1.0,1.0,2.0,6.0,3.0,0.0,0.0,0.0,32.0,32.0,0.3925,0.38095238095238093,0.0128,0.0128,0.1,0.45454545454545453,0.5454545454545454,0.425,1.0,1.0,0.5416666666666667,0.4473684210526315,0.0
20260621_132802_002f9dab,20260621_132802_002f9dab_g0003,3,1094552919,4,40,40,40,1,1,RED,pool_peer_500ms,0,2,[2],0,92,2,"{""1"": 92, ""2"": 97, ""3"": 64, ""4"": 66}",False,24.0,-35.0,0.0,25.0,15.0,0.0375,81.0,37.375,85.375,17.0,10.0,15.0,34.0,9.375,215.0,109.375,10.0,11.0,39.0,1.0,1.0,2.0,5.0,2.0,0.0,0.0,0.0,40.0,40.0,0.4875,0.47619047619047616,0.016,0.016,0.1225,0.5568181818181818,0.4431818181818182,0.6,1.0,1.0,0.4916666666666667,0.619763694951665,0.0
20260621_132802_002f9dab,20260621_132802_002f9dab_g0003,3,1094552919,4,40,40,40,1,2,BLUE,champion,1,2,[2],1,97,1,"{""1"": 92, ""2"": 97, ""3"": 64, ""4"": 66}",False,31.0,-21.0,0.0,23.0,15.0,0.0375,131.0,64.375,155.875,24.0,23.0,42.75,28.0,38.125,165.0,186.875,10.0,11.0,42.0,1.0,1.0,2.0,2.0,5.0,1.0,0.0,0.0,40.0,40.0,0.4875,0.47619047619047616,0.016,0.016,0.115,0.5227272727272727,0.4772727272727273,0.775,1.0,1.0,0.4333333333333333,0.5789473684210527,0.0
20260621_132802_002f9dab,20260621_132802_002f9dab_g0003,3,1094552919,4,40,40,40,1,3,YELLOW,pool_l45_100ms,2,2,[2],0,64,4,"{""1"": 92, ""2"": 97, ""3"": 64, ""4"": 66}",False,14.0,-55.0,5.0,10.0,15.0,0.0375,48.0,22.625,47.5,11.0,7.0,9.0,20.5,0.0,248.0,61.5,10.0,11.0,38.0,1.0,1.0,2.0,6.0,1.0,0.0,0.0,0.0,40.0,40.0,0.4875,0.47619047619047616,0.016,0.016,0.125,0.5681818181818182,0.4318181818181818,0.35,0.95,1.0,0.575,0.4063157894736843,0.0
20260621_132802_002f9dab,20260621_132802_002f9dab_g0003,3,1094552919,4,40,40,40,1,4,GREEN,pool_l9_partial_200ms,3,2,[2],0,66,3,"{""1"": 92, ""2"": 97, ""3"": 64, ""4"": 66}",False,14.0,-55.0,4.0,10.0,15.0,0.0375,36.0,19.125,32.5,11.0,9.0,6.0,6.5,0.0,260.0,46.5,10.0,11.0,38.0,1.0,1.0,2.0,6.0,1.0,0.0,0.0,0.0,40.0,40.0,0.4875,0.47619047619047616,0.016,0.016,0.125,0.5681818181818182,0.4318181818181818,0.35,0.8833333333333333,1.0,0.575,0.4242105263157895,0.0
20260621_132802_002f9dab,20260621_132802_002f9dab_g0003,3,1094552919,5,48,48,48,1,1,RED,pool_peer_500ms,0,2,[2],0,92,2,"{""1"": 92, ""2"": 97, ""3"": 64, ""4"": 66}",False,25.0,-28.0,0.0,37.0,23.0,0.0575,24.0,19.25,24.0,16.0,4.0,3.0,1.0,0.0,80.0,49.0,12.0,9.0,30.0,1.0,1.0,2.0,4.0,1.0,0.0,0.0,0.0,48.0,48.0,0.575,0.5714285714285714,0.0192,0.0192,0.145,0.6590909090909091,0.3409090909090909,0.625,1.0,1.0,0.4416666666666667,0.6016333938294012,0.0
20260621_132802_002f9dab,20260621_132802_002f9dab_g0003,3,1094552919,5,48,48,48,1,2,BLUE,champion,1,2,[2],1,97,1,"{""1"": 92, ""2"": 97, ""3"": 64, ""4"": 66}",False,31.0,-16.0,0.0,37.0,23.0,0.0575,61.0,36.75,69.25,20.0,13.0,18.0,12.0,6.25,43.0,100.25,12.0,9.0,32.0,1.0,1.0,2.0,2.0,3.0,1.0,0.0,0.0,48.0,48.0,0.575,0.5714285714285714,0.0192,0.0192,0.14,0.6363636363636364,0.36363636363636365,0.775,1.0,1.0,0.39166666666666666,0.5441729323308271,0.0
20260621_132802_002f9dab,20260621_132802_002f9dab_g0003,3,1094552919,5,48,48,48,1,3,YELLOW,pool_l45_100ms,2,2,[2],0,64,4,"{""1"": 92, ""2"": 97, ""3"": 64, ""4"": 66}",False,12.0,-54.0,5.0,15.0,23.0,0.0575,8.0,8.0,8.0,8.0,0.0,0.0,0.0,0.0,96.0,20.0,12.0,9.0,30.0,1.0,1.0,2.0,4.0,1.0,0.0,0.0,0.0,48.0,48.0,0.575,0.5714285714285714,0.0192,0.0192,0.145,0.6590909090909091,0.3409090909090909,0.3,0.6833333333333333,1.0,0.55,0.40834845735027225,0.0
20260621_132802_002f9dab,20260621_132802_002f9dab_g0003,3,1094552919,5,48,48,48,1,4,GREEN,pool_l9_partial_200ms,3,2,[2],0,66,3,"{""1"": 92, ""2"": 97, ""3"": 64, ""4"": 66}",False,10.0,-58.0,4.0,18.0,23.0,0.0575,11.0,8.375,10.25,7.0,2.0,0.75,0.5,0.0,93.0,20.25,12.0,9.0,30.0,1.0,1.0,2.0,4.0,1.0,0.0,0.0,0.0,48.0,48.0,0.575,0.5714285714285714,0.0192,0.0192,0.145,0.6590909090909091,0.3409090909090909,0.25,0.65,1.0,0.5666666666666667,0.426497277676951,0.0
20260621_132802_002f9dab,20260621_132802_002f9dab_g0003,3,1094552919,6,56,56,57,2,1,RED,pool_peer_500ms,0,2,[2],0,92,2,"{""1"": 92, ""2"": 97, ""3"": 64, ""4"": 66}",False,24.0,-23.0,0.0,50.0,30.0,0.075,17.0,15.5,17.5,14.0,2.0,1.5,0.0,0.0,29.0,41.5,15.0,6.0,19.0,1.0,1.0,1.0,2.0,1.0,0.0,0.0,0.0,56.0,57.0,0.6325,0.7142857142857143,0.0228,0.0224,0.1725,0.7840909090909091,0.2159090909090909,0.6,0.7833333333333333,1.0,0.39166666666666666,0.5568268497330282,0.0
20260621_132802_002f9dab,20260621_132802_002f9dab_g0003,3,1094552919,6,56,56,57,2,2,BLUE,champion,1,2,[2],1,97,1,"{""1"": 92, ""2"": 97, ""3"": 64, ""4"": 66}",False,27.0,-17.0,0.0,41.0,30.0,0.075,29.0,21.5,30.5,16.0,6.0,4.5,4.0,0.0,17.0,57.5,14.0,7.0,24.0,1.0,1.0,1.0,2.0,2.0,0.0,0.0,0.0,56.0,57.0,0.6325,0.6666666666666666,0.0228,0.0224,0.16,0.7272727272727273,0.2727272727272727,0.675,1.0,1.0,0.36666666666666664,0.5361842105263157,0.0
20260621_132802_002f9dab,20260621_132802_002f9dab_g0003,3,1094552919,6,56,56,57,2,3,YELLOW,pool_l45_100ms,2,2,[2],0,64,4,"{""1"": 92, ""2"": 97, ""3"": 64, ""4"": 66}",False,11.0,-49.0,5.0,21.0,30.0,0.075,0.0,0.0,0.0,0.0,0.0,0.0,0.0,0.0,46.0,11.0,13.0,8.0,29.0,0.0,1.0,2.0,4.0,1.0,0.0,0.0,0.0,56.0,57.0,0.6325,0.6190476190476191,0.0228,0.0224,0.1475,0.6704545454545454,0.32954545454545453,0.275,0.48333333333333334,1.0,0.5,0.407671721677074,0.0
20260621_132802_002f9dab,20260621_132802_002f9dab_g0003,3,1094552919,6,56,56,57,2,4,GREEN,pool_l9_partial_200ms,3,2,[2],0,66,3,"{""1"": 92, ""2"": 97, ""3"": 64, ""4"": 66}",False,9.0,-53.0,4.0,29.0,30.0,0.075,0.0,0.0,0.0,0.0,0.0,0.0,0.0,0.0,46.0,9.0,14.0,7.0,27.0,0.0,0.0,2.0,4.0,1.0,0.0,0.0,0.0,56.0,57.0,0.6325,0.6666666666666666,0.0228,0.0224,0.1525,0.6931818181818182,0.3068181818181818,0.225,0.5333333333333333,1.0,0.5166666666666667,0.4374460742018982,0.0
20260621_132802_002f9dab,20260621_132802_002f9dab_g0003,3,1094552919,7,64,64,74,3,1,RED,pool_peer_500ms,0,2,[2],0,92,2,"{""1"": 92, ""2"": 97, ""3"": 64, ""4"": 66}",False,28.0,-21.0,0.0,58.0,27.0,0.0675,0.0,0.0,0.0,0.0,0.0,0.0,0.0,0.0,0.0,28.0,18.0,3.0,13.0,0.0,0.0,0.0,2.0,1.0,0.0,0.0,0.0,64.0,74.0,0.6825,0.8571428571428571,0.0296,0.0256,0.1875,0.8522727272727273,0.14772727272727273,0.7,0.85,1.0,0.4083333333333333,0.5578947368421052,0.0
20260621_132802_002f9dab,20260621_132802_002f9dab_g0003,3,1094552919,7,64,64,74,3,2,BLUE,champion,1,2,[2],1,97,1,"{""1"": 92, ""2"": 97, ""3"": 64, ""4"": 66}",False,29.0,-19.0,0.0,54.0,27.0,0.0675,0.0,0.0,0.0,0.0,0.0,0.0,0.0,0.0,0.0,29.0,19.0,2.0,10.0,0.0,0.0,0.0,0.0,2.0,0.0,0.0,0.0,64.0,74.0,0.6825,0.9047619047619048,0.0296,0.0256,0.195,0.8863636363636364,0.11363636363636363,0.725,0.8333333333333334,1.0,0.4,0.5357624831309041,0.0
20260621_132802_002f9dab,20260621_132802_002f9dab_g0003,3,1094552919,7,64,64,74,3,3,YELLOW,pool_l45_100ms,2,2,[2],0,64,4,"{""1"": 92, ""2"": 97, ""3"": 64, ""4"": 66}",False,11.0,-55.0,5.0,31.0,27.0,0.0675,0.0,0.0,0.0,0.0,0.0,0.0,0.0,0.0,0.0,11.0,13.0,8.0,29.0,0.0,1.0,2.0,4.0,1.0,0.0,0.0,0.0,64.0,74.0,0.6825,0.6190476190476191,0.0296,0.0256,0.1475,0.6704545454545454,0.32954545454545453,0.275,0.36666666666666664,1.0,0.55,0.407671721677074,0.0
20260621_132802_002f9dab,20260621_132802_002f9dab_g0003,3,1094552919,7,64,64,74,3,4,GREEN,pool_l9_partial_200ms,3,2,[2],0,66,3,"{""1"": 92, ""2"": 97, ""3"": 64, ""4"": 66}",False,9.0,-59.0,4.0,37.0,27.0,0.0675,0.0,0.0,0.0,0.0,0.0,0.0,0.0,0.0,0.0,9.0,14.0,7.0,27.0,0.0,0.0,2.0,4.0,1.0,0.0,0.0,0.0,64.0,74.0,0.6825,0.6666666666666666,0.0296,0.0256,0.1525,0.6931818181818182,0.3068181818181818,0.225,0.36666666666666664,1.0,0.5666666666666667,0.4374460742018982,0.0
20260621_132802_002f9dab,20260621_132802_002f9dab_g0004,4,428118300,0,8,8,8,1,1,RED,champion,0,2,[2],0,83,4,"{""1"": 83, ""2"": 93, ""3"": 85, ""4"": 84}",False,8.0,-13.0,9.0,0.0,3.0,0.0075,461.0,104.0,420.75,8.0,12.0,33.75,107.0,260.0,1234.0,428.75,2.0,19.0,79.0,1.0,1.0,2.0,5.0,10.0,1.0,1.0,0.0,8.0,8.0,0.0975,0.09523809523809523,0.0032,0.0032,0.0225,0.10227272727272728,0.8977272727272727,0.2,1.0,1.0,0.175,0.21052631578947367,0.0
20260621_132802_002f9dab,20260621_132802_002f9dab_g0004,4,428118300,0,8,8,8,1,2,BLUE,pool_l45_100ms,1,2,[2],1,93,1,"{""1"": 83, ""2"": 93, ""3"": 85, ""4"": 84}",False,5.0,-19.0,9.0,0.0,3.0,0.0075,327.0,76.25,309.5,5.0,8.0,24.0,95.0,177.5,1368.0,314.5,2.0,19.0,78.0,1.0,1.0,2.0,6.0,9.0,1.0,1.0,0.0,8.0,8.0,0.0975,0.09523809523809523,0.0032,0.0032,0.025,0.11363636363636363,0.8863636363636364,0.125,1.0,1.0,0.2,0.15263157894736834,0.0
20260621_132802_002f9dab,20260621_132802_002f9dab_g0004,4,428118300,0,8,8,8,1,3,YELLOW,pool_l9_partial_200ms,2,2,[2],0,85,2,"{""1"": 83, ""2"": 93, ""3"": 85, ""4"": 84}",False,7.0,-15.0,9.0,0.0,3.0,0.0075,364.0,86.0,341.875,7.0,10.0,27.0,108.5,189.375,1331.0,348.875,2.0,19.0,78.0,1.0,1.0,2.0,6.0,9.0,1.0,1.0,0.0,8.0,8.0,0.0975,0.09523809523809523,0.0032,0.0032,0.025,0.11363636363636363,0.8863636363636364,0.175,1.0,1.0,0.18333333333333332,0.17368421052631577,0.0
20260621_132802_002f9dab,20260621_132802_002f9dab_g0004,4,428118300,0,8,8,8,1,4,GREEN,pool_peer_500ms,3,2,[2],0,84,3,"{""1"": 83, ""2"": 93, ""3"": 85, ""4"": 84}",False,9.0,-11.0,9.0,0.0,3.0,0.0075,543.0,122.625,488.75,9.0,15.0,41.25,153.5,270.0,1152.0,497.75,2.0,19.0,78.0,1.0,1.0,2.0,6.0,9.0,1.0,0.0,0.0,8.0,8.0,0.0975,0.09523809523809523,0.0032,0.0032,0.025,0.11363636363636363,0.8863636363636364,0.225,1.0,1.0,0.16666666666666669,0.23684210526315785,0.0
20260621_132802_002f9dab,20260621_132802_002f9dab_g0004,4,428118300,1,16,16,16,1,1,RED,champion,0,2,[2],0,83,4,"{""1"": 83, ""2"": 93, ""3"": 85, ""4"": 84}",False,17.0,-17.0,6.0,2.0,3.0,0.0075,778.0,183.875,719.875,15.0,25.0,70.5,220.0,389.375,1630.0,736.875,4.0,17.0,69.0,1.0,1.0,2.0,5.0,8.0,1.0,0.0,0.0,16.0,16.0,0.1975,0.19047619047619047,0.0064,0.0064,0.0475,0.2159090909090909,0.7840909090909091,0.425,1.0,1.0,0.2833333333333333,0.40997229916897504,0.0
20260621_132802_002f9dab,20260621_132802_002f9dab_g0004,4,428118300,1,16,16,16,1,2,BLUE,pool_l45_100ms,1,2,[2],1,93,1,"{""1"": 83, ""2"": 93, ""3"": 85, ""4"": 84}",False,9.0,-33.0,6.0,0.0,3.0,0.0075,533.0,123.375,482.5,9.0,16.0,45.0,177.5,235.0,1875.0,491.5,4.0,17.0,68.0,1.0,1.0,2.0,6.0,7.0,1.0,0.0,0.0,16.0,16.0,0.1975,0.19047619047619047,0.0064,0.0064,0.05,0.22727272727272727,0.7727272727272727,0.225,1.0,1.0,0.35,0.3263157894736842,0.0
20260621_132802_002f9dab,20260621_132802_002f9dab_g0004,4,428118300,1,16,16,16,1,3,YELLOW,pool_l9_partial_200ms,2,2,[2],0,85,2,"{""1"": 83, ""2"": 93, ""3"": 85, ""4"": 84}",False,11.0,-29.0,5.0,0.0,3.0,0.0075,429.0,102.375,386.25,11.0,15.0,36.0,140.5,183.75,1979.0,397.25,4.0,17.0,68.0,1.0,1.0,2.0,6.0,7.0,1.0,0.0,0.0,16.0,16.0,0.1975,0.19047619047619047,0.0064,0.0064,0.05,0.22727272727272727,0.7727272727272727,0.275,1.0,1.0,0.33333333333333337,0.3526315789473684,0.0
20260621_132802_002f9dab,20260621_132802_002f9dab_g0004,4,428118300,1,16,16,16,1,4,GREEN,pool_peer_500ms,3,2,[2],0,84,3,"{""1"": 83, ""2"": 93, ""3"": 85, ""4"": 84}",False,14.0,-23.0,4.0,1.0,3.0,0.0075,668.0,159.125,608.375,14.0,23.0,60.75,225.0,285.625,1740.0,622.375,4.0,17.0,68.0,1.0,1.0,2.0,6.0,7.0,0.0,0.0,0.0,16.0,16.0,0.1975,0.19047619047619047,0.0064,0.0064,0.05,0.22727272727272727,0.7727272727272727,0.35,1.0,1.0,0.30833333333333335,0.4447368421052631,0.0
20260621_132802_002f9dab,20260621_132802_002f9dab_g0004,4,428118300,2,24,24,24,1,1,RED,champion,0,2,[2],0,83,4,"{""1"": 83, ""2"": 93, ""3"": 85, ""4"": 84}",False,23.0,-28.0,6.0,5.0,5.0,0.0125,653.0,169.0,614.625,21.0,28.0,74.25,219.5,271.875,1220.0,637.625,6.0,15.0,59.0,1.0,1.0,2.0,5.0,6.0,0.0,0.0,0.0,24.0,24.0,0.2975,0.2857142857142857,0.0096,0.0096,0.0725,0.32954545454545453,0.6704545454545454,0.575,1.0,1.0,0.425,0.41016333938294003,0.0
20260621_132802_002f9dab,20260621_132802_002f9dab_g0004,4,428118300,2,24,24,24,1,2,BLUE,pool_l45_100ms,1,2,[2],1,93,1,"{""1"": 83, ""2"": 93, ""3"": 85, ""4"": 84}",False,16.0,-42.0,1.0,0.0,5.0,0.0125,568.0,137.5,495.625,15.0,24.0,60.75,221.5,174.375,1305.0,511.625,6.0,15.0,58.0,1.0,1.0,2.0,6.0,5.0,0.0,0.0,0.0,24.0,24.0,0.2975,0.2857142857142857,0.0096,0.0096,0.075,0.3409090909090909,0.6590909090909091,0.4,1.0,1.0,0.4833333333333333,0.4385964912280702,0.0
20260621_132802_002f9dab,20260621_132802_002f9dab_g0004,4,428118300,2,24,24,24,1,3,YELLOW,pool_l9_partial_200ms,2,2,[2],0,85,2,"{""1"": 83, ""2"": 93, ""3"": 85, ""4"": 84}",False,15.0,-44.0,1.0,6.0,5.0,0.0125,309.0,79.75,273.125,13.0,16.0,33.0,110.5,100.625,1564.0,288.125,6.0,15.0,58.0,1.0,1.0,2.0,6.0,5.0,0.0,0.0,0.0,24.0,24.0,0.2975,0.2857142857142857,0.0096,0.0096,0.075,0.3409090909090909,0.6590909090909091,0.375,1.0,1.0,0.4916666666666667,0.47192982456140353,0.0
20260621_132802_002f9dab,20260621_132802_002f9dab_g0004,4,428118300,2,24,24,24,1,4,GREEN,pool_peer_500ms,3,2,[2],0,84,3,"{""1"": 83, ""2"": 93, ""3"": 85, ""4"": 84}",False,20.0,-34.0,4.0,11.0,5.0,0.0125,343.0,99.875,324.0,19.0,24.0,44.25,135.5,101.25,1530.0,344.0,6.0,15.0,58.0,1.0,1.0,2.0,6.0,5.0,0.0,0.0,0.0,24.0,24.0,0.2975,0.2857142857142857,0.0096,0.0096,0.075,0.3409090909090909,0.6590909090909091,0.5,1.0,1.0,0.45,0.48070175438596485,0.0
20260621_132802_002f9dab,20260621_132802_002f9dab_g0004,4,428118300,3,32,32,32,1,1,RED,champion,0,2,[2],0,83,4,"{""1"": 83, ""2"": 93, ""3"": 85, ""4"": 84}",False,29.0,-32.0,1.0,14.0,15.0,0.0375,399.0,114.75,364.875,24.0,25.0,56.25,151.5,108.125,348.0,393.875,8.0,13.0,49.0,1.0,1.0,2.0,5.0,4.0,0.0,0.0,0.0,32.0,32.0,0.395,0.38095238095238093,0.0128,0.0128,0.0975,0.4431818181818182,0.5568181818181818,0.725,1.0,1.0,0.5083333333333333,0.5155195681511471,0.0
20260621_132802_002f9dab,20260621_132802_002f9dab_g0004,4,428118300,3,32,32,32,1,2,BLUE,pool_l45_100ms,1,2,[2],1,93,1,"{""1"": 83, ""2"": 93, ""3"": 85, ""4"": 84}",False,16.0,-58.0,1.0,1.0,15.0,0.0375,71.0,31.25,71.125,13.0,11.0,15.0,26.5,5.625,676.0,87.125,8.0,13.0,48.0,1.0,1.0,2.0,6.0,3.0,0.0,0.0,0.0,32.0,32.0,0.395,0.38095238095238093,0.0128,0.0128,0.1,0.45454545454545453,0.5454545454545454,0.4,1.0,1.0,0.6166666666666667,0.4842105263157894,0.0
20260621_132802_002f9dab,20260621_132802_002f9dab_g0004,4,428118300,3,32,32,32,1,3,YELLOW,pool_l9_partial_200ms,2,2,[2],0,85,2,"{""1"": 83, ""2"": 93, ""3"": 85, ""4"": 84}",False,18.0,-54.0,1.0,7.0,15.0,0.0375,71.0,33.875,73.25,15.0,14.0,14.25,22.5,7.5,676.0,91.25,8.0,13.0,48.0,1.0,1.0,2.0,6.0,3.0,0.0,0.0,0.0,32.0,32.0,0.395,0.38095238095238093,0.0128,0.0128,0.1,0.45454545454545453,0.5454545454545454,0.45,1.0,1.0,0.6,0.475,0.0
20260621_132802_002f9dab,20260621_132802_002f9dab_g0004,4,428118300,3,32,32,32,1,4,GREEN,pool_peer_500ms,3,2,[2],0,84,3,"{""1"": 83, ""2"": 93, ""3"": 85, ""4"": 84}",False,27.0,-36.0,4.0,18.0,15.0,0.0375,206.0,76.0,202.375,25.0,24.0,35.25,72.5,45.625,541.0,229.375,8.0,13.0,49.0,1.0,1.0,2.0,5.0,4.0,0.0,0.0,0.0,32.0,32.0,0.395,0.38095238095238093,0.0128,0.0128,0.0975,0.4431818181818182,0.5568181818181818,0.675,1.0,1.0,0.525,0.5330634278002699,0.0
20260621_132802_002f9dab,20260621_132802_002f9dab_g0004,4,428118300,4,40,40,40,1,1,RED,champion,0,2,[2],0,83,4,"{""1"": 83, ""2"": 93, ""3"": 85, ""4"": 84}",False,34.0,-28.0,1.0,27.0,18.0,0.045,135.0,55.5,136.75,22.0,17.0,26.25,39.0,32.5,237.0,170.75,10.0,11.0,41.0,1.0,1.0,2.0,3.0,4.0,0.0,0.0,0.0,40.0,40.0,0.49,0.47619047619047616,0.016,0.016,0.1175,0.5340909090909091,0.4659090909090909,0.85,1.0,1.0,0.5166666666666667,0.4916013437849944,0.0
20260621_132802_002f9dab,20260621_132802_002f9dab_g0004,4,428118300,4,40,40,40,1,2,BLUE,pool_l45_100ms,1,2,[2],1,93,1,"{""1"": 83, ""2"": 93, ""3"": 85, ""4"": 84}",False,16.0,-64.0,1.0,5.0,18.0,0.045,69.0,31.75,70.75,13.0,12.0,15.75,30.0,0.0,303.0,86.75,10.0,11.0,38.0,1.0,1.0,2.0,6.0,1.0,0.0,0.0,0.0,40.0,40.0,0.49,0.47619047619047616,0.016,0.016,0.125,0.5681818181818182,0.4318181818181818,0.4,1.0,1.0,0.6666666666666667,0.49473684210526314,0.0
20260621_132802_002f9dab,20260621_132802_002f9dab_g0004,4,428118300,4,40,40,40,1,3,YELLOW,pool_l9_partial_200ms,2,2,[2],0,85,2,"{""1"": 83, ""2"": 93, ""3"": 85, ""4"": 84}",False,14.0,-68.0,1.0,14.0,18.0,0.045,28.0,17.5,27.25,11.0,8.0,5.25,3.0,0.0,344.0,41.25,10.0,11.0,38.0,1.0,1.0,2.0,6.0,1.0,0.0,0.0,0.0,40.0,40.0,0.49,0.47619047619047616,0.016,0.016,0.125,0.5681818181818182,0.4318181818181818,0.35,1.0,1.0,0.6833333333333333,0.42947368421052634,0.0
20260621_132802_002f9dab,20260621_132802_002f9dab_g0004,4,428118300,4,40,40,40,1,4,GREEN,pool_peer_500ms,3,2,[2],0,84,3,"{""1"": 83, ""2"": 93, ""3"": 85, ""4"": 84}",False,32.0,-32.0,4.0,26.0,18.0,0.045,140.0,61.375,145.0,25.0,20.0,27.75,53.5,18.75,232.0,177.0,10.0,11.0,39.0,1.0,1.0,2.0,5.0,2.0,0.0,0.0,0.0,40.0,40.0,0.49,0.47619047619047616,0.016,0.016,0.1225,0.5568181818181818,0.4431818181818182,0.8,1.0,1.0,0.5333333333333333,0.527389903329753,0.0
20260621_132802_002f9dab,20260621_132802_002f9dab_g0004,4,428118300,5,48,48,48,1,1,RED,champion,0,2,[2],0,83,4,"{""1"": 83, ""2"": 93, ""3"": 85, ""4"": 84}",False,37.0,-25.0,1.0,37.0,22.0,0.055,52.0,33.875,51.875,22.0,15.0,9.75,2.0,3.125,97.0,88.875,12.0,9.0,32.0,1.0,1.0,2.0,2.0,3.0,0.0,0.0,0.0,48.0,48.0,0.5625,0.5714285714285714,0.0192,0.0192,0.14,0.6363636363636364,0.36363636363636365,0.925,1.0,1.0,0.5166666666666667,0.487781954887218,0.0
20260621_132802_002f9dab,20260621_132802_002f9dab_g0004,4,428118300,5,48,48,48,1,2,BLUE,pool_l45_100ms,1,2,[2],1,93,1,"{""1"": 83, ""2"": 93, ""3"": 85, ""4"": 84}",False,14.0,-71.0,1.0,8.0,22.0,0.055,23.0,15.375,22.0,11.0,5.0,4.5,1.5,0.0,126.0,36.0,12.0,9.0,30.0,1.0,1.0,2.0,4.0,1.0,0.0,0.0,0.0,48.0,48.0,0.5625,0.5714285714285714,0.0192,0.0192,0.145,0.6590909090909091,0.3409090909090909,0.35,1.0,1.0,0.7083333333333333,0.4664246823956443,0.0
20260621_132802_002f9dab,20260621_132802_002f9dab_g0004,4,428118300,5,48,48,48,1,3,YELLOW,pool_l9_partial_200ms,2,2,[2],0,85,2,"{""1"": 83, ""2"": 93, ""3"": 85, ""4"": 84}",False,12.0,-75.0,1.0,25.0,22.0,0.055,6.0,3.0,6.0,0.0,6.0,0.0,0.0,0.0,143.0,18.0,12.0,9.0,34.0,0.0,1.0,1.0,6.0,1.0,0.0,0.0,0.0,48.0,48.0,0.5625,0.5714285714285714,0.0192,0.0192,0.135,0.6136363636363636,0.38636363636363635,0.3,0.9333333333333333,1.0,0.725,0.4249512670565302,0.0
20260621_132802_002f9dab,20260621_132802_002f9dab_g0004,4,428118300,5,48,48,48,1,4,GREEN,pool_peer_500ms,3,2,[2],0,84,3,"{""1"": 83, ""2"": 93, ""3"": 85, ""4"": 84}",False,36.0,-27.0,4.0,37.0,22.0,0.055,68.0,43.625,73.125,27.0,17.0,14.25,8.0,6.875,81.0,109.125,12.0,9.0,31.0,1.0,1.0,2.0,3.0,2.0,0.0,0.0,0.0,48.0,48.0,0.5625,0.5714285714285714,0.0192,0.0192,0.1425,0.6477272727272727,0.3522727272727273,0.9,1.0,1.0,0.525,0.5069252077562327,0.0
20260621_132802_002f9dab,20260621_132802_002f9dab_g0004,4,428118300,6,56,56,56,1,1,RED,champion,0,2,[2],0,83,4,"{""1"": 83, ""2"": 93, ""3"": 85, ""4"": 84}",False,33.0,-28.0,1.0,44.0,22.0,0.055,26.0,20.0,24.0,18.0,0.0,6.0,0.0,0.0,68.0,57.0,14.0,7.0,25.0,1.0,0.0,2.0,2.0,2.0,0.0,0.0,0.0,56.0,56.0,0.6375,0.6666666666666666,0.0224,0.0224,0.1575,0.7159090909090909,0.2840909090909091,0.825,0.9166666666666666,1.0,0.5083333333333333,0.49039264828738516,0.0
20260621_132802_002f9dab,20260621_132802_002f9dab_g0004,4,428118300,6,56,56,56,1,2,BLUE,pool_l45_100ms,1,2,[2],1,93,1,"{""1"": 83, ""2"": 93, ""3"": 85, ""4"": 84}",False,11.0,-72.0,1.0,20.0,22.0,0.055,10.0,8.75,9.75,8.0,1.0,0.75,0.0,0.0,84.0,20.75,14.0,7.0,22.0,1.0,1.0,2.0,2.0,1.0,0.0,0.0,0.0,56.0,56.0,0.6375,0.6666666666666666,0.0224,0.0224,0.165,0.75,0.25,0.275,0.8166666666666667,1.0,0.6916666666666667,0.4728867623604466,0.0
20260621_132802_002f9dab,20260621_132802_002f9dab_g0004,4,428118300,6,56,56,56,1,3,YELLOW,pool_l9_partial_200ms,2,2,[2],0,85,2,"{""1"": 83, ""2"": 93, ""3"": 85, ""4"": 84}",False,14.0,-66.0,1.0,38.0,22.0,0.055,9.0,2.25,8.0,0.0,0.0,3.0,5.0,0.0,85.0,22.0,14.0,7.0,28.0,0.0,0.0,1.0,5.0,1.0,0.0,0.0,0.0,56.0,56.0,0.6375,0.6666666666666666,0.0224,0.0224,0.15,0.6818181818181818,0.3181818181818182,0.35,0.8833333333333333,1.0,0.6666666666666667,0.4482456140350878,0.0
20260621_132802_002f9dab,20260621_132802_002f9dab_g0004,4,428118300,6,56,56,56,1,4,GREEN,pool_peer_500ms,3,2,[2],0,84,3,"{""1"": 83, ""2"": 93, ""3"": 85, ""4"": 84}",False,36.0,-22.0,4.0,47.0,22.0,0.055,49.0,35.75,49.25,26.0,13.0,8.25,2.0,0.0,45.0,85.25,14.0,7.0,22.0,1.0,1.0,2.0,2.0,1.0,0.0,0.0,0.0,56.0,56.0,0.6375,0.6666666666666666,0.0224,0.0224,0.165,0.75,0.25,0.9,0.9833333333333333,1.0,0.4833333333333333,0.48245614035087714,0.0
20260621_132802_002f9dab,20260621_132802_002f9dab_g0004,4,428118300,7,64,64,64,1,1,RED,champion,0,2,[2],0,83,4,"{""1"": 83, ""2"": 93, ""3"": 85, ""4"": 84}",False,28.0,-31.0,1.0,50.0,27.0,0.0675,1.0,0.5,1.5,0.0,0.0,1.5,0.0,0.0,53.0,29.5,16.0,5.0,21.0,0.0,0.0,1.0,2.0,2.0,0.0,0.0,0.0,64.0,64.0,0.6975,0.7619047619047619,0.0256,0.0256,0.1675,0.7613636363636364,0.23863636363636365,0.7,0.6333333333333333,1.0,0.4916666666666667,0.4909662215239592,0.0
20260621_132802_002f9dab,20260621_132802_002f9dab_g0004,4,428118300,7,64,64,64,1,2,BLUE,pool_l45_100ms,1,2,[2],1,93,1,"{""1"": 83, ""2"": 93, ""3"": 85, ""4"": 84}",False,9.0,-69.0,0.0,44.0,27.0,0.0675,9.0,9.0,12.0,8.0,0.0,0.0,4.0,0.0,45.0,21.0,16.0,5.0,17.0,1.0,0.0,1.0,2.0,1.0,0.0,0.0,0.0,64.0,64.0,0.6975,0.7619047619047619,0.0256,0.0256,0.1775,0.8068181818181818,0.19318181818181818,0.225,0.4166666666666667,1.0,0.65,0.502594514455152,0.0
20260621_132802_002f9dab,20260621_132802_002f9dab_g0004,4,428118300,7,64,64,64,1,3,YELLOW,pool_l9_partial_200ms,2,2,[2],0,85,2,"{""1"": 83, ""2"": 93, ""3"": 85, ""4"": 84}",False,15.0,-57.0,1.0,47.0,27.0,0.0675,4.0,1.0,4.0,0.0,0.0,0.0,4.0,0.0,50.0,19.0,16.0,5.0,20.0,0.0,0.0,0.0,5.0,0.0,0.0,0.0,0.0,64.0,64.0,0.6975,0.7619047619047619,0.0256,0.0256,0.17,0.7727272727272727,0.22727272727272727,0.375,0.8,0.8,0.6,0.44272445820433437,0.0
20260621_132802_002f9dab,20260621_132802_002f9dab_g0004,4,428118300,7,64,64,64,1,4,GREEN,pool_peer_500ms,3,2,[2],0,84,3,"{""1"": 83, ""2"": 93, ""3"": 85, ""4"": 84}",False,35.0,-17.0,4.0,58.0,27.0,0.0675,40.0,30.0,38.5,23.0,11.0,4.5,0.0,0.0,14.0,73.5,16.0,5.0,15.0,1.0,1.0,1.0,1.0,1.0,0.0,0.0,0.0,64.0,64.0,0.6975,0.7619047619047619,0.0256,0.0256,0.1825,0.8295454545454546,0.17045454545454544,0.875,0.9,1.0,0.4333333333333333,0.48738284066330206,0.0
20260621_132802_002f9dab,20260621_132802_002f9dab_g0005,5,166985460,0,8,8,8,1,1,RED,pool_l45_100ms,0,3,[3],0,61,4,"{""1"": 61, ""2"": 65, ""3"": 105, ""4"": 98}",False,6.0,-16.0,9.0,0.0,4.0,0.01,388.0,90.5,366.25,6.0,10.0,28.5,113.0,208.75,1246.0,372.25,2.0,19.0,78.0,1.0,1.0,2.0,6.0,9.0,1.0,1.0,0.0,8.0,8.0,0.0975,0.09523809523809523,0.0032,0.0032,0.025,0.11363636363636363,0.8863636363636364,0.15,1.0,1.0,0.18333333333333332,0.20526315789473681,0.0
20260621_132802_002f9dab,20260621_132802_002f9dab_g0005,5,166985460,0,8,8,8,1,2,BLUE,pool_l9_partial_200ms,1,3,[3],0,65,3,"{""1"": 61, ""2"": 65, ""3"": 105, ""4"": 98}",False,5.0,-18.0,9.0,0.0,4.0,0.01,327.0,76.25,309.5,5.0,8.0,24.0,95.0,177.5,1307.0,314.5,2.0,19.0,78.0,1.0,1.0,2.0,6.0,9.0,1.0,1.0,0.0,8.0,8.0,0.0975,0.09523809523809523,0.0032,0.0032,0.025,0.11363636363636363,0.8863636363636364,0.125,1.0,1.0,0.19166666666666668,0.15263157894736834,0.0
20260621_132802_002f9dab,20260621_132802_002f9dab_g0005,5,166985460,0,8,8,8,1,3,YELLOW,pool_peer_500ms,2,3,[3],1,105,1,"{""1"": 61, ""2"": 65, ""3"": 105, ""4"": 98}",False,9.0,-10.0,9.0,0.0,4.0,0.01,543.0,122.625,488.75,9.0,15.0,41.25,153.5,270.0,1091.0,497.75,2.0,19.0,78.0,1.0,1.0,2.0,6.0,9.0,1.0,0.0,0.0,8.0,8.0,0.0975,0.09523809523809523,0.0032,0.0032,0.025,0.11363636363636363,0.8863636363636364,0.225,1.0,1.0,0.15833333333333333,0.23684210526315785,0.0
20260621_132802_002f9dab,20260621_132802_002f9dab_g0005,5,166985460,0,8,8,8,1,4,GREEN,champion,3,3,[3],0,98,2,"{""1"": 61, ""2"": 65, ""3"": 105, ""4"": 98}",False,8.0,-12.0,9.0,0.0,4.0,0.01,376.0,93.25,375.0,8.0,11.0,29.25,93.0,233.75,1258.0,383.0,2.0,19.0,79.0,1.0,1.0,2.0,5.0,10.0,1.0,1.0,1.0,8.0,8.0,0.0975,0.09523809523809523,0.0032,0.0032,0.0225,0.10227272727272728,0.8977272727272727,0.2,1.0,1.0,0.16666666666666669,0.21637426900584789,0.0
20260621_132802_002f9dab,20260621_132802_002f9dab_g0005,5,166985460,1,16,16,16,1,1,RED,pool_l45_100ms,0,3,[3],0,61,4,"{""1"": 61, ""2"": 65, ""3"": 105, ""4"": 98}",False,10.0,-32.0,7.0,0.0,4.0,0.01,477.0,112.75,426.75,10.0,17.0,45.0,166.0,188.75,2229.0,436.75,4.0,17.0,68.0,1.0,1.0,2.0,6.0,7.0,1.0,0.0,0.0,16.0,16.0,0.1975,0.19047619047619047,0.0064,0.0064,0.05,0.22727272727272727,0.7727272727272727,0.25,1.0,1.0,0.35,0.3236842105263158,0.0
20260621_132802_002f9dab,20260621_132802_002f9dab_g0005,5,166985460,1,16,16,16,1,2,BLUE,pool_l9_partial_200ms,1,3,[3],0,65,3,"{""1"": 61, ""2"": 65, ""3"": 105, ""4"": 98}",False,9.0,-34.0,6.0,0.0,4.0,0.01,528.0,122.375,477.5,9.0,16.0,45.0,177.5,230.0,2178.0,486.5,4.0,17.0,68.0,1.0,1.0,2.0,6.0,7.0,1.0,0.0,0.0,16.0,16.0,0.1975,0.19047619047619047,0.0064,0.0064,0.05,0.22727272727272727,0.7727272727272727,0.225,1.0,1.0,0.35833333333333334,0.3263157894736842,0.0
20260621_132802_002f9dab,20260621_132802_002f9dab_g0005,5,166985460,1,16,16,16,1,3,YELLOW,pool_peer_500ms,2,3,[3],1,105,1,"{""1"": 61, ""2"": 65, ""3"": 105, ""4"": 98}",False,16.0,-20.0,0.0,1.0,4.0,0.01,811.0,202.0,784.75,16.0,27.0,75.75,281.0,385.0,1895.0,800.75,4.0,17.0,68.0,1.0,1.0,2.0,6.0,7.0,1.0,0.0,0.0,16.0,16.0,0.1975,0.19047619047619047,0.0064,0.0064,0.05,0.22727272727272727,0.7727272727272727,0.4,1.0,1.0,0.3,0.49473684210526314,0.0
20260621_132802_002f9dab,20260621_132802_002f9dab_g0005,5,166985460,1,16,16,16,1,4,GREEN,champion,3,3,[3],0,98,2,"{""1"": 61, ""2"": 65, ""3"": 105, ""4"": 98}",False,17.0,-18.0,1.0,1.0,4.0,0.01,890.0,212.125,832.875,17.0,29.0,80.25,251.0,455.625,1816.0,849.875,4.0,17.0,69.0,1.0,1.0,2.0,5.0,8.0,1.0,0.0,0.0,16.0,16.0,0.1975,0.19047619047619047,0.0064,0.0064,0.0475,0.2159090909090909,0.7840909090909091,0.425,1.0,1.0,0.29166666666666663,0.4736842105263158,0.0
20260621_132802_002f9dab,20260621_132802_002f9dab_g0005,5,166985460,2,24,24,24,1,1,RED,pool_l45_100ms,0,3,[3],0,61,4,"{""1"": 61, ""2"": 65, ""3"": 105, ""4"": 98}",False,13.0,-42.0,4.0,1.0,8.0,0.02,277.0,75.25,248.75,12.0,18.0,36.75,112.0,70.0,1532.0,261.75,6.0,15.0,58.0,1.0,1.0,2.0,6.0,5.0,0.0,0.0,0.0,24.0,24.0,0.295,0.2857142857142857,0.0096,0.0096,0.075,0.3409090909090909,0.6590909090909091,0.325,1.0,1.0,0.4583333333333333,0.4035087719298245,0.0
20260621_132802_002f9dab,20260621_132802_002f9dab_g0005,5,166985460,2,24,24,24,1,2,BLUE,pool_l9_partial_200ms,1,3,[3],0,65,3,"{""1"": 61, ""2"": 65, ""3"": 105, ""4"": 98}",False,13.0,-42.0,6.0,1.0,8.0,0.02,283.0,74.5,252.0,12.0,16.0,33.0,106.0,85.0,1526.0,265.0,6.0,15.0,58.0,1.0,1.0,2.0,6.0,5.0,0.0,0.0,0.0,24.0,24.0,0.295,0.2857142857142857,0.0096,0.0096,0.075,0.3409090909090909,0.6590909090909091,0.325,1.0,1.0,0.4583333333333333,0.38596491228070173,0.0
20260621_132802_002f9dab,20260621_132802_002f9dab_g0005,5,166985460,2,24,24,24,1,3,YELLOW,pool_peer_500ms,2,3,[3],1,105,1,"{""1"": 61, ""2"": 65, ""3"": 105, ""4"": 98}",False,19.0,-30.0,0.0,9.0,8.0,0.02,580.0,159.125,580.375,17.0,27.0,69.0,243.0,224.375,1229.0,599.375,6.0,15.0,58.0,1.0,1.0,2.0,6.0,5.0,1.0,0.0,0.0,24.0,24.0,0.295,0.2857142857142857,0.0096,0.0096,0.075,0.3409090909090909,0.6590909090909091,0.475,1.0,1.0,0.4083333333333333,0.5947368421052632,0.0
20260621_132802_002f9dab,20260621_132802_002f9dab_g0005,5,166985460,2,24,24,24,1,4,GREEN,champion,3,3,[3],0,98,2,"{""1"": 61, ""2"": 65, ""3"": 105, ""4"": 98}",False,23.0,-22.0,0.0,9.0,8.0,0.02,669.0,162.625,608.125,18.0,28.0,72.0,172.0,318.125,1140.0,631.125,6.0,15.0,60.0,1.0,1.0,2.0,4.0,7.0,1.0,0.0,0.0,24.0,24.0,0.295,0.2857142857142857,0.0096,0.0096,0.07,0.3181818181818182,0.6818181818181818,0.575,1.0,1.0,0.375,0.5883458646616542,0.0
20260621_132802_002f9dab,20260621_132802_002f9dab_g0005,5,166985460,3,32,32,32,1,1,RED,pool_l45_100ms,0,3,[3],0,61,4,"{""1"": 61, ""2"": 65, ""3"": 105, ""4"": 98}",False,11.0,-54.0,4.0,4.0,9.0,0.0225,47.0,22.125,47.25,10.0,8.0,10.5,17.5,1.25,754.0,58.25,8.0,13.0,48.0,1.0,1.0,2.0,6.0,3.0,0.0,0.0,0.0,32.0,32.0,0.39,0.38095238095238093,0.0128,0.0128,0.1,0.45454545454545453,0.5454545454545454,0.275,0.9833333333333333,1.0,0.5416666666666667,0.4407894736842105,0.0
20260621_132802_002f9dab,20260621_132802_002f9dab_g0005,5,166985460,3,32,32,32,1,2,BLUE,pool_l9_partial_200ms,1,3,[3],0,65,3,"{""1"": 61, ""2"": 65, ""3"": 105, ""4"": 98}",False,14.0,-48.0,3.0,7.0,9.0,0.0225,96.0,35.0,92.5,11.0,10.0,18.0,46.0,7.5,705.0,106.5,8.0,13.0,48.0,1.0,1.0,2.0,6.0,3.0,0.0,0.0,0.0,32.0,32.0,0.39,0.38095238095238093,0.0128,0.0128,0.1,0.45454545454545453,0.5454545454545454,0.35,1.0,1.0,0.5166666666666667,0.43157894736842106,0.0
20260621_132802_002f9dab,20260621_132802_002f9dab_g0005,5,166985460,3,32,32,32,1,3,YELLOW,pool_peer_500ms,2,3,[3],1,105,1,"{""1"": 61, ""2"": 65, ""3"": 105, ""4"": 98}",False,24.0,-28.0,0.0,16.0,9.0,0.0225,331.0,105.0,342.5,19.0,25.0,52.5,136.0,110.0,470.0,366.5,8.0,13.0,49.0,1.0,1.0,2.0,5.0,4.0,1.0,0.0,0.0,32.0,32.0,0.39,0.38095238095238093,0.0128,0.0128,0.0975,0.4431818181818182,0.5568181818181818,0.6,1.0,1.0,0.4333333333333333,0.6099865047233468,0.0
20260621_132802_002f9dab,20260621_132802_002f9dab_g0005,5,166985460,3,32,32,32,1,4,GREEN,champion,3,3,[3],0,98,2,"{""1"": 61, ""2"": 65, ""3"": 105, ""4"": 98}",False,27.0,-22.0,0.0,20.0,9.0,0.0225,327.0,98.125,332.875,18.0,23.0,48.75,75.0,168.125,474.0,359.875,8.0,13.0,51.0,1.0,1.0,2.0,3.0,6.0,1.0,0.0,0.0,32.0,32.0,0.39,0.38095238095238093,0.0128,0.0128,0.0925,0.42045454545454547,0.5795454545454546,0.675,1.0,1.0,0.4083333333333333,0.6187766714082503,0.0
20260621_132802_002f9dab,20260621_132802_002f9dab_g0005,5,166985460,4,40,40,40,1,1,RED,pool_l45_100ms,0,3,[3],0,61,4,"{""1"": 61, ""2"": 65, ""3"": 105, ""4"": 98}",False,8.0,-65.0,4.0,6.0,33.0,0.0825,24.0,13.5,26.25,7.0,5.0,5.25,9.0,0.0,329.0,34.25,10.0,11.0,39.0,1.0,1.0,2.0,5.0,2.0,0.0,0.0,0.0,40.0,40.0,0.4875,0.47619047619047616,0.016,0.016,0.1225,0.5568181818181818,0.4431818181818182,0.2,0.5333333333333333,1.0,0.6083333333333333,0.42320085929108486,0.0
20260621_132802_002f9dab,20260621_132802_002f9dab_g0005,5,166985460,4,40,40,40,1,2,BLUE,pool_l9_partial_200ms,1,3,[3],0,65,3,"{""1"": 61, ""2"": 65, ""3"": 105, ""4"": 98}",False,12.0,-57.0,3.0,11.0,33.0,0.0825,45.0,21.75,46.0,10.0,8.0,9.0,19.0,0.0,308.0,58.0,10.0,11.0,38.0,1.0,1.0,2.0,6.0,1.0,0.0,0.0,0.0,40.0,40.0,0.4875,0.47619047619047616,0.016,0.016,0.125,0.5681818181818182,0.4318181818181818,0.3,1.0,1.0,0.575,0.4252631578947369,0.0
20260621_132802_002f9dab,20260621_132802_002f9dab_g0005,5,166985460,4,40,40,40,1,3,YELLOW,pool_peer_500ms,2,3,[3],1,105,1,"{""1"": 61, ""2"": 65, ""3"": 105, ""4"": 98}",False,29.0,-23.0,0.0,28.0,33.0,0.0825,134.0,54.875,146.25,17.0,17.0,28.5,62.5,21.25,219.0,175.25,10.0,11.0,39.0,1.0,1.0,2.0,5.0,2.0,0.0,0.0,0.0,40.0,40.0,0.4875,0.47619047619047616,0.016,0.016,0.1225,0.5568181818181818,0.4431818181818182,0.725,1.0,1.0,0.4333333333333333,0.5596133190118153,0.0
20260621_132802_002f9dab,20260621_132802_002f9dab_g0005,5,166985460,4,40,40,40,1,4,GREEN,champion,3,3,[3],0,98,2,"{""1"": 61, ""2"": 65, ""3"": 105, ""4"": 98}",False,32.0,-17.0,0.0,29.0,33.0,0.0825,150.0,57.5,163.0,17.0,16.0,31.5,46.0,52.5,203.0,195.0,10.0,11.0,41.0,1.0,1.0,2.0,3.0,4.0,1.0,0.0,0.0,40.0,40.0,0.4875,0.47619047619047616,0.016,0.016,0.1175,0.5340909090909091,0.4659090909090909,0.8,1.0,1.0,0.4083333333333333,0.5957446808510638,0.0
20260621_132802_002f9dab,20260621_132802_002f9dab_g0005,5,166985460,5,48,48,48,1,1,RED,pool_l45_100ms,0,3,[3],0,61,4,"{""1"": 61, ""2"": 65, ""3"": 105, ""4"": 98}",False,3.0,-70.0,4.0,10.0,49.0,0.1225,3.0,3.0,3.0,3.0,0.0,0.0,0.0,0.0,115.0,6.0,12.0,9.0,33.0,1.0,0.0,2.0,4.0,2.0,0.0,0.0,0.0,48.0,48.0,0.565,0.5714285714285714,0.0192,0.0192,0.1375,0.625,0.375,0.075,0.18333333333333332,1.0,0.6083333333333333,0.416267942583732,0.0
20260621_132802_002f9dab,20260621_132802_002f9dab_g0005,5,166985460,5,48,48,48,1,2,BLUE,pool_l9_partial_200ms,1,3,[3],0,65,3,"{""1"": 61, ""2"": 65, ""3"": 105, ""4"": 98}",False,8.0,-60.0,3.0,14.0,49.0,0.1225,8.0,7.0,8.0,6.0,2.0,0.0,0.0,0.0,110.0,16.0,12.0,9.0,31.0,1.0,1.0,1.0,5.0,1.0,0.0,0.0,0.0,48.0,48.0,0.565,0.5714285714285714,0.0192,0.0192,0.1425,0.6477272727272727,0.3522727272727273,0.2,1.0,1.0,0.5666666666666667,0.41920590951061865,0.0
20260621_132802_002f9dab,20260621_132802_002f9dab_g0005,5,166985460,5,48,48,48,1,3,YELLOW,pool_peer_500ms,2,3,[3],1,105,1,"{""1"": 61, ""2"": 65, ""3"": 105, ""4"": 98}",False,32.0,-12.0,0.0,35.0,49.0,0.1225,64.0,36.5,68.0,20.0,14.0,15.75,12.0,6.25,54.0,100.0,12.0,9.0,31.0,1.0,1.0,2.0,3.0,2.0,0.0,0.0,0.0,48.0,48.0,0.565,0.5714285714285714,0.0192,0.0192,0.1425,0.6477272727272727,0.3522727272727273,0.8,1.0,1.0,0.36666666666666664,0.5660203139427515,0.0
20260621_132802_002f9dab,20260621_132802_002f9dab_g0005,5,166985460,5,48,48,48,1,4,GREEN,champion,3,3,[3],0,98,2,"{""1"": 61, ""2"": 65, ""3"": 105, ""4"": 98}",False,33.0,-10.0,0.0,38.0,49.0,0.1225,43.0,25.5,45.0,14.0,11.0,12.75,6.0,1.25,75.0,78.0,12.0,9.0,31.0,1.0,1.0,2.0,3.0,2.0,1.0,0.0,0.0,48.0,48.0,0.565,0.5714285714285714,0.0192,0.0192,0.1425,0.6477272727272727,0.3522727272727273,0.825,1.0,1.0,0.35833333333333334,0.5614035087719298,0.0
20260621_132802_002f9dab,20260621_132802_002f9dab_g0005,5,166985460,6,56,56,59,4,1,RED,pool_l45_100ms,0,3,[3],0,61,4,"{""1"": 61, ""2"": 65, ""3"": 105, ""4"": 98}",False,2.0,-64.0,4.0,16.0,56.0,0.14,0.0,0.0,0.0,0.0,0.0,0.0,0.0,0.0,61.0,2.0,13.0,8.0,32.0,0.0,0.0,2.0,4.0,2.0,0.0,0.0,0.0,56.0,59.0,0.6275,0.6190476190476191,0.0236,0.0224,0.14,0.6363636363636364,0.36363636363636365,0.05,0.11666666666666667,1.0,0.55,0.4172932330827068,0.0
20260621_132802_002f9dab,20260621_132802_002f9dab_g0005,5,166985460,6,56,56,59,4,2,BLUE,pool_l9_partial_200ms,1,3,[3],0,65,3,"{""1"": 61, ""2"": 65, ""3"": 105, ""4"": 98}",False,6.0,-56.0,3.0,18.0,56.0,0.14,0.0,0.0,0.0,0.0,0.0,0.0,0.0,0.0,61.0,6.0,14.0,7.0,28.0,0.0,0.0,1.0,5.0,1.0,0.0,0.0,0.0,56.0,59.0,0.6275,0.6666666666666666,0.0236,0.0224,0.15,0.6818181818181818,0.3181818181818182,0.15,0.6,1.0,0.5166666666666667,0.41929824561403506,0.0
20260621_132802_002f9dab,20260621_132802_002f9dab_g0005,5,166985460,6,56,56,59,4,3,YELLOW,pool_peer_500ms,2,3,[3],1,105,1,"{""1"": 61, ""2"": 65, ""3"": 105, ""4"": 98}",False,28.0,-12.0,0.0,45.0,56.0,0.14,32.0,24.75,38.75,17.0,8.0,4.5,8.0,1.25,29.0,66.75,15.0,6.0,19.0,1.0,1.0,1.0,2.0,1.0,0.0,0.0,0.0,56.0,59.0,0.6275,0.7142857142857143,0.0236,0.0224,0.1725,0.7840909090909091,0.2159090909090909,0.7,1.0,1.0,0.33333333333333337,0.5377574370709381,0.0
20260621_132802_002f9dab,20260621_132802_002f9dab_g0005,5,166985460,6,56,56,59,4,4,GREEN,champion,3,3,[3],0,98,2,"{""1"": 61, ""2"": 65, ""3"": 105, ""4"": 98}",False,32.0,-4.0,0.0,52.0,56.0,0.14,29.0,18.5,29.0,11.0,9.0,9.0,0.0,0.0,32.0,61.0,14.0,7.0,22.0,1.0,1.0,2.0,2.0,1.0,1.0,0.0,0.0,56.0,59.0,0.6275,0.6666666666666666,0.0236,0.0224,0.165,0.75,0.25,0.8,1.0,1.0,0.3,0.5494417862838916,0.0
20260621_132802_002f9dab,20260621_132802_002f9dab_g0005,5,166985460,7,64,64,75,4,1,RED,pool_l45_100ms,0,3,[3],0,61,4,"{""1"": 61, ""2"": 65, ""3"": 105, ""4"": 98}",False,2.0,-63.0,4.0,26.0,35.0,0.0875,0.0,0.0,0.0,0.0,0.0,0.0,0.0,0.0,2.0,2.0,13.0,8.0,32.0,0.0,0.0,2.0,4.0,2.0,0.0,0.0,0.0,64.0,75.0,0.6775,0.6190476190476191,0.03,0.0256,0.14,0.6363636363636364,0.36363636363636365,0.05,0.05,1.0,0.5416666666666667,0.4172932330827068,0.0
20260621_132802_002f9dab,20260621_132802_002f9dab_g0005,5,166985460,7,64,64,75,4,2,BLUE,pool_l9_partial_200ms,1,3,[3],0,65,3,"{""1"": 61, ""2"": 65, ""3"": 105, ""4"": 98}",False,6.0,-55.0,3.0,34.0,35.0,0.0875,0.0,0.0,0.0,0.0,0.0,0.0,0.0,0.0,2.0,6.0,14.0,7.0,28.0,0.0,0.0,1.0,5.0,1.0,0.0,0.0,0.0,64.0,75.0,0.6775,0.6666666666666666,0.03,0.0256,0.15,0.6818181818181818,0.3181818181818182,0.15,0.35,1.0,0.5083333333333333,0.41929824561403506,0.0
20260621_132802_002f9dab,20260621_132802_002f9dab_g0005,5,166985460,7,64,64,75,4,3,YELLOW,pool_peer_500ms,2,3,[3],1,105,1,"{""1"": 61, ""2"": 65, ""3"": 105, ""4"": 98}",False,29.0,-9.0,0.0,58.0,35.0,0.0875,1.0,0.5,2.0,0.0,0.0,0.0,2.0,0.0,1.0,31.0,19.0,2.0,8.0,0.0,0.0,0.0,2.0,0.0,0.0,0.0,0.0,64.0,75.0,0.6775,0.9047619047619048,0.03,0.0256,0.2,0.9090909090909091,0.09090909090909091,0.725,0.8333333333333334,0.8,0.31666666666666665,0.5184210526315789,0.0
20260621_132802_002f9dab,20260621_132802_002f9dab_g0005,5,166985460,7,64,64,75,4,4,GREEN,champion,3,3,[3],0,98,2,"{""1"": 61, ""2"": 65, ""3"": 105, ""4"": 98}",False,30.0,-7.0,0.0,60.0,35.0,0.0875,1.0,0.5,2.0,0.0,0.0,0.0,2.0,0.0,1.0,32.0,18.0,3.0,13.0,0.0,0.0,0.0,2.0,1.0,1.0,0.0,0.0,64.0,75.0,0.6775,0.8571428571428571,0.03,0.0256,0.1875,0.8522727272727273,0.14772727272727273,0.75,1.0,1.0,0.30833333333333335,0.5347368421052632,0.0
20260621_132802_002f9dab,20260621_132802_002f9dab_g0006,6,1324497333,0,8,8,8,1,1,RED,pool_l9_partial_200ms,0,3,[3],0,82,3,"{""1"": 82, ""2"": 88, ""3"": 90, ""4"": 77}",False,6.0,-18.0,9.0,0.0,1.0,0.0025,388.0,90.5,366.25,6.0,10.0,28.5,113.0,208.75,1448.0,372.25,2.0,19.0,78.0,1.0,1.0,2.0,6.0,9.0,1.0,1.0,0.0,8.0,8.0,0.0975,0.09523809523809523,0.0032,0.0032,0.025,0.11363636363636363,0.8863636363636364,0.15,1.0,1.0,0.2,0.20526315789473681,0.0
20260621_132802_002f9dab,20260621_132802_002f9dab_g0006,6,1324497333,0,8,8,8,1,2,BLUE,pool_peer_500ms,1,3,[3],0,88,2,"{""1"": 82, ""2"": 88, ""3"": 90, ""4"": 77}",False,9.0,-12.0,9.0,0.0,1.0,0.0025,543.0,122.625,488.75,9.0,15.0,41.25,153.5,270.0,1293.0,497.75,2.0,19.0,78.0,1.0,1.0,2.0,6.0,9.0,1.0,0.0,0.0,8.0,8.0,0.0975,0.09523809523809523,0.0032,0.0032,0.025,0.11363636363636363,0.8863636363636364,0.225,1.0,1.0,0.175,0.23684210526315785,0.0
20260621_132802_002f9dab,20260621_132802_002f9dab_g0006,6,1324497333,0,8,8,8,1,3,YELLOW,champion,2,3,[3],1,90,1,"{""1"": 82, ""2"": 88, ""3"": 90, ""4"": 77}",False,8.0,-14.0,9.0,0.0,1.0,0.0025,461.0,104.0,420.75,8.0,12.0,33.75,107.0,260.0,1375.0,428.75,2.0,19.0,79.0,1.0,1.0,2.0,5.0,10.0,1.0,1.0,0.0,8.0,8.0,0.0975,0.09523809523809523,0.0032,0.0032,0.0225,0.10227272727272728,0.8977272727272727,0.2,1.0,1.0,0.18333333333333332,0.21052631578947367,0.0
20260621_132802_002f9dab,20260621_132802_002f9dab_g0006,6,1324497333,0,8,8,8,1,4,GREEN,pool_l45_100ms,3,3,[3],0,77,4,"{""1"": 82, ""2"": 88, ""3"": 90, ""4"": 77}",False,7.0,-16.0,9.0,0.0,1.0,0.0025,444.0,103.25,415.125,7.0,12.0,33.75,130.5,231.875,1392.0,422.125,2.0,19.0,78.0,1.0,1.0,2.0,6.0,9.0,1.0,1.0,0.0,8.0,8.0,0.0975,0.09523809523809523,0.0032,0.0032,0.025,0.11363636363636363,0.8863636363636364,0.175,1.0,1.0,0.19166666666666668,0.20526315789473681,0.0
20260621_132802_002f9dab,20260621_132802_002f9dab_g0006,6,1324497333,1,16,16,16,1,1,RED,pool_l9_partial_200ms,0,3,[3],0,82,3,"{""1"": 82, ""2"": 88, ""3"": 90, ""4"": 77}",False,10.0,-31.0,7.0,0.0,5.0,0.0125,515.0,119.75,459.75,10.0,17.0,45.0,174.0,213.75,2051.0,469.75,4.0,17.0,68.0,1.0,1.0,2.0,6.0,7.0,1.0,0.0,0.0,16.0,16.0,0.1975,0.19047619047619047,0.0064,0.0064,0.05,0.22727272727272727,0.7727272727272727,0.25,1.0,1.0,0.3416666666666667,0.3236842105263158,0.0
20260621_132802_002f9dab,20260621_132802_002f9dab_g0006,6,1324497333,1,16,16,16,1,2,BLUE,pool_peer_500ms,1,3,[3],0,88,2,"{""1"": 82, ""2"": 88, ""3"": 90, ""4"": 77}",False,16.0,-19.0,0.0,1.0,5.0,0.0125,740.0,184.125,715.75,14.0,25.0,69.0,261.5,346.25,1826.0,731.75,4.0,17.0,68.0,1.0,1.0,2.0,6.0,7.0,1.0,0.0,0.0,16.0,16.0,0.1975,0.19047619047619047,0.0064,0.0064,0.05,0.22727272727272727,0.7727272727272727,0.4,1.0,1.0,0.29166666666666663,0.49473684210526314,0.0
20260621_132802_002f9dab,20260621_132802_002f9dab_g0006,6,1324497333,1,16,16,16,1,3,YELLOW,champion,2,3,[3],1,90,1,"{""1"": 82, ""2"": 88, ""3"": 90, ""4"": 77}",False,15.0,-21.0,1.0,1.0,5.0,0.0125,790.0,195.25,773.25,15.0,25.0,72.0,230.0,431.25,1776.0,788.25,4.0,17.0,69.0,1.0,1.0,2.0,5.0,8.0,1.0,1.0,0.0,16.0,16.0,0.1975,0.19047619047619047,0.0064,0.0064,0.0475,0.2159090909090909,0.7840909090909091,0.375,1.0,1.0,0.3,0.4681440443213297,0.0
20260621_132802_002f9dab,20260621_132802_002f9dab_g0006,6,1324497333,1,16,16,16,1,4,GREEN,pool_l45_100ms,3,3,[3],0,77,4,"{""1"": 82, ""2"": 88, ""3"": 90, ""4"": 77}",False,10.0,-31.0,7.0,0.0,5.0,0.0125,521.0,121.0,466.25,10.0,17.0,45.0,173.0,221.25,2045.0,476.25,4.0,17.0,68.0,1.0,1.0,2.0,6.0,7.0,1.0,0.0,0.0,16.0,16.0,0.1975,0.19047619047619047,0.0064,0.0064,0.05,0.22727272727272727,0.7727272727272727,0.25,1.0,1.0,0.3416666666666667,0.3131578947368421,0.0
20260621_132802_002f9dab,20260621_132802_002f9dab_g0006,6,1324497333,2,24,24,24,1,1,RED,pool_l9_partial_200ms,0,3,[3],0,82,3,"{""1"": 82, ""2"": 88, ""3"": 90, ""4"": 77}",False,14.0,-41.0,4.0,2.0,10.0,0.025,361.0,89.75,317.625,12.0,16.0,38.25,134.5,116.875,1583.0,331.625,6.0,15.0,58.0,1.0,1.0,2.0,6.0,5.0,0.0,0.0,0.0,24.0,24.0,0.2975,0.2857142857142857,0.0096,0.0096,0.075,0.3409090909090909,0.6590909090909091,0.35,1.0,1.0,0.4583333333333333,0.4035087719298245,0.0
20260621_132802_002f9dab,20260621_132802_002f9dab_g0006,6,1324497333,2,24,24,24,1,2,BLUE,pool_peer_500ms,1,3,[3],0,88,2,"{""1"": 82, ""2"": 88, ""3"": 90, ""4"": 77}",False,19.0,-31.0,0.0,7.0,10.0,0.025,637.0,162.5,595.0,17.0,26.0,69.75,256.0,226.25,1307.0,614.0,6.0,15.0,58.0,1.0,1.0,2.0,6.0,5.0,0.0,0.0,0.0,24.0,24.0,0.2975,0.2857142857142857,0.0096,0.0096,0.075,0.3409090909090909,0.6590909090909091,0.475,1.0,1.0,0.4166666666666667,0.5385964912280701,0.0
20260621_132802_002f9dab,20260621_132802_002f9dab_g0006,6,1324497333,2,24,24,24,1,3,YELLOW,champion,2,3,[3],1,90,1,"{""1"": 82, ""2"": 88, ""3"": 90, ""4"": 77}",False,23.0,-23.0,1.0,11.0,10.0,0.025,611.0,168.25,613.125,20.0,29.0,75.0,218.5,270.625,1333.0,636.125,6.0,15.0,59.0,1.0,1.0,2.0,5.0,6.0,1.0,0.0,0.0,24.0,24.0,0.2975,0.2857142857142857,0.0096,0.0096,0.0725,0.32954545454545453,0.6704545454545454,0.575,1.0,1.0,0.38333333333333336,0.5607985480943738,0.0
20260621_132802_002f9dab,20260621_132802_002f9dab_g0006,6,1324497333,2,24,24,24,1,4,GREEN,pool_l45_100ms,3,3,[3],0,77,4,"{""1"": 82, ""2"": 88, ""3"": 90, ""4"": 77}",False,13.0,-43.0,4.0,1.0,10.0,0.025,335.0,84.75,287.875,12.0,19.0,40.5,129.5,86.875,1609.0,300.875,6.0,15.0,58.0,1.0,1.0,2.0,6.0,5.0,0.0,0.0,0.0,24.0,24.0,0.2975,0.2857142857142857,0.0096,0.0096,0.075,0.3409090909090909,0.6590909090909091,0.325,1.0,1.0,0.4666666666666667,0.40701754385964906,0.0
20260621_132802_002f9dab,20260621_132802_002f9dab_g0006,6,1324497333,3,32,32,32,1,1,RED,pool_l9_partial_200ms,0,3,[3],0,82,3,"{""1"": 82, ""2"": 88, ""3"": 90, ""4"": 77}",False,13.0,-53.0,4.0,9.0,11.0,0.0275,122.0,41.75,119.125,10.0,13.0,24.0,56.5,15.625,862.0,132.125,8.0,13.0,48.0,1.0,1.0,2.0,6.0,3.0,0.0,0.0,0.0,32.0,32.0,0.3975,0.38095238095238093,0.0128,0.0128,0.1,0.45454545454545453,0.5454545454545454,0.325,1.0,1.0,0.55,0.4552631578947368,0.0
20260621_132802_002f9dab,20260621_132802_002f9dab_g0006,6,1324497333,3,32,32,32,1,2,BLUE,pool_peer_500ms,1,3,[3],0,88,2,"{""1"": 82, ""2"": 88, ""3"": 90, ""4"": 77}",False,23.0,-33.0,0.0,15.0,11.0,0.0275,334.0,103.25,323.75,20.0,23.0,54.0,168.0,58.75,650.0,346.75,8.0,13.0,48.0,1.0,1.0,2.0,6.0,3.0,0.0,0.0,0.0,32.0,32.0,0.3975,0.38095238095238093,0.0128,0.0128,0.1,0.45454545454545453,0.5454545454545454,0.575,1.0,1.0,0.4666666666666667,0.55,0.0
20260621_132802_002f9dab,20260621_132802_002f9dab_g0006,6,1324497333,3,32,32,32,1,3,YELLOW,champion,2,3,[3],1,90,1,"{""1"": 82, ""2"": 88, ""3"": 90, ""4"": 77}",False,28.0,-23.0,1.0,17.0,11.0,0.0275,375.0,119.625,378.875,24.0,29.0,61.5,155.0,109.375,609.0,406.875,8.0,13.0,49.0,1.0,1.0,2.0,5.0,4.0,1.0,0.0,0.0,32.0,32.0,0.3975,0.38095238095238093,0.0128,0.0128,0.0975,0.4431818181818182,0.5568181818181818,0.7,1.0,1.0,0.425,0.5775978407557355,0.0
20260621_132802_002f9dab,20260621_132802_002f9dab_g0006,6,1324497333,3,32,32,32,1,4,GREEN,pool_l45_100ms,3,3,[3],0,77,4,"{""1"": 82, ""2"": 88, ""3"": 90, ""4"": 77}",False,15.0,-49.0,4.0,9.0,11.0,0.0275,153.0,47.5,134.375,12.0,16.0,22.5,64.5,19.375,831.0,149.375,8.0,13.0,48.0,1.0,1.0,2.0,6.0,3.0,0.0,0.0,0.0,32.0,32.0,0.3975,0.38095238095238093,0.0128,0.0128,0.1,0.45454545454545453,0.5454545454545454,0.375,1.0,1.0,0.5333333333333333,0.4342105263157895,0.0
20260621_132802_002f9dab,20260621_132802_002f9dab_g0006,6,1324497333,4,40,40,40,1,1,RED,pool_l9_partial_200ms,0,3,[3],0,82,3,"{""1"": 82, ""2"": 88, ""3"": 90, ""4"": 77}",False,12.0,-62.0,2.0,27.0,15.0,0.0375,74.0,29.0,77.5,8.0,10.0,15.75,40.0,3.75,365.0,89.5,10.0,11.0,38.0,1.0,1.0,2.0,6.0,1.0,0.0,0.0,0.0,40.0,40.0,0.4925,0.47619047619047616,0.016,0.016,0.125,0.5681818181818182,0.4318181818181818,0.3,1.0,1.0,0.6166666666666667,0.52,0.0
20260621_132802_002f9dab,20260621_132802_002f9dab_g0006,6,1324497333,4,40,40,40,1,2,BLUE,pool_peer_500ms,1,3,[3],0,88,2,"{""1"": 82, ""2"": 88, ""3"": 90, ""4"": 77}",False,25.0,-36.0,0.0,26.0,15.0,0.0375,156.0,65.75,167.75,22.0,20.0,35.25,78.0,12.5,283.0,192.75,10.0,11.0,39.0,1.0,1.0,2.0,5.0,2.0,0.0,0.0,0.0,40.0,40.0,0.4925,0.47619047619047616,0.016,0.016,0.1225,0.5568181818181818,0.4431818181818182,0.625,1.0,1.0,0.5083333333333333,0.5510204081632653,0.0
20260621_132802_002f9dab,20260621_132802_002f9dab_g0006,6,1324497333,4,40,40,40,1,3,YELLOW,champion,2,3,[3],1,90,1,"{""1"": 82, ""2"": 88, ""3"": 90, ""4"": 77}",False,32.0,-22.0,1.0,27.0,15.0,0.0375,139.0,68.5,165.25,26.0,24.0,36.0,53.0,26.25,300.0,197.25,10.0,11.0,40.0,1.0,1.0,2.0,4.0,3.0,1.0,0.0,0.0,40.0,40.0,0.4925,0.47619047619047616,0.016,0.016,0.12,0.5454545454545454,0.45454545454545453,0.8,1.0,1.0,0.45,0.5635964912280702,0.0
20260621_132802_002f9dab,20260621_132802_002f9dab_g0006,6,1324497333,4,40,40,40,1,4,GREEN,pool_l45_100ms,3,3,[3],0,77,4,"{""1"": 82, ""2"": 88, ""3"": 90, ""4"": 77}",False,17.0,-52.0,4.0,16.0,15.0,0.0375,70.0,31.125,65.0,13.0,15.0,16.5,20.5,0.0,369.0,82.0,10.0,11.0,38.0,1.0,1.0,2.0,6.0,1.0,0.0,0.0,0.0,40.0,40.0,0.4925,0.47619047619047616,0.016,0.016,0.125,0.5681818181818182,0.4318181818181818,0.425,0.9666666666666667,1.0,0.575,0.4168421052631579,0.0
20260621_132802_002f9dab,20260621_132802_002f9dab_g0006,6,1324497333,5,48,48,48,1,1,RED,pool_l9_partial_200ms,0,3,[3],0,82,3,"{""1"": 82, ""2"": 88, ""3"": 90, ""4"": 77}",False,14.0,-59.0,2.0,31.0,28.0,0.07,37.0,19.75,41.0,9.0,8.0,9.0,15.0,0.0,130.0,55.0,12.0,9.0,29.0,1.0,1.0,2.0,5.0,0.0,0.0,0.0,0.0,48.0,48.0,0.58,0.5714285714285714,0.0192,0.0192,0.1475,0.6704545454545454,0.32954545454545453,0.35,1.0,0.8,0.6083333333333333,0.504014272970562,0.0
20260621_132802_002f9dab,20260621_132802_002f9dab_g0006,6,1324497333,5,48,48,48,1,2,BLUE,pool_peer_500ms,1,3,[3],0,88,2,"{""1"": 82, ""2"": 88, ""3"": 90, ""4"": 77}",False,30.0,-27.0,0.0,35.0,28.0,0.07,55.0,35.5,60.0,22.0,12.0,13.5,10.0,2.5,112.0,90.0,12.0,9.0,30.0,1.0,1.0,2.0,4.0,1.0,0.0,0.0,0.0,48.0,48.0,0.58,0.5714285714285714,0.0192,0.0192,0.145,0.6590909090909091,0.3409090909090909,0.75,1.0,1.0,0.475,0.541742286751361,0.0
20260621_132802_002f9dab,20260621_132802_002f9dab_g0006,6,1324497333,5,48,48,48,1,3,YELLOW,champion,2,3,[3],1,90,1,"{""1"": 82, ""2"": 88, ""3"": 90, ""4"": 77}",False,32.0,-23.0,1.0,34.0,28.0,0.07,60.0,39.25,68.0,24.0,13.0,15.0,11.0,5.0,107.0,100.0,12.0,9.0,31.0,1.0,1.0,2.0,3.0,2.0,1.0,0.0,0.0,48.0,48.0,0.58,0.5714285714285714,0.0192,0.0192,0.1425,0.6477272727272727,0.3522727272727273,0.8,1.0,1.0,0.4583333333333333,0.5244690674053556,0.0
20260621_132802_002f9dab,20260621_132802_002f9dab_g0006,6,1324497333,5,48,48,48,1,4,GREEN,pool_l45_100ms,3,3,[3],0,77,4,"{""1"": 82, ""2"": 88, ""3"": 90, ""4"": 77}",False,11.0,-65.0,4.0,21.0,28.0,0.07,15.0,9.5,14.75,6.0,4.0,3.75,1.0,0.0,152.0,25.75,12.0,9.0,30.0,1.0,1.0,2.0,4.0,1.0,0.0,0.0,0.0,48.0,48.0,0.58,0.5714285714285714,0.0192,0.0192,0.145,0.6590909090909091,0.3409090909090909,0.275,0.5833333333333334,1.0,0.6333333333333333,0.41016333938294003,0.0
20260621_132802_002f9dab,20260621_132802_002f9dab_g0006,6,1324497333,6,56,56,56,1,1,RED,pool_l9_partial_200ms,0,3,[3],0,82,3,"{""1"": 82, ""2"": 88, ""3"": 90, ""4"": 77}",False,11.0,-59.0,2.0,43.0,34.0,0.085,10.0,7.625,10.0,6.0,2.0,1.5,0.5,0.0,70.0,21.0,14.0,7.0,21.0,1.0,1.0,2.0,3.0,0.0,0.0,0.0,0.0,56.0,56.0,0.66,0.6666666666666666,0.0224,0.0224,0.1675,0.7613636363636364,0.23863636363636365,0.275,0.7666666666666667,0.8,0.5833333333333333,0.49332285938727416,0.0
20260621_132802_002f9dab,20260621_132802_002f9dab_g0006,6,1324497333,6,56,56,56,1,2,BLUE,pool_peer_500ms,1,3,[3],0,88,2,"{""1"": 82, ""2"": 88, ""3"": 90, ""4"": 77}",False,28.0,-25.0,0.0,43.0,34.0,0.085,26.0,22.0,27.0,18.0,6.0,3.0,0.0,0.0,54.0,55.0,14.0,7.0,23.0,1.0,1.0,1.0,3.0,1.0,0.0,0.0,0.0,56.0,56.0,0.66,0.6666666666666666,0.0224,0.0224,0.1625,0.7386363636363636,0.26136363636363635,0.7,1.0,1.0,0.4416666666666667,0.5400809716599191,0.0
20260621_132802_002f9dab,20260621_132802_002f9dab_g0006,6,1324497333,6,56,56,56,1,3,YELLOW,champion,2,3,[3],1,90,1,"{""1"": 82, ""2"": 88, ""3"": 90, ""4"": 77}",False,31.0,-19.0,1.0,46.0,34.0,0.085,34.0,25.0,33.0,19.0,8.0,6.0,0.0,0.0,46.0,64.0,14.0,7.0,22.0,1.0,1.0,2.0,2.0,1.0,1.0,0.0,0.0,56.0,56.0,0.66,0.6666666666666666,0.0224,0.0224,0.165,0.75,0.25,0.775,0.9666666666666667,1.0,0.4166666666666667,0.5007974481658692,0.0
20260621_132802_002f9dab,20260621_132802_002f9dab_g0006,6,1324497333,6,56,56,56,1,4,GREEN,pool_l45_100ms,3,3,[3],0,77,4,"{""1"": 82, ""2"": 88, ""3"": 90, ""4"": 77}",False,11.0,-59.0,4.0,35.0,34.0,0.085,10.0,7.0,9.5,5.0,3.0,1.5,0.0,0.0,70.0,20.5,14.0,7.0,22.0,1.0,1.0,2.0,2.0,1.0,0.0,0.0,0.0,56.0,56.0,0.66,0.6666666666666666,0.0224,0.0224,0.165,0.75,0.25,0.275,0.48333333333333334,1.0,0.5833333333333333,0.40271132376395535,0.0
20260621_132802_002f9dab,20260621_132802_002f9dab_g0006,6,1324497333,7,64,64,64,1,1,RED,pool_l9_partial_200ms,0,3,[3],0,82,3,"{""1"": 82, ""2"": 88, ""3"": 90, ""4"": 77}",False,12.0,-53.0,2.0,51.0,41.0,0.1025,9.0,8.0,9.0,7.0,2.0,0.0,0.0,0.0,11.0,21.0,16.0,5.0,14.0,1.0,1.0,1.0,2.0,0.0,0.0,0.0,0.0,64.0,64.0,0.705,0.7619047619047619,0.0256,0.0256,0.185,0.8409090909090909,0.1590909090909091,0.3,0.5666666666666667,0.8,0.5416666666666667,0.507823613086771,0.0
20260621_132802_002f9dab,20260621_132802_002f9dab_g0006,6,1324497333,7,64,64,64,1,2,BLUE,pool_peer_500ms,1,3,[3],0,88,2,"{""1"": 82, ""2"": 88, ""3"": 90, ""4"": 77}",False,27.0,-23.0,0.0,51.0,41.0,0.1025,3.0,1.5,4.5,0.0,0.0,4.5,0.0,0.0,17.0,31.5,16.0,5.0,20.0,0.0,0.0,1.0,3.0,1.0,0.0,0.0,0.0,64.0,64.0,0.705,0.7619047619047619,0.0256,0.0256,0.17,0.7727272727272727,0.22727272727272727,0.675,0.7833333333333333,1.0,0.4166666666666667,0.5456656346749226,0.0
20260621_132802_002f9dab,20260621_132802_002f9dab_g0006,6,1324497333,7,64,64,64,1,3,YELLOW,champion,2,3,[3],1,90,1,"{""1"": 82, ""2"": 88, ""3"": 90, ""4"": 77}",False,30.0,-17.0,0.0,53.0,41.0,0.1025,5.0,1.5,4.5,0.0,0.0,4.5,0.0,0.0,15.0,34.5,16.0,5.0,19.0,0.0,0.0,2.0,2.0,1.0,1.0,0.0,0.0,64.0,64.0,0.705,0.7619047619047619,0.0256,0.0256,0.1725,0.7840909090909091,0.2159090909090909,0.75,0.7,1.0,0.39166666666666666,0.5102974828375286,0.0
20260621_132802_002f9dab,20260621_132802_002f9dab_g0006,6,1324497333,7,64,64,64,1,4,GREEN,pool_l45_100ms,3,3,[3],0,77,4,"{""1"": 82, ""2"": 88, ""3"": 90, ""4"": 77}",False,8.0,-61.0,4.0,37.0,41.0,0.1025,3.0,3.0,3.0,3.0,0.0,0.0,0.0,0.0,17.0,11.0,16.0,5.0,17.0,1.0,0.0,1.0,2.0,1.0,0.0,0.0,0.0,64.0,64.0,0.705,0.7619047619047619,0.0256,0.0256,0.1775,0.8068181818181818,0.19318181818181818,0.2,0.26666666666666666,1.0,0.575,0.4040029651593774,0.0
20260621_132802_002f9dab,20260621_132802_002f9dab_g0007,7,849893745,0,8,8,8,1,1,RED,pool_peer_500ms,0,2,[2],0,90,2,"{""1"": 90, ""2"": 94, ""3"": 60, ""4"": 78}",False,9.0,-13.0,9.0,0.0,0.0,0.0,543.0,122.625,488.75,9.0,15.0,41.25,153.5,270.0,1269.0,497.75,2.0,19.0,78.0,1.0,1.0,2.0,6.0,9.0,1.0,0.0,0.0,8.0,8.0,0.0975,0.09523809523809523,0.0032,0.0032,0.025,0.11363636363636363,0.8863636363636364,0.225,1.0,1.0,0.18333333333333332,0.23684210526315785,0.0
20260621_132802_002f9dab,20260621_132802_002f9dab_g0007,7,849893745,0,8,8,8,1,2,BLUE,champion,1,2,[2],1,94,1,"{""1"": 90, ""2"": 94, ""3"": 60, ""4"": 78}",False,8.0,-15.0,9.0,0.0,0.0,0.0,461.0,104.0,420.75,8.0,12.0,33.75,107.0,260.0,1351.0,428.75,2.0,19.0,79.0,1.0,1.0,2.0,5.0,10.0,1.0,1.0,0.0,8.0,8.0,0.0975,0.09523809523809523,0.0032,0.0032,0.0225,0.10227272727272728,0.8977272727272727,0.2,1.0,1.0,0.19166666666666668,0.21052631578947367,0.0
20260621_132802_002f9dab,20260621_132802_002f9dab_g0007,7,849893745,0,8,8,8,1,3,YELLOW,pool_l45_100ms,2,2,[2],0,60,4,"{""1"": 90, ""2"": 94, ""3"": 60, ""4"": 78}",False,7.0,-17.0,9.0,0.0,0.0,0.0,364.0,86.0,341.875,7.0,10.0,27.0,108.5,189.375,1448.0,348.875,2.0,19.0,78.0,1.0,1.0,2.0,6.0,9.0,1.0,1.0,0.0,8.0,8.0,0.0975,0.09523809523809523,0.0032,0.0032,0.025,0.11363636363636363,0.8863636363636364,0.175,1.0,1.0,0.2,0.17368421052631577,0.0
20260621_132802_002f9dab,20260621_132802_002f9dab_g0007,7,849893745,0,8,8,8,1,4,GREEN,pool_l9_partial_200ms,3,2,[2],0,78,3,"{""1"": 90, ""2"": 94, ""3"": 60, ""4"": 78}",False,7.0,-17.0,9.0,0.0,0.0,0.0,444.0,103.25,415.125,7.0,12.0,33.75,130.5,231.875,1368.0,422.125,2.0,19.0,78.0,1.0,1.0,2.0,6.0,9.0,1.0,1.0,0.0,8.0,8.0,0.0975,0.09523809523809523,0.0032,0.0032,0.025,0.11363636363636363,0.8863636363636364,0.175,1.0,1.0,0.2,0.20526315789473681,0.0
20260621_132802_002f9dab,20260621_132802_002f9dab_g0007,7,849893745,1,16,16,16,1,1,RED,pool_peer_500ms,0,2,[2],0,90,2,"{""1"": 90, ""2"": 94, ""3"": 60, ""4"": 78}",False,16.0,-20.0,0.0,1.0,4.0,0.01,720.0,179.5,697.375,14.0,24.0,67.5,252.5,339.375,1664.0,713.375,4.0,17.0,68.0,1.0,1.0,2.0,6.0,7.0,1.0,0.0,0.0,16.0,16.0,0.1975,0.19047619047619047,0.0064,0.0064,0.05,0.22727272727272727,0.7727272727272727,0.4,1.0,1.0,0.3,0.49473684210526314,0.0
20260621_132802_002f9dab,20260621_132802_002f9dab_g0007,7,849893745,1,16,16,16,1,2,BLUE,champion,1,2,[2],1,94,1,"{""1"": 90, ""2"": 94, ""3"": 60, ""4"": 78}",False,15.0,-22.0,1.0,1.0,4.0,0.01,773.0,182.875,719.375,15.0,24.0,68.25,214.0,398.125,1611.0,734.375,4.0,17.0,69.0,1.0,1.0,2.0,5.0,8.0,1.0,0.0,0.0,16.0,16.0,0.1975,0.19047619047619047,0.0064,0.0064,0.0475,0.2159090909090909,0.7840909090909091,0.375,1.0,1.0,0.30833333333333335,0.47645429362880887,0.0
20260621_132802_002f9dab,20260621_132802_002f9dab_g0007,7,849893745,1,16,16,16,1,3,YELLOW,pool_l45_100ms,2,2,[2],0,60,4,"{""1"": 90, ""2"": 94, ""3"": 60, ""4"": 78}",False,11.0,-30.0,5.0,0.0,4.0,0.01,366.0,89.5,330.875,11.0,14.0,32.25,120.5,153.125,2018.0,341.875,4.0,17.0,68.0,1.0,1.0,2.0,6.0,7.0,1.0,0.0,0.0,16.0,16.0,0.1975,0.19047619047619047,0.0064,0.0064,0.05,0.22727272727272727,0.7727272727272727,0.275,1.0,1.0,0.3416666666666667,0.3526315789473684,0.0
20260621_132802_002f9dab,20260621_132802_002f9dab_g0007,7,849893745,1,16,16,16,1,4,GREEN,pool_l9_partial_200ms,3,2,[2],0,78,3,"{""1"": 90, ""2"": 94, ""3"": 60, ""4"": 78}",False,10.0,-32.0,7.0,0.0,4.0,0.01,525.0,121.875,470.625,10.0,17.0,45.0,173.0,225.625,1859.0,480.625,4.0,17.0,68.0,1.0,1.0,2.0,6.0,7.0,1.0,0.0,0.0,16.0,16.0,0.1975,0.19047619047619047,0.0064,0.0064,0.05,0.22727272727272727,0.7727272727272727,0.25,1.0,1.0,0.35,0.3131578947368421,0.0
20260621_132802_002f9dab,20260621_132802_002f9dab_g0007,7,849893745,2,24,24,24,1,1,RED,pool_peer_500ms,0,2,[2],0,90,2,"{""1"": 90, ""2"": 94, ""3"": 60, ""4"": 78}",False,21.0,-29.0,0.0,8.0,5.0,0.0125,603.0,154.0,556.5,18.0,25.0,66.0,240.0,207.5,984.0,577.5,6.0,15.0,58.0,1.0,1.0,2.0,6.0,5.0,0.0,0.0,0.0,24.0,24.0,0.2975,0.2857142857142857,0.0096,0.0096,0.075,0.3409090909090909,0.6590909090909091,0.525,1.0,1.0,0.4166666666666667,0.5929824561403509,0.0
20260621_132802_002f9dab,20260621_132802_002f9dab_g0007,7,849893745,2,24,24,24,1,2,BLUE,champion,1,2,[2],1,94,1,"{""1"": 90, ""2"": 94, ""3"": 60, ""4"": 78}",False,23.0,-25.0,1.0,11.0,5.0,0.0125,565.0,156.25,563.25,20.0,28.0,69.0,200.0,246.25,1022.0,586.25,6.0,15.0,59.0,1.0,1.0,2.0,5.0,6.0,1.0,0.0,0.0,24.0,24.0,0.2975,0.2857142857142857,0.0096,0.0096,0.0725,0.32954545454545453,0.6704545454545454,0.575,1.0,1.0,0.4,0.5698729582577132,0.0
20260621_132802_002f9dab,20260621_132802_002f9dab_g0007,7,849893745,2,24,24,24,1,3,YELLOW,pool_l45_100ms,2,2,[2],0,60,4,"{""1"": 90, ""2"": 94, ""3"": 60, ""4"": 78}",False,12.0,-47.0,5.0,4.0,5.0,0.0125,108.0,35.0,97.375,12.0,8.0,12.75,36.5,28.125,1479.0,109.375,6.0,15.0,58.0,1.0,1.0,2.0,6.0,5.0,0.0,0.0,0.0,24.0,24.0,0.2975,0.2857142857142857,0.0096,0.0096,0.075,0.3409090909090909,0.6590909090909091,0.3,1.0,1.0,0.4916666666666667,0.39473684210526316,0.0
20260621_132802_002f9dab,20260621_132802_002f9dab_g0007,7,849893745,2,24,24,24,1,4,GREEN,pool_l9_partial_200ms,3,2,[2],0,78,3,"{""1"": 90, ""2"": 94, ""3"": 60, ""4"": 78}",False,15.0,-41.0,4.0,3.0,5.0,0.0125,311.0,84.75,274.875,15.0,20.0,42.0,123.5,74.375,1276.0,289.875,6.0,15.0,58.0,1.0,1.0,2.0,6.0,5.0,0.0,0.0,0.0,24.0,24.0,0.2975,0.2857142857142857,0.0096,0.0096,0.075,0.3409090909090909,0.6590909090909091,0.375,1.0,1.0,0.4666666666666667,0.43333333333333324,0.0
20260621_132802_002f9dab,20260621_132802_002f9dab_g0007,7,849893745,3,32,32,32,1,1,RED,pool_peer_500ms,0,2,[2],0,90,2,"{""1"": 90, ""2"": 94, ""3"": 60, ""4"": 78}",False,26.0,-35.0,0.0,16.0,11.0,0.0275,288.0,86.75,273.0,18.0,19.0,41.25,131.0,63.75,491.0,299.0,8.0,13.0,48.0,1.0,1.0,2.0,6.0,3.0,0.0,0.0,0.0,32.0,32.0,0.3975,0.38095238095238093,0.0128,0.0128,0.1,0.45454545454545453,0.5454545454545454,0.65,1.0,1.0,0.5083333333333333,0.6026315789473684,0.0
20260621_132802_002f9dab,20260621_132802_002f9dab_g0007,7,849893745,3,32,32,32,1,2,BLUE,champion,1,2,[2],1,94,1,"{""1"": 90, ""2"": 94, ""3"": 60, ""4"": 78}",False,29.0,-29.0,1.0,20.0,11.0,0.0275,321.0,105.75,337.25,21.0,25.0,53.25,138.0,100.0,458.0,366.25,8.0,13.0,49.0,1.0,1.0,2.0,5.0,4.0,1.0,0.0,0.0,32.0,32.0,0.3975,0.38095238095238093,0.0128,0.0128,0.0975,0.4431818181818182,0.5568181818181818,0.725,1.0,1.0,0.4833333333333333,0.5910931174089069,0.0
20260621_132802_002f9dab,20260621_132802_002f9dab_g0007,7,849893745,3,32,32,32,1,3,YELLOW,pool_l45_100ms,2,2,[2],0,60,4,"{""1"": 90, ""2"": 94, ""3"": 60, ""4"": 78}",False,15.0,-57.0,5.0,7.0,11.0,0.0275,50.0,27.0,53.375,14.0,10.0,9.75,16.5,3.125,729.0,68.375,8.0,13.0,48.0,1.0,1.0,2.0,6.0,3.0,0.0,0.0,0.0,32.0,32.0,0.3975,0.38095238095238093,0.0128,0.0128,0.1,0.45454545454545453,0.5454545454545454,0.375,1.0,1.0,0.6,0.4342105263157895,0.0
20260621_132802_002f9dab,20260621_132802_002f9dab_g0007,7,849893745,3,32,32,32,1,4,GREEN,pool_l9_partial_200ms,3,2,[2],0,78,3,"{""1"": 90, ""2"": 94, ""3"": 60, ""4"": 78}",False,17.0,-53.0,4.0,6.0,11.0,0.0275,120.0,43.5,111.25,15.0,14.0,21.0,45.0,16.25,659.0,128.25,8.0,13.0,48.0,1.0,1.0,2.0,6.0,3.0,0.0,0.0,0.0,32.0,32.0,0.3975,0.38095238095238093,0.0128,0.0128,0.1,0.45454545454545453,0.5454545454545454,0.425,1.0,1.0,0.5833333333333333,0.4473684210526315,0.0
20260621_132802_002f9dab,20260621_132802_002f9dab_g0007,7,849893745,4,40,40,40,1,1,RED,pool_peer_500ms,0,2,[2],0,90,2,"{""1"": 90, ""2"": 94, ""3"": 60, ""4"": 78}",False,33.0,-24.0,0.0,21.0,32.0,0.08,209.0,71.5,198.25,22.0,19.0,36.0,75.0,46.25,229.0,231.25,10.0,11.0,40.0,1.0,1.0,2.0,4.0,3.0,0.0,0.0,0.0,40.0,40.0,0.485,0.47619047619047616,0.016,0.016,0.12,0.5454545454545454,0.45454545454545453,0.825,1.0,1.0,0.475,0.5723684210526316,0.0
20260621_132802_002f9dab,20260621_132802_002f9dab_g0007,7,849893745,4,40,40,40,1,2,BLUE,champion,1,2,[2],1,94,1,"{""1"": 90, ""2"": 94, ""3"": 60, ""4"": 78}",False,34.0,-22.0,1.0,29.0,32.0,0.08,181.0,73.5,205.75,21.0,23.0,42.0,61.0,58.75,257.0,239.75,10.0,11.0,41.0,1.0,1.0,2.0,3.0,4.0,1.0,0.0,0.0,40.0,40.0,0.485,0.47619047619047616,0.016,0.016,0.1175,0.5340909090909091,0.4659090909090909,0.85,1.0,1.0,0.4666666666666667,0.5879059350503919,0.0
20260621_132802_002f9dab,20260621_132802_002f9dab_g0007,7,849893745,4,40,40,40,1,3,YELLOW,pool_l45_100ms,2,2,[2],0,60,4,"{""1"": 90, ""2"": 94, ""3"": 60, ""4"": 78}",False,9.0,-72.0,5.0,8.0,32.0,0.08,12.0,10.0,12.5,8.0,3.0,1.5,0.0,0.0,426.0,21.5,10.0,11.0,39.0,1.0,1.0,2.0,5.0,2.0,0.0,0.0,0.0,40.0,40.0,0.485,0.47619047619047616,0.016,0.016,0.1225,0.5568181818181818,0.4431818181818182,0.225,0.7333333333333333,1.0,0.675,0.40494092373791624,0.0
20260621_132802_002f9dab,20260621_132802_002f9dab_g0007,7,849893745,4,40,40,40,1,4,GREEN,pool_l9_partial_200ms,3,2,[2],0,78,3,"{""1"": 90, ""2"": 94, ""3"": 60, ""4"": 78}",False,14.0,-62.0,4.0,9.0,32.0,0.08,36.0,18.75,31.75,11.0,8.0,6.75,6.0,0.0,402.0,45.75,10.0,11.0,38.0,1.0,1.0,2.0,6.0,1.0,0.0,0.0,0.0,40.0,40.0,0.485,0.47619047619047616,0.016,0.016,0.125,0.5681818181818182,0.4318181818181818,0.35,0.8666666666666667,1.0,0.6333333333333333,0.4242105263157895,0.0
20260621_132802_002f9dab,20260621_132802_002f9dab_g0007,7,849893745,5,48,48,48,1,1,RED,pool_peer_500ms,0,2,[2],0,90,2,"{""1"": 90, ""2"": 94, ""3"": 60, ""4"": 78}",False,34.0,-24.0,0.0,35.0,45.0,0.1125,74.0,39.875,78.625,22.0,14.0,9.0,23.0,10.625,118.0,112.625,12.0,9.0,32.0,1.0,1.0,1.0,4.0,2.0,0.0,0.0,0.0,48.0,48.0,0.5625,0.5714285714285714,0.0192,0.0192,0.14,0.6363636363636364,0.36363636363636365,0.85,1.0,1.0,0.4833333333333333,0.5535714285714286,0.0
20260621_132802_002f9dab,20260621_132802_002f9dab_g0007,7,849893745,5,48,48,48,1,2,BLUE,champion,1,2,[2],1,94,1,"{""1"": 90, ""2"": 94, ""3"": 60, ""4"": 78}",False,37.0,-18.0,1.0,37.0,45.0,0.1125,66.0,36.75,68.75,19.0,16.0,18.75,10.0,5.0,126.0,105.75,12.0,9.0,32.0,1.0,1.0,2.0,2.0,3.0,1.0,0.0,0.0,48.0,48.0,0.5625,0.5714285714285714,0.0192,0.0192,0.14,0.6363636363636364,0.36363636363636365,0.925,1.0,1.0,0.4583333333333333,0.5460526315789473,0.0
20260621_132802_002f9dab,20260621_132802_002f9dab_g0007,7,849893745,5,48,48,48,1,3,YELLOW,pool_l45_100ms,2,2,[2],0,60,4,"{""1"": 90, ""2"": 94, ""3"": 60, ""4"": 78}",False,6.0,-80.0,4.0,13.0,45.0,0.1125,5.0,5.0,5.0,5.0,0.0,0.0,0.0,0.0,187.0,11.0,12.0,9.0,34.0,1.0,0.0,1.0,5.0,2.0,0.0,0.0,0.0,48.0,48.0,0.5625,0.5714285714285714,0.0192,0.0192,0.135,0.6136363636363636,0.38636363636363635,0.15,0.5166666666666667,1.0,0.7166666666666667,0.419103313840156,0.0
20260621_132802_002f9dab,20260621_132802_002f9dab_g0007,7,849893745,5,48,48,48,1,4,GREEN,pool_l9_partial_200ms,3,2,[2],0,78,3,"{""1"": 90, ""2"": 94, ""3"": 60, ""4"": 78}",False,15.0,-62.0,4.0,20.0,45.0,0.1125,47.0,22.0,43.75,11.0,8.0,9.75,15.0,0.0,145.0,58.75,12.0,9.0,29.0,1.0,1.0,2.0,5.0,0.0,0.0,0.0,0.0,48.0,48.0,0.5625,0.5714285714285714,0.0192,0.0192,0.1475,0.6704545454545454,0.32954545454545453,0.375,1.0,0.8,0.6416666666666667,0.43354148082069577,0.0
20260621_132802_002f9dab,20260621_132802_002f9dab_g0007,7,849893745,6,56,56,57,2,1,RED,pool_peer_500ms,0,2,[2],0,90,2,"{""1"": 90, ""2"": 94, ""3"": 60, ""4"": 78}",False,33.0,-24.0,0.0,43.0,34.0,0.085,4.0,1.625,5.5,0.0,0.0,3.0,2.5,0.0,62.0,38.5,15.0,6.0,24.0,0.0,0.0,1.0,4.0,1.0,0.0,0.0,0.0,56.0,57.0,0.625,0.7142857142857143,0.0228,0.0224,0.16,0.7272727272727273,0.2727272727272727,0.825,1.0,1.0,0.475,0.5567434210526316,0.0
20260621_132802_002f9dab,20260621_132802_002f9dab_g0007,7,849893745,6,56,56,57,2,2,BLUE,champion,1,2,[2],1,94,1,"{""1"": 90, ""2"": 94, ""3"": 60, ""4"": 78}",False,37.0,-16.0,1.0,53.0,34.0,0.085,48.0,30.5,49.5,18.0,14.0,13.5,4.0,0.0,18.0,86.5,14.0,7.0,22.0,1.0,1.0,2.0,2.0,1.0,1.0,0.0,0.0,56.0,57.0,0.625,0.6666666666666666,0.0228,0.0224,0.165,0.75,0.25,0.925,1.0,1.0,0.4416666666666667,0.5534290271132376,0.0
20260621_132802_002f9dab,20260621_132802_002f9dab_g0007,7,849893745,6,56,56,57,2,3,YELLOW,pool_l45_100ms,2,2,[2],0,60,4,"{""1"": 90, ""2"": 94, ""3"": 60, ""4"": 78}",False,5.0,-80.0,4.0,16.0,34.0,0.085,0.0,0.0,0.0,0.0,0.0,0.0,0.0,0.0,66.0,5.0,13.0,8.0,33.0,0.0,0.0,1.0,5.0,2.0,0.0,0.0,0.0,56.0,57.0,0.625,0.6190476190476191,0.0228,0.0224,0.1375,0.625,0.375,0.125,0.38333333333333336,1.0,0.7083333333333333,0.4133971291866029,0.0
20260621_132802_002f9dab,20260621_132802_002f9dab_g0007,7,849893745,6,56,56,57,2,4,GREEN,pool_l9_partial_200ms,3,2,[2],0,78,3,"{""1"": 90, ""2"": 94, ""3"": 60, ""4"": 78}",False,15.0,-60.0,4.0,32.0,34.0,0.085,14.0,10.75,12.5,10.0,0.0,1.5,1.0,0.0,52.0,27.5,14.0,7.0,23.0,1.0,0.0,2.0,4.0,0.0,0.0,0.0,0.0,56.0,57.0,0.625,0.6666666666666666,0.0228,0.0224,0.1625,0.7386363636363636,0.26136363636363635,0.375,0.55,0.8,0.625,0.4283400809716599,0.0
20260621_132802_002f9dab,20260621_132802_002f9dab_g0007,7,849893745,7,64,64,68,1,1,RED,pool_peer_500ms,0,2,[2],0,90,2,"{""1"": 90, ""2"": 94, ""3"": 60, ""4"": 78}",False,29.0,-25.0,0.0,51.0,42.0,0.105,0.0,0.0,0.0,0.0,0.0,0.0,0.0,0.0,8.0,29.0,17.0,4.0,17.0,0.0,0.0,0.0,3.0,1.0,0.0,0.0,0.0,64.0,68.0,0.68,0.8095238095238095,0.0272,0.0256,0.1775,0.8068181818181818,0.19318181818181818,0.725,0.6833333333333333,1.0,0.45,0.5448480355819125,0.0
20260621_132802_002f9dab,20260621_132802_002f9dab_g0007,7,849893745,7,64,64,68,1,2,BLUE,champion,1,2,[2],1,94,1,"{""1"": 90, ""2"": 94, ""3"": 60, ""4"": 78}",False,37.0,-9.0,1.0,62.0,42.0,0.105,8.0,2.75,8.25,0.0,0.0,8.25,0.0,0.0,0.0,45.25,17.0,4.0,15.0,0.0,0.0,2.0,1.0,1.0,1.0,0.0,0.0,64.0,68.0,0.68,0.8095238095238095,0.0272,0.0256,0.1825,0.8295454545454546,0.17045454545454544,0.925,1.0,1.0,0.38333333333333336,0.5457822638788753,0.0
20260621_132802_002f9dab,20260621_132802_002f9dab_g0007,7,849893745,7,64,64,68,1,3,YELLOW,pool_l45_100ms,2,2,[2],0,60,4,"{""1"": 90, ""2"": 94, ""3"": 60, ""4"": 78}",False,5.0,-73.0,4.0,24.0,42.0,0.105,0.0,0.0,0.0,0.0,0.0,0.0,0.0,0.0,8.0,5.0,13.0,8.0,33.0,0.0,0.0,1.0,5.0,2.0,0.0,0.0,0.0,64.0,68.0,0.68,0.6190476190476191,0.0272,0.0256,0.1375,0.625,0.375,0.125,0.25,1.0,0.65,0.4133971291866029,0.0
20260621_132802_002f9dab,20260621_132802_002f9dab_g0007,7,849893745,7,64,64,68,1,4,GREEN,pool_l9_partial_200ms,3,2,[2],0,78,3,"{""1"": 90, ""2"": 94, ""3"": 60, ""4"": 78}",False,12.0,-59.0,2.0,42.0,42.0,0.105,0.0,0.0,0.0,0.0,0.0,0.0,0.0,0.0,8.0,12.0,17.0,4.0,15.0,0.0,0.0,1.0,3.0,0.0,0.0,0.0,0.0,64.0,68.0,0.68,0.8095238095238095,0.0272,0.0256,0.1825,0.8295454545454546,0.17045454545454544,0.3,0.26666666666666666,0.8,0.5916666666666667,0.4297043979812546,0.0
20260621_132802_002f9dab,20260621_132802_002f9dab_g0008,8,108350755,0,8,8,8,1,1,RED,champion,0,1,[1],1,95,1,"{""1"": 95, ""2"": 79, ""3"": 72, ""4"": 92}",False,7.0,-14.0,9.0,0.0,3.0,0.0075,440.0,107.125,438.75,7.0,12.0,34.5,111.5,273.75,1234.0,445.75,2.0,19.0,79.0,1.0,1.0,2.0,5.0,10.0,1.0,1.0,1.0,8.0,8.0,0.0975,0.09523809523809523,0.0032,0.0032,0.0225,0.10227272727272728,0.8977272727272727,0.175,1.0,1.0,0.175,0.23976608187134507,0.0
20260621_132802_002f9dab,20260621_132802_002f9dab_g0008,8,108350755,0,8,8,8,1,2,BLUE,pool_l45_100ms,1,1,[1],0,79,3,"{""1"": 95, ""2"": 79, ""3"": 72, ""4"": 92}",False,5.0,-18.0,9.0,0.0,3.0,0.0075,327.0,76.25,309.5,5.0,8.0,24.0,95.0,177.5,1347.0,314.5,2.0,19.0,78.0,1.0,1.0,2.0,6.0,9.0,1.0,1.0,0.0,8.0,8.0,0.0975,0.09523809523809523,0.0032,0.0032,0.025,0.11363636363636363,0.8863636363636364,0.125,1.0,1.0,0.19166666666666668,0.15263157894736834,0.0
20260621_132802_002f9dab,20260621_132802_002f9dab_g0008,8,108350755,0,8,8,8,1,3,YELLOW,pool_l9_partial_200ms,2,1,[1],0,72,4,"{""1"": 95, ""2"": 79, ""3"": 72, ""4"": 92}",False,7.0,-14.0,9.0,0.0,3.0,0.0075,364.0,86.0,341.875,7.0,10.0,27.0,108.5,189.375,1310.0,348.875,2.0,19.0,78.0,1.0,1.0,2.0,6.0,9.0,1.0,1.0,0.0,8.0,8.0,0.0975,0.09523809523809523,0.0032,0.0032,0.025,0.11363636363636363,0.8863636363636364,0.175,1.0,1.0,0.175,0.17368421052631577,0.0
20260621_132802_002f9dab,20260621_132802_002f9dab_g0008,8,108350755,0,8,8,8,1,4,GREEN,pool_peer_500ms,3,1,[1],0,92,2,"{""1"": 95, ""2"": 79, ""3"": 72, ""4"": 92}",False,9.0,-10.0,9.0,0.0,3.0,0.0075,543.0,122.625,488.75,9.0,15.0,41.25,153.5,270.0,1131.0,497.75,2.0,19.0,78.0,1.0,1.0,2.0,6.0,9.0,1.0,0.0,0.0,8.0,8.0,0.0975,0.09523809523809523,0.0032,0.0032,0.025,0.11363636363636363,0.8863636363636364,0.225,1.0,1.0,0.15833333333333333,0.23684210526315785,0.0
20260621_132802_002f9dab,20260621_132802_002f9dab_g0008,8,108350755,1,16,16,16,1,1,RED,champion,0,1,[1],1,95,1,"{""1"": 95, ""2"": 79, ""3"": 72, ""4"": 92}",False,16.0,-19.0,0.0,2.0,3.0,0.0075,880.0,205.0,811.375,15.0,27.0,77.25,246.5,445.625,1633.0,827.375,4.0,17.0,69.0,1.0,1.0,2.0,5.0,8.0,1.0,0.0,0.0,16.0,16.0,0.1975,0.19047619047619047,0.0064,0.0064,0.0475,0.2159090909090909,0.7840909090909091,0.4,1.0,1.0,0.29166666666666663,0.5096952908587258,0.0
20260621_132802_002f9dab,20260621_132802_002f9dab_g0008,8,108350755,1,16,16,16,1,2,BLUE,pool_l45_100ms,1,1,[1],0,79,3,"{""1"": 95, ""2"": 79, ""3"": 72, ""4"": 92}",False,9.0,-33.0,6.0,0.0,3.0,0.0075,510.0,118.625,460.0,9.0,16.0,45.0,172.5,217.5,2003.0,469.0,4.0,17.0,68.0,1.0,1.0,2.0,6.0,7.0,1.0,0.0,0.0,16.0,16.0,0.1975,0.19047619047619047,0.0064,0.0064,0.05,0.22727272727272727,0.7727272727272727,0.225,1.0,1.0,0.35,0.3263157894736842,0.0
20260621_132802_002f9dab,20260621_132802_002f9dab_g0008,8,108350755,1,16,16,16,1,3,YELLOW,pool_l9_partial_200ms,2,1,[1],0,72,4,"{""1"": 95, ""2"": 79, ""3"": 72, ""4"": 92}",False,11.0,-29.0,5.0,0.0,3.0,0.0075,403.0,97.625,363.75,11.0,15.0,36.0,135.5,166.25,2110.0,374.75,4.0,17.0,68.0,1.0,1.0,2.0,6.0,7.0,1.0,0.0,0.0,16.0,16.0,0.1975,0.19047619047619047,0.0064,0.0064,0.05,0.22727272727272727,0.7727272727272727,0.275,1.0,1.0,0.33333333333333337,0.3526315789473684,0.0
20260621_132802_002f9dab,20260621_132802_002f9dab_g0008,8,108350755,1,16,16,16,1,4,GREEN,pool_peer_500ms,3,1,[1],0,92,2,"{""1"": 95, ""2"": 79, ""3"": 72, ""4"": 92}",False,15.0,-21.0,0.0,1.0,3.0,0.0075,720.0,180.875,696.875,15.0,25.0,69.75,254.0,333.125,1793.0,711.875,4.0,17.0,68.0,1.0,1.0,2.0,6.0,7.0,1.0,0.0,0.0,16.0,16.0,0.1975,0.19047619047619047,0.0064,0.0064,0.05,0.22727272727272727,0.7727272727272727,0.375,1.0,1.0,0.3,0.49473684210526314,0.0
20260621_132802_002f9dab,20260621_132802_002f9dab_g0008,8,108350755,2,24,24,24,1,1,RED,champion,0,1,[1],1,95,1,"{""1"": 95, ""2"": 79, ""3"": 72, ""4"": 92}",False,23.0,-20.0,0.0,9.0,5.0,0.0125,660.0,169.875,622.0,18.0,31.0,77.25,229.5,266.25,1041.0,645.0,6.0,15.0,59.0,1.0,1.0,2.0,5.0,6.0,1.0,0.0,0.0,24.0,24.0,0.295,0.2857142857142857,0.0096,0.0096,0.0725,0.32954545454545453,0.6704545454545454,0.575,1.0,1.0,0.35833333333333334,0.5862068965517242,0.0
20260621_132802_002f9dab,20260621_132802_002f9dab_g0008,8,108350755,2,24,24,24,1,2,BLUE,pool_l45_100ms,1,1,[1],0,79,3,"{""1"": 95, ""2"": 79, ""3"": 72, ""4"": 92}",False,13.0,-40.0,6.0,0.0,5.0,0.0125,339.0,89.0,302.75,13.0,18.0,42.75,139.0,90.0,1362.0,315.75,6.0,15.0,58.0,1.0,1.0,2.0,6.0,5.0,0.0,0.0,0.0,24.0,24.0,0.295,0.2857142857142857,0.0096,0.0096,0.075,0.3409090909090909,0.6590909090909091,0.325,1.0,1.0,0.4416666666666667,0.38596491228070173,0.0
20260621_132802_002f9dab,20260621_132802_002f9dab_g0008,8,108350755,2,24,24,24,1,3,YELLOW,pool_l9_partial_200ms,2,1,[1],0,72,4,"{""1"": 95, ""2"": 79, ""3"": 72, ""4"": 92}",False,12.0,-42.0,5.0,5.0,5.0,0.0125,116.0,36.875,106.25,11.0,9.0,15.75,40.5,30.0,1585.0,118.25,6.0,15.0,58.0,1.0,1.0,2.0,6.0,5.0,0.0,0.0,0.0,24.0,24.0,0.295,0.2857142857142857,0.0096,0.0096,0.075,0.3409090909090909,0.6590909090909091,0.3,1.0,1.0,0.45,0.39473684210526316,0.0
20260621_132802_002f9dab,20260621_132802_002f9dab_g0008,8,108350755,2,24,24,24,1,4,GREEN,pool_peer_500ms,3,1,[1],0,92,2,"{""1"": 95, ""2"": 79, ""3"": 72, ""4"": 92}",False,18.0,-30.0,0.0,7.0,5.0,0.0125,586.0,151.75,554.375,18.0,26.0,66.75,195.5,248.125,1115.0,572.375,6.0,15.0,59.0,1.0,1.0,2.0,5.0,6.0,0.0,0.0,0.0,24.0,24.0,0.295,0.2857142857142857,0.0096,0.0096,0.0725,0.32954545454545453,0.6704545454545454,0.45,1.0,1.0,0.4,0.5753176043557169,0.0
20260621_132802_002f9dab,20260621_132802_002f9dab_g0008,8,108350755,3,32,32,32,1,1,RED,champion,0,1,[1],1,95,1,"{""1"": 95, ""2"": 79, ""3"": 72, ""4"": 92}",False,27.0,-20.0,0.0,18.0,10.0,0.025,394.0,115.875,387.0,18.0,28.0,57.0,161.5,122.5,400.0,414.0,8.0,13.0,49.0,1.0,1.0,2.0,5.0,4.0,1.0,0.0,0.0,32.0,32.0,0.3925,0.38095238095238093,0.0128,0.0128,0.0975,0.4431818181818182,0.5568181818181818,0.675,1.0,1.0,0.39166666666666666,0.6153846153846154,0.0
20260621_132802_002f9dab,20260621_132802_002f9dab_g0008,8,108350755,3,32,32,32,1,2,BLUE,pool_l45_100ms,1,1,[1],0,79,3,"{""1"": 95, ""2"": 79, ""3"": 72, ""4"": 92}",False,12.0,-50.0,2.0,8.0,10.0,0.025,66.0,28.25,70.5,10.0,9.0,15.0,29.0,7.5,728.0,82.5,8.0,13.0,48.0,1.0,1.0,2.0,6.0,3.0,0.0,0.0,0.0,32.0,32.0,0.3925,0.38095238095238093,0.0128,0.0128,0.1,0.45454545454545453,0.5454545454545454,0.3,1.0,1.0,0.5166666666666667,0.4776315789473684,0.0
20260621_132802_002f9dab,20260621_132802_002f9dab_g0008,8,108350755,3,32,32,32,1,3,YELLOW,pool_l9_partial_200ms,2,1,[1],0,72,4,"{""1"": 95, ""2"": 79, ""3"": 72, ""4"": 92}",False,13.0,-48.0,5.0,11.0,10.0,0.025,64.0,27.875,66.25,12.0,8.0,11.25,22.5,12.5,730.0,79.25,8.0,13.0,48.0,1.0,1.0,2.0,6.0,3.0,0.0,0.0,0.0,32.0,32.0,0.3925,0.38095238095238093,0.0128,0.0128,0.1,0.45454545454545453,0.5454545454545454,0.325,1.0,1.0,0.5083333333333333,0.4236842105263158,0.0
20260621_132802_002f9dab,20260621_132802_002f9dab_g0008,8,108350755,3,32,32,32,1,4,GREEN,pool_peer_500ms,3,1,[1],0,92,2,"{""1"": 95, ""2"": 79, ""3"": 72, ""4"": 92}",False,22.0,-30.0,0.0,15.0,10.0,0.025,270.0,84.0,268.25,20.0,18.0,36.75,81.0,112.5,524.0,290.25,8.0,13.0,50.0,1.0,1.0,2.0,4.0,5.0,0.0,0.0,0.0,32.0,32.0,0.3925,0.38095238095238093,0.0128,0.0128,0.095,0.4318181818181818,0.5681818181818182,0.55,1.0,1.0,0.4333333333333333,0.5900277008310248,0.0
20260621_132802_002f9dab,20260621_132802_002f9dab_g0008,8,108350755,4,40,40,40,1,1,RED,champion,0,1,[1],1,95,1,"{""1"": 95, ""2"": 79, ""3"": 72, ""4"": 92}",False,31.0,-23.0,0.0,25.0,21.0,0.0525,202.0,69.0,194.0,18.0,23.0,39.0,74.0,40.0,289.0,225.0,10.0,11.0,40.0,1.0,1.0,2.0,4.0,3.0,0.0,0.0,0.0,40.0,40.0,0.4875,0.47619047619047616,0.016,0.016,0.12,0.5454545454545454,0.45454545454545453,0.775,1.0,1.0,0.45,0.6074561403508771,0.0
20260621_132802_002f9dab,20260621_132802_002f9dab_g0008,8,108350755,4,40,40,40,1,2,BLUE,pool_l45_100ms,1,1,[1],0,79,3,"{""1"": 95, ""2"": 79, ""3"": 72, ""4"": 92}",False,13.0,-59.0,2.0,13.0,21.0,0.0525,65.0,27.625,64.625,11.0,9.0,13.5,28.0,3.125,426.0,77.625,10.0,11.0,38.0,1.0,1.0,2.0,6.0,1.0,0.0,0.0,0.0,40.0,40.0,0.4875,0.47619047619047616,0.016,0.016,0.125,0.5681818181818182,0.4318181818181818,0.325,1.0,1.0,0.6,0.4621052631578947,0.0
20260621_132802_002f9dab,20260621_132802_002f9dab_g0008,8,108350755,4,40,40,40,1,3,YELLOW,pool_l9_partial_200ms,2,1,[1],0,72,4,"{""1"": 95, ""2"": 79, ""3"": 72, ""4"": 92}",False,14.0,-57.0,5.0,18.0,21.0,0.0525,63.0,26.375,59.875,12.0,7.0,10.5,26.0,4.375,428.0,73.875,10.0,11.0,38.0,1.0,1.0,2.0,6.0,1.0,0.0,0.0,0.0,40.0,40.0,0.4875,0.47619047619047616,0.016,0.016,0.125,0.5681818181818182,0.4318181818181818,0.35,1.0,1.0,0.5916666666666667,0.4147368421052632,0.0
20260621_132802_002f9dab,20260621_132802_002f9dab_g0008,8,108350755,4,40,40,40,1,4,GREEN,pool_peer_500ms,3,1,[1],0,92,2,"{""1"": 95, ""2"": 79, ""3"": 72, ""4"": 92}",False,27.0,-31.0,0.0,29.0,21.0,0.0525,161.0,62.75,168.125,22.0,17.0,30.0,48.5,50.625,330.0,195.125,10.0,11.0,41.0,1.0,1.0,2.0,3.0,4.0,0.0,0.0,0.0,40.0,40.0,0.4875,0.47619047619047616,0.016,0.016,0.1175,0.5340909090909091,0.4659090909090909,0.675,1.0,1.0,0.4833333333333333,0.574468085106383,0.0
20260621_132802_002f9dab,20260621_132802_002f9dab_g0008,8,108350755,5,48,48,48,1,1,RED,champion,0,1,[1],1,95,1,"{""1"": 95, ""2"": 79, ""3"": 72, ""4"": 92}",False,34.0,-23.0,0.0,40.0,28.0,0.07,67.0,33.25,70.25,15.0,13.0,17.25,20.0,5.0,112.0,104.25,12.0,9.0,30.0,1.0,1.0,2.0,4.0,1.0,0.0,0.0,0.0,48.0,48.0,0.5825,0.5714285714285714,0.0192,0.0192,0.145,0.6590909090909091,0.3409090909090909,0.85,1.0,1.0,0.475,0.5925589836660616,0.0
20260621_132802_002f9dab,20260621_132802_002f9dab_g0008,8,108350755,5,48,48,48,1,2,BLUE,pool_l45_100ms,1,1,[1],0,79,3,"{""1"": 95, ""2"": 79, ""3"": 72, ""4"": 92}",False,11.0,-69.0,2.0,23.0,28.0,0.07,22.0,13.0,21.25,8.0,5.0,5.25,3.0,0.0,157.0,32.25,12.0,9.0,29.0,1.0,1.0,2.0,5.0,0.0,0.0,0.0,0.0,48.0,48.0,0.5825,0.5714285714285714,0.0192,0.0192,0.1475,0.6704545454545454,0.32954545454545453,0.275,0.7,0.8,0.6666666666666667,0.4388938447814452,0.0
20260621_132802_002f9dab,20260621_132802_002f9dab_g0008,8,108350755,5,48,48,48,1,3,YELLOW,pool_l9_partial_200ms,2,1,[1],0,72,4,"{""1"": 95, ""2"": 79, ""3"": 72, ""4"": 92}",False,16.0,-59.0,5.0,22.0,28.0,0.07,44.0,23.75,42.75,14.0,7.0,9.75,12.0,0.0,135.0,58.75,12.0,9.0,29.0,1.0,1.0,2.0,5.0,0.0,0.0,0.0,0.0,48.0,48.0,0.5825,0.5714285714285714,0.0192,0.0192,0.1475,0.6704545454545454,0.32954545454545453,0.4,1.0,0.8,0.625,0.4041034790365745,0.0
20260621_132802_002f9dab,20260621_132802_002f9dab_g0008,8,108350755,5,48,48,48,1,4,GREEN,pool_peer_500ms,3,1,[1],0,92,2,"{""1"": 95, ""2"": 79, ""3"": 72, ""4"": 92}",False,30.0,-31.0,0.0,39.0,28.0,0.07,46.0,30.875,50.0,21.0,8.0,9.75,7.5,3.75,133.0,80.0,12.0,9.0,31.0,1.0,1.0,2.0,3.0,2.0,0.0,0.0,0.0,48.0,48.0,0.5825,0.5714285714285714,0.0192,0.0192,0.1425,0.6477272727272727,0.3522727272727273,0.75,1.0,1.0,0.5083333333333333,0.5604801477377654,0.0
20260621_132802_002f9dab,20260621_132802_002f9dab_g0008,8,108350755,6,56,56,56,1,1,RED,champion,0,1,[1],1,95,1,"{""1"": 95, ""2"": 79, ""3"": 72, ""4"": 92}",False,32.0,-23.0,0.0,53.0,39.0,0.0975,20.0,15.5,21.0,11.0,7.0,3.0,0.0,0.0,23.0,53.0,14.0,7.0,22.0,1.0,1.0,1.0,4.0,0.0,0.0,0.0,0.0,56.0,56.0,0.6475,0.6666666666666666,0.0224,0.0224,0.165,0.75,0.25,0.8,0.8833333333333333,0.8,0.4583333333333333,0.5861244019138756,0.0
20260621_132802_002f9dab,20260621_132802_002f9dab_g0008,8,108350755,6,56,56,56,1,2,BLUE,pool_l45_100ms,1,1,[1],0,79,3,"{""1"": 95, ""2"": 79, ""3"": 72, ""4"": 92}",False,10.0,-67.0,2.0,31.0,39.0,0.0975,13.0,9.5,13.25,7.0,3.0,2.25,1.0,0.0,30.0,23.25,14.0,7.0,21.0,1.0,1.0,2.0,3.0,0.0,0.0,0.0,0.0,56.0,56.0,0.6475,0.6666666666666666,0.0224,0.0224,0.1675,0.7613636363636364,0.23863636363636365,0.25,0.6,0.8,0.6416666666666667,0.41005498821681063,0.0
20260621_132802_002f9dab,20260621_132802_002f9dab_g0008,8,108350755,6,56,56,56,1,3,YELLOW,pool_l9_partial_200ms,2,1,[1],0,72,4,"{""1"": 95, ""2"": 79, ""3"": 72, ""4"": 92}",False,16.0,-55.0,4.0,28.0,39.0,0.0975,2.0,1.0,2.0,0.0,2.0,0.0,0.0,0.0,41.0,18.0,14.0,7.0,25.0,0.0,1.0,1.0,5.0,0.0,0.0,0.0,0.0,56.0,56.0,0.6475,0.6666666666666666,0.0224,0.0224,0.1575,0.7159090909090909,0.2840909090909091,0.4,0.6,0.8,0.5916666666666667,0.41604010025062654,0.0
20260621_132802_002f9dab,20260621_132802_002f9dab_g0008,8,108350755,6,56,56,56,1,4,GREEN,pool_peer_500ms,3,1,[1],0,92,2,"{""1"": 95, ""2"": 79, ""3"": 72, ""4"": 92}",False,29.0,-29.0,0.0,48.0,39.0,0.0975,8.0,3.375,8.75,0.0,4.0,2.25,2.5,0.0,35.0,37.75,14.0,7.0,25.0,0.0,1.0,2.0,3.0,1.0,0.0,0.0,0.0,56.0,56.0,0.6475,0.6666666666666666,0.0224,0.0224,0.1575,0.7159090909090909,0.2840909090909091,0.725,0.9166666666666666,1.0,0.4833333333333333,0.5480367585630743,0.0
20260621_132802_002f9dab,20260621_132802_002f9dab_g0008,8,108350755,7,64,64,65,2,1,RED,champion,0,1,[1],1,95,1,"{""1"": 95, ""2"": 79, ""3"": 72, ""4"": 92}",False,31.0,-20.0,0.0,60.0,43.0,0.1075,5.0,2.5,9.0,0.0,0.0,3.0,6.0,0.0,3.0,40.0,17.0,4.0,15.0,0.0,0.0,1.0,3.0,0.0,0.0,0.0,0.0,64.0,65.0,0.695,0.8095238095238095,0.026,0.0256,0.1825,0.8295454545454546,0.17045454545454544,0.775,0.9,0.8,0.425,0.5551550108147081,0.0
20260621_132802_002f9dab,20260621_132802_002f9dab_g0008,8,108350755,7,64,64,65,2,2,BLUE,pool_l45_100ms,1,1,[1],0,79,3,"{""1"": 95, ""2"": 79, ""3"": 72, ""4"": 92}",False,8.0,-66.0,2.0,40.0,43.0,0.1075,1.0,0.5,1.0,0.0,1.0,0.0,0.0,0.0,7.0,9.0,16.0,5.0,16.0,0.0,1.0,2.0,2.0,0.0,0.0,0.0,0.0,64.0,65.0,0.695,0.7619047619047619,0.026,0.0256,0.18,0.8181818181818182,0.18181818181818182,0.2,0.4166666666666667,0.8,0.6166666666666667,0.42690058479532167,0.0
20260621_132802_002f9dab,20260621_132802_002f9dab_g0008,8,108350755,7,64,64,65,2,3,YELLOW,pool_l9_partial_200ms,2,1,[1],0,72,4,"{""1"": 95, ""2"": 79, ""3"": 72, ""4"": 92}",False,15.0,-52.0,1.0,34.0,43.0,0.1075,0.0,0.0,0.0,0.0,0.0,0.0,0.0,0.0,8.0,15.0,15.0,6.0,23.0,0.0,0.0,1.0,5.0,0.0,0.0,0.0,0.0,64.0,65.0,0.695,0.7142857142857143,0.026,0.0256,0.1625,0.7386363636363636,0.26136363636363635,0.375,0.5166666666666667,0.8,0.5583333333333333,0.4299595141700404,0.0
20260621_132802_002f9dab,20260621_132802_002f9dab_g0008,8,108350755,7,64,64,65,2,4,GREEN,pool_peer_500ms,3,1,[1],0,92,2,"{""1"": 95, ""2"": 79, ""3"": 72, ""4"": 92}",False,28.0,-26.0,0.0,55.0,43.0,0.1075,2.0,0.625,2.0,0.0,0.0,1.5,0.5,0.0,6.0,30.0,16.0,5.0,20.0,0.0,0.0,1.0,3.0,1.0,0.0,0.0,0.0,64.0,65.0,0.695,0.7619047619047619,0.026,0.0256,0.17,0.7727272727272727,0.22727272727272727,0.7,0.7833333333333333,1.0,0.45,0.5441176470588236,0.0
20260621_132802_002f9dab,20260621_132802_002f9dab_g0009,9,1176895782,0,8,8,8,1,1,RED,pool_l45_100ms,0,4,[4],0,61,4,"{""1"": 61, ""2"": 66, ""3"": 100, ""4"": 120}",False,6.0,-16.0,9.0,0.0,4.0,0.01,388.0,90.5,366.25,6.0,10.0,28.5,113.0,208.75,1331.0,372.25,2.0,19.0,78.0,1.0,1.0,2.0,6.0,9.0,1.0,1.0,0.0,8.0,8.0,0.0975,0.09523809523809523,0.0032,0.0032,0.025,0.11363636363636363,0.8863636363636364,0.15,1.0,1.0,0.18333333333333332,0.20526315789473681,0.0
20260621_132802_002f9dab,20260621_132802_002f9dab_g0009,9,1176895782,0,8,8,8,1,2,BLUE,pool_l9_partial_200ms,1,4,[4],0,66,3,"{""1"": 61, ""2"": 66, ""3"": 100, ""4"": 120}",False,5.0,-18.0,9.0,0.0,4.0,0.01,327.0,76.25,309.5,5.0,8.0,24.0,95.0,177.5,1392.0,314.5,2.0,19.0,78.0,1.0,1.0,2.0,6.0,9.0,1.0,1.0,0.0,8.0,8.0,0.0975,0.09523809523809523,0.0032,0.0032,0.025,0.11363636363636363,0.8863636363636364,0.125,1.0,1.0,0.19166666666666668,0.15263157894736834,0.0
20260621_132802_002f9dab,20260621_132802_002f9dab_g0009,9,1176895782,0,8,8,8,1,3,YELLOW,pool_peer_500ms,2,4,[4],0,100,2,"{""1"": 61, ""2"": 66, ""3"": 100, ""4"": 120}",False,9.0,-10.0,9.0,0.0,4.0,0.01,543.0,122.625,488.75,9.0,15.0,41.25,153.5,270.0,1176.0,497.75,2.0,19.0,78.0,1.0,1.0,2.0,6.0,9.0,1.0,0.0,0.0,8.0,8.0,0.0975,0.09523809523809523,0.0032,0.0032,0.025,0.11363636363636363,0.8863636363636364,0.225,1.0,1.0,0.15833333333333333,0.23684210526315785,0.0
20260621_132802_002f9dab,20260621_132802_002f9dab_g0009,9,1176895782,0,8,8,8,1,4,GREEN,champion,3,4,[4],1,120,1,"{""1"": 61, ""2"": 66, ""3"": 100, ""4"": 120}",False,8.0,-12.0,9.0,0.0,4.0,0.01,461.0,104.0,420.75,8.0,12.0,33.75,107.0,260.0,1258.0,428.75,2.0,19.0,79.0,1.0,1.0,2.0,5.0,10.0,1.0,1.0,0.0,8.0,8.0,0.0975,0.09523809523809523,0.0032,0.0032,0.0225,0.10227272727272728,0.8977272727272727,0.2,1.0,1.0,0.16666666666666669,0.21052631578947367,0.0
20260621_132802_002f9dab,20260621_132802_002f9dab_g0009,9,1176895782,1,16,16,16,1,1,RED,pool_l45_100ms,0,4,[4],0,61,4,"{""1"": 61, ""2"": 66, ""3"": 100, ""4"": 120}",False,10.0,-32.0,7.0,0.0,4.0,0.01,461.0,109.625,414.0,10.0,17.0,42.0,162.5,182.5,2212.0,424.0,4.0,17.0,68.0,1.0,1.0,2.0,6.0,7.0,1.0,0.0,0.0,16.0,16.0,0.1975,0.19047619047619047,0.0064,0.0064,0.05,0.22727272727272727,0.7727272727272727,0.25,1.0,1.0,0.35,0.3236842105263158,0.0
20260621_132802_002f9dab,20260621_132802_002f9dab_g0009,9,1176895782,1,16,16,16,1,2,BLUE,pool_l9_partial_200ms,1,4,[4],0,66,3,"{""1"": 61, ""2"": 66, ""3"": 100, ""4"": 120}",False,9.0,-34.0,6.0,0.0,4.0,0.01,528.0,122.375,477.5,9.0,16.0,45.0,177.5,230.0,2145.0,486.5,4.0,17.0,68.0,1.0,1.0,2.0,6.0,7.0,1.0,0.0,0.0,16.0,16.0,0.1975,0.19047619047619047,0.0064,0.0064,0.05,0.22727272727272727,0.7727272727272727,0.225,1.0,1.0,0.35833333333333334,0.3263157894736842,0.0
20260621_132802_002f9dab,20260621_132802_002f9dab_g0009,9,1176895782,1,16,16,16,1,3,YELLOW,pool_peer_500ms,2,4,[4],0,100,2,"{""1"": 61, ""2"": 66, ""3"": 100, ""4"": 120}",False,16.0,-20.0,0.0,1.0,4.0,0.01,810.0,201.75,783.5,16.0,27.0,75.75,281.0,383.75,1863.0,799.5,4.0,17.0,68.0,1.0,1.0,2.0,6.0,7.0,1.0,0.0,0.0,16.0,16.0,0.1975,0.19047619047619047,0.0064,0.0064,0.05,0.22727272727272727,0.7727272727272727,0.4,1.0,1.0,0.3,0.49473684210526314,0.0
20260621_132802_002f9dab,20260621_132802_002f9dab_g0009,9,1176895782,1,16,16,16,1,4,GREEN,champion,3,4,[4],1,120,1,"{""1"": 61, ""2"": 66, ""3"": 100, ""4"": 120}",False,17.0,-18.0,1.0,1.0,4.0,0.01,874.0,208.375,816.0,17.0,29.0,78.75,247.5,443.75,1799.0,833.0,4.0,17.0,69.0,1.0,1.0,2.0,5.0,8.0,1.0,0.0,0.0,16.0,16.0,0.1975,0.19047619047619047,0.0064,0.0064,0.0475,0.2159090909090909,0.7840909090909091,0.425,1.0,1.0,0.29166666666666663,0.47091412742382277,0.0
20260621_132802_002f9dab,20260621_132802_002f9dab_g0009,9,1176895782,2,24,24,24,1,1,RED,pool_l45_100ms,0,4,[4],0,61,4,"{""1"": 61, ""2"": 66, ""3"": 100, ""4"": 120}",False,14.0,-41.0,4.0,2.0,5.0,0.0125,278.0,76.25,249.75,13.0,18.0,36.75,112.0,70.0,1578.0,263.75,6.0,15.0,58.0,1.0,1.0,2.0,6.0,5.0,0.0,0.0,0.0,24.0,24.0,0.295,0.2857142857142857,0.0096,0.0096,0.075,0.3409090909090909,0.6590909090909091,0.35,1.0,1.0,0.4583333333333333,0.4035087719298245,0.0
20260621_132802_002f9dab,20260621_132802_002f9dab_g0009,9,1176895782,2,24,24,24,1,2,BLUE,pool_l9_partial_200ms,1,4,[4],0,66,3,"{""1"": 61, ""2"": 66, ""3"": 100, ""4"": 120}",False,13.0,-43.0,6.0,1.0,5.0,0.0125,283.0,74.5,252.0,12.0,16.0,33.0,106.0,85.0,1573.0,265.0,6.0,15.0,58.0,1.0,1.0,2.0,6.0,5.0,0.0,0.0,0.0,24.0,24.0,0.295,0.2857142857142857,0.0096,0.0096,0.075,0.3409090909090909,0.6590909090909091,0.325,1.0,1.0,0.4666666666666667,0.38596491228070173,0.0
20260621_132802_002f9dab,20260621_132802_002f9dab_g0009,9,1176895782,2,24,24,24,1,3,YELLOW,pool_peer_500ms,2,4,[4],0,100,2,"{""1"": 61, ""2"": 66, ""3"": 100, ""4"": 120}",False,19.0,-31.0,0.0,10.0,5.0,0.0125,580.0,159.125,580.375,17.0,27.0,69.0,243.0,224.375,1276.0,599.375,6.0,15.0,58.0,1.0,1.0,2.0,6.0,5.0,1.0,0.0,0.0,24.0,24.0,0.295,0.2857142857142857,0.0096,0.0096,0.075,0.3409090909090909,0.6590909090909091,0.475,1.0,1.0,0.4166666666666667,0.5947368421052632,0.0
20260621_132802_002f9dab,20260621_132802_002f9dab_g0009,9,1176895782,2,24,24,24,1,4,GREEN,champion,3,4,[4],1,120,1,"{""1"": 61, ""2"": 66, ""3"": 100, ""4"": 120}",False,23.0,-23.0,0.0,10.0,5.0,0.0125,715.0,175.75,653.0,20.0,31.0,78.75,187.0,336.25,1141.0,676.0,6.0,15.0,60.0,1.0,1.0,2.0,4.0,7.0,1.0,0.0,0.0,24.0,24.0,0.295,0.2857142857142857,0.0096,0.0096,0.07,0.3181818181818182,0.6818181818181818,0.575,1.0,1.0,0.38333333333333336,0.5864661654135339,0.0
20260621_132802_002f9dab,20260621_132802_002f9dab_g0009,9,1176895782,3,32,32,32,1,1,RED,pool_l45_100ms,0,4,[4],0,61,4,"{""1"": 61, ""2"": 66, ""3"": 100, ""4"": 120}",False,12.0,-53.0,4.0,4.0,7.0,0.0175,54.0,25.625,56.75,11.0,9.0,12.0,23.5,1.25,754.0,68.75,8.0,13.0,48.0,1.0,1.0,2.0,6.0,3.0,0.0,0.0,0.0,32.0,32.0,0.3925,0.38095238095238093,0.0128,0.0128,0.1,0.45454545454545453,0.5454545454545454,0.3,1.0,1.0,0.5416666666666667,0.4407894736842105,0.0
20260621_132802_002f9dab,20260621_132802_002f9dab_g0009,9,1176895782,3,32,32,32,1,2,BLUE,pool_l9_partial_200ms,1,4,[4],0,66,3,"{""1"": 61, ""2"": 66, ""3"": 100, ""4"": 120}",False,14.0,-49.0,3.0,7.0,7.0,0.0175,98.0,35.25,93.625,11.0,10.0,18.0,46.5,8.125,710.0,107.625,8.0,13.0,48.0,1.0,1.0,2.0,6.0,3.0,0.0,0.0,0.0,32.0,32.0,0.3925,0.38095238095238093,0.0128,0.0128,0.1,0.45454545454545453,0.5454545454545454,0.35,1.0,1.0,0.525,0.43157894736842106,0.0
20260621_132802_002f9dab,20260621_132802_002f9dab_g0009,9,1176895782,3,32,32,32,1,3,YELLOW,pool_peer_500ms,2,4,[4],0,100,2,"{""1"": 61, ""2"": 66, ""3"": 100, ""4"": 120}",False,24.0,-29.0,0.0,16.0,7.0,0.0175,279.0,91.625,289.125,19.0,23.0,45.0,114.0,88.125,529.0,313.125,8.0,13.0,49.0,1.0,1.0,2.0,5.0,4.0,1.0,0.0,0.0,32.0,32.0,0.3925,0.38095238095238093,0.0128,0.0128,0.0975,0.4431818181818182,0.5568181818181818,0.6,1.0,1.0,0.4416666666666667,0.6099865047233468,0.0
20260621_132802_002f9dab,20260621_132802_002f9dab_g0009,9,1176895782,3,32,32,32,1,4,GREEN,champion,3,4,[4],1,120,1,"{""1"": 61, ""2"": 66, ""3"": 100, ""4"": 120}",False,27.0,-23.0,0.0,20.0,7.0,0.0175,377.0,111.5,375.875,20.0,24.0,53.25,120.5,158.125,431.0,402.875,8.0,13.0,50.0,1.0,1.0,2.0,4.0,5.0,1.0,0.0,0.0,32.0,32.0,0.3925,0.38095238095238093,0.0128,0.0128,0.095,0.4318181818181818,0.5681818181818182,0.675,1.0,1.0,0.4166666666666667,0.6191135734072022,0.0
20260621_132802_002f9dab,20260621_132802_002f9dab_g0009,9,1176895782,4,40,40,40,1,1,RED,pool_l45_100ms,0,4,[4],0,61,4,"{""1"": 61, ""2"": 66, ""3"": 100, ""4"": 120}",False,9.0,-63.0,4.0,8.0,31.0,0.0775,24.0,13.5,26.25,7.0,5.0,5.25,9.0,0.0,451.0,35.25,10.0,11.0,39.0,1.0,1.0,2.0,5.0,2.0,0.0,0.0,0.0,40.0,40.0,0.485,0.47619047619047616,0.016,0.016,0.1225,0.5568181818181818,0.4431818181818182,0.225,0.55,1.0,0.6,0.42320085929108486,0.0
20260621_132802_002f9dab,20260621_132802_002f9dab_g0009,9,1176895782,4,40,40,40,1,2,BLUE,pool_l9_partial_200ms,1,4,[4],0,66,3,"{""1"": 61, ""2"": 66, ""3"": 100, ""4"": 120}",False,13.0,-55.0,3.0,14.0,31.0,0.0775,47.0,22.0,50.5,9.0,7.0,10.5,24.0,0.0,428.0,63.5,10.0,11.0,38.0,1.0,1.0,2.0,6.0,1.0,0.0,0.0,0.0,40.0,40.0,0.485,0.47619047619047616,0.016,0.016,0.125,0.5681818181818182,0.4318181818181818,0.325,0.9333333333333333,1.0,0.5666666666666667,0.4242105263157895,0.0
20260621_132802_002f9dab,20260621_132802_002f9dab_g0009,9,1176895782,4,40,40,40,1,3,YELLOW,pool_peer_500ms,2,4,[4],0,100,2,"{""1"": 61, ""2"": 66, ""3"": 100, ""4"": 120}",False,27.0,-27.0,0.0,21.0,31.0,0.0775,176.0,65.0,174.375,21.0,19.0,35.25,58.5,40.625,299.0,201.375,10.0,11.0,40.0,1.0,1.0,2.0,4.0,3.0,0.0,0.0,0.0,40.0,40.0,0.485,0.47619047619047616,0.016,0.016,0.12,0.5454545454545454,0.45454545454545453,0.675,1.0,1.0,0.45,0.6063596491228069,0.0
20260621_132802_002f9dab,20260621_132802_002f9dab_g0009,9,1176895782,4,40,40,40,1,4,GREEN,champion,3,4,[4],1,120,1,"{""1"": 61, ""2"": 66, ""3"": 100, ""4"": 120}",False,32.0,-17.0,0.0,30.0,31.0,0.0775,228.0,75.25,232.125,17.0,20.0,43.5,68.5,83.125,247.0,264.125,10.0,11.0,41.0,1.0,1.0,2.0,3.0,4.0,1.0,0.0,0.0,40.0,40.0,0.485,0.47619047619047616,0.016,0.016,0.1175,0.5340909090909091,0.4659090909090909,0.8,1.0,1.0,0.4083333333333333,0.5890257558790594,0.0
20260621_132802_002f9dab,20260621_132802_002f9dab_g0009,9,1176895782,5,48,48,48,1,1,RED,pool_l45_100ms,0,4,[4],0,61,4,"{""1"": 61, ""2"": 66, ""3"": 100, ""4"": 120}",False,4.0,-67.0,4.0,10.0,64.0,0.16,3.0,3.0,3.0,3.0,0.0,0.0,0.0,0.0,162.0,7.0,12.0,9.0,33.0,1.0,0.0,2.0,4.0,2.0,0.0,0.0,0.0,48.0,48.0,0.5675,0.5714285714285714,0.0192,0.0192,0.1375,0.625,0.375,0.1,0.21666666666666667,1.0,0.5916666666666667,0.416267942583732,0.0
20260621_132802_002f9dab,20260621_132802_002f9dab_g0009,9,1176895782,5,48,48,48,1,2,BLUE,pool_l9_partial_200ms,1,4,[4],0,66,3,"{""1"": 61, ""2"": 66, ""3"": 100, ""4"": 120}",False,9.0,-57.0,3.0,16.0,64.0,0.16,6.0,5.5,6.0,5.0,1.0,0.0,0.0,0.0,159.0,15.0,12.0,9.0,30.0,1.0,1.0,2.0,4.0,1.0,0.0,0.0,0.0,48.0,48.0,0.5675,0.5714285714285714,0.0192,0.0192,0.145,0.6590909090909091,0.3409090909090909,0.225,0.55,1.0,0.55,0.4237749546279491,0.0
20260621_132802_002f9dab,20260621_132802_002f9dab_g0009,9,1176895782,5,48,48,48,1,3,YELLOW,pool_peer_500ms,2,4,[4],0,100,2,"{""1"": 61, ""2"": 66, ""3"": 100, ""4"": 120}",False,28.0,-19.0,0.0,32.0,64.0,0.16,78.0,41.25,93.25,18.0,13.0,22.5,26.0,13.75,87.0,121.25,12.0,9.0,31.0,1.0,1.0,2.0,3.0,2.0,0.0,0.0,0.0,48.0,48.0,0.5675,0.5714285714285714,0.0192,0.0192,0.1425,0.6477272727272727,0.3522727272727273,0.7,1.0,1.0,0.39166666666666666,0.5678670360110802,0.0
20260621_132802_002f9dab,20260621_132802_002f9dab_g0009,9,1176895782,5,48,48,48,1,4,GREEN,champion,3,4,[4],1,120,1,"{""1"": 61, ""2"": 66, ""3"": 100, ""4"": 120}",False,34.0,-7.0,0.0,43.0,64.0,0.16,78.0,37.375,78.0,18.0,13.0,19.5,17.5,10.0,87.0,112.0,12.0,9.0,31.0,1.0,1.0,2.0,3.0,2.0,0.0,0.0,0.0,48.0,48.0,0.5675,0.5714285714285714,0.0192,0.0192,0.1425,0.6477272727272727,0.3522727272727273,0.85,1.0,1.0,0.3416666666666667,0.5475530932594646,0.0
20260621_132802_002f9dab,20260621_132802_002f9dab_g0009,9,1176895782,6,56,56,59,4,1,RED,pool_l45_100ms,0,4,[4],0,61,4,"{""1"": 61, ""2"": 66, ""3"": 100, ""4"": 120}",False,3.0,-60.0,4.0,19.0,77.0,0.1925,0.0,0.0,0.0,0.0,0.0,0.0,0.0,0.0,54.0,3.0,13.0,8.0,32.0,0.0,0.0,2.0,4.0,2.0,0.0,0.0,0.0,56.0,59.0,0.63,0.6190476190476191,0.0236,0.0224,0.14,0.6363636363636364,0.36363636363636365,0.075,0.21666666666666667,1.0,0.525,0.4172932330827068,0.0
20260621_132802_002f9dab,20260621_132802_002f9dab_g0009,9,1176895782,6,56,56,59,4,2,BLUE,pool_l9_partial_200ms,1,4,[4],0,66,3,"{""1"": 61, ""2"": 66, ""3"": 100, ""4"": 120}",False,6.0,-54.0,3.0,17.0,77.0,0.1925,0.0,0.0,0.0,0.0,0.0,0.0,0.0,0.0,54.0,6.0,14.0,7.0,27.0,0.0,0.0,2.0,4.0,1.0,0.0,0.0,0.0,56.0,59.0,0.63,0.6666666666666666,0.0236,0.0224,0.1525,0.6931818181818182,0.3068181818181818,0.15,0.38333333333333336,1.0,0.5,0.4245038826574633,0.0
20260621_132802_002f9dab,20260621_132802_002f9dab_g0009,9,1176895782,6,56,56,59,4,3,YELLOW,pool_peer_500ms,2,4,[4],0,100,2,"{""1"": 61, ""2"": 66, ""3"": 100, ""4"": 120}",False,23.0,-20.0,0.0,39.0,77.0,0.1925,22.0,16.75,21.75,13.0,5.0,3.75,0.0,0.0,32.0,44.75,15.0,6.0,18.0,1.0,1.0,2.0,1.0,1.0,0.0,0.0,0.0,56.0,59.0,0.63,0.7142857142857143,0.0236,0.0224,0.175,0.7954545454545454,0.20454545454545456,0.575,0.9333333333333333,1.0,0.35833333333333334,0.5270676691729324,0.0
20260621_132802_002f9dab,20260621_132802_002f9dab_g0009,9,1176895782,6,56,56,59,4,4,GREEN,champion,3,4,[4],1,120,1,"{""1"": 61, ""2"": 66, ""3"": 100, ""4"": 120}",False,34.0,2.0,0.0,53.0,77.0,0.1925,32.0,22.375,32.375,16.0,7.0,7.5,0.0,1.875,22.0,66.375,14.0,7.0,23.0,1.0,1.0,2.0,1.0,2.0,0.0,0.0,0.0,56.0,59.0,0.63,0.6666666666666666,0.0236,0.0224,0.1625,0.7386363636363636,0.26136363636363635,0.85,1.0,1.0,0.26666666666666666,0.5554655870445344,0.0
20260621_132802_002f9dab,20260621_132802_002f9dab_g0009,9,1176895782,7,64,64,75,4,1,RED,pool_l45_100ms,0,4,[4],0,61,4,"{""1"": 61, ""2"": 66, ""3"": 100, ""4"": 120}",False,3.0,-55.0,4.0,30.0,66.0,0.165,0.0,0.0,0.0,0.0,0.0,0.0,0.0,0.0,12.0,3.0,13.0,8.0,32.0,0.0,0.0,2.0,4.0,2.0,0.0,0.0,0.0,64.0,75.0,0.6875,0.6190476190476191,0.03,0.0256,0.14,0.6363636363636364,0.36363636363636365,0.075,0.11666666666666667,1.0,0.4833333333333333,0.4172932330827068,0.0
20260621_132802_002f9dab,20260621_132802_002f9dab_g0009,9,1176895782,7,64,64,75,4,2,BLUE,pool_l9_partial_200ms,1,4,[4],0,66,3,"{""1"": 61, ""2"": 66, ""3"": 100, ""4"": 120}",False,6.0,-49.0,3.0,18.0,66.0,0.165,0.0,0.0,0.0,0.0,0.0,0.0,0.0,0.0,12.0,6.0,14.0,7.0,27.0,0.0,0.0,2.0,4.0,1.0,0.0,0.0,0.0,64.0,75.0,0.6875,0.6666666666666666,0.03,0.0256,0.1525,0.6931818181818182,0.3068181818181818,0.15,0.3333333333333333,1.0,0.4583333333333333,0.4245038826574633,0.0
20260621_132802_002f9dab,20260621_132802_002f9dab_g0009,9,1176895782,7,64,64,75,4,3,YELLOW,pool_peer_500ms,2,4,[4],0,100,2,"{""1"": 61, ""2"": 66, ""3"": 100, ""4"": 120}",False,20.0,-21.0,0.0,53.0,66.0,0.165,0.0,0.0,0.0,0.0,0.0,0.0,0.0,0.0,12.0,20.0,19.0,2.0,9.0,0.0,0.0,0.0,1.0,1.0,0.0,0.0,0.0,64.0,75.0,0.6875,0.9047619047619048,0.03,0.0256,0.1975,0.8977272727272727,0.10227272727272728,0.5,0.65,1.0,0.3416666666666667,0.5396402398401066,0.0
20260621_132802_002f9dab,20260621_132802_002f9dab_g0009,9,1176895782,7,64,64,75,4,4,GREEN,champion,3,4,[4],1,120,1,"{""1"": 61, ""2"": 66, ""3"": 100, ""4"": 120}",False,32.0,3.0,0.0,71.0,66.0,0.165,12.0,5.25,12.25,0.0,8.0,2.25,2.0,0.0,0.0,44.25,18.0,3.0,9.0,0.0,1.0,1.0,1.0,0.0,0.0,0.0,0.0,64.0,75.0,0.6875,0.8571428571428571,0.03,0.0256,0.1975,0.8977272727272727,0.10227272727272728,0.8,0.7666666666666667,0.8,0.24166666666666664,0.5409726848767489,0.0
20260621_132802_002f9dab,20260621_132802_002f9dab_g0010,10,534842960,0,8,8,8,1,1,RED,pool_l9_partial_200ms,0,3,[3],0,87,3,"{""1"": 87, ""2"": 88, ""3"": 93, ""4"": 81}",False,6.0,-18.0,9.0,0.0,1.0,0.0025,388.0,90.5,366.25,6.0,10.0,28.5,113.0,208.75,1448.0,372.25,2.0,19.0,78.0,1.0,1.0,2.0,6.0,9.0,1.0,1.0,0.0,8.0,8.0,0.0975,0.09523809523809523,0.0032,0.0032,0.025,0.11363636363636363,0.8863636363636364,0.15,1.0,1.0,0.2,0.20526315789473681,0.0
20260621_132802_002f9dab,20260621_132802_002f9dab_g0010,10,534842960,0,8,8,8,1,2,BLUE,pool_peer_500ms,1,3,[3],0,88,2,"{""1"": 87, ""2"": 88, ""3"": 93, ""4"": 81}",False,9.0,-12.0,9.0,0.0,1.0,0.0025,543.0,122.625,488.75,9.0,15.0,41.25,153.5,270.0,1293.0,497.75,2.0,19.0,78.0,1.0,1.0,2.0,6.0,9.0,1.0,0.0,0.0,8.0,8.0,0.0975,0.09523809523809523,0.0032,0.0032,0.025,0.11363636363636363,0.8863636363636364,0.225,1.0,1.0,0.175,0.23684210526315785,0.0
20260621_132802_002f9dab,20260621_132802_002f9dab_g0010,10,534842960,0,8,8,8,1,3,YELLOW,champion,2,3,[3],1,93,1,"{""1"": 87, ""2"": 88, ""3"": 93, ""4"": 81}",False,8.0,-14.0,9.0,0.0,1.0,0.0025,461.0,104.0,420.75,8.0,12.0,33.75,107.0,260.0,1375.0,428.75,2.0,19.0,79.0,1.0,1.0,2.0,5.0,10.0,1.0,1.0,0.0,8.0,8.0,0.0975,0.09523809523809523,0.0032,0.0032,0.0225,0.10227272727272728,0.8977272727272727,0.2,1.0,1.0,0.18333333333333332,0.21052631578947367,0.0
20260621_132802_002f9dab,20260621_132802_002f9dab_g0010,10,534842960,0,8,8,8,1,4,GREEN,pool_l45_100ms,3,3,[3],0,81,4,"{""1"": 87, ""2"": 88, ""3"": 93, ""4"": 81}",False,7.0,-16.0,9.0,0.0,1.0,0.0025,444.0,103.25,415.125,7.0,12.0,33.75,130.5,231.875,1392.0,422.125,2.0,19.0,78.0,1.0,1.0,2.0,6.0,9.0,1.0,1.0,0.0,8.0,8.0,0.0975,0.09523809523809523,0.0032,0.0032,0.025,0.11363636363636363,0.8863636363636364,0.175,1.0,1.0,0.19166666666666668,0.20526315789473681,0.0
20260621_132802_002f9dab,20260621_132802_002f9dab_g0010,10,534842960,1,16,16,16,1,1,RED,pool_l9_partial_200ms,0,3,[3],0,87,3,"{""1"": 87, ""2"": 88, ""3"": 93, ""4"": 81}",False,10.0,-32.0,7.0,0.0,5.0,0.0125,515.0,119.75,459.75,10.0,17.0,45.0,174.0,213.75,2187.0,469.75,4.0,17.0,68.0,1.0,1.0,2.0,6.0,7.0,1.0,0.0,0.0,16.0,16.0,0.1975,0.19047619047619047,0.0064,0.0064,0.05,0.22727272727272727,0.7727272727272727,0.25,1.0,1.0,0.35,0.3236842105263158,0.0
20260621_132802_002f9dab,20260621_132802_002f9dab_g0010,10,534842960,1,16,16,16,1,2,BLUE,pool_peer_500ms,1,3,[3],0,88,2,"{""1"": 87, ""2"": 88, ""3"": 93, ""4"": 81}",False,16.0,-20.0,0.0,1.0,5.0,0.0125,786.0,195.75,761.75,15.0,26.0,73.5,276.0,371.25,1916.0,777.75,4.0,17.0,68.0,1.0,1.0,2.0,6.0,7.0,1.0,0.0,0.0,16.0,16.0,0.1975,0.19047619047619047,0.0064,0.0064,0.05,0.22727272727272727,0.7727272727272727,0.4,1.0,1.0,0.3,0.49473684210526314,0.0
20260621_132802_002f9dab,20260621_132802_002f9dab_g0010,10,534842960,1,16,16,16,1,3,YELLOW,champion,2,3,[3],1,93,1,"{""1"": 87, ""2"": 88, ""3"": 93, ""4"": 81}",False,16.0,-20.0,1.0,1.0,5.0,0.0125,880.0,206.0,817.0,16.0,26.0,75.0,240.0,460.0,1822.0,833.0,4.0,17.0,69.0,1.0,1.0,2.0,5.0,8.0,1.0,0.0,0.0,16.0,16.0,0.1975,0.19047619047619047,0.0064,0.0064,0.0475,0.2159090909090909,0.7840909090909091,0.4,1.0,1.0,0.3,0.4681440443213297,0.0
20260621_132802_002f9dab,20260621_132802_002f9dab_g0010,10,534842960,1,16,16,16,1,4,GREEN,pool_l45_100ms,3,3,[3],0,81,4,"{""1"": 87, ""2"": 88, ""3"": 93, ""4"": 81}",False,10.0,-32.0,7.0,0.0,5.0,0.0125,521.0,121.0,466.25,10.0,17.0,45.0,173.0,221.25,2181.0,476.25,4.0,17.0,68.0,1.0,1.0,2.0,6.0,7.0,1.0,0.0,0.0,16.0,16.0,0.1975,0.19047619047619047,0.0064,0.0064,0.05,0.22727272727272727,0.7727272727272727,0.25,1.0,1.0,0.35,0.3131578947368421,0.0
20260621_132802_002f9dab,20260621_132802_002f9dab_g0010,10,534842960,2,24,24,24,1,1,RED,pool_l9_partial_200ms,0,3,[3],0,87,3,"{""1"": 87, ""2"": 88, ""3"": 93, ""4"": 81}",False,14.0,-43.0,4.0,3.0,11.0,0.0275,411.0,100.25,359.125,12.0,18.0,42.75,154.5,131.875,1473.0,373.125,6.0,15.0,58.0,1.0,1.0,2.0,6.0,5.0,0.0,0.0,0.0,24.0,24.0,0.2975,0.2857142857142857,0.0096,0.0096,0.075,0.3409090909090909,0.6590909090909091,0.35,1.0,1.0,0.475,0.4035087719298245,0.0
20260621_132802_002f9dab,20260621_132802_002f9dab_g0010,10,534842960,2,24,24,24,1,2,BLUE,pool_peer_500ms,1,3,[3],0,88,2,"{""1"": 87, ""2"": 88, ""3"": 93, ""4"": 81}",False,21.0,-29.0,0.0,7.0,11.0,0.0275,647.0,186.625,687.625,18.0,30.0,81.75,296.0,261.875,1237.0,708.625,6.0,15.0,58.0,1.0,1.0,2.0,6.0,5.0,1.0,0.0,0.0,24.0,24.0,0.2975,0.2857142857142857,0.0096,0.0096,0.075,0.3409090909090909,0.6590909090909091,0.525,1.0,1.0,0.4166666666666667,0.5684210526315789,0.0
20260621_132802_002f9dab,20260621_132802_002f9dab_g0010,10,534842960,2,24,24,24,1,3,YELLOW,champion,2,3,[3],1,93,1,"{""1"": 87, ""2"": 88, ""3"": 93, ""4"": 81}",False,23.0,-25.0,1.0,8.0,11.0,0.0275,572.0,150.75,539.25,20.0,27.0,68.25,194.0,230.0,1312.0,562.25,6.0,15.0,59.0,1.0,1.0,2.0,5.0,6.0,1.0,0.0,0.0,24.0,24.0,0.2975,0.2857142857142857,0.0096,0.0096,0.0725,0.32954545454545453,0.6704545454545454,0.575,1.0,1.0,0.4,0.5644283121597096,0.0
20260621_132802_002f9dab,20260621_132802_002f9dab_g0010,10,534842960,2,24,24,24,1,4,GREEN,pool_l45_100ms,3,3,[3],0,81,4,"{""1"": 87, ""2"": 88, ""3"": 93, ""4"": 81}",False,13.0,-45.0,4.0,3.0,11.0,0.0275,254.0,68.125,223.75,11.0,16.0,33.75,105.5,57.5,1630.0,236.75,6.0,15.0,58.0,1.0,1.0,2.0,6.0,5.0,0.0,0.0,0.0,24.0,24.0,0.2975,0.2857142857142857,0.0096,0.0096,0.075,0.3409090909090909,0.6590909090909091,0.325,1.0,1.0,0.4833333333333333,0.40701754385964906,0.0
20260621_132802_002f9dab,20260621_132802_002f9dab_g0010,10,534842960,3,32,32,32,1,1,RED,pool_l9_partial_200ms,0,3,[3],0,87,3,"{""1"": 87, ""2"": 88, ""3"": 93, ""4"": 81}",False,17.0,-49.0,3.0,8.0,14.0,0.035,187.0,61.625,180.25,15.0,17.0,30.0,89.5,28.75,798.0,197.25,8.0,13.0,48.0,1.0,1.0,2.0,6.0,3.0,0.0,0.0,0.0,32.0,32.0,0.395,0.38095238095238093,0.0128,0.0128,0.1,0.45454545454545453,0.5454545454545454,0.425,1.0,1.0,0.55,0.46184210526315794,0.0
20260621_132802_002f9dab,20260621_132802_002f9dab_g0010,10,534842960,3,32,32,32,1,2,BLUE,pool_peer_500ms,1,3,[3],0,88,2,"{""1"": 87, ""2"": 88, ""3"": 93, ""4"": 81}",False,23.0,-37.0,0.0,15.0,14.0,0.035,341.0,107.875,347.875,18.0,24.0,56.25,184.0,65.625,644.0,370.875,8.0,13.0,48.0,1.0,1.0,2.0,6.0,3.0,0.0,0.0,0.0,32.0,32.0,0.395,0.38095238095238093,0.0128,0.0128,0.1,0.45454545454545453,0.5454545454545454,0.575,1.0,1.0,0.5,0.593421052631579,0.0
20260621_132802_002f9dab,20260621_132802_002f9dab_g0010,10,534842960,3,32,32,32,1,3,YELLOW,champion,2,3,[3],1,93,1,"{""1"": 87, ""2"": 88, ""3"": 93, ""4"": 81}",False,29.0,-25.0,1.0,15.0,14.0,0.035,382.0,118.125,376.25,24.0,29.0,64.5,127.5,131.25,603.0,405.25,8.0,13.0,50.0,1.0,1.0,2.0,4.0,5.0,1.0,0.0,0.0,32.0,32.0,0.395,0.38095238095238093,0.0128,0.0128,0.095,0.4318181818181818,0.5681818181818182,0.725,1.0,1.0,0.45,0.5678670360110802,0.0
20260621_132802_002f9dab,20260621_132802_002f9dab_g0010,10,534842960,3,32,32,32,1,4,GREEN,pool_l45_100ms,3,3,[3],0,81,4,"{""1"": 87, ""2"": 88, ""3"": 93, ""4"": 81}",False,14.0,-55.0,4.0,4.0,14.0,0.035,75.0,29.5,71.625,11.0,10.0,13.5,31.5,5.625,910.0,85.625,8.0,13.0,48.0,1.0,1.0,2.0,6.0,3.0,0.0,0.0,0.0,32.0,32.0,0.395,0.38095238095238093,0.0128,0.0128,0.1,0.45454545454545453,0.5454545454545454,0.35,1.0,1.0,0.575,0.42105263157894735,0.0
20260621_132802_002f9dab,20260621_132802_002f9dab_g0010,10,534842960,4,40,40,40,1,1,RED,pool_l9_partial_200ms,0,3,[3],0,87,3,"{""1"": 87, ""2"": 88, ""3"": 93, ""4"": 81}",False,19.0,-53.0,3.0,25.0,24.0,0.06,76.0,32.625,75.5,13.0,11.0,15.0,36.5,0.0,309.0,94.5,10.0,11.0,38.0,1.0,1.0,2.0,6.0,1.0,0.0,0.0,0.0,40.0,40.0,0.49,0.47619047619047616,0.016,0.016,0.125,0.5681818181818182,0.4318181818181818,0.475,1.0,1.0,0.6,0.491578947368421,0.0
20260621_132802_002f9dab,20260621_132802_002f9dab_g0010,10,534842960,4,40,40,40,1,2,BLUE,pool_peer_500ms,1,3,[3],0,88,2,"{""1"": 87, ""2"": 88, ""3"": 93, ""4"": 81}",False,27.0,-37.0,0.0,25.0,24.0,0.06,135.0,54.375,137.875,19.0,15.0,30.75,60.0,13.125,250.0,164.875,10.0,11.0,39.0,1.0,1.0,2.0,5.0,2.0,0.0,0.0,0.0,40.0,40.0,0.49,0.47619047619047616,0.016,0.016,0.1225,0.5568181818181818,0.4431818181818182,0.675,1.0,1.0,0.5333333333333333,0.5789473684210527,0.0
20260621_132802_002f9dab,20260621_132802_002f9dab_g0010,10,534842960,4,40,40,40,1,3,YELLOW,champion,2,3,[3],1,93,1,"{""1"": 87, ""2"": 88, ""3"": 93, ""4"": 81}",False,33.0,-25.0,1.0,19.0,24.0,0.06,148.0,66.25,159.375,26.0,22.0,36.0,43.5,31.875,237.0,192.375,10.0,11.0,41.0,1.0,1.0,2.0,3.0,4.0,1.0,0.0,0.0,40.0,40.0,0.49,0.47619047619047616,0.016,0.016,0.1175,0.5340909090909091,0.4659090909090909,0.825,1.0,1.0,0.4833333333333333,0.5834266517357223,0.0
20260621_132802_002f9dab,20260621_132802_002f9dab_g0010,10,534842960,4,40,40,40,1,4,GREEN,pool_l45_100ms,3,3,[3],0,81,4,"{""1"": 87, ""2"": 88, ""3"": 93, ""4"": 81}",False,12.0,-67.0,4.0,8.0,24.0,0.06,26.0,14.25,26.25,8.0,5.0,5.25,8.0,0.0,359.0,38.25,10.0,11.0,38.0,1.0,1.0,2.0,6.0,1.0,0.0,0.0,0.0,40.0,40.0,0.49,0.47619047619047616,0.016,0.016,0.125,0.5681818181818182,0.4318181818181818,0.3,0.8166666666666667,1.0,0.6583333333333333,0.41157894736842104,0.0
20260621_132802_002f9dab,20260621_132802_002f9dab_g0010,10,534842960,5,48,48,48,1,1,RED,pool_l9_partial_200ms,0,3,[3],0,87,3,"{""1"": 87, ""2"": 88, ""3"": 93, ""4"": 81}",False,19.0,-57.0,0.0,35.0,31.0,0.0775,19.0,14.375,18.75,11.0,5.0,2.25,0.5,0.0,169.0,37.75,12.0,9.0,30.0,1.0,1.0,2.0,4.0,1.0,0.0,0.0,0.0,48.0,48.0,0.58,0.5714285714285714,0.0192,0.0192,0.145,0.6590909090909091,0.3409090909090909,0.475,0.7833333333333333,1.0,0.6333333333333333,0.5054446460980037,0.0
20260621_132802_002f9dab,20260621_132802_002f9dab_g0010,10,534842960,5,48,48,48,1,2,BLUE,pool_peer_500ms,1,3,[3],0,88,2,"{""1"": 87, ""2"": 88, ""3"": 93, ""4"": 81}",False,30.0,-35.0,0.0,40.0,31.0,0.0775,54.0,31.75,58.75,19.0,8.0,11.25,18.0,2.5,134.0,88.75,12.0,9.0,30.0,1.0,1.0,2.0,4.0,1.0,0.0,0.0,0.0,48.0,48.0,0.58,0.5714285714285714,0.0192,0.0192,0.145,0.6590909090909091,0.3409090909090909,0.75,1.0,1.0,0.5416666666666667,0.5662431941923776,0.0
20260621_132802_002f9dab,20260621_132802_002f9dab_g0010,10,534842960,5,48,48,48,1,3,YELLOW,champion,2,3,[3],1,93,1,"{""1"": 87, ""2"": 88, ""3"": 93, ""4"": 81}",False,34.0,-27.0,1.0,28.0,31.0,0.0775,95.0,50.25,107.0,23.0,18.0,27.0,29.0,10.0,93.0,141.0,12.0,9.0,31.0,1.0,1.0,2.0,3.0,2.0,1.0,0.0,0.0,48.0,48.0,0.58,0.5714285714285714,0.0192,0.0192,0.1425,0.6477272727272727,0.3522727272727273,0.85,1.0,1.0,0.5083333333333333,0.5392428439519852,0.0
20260621_132802_002f9dab,20260621_132802_002f9dab_g0010,10,534842960,5,48,48,48,1,4,GREEN,pool_l45_100ms,3,3,[3],0,81,4,"{""1"": 87, ""2"": 88, ""3"": 93, ""4"": 81}",False,12.0,-71.0,4.0,15.0,31.0,0.0775,20.0,12.625,20.25,8.0,5.0,3.75,3.5,0.0,168.0,32.25,12.0,9.0,29.0,1.0,1.0,2.0,5.0,0.0,0.0,0.0,0.0,48.0,48.0,0.58,0.5714285714285714,0.0192,0.0192,0.1475,0.6704545454545454,0.32954545454545453,0.3,0.7333333333333333,0.8,0.6916666666666667,0.3969669937555754,0.0
20260621_132802_002f9dab,20260621_132802_002f9dab_g0010,10,534842960,6,56,56,56,1,1,RED,pool_l9_partial_200ms,0,3,[3],0,87,3,"{""1"": 87, ""2"": 88, ""3"": 93, ""4"": 81}",False,17.0,-59.0,0.0,46.0,34.0,0.085,6.0,2.125,5.25,0.0,3.0,0.75,1.5,0.0,71.0,22.25,14.0,7.0,26.0,0.0,1.0,1.0,4.0,1.0,0.0,0.0,0.0,56.0,56.0,0.6475,0.6666666666666666,0.0224,0.0224,0.155,0.7045454545454546,0.29545454545454547,0.425,0.6666666666666666,1.0,0.6333333333333333,0.4949066213921901,0.0
20260621_132802_002f9dab,20260621_132802_002f9dab_g0010,10,534842960,6,56,56,56,1,2,BLUE,pool_peer_500ms,1,3,[3],0,88,2,"{""1"": 87, ""2"": 88, ""3"": 93, ""4"": 81}",False,30.0,-33.0,0.0,47.0,34.0,0.085,24.0,20.25,24.25,17.0,5.0,2.25,0.0,0.0,53.0,54.25,14.0,7.0,22.0,1.0,1.0,2.0,2.0,1.0,0.0,0.0,0.0,56.0,56.0,0.6475,0.6666666666666666,0.0224,0.0224,0.165,0.75,0.25,0.75,1.0,1.0,0.525,0.539872408293461,0.0
20260621_132802_002f9dab,20260621_132802_002f9dab_g0010,10,534842960,6,56,56,56,1,3,YELLOW,champion,2,3,[3],1,93,1,"{""1"": 87, ""2"": 88, ""3"": 93, ""4"": 81}",False,34.0,-25.0,1.0,41.0,34.0,0.085,36.0,26.75,37.75,19.0,10.0,6.75,2.0,0.0,41.0,71.75,14.0,7.0,23.0,1.0,1.0,2.0,1.0,2.0,1.0,0.0,0.0,56.0,56.0,0.6475,0.6666666666666666,0.0224,0.0224,0.1625,0.7386363636363636,0.26136363636363635,0.85,0.9666666666666667,1.0,0.4916666666666667,0.5246963562753036,0.0
20260621_132802_002f9dab,20260621_132802_002f9dab_g0010,10,534842960,6,56,56,56,1,4,GREEN,pool_l45_100ms,3,3,[3],0,81,4,"{""1"": 87, ""2"": 88, ""3"": 93, ""4"": 81}",False,12.0,-69.0,4.0,23.0,34.0,0.085,11.0,9.0,11.5,7.0,3.0,1.5,0.0,0.0,66.0,23.5,14.0,7.0,22.0,1.0,1.0,1.0,4.0,0.0,0.0,0.0,0.0,56.0,56.0,0.6475,0.6666666666666666,0.0224,0.0224,0.165,0.75,0.25,0.3,0.65,0.8,0.675,0.38835725677830946,0.0
20260621_132802_002f9dab,20260621_132802_002f9dab_g0010,10,534842960,7,64,64,64,1,1,RED,pool_l9_partial_200ms,0,3,[3],0,87,3,"{""1"": 87, ""2"": 88, ""3"": 93, ""4"": 81}",False,18.0,-53.0,0.0,53.0,37.0,0.0925,1.0,0.5,2.0,0.0,0.0,0.0,2.0,0.0,26.0,20.0,16.0,5.0,20.0,0.0,0.0,1.0,3.0,1.0,0.0,0.0,0.0,64.0,64.0,0.7075,0.7619047619047619,0.0256,0.0256,0.17,0.7727272727272727,0.22727272727272727,0.45,0.6,1.0,0.5916666666666667,0.5224458204334366,0.0
20260621_132802_002f9dab,20260621_132802_002f9dab_g0010,10,534842960,7,64,64,64,1,2,BLUE,pool_peer_500ms,1,3,[3],0,88,2,"{""1"": 87, ""2"": 88, ""3"": 93, ""4"": 81}",False,27.0,-35.0,0.0,58.0,37.0,0.0925,1.0,0.5,1.0,0.0,1.0,0.0,0.0,0.0,26.0,28.0,16.0,5.0,18.0,0.0,1.0,1.0,2.0,1.0,0.0,0.0,0.0,64.0,64.0,0.7075,0.7619047619047619,0.0256,0.0256,0.175,0.7954545454545454,0.20454545454545456,0.675,0.7333333333333333,1.0,0.5166666666666667,0.5293233082706768,0.0
20260621_132802_002f9dab,20260621_132802_002f9dab_g0010,10,534842960,7,64,64,64,1,3,YELLOW,champion,2,3,[3],1,93,1,"{""1"": 87, ""2"": 88, ""3"": 93, ""4"": 81}",False,32.0,-25.0,1.0,51.0,37.0,0.0925,16.0,14.5,16.0,13.0,3.0,0.0,0.0,0.0,11.0,48.0,16.0,5.0,16.0,1.0,1.0,1.0,0.0,2.0,1.0,0.0,0.0,64.0,64.0,0.7075,0.7619047619047619,0.0256,0.0256,0.18,0.8181818181818182,0.18181818181818182,0.8,0.6666666666666666,1.0,0.475,0.5241228070175439,0.0
20260621_132802_002f9dab,20260621_132802_002f9dab_g0010,10,534842960,7,64,64,64,1,4,GREEN,pool_l45_100ms,3,3,[3],0,81,4,"{""1"": 87, ""2"": 88, ""3"": 93, ""4"": 81}",False,12.0,-65.0,4.0,33.0,37.0,0.0925,9.0,8.0,9.0,7.0,2.0,0.0,0.0,0.0,18.0,21.0,16.0,5.0,15.0,1.0,1.0,0.0,3.0,0.0,0.0,0.0,0.0,64.0,64.0,0.7075,0.7619047619047619,0.0256,0.0256,0.1825,0.8295454545454546,0.17045454545454544,0.3,0.6166666666666667,0.8,0.6416666666666667,0.37923576063446285,0.0
20260621_132802_002f9dab,20260621_132802_002f9dab_g0011,11,1155062897,0,8,8,8,1,1,RED,pool_peer_500ms,0,1,[1],1,96,1,"{""1"": 96, ""2"": 85, ""3"": 93, ""4"": 75}",False,9.0,-13.0,9.0,0.0,1.0,0.0025,543.0,122.625,488.75,9.0,15.0,41.25,153.5,270.0,1282.0,497.75,2.0,19.0,78.0,1.0,1.0,2.0,6.0,9.0,1.0,0.0,0.0,8.0,8.0,0.1,0.09523809523809523,0.0032,0.0032,0.025,0.11363636363636363,0.8863636363636364,0.225,1.0,1.0,0.18333333333333332,0.23684210526315785,0.0
20260621_132802_002f9dab,20260621_132802_002f9dab_g0011,11,1155062897,0,8,8,8,1,2,BLUE,champion,1,1,[1],0,85,3,"{""1"": 96, ""2"": 85, ""3"": 93, ""4"": 75}",False,8.0,-15.0,9.0,0.0,1.0,0.0025,474.0,113.25,451.5,8.0,14.0,38.25,145.0,246.25,1351.0,459.5,2.0,19.0,78.0,1.0,1.0,2.0,6.0,9.0,1.0,1.0,0.0,8.0,8.0,0.1,0.09523809523809523,0.0032,0.0032,0.025,0.11363636363636363,0.8863636363636364,0.2,1.0,1.0,0.19166666666666668,0.20526315789473681,0.0
20260621_132802_002f9dab,20260621_132802_002f9dab_g0011,11,1155062897,0,8,8,8,1,3,YELLOW,pool_l45_100ms,2,1,[1],0,93,2,"{""1"": 96, ""2"": 85, ""3"": 93, ""4"": 75}",False,7.0,-17.0,9.0,0.0,1.0,0.0025,364.0,86.0,341.875,7.0,10.0,27.0,108.5,189.375,1461.0,348.875,2.0,19.0,78.0,1.0,1.0,2.0,6.0,9.0,1.0,1.0,0.0,8.0,8.0,0.1,0.09523809523809523,0.0032,0.0032,0.025,0.11363636363636363,0.8863636363636364,0.175,1.0,1.0,0.2,0.17368421052631577,0.0
20260621_132802_002f9dab,20260621_132802_002f9dab_g0011,11,1155062897,0,8,8,8,1,4,GREEN,pool_l9_partial_200ms,3,1,[1],0,75,4,"{""1"": 96, ""2"": 85, ""3"": 93, ""4"": 75}",False,7.0,-17.0,9.0,0.0,1.0,0.0025,444.0,103.25,415.125,7.0,12.0,33.75,130.5,231.875,1381.0,422.125,2.0,19.0,78.0,1.0,1.0,2.0,6.0,9.0,1.0,1.0,0.0,8.0,8.0,0.1,0.09523809523809523,0.0032,0.0032,0.025,0.11363636363636363,0.8863636363636364,0.175,1.0,1.0,0.2,0.20526315789473681,0.0
20260621_132802_002f9dab,20260621_132802_002f9dab_g0011,11,1155062897,1,16,16,16,1,1,RED,pool_peer_500ms,0,1,[1],1,96,1,"{""1"": 96, ""2"": 85, ""3"": 93, ""4"": 75}",False,16.0,-21.0,0.0,1.0,5.0,0.0125,749.0,187.0,724.875,15.0,25.0,70.5,262.5,351.875,1791.0,740.875,4.0,17.0,68.0,1.0,1.0,2.0,6.0,7.0,1.0,0.0,0.0,16.0,16.0,0.1975,0.19047619047619047,0.0064,0.0064,0.05,0.22727272727272727,0.7727272727272727,0.4,1.0,1.0,0.30833333333333335,0.49473684210526314,0.0
20260621_132802_002f9dab,20260621_132802_002f9dab_g0011,11,1155062897,1,16,16,16,1,2,BLUE,champion,1,1,[1],0,85,3,"{""1"": 96, ""2"": 85, ""3"": 93, ""4"": 75}",False,16.0,-21.0,1.0,1.0,5.0,0.0125,865.0,205.125,805.75,16.0,28.0,78.75,245.5,437.5,1675.0,821.75,4.0,17.0,69.0,1.0,1.0,2.0,5.0,8.0,1.0,0.0,0.0,16.0,16.0,0.1975,0.19047619047619047,0.0064,0.0064,0.0475,0.2159090909090909,0.7840909090909091,0.4,1.0,1.0,0.30833333333333335,0.4404432132963989,0.0
20260621_132802_002f9dab,20260621_132802_002f9dab_g0011,11,1155062897,1,16,16,16,1,3,YELLOW,pool_l45_100ms,2,1,[1],0,93,2,"{""1"": 96, ""2"": 85, ""3"": 93, ""4"": 75}",False,11.0,-31.0,5.0,0.0,5.0,0.0125,401.0,96.875,361.125,11.0,15.0,34.5,135.0,165.625,2139.0,372.125,4.0,17.0,68.0,1.0,1.0,2.0,6.0,7.0,1.0,0.0,0.0,16.0,16.0,0.1975,0.19047619047619047,0.0064,0.0064,0.05,0.22727272727272727,0.7727272727272727,0.275,1.0,1.0,0.35,0.3526315789473684,0.0
20260621_132802_002f9dab,20260621_132802_002f9dab_g0011,11,1155062897,1,16,16,16,1,4,GREEN,pool_l9_partial_200ms,3,1,[1],0,75,4,"{""1"": 96, ""2"": 85, ""3"": 93, ""4"": 75}",False,10.0,-33.0,7.0,0.0,5.0,0.0125,525.0,121.875,470.625,10.0,17.0,45.0,173.0,225.625,2015.0,480.625,4.0,17.0,68.0,1.0,1.0,2.0,6.0,7.0,1.0,0.0,0.0,16.0,16.0,0.1975,0.19047619047619047,0.0064,0.0064,0.05,0.22727272727272727,0.7727272727272727,0.25,1.0,1.0,0.35833333333333334,0.3131578947368421,0.0
20260621_132802_002f9dab,20260621_132802_002f9dab_g0011,11,1155062897,2,24,24,24,1,1,RED,pool_peer_500ms,0,1,[1],1,96,1,"{""1"": 96, ""2"": 85, ""3"": 93, ""4"": 75}",False,21.0,-28.0,0.0,5.0,12.0,0.03,664.0,179.25,650.875,20.0,29.0,78.0,279.5,244.375,1022.0,671.875,6.0,15.0,58.0,1.0,1.0,2.0,6.0,5.0,0.0,0.0,0.0,24.0,24.0,0.2975,0.2857142857142857,0.0096,0.0096,0.075,0.3409090909090909,0.6590909090909091,0.525,1.0,1.0,0.4083333333333333,0.5789473684210527,0.0
20260621_132802_002f9dab,20260621_132802_002f9dab_g0011,11,1155062897,2,24,24,24,1,2,BLUE,champion,1,1,[1],0,85,3,"{""1"": 96, ""2"": 85, ""3"": 93, ""4"": 75}",False,21.0,-28.0,1.0,10.0,12.0,0.03,524.0,138.5,503.0,17.0,24.0,62.25,176.0,223.75,1162.0,524.0,6.0,15.0,59.0,1.0,1.0,2.0,5.0,6.0,1.0,0.0,0.0,24.0,24.0,0.2975,0.2857142857142857,0.0096,0.0096,0.0725,0.32954545454545453,0.6704545454545454,0.525,1.0,1.0,0.4083333333333333,0.4736842105263158,0.0
20260621_132802_002f9dab,20260621_132802_002f9dab_g0011,11,1155062897,2,24,24,24,1,3,YELLOW,pool_l45_100ms,2,1,[1],0,93,2,"{""1"": 96, ""2"": 85, ""3"": 93, ""4"": 75}",False,13.0,-44.0,0.0,7.0,12.0,0.03,128.0,37.625,112.625,10.0,9.0,16.5,44.0,33.125,1558.0,125.625,6.0,15.0,58.0,1.0,1.0,2.0,6.0,5.0,0.0,0.0,0.0,24.0,24.0,0.2975,0.2857142857142857,0.0096,0.0096,0.075,0.3409090909090909,0.6590909090909091,0.325,1.0,1.0,0.475,0.47192982456140353,0.0
20260621_132802_002f9dab,20260621_132802_002f9dab_g0011,11,1155062897,2,24,24,24,1,4,GREEN,pool_l9_partial_200ms,3,1,[1],0,75,4,"{""1"": 96, ""2"": 85, ""3"": 93, ""4"": 75}",False,15.0,-40.0,4.0,1.0,12.0,0.03,370.0,97.625,326.125,15.0,22.0,48.0,148.0,93.125,1316.0,341.125,6.0,15.0,58.0,1.0,1.0,2.0,6.0,5.0,0.0,0.0,0.0,24.0,24.0,0.2975,0.2857142857142857,0.0096,0.0096,0.075,0.3409090909090909,0.6590909090909091,0.375,1.0,1.0,0.4583333333333333,0.43333333333333324,0.0
20260621_132802_002f9dab,20260621_132802_002f9dab_g0011,11,1155062897,3,32,32,32,1,1,RED,pool_peer_500ms,0,1,[1],1,96,1,"{""1"": 96, ""2"": 85, ""3"": 93, ""4"": 75}",False,25.0,-33.0,0.0,14.0,15.0,0.0375,377.0,119.625,385.125,21.0,26.0,60.0,200.0,78.125,588.0,410.125,8.0,13.0,48.0,1.0,1.0,2.0,6.0,3.0,0.0,0.0,0.0,32.0,32.0,0.395,0.38095238095238093,0.0128,0.0128,0.1,0.45454545454545453,0.5454545454545454,0.625,1.0,1.0,0.4833333333333333,0.5907894736842105,0.0
20260621_132802_002f9dab,20260621_132802_002f9dab_g0011,11,1155062897,3,32,32,32,1,2,BLUE,champion,1,1,[1],0,85,3,"{""1"": 96, ""2"": 85, ""3"": 93, ""4"": 75}",False,25.0,-33.0,1.0,17.0,15.0,0.0375,442.0,129.75,442.0,21.0,28.0,65.25,149.0,178.75,523.0,467.0,8.0,13.0,50.0,1.0,1.0,2.0,4.0,5.0,1.0,0.0,0.0,32.0,32.0,0.395,0.38095238095238093,0.0128,0.0128,0.095,0.4318181818181818,0.5681818181818182,0.625,1.0,1.0,0.4833333333333333,0.4833795013850416,0.0
20260621_132802_002f9dab,20260621_132802_002f9dab_g0011,11,1155062897,3,32,32,32,1,3,YELLOW,pool_l45_100ms,2,1,[1],0,93,2,"{""1"": 96, ""2"": 85, ""3"": 93, ""4"": 75}",False,16.0,-51.0,0.0,17.0,15.0,0.0375,29.0,16.875,31.625,10.0,4.0,7.5,7.0,3.125,936.0,47.625,8.0,13.0,48.0,1.0,1.0,2.0,6.0,3.0,0.0,0.0,0.0,32.0,32.0,0.395,0.38095238095238093,0.0128,0.0128,0.1,0.45454545454545453,0.5454545454545454,0.4,1.0,1.0,0.5583333333333333,0.493421052631579,0.0
20260621_132802_002f9dab,20260621_132802_002f9dab_g0011,11,1155062897,3,32,32,32,1,4,GREEN,pool_l9_partial_200ms,3,1,[1],0,75,4,"{""1"": 96, ""2"": 85, ""3"": 93, ""4"": 75}",False,17.0,-49.0,4.0,12.0,15.0,0.0375,117.0,42.375,108.875,14.0,15.0,20.25,44.0,15.625,848.0,125.875,8.0,13.0,48.0,1.0,1.0,2.0,6.0,3.0,0.0,0.0,0.0,32.0,32.0,0.395,0.38095238095238093,0.0128,0.0128,0.1,0.45454545454545453,0.5454545454545454,0.425,1.0,1.0,0.55,0.4473684210526315,0.0
20260621_132802_002f9dab,20260621_132802_002f9dab_g0011,11,1155062897,4,40,40,40,1,1,RED,pool_peer_500ms,0,1,[1],1,96,1,"{""1"": 96, ""2"": 85, ""3"": 93, ""4"": 75}",False,26.0,-34.0,0.0,21.0,19.0,0.0475,250.0,88.5,258.75,21.0,23.0,49.5,129.0,36.25,277.0,284.75,10.0,11.0,39.0,1.0,1.0,2.0,5.0,2.0,0.0,0.0,0.0,40.0,40.0,0.49,0.47619047619047616,0.016,0.016,0.1225,0.5568181818181818,0.4431818181818182,0.65,1.0,1.0,0.5,0.5853920515574651,0.0
20260621_132802_002f9dab,20260621_132802_002f9dab_g0011,11,1155062897,4,40,40,40,1,2,BLUE,champion,1,1,[1],0,85,3,"{""1"": 96, ""2"": 85, ""3"": 93, ""4"": 75}",False,28.0,-30.0,1.0,28.0,19.0,0.0475,206.0,71.875,212.25,18.0,21.0,42.0,62.5,68.75,321.0,240.25,10.0,11.0,41.0,1.0,1.0,2.0,3.0,4.0,1.0,0.0,0.0,40.0,40.0,0.49,0.47619047619047616,0.016,0.016,0.1175,0.5340909090909091,0.4659090909090909,0.7,1.0,1.0,0.4833333333333333,0.48600223964165734,0.0
20260621_132802_002f9dab,20260621_132802_002f9dab_g0011,11,1155062897,4,40,40,40,1,3,YELLOW,pool_l45_100ms,2,1,[1],0,93,2,"{""1"": 96, ""2"": 85, ""3"": 93, ""4"": 75}",False,18.0,-50.0,0.0,23.0,19.0,0.0475,36.0,20.0,38.0,12.0,4.0,7.5,12.0,2.5,491.0,56.0,10.0,11.0,38.0,1.0,1.0,2.0,6.0,1.0,0.0,0.0,0.0,40.0,40.0,0.49,0.47619047619047616,0.016,0.016,0.125,0.5681818181818182,0.4318181818181818,0.45,1.0,1.0,0.5666666666666667,0.4821052631578947,0.0
20260621_132802_002f9dab,20260621_132802_002f9dab_g0011,11,1155062897,4,40,40,40,1,4,GREEN,pool_l9_partial_200ms,3,1,[1],0,75,4,"{""1"": 96, ""2"": 85, ""3"": 93, ""4"": 75}",False,14.0,-58.0,4.0,12.0,19.0,0.0475,35.0,18.75,31.0,11.0,9.0,6.0,5.0,0.0,492.0,45.0,10.0,11.0,38.0,1.0,1.0,2.0,6.0,1.0,0.0,0.0,0.0,40.0,40.0,0.49,0.47619047619047616,0.016,0.016,0.125,0.5681818181818182,0.4318181818181818,0.35,0.9166666666666666,1.0,0.6,0.4242105263157895,0.0
20260621_132802_002f9dab,20260621_132802_002f9dab_g0011,11,1155062897,5,48,48,48,1,1,RED,pool_peer_500ms,0,1,[1],1,96,1,"{""1"": 96, ""2"": 85, ""3"": 93, ""4"": 75}",False,27.0,-34.0,0.0,41.0,27.0,0.0675,131.0,55.75,148.25,18.0,15.0,32.25,58.0,25.0,170.0,175.25,12.0,9.0,31.0,1.0,1.0,2.0,3.0,2.0,0.0,0.0,0.0,48.0,48.0,0.5775,0.5714285714285714,0.0192,0.0192,0.1425,0.6477272727272727,0.3522727272727273,0.675,1.0,1.0,0.5083333333333333,0.5586334256694367,0.0
20260621_132802_002f9dab,20260621_132802_002f9dab_g0011,11,1155062897,5,48,48,48,1,2,BLUE,champion,1,1,[1],0,85,3,"{""1"": 96, ""2"": 85, ""3"": 93, ""4"": 75}",False,28.0,-32.0,1.0,39.0,27.0,0.0675,87.0,38.0,89.25,17.0,11.0,18.0,17.0,26.25,214.0,117.25,12.0,9.0,32.0,1.0,1.0,2.0,2.0,3.0,1.0,0.0,0.0,48.0,48.0,0.5775,0.5714285714285714,0.0192,0.0192,0.14,0.6363636363636364,0.36363636363636365,0.7,1.0,1.0,0.5,0.525375939849624,0.0
20260621_132802_002f9dab,20260621_132802_002f9dab_g0011,11,1155062897,5,48,48,48,1,3,YELLOW,pool_l45_100ms,2,1,[1],0,93,2,"{""1"": 96, ""2"": 85, ""3"": 93, ""4"": 75}",False,18.0,-52.0,0.0,32.0,27.0,0.0675,17.0,12.0,17.0,9.0,3.0,3.0,2.0,0.0,284.0,35.0,12.0,9.0,29.0,1.0,1.0,2.0,5.0,0.0,0.0,0.0,0.0,48.0,48.0,0.5775,0.5714285714285714,0.0192,0.0192,0.1475,0.6704545454545454,0.32954545454545453,0.45,0.5166666666666667,0.8,0.5833333333333333,0.4933095450490633,0.0
20260621_132802_002f9dab,20260621_132802_002f9dab_g0011,11,1155062897,5,48,48,48,1,4,GREEN,pool_l9_partial_200ms,3,1,[1],0,75,4,"{""1"": 96, ""2"": 85, ""3"": 93, ""4"": 75}",False,15.0,-58.0,4.0,21.0,27.0,0.0675,66.0,25.875,63.75,9.0,8.0,14.25,32.5,0.0,235.0,78.75,12.0,9.0,29.0,1.0,1.0,2.0,5.0,0.0,0.0,0.0,0.0,48.0,48.0,0.5775,0.5714285714285714,0.0192,0.0192,0.1475,0.6704545454545454,0.32954545454545453,0.375,1.0,0.8,0.6083333333333333,0.43354148082069577,0.0
20260621_132802_002f9dab,20260621_132802_002f9dab_g0011,11,1155062897,6,56,56,56,1,1,RED,pool_peer_500ms,0,1,[1],1,96,1,"{""1"": 96, ""2"": 85, ""3"": 93, ""4"": 75}",False,28.0,-29.0,0.0,50.0,34.0,0.085,35.0,24.25,36.75,17.0,7.0,6.75,6.0,0.0,54.0,64.75,14.0,7.0,22.0,1.0,1.0,2.0,2.0,1.0,0.0,0.0,0.0,56.0,56.0,0.665,0.6666666666666666,0.0224,0.0224,0.165,0.75,0.25,0.7,1.0,1.0,0.475,0.5271132376395535,0.0
20260621_132802_002f9dab,20260621_132802_002f9dab_g0011,11,1155062897,6,56,56,56,1,2,BLUE,champion,1,1,[1],0,85,3,"{""1"": 96, ""2"": 85, ""3"": 93, ""4"": 75}",False,29.0,-27.0,1.0,45.0,34.0,0.085,34.0,22.125,32.25,16.0,7.0,5.25,1.5,2.5,55.0,61.25,14.0,7.0,22.0,1.0,1.0,2.0,2.0,1.0,1.0,0.0,0.0,56.0,56.0,0.665,0.6666666666666666,0.0224,0.0224,0.165,0.75,0.25,0.725,0.9166666666666666,1.0,0.4666666666666667,0.5103668261562999,0.0
20260621_132802_002f9dab,20260621_132802_002f9dab_g0011,11,1155062897,6,56,56,56,1,3,YELLOW,pool_l45_100ms,2,1,[1],0,93,2,"{""1"": 96, ""2"": 85, ""3"": 93, ""4"": 75}",False,16.0,-53.0,0.0,40.0,34.0,0.085,9.0,8.5,9.0,8.0,1.0,0.0,0.0,0.0,80.0,25.0,14.0,7.0,21.0,1.0,1.0,2.0,3.0,0.0,0.0,0.0,0.0,56.0,56.0,0.665,0.6666666666666666,0.0224,0.0224,0.1675,0.7613636363636364,0.23863636363636365,0.4,0.38333333333333336,0.8,0.575,0.49175176747839755,0.0
20260621_132802_002f9dab,20260621_132802_002f9dab_g0011,11,1155062897,6,56,56,56,1,4,GREEN,pool_l9_partial_200ms,3,1,[1],0,75,4,"{""1"": 96, ""2"": 85, ""3"": 93, ""4"": 75}",False,12.0,-61.0,4.0,32.0,34.0,0.085,11.0,8.0,11.25,6.0,2.0,2.25,1.0,0.0,78.0,23.25,14.0,7.0,21.0,1.0,1.0,2.0,3.0,0.0,0.0,0.0,0.0,56.0,56.0,0.665,0.6666666666666666,0.0224,0.0224,0.1675,0.7613636363636364,0.23863636363636365,0.3,0.6666666666666666,0.8,0.6083333333333333,0.4053417124901807,0.0
20260621_132802_002f9dab,20260621_132802_002f9dab_g0011,11,1155062897,7,64,64,64,1,1,RED,pool_peer_500ms,0,1,[1],1,96,1,"{""1"": 96, ""2"": 85, ""3"": 93, ""4"": 75}",False,26.0,-30.0,0.0,56.0,29.0,0.0725,19.0,16.25,18.75,14.0,4.0,0.75,0.0,0.0,20.0,44.75,16.0,5.0,14.0,1.0,1.0,2.0,0.0,1.0,0.0,0.0,0.0,64.0,64.0,0.72,0.7619047619047619,0.0256,0.0256,0.185,0.8409090909090909,0.1590909090909091,0.65,0.6333333333333333,1.0,0.4666666666666667,0.5142247510668563,0.0
20260621_132802_002f9dab,20260621_132802_002f9dab_g0011,11,1155062897,7,64,64,64,1,2,BLUE,champion,1,1,[1],0,85,3,"{""1"": 96, ""2"": 85, ""3"": 93, ""4"": 75}",False,27.0,-28.0,1.0,54.0,29.0,0.0725,7.0,3.0,6.5,0.0,5.0,1.5,0.0,0.0,32.0,33.5,16.0,5.0,17.0,0.0,1.0,2.0,1.0,1.0,1.0,0.0,0.0,64.0,64.0,0.72,0.7619047619047619,0.0256,0.0256,0.1775,0.8068181818181818,0.19318181818181818,0.675,0.75,1.0,0.4583333333333333,0.5070422535211268,0.0
20260621_132802_002f9dab,20260621_132802_002f9dab_g0011,11,1155062897,7,64,64,64,1,3,YELLOW,pool_l45_100ms,2,1,[1],0,93,2,"{""1"": 96, ""2"": 85, ""3"": 93, ""4"": 75}",False,18.0,-46.0,0.0,54.0,29.0,0.0725,13.0,11.25,14.25,10.0,0.0,2.25,2.0,0.0,26.0,32.25,16.0,5.0,15.0,1.0,0.0,2.0,2.0,0.0,0.0,0.0,0.0,64.0,64.0,0.72,0.7619047619047619,0.0256,0.0256,0.1825,0.8295454545454546,0.17045454545454544,0.45,0.5333333333333333,0.8,0.5333333333333333,0.5039653929343908,0.0
20260621_132802_002f9dab,20260621_132802_002f9dab_g0011,11,1155062897,7,64,64,64,1,4,GREEN,pool_l9_partial_200ms,3,1,[1],0,75,4,"{""1"": 96, ""2"": 85, ""3"": 93, ""4"": 75}",False,11.0,-60.0,3.0,42.0,29.0,0.0725,0.0,0.0,0.0,0.0,0.0,0.0,0.0,0.0,39.0,11.0,16.0,5.0,18.0,0.0,0.0,2.0,3.0,0.0,0.0,0.0,0.0,64.0,64.0,0.72,0.7619047619047619,0.0256,0.0256,0.175,0.7954545454545454,0.20454545454545456,0.275,0.3,0.8,0.5916666666666667,0.4157894736842106,0.0
20260621_132802_002f9dab,20260621_132802_002f9dab_g0012,12,1537660816,0,8,8,8,1,1,RED,champion,0,2,[2],0,91,2,"{""1"": 91, ""2"": 94, ""3"": 70, ""4"": 85}",False,8.0,-13.0,9.0,0.0,3.0,0.0075,376.0,93.25,375.0,8.0,11.0,29.25,93.0,233.75,1234.0,383.0,2.0,19.0,79.0,1.0,1.0,2.0,5.0,10.0,1.0,1.0,1.0,8.0,8.0,0.0975,0.09523809523809523,0.0032,0.0032,0.0225,0.10227272727272728,0.8977272727272727,0.2,1.0,1.0,0.175,0.21637426900584789,0.0
20260621_132802_002f9dab,20260621_132802_002f9dab_g0012,12,1537660816,0,8,8,8,1,2,BLUE,pool_l45_100ms,1,2,[2],1,94,1,"{""1"": 91, ""2"": 94, ""3"": 70, ""4"": 85}",False,5.0,-19.0,9.0,0.0,3.0,0.0075,327.0,76.25,309.5,5.0,8.0,24.0,95.0,177.5,1283.0,314.5,2.0,19.0,78.0,1.0,1.0,2.0,6.0,9.0,1.0,1.0,0.0,8.0,8.0,0.0975,0.09523809523809523,0.0032,0.0032,0.025,0.11363636363636363,0.8863636363636364,0.125,1.0,1.0,0.2,0.15263157894736834,0.0
20260621_132802_002f9dab,20260621_132802_002f9dab_g0012,12,1537660816,0,8,8,8,1,3,YELLOW,pool_l9_partial_200ms,2,2,[2],0,70,4,"{""1"": 91, ""2"": 94, ""3"": 70, ""4"": 85}",False,7.0,-15.0,9.0,0.0,3.0,0.0075,364.0,86.0,341.875,7.0,10.0,27.0,108.5,189.375,1246.0,348.875,2.0,19.0,78.0,1.0,1.0,2.0,6.0,9.0,1.0,1.0,0.0,8.0,8.0,0.0975,0.09523809523809523,0.0032,0.0032,0.025,0.11363636363636363,0.8863636363636364,0.175,1.0,1.0,0.18333333333333332,0.17368421052631577,0.0
20260621_132802_002f9dab,20260621_132802_002f9dab_g0012,12,1537660816,0,8,8,8,1,4,GREEN,pool_peer_500ms,3,2,[2],0,85,3,"{""1"": 91, ""2"": 94, ""3"": 70, ""4"": 85}",False,9.0,-11.0,9.0,0.0,3.0,0.0075,543.0,122.625,488.75,9.0,15.0,41.25,153.5,270.0,1067.0,497.75,2.0,19.0,78.0,1.0,1.0,2.0,6.0,9.0,1.0,0.0,0.0,8.0,8.0,0.0975,0.09523809523809523,0.0032,0.0032,0.025,0.11363636363636363,0.8863636363636364,0.225,1.0,1.0,0.16666666666666669,0.23684210526315785,0.0
20260621_132802_002f9dab,20260621_132802_002f9dab_g0012,12,1537660816,1,16,16,16,1,1,RED,champion,0,2,[2],0,91,2,"{""1"": 91, ""2"": 94, ""3"": 70, ""4"": 85}",False,16.0,-20.0,6.0,2.0,3.0,0.0075,564.0,137.875,523.25,15.0,21.0,52.5,158.5,276.25,1728.0,539.25,4.0,17.0,69.0,1.0,1.0,2.0,5.0,8.0,1.0,0.0,0.0,16.0,16.0,0.1975,0.19047619047619047,0.0064,0.0064,0.0475,0.2159090909090909,0.7840909090909091,0.4,1.0,1.0,0.3,0.39889196675900285,0.0
20260621_132802_002f9dab,20260621_132802_002f9dab_g0012,12,1537660816,1,16,16,16,1,2,BLUE,pool_l45_100ms,1,2,[2],1,94,1,"{""1"": 91, ""2"": 94, ""3"": 70, ""4"": 85}",False,9.0,-34.0,6.0,0.0,3.0,0.0075,533.0,123.375,482.5,9.0,16.0,45.0,177.5,235.0,1759.0,491.5,4.0,17.0,68.0,1.0,1.0,2.0,6.0,7.0,1.0,0.0,0.0,16.0,16.0,0.1975,0.19047619047619047,0.0064,0.0064,0.05,0.22727272727272727,0.7727272727272727,0.225,1.0,1.0,0.35833333333333334,0.3263157894736842,0.0
20260621_132802_002f9dab,20260621_132802_002f9dab_g0012,12,1537660816,1,16,16,16,1,3,YELLOW,pool_l9_partial_200ms,2,2,[2],0,70,4,"{""1"": 91, ""2"": 94, ""3"": 70, ""4"": 85}",False,11.0,-30.0,5.0,0.0,3.0,0.0075,429.0,102.375,386.25,11.0,15.0,36.0,140.5,183.75,1863.0,397.25,4.0,17.0,68.0,1.0,1.0,2.0,6.0,7.0,1.0,0.0,0.0,16.0,16.0,0.1975,0.19047619047619047,0.0064,0.0064,0.05,0.22727272727272727,0.7727272727272727,0.275,1.0,1.0,0.3416666666666667,0.3526315789473684,0.0
20260621_132802_002f9dab,20260621_132802_002f9dab_g0012,12,1537660816,1,16,16,16,1,4,GREEN,pool_peer_500ms,3,2,[2],0,85,3,"{""1"": 91, ""2"": 94, ""3"": 70, ""4"": 85}",False,16.0,-20.0,5.0,2.0,3.0,0.0075,766.0,191.625,733.375,16.0,28.0,75.0,275.0,339.375,1526.0,749.375,4.0,17.0,68.0,1.0,1.0,2.0,6.0,7.0,1.0,0.0,0.0,16.0,16.0,0.1975,0.19047619047619047,0.0064,0.0064,0.05,0.22727272727272727,0.7727272727272727,0.4,1.0,1.0,0.3,0.4342105263157895,0.0
20260621_132802_002f9dab,20260621_132802_002f9dab_g0012,12,1537660816,2,24,24,24,1,1,RED,champion,0,2,[2],0,91,2,"{""1"": 91, ""2"": 94, ""3"": 70, ""4"": 85}",False,23.0,-27.0,2.0,8.0,6.0,0.015,435.0,128.75,436.75,21.0,29.0,61.5,154.0,171.25,1093.0,459.75,6.0,15.0,59.0,1.0,1.0,2.0,5.0,6.0,1.0,0.0,0.0,24.0,24.0,0.2975,0.2857142857142857,0.0096,0.0096,0.0725,0.32954545454545453,0.6704545454545454,0.575,1.0,1.0,0.4166666666666667,0.4754990925589837,0.0
20260621_132802_002f9dab,20260621_132802_002f9dab_g0012,12,1537660816,2,24,24,24,1,2,BLUE,pool_l45_100ms,1,2,[2],1,94,1,"{""1"": 91, ""2"": 94, ""3"": 70, ""4"": 85}",False,16.0,-41.0,1.0,0.0,6.0,0.015,499.0,125.125,442.875,15.0,24.0,56.25,197.0,150.625,1029.0,458.875,6.0,15.0,58.0,1.0,1.0,2.0,6.0,5.0,0.0,0.0,0.0,24.0,24.0,0.2975,0.2857142857142857,0.0096,0.0096,0.075,0.3409090909090909,0.6590909090909091,0.4,1.0,1.0,0.475,0.4385964912280702,0.0
20260621_132802_002f9dab,20260621_132802_002f9dab_g0012,12,1537660816,2,24,24,24,1,3,YELLOW,pool_l9_partial_200ms,2,2,[2],0,70,4,"{""1"": 91, ""2"": 94, ""3"": 70, ""4"": 85}",False,15.0,-43.0,1.0,3.0,6.0,0.015,272.0,73.125,241.125,14.0,16.0,30.75,96.0,84.375,1256.0,256.125,6.0,15.0,58.0,1.0,1.0,2.0,6.0,5.0,0.0,0.0,0.0,24.0,24.0,0.2975,0.2857142857142857,0.0096,0.0096,0.075,0.3409090909090909,0.6590909090909091,0.375,1.0,1.0,0.4833333333333333,0.47192982456140353,0.0
20260621_132802_002f9dab,20260621_132802_002f9dab_g0012,12,1537660816,2,24,24,24,1,4,GREEN,pool_peer_500ms,3,2,[2],0,85,3,"{""1"": 91, ""2"": 94, ""3"": 70, ""4"": 85}",False,19.0,-35.0,2.0,8.0,6.0,0.015,322.0,92.0,300.5,16.0,22.0,45.0,130.0,87.5,1206.0,319.5,6.0,15.0,58.0,1.0,1.0,2.0,6.0,5.0,0.0,0.0,0.0,24.0,24.0,0.2975,0.2857142857142857,0.0096,0.0096,0.075,0.3409090909090909,0.6590909090909091,0.475,1.0,1.0,0.45,0.5403508771929826,0.0
20260621_132802_002f9dab,20260621_132802_002f9dab_g0012,12,1537660816,3,32,32,32,1,1,RED,champion,0,2,[2],0,91,2,"{""1"": 91, ""2"": 94, ""3"": 70, ""4"": 85}",False,26.0,-31.0,2.0,18.0,8.0,0.02,393.0,120.625,383.25,23.0,33.0,68.25,131.5,127.5,487.0,409.25,8.0,13.0,50.0,1.0,1.0,2.0,4.0,5.0,1.0,0.0,0.0,32.0,32.0,0.3925,0.38095238095238093,0.0128,0.0128,0.095,0.4318181818181818,0.5681818181818182,0.65,1.0,1.0,0.475,0.5332409972299169,0.0
20260621_132802_002f9dab,20260621_132802_002f9dab_g0012,12,1537660816,3,32,32,32,1,2,BLUE,pool_l45_100ms,1,2,[2],1,94,1,"{""1"": 91, ""2"": 94, ""3"": 70, ""4"": 85}",False,16.0,-51.0,1.0,8.0,8.0,0.02,92.0,36.0,90.75,12.0,13.0,18.0,39.0,8.75,788.0,106.75,8.0,13.0,48.0,1.0,1.0,2.0,6.0,3.0,0.0,0.0,0.0,32.0,32.0,0.3925,0.38095238095238093,0.0128,0.0128,0.1,0.45454545454545453,0.5454545454545454,0.4,1.0,1.0,0.5583333333333333,0.4842105263157894,0.0
20260621_132802_002f9dab,20260621_132802_002f9dab_g0012,12,1537660816,3,32,32,32,1,3,YELLOW,pool_l9_partial_200ms,2,2,[2],0,70,4,"{""1"": 91, ""2"": 94, ""3"": 70, ""4"": 85}",False,19.0,-45.0,1.0,12.0,8.0,0.02,138.0,52.25,133.75,18.0,17.0,23.25,58.0,17.5,742.0,152.75,8.0,13.0,48.0,1.0,1.0,2.0,6.0,3.0,0.0,0.0,0.0,32.0,32.0,0.3925,0.38095238095238093,0.0128,0.0128,0.1,0.45454545454545453,0.5454545454545454,0.475,1.0,1.0,0.5333333333333333,0.5013157894736842,0.0
20260621_132802_002f9dab,20260621_132802_002f9dab_g0012,12,1537660816,3,32,32,32,1,4,GREEN,pool_peer_500ms,3,2,[2],0,85,3,"{""1"": 91, ""2"": 94, ""3"": 70, ""4"": 85}",False,22.0,-39.0,2.0,20.0,8.0,0.02,257.0,88.75,272.25,18.0,25.0,51.0,112.0,66.25,623.0,294.25,8.0,13.0,49.0,1.0,1.0,2.0,5.0,4.0,0.0,0.0,0.0,32.0,32.0,0.3925,0.38095238095238093,0.0128,0.0128,0.0975,0.4431818181818182,0.5568181818181818,0.55,1.0,1.0,0.5083333333333333,0.5452091767881242,0.0
20260621_132802_002f9dab,20260621_132802_002f9dab_g0012,12,1537660816,4,40,40,40,1,1,RED,champion,0,2,[2],0,91,2,"{""1"": 91, ""2"": 94, ""3"": 70, ""4"": 85}",False,31.0,-28.0,2.0,26.0,13.0,0.0325,236.0,89.875,250.875,25.0,30.0,51.75,76.0,68.125,229.0,281.875,10.0,11.0,41.0,1.0,1.0,2.0,3.0,4.0,1.0,0.0,0.0,40.0,40.0,0.4875,0.47619047619047616,0.016,0.016,0.1175,0.5340909090909091,0.4659090909090909,0.775,1.0,1.0,0.4916666666666667,0.5397536394176932,0.0
20260621_132802_002f9dab,20260621_132802_002f9dab_g0012,12,1537660816,4,40,40,40,1,2,BLUE,pool_l45_100ms,1,2,[2],1,94,1,"{""1"": 91, ""2"": 94, ""3"": 70, ""4"": 85}",False,17.0,-56.0,0.0,20.0,13.0,0.0325,67.0,28.625,65.0,12.0,9.0,13.5,30.5,0.0,398.0,82.0,10.0,11.0,38.0,1.0,1.0,2.0,6.0,1.0,0.0,0.0,0.0,40.0,40.0,0.4875,0.47619047619047616,0.016,0.016,0.125,0.5681818181818182,0.4318181818181818,0.425,1.0,1.0,0.6083333333333333,0.5305263157894737,0.0
20260621_132802_002f9dab,20260621_132802_002f9dab_g0012,12,1537660816,4,40,40,40,1,3,YELLOW,pool_l9_partial_200ms,2,2,[2],0,70,4,"{""1"": 91, ""2"": 94, ""3"": 70, ""4"": 85}",False,17.0,-56.0,1.0,18.0,13.0,0.0325,29.0,19.375,28.25,14.0,6.0,3.75,4.5,0.0,436.0,45.25,10.0,11.0,38.0,1.0,1.0,2.0,6.0,1.0,0.0,0.0,0.0,40.0,40.0,0.4875,0.47619047619047616,0.016,0.016,0.125,0.5681818181818182,0.4318181818181818,0.425,1.0,1.0,0.6083333333333333,0.4715789473684211,0.0
20260621_132802_002f9dab,20260621_132802_002f9dab_g0012,12,1537660816,4,40,40,40,1,4,GREEN,pool_peer_500ms,3,2,[2],0,85,3,"{""1"": 91, ""2"": 94, ""3"": 70, ""4"": 85}",False,25.0,-40.0,2.0,28.0,13.0,0.0325,133.0,56.375,141.375,20.0,18.0,31.5,50.0,21.875,332.0,166.375,10.0,11.0,40.0,1.0,1.0,2.0,4.0,3.0,0.0,0.0,0.0,40.0,40.0,0.4875,0.47619047619047616,0.016,0.016,0.12,0.5454545454545454,0.45454545454545453,0.625,1.0,1.0,0.5416666666666667,0.5668859649122807,0.0
20260621_132802_002f9dab,20260621_132802_002f9dab_g0012,12,1537660816,5,48,48,48,1,1,RED,champion,0,2,[2],0,91,2,"{""1"": 91, ""2"": 94, ""3"": 70, ""4"": 85}",False,34.0,-26.0,2.0,39.0,24.0,0.06,107.0,54.375,117.375,24.0,21.0,31.5,24.0,16.875,122.0,151.375,12.0,9.0,32.0,1.0,1.0,2.0,2.0,3.0,0.0,0.0,0.0,48.0,48.0,0.5675,0.5714285714285714,0.0192,0.0192,0.14,0.6363636363636364,0.36363636363636365,0.85,1.0,1.0,0.5,0.525375939849624,0.0
20260621_132802_002f9dab,20260621_132802_002f9dab_g0012,12,1537660816,5,48,48,48,1,2,BLUE,pool_l45_100ms,1,2,[2],1,94,1,"{""1"": 91, ""2"": 94, ""3"": 70, ""4"": 85}",False,19.0,-56.0,0.0,22.0,24.0,0.06,49.0,25.75,47.5,14.0,10.0,10.5,13.0,0.0,180.0,66.5,12.0,9.0,29.0,1.0,1.0,2.0,5.0,0.0,0.0,0.0,0.0,48.0,48.0,0.5675,0.5714285714285714,0.0192,0.0192,0.1475,0.6704545454545454,0.32954545454545453,0.475,1.0,0.8,0.625,0.5173951828724354,0.0
20260621_132802_002f9dab,20260621_132802_002f9dab_g0012,12,1537660816,5,48,48,48,1,3,YELLOW,pool_l9_partial_200ms,2,2,[2],0,70,4,"{""1"": 91, ""2"": 94, ""3"": 70, ""4"": 85}",False,13.0,-68.0,1.0,23.0,24.0,0.06,3.0,1.5,3.0,0.0,3.0,0.0,0.0,0.0,226.0,16.0,12.0,9.0,33.0,0.0,1.0,2.0,5.0,1.0,0.0,0.0,0.0,48.0,48.0,0.5675,0.5714285714285714,0.0192,0.0192,0.1375,0.625,0.375,0.325,0.6166666666666667,1.0,0.675,0.4593301435406698,0.0
20260621_132802_002f9dab,20260621_132802_002f9dab_g0012,12,1537660816,5,48,48,48,1,4,GREEN,pool_peer_500ms,3,2,[2],0,85,3,"{""1"": 91, ""2"": 94, ""3"": 70, ""4"": 85}",False,28.0,-38.0,2.0,41.0,24.0,0.06,70.0,40.625,79.625,21.0,15.0,18.75,18.0,6.875,159.0,107.625,12.0,9.0,31.0,1.0,1.0,2.0,3.0,2.0,0.0,0.0,0.0,48.0,48.0,0.5675,0.5714285714285714,0.0192,0.0192,0.1425,0.6477272727272727,0.3522727272727273,0.7,1.0,1.0,0.55,0.5401662049861495,0.0
20260621_132802_002f9dab,20260621_132802_002f9dab_g0012,12,1537660816,6,56,56,57,2,1,RED,champion,0,2,[2],0,91,2,"{""1"": 91, ""2"": 94, ""3"": 70, ""4"": 85}",False,36.0,-21.0,2.0,51.0,27.0,0.0675,87.0,47.375,86.875,25.0,19.0,30.0,6.0,6.875,64.0,122.875,15.0,6.0,18.0,1.0,1.0,2.0,1.0,1.0,0.0,0.0,0.0,56.0,57.0,0.6475,0.7142857142857143,0.0228,0.0224,0.175,0.7954545454545454,0.20454545454545456,0.9,1.0,1.0,0.475,0.5052631578947369,0.0
20260621_132802_002f9dab,20260621_132802_002f9dab_g0012,12,1537660816,6,56,56,57,2,2,BLUE,pool_l45_100ms,1,2,[2],1,94,1,"{""1"": 91, ""2"": 94, ""3"": 70, ""4"": 85}",False,18.0,-57.0,0.0,31.0,27.0,0.0675,21.0,15.0,20.75,11.0,5.0,3.75,1.0,0.0,130.0,38.75,14.0,7.0,21.0,1.0,1.0,2.0,3.0,0.0,0.0,0.0,0.0,56.0,57.0,0.6475,0.6666666666666666,0.0228,0.0224,0.1675,0.7613636363636364,0.23863636363636365,0.45,0.5666666666666667,0.8,0.625,0.49018067556952083,0.0
20260621_132802_002f9dab,20260621_132802_002f9dab_g0012,12,1537660816,6,56,56,57,2,3,YELLOW,pool_l9_partial_200ms,2,2,[2],0,70,4,"{""1"": 91, ""2"": 94, ""3"": 70, ""4"": 85}",False,11.0,-71.0,1.0,37.0,27.0,0.0675,0.0,0.0,0.0,0.0,0.0,0.0,0.0,0.0,151.0,11.0,13.0,8.0,31.0,0.0,0.0,2.0,5.0,1.0,0.0,0.0,0.0,56.0,57.0,0.6475,0.6190476190476191,0.0228,0.0224,0.1425,0.6477272727272727,0.3522727272727273,0.275,0.5333333333333333,1.0,0.6833333333333333,0.4699907663896583,0.0
20260621_132802_002f9dab,20260621_132802_002f9dab_g0012,12,1537660816,6,56,56,57,2,4,GREEN,pool_peer_500ms,3,2,[2],0,85,3,"{""1"": 91, ""2"": 94, ""3"": 70, ""4"": 85}",False,28.0,-37.0,0.0,50.0,27.0,0.0675,43.0,30.25,54.0,18.0,12.0,6.0,13.0,5.0,108.0,82.0,14.0,7.0,23.0,1.0,1.0,1.0,3.0,1.0,0.0,0.0,0.0,56.0,57.0,0.6475,0.6666666666666666,0.0228,0.0224,0.1625,0.7386363636363636,0.26136363636363635,0.7,0.8,1.0,0.5416666666666667,0.5506072874493928,0.0
20260621_132802_002f9dab,20260621_132802_002f9dab_g0012,12,1537660816,7,64,64,68,1,1,RED,champion,0,2,[2],0,91,2,"{""1"": 91, ""2"": 94, ""3"": 70, ""4"": 85}",False,36.0,-13.0,2.0,61.0,29.0,0.0725,43.0,33.5,46.0,24.0,13.0,9.0,0.0,0.0,1.0,82.0,17.0,4.0,10.0,1.0,1.0,1.0,1.0,0.0,0.0,0.0,0.0,64.0,68.0,0.705,0.8095238095238095,0.0272,0.0256,0.195,0.8863636363636364,0.11363636363636363,0.9,1.0,0.8,0.4083333333333333,0.4757085020242915,0.0
20260621_132802_002f9dab,20260621_132802_002f9dab_g0012,12,1537660816,7,64,64,68,1,2,BLUE,pool_l45_100ms,1,2,[2],1,94,1,"{""1"": 91, ""2"": 94, ""3"": 70, ""4"": 85}",False,12.0,-61.0,0.0,36.0,29.0,0.0725,1.0,0.5,1.0,0.0,1.0,0.0,0.0,0.0,43.0,13.0,17.0,4.0,13.0,0.0,1.0,1.0,2.0,0.0,0.0,0.0,0.0,64.0,68.0,0.705,0.8095238095238095,0.0272,0.0256,0.1875,0.8522727272727273,0.14772727272727273,0.3,0.26666666666666666,0.8,0.6083333333333333,0.49473684210526314,0.0
20260621_132802_002f9dab,20260621_132802_002f9dab_g0012,12,1537660816,7,64,64,68,1,3,YELLOW,pool_l9_partial_200ms,2,2,[2],0,70,4,"{""1"": 91, ""2"": 94, ""3"": 70, ""4"": 85}",False,11.0,-63.0,1.0,37.0,29.0,0.0725,0.0,0.0,0.0,0.0,0.0,0.0,0.0,0.0,44.0,11.0,13.0,8.0,31.0,0.0,0.0,2.0,5.0,1.0,0.0,0.0,0.0,64.0,68.0,0.705,0.6190476190476191,0.0272,0.0256,0.1425,0.6477272727272727,0.3522727272727273,0.275,0.4,1.0,0.6166666666666667,0.4699907663896583,0.0
20260621_132802_002f9dab,20260621_132802_002f9dab_g0012,12,1537660816,7,64,64,68,1,4,GREEN,pool_peer_500ms,3,2,[2],0,85,3,"{""1"": 91, ""2"": 94, ""3"": 70, ""4"": 85}",False,26.0,-33.0,0.0,58.0,29.0,0.0725,0.0,0.0,0.0,0.0,0.0,0.0,0.0,0.0,44.0,26.0,17.0,4.0,16.0,0.0,0.0,1.0,2.0,1.0,0.0,0.0,0.0,64.0,68.0,0.705,0.8095238095238095,0.0272,0.0256,0.18,0.8181818181818182,0.18181818181818182,0.65,0.5166666666666667,1.0,0.4916666666666667,0.5570175438596492,0.0
20260621_132802_002f9dab,20260621_132802_002f9dab_g0013,13,1780178740,0,8,8,8,1,1,RED,pool_l45_100ms,0,3,[3],0,74,3,"{""1"": 74, ""2"": 65, ""3"": 116, ""4"": 84}",False,6.0,-16.0,9.0,0.0,4.0,0.01,388.0,90.5,366.25,6.0,10.0,28.5,113.0,208.75,1331.0,372.25,2.0,19.0,78.0,1.0,1.0,2.0,6.0,9.0,1.0,1.0,0.0,8.0,8.0,0.0975,0.09523809523809523,0.0032,0.0032,0.025,0.11363636363636363,0.8863636363636364,0.15,1.0,1.0,0.18333333333333332,0.20526315789473681,0.0
20260621_132802_002f9dab,20260621_132802_002f9dab_g0013,13,1780178740,0,8,8,8,1,2,BLUE,pool_l9_partial_200ms,1,3,[3],0,65,4,"{""1"": 74, ""2"": 65, ""3"": 116, ""4"": 84}",False,5.0,-18.0,9.0,0.0,4.0,0.01,327.0,76.25,309.5,5.0,8.0,24.0,95.0,177.5,1392.0,314.5,2.0,19.0,78.0,1.0,1.0,2.0,6.0,9.0,1.0,1.0,0.0,8.0,8.0,0.0975,0.09523809523809523,0.0032,0.0032,0.025,0.11363636363636363,0.8863636363636364,0.125,1.0,1.0,0.19166666666666668,0.15263157894736834,0.0
20260621_132802_002f9dab,20260621_132802_002f9dab_g0013,13,1780178740,0,8,8,8,1,3,YELLOW,pool_peer_500ms,2,3,[3],1,116,1,"{""1"": 74, ""2"": 65, ""3"": 116, ""4"": 84}",False,9.0,-10.0,9.0,0.0,4.0,0.01,543.0,122.625,488.75,9.0,15.0,41.25,153.5,270.0,1176.0,497.75,2.0,19.0,78.0,1.0,1.0,2.0,6.0,9.0,1.0,0.0,0.0,8.0,8.0,0.0975,0.09523809523809523,0.0032,0.0032,0.025,0.11363636363636363,0.8863636363636364,0.225,1.0,1.0,0.15833333333333333,0.23684210526315785,0.0
20260621_132802_002f9dab,20260621_132802_002f9dab_g0013,13,1780178740,0,8,8,8,1,4,GREEN,champion,3,3,[3],0,84,2,"{""1"": 74, ""2"": 65, ""3"": 116, ""4"": 84}",False,8.0,-12.0,9.0,0.0,4.0,0.01,461.0,104.0,420.75,8.0,12.0,33.75,107.0,260.0,1258.0,428.75,2.0,19.0,79.0,1.0,1.0,2.0,5.0,10.0,1.0,1.0,0.0,8.0,8.0,0.0975,0.09523809523809523,0.0032,0.0032,0.0225,0.10227272727272728,0.8977272727272727,0.2,1.0,1.0,0.16666666666666669,0.21052631578947367,0.0
20260621_132802_002f9dab,20260621_132802_002f9dab_g0013,13,1780178740,1,16,16,16,1,1,RED,pool_l45_100ms,0,3,[3],0,74,3,"{""1"": 74, ""2"": 65, ""3"": 116, ""4"": 84}",False,10.0,-31.0,7.0,0.0,4.0,0.01,517.0,120.75,464.25,10.0,17.0,45.0,176.0,216.25,2137.0,474.25,4.0,17.0,68.0,1.0,1.0,2.0,6.0,7.0,1.0,0.0,0.0,16.0,16.0,0.1975,0.19047619047619047,0.0064,0.0064,0.05,0.22727272727272727,0.7727272727272727,0.25,1.0,1.0,0.3416666666666667,0.3236842105263158,0.0
20260621_132802_002f9dab,20260621_132802_002f9dab_g0013,13,1780178740,1,16,16,16,1,2,BLUE,pool_l9_partial_200ms,1,3,[3],0,65,4,"{""1"": 74, ""2"": 65, ""3"": 116, ""4"": 84}",False,9.0,-33.0,6.0,0.0,4.0,0.01,528.0,122.375,477.5,9.0,16.0,45.0,177.5,230.0,2126.0,486.5,4.0,17.0,68.0,1.0,1.0,2.0,6.0,7.0,1.0,0.0,0.0,16.0,16.0,0.1975,0.19047619047619047,0.0064,0.0064,0.05,0.22727272727272727,0.7727272727272727,0.225,1.0,1.0,0.35,0.3263157894736842,0.0
20260621_132802_002f9dab,20260621_132802_002f9dab_g0013,13,1780178740,1,16,16,16,1,3,YELLOW,pool_peer_500ms,2,3,[3],1,116,1,"{""1"": 74, ""2"": 65, ""3"": 116, ""4"": 84}",False,16.0,-19.0,0.0,1.0,4.0,0.01,728.0,181.875,706.5,14.0,25.0,68.25,255.5,343.75,1926.0,722.5,4.0,17.0,68.0,1.0,1.0,2.0,6.0,7.0,1.0,0.0,0.0,16.0,16.0,0.1975,0.19047619047619047,0.0064,0.0064,0.05,0.22727272727272727,0.7727272727272727,0.4,1.0,1.0,0.29166666666666663,0.49473684210526314,0.0
20260621_132802_002f9dab,20260621_132802_002f9dab_g0013,13,1780178740,1,16,16,16,1,4,GREEN,champion,3,3,[3],0,84,2,"{""1"": 74, ""2"": 65, ""3"": 116, ""4"": 84}",False,16.0,-19.0,1.0,1.0,4.0,0.01,881.0,205.875,815.5,16.0,26.0,75.75,241.5,456.25,1773.0,831.5,4.0,17.0,69.0,1.0,1.0,2.0,5.0,8.0,1.0,0.0,0.0,16.0,16.0,0.1975,0.19047619047619047,0.0064,0.0064,0.0475,0.2159090909090909,0.7840909090909091,0.4,1.0,1.0,0.29166666666666663,0.47645429362880887,0.0
20260621_132802_002f9dab,20260621_132802_002f9dab_g0013,13,1780178740,2,24,24,24,1,1,RED,pool_l45_100ms,0,3,[3],0,74,3,"{""1"": 74, ""2"": 65, ""3"": 116, ""4"": 84}",False,15.0,-40.0,4.0,0.0,6.0,0.015,356.0,95.375,319.375,15.0,21.0,45.0,144.0,94.375,1313.0,334.375,6.0,15.0,58.0,1.0,1.0,2.0,6.0,5.0,0.0,0.0,0.0,24.0,24.0,0.2975,0.2857142857142857,0.0096,0.0096,0.075,0.3409090909090909,0.6590909090909091,0.375,1.0,1.0,0.4583333333333333,0.4035087719298245,0.0
20260621_132802_002f9dab,20260621_132802_002f9dab_g0013,13,1780178740,2,24,24,24,1,2,BLUE,pool_l9_partial_200ms,1,3,[3],0,65,4,"{""1"": 74, ""2"": 65, ""3"": 116, ""4"": 84}",False,13.0,-44.0,6.0,1.0,6.0,0.015,254.0,68.625,228.875,12.0,15.0,30.0,95.0,76.875,1415.0,241.875,6.0,15.0,58.0,1.0,1.0,2.0,6.0,5.0,0.0,0.0,0.0,24.0,24.0,0.2975,0.2857142857142857,0.0096,0.0096,0.075,0.3409090909090909,0.6590909090909091,0.325,1.0,1.0,0.475,0.38596491228070173,0.0
20260621_132802_002f9dab,20260621_132802_002f9dab_g0013,13,1780178740,2,24,24,24,1,3,YELLOW,pool_peer_500ms,2,3,[3],1,116,1,"{""1"": 74, ""2"": 65, ""3"": 116, ""4"": 84}",False,20.0,-30.0,0.0,8.0,6.0,0.015,513.0,148.375,538.0,17.0,24.0,64.5,227.5,205.0,1156.0,558.0,6.0,15.0,58.0,1.0,1.0,2.0,6.0,5.0,1.0,0.0,0.0,24.0,24.0,0.2975,0.2857142857142857,0.0096,0.0096,0.075,0.3409090909090909,0.6590909090909091,0.5,1.0,1.0,0.4166666666666667,0.5771929824561404,0.0
20260621_132802_002f9dab,20260621_132802_002f9dab_g0013,13,1780178740,2,24,24,24,1,4,GREEN,champion,3,3,[3],0,84,2,"{""1"": 74, ""2"": 65, ""3"": 116, ""4"": 84}",False,22.0,-26.0,1.0,6.0,6.0,0.015,546.0,145.75,524.75,20.0,24.0,63.0,184.0,233.75,1123.0,546.75,6.0,15.0,59.0,1.0,1.0,2.0,5.0,6.0,0.0,0.0,0.0,24.0,24.0,0.2975,0.2857142857142857,0.0096,0.0096,0.0725,0.32954545454545453,0.6704545454545454,0.55,1.0,1.0,0.4,0.58983666061706,0.0
20260621_132802_002f9dab,20260621_132802_002f9dab_g0013,13,1780178740,3,32,32,32,1,1,RED,pool_l45_100ms,0,3,[3],0,74,3,"{""1"": 74, ""2"": 65, ""3"": 116, ""4"": 84}",False,16.0,-46.0,4.0,10.0,8.0,0.02,134.0,48.125,132.0,14.0,14.0,24.75,60.5,18.75,834.0,148.0,8.0,13.0,48.0,1.0,1.0,2.0,6.0,3.0,0.0,0.0,0.0,32.0,32.0,0.395,0.38095238095238093,0.0128,0.0128,0.1,0.45454545454545453,0.5454545454545454,0.4,1.0,1.0,0.5166666666666667,0.4447368421052631,0.0
20260621_132802_002f9dab,20260621_132802_002f9dab_g0013,13,1780178740,3,32,32,32,1,2,BLUE,pool_l9_partial_200ms,1,3,[3],0,65,4,"{""1"": 74, ""2"": 65, ""3"": 116, ""4"": 84}",False,13.0,-52.0,3.0,2.0,8.0,0.02,113.0,39.25,108.75,11.0,11.0,19.5,56.0,11.25,855.0,121.75,8.0,13.0,48.0,1.0,1.0,2.0,6.0,3.0,0.0,0.0,0.0,32.0,32.0,0.395,0.38095238095238093,0.0128,0.0128,0.1,0.45454545454545453,0.5454545454545454,0.325,1.0,1.0,0.5416666666666667,0.43947368421052635,0.0
20260621_132802_002f9dab,20260621_132802_002f9dab_g0013,13,1780178740,3,32,32,32,1,3,YELLOW,pool_peer_500ms,2,3,[3],1,116,1,"{""1"": 74, ""2"": 65, ""3"": 116, ""4"": 84}",False,24.0,-30.0,0.0,18.0,8.0,0.02,367.0,111.875,360.125,19.0,25.0,58.5,187.0,70.625,601.0,384.125,8.0,13.0,48.0,1.0,1.0,2.0,6.0,3.0,0.0,0.0,0.0,32.0,32.0,0.395,0.38095238095238093,0.0128,0.0128,0.1,0.45454545454545453,0.5454545454545454,0.6,1.0,1.0,0.45,0.5776315789473684,0.0
20260621_132802_002f9dab,20260621_132802_002f9dab_g0013,13,1780178740,3,32,32,32,1,4,GREEN,champion,3,3,[3],0,84,2,"{""1"": 74, ""2"": 65, ""3"": 116, ""4"": 84}",False,25.0,-28.0,1.0,13.0,8.0,0.02,354.0,108.625,351.375,22.0,24.0,57.0,119.0,129.375,614.0,376.375,8.0,13.0,50.0,1.0,1.0,2.0,4.0,5.0,0.0,0.0,0.0,32.0,32.0,0.395,0.38095238095238093,0.0128,0.0128,0.095,0.4318181818181818,0.5681818181818182,0.625,1.0,1.0,0.4416666666666667,0.5678670360110802,0.0
20260621_132802_002f9dab,20260621_132802_002f9dab_g0013,13,1780178740,4,40,40,40,1,1,RED,pool_l45_100ms,0,3,[3],0,74,3,"{""1"": 74, ""2"": 65, ""3"": 116, ""4"": 84}",False,18.0,-51.0,4.0,15.0,10.0,0.025,57.0,29.375,57.25,15.0,11.0,12.75,18.5,0.0,225.0,75.25,10.0,11.0,38.0,1.0,1.0,2.0,6.0,1.0,0.0,0.0,0.0,40.0,40.0,0.4875,0.47619047619047616,0.016,0.016,0.125,0.5681818181818182,0.4318181818181818,0.45,1.0,1.0,0.575,0.4073684210526316,0.0
20260621_132802_002f9dab,20260621_132802_002f9dab_g0013,13,1780178740,4,40,40,40,1,2,BLUE,pool_l9_partial_200ms,1,3,[3],0,65,4,"{""1"": 74, ""2"": 65, ""3"": 116, ""4"": 84}",False,12.0,-63.0,3.0,6.0,10.0,0.025,46.0,21.875,46.5,10.0,8.0,9.0,19.5,0.0,236.0,58.5,10.0,11.0,38.0,1.0,1.0,2.0,6.0,1.0,0.0,0.0,0.0,40.0,40.0,0.4875,0.47619047619047616,0.016,0.016,0.125,0.5681818181818182,0.4318181818181818,0.3,0.9,1.0,0.625,0.4347368421052632,0.0
20260621_132802_002f9dab,20260621_132802_002f9dab_g0013,13,1780178740,4,40,40,40,1,3,YELLOW,pool_peer_500ms,2,3,[3],1,116,1,"{""1"": 74, ""2"": 65, ""3"": 116, ""4"": 84}",False,27.0,-33.0,0.0,29.0,10.0,0.025,105.0,47.125,113.5,18.0,15.0,24.0,46.5,10.0,177.0,140.5,10.0,11.0,39.0,1.0,1.0,2.0,5.0,2.0,0.0,0.0,0.0,40.0,40.0,0.4875,0.47619047619047616,0.016,0.016,0.1225,0.5568181818181818,0.4431818181818182,0.675,1.0,1.0,0.5,0.6047261009667024,0.0
20260621_132802_002f9dab,20260621_132802_002f9dab_g0013,13,1780178740,4,40,40,40,1,4,GREEN,champion,3,3,[3],0,84,2,"{""1"": 74, ""2"": 65, ""3"": 116, ""4"": 84}",False,30.0,-27.0,1.0,26.0,10.0,0.025,74.0,39.625,79.625,20.0,14.0,21.75,12.0,11.875,208.0,109.625,10.0,11.0,42.0,1.0,1.0,2.0,2.0,5.0,0.0,0.0,0.0,40.0,40.0,0.4875,0.47619047619047616,0.016,0.016,0.115,0.5227272727272727,0.4772727272727273,0.75,1.0,1.0,0.475,0.5389016018306636,0.0
20260621_132802_002f9dab,20260621_132802_002f9dab_g0013,13,1780178740,5,48,48,48,1,1,RED,pool_l45_100ms,0,3,[3],0,74,3,"{""1"": 74, ""2"": 65, ""3"": 116, ""4"": 84}",False,13.0,-49.0,4.0,24.0,19.0,0.0475,17.0,12.0,16.25,9.0,4.0,2.25,1.0,0.0,97.0,29.25,12.0,9.0,30.0,1.0,1.0,2.0,4.0,1.0,0.0,0.0,0.0,48.0,48.0,0.56,0.5714285714285714,0.0192,0.0192,0.145,0.6590909090909091,0.3409090909090909,0.325,0.3,1.0,0.5166666666666667,0.39473684210526316,0.0
20260621_132802_002f9dab,20260621_132802_002f9dab_g0013,13,1780178740,5,48,48,48,1,2,BLUE,pool_l9_partial_200ms,1,3,[3],0,65,4,"{""1"": 74, ""2"": 65, ""3"": 116, ""4"": 84}",False,8.0,-59.0,3.0,8.0,19.0,0.0475,8.0,7.0,8.0,6.0,2.0,0.0,0.0,0.0,106.0,16.0,12.0,9.0,31.0,1.0,1.0,1.0,5.0,1.0,0.0,0.0,0.0,48.0,48.0,0.56,0.5714285714285714,0.0192,0.0192,0.1425,0.6477272727272727,0.3522727272727273,0.2,0.7833333333333333,1.0,0.5583333333333333,0.4275161588180979,0.0
20260621_132802_002f9dab,20260621_132802_002f9dab_g0013,13,1780178740,5,48,48,48,1,3,YELLOW,pool_peer_500ms,2,3,[3],1,116,1,"{""1"": 74, ""2"": 65, ""3"": 116, ""4"": 84}",False,27.0,-21.0,0.0,38.0,19.0,0.0475,68.0,37.25,73.5,19.0,14.0,18.0,15.0,7.5,46.0,100.5,12.0,9.0,31.0,1.0,1.0,2.0,3.0,2.0,0.0,0.0,0.0,48.0,48.0,0.56,0.5714285714285714,0.0192,0.0192,0.1425,0.6477272727272727,0.3522727272727273,0.675,1.0,1.0,0.4,0.6038781163434903,0.0
20260621_132802_002f9dab,20260621_132802_002f9dab_g0013,13,1780178740,5,48,48,48,1,4,GREEN,champion,3,3,[3],0,84,2,"{""1"": 74, ""2"": 65, ""3"": 116, ""4"": 84}",False,27.0,-21.0,1.0,29.0,19.0,0.0475,21.0,8.875,22.875,0.0,10.0,8.25,4.0,0.625,93.0,49.875,12.0,9.0,36.0,0.0,1.0,2.0,2.0,4.0,0.0,0.0,0.0,48.0,48.0,0.56,0.5714285714285714,0.0192,0.0192,0.13,0.5909090909090909,0.4090909090909091,0.675,1.0,1.0,0.4,0.5273279352226721,0.0
20260621_132802_002f9dab,20260621_132802_002f9dab_g0013,13,1780178740,6,56,56,56,1,1,RED,pool_l45_100ms,0,3,[3],0,74,3,"{""1"": 74, ""2"": 65, ""3"": 116, ""4"": 84}",False,12.0,-49.0,4.0,36.0,36.0,0.09,7.0,6.5,7.0,6.0,1.0,0.0,0.0,0.0,58.0,19.0,14.0,7.0,22.0,1.0,1.0,2.0,2.0,1.0,0.0,0.0,0.0,56.0,56.0,0.62,0.6666666666666666,0.0224,0.0224,0.165,0.75,0.25,0.3,0.15,1.0,0.5083333333333333,0.3811802232854864,0.0
20260621_132802_002f9dab,20260621_132802_002f9dab_g0013,13,1780178740,6,56,56,56,1,2,BLUE,pool_l9_partial_200ms,1,3,[3],0,65,4,"{""1"": 74, ""2"": 65, ""3"": 116, ""4"": 84}",False,5.0,-63.0,3.0,12.0,36.0,0.09,0.0,0.0,0.0,0.0,0.0,0.0,0.0,0.0,65.0,5.0,14.0,7.0,28.0,0.0,0.0,1.0,5.0,1.0,0.0,0.0,0.0,56.0,56.0,0.62,0.6666666666666666,0.0224,0.0224,0.15,0.6818181818181818,0.3181818181818182,0.125,0.5833333333333334,1.0,0.5666666666666667,0.4157894736842106,0.0
20260621_132802_002f9dab,20260621_132802_002f9dab_g0013,13,1780178740,6,56,56,56,1,3,YELLOW,pool_peer_500ms,2,3,[3],1,116,1,"{""1"": 74, ""2"": 65, ""3"": 116, ""4"": 84}",False,29.0,-15.0,0.0,48.0,36.0,0.09,43.0,24.375,42.5,17.0,0.0,15.0,5.5,5.0,22.0,71.5,14.0,7.0,25.0,1.0,0.0,2.0,2.0,2.0,0.0,0.0,0.0,56.0,56.0,0.62,0.6666666666666666,0.0224,0.0224,0.1575,0.7159090909090909,0.2840909090909091,0.725,1.0,1.0,0.36666666666666664,0.5989974937343359,0.0
20260621_132802_002f9dab,20260621_132802_002f9dab_g0013,13,1780178740,6,56,56,56,1,4,GREEN,champion,3,3,[3],0,84,2,"{""1"": 74, ""2"": 65, ""3"": 116, ""4"": 84}",False,27.0,-19.0,1.0,43.0,36.0,0.09,15.0,6.875,16.375,0.0,10.0,4.5,0.0,1.875,50.0,43.375,14.0,7.0,29.0,0.0,1.0,1.0,1.0,4.0,0.0,0.0,0.0,56.0,56.0,0.62,0.6666666666666666,0.0224,0.0224,0.1475,0.6704545454545454,0.32954545454545453,0.675,0.9,1.0,0.38333333333333336,0.5405887600356825,0.0
20260621_132802_002f9dab,20260621_132802_002f9dab_g0013,13,1780178740,7,64,64,68,1,1,RED,pool_l45_100ms,0,3,[3],0,74,3,"{""1"": 74, ""2"": 65, ""3"": 116, ""4"": 84}",False,10.0,-39.0,4.0,48.0,44.0,0.11,0.0,0.0,0.0,0.0,0.0,0.0,0.0,0.0,15.0,10.0,16.0,5.0,19.0,0.0,0.0,2.0,2.0,1.0,0.0,0.0,0.0,64.0,68.0,0.675,0.7619047619047619,0.0272,0.0256,0.1725,0.7840909090909091,0.2159090909090909,0.25,0.1,1.0,0.4083333333333333,0.38596491228070173,0.0
20260621_132802_002f9dab,20260621_132802_002f9dab_g0013,13,1780178740,7,64,64,68,1,2,BLUE,pool_l9_partial_200ms,1,3,[3],0,65,4,"{""1"": 74, ""2"": 65, ""3"": 116, ""4"": 84}",False,5.0,-49.0,3.0,14.0,44.0,0.11,0.0,0.0,0.0,0.0,0.0,0.0,0.0,0.0,15.0,5.0,14.0,7.0,28.0,0.0,0.0,1.0,5.0,1.0,0.0,0.0,0.0,64.0,68.0,0.675,0.6666666666666666,0.0272,0.0256,0.15,0.6818181818181818,0.3181818181818182,0.125,0.55,1.0,0.45,0.4157894736842106,0.0
20260621_132802_002f9dab,20260621_132802_002f9dab_g0013,13,1780178740,7,64,64,68,1,3,YELLOW,pool_peer_500ms,2,3,[3],1,116,1,"{""1"": 74, ""2"": 65, ""3"": 116, ""4"": 84}",False,25.0,-9.0,0.0,57.0,44.0,0.11,15.0,4.25,15.0,0.0,0.0,7.5,5.0,2.5,0.0,40.0,17.0,4.0,16.0,0.0,0.0,1.0,2.0,1.0,0.0,0.0,0.0,64.0,68.0,0.675,0.8095238095238095,0.0272,0.0256,0.18,0.8181818181818182,0.18181818181818182,0.625,1.0,1.0,0.2833333333333333,0.5657894736842105,0.0
20260621_132802_002f9dab,20260621_132802_002f9dab_g0013,13,1780178740,7,64,64,68,1,4,GREEN,champion,3,3,[3],0,84,2,"{""1"": 74, ""2"": 65, ""3"": 116, ""4"": 84}",False,19.0,-21.0,1.0,60.0,44.0,0.11,0.0,0.0,0.0,0.0,0.0,0.0,0.0,0.0,15.0,19.0,17.0,4.0,19.0,0.0,0.0,0.0,1.0,3.0,0.0,0.0,0.0,64.0,68.0,0.675,0.8095238095238095,0.0272,0.0256,0.1725,0.7840909090909091,0.2159090909090909,0.475,0.5833333333333334,1.0,0.33333333333333337,0.5339435545385203,0.0
20260621_132802_002f9dab,20260621_132802_002f9dab_g0014,14,1238608502,0,8,8,8,1,1,RED,pool_l9_partial_200ms,0,3,[3],0,71,4,"{""1"": 71, ""2"": 101, ""3"": 102, ""4"": 86}",False,6.0,-18.0,9.0,0.0,1.0,0.0025,388.0,90.5,366.25,6.0,10.0,28.5,113.0,208.75,1363.0,372.25,2.0,19.0,78.0,1.0,1.0,2.0,6.0,9.0,1.0,1.0,0.0,8.0,8.0,0.0975,0.09523809523809523,0.0032,0.0032,0.025,0.11363636363636363,0.8863636363636364,0.15,1.0,1.0,0.2,0.20526315789473681,0.0
20260621_132802_002f9dab,20260621_132802_002f9dab_g0014,14,1238608502,0,8,8,8,1,2,BLUE,pool_peer_500ms,1,3,[3],0,101,2,"{""1"": 71, ""2"": 101, ""3"": 102, ""4"": 86}",False,9.0,-12.0,9.0,0.0,1.0,0.0025,543.0,122.625,488.75,9.0,15.0,41.25,153.5,270.0,1208.0,497.75,2.0,19.0,78.0,1.0,1.0,2.0,6.0,9.0,1.0,0.0,0.0,8.0,8.0,0.0975,0.09523809523809523,0.0032,0.0032,0.025,0.11363636363636363,0.8863636363636364,0.225,1.0,1.0,0.175,0.23684210526315785,0.0
20260621_132802_002f9dab,20260621_132802_002f9dab_g0014,14,1238608502,0,8,8,8,1,3,YELLOW,champion,2,3,[3],1,102,1,"{""1"": 71, ""2"": 101, ""3"": 102, ""4"": 86}",False,8.0,-14.0,9.0,0.0,1.0,0.0025,376.0,93.25,375.0,8.0,11.0,29.25,93.0,233.75,1375.0,383.0,2.0,19.0,79.0,1.0,1.0,2.0,5.0,10.0,1.0,1.0,1.0,8.0,8.0,0.0975,0.09523809523809523,0.0032,0.0032,0.0225,0.10227272727272728,0.8977272727272727,0.2,1.0,1.0,0.18333333333333332,0.21637426900584789,0.0
20260621_132802_002f9dab,20260621_132802_002f9dab_g0014,14,1238608502,0,8,8,8,1,4,GREEN,pool_l45_100ms,3,3,[3],0,86,3,"{""1"": 71, ""2"": 101, ""3"": 102, ""4"": 86}",False,7.0,-16.0,9.0,0.0,1.0,0.0025,444.0,103.25,415.125,7.0,12.0,33.75,130.5,231.875,1307.0,422.125,2.0,19.0,78.0,1.0,1.0,2.0,6.0,9.0,1.0,1.0,0.0,8.0,8.0,0.0975,0.09523809523809523,0.0032,0.0032,0.025,0.11363636363636363,0.8863636363636364,0.175,1.0,1.0,0.19166666666666668,0.20526315789473681,0.0
20260621_132802_002f9dab,20260621_132802_002f9dab_g0014,14,1238608502,1,16,16,16,1,1,RED,pool_l9_partial_200ms,0,3,[3],0,71,4,"{""1"": 71, ""2"": 101, ""3"": 102, ""4"": 86}",False,10.0,-32.0,7.0,0.0,5.0,0.0125,515.0,119.75,459.75,10.0,17.0,45.0,174.0,213.75,2027.0,469.75,4.0,17.0,68.0,1.0,1.0,2.0,6.0,7.0,1.0,0.0,0.0,16.0,16.0,0.1975,0.19047619047619047,0.0064,0.0064,0.05,0.22727272727272727,0.7727272727272727,0.25,1.0,1.0,0.35,0.3236842105263158,0.0
20260621_132802_002f9dab,20260621_132802_002f9dab_g0014,14,1238608502,1,16,16,16,1,2,BLUE,pool_peer_500ms,1,3,[3],0,101,2,"{""1"": 71, ""2"": 101, ""3"": 102, ""4"": 86}",False,16.0,-20.0,0.0,1.0,5.0,0.0125,757.0,188.625,732.875,15.0,25.0,70.5,263.0,359.375,1785.0,748.875,4.0,17.0,68.0,1.0,1.0,2.0,6.0,7.0,1.0,0.0,0.0,16.0,16.0,0.1975,0.19047619047619047,0.0064,0.0064,0.05,0.22727272727272727,0.7727272727272727,0.4,1.0,1.0,0.3,0.49473684210526314,0.0
20260621_132802_002f9dab,20260621_132802_002f9dab_g0014,14,1238608502,1,16,16,16,1,3,YELLOW,champion,2,3,[3],1,102,1,"{""1"": 71, ""2"": 101, ""3"": 102, ""4"": 86}",False,16.0,-20.0,1.0,1.0,5.0,0.0125,748.0,195.125,771.375,16.0,25.0,70.5,223.0,436.875,1794.0,787.375,4.0,17.0,69.0,1.0,1.0,2.0,5.0,8.0,1.0,0.0,1.0,16.0,16.0,0.1975,0.19047619047619047,0.0064,0.0064,0.0475,0.2159090909090909,0.7840909090909091,0.4,1.0,1.0,0.3,0.47645429362880887,0.0
20260621_132802_002f9dab,20260621_132802_002f9dab_g0014,14,1238608502,1,16,16,16,1,4,GREEN,pool_l45_100ms,3,3,[3],0,86,3,"{""1"": 71, ""2"": 101, ""3"": 102, ""4"": 86}",False,10.0,-32.0,7.0,0.0,5.0,0.0125,522.0,121.5,468.75,10.0,17.0,45.0,173.0,223.75,2020.0,478.75,4.0,17.0,68.0,1.0,1.0,2.0,6.0,7.0,1.0,0.0,0.0,16.0,16.0,0.1975,0.19047619047619047,0.0064,0.0064,0.05,0.22727272727272727,0.7727272727272727,0.25,1.0,1.0,0.35,0.3131578947368421,0.0
20260621_132802_002f9dab,20260621_132802_002f9dab_g0014,14,1238608502,2,24,24,24,1,1,RED,pool_l9_partial_200ms,0,3,[3],0,71,4,"{""1"": 71, ""2"": 101, ""3"": 102, ""4"": 86}",False,14.0,-44.0,4.0,2.0,8.0,0.02,206.0,61.125,188.25,13.0,17.0,30.0,79.5,48.75,1617.0,202.25,6.0,15.0,58.0,1.0,1.0,2.0,6.0,5.0,0.0,0.0,0.0,24.0,24.0,0.295,0.2857142857142857,0.0096,0.0096,0.075,0.3409090909090909,0.6590909090909091,0.35,1.0,1.0,0.4833333333333333,0.4035087719298245,0.0
20260621_132802_002f9dab,20260621_132802_002f9dab_g0014,14,1238608502,2,24,24,24,1,2,BLUE,pool_peer_500ms,1,3,[3],0,101,2,"{""1"": 71, ""2"": 101, ""3"": 102, ""4"": 86}",False,21.0,-30.0,0.0,9.0,8.0,0.02,664.0,171.875,621.0,19.0,31.0,74.25,265.5,231.25,1159.0,642.0,6.0,15.0,58.0,1.0,1.0,2.0,6.0,5.0,0.0,0.0,0.0,24.0,24.0,0.295,0.2857142857142857,0.0096,0.0096,0.075,0.3409090909090909,0.6590909090909091,0.525,1.0,1.0,0.425,0.5578947368421052,0.0
20260621_132802_002f9dab,20260621_132802_002f9dab_g0014,14,1238608502,2,24,24,24,1,3,YELLOW,champion,2,3,[3],1,102,1,"{""1"": 71, ""2"": 101, ""3"": 102, ""4"": 86}",False,24.0,-24.0,0.0,5.0,8.0,0.02,695.0,184.0,675.125,22.0,34.0,87.75,189.5,341.875,1128.0,699.125,6.0,15.0,60.0,1.0,1.0,2.0,4.0,7.0,1.0,0.0,0.0,24.0,24.0,0.295,0.2857142857142857,0.0096,0.0096,0.07,0.3181818181818182,0.6818181818181818,0.6,1.0,1.0,0.4,0.575187969924812,0.0
20260621_132802_002f9dab,20260621_132802_002f9dab_g0014,14,1238608502,2,24,24,24,1,4,GREEN,pool_l45_100ms,3,3,[3],0,86,3,"{""1"": 71, ""2"": 101, ""3"": 102, ""4"": 86}",False,13.0,-46.0,4.0,6.0,8.0,0.02,258.0,68.75,223.375,12.0,18.0,32.25,95.5,65.625,1565.0,236.375,6.0,15.0,58.0,1.0,1.0,2.0,6.0,5.0,0.0,0.0,0.0,24.0,24.0,0.295,0.2857142857142857,0.0096,0.0096,0.075,0.3409090909090909,0.6590909090909091,0.325,1.0,1.0,0.4916666666666667,0.40701754385964906,0.0
20260621_132802_002f9dab,20260621_132802_002f9dab_g0014,14,1238608502,3,32,32,32,1,1,RED,pool_l9_partial_200ms,0,3,[3],0,71,4,"{""1"": 71, ""2"": 101, ""3"": 102, ""4"": 86}",False,12.0,-58.0,4.0,9.0,10.0,0.025,141.0,47.875,136.625,11.0,16.0,27.0,67.0,15.625,830.0,148.625,8.0,13.0,48.0,1.0,1.0,2.0,6.0,3.0,0.0,0.0,0.0,32.0,32.0,0.395,0.38095238095238093,0.0128,0.0128,0.1,0.45454545454545453,0.5454545454545454,0.3,1.0,1.0,0.5833333333333333,0.4552631578947368,0.0
20260621_132802_002f9dab,20260621_132802_002f9dab_g0014,14,1238608502,3,32,32,32,1,2,BLUE,pool_peer_500ms,1,3,[3],0,101,2,"{""1"": 71, ""2"": 101, ""3"": 102, ""4"": 86}",False,27.0,-28.0,0.0,21.0,10.0,0.025,260.0,87.5,263.25,19.0,24.0,45.0,129.0,46.25,711.0,290.25,8.0,13.0,48.0,1.0,1.0,2.0,6.0,3.0,0.0,0.0,0.0,32.0,32.0,0.395,0.38095238095238093,0.0128,0.0128,0.1,0.45454545454545453,0.5454545454545454,0.675,1.0,1.0,0.4583333333333333,0.575,0.0
20260621_132802_002f9dab,20260621_132802_002f9dab_g0014,14,1238608502,3,32,32,32,1,3,YELLOW,champion,2,3,[3],1,102,1,"{""1"": 71, ""2"": 101, ""3"": 102, ""4"": 86}",False,29.0,-24.0,0.0,11.0,10.0,0.025,413.0,121.125,388.0,24.0,30.0,66.75,128.5,138.75,558.0,417.0,8.0,13.0,50.0,1.0,1.0,2.0,4.0,5.0,0.0,0.0,0.0,32.0,32.0,0.395,0.38095238095238093,0.0128,0.0128,0.095,0.4318181818181818,0.5681818181818182,0.725,1.0,1.0,0.4416666666666667,0.5858725761772854,0.0
20260621_132802_002f9dab,20260621_132802_002f9dab_g0014,14,1238608502,3,32,32,32,1,4,GREEN,pool_l45_100ms,3,3,[3],0,86,3,"{""1"": 71, ""2"": 101, ""3"": 102, ""4"": 86}",False,14.0,-54.0,4.0,10.0,10.0,0.025,157.0,49.25,140.625,12.0,16.0,24.75,68.5,19.375,814.0,154.625,8.0,13.0,48.0,1.0,1.0,2.0,6.0,3.0,0.0,0.0,0.0,32.0,32.0,0.395,0.38095238095238093,0.0128,0.0128,0.1,0.45454545454545453,0.5454545454545454,0.35,1.0,1.0,0.5666666666666667,0.4342105263157895,0.0
20260621_132802_002f9dab,20260621_132802_002f9dab_g0014,14,1238608502,4,40,40,40,1,1,RED,pool_l9_partial_200ms,0,3,[3],0,71,4,"{""1"": 71, ""2"": 101, ""3"": 102, ""4"": 86}",False,13.0,-65.0,1.0,24.0,19.0,0.0475,66.0,29.875,70.75,10.0,13.0,17.25,30.5,0.0,363.0,83.75,10.0,11.0,38.0,1.0,1.0,2.0,6.0,1.0,0.0,0.0,0.0,40.0,40.0,0.4925,0.47619047619047616,0.016,0.016,0.125,0.5681818181818182,0.4318181818181818,0.325,0.8166666666666667,1.0,0.65,0.4821052631578947,0.0
20260621_132802_002f9dab,20260621_132802_002f9dab_g0014,14,1238608502,4,40,40,40,1,2,BLUE,pool_peer_500ms,1,3,[3],0,101,2,"{""1"": 71, ""2"": 101, ""3"": 102, ""4"": 86}",False,29.0,-33.0,0.0,34.0,19.0,0.0475,89.0,40.25,91.0,17.0,14.0,19.5,33.0,7.5,340.0,120.0,10.0,11.0,39.0,1.0,1.0,2.0,5.0,2.0,0.0,0.0,0.0,40.0,40.0,0.4925,0.47619047619047616,0.016,0.016,0.1225,0.5568181818181818,0.4431818181818182,0.725,1.0,1.0,0.5166666666666667,0.560687432867884,0.0
20260621_132802_002f9dab,20260621_132802_002f9dab_g0014,14,1238608502,4,40,40,40,1,3,YELLOW,champion,2,3,[3],1,102,1,"{""1"": 71, ""2"": 101, ""3"": 102, ""4"": 86}",False,33.0,-25.0,0.0,22.0,19.0,0.0475,212.0,84.625,225.5,27.0,26.0,48.0,74.5,50.0,217.0,258.5,10.0,11.0,40.0,1.0,1.0,2.0,4.0,3.0,0.0,0.0,0.0,40.0,40.0,0.4925,0.47619047619047616,0.016,0.016,0.12,0.5454545454545454,0.45454545454545453,0.825,1.0,1.0,0.4833333333333333,0.5219298245614035,0.0
20260621_132802_002f9dab,20260621_132802_002f9dab_g0014,14,1238608502,4,40,40,40,1,4,GREEN,pool_l45_100ms,3,3,[3],0,86,3,"{""1"": 71, ""2"": 101, ""3"": 102, ""4"": 86}",False,16.0,-59.0,4.0,17.0,19.0,0.0475,62.0,28.625,60.75,12.0,13.0,14.25,21.5,0.0,367.0,76.75,10.0,11.0,38.0,1.0,1.0,2.0,6.0,1.0,0.0,0.0,0.0,40.0,40.0,0.4925,0.47619047619047616,0.016,0.016,0.125,0.5681818181818182,0.4318181818181818,0.4,1.0,1.0,0.625,0.4168421052631579,0.0
20260621_132802_002f9dab,20260621_132802_002f9dab_g0014,14,1238608502,5,48,48,48,1,1,RED,pool_l9_partial_200ms,0,3,[3],0,71,4,"{""1"": 71, ""2"": 101, ""3"": 102, ""4"": 86}",False,10.0,-71.0,1.0,33.0,23.0,0.0575,22.0,12.25,24.25,6.0,5.0,5.25,8.0,0.0,176.0,34.25,12.0,9.0,30.0,1.0,1.0,2.0,4.0,1.0,0.0,0.0,0.0,48.0,48.0,0.575,0.5714285714285714,0.0192,0.0192,0.145,0.6590909090909091,0.3409090909090909,0.25,0.5166666666666667,1.0,0.675,0.5063520871143377,0.0
20260621_132802_002f9dab,20260621_132802_002f9dab_g0014,14,1238608502,5,48,48,48,1,2,BLUE,pool_peer_500ms,1,3,[3],0,101,2,"{""1"": 71, ""2"": 101, ""3"": 102, ""4"": 86}",False,32.0,-27.0,0.0,42.0,23.0,0.0575,42.0,27.5,46.5,17.0,10.0,9.75,6.0,3.75,156.0,78.5,12.0,9.0,31.0,1.0,1.0,2.0,3.0,2.0,0.0,0.0,0.0,48.0,48.0,0.575,0.5714285714285714,0.0192,0.0192,0.1425,0.6477272727272727,0.3522727272727273,0.8,1.0,1.0,0.4916666666666667,0.530932594644506,0.0
20260621_132802_002f9dab,20260621_132802_002f9dab_g0014,14,1238608502,5,48,48,48,1,3,YELLOW,champion,2,3,[3],1,102,1,"{""1"": 71, ""2"": 101, ""3"": 102, ""4"": 86}",False,34.0,-23.0,0.0,31.0,23.0,0.0575,99.0,52.125,106.25,26.0,18.0,26.25,23.5,12.5,99.0,140.25,12.0,9.0,31.0,1.0,1.0,2.0,3.0,2.0,0.0,0.0,0.0,48.0,48.0,0.575,0.5714285714285714,0.0192,0.0192,0.1425,0.6477272727272727,0.3522727272727273,0.85,1.0,1.0,0.475,0.5216989843028623,0.0
20260621_132802_002f9dab,20260621_132802_002f9dab_g0014,14,1238608502,5,48,48,48,1,4,GREEN,pool_l45_100ms,3,3,[3],0,86,3,"{""1"": 71, ""2"": 101, ""3"": 102, ""4"": 86}",False,15.0,-61.0,4.0,28.0,23.0,0.0575,35.0,17.25,32.5,9.0,7.0,7.5,9.0,0.0,163.0,47.5,12.0,9.0,30.0,1.0,1.0,2.0,4.0,1.0,0.0,0.0,0.0,48.0,48.0,0.575,0.5714285714285714,0.0192,0.0192,0.145,0.6590909090909091,0.3409090909090909,0.375,1.0,1.0,0.6333333333333333,0.43557168784029043,0.0
20260621_132802_002f9dab,20260621_132802_002f9dab_g0014,14,1238608502,6,56,56,56,1,1,RED,pool_l9_partial_200ms,0,3,[3],0,71,4,"{""1"": 71, ""2"": 101, ""3"": 102, ""4"": 86}",False,8.0,-74.0,1.0,44.0,23.0,0.0575,2.0,1.0,2.0,0.0,2.0,0.0,0.0,0.0,132.0,10.0,14.0,7.0,26.0,0.0,1.0,1.0,4.0,1.0,0.0,0.0,0.0,56.0,56.0,0.645,0.6666666666666666,0.0224,0.0224,0.155,0.7045454545454546,0.29545454545454547,0.2,0.3333333333333333,1.0,0.6833333333333333,0.4940577249575552,0.0
20260621_132802_002f9dab,20260621_132802_002f9dab_g0014,14,1238608502,6,56,56,56,1,2,BLUE,pool_peer_500ms,1,3,[3],0,101,2,"{""1"": 71, ""2"": 101, ""3"": 102, ""4"": 86}",False,29.0,-32.0,0.0,49.0,23.0,0.0575,36.0,24.75,38.25,17.0,9.0,3.0,8.0,1.25,98.0,67.25,14.0,7.0,23.0,1.0,1.0,1.0,3.0,1.0,0.0,0.0,0.0,56.0,56.0,0.645,0.6666666666666666,0.0224,0.0224,0.1625,0.7386363636363636,0.26136363636363635,0.725,1.0,1.0,0.5083333333333333,0.5036437246963563,0.0
20260621_132802_002f9dab,20260621_132802_002f9dab_g0014,14,1238608502,6,56,56,56,1,3,YELLOW,champion,2,3,[3],1,102,1,"{""1"": 71, ""2"": 101, ""3"": 102, ""4"": 86}",False,35.0,-20.0,0.0,48.0,23.0,0.0575,58.0,39.5,63.0,26.0,13.0,14.25,6.0,3.75,76.0,98.0,14.0,7.0,23.0,1.0,1.0,2.0,1.0,2.0,0.0,0.0,0.0,56.0,56.0,0.645,0.6666666666666666,0.0224,0.0224,0.1625,0.7386363636363636,0.26136363636363635,0.875,0.95,1.0,0.4583333333333333,0.5125506072874493,0.0
20260621_132802_002f9dab,20260621_132802_002f9dab_g0014,14,1238608502,6,56,56,56,1,4,GREEN,pool_l45_100ms,3,3,[3],0,86,3,"{""1"": 71, ""2"": 101, ""3"": 102, ""4"": 86}",False,18.0,-54.0,4.0,31.0,23.0,0.0575,38.0,23.0,41.5,12.0,11.0,12.0,4.0,2.5,96.0,59.5,14.0,7.0,22.0,1.0,1.0,2.0,2.0,1.0,0.0,0.0,0.0,56.0,56.0,0.645,0.6666666666666666,0.0224,0.0224,0.165,0.75,0.25,0.45,1.0,1.0,0.6,0.44338118022328543,0.0
20260621_132802_002f9dab,20260621_132802_002f9dab_g0014,14,1238608502,7,64,64,66,3,1,RED,pool_l9_partial_200ms,0,3,[3],0,71,4,"{""1"": 71, ""2"": 101, ""3"": 102, ""4"": 86}",False,7.0,-71.0,1.0,51.0,30.0,0.075,0.0,0.0,0.0,0.0,0.0,0.0,0.0,0.0,65.0,7.0,15.0,6.0,24.0,0.0,0.0,1.0,4.0,1.0,0.0,0.0,0.0,64.0,66.0,0.725,0.7142857142857143,0.0264,0.0256,0.16,0.7272727272727273,0.2727272727272727,0.175,0.2,1.0,0.65,0.4827302631578947,0.0
20260621_132802_002f9dab,20260621_132802_002f9dab_g0014,14,1238608502,7,64,64,66,3,2,BLUE,pool_peer_500ms,1,3,[3],0,101,2,"{""1"": 71, ""2"": 101, ""3"": 102, ""4"": 86}",False,27.0,-31.0,0.0,59.0,30.0,0.075,21.0,16.25,20.25,13.0,5.0,2.25,0.0,0.0,44.0,47.25,17.0,4.0,10.0,1.0,1.0,1.0,1.0,0.0,0.0,0.0,0.0,64.0,66.0,0.725,0.8095238095238095,0.0264,0.0256,0.195,0.8863636363636364,0.11363636363636363,0.675,0.8,0.8,0.4833333333333333,0.48110661268556,0.0
20260621_132802_002f9dab,20260621_132802_002f9dab_g0014,14,1238608502,7,64,64,66,3,3,YELLOW,champion,2,3,[3],1,102,1,"{""1"": 71, ""2"": 101, ""3"": 102, ""4"": 86}",False,34.0,-17.0,0.0,58.0,30.0,0.075,29.0,24.0,31.5,19.0,6.0,4.5,2.0,0.0,36.0,65.5,16.0,5.0,15.0,1.0,1.0,1.0,1.0,1.0,0.0,0.0,0.0,64.0,66.0,0.725,0.7619047619047619,0.0264,0.0256,0.1825,0.8295454545454546,0.17045454545454544,0.85,0.7,1.0,0.425,0.5046863734679163,0.0
20260621_132802_002f9dab,20260621_132802_002f9dab_g0014,14,1238608502,7,64,64,66,3,4,GREEN,pool_l45_100ms,3,3,[3],0,86,3,"{""1"": 71, ""2"": 101, ""3"": 102, ""4"": 86}",False,17.0,-51.0,4.0,42.0,30.0,0.075,15.0,11.5,14.5,9.0,4.0,1.5,0.0,0.0,50.0,31.5,16.0,5.0,13.0,1.0,1.0,2.0,1.0,0.0,0.0,0.0,0.0,64.0,66.0,0.725,0.7619047619047619,0.0264,0.0256,0.1875,0.8522727272727273,0.14772727272727273,0.425,0.6,0.8,0.5666666666666667,0.44280701754385965,0.0
20260621_132802_002f9dab,20260621_132802_002f9dab_g0015,15,1935821685,0,8,8,8,1,1,RED,pool_peer_500ms,0,1,[1],1,99,1,"{""1"": 99, ""2"": 91, ""3"": 86, ""4"": 72}",False,9.0,-13.0,9.0,0.0,0.0,0.0,543.0,122.625,488.75,9.0,15.0,41.25,153.5,270.0,1269.0,497.75,2.0,19.0,78.0,1.0,1.0,2.0,6.0,9.0,1.0,0.0,0.0,8.0,8.0,0.0975,0.09523809523809523,0.0032,0.0032,0.025,0.11363636363636363,0.8863636363636364,0.225,1.0,1.0,0.18333333333333332,0.23684210526315785,0.0
20260621_132802_002f9dab,20260621_132802_002f9dab_g0015,15,1935821685,0,8,8,8,1,2,BLUE,champion,1,1,[1],0,91,2,"{""1"": 99, ""2"": 91, ""3"": 86, ""4"": 72}",False,8.0,-15.0,9.0,0.0,0.0,0.0,461.0,104.0,420.75,8.0,12.0,33.75,107.0,260.0,1351.0,428.75,2.0,19.0,79.0,1.0,1.0,2.0,5.0,10.0,1.0,1.0,0.0,8.0,8.0,0.0975,0.09523809523809523,0.0032,0.0032,0.0225,0.10227272727272728,0.8977272727272727,0.2,1.0,1.0,0.19166666666666668,0.21052631578947367,0.0
20260621_132802_002f9dab,20260621_132802_002f9dab_g0015,15,1935821685,0,8,8,8,1,3,YELLOW,pool_l45_100ms,2,1,[1],0,86,3,"{""1"": 99, ""2"": 91, ""3"": 86, ""4"": 72}",False,7.0,-17.0,9.0,0.0,0.0,0.0,364.0,86.0,341.875,7.0,10.0,27.0,108.5,189.375,1448.0,348.875,2.0,19.0,78.0,1.0,1.0,2.0,6.0,9.0,1.0,1.0,0.0,8.0,8.0,0.0975,0.09523809523809523,0.0032,0.0032,0.025,0.11363636363636363,0.8863636363636364,0.175,1.0,1.0,0.2,0.17368421052631577,0.0
20260621_132802_002f9dab,20260621_132802_002f9dab_g0015,15,1935821685,0,8,8,8,1,4,GREEN,pool_l9_partial_200ms,3,1,[1],0,72,4,"{""1"": 99, ""2"": 91, ""3"": 86, ""4"": 72}",False,7.0,-17.0,9.0,0.0,0.0,0.0,444.0,103.25,415.125,7.0,12.0,33.75,130.5,231.875,1368.0,422.125,2.0,19.0,78.0,1.0,1.0,2.0,6.0,9.0,1.0,1.0,0.0,8.0,8.0,0.0975,0.09523809523809523,0.0032,0.0032,0.025,0.11363636363636363,0.8863636363636364,0.175,1.0,1.0,0.2,0.20526315789473681,0.0
20260621_132802_002f9dab,20260621_132802_002f9dab_g0015,15,1935821685,1,16,16,16,1,1,RED,pool_peer_500ms,0,1,[1],1,99,1,"{""1"": 99, ""2"": 91, ""3"": 86, ""4"": 72}",False,16.0,-21.0,0.0,1.0,4.0,0.01,754.0,188.0,729.25,15.0,25.0,70.5,265.0,353.75,1756.0,745.25,4.0,17.0,68.0,1.0,1.0,2.0,6.0,7.0,1.0,0.0,0.0,16.0,16.0,0.1975,0.19047619047619047,0.0064,0.0064,0.05,0.22727272727272727,0.7727272727272727,0.4,1.0,1.0,0.30833333333333335,0.49473684210526314,0.0
20260621_132802_002f9dab,20260621_132802_002f9dab_g0015,15,1935821685,1,16,16,16,1,2,BLUE,champion,1,1,[1],0,91,2,"{""1"": 99, ""2"": 91, ""3"": 86, ""4"": 72}",False,16.0,-21.0,1.0,1.0,4.0,0.01,830.0,196.125,770.875,16.0,26.0,73.5,231.0,424.375,1680.0,786.875,4.0,17.0,69.0,1.0,1.0,2.0,5.0,8.0,1.0,0.0,0.0,16.0,16.0,0.1975,0.19047619047619047,0.0064,0.0064,0.0475,0.2159090909090909,0.7840909090909091,0.4,1.0,1.0,0.30833333333333335,0.4681440443213297,0.0
20260621_132802_002f9dab,20260621_132802_002f9dab_g0015,15,1935821685,1,16,16,16,1,3,YELLOW,pool_l45_100ms,2,1,[1],0,86,3,"{""1"": 99, ""2"": 91, ""3"": 86, ""4"": 72}",False,11.0,-31.0,5.0,0.0,4.0,0.01,401.0,96.875,361.125,11.0,15.0,34.5,135.0,165.625,2109.0,372.125,4.0,17.0,68.0,1.0,1.0,2.0,6.0,7.0,1.0,0.0,0.0,16.0,16.0,0.1975,0.19047619047619047,0.0064,0.0064,0.05,0.22727272727272727,0.7727272727272727,0.275,1.0,1.0,0.35,0.3526315789473684,0.0
20260621_132802_002f9dab,20260621_132802_002f9dab_g0015,15,1935821685,1,16,16,16,1,4,GREEN,pool_l9_partial_200ms,3,1,[1],0,72,4,"{""1"": 99, ""2"": 91, ""3"": 86, ""4"": 72}",False,10.0,-33.0,7.0,0.0,4.0,0.01,525.0,121.875,470.625,10.0,17.0,45.0,173.0,225.625,1985.0,480.625,4.0,17.0,68.0,1.0,1.0,2.0,6.0,7.0,1.0,0.0,0.0,16.0,16.0,0.1975,0.19047619047619047,0.0064,0.0064,0.05,0.22727272727272727,0.7727272727272727,0.25,1.0,1.0,0.35833333333333334,0.3131578947368421,0.0
20260621_132802_002f9dab,20260621_132802_002f9dab_g0015,15,1935821685,2,24,24,24,1,1,RED,pool_peer_500ms,0,1,[1],1,99,1,"{""1"": 99, ""2"": 91, ""3"": 86, ""4"": 72}",False,21.0,-26.0,0.0,8.0,4.0,0.01,600.0,164.5,591.125,19.0,28.0,72.75,259.5,211.875,901.0,612.125,6.0,15.0,58.0,1.0,1.0,2.0,6.0,5.0,1.0,0.0,0.0,24.0,24.0,0.2975,0.2857142857142857,0.0096,0.0096,0.075,0.3409090909090909,0.6590909090909091,0.525,1.0,1.0,0.39166666666666666,0.5561403508771929,0.0
20260621_132802_002f9dab,20260621_132802_002f9dab_g0015,15,1935821685,2,24,24,24,1,2,BLUE,champion,1,1,[1],0,91,2,"{""1"": 99, ""2"": 91, ""3"": 86, ""4"": 72}",False,21.0,-26.0,1.0,12.0,4.0,0.01,426.0,124.875,427.5,19.0,27.0,60.0,161.5,160.0,1075.0,448.5,6.0,15.0,59.0,1.0,1.0,2.0,5.0,6.0,1.0,0.0,0.0,24.0,24.0,0.2975,0.2857142857142857,0.0096,0.0096,0.0725,0.32954545454545453,0.6704545454545454,0.525,1.0,1.0,0.39166666666666666,0.5571687840290381,0.0
20260621_132802_002f9dab,20260621_132802_002f9dab_g0015,15,1935821685,2,24,24,24,1,3,YELLOW,pool_l45_100ms,2,1,[1],0,86,3,"{""1"": 99, ""2"": 91, ""3"": 86, ""4"": 72}",False,12.0,-44.0,5.0,3.0,4.0,0.01,105.0,36.0,97.5,12.0,10.0,15.0,38.0,22.5,1396.0,109.5,6.0,15.0,58.0,1.0,1.0,2.0,6.0,5.0,0.0,0.0,0.0,24.0,24.0,0.2975,0.2857142857142857,0.0096,0.0096,0.075,0.3409090909090909,0.6590909090909091,0.3,1.0,1.0,0.4666666666666667,0.39473684210526316,0.0
20260621_132802_002f9dab,20260621_132802_002f9dab_g0015,15,1935821685,2,24,24,24,1,4,GREEN,pool_l9_partial_200ms,3,1,[1],0,72,4,"{""1"": 99, ""2"": 91, ""3"": 86, ""4"": 72}",False,14.0,-40.0,4.0,1.0,4.0,0.01,370.0,96.5,326.625,14.0,21.0,46.5,149.5,95.625,1131.0,340.625,6.0,15.0,58.0,1.0,1.0,2.0,6.0,5.0,0.0,0.0,0.0,24.0,24.0,0.2975,0.2857142857142857,0.0096,0.0096,0.075,0.3409090909090909,0.6590909090909091,0.35,1.0,1.0,0.45,0.43333333333333324,0.0
20260621_132802_002f9dab,20260621_132802_002f9dab_g0015,15,1935821685,3,32,32,32,1,1,RED,pool_peer_500ms,0,1,[1],1,99,1,"{""1"": 99, ""2"": 91, ""3"": 86, ""4"": 72}",False,24.0,-31.0,0.0,18.0,13.0,0.0325,261.0,86.5,264.875,19.0,22.0,40.5,126.5,56.875,532.0,288.875,8.0,13.0,48.0,1.0,1.0,2.0,6.0,3.0,0.0,0.0,0.0,32.0,32.0,0.395,0.38095238095238093,0.0128,0.0128,0.1,0.45454545454545453,0.5454545454545454,0.6,1.0,1.0,0.4583333333333333,0.5736842105263158,0.0
20260621_132802_002f9dab,20260621_132802_002f9dab_g0015,15,1935821685,3,32,32,32,1,2,BLUE,champion,1,1,[1],0,91,2,"{""1"": 99, ""2"": 91, ""3"": 86, ""4"": 72}",False,25.0,-29.0,1.0,18.0,13.0,0.0325,367.0,109.75,357.75,21.0,26.0,57.75,118.0,135.0,426.0,382.75,8.0,13.0,50.0,1.0,1.0,2.0,4.0,5.0,1.0,0.0,0.0,32.0,32.0,0.395,0.38095238095238093,0.0128,0.0128,0.095,0.4318181818181818,0.5681818181818182,0.625,1.0,1.0,0.45,0.5914127423822715,0.0
20260621_132802_002f9dab,20260621_132802_002f9dab_g0015,15,1935821685,3,32,32,32,1,3,YELLOW,pool_l45_100ms,2,1,[1],0,86,3,"{""1"": 99, ""2"": 91, ""3"": 86, ""4"": 72}",False,14.0,-51.0,5.0,8.0,13.0,0.0325,54.0,25.875,52.625,13.0,9.0,9.75,19.0,1.875,739.0,66.625,8.0,13.0,48.0,1.0,1.0,2.0,6.0,3.0,0.0,0.0,0.0,32.0,32.0,0.395,0.38095238095238093,0.0128,0.0128,0.1,0.45454545454545453,0.5454545454545454,0.35,1.0,1.0,0.5416666666666667,0.4223684210526316,0.0
20260621_132802_002f9dab,20260621_132802_002f9dab_g0015,15,1935821685,3,32,32,32,1,4,GREEN,pool_l9_partial_200ms,3,1,[1],0,72,4,"{""1"": 99, ""2"": 91, ""3"": 86, ""4"": 72}",False,16.0,-47.0,4.0,9.0,13.0,0.0325,111.0,39.75,103.875,13.0,13.0,18.75,43.5,15.625,682.0,119.875,8.0,13.0,48.0,1.0,1.0,2.0,6.0,3.0,0.0,0.0,0.0,32.0,32.0,0.395,0.38095238095238093,0.0128,0.0128,0.1,0.45454545454545453,0.5454545454545454,0.4,1.0,1.0,0.525,0.4473684210526315,0.0
20260621_132802_002f9dab,20260621_132802_002f9dab_g0015,15,1935821685,4,40,40,40,1,1,RED,pool_peer_500ms,0,1,[1],1,99,1,"{""1"": 99, ""2"": 91, ""3"": 86, ""4"": 72}",False,23.0,-33.0,0.0,28.0,19.0,0.0475,160.0,65.5,185.0,17.0,19.0,35.25,90.0,23.75,356.0,208.0,10.0,11.0,39.0,1.0,1.0,2.0,5.0,2.0,0.0,0.0,0.0,40.0,40.0,0.485,0.47619047619047616,0.016,0.016,0.1225,0.5568181818181818,0.4431818181818182,0.575,1.0,1.0,0.4666666666666667,0.602577873254565,0.0
20260621_132802_002f9dab,20260621_132802_002f9dab_g0015,15,1935821685,4,40,40,40,1,2,BLUE,champion,1,1,[1],0,91,2,"{""1"": 99, ""2"": 91, ""3"": 86, ""4"": 72}",False,29.0,-21.0,1.0,32.0,19.0,0.0475,297.0,90.5,291.375,21.0,26.0,25.5,84.5,134.375,219.0,320.375,10.0,11.0,43.0,1.0,1.0,1.0,3.0,5.0,1.0,0.0,0.0,40.0,40.0,0.485,0.47619047619047616,0.016,0.016,0.1125,0.5113636363636364,0.48863636363636365,0.725,1.0,1.0,0.4166666666666667,0.5953216374269006,0.0
20260621_132802_002f9dab,20260621_132802_002f9dab_g0015,15,1935821685,4,40,40,40,1,3,YELLOW,pool_l45_100ms,2,1,[1],0,86,3,"{""1"": 99, ""2"": 91, ""3"": 86, ""4"": 72}",False,14.0,-51.0,0.0,15.0,19.0,0.0475,36.0,21.25,37.0,13.0,7.0,6.0,11.0,0.0,480.0,51.0,10.0,11.0,38.0,1.0,1.0,2.0,6.0,1.0,0.0,0.0,0.0,40.0,40.0,0.485,0.47619047619047616,0.016,0.016,0.125,0.5681818181818182,0.4318181818181818,0.35,0.9333333333333333,1.0,0.5416666666666667,0.5073684210526317,0.0
20260621_132802_002f9dab,20260621_132802_002f9dab_g0015,15,1935821685,4,40,40,40,1,4,GREEN,pool_l9_partial_200ms,3,1,[1],0,72,4,"{""1"": 99, ""2"": 91, ""3"": 86, ""4"": 72}",False,13.0,-53.0,4.0,12.0,19.0,0.0475,23.0,12.875,20.25,8.0,6.0,3.75,2.5,0.0,493.0,33.25,10.0,11.0,38.0,1.0,1.0,2.0,6.0,1.0,0.0,0.0,0.0,40.0,40.0,0.485,0.47619047619047616,0.016,0.016,0.125,0.5681818181818182,0.4318181818181818,0.325,0.7666666666666667,1.0,0.55,0.4242105263157895,0.0
20260621_132802_002f9dab,20260621_132802_002f9dab_g0015,15,1935821685,5,48,48,48,1,1,RED,pool_peer_500ms,0,1,[1],1,99,1,"{""1"": 99, ""2"": 91, ""3"": 86, ""4"": 72}",False,25.0,-30.0,0.0,44.0,32.0,0.08,83.0,39.75,93.75,15.0,14.0,21.75,38.0,5.0,168.0,118.75,12.0,9.0,30.0,1.0,1.0,2.0,4.0,1.0,0.0,0.0,0.0,48.0,48.0,0.5725,0.5714285714285714,0.0192,0.0192,0.145,0.6590909090909091,0.3409090909090909,0.625,1.0,1.0,0.4583333333333333,0.6052631578947368,0.0
20260621_132802_002f9dab,20260621_132802_002f9dab_g0015,15,1935821685,5,48,48,48,1,2,BLUE,champion,1,1,[1],0,91,2,"{""1"": 99, ""2"": 91, ""3"": 86, ""4"": 72}",False,32.0,-16.0,1.0,39.0,32.0,0.08,138.0,53.0,140.5,19.0,18.0,16.5,42.0,45.0,113.0,172.5,12.0,9.0,33.0,1.0,1.0,1.0,3.0,3.0,1.0,0.0,0.0,48.0,48.0,0.5725,0.5714285714285714,0.0192,0.0192,0.1375,0.625,0.375,0.8,1.0,1.0,0.4,0.570334928229665,0.0
20260621_132802_002f9dab,20260621_132802_002f9dab_g0015,15,1935821685,5,48,48,48,1,3,YELLOW,pool_l45_100ms,2,1,[1],0,86,3,"{""1"": 99, ""2"": 91, ""3"": 86, ""4"": 72}",False,13.0,-54.0,0.0,27.0,32.0,0.08,22.0,14.375,21.25,10.0,5.0,3.75,2.5,0.0,229.0,34.25,12.0,9.0,29.0,1.0,1.0,2.0,5.0,0.0,0.0,0.0,0.0,48.0,48.0,0.5725,0.5714285714285714,0.0192,0.0192,0.1475,0.6704545454545454,0.32954545454545453,0.325,0.5833333333333334,0.8,0.5583333333333333,0.48706512042818917,0.0
20260621_132802_002f9dab,20260621_132802_002f9dab_g0015,15,1935821685,5,48,48,48,1,4,GREEN,pool_l9_partial_200ms,3,1,[1],0,72,4,"{""1"": 99, ""2"": 91, ""3"": 86, ""4"": 72}",False,10.0,-60.0,4.0,17.0,32.0,0.08,8.0,5.75,8.0,4.0,3.0,0.0,1.0,0.0,243.0,18.0,12.0,9.0,31.0,1.0,1.0,1.0,5.0,1.0,0.0,0.0,0.0,48.0,48.0,0.5725,0.5714285714285714,0.0192,0.0192,0.1425,0.6477272727272727,0.3522727272727273,0.25,0.48333333333333334,1.0,0.5833333333333333,0.4127423822714682,0.0
20260621_132802_002f9dab,20260621_132802_002f9dab_g0015,15,1935821685,6,56,56,56,1,1,RED,pool_peer_500ms,0,1,[1],1,99,1,"{""1"": 99, ""2"": 91, ""3"": 86, ""4"": 72}",False,27.0,-23.0,0.0,51.0,41.0,0.1025,34.0,22.75,37.75,14.0,9.0,8.25,4.0,2.5,50.0,64.75,14.0,7.0,22.0,1.0,1.0,2.0,2.0,1.0,0.0,0.0,0.0,56.0,56.0,0.65,0.6666666666666666,0.0224,0.0224,0.165,0.75,0.25,0.675,0.8833333333333333,1.0,0.4166666666666667,0.5996810207336523,0.0
20260621_132802_002f9dab,20260621_132802_002f9dab_g0015,15,1935821685,6,56,56,56,1,2,BLUE,champion,1,1,[1],0,91,2,"{""1"": 99, ""2"": 91, ""3"": 86, ""4"": 72}",False,32.0,-13.0,1.0,52.0,41.0,0.1025,32.0,23.75,33.0,17.0,9.0,6.0,1.0,0.0,52.0,65.0,14.0,7.0,23.0,1.0,1.0,1.0,3.0,1.0,0.0,0.0,0.0,56.0,56.0,0.65,0.6666666666666666,0.0224,0.0224,0.1625,0.7386363636363636,0.26136363636363635,0.8,0.8833333333333333,1.0,0.375,0.5481781376518219,0.0
20260621_132802_002f9dab,20260621_132802_002f9dab_g0015,15,1935821685,6,56,56,56,1,3,YELLOW,pool_l45_100ms,2,1,[1],0,86,3,"{""1"": 99, ""2"": 91, ""3"": 86, ""4"": 72}",False,8.0,-61.0,0.0,29.0,41.0,0.1025,5.0,5.0,5.0,5.0,0.0,0.0,0.0,0.0,79.0,13.0,14.0,7.0,23.0,1.0,0.0,2.0,4.0,0.0,0.0,0.0,0.0,56.0,56.0,0.65,0.6666666666666666,0.0224,0.0224,0.1625,0.7386363636363636,0.26136363636363635,0.2,0.4166666666666667,0.8,0.575,0.4736842105263158,0.0
20260621_132802_002f9dab,20260621_132802_002f9dab_g0015,15,1935821685,6,56,56,56,1,4,GREEN,pool_l9_partial_200ms,3,1,[1],0,72,4,"{""1"": 99, ""2"": 91, ""3"": 86, ""4"": 72}",False,10.0,-57.0,4.0,24.0,41.0,0.1025,13.0,8.0,16.0,4.0,4.0,0.0,8.0,0.0,71.0,26.0,14.0,7.0,24.0,1.0,1.0,0.0,4.0,1.0,0.0,0.0,0.0,56.0,56.0,0.65,0.6666666666666666,0.0224,0.0224,0.16,0.7272727272727273,0.2727272727272727,0.25,0.5666666666666667,1.0,0.5583333333333333,0.41940789473684215,0.0
20260621_132802_002f9dab,20260621_132802_002f9dab_g0015,15,1935821685,7,64,64,64,1,1,RED,pool_peer_500ms,0,1,[1],1,99,1,"{""1"": 99, ""2"": 91, ""3"": 86, ""4"": 72}",False,24.0,-22.0,0.0,60.0,45.0,0.1125,21.0,16.0,21.0,12.0,6.0,3.0,0.0,0.0,9.0,45.0,16.0,5.0,13.0,1.0,1.0,2.0,1.0,0.0,0.0,0.0,0.0,64.0,64.0,0.7025,0.7619047619047619,0.0256,0.0256,0.1875,0.8522727272727273,0.14772727272727273,0.6,0.5333333333333333,0.8,0.38333333333333336,0.5635087719298246,0.0
20260621_132802_002f9dab,20260621_132802_002f9dab_g0015,15,1935821685,7,64,64,64,1,2,BLUE,champion,1,1,[1],0,91,2,"{""1"": 99, ""2"": 91, ""3"": 86, ""4"": 72}",False,31.0,-8.0,1.0,63.0,45.0,0.1125,7.0,3.5,8.0,0.0,5.0,3.0,0.0,0.0,23.0,39.0,16.0,5.0,18.0,0.0,1.0,1.0,2.0,1.0,0.0,0.0,0.0,64.0,64.0,0.7025,0.7619047619047619,0.0256,0.0256,0.175,0.7954545454545454,0.20454545454545456,0.775,0.6166666666666667,1.0,0.325,0.5383458646616541,0.0
20260621_132802_002f9dab,20260621_132802_002f9dab_g0015,15,1935821685,7,64,64,64,1,3,YELLOW,pool_l45_100ms,2,1,[1],0,86,3,"{""1"": 99, ""2"": 91, ""3"": 86, ""4"": 72}",False,8.0,-54.0,0.0,33.0,45.0,0.1125,2.0,0.625,2.0,0.0,0.0,1.5,0.5,0.0,28.0,10.0,16.0,5.0,19.0,0.0,0.0,1.0,4.0,0.0,0.0,0.0,0.0,64.0,64.0,0.7025,0.7619047619047619,0.0256,0.0256,0.1725,0.7840909090909091,0.2159090909090909,0.2,0.36666666666666664,0.8,0.5166666666666667,0.45919145690312735,0.0
20260621_132802_002f9dab,20260621_132802_002f9dab_g0015,15,1935821685,7,64,64,64,1,4,GREEN,pool_l9_partial_200ms,3,1,[1],0,72,4,"{""1"": 99, ""2"": 91, ""3"": 86, ""4"": 72}",False,7.0,-56.0,4.0,32.0,45.0,0.1125,0.0,0.0,0.0,0.0,0.0,0.0,0.0,0.0,30.0,7.0,16.0,5.0,21.0,0.0,0.0,0.0,4.0,1.0,0.0,0.0,0.0,64.0,64.0,0.7025,0.7619047619047619,0.0256,0.0256,0.1675,0.7613636363636364,0.23863636363636365,0.175,0.35,1.0,0.525,0.4257659073055774,0.0
20260621_132802_002f9dab,20260621_132802_002f9dab_g0016,16,1599276605,0,8,8,8,1,1,RED,champion,0,4,[4],0,88,2,"{""1"": 88, ""2"": 88, ""3"": 72, ""4"": 89}",False,8.0,-13.0,9.0,0.0,3.0,0.0075,489.0,120.375,491.125,8.0,14.0,39.75,125.0,304.375,1234.0,499.125,2.0,19.0,79.0,1.0,1.0,2.0,5.0,10.0,1.0,1.0,1.0,8.0,8.0,0.0975,0.09523809523809523,0.0032,0.0032,0.0225,0.10227272727272728,0.8977272727272727,0.2,1.0,1.0,0.175,0.23391812865497075,0.0
20260621_132802_002f9dab,20260621_132802_002f9dab_g0016,16,1599276605,0,8,8,8,1,2,BLUE,pool_l45_100ms,1,4,[4],0,88,2,"{""1"": 88, ""2"": 88, ""3"": 72, ""4"": 89}",False,5.0,-19.0,9.0,0.0,3.0,0.0075,327.0,76.25,309.5,5.0,8.0,24.0,95.0,177.5,1396.0,314.5,2.0,19.0,78.0,1.0,1.0,2.0,6.0,9.0,1.0,1.0,0.0,8.0,8.0,0.0975,0.09523809523809523,0.0032,0.0032,0.025,0.11363636363636363,0.8863636363636364,0.125,1.0,1.0,0.2,0.15263157894736834,0.0
20260621_132802_002f9dab,20260621_132802_002f9dab_g0016,16,1599276605,0,8,8,8,1,3,YELLOW,pool_l9_partial_200ms,2,4,[4],0,72,3,"{""1"": 88, ""2"": 88, ""3"": 72, ""4"": 89}",False,7.0,-15.0,9.0,0.0,3.0,0.0075,364.0,86.0,341.875,7.0,10.0,27.0,108.5,189.375,1359.0,348.875,2.0,19.0,78.0,1.0,1.0,2.0,6.0,9.0,1.0,1.0,0.0,8.0,8.0,0.0975,0.09523809523809523,0.0032,0.0032,0.025,0.11363636363636363,0.8863636363636364,0.175,1.0,1.0,0.18333333333333332,0.17368421052631577,0.0
20260621_132802_002f9dab,20260621_132802_002f9dab_g0016,16,1599276605,0,8,8,8,1,4,GREEN,pool_peer_500ms,3,4,[4],1,89,1,"{""1"": 88, ""2"": 88, ""3"": 72, ""4"": 89}",False,9.0,-11.0,9.0,0.0,3.0,0.0075,543.0,122.625,488.75,9.0,15.0,41.25,153.5,270.0,1180.0,497.75,2.0,19.0,78.0,1.0,1.0,2.0,6.0,9.0,1.0,0.0,0.0,8.0,8.0,0.0975,0.09523809523809523,0.0032,0.0032,0.025,0.11363636363636363,0.8863636363636364,0.225,1.0,1.0,0.16666666666666669,0.23684210526315785,0.0
20260621_132802_002f9dab,20260621_132802_002f9dab_g0016,16,1599276605,1,16,16,16,1,1,RED,champion,0,4,[4],0,88,2,"{""1"": 88, ""2"": 88, ""3"": 72, ""4"": 89}",False,17.0,-19.0,3.0,2.0,3.0,0.0075,666.0,163.125,622.875,15.0,26.0,67.5,195.0,319.375,1759.0,639.875,4.0,17.0,69.0,1.0,1.0,2.0,5.0,8.0,1.0,0.0,0.0,16.0,16.0,0.1975,0.19047619047619047,0.0064,0.0064,0.0475,0.2159090909090909,0.7840909090909091,0.425,1.0,1.0,0.3,0.42659279778393344,0.0
20260621_132802_002f9dab,20260621_132802_002f9dab_g0016,16,1599276605,1,16,16,16,1,2,BLUE,pool_l45_100ms,1,4,[4],0,88,2,"{""1"": 88, ""2"": 88, ""3"": 72, ""4"": 89}",False,9.0,-35.0,6.0,0.0,3.0,0.0075,533.0,123.375,482.5,9.0,16.0,45.0,177.5,235.0,1892.0,491.5,4.0,17.0,68.0,1.0,1.0,2.0,6.0,7.0,1.0,0.0,0.0,16.0,16.0,0.1975,0.19047619047619047,0.0064,0.0064,0.05,0.22727272727272727,0.7727272727272727,0.225,1.0,1.0,0.36666666666666664,0.3263157894736842,0.0
20260621_132802_002f9dab,20260621_132802_002f9dab_g0016,16,1599276605,1,16,16,16,1,3,YELLOW,pool_l9_partial_200ms,2,4,[4],0,72,3,"{""1"": 88, ""2"": 88, ""3"": 72, ""4"": 89}",False,11.0,-31.0,5.0,0.0,3.0,0.0075,429.0,102.375,386.25,11.0,15.0,36.0,140.5,183.75,1996.0,397.25,4.0,17.0,68.0,1.0,1.0,2.0,6.0,7.0,1.0,0.0,0.0,16.0,16.0,0.1975,0.19047619047619047,0.0064,0.0064,0.05,0.22727272727272727,0.7727272727272727,0.275,1.0,1.0,0.35,0.3526315789473684,0.0
20260621_132802_002f9dab,20260621_132802_002f9dab_g0016,16,1599276605,1,16,16,16,1,4,GREEN,pool_peer_500ms,3,4,[4],1,89,1,"{""1"": 88, ""2"": 88, ""3"": 72, ""4"": 89}",False,16.0,-21.0,1.0,2.0,3.0,0.0075,797.0,198.5,767.75,16.0,27.0,75.0,281.0,368.75,1628.0,783.75,4.0,17.0,68.0,1.0,1.0,2.0,6.0,7.0,1.0,0.0,0.0,16.0,16.0,0.1975,0.19047619047619047,0.0064,0.0064,0.05,0.22727272727272727,0.7727272727272727,0.4,1.0,1.0,0.30833333333333335,0.4815789473684211,0.0
20260621_132802_002f9dab,20260621_132802_002f9dab_g0016,16,1599276605,2,24,24,24,1,1,RED,champion,0,4,[4],0,88,2,"{""1"": 88, ""2"": 88, ""3"": 72, ""4"": 89}",False,20.0,-29.0,3.0,10.0,6.0,0.015,391.0,102.25,356.25,15.0,22.0,53.25,106.0,160.0,1152.0,376.25,6.0,15.0,60.0,1.0,1.0,2.0,4.0,7.0,1.0,0.0,0.0,24.0,24.0,0.295,0.2857142857142857,0.0096,0.0096,0.07,0.3181818181818182,0.6818181818181818,0.5,1.0,1.0,0.4083333333333333,0.4887218045112782,0.0
20260621_132802_002f9dab,20260621_132802_002f9dab_g0016,16,1599276605,2,24,24,24,1,2,BLUE,pool_l45_100ms,1,4,[4],0,88,2,"{""1"": 88, ""2"": 88, ""3"": 72, ""4"": 89}",False,16.0,-37.0,1.0,0.0,6.0,0.015,440.0,113.625,392.0,15.0,24.0,54.75,174.5,123.75,1103.0,408.0,6.0,15.0,58.0,1.0,1.0,2.0,6.0,5.0,0.0,0.0,0.0,24.0,24.0,0.295,0.2857142857142857,0.0096,0.0096,0.075,0.3409090909090909,0.6590909090909091,0.4,1.0,1.0,0.4416666666666667,0.4385964912280702,0.0
20260621_132802_002f9dab,20260621_132802_002f9dab_g0016,16,1599276605,2,24,24,24,1,3,YELLOW,pool_l9_partial_200ms,2,4,[4],0,72,3,"{""1"": 88, ""2"": 88, ""3"": 72, ""4"": 89}",False,14.0,-41.0,1.0,0.0,6.0,0.015,335.0,86.75,295.625,14.0,18.0,37.5,120.5,105.625,1208.0,309.625,6.0,15.0,58.0,1.0,1.0,2.0,6.0,5.0,0.0,0.0,0.0,24.0,24.0,0.295,0.2857142857142857,0.0096,0.0096,0.075,0.3409090909090909,0.6590909090909091,0.35,1.0,1.0,0.4583333333333333,0.47192982456140353,0.0
20260621_132802_002f9dab,20260621_132802_002f9dab_g0016,16,1599276605,2,24,24,24,1,4,GREEN,pool_peer_500ms,3,4,[4],1,89,1,"{""1"": 88, ""2"": 88, ""3"": 72, ""4"": 89}",False,19.0,-31.0,1.0,9.0,6.0,0.015,377.0,113.375,385.875,16.0,25.0,54.75,172.0,118.125,1166.0,404.875,6.0,15.0,58.0,1.0,1.0,2.0,6.0,5.0,1.0,0.0,0.0,24.0,24.0,0.295,0.2857142857142857,0.0096,0.0096,0.075,0.3409090909090909,0.6590909090909091,0.475,1.0,1.0,0.4166666666666667,0.512280701754386,0.0
20260621_132802_002f9dab,20260621_132802_002f9dab_g0016,16,1599276605,3,32,32,32,1,1,RED,champion,0,4,[4],0,88,2,"{""1"": 88, ""2"": 88, ""3"": 72, ""4"": 89}",False,26.0,-26.0,3.0,16.0,9.0,0.0225,361.0,107.625,345.875,21.0,29.0,63.75,89.0,143.125,517.0,371.875,8.0,13.0,51.0,1.0,1.0,2.0,3.0,6.0,1.0,0.0,0.0,32.0,32.0,0.39,0.38095238095238093,0.0128,0.0128,0.0925,0.42045454545454547,0.5795454545454546,0.65,1.0,1.0,0.4333333333333333,0.5220483641536273,0.0
20260621_132802_002f9dab,20260621_132802_002f9dab_g0016,16,1599276605,3,32,32,32,1,2,BLUE,pool_l45_100ms,1,4,[4],0,88,2,"{""1"": 88, ""2"": 88, ""3"": 72, ""4"": 89}",False,16.0,-46.0,1.0,12.0,9.0,0.0225,139.0,48.125,134.625,12.0,15.0,28.5,66.0,13.125,739.0,150.625,8.0,13.0,48.0,1.0,1.0,2.0,6.0,3.0,0.0,0.0,0.0,32.0,32.0,0.39,0.38095238095238093,0.0128,0.0128,0.1,0.45454545454545453,0.5454545454545454,0.4,1.0,1.0,0.5166666666666667,0.4842105263157894,0.0
20260621_132802_002f9dab,20260621_132802_002f9dab_g0016,16,1599276605,3,32,32,32,1,3,YELLOW,pool_l9_partial_200ms,2,4,[4],0,72,3,"{""1"": 88, ""2"": 88, ""3"": 72, ""4"": 89}",False,13.0,-52.0,1.0,6.0,9.0,0.0225,81.0,30.25,74.0,12.0,9.0,12.75,29.0,11.25,797.0,87.0,8.0,13.0,48.0,1.0,1.0,2.0,6.0,3.0,0.0,0.0,0.0,32.0,32.0,0.39,0.38095238095238093,0.0128,0.0128,0.1,0.45454545454545453,0.5454545454545454,0.325,1.0,1.0,0.5416666666666667,0.48289473684210527,0.0
20260621_132802_002f9dab,20260621_132802_002f9dab_g0016,16,1599276605,3,32,32,32,1,4,GREEN,pool_peer_500ms,3,4,[4],1,89,1,"{""1"": 88, ""2"": 88, ""3"": 72, ""4"": 89}",False,23.0,-32.0,0.0,17.0,9.0,0.0225,297.0,101.625,320.625,19.0,26.0,55.5,142.0,78.125,581.0,343.625,8.0,13.0,49.0,1.0,1.0,2.0,5.0,4.0,1.0,0.0,0.0,32.0,32.0,0.39,0.38095238095238093,0.0128,0.0128,0.0975,0.4431818181818182,0.5568181818181818,0.575,1.0,1.0,0.4583333333333333,0.582995951417004,0.0
20260621_132802_002f9dab,20260621_132802_002f9dab_g0016,16,1599276605,4,40,40,40,1,1,RED,champion,0,4,[4],0,88,2,"{""1"": 88, ""2"": 88, ""3"": 72, ""4"": 89}",False,32.0,-21.0,3.0,23.0,17.0,0.0425,226.0,85.875,231.375,26.0,32.0,52.5,44.0,76.875,240.0,263.375,10.0,11.0,42.0,1.0,1.0,2.0,2.0,5.0,1.0,0.0,0.0,40.0,40.0,0.4825,0.47619047619047616,0.016,0.016,0.115,0.5227272727272727,0.4772727272727273,0.8,1.0,1.0,0.4416666666666667,0.5217391304347826,0.0
20260621_132802_002f9dab,20260621_132802_002f9dab_g0016,16,1599276605,4,40,40,40,1,2,BLUE,pool_l45_100ms,1,4,[4],0,88,2,"{""1"": 88, ""2"": 88, ""3"": 72, ""4"": 89}",False,16.0,-53.0,1.0,23.0,17.0,0.0425,84.0,32.25,76.375,12.0,12.0,16.5,31.5,4.375,382.0,92.375,10.0,11.0,38.0,1.0,1.0,2.0,6.0,1.0,0.0,0.0,0.0,40.0,40.0,0.4825,0.47619047619047616,0.016,0.016,0.125,0.5681818181818182,0.4318181818181818,0.4,1.0,1.0,0.575,0.47578947368421043,0.0
20260621_132802_002f9dab,20260621_132802_002f9dab_g0016,16,1599276605,4,40,40,40,1,3,YELLOW,pool_l9_partial_200ms,2,4,[4],0,72,3,"{""1"": 88, ""2"": 88, ""3"": 72, ""4"": 89}",False,10.0,-65.0,1.0,17.0,17.0,0.0425,12.0,9.375,11.25,8.0,2.0,0.75,0.5,0.0,454.0,21.25,10.0,11.0,39.0,1.0,1.0,2.0,5.0,2.0,0.0,0.0,0.0,40.0,40.0,0.4825,0.47619047619047616,0.016,0.016,0.1225,0.5568181818181818,0.4431818181818182,0.25,0.8666666666666667,1.0,0.625,0.4575725026852847,0.0
20260621_132802_002f9dab,20260621_132802_002f9dab_g0016,16,1599276605,4,40,40,40,1,4,GREEN,pool_peer_500ms,3,4,[4],1,89,1,"{""1"": 88, ""2"": 88, ""3"": 72, ""4"": 89}",False,27.0,-31.0,0.0,25.0,17.0,0.0425,144.0,66.0,165.0,23.0,22.0,36.75,62.0,21.25,322.0,192.0,10.0,11.0,40.0,1.0,1.0,2.0,4.0,3.0,1.0,0.0,0.0,40.0,40.0,0.4825,0.47619047619047616,0.016,0.016,0.12,0.5454545454545454,0.45454545454545453,0.675,1.0,1.0,0.4833333333333333,0.5932017543859649,0.0
20260621_132802_002f9dab,20260621_132802_002f9dab_g0016,16,1599276605,5,48,48,48,1,1,RED,champion,0,4,[4],0,88,2,"{""1"": 88, ""2"": 88, ""3"": 72, ""4"": 89}",False,35.0,-19.0,3.0,33.0,15.0,0.0375,125.0,65.0,147.0,26.0,27.0,39.75,28.0,26.25,100.0,182.0,12.0,9.0,32.0,1.0,1.0,2.0,2.0,3.0,1.0,0.0,0.0,48.0,48.0,0.555,0.5714285714285714,0.0192,0.0192,0.14,0.6363636363636364,0.36363636363636365,0.875,1.0,1.0,0.45,0.5281954887218046,0.0
20260621_132802_002f9dab,20260621_132802_002f9dab_g0016,16,1599276605,5,48,48,48,1,2,BLUE,pool_l45_100ms,1,4,[4],0,88,2,"{""1"": 88, ""2"": 88, ""3"": 72, ""4"": 89}",False,17.0,-55.0,1.0,36.0,15.0,0.0375,41.0,20.875,38.5,11.0,9.0,9.0,9.5,0.0,184.0,55.5,12.0,9.0,29.0,1.0,1.0,2.0,5.0,0.0,0.0,0.0,0.0,48.0,48.0,0.555,0.5714285714285714,0.0192,0.0192,0.1475,0.6704545454545454,0.32954545454545453,0.425,0.9666666666666667,0.8,0.6,0.5013380909901872,0.0
20260621_132802_002f9dab,20260621_132802_002f9dab_g0016,16,1599276605,5,48,48,48,1,3,YELLOW,pool_l9_partial_200ms,2,4,[4],0,72,3,"{""1"": 88, ""2"": 88, ""3"": 72, ""4"": 89}",False,9.0,-71.0,1.0,22.0,15.0,0.0375,3.0,1.125,2.5,0.0,2.0,0.0,0.5,0.0,222.0,11.5,12.0,9.0,35.0,0.0,1.0,1.0,5.0,2.0,0.0,0.0,0.0,48.0,48.0,0.555,0.5714285714285714,0.0192,0.0192,0.1325,0.6022727272727273,0.3977272727272727,0.225,0.48333333333333334,1.0,0.6666666666666667,0.44190665342601787,0.0
20260621_132802_002f9dab,20260621_132802_002f9dab_g0016,16,1599276605,5,48,48,48,1,4,GREEN,pool_peer_500ms,3,4,[4],1,89,1,"{""1"": 88, ""2"": 88, ""3"": 72, ""4"": 89}",False,28.0,-33.0,0.0,36.0,15.0,0.0375,56.0,33.75,65.25,20.0,12.0,0.0,22.0,11.25,169.0,93.25,12.0,9.0,34.0,1.0,1.0,0.0,4.0,3.0,1.0,0.0,0.0,48.0,48.0,0.555,0.5714285714285714,0.0192,0.0192,0.135,0.6136363636363636,0.38636363636363635,0.7,1.0,1.0,0.5083333333333333,0.6062378167641325,0.0
20260621_132802_002f9dab,20260621_132802_002f9dab_g0016,16,1599276605,6,56,56,56,1,1,RED,champion,0,4,[4],0,88,2,"{""1"": 88, ""2"": 88, ""3"": 72, ""4"": 89}",False,32.0,-25.0,3.0,47.0,20.0,0.05,42.0,28.5,45.0,18.0,12.0,9.0,6.0,0.0,65.0,77.0,14.0,7.0,22.0,1.0,1.0,2.0,2.0,1.0,1.0,0.0,0.0,56.0,56.0,0.6375,0.6666666666666666,0.0224,0.0224,0.165,0.75,0.25,0.8,1.0,1.0,0.475,0.4936204146730463,0.0
20260621_132802_002f9dab,20260621_132802_002f9dab_g0016,16,1599276605,6,56,56,56,1,2,BLUE,pool_l45_100ms,1,4,[4],0,88,2,"{""1"": 88, ""2"": 88, ""3"": 72, ""4"": 89}",False,19.0,-51.0,1.0,41.0,20.0,0.05,35.0,21.0,34.25,13.0,8.0,8.25,5.0,0.0,72.0,53.25,14.0,7.0,21.0,1.0,1.0,2.0,3.0,0.0,0.0,0.0,0.0,56.0,56.0,0.6375,0.6666666666666666,0.0224,0.0224,0.1675,0.7613636363636364,0.23863636363636365,0.475,0.7666666666666667,0.8,0.5833333333333333,0.4854673998428908,0.0
20260621_132802_002f9dab,20260621_132802_002f9dab_g0016,16,1599276605,6,56,56,56,1,3,YELLOW,pool_l9_partial_200ms,2,4,[4],0,72,3,"{""1"": 88, ""2"": 88, ""3"": 72, ""4"": 89}",False,8.0,-73.0,1.0,27.0,20.0,0.05,0.0,0.0,0.0,0.0,0.0,0.0,0.0,0.0,107.0,8.0,14.0,7.0,29.0,0.0,0.0,1.0,4.0,2.0,0.0,0.0,0.0,56.0,56.0,0.6375,0.6666666666666666,0.0224,0.0224,0.1475,0.6704545454545454,0.32954545454545453,0.2,0.4,1.0,0.675,0.46743978590544155,0.0
20260621_132802_002f9dab,20260621_132802_002f9dab_g0016,16,1599276605,6,56,56,56,1,4,GREEN,pool_peer_500ms,3,4,[4],1,89,1,"{""1"": 88, ""2"": 88, ""3"": 72, ""4"": 89}",False,30.0,-29.0,0.0,48.0,20.0,0.05,30.0,23.75,31.0,18.0,10.0,0.0,3.0,0.0,77.0,61.0,14.0,7.0,25.0,1.0,1.0,0.0,3.0,2.0,0.0,0.0,0.0,56.0,56.0,0.6375,0.6666666666666666,0.0224,0.0224,0.1575,0.7159090909090909,0.2840909090909091,0.75,0.9,1.0,0.4916666666666667,0.5756056808688388,0.0
20260621_132802_002f9dab,20260621_132802_002f9dab_g0016,16,1599276605,7,64,64,66,3,1,RED,champion,0,4,[4],0,88,2,"{""1"": 88, ""2"": 88, ""3"": 72, ""4"": 89}",False,27.0,-30.0,3.0,62.0,23.0,0.0575,22.0,16.0,21.0,12.0,6.0,3.0,0.0,0.0,34.0,48.0,17.0,4.0,11.0,1.0,1.0,1.0,0.0,1.0,1.0,0.0,0.0,64.0,66.0,0.7075,0.8095238095238095,0.0264,0.0256,0.1925,0.875,0.125,0.675,0.7333333333333333,1.0,0.475,0.4853041695146958,0.0
20260621_132802_002f9dab,20260621_132802_002f9dab_g0016,16,1599276605,7,64,64,66,3,2,BLUE,pool_l45_100ms,1,4,[4],0,88,2,"{""1"": 88, ""2"": 88, ""3"": 72, ""4"": 89}",False,19.0,-46.0,1.0,55.0,23.0,0.0575,10.0,10.0,10.0,10.0,0.0,0.0,0.0,0.0,46.0,29.0,17.0,4.0,12.0,1.0,0.0,1.0,2.0,0.0,0.0,0.0,0.0,64.0,66.0,0.7075,0.8095238095238095,0.0264,0.0256,0.19,0.8636363636363636,0.13636363636363635,0.475,0.4166666666666667,0.8,0.5416666666666667,0.47645429362880887,0.0
20260621_132802_002f9dab,20260621_132802_002f9dab_g0016,16,1599276605,7,64,64,66,3,3,YELLOW,pool_l9_partial_200ms,2,4,[4],0,72,3,"{""1"": 88, ""2"": 88, ""3"": 72, ""4"": 89}",False,8.0,-68.0,1.0,34.0,23.0,0.0575,0.0,0.0,0.0,0.0,0.0,0.0,0.0,0.0,56.0,8.0,14.0,7.0,29.0,0.0,0.0,1.0,4.0,2.0,0.0,0.0,0.0,64.0,66.0,0.7075,0.6666666666666666,0.0264,0.0256,0.1475,0.6704545454545454,0.32954545454545453,0.2,0.4,1.0,0.6333333333333333,0.46743978590544155,0.0
20260621_132802_002f9dab,20260621_132802_002f9dab_g0016,16,1599276605,7,64,64,66,3,4,GREEN,pool_peer_500ms,3,4,[4],1,89,1,"{""1"": 88, ""2"": 88, ""3"": 72, ""4"": 89}",False,30.0,-24.0,0.0,56.0,23.0,0.0575,24.0,20.5,24.0,17.0,7.0,0.0,0.0,0.0,32.0,54.0,16.0,5.0,17.0,1.0,1.0,0.0,1.0,2.0,0.0,0.0,0.0,64.0,66.0,0.7075,0.7619047619047619,0.0264,0.0256,0.1775,0.8068181818181818,0.19318181818181818,0.75,0.7166666666666667,1.0,0.45,0.5522609340252038,0.0
20260621_132802_002f9dab,20260621_132802_002f9dab_g0017,17,922444856,0,8,8,8,1,1,RED,pool_l45_100ms,0,3,[3],0,73,4,"{""1"": 73, ""2"": 85, ""3"": 104, ""4"": 98}",False,6.0,-16.0,9.0,0.0,4.0,0.01,388.0,90.5,366.25,6.0,10.0,28.5,113.0,208.75,1265.0,372.25,2.0,19.0,78.0,1.0,1.0,2.0,6.0,9.0,1.0,1.0,0.0,8.0,8.0,0.0975,0.09523809523809523,0.0032,0.0032,0.025,0.11363636363636363,0.8863636363636364,0.15,1.0,1.0,0.18333333333333332,0.20526315789473681,0.0
20260621_132802_002f9dab,20260621_132802_002f9dab_g0017,17,922444856,0,8,8,8,1,2,BLUE,pool_l9_partial_200ms,1,3,[3],0,85,3,"{""1"": 73, ""2"": 85, ""3"": 104, ""4"": 98}",False,5.0,-18.0,9.0,0.0,4.0,0.01,327.0,76.25,309.5,5.0,8.0,24.0,95.0,177.5,1326.0,314.5,2.0,19.0,78.0,1.0,1.0,2.0,6.0,9.0,1.0,1.0,0.0,8.0,8.0,0.0975,0.09523809523809523,0.0032,0.0032,0.025,0.11363636363636363,0.8863636363636364,0.125,1.0,1.0,0.19166666666666668,0.15263157894736834,0.0
20260621_132802_002f9dab,20260621_132802_002f9dab_g0017,17,922444856,0,8,8,8,1,3,YELLOW,pool_peer_500ms,2,3,[3],1,104,1,"{""1"": 73, ""2"": 85, ""3"": 104, ""4"": 98}",False,9.0,-10.0,9.0,0.0,4.0,0.01,543.0,122.625,488.75,9.0,15.0,41.25,153.5,270.0,1110.0,497.75,2.0,19.0,78.0,1.0,1.0,2.0,6.0,9.0,1.0,0.0,0.0,8.0,8.0,0.0975,0.09523809523809523,0.0032,0.0032,0.025,0.11363636363636363,0.8863636363636364,0.225,1.0,1.0,0.15833333333333333,0.23684210526315785,0.0
20260621_132802_002f9dab,20260621_132802_002f9dab_g0017,17,922444856,0,8,8,8,1,4,GREEN,champion,3,3,[3],0,98,2,"{""1"": 73, ""2"": 85, ""3"": 104, ""4"": 98}",False,8.0,-12.0,9.0,0.0,4.0,0.01,395.0,99.375,397.25,8.0,13.0,33.75,102.5,240.0,1258.0,405.25,2.0,19.0,79.0,1.0,1.0,2.0,5.0,10.0,1.0,1.0,1.0,8.0,8.0,0.0975,0.09523809523809523,0.0032,0.0032,0.0225,0.10227272727272728,0.8977272727272727,0.2,1.0,1.0,0.16666666666666669,0.21637426900584789,0.0
20260621_132802_002f9dab,20260621_132802_002f9dab_g0017,17,922444856,1,16,16,16,1,1,RED,pool_l45_100ms,0,3,[3],0,73,4,"{""1"": 73, ""2"": 85, ""3"": 104, ""4"": 98}",False,10.0,-32.0,7.0,0.0,4.0,0.01,482.0,113.75,431.75,10.0,17.0,45.0,166.0,193.75,2211.0,441.75,4.0,17.0,68.0,1.0,1.0,2.0,6.0,7.0,1.0,0.0,0.0,16.0,16.0,0.1975,0.19047619047619047,0.0064,0.0064,0.05,0.22727272727272727,0.7727272727272727,0.25,1.0,1.0,0.35,0.3236842105263158,0.0
20260621_132802_002f9dab,20260621_132802_002f9dab_g0017,17,922444856,1,16,16,16,1,2,BLUE,pool_l9_partial_200ms,1,3,[3],0,85,3,"{""1"": 73, ""2"": 85, ""3"": 104, ""4"": 98}",False,9.0,-34.0,6.0,0.0,4.0,0.01,528.0,122.375,477.5,9.0,16.0,45.0,177.5,230.0,2165.0,486.5,4.0,17.0,68.0,1.0,1.0,2.0,6.0,7.0,1.0,0.0,0.0,16.0,16.0,0.1975,0.19047619047619047,0.0064,0.0064,0.05,0.22727272727272727,0.7727272727272727,0.225,1.0,1.0,0.35833333333333334,0.3263157894736842,0.0
20260621_132802_002f9dab,20260621_132802_002f9dab_g0017,17,922444856,1,16,16,16,1,3,YELLOW,pool_peer_500ms,2,3,[3],1,104,1,"{""1"": 73, ""2"": 85, ""3"": 104, ""4"": 98}",False,16.0,-20.0,0.0,1.0,4.0,0.01,810.0,201.75,783.5,16.0,27.0,75.75,281.0,383.75,1883.0,799.5,4.0,17.0,68.0,1.0,1.0,2.0,6.0,7.0,1.0,0.0,0.0,16.0,16.0,0.1975,0.19047619047619047,0.0064,0.0064,0.05,0.22727272727272727,0.7727272727272727,0.4,1.0,1.0,0.3,0.49473684210526314,0.0
20260621_132802_002f9dab,20260621_132802_002f9dab_g0017,17,922444856,1,16,16,16,1,4,GREEN,champion,3,3,[3],0,98,2,"{""1"": 73, ""2"": 85, ""3"": 104, ""4"": 98}",False,17.0,-18.0,1.0,1.0,4.0,0.01,873.0,209.375,817.125,17.0,30.0,81.75,249.0,439.375,1820.0,834.125,4.0,17.0,69.0,1.0,1.0,2.0,5.0,8.0,1.0,0.0,0.0,16.0,16.0,0.1975,0.19047619047619047,0.0064,0.0064,0.0475,0.2159090909090909,0.7840909090909091,0.425,1.0,1.0,0.29166666666666663,0.4736842105263158,0.0
20260621_132802_002f9dab,20260621_132802_002f9dab_g0017,17,922444856,2,24,24,24,1,1,RED,pool_l45_100ms,0,3,[3],0,73,4,"{""1"": 73, ""2"": 85, ""3"": 104, ""4"": 98}",False,13.0,-44.0,4.0,0.0,7.0,0.0175,372.0,95.125,328.25,13.0,20.0,43.5,145.5,106.25,1578.0,341.25,6.0,15.0,58.0,1.0,1.0,2.0,6.0,5.0,0.0,0.0,0.0,24.0,24.0,0.295,0.2857142857142857,0.0096,0.0096,0.075,0.3409090909090909,0.6590909090909091,0.325,1.0,1.0,0.475,0.4035087719298245,0.0
20260621_132802_002f9dab,20260621_132802_002f9dab_g0017,17,922444856,2,24,24,24,1,2,BLUE,pool_l9_partial_200ms,1,3,[3],0,85,3,"{""1"": 73, ""2"": 85, ""3"": 104, ""4"": 98}",False,13.0,-44.0,6.0,0.0,7.0,0.0175,308.0,82.75,277.0,13.0,18.0,39.75,125.0,81.25,1642.0,290.0,6.0,15.0,58.0,1.0,1.0,2.0,6.0,5.0,0.0,0.0,0.0,24.0,24.0,0.295,0.2857142857142857,0.0096,0.0096,0.075,0.3409090909090909,0.6590909090909091,0.325,1.0,1.0,0.475,0.38596491228070173,0.0
20260621_132802_002f9dab,20260621_132802_002f9dab_g0017,17,922444856,2,24,24,24,1,3,YELLOW,pool_peer_500ms,2,3,[3],1,104,1,"{""1"": 73, ""2"": 85, ""3"": 104, ""4"": 98}",False,21.0,-28.0,0.0,12.0,7.0,0.0175,671.0,170.625,633.75,18.0,28.0,74.25,223.5,290.0,1279.0,654.75,6.0,15.0,59.0,1.0,1.0,2.0,5.0,6.0,1.0,0.0,0.0,24.0,24.0,0.295,0.2857142857142857,0.0096,0.0096,0.0725,0.32954545454545453,0.6704545454545454,0.525,1.0,1.0,0.4083333333333333,0.5916515426497277,0.0
20260621_132802_002f9dab,20260621_132802_002f9dab_g0017,17,922444856,2,24,24,24,1,4,GREEN,champion,3,3,[3],0,98,2,"{""1"": 73, ""2"": 85, ""3"": 104, ""4"": 98}",False,23.0,-24.0,0.0,12.0,7.0,0.0175,599.0,166.625,606.375,18.0,30.0,79.5,227.0,251.875,1351.0,629.375,6.0,15.0,59.0,1.0,1.0,2.0,5.0,6.0,1.0,0.0,0.0,24.0,24.0,0.295,0.2857142857142857,0.0096,0.0096,0.0725,0.32954545454545453,0.6704545454545454,0.575,1.0,1.0,0.39166666666666666,0.5843920145190562,0.0
20260621_132802_002f9dab,20260621_132802_002f9dab_g0017,17,922444856,3,32,32,32,1,1,RED,pool_l45_100ms,0,3,[3],0,73,4,"{""1"": 73, ""2"": 85, ""3"": 104, ""4"": 98}",False,13.0,-55.0,4.0,0.0,11.0,0.0275,96.0,38.125,96.0,13.0,13.0,19.5,40.5,10.0,907.0,109.0,8.0,13.0,48.0,1.0,1.0,2.0,6.0,3.0,0.0,0.0,0.0,32.0,32.0,0.3925,0.38095238095238093,0.0128,0.0128,0.1,0.45454545454545453,0.5454545454545454,0.325,1.0,1.0,0.5666666666666667,0.4407894736842105,0.0
20260621_132802_002f9dab,20260621_132802_002f9dab_g0017,17,922444856,3,32,32,32,1,2,BLUE,pool_l9_partial_200ms,1,3,[3],0,85,3,"{""1"": 73, ""2"": 85, ""3"": 104, ""4"": 98}",False,11.0,-59.0,3.0,10.0,11.0,0.0275,106.0,37.0,102.125,11.0,11.0,15.75,47.5,16.875,897.0,113.125,8.0,13.0,48.0,1.0,1.0,2.0,6.0,3.0,0.0,0.0,0.0,32.0,32.0,0.3925,0.38095238095238093,0.0128,0.0128,0.1,0.45454545454545453,0.5454545454545454,0.275,1.0,1.0,0.5833333333333333,0.45394736842105265,0.0
20260621_132802_002f9dab,20260621_132802_002f9dab_g0017,17,922444856,3,32,32,32,1,3,YELLOW,pool_peer_500ms,2,3,[3],1,104,1,"{""1"": 73, ""2"": 85, ""3"": 104, ""4"": 98}",False,28.0,-25.0,0.0,24.0,11.0,0.0275,395.0,118.625,379.375,24.0,27.0,58.5,153.0,116.875,608.0,407.375,8.0,13.0,49.0,1.0,1.0,2.0,5.0,4.0,0.0,0.0,0.0,32.0,32.0,0.3925,0.38095238095238093,0.0128,0.0128,0.0975,0.4431818181818182,0.5568181818181818,0.7,1.0,1.0,0.4416666666666667,0.573549257759784,0.0
20260621_132802_002f9dab,20260621_132802_002f9dab_g0017,17,922444856,3,32,32,32,1,4,GREEN,champion,3,3,[3],0,98,2,"{""1"": 73, ""2"": 85, ""3"": 104, ""4"": 98}",False,29.0,-23.0,0.0,19.0,11.0,0.0275,406.0,120.375,399.875,22.0,26.0,63.0,132.0,156.875,597.0,428.875,8.0,13.0,50.0,1.0,1.0,2.0,4.0,5.0,1.0,0.0,0.0,32.0,32.0,0.3925,0.38095238095238093,0.0128,0.0128,0.095,0.4318181818181818,0.5681818181818182,0.725,1.0,1.0,0.4333333333333333,0.5997229916897506,0.0
20260621_132802_002f9dab,20260621_132802_002f9dab_g0017,17,922444856,4,40,40,40,1,1,RED,pool_l45_100ms,0,3,[3],0,73,4,"{""1"": 73, ""2"": 85, ""3"": 104, ""4"": 98}",False,14.0,-61.0,3.0,4.0,14.0,0.035,62.0,31.625,66.25,14.0,13.0,15.75,23.5,0.0,332.0,80.25,10.0,11.0,38.0,1.0,1.0,2.0,6.0,1.0,0.0,0.0,0.0,40.0,40.0,0.485,0.47619047619047616,0.016,0.016,0.125,0.5681818181818182,0.4318181818181818,0.35,1.0,1.0,0.625,0.4526315789473684,0.0
20260621_132802_002f9dab,20260621_132802_002f9dab_g0017,17,922444856,4,40,40,40,1,2,BLUE,pool_l9_partial_200ms,1,3,[3],0,85,3,"{""1"": 73, ""2"": 85, ""3"": 104, ""4"": 98}",False,9.0,-71.0,3.0,12.0,14.0,0.035,13.0,9.875,12.25,8.0,3.0,0.75,0.5,0.0,381.0,21.25,10.0,11.0,39.0,1.0,1.0,2.0,5.0,2.0,0.0,0.0,0.0,40.0,40.0,0.485,0.47619047619047616,0.016,0.016,0.1225,0.5568181818181818,0.4431818181818182,0.225,1.0,1.0,0.6666666666666667,0.4296455424274973,0.0
20260621_132802_002f9dab,20260621_132802_002f9dab_g0017,17,922444856,4,40,40,40,1,3,YELLOW,pool_peer_500ms,2,3,[3],1,104,1,"{""1"": 73, ""2"": 85, ""3"": 104, ""4"": 98}",False,32.0,-25.0,0.0,34.0,14.0,0.035,180.0,70.0,177.875,24.0,23.0,39.0,62.5,29.375,214.0,209.875,10.0,11.0,40.0,1.0,1.0,2.0,4.0,3.0,0.0,0.0,0.0,40.0,40.0,0.485,0.47619047619047616,0.016,0.016,0.12,0.5454545454545454,0.45454545454545453,0.8,1.0,1.0,0.475,0.5679824561403508,0.0
20260621_132802_002f9dab,20260621_132802_002f9dab_g0017,17,922444856,4,40,40,40,1,4,GREEN,champion,3,3,[3],0,98,2,"{""1"": 73, ""2"": 85, ""3"": 104, ""4"": 98}",False,34.0,-21.0,0.0,27.0,14.0,0.035,139.0,59.75,136.625,26.0,20.0,30.75,30.5,29.375,255.0,170.625,10.0,11.0,41.0,1.0,1.0,2.0,3.0,4.0,0.0,0.0,0.0,40.0,40.0,0.485,0.47619047619047616,0.016,0.016,0.1175,0.5340909090909091,0.4659090909090909,0.85,1.0,1.0,0.4583333333333333,0.5699888017917134,0.0
20260621_132802_002f9dab,20260621_132802_002f9dab_g0017,17,922444856,5,48,48,48,1,1,RED,pool_l45_100ms,0,3,[3],0,73,4,"{""1"": 73, ""2"": 85, ""3"": 104, ""4"": 98}",False,9.0,-67.0,3.0,14.0,48.0,0.12,8.0,6.25,7.75,5.0,2.0,0.75,0.0,0.0,220.0,16.75,12.0,9.0,30.0,1.0,1.0,2.0,4.0,1.0,0.0,0.0,0.0,48.0,48.0,0.5775,0.5714285714285714,0.0192,0.0192,0.145,0.6590909090909091,0.3409090909090909,0.225,0.5,1.0,0.6333333333333333,0.43375680580762255,0.0
20260621_132802_002f9dab,20260621_132802_002f9dab_g0017,17,922444856,5,48,48,48,1,2,BLUE,pool_l9_partial_200ms,1,3,[3],0,85,3,"{""1"": 73, ""2"": 85, ""3"": 104, ""4"": 98}",False,10.0,-65.0,3.0,27.0,48.0,0.12,15.0,11.0,15.25,8.0,4.0,2.25,1.0,0.0,213.0,25.25,12.0,9.0,30.0,1.0,1.0,2.0,4.0,1.0,0.0,0.0,0.0,48.0,48.0,0.5775,0.5714285714285714,0.0192,0.0192,0.145,0.6590909090909091,0.3409090909090909,0.25,0.5833333333333334,1.0,0.625,0.44283121597096187,0.0
20260621_132802_002f9dab,20260621_132802_002f9dab_g0017,17,922444856,5,48,48,48,1,3,YELLOW,pool_peer_500ms,2,3,[3],1,104,1,"{""1"": 73, ""2"": 85, ""3"": 104, ""4"": 98}",False,32.0,-21.0,0.0,40.0,48.0,0.12,115.0,54.125,118.375,23.0,20.0,30.75,39.0,5.625,113.0,150.375,12.0,9.0,30.0,1.0,1.0,2.0,4.0,1.0,0.0,0.0,0.0,48.0,48.0,0.5775,0.5714285714285714,0.0192,0.0192,0.145,0.6590909090909091,0.3409090909090909,0.8,1.0,1.0,0.4416666666666667,0.5680580762250453,0.0
20260621_132802_002f9dab,20260621_132802_002f9dab_g0017,17,922444856,5,48,48,48,1,4,GREEN,champion,3,3,[3],0,98,2,"{""1"": 73, ""2"": 85, ""3"": 104, ""4"": 98}",False,34.0,-17.0,0.0,39.0,48.0,0.12,90.0,45.125,90.625,23.0,16.0,20.25,22.0,9.375,138.0,124.625,12.0,9.0,31.0,1.0,1.0,2.0,3.0,2.0,0.0,0.0,0.0,48.0,48.0,0.5775,0.5714285714285714,0.0192,0.0192,0.1425,0.6477272727272727,0.3522727272727273,0.85,1.0,1.0,0.425,0.5678670360110802,0.0
20260621_132802_002f9dab,20260621_132802_002f9dab_g0017,17,922444856,6,56,56,56,1,1,RED,pool_l45_100ms,0,3,[3],0,73,4,"{""1"": 73, ""2"": 85, ""3"": 104, ""4"": 98}",False,10.0,-63.0,3.0,31.0,41.0,0.1025,7.0,6.5,7.0,6.0,1.0,0.0,0.0,0.0,92.0,17.0,14.0,7.0,23.0,1.0,1.0,1.0,3.0,1.0,0.0,0.0,0.0,56.0,56.0,0.6575,0.6666666666666666,0.0224,0.0224,0.1625,0.7386363636363636,0.26136363636363635,0.25,0.38333333333333336,1.0,0.6083333333333333,0.40971659919028347,0.0
20260621_132802_002f9dab,20260621_132802_002f9dab_g0017,17,922444856,6,56,56,56,1,2,BLUE,pool_l9_partial_200ms,1,3,[3],0,85,3,"{""1"": 73, ""2"": 85, ""3"": 104, ""4"": 98}",False,11.0,-61.0,3.0,40.0,41.0,0.1025,15.0,11.75,15.25,9.0,4.0,2.25,0.0,0.0,84.0,26.25,14.0,7.0,21.0,1.0,1.0,2.0,3.0,0.0,0.0,0.0,0.0,56.0,56.0,0.6575,0.6666666666666666,0.0224,0.0224,0.1675,0.7613636363636364,0.23863636363636365,0.275,0.5333333333333333,0.8,0.6,0.4493322859387274,0.0
20260621_132802_002f9dab,20260621_132802_002f9dab_g0017,17,922444856,6,56,56,56,1,3,YELLOW,pool_peer_500ms,2,3,[3],1,104,1,"{""1"": 73, ""2"": 85, ""3"": 104, ""4"": 98}",False,31.0,-21.0,0.0,49.0,41.0,0.1025,44.0,29.75,50.25,18.0,11.0,11.25,10.0,0.0,55.0,81.25,14.0,7.0,22.0,1.0,1.0,2.0,2.0,1.0,0.0,0.0,0.0,56.0,56.0,0.6575,0.6666666666666666,0.0224,0.0224,0.165,0.75,0.25,0.775,0.75,1.0,0.4333333333333333,0.5518341307814991,0.0
20260621_132802_002f9dab,20260621_132802_002f9dab_g0017,17,922444856,6,56,56,56,1,4,GREEN,champion,3,3,[3],0,98,2,"{""1"": 73, ""2"": 85, ""3"": 104, ""4"": 98}",False,31.0,-21.0,0.0,50.0,41.0,0.1025,33.0,24.375,34.25,18.0,8.0,3.75,4.5,0.0,66.0,65.25,14.0,7.0,23.0,1.0,1.0,1.0,3.0,1.0,0.0,0.0,0.0,56.0,56.0,0.6575,0.6666666666666666,0.0224,0.0224,0.1625,0.7386363636363636,0.26136363636363635,0.775,0.9166666666666666,1.0,0.4333333333333333,0.5295546558704454,0.0
20260621_132802_002f9dab,20260621_132802_002f9dab_g0017,17,922444856,7,64,64,64,1,1,RED,pool_l45_100ms,0,3,[3],0,73,4,"{""1"": 73, ""2"": 85, ""3"": 104, ""4"": 98}",False,9.0,-57.0,3.0,41.0,39.0,0.0975,0.0,0.0,0.0,0.0,0.0,0.0,0.0,0.0,41.0,9.0,16.0,5.0,20.0,0.0,0.0,1.0,3.0,1.0,0.0,0.0,0.0,64.0,64.0,0.7075,0.7619047619047619,0.0256,0.0256,0.17,0.7727272727272727,0.22727272727272727,0.225,0.31666666666666665,1.0,0.55,0.4078947368421053,0.0
20260621_132802_002f9dab,20260621_132802_002f9dab_g0017,17,922444856,7,64,64,64,1,2,BLUE,pool_l9_partial_200ms,1,3,[3],0,85,3,"{""1"": 73, ""2"": 85, ""3"": 104, ""4"": 98}",False,10.0,-55.0,3.0,50.0,39.0,0.0975,9.0,8.0,9.0,7.0,2.0,0.0,0.0,0.0,32.0,19.0,16.0,5.0,15.0,1.0,1.0,0.0,3.0,0.0,0.0,0.0,0.0,64.0,64.0,0.7075,0.7619047619047619,0.0256,0.0256,0.1825,0.8295454545454546,0.17045454545454544,0.25,0.4166666666666667,0.8,0.5416666666666667,0.4268204758471521,0.0
20260621_132802_002f9dab,20260621_132802_002f9dab_g0017,17,922444856,7,64,64,64,1,3,YELLOW,pool_peer_500ms,2,3,[3],1,104,1,"{""1"": 73, ""2"": 85, ""3"": 104, ""4"": 98}",False,27.0,-21.0,0.0,55.0,39.0,0.0975,23.0,19.0,27.0,14.0,6.0,3.0,4.0,0.0,18.0,54.0,16.0,5.0,15.0,1.0,1.0,1.0,1.0,1.0,0.0,0.0,0.0,64.0,64.0,0.7075,0.7619047619047619,0.0256,0.0256,0.1825,0.8295454545454546,0.17045454545454544,0.675,0.5666666666666667,1.0,0.4,0.5392934390771449,0.0
20260621_132802_002f9dab,20260621_132802_002f9dab_g0017,17,922444856,7,64,64,64,1,4,GREEN,champion,3,3,[3],0,98,2,"{""1"": 73, ""2"": 85, ""3"": 104, ""4"": 98}",False,29.0,-17.0,0.0,57.0,39.0,0.0975,9.0,4.625,11.5,0.0,7.0,0.0,4.5,0.0,32.0,40.5,16.0,5.0,19.0,0.0,1.0,0.0,3.0,1.0,0.0,0.0,0.0,64.0,64.0,0.7075,0.7619047619047619,0.0256,0.0256,0.1725,0.7840909090909091,0.2159090909090909,0.725,0.8166666666666667,1.0,0.38333333333333336,0.5461479786422578,0.0
20260621_132802_002f9dab,20260621_132802_002f9dab_g0018,18,1296236981,0,8,8,8,1,1,RED,pool_l9_partial_200ms,0,2,[2],0,97,2,"{""1"": 97, ""2"": 118, ""3"": 95, ""4"": 56}",False,6.0,-18.0,9.0,0.0,1.0,0.0025,388.0,90.5,366.25,6.0,10.0,28.5,113.0,208.75,1499.0,372.25,2.0,19.0,78.0,1.0,1.0,2.0,6.0,9.0,1.0,1.0,0.0,8.0,8.0,0.0975,0.09523809523809523,0.0032,0.0032,0.025,0.11363636363636363,0.8863636363636364,0.15,1.0,1.0,0.2,0.20526315789473681,0.0
20260621_132802_002f9dab,20260621_132802_002f9dab_g0018,18,1296236981,0,8,8,8,1,2,BLUE,pool_peer_500ms,1,2,[2],1,118,1,"{""1"": 97, ""2"": 118, ""3"": 95, ""4"": 56}",False,9.0,-12.0,9.0,0.0,1.0,0.0025,543.0,122.625,488.75,9.0,15.0,41.25,153.5,270.0,1344.0,497.75,2.0,19.0,78.0,1.0,1.0,2.0,6.0,9.0,1.0,0.0,0.0,8.0,8.0,0.0975,0.09523809523809523,0.0032,0.0032,0.025,0.11363636363636363,0.8863636363636364,0.225,1.0,1.0,0.175,0.23684210526315785,0.0
20260621_132802_002f9dab,20260621_132802_002f9dab_g0018,18,1296236981,0,8,8,8,1,3,YELLOW,champion,2,2,[2],0,95,3,"{""1"": 97, ""2"": 118, ""3"": 95, ""4"": 56}",False,8.0,-14.0,9.0,0.0,1.0,0.0025,512.0,119.5,486.75,8.0,14.0,39.75,125.0,300.0,1375.0,494.75,2.0,19.0,79.0,1.0,1.0,2.0,5.0,10.0,1.0,0.0,1.0,8.0,8.0,0.0975,0.09523809523809523,0.0032,0.0032,0.0225,0.10227272727272728,0.8977272727272727,0.2,1.0,1.0,0.18333333333333332,0.23976608187134507,0.0
20260621_132802_002f9dab,20260621_132802_002f9dab_g0018,18,1296236981,0,8,8,8,1,4,GREEN,pool_l45_100ms,3,2,[2],0,56,4,"{""1"": 97, ""2"": 118, ""3"": 95, ""4"": 56}",False,7.0,-16.0,9.0,0.0,1.0,0.0025,444.0,103.25,415.125,7.0,12.0,33.75,130.5,231.875,1443.0,422.125,2.0,19.0,78.0,1.0,1.0,2.0,6.0,9.0,1.0,1.0,0.0,8.0,8.0,0.0975,0.09523809523809523,0.0032,0.0032,0.025,0.11363636363636363,0.8863636363636364,0.175,1.0,1.0,0.19166666666666668,0.20526315789473681,0.0
20260621_132802_002f9dab,20260621_132802_002f9dab_g0018,18,1296236981,1,16,16,16,1,1,RED,pool_l9_partial_200ms,0,2,[2],0,97,2,"{""1"": 97, ""2"": 118, ""3"": 95, ""4"": 56}",False,10.0,-34.0,7.0,0.0,5.0,0.0125,515.0,119.75,459.75,10.0,17.0,45.0,174.0,213.75,2247.0,469.75,4.0,17.0,68.0,1.0,1.0,2.0,6.0,7.0,1.0,0.0,0.0,16.0,16.0,0.1975,0.19047619047619047,0.0064,0.0064,0.05,0.22727272727272727,0.7727272727272727,0.25,1.0,1.0,0.36666666666666664,0.3236842105263158,0.0
20260621_132802_002f9dab,20260621_132802_002f9dab_g0018,18,1296236981,1,16,16,16,1,2,BLUE,pool_peer_500ms,1,2,[2],1,118,1,"{""1"": 97, ""2"": 118, ""3"": 95, ""4"": 56}",False,16.0,-22.0,0.0,0.0,5.0,0.0125,891.0,220.875,861.75,16.0,29.0,84.0,316.5,416.25,1871.0,877.75,4.0,17.0,68.0,1.0,1.0,2.0,6.0,7.0,1.0,0.0,0.0,16.0,16.0,0.1975,0.19047619047619047,0.0064,0.0064,0.05,0.22727272727272727,0.7727272727272727,0.4,1.0,1.0,0.31666666666666665,0.49473684210526314,0.0
20260621_132802_002f9dab,20260621_132802_002f9dab_g0018,18,1296236981,1,16,16,16,1,3,YELLOW,champion,2,2,[2],0,95,3,"{""1"": 97, ""2"": 118, ""3"": 95, ""4"": 56}",False,18.0,-18.0,5.0,0.0,5.0,0.0125,865.0,209.0,804.25,18.0,32.0,85.5,255.0,413.75,1897.0,822.25,4.0,17.0,69.0,1.0,1.0,2.0,5.0,8.0,1.0,0.0,0.0,16.0,16.0,0.1975,0.19047619047619047,0.0064,0.0064,0.0475,0.2159090909090909,0.7840909090909091,0.45,1.0,1.0,0.3,0.4349030470914128,0.0
20260621_132802_002f9dab,20260621_132802_002f9dab_g0018,18,1296236981,1,16,16,16,1,4,GREEN,pool_l45_100ms,3,2,[2],0,56,4,"{""1"": 97, ""2"": 118, ""3"": 95, ""4"": 56}",False,10.0,-34.0,7.0,0.0,5.0,0.0125,491.0,115.625,441.75,10.0,17.0,43.5,167.5,203.75,2271.0,451.75,4.0,17.0,68.0,1.0,1.0,2.0,6.0,7.0,1.0,0.0,0.0,16.0,16.0,0.1975,0.19047619047619047,0.0064,0.0064,0.05,0.22727272727272727,0.7727272727272727,0.25,1.0,1.0,0.36666666666666664,0.3131578947368421,0.0
20260621_132802_002f9dab,20260621_132802_002f9dab_g0018,18,1296236981,2,24,24,24,1,1,RED,pool_l9_partial_200ms,0,2,[2],0,97,2,"{""1"": 97, ""2"": 118, ""3"": 95, ""4"": 56}",False,14.0,-42.0,4.0,3.0,7.0,0.0175,363.0,91.0,321.875,12.0,17.0,39.0,134.5,119.375,1536.0,335.875,6.0,15.0,58.0,1.0,1.0,2.0,6.0,5.0,0.0,0.0,0.0,24.0,24.0,0.2975,0.2857142857142857,0.0096,0.0096,0.075,0.3409090909090909,0.6590909090909091,0.35,1.0,1.0,0.4666666666666667,0.4035087719298245,0.0
20260621_132802_002f9dab,20260621_132802_002f9dab_g0018,18,1296236981,2,24,24,24,1,2,BLUE,pool_peer_500ms,1,2,[2],1,118,1,"{""1"": 97, ""2"": 118, ""3"": 95, ""4"": 56}",False,20.0,-30.0,0.0,5.0,7.0,0.0175,760.0,202.625,752.75,19.0,31.0,86.25,321.5,295.0,1139.0,772.75,6.0,15.0,58.0,1.0,1.0,2.0,6.0,5.0,1.0,0.0,0.0,24.0,24.0,0.2975,0.2857142857142857,0.0096,0.0096,0.075,0.3409090909090909,0.6590909090909091,0.5,1.0,1.0,0.4166666666666667,0.543859649122807,0.0
20260621_132802_002f9dab,20260621_132802_002f9dab_g0018,18,1296236981,2,24,24,24,1,3,YELLOW,champion,2,2,[2],0,95,3,"{""1"": 97, ""2"": 118, ""3"": 95, ""4"": 56}",False,24.0,-22.0,2.0,11.0,7.0,0.0175,627.0,173.875,631.25,20.0,32.0,80.25,226.5,272.5,1272.0,655.25,6.0,15.0,59.0,1.0,1.0,2.0,5.0,6.0,1.0,0.0,0.0,24.0,24.0,0.2975,0.2857142857142857,0.0096,0.0096,0.0725,0.32954545454545453,0.6704545454545454,0.6,1.0,1.0,0.38333333333333336,0.5480943738656987,0.0
20260621_132802_002f9dab,20260621_132802_002f9dab_g0018,18,1296236981,2,24,24,24,1,4,GREEN,pool_l45_100ms,3,2,[2],0,56,4,"{""1"": 97, ""2"": 118, ""3"": 95, ""4"": 56}",False,12.0,-46.0,7.0,2.0,7.0,0.0175,149.0,44.125,132.5,11.0,11.0,21.75,52.5,36.25,1750.0,144.5,6.0,15.0,58.0,1.0,1.0,2.0,6.0,5.0,0.0,0.0,0.0,24.0,24.0,0.2975,0.2857142857142857,0.0096,0.0096,0.075,0.3409090909090909,0.6590909090909091,0.3,0.8666666666666667,1.0,0.4833333333333333,0.38245614035087727,0.0
20260621_132802_002f9dab,20260621_132802_002f9dab_g0018,18,1296236981,3,32,32,32,1,1,RED,pool_l9_partial_200ms,0,2,[2],0,97,2,"{""1"": 97, ""2"": 118, ""3"": 95, ""4"": 56}",False,16.0,-46.0,3.0,8.0,15.0,0.0375,105.0,40.75,106.125,14.0,12.0,18.0,46.5,15.625,837.0,122.125,8.0,13.0,48.0,1.0,1.0,2.0,6.0,3.0,0.0,0.0,0.0,32.0,32.0,0.3975,0.38095238095238093,0.0128,0.0128,0.1,0.45454545454545453,0.5454545454545454,0.4,1.0,1.0,0.5166666666666667,0.46184210526315794,0.0
20260621_132802_002f9dab,20260621_132802_002f9dab_g0018,18,1296236981,3,32,32,32,1,2,BLUE,pool_peer_500ms,1,2,[2],1,118,1,"{""1"": 97, ""2"": 118, ""3"": 95, ""4"": 56}",False,25.0,-28.0,0.0,15.0,15.0,0.0375,495.0,140.75,465.25,21.0,30.0,72.75,244.0,97.5,447.0,490.25,8.0,13.0,48.0,1.0,1.0,2.0,6.0,3.0,0.0,0.0,0.0,32.0,32.0,0.3975,0.38095238095238093,0.0128,0.0128,0.1,0.45454545454545453,0.5454545454545454,0.625,1.0,1.0,0.4416666666666667,0.5592105263157895,0.0
20260621_132802_002f9dab,20260621_132802_002f9dab_g0018,18,1296236981,3,32,32,32,1,3,YELLOW,champion,2,2,[2],0,95,3,"{""1"": 97, ""2"": 118, ""3"": 95, ""4"": 56}",False,29.0,-20.0,1.0,15.0,15.0,0.0375,317.0,102.0,318.25,21.0,27.0,52.5,129.0,88.75,625.0,347.25,8.0,13.0,49.0,1.0,1.0,2.0,5.0,4.0,1.0,0.0,0.0,32.0,32.0,0.3975,0.38095238095238093,0.0128,0.0128,0.0975,0.4431818181818182,0.5568181818181818,0.725,1.0,1.0,0.4083333333333333,0.6099865047233468,0.0
20260621_132802_002f9dab,20260621_132802_002f9dab_g0018,18,1296236981,3,32,32,32,1,4,GREEN,pool_l45_100ms,3,2,[2],0,56,4,"{""1"": 97, ""2"": 118, ""3"": 95, ""4"": 56}",False,8.0,-62.0,6.0,2.0,15.0,0.0375,25.0,12.875,23.625,7.0,5.0,6.0,5.0,0.625,917.0,31.625,8.0,13.0,48.0,1.0,1.0,2.0,6.0,3.0,0.0,0.0,0.0,32.0,32.0,0.3975,0.38095238095238093,0.0128,0.0128,0.1,0.45454545454545453,0.5454545454545454,0.2,0.65,1.0,0.5833333333333333,0.39210526315789473,0.0
20260621_132802_002f9dab,20260621_132802_002f9dab_g0018,18,1296236981,4,40,40,40,1,1,RED,pool_l9_partial_200ms,0,2,[2],0,97,2,"{""1"": 97, ""2"": 118, ""3"": 95, ""4"": 56}",False,17.0,-53.0,3.0,14.0,26.0,0.065,60.0,29.75,62.125,14.0,11.0,12.75,22.5,1.875,381.0,79.125,10.0,11.0,38.0,1.0,1.0,2.0,6.0,1.0,0.0,0.0,0.0,40.0,40.0,0.4875,0.47619047619047616,0.016,0.016,0.125,0.5681818181818182,0.4318181818181818,0.425,1.0,1.0,0.5833333333333333,0.4473684210526315,0.0
20260621_132802_002f9dab,20260621_132802_002f9dab_g0018,18,1296236981,4,40,40,40,1,2,BLUE,pool_peer_500ms,1,2,[2],1,118,1,"{""1"": 97, ""2"": 118, ""3"": 95, ""4"": 56}",False,31.0,-25.0,0.0,24.0,26.0,0.065,193.0,76.5,199.125,23.0,25.0,45.75,93.5,11.875,248.0,230.125,10.0,11.0,39.0,1.0,1.0,2.0,5.0,2.0,0.0,0.0,0.0,40.0,40.0,0.4875,0.47619047619047616,0.016,0.016,0.1225,0.5568181818181818,0.4431818181818182,0.775,1.0,1.0,0.4666666666666667,0.5617615467239527,0.0
20260621_132802_002f9dab,20260621_132802_002f9dab_g0018,18,1296236981,4,40,40,40,1,3,YELLOW,champion,2,2,[2],0,95,3,"{""1"": 97, ""2"": 118, ""3"": 95, ""4"": 56}",False,34.0,-19.0,1.0,25.0,26.0,0.065,184.0,76.625,208.375,23.0,25.0,41.25,71.0,48.125,257.0,242.375,10.0,11.0,40.0,1.0,1.0,2.0,4.0,3.0,0.0,0.0,0.0,40.0,40.0,0.4875,0.47619047619047616,0.016,0.016,0.12,0.5454545454545454,0.45454545454545453,0.85,1.0,1.0,0.4416666666666667,0.5701754385964912,0.0
20260621_132802_002f9dab,20260621_132802_002f9dab_g0018,18,1296236981,4,40,40,40,1,4,GREEN,pool_l45_100ms,3,2,[2],0,56,4,"{""1"": 97, ""2"": 118, ""3"": 95, ""4"": 56}",False,5.0,-77.0,3.0,12.0,26.0,0.065,4.0,3.5,4.0,3.0,1.0,0.0,0.0,0.0,437.0,9.0,10.0,11.0,40.0,1.0,1.0,1.0,6.0,2.0,0.0,0.0,0.0,40.0,40.0,0.4875,0.47619047619047616,0.016,0.016,0.12,0.5454545454545454,0.45454545454545453,0.125,0.36666666666666664,1.0,0.6833333333333333,0.4375,0.0
20260621_132802_002f9dab,20260621_132802_002f9dab_g0018,18,1296236981,5,48,48,48,1,1,RED,pool_l9_partial_200ms,0,2,[2],0,97,2,"{""1"": 97, ""2"": 118, ""3"": 95, ""4"": 56}",False,14.0,-53.0,3.0,27.0,46.0,0.115,16.0,10.5,16.75,7.0,3.0,3.75,3.0,0.0,241.0,30.75,12.0,9.0,29.0,1.0,1.0,2.0,5.0,0.0,0.0,0.0,0.0,48.0,48.0,0.565,0.5714285714285714,0.0192,0.0192,0.1475,0.6704545454545454,0.32954545454545453,0.35,0.9166666666666666,0.8,0.5583333333333333,0.4353256021409455,0.0
20260621_132802_002f9dab,20260621_132802_002f9dab_g0018,18,1296236981,5,48,48,48,1,2,BLUE,pool_peer_500ms,1,2,[2],1,118,1,"{""1"": 97, ""2"": 118, ""3"": 95, ""4"": 56}",False,31.0,-19.0,0.0,39.0,46.0,0.115,115.0,51.125,120.75,19.0,18.0,30.75,45.5,7.5,142.0,151.75,12.0,9.0,30.0,1.0,1.0,2.0,4.0,1.0,0.0,0.0,0.0,48.0,48.0,0.565,0.5714285714285714,0.0192,0.0192,0.145,0.6590909090909091,0.3409090909090909,0.775,1.0,1.0,0.4166666666666667,0.5698729582577132,0.0
20260621_132802_002f9dab,20260621_132802_002f9dab_g0018,18,1296236981,5,48,48,48,1,3,YELLOW,champion,2,2,[2],0,95,3,"{""1"": 97, ""2"": 118, ""3"": 95, ""4"": 56}",False,33.0,-15.0,1.0,34.0,46.0,0.115,126.0,57.625,134.625,23.0,20.0,28.5,50.0,13.125,131.0,167.625,12.0,9.0,30.0,1.0,1.0,2.0,4.0,1.0,0.0,0.0,0.0,48.0,48.0,0.565,0.5714285714285714,0.0192,0.0192,0.145,0.6590909090909091,0.3409090909090909,0.825,1.0,1.0,0.4,0.5272232304900182,0.0
20260621_132802_002f9dab,20260621_132802_002f9dab_g0018,18,1296236981,5,48,48,48,1,4,GREEN,pool_l45_100ms,3,2,[2],0,56,4,"{""1"": 97, ""2"": 118, ""3"": 95, ""4"": 56}",False,3.0,-75.0,3.0,13.0,46.0,0.115,0.0,0.0,0.0,0.0,0.0,0.0,0.0,0.0,257.0,3.0,12.0,9.0,37.0,0.0,0.0,1.0,6.0,2.0,0.0,0.0,0.0,48.0,48.0,0.565,0.5714285714285714,0.0192,0.0192,0.1275,0.5795454545454546,0.42045454545454547,0.075,0.21666666666666667,1.0,0.65,0.42930856553147567,0.0
20260621_132802_002f9dab,20260621_132802_002f9dab_g0018,18,1296236981,6,56,56,58,3,1,RED,pool_l9_partial_200ms,0,2,[2],0,97,2,"{""1"": 97, ""2"": 118, ""3"": 95, ""4"": 56}",False,12.0,-51.0,3.0,41.0,48.0,0.12,13.0,4.0,13.0,0.0,3.0,0.0,10.0,0.0,129.0,25.0,15.0,6.0,22.0,0.0,1.0,0.0,5.0,0.0,0.0,0.0,0.0,56.0,58.0,0.6375,0.7142857142857143,0.0232,0.0224,0.165,0.75,0.25,0.3,0.6166666666666667,0.8,0.525,0.44338118022328543,0.0
20260621_132802_002f9dab,20260621_132802_002f9dab_g0018,18,1296236981,6,56,56,58,3,2,BLUE,pool_peer_500ms,1,2,[2],1,118,1,"{""1"": 97, ""2"": 118, ""3"": 95, ""4"": 56}",False,29.0,-17.0,0.0,54.0,48.0,0.12,75.0,40.5,83.25,18.0,16.0,26.25,23.0,0.0,67.0,112.25,15.0,6.0,17.0,1.0,1.0,2.0,2.0,0.0,0.0,0.0,0.0,56.0,58.0,0.6375,0.7142857142857143,0.0232,0.0224,0.1775,0.8068181818181818,0.19318181818181818,0.725,1.0,0.8,0.38333333333333336,0.5270570793180134,0.0
20260621_132802_002f9dab,20260621_132802_002f9dab_g0018,18,1296236981,6,56,56,58,3,3,YELLOW,champion,2,2,[2],0,95,3,"{""1"": 97, ""2"": 118, ""3"": 95, ""4"": 56}",False,31.0,-13.0,1.0,48.0,48.0,0.12,54.0,33.75,54.25,21.0,14.0,11.25,8.0,0.0,88.0,85.25,14.0,7.0,21.0,1.0,1.0,2.0,3.0,0.0,0.0,0.0,0.0,56.0,58.0,0.6375,0.6666666666666666,0.0232,0.0224,0.1675,0.7613636363636364,0.23863636363636365,0.775,1.0,0.8,0.36666666666666664,0.5082482325216024,0.0
20260621_132802_002f9dab,20260621_132802_002f9dab_g0018,18,1296236981,6,56,56,58,3,4,GREEN,pool_l45_100ms,3,2,[2],0,56,4,"{""1"": 97, ""2"": 118, ""3"": 95, ""4"": 56}",False,3.0,-69.0,3.0,17.0,48.0,0.12,0.0,0.0,0.0,0.0,0.0,0.0,0.0,0.0,142.0,3.0,12.0,9.0,37.0,0.0,0.0,1.0,6.0,2.0,0.0,0.0,0.0,56.0,58.0,0.6375,0.5714285714285714,0.0232,0.0224,0.1275,0.5795454545454546,0.42045454545454547,0.075,0.21666666666666667,1.0,0.6,0.42930856553147567,0.0
20260621_132802_002f9dab,20260621_132802_002f9dab_g0018,18,1296236981,7,64,64,69,2,1,RED,pool_l9_partial_200ms,0,2,[2],0,97,2,"{""1"": 97, ""2"": 118, ""3"": 95, ""4"": 56}",False,13.0,-48.0,0.0,52.0,46.0,0.115,1.0,0.125,0.5,0.0,0.0,0.0,0.5,0.0,56.0,13.5,18.0,3.0,12.0,0.0,0.0,0.0,3.0,0.0,0.0,0.0,0.0,64.0,69.0,0.705,0.8571428571428571,0.0276,0.0256,0.19,0.8636363636363636,0.13636363636363635,0.325,0.3333333333333333,0.8,0.5083333333333333,0.4986149584487535,0.0
20260621_132802_002f9dab,20260621_132802_002f9dab_g0018,18,1296236981,7,64,64,69,2,2,BLUE,pool_peer_500ms,1,2,[2],1,118,1,"{""1"": 97, ""2"": 118, ""3"": 95, ""4"": 56}",False,29.0,-16.0,0.0,62.0,46.0,0.115,34.0,22.75,34.25,15.0,8.0,11.25,0.0,0.0,23.0,63.25,17.0,4.0,9.0,1.0,1.0,2.0,0.0,0.0,0.0,0.0,0.0,64.0,69.0,0.705,0.8095238095238095,0.0276,0.0256,0.1975,0.8977272727272727,0.10227272727272728,0.725,0.75,0.6,0.375,0.5176548967355097,0.0
20260621_132802_002f9dab,20260621_132802_002f9dab_g0018,18,1296236981,7,64,64,69,2,3,YELLOW,champion,2,2,[2],0,95,3,"{""1"": 97, ""2"": 118, ""3"": 95, ""4"": 56}",False,29.0,-16.0,1.0,55.0,46.0,0.115,22.0,16.0,20.75,14.0,0.0,3.75,3.0,0.0,35.0,49.75,17.0,4.0,12.0,1.0,0.0,1.0,2.0,0.0,0.0,0.0,0.0,64.0,69.0,0.705,0.8095238095238095,0.0276,0.0256,0.19,0.8636363636363636,0.13636363636363635,0.725,0.8333333333333334,0.8,0.375,0.5020775623268698,0.0
20260621_132802_002f9dab,20260621_132802_002f9dab_g0018,18,1296236981,7,64,64,69,2,4,GREEN,pool_l45_100ms,3,2,[2],0,56,4,"{""1"": 97, ""2"": 118, ""3"": 95, ""4"": 56}",False,3.0,-68.0,3.0,25.0,46.0,0.115,0.0,0.0,0.0,0.0,0.0,0.0,0.0,0.0,57.0,3.0,12.0,9.0,37.0,0.0,0.0,1.0,6.0,2.0,0.0,0.0,0.0,64.0,69.0,0.705,0.5714285714285714,0.0276,0.0256,0.1275,0.5795454545454546,0.42045454545454547,0.075,0.13333333333333333,1.0,0.5916666666666667,0.42930856553147567,0.0
20260621_132802_002f9dab,20260621_132802_002f9dab_g0019,19,172307539,0,8,8,8,1,1,RED,pool_peer_500ms,0,2,[2],0,93,2,"{""1"": 93, ""2"": 99, ""3"": 57, ""4"": 73}",False,9.0,-14.0,9.0,0.0,0.0,0.0,543.0,122.625,488.75,9.0,15.0,41.25,153.5,270.0,1374.0,497.75,2.0,19.0,78.0,1.0,1.0,2.0,6.0,9.0,1.0,0.0,0.0,8.0,8.0,0.1,0.09523809523809523,0.0032,0.0032,0.025,0.11363636363636363,0.8863636363636364,0.225,1.0,1.0,0.19166666666666668,0.23684210526315785,0.0
20260621_132802_002f9dab,20260621_132802_002f9dab_g0019,19,172307539,0,8,8,8,1,2,BLUE,champion,1,2,[2],1,99,1,"{""1"": 93, ""2"": 99, ""3"": 57, ""4"": 73}",False,9.0,-14.0,9.0,0.0,0.0,0.0,566.0,138.625,558.625,9.0,16.0,45.75,176.0,311.875,1351.0,567.625,2.0,19.0,78.0,1.0,1.0,2.0,6.0,9.0,1.0,0.0,1.0,8.0,8.0,0.1,0.09523809523809523,0.0032,0.0032,0.025,0.11363636363636363,0.8863636363636364,0.225,1.0,1.0,0.19166666666666668,0.2578947368421053,0.0
20260621_132802_002f9dab,20260621_132802_002f9dab_g0019,19,172307539,0,8,8,8,1,3,YELLOW,pool_l45_100ms,2,2,[2],0,57,4,"{""1"": 93, ""2"": 99, ""3"": 57, ""4"": 73}",False,7.0,-18.0,9.0,0.0,0.0,0.0,364.0,86.0,341.875,7.0,10.0,27.0,108.5,189.375,1553.0,348.875,2.0,19.0,78.0,1.0,1.0,2.0,6.0,9.0,1.0,1.0,0.0,8.0,8.0,0.1,0.09523809523809523,0.0032,0.0032,0.025,0.11363636363636363,0.8863636363636364,0.175,1.0,1.0,0.20833333333333334,0.17368421052631577,0.0
20260621_132802_002f9dab,20260621_132802_002f9dab_g0019,19,172307539,0,8,8,8,1,4,GREEN,pool_l9_partial_200ms,3,2,[2],0,73,3,"{""1"": 93, ""2"": 99, ""3"": 57, ""4"": 73}",False,7.0,-18.0,9.0,0.0,0.0,0.0,444.0,103.25,415.125,7.0,12.0,33.75,130.5,231.875,1473.0,422.125,2.0,19.0,78.0,1.0,1.0,2.0,6.0,9.0,1.0,1.0,0.0,8.0,8.0,0.1,0.09523809523809523,0.0032,0.0032,0.025,0.11363636363636363,0.8863636363636364,0.175,1.0,1.0,0.20833333333333334,0.20526315789473681,0.0
20260621_132802_002f9dab,20260621_132802_002f9dab_g0019,19,172307539,1,16,16,16,1,1,RED,pool_peer_500ms,0,2,[2],0,93,2,"{""1"": 93, ""2"": 99, ""3"": 57, ""4"": 73}",False,16.0,-22.0,0.0,0.0,4.0,0.01,858.0,212.5,828.0,16.0,28.0,79.5,302.0,402.5,1650.0,844.0,4.0,17.0,68.0,1.0,1.0,2.0,6.0,7.0,1.0,0.0,0.0,16.0,16.0,0.2,0.19047619047619047,0.0064,0.0064,0.05,0.22727272727272727,0.7727272727272727,0.4,1.0,1.0,0.31666666666666665,0.49473684210526314,0.0
20260621_132802_002f9dab,20260621_132802_002f9dab_g0019,19,172307539,1,16,16,16,1,2,BLUE,champion,1,2,[2],1,99,1,"{""1"": 93, ""2"": 99, ""3"": 57, ""4"": 73}",False,17.0,-20.0,3.0,0.0,4.0,0.01,713.0,182.625,688.75,17.0,28.0,74.25,259.5,310.0,1795.0,705.75,4.0,17.0,68.0,1.0,1.0,2.0,6.0,7.0,1.0,0.0,0.0,16.0,16.0,0.2,0.19047619047619047,0.0064,0.0064,0.05,0.22727272727272727,0.7727272727272727,0.425,1.0,1.0,0.30833333333333335,0.4473684210526315,0.0
20260621_132802_002f9dab,20260621_132802_002f9dab_g0019,19,172307539,1,16,16,16,1,3,YELLOW,pool_l45_100ms,2,2,[2],0,57,4,"{""1"": 93, ""2"": 99, ""3"": 57, ""4"": 73}",False,11.0,-32.0,5.0,0.0,4.0,0.01,412.0,100.0,374.625,11.0,15.0,36.0,139.5,173.125,2096.0,385.625,4.0,17.0,68.0,1.0,1.0,2.0,6.0,7.0,1.0,0.0,0.0,16.0,16.0,0.2,0.19047619047619047,0.0064,0.0064,0.05,0.22727272727272727,0.7727272727272727,0.275,1.0,1.0,0.35833333333333334,0.3526315789473684,0.0
20260621_132802_002f9dab,20260621_132802_002f9dab_g0019,19,172307539,1,16,16,16,1,4,GREEN,pool_l9_partial_200ms,3,2,[2],0,73,3,"{""1"": 93, ""2"": 99, ""3"": 57, ""4"": 73}",False,10.0,-34.0,7.0,0.0,4.0,0.01,525.0,121.875,470.625,10.0,17.0,45.0,173.0,225.625,1983.0,480.625,4.0,17.0,68.0,1.0,1.0,2.0,6.0,7.0,1.0,0.0,0.0,16.0,16.0,0.2,0.19047619047619047,0.0064,0.0064,0.05,0.22727272727272727,0.7727272727272727,0.25,1.0,1.0,0.36666666666666664,0.3131578947368421,0.0
20260621_132802_002f9dab,20260621_132802_002f9dab_g0019,19,172307539,2,24,24,24,1,1,RED,pool_peer_500ms,0,2,[2],0,93,2,"{""1"": 93, ""2"": 99, ""3"": 57, ""4"": 73}",False,21.0,-27.0,0.0,5.0,6.0,0.015,644.0,176.125,637.5,20.0,29.0,76.5,274.5,237.5,924.0,658.5,6.0,15.0,58.0,1.0,1.0,2.0,6.0,5.0,0.0,0.0,0.0,24.0,24.0,0.2975,0.2857142857142857,0.0096,0.0096,0.075,0.3409090909090909,0.6590909090909091,0.525,1.0,1.0,0.4,0.5684210526315789,0.0
20260621_132802_002f9dab,20260621_132802_002f9dab_g0019,19,172307539,2,24,24,24,1,2,BLUE,champion,1,2,[2],1,99,1,"{""1"": 93, ""2"": 99, ""3"": 57, ""4"": 73}",False,22.0,-25.0,3.0,13.0,6.0,0.015,439.0,124.625,437.375,16.0,27.0,60.75,163.0,170.625,1129.0,459.375,6.0,15.0,59.0,1.0,1.0,2.0,5.0,6.0,1.0,0.0,0.0,24.0,24.0,0.2975,0.2857142857142857,0.0096,0.0096,0.0725,0.32954545454545453,0.6704545454545454,0.55,1.0,1.0,0.39166666666666666,0.5081669691470054,0.0
20260621_132802_002f9dab,20260621_132802_002f9dab_g0019,19,172307539,2,24,24,24,1,3,YELLOW,pool_l45_100ms,2,2,[2],0,57,4,"{""1"": 93, ""2"": 99, ""3"": 57, ""4"": 73}",False,12.0,-45.0,5.0,6.0,6.0,0.015,112.0,34.25,99.625,10.0,8.0,14.25,40.5,26.875,1456.0,111.625,6.0,15.0,58.0,1.0,1.0,2.0,6.0,5.0,0.0,0.0,0.0,24.0,24.0,0.2975,0.2857142857142857,0.0096,0.0096,0.075,0.3409090909090909,0.6590909090909091,0.3,1.0,1.0,0.475,0.39473684210526316,0.0
20260621_132802_002f9dab,20260621_132802_002f9dab_g0019,19,172307539,2,24,24,24,1,4,GREEN,pool_l9_partial_200ms,3,2,[2],0,73,3,"{""1"": 93, ""2"": 99, ""3"": 57, ""4"": 73}",False,14.0,-41.0,4.0,1.0,6.0,0.015,373.0,97.375,330.5,14.0,21.0,47.25,149.5,98.75,1195.0,344.5,6.0,15.0,58.0,1.0,1.0,2.0,6.0,5.0,0.0,0.0,0.0,24.0,24.0,0.2975,0.2857142857142857,0.0096,0.0096,0.075,0.3409090909090909,0.6590909090909091,0.35,1.0,1.0,0.4583333333333333,0.43333333333333324,0.0
20260621_132802_002f9dab,20260621_132802_002f9dab_g0019,19,172307539,3,32,32,32,1,1,RED,pool_peer_500ms,0,2,[2],0,93,2,"{""1"": 93, ""2"": 99, ""3"": 57, ""4"": 73}",False,23.0,-34.0,0.0,14.0,13.0,0.0325,431.0,134.875,445.375,21.0,29.0,68.25,224.0,103.125,484.0,468.375,8.0,13.0,48.0,1.0,1.0,2.0,6.0,3.0,0.0,0.0,0.0,32.0,32.0,0.3925,0.38095238095238093,0.0128,0.0128,0.1,0.45454545454545453,0.5454545454545454,0.575,1.0,1.0,0.475,0.625,0.0
20260621_132802_002f9dab,20260621_132802_002f9dab_g0019,19,172307539,3,32,32,32,1,2,BLUE,champion,1,2,[2],1,99,1,"{""1"": 93, ""2"": 99, ""3"": 57, ""4"": 73}",False,27.0,-26.0,0.0,17.0,13.0,0.0325,240.0,79.5,246.875,19.0,24.0,19.5,102.5,81.875,675.0,273.875,8.0,13.0,51.0,1.0,1.0,1.0,5.0,5.0,1.0,0.0,0.0,32.0,32.0,0.3925,0.38095238095238093,0.0128,0.0128,0.0925,0.42045454545454547,0.5795454545454546,0.675,1.0,1.0,0.4416666666666667,0.534850640113798,0.0
20260621_132802_002f9dab,20260621_132802_002f9dab_g0019,19,172307539,3,32,32,32,1,3,YELLOW,pool_l45_100ms,2,2,[2],0,57,4,"{""1"": 93, ""2"": 99, ""3"": 57, ""4"": 73}",False,14.0,-52.0,5.0,10.0,13.0,0.0325,70.0,27.75,64.75,12.0,8.0,10.5,28.0,6.25,845.0,78.75,8.0,13.0,48.0,1.0,1.0,2.0,6.0,3.0,0.0,0.0,0.0,32.0,32.0,0.3925,0.38095238095238093,0.0128,0.0128,0.1,0.45454545454545453,0.5454545454545454,0.35,0.85,1.0,0.55,0.4223684210526316,0.0
20260621_132802_002f9dab,20260621_132802_002f9dab_g0019,19,172307539,3,32,32,32,1,4,GREEN,pool_l9_partial_200ms,3,2,[2],0,73,3,"{""1"": 93, ""2"": 99, ""3"": 57, ""4"": 73}",False,16.0,-48.0,4.0,7.0,13.0,0.0325,174.0,60.0,166.125,16.0,19.0,33.0,77.5,20.625,741.0,182.125,8.0,13.0,48.0,1.0,1.0,2.0,6.0,3.0,0.0,0.0,0.0,32.0,32.0,0.3925,0.38095238095238093,0.0128,0.0128,0.1,0.45454545454545453,0.5454545454545454,0.4,1.0,1.0,0.5333333333333333,0.4473684210526315,0.0
20260621_132802_002f9dab,20260621_132802_002f9dab_g0019,19,172307539,4,40,40,40,1,1,RED,pool_peer_500ms,0,2,[2],0,93,2,"{""1"": 93, ""2"": 99, ""3"": 57, ""4"": 73}",False,25.0,-30.0,0.0,23.0,28.0,0.07,152.0,61.625,156.5,20.0,19.0,34.5,80.5,2.5,186.0,181.5,10.0,11.0,38.0,1.0,1.0,2.0,6.0,1.0,0.0,0.0,0.0,40.0,40.0,0.49,0.47619047619047616,0.016,0.016,0.125,0.5681818181818182,0.4318181818181818,0.625,1.0,1.0,0.4583333333333333,0.6221052631578947,0.0
20260621_132802_002f9dab,20260621_132802_002f9dab_g0019,19,172307539,4,40,40,40,1,2,BLUE,champion,1,2,[2],1,99,1,"{""1"": 93, ""2"": 99, ""3"": 57, ""4"": 73}",False,31.0,-18.0,0.0,22.0,28.0,0.07,84.0,44.0,90.75,21.0,20.0,10.5,33.0,6.25,254.0,121.75,10.0,11.0,41.0,1.0,1.0,1.0,5.0,3.0,1.0,0.0,0.0,40.0,40.0,0.49,0.47619047619047616,0.016,0.016,0.1175,0.5340909090909091,0.4659090909090909,0.775,1.0,1.0,0.4083333333333333,0.5677491601343785,0.0
20260621_132802_002f9dab,20260621_132802_002f9dab_g0019,19,172307539,4,40,40,40,1,3,YELLOW,pool_l45_100ms,2,2,[2],0,57,4,"{""1"": 93, ""2"": 99, ""3"": 57, ""4"": 73}",False,11.0,-58.0,5.0,10.0,28.0,0.07,11.0,10.0,11.0,9.0,2.0,0.0,0.0,0.0,327.0,22.0,10.0,11.0,39.0,1.0,1.0,2.0,5.0,2.0,0.0,0.0,0.0,40.0,40.0,0.49,0.47619047619047616,0.016,0.016,0.1225,0.5568181818181818,0.4431818181818182,0.275,0.5666666666666667,1.0,0.575,0.39419978517722887,0.0
20260621_132802_002f9dab,20260621_132802_002f9dab_g0019,19,172307539,4,40,40,40,1,4,GREEN,pool_l9_partial_200ms,3,2,[2],0,73,3,"{""1"": 93, ""2"": 99, ""3"": 57, ""4"": 73}",False,13.0,-54.0,4.0,13.0,28.0,0.07,91.0,36.25,87.625,13.0,13.0,18.75,38.5,4.375,247.0,100.625,10.0,11.0,38.0,1.0,1.0,2.0,6.0,1.0,0.0,0.0,0.0,40.0,40.0,0.49,0.47619047619047616,0.016,0.016,0.125,0.5681818181818182,0.4318181818181818,0.325,0.7666666666666667,1.0,0.5583333333333333,0.4242105263157895,0.0
20260621_132802_002f9dab,20260621_132802_002f9dab_g0019,19,172307539,5,48,48,48,1,1,RED,pool_peer_500ms,0,2,[2],0,93,2,"{""1"": 93, ""2"": 99, ""3"": 57, ""4"": 73}",False,28.0,-22.0,0.0,35.0,25.0,0.0625,56.0,32.875,63.0,18.0,12.0,9.0,21.5,2.5,111.0,91.0,12.0,9.0,31.0,1.0,1.0,1.0,5.0,1.0,0.0,0.0,0.0,48.0,48.0,0.56,0.5714285714285714,0.0192,0.0192,0.1425,0.6477272727272727,0.3522727272727273,0.7,1.0,1.0,0.4166666666666667,0.6140350877192983,0.0
20260621_132802_002f9dab,20260621_132802_002f9dab_g0019,19,172307539,5,48,48,48,1,2,BLUE,champion,1,2,[2],1,99,1,"{""1"": 93, ""2"": 99, ""3"": 57, ""4"": 73}",False,34.0,-10.0,0.0,34.0,25.0,0.0625,104.0,51.5,109.875,24.0,22.0,13.5,38.5,11.875,63.0,143.875,12.0,9.0,32.0,1.0,1.0,1.0,4.0,2.0,0.0,0.0,0.0,48.0,48.0,0.56,0.5714285714285714,0.0192,0.0192,0.14,0.6363636363636364,0.36363636363636365,0.85,1.0,1.0,0.36666666666666664,0.5535714285714286,0.0
20260621_132802_002f9dab,20260621_132802_002f9dab_g0019,19,172307539,5,48,48,48,1,3,YELLOW,pool_l45_100ms,2,2,[2],0,57,4,"{""1"": 93, ""2"": 99, ""3"": 57, ""4"": 73}",False,9.0,-60.0,5.0,16.0,25.0,0.0625,0.0,0.0,0.0,0.0,0.0,0.0,0.0,0.0,167.0,9.0,12.0,9.0,36.0,0.0,0.0,2.0,5.0,2.0,0.0,0.0,0.0,48.0,48.0,0.56,0.5714285714285714,0.0192,0.0192,0.13,0.5909090909090909,0.4090909090909091,0.225,0.43333333333333335,1.0,0.575,0.409919028340081,0.0
20260621_132802_002f9dab,20260621_132802_002f9dab_g0019,19,172307539,5,48,48,48,1,4,GREEN,pool_l9_partial_200ms,3,2,[2],0,73,3,"{""1"": 93, ""2"": 99, ""3"": 57, ""4"": 73}",False,7.0,-64.0,4.0,17.0,25.0,0.0625,7.0,6.5,7.0,6.0,1.0,0.0,0.0,0.0,160.0,14.0,12.0,9.0,29.0,1.0,1.0,2.0,5.0,0.0,0.0,0.0,0.0,48.0,48.0,0.56,0.5714285714285714,0.0192,0.0192,0.1475,0.6704545454545454,0.32954545454545453,0.175,0.38333333333333336,0.8,0.5916666666666667,0.4201605709188224,0.0
20260621_132802_002f9dab,20260621_132802_002f9dab_g0019,19,172307539,6,56,56,58,3,1,RED,pool_peer_500ms,0,2,[2],0,93,2,"{""1"": 93, ""2"": 99, ""3"": 57, ""4"": 73}",False,26.0,-26.0,0.0,49.0,21.0,0.0525,24.0,19.0,25.0,14.0,8.0,3.0,0.0,0.0,42.0,51.0,15.0,6.0,18.0,1.0,1.0,1.0,3.0,0.0,0.0,0.0,0.0,56.0,58.0,0.6275,0.7142857142857143,0.0232,0.0224,0.175,0.7954545454545454,0.20454545454545456,0.65,0.9333333333333333,0.8,0.4333333333333333,0.5699248120300753,0.0
20260621_132802_002f9dab,20260621_132802_002f9dab_g0019,19,172307539,6,56,56,58,3,2,BLUE,champion,1,2,[2],1,99,1,"{""1"": 93, ""2"": 99, ""3"": 57, ""4"": 73}",False,36.0,-6.0,0.0,43.0,21.0,0.0525,36.0,28.0,44.0,22.0,0.0,7.5,12.0,2.5,30.0,80.0,15.0,6.0,21.0,1.0,0.0,1.0,3.0,1.0,0.0,0.0,0.0,56.0,58.0,0.6275,0.7142857142857143,0.0232,0.0224,0.1675,0.7613636363636364,0.23863636363636365,0.9,1.0,1.0,0.35,0.532600157109191,0.0
20260621_132802_002f9dab,20260621_132802_002f9dab_g0019,19,172307539,6,56,56,58,3,3,YELLOW,pool_l45_100ms,2,2,[2],0,57,4,"{""1"": 93, ""2"": 99, ""3"": 57, ""4"": 73}",False,9.0,-60.0,5.0,24.0,21.0,0.0525,0.0,0.0,0.0,0.0,0.0,0.0,0.0,0.0,66.0,9.0,12.0,9.0,36.0,0.0,0.0,2.0,5.0,2.0,0.0,0.0,0.0,56.0,58.0,0.6275,0.5714285714285714,0.0232,0.0224,0.13,0.5909090909090909,0.4090909090909091,0.225,0.3,1.0,0.575,0.409919028340081,0.0
20260621_132802_002f9dab,20260621_132802_002f9dab_g0019,19,172307539,6,56,56,58,3,4,GREEN,pool_l9_partial_200ms,3,2,[2],0,73,3,"{""1"": 93, ""2"": 99, ""3"": 57, ""4"": 73}",False,7.0,-64.0,1.0,21.0,21.0,0.0525,6.0,1.875,6.75,0.0,0.0,2.25,4.5,0.0,60.0,13.75,14.0,7.0,26.0,0.0,0.0,2.0,5.0,0.0,0.0,0.0,0.0,56.0,58.0,0.6275,0.6666666666666666,0.0232,0.0224,0.155,0.7045454545454546,0.29545454545454547,0.175,0.4666666666666667,0.8,0.5916666666666667,0.43972835314091685,0.0
20260621_132802_002f9dab,20260621_132802_002f9dab_g0019,19,172307539,7,64,64,74,3,1,RED,pool_peer_500ms,0,2,[2],0,93,2,"{""1"": 93, ""2"": 99, ""3"": 57, ""4"": 73}",False,23.0,-26.0,0.0,58.0,35.0,0.0875,0.0,0.0,0.0,0.0,0.0,0.0,0.0,0.0,2.0,23.0,18.0,3.0,12.0,0.0,0.0,0.0,3.0,0.0,0.0,0.0,0.0,64.0,74.0,0.6875,0.8571428571428571,0.0296,0.0256,0.19,0.8636363636363636,0.13636363636363635,0.575,0.7,0.8,0.4083333333333333,0.5560941828254848,0.0
20260621_132802_002f9dab,20260621_132802_002f9dab_g0019,19,172307539,7,64,64,74,3,2,BLUE,champion,1,2,[2],1,99,1,"{""1"": 93, ""2"": 99, ""3"": 57, ""4"": 73}",False,32.0,-8.0,0.0,52.0,35.0,0.0875,2.0,1.0,3.5,0.0,0.0,1.5,2.0,0.0,0.0,35.5,19.0,2.0,7.0,0.0,0.0,1.0,1.0,0.0,0.0,0.0,0.0,64.0,74.0,0.6875,0.9047619047619048,0.0296,0.0256,0.2025,0.9204545454545454,0.07954545454545454,0.8,1.0,0.8,0.33333333333333337,0.5003248862897985,0.0
20260621_132802_002f9dab,20260621_132802_002f9dab_g0019,19,172307539,7,64,64,74,3,3,YELLOW,pool_l45_100ms,2,2,[2],0,57,4,"{""1"": 93, ""2"": 99, ""3"": 57, ""4"": 73}",False,9.0,-54.0,5.0,31.0,35.0,0.0875,0.0,0.0,0.0,0.0,0.0,0.0,0.0,0.0,2.0,9.0,12.0,9.0,36.0,0.0,0.0,2.0,5.0,2.0,0.0,0.0,0.0,64.0,74.0,0.6875,0.5714285714285714,0.0296,0.0256,0.13,0.5909090909090909,0.4090909090909091,0.225,0.23333333333333334,1.0,0.525,0.409919028340081,0.0
20260621_132802_002f9dab,20260621_132802_002f9dab_g0019,19,172307539,7,64,64,74,3,4,GREEN,pool_l9_partial_200ms,3,2,[2],0,73,3,"{""1"": 93, ""2"": 99, ""3"": 57, ""4"": 73}",False,8.0,-56.0,1.0,31.0,35.0,0.0875,0.0,0.0,0.0,0.0,0.0,0.0,0.0,0.0,2.0,8.0,15.0,6.0,22.0,0.0,0.0,2.0,4.0,0.0,0.0,0.0,0.0,64.0,74.0,0.6875,0.7142857142857143,0.0296,0.0256,0.165,0.75,0.25,0.2,0.35,0.8,0.5333333333333333,0.4593301435406698,0.0
20260621_132802_002f9dab,20260621_132802_002f9dab_g0020,20,943255785,0,8,8,8,1,1,RED,champion,0,3,[3],0,87,3,"{""1"": 87, ""2"": 73, ""3"": 89, ""4"": 88}",False,8.0,-13.0,9.0,0.0,3.0,0.0075,512.0,119.5,486.75,8.0,14.0,39.75,125.0,300.0,1234.0,494.75,2.0,19.0,79.0,1.0,1.0,2.0,5.0,10.0,1.0,0.0,1.0,8.0,8.0,0.0975,0.09523809523809523,0.0032,0.0032,0.0225,0.10227272727272728,0.8977272727272727,0.2,1.0,1.0,0.175,0.23976608187134507,0.0
20260621_132802_002f9dab,20260621_132802_002f9dab_g0020,20,943255785,0,8,8,8,1,2,BLUE,pool_l45_100ms,1,3,[3],0,73,4,"{""1"": 87, ""2"": 73, ""3"": 89, ""4"": 88}",False,5.0,-19.0,9.0,0.0,3.0,0.0075,327.0,76.25,309.5,5.0,8.0,24.0,95.0,177.5,1419.0,314.5,2.0,19.0,78.0,1.0,1.0,2.0,6.0,9.0,1.0,1.0,0.0,8.0,8.0,0.0975,0.09523809523809523,0.0032,0.0032,0.025,0.11363636363636363,0.8863636363636364,0.125,1.0,1.0,0.2,0.15263157894736834,0.0
20260621_132802_002f9dab,20260621_132802_002f9dab_g0020,20,943255785,0,8,8,8,1,3,YELLOW,pool_l9_partial_200ms,2,3,[3],1,89,1,"{""1"": 87, ""2"": 73, ""3"": 89, ""4"": 88}",False,7.0,-15.0,9.0,0.0,3.0,0.0075,364.0,86.0,341.875,7.0,10.0,27.0,108.5,189.375,1382.0,348.875,2.0,19.0,78.0,1.0,1.0,2.0,6.0,9.0,1.0,1.0,0.0,8.0,8.0,0.0975,0.09523809523809523,0.0032,0.0032,0.025,0.11363636363636363,0.8863636363636364,0.175,1.0,1.0,0.18333333333333332,0.17368421052631577,0.0
20260621_132802_002f9dab,20260621_132802_002f9dab_g0020,20,943255785,0,8,8,8,1,4,GREEN,pool_peer_500ms,3,3,[3],0,88,2,"{""1"": 87, ""2"": 73, ""3"": 89, ""4"": 88}",False,9.0,-11.0,9.0,0.0,3.0,0.0075,543.0,122.625,488.75,9.0,15.0,41.25,153.5,270.0,1203.0,497.75,2.0,19.0,78.0,1.0,1.0,2.0,6.0,9.0,1.0,0.0,0.0,8.0,8.0,0.0975,0.09523809523809523,0.0032,0.0032,0.025,0.11363636363636363,0.8863636363636364,0.225,1.0,1.0,0.16666666666666669,0.23684210526315785,0.0
20260621_132802_002f9dab,20260621_132802_002f9dab_g0020,20,943255785,1,16,16,16,1,1,RED,champion,0,3,[3],0,87,3,"{""1"": 87, ""2"": 73, ""3"": 89, ""4"": 88}",False,16.0,-19.0,1.0,2.0,3.0,0.0075,706.0,184.625,723.25,15.0,26.0,70.5,215.5,396.25,1560.0,739.25,4.0,17.0,69.0,1.0,1.0,2.0,5.0,8.0,1.0,0.0,1.0,16.0,16.0,0.1975,0.19047619047619047,0.0064,0.0064,0.0475,0.2159090909090909,0.7840909090909091,0.4,1.0,1.0,0.29166666666666663,0.5069252077562327,0.0
20260621_132802_002f9dab,20260621_132802_002f9dab_g0020,20,943255785,1,16,16,16,1,2,BLUE,pool_l45_100ms,1,3,[3],0,73,4,"{""1"": 87, ""2"": 73, ""3"": 89, ""4"": 88}",False,9.0,-33.0,6.0,0.0,3.0,0.0075,481.0,112.5,433.5,9.0,16.0,43.5,160.0,205.0,1785.0,442.5,4.0,17.0,68.0,1.0,1.0,2.0,6.0,7.0,1.0,0.0,0.0,16.0,16.0,0.1975,0.19047619047619047,0.0064,0.0064,0.05,0.22727272727272727,0.7727272727272727,0.225,1.0,1.0,0.35,0.3263157894736842,0.0
20260621_132802_002f9dab,20260621_132802_002f9dab_g0020,20,943255785,1,16,16,16,1,3,YELLOW,pool_l9_partial_200ms,2,3,[3],1,89,1,"{""1"": 87, ""2"": 73, ""3"": 89, ""4"": 88}",False,11.0,-29.0,5.0,0.0,3.0,0.0075,428.0,101.875,383.75,11.0,15.0,36.0,140.5,181.25,1838.0,394.75,4.0,17.0,68.0,1.0,1.0,2.0,6.0,7.0,1.0,0.0,0.0,16.0,16.0,0.1975,0.19047619047619047,0.0064,0.0064,0.05,0.22727272727272727,0.7727272727272727,0.275,1.0,1.0,0.33333333333333337,0.3526315789473684,0.0
20260621_132802_002f9dab,20260621_132802_002f9dab_g0020,20,943255785,1,16,16,16,1,4,GREEN,pool_peer_500ms,3,3,[3],0,88,2,"{""1"": 87, ""2"": 73, ""3"": 89, ""4"": 88}",False,15.0,-21.0,1.0,1.0,3.0,0.0075,651.0,164.25,628.125,15.0,23.0,62.25,228.5,299.375,1615.0,643.125,4.0,17.0,68.0,1.0,1.0,2.0,6.0,7.0,1.0,0.0,0.0,16.0,16.0,0.1975,0.19047619047619047,0.0064,0.0064,0.05,0.22727272727272727,0.7727272727272727,0.375,1.0,1.0,0.3,0.48684210526315785,0.0
20260621_132802_002f9dab,20260621_132802_002f9dab_g0020,20,943255785,2,24,24,24,1,1,RED,champion,0,3,[3],0,87,3,"{""1"": 87, ""2"": 73, ""3"": 89, ""4"": 88}",False,22.0,-23.0,1.0,6.0,8.0,0.02,590.0,154.75,568.75,20.0,28.0,66.0,156.0,298.75,920.0,590.75,6.0,15.0,60.0,1.0,1.0,2.0,4.0,7.0,1.0,0.0,0.0,24.0,24.0,0.295,0.2857142857142857,0.0096,0.0096,0.07,0.3181818181818182,0.6818181818181818,0.55,1.0,1.0,0.375,0.5733082706766917,0.0
20260621_132802_002f9dab,20260621_132802_002f9dab_g0020,20,943255785,2,24,24,24,1,2,BLUE,pool_l45_100ms,1,3,[3],0,73,4,"{""1"": 87, ""2"": 73, ""3"": 89, ""4"": 88}",False,13.0,-41.0,6.0,2.0,8.0,0.02,210.0,58.25,188.875,12.0,12.0,24.0,81.5,59.375,1300.0,201.875,6.0,15.0,58.0,1.0,1.0,2.0,6.0,5.0,0.0,0.0,0.0,24.0,24.0,0.295,0.2857142857142857,0.0096,0.0096,0.075,0.3409090909090909,0.6590909090909091,0.325,1.0,1.0,0.45,0.38596491228070173,0.0
20260621_132802_002f9dab,20260621_132802_002f9dab_g0020,20,943255785,2,24,24,24,1,3,YELLOW,pool_l9_partial_200ms,2,3,[3],1,89,1,"{""1"": 87, ""2"": 73, ""3"": 89, ""4"": 88}",False,15.0,-37.0,1.0,3.0,8.0,0.02,207.0,60.125,187.5,14.0,16.0,23.25,70.5,63.75,1303.0,202.5,6.0,15.0,58.0,1.0,1.0,2.0,6.0,5.0,0.0,0.0,0.0,24.0,24.0,0.295,0.2857142857142857,0.0096,0.0096,0.075,0.3409090909090909,0.6590909090909091,0.375,1.0,1.0,0.4333333333333333,0.47192982456140353,0.0
20260621_132802_002f9dab,20260621_132802_002f9dab_g0020,20,943255785,2,24,24,24,1,4,GREEN,pool_peer_500ms,3,3,[3],0,88,2,"{""1"": 87, ""2"": 73, ""3"": 89, ""4"": 88}",False,17.0,-33.0,1.0,5.0,8.0,0.02,503.0,131.0,462.375,17.0,24.0,57.75,200.5,163.125,1007.0,479.375,6.0,15.0,58.0,1.0,1.0,2.0,6.0,5.0,0.0,0.0,0.0,24.0,24.0,0.295,0.2857142857142857,0.0096,0.0096,0.075,0.3409090909090909,0.6590909090909091,0.425,1.0,1.0,0.4166666666666667,0.5754385964912281,0.0
20260621_132802_002f9dab,20260621_132802_002f9dab_g0020,20,943255785,3,32,32,32,1,1,RED,champion,0,3,[3],0,87,3,"{""1"": 87, ""2"": 73, ""3"": 89, ""4"": 88}",False,27.0,-22.0,1.0,15.0,13.0,0.0325,230.0,79.625,232.375,22.0,23.0,38.25,71.0,78.125,463.0,259.375,8.0,13.0,50.0,1.0,1.0,2.0,4.0,5.0,1.0,0.0,0.0,32.0,32.0,0.39,0.38095238095238093,0.0128,0.0128,0.095,0.4318181818181818,0.5681818181818182,0.675,1.0,1.0,0.4083333333333333,0.5526315789473684,0.0
20260621_132802_002f9dab,20260621_132802_002f9dab_g0020,20,943255785,3,32,32,32,1,2,BLUE,pool_l45_100ms,1,3,[3],0,73,4,"{""1"": 87, ""2"": 73, ""3"": 89, ""4"": 88}",False,16.0,-44.0,5.0,7.0,13.0,0.0325,82.0,35.25,82.25,14.0,12.0,18.0,32.0,6.25,611.0,98.25,8.0,13.0,48.0,1.0,1.0,2.0,6.0,3.0,0.0,0.0,0.0,32.0,32.0,0.39,0.38095238095238093,0.0128,0.0128,0.1,0.45454545454545453,0.5454545454545454,0.4,1.0,1.0,0.5,0.4407894736842105,0.0
20260621_132802_002f9dab,20260621_132802_002f9dab_g0020,20,943255785,3,32,32,32,1,3,YELLOW,pool_l9_partial_200ms,2,3,[3],1,89,1,"{""1"": 87, ""2"": 73, ""3"": 89, ""4"": 88}",False,15.0,-46.0,1.0,14.0,13.0,0.0325,65.0,30.0,68.25,13.0,11.0,12.0,21.0,11.25,628.0,83.25,8.0,13.0,48.0,1.0,1.0,2.0,6.0,3.0,0.0,0.0,0.0,32.0,32.0,0.39,0.38095238095238093,0.0128,0.0128,0.1,0.45454545454545453,0.5454545454545454,0.375,1.0,1.0,0.5083333333333333,0.45000000000000007,0.0
20260621_132802_002f9dab,20260621_132802_002f9dab_g0020,20,943255785,3,32,32,32,1,4,GREEN,pool_peer_500ms,3,3,[3],0,88,2,"{""1"": 87, ""2"": 73, ""3"": 89, ""4"": 88}",False,18.0,-40.0,1.0,12.0,13.0,0.0325,316.0,93.75,312.75,18.0,19.0,46.5,98.0,131.25,377.0,330.75,8.0,13.0,50.0,1.0,1.0,2.0,4.0,5.0,0.0,0.0,0.0,32.0,32.0,0.39,0.38095238095238093,0.0128,0.0128,0.095,0.4318181818181818,0.5681818181818182,0.45,1.0,1.0,0.4833333333333333,0.577562326869806,0.0
20260621_132802_002f9dab,20260621_132802_002f9dab_g0020,20,943255785,4,40,40,40,1,1,RED,champion,0,3,[3],0,87,3,"{""1"": 87, ""2"": 73, ""3"": 89, ""4"": 88}",False,29.0,-25.0,1.0,22.0,29.0,0.0725,70.0,32.25,68.125,17.0,10.0,10.5,12.5,18.125,333.0,97.125,10.0,11.0,41.0,1.0,1.0,2.0,3.0,4.0,0.0,0.0,0.0,40.0,40.0,0.4875,0.47619047619047616,0.016,0.016,0.1175,0.5340909090909091,0.4659090909090909,0.725,1.0,1.0,0.45,0.5106382978723405,0.0
20260621_132802_002f9dab,20260621_132802_002f9dab_g0020,20,943255785,4,40,40,40,1,2,BLUE,pool_l45_100ms,1,3,[3],0,73,4,"{""1"": 87, ""2"": 73, ""3"": 89, ""4"": 88}",False,15.0,-53.0,3.0,13.0,29.0,0.0725,68.0,29.5,67.375,12.0,10.0,15.0,28.5,1.875,335.0,82.375,10.0,11.0,38.0,1.0,1.0,2.0,6.0,1.0,0.0,0.0,0.0,40.0,40.0,0.4875,0.47619047619047616,0.016,0.016,0.125,0.5681818181818182,0.4318181818181818,0.375,1.0,1.0,0.5666666666666667,0.46842105263157896,0.0
20260621_132802_002f9dab,20260621_132802_002f9dab_g0020,20,943255785,4,40,40,40,1,3,YELLOW,pool_l9_partial_200ms,2,3,[3],1,89,1,"{""1"": 87, ""2"": 73, ""3"": 89, ""4"": 88}",False,15.0,-53.0,1.0,23.0,29.0,0.0725,41.0,22.125,41.25,12.0,9.0,6.75,13.5,0.0,362.0,56.25,10.0,11.0,38.0,1.0,1.0,2.0,6.0,1.0,0.0,0.0,0.0,40.0,40.0,0.4875,0.47619047619047616,0.016,0.016,0.125,0.5681818181818182,0.4318181818181818,0.375,0.9,1.0,0.5666666666666667,0.4631578947368421,0.0
20260621_132802_002f9dab,20260621_132802_002f9dab_g0020,20,943255785,4,40,40,40,1,4,GREEN,pool_peer_500ms,3,3,[3],0,88,2,"{""1"": 87, ""2"": 73, ""3"": 89, ""4"": 88}",False,24.0,-35.0,1.0,22.0,29.0,0.0725,224.0,81.125,238.125,21.0,22.0,43.5,86.0,65.625,179.0,262.125,10.0,11.0,40.0,1.0,1.0,2.0,4.0,3.0,0.0,0.0,0.0,40.0,40.0,0.4875,0.47619047619047616,0.016,0.016,0.12,0.5454545454545454,0.45454545454545453,0.6,1.0,1.0,0.4916666666666667,0.549342105263158,0.0
20260621_132802_002f9dab,20260621_132802_002f9dab_g0020,20,943255785,5,48,48,48,1,1,RED,champion,0,3,[3],0,87,3,"{""1"": 87, ""2"": 73, ""3"": 89, ""4"": 88}",False,32.0,-20.0,1.0,31.0,43.0,0.1075,22.0,19.0,22.5,16.0,5.0,1.5,0.0,0.0,101.0,54.5,12.0,9.0,31.0,1.0,1.0,2.0,3.0,2.0,0.0,0.0,0.0,48.0,48.0,0.5825,0.5714285714285714,0.0192,0.0192,0.1425,0.6477272727272727,0.3522727272727273,0.8,1.0,1.0,0.4333333333333333,0.4903047091412742,0.0
20260621_132802_002f9dab,20260621_132802_002f9dab_g0020,20,943255785,5,48,48,48,1,2,BLUE,pool_l45_100ms,1,3,[3],0,73,4,"{""1"": 87, ""2"": 73, ""3"": 89, ""4"": 88}",False,11.0,-62.0,3.0,21.0,43.0,0.1075,10.0,7.75,10.25,6.0,2.0,2.25,0.0,0.0,113.0,21.25,12.0,9.0,29.0,1.0,1.0,2.0,5.0,0.0,0.0,0.0,0.0,48.0,48.0,0.5825,0.5714285714285714,0.0192,0.0192,0.1475,0.6704545454545454,0.32954545454545453,0.275,0.5,0.8,0.6083333333333333,0.4424620874219447,0.0
20260621_132802_002f9dab,20260621_132802_002f9dab_g0020,20,943255785,5,48,48,48,1,3,YELLOW,pool_l9_partial_200ms,2,3,[3],1,89,1,"{""1"": 87, ""2"": 73, ""3"": 89, ""4"": 88}",False,16.0,-52.0,1.0,32.0,43.0,0.1075,26.0,17.625,27.0,12.0,6.0,4.5,4.5,0.0,97.0,43.0,12.0,9.0,29.0,1.0,1.0,2.0,5.0,0.0,0.0,0.0,0.0,48.0,48.0,0.5825,0.5714285714285714,0.0192,0.0192,0.1475,0.6704545454545454,0.32954545454545453,0.4,0.7666666666666667,0.8,0.5666666666666667,0.4433541480820695,0.0
20260621_132802_002f9dab,20260621_132802_002f9dab_g0020,20,943255785,5,48,48,48,1,4,GREEN,pool_peer_500ms,3,3,[3],0,88,2,"{""1"": 87, ""2"": 73, ""3"": 89, ""4"": 88}",False,25.0,-34.0,1.0,29.0,43.0,0.1075,65.0,37.0,71.5,20.0,13.0,15.0,16.0,7.5,58.0,96.5,12.0,9.0,30.0,1.0,1.0,2.0,4.0,1.0,0.0,0.0,0.0,48.0,48.0,0.5825,0.5714285714285714,0.0192,0.0192,0.145,0.6590909090909091,0.3409090909090909,0.625,1.0,1.0,0.4916666666666667,0.5607985480943738,0.0
20260621_132802_002f9dab,20260621_132802_002f9dab_g0020,20,943255785,6,56,56,56,1,1,RED,champion,0,3,[3],0,87,3,"{""1"": 87, ""2"": 73, ""3"": 89, ""4"": 88}",False,30.0,-15.0,1.0,34.0,57.0,0.1425,8.0,2.875,8.25,0.0,3.0,1.5,2.5,1.25,44.0,38.25,14.0,7.0,27.0,0.0,1.0,1.0,3.0,2.0,0.0,0.0,0.0,56.0,56.0,0.645,0.6666666666666666,0.0224,0.0224,0.1525,0.6931818181818182,0.3068181818181818,0.75,1.0,1.0,0.375,0.4866264020707507,0.0
20260621_132802_002f9dab,20260621_132802_002f9dab_g0020,20,943255785,6,56,56,56,1,2,BLUE,pool_l45_100ms,1,3,[3],0,73,4,"{""1"": 87, ""2"": 73, ""3"": 89, ""4"": 88}",False,10.0,-55.0,2.0,30.0,57.0,0.1425,6.0,5.5,6.0,5.0,1.0,0.0,0.0,0.0,46.0,16.0,14.0,7.0,23.0,1.0,1.0,0.0,5.0,0.0,0.0,0.0,0.0,56.0,56.0,0.645,0.6666666666666666,0.0224,0.0224,0.1625,0.7386363636363636,0.26136363636363635,0.25,0.45,0.8,0.5416666666666667,0.46963562753036436,0.0
20260621_132802_002f9dab,20260621_132802_002f9dab_g0020,20,943255785,6,56,56,56,1,3,YELLOW,pool_l9_partial_200ms,2,3,[3],1,89,1,"{""1"": 87, ""2"": 73, ""3"": 89, ""4"": 88}",False,14.0,-47.0,1.0,38.0,57.0,0.1425,15.0,12.5,15.5,10.0,4.0,1.5,0.0,0.0,37.0,29.5,14.0,7.0,22.0,1.0,1.0,1.0,4.0,0.0,0.0,0.0,0.0,56.0,56.0,0.645,0.6666666666666666,0.0224,0.0224,0.165,0.75,0.25,0.35,0.5166666666666667,0.8,0.5083333333333333,0.43301435406698563,0.0
20260621_132802_002f9dab,20260621_132802_002f9dab_g0020,20,943255785,6,56,56,56,1,4,GREEN,pool_peer_500ms,3,3,[3],0,88,2,"{""1"": 87, ""2"": 73, ""3"": 89, ""4"": 88}",False,21.0,-33.0,1.0,35.0,57.0,0.1425,23.0,17.25,22.25,14.0,4.0,2.25,2.0,0.0,29.0,43.25,14.0,7.0,22.0,1.0,1.0,2.0,2.0,1.0,0.0,0.0,0.0,56.0,56.0,0.645,0.6666666666666666,0.0224,0.0224,0.165,0.75,0.25,0.525,0.7666666666666667,1.0,0.45,0.543859649122807,0.0
20260621_132802_002f9dab,20260621_132802_002f9dab_g0020,20,943255785,7,64,64,64,1,1,RED,champion,0,3,[3],0,87,3,"{""1"": 87, ""2"": 73, ""3"": 89, ""4"": 88}",False,30.0,-12.0,1.0,42.0,49.0,0.1225,5.0,1.25,4.5,0.0,0.0,1.5,3.0,0.0,8.0,34.5,16.0,5.0,20.0,0.0,0.0,1.0,3.0,1.0,0.0,0.0,0.0,64.0,64.0,0.69,0.7619047619047619,0.0256,0.0256,0.17,0.7727272727272727,0.22727272727272727,0.75,0.9833333333333333,1.0,0.35,0.4736842105263158,0.0
20260621_132802_002f9dab,20260621_132802_002f9dab_g0020,20,943255785,7,64,64,64,1,2,BLUE,pool_l45_100ms,1,3,[3],0,73,4,"{""1"": 87, ""2"": 73, ""3"": 89, ""4"": 88}",False,10.0,-52.0,2.0,36.0,49.0,0.1225,0.0,0.0,0.0,0.0,0.0,0.0,0.0,0.0,13.0,10.0,16.0,5.0,20.0,0.0,0.0,0.0,5.0,0.0,0.0,0.0,0.0,64.0,64.0,0.69,0.7619047619047619,0.0256,0.0256,0.17,0.7727272727272727,0.22727272727272727,0.25,0.36666666666666664,0.8,0.5166666666666667,0.47600619195046445,0.0
20260621_132802_002f9dab,20260621_132802_002f9dab_g0020,20,943255785,7,64,64,64,1,3,YELLOW,pool_l9_partial_200ms,2,3,[3],1,89,1,"{""1"": 87, ""2"": 73, ""3"": 89, ""4"": 88}",False,12.0,-48.0,1.0,49.0,49.0,0.1225,5.0,2.25,5.0,0.0,4.0,0.0,1.0,0.0,8.0,17.0,16.0,5.0,18.0,0.0,1.0,0.0,4.0,0.0,0.0,0.0,0.0,64.0,64.0,0.69,0.7619047619047619,0.0256,0.0256,0.175,0.7954545454545454,0.20454545454545456,0.3,0.45,0.8,0.5,0.42932330827067666,0.0
20260621_132802_002f9dab,20260621_132802_002f9dab_g0020,20,943255785,7,64,64,64,1,4,GREEN,pool_peer_500ms,3,3,[3],0,88,2,"{""1"": 87, ""2"": 73, ""3"": 89, ""4"": 88}",False,20.0,-32.0,1.0,44.0,49.0,0.1225,3.0,1.5,3.5,0.0,2.0,1.5,0.0,0.0,10.0,23.5,16.0,5.0,18.0,0.0,1.0,1.0,2.0,1.0,0.0,0.0,0.0,64.0,64.0,0.69,0.7619047619047619,0.0256,0.0256,0.175,0.7954545454545454,0.20454545454545456,0.5,0.6333333333333333,1.0,0.4333333333333333,0.543609022556391,0.0
20260621_132802_002f9dab,20260621_132802_002f9dab_g0021,21,180532568,0,8,8,8,1,1,RED,pool_l45_100ms,0,3,[3],0,86,3,"{""1"": 86, ""2"": 76, ""3"": 118, ""4"": 87}",False,6.0,-16.0,9.0,0.0,4.0,0.01,388.0,90.5,366.25,6.0,10.0,28.5,113.0,208.75,1331.0,372.25,2.0,19.0,78.0,1.0,1.0,2.0,6.0,9.0,1.0,1.0,0.0,8.0,8.0,0.0975,0.09523809523809523,0.0032,0.0032,0.025,0.11363636363636363,0.8863636363636364,0.15,1.0,1.0,0.18333333333333332,0.20526315789473681,0.0
20260621_132802_002f9dab,20260621_132802_002f9dab_g0021,21,180532568,0,8,8,8,1,2,BLUE,pool_l9_partial_200ms,1,3,[3],0,76,4,"{""1"": 86, ""2"": 76, ""3"": 118, ""4"": 87}",False,5.0,-18.0,9.0,0.0,4.0,0.01,327.0,76.25,309.5,5.0,8.0,24.0,95.0,177.5,1392.0,314.5,2.0,19.0,78.0,1.0,1.0,2.0,6.0,9.0,1.0,1.0,0.0,8.0,8.0,0.0975,0.09523809523809523,0.0032,0.0032,0.025,0.11363636363636363,0.8863636363636364,0.125,1.0,1.0,0.19166666666666668,0.15263157894736834,0.0
20260621_132802_002f9dab,20260621_132802_002f9dab_g0021,21,180532568,0,8,8,8,1,3,YELLOW,pool_peer_500ms,2,3,[3],1,118,1,"{""1"": 86, ""2"": 76, ""3"": 118, ""4"": 87}",False,9.0,-10.0,9.0,0.0,4.0,0.01,543.0,122.625,488.75,9.0,15.0,41.25,153.5,270.0,1176.0,497.75,2.0,19.0,78.0,1.0,1.0,2.0,6.0,9.0,1.0,0.0,0.0,8.0,8.0,0.0975,0.09523809523809523,0.0032,0.0032,0.025,0.11363636363636363,0.8863636363636364,0.225,1.0,1.0,0.15833333333333333,0.23684210526315785,0.0
20260621_132802_002f9dab,20260621_132802_002f9dab_g0021,21,180532568,0,8,8,8,1,4,GREEN,champion,3,3,[3],0,87,2,"{""1"": 86, ""2"": 76, ""3"": 118, ""4"": 87}",False,8.0,-12.0,9.0,0.0,4.0,0.01,461.0,104.0,420.75,8.0,12.0,33.75,107.0,260.0,1258.0,428.75,2.0,19.0,79.0,1.0,1.0,2.0,5.0,10.0,1.0,1.0,0.0,8.0,8.0,0.0975,0.09523809523809523,0.0032,0.0032,0.0225,0.10227272727272728,0.8977272727272727,0.2,1.0,1.0,0.16666666666666669,0.21052631578947367,0.0
20260621_132802_002f9dab,20260621_132802_002f9dab_g0021,21,180532568,1,16,16,16,1,1,RED,pool_l45_100ms,0,3,[3],0,86,3,"{""1"": 86, ""2"": 76, ""3"": 118, ""4"": 87}",False,10.0,-31.0,7.0,0.0,4.0,0.01,484.0,114.75,436.25,10.0,17.0,45.0,168.0,196.25,2144.0,446.25,4.0,17.0,68.0,1.0,1.0,2.0,6.0,7.0,1.0,0.0,0.0,16.0,16.0,0.1975,0.19047619047619047,0.0064,0.0064,0.05,0.22727272727272727,0.7727272727272727,0.25,1.0,1.0,0.3416666666666667,0.3236842105263158,0.0
20260621_132802_002f9dab,20260621_132802_002f9dab_g0021,21,180532568,1,16,16,16,1,2,BLUE,pool_l9_partial_200ms,1,3,[3],0,76,4,"{""1"": 86, ""2"": 76, ""3"": 118, ""4"": 87}",False,9.0,-33.0,6.0,0.0,4.0,0.01,528.0,122.375,477.5,9.0,16.0,45.0,177.5,230.0,2100.0,486.5,4.0,17.0,68.0,1.0,1.0,2.0,6.0,7.0,1.0,0.0,0.0,16.0,16.0,0.1975,0.19047619047619047,0.0064,0.0064,0.05,0.22727272727272727,0.7727272727272727,0.225,1.0,1.0,0.35,0.3263157894736842,0.0
20260621_132802_002f9dab,20260621_132802_002f9dab_g0021,21,180532568,1,16,16,16,1,3,YELLOW,pool_peer_500ms,2,3,[3],1,118,1,"{""1"": 86, ""2"": 76, ""3"": 118, ""4"": 87}",False,16.0,-19.0,0.0,0.0,4.0,0.01,865.0,215.0,838.125,16.0,29.0,80.25,303.5,409.375,1763.0,854.125,4.0,17.0,68.0,1.0,1.0,2.0,6.0,7.0,1.0,0.0,0.0,16.0,16.0,0.1975,0.19047619047619047,0.0064,0.0064,0.05,0.22727272727272727,0.7727272727272727,0.4,1.0,1.0,0.29166666666666663,0.49473684210526314,0.0
20260621_132802_002f9dab,20260621_132802_002f9dab_g0021,21,180532568,1,16,16,16,1,4,GREEN,champion,3,3,[3],0,87,2,"{""1"": 86, ""2"": 76, ""3"": 118, ""4"": 87}",False,16.0,-19.0,2.0,0.0,4.0,0.01,751.0,180.125,696.25,16.0,26.0,71.25,215.5,367.5,1877.0,712.25,4.0,17.0,69.0,1.0,1.0,2.0,5.0,8.0,1.0,0.0,0.0,16.0,16.0,0.1975,0.19047619047619047,0.0064,0.0064,0.0475,0.2159090909090909,0.7840909090909091,0.4,1.0,1.0,0.29166666666666663,0.44321329639889195,0.0
20260621_132802_002f9dab,20260621_132802_002f9dab_g0021,21,180532568,2,24,24,24,1,1,RED,pool_l45_100ms,0,3,[3],0,86,3,"{""1"": 86, ""2"": 76, ""3"": 118, ""4"": 87}",False,14.0,-42.0,6.0,4.0,12.0,0.03,198.0,57.5,184.125,11.0,15.0,27.0,75.5,55.625,1656.0,198.125,6.0,15.0,58.0,1.0,1.0,2.0,6.0,5.0,0.0,0.0,0.0,24.0,24.0,0.295,0.2857142857142857,0.0096,0.0096,0.075,0.3409090909090909,0.6590909090909091,0.35,1.0,1.0,0.4666666666666667,0.4017543859649123,0.0
20260621_132802_002f9dab,20260621_132802_002f9dab_g0021,21,180532568,2,24,24,24,1,2,BLUE,pool_l9_partial_200ms,1,3,[3],0,76,4,"{""1"": 86, ""2"": 76, ""3"": 118, ""4"": 87}",False,15.0,-40.0,1.0,7.0,12.0,0.03,393.0,101.5,351.625,14.0,20.0,45.75,157.5,114.375,1461.0,366.625,6.0,15.0,58.0,1.0,1.0,2.0,6.0,5.0,0.0,0.0,0.0,24.0,24.0,0.295,0.2857142857142857,0.0096,0.0096,0.075,0.3409090909090909,0.6590909090909091,0.375,1.0,1.0,0.4583333333333333,0.4385964912280702,0.0
20260621_132802_002f9dab,20260621_132802_002f9dab_g0021,21,180532568,2,24,24,24,1,3,YELLOW,pool_peer_500ms,2,3,[3],1,118,1,"{""1"": 86, ""2"": 76, ""3"": 118, ""4"": 87}",False,21.0,-28.0,0.0,7.0,12.0,0.03,657.0,188.5,691.5,19.0,32.0,81.0,292.0,267.5,1197.0,712.5,6.0,15.0,58.0,1.0,1.0,2.0,6.0,5.0,1.0,0.0,0.0,24.0,24.0,0.295,0.2857142857142857,0.0096,0.0096,0.075,0.3409090909090909,0.6590909090909091,0.525,1.0,1.0,0.4083333333333333,0.5894736842105264,0.0
20260621_132802_002f9dab,20260621_132802_002f9dab_g0021,21,180532568,2,24,24,24,1,4,GREEN,champion,3,3,[3],0,87,2,"{""1"": 86, ""2"": 76, ""3"": 118, ""4"": 87}",False,20.0,-30.0,2.0,7.0,12.0,0.03,606.0,156.375,578.875,19.0,27.0,69.75,160.0,303.125,1248.0,598.875,6.0,15.0,60.0,1.0,1.0,2.0,4.0,7.0,1.0,0.0,0.0,24.0,24.0,0.295,0.2857142857142857,0.0096,0.0096,0.07,0.3181818181818182,0.6818181818181818,0.5,1.0,1.0,0.4166666666666667,0.513157894736842,0.0
20260621_132802_002f9dab,20260621_132802_002f9dab_g0021,21,180532568,3,32,32,32,1,1,RED,pool_l45_100ms,0,3,[3],0,86,3,"{""1"": 86, ""2"": 76, ""3"": 118, ""4"": 87}",False,17.0,-49.0,4.0,21.0,7.0,0.0175,102.0,40.625,106.0,13.0,13.0,21.0,46.5,12.5,897.0,123.0,8.0,13.0,48.0,1.0,1.0,2.0,6.0,3.0,0.0,0.0,0.0,32.0,32.0,0.395,0.38095238095238093,0.0128,0.0128,0.1,0.45454545454545453,0.5454545454545454,0.425,1.0,1.0,0.55,0.4276315789473685,0.0
20260621_132802_002f9dab,20260621_132802_002f9dab_g0021,21,180532568,3,32,32,32,1,2,BLUE,pool_l9_partial_200ms,1,3,[3],0,76,4,"{""1"": 86, ""2"": 76, ""3"": 118, ""4"": 87}",False,16.0,-51.0,1.0,11.0,7.0,0.0175,141.0,49.0,138.625,14.0,13.0,24.0,59.5,28.125,858.0,154.625,8.0,13.0,48.0,1.0,1.0,2.0,6.0,3.0,0.0,0.0,0.0,32.0,32.0,0.395,0.38095238095238093,0.0128,0.0128,0.1,0.45454545454545453,0.5454545454545454,0.4,1.0,1.0,0.5583333333333333,0.4631578947368421,0.0
20260621_132802_002f9dab,20260621_132802_002f9dab_g0021,21,180532568,3,32,32,32,1,3,YELLOW,pool_peer_500ms,2,3,[3],1,118,1,"{""1"": 86, ""2"": 76, ""3"": 118, ""4"": 87}",False,25.0,-33.0,0.0,19.0,7.0,0.0175,325.0,105.875,331.375,21.0,27.0,52.5,154.0,76.875,674.0,356.375,8.0,13.0,48.0,1.0,1.0,2.0,6.0,3.0,1.0,0.0,0.0,32.0,32.0,0.395,0.38095238095238093,0.0128,0.0128,0.1,0.45454545454545453,0.5454545454545454,0.625,1.0,1.0,0.4833333333333333,0.5881578947368421,0.0
20260621_132802_002f9dab,20260621_132802_002f9dab_g0021,21,180532568,3,32,32,32,1,4,GREEN,champion,3,3,[3],0,87,2,"{""1"": 86, ""2"": 76, ""3"": 118, ""4"": 87}",False,25.0,-33.0,2.0,11.0,7.0,0.0175,431.0,134.875,456.25,23.0,28.0,69.0,152.5,183.75,568.0,481.25,8.0,13.0,50.0,1.0,1.0,2.0,4.0,5.0,1.0,0.0,0.0,32.0,32.0,0.395,0.38095238095238093,0.0128,0.0128,0.095,0.4318181818181818,0.5681818181818182,0.625,1.0,1.0,0.4833333333333333,0.5470914127423823,0.0
20260621_132802_002f9dab,20260621_132802_002f9dab_g0021,21,180532568,4,40,40,40,1,1,RED,pool_l45_100ms,0,3,[3],0,86,3,"{""1"": 86, ""2"": 76, ""3"": 118, ""4"": 87}",False,15.0,-57.0,4.0,24.0,13.0,0.0325,67.0,25.625,65.0,9.0,7.0,12.75,32.5,3.75,319.0,80.0,10.0,11.0,38.0,1.0,1.0,2.0,6.0,1.0,0.0,0.0,0.0,40.0,40.0,0.49,0.47619047619047616,0.016,0.016,0.125,0.5681818181818182,0.4318181818181818,0.375,1.0,1.0,0.6,0.4168421052631579,0.0
20260621_132802_002f9dab,20260621_132802_002f9dab_g0021,21,180532568,4,40,40,40,1,2,BLUE,pool_l9_partial_200ms,1,3,[3],0,76,4,"{""1"": 86, ""2"": 76, ""3"": 118, ""4"": 87}",False,15.0,-57.0,1.0,19.0,13.0,0.0325,39.0,22.0,40.75,12.0,8.0,9.75,11.0,0.0,347.0,55.75,10.0,11.0,38.0,1.0,1.0,2.0,6.0,1.0,0.0,0.0,0.0,40.0,40.0,0.49,0.47619047619047616,0.016,0.016,0.125,0.5681818181818182,0.4318181818181818,0.375,0.9,1.0,0.6,0.5021052631578946,0.0
20260621_132802_002f9dab,20260621_132802_002f9dab_g0021,21,180532568,4,40,40,40,1,3,YELLOW,pool_peer_500ms,2,3,[3],1,118,1,"{""1"": 86, ""2"": 76, ""3"": 118, ""4"": 87}",False,27.0,-33.0,0.0,28.0,13.0,0.0325,149.0,60.625,149.0,22.0,21.0,30.75,56.5,18.75,237.0,176.0,10.0,11.0,39.0,1.0,1.0,2.0,5.0,2.0,0.0,0.0,0.0,40.0,40.0,0.49,0.47619047619047616,0.016,0.016,0.1225,0.5568181818181818,0.4431818181818182,0.675,1.0,1.0,0.5,0.5735767991407089,0.0
20260621_132802_002f9dab,20260621_132802_002f9dab_g0021,21,180532568,4,40,40,40,1,4,GREEN,champion,3,3,[3],0,87,2,"{""1"": 86, ""2"": 76, ""3"": 118, ""4"": 87}",False,30.0,-27.0,2.0,16.0,13.0,0.0325,131.0,60.5,135.25,26.0,23.0,31.5,31.0,23.75,255.0,165.25,10.0,11.0,41.0,1.0,1.0,2.0,3.0,4.0,1.0,0.0,0.0,40.0,40.0,0.49,0.47619047619047616,0.016,0.016,0.1175,0.5340909090909091,0.4659090909090909,0.75,1.0,1.0,0.475,0.5263157894736843,0.0
20260621_132802_002f9dab,20260621_132802_002f9dab_g0021,21,180532568,5,48,48,48,1,1,RED,pool_l45_100ms,0,3,[3],0,86,3,"{""1"": 86, ""2"": 76, ""3"": 118, ""4"": 87}",False,18.0,-56.0,4.0,30.0,20.0,0.05,48.0,23.5,49.5,11.0,8.0,10.5,20.0,0.0,179.0,67.5,12.0,9.0,29.0,1.0,1.0,2.0,5.0,0.0,0.0,0.0,0.0,48.0,48.0,0.565,0.5714285714285714,0.0192,0.0192,0.1475,0.6704545454545454,0.32954545454545453,0.45,1.0,0.8,0.6166666666666667,0.4103479036574488,0.0
20260621_132802_002f9dab,20260621_132802_002f9dab_g0021,21,180532568,5,48,48,48,1,2,BLUE,pool_l9_partial_200ms,1,3,[3],0,76,4,"{""1"": 86, ""2"": 76, ""3"": 118, ""4"": 87}",False,14.0,-64.0,1.0,28.0,20.0,0.05,10.0,3.75,9.25,0.0,5.0,2.25,2.0,0.0,217.0,23.25,12.0,9.0,33.0,0.0,1.0,2.0,5.0,1.0,0.0,0.0,0.0,48.0,48.0,0.565,0.5714285714285714,0.0192,0.0192,0.1375,0.625,0.375,0.35,0.9833333333333333,1.0,0.65,0.49856459330143543,0.0
20260621_132802_002f9dab,20260621_132802_002f9dab_g0021,21,180532568,5,48,48,48,1,3,YELLOW,pool_peer_500ms,2,3,[3],1,118,1,"{""1"": 86, ""2"": 76, ""3"": 118, ""4"": 87}",False,30.0,-32.0,0.0,37.0,20.0,0.05,110.0,50.125,108.5,22.0,19.0,30.0,22.5,15.0,117.0,138.5,12.0,9.0,31.0,1.0,1.0,2.0,3.0,2.0,0.0,0.0,0.0,48.0,48.0,0.565,0.5714285714285714,0.0192,0.0192,0.1425,0.6477272727272727,0.3522727272727273,0.75,1.0,1.0,0.5166666666666667,0.5706371191135735,0.0
20260621_132802_002f9dab,20260621_132802_002f9dab_g0021,21,180532568,5,48,48,48,1,4,GREEN,champion,3,3,[3],0,87,2,"{""1"": 86, ""2"": 76, ""3"": 118, ""4"": 87}",False,30.0,-32.0,0.0,28.0,20.0,0.05,59.0,39.875,71.0,24.0,15.0,7.5,19.5,5.0,168.0,101.0,12.0,9.0,33.0,1.0,1.0,1.0,3.0,3.0,1.0,0.0,0.0,48.0,48.0,0.565,0.5714285714285714,0.0192,0.0192,0.1375,0.625,0.375,0.75,1.0,1.0,0.5166666666666667,0.5205741626794258,0.0
20260621_132802_002f9dab,20260621_132802_002f9dab_g0021,21,180532568,6,56,56,56,1,1,RED,pool_l45_100ms,0,3,[3],0,86,3,"{""1"": 86, ""2"": 76, ""3"": 118, ""4"": 87}",False,18.0,-54.0,4.0,39.0,28.0,0.07,23.0,15.375,24.75,10.0,5.0,5.25,4.5,0.0,112.0,42.75,14.0,7.0,21.0,1.0,1.0,2.0,3.0,0.0,0.0,0.0,0.0,56.0,56.0,0.6325,0.6666666666666666,0.0224,0.0224,0.1675,0.7613636363636364,0.23863636363636365,0.45,0.8,0.8,0.6,0.4076983503534958,0.0
20260621_132802_002f9dab,20260621_132802_002f9dab_g0021,21,180532568,6,56,56,56,1,2,BLUE,pool_l9_partial_200ms,1,3,[3],0,76,4,"{""1"": 86, ""2"": 76, ""3"": 118, ""4"": 87}",False,15.0,-60.0,1.0,37.0,28.0,0.07,6.0,1.5,5.0,0.0,0.0,3.0,2.0,0.0,129.0,20.0,14.0,7.0,28.0,0.0,0.0,1.0,5.0,1.0,0.0,0.0,0.0,56.0,56.0,0.6325,0.6666666666666666,0.0224,0.0224,0.15,0.6818181818181818,0.3181818181818182,0.375,0.8666666666666667,1.0,0.625,0.48508771929824557,0.0
20260621_132802_002f9dab,20260621_132802_002f9dab_g0021,21,180532568,6,56,56,56,1,3,YELLOW,pool_peer_500ms,2,3,[3],1,118,1,"{""1"": 86, ""2"": 76, ""3"": 118, ""4"": 87}",False,28.0,-34.0,0.0,50.0,28.0,0.07,67.0,35.625,65.25,19.0,14.0,18.75,13.5,0.0,68.0,93.25,14.0,7.0,21.0,1.0,1.0,2.0,3.0,0.0,0.0,0.0,0.0,56.0,56.0,0.6325,0.6666666666666666,0.0224,0.0224,0.1675,0.7613636363636364,0.23863636363636365,0.7,1.0,0.8,0.5166666666666667,0.5875883739198744,0.0
20260621_132802_002f9dab,20260621_132802_002f9dab_g0021,21,180532568,6,56,56,56,1,4,GREEN,champion,3,3,[3],0,87,2,"{""1"": 86, ""2"": 76, ""3"": 118, ""4"": 87}",False,29.0,-32.0,0.0,39.0,28.0,0.07,39.0,15.5,50.0,0.0,14.0,0.0,26.0,10.0,96.0,79.0,14.0,7.0,29.0,0.0,1.0,0.0,3.0,3.0,1.0,0.0,0.0,56.0,56.0,0.6325,0.6666666666666666,0.0224,0.0224,0.1475,0.6704545454545454,0.32954545454545453,0.725,1.0,1.0,0.5083333333333333,0.5343443354148083,0.0
20260621_132802_002f9dab,20260621_132802_002f9dab_g0021,21,180532568,7,64,64,64,1,1,RED,pool_l45_100ms,0,3,[3],0,86,3,"{""1"": 86, ""2"": 76, ""3"": 118, ""4"": 87}",False,17.0,-49.0,4.0,51.0,39.0,0.0975,9.0,8.5,9.0,8.0,1.0,0.0,0.0,0.0,48.0,26.0,16.0,5.0,14.0,1.0,1.0,1.0,2.0,0.0,0.0,0.0,0.0,64.0,64.0,0.705,0.7619047619047619,0.0256,0.0256,0.185,0.8409090909090909,0.1590909090909091,0.425,0.5333333333333333,0.8,0.55,0.38549075391180654,0.0
20260621_132802_002f9dab,20260621_132802_002f9dab_g0021,21,180532568,7,64,64,64,1,2,BLUE,pool_l9_partial_200ms,1,3,[3],0,76,4,"{""1"": 86, ""2"": 76, ""3"": 118, ""4"": 87}",False,11.0,-61.0,1.0,44.0,39.0,0.0975,0.0,0.0,0.0,0.0,0.0,0.0,0.0,0.0,57.0,11.0,16.0,5.0,21.0,0.0,0.0,0.0,4.0,1.0,0.0,0.0,0.0,64.0,64.0,0.705,0.7619047619047619,0.0256,0.0256,0.1675,0.7613636363636364,0.23863636363636365,0.275,0.43333333333333335,1.0,0.6,0.4587588373919874,0.0
20260621_132802_002f9dab,20260621_132802_002f9dab_g0021,21,180532568,7,64,64,64,1,3,YELLOW,pool_peer_500ms,2,3,[3],1,118,1,"{""1"": 86, ""2"": 76, ""3"": 118, ""4"": 87}",False,28.0,-27.0,0.0,57.0,39.0,0.0975,44.0,25.625,40.5,16.0,10.0,12.0,2.5,0.0,13.0,68.5,16.0,5.0,13.0,1.0,1.0,2.0,1.0,0.0,0.0,0.0,0.0,64.0,64.0,0.705,0.7619047619047619,0.0256,0.0256,0.1875,0.8522727272727273,0.14772727272727273,0.7,1.0,0.8,0.4583333333333333,0.5628070175438596,0.0
20260621_132802_002f9dab,20260621_132802_002f9dab_g0021,21,180532568,7,64,64,64,1,4,GREEN,champion,3,3,[3],0,87,2,"{""1"": 86, ""2"": 76, ""3"": 118, ""4"": 87}",False,27.0,-29.0,0.0,49.0,39.0,0.0975,4.0,2.25,9.0,0.0,0.0,0.0,9.0,0.0,53.0,36.0,16.0,5.0,22.0,0.0,0.0,0.0,3.0,2.0,1.0,0.0,0.0,64.0,64.0,0.705,0.7619047619047619,0.0256,0.0256,0.165,0.75,0.25,0.675,0.7833333333333333,1.0,0.4666666666666667,0.4984051036682615,0.0
20260621_132802_002f9dab,20260621_132802_002f9dab_g0022,22,1096002871,0,8,8,8,1,1,RED,pool_l9_partial_200ms,0,2,[2],0,88,3,"{""1"": 88, ""2"": 97, ""3"": 96, ""4"": 73}",False,6.0,-18.0,9.0,0.0,1.0,0.0025,388.0,90.5,366.25,6.0,10.0,28.5,113.0,208.75,1485.0,372.25,2.0,19.0,78.0,1.0,1.0,2.0,6.0,9.0,1.0,1.0,0.0,8.0,8.0,0.0975,0.09523809523809523,0.0032,0.0032,0.025,0.11363636363636363,0.8863636363636364,0.15,1.0,1.0,0.2,0.20526315789473681,0.0
20260621_132802_002f9dab,20260621_132802_002f9dab_g0022,22,1096002871,0,8,8,8,1,2,BLUE,pool_peer_500ms,1,2,[2],1,97,1,"{""1"": 88, ""2"": 97, ""3"": 96, ""4"": 73}",False,9.0,-12.0,9.0,0.0,1.0,0.0025,543.0,122.625,488.75,9.0,15.0,41.25,153.5,270.0,1330.0,497.75,2.0,19.0,78.0,1.0,1.0,2.0,6.0,9.0,1.0,0.0,0.0,8.0,8.0,0.0975,0.09523809523809523,0.0032,0.0032,0.025,0.11363636363636363,0.8863636363636364,0.225,1.0,1.0,0.175,0.23684210526315785,0.0
20260621_132802_002f9dab,20260621_132802_002f9dab_g0022,22,1096002871,0,8,8,8,1,3,YELLOW,champion,2,2,[2],0,96,2,"{""1"": 88, ""2"": 97, ""3"": 96, ""4"": 73}",False,8.0,-14.0,9.0,0.0,1.0,0.0025,498.0,113.0,456.75,8.0,14.0,38.25,119.0,277.5,1375.0,464.75,2.0,19.0,79.0,1.0,1.0,2.0,5.0,10.0,1.0,1.0,0.0,8.0,8.0,0.0975,0.09523809523809523,0.0032,0.0032,0.0225,0.10227272727272728,0.8977272727272727,0.2,1.0,1.0,0.18333333333333332,0.21052631578947367,0.0
20260621_132802_002f9dab,20260621_132802_002f9dab_g0022,22,1096002871,0,8,8,8,1,4,GREEN,pool_l45_100ms,3,2,[2],0,73,4,"{""1"": 88, ""2"": 97, ""3"": 96, ""4"": 73}",False,7.0,-16.0,9.0,0.0,1.0,0.0025,444.0,103.25,415.125,7.0,12.0,33.75,130.5,231.875,1429.0,422.125,2.0,19.0,78.0,1.0,1.0,2.0,6.0,9.0,1.0,1.0,0.0,8.0,8.0,0.0975,0.09523809523809523,0.0032,0.0032,0.025,0.11363636363636363,0.8863636363636364,0.175,1.0,1.0,0.19166666666666668,0.20526315789473681,0.0
20260621_132802_002f9dab,20260621_132802_002f9dab_g0022,22,1096002871,1,16,16,16,1,1,RED,pool_l9_partial_200ms,0,2,[2],0,88,3,"{""1"": 88, ""2"": 97, ""3"": 96, ""4"": 73}",False,10.0,-32.0,7.0,0.0,5.0,0.0125,515.0,119.75,459.75,10.0,17.0,45.0,174.0,213.75,2214.0,469.75,4.0,17.0,68.0,1.0,1.0,2.0,6.0,7.0,1.0,0.0,0.0,16.0,16.0,0.1975,0.19047619047619047,0.0064,0.0064,0.05,0.22727272727272727,0.7727272727272727,0.25,1.0,1.0,0.35,0.3236842105263158,0.0
20260621_132802_002f9dab,20260621_132802_002f9dab_g0022,22,1096002871,1,16,16,16,1,2,BLUE,pool_peer_500ms,1,2,[2],1,97,1,"{""1"": 88, ""2"": 97, ""3"": 96, ""4"": 73}",False,16.0,-20.0,0.0,1.0,5.0,0.0125,780.0,194.625,756.75,15.0,26.0,73.5,273.5,368.75,1949.0,772.75,4.0,17.0,68.0,1.0,1.0,2.0,6.0,7.0,1.0,0.0,0.0,16.0,16.0,0.1975,0.19047619047619047,0.0064,0.0064,0.05,0.22727272727272727,0.7727272727272727,0.4,1.0,1.0,0.3,0.49473684210526314,0.0
20260621_132802_002f9dab,20260621_132802_002f9dab_g0022,22,1096002871,1,16,16,16,1,3,YELLOW,champion,2,2,[2],0,96,2,"{""1"": 88, ""2"": 97, ""3"": 96, ""4"": 73}",False,16.0,-20.0,1.0,1.0,5.0,0.0125,917.0,214.5,849.75,16.0,28.0,80.25,253.0,472.5,1812.0,865.75,4.0,17.0,69.0,1.0,1.0,2.0,5.0,8.0,1.0,0.0,0.0,16.0,16.0,0.1975,0.19047619047619047,0.0064,0.0064,0.0475,0.2159090909090909,0.7840909090909091,0.4,1.0,1.0,0.3,0.47645429362880887,0.0
20260621_132802_002f9dab,20260621_132802_002f9dab_g0022,22,1096002871,1,16,16,16,1,4,GREEN,pool_l45_100ms,3,2,[2],0,73,4,"{""1"": 88, ""2"": 97, ""3"": 96, ""4"": 73}",False,10.0,-32.0,7.0,0.0,5.0,0.0125,517.0,120.125,462.375,10.0,17.0,45.0,171.0,219.375,2212.0,472.375,4.0,17.0,68.0,1.0,1.0,2.0,6.0,7.0,1.0,0.0,0.0,16.0,16.0,0.1975,0.19047619047619047,0.0064,0.0064,0.05,0.22727272727272727,0.7727272727272727,0.25,1.0,1.0,0.35,0.3131578947368421,0.0
20260621_132802_002f9dab,20260621_132802_002f9dab_g0022,22,1096002871,2,24,24,24,1,1,RED,pool_l9_partial_200ms,0,2,[2],0,88,3,"{""1"": 88, ""2"": 97, ""3"": 96, ""4"": 73}",False,14.0,-42.0,4.0,3.0,10.0,0.025,331.0,83.0,292.0,11.0,16.0,36.0,124.0,105.0,1500.0,306.0,6.0,15.0,58.0,1.0,1.0,2.0,6.0,5.0,0.0,0.0,0.0,24.0,24.0,0.2975,0.2857142857142857,0.0096,0.0096,0.075,0.3409090909090909,0.6590909090909091,0.35,1.0,1.0,0.4666666666666667,0.4035087719298245,0.0
20260621_132802_002f9dab,20260621_132802_002f9dab_g0022,22,1096002871,2,24,24,24,1,2,BLUE,pool_peer_500ms,1,2,[2],1,97,1,"{""1"": 88, ""2"": 97, ""3"": 96, ""4"": 73}",False,21.0,-28.0,0.0,8.0,10.0,0.025,666.0,180.75,663.125,19.0,29.0,75.75,282.5,256.875,1165.0,684.125,6.0,15.0,58.0,1.0,1.0,2.0,6.0,5.0,0.0,0.0,0.0,24.0,24.0,0.2975,0.2857142857142857,0.0096,0.0096,0.075,0.3409090909090909,0.6590909090909091,0.525,1.0,1.0,0.4083333333333333,0.5842105263157895,0.0
20260621_132802_002f9dab,20260621_132802_002f9dab_g0022,22,1096002871,2,24,24,24,1,3,YELLOW,champion,2,2,[2],0,96,2,"{""1"": 88, ""2"": 97, ""3"": 96, ""4"": 73}",False,22.0,-26.0,1.0,7.0,10.0,0.025,589.0,162.875,587.625,20.0,29.0,73.5,217.0,248.125,1242.0,609.625,6.0,15.0,59.0,1.0,1.0,2.0,5.0,6.0,1.0,0.0,0.0,24.0,24.0,0.2975,0.2857142857142857,0.0096,0.0096,0.0725,0.32954545454545453,0.6704545454545454,0.55,1.0,1.0,0.4,0.5462794918330308,0.0
20260621_132802_002f9dab,20260621_132802_002f9dab_g0022,22,1096002871,2,24,24,24,1,4,GREEN,pool_l45_100ms,3,2,[2],0,73,4,"{""1"": 88, ""2"": 97, ""3"": 96, ""4"": 73}",False,13.0,-44.0,4.0,3.0,10.0,0.025,245.0,66.375,215.25,11.0,17.0,34.5,96.5,56.25,1586.0,228.25,6.0,15.0,58.0,1.0,1.0,2.0,6.0,5.0,0.0,0.0,0.0,24.0,24.0,0.2975,0.2857142857142857,0.0096,0.0096,0.075,0.3409090909090909,0.6590909090909091,0.325,1.0,1.0,0.475,0.40701754385964906,0.0
20260621_132802_002f9dab,20260621_132802_002f9dab_g0022,22,1096002871,3,32,32,32,1,1,RED,pool_l9_partial_200ms,0,2,[2],0,88,3,"{""1"": 88, ""2"": 97, ""3"": 96, ""4"": 73}",False,12.0,-54.0,4.0,8.0,11.0,0.0275,170.0,52.125,165.25,9.0,13.0,27.75,85.5,30.0,866.0,177.25,8.0,13.0,48.0,1.0,1.0,2.0,6.0,3.0,0.0,0.0,0.0,32.0,32.0,0.395,0.38095238095238093,0.0128,0.0128,0.1,0.45454545454545453,0.5454545454545454,0.3,1.0,1.0,0.55,0.4552631578947368,0.0
20260621_132802_002f9dab,20260621_132802_002f9dab_g0022,22,1096002871,3,32,32,32,1,2,BLUE,pool_peer_500ms,1,2,[2],1,97,1,"{""1"": 88, ""2"": 97, ""3"": 96, ""4"": 73}",False,26.0,-26.0,0.0,19.0,11.0,0.0275,337.0,102.25,325.0,20.0,22.0,50.25,159.0,73.75,699.0,351.0,8.0,13.0,48.0,1.0,1.0,2.0,6.0,3.0,0.0,0.0,0.0,32.0,32.0,0.395,0.38095238095238093,0.0128,0.0128,0.1,0.45454545454545453,0.5454545454545454,0.65,1.0,1.0,0.4333333333333333,0.5921052631578947,0.0
20260621_132802_002f9dab,20260621_132802_002f9dab_g0022,22,1096002871,3,32,32,32,1,3,YELLOW,champion,2,2,[2],0,96,2,"{""1"": 88, ""2"": 97, ""3"": 96, ""4"": 73}",False,27.0,-24.0,1.0,13.0,11.0,0.0275,411.0,121.0,397.375,23.0,27.0,61.5,136.5,149.375,625.0,424.375,8.0,13.0,50.0,1.0,1.0,2.0,4.0,5.0,1.0,0.0,0.0,32.0,32.0,0.395,0.38095238095238093,0.0128,0.0128,0.095,0.4318181818181818,0.5681818181818182,0.675,1.0,1.0,0.425,0.5623268698060941,0.0
20260621_132802_002f9dab,20260621_132802_002f9dab_g0022,22,1096002871,3,32,32,32,1,4,GREEN,pool_l45_100ms,3,2,[2],0,73,4,"{""1"": 88, ""2"": 97, ""3"": 96, ""4"": 73}",False,13.0,-52.0,4.0,15.0,11.0,0.0275,118.0,37.875,107.375,9.0,13.0,19.5,54.0,11.875,918.0,120.375,8.0,13.0,48.0,1.0,1.0,2.0,6.0,3.0,0.0,0.0,0.0,32.0,32.0,0.395,0.38095238095238093,0.0128,0.0128,0.1,0.45454545454545453,0.5454545454545454,0.325,0.9833333333333333,1.0,0.5416666666666667,0.4342105263157895,0.0
20260621_132802_002f9dab,20260621_132802_002f9dab_g0022,22,1096002871,4,40,40,40,1,1,RED,pool_l9_partial_200ms,0,2,[2],0,88,3,"{""1"": 88, ""2"": 97, ""3"": 96, ""4"": 73}",False,13.0,-61.0,1.0,22.0,19.0,0.0475,51.0,22.25,53.25,8.0,8.0,11.25,26.0,0.0,348.0,66.25,10.0,11.0,38.0,1.0,1.0,2.0,6.0,1.0,0.0,0.0,0.0,40.0,40.0,0.4875,0.47619047619047616,0.016,0.016,0.125,0.5681818181818182,0.4318181818181818,0.325,1.0,1.0,0.6166666666666667,0.49473684210526314,0.0
20260621_132802_002f9dab,20260621_132802_002f9dab_g0022,22,1096002871,4,40,40,40,1,2,BLUE,pool_peer_500ms,1,2,[2],1,97,1,"{""1"": 88, ""2"": 97, ""3"": 96, ""4"": 73}",False,30.0,-27.0,0.0,30.0,19.0,0.0475,106.0,47.5,105.75,20.0,17.0,26.25,35.0,7.5,293.0,135.75,10.0,11.0,39.0,1.0,1.0,2.0,5.0,2.0,0.0,0.0,0.0,40.0,40.0,0.4875,0.47619047619047616,0.016,0.016,0.1225,0.5568181818181818,0.4431818181818182,0.75,1.0,1.0,0.475,0.5714285714285714,0.0
20260621_132802_002f9dab,20260621_132802_002f9dab_g0022,22,1096002871,4,40,40,40,1,3,YELLOW,champion,2,2,[2],0,96,2,"{""1"": 88, ""2"": 97, ""3"": 96, ""4"": 73}",False,32.0,-23.0,1.0,16.0,19.0,0.0475,194.0,79.625,217.875,27.0,25.0,21.0,83.0,61.875,205.0,249.875,10.0,11.0,42.0,1.0,1.0,1.0,4.0,4.0,1.0,0.0,0.0,40.0,40.0,0.4875,0.47619047619047616,0.016,0.016,0.115,0.5227272727272727,0.4772727272727273,0.8,1.0,1.0,0.4583333333333333,0.5308924485125859,0.0
20260621_132802_002f9dab,20260621_132802_002f9dab_g0022,22,1096002871,4,40,40,40,1,4,GREEN,pool_l45_100ms,3,2,[2],0,73,4,"{""1"": 88, ""2"": 97, ""3"": 96, ""4"": 73}",False,12.0,-63.0,4.0,19.0,19.0,0.0475,48.0,20.5,49.5,7.0,8.0,12.0,20.0,2.5,351.0,61.5,10.0,11.0,38.0,1.0,1.0,2.0,6.0,1.0,0.0,0.0,0.0,40.0,40.0,0.4875,0.47619047619047616,0.016,0.016,0.125,0.5681818181818182,0.4318181818181818,0.3,0.9666666666666667,1.0,0.625,0.4326315789473685,0.0
20260621_132802_002f9dab,20260621_132802_002f9dab_g0022,22,1096002871,5,48,48,48,1,1,RED,pool_l9_partial_200ms,0,2,[2],0,88,3,"{""1"": 88, ""2"": 97, ""3"": 96, ""4"": 73}",False,10.0,-62.0,1.0,25.0,35.0,0.0875,9.0,6.125,9.0,4.0,3.0,1.5,0.5,0.0,210.0,19.0,12.0,9.0,30.0,1.0,1.0,2.0,4.0,1.0,0.0,0.0,0.0,48.0,48.0,0.575,0.5714285714285714,0.0192,0.0192,0.145,0.6590909090909091,0.3409090909090909,0.25,0.5666666666666667,1.0,0.6,0.45916515426497273,0.0
20260621_132802_002f9dab,20260621_132802_002f9dab_g0022,22,1096002871,5,48,48,48,1,2,BLUE,pool_peer_500ms,1,2,[2],1,97,1,"{""1"": 88, ""2"": 97, ""3"": 96, ""4"": 73}",False,31.0,-20.0,0.0,41.0,35.0,0.0875,44.0,28.25,49.75,17.0,9.0,11.25,10.0,2.5,175.0,80.75,12.0,9.0,30.0,1.0,1.0,2.0,4.0,1.0,0.0,0.0,0.0,48.0,48.0,0.575,0.5714285714285714,0.0192,0.0192,0.145,0.6590909090909091,0.3409090909090909,0.775,1.0,1.0,0.425,0.5771324863883847,0.0
20260621_132802_002f9dab,20260621_132802_002f9dab_g0022,22,1096002871,5,48,48,48,1,3,YELLOW,champion,2,2,[2],0,96,2,"{""1"": 88, ""2"": 97, ""3"": 96, ""4"": 73}",False,32.0,-18.0,1.0,24.0,35.0,0.0875,149.0,68.0,173.25,25.0,23.0,19.5,77.0,28.75,70.0,205.25,12.0,9.0,32.0,1.0,1.0,1.0,4.0,2.0,1.0,0.0,0.0,48.0,48.0,0.575,0.5714285714285714,0.0192,0.0192,0.14,0.6363636363636364,0.36363636363636365,0.8,1.0,1.0,0.4166666666666667,0.4887218045112782,0.0
20260621_132802_002f9dab,20260621_132802_002f9dab_g0022,22,1096002871,5,48,48,48,1,4,GREEN,pool_l45_100ms,3,2,[2],0,73,4,"{""1"": 88, ""2"": 97, ""3"": 96, ""4"": 73}",False,9.0,-64.0,3.0,34.0,35.0,0.0875,17.0,10.25,17.25,6.0,4.0,5.25,2.0,0.0,202.0,26.25,12.0,9.0,30.0,1.0,1.0,2.0,4.0,1.0,0.0,0.0,0.0,48.0,48.0,0.575,0.5714285714285714,0.0192,0.0192,0.145,0.6590909090909091,0.3409090909090909,0.225,0.4,1.0,0.6083333333333333,0.43284936479128855,0.0
20260621_132802_002f9dab,20260621_132802_002f9dab_g0022,22,1096002871,6,56,56,56,1,1,RED,pool_l9_partial_200ms,0,2,[2],0,88,3,"{""1"": 88, ""2"": 97, ""3"": 96, ""4"": 73}",False,12.0,-58.0,1.0,41.0,31.0,0.0775,12.0,7.375,11.0,5.0,3.0,1.5,1.5,0.0,79.0,23.0,14.0,7.0,23.0,1.0,1.0,1.0,3.0,1.0,0.0,0.0,0.0,56.0,56.0,0.655,0.6666666666666666,0.0224,0.0224,0.1625,0.7386363636363636,0.26136363636363635,0.3,0.9833333333333333,1.0,0.5833333333333333,0.46963562753036436,0.0
20260621_132802_002f9dab,20260621_132802_002f9dab_g0022,22,1096002871,6,56,56,56,1,2,BLUE,pool_peer_500ms,1,2,[2],1,97,1,"{""1"": 88, ""2"": 97, ""3"": 96, ""4"": 73}",False,29.0,-24.0,0.0,48.0,31.0,0.0775,18.0,14.5,18.0,12.0,3.0,3.0,0.0,0.0,73.0,47.0,14.0,7.0,21.0,1.0,1.0,2.0,3.0,0.0,0.0,0.0,0.0,56.0,56.0,0.655,0.6666666666666666,0.0224,0.0224,0.1675,0.7613636363636364,0.23863636363636365,0.725,1.0,0.8,0.4416666666666667,0.5522388059701493,0.0
20260621_132802_002f9dab,20260621_132802_002f9dab_g0022,22,1096002871,6,56,56,56,1,3,YELLOW,champion,2,2,[2],0,96,2,"{""1"": 88, ""2"": 97, ""3"": 96, ""4"": 73}",False,31.0,-20.0,1.0,33.0,31.0,0.0775,53.0,33.875,54.75,22.0,12.0,9.0,10.5,1.25,38.0,85.75,14.0,7.0,23.0,1.0,1.0,1.0,3.0,1.0,1.0,0.0,0.0,56.0,56.0,0.655,0.6666666666666666,0.0224,0.0224,0.1625,0.7386363636363636,0.26136363636363635,0.775,1.0,1.0,0.425,0.49716599190283406,0.0
20260621_132802_002f9dab,20260621_132802_002f9dab_g0022,22,1096002871,6,56,56,56,1,4,GREEN,pool_l45_100ms,3,2,[2],0,73,4,"{""1"": 88, ""2"": 97, ""3"": 96, ""4"": 73}",False,10.0,-62.0,3.0,44.0,31.0,0.0775,8.0,7.0,8.0,6.0,2.0,0.0,0.0,0.0,83.0,18.0,14.0,7.0,23.0,1.0,1.0,1.0,3.0,1.0,0.0,0.0,0.0,56.0,56.0,0.655,0.6666666666666666,0.0224,0.0224,0.1625,0.7386363636363636,0.26136363636363635,0.25,0.2833333333333333,1.0,0.6,0.42672064777327934,0.0
20260621_132802_002f9dab,20260621_132802_002f9dab_g0022,22,1096002871,7,64,64,64,1,1,RED,pool_l9_partial_200ms,0,2,[2],0,88,3,"{""1"": 88, ""2"": 97, ""3"": 96, ""4"": 73}",False,11.0,-51.0,1.0,51.0,37.0,0.0925,4.0,3.5,4.0,3.0,1.0,0.0,0.0,0.0,30.0,15.0,16.0,5.0,16.0,1.0,1.0,0.0,2.0,1.0,0.0,0.0,0.0,64.0,64.0,0.7075,0.7619047619047619,0.0256,0.0256,0.18,0.8181818181818182,0.18181818181818182,0.275,0.7166666666666667,1.0,0.5166666666666667,0.45833333333333337,0.0
20260621_132802_002f9dab,20260621_132802_002f9dab_g0022,22,1096002871,7,64,64,64,1,2,BLUE,pool_peer_500ms,1,2,[2],1,97,1,"{""1"": 88, ""2"": 97, ""3"": 96, ""4"": 73}",False,27.0,-19.0,0.0,53.0,37.0,0.0925,10.0,9.25,9.75,9.0,0.0,0.75,0.0,0.0,24.0,36.75,16.0,5.0,16.0,1.0,0.0,1.0,3.0,0.0,0.0,0.0,0.0,64.0,64.0,0.7075,0.7619047619047619,0.0256,0.0256,0.18,0.8181818181818182,0.18181818181818182,0.675,0.9,0.8,0.38333333333333336,0.5299707602339181,0.0
20260621_132802_002f9dab,20260621_132802_002f9dab_g0022,22,1096002871,7,64,64,64,1,3,YELLOW,champion,2,2,[2],0,96,2,"{""1"": 88, ""2"": 97, ""3"": 96, ""4"": 73}",False,28.0,-17.0,0.0,43.0,37.0,0.0925,20.0,18.125,20.5,17.0,0.0,3.0,0.5,0.0,14.0,48.5,16.0,5.0,17.0,1.0,0.0,1.0,2.0,1.0,1.0,0.0,0.0,64.0,64.0,0.7075,0.7619047619047619,0.0256,0.0256,0.1775,0.8068181818181818,0.19318181818181818,0.7,0.8666666666666667,1.0,0.375,0.4981467753891772,0.0
20260621_132802_002f9dab,20260621_132802_002f9dab_g0022,22,1096002871,7,64,64,64,1,4,GREEN,pool_l45_100ms,3,2,[2],0,73,4,"{""1"": 88, ""2"": 97, ""3"": 96, ""4"": 73}",False,7.0,-59.0,3.0,51.0,37.0,0.0925,0.0,0.0,0.0,0.0,0.0,0.0,0.0,0.0,34.0,7.0,16.0,5.0,20.0,0.0,0.0,1.0,3.0,1.0,0.0,0.0,0.0,64.0,64.0,0.7075,0.7619047619047619,0.0256,0.0256,0.17,0.7727272727272727,0.22727272727272727,0.175,0.15,1.0,0.55,0.4272445820433436,0.0
20260621_132802_002f9dab,20260621_132802_002f9dab_g0023,23,1327401132,0,8,8,8,1,1,RED,pool_peer_500ms,0,1,[1],1,105,1,"{""1"": 105, ""2"": 99, ""3"": 79, ""4"": 69}",False,9.0,-13.0,9.0,0.0,0.0,0.0,543.0,122.625,488.75,9.0,15.0,41.25,153.5,270.0,1269.0,497.75,2.0,19.0,78.0,1.0,1.0,2.0,6.0,9.0,1.0,0.0,0.0,8.0,8.0,0.0975,0.09523809523809523,0.0032,0.0032,0.025,0.11363636363636363,0.8863636363636364,0.225,1.0,1.0,0.18333333333333332,0.23684210526315785,0.0
20260621_132802_002f9dab,20260621_132802_002f9dab_g0023,23,1327401132,0,8,8,8,1,2,BLUE,champion,1,1,[1],0,99,2,"{""1"": 105, ""2"": 99, ""3"": 79, ""4"": 69}",False,8.0,-15.0,9.0,0.0,0.0,0.0,461.0,104.0,420.75,8.0,12.0,33.75,107.0,260.0,1351.0,428.75,2.0,19.0,79.0,1.0,1.0,2.0,5.0,10.0,1.0,1.0,0.0,8.0,8.0,0.0975,0.09523809523809523,0.0032,0.0032,0.0225,0.10227272727272728,0.8977272727272727,0.2,1.0,1.0,0.19166666666666668,0.21052631578947367,0.0
20260621_132802_002f9dab,20260621_132802_002f9dab_g0023,23,1327401132,0,8,8,8,1,3,YELLOW,pool_l45_100ms,2,1,[1],0,79,3,"{""1"": 105, ""2"": 99, ""3"": 79, ""4"": 69}",False,7.0,-17.0,9.0,0.0,0.0,0.0,364.0,86.0,341.875,7.0,10.0,27.0,108.5,189.375,1448.0,348.875,2.0,19.0,78.0,1.0,1.0,2.0,6.0,9.0,1.0,1.0,0.0,8.0,8.0,0.0975,0.09523809523809523,0.0032,0.0032,0.025,0.11363636363636363,0.8863636363636364,0.175,1.0,1.0,0.2,0.17368421052631577,0.0
20260621_132802_002f9dab,20260621_132802_002f9dab_g0023,23,1327401132,0,8,8,8,1,4,GREEN,pool_l9_partial_200ms,3,1,[1],0,69,4,"{""1"": 105, ""2"": 99, ""3"": 79, ""4"": 69}",False,7.0,-17.0,9.0,0.0,0.0,0.0,444.0,103.25,415.125,7.0,12.0,33.75,130.5,231.875,1368.0,422.125,2.0,19.0,78.0,1.0,1.0,2.0,6.0,9.0,1.0,1.0,0.0,8.0,8.0,0.0975,0.09523809523809523,0.0032,0.0032,0.025,0.11363636363636363,0.8863636363636364,0.175,1.0,1.0,0.2,0.20526315789473681,0.0
20260621_132802_002f9dab,20260621_132802_002f9dab_g0023,23,1327401132,1,16,16,16,1,1,RED,pool_peer_500ms,0,1,[1],1,105,1,"{""1"": 105, ""2"": 99, ""3"": 79, ""4"": 69}",False,16.0,-22.0,0.0,1.0,4.0,0.01,783.0,195.375,756.5,16.0,26.0,73.5,273.5,367.5,1829.0,772.5,4.0,17.0,68.0,1.0,1.0,2.0,6.0,7.0,1.0,0.0,0.0,16.0,16.0,0.1975,0.19047619047619047,0.0064,0.0064,0.05,0.22727272727272727,0.7727272727272727,0.4,1.0,1.0,0.31666666666666665,0.49473684210526314,0.0
20260621_132802_002f9dab,20260621_132802_002f9dab_g0023,23,1327401132,1,16,16,16,1,2,BLUE,champion,1,1,[1],0,99,2,"{""1"": 105, ""2"": 99, ""3"": 79, ""4"": 69}",False,17.0,-20.0,1.0,1.0,4.0,0.01,893.0,211.25,832.125,17.0,28.0,78.75,246.5,461.875,1719.0,849.125,4.0,17.0,69.0,1.0,1.0,2.0,5.0,8.0,1.0,0.0,0.0,16.0,16.0,0.1975,0.19047619047619047,0.0064,0.0064,0.0475,0.2159090909090909,0.7840909090909091,0.425,1.0,1.0,0.30833333333333335,0.47091412742382277,0.0
20260621_132802_002f9dab,20260621_132802_002f9dab_g0023,23,1327401132,1,16,16,16,1,3,YELLOW,pool_l45_100ms,2,1,[1],0,79,3,"{""1"": 105, ""2"": 99, ""3"": 79, ""4"": 69}",False,11.0,-32.0,5.0,0.0,4.0,0.01,411.0,99.0,370.5,11.0,15.0,36.0,136.0,172.5,2201.0,381.5,4.0,17.0,68.0,1.0,1.0,2.0,6.0,7.0,1.0,0.0,0.0,16.0,16.0,0.1975,0.19047619047619047,0.0064,0.0064,0.05,0.22727272727272727,0.7727272727272727,0.275,1.0,1.0,0.35833333333333334,0.3526315789473684,0.0
20260621_132802_002f9dab,20260621_132802_002f9dab_g0023,23,1327401132,1,16,16,16,1,4,GREEN,pool_l9_partial_200ms,3,1,[1],0,69,4,"{""1"": 105, ""2"": 99, ""3"": 79, ""4"": 69}",False,10.0,-34.0,7.0,0.0,4.0,0.01,525.0,121.875,470.625,10.0,17.0,45.0,173.0,225.625,2087.0,480.625,4.0,17.0,68.0,1.0,1.0,2.0,6.0,7.0,1.0,0.0,0.0,16.0,16.0,0.1975,0.19047619047619047,0.0064,0.0064,0.05,0.22727272727272727,0.7727272727272727,0.25,1.0,1.0,0.36666666666666664,0.3131578947368421,0.0
20260621_132802_002f9dab,20260621_132802_002f9dab_g0023,23,1327401132,2,24,24,24,1,1,RED,pool_peer_500ms,0,1,[1],1,105,1,"{""1"": 105, ""2"": 99, ""3"": 79, ""4"": 69}",False,21.0,-29.0,0.0,9.0,4.0,0.01,578.0,171.125,611.5,19.0,31.0,79.5,274.5,207.5,1107.0,632.5,6.0,15.0,58.0,1.0,1.0,2.0,6.0,5.0,1.0,0.0,0.0,24.0,24.0,0.295,0.2857142857142857,0.0096,0.0096,0.075,0.3409090909090909,0.6590909090909091,0.525,1.0,1.0,0.4166666666666667,0.5964912280701754,0.0
20260621_132802_002f9dab,20260621_132802_002f9dab_g0023,23,1327401132,2,24,24,24,1,2,BLUE,champion,1,1,[1],0,99,2,"{""1"": 105, ""2"": 99, ""3"": 79, ""4"": 69}",False,23.0,-25.0,0.0,10.0,4.0,0.01,678.0,175.875,648.875,21.0,32.0,78.75,184.0,333.125,1007.0,671.875,6.0,15.0,60.0,1.0,1.0,2.0,4.0,7.0,1.0,0.0,0.0,24.0,24.0,0.295,0.2857142857142857,0.0096,0.0096,0.07,0.3181818181818182,0.6818181818181818,0.575,1.0,1.0,0.4,0.5714285714285714,0.0
20260621_132802_002f9dab,20260621_132802_002f9dab_g0023,23,1327401132,2,24,24,24,1,3,YELLOW,pool_l45_100ms,2,1,[1],0,79,3,"{""1"": 105, ""2"": 99, ""3"": 79, ""4"": 69}",False,12.0,-47.0,5.0,4.0,4.0,0.01,111.0,35.875,99.625,12.0,9.0,13.5,37.0,28.125,1574.0,111.625,6.0,15.0,58.0,1.0,1.0,2.0,6.0,5.0,0.0,0.0,0.0,24.0,24.0,0.295,0.2857142857142857,0.0096,0.0096,0.075,0.3409090909090909,0.6590909090909091,0.3,1.0,1.0,0.4916666666666667,0.39473684210526316,0.0
20260621_132802_002f9dab,20260621_132802_002f9dab_g0023,23,1327401132,2,24,24,24,1,4,GREEN,pool_l9_partial_200ms,3,1,[1],0,69,4,"{""1"": 105, ""2"": 99, ""3"": 79, ""4"": 69}",False,15.0,-41.0,4.0,3.0,4.0,0.01,318.0,86.25,283.125,14.0,21.0,42.0,130.5,75.625,1367.0,298.125,6.0,15.0,58.0,1.0,1.0,2.0,6.0,5.0,0.0,0.0,0.0,24.0,24.0,0.295,0.2857142857142857,0.0096,0.0096,0.075,0.3409090909090909,0.6590909090909091,0.375,1.0,1.0,0.4666666666666667,0.43333333333333324,0.0
20260621_132802_002f9dab,20260621_132802_002f9dab_g0023,23,1327401132,3,32,32,32,1,1,RED,pool_peer_500ms,0,1,[1],1,105,1,"{""1"": 105, ""2"": 99, ""3"": 79, ""4"": 69}",False,27.0,-28.0,0.0,19.0,7.0,0.0175,347.0,114.0,358.125,22.0,29.0,56.25,171.5,79.375,558.0,385.125,8.0,13.0,48.0,1.0,1.0,2.0,6.0,3.0,0.0,0.0,0.0,32.0,32.0,0.395,0.38095238095238093,0.0128,0.0128,0.1,0.45454545454545453,0.5454545454545454,0.675,1.0,1.0,0.4583333333333333,0.5960526315789474,0.0
20260621_132802_002f9dab,20260621_132802_002f9dab_g0023,23,1327401132,3,32,32,32,1,2,BLUE,champion,1,1,[1],0,99,2,"{""1"": 105, ""2"": 99, ""3"": 79, ""4"": 69}",False,27.0,-28.0,0.0,22.0,7.0,0.0175,381.0,119.375,405.875,20.0,26.0,60.0,128.0,171.875,524.0,432.875,8.0,13.0,50.0,1.0,1.0,2.0,4.0,5.0,1.0,0.0,0.0,32.0,32.0,0.395,0.38095238095238093,0.0128,0.0128,0.095,0.4318181818181818,0.5681818181818182,0.675,1.0,1.0,0.4583333333333333,0.5969529085872576,0.0
20260621_132802_002f9dab,20260621_132802_002f9dab_g0023,23,1327401132,3,32,32,32,1,3,YELLOW,pool_l45_100ms,2,1,[1],0,79,3,"{""1"": 105, ""2"": 99, ""3"": 79, ""4"": 69}",False,13.0,-56.0,5.0,6.0,7.0,0.0175,34.0,19.75,32.75,12.0,8.0,6.75,6.0,0.0,871.0,45.75,8.0,13.0,48.0,1.0,1.0,2.0,6.0,3.0,0.0,0.0,0.0,32.0,32.0,0.395,0.38095238095238093,0.0128,0.0128,0.1,0.45454545454545453,0.5454545454545454,0.325,1.0,1.0,0.575,0.40921052631578947,0.0
20260621_132802_002f9dab,20260621_132802_002f9dab_g0023,23,1327401132,3,32,32,32,1,4,GREEN,pool_l9_partial_200ms,3,1,[1],0,69,4,"{""1"": 105, ""2"": 99, ""3"": 79, ""4"": 69}",False,15.0,-52.0,4.0,14.0,7.0,0.0175,143.0,49.0,134.75,13.0,17.0,26.25,61.0,17.5,762.0,149.75,8.0,13.0,48.0,1.0,1.0,2.0,6.0,3.0,0.0,0.0,0.0,32.0,32.0,0.395,0.38095238095238093,0.0128,0.0128,0.1,0.45454545454545453,0.5454545454545454,0.375,1.0,1.0,0.5583333333333333,0.4473684210526315,0.0
20260621_132802_002f9dab,20260621_132802_002f9dab_g0023,23,1327401132,4,40,40,40,1,1,RED,pool_peer_500ms,0,1,[1],1,105,1,"{""1"": 105, ""2"": 99, ""3"": 79, ""4"": 69}",False,28.0,-23.0,0.0,27.0,25.0,0.0625,197.0,70.375,200.5,19.0,22.0,36.75,71.5,51.25,319.0,228.5,10.0,11.0,40.0,1.0,1.0,2.0,4.0,3.0,0.0,0.0,0.0,40.0,40.0,0.4825,0.47619047619047616,0.016,0.016,0.12,0.5454545454545454,0.45454545454545453,0.7,1.0,1.0,0.425,0.6195175438596492,0.0
20260621_132802_002f9dab,20260621_132802_002f9dab_g0023,23,1327401132,4,40,40,40,1,2,BLUE,champion,1,1,[1],0,99,2,"{""1"": 105, ""2"": 99, ""3"": 79, ""4"": 69}",False,31.0,-17.0,0.0,29.0,25.0,0.0625,258.0,86.625,267.125,20.0,23.0,50.25,72.0,101.875,258.0,298.125,10.0,11.0,41.0,1.0,1.0,2.0,3.0,4.0,1.0,0.0,0.0,40.0,40.0,0.4825,0.47619047619047616,0.016,0.016,0.1175,0.5340909090909091,0.4659090909090909,0.775,1.0,1.0,0.4,0.606942889137738,0.0
20260621_132802_002f9dab,20260621_132802_002f9dab_g0023,23,1327401132,4,40,40,40,1,3,YELLOW,pool_l45_100ms,2,1,[1],0,79,3,"{""1"": 105, ""2"": 99, ""3"": 79, ""4"": 69}",False,8.0,-63.0,2.0,10.0,25.0,0.0625,13.0,9.5,13.25,7.0,3.0,2.25,1.0,0.0,503.0,21.25,10.0,11.0,40.0,1.0,1.0,2.0,4.0,3.0,0.0,0.0,0.0,40.0,40.0,0.4825,0.47619047619047616,0.016,0.016,0.12,0.5454545454545454,0.45454545454545453,0.2,0.85,1.0,0.5916666666666667,0.430921052631579,0.0
20260621_132802_002f9dab,20260621_132802_002f9dab_g0023,23,1327401132,4,40,40,40,1,4,GREEN,pool_l9_partial_200ms,3,1,[1],0,69,4,"{""1"": 105, ""2"": 99, ""3"": 79, ""4"": 69}",False,12.0,-55.0,4.0,14.0,25.0,0.0625,48.0,20.375,42.75,9.0,9.0,9.0,14.5,1.25,468.0,54.75,10.0,11.0,38.0,1.0,1.0,2.0,6.0,1.0,0.0,0.0,0.0,40.0,40.0,0.4825,0.47619047619047616,0.016,0.016,0.125,0.5681818181818182,0.4318181818181818,0.3,0.6833333333333333,1.0,0.5583333333333333,0.4242105263157895,0.0
20260621_132802_002f9dab,20260621_132802_002f9dab_g0023,23,1327401132,5,48,48,48,1,1,RED,pool_peer_500ms,0,1,[1],1,105,1,"{""1"": 105, ""2"": 99, ""3"": 79, ""4"": 69}",False,31.0,-23.0,0.0,37.0,32.0,0.08,83.0,41.375,86.0,19.0,16.0,23.25,21.5,6.25,119.0,117.0,12.0,9.0,31.0,1.0,1.0,2.0,3.0,2.0,0.0,0.0,0.0,48.0,48.0,0.575,0.5714285714285714,0.0192,0.0192,0.1425,0.6477272727272727,0.3522727272727273,0.775,1.0,1.0,0.45,0.605724838411819,0.0
20260621_132802_002f9dab,20260621_132802_002f9dab_g0023,23,1327401132,5,48,48,48,1,2,BLUE,champion,1,1,[1],0,99,2,"{""1"": 105, ""2"": 99, ""3"": 79, ""4"": 69}",False,35.0,-15.0,0.0,43.0,32.0,0.08,71.0,35.875,73.625,18.0,13.0,15.75,15.0,11.875,131.0,108.625,12.0,9.0,31.0,1.0,1.0,2.0,3.0,2.0,0.0,0.0,0.0,48.0,48.0,0.575,0.5714285714285714,0.0192,0.0192,0.1425,0.6477272727272727,0.3522727272727273,0.875,1.0,1.0,0.4166666666666667,0.5724838411819022,0.0
20260621_132802_002f9dab,20260621_132802_002f9dab_g0023,23,1327401132,5,48,48,48,1,3,YELLOW,pool_l45_100ms,2,1,[1],0,79,3,"{""1"": 105, ""2"": 99, ""3"": 79, ""4"": 69}",False,10.0,-65.0,2.0,14.0,32.0,0.08,41.0,19.625,44.375,9.0,6.0,8.25,13.0,8.125,161.0,54.375,12.0,9.0,31.0,1.0,1.0,2.0,3.0,2.0,0.0,0.0,0.0,48.0,48.0,0.575,0.5714285714285714,0.0192,0.0192,0.1425,0.6477272727272727,0.3522727272727273,0.25,1.0,1.0,0.625,0.40073868882733144,0.0
20260621_132802_002f9dab,20260621_132802_002f9dab_g0023,23,1327401132,5,48,48,48,1,4,GREEN,pool_l9_partial_200ms,3,1,[1],0,69,4,"{""1"": 105, ""2"": 99, ""3"": 79, ""4"": 69}",False,9.0,-67.0,2.0,23.0,32.0,0.08,7.0,5.75,6.75,5.0,1.0,0.75,0.0,0.0,195.0,15.75,12.0,9.0,29.0,1.0,1.0,2.0,5.0,0.0,0.0,0.0,0.0,48.0,48.0,0.575,0.5714285714285714,0.0192,0.0192,0.1475,0.6704545454545454,0.32954545454545453,0.225,0.4,0.8,0.6333333333333333,0.4380017841213203,0.0
20260621_132802_002f9dab,20260621_132802_002f9dab_g0023,23,1327401132,6,56,56,57,2,1,RED,pool_peer_500ms,0,1,[1],1,105,1,"{""1"": 105, ""2"": 99, ""3"": 79, ""4"": 69}",False,30.0,-24.0,0.0,47.0,33.0,0.0825,24.0,19.5,26.0,15.0,6.0,3.0,2.0,0.0,53.0,56.0,15.0,6.0,18.0,1.0,1.0,1.0,3.0,0.0,0.0,0.0,0.0,56.0,57.0,0.6575,0.7142857142857143,0.0228,0.0224,0.175,0.7954545454545454,0.20454545454545456,0.75,1.0,0.8,0.45,0.5601503759398496,0.0
20260621_132802_002f9dab,20260621_132802_002f9dab_g0023,23,1327401132,6,56,56,57,2,2,BLUE,champion,1,1,[1],0,99,2,"{""1"": 105, ""2"": 99, ""3"": 79, ""4"": 69}",False,35.0,-14.0,0.0,58.0,33.0,0.0825,36.0,24.5,39.0,16.0,8.0,9.0,6.0,0.0,41.0,74.0,14.0,7.0,22.0,1.0,1.0,2.0,2.0,1.0,0.0,0.0,0.0,56.0,57.0,0.6575,0.6666666666666666,0.0228,0.0224,0.165,0.75,0.25,0.875,1.0,1.0,0.4083333333333333,0.5765550239234449,0.0
20260621_132802_002f9dab,20260621_132802_002f9dab_g0023,23,1327401132,6,56,56,57,2,3,YELLOW,pool_l45_100ms,2,1,[1],0,79,3,"{""1"": 105, ""2"": 99, ""3"": 79, ""4"": 69}",False,11.0,-62.0,2.0,33.0,33.0,0.0825,17.0,11.0,17.75,7.0,4.0,3.75,3.0,0.0,60.0,28.75,14.0,7.0,21.0,1.0,1.0,2.0,3.0,0.0,0.0,0.0,0.0,56.0,57.0,0.6575,0.6666666666666666,0.0228,0.0224,0.1675,0.7613636363636364,0.23863636363636365,0.275,0.9333333333333333,0.8,0.6083333333333333,0.40219952867242736,0.0
20260621_132802_002f9dab,20260621_132802_002f9dab_g0023,23,1327401132,6,56,56,57,2,4,GREEN,pool_l9_partial_200ms,3,1,[1],0,69,4,"{""1"": 105, ""2"": 99, ""3"": 79, ""4"": 69}",False,8.0,-68.0,1.0,24.0,33.0,0.0825,0.0,0.0,0.0,0.0,0.0,0.0,0.0,0.0,77.0,8.0,13.0,8.0,28.0,0.0,1.0,2.0,5.0,0.0,0.0,0.0,0.0,56.0,57.0,0.6575,0.6190476190476191,0.0228,0.0224,0.15,0.6818181818181818,0.3181818181818182,0.2,0.35,0.8,0.6333333333333333,0.44561403508771935,0.0
20260621_132802_002f9dab,20260621_132802_002f9dab_g0023,23,1327401132,7,64,64,67,4,1,RED,pool_peer_500ms,0,1,[1],1,105,1,"{""1"": 105, ""2"": 99, ""3"": 79, ""4"": 69}",False,28.0,-20.0,0.0,57.0,40.0,0.1,9.0,3.75,9.0,0.0,5.0,3.0,1.0,0.0,15.0,37.0,17.0,4.0,13.0,0.0,1.0,1.0,2.0,0.0,0.0,0.0,0.0,64.0,67.0,0.7125,0.8095238095238095,0.0268,0.0256,0.1875,0.8522727272727273,0.14772727272727273,0.7,0.7,0.8,0.4,0.5445614035087718,0.0
20260621_132802_002f9dab,20260621_132802_002f9dab_g0023,23,1327401132,7,64,64,67,4,2,BLUE,champion,1,1,[1],0,99,2,"{""1"": 105, ""2"": 99, ""3"": 79, ""4"": 69}",False,30.0,-16.0,0.0,68.0,40.0,0.1,15.0,6.0,14.5,0.0,7.0,7.5,0.0,0.0,9.0,44.5,17.0,4.0,12.0,0.0,1.0,2.0,1.0,0.0,0.0,0.0,0.0,64.0,67.0,0.7125,0.8095238095238095,0.0268,0.0256,0.19,0.8636363636363636,0.13636363636363635,0.75,0.8,0.8,0.38333333333333336,0.5824099722991689,0.0
20260621_132802_002f9dab,20260621_132802_002f9dab_g0023,23,1327401132,7,64,64,67,4,3,YELLOW,pool_l45_100ms,2,1,[1],0,79,3,"{""1"": 105, ""2"": 99, ""3"": 79, ""4"": 69}",False,10.0,-56.0,2.0,41.0,40.0,0.1,0.0,0.0,0.0,0.0,0.0,0.0,0.0,0.0,24.0,10.0,17.0,4.0,14.0,0.0,0.0,2.0,2.0,0.0,0.0,0.0,0.0,64.0,67.0,0.7125,0.8095238095238095,0.0268,0.0256,0.185,0.8409090909090909,0.1590909090909091,0.25,0.45,0.8,0.55,0.40825035561877665,0.0
20260621_132802_002f9dab,20260621_132802_002f9dab_g0023,23,1327401132,7,64,64,67,4,4,GREEN,pool_l9_partial_200ms,3,1,[1],0,69,4,"{""1"": 105, ""2"": 99, ""3"": 79, ""4"": 69}",False,8.0,-60.0,1.0,28.0,40.0,0.1,0.0,0.0,0.0,0.0,0.0,0.0,0.0,0.0,24.0,8.0,13.0,8.0,28.0,0.0,1.0,2.0,5.0,0.0,0.0,0.0,0.0,64.0,67.0,0.7125,0.6190476190476191,0.0268,0.0256,0.15,0.6818181818181818,0.3181818181818182,0.2,0.2833333333333333,0.8,0.5666666666666667,0.44561403508771935,0.0
20260621_132802_002f9dab,20260621_132802_002f9dab_g0024,24,1155996364,0,8,8,8,1,1,RED,champion,0,2,[2],0,84,3,"{""1"": 84, ""2"": 102, ""3"": 79, ""4"": 93}",False,8.0,-13.0,9.0,0.0,3.0,0.0075,512.0,119.5,486.75,8.0,14.0,39.75,125.0,300.0,1234.0,494.75,2.0,19.0,79.0,1.0,1.0,2.0,5.0,10.0,1.0,0.0,1.0,8.0,8.0,0.0975,0.09523809523809523,0.0032,0.0032,0.0225,0.10227272727272728,0.8977272727272727,0.2,1.0,1.0,0.175,0.23976608187134507,0.0
20260621_132802_002f9dab,20260621_132802_002f9dab_g0024,24,1155996364,0,8,8,8,1,2,BLUE,pool_l45_100ms,1,2,[2],1,102,1,"{""1"": 84, ""2"": 102, ""3"": 79, ""4"": 93}",False,5.0,-19.0,9.0,0.0,3.0,0.0075,327.0,76.25,309.5,5.0,8.0,24.0,95.0,177.5,1419.0,314.5,2.0,19.0,78.0,1.0,1.0,2.0,6.0,9.0,1.0,1.0,0.0,8.0,8.0,0.0975,0.09523809523809523,0.0032,0.0032,0.025,0.11363636363636363,0.8863636363636364,0.125,1.0,1.0,0.2,0.15263157894736834,0.0
20260621_132802_002f9dab,20260621_132802_002f9dab_g0024,24,1155996364,0,8,8,8,1,3,YELLOW,pool_l9_partial_200ms,2,2,[2],0,79,4,"{""1"": 84, ""2"": 102, ""3"": 79, ""4"": 93}",False,7.0,-15.0,9.0,0.0,3.0,0.0075,364.0,86.0,341.875,7.0,10.0,27.0,108.5,189.375,1382.0,348.875,2.0,19.0,78.0,1.0,1.0,2.0,6.0,9.0,1.0,1.0,0.0,8.0,8.0,0.0975,0.09523809523809523,0.0032,0.0032,0.025,0.11363636363636363,0.8863636363636364,0.175,1.0,1.0,0.18333333333333332,0.17368421052631577,0.0
20260621_132802_002f9dab,20260621_132802_002f9dab_g0024,24,1155996364,0,8,8,8,1,4,GREEN,pool_peer_500ms,3,2,[2],0,93,2,"{""1"": 84, ""2"": 102, ""3"": 79, ""4"": 93}",False,9.0,-11.0,9.0,0.0,3.0,0.0075,543.0,122.625,488.75,9.0,15.0,41.25,153.5,270.0,1203.0,497.75,2.0,19.0,78.0,1.0,1.0,2.0,6.0,9.0,1.0,0.0,0.0,8.0,8.0,0.0975,0.09523809523809523,0.0032,0.0032,0.025,0.11363636363636363,0.8863636363636364,0.225,1.0,1.0,0.16666666666666669,0.23684210526315785,0.0
20260621_132802_002f9dab,20260621_132802_002f9dab_g0024,24,1155996364,1,16,16,16,1,1,RED,champion,0,2,[2],0,84,3,"{""1"": 84, ""2"": 102, ""3"": 79, ""4"": 93}",False,18.0,-17.0,3.0,0.0,3.0,0.0075,949.0,223.5,878.375,18.0,30.0,84.75,262.5,483.125,1630.0,896.375,4.0,17.0,69.0,1.0,1.0,2.0,5.0,8.0,1.0,0.0,0.0,16.0,16.0,0.1975,0.19047619047619047,0.0064,0.0064,0.0475,0.2159090909090909,0.7840909090909091,0.45,1.0,1.0,0.29166666666666663,0.48199445983379496,0.0
20260621_132802_002f9dab,20260621_132802_002f9dab_g0024,24,1155996364,1,16,16,16,1,2,BLUE,pool_l45_100ms,1,2,[2],1,102,1,"{""1"": 84, ""2"": 102, ""3"": 79, ""4"": 93}",False,9.0,-35.0,6.0,0.0,3.0,0.0075,505.0,118.875,461.5,9.0,16.0,45.0,171.5,220.0,2074.0,470.5,4.0,17.0,68.0,1.0,1.0,2.0,6.0,7.0,1.0,0.0,0.0,16.0,16.0,0.1975,0.19047619047619047,0.0064,0.0064,0.05,0.22727272727272727,0.7727272727272727,0.225,1.0,1.0,0.36666666666666664,0.3263157894736842,0.0
20260621_132802_002f9dab,20260621_132802_002f9dab_g0024,24,1155996364,1,16,16,16,1,3,YELLOW,pool_l9_partial_200ms,2,2,[2],0,79,4,"{""1"": 84, ""2"": 102, ""3"": 79, ""4"": 93}",False,11.0,-31.0,5.0,2.0,3.0,0.0075,419.0,100.875,379.0,11.0,15.0,36.0,139.5,177.5,2160.0,390.0,4.0,17.0,68.0,1.0,1.0,2.0,6.0,7.0,1.0,0.0,0.0,16.0,16.0,0.1975,0.19047619047619047,0.0064,0.0064,0.05,0.22727272727272727,0.7727272727272727,0.275,1.0,1.0,0.35,0.3526315789473684,0.0
20260621_132802_002f9dab,20260621_132802_002f9dab_g0024,24,1155996364,1,16,16,16,1,4,GREEN,pool_peer_500ms,3,2,[2],0,93,2,"{""1"": 84, ""2"": 102, ""3"": 79, ""4"": 93}",False,15.0,-23.0,4.0,2.0,3.0,0.0075,706.0,176.375,679.125,15.0,25.0,66.0,245.0,328.125,1873.0,694.125,4.0,17.0,68.0,1.0,1.0,2.0,6.0,7.0,1.0,0.0,0.0,16.0,16.0,0.1975,0.19047619047619047,0.0064,0.0064,0.05,0.22727272727272727,0.7727272727272727,0.375,1.0,1.0,0.31666666666666665,0.4526315789473684,0.0
20260621_132802_002f9dab,20260621_132802_002f9dab_g0024,24,1155996364,2,24,24,24,1,1,RED,champion,0,2,[2],0,84,3,"{""1"": 84, ""2"": 102, ""3"": 79, ""4"": 93}",False,22.0,-24.0,0.0,4.0,6.0,0.015,662.0,171.75,626.125,20.0,30.0,77.25,224.5,274.375,873.0,648.125,6.0,15.0,59.0,1.0,1.0,2.0,5.0,6.0,1.0,0.0,0.0,24.0,24.0,0.2975,0.2857142857142857,0.0096,0.0096,0.0725,0.32954545454545453,0.6704545454545454,0.55,1.0,1.0,0.38333333333333336,0.5553539019963702,0.0
20260621_132802_002f9dab,20260621_132802_002f9dab_g0024,24,1155996364,2,24,24,24,1,2,BLUE,pool_l45_100ms,1,2,[2],1,102,1,"{""1"": 84, ""2"": 102, ""3"": 79, ""4"": 93}",False,13.0,-42.0,0.0,9.0,6.0,0.015,243.0,64.0,220.625,10.0,12.0,27.0,93.5,78.125,1292.0,233.625,6.0,15.0,58.0,1.0,1.0,2.0,6.0,5.0,0.0,0.0,0.0,24.0,24.0,0.2975,0.2857142857142857,0.0096,0.0096,0.075,0.3409090909090909,0.6590909090909091,0.325,1.0,1.0,0.4583333333333333,0.5017543859649123,0.0
20260621_132802_002f9dab,20260621_132802_002f9dab_g0024,24,1155996364,2,24,24,24,1,3,YELLOW,pool_l9_partial_200ms,2,2,[2],0,79,4,"{""1"": 84, ""2"": 102, ""3"": 79, ""4"": 93}",False,12.0,-44.0,5.0,4.0,6.0,0.015,170.0,49.0,154.5,12.0,10.0,19.5,58.0,55.0,1365.0,166.5,6.0,15.0,58.0,1.0,1.0,2.0,6.0,5.0,0.0,0.0,0.0,24.0,24.0,0.2975,0.2857142857142857,0.0096,0.0096,0.075,0.3409090909090909,0.6590909090909091,0.3,1.0,1.0,0.4666666666666667,0.39473684210526316,0.0
20260621_132802_002f9dab,20260621_132802_002f9dab_g0024,24,1155996364,2,24,24,24,1,4,GREEN,pool_peer_500ms,3,2,[2],0,93,2,"{""1"": 84, ""2"": 102, ""3"": 79, ""4"": 93}",False,21.0,-26.0,2.0,8.0,6.0,0.015,460.0,136.875,480.25,19.0,26.0,58.5,200.5,176.25,1075.0,501.25,6.0,15.0,58.0,1.0,1.0,2.0,6.0,5.0,1.0,0.0,0.0,24.0,24.0,0.2975,0.2857142857142857,0.0096,0.0096,0.075,0.3409090909090909,0.6590909090909091,0.525,1.0,1.0,0.39166666666666666,0.5491228070175438,0.0
20260621_132802_002f9dab,20260621_132802_002f9dab_g0024,24,1155996364,3,32,32,32,1,1,RED,champion,0,2,[2],0,84,3,"{""1"": 84, ""2"": 102, ""3"": 79, ""4"": 93}",False,28.0,-23.0,0.0,9.0,8.0,0.02,528.0,154.0,523.125,25.0,34.0,80.25,169.5,214.375,257.0,551.125,8.0,13.0,50.0,1.0,1.0,2.0,4.0,5.0,1.0,0.0,0.0,32.0,32.0,0.3925,0.38095238095238093,0.0128,0.0128,0.095,0.4318181818181818,0.5681818181818182,0.7,1.0,1.0,0.425,0.5664819944598338,0.0
20260621_132802_002f9dab,20260621_132802_002f9dab_g0024,24,1155996364,3,32,32,32,1,2,BLUE,pool_l45_100ms,1,2,[2],1,102,1,"{""1"": 84, ""2"": 102, ""3"": 79, ""4"": 93}",False,15.0,-49.0,0.0,12.0,8.0,0.02,84.0,33.75,85.625,12.0,11.0,14.25,36.5,11.875,701.0,100.625,8.0,13.0,48.0,1.0,1.0,2.0,6.0,3.0,0.0,0.0,0.0,32.0,32.0,0.3925,0.38095238095238093,0.0128,0.0128,0.1,0.45454545454545453,0.5454545454545454,0.375,1.0,1.0,0.5333333333333333,0.4894736842105264,0.0
20260621_132802_002f9dab,20260621_132802_002f9dab_g0024,24,1155996364,3,32,32,32,1,3,YELLOW,pool_l9_partial_200ms,2,2,[2],0,79,4,"{""1"": 84, ""2"": 102, ""3"": 79, ""4"": 93}",False,13.0,-53.0,5.0,9.0,8.0,0.02,77.0,33.0,82.5,13.0,9.0,14.25,30.0,16.25,708.0,95.5,8.0,13.0,48.0,1.0,1.0,2.0,6.0,3.0,0.0,0.0,0.0,32.0,32.0,0.3925,0.38095238095238093,0.0128,0.0128,0.1,0.45454545454545453,0.5454545454545454,0.325,1.0,1.0,0.55,0.4236842105263158,0.0
20260621_132802_002f9dab,20260621_132802_002f9dab_g0024,24,1155996364,3,32,32,32,1,4,GREEN,pool_peer_500ms,3,2,[2],0,93,2,"{""1"": 84, ""2"": 102, ""3"": 79, ""4"": 93}",False,23.0,-33.0,2.0,16.0,8.0,0.02,96.0,41.875,97.625,18.0,13.0,19.5,29.0,18.125,689.0,120.625,8.0,13.0,49.0,1.0,1.0,2.0,5.0,4.0,1.0,0.0,0.0,32.0,32.0,0.3925,0.38095238095238093,0.0128,0.0128,0.0975,0.4431818181818182,0.5568181818181818,0.575,1.0,1.0,0.4666666666666667,0.5371120107962213,0.0
20260621_132802_002f9dab,20260621_132802_002f9dab_g0024,24,1155996364,4,40,40,40,1,1,RED,champion,0,2,[2],0,84,3,"{""1"": 84, ""2"": 102, ""3"": 79, ""4"": 93}",False,31.0,-24.0,0.0,16.0,18.0,0.045,85.0,46.75,87.0,24.0,22.0,21.0,15.0,5.0,173.0,118.0,10.0,11.0,40.0,1.0,1.0,2.0,4.0,3.0,1.0,0.0,0.0,40.0,40.0,0.49,0.47619047619047616,0.016,0.016,0.12,0.5454545454545454,0.45454545454545453,0.775,1.0,1.0,0.4583333333333333,0.5350877192982455,0.0
20260621_132802_002f9dab,20260621_132802_002f9dab_g0024,24,1155996364,4,40,40,40,1,2,BLUE,pool_l45_100ms,1,2,[2],1,102,1,"{""1"": 84, ""2"": 102, ""3"": 79, ""4"": 93}",False,13.0,-60.0,0.0,23.0,18.0,0.045,21.0,13.625,21.5,9.0,5.0,3.0,4.5,0.0,237.0,34.5,10.0,11.0,38.0,1.0,1.0,2.0,6.0,1.0,0.0,0.0,0.0,40.0,40.0,0.49,0.47619047619047616,0.016,0.016,0.125,0.5681818181818182,0.4318181818181818,0.325,1.0,1.0,0.6083333333333333,0.47684210526315796,0.0
20260621_132802_002f9dab,20260621_132802_002f9dab_g0024,24,1155996364,4,40,40,40,1,3,YELLOW,pool_l9_partial_200ms,2,2,[2],0,79,4,"{""1"": 84, ""2"": 102, ""3"": 79, ""4"": 93}",False,15.0,-56.0,5.0,15.0,18.0,0.045,42.0,23.625,40.5,15.0,7.0,6.75,10.5,1.25,216.0,55.5,10.0,11.0,38.0,1.0,1.0,2.0,6.0,1.0,0.0,0.0,0.0,40.0,40.0,0.49,0.47619047619047616,0.016,0.016,0.125,0.5681818181818182,0.4318181818181818,0.375,0.9166666666666666,1.0,0.5916666666666667,0.3989473684210526,0.0
20260621_132802_002f9dab,20260621_132802_002f9dab_g0024,24,1155996364,4,40,40,40,1,4,GREEN,pool_peer_500ms,3,2,[2],0,93,2,"{""1"": 84, ""2"": 102, ""3"": 79, ""4"": 93}",False,27.0,-32.0,2.0,22.0,18.0,0.045,110.0,50.5,117.0,21.0,16.0,25.5,42.0,12.5,148.0,144.0,10.0,11.0,40.0,1.0,1.0,2.0,4.0,3.0,1.0,0.0,0.0,40.0,40.0,0.49,0.47619047619047616,0.016,0.016,0.12,0.5454545454545454,0.45454545454545453,0.675,1.0,1.0,0.4916666666666667,0.5471491228070176,0.0
20260621_132802_002f9dab,20260621_132802_002f9dab_g0024,24,1155996364,5,48,48,48,1,1,RED,champion,0,2,[2],0,84,3,"{""1"": 84, ""2"": 102, ""3"": 79, ""4"": 93}",False,32.0,-26.0,0.0,26.0,38.0,0.095,42.0,30.25,43.25,21.0,13.0,5.25,4.0,0.0,119.0,75.25,12.0,9.0,32.0,1.0,1.0,1.0,4.0,2.0,1.0,0.0,0.0,48.0,48.0,0.575,0.5714285714285714,0.0192,0.0192,0.14,0.6363636363636364,0.36363636363636365,0.8,1.0,1.0,0.4833333333333333,0.5300751879699248,0.0
20260621_132802_002f9dab,20260621_132802_002f9dab_g0024,24,1155996364,5,48,48,48,1,2,BLUE,pool_l45_100ms,1,2,[2],1,102,1,"{""1"": 84, ""2"": 102, ""3"": 79, ""4"": 93}",False,15.0,-60.0,0.0,34.0,38.0,0.095,22.0,14.75,22.75,9.0,8.0,3.75,2.0,0.0,139.0,37.75,12.0,9.0,30.0,1.0,1.0,2.0,4.0,1.0,0.0,0.0,0.0,48.0,48.0,0.575,0.5714285714285714,0.0192,0.0192,0.145,0.6590909090909091,0.3409090909090909,0.375,0.7,1.0,0.625,0.4782214156079855,0.0
20260621_132802_002f9dab,20260621_132802_002f9dab_g0024,24,1155996364,5,48,48,48,1,3,YELLOW,pool_l9_partial_200ms,2,2,[2],0,79,4,"{""1"": 84, ""2"": 102, ""3"": 79, ""4"": 93}",False,12.0,-66.0,5.0,25.0,38.0,0.095,26.0,15.875,25.75,11.0,3.0,5.25,6.5,0.0,135.0,37.75,12.0,9.0,29.0,1.0,1.0,2.0,5.0,0.0,0.0,0.0,0.0,48.0,48.0,0.575,0.5714285714285714,0.0192,0.0192,0.1475,0.6704545454545454,0.32954545454545453,0.3,0.5833333333333334,0.8,0.65,0.3853702051739518,0.0
20260621_132802_002f9dab,20260621_132802_002f9dab_g0024,24,1155996364,5,48,48,48,1,4,GREEN,pool_peer_500ms,3,2,[2],0,93,2,"{""1"": 84, ""2"": 102, ""3"": 79, ""4"": 93}",False,31.0,-28.0,2.0,29.0,38.0,0.095,71.0,38.625,69.5,22.0,13.0,18.75,14.5,1.25,90.0,100.5,12.0,9.0,31.0,1.0,1.0,2.0,3.0,2.0,0.0,0.0,0.0,48.0,48.0,0.575,0.5714285714285714,0.0192,0.0192,0.1425,0.6477272727272727,0.3522727272727273,0.775,1.0,1.0,0.4916666666666667,0.5290858725761773,0.0
20260621_132802_002f9dab,20260621_132802_002f9dab_g0024,24,1155996364,6,56,56,56,1,1,RED,champion,0,2,[2],0,84,3,"{""1"": 84, ""2"": 102, ""3"": 79, ""4"": 93}",False,32.0,-27.0,0.0,39.0,35.0,0.0875,13.0,5.5,12.0,0.0,10.0,0.0,2.0,0.0,80.0,44.0,14.0,7.0,28.0,0.0,1.0,0.0,4.0,2.0,1.0,0.0,0.0,56.0,56.0,0.6375,0.6666666666666666,0.0224,0.0224,0.15,0.6818181818181818,0.3181818181818182,0.8,0.9666666666666667,1.0,0.4916666666666667,0.525438596491228,0.0
20260621_132802_002f9dab,20260621_132802_002f9dab_g0024,24,1155996364,6,56,56,56,1,2,BLUE,pool_l45_100ms,1,2,[2],1,102,1,"{""1"": 84, ""2"": 102, ""3"": 79, ""4"": 93}",False,16.0,-59.0,0.0,44.0,35.0,0.0875,19.0,12.375,18.625,8.0,7.0,0.0,3.0,0.625,74.0,34.625,14.0,7.0,23.0,1.0,1.0,1.0,3.0,1.0,0.0,0.0,0.0,56.0,56.0,0.6375,0.6666666666666666,0.0224,0.0224,0.1625,0.7386363636363636,0.26136363636363635,0.4,0.7,1.0,0.625,0.49797570850202433,0.0
20260621_132802_002f9dab,20260621_132802_002f9dab_g0024,24,1155996364,6,56,56,56,1,3,YELLOW,pool_l9_partial_200ms,2,2,[2],0,79,4,"{""1"": 84, ""2"": 102, ""3"": 79, ""4"": 93}",False,11.0,-69.0,5.0,36.0,35.0,0.0875,15.0,11.5,14.0,10.0,2.0,0.0,2.0,0.0,78.0,25.0,14.0,7.0,22.0,1.0,1.0,1.0,4.0,0.0,0.0,0.0,0.0,56.0,56.0,0.6375,0.6666666666666666,0.0224,0.0224,0.165,0.75,0.25,0.275,0.36666666666666664,0.8,0.6666666666666667,0.39792663476874,0.0
20260621_132802_002f9dab,20260621_132802_002f9dab_g0024,24,1155996364,6,56,56,56,1,4,GREEN,pool_peer_500ms,3,2,[2],0,93,2,"{""1"": 84, ""2"": 102, ""3"": 79, ""4"": 93}",False,32.0,-27.0,2.0,41.0,35.0,0.0875,46.0,30.875,43.75,23.0,9.0,6.0,4.5,1.25,47.0,75.75,14.0,7.0,24.0,1.0,1.0,1.0,2.0,2.0,0.0,0.0,0.0,56.0,56.0,0.6375,0.6666666666666666,0.0224,0.0224,0.16,0.7272727272727273,0.2727272727272727,0.8,1.0,1.0,0.4916666666666667,0.5526315789473684,0.0
20260621_132802_002f9dab,20260621_132802_002f9dab_g0024,24,1155996364,7,64,64,64,1,1,RED,champion,0,2,[2],0,84,3,"{""1"": 84, ""2"": 102, ""3"": 79, ""4"": 93}",False,32.0,-22.0,0.0,48.0,34.0,0.085,2.0,0.375,1.75,0.0,0.0,0.0,0.5,1.25,40.0,33.75,16.0,5.0,22.0,0.0,0.0,0.0,3.0,2.0,1.0,0.0,0.0,64.0,64.0,0.7075,0.7619047619047619,0.0256,0.0256,0.165,0.75,0.25,0.8,0.7666666666666667,1.0,0.45,0.518341307814992,0.0
20260621_132802_002f9dab,20260621_132802_002f9dab_g0024,24,1155996364,7,64,64,64,1,2,BLUE,pool_l45_100ms,1,2,[2],1,102,1,"{""1"": 84, ""2"": 102, ""3"": 79, ""4"": 93}",False,17.0,-52.0,0.0,53.0,34.0,0.085,15.0,11.25,15.0,8.0,6.0,0.0,1.0,0.0,27.0,32.0,16.0,5.0,14.0,1.0,1.0,1.0,2.0,0.0,0.0,0.0,0.0,64.0,64.0,0.7075,0.7619047619047619,0.0256,0.0256,0.185,0.8409090909090909,0.1590909090909091,0.425,0.6166666666666667,0.8,0.575,0.48221906116642954,0.0
20260621_132802_002f9dab,20260621_132802_002f9dab_g0024,24,1155996364,7,64,64,64,1,3,YELLOW,pool_l9_partial_200ms,2,2,[2],0,79,4,"{""1"": 84, ""2"": 102, ""3"": 79, ""4"": 93}",False,10.0,-66.0,3.0,50.0,34.0,0.085,2.0,0.625,1.5,0.0,1.0,0.0,0.5,0.0,40.0,11.5,16.0,5.0,18.0,0.0,1.0,0.0,4.0,0.0,0.0,0.0,0.0,64.0,64.0,0.7075,0.7619047619047619,0.0256,0.0256,0.175,0.7954545454545454,0.20454545454545456,0.25,0.3,0.8,0.6333333333333333,0.4195488721804511,0.0
20260621_132802_002f9dab,20260621_132802_002f9dab_g0024,24,1155996364,7,64,64,64,1,4,GREEN,pool_peer_500ms,3,2,[2],0,93,2,"{""1"": 84, ""2"": 102, ""3"": 79, ""4"": 93}",False,27.0,-32.0,2.0,51.0,34.0,0.085,23.0,20.5,23.5,18.0,4.0,1.5,0.0,0.0,19.0,50.5,16.0,5.0,15.0,1.0,1.0,1.0,1.0,1.0,0.0,0.0,0.0,64.0,64.0,0.7075,0.7619047619047619,0.0256,0.0256,0.1825,0.8295454545454546,0.17045454545454544,0.675,0.9,1.0,0.4916666666666667,0.5155010814708003,0.0
20260621_132802_002f9dab,20260621_132802_002f9dab_g0025,25,1010051775,0,8,8,8,1,1,RED,pool_l45_100ms,0,4,[4],0,77,3,"{""1"": 77, ""2"": 77, ""3"": 83, ""4"": 87}",False,6.0,-16.0,9.0,0.0,4.0,0.01,388.0,90.5,366.25,6.0,10.0,28.5,113.0,208.75,1331.0,372.25,2.0,19.0,78.0,1.0,1.0,2.0,6.0,9.0,1.0,1.0,0.0,8.0,8.0,0.0975,0.09523809523809523,0.0032,0.0032,0.025,0.11363636363636363,0.8863636363636364,0.15,1.0,1.0,0.18333333333333332,0.20526315789473681,0.0
20260621_132802_002f9dab,20260621_132802_002f9dab_g0025,25,1010051775,0,8,8,8,1,2,BLUE,pool_l9_partial_200ms,1,4,[4],0,77,3,"{""1"": 77, ""2"": 77, ""3"": 83, ""4"": 87}",False,5.0,-18.0,9.0,0.0,4.0,0.01,327.0,76.25,309.5,5.0,8.0,24.0,95.0,177.5,1392.0,314.5,2.0,19.0,78.0,1.0,1.0,2.0,6.0,9.0,1.0,1.0,0.0,8.0,8.0,0.0975,0.09523809523809523,0.0032,0.0032,0.025,0.11363636363636363,0.8863636363636364,0.125,1.0,1.0,0.19166666666666668,0.15263157894736834,0.0
20260621_132802_002f9dab,20260621_132802_002f9dab_g0025,25,1010051775,0,8,8,8,1,3,YELLOW,pool_peer_500ms,2,4,[4],0,83,2,"{""1"": 77, ""2"": 77, ""3"": 83, ""4"": 87}",False,9.0,-10.0,9.0,0.0,4.0,0.01,543.0,122.625,488.75,9.0,15.0,41.25,153.5,270.0,1176.0,497.75,2.0,19.0,78.0,1.0,1.0,2.0,6.0,9.0,1.0,0.0,0.0,8.0,8.0,0.0975,0.09523809523809523,0.0032,0.0032,0.025,0.11363636363636363,0.8863636363636364,0.225,1.0,1.0,0.15833333333333333,0.23684210526315785,0.0
20260621_132802_002f9dab,20260621_132802_002f9dab_g0025,25,1010051775,0,8,8,8,1,4,GREEN,champion,3,4,[4],1,87,1,"{""1"": 77, ""2"": 77, ""3"": 83, ""4"": 87}",False,8.0,-12.0,9.0,0.0,4.0,0.01,461.0,104.0,420.75,8.0,12.0,33.75,107.0,260.0,1258.0,428.75,2.0,19.0,79.0,1.0,1.0,2.0,5.0,10.0,1.0,1.0,0.0,8.0,8.0,0.0975,0.09523809523809523,0.0032,0.0032,0.0225,0.10227272727272728,0.8977272727272727,0.2,1.0,1.0,0.16666666666666669,0.21052631578947367,0.0
20260621_132802_002f9dab,20260621_132802_002f9dab_g0025,25,1010051775,1,16,16,16,1,1,RED,pool_l45_100ms,0,4,[4],0,77,3,"{""1"": 77, ""2"": 77, ""3"": 83, ""4"": 87}",False,10.0,-31.0,7.0,0.0,4.0,0.01,517.0,120.75,464.25,10.0,17.0,45.0,176.0,216.25,2137.0,474.25,4.0,17.0,68.0,1.0,1.0,2.0,6.0,7.0,1.0,0.0,0.0,16.0,16.0,0.1975,0.19047619047619047,0.0064,0.0064,0.05,0.22727272727272727,0.7727272727272727,0.25,1.0,1.0,0.3416666666666667,0.3236842105263158,0.0
20260621_132802_002f9dab,20260621_132802_002f9dab_g0025,25,1010051775,1,16,16,16,1,2,BLUE,pool_l9_partial_200ms,1,4,[4],0,77,3,"{""1"": 77, ""2"": 77, ""3"": 83, ""4"": 87}",False,9.0,-33.0,6.0,0.0,4.0,0.01,528.0,122.375,477.5,9.0,16.0,45.0,177.5,230.0,2126.0,486.5,4.0,17.0,68.0,1.0,1.0,2.0,6.0,7.0,1.0,0.0,0.0,16.0,16.0,0.1975,0.19047619047619047,0.0064,0.0064,0.05,0.22727272727272727,0.7727272727272727,0.225,1.0,1.0,0.35,0.3263157894736842,0.0
20260621_132802_002f9dab,20260621_132802_002f9dab_g0025,25,1010051775,1,16,16,16,1,3,YELLOW,pool_peer_500ms,2,4,[4],0,83,2,"{""1"": 77, ""2"": 77, ""3"": 83, ""4"": 87}",False,16.0,-19.0,0.0,1.0,4.0,0.01,728.0,181.875,706.5,14.0,25.0,68.25,255.5,343.75,1926.0,722.5,4.0,17.0,68.0,1.0,1.0,2.0,6.0,7.0,1.0,0.0,0.0,16.0,16.0,0.1975,0.19047619047619047,0.0064,0.0064,0.05,0.22727272727272727,0.7727272727272727,0.4,1.0,1.0,0.29166666666666663,0.49473684210526314,0.0
20260621_132802_002f9dab,20260621_132802_002f9dab_g0025,25,1010051775,1,16,16,16,1,4,GREEN,champion,3,4,[4],1,87,1,"{""1"": 77, ""2"": 77, ""3"": 83, ""4"": 87}",False,16.0,-19.0,1.0,1.0,4.0,0.01,881.0,205.875,815.5,16.0,26.0,75.75,241.5,456.25,1773.0,831.5,4.0,17.0,69.0,1.0,1.0,2.0,5.0,8.0,1.0,0.0,0.0,16.0,16.0,0.1975,0.19047619047619047,0.0064,0.0064,0.0475,0.2159090909090909,0.7840909090909091,0.4,1.0,1.0,0.29166666666666663,0.47645429362880887,0.0
20260621_132802_002f9dab,20260621_132802_002f9dab_g0025,25,1010051775,2,24,24,24,1,1,RED,pool_l45_100ms,0,4,[4],0,77,3,"{""1"": 77, ""2"": 77, ""3"": 83, ""4"": 87}",False,15.0,-41.0,4.0,1.0,5.0,0.0125,249.0,68.875,223.25,13.0,16.0,32.25,94.5,67.5,1301.0,238.25,6.0,15.0,58.0,1.0,1.0,2.0,6.0,5.0,0.0,0.0,0.0,24.0,24.0,0.295,0.2857142857142857,0.0096,0.0096,0.075,0.3409090909090909,0.6590909090909091,0.375,1.0,1.0,0.4666666666666667,0.4035087719298245,0.0
20260621_132802_002f9dab,20260621_132802_002f9dab_g0025,25,1010051775,2,24,24,24,1,2,BLUE,pool_l9_partial_200ms,1,4,[4],0,77,3,"{""1"": 77, ""2"": 77, ""3"": 83, ""4"": 87}",False,13.0,-45.0,6.0,2.0,5.0,0.0125,236.0,63.5,211.75,11.0,14.0,27.75,89.0,70.0,1314.0,224.75,6.0,15.0,58.0,1.0,1.0,2.0,6.0,5.0,0.0,0.0,0.0,24.0,24.0,0.295,0.2857142857142857,0.0096,0.0096,0.075,0.3409090909090909,0.6590909090909091,0.325,1.0,1.0,0.4833333333333333,0.38596491228070173,0.0
20260621_132802_002f9dab,20260621_132802_002f9dab_g0025,25,1010051775,2,24,24,24,1,3,YELLOW,pool_peer_500ms,2,4,[4],0,83,2,"{""1"": 77, ""2"": 77, ""3"": 83, ""4"": 87}",False,20.0,-31.0,0.0,5.0,5.0,0.0125,554.0,153.125,554.75,18.0,25.0,65.25,231.5,215.0,996.0,574.75,6.0,15.0,58.0,1.0,1.0,2.0,6.0,5.0,1.0,0.0,0.0,24.0,24.0,0.295,0.2857142857142857,0.0096,0.0096,0.075,0.3409090909090909,0.6590909090909091,0.5,1.0,1.0,0.425,0.5736842105263158,0.0
20260621_132802_002f9dab,20260621_132802_002f9dab_g0025,25,1010051775,2,24,24,24,1,4,GREEN,champion,3,4,[4],1,87,1,"{""1"": 77, ""2"": 77, ""3"": 83, ""4"": 87}",False,23.0,-25.0,1.0,4.0,5.0,0.0125,511.0,137.375,490.375,21.0,26.0,60.75,132.0,250.625,1039.0,513.375,6.0,15.0,60.0,1.0,1.0,2.0,4.0,7.0,1.0,0.0,0.0,24.0,24.0,0.295,0.2857142857142857,0.0096,0.0096,0.07,0.3181818181818182,0.6818181818181818,0.575,1.0,1.0,0.4,0.5639097744360901,0.0
20260621_132802_002f9dab,20260621_132802_002f9dab_g0025,25,1010051775,3,32,32,32,1,1,RED,pool_l45_100ms,0,4,[4],0,77,3,"{""1"": 77, ""2"": 77, ""3"": 83, ""4"": 87}",False,16.0,-50.0,4.0,4.0,10.0,0.025,139.0,51.25,140.625,15.0,15.0,25.5,64.5,20.625,588.0,156.625,8.0,13.0,48.0,1.0,1.0,2.0,6.0,3.0,0.0,0.0,0.0,32.0,32.0,0.395,0.38095238095238093,0.0128,0.0128,0.1,0.45454545454545453,0.5454545454545454,0.4,1.0,1.0,0.55,0.43157894736842106,0.0
20260621_132802_002f9dab,20260621_132802_002f9dab_g0025,25,1010051775,3,32,32,32,1,2,BLUE,pool_l9_partial_200ms,1,4,[4],0,77,3,"{""1"": 77, ""2"": 77, ""3"": 83, ""4"": 87}",False,14.0,-54.0,3.0,5.0,10.0,0.025,98.0,35.25,93.625,11.0,10.0,18.0,46.5,8.125,629.0,107.625,8.0,13.0,48.0,1.0,1.0,2.0,6.0,3.0,0.0,0.0,0.0,32.0,32.0,0.395,0.38095238095238093,0.0128,0.0128,0.1,0.45454545454545453,0.5454545454545454,0.35,1.0,1.0,0.5666666666666667,0.43157894736842106,0.0
20260621_132802_002f9dab,20260621_132802_002f9dab_g0025,25,1010051775,3,32,32,32,1,3,YELLOW,pool_peer_500ms,2,4,[4],0,83,2,"{""1"": 77, ""2"": 77, ""3"": 83, ""4"": 87}",False,24.0,-34.0,0.0,19.0,10.0,0.025,230.0,76.5,227.5,19.0,18.0,36.0,112.0,42.5,497.0,251.5,8.0,13.0,48.0,1.0,1.0,2.0,6.0,3.0,0.0,0.0,0.0,32.0,32.0,0.395,0.38095238095238093,0.0128,0.0128,0.1,0.45454545454545453,0.5454545454545454,0.6,1.0,1.0,0.4833333333333333,0.5894736842105264,0.0
20260621_132802_002f9dab,20260621_132802_002f9dab_g0025,25,1010051775,3,32,32,32,1,4,GREEN,champion,3,4,[4],1,87,1,"{""1"": 77, ""2"": 77, ""3"": 83, ""4"": 87}",False,28.0,-26.0,1.0,15.0,10.0,0.025,260.0,84.375,253.5,23.0,20.0,39.75,79.5,91.25,467.0,281.5,8.0,13.0,50.0,1.0,1.0,2.0,4.0,5.0,1.0,0.0,0.0,32.0,32.0,0.395,0.38095238095238093,0.0128,0.0128,0.095,0.4318181818181818,0.5681818181818182,0.7,1.0,1.0,0.45,0.5900277008310248,0.0
20260621_132802_002f9dab,20260621_132802_002f9dab_g0025,25,1010051775,4,40,40,40,1,1,RED,pool_l45_100ms,0,4,[4],0,77,3,"{""1"": 77, ""2"": 77, ""3"": 83, ""4"": 87}",False,12.0,-60.0,4.0,7.0,16.0,0.04,37.0,19.75,39.0,10.0,7.0,9.0,13.0,0.0,153.0,51.0,10.0,11.0,38.0,1.0,1.0,2.0,6.0,1.0,0.0,0.0,0.0,40.0,40.0,0.49,0.47619047619047616,0.016,0.016,0.125,0.5681818181818182,0.4318181818181818,0.3,0.9833333333333333,1.0,0.6,0.4168421052631579,0.0
20260621_132802_002f9dab,20260621_132802_002f9dab_g0025,25,1010051775,4,40,40,40,1,2,BLUE,pool_l9_partial_200ms,1,4,[4],0,77,3,"{""1"": 77, ""2"": 77, ""3"": 83, ""4"": 87}",False,14.0,-56.0,3.0,10.0,16.0,0.04,59.0,26.5,61.0,11.0,8.0,12.0,30.0,0.0,131.0,75.0,10.0,11.0,38.0,1.0,1.0,2.0,6.0,1.0,0.0,0.0,0.0,40.0,40.0,0.49,0.47619047619047616,0.016,0.016,0.125,0.5681818181818182,0.4318181818181818,0.35,1.0,1.0,0.5833333333333333,0.4242105263157895,0.0
20260621_132802_002f9dab,20260621_132802_002f9dab_g0025,25,1010051775,4,40,40,40,1,3,YELLOW,pool_peer_500ms,2,4,[4],0,83,2,"{""1"": 77, ""2"": 77, ""3"": 83, ""4"": 87}",False,27.0,-30.0,0.0,27.0,16.0,0.04,42.0,27.5,44.5,18.0,9.0,9.0,6.0,2.5,148.0,71.5,10.0,11.0,40.0,1.0,1.0,2.0,4.0,3.0,0.0,0.0,0.0,40.0,40.0,0.49,0.47619047619047616,0.016,0.016,0.12,0.5454545454545454,0.45454545454545453,0.675,1.0,1.0,0.475,0.5712719298245614,0.0
20260621_132802_002f9dab,20260621_132802_002f9dab_g0025,25,1010051775,4,40,40,40,1,4,GREEN,champion,3,4,[4],1,87,1,"{""1"": 77, ""2"": 77, ""3"": 83, ""4"": 87}",False,31.0,-22.0,1.0,20.0,16.0,0.04,52.0,34.875,50.25,24.0,14.0,9.75,2.5,0.0,138.0,81.25,10.0,11.0,40.0,1.0,1.0,2.0,4.0,3.0,0.0,0.0,0.0,40.0,40.0,0.49,0.47619047619047616,0.016,0.016,0.12,0.5454545454545454,0.45454545454545453,0.775,1.0,1.0,0.4416666666666667,0.555921052631579,0.0
20260621_132802_002f9dab,20260621_132802_002f9dab_g0025,25,1010051775,5,48,48,48,1,1,RED,pool_l45_100ms,0,4,[4],0,77,3,"{""1"": 77, ""2"": 77, ""3"": 83, ""4"": 87}",False,7.0,-60.0,2.0,18.0,46.0,0.115,7.0,5.75,6.75,5.0,1.0,0.75,0.0,0.0,66.0,13.75,12.0,9.0,30.0,1.0,1.0,2.0,4.0,1.0,0.0,0.0,0.0,48.0,48.0,0.5675,0.5714285714285714,0.0192,0.0192,0.145,0.6590909090909091,0.3409090909090909,0.175,0.55,1.0,0.5583333333333333,0.4255898366606171,0.0
20260621_132802_002f9dab,20260621_132802_002f9dab_g0025,25,1010051775,5,48,48,48,1,2,BLUE,pool_l9_partial_200ms,1,4,[4],0,77,3,"{""1"": 77, ""2"": 77, ""3"": 83, ""4"": 87}",False,10.0,-54.0,3.0,11.0,46.0,0.115,9.0,8.0,9.0,7.0,2.0,0.0,0.0,0.0,64.0,19.0,12.0,9.0,30.0,1.0,1.0,2.0,4.0,1.0,0.0,0.0,0.0,48.0,48.0,0.5675,0.5714285714285714,0.0192,0.0192,0.145,0.6590909090909091,0.3409090909090909,0.25,0.7,1.0,0.5333333333333333,0.4237749546279491,0.0
20260621_132802_002f9dab,20260621_132802_002f9dab_g0025,25,1010051775,5,48,48,48,1,3,YELLOW,pool_peer_500ms,2,4,[4],0,83,2,"{""1"": 77, ""2"": 77, ""3"": 83, ""4"": 87}",False,25.0,-24.0,0.0,30.0,46.0,0.115,17.0,14.0,16.5,13.0,0.0,1.5,2.0,0.0,56.0,41.5,12.0,9.0,33.0,1.0,0.0,2.0,4.0,2.0,0.0,0.0,0.0,48.0,48.0,0.5675,0.5714285714285714,0.0192,0.0192,0.1375,0.625,0.375,0.625,1.0,1.0,0.4083333333333333,0.5339712918660287,0.0
20260621_132802_002f9dab,20260621_132802_002f9dab_g0025,25,1010051775,5,48,48,48,1,4,GREEN,champion,3,4,[4],1,87,1,"{""1"": 77, ""2"": 77, ""3"": 83, ""4"": 87}",False,32.0,-10.0,1.0,34.0,46.0,0.115,40.0,28.875,39.5,21.0,12.0,3.0,3.5,0.0,33.0,71.5,12.0,9.0,32.0,1.0,1.0,1.0,4.0,2.0,0.0,0.0,0.0,48.0,48.0,0.5675,0.5714285714285714,0.0192,0.0192,0.14,0.6363636363636364,0.36363636363636365,0.8,1.0,1.0,0.35,0.5573308270676691,0.0
20260621_132802_002f9dab,20260621_132802_002f9dab_g0025,25,1010051775,6,56,56,56,1,1,RED,pool_l45_100ms,0,4,[4],0,77,3,"{""1"": 77, ""2"": 77, ""3"": 83, ""4"": 87}",False,9.0,-60.0,2.0,31.0,42.0,0.105,15.0,10.75,17.5,7.0,4.0,1.5,5.0,0.0,36.0,26.5,14.0,7.0,23.0,1.0,1.0,1.0,3.0,1.0,0.0,0.0,0.0,56.0,56.0,0.62,0.6666666666666666,0.0224,0.0224,0.1625,0.7386363636363636,0.26136363636363635,0.225,0.5333333333333333,1.0,0.575,0.4542510121457489,0.0
20260621_132802_002f9dab,20260621_132802_002f9dab_g0025,25,1010051775,6,56,56,56,1,2,BLUE,pool_l9_partial_200ms,1,4,[4],0,77,3,"{""1"": 77, ""2"": 77, ""3"": 83, ""4"": 87}",False,11.0,-56.0,3.0,20.0,42.0,0.105,10.0,3.625,8.75,0.0,5.0,2.25,1.5,0.0,41.0,19.75,14.0,7.0,25.0,0.0,1.0,2.0,3.0,1.0,0.0,0.0,0.0,56.0,56.0,0.62,0.6666666666666666,0.0224,0.0224,0.1575,0.7159090909090909,0.2840909090909091,0.275,0.6166666666666667,1.0,0.5583333333333333,0.429406850459482,0.0
20260621_132802_002f9dab,20260621_132802_002f9dab_g0025,25,1010051775,6,56,56,56,1,3,YELLOW,pool_peer_500ms,2,4,[4],0,83,2,"{""1"": 77, ""2"": 77, ""3"": 83, ""4"": 87}",False,26.0,-26.0,0.0,38.0,42.0,0.105,11.0,2.75,10.25,0.0,0.0,2.25,8.0,0.0,40.0,36.25,14.0,7.0,29.0,0.0,0.0,1.0,4.0,2.0,0.0,0.0,0.0,56.0,56.0,0.62,0.6666666666666666,0.0224,0.0224,0.1475,0.6704545454545454,0.32954545454545453,0.65,1.0,1.0,0.4333333333333333,0.5280999107939339,0.0
20260621_132802_002f9dab,20260621_132802_002f9dab_g0025,25,1010051775,6,56,56,56,1,4,GREEN,champion,3,4,[4],1,87,1,"{""1"": 77, ""2"": 77, ""3"": 83, ""4"": 87}",False,32.0,-14.0,1.0,42.0,42.0,0.105,15.0,6.0,14.5,0.0,8.0,4.5,2.0,0.0,36.0,46.5,14.0,7.0,27.0,0.0,1.0,1.0,3.0,2.0,0.0,0.0,0.0,56.0,56.0,0.62,0.6666666666666666,0.0224,0.0224,0.1525,0.6931818181818182,0.3068181818181818,0.8,1.0,1.0,0.38333333333333336,0.5271786022433131,0.0
20260621_132802_002f9dab,20260621_132802_002f9dab_g0025,25,1010051775,7,64,64,64,1,1,RED,pool_l45_100ms,0,4,[4],0,77,3,"{""1"": 77, ""2"": 77, ""3"": 83, ""4"": 87}",False,8.0,-61.0,2.0,44.0,45.0,0.1125,6.0,6.0,6.0,6.0,0.0,0.0,0.0,0.0,5.0,14.0,16.0,5.0,17.0,1.0,0.0,1.0,2.0,1.0,0.0,0.0,0.0,64.0,64.0,0.6825,0.7619047619047619,0.0256,0.0256,0.1775,0.8068181818181818,0.19318181818181818,0.2,0.4,1.0,0.575,0.4618235730170497,0.0
20260621_132802_002f9dab,20260621_132802_002f9dab_g0025,25,1010051775,7,64,64,64,1,2,BLUE,pool_l9_partial_200ms,1,4,[4],0,77,3,"{""1"": 77, ""2"": 77, ""3"": 83, ""4"": 87}",False,10.0,-57.0,3.0,32.0,45.0,0.1125,1.0,0.25,0.75,0.0,0.0,0.75,0.0,0.0,10.0,10.75,16.0,5.0,19.0,0.0,0.0,2.0,2.0,1.0,0.0,0.0,0.0,64.0,64.0,0.6825,0.7619047619047619,0.0256,0.0256,0.1725,0.7840909090909091,0.2159090909090909,0.25,0.3333333333333333,1.0,0.5583333333333333,0.41723874904652936,0.0
20260621_132802_002f9dab,20260621_132802_002f9dab_g0025,25,1010051775,7,64,64,64,1,3,YELLOW,pool_peer_500ms,2,4,[4],0,83,2,"{""1"": 77, ""2"": 77, ""3"": 83, ""4"": 87}",False,28.0,-21.0,0.0,50.0,45.0,0.1125,1.0,0.25,0.75,0.0,0.0,0.75,0.0,0.0,10.0,28.75,16.0,5.0,21.0,0.0,0.0,1.0,2.0,2.0,0.0,0.0,0.0,64.0,64.0,0.6825,0.7619047619047619,0.0256,0.0256,0.1675,0.7613636363636364,0.23863636363636365,0.7,0.7833333333333333,1.0,0.4083333333333333,0.5058915946582876,0.0
20260621_132802_002f9dab,20260621_132802_002f9dab_g0025,25,1010051775,7,64,64,64,1,4,GREEN,champion,3,4,[4],1,87,1,"{""1"": 77, ""2"": 77, ""3"": 83, ""4"": 87}",False,31.0,-15.0,0.0,48.0,45.0,0.1125,3.0,0.375,1.5,0.0,0.0,0.0,1.5,0.0,8.0,32.5,16.0,5.0,22.0,0.0,0.0,0.0,3.0,2.0,0.0,0.0,0.0,64.0,64.0,0.6825,0.7619047619047619,0.0256,0.0256,0.165,0.75,0.25,0.775,0.85,1.0,0.38333333333333336,0.5271132376395535,0.0
20260621_132802_002f9dab,20260621_132802_002f9dab_g0026,26,663079604,0,8,8,8,1,1,RED,pool_l9_partial_200ms,0,2,[2],0,65,3,"{""1"": 65, ""2"": 107, ""3"": 88, ""4"": 53}",False,6.0,-18.0,9.0,0.0,1.0,0.0025,388.0,90.5,366.25,6.0,10.0,28.5,113.0,208.75,1363.0,372.25,2.0,19.0,78.0,1.0,1.0,2.0,6.0,9.0,1.0,1.0,0.0,8.0,8.0,0.0975,0.09523809523809523,0.0032,0.0032,0.025,0.11363636363636363,0.8863636363636364,0.15,1.0,1.0,0.2,0.20526315789473681,0.0
20260621_132802_002f9dab,20260621_132802_002f9dab_g0026,26,663079604,0,8,8,8,1,2,BLUE,pool_peer_500ms,1,2,[2],1,107,1,"{""1"": 65, ""2"": 107, ""3"": 88, ""4"": 53}",False,9.0,-12.0,9.0,0.0,1.0,0.0025,543.0,122.625,488.75,9.0,15.0,41.25,153.5,270.0,1208.0,497.75,2.0,19.0,78.0,1.0,1.0,2.0,6.0,9.0,1.0,0.0,0.0,8.0,8.0,0.0975,0.09523809523809523,0.0032,0.0032,0.025,0.11363636363636363,0.8863636363636364,0.225,1.0,1.0,0.175,0.23684210526315785,0.0
20260621_132802_002f9dab,20260621_132802_002f9dab_g0026,26,663079604,0,8,8,8,1,3,YELLOW,champion,2,2,[2],0,88,2,"{""1"": 65, ""2"": 107, ""3"": 88, ""4"": 53}",False,8.0,-14.0,9.0,0.0,1.0,0.0025,376.0,93.25,375.0,8.0,11.0,29.25,93.0,233.75,1375.0,383.0,2.0,19.0,79.0,1.0,1.0,2.0,5.0,10.0,1.0,1.0,1.0,8.0,8.0,0.0975,0.09523809523809523,0.0032,0.0032,0.0225,0.10227272727272728,0.8977272727272727,0.2,1.0,1.0,0.18333333333333332,0.21637426900584789,0.0
20260621_132802_002f9dab,20260621_132802_002f9dab_g0026,26,663079604,0,8,8,8,1,4,GREEN,pool_l45_100ms,3,2,[2],0,53,4,"{""1"": 65, ""2"": 107, ""3"": 88, ""4"": 53}",False,7.0,-16.0,9.0,0.0,1.0,0.0025,444.0,103.25,415.125,7.0,12.0,33.75,130.5,231.875,1307.0,422.125,2.0,19.0,78.0,1.0,1.0,2.0,6.0,9.0,1.0,1.0,0.0,8.0,8.0,0.0975,0.09523809523809523,0.0032,0.0032,0.025,0.11363636363636363,0.8863636363636364,0.175,1.0,1.0,0.19166666666666668,0.20526315789473681,0.0
20260621_132802_002f9dab,20260621_132802_002f9dab_g0026,26,663079604,1,16,16,16,1,1,RED,pool_l9_partial_200ms,0,2,[2],0,65,3,"{""1"": 65, ""2"": 107, ""3"": 88, ""4"": 53}",False,10.0,-32.0,7.0,0.0,5.0,0.0125,515.0,119.75,459.75,10.0,17.0,45.0,174.0,213.75,1982.0,469.75,4.0,17.0,68.0,1.0,1.0,2.0,6.0,7.0,1.0,0.0,0.0,16.0,16.0,0.1975,0.19047619047619047,0.0064,0.0064,0.05,0.22727272727272727,0.7727272727272727,0.25,1.0,1.0,0.35,0.3236842105263158,0.0
20260621_132802_002f9dab,20260621_132802_002f9dab_g0026,26,663079604,1,16,16,16,1,2,BLUE,pool_peer_500ms,1,2,[2],1,107,1,"{""1"": 65, ""2"": 107, ""3"": 88, ""4"": 53}",False,16.0,-20.0,0.0,0.0,5.0,0.0125,942.0,231.0,909.625,16.0,29.0,84.0,327.5,453.125,1555.0,925.625,4.0,17.0,68.0,1.0,1.0,2.0,6.0,7.0,1.0,0.0,0.0,16.0,16.0,0.1975,0.19047619047619047,0.0064,0.0064,0.05,0.22727272727272727,0.7727272727272727,0.4,1.0,1.0,0.3,0.49473684210526314,0.0
20260621_132802_002f9dab,20260621_132802_002f9dab_g0026,26,663079604,1,16,16,16,1,3,YELLOW,champion,2,2,[2],0,88,2,"{""1"": 65, ""2"": 107, ""3"": 88, ""4"": 53}",False,16.0,-20.0,7.0,0.0,5.0,0.0125,548.0,135.125,509.375,16.0,21.0,50.25,149.0,273.125,1949.0,525.375,4.0,17.0,69.0,1.0,1.0,2.0,5.0,8.0,1.0,0.0,0.0,16.0,16.0,0.1975,0.19047619047619047,0.0064,0.0064,0.0475,0.2159090909090909,0.7840909090909091,0.4,1.0,1.0,0.3,0.332409972299169,0.0
20260621_132802_002f9dab,20260621_132802_002f9dab_g0026,26,663079604,1,16,16,16,1,4,GREEN,pool_l45_100ms,3,2,[2],0,53,4,"{""1"": 65, ""2"": 107, ""3"": 88, ""4"": 53}",False,10.0,-32.0,7.0,0.0,5.0,0.0125,492.0,115.5,441.0,10.0,17.0,45.0,164.0,205.0,2005.0,451.0,4.0,17.0,68.0,1.0,1.0,2.0,6.0,7.0,1.0,0.0,0.0,16.0,16.0,0.1975,0.19047619047619047,0.0064,0.0064,0.05,0.22727272727272727,0.7727272727272727,0.25,1.0,1.0,0.35,0.3131578947368421,0.0
20260621_132802_002f9dab,20260621_132802_002f9dab_g0026,26,663079604,2,24,24,24,1,1,RED,pool_l9_partial_200ms,0,2,[2],0,65,3,"{""1"": 65, ""2"": 107, ""3"": 88, ""4"": 53}",False,14.0,-37.0,4.0,7.0,8.0,0.02,246.0,64.75,216.875,11.0,14.0,28.5,91.5,71.875,1227.0,230.875,6.0,15.0,58.0,1.0,1.0,2.0,6.0,5.0,0.0,0.0,0.0,24.0,24.0,0.2975,0.2857142857142857,0.0096,0.0096,0.075,0.3409090909090909,0.6590909090909091,0.35,1.0,1.0,0.425,0.4035087719298245,0.0
20260621_132802_002f9dab,20260621_132802_002f9dab_g0026,26,663079604,2,24,24,24,1,2,BLUE,pool_peer_500ms,1,2,[2],1,107,1,"{""1"": 65, ""2"": 107, ""3"": 88, ""4"": 53}",False,21.0,-23.0,0.0,3.0,8.0,0.02,750.0,213.875,795.625,20.0,33.0,91.5,333.0,318.125,723.0,816.625,6.0,15.0,58.0,1.0,1.0,2.0,6.0,5.0,1.0,0.0,0.0,24.0,24.0,0.2975,0.2857142857142857,0.0096,0.0096,0.075,0.3409090909090909,0.6590909090909091,0.525,1.0,1.0,0.36666666666666664,0.5929824561403509,0.0
20260621_132802_002f9dab,20260621_132802_002f9dab_g0026,26,663079604,2,24,24,24,1,3,YELLOW,champion,2,2,[2],0,88,2,"{""1"": 65, ""2"": 107, ""3"": 88, ""4"": 53}",False,20.0,-25.0,4.0,3.0,8.0,0.02,386.0,115.0,392.25,20.0,23.0,51.0,137.0,161.25,1087.0,412.25,6.0,15.0,59.0,1.0,1.0,2.0,5.0,6.0,1.0,0.0,0.0,24.0,24.0,0.2975,0.2857142857142857,0.0096,0.0096,0.0725,0.32954545454545453,0.6704545454545454,0.5,1.0,1.0,0.375,0.43375680580762255,0.0
20260621_132802_002f9dab,20260621_132802_002f9dab_g0026,26,663079604,2,24,24,24,1,4,GREEN,pool_l45_100ms,3,2,[2],0,53,4,"{""1"": 65, ""2"": 107, ""3"": 88, ""4"": 53}",False,10.0,-45.0,7.0,6.0,8.0,0.02,91.0,30.5,86.5,8.0,9.0,16.5,38.0,15.0,1382.0,96.5,6.0,15.0,58.0,1.0,1.0,2.0,6.0,5.0,0.0,0.0,0.0,24.0,24.0,0.2975,0.2857142857142857,0.0096,0.0096,0.075,0.3409090909090909,0.6590909090909091,0.25,1.0,1.0,0.4583333333333333,0.3631578947368421,0.0
20260621_132802_002f9dab,20260621_132802_002f9dab_g0026,26,663079604,3,32,32,32,1,1,RED,pool_l9_partial_200ms,0,2,[2],0,65,3,"{""1"": 65, ""2"": 107, ""3"": 88, ""4"": 53}",False,16.0,-41.0,3.0,14.0,21.0,0.0525,69.0,29.0,66.75,12.0,10.0,12.75,27.0,5.0,620.0,82.75,8.0,13.0,48.0,1.0,1.0,2.0,6.0,3.0,0.0,0.0,0.0,32.0,32.0,0.3975,0.38095238095238093,0.0128,0.0128,0.1,0.45454545454545453,0.5454545454545454,0.4,1.0,1.0,0.475,0.46184210526315794,0.0
20260621_132802_002f9dab,20260621_132802_002f9dab_g0026,26,663079604,3,32,32,32,1,2,BLUE,pool_peer_500ms,1,2,[2],1,107,1,"{""1"": 65, ""2"": 107, ""3"": 88, ""4"": 53}",False,24.0,-25.0,0.0,14.0,21.0,0.0525,214.0,74.75,218.0,20.0,18.0,36.0,99.0,45.0,475.0,242.0,8.0,13.0,48.0,1.0,1.0,2.0,6.0,3.0,0.0,0.0,0.0,32.0,32.0,0.3975,0.38095238095238093,0.0128,0.0128,0.1,0.45454545454545453,0.5454545454545454,0.6,1.0,1.0,0.4083333333333333,0.5907894736842105,0.0
20260621_132802_002f9dab,20260621_132802_002f9dab_g0026,26,663079604,3,32,32,32,1,3,YELLOW,champion,2,2,[2],0,88,2,"{""1"": 65, ""2"": 107, ""3"": 88, ""4"": 53}",False,26.0,-21.0,1.0,5.0,21.0,0.0525,369.0,120.625,380.625,25.0,27.0,62.25,162.0,104.375,320.0,406.625,8.0,13.0,49.0,1.0,1.0,2.0,5.0,4.0,1.0,0.0,0.0,32.0,32.0,0.3975,0.38095238095238093,0.0128,0.0128,0.0975,0.4431818181818182,0.5568181818181818,0.65,1.0,1.0,0.39166666666666666,0.5222672064777327,0.0
20260621_132802_002f9dab,20260621_132802_002f9dab_g0026,26,663079604,3,32,32,32,1,4,GREEN,pool_l45_100ms,3,2,[2],0,53,4,"{""1"": 65, ""2"": 107, ""3"": 88, ""4"": 53}",False,7.0,-59.0,7.0,6.0,21.0,0.0525,37.0,14.875,37.375,5.0,5.0,7.5,18.0,1.875,652.0,44.375,8.0,13.0,48.0,1.0,1.0,2.0,6.0,3.0,0.0,0.0,0.0,32.0,32.0,0.3975,0.38095238095238093,0.0128,0.0128,0.1,0.45454545454545453,0.5454545454545454,0.175,1.0,1.0,0.55,0.3644736842105264,0.0
20260621_132802_002f9dab,20260621_132802_002f9dab_g0026,26,663079604,4,40,40,40,1,1,RED,pool_l9_partial_200ms,0,2,[2],0,65,3,"{""1"": 65, ""2"": 107, ""3"": 88, ""4"": 53}",False,18.0,-44.0,2.0,31.0,37.0,0.0925,71.0,30.5,71.0,12.0,10.0,15.0,34.0,0.0,390.0,89.0,10.0,11.0,38.0,1.0,1.0,2.0,6.0,1.0,0.0,0.0,0.0,40.0,40.0,0.48,0.47619047619047616,0.016,0.016,0.125,0.5681818181818182,0.4318181818181818,0.45,1.0,1.0,0.5166666666666667,0.4989473684210527,0.0
20260621_132802_002f9dab,20260621_132802_002f9dab_g0026,26,663079604,4,40,40,40,1,2,BLUE,pool_peer_500ms,1,2,[2],1,107,1,"{""1"": 65, ""2"": 107, ""3"": 88, ""4"": 53}",False,27.0,-26.0,0.0,32.0,37.0,0.0925,65.0,33.375,69.625,17.0,10.0,15.0,17.0,10.625,396.0,96.625,10.0,11.0,40.0,1.0,1.0,2.0,4.0,3.0,0.0,0.0,0.0,40.0,40.0,0.48,0.47619047619047616,0.016,0.016,0.12,0.5454545454545454,0.45454545454545453,0.675,1.0,1.0,0.4416666666666667,0.5767543859649122,0.0
20260621_132802_002f9dab,20260621_132802_002f9dab_g0026,26,663079604,4,40,40,40,1,3,YELLOW,champion,2,2,[2],0,88,2,"{""1"": 65, ""2"": 107, ""3"": 88, ""4"": 53}",False,31.0,-18.0,1.0,11.0,37.0,0.0925,323.0,120.75,372.25,28.0,30.0,69.0,114.0,131.25,138.0,403.25,10.0,11.0,41.0,1.0,1.0,2.0,3.0,4.0,1.0,0.0,0.0,40.0,40.0,0.48,0.47619047619047616,0.016,0.016,0.1175,0.5340909090909091,0.4659090909090909,0.775,1.0,1.0,0.4083333333333333,0.49832026875699886,0.0
20260621_132802_002f9dab,20260621_132802_002f9dab_g0026,26,663079604,4,40,40,40,1,4,GREEN,pool_l45_100ms,3,2,[2],0,53,4,"{""1"": 65, ""2"": 107, ""3"": 88, ""4"": 53}",False,4.0,-72.0,7.0,8.0,37.0,0.0925,2.0,2.0,2.0,2.0,0.0,0.0,0.0,0.0,459.0,6.0,10.0,11.0,41.0,1.0,0.0,2.0,6.0,2.0,0.0,0.0,0.0,40.0,40.0,0.48,0.47619047619047616,0.016,0.016,0.1175,0.5340909090909091,0.4659090909090909,0.1,1.0,1.0,0.6333333333333333,0.3706606942889138,0.0
20260621_132802_002f9dab,20260621_132802_002f9dab_g0026,26,663079604,5,48,48,49,2,1,RED,pool_l9_partial_200ms,0,2,[2],0,65,3,"{""1"": 65, ""2"": 107, ""3"": 88, ""4"": 53}",False,14.0,-48.0,2.0,37.0,45.0,0.1125,3.0,1.5,3.0,0.0,3.0,0.0,0.0,0.0,233.0,17.0,13.0,8.0,30.0,0.0,1.0,1.0,5.0,1.0,0.0,0.0,0.0,48.0,49.0,0.5425,0.6190476190476191,0.0196,0.0192,0.145,0.6590909090909091,0.3409090909090909,0.35,0.6833333333333333,1.0,0.5166666666666667,0.46914700544464605,0.0
20260621_132802_002f9dab,20260621_132802_002f9dab_g0026,26,663079604,5,48,48,49,2,2,BLUE,pool_peer_500ms,1,2,[2],1,107,1,"{""1"": 65, ""2"": 107, ""3"": 88, ""4"": 53}",False,26.0,-24.0,0.0,41.0,45.0,0.1125,33.0,22.0,33.5,16.0,6.0,4.5,2.0,5.0,203.0,59.5,12.0,9.0,32.0,1.0,1.0,2.0,2.0,3.0,0.0,0.0,0.0,48.0,49.0,0.5425,0.5714285714285714,0.0196,0.0192,0.14,0.6363636363636364,0.36363636363636365,0.65,1.0,1.0,0.4166666666666667,0.5263157894736843,0.0
20260621_132802_002f9dab,20260621_132802_002f9dab_g0026,26,663079604,5,48,48,49,2,3,YELLOW,champion,2,2,[2],0,88,2,"{""1"": 65, ""2"": 107, ""3"": 88, ""4"": 53}",False,33.0,-10.0,0.0,15.0,45.0,0.1125,200.0,83.0,215.5,29.0,28.0,32.25,80.0,46.25,36.0,248.5,12.0,9.0,33.0,1.0,1.0,1.0,3.0,3.0,0.0,0.0,0.0,48.0,49.0,0.5425,0.5714285714285714,0.0196,0.0192,0.1375,0.625,0.375,0.825,1.0,1.0,0.35833333333333334,0.5339712918660287,0.0
20260621_132802_002f9dab,20260621_132802_002f9dab_g0026,26,663079604,5,48,48,49,2,4,GREEN,pool_l45_100ms,3,2,[2],0,53,4,"{""1"": 65, ""2"": 107, ""3"": 88, ""4"": 53}",False,3.0,-70.0,6.0,9.0,45.0,0.1125,0.0,0.0,0.0,0.0,0.0,0.0,0.0,0.0,236.0,3.0,11.0,10.0,40.0,0.0,0.0,2.0,6.0,2.0,0.0,0.0,0.0,48.0,49.0,0.5425,0.5238095238095238,0.0196,0.0192,0.12,0.5454545454545454,0.45454545454545453,0.075,1.0,1.0,0.6083333333333333,0.3760964912280702,0.0
20260621_132802_002f9dab,20260621_132802_002f9dab_g0026,26,663079604,6,56,56,62,3,1,RED,pool_l9_partial_200ms,0,2,[2],0,65,3,"{""1"": 65, ""2"": 107, ""3"": 88, ""4"": 53}",False,14.0,-42.0,2.0,39.0,50.0,0.125,0.0,0.0,0.0,0.0,0.0,0.0,0.0,0.0,29.0,14.0,14.0,7.0,28.0,0.0,0.0,1.0,5.0,1.0,0.0,0.0,0.0,56.0,62.0,0.6125,0.6666666666666666,0.0248,0.0224,0.15,0.6818181818181818,0.3181818181818182,0.35,0.6333333333333333,1.0,0.4666666666666667,0.47017543859649125,0.0
20260621_132802_002f9dab,20260621_132802_002f9dab_g0026,26,663079604,6,56,56,62,3,2,BLUE,pool_peer_500ms,1,2,[2],1,107,1,"{""1"": 65, ""2"": 107, ""3"": 88, ""4"": 53}",False,24.0,-22.0,0.0,53.0,50.0,0.125,18.0,16.0,18.0,14.0,4.0,0.0,0.0,0.0,11.0,42.0,16.0,5.0,16.0,1.0,1.0,0.0,2.0,1.0,0.0,0.0,0.0,56.0,62.0,0.6125,0.7619047619047619,0.0248,0.0224,0.18,0.8181818181818182,0.18181818181818182,0.6,0.8,1.0,0.38333333333333336,0.5292397660818713,0.0
20260621_132802_002f9dab,20260621_132802_002f9dab_g0026,26,663079604,6,56,56,62,3,3,YELLOW,champion,2,2,[2],0,88,2,"{""1"": 65, ""2"": 107, ""3"": 88, ""4"": 53}",False,29.0,-12.0,0.0,30.0,50.0,0.125,11.0,5.0,13.0,0.0,7.0,1.5,2.0,2.5,18.0,42.0,15.0,6.0,23.0,0.0,1.0,1.0,2.0,2.0,0.0,0.0,0.0,56.0,62.0,0.6125,0.7142857142857143,0.0248,0.0224,0.1625,0.7386363636363636,0.26136363636363635,0.725,1.0,1.0,0.3416666666666667,0.5538461538461539,0.0
20260621_132802_002f9dab,20260621_132802_002f9dab_g0026,26,663079604,6,56,56,62,3,4,GREEN,pool_l45_100ms,3,2,[2],0,53,4,"{""1"": 65, ""2"": 107, ""3"": 88, ""4"": 53}",False,3.0,-64.0,6.0,9.0,50.0,0.125,0.0,0.0,0.0,0.0,0.0,0.0,0.0,0.0,29.0,3.0,11.0,10.0,40.0,0.0,0.0,2.0,6.0,2.0,0.0,0.0,0.0,56.0,62.0,0.6125,0.5238095238095238,0.0248,0.0224,0.12,0.5454545454545454,0.45454545454545453,0.075,0.43333333333333335,1.0,0.5583333333333333,0.3760964912280702,0.0
20260621_132802_002f9dab,20260621_132802_002f9dab_g0027,27,80412496,0,8,8,8,1,1,RED,pool_peer_500ms,0,1,[1],1,90,1,"{""1"": 90, ""2"": 88, ""3"": 86, ""4"": 82}",False,9.0,-13.0,9.0,0.0,0.0,0.0,543.0,122.625,488.75,9.0,15.0,41.25,153.5,270.0,1269.0,497.75,2.0,19.0,78.0,1.0,1.0,2.0,6.0,9.0,1.0,0.0,0.0,8.0,8.0,0.0975,0.09523809523809523,0.0032,0.0032,0.025,0.11363636363636363,0.8863636363636364,0.225,1.0,1.0,0.18333333333333332,0.23684210526315785,0.0
20260621_132802_002f9dab,20260621_132802_002f9dab_g0027,27,80412496,0,8,8,8,1,2,BLUE,champion,1,1,[1],0,88,2,"{""1"": 90, ""2"": 88, ""3"": 86, ""4"": 82}",False,8.0,-15.0,9.0,0.0,0.0,0.0,461.0,104.0,420.75,8.0,12.0,33.75,107.0,260.0,1351.0,428.75,2.0,19.0,79.0,1.0,1.0,2.0,5.0,10.0,1.0,1.0,0.0,8.0,8.0,0.0975,0.09523809523809523,0.0032,0.0032,0.0225,0.10227272727272728,0.8977272727272727,0.2,1.0,1.0,0.19166666666666668,0.21052631578947367,0.0
20260621_132802_002f9dab,20260621_132802_002f9dab_g0027,27,80412496,0,8,8,8,1,3,YELLOW,pool_l45_100ms,2,1,[1],0,86,3,"{""1"": 90, ""2"": 88, ""3"": 86, ""4"": 82}",False,7.0,-17.0,9.0,0.0,0.0,0.0,364.0,86.0,341.875,7.0,10.0,27.0,108.5,189.375,1448.0,348.875,2.0,19.0,78.0,1.0,1.0,2.0,6.0,9.0,1.0,1.0,0.0,8.0,8.0,0.0975,0.09523809523809523,0.0032,0.0032,0.025,0.11363636363636363,0.8863636363636364,0.175,1.0,1.0,0.2,0.17368421052631577,0.0
20260621_132802_002f9dab,20260621_132802_002f9dab_g0027,27,80412496,0,8,8,8,1,4,GREEN,pool_l9_partial_200ms,3,1,[1],0,82,4,"{""1"": 90, ""2"": 88, ""3"": 86, ""4"": 82}",False,7.0,-17.0,9.0,0.0,0.0,0.0,444.0,103.25,415.125,7.0,12.0,33.75,130.5,231.875,1368.0,422.125,2.0,19.0,78.0,1.0,1.0,2.0,6.0,9.0,1.0,1.0,0.0,8.0,8.0,0.0975,0.09523809523809523,0.0032,0.0032,0.025,0.11363636363636363,0.8863636363636364,0.175,1.0,1.0,0.2,0.20526315789473681,0.0
20260621_132802_002f9dab,20260621_132802_002f9dab_g0027,27,80412496,1,16,16,16,1,1,RED,pool_peer_500ms,0,1,[1],1,90,1,"{""1"": 90, ""2"": 88, ""3"": 86, ""4"": 82}",False,16.0,-20.0,0.0,1.0,4.0,0.01,708.0,176.375,683.25,14.0,24.0,66.0,250.5,328.75,1648.0,699.25,4.0,17.0,68.0,1.0,1.0,2.0,6.0,7.0,1.0,0.0,0.0,16.0,16.0,0.1975,0.19047619047619047,0.0064,0.0064,0.05,0.22727272727272727,0.7727272727272727,0.4,1.0,1.0,0.3,0.49473684210526314,0.0
20260621_132802_002f9dab,20260621_132802_002f9dab_g0027,27,80412496,1,16,16,16,1,2,BLUE,champion,1,1,[1],0,88,2,"{""1"": 90, ""2"": 88, ""3"": 86, ""4"": 82}",False,15.0,-22.0,1.0,1.0,4.0,0.01,721.0,179.875,705.125,15.0,24.0,67.5,213.0,385.625,1635.0,720.125,4.0,17.0,69.0,1.0,1.0,2.0,5.0,8.0,1.0,1.0,0.0,16.0,16.0,0.1975,0.19047619047619047,0.0064,0.0064,0.0475,0.2159090909090909,0.7840909090909091,0.375,1.0,1.0,0.30833333333333335,0.4681440443213297,0.0
20260621_132802_002f9dab,20260621_132802_002f9dab_g0027,27,80412496,1,16,16,16,1,3,YELLOW,pool_l45_100ms,2,1,[1],0,86,3,"{""1"": 90, ""2"": 88, ""3"": 86, ""4"": 82}",False,11.0,-30.0,5.0,0.0,4.0,0.01,402.0,97.0,361.75,11.0,15.0,34.5,135.0,166.25,1954.0,372.75,4.0,17.0,68.0,1.0,1.0,2.0,6.0,7.0,1.0,0.0,0.0,16.0,16.0,0.1975,0.19047619047619047,0.0064,0.0064,0.05,0.22727272727272727,0.7727272727272727,0.275,1.0,1.0,0.3416666666666667,0.3526315789473684,0.0
20260621_132802_002f9dab,20260621_132802_002f9dab_g0027,27,80412496,1,16,16,16,1,4,GREEN,pool_l9_partial_200ms,3,1,[1],0,82,4,"{""1"": 90, ""2"": 88, ""3"": 86, ""4"": 82}",False,10.0,-32.0,7.0,0.0,4.0,0.01,525.0,121.875,470.625,10.0,17.0,45.0,173.0,225.625,1831.0,480.625,4.0,17.0,68.0,1.0,1.0,2.0,6.0,7.0,1.0,0.0,0.0,16.0,16.0,0.1975,0.19047619047619047,0.0064,0.0064,0.05,0.22727272727272727,0.7727272727272727,0.25,1.0,1.0,0.35,0.3131578947368421,0.0
20260621_132802_002f9dab,20260621_132802_002f9dab_g0027,27,80412496,2,24,24,24,1,1,RED,pool_peer_500ms,0,1,[1],1,90,1,"{""1"": 90, ""2"": 88, ""3"": 86, ""4"": 82}",False,16.0,-35.0,0.0,7.0,6.0,0.015,414.0,116.375,406.0,15.0,22.0,54.75,185.5,128.75,1119.0,422.0,6.0,15.0,58.0,1.0,1.0,2.0,6.0,5.0,0.0,0.0,0.0,24.0,24.0,0.2975,0.2857142857142857,0.0096,0.0096,0.075,0.3409090909090909,0.6590909090909091,0.4,1.0,1.0,0.425,0.5596491228070175,0.0
20260621_132802_002f9dab,20260621_132802_002f9dab_g0027,27,80412496,2,24,24,24,1,2,BLUE,champion,1,1,[1],0,88,2,"{""1"": 90, ""2"": 88, ""3"": 86, ""4"": 82}",False,24.0,-19.0,1.0,9.0,6.0,0.015,592.0,164.125,589.5,21.0,29.0,75.0,214.5,250.0,941.0,613.5,6.0,15.0,59.0,1.0,1.0,2.0,5.0,6.0,1.0,0.0,0.0,24.0,24.0,0.2975,0.2857142857142857,0.0096,0.0096,0.0725,0.32954545454545453,0.6704545454545454,0.6,1.0,1.0,0.35833333333333334,0.5571687840290381,0.0
20260621_132802_002f9dab,20260621_132802_002f9dab_g0027,27,80412496,2,24,24,24,1,3,YELLOW,pool_l45_100ms,2,1,[1],0,86,3,"{""1"": 90, ""2"": 88, ""3"": 86, ""4"": 82}",False,12.0,-43.0,5.0,1.0,6.0,0.015,160.0,46.125,142.125,12.0,10.0,18.0,54.0,48.125,1373.0,154.125,6.0,15.0,58.0,1.0,1.0,2.0,6.0,5.0,0.0,0.0,0.0,24.0,24.0,0.2975,0.2857142857142857,0.0096,0.0096,0.075,0.3409090909090909,0.6590909090909091,0.3,1.0,1.0,0.4583333333333333,0.39473684210526316,0.0
20260621_132802_002f9dab,20260621_132802_002f9dab_g0027,27,80412496,2,24,24,24,1,4,GREEN,pool_l9_partial_200ms,3,1,[1],0,82,4,"{""1"": 90, ""2"": 88, ""3"": 86, ""4"": 82}",False,15.0,-37.0,4.0,2.0,6.0,0.015,367.0,95.875,323.5,14.0,21.0,47.25,147.5,93.75,1166.0,338.5,6.0,15.0,58.0,1.0,1.0,2.0,6.0,5.0,0.0,0.0,0.0,24.0,24.0,0.2975,0.2857142857142857,0.0096,0.0096,0.075,0.3409090909090909,0.6590909090909091,0.375,1.0,1.0,0.4333333333333333,0.43333333333333324,0.0
20260621_132802_002f9dab,20260621_132802_002f9dab_g0027,27,80412496,3,32,32,32,1,1,RED,pool_peer_500ms,0,1,[1],1,90,1,"{""1"": 90, ""2"": 88, ""3"": 86, ""4"": 82}",False,18.0,-43.0,0.0,13.0,13.0,0.0325,193.0,67.0,199.5,16.0,17.0,33.0,96.0,37.5,617.0,217.5,8.0,13.0,48.0,1.0,1.0,2.0,6.0,3.0,0.0,0.0,0.0,32.0,32.0,0.395,0.38095238095238093,0.0128,0.0128,0.1,0.45454545454545453,0.5454545454545454,0.45,1.0,1.0,0.5083333333333333,0.6065789473684211,0.0
20260621_132802_002f9dab,20260621_132802_002f9dab_g0027,27,80412496,3,32,32,32,1,2,BLUE,champion,1,1,[1],0,88,2,"{""1"": 90, ""2"": 88, ""3"": 86, ""4"": 82}",False,30.0,-19.0,1.0,14.0,13.0,0.0325,363.0,118.0,360.5,27.0,32.0,66.0,118.0,117.5,447.0,390.5,8.0,13.0,50.0,1.0,1.0,2.0,4.0,5.0,1.0,0.0,0.0,32.0,32.0,0.395,0.38095238095238093,0.0128,0.0128,0.095,0.4318181818181818,0.5681818181818182,0.75,1.0,1.0,0.4083333333333333,0.5637119113573408,0.0
20260621_132802_002f9dab,20260621_132802_002f9dab_g0027,27,80412496,3,32,32,32,1,3,YELLOW,pool_l45_100ms,2,1,[1],0,86,3,"{""1"": 90, ""2"": 88, ""3"": 86, ""4"": 82}",False,14.0,-51.0,5.0,3.0,13.0,0.0325,93.0,33.5,86.875,12.0,9.0,14.25,38.5,13.125,717.0,100.875,8.0,13.0,48.0,1.0,1.0,2.0,6.0,3.0,0.0,0.0,0.0,32.0,32.0,0.395,0.38095238095238093,0.0128,0.0128,0.1,0.45454545454545453,0.5454545454545454,0.35,1.0,1.0,0.5416666666666667,0.4342105263157895,0.0
20260621_132802_002f9dab,20260621_132802_002f9dab_g0027,27,80412496,3,32,32,32,1,4,GREEN,pool_l9_partial_200ms,3,1,[1],0,82,4,"{""1"": 90, ""2"": 88, ""3"": 86, ""4"": 82}",False,17.0,-45.0,4.0,8.0,13.0,0.0325,161.0,55.875,154.375,15.0,18.0,30.0,72.0,19.375,649.0,171.375,8.0,13.0,48.0,1.0,1.0,2.0,6.0,3.0,0.0,0.0,0.0,32.0,32.0,0.395,0.38095238095238093,0.0128,0.0128,0.1,0.45454545454545453,0.5454545454545454,0.425,1.0,1.0,0.5166666666666667,0.4473684210526315,0.0
20260621_132802_002f9dab,20260621_132802_002f9dab_g0027,27,80412496,4,40,40,40,1,1,RED,pool_peer_500ms,0,1,[1],1,90,1,"{""1"": 90, ""2"": 88, ""3"": 86, ""4"": 82}",False,21.0,-44.0,0.0,18.0,18.0,0.045,161.0,61.625,164.0,18.0,18.0,33.0,92.5,2.5,229.0,185.0,10.0,11.0,38.0,1.0,1.0,2.0,6.0,1.0,0.0,0.0,0.0,40.0,40.0,0.49,0.47619047619047616,0.016,0.016,0.125,0.5681818181818182,0.4318181818181818,0.525,1.0,1.0,0.5416666666666667,0.588421052631579,0.0
20260621_132802_002f9dab,20260621_132802_002f9dab_g0027,27,80412496,4,40,40,40,1,2,BLUE,champion,1,1,[1],0,88,2,"{""1"": 90, ""2"": 88, ""3"": 86, ""4"": 82}",False,34.0,-18.0,1.0,25.0,18.0,0.045,152.0,68.25,163.25,26.0,27.0,39.75,28.0,42.5,238.0,197.25,10.0,11.0,42.0,1.0,1.0,2.0,2.0,5.0,1.0,0.0,0.0,40.0,40.0,0.49,0.47619047619047616,0.016,0.016,0.115,0.5227272727272727,0.4772727272727273,0.85,1.0,1.0,0.4333333333333333,0.5377574370709381,0.0
20260621_132802_002f9dab,20260621_132802_002f9dab_g0027,27,80412496,4,40,40,40,1,3,YELLOW,pool_l45_100ms,2,1,[1],0,86,3,"{""1"": 90, ""2"": 88, ""3"": 86, ""4"": 82}",False,17.0,-52.0,5.0,13.0,18.0,0.045,43.0,22.625,40.375,13.0,9.0,6.75,11.0,0.625,347.0,57.375,10.0,11.0,38.0,1.0,1.0,2.0,6.0,1.0,0.0,0.0,0.0,40.0,40.0,0.49,0.47619047619047616,0.016,0.016,0.125,0.5681818181818182,0.4318181818181818,0.425,0.9833333333333333,1.0,0.575,0.42105263157894735,0.0
20260621_132802_002f9dab,20260621_132802_002f9dab_g0027,27,80412496,4,40,40,40,1,4,GREEN,pool_l9_partial_200ms,3,1,[1],0,82,4,"{""1"": 90, ""2"": 88, ""3"": 86, ""4"": 82}",False,14.0,-58.0,4.0,12.0,18.0,0.045,34.0,18.0,31.75,10.0,8.0,6.75,7.0,0.0,356.0,45.75,10.0,11.0,38.0,1.0,1.0,2.0,6.0,1.0,0.0,0.0,0.0,40.0,40.0,0.49,0.47619047619047616,0.016,0.016,0.125,0.5681818181818182,0.4318181818181818,0.35,0.95,1.0,0.6,0.4242105263157895,0.0
20260621_132802_002f9dab,20260621_132802_002f9dab_g0027,27,80412496,5,48,48,48,1,1,RED,pool_peer_500ms,0,1,[1],1,90,1,"{""1"": 90, ""2"": 88, ""3"": 86, ""4"": 82}",False,25.0,-39.0,0.0,32.0,21.0,0.0525,81.0,42.25,90.25,19.0,15.0,20.25,36.0,0.0,148.0,115.25,12.0,9.0,30.0,1.0,1.0,2.0,4.0,1.0,0.0,0.0,0.0,48.0,48.0,0.58,0.5714285714285714,0.0192,0.0192,0.145,0.6590909090909091,0.3409090909090909,0.625,1.0,1.0,0.5333333333333333,0.5662431941923776,0.0
20260621_132802_002f9dab,20260621_132802_002f9dab_g0027,27,80412496,5,48,48,48,1,2,BLUE,champion,1,1,[1],0,88,2,"{""1"": 90, ""2"": 88, ""3"": 86, ""4"": 82}",False,35.0,-19.0,1.0,40.0,21.0,0.0525,100.0,50.75,109.25,24.0,18.0,25.5,18.0,23.75,129.0,144.25,12.0,9.0,32.0,1.0,1.0,2.0,2.0,3.0,1.0,0.0,0.0,48.0,48.0,0.58,0.5714285714285714,0.0192,0.0192,0.14,0.6363636363636364,0.36363636363636365,0.875,1.0,1.0,0.45,0.4943609022556391,0.0
20260621_132802_002f9dab,20260621_132802_002f9dab_g0027,27,80412496,5,48,48,48,1,3,YELLOW,pool_l45_100ms,2,1,[1],0,86,3,"{""1"": 90, ""2"": 88, ""3"": 86, ""4"": 82}",False,15.0,-59.0,2.0,22.0,21.0,0.0525,26.0,16.375,25.0,11.0,6.0,4.5,3.5,0.0,203.0,40.0,12.0,9.0,29.0,1.0,1.0,2.0,5.0,0.0,0.0,0.0,0.0,48.0,48.0,0.58,0.5714285714285714,0.0192,0.0192,0.1475,0.6704545454545454,0.32954545454545453,0.375,0.7,0.8,0.6166666666666667,0.4727921498661909,0.0
20260621_132802_002f9dab,20260621_132802_002f9dab_g0027,27,80412496,5,48,48,48,1,4,GREEN,pool_l9_partial_200ms,3,1,[1],0,82,4,"{""1"": 90, ""2"": 88, ""3"": 86, ""4"": 82}",False,14.0,-61.0,4.0,23.0,21.0,0.0525,22.0,13.125,21.25,8.0,6.0,3.75,3.5,0.0,207.0,35.25,12.0,9.0,29.0,1.0,1.0,2.0,5.0,0.0,0.0,0.0,0.0,48.0,48.0,0.58,0.5714285714285714,0.0192,0.0192,0.1475,0.6704545454545454,0.32954545454545453,0.35,0.6333333333333333,0.8,0.625,0.43354148082069577,0.0
20260621_132802_002f9dab,20260621_132802_002f9dab_g0027,27,80412496,6,56,56,56,1,1,RED,pool_peer_500ms,0,1,[1],1,90,1,"{""1"": 90, ""2"": 88, ""3"": 86, ""4"": 82}",False,25.0,-31.0,0.0,43.0,26.0,0.065,27.0,22.0,30.5,16.0,9.0,1.5,4.0,0.0,58.0,55.5,14.0,7.0,23.0,1.0,1.0,1.0,3.0,1.0,0.0,0.0,0.0,56.0,56.0,0.655,0.6666666666666666,0.0224,0.0224,0.1625,0.7386363636363636,0.26136363636363635,0.625,0.8166666666666667,1.0,0.4666666666666667,0.5619433198380566,0.0
20260621_132802_002f9dab,20260621_132802_002f9dab_g0027,27,80412496,6,56,56,56,1,2,BLUE,champion,1,1,[1],0,88,2,"{""1"": 90, ""2"": 88, ""3"": 86, ""4"": 82}",False,33.0,-15.0,1.0,46.0,26.0,0.065,29.0,23.25,30.25,18.0,8.0,3.0,0.0,1.25,56.0,63.25,14.0,7.0,24.0,1.0,1.0,1.0,2.0,2.0,1.0,0.0,0.0,56.0,56.0,0.655,0.6666666666666666,0.0224,0.0224,0.16,0.7272727272727273,0.2727272727272727,0.825,0.8833333333333333,1.0,0.4,0.48026315789473684,0.0
20260621_132802_002f9dab,20260621_132802_002f9dab_g0027,27,80412496,6,56,56,56,1,3,YELLOW,pool_l45_100ms,2,1,[1],0,86,3,"{""1"": 90, ""2"": 88, ""3"": 86, ""4"": 82}",False,12.0,-57.0,0.0,32.0,26.0,0.065,10.0,9.0,10.0,8.0,2.0,0.0,0.0,0.0,75.0,22.0,14.0,7.0,22.0,1.0,1.0,1.0,4.0,0.0,0.0,0.0,0.0,56.0,56.0,0.655,0.6666666666666666,0.0224,0.0224,0.165,0.75,0.25,0.3,0.4666666666666667,0.8,0.575,0.48245614035087714,0.0
20260621_132802_002f9dab,20260621_132802_002f9dab_g0027,27,80412496,6,56,56,56,1,4,GREEN,pool_l9_partial_200ms,3,1,[1],0,82,4,"{""1"": 90, ""2"": 88, ""3"": 86, ""4"": 82}",False,11.0,-59.0,4.0,36.0,26.0,0.065,19.0,12.75,19.5,8.0,6.0,4.5,1.0,0.0,66.0,30.5,14.0,7.0,21.0,1.0,1.0,2.0,3.0,0.0,0.0,0.0,0.0,56.0,56.0,0.655,0.6666666666666666,0.0224,0.0224,0.1675,0.7613636363636364,0.23863636363636365,0.275,0.6333333333333333,0.8,0.5833333333333333,0.4587588373919874,0.0
20260621_132802_002f9dab,20260621_132802_002f9dab_g0027,27,80412496,7,64,64,64,1,1,RED,pool_peer_500ms,0,1,[1],1,90,1,"{""1"": 90, ""2"": 88, ""3"": 86, ""4"": 82}",False,23.0,-31.0,0.0,48.0,32.0,0.08,7.0,3.5,7.5,0.0,6.0,1.5,0.0,0.0,21.0,30.5,16.0,5.0,18.0,0.0,1.0,1.0,2.0,1.0,0.0,0.0,0.0,64.0,64.0,0.7075,0.7619047619047619,0.0256,0.0256,0.175,0.7954545454545454,0.20454545454545456,0.575,0.6166666666666667,1.0,0.45,0.5511278195488722,0.0
20260621_132802_002f9dab,20260621_132802_002f9dab_g0027,27,80412496,7,64,64,64,1,2,BLUE,champion,1,1,[1],0,88,2,"{""1"": 90, ""2"": 88, ""3"": 86, ""4"": 82}",False,31.0,-15.0,1.0,57.0,32.0,0.08,3.0,1.25,4.25,0.0,0.0,3.0,0.0,1.25,25.0,35.25,16.0,5.0,21.0,0.0,0.0,1.0,2.0,2.0,1.0,0.0,0.0,64.0,64.0,0.7075,0.7619047619047619,0.0256,0.0256,0.1675,0.7613636363636364,0.23863636363636365,0.775,0.65,1.0,0.38333333333333336,0.48782403770620575,0.0
20260621_132802_002f9dab,20260621_132802_002f9dab_g0027,27,80412496,7,64,64,64,1,3,YELLOW,pool_l45_100ms,2,1,[1],0,86,3,"{""1"": 90, ""2"": 88, ""3"": 86, ""4"": 82}",False,11.0,-55.0,0.0,44.0,32.0,0.08,8.0,8.0,8.0,8.0,0.0,0.0,0.0,0.0,20.0,19.0,16.0,5.0,16.0,1.0,0.0,1.0,3.0,0.0,0.0,0.0,0.0,64.0,64.0,0.7075,0.7619047619047619,0.0256,0.0256,0.18,0.8181818181818182,0.18181818181818182,0.275,0.3333333333333333,0.8,0.55,0.45906432748538006,0.0
20260621_132802_002f9dab,20260621_132802_002f9dab_g0027,27,80412496,7,64,64,64,1,4,GREEN,pool_l9_partial_200ms,3,1,[1],0,82,4,"{""1"": 90, ""2"": 88, ""3"": 86, ""4"": 82}",False,12.0,-53.0,4.0,43.0,32.0,0.08,10.0,8.5,10.0,7.0,3.0,0.0,0.0,0.0,18.0,22.0,16.0,5.0,14.0,1.0,1.0,1.0,2.0,0.0,0.0,0.0,0.0,64.0,64.0,0.7075,0.7619047619047619,0.0256,0.0256,0.185,0.8409090909090909,0.1590909090909091,0.3,0.4,0.8,0.5416666666666667,0.4473684210526315,0.0
20260621_132802_002f9dab,20260621_132802_002f9dab_g0028,28,270235956,0,8,8,8,1,1,RED,champion,0,1,[1],1,94,1,"{""1"": 94, ""2"": 87, ""3"": 80, ""4"": 93}",False,8.0,-13.0,9.0,0.0,3.0,0.0075,526.0,122.5,500.25,8.0,14.0,40.5,129.0,308.75,1234.0,508.25,2.0,19.0,79.0,1.0,1.0,2.0,5.0,10.0,1.0,0.0,1.0,8.0,8.0,0.0975,0.09523809523809523,0.0032,0.0032,0.0225,0.10227272727272728,0.8977272727272727,0.2,1.0,1.0,0.175,0.23976608187134507,0.0
20260621_132802_002f9dab,20260621_132802_002f9dab_g0028,28,270235956,0,8,8,8,1,2,BLUE,pool_l45_100ms,1,1,[1],0,87,3,"{""1"": 94, ""2"": 87, ""3"": 80, ""4"": 93}",False,5.0,-19.0,9.0,0.0,3.0,0.0075,327.0,76.25,309.5,5.0,8.0,24.0,95.0,177.5,1433.0,314.5,2.0,19.0,78.0,1.0,1.0,2.0,6.0,9.0,1.0,1.0,0.0,8.0,8.0,0.0975,0.09523809523809523,0.0032,0.0032,0.025,0.11363636363636363,0.8863636363636364,0.125,1.0,1.0,0.2,0.15263157894736834,0.0
20260621_132802_002f9dab,20260621_132802_002f9dab_g0028,28,270235956,0,8,8,8,1,3,YELLOW,pool_l9_partial_200ms,2,1,[1],0,80,4,"{""1"": 94, ""2"": 87, ""3"": 80, ""4"": 93}",False,7.0,-15.0,9.0,0.0,3.0,0.0075,364.0,86.0,341.875,7.0,10.0,27.0,108.5,189.375,1396.0,348.875,2.0,19.0,78.0,1.0,1.0,2.0,6.0,9.0,1.0,1.0,0.0,8.0,8.0,0.0975,0.09523809523809523,0.0032,0.0032,0.025,0.11363636363636363,0.8863636363636364,0.175,1.0,1.0,0.18333333333333332,0.17368421052631577,0.0
20260621_132802_002f9dab,20260621_132802_002f9dab_g0028,28,270235956,0,8,8,8,1,4,GREEN,pool_peer_500ms,3,1,[1],0,93,2,"{""1"": 94, ""2"": 87, ""3"": 80, ""4"": 93}",False,9.0,-11.0,9.0,0.0,3.0,0.0075,543.0,122.625,488.75,9.0,15.0,41.25,153.5,270.0,1217.0,497.75,2.0,19.0,78.0,1.0,1.0,2.0,6.0,9.0,1.0,0.0,0.0,8.0,8.0,0.0975,0.09523809523809523,0.0032,0.0032,0.025,0.11363636363636363,0.8863636363636364,0.225,1.0,1.0,0.16666666666666669,0.23684210526315785,0.0
20260621_132802_002f9dab,20260621_132802_002f9dab_g0028,28,270235956,1,16,16,16,1,1,RED,champion,0,1,[1],1,94,1,"{""1"": 94, ""2"": 87, ""3"": 80, ""4"": 93}",False,18.0,-17.0,2.0,2.0,3.0,0.0075,921.0,217.0,851.375,17.0,30.0,83.25,260.5,460.625,1603.0,869.375,4.0,17.0,69.0,1.0,1.0,2.0,5.0,8.0,1.0,0.0,0.0,16.0,16.0,0.1975,0.19047619047619047,0.0064,0.0064,0.0475,0.2159090909090909,0.7840909090909091,0.45,1.0,1.0,0.29166666666666663,0.4958448753462603,0.0
20260621_132802_002f9dab,20260621_132802_002f9dab_g0028,28,270235956,1,16,16,16,1,2,BLUE,pool_l45_100ms,1,1,[1],0,87,3,"{""1"": 94, ""2"": 87, ""3"": 80, ""4"": 93}",False,9.0,-35.0,6.0,0.0,3.0,0.0075,518.0,120.375,468.625,9.0,16.0,45.0,173.0,225.625,2006.0,477.625,4.0,17.0,68.0,1.0,1.0,2.0,6.0,7.0,1.0,0.0,0.0,16.0,16.0,0.1975,0.19047619047619047,0.0064,0.0064,0.05,0.22727272727272727,0.7727272727272727,0.225,1.0,1.0,0.36666666666666664,0.3263157894736842,0.0
20260621_132802_002f9dab,20260621_132802_002f9dab_g0028,28,270235956,1,16,16,16,1,3,YELLOW,pool_l9_partial_200ms,2,1,[1],0,80,4,"{""1"": 94, ""2"": 87, ""3"": 80, ""4"": 93}",False,11.0,-31.0,5.0,0.0,3.0,0.0075,429.0,102.375,386.25,11.0,15.0,36.0,140.5,183.75,2095.0,397.25,4.0,17.0,68.0,1.0,1.0,2.0,6.0,7.0,1.0,0.0,0.0,16.0,16.0,0.1975,0.19047619047619047,0.0064,0.0064,0.05,0.22727272727272727,0.7727272727272727,0.275,1.0,1.0,0.35,0.3526315789473684,0.0
20260621_132802_002f9dab,20260621_132802_002f9dab_g0028,28,270235956,1,16,16,16,1,4,GREEN,pool_peer_500ms,3,1,[1],0,93,2,"{""1"": 94, ""2"": 87, ""3"": 80, ""4"": 93}",False,15.0,-23.0,1.0,1.0,3.0,0.0075,656.0,165.375,633.125,15.0,23.0,62.25,231.0,301.875,1868.0,648.125,4.0,17.0,68.0,1.0,1.0,2.0,6.0,7.0,1.0,0.0,0.0,16.0,16.0,0.1975,0.19047619047619047,0.0064,0.0064,0.05,0.22727272727272727,0.7727272727272727,0.375,1.0,1.0,0.31666666666666665,0.4815789473684211,0.0
20260621_132802_002f9dab,20260621_132802_002f9dab_g0028,28,270235956,2,24,24,24,1,1,RED,champion,0,1,[1],1,94,1,"{""1"": 94, ""2"": 87, ""3"": 80, ""4"": 93}",False,21.0,-26.0,0.0,8.0,4.0,0.01,671.0,173.125,645.25,19.0,31.0,78.75,181.5,335.0,960.0,666.25,6.0,15.0,60.0,1.0,1.0,2.0,4.0,7.0,1.0,0.0,0.0,24.0,24.0,0.295,0.2857142857142857,0.0096,0.0096,0.07,0.3181818181818182,0.6818181818181818,0.525,1.0,1.0,0.39166666666666666,0.6052631578947368,0.0
20260621_132802_002f9dab,20260621_132802_002f9dab_g0028,28,270235956,2,24,24,24,1,2,BLUE,pool_l45_100ms,1,1,[1],0,87,3,"{""1"": 94, ""2"": 87, ""3"": 80, ""4"": 93}",False,14.0,-40.0,1.0,1.0,4.0,0.01,315.0,85.0,283.625,14.0,19.0,39.75,121.5,89.375,1316.0,297.625,6.0,15.0,58.0,1.0,1.0,2.0,6.0,5.0,0.0,0.0,0.0,24.0,24.0,0.295,0.2857142857142857,0.0096,0.0096,0.075,0.3409090909090909,0.6590909090909091,0.35,1.0,1.0,0.45,0.4385964912280702,0.0
20260621_132802_002f9dab,20260621_132802_002f9dab_g0028,28,270235956,2,24,24,24,1,3,YELLOW,pool_l9_partial_200ms,2,1,[1],0,80,4,"{""1"": 94, ""2"": 87, ""3"": 80, ""4"": 93}",False,12.0,-44.0,5.0,3.0,4.0,0.01,145.0,43.625,131.0,12.0,10.0,18.0,48.5,42.5,1486.0,143.0,6.0,15.0,58.0,1.0,1.0,2.0,6.0,5.0,0.0,0.0,0.0,24.0,24.0,0.295,0.2857142857142857,0.0096,0.0096,0.075,0.3409090909090909,0.6590909090909091,0.3,1.0,1.0,0.4666666666666667,0.39473684210526316,0.0
20260621_132802_002f9dab,20260621_132802_002f9dab_g0028,28,270235956,2,24,24,24,1,4,GREEN,pool_peer_500ms,3,1,[1],0,93,2,"{""1"": 94, ""2"": 87, ""3"": 80, ""4"": 93}",False,21.0,-26.0,0.0,11.0,4.0,0.01,500.0,139.125,488.875,19.0,25.0,60.75,211.0,173.125,1131.0,509.875,6.0,15.0,58.0,1.0,1.0,2.0,6.0,5.0,1.0,0.0,0.0,24.0,24.0,0.295,0.2857142857142857,0.0096,0.0096,0.075,0.3409090909090909,0.6590909090909091,0.525,1.0,1.0,0.39166666666666666,0.5842105263157895,0.0
20260621_132802_002f9dab,20260621_132802_002f9dab_g0028,28,270235956,3,32,32,32,1,1,RED,champion,0,1,[1],1,94,1,"{""1"": 94, ""2"": 87, ""3"": 80, ""4"": 93}",False,26.0,-27.0,0.0,17.0,6.0,0.015,522.0,160.875,561.625,23.0,32.0,81.75,193.0,231.875,391.0,587.625,8.0,13.0,50.0,1.0,1.0,2.0,4.0,5.0,1.0,0.0,0.0,32.0,32.0,0.3925,0.38095238095238093,0.0128,0.0128,0.095,0.4318181818181818,0.5681818181818182,0.65,1.0,1.0,0.4416666666666667,0.5803324099722992,0.0
20260621_132802_002f9dab,20260621_132802_002f9dab_g0028,28,270235956,3,32,32,32,1,2,BLUE,pool_l45_100ms,1,1,[1],0,87,3,"{""1"": 94, ""2"": 87, ""3"": 80, ""4"": 93}",False,13.0,-53.0,1.0,14.0,6.0,0.015,71.0,28.25,66.75,12.0,9.0,11.25,22.0,12.5,842.0,79.75,8.0,13.0,48.0,1.0,1.0,2.0,6.0,3.0,0.0,0.0,0.0,32.0,32.0,0.3925,0.38095238095238093,0.0128,0.0128,0.1,0.45454545454545453,0.5454545454545454,0.325,1.0,1.0,0.55,0.4842105263157894,0.0
20260621_132802_002f9dab,20260621_132802_002f9dab_g0028,28,270235956,3,32,32,32,1,3,YELLOW,pool_l9_partial_200ms,2,1,[1],0,80,4,"{""1"": 94, ""2"": 87, ""3"": 80, ""4"": 93}",False,15.0,-49.0,5.0,13.0,6.0,0.015,53.0,24.5,51.5,12.0,8.0,10.5,16.0,5.0,860.0,66.5,8.0,13.0,48.0,1.0,1.0,2.0,6.0,3.0,0.0,0.0,0.0,32.0,32.0,0.3925,0.38095238095238093,0.0128,0.0128,0.1,0.45454545454545453,0.5454545454545454,0.375,1.0,1.0,0.5333333333333333,0.4236842105263158,0.0
20260621_132802_002f9dab,20260621_132802_002f9dab_g0028,28,270235956,3,32,32,32,1,4,GREEN,pool_peer_500ms,3,1,[1],0,93,2,"{""1"": 94, ""2"": 87, ""3"": 80, ""4"": 93}",False,25.0,-29.0,0.0,22.0,6.0,0.015,267.0,90.5,279.5,21.0,22.0,42.75,110.0,83.75,646.0,304.5,8.0,13.0,49.0,1.0,1.0,2.0,5.0,4.0,1.0,0.0,0.0,32.0,32.0,0.3925,0.38095238095238093,0.0128,0.0128,0.0975,0.4431818181818182,0.5568181818181818,0.625,1.0,1.0,0.45,0.582995951417004,0.0
20260621_132802_002f9dab,20260621_132802_002f9dab_g0028,28,270235956,4,40,40,40,1,1,RED,champion,0,1,[1],1,94,1,"{""1"": 94, ""2"": 87, ""3"": 80, ""4"": 93}",False,32.0,-24.0,0.0,27.0,10.0,0.025,233.0,88.625,251.75,25.0,26.0,50.25,75.5,75.0,261.0,283.75,10.0,11.0,41.0,1.0,1.0,2.0,3.0,4.0,1.0,0.0,0.0,40.0,40.0,0.49,0.47619047619047616,0.016,0.016,0.1175,0.5340909090909091,0.4659090909090909,0.8,1.0,1.0,0.4666666666666667,0.5901455767077268,0.0
20260621_132802_002f9dab,20260621_132802_002f9dab_g0028,28,270235956,4,40,40,40,1,2,BLUE,pool_l45_100ms,1,1,[1],0,87,3,"{""1"": 94, ""2"": 87, ""3"": 80, ""4"": 93}",False,16.0,-56.0,1.0,23.0,10.0,0.025,121.0,45.25,115.625,15.0,14.0,23.25,56.5,6.875,373.0,131.625,10.0,11.0,38.0,1.0,1.0,2.0,6.0,1.0,0.0,0.0,0.0,40.0,40.0,0.49,0.47619047619047616,0.016,0.016,0.125,0.5681818181818182,0.4318181818181818,0.4,1.0,1.0,0.6,0.4810526315789474,0.0
20260621_132802_002f9dab,20260621_132802_002f9dab_g0028,28,270235956,4,40,40,40,1,3,YELLOW,pool_l9_partial_200ms,2,1,[1],0,80,4,"{""1"": 94, ""2"": 87, ""3"": 80, ""4"": 93}",False,17.0,-54.0,5.0,22.0,10.0,0.025,41.0,23.125,40.75,14.0,7.0,8.25,11.5,0.0,453.0,57.75,10.0,11.0,38.0,1.0,1.0,2.0,6.0,1.0,0.0,0.0,0.0,40.0,40.0,0.49,0.47619047619047616,0.016,0.016,0.125,0.5681818181818182,0.4318181818181818,0.425,1.0,1.0,0.5916666666666667,0.42105263157894735,0.0
20260621_132802_002f9dab,20260621_132802_002f9dab_g0028,28,270235956,4,40,40,40,1,4,GREEN,pool_peer_500ms,3,1,[1],0,93,2,"{""1"": 94, ""2"": 87, ""3"": 80, ""4"": 93}",False,23.0,-42.0,0.0,29.0,10.0,0.025,99.0,42.25,100.75,18.0,11.0,17.25,42.0,12.5,395.0,123.75,10.0,11.0,39.0,1.0,1.0,2.0,5.0,2.0,1.0,0.0,0.0,40.0,40.0,0.49,0.47619047619047616,0.016,0.016,0.1225,0.5568181818181818,0.4431818181818182,0.575,1.0,1.0,0.5416666666666667,0.5692803437164339,0.0
20260621_132802_002f9dab,20260621_132802_002f9dab_g0028,28,270235956,5,48,48,48,1,1,RED,champion,0,1,[1],1,94,1,"{""1"": 94, ""2"": 87, ""3"": 80, ""4"": 93}",False,32.0,-22.0,0.0,38.0,17.0,0.0425,72.0,40.0,75.375,22.0,14.0,15.75,20.5,3.125,138.0,107.375,12.0,9.0,31.0,1.0,1.0,2.0,3.0,2.0,0.0,0.0,0.0,48.0,48.0,0.5775,0.5714285714285714,0.0192,0.0192,0.1425,0.6477272727272727,0.3522727272727273,0.8,1.0,1.0,0.45,0.5632502308402585,0.0
20260621_132802_002f9dab,20260621_132802_002f9dab_g0028,28,270235956,5,48,48,48,1,2,BLUE,pool_l45_100ms,1,1,[1],0,87,3,"{""1"": 94, ""2"": 87, ""3"": 80, ""4"": 93}",False,14.0,-58.0,1.0,31.0,17.0,0.0425,72.0,31.75,75.25,12.0,10.0,17.25,36.0,0.0,138.0,89.25,12.0,9.0,29.0,1.0,1.0,2.0,5.0,0.0,0.0,0.0,0.0,48.0,48.0,0.5775,0.5714285714285714,0.0192,0.0192,0.1475,0.6704545454545454,0.32954545454545453,0.35,0.8666666666666667,0.8,0.6,0.48617305976806424,0.0
20260621_132802_002f9dab,20260621_132802_002f9dab_g0028,28,270235956,5,48,48,48,1,3,YELLOW,pool_l9_partial_200ms,2,1,[1],0,80,4,"{""1"": 94, ""2"": 87, ""3"": 80, ""4"": 93}",False,14.0,-58.0,5.0,29.0,17.0,0.0425,20.0,15.125,19.75,12.0,4.0,2.25,1.5,0.0,190.0,33.75,12.0,9.0,30.0,1.0,1.0,2.0,4.0,1.0,0.0,0.0,0.0,48.0,48.0,0.5775,0.5714285714285714,0.0192,0.0192,0.145,0.6590909090909091,0.3409090909090909,0.35,0.6833333333333333,1.0,0.6,0.4137931034482759,0.0
20260621_132802_002f9dab,20260621_132802_002f9dab_g0028,28,270235956,5,48,48,48,1,4,GREEN,pool_peer_500ms,3,1,[1],0,93,2,"{""1"": 94, ""2"": 87, ""3"": 80, ""4"": 93}",False,26.0,-34.0,0.0,36.0,17.0,0.0425,46.0,28.0,48.75,18.0,8.0,4.5,17.0,1.25,164.0,74.75,12.0,9.0,31.0,1.0,1.0,1.0,5.0,1.0,0.0,0.0,0.0,48.0,48.0,0.5775,0.5714285714285714,0.0192,0.0192,0.1425,0.6477272727272727,0.3522727272727273,0.65,1.0,1.0,0.5,0.5604801477377654,0.0
20260621_132802_002f9dab,20260621_132802_002f9dab_g0028,28,270235956,6,56,56,56,1,1,RED,champion,0,1,[1],1,94,1,"{""1"": 94, ""2"": 87, ""3"": 80, ""4"": 93}",False,32.0,-20.0,0.0,48.0,20.0,0.05,33.0,23.5,32.75,17.0,8.0,6.75,1.0,0.0,51.0,64.75,14.0,7.0,22.0,1.0,1.0,2.0,2.0,1.0,0.0,0.0,0.0,56.0,56.0,0.6575,0.6666666666666666,0.0224,0.0224,0.165,0.75,0.25,0.8,0.9,1.0,0.4333333333333333,0.5374800637958532,0.0
20260621_132802_002f9dab,20260621_132802_002f9dab_g0028,28,270235956,6,56,56,56,1,2,BLUE,pool_l45_100ms,1,1,[1],0,87,3,"{""1"": 94, ""2"": 87, ""3"": 80, ""4"": 93}",False,13.0,-58.0,1.0,39.0,20.0,0.05,16.0,11.75,17.75,8.0,4.0,3.75,2.0,0.0,68.0,30.75,14.0,7.0,21.0,1.0,1.0,2.0,3.0,0.0,0.0,0.0,0.0,56.0,56.0,0.6575,0.6666666666666666,0.0224,0.0224,0.1675,0.7613636363636364,0.23863636363636365,0.325,0.5166666666666667,0.8,0.5916666666666667,0.4815396700706992,0.0
20260621_132802_002f9dab,20260621_132802_002f9dab_g0028,28,270235956,6,56,56,56,1,3,YELLOW,pool_l9_partial_200ms,2,1,[1],0,80,4,"{""1"": 94, ""2"": 87, ""3"": 80, ""4"": 93}",False,14.0,-56.0,2.0,36.0,20.0,0.05,15.0,13.5,15.0,12.0,3.0,0.0,0.0,0.0,69.0,29.0,14.0,7.0,23.0,1.0,1.0,1.0,3.0,1.0,0.0,0.0,0.0,56.0,56.0,0.6575,0.6666666666666666,0.0224,0.0224,0.1625,0.7386363636363636,0.26136363636363635,0.35,0.5,1.0,0.5833333333333333,0.4542510121457489,0.0
20260621_132802_002f9dab,20260621_132802_002f9dab_g0028,28,270235956,6,56,56,56,1,4,GREEN,pool_peer_500ms,3,1,[1],0,93,2,"{""1"": 94, ""2"": 87, ""3"": 80, ""4"": 93}",False,25.0,-34.0,0.0,52.0,20.0,0.05,20.0,17.0,20.5,14.0,5.0,1.5,0.0,0.0,64.0,45.5,14.0,7.0,23.0,1.0,1.0,1.0,3.0,1.0,0.0,0.0,0.0,56.0,56.0,0.6575,0.6666666666666666,0.0224,0.0224,0.1625,0.7386363636363636,0.26136363636363635,0.625,0.85,1.0,0.4916666666666667,0.5263157894736843,0.0
20260621_132802_002f9dab,20260621_132802_002f9dab_g0028,28,270235956,7,64,64,64,1,1,RED,champion,0,1,[1],1,94,1,"{""1"": 94, ""2"": 87, ""3"": 80, ""4"": 93}",False,30.0,-21.0,0.0,58.0,24.0,0.06,19.0,16.25,18.75,14.0,4.0,0.75,0.0,0.0,29.0,48.75,16.0,5.0,15.0,1.0,1.0,1.0,1.0,1.0,0.0,0.0,0.0,64.0,64.0,0.7175,0.7619047619047619,0.0256,0.0256,0.1825,0.8295454545454546,0.17045454545454544,0.75,0.6666666666666666,1.0,0.425,0.5299206921413122,0.0
20260621_132802_002f9dab,20260621_132802_002f9dab_g0028,28,270235956,7,64,64,64,1,2,BLUE,pool_l45_100ms,1,1,[1],0,87,3,"{""1"": 94, ""2"": 87, ""3"": 80, ""4"": 93}",False,11.0,-59.0,1.0,45.0,24.0,0.06,9.0,7.5,9.5,6.0,2.0,1.5,0.0,0.0,39.0,20.5,16.0,5.0,14.0,1.0,1.0,1.0,2.0,0.0,0.0,0.0,0.0,64.0,64.0,0.7175,0.7619047619047619,0.0256,0.0256,0.185,0.8409090909090909,0.1590909090909091,0.275,0.23333333333333334,0.8,0.5833333333333333,0.4637268847795163,0.0
20260621_132802_002f9dab,20260621_132802_002f9dab_g0028,28,270235956,7,64,64,64,1,3,YELLOW,pool_l9_partial_200ms,2,1,[1],0,80,4,"{""1"": 94, ""2"": 87, ""3"": 80, ""4"": 93}",False,15.0,-51.0,2.0,46.0,24.0,0.06,5.0,2.5,5.5,0.0,4.0,1.5,0.0,0.0,43.0,20.5,16.0,5.0,18.0,0.0,1.0,1.0,2.0,1.0,0.0,0.0,0.0,64.0,64.0,0.7175,0.7619047619047619,0.0256,0.0256,0.175,0.7954545454545454,0.20454545454545456,0.375,0.6,1.0,0.55,0.44436090225563907,0.0
20260621_132802_002f9dab,20260621_132802_002f9dab_g0028,28,270235956,7,64,64,64,1,4,GREEN,pool_peer_500ms,3,1,[1],0,93,2,"{""1"": 94, ""2"": 87, ""3"": 80, ""4"": 93}",False,25.0,-31.0,0.0,60.0,24.0,0.06,15.0,13.375,17.625,12.0,0.0,0.0,5.0,0.625,33.0,42.625,16.0,5.0,18.0,1.0,0.0,0.0,3.0,1.0,0.0,0.0,0.0,64.0,64.0,0.7175,0.7619047619047619,0.0256,0.0256,0.175,0.7954545454545454,0.20454545454545456,0.625,0.7833333333333333,1.0,0.4666666666666667,0.5210526315789474,0.0
20260621_132802_002f9dab,20260621_132802_002f9dab_g0029,29,1363241047,0,8,8,8,1,1,RED,pool_l45_100ms,0,3,[3],0,82,3,"{""1"": 82, ""2"": 72, ""3"": 96, ""4"": 90}",False,6.0,-16.0,9.0,0.0,4.0,0.01,388.0,90.5,366.25,6.0,10.0,28.5,113.0,208.75,1359.0,372.25,2.0,19.0,78.0,1.0,1.0,2.0,6.0,9.0,1.0,1.0,0.0,8.0,8.0,0.0975,0.09523809523809523,0.0032,0.0032,0.025,0.11363636363636363,0.8863636363636364,0.15,1.0,1.0,0.18333333333333332,0.20526315789473681,0.0
20260621_132802_002f9dab,20260621_132802_002f9dab_g0029,29,1363241047,0,8,8,8,1,2,BLUE,pool_l9_partial_200ms,1,3,[3],0,72,4,"{""1"": 82, ""2"": 72, ""3"": 96, ""4"": 90}",False,5.0,-18.0,9.0,0.0,4.0,0.01,327.0,76.25,309.5,5.0,8.0,24.0,95.0,177.5,1420.0,314.5,2.0,19.0,78.0,1.0,1.0,2.0,6.0,9.0,1.0,1.0,0.0,8.0,8.0,0.0975,0.09523809523809523,0.0032,0.0032,0.025,0.11363636363636363,0.8863636363636364,0.125,1.0,1.0,0.19166666666666668,0.15263157894736834,0.0
20260621_132802_002f9dab,20260621_132802_002f9dab_g0029,29,1363241047,0,8,8,8,1,3,YELLOW,pool_peer_500ms,2,3,[3],1,96,1,"{""1"": 82, ""2"": 72, ""3"": 96, ""4"": 90}",False,9.0,-10.0,9.0,0.0,4.0,0.01,543.0,122.625,488.75,9.0,15.0,41.25,153.5,270.0,1204.0,497.75,2.0,19.0,78.0,1.0,1.0,2.0,6.0,9.0,1.0,0.0,0.0,8.0,8.0,0.0975,0.09523809523809523,0.0032,0.0032,0.025,0.11363636363636363,0.8863636363636364,0.225,1.0,1.0,0.15833333333333333,0.23684210526315785,0.0
20260621_132802_002f9dab,20260621_132802_002f9dab_g0029,29,1363241047,0,8,8,8,1,4,GREEN,champion,3,3,[3],0,90,2,"{""1"": 82, ""2"": 72, ""3"": 96, ""4"": 90}",False,8.0,-12.0,9.0,0.0,4.0,0.01,489.0,120.375,491.125,8.0,14.0,39.75,125.0,304.375,1258.0,499.125,2.0,19.0,79.0,1.0,1.0,2.0,5.0,10.0,1.0,1.0,1.0,8.0,8.0,0.0975,0.09523809523809523,0.0032,0.0032,0.0225,0.10227272727272728,0.8977272727272727,0.2,1.0,1.0,0.16666666666666669,0.23391812865497075,0.0
20260621_132802_002f9dab,20260621_132802_002f9dab_g0029,29,1363241047,1,16,16,16,1,1,RED,pool_l45_100ms,0,3,[3],0,82,3,"{""1"": 82, ""2"": 72, ""3"": 96, ""4"": 90}",False,10.0,-32.0,7.0,0.0,4.0,0.01,503.0,117.5,449.25,10.0,17.0,45.0,171.0,206.25,2173.0,459.25,4.0,17.0,68.0,1.0,1.0,2.0,6.0,7.0,1.0,0.0,0.0,16.0,16.0,0.1975,0.19047619047619047,0.0064,0.0064,0.05,0.22727272727272727,0.7727272727272727,0.25,1.0,1.0,0.35,0.3236842105263158,0.0
20260621_132802_002f9dab,20260621_132802_002f9dab_g0029,29,1363241047,1,16,16,16,1,2,BLUE,pool_l9_partial_200ms,1,3,[3],0,72,4,"{""1"": 82, ""2"": 72, ""3"": 96, ""4"": 90}",False,9.0,-34.0,6.0,0.0,4.0,0.01,528.0,122.375,477.5,9.0,16.0,45.0,177.5,230.0,2148.0,486.5,4.0,17.0,68.0,1.0,1.0,2.0,6.0,7.0,1.0,0.0,0.0,16.0,16.0,0.1975,0.19047619047619047,0.0064,0.0064,0.05,0.22727272727272727,0.7727272727272727,0.225,1.0,1.0,0.35833333333333334,0.3263157894736842,0.0
20260621_132802_002f9dab,20260621_132802_002f9dab_g0029,29,1363241047,1,16,16,16,1,3,YELLOW,pool_peer_500ms,2,3,[3],1,96,1,"{""1"": 82, ""2"": 72, ""3"": 96, ""4"": 90}",False,16.0,-20.0,0.0,0.0,4.0,0.01,899.0,221.75,867.75,16.0,29.0,81.75,316.0,425.0,1777.0,883.75,4.0,17.0,68.0,1.0,1.0,2.0,6.0,7.0,1.0,0.0,0.0,16.0,16.0,0.1975,0.19047619047619047,0.0064,0.0064,0.05,0.22727272727272727,0.7727272727272727,0.4,1.0,1.0,0.3,0.49473684210526314,0.0
20260621_132802_002f9dab,20260621_132802_002f9dab_g0029,29,1363241047,1,16,16,16,1,4,GREEN,champion,3,3,[3],0,90,2,"{""1"": 82, ""2"": 72, ""3"": 96, ""4"": 90}",False,17.0,-18.0,4.0,0.0,4.0,0.01,746.0,180.625,688.75,17.0,28.0,74.25,219.5,350.0,1930.0,705.75,4.0,17.0,69.0,1.0,1.0,2.0,5.0,8.0,1.0,0.0,0.0,16.0,16.0,0.1975,0.19047619047619047,0.0064,0.0064,0.0475,0.2159090909090909,0.7840909090909091,0.425,1.0,1.0,0.29166666666666663,0.4016620498614959,0.0
20260621_132802_002f9dab,20260621_132802_002f9dab_g0029,29,1363241047,2,24,24,24,1,1,RED,pool_l45_100ms,0,3,[3],0,82,3,"{""1"": 82, ""2"": 72, ""3"": 96, ""4"": 90}",False,14.0,-43.0,6.0,4.0,13.0,0.0325,224.0,65.375,210.25,13.0,16.0,29.25,84.5,67.5,1590.0,224.25,6.0,15.0,58.0,1.0,1.0,2.0,6.0,5.0,0.0,0.0,0.0,24.0,24.0,0.295,0.2857142857142857,0.0096,0.0096,0.075,0.3409090909090909,0.6590909090909091,0.35,1.0,1.0,0.475,0.4017543859649123,0.0
20260621_132802_002f9dab,20260621_132802_002f9dab_g0029,29,1363241047,2,24,24,24,1,2,BLUE,pool_l9_partial_200ms,1,3,[3],0,72,4,"{""1"": 82, ""2"": 72, ""3"": 96, ""4"": 90}",False,15.0,-41.0,1.0,7.0,13.0,0.0325,417.0,106.625,372.0,14.0,21.0,48.75,164.5,123.75,1397.0,387.0,6.0,15.0,58.0,1.0,1.0,2.0,6.0,5.0,0.0,0.0,0.0,24.0,24.0,0.295,0.2857142857142857,0.0096,0.0096,0.075,0.3409090909090909,0.6590909090909091,0.375,1.0,1.0,0.4666666666666667,0.4385964912280702,0.0
20260621_132802_002f9dab,20260621_132802_002f9dab_g0029,29,1363241047,2,24,24,24,1,3,YELLOW,pool_peer_500ms,2,3,[3],1,96,1,"{""1"": 82, ""2"": 72, ""3"": 96, ""4"": 90}",False,20.0,-31.0,0.0,5.0,13.0,0.0325,668.0,191.125,700.0,19.0,33.0,81.75,302.5,263.75,1146.0,720.0,6.0,15.0,58.0,1.0,1.0,2.0,6.0,5.0,1.0,0.0,0.0,24.0,24.0,0.295,0.2857142857142857,0.0096,0.0096,0.075,0.3409090909090909,0.6590909090909091,0.5,1.0,1.0,0.425,0.5894736842105264,0.0
20260621_132802_002f9dab,20260621_132802_002f9dab_g0029,29,1363241047,2,24,24,24,1,4,GREEN,champion,3,3,[3],0,90,2,"{""1"": 82, ""2"": 72, ""3"": 96, ""4"": 90}",False,22.0,-27.0,3.0,4.0,13.0,0.0325,505.0,138.375,486.25,20.0,30.0,68.25,140.5,227.5,1309.0,508.25,6.0,15.0,60.0,1.0,1.0,2.0,4.0,7.0,1.0,0.0,0.0,24.0,24.0,0.295,0.2857142857142857,0.0096,0.0096,0.07,0.3181818181818182,0.6818181818181818,0.55,1.0,1.0,0.4083333333333333,0.4906015037593985,0.0
20260621_132802_002f9dab,20260621_132802_002f9dab_g0029,29,1363241047,3,32,32,32,1,1,RED,pool_l45_100ms,0,3,[3],0,82,3,"{""1"": 82, ""2"": 72, ""3"": 96, ""4"": 90}",False,17.0,-50.0,4.0,16.0,13.0,0.0325,92.0,37.625,96.5,13.0,11.0,18.75,42.5,11.25,749.0,113.5,8.0,13.0,48.0,1.0,1.0,2.0,6.0,3.0,0.0,0.0,0.0,32.0,32.0,0.395,0.38095238095238093,0.0128,0.0128,0.1,0.45454545454545453,0.5454545454545454,0.425,1.0,1.0,0.5583333333333333,0.4276315789473685,0.0
20260621_132802_002f9dab,20260621_132802_002f9dab_g0029,29,1363241047,3,32,32,32,1,2,BLUE,pool_l9_partial_200ms,1,3,[3],0,72,4,"{""1"": 82, ""2"": 72, ""3"": 96, ""4"": 90}",False,16.0,-52.0,1.0,17.0,13.0,0.0325,112.0,41.0,109.25,13.0,13.0,20.25,43.0,20.0,729.0,125.25,8.0,13.0,48.0,1.0,1.0,2.0,6.0,3.0,0.0,0.0,0.0,32.0,32.0,0.395,0.38095238095238093,0.0128,0.0128,0.1,0.45454545454545453,0.5454545454545454,0.4,1.0,1.0,0.5666666666666667,0.49078947368421044,0.0
20260621_132802_002f9dab,20260621_132802_002f9dab_g0029,29,1363241047,3,32,32,32,1,3,YELLOW,pool_peer_500ms,2,3,[3],1,96,1,"{""1"": 82, ""2"": 72, ""3"": 96, ""4"": 90}",False,23.0,-38.0,0.0,15.0,13.0,0.0325,297.0,103.75,320.25,22.0,26.0,48.0,158.0,66.25,544.0,343.25,8.0,13.0,48.0,1.0,1.0,2.0,6.0,3.0,0.0,0.0,0.0,32.0,32.0,0.395,0.38095238095238093,0.0128,0.0128,0.1,0.45454545454545453,0.5454545454545454,0.575,1.0,1.0,0.5083333333333333,0.6210526315789473,0.0
20260621_132802_002f9dab,20260621_132802_002f9dab_g0029,29,1363241047,3,32,32,32,1,4,GREEN,champion,3,3,[3],0,90,2,"{""1"": 82, ""2"": 72, ""3"": 96, ""4"": 90}",False,28.0,-28.0,3.0,5.0,13.0,0.0325,340.0,109.75,331.5,25.0,31.0,64.5,111.0,100.0,501.0,359.5,8.0,13.0,50.0,1.0,1.0,2.0,4.0,5.0,1.0,0.0,0.0,32.0,32.0,0.395,0.38095238095238093,0.0128,0.0128,0.095,0.4318181818181818,0.5681818181818182,0.7,1.0,1.0,0.4666666666666667,0.5277008310249307,0.0
20260621_132802_002f9dab,20260621_132802_002f9dab_g0029,29,1363241047,4,40,40,40,1,1,RED,pool_l45_100ms,0,3,[3],0,82,3,"{""1"": 82, ""2"": 72, ""3"": 96, ""4"": 90}",False,15.0,-59.0,4.0,17.0,24.0,0.06,92.0,32.625,87.625,11.0,7.0,14.25,46.0,9.375,283.0,102.625,10.0,11.0,38.0,1.0,1.0,2.0,6.0,1.0,0.0,0.0,0.0,40.0,40.0,0.4825,0.47619047619047616,0.016,0.016,0.125,0.5681818181818182,0.4318181818181818,0.375,1.0,1.0,0.6166666666666667,0.4168421052631579,0.0
20260621_132802_002f9dab,20260621_132802_002f9dab_g0029,29,1363241047,4,40,40,40,1,2,BLUE,pool_l9_partial_200ms,1,3,[3],0,72,4,"{""1"": 82, ""2"": 72, ""3"": 96, ""4"": 90}",False,17.0,-55.0,1.0,20.0,24.0,0.06,41.0,23.5,41.25,13.0,10.0,11.25,7.0,0.0,334.0,58.25,10.0,11.0,39.0,1.0,1.0,2.0,5.0,2.0,0.0,0.0,0.0,40.0,40.0,0.4825,0.47619047619047616,0.016,0.016,0.1225,0.5568181818181818,0.4431818181818182,0.425,1.0,1.0,0.6,0.4897959183673469,0.0
20260621_132802_002f9dab,20260621_132802_002f9dab_g0029,29,1363241047,4,40,40,40,1,3,YELLOW,pool_peer_500ms,2,3,[3],1,96,1,"{""1"": 82, ""2"": 72, ""3"": 96, ""4"": 90}",False,26.0,-37.0,0.0,22.0,24.0,0.06,93.0,46.125,98.5,21.0,18.0,19.5,32.5,7.5,282.0,124.5,10.0,11.0,39.0,1.0,1.0,2.0,5.0,2.0,0.0,0.0,0.0,40.0,40.0,0.4825,0.47619047619047616,0.016,0.016,0.1225,0.5568181818181818,0.4431818181818182,0.65,1.0,1.0,0.525,0.5843179377013963,0.0
20260621_132802_002f9dab,20260621_132802_002f9dab_g0029,29,1363241047,4,40,40,40,1,4,GREEN,champion,3,3,[3],0,90,2,"{""1"": 82, ""2"": 72, ""3"": 96, ""4"": 90}",False,31.0,-27.0,3.0,12.0,24.0,0.06,149.0,63.0,154.375,25.0,26.0,16.5,42.5,44.375,226.0,185.375,10.0,11.0,43.0,1.0,1.0,1.0,3.0,5.0,1.0,0.0,0.0,40.0,40.0,0.4825,0.47619047619047616,0.016,0.016,0.1125,0.5113636363636364,0.48863636363636365,0.775,1.0,1.0,0.4833333333333333,0.5087719298245614,0.0
20260621_132802_002f9dab,20260621_132802_002f9dab_g0029,29,1363241047,5,48,48,48,1,1,RED,pool_l45_100ms,0,3,[3],0,82,3,"{""1"": 82, ""2"": 72, ""3"": 96, ""4"": 90}",False,19.0,-57.0,4.0,25.0,29.0,0.0725,21.0,16.125,20.5,13.0,4.0,3.0,0.5,0.0,163.0,39.5,12.0,9.0,29.0,1.0,1.0,2.0,5.0,0.0,0.0,0.0,0.0,48.0,48.0,0.5625,0.5714285714285714,0.0192,0.0192,0.1475,0.6704545454545454,0.32954545454545453,0.475,0.9833333333333333,0.8,0.6333333333333333,0.41748438893844786,0.0
20260621_132802_002f9dab,20260621_132802_002f9dab_g0029,29,1363241047,5,48,48,48,1,2,BLUE,pool_l9_partial_200ms,1,3,[3],0,72,4,"{""1"": 82, ""2"": 72, ""3"": 96, ""4"": 90}",False,16.0,-63.0,1.0,26.0,29.0,0.0725,6.0,2.5,5.5,0.0,4.0,1.5,0.0,0.0,178.0,21.5,12.0,9.0,34.0,0.0,1.0,2.0,4.0,2.0,0.0,0.0,0.0,48.0,48.0,0.5625,0.5714285714285714,0.0192,0.0192,0.135,0.6136363636363636,0.38636363636363635,0.4,1.0,1.0,0.6583333333333333,0.48538011695906425,0.0
20260621_132802_002f9dab,20260621_132802_002f9dab_g0029,29,1363241047,5,48,48,48,1,3,YELLOW,pool_peer_500ms,2,3,[3],1,96,1,"{""1"": 82, ""2"": 72, ""3"": 96, ""4"": 90}",False,30.0,-35.0,0.0,32.0,29.0,0.0725,81.0,46.375,86.75,25.0,19.0,18.75,16.5,7.5,103.0,116.75,12.0,9.0,31.0,1.0,1.0,2.0,3.0,2.0,0.0,0.0,0.0,48.0,48.0,0.5625,0.5714285714285714,0.0192,0.0192,0.1425,0.6477272727272727,0.3522727272727273,0.75,1.0,1.0,0.5416666666666667,0.5780240073868883,0.0
20260621_132802_002f9dab,20260621_132802_002f9dab_g0029,29,1363241047,5,48,48,48,1,4,GREEN,champion,3,3,[3],0,90,2,"{""1"": 82, ""2"": 72, ""3"": 96, ""4"": 90}",False,30.0,-35.0,0.0,25.0,29.0,0.0725,76.0,39.25,77.125,22.0,14.0,9.0,16.5,15.625,108.0,107.125,12.0,9.0,33.0,1.0,1.0,1.0,3.0,3.0,1.0,0.0,0.0,48.0,48.0,0.5625,0.5714285714285714,0.0192,0.0192,0.1375,0.625,0.375,0.75,1.0,1.0,0.5416666666666667,0.5234449760765549,0.0
20260621_132802_002f9dab,20260621_132802_002f9dab_g0029,29,1363241047,6,56,56,56,1,1,RED,pool_l45_100ms,0,3,[3],0,82,3,"{""1"": 82, ""2"": 72, ""3"": 96, ""4"": 90}",False,20.0,-54.0,4.0,36.0,26.0,0.065,23.0,17.25,24.5,13.0,4.0,4.5,3.0,0.0,70.0,44.5,14.0,7.0,21.0,1.0,1.0,2.0,3.0,0.0,0.0,0.0,0.0,56.0,56.0,0.6325,0.6666666666666666,0.0224,0.0224,0.1675,0.7613636363636364,0.23863636363636365,0.5,0.7666666666666667,0.8,0.6166666666666667,0.4399057344854673,0.0
20260621_132802_002f9dab,20260621_132802_002f9dab_g0029,29,1363241047,6,56,56,56,1,2,BLUE,pool_l9_partial_200ms,1,3,[3],0,72,4,"{""1"": 82, ""2"": 72, ""3"": 96, ""4"": 90}",False,14.0,-66.0,1.0,37.0,26.0,0.065,3.0,0.875,3.0,0.0,0.0,1.5,1.5,0.0,90.0,17.0,14.0,7.0,29.0,0.0,0.0,1.0,4.0,2.0,0.0,0.0,0.0,56.0,56.0,0.6325,0.6666666666666666,0.0224,0.0224,0.1475,0.6704545454545454,0.32954545454545453,0.35,0.6833333333333333,1.0,0.6666666666666667,0.48974130240856373,0.0
20260621_132802_002f9dab,20260621_132802_002f9dab_g0029,29,1363241047,6,56,56,56,1,3,YELLOW,pool_peer_500ms,2,3,[3],1,96,1,"{""1"": 82, ""2"": 72, ""3"": 96, ""4"": 90}",False,32.0,-30.0,0.0,41.0,26.0,0.065,36.0,29.0,41.0,22.0,8.0,4.5,4.0,2.5,57.0,73.0,14.0,7.0,24.0,1.0,1.0,1.0,2.0,2.0,0.0,0.0,0.0,56.0,56.0,0.6325,0.6666666666666666,0.0224,0.0224,0.16,0.7272727272727273,0.2727272727272727,0.8,0.9,1.0,0.5166666666666667,0.5641447368421053,0.0
20260621_132802_002f9dab,20260621_132802_002f9dab_g0029,29,1363241047,6,56,56,56,1,4,GREEN,champion,3,3,[3],0,90,2,"{""1"": 82, ""2"": 72, ""3"": 96, ""4"": 90}",False,28.0,-38.0,0.0,38.0,26.0,0.065,31.0,22.0,30.5,17.0,7.0,0.0,4.0,2.5,62.0,58.5,14.0,7.0,25.0,1.0,1.0,0.0,3.0,2.0,1.0,0.0,0.0,56.0,56.0,0.6325,0.6666666666666666,0.0224,0.0224,0.1575,0.7159090909090909,0.2840909090909091,0.7,0.9666666666666667,1.0,0.55,0.5463659147869675,0.0
20260621_132802_002f9dab,20260621_132802_002f9dab_g0029,29,1363241047,7,64,64,65,2,1,RED,pool_l45_100ms,0,3,[3],0,82,3,"{""1"": 82, ""2"": 72, ""3"": 96, ""4"": 90}",False,17.0,-51.0,4.0,46.0,47.0,0.1175,10.0,10.0,10.0,10.0,0.0,0.0,0.0,0.0,32.0,27.0,17.0,4.0,12.0,1.0,0.0,1.0,2.0,0.0,0.0,0.0,0.0,64.0,65.0,0.6925,0.8095238095238095,0.026,0.0256,0.19,0.8636363636363636,0.13636363636363635,0.425,0.45,0.8,0.5666666666666667,0.42520775623268703,0.0
20260621_132802_002f9dab,20260621_132802_002f9dab_g0029,29,1363241047,7,64,64,65,2,2,BLUE,pool_l9_partial_200ms,1,3,[3],0,72,4,"{""1"": 82, ""2"": 72, ""3"": 96, ""4"": 90}",False,13.0,-59.0,1.0,44.0,47.0,0.1175,0.0,0.0,0.0,0.0,0.0,0.0,0.0,0.0,42.0,13.0,15.0,6.0,25.0,0.0,0.0,1.0,3.0,2.0,0.0,0.0,0.0,64.0,65.0,0.6925,0.7142857142857143,0.026,0.0256,0.1575,0.7159090909090909,0.2840909090909091,0.325,0.55,1.0,0.6,0.4887218045112782,0.0
20260621_132802_002f9dab,20260621_132802_002f9dab_g0029,29,1363241047,7,64,64,65,2,3,YELLOW,pool_peer_500ms,2,3,[3],1,96,1,"{""1"": 82, ""2"": 72, ""3"": 96, ""4"": 90}",False,27.0,-31.0,0.0,49.0,47.0,0.1175,22.0,20.0,22.0,18.0,4.0,0.0,0.0,0.0,20.0,49.0,16.0,5.0,16.0,1.0,1.0,0.0,2.0,1.0,0.0,0.0,0.0,64.0,65.0,0.6925,0.7619047619047619,0.026,0.0256,0.18,0.8181818181818182,0.18181818181818182,0.675,0.6666666666666666,1.0,0.4833333333333333,0.52046783625731,0.0
20260621_132802_002f9dab,20260621_132802_002f9dab_g0029,29,1363241047,7,64,64,65,2,4,GREEN,champion,3,3,[3],0,90,2,"{""1"": 82, ""2"": 72, ""3"": 96, ""4"": 90}",False,28.0,-29.0,0.0,47.0,47.0,0.1175,10.0,2.875,12.25,0.0,0.0,0.0,8.5,3.75,32.0,40.25,16.0,5.0,22.0,0.0,0.0,0.0,3.0,2.0,1.0,0.0,0.0,64.0,65.0,0.6925,0.7619047619047619,0.026,0.0256,0.165,0.75,0.25,0.7,0.8666666666666667,1.0,0.475,0.532695374800638,0.0
20260621_132802_002f9dab,20260621_132802_002f9dab_g0030,30,1873984131,0,8,8,8,1,1,RED,pool_l9_partial_200ms,0,2,[2],0,87,3,"{""1"": 87, ""2"": 103, ""3"": 71, ""4"": 88}",False,6.0,-18.0,9.0,0.0,1.0,0.0025,388.0,90.5,366.25,6.0,10.0,28.5,113.0,208.75,1487.0,372.25,2.0,19.0,78.0,1.0,1.0,2.0,6.0,9.0,1.0,1.0,0.0,8.0,8.0,0.0975,0.09523809523809523,0.0032,0.0032,0.025,0.11363636363636363,0.8863636363636364,0.15,1.0,1.0,0.2,0.20526315789473681,0.0
20260621_132802_002f9dab,20260621_132802_002f9dab_g0030,30,1873984131,0,8,8,8,1,2,BLUE,pool_peer_500ms,1,2,[2],1,103,1,"{""1"": 87, ""2"": 103, ""3"": 71, ""4"": 88}",False,9.0,-12.0,9.0,0.0,1.0,0.0025,543.0,122.625,488.75,9.0,15.0,41.25,153.5,270.0,1332.0,497.75,2.0,19.0,78.0,1.0,1.0,2.0,6.0,9.0,1.0,0.0,0.0,8.0,8.0,0.0975,0.09523809523809523,0.0032,0.0032,0.025,0.11363636363636363,0.8863636363636364,0.225,1.0,1.0,0.175,0.23684210526315785,0.0
20260621_132802_002f9dab,20260621_132802_002f9dab_g0030,30,1873984131,0,8,8,8,1,3,YELLOW,champion,2,2,[2],0,71,4,"{""1"": 87, ""2"": 103, ""3"": 71, ""4"": 88}",False,8.0,-14.0,9.0,0.0,1.0,0.0025,500.0,123.375,504.625,8.0,14.0,40.5,129.0,313.125,1375.0,512.625,2.0,19.0,79.0,1.0,1.0,2.0,5.0,10.0,1.0,1.0,1.0,8.0,8.0,0.0975,0.09523809523809523,0.0032,0.0032,0.0225,0.10227272727272728,0.8977272727272727,0.2,1.0,1.0,0.18333333333333332,0.23391812865497075,0.0
20260621_132802_002f9dab,20260621_132802_002f9dab_g0030,30,1873984131,0,8,8,8,1,4,GREEN,pool_l45_100ms,3,2,[2],0,88,2,"{""1"": 87, ""2"": 103, ""3"": 71, ""4"": 88}",False,7.0,-16.0,9.0,0.0,1.0,0.0025,444.0,103.25,415.125,7.0,12.0,33.75,130.5,231.875,1431.0,422.125,2.0,19.0,78.0,1.0,1.0,2.0,6.0,9.0,1.0,1.0,0.0,8.0,8.0,0.0975,0.09523809523809523,0.0032,0.0032,0.025,0.11363636363636363,0.8863636363636364,0.175,1.0,1.0,0.19166666666666668,0.20526315789473681,0.0
20260621_132802_002f9dab,20260621_132802_002f9dab_g0030,30,1873984131,1,16,16,16,1,1,RED,pool_l9_partial_200ms,0,2,[2],0,87,3,"{""1"": 87, ""2"": 103, ""3"": 71, ""4"": 88}",False,10.0,-32.0,7.0,0.0,5.0,0.0125,515.0,119.75,459.75,10.0,17.0,45.0,174.0,213.75,2001.0,469.75,4.0,17.0,68.0,1.0,1.0,2.0,6.0,7.0,1.0,0.0,0.0,16.0,16.0,0.1975,0.19047619047619047,0.0064,0.0064,0.05,0.22727272727272727,0.7727272727272727,0.25,1.0,1.0,0.35,0.3236842105263158,0.0
20260621_132802_002f9dab,20260621_132802_002f9dab_g0030,30,1873984131,1,16,16,16,1,2,BLUE,pool_peer_500ms,1,2,[2],1,103,1,"{""1"": 87, ""2"": 103, ""3"": 71, ""4"": 88}",False,16.0,-20.0,0.0,0.0,5.0,0.0125,894.0,221.5,867.125,16.0,29.0,82.5,311.5,428.125,1622.0,883.125,4.0,17.0,68.0,1.0,1.0,2.0,6.0,7.0,1.0,0.0,0.0,16.0,16.0,0.1975,0.19047619047619047,0.0064,0.0064,0.05,0.22727272727272727,0.7727272727272727,0.4,1.0,1.0,0.3,0.49473684210526314,0.0
20260621_132802_002f9dab,20260621_132802_002f9dab_g0030,30,1873984131,1,16,16,16,1,3,YELLOW,champion,2,2,[2],0,71,4,"{""1"": 87, ""2"": 103, ""3"": 71, ""4"": 88}",False,16.0,-20.0,2.0,0.0,5.0,0.0125,597.0,155.125,588.0,16.0,25.0,61.5,180.5,305.0,1919.0,604.0,4.0,17.0,69.0,1.0,1.0,2.0,5.0,8.0,1.0,1.0,0.0,16.0,16.0,0.1975,0.19047619047619047,0.0064,0.0064,0.0475,0.2159090909090909,0.7840909090909091,0.4,1.0,1.0,0.3,0.4293628808864266,0.0
20260621_132802_002f9dab,20260621_132802_002f9dab_g0030,30,1873984131,1,16,16,16,1,4,GREEN,pool_l45_100ms,3,2,[2],0,88,2,"{""1"": 87, ""2"": 103, ""3"": 71, ""4"": 88}",False,10.0,-32.0,7.0,0.0,5.0,0.0125,510.0,119.25,457.5,10.0,17.0,45.0,173.0,212.5,2006.0,467.5,4.0,17.0,68.0,1.0,1.0,2.0,6.0,7.0,1.0,0.0,0.0,16.0,16.0,0.1975,0.19047619047619047,0.0064,0.0064,0.05,0.22727272727272727,0.7727272727272727,0.25,1.0,1.0,0.35,0.3131578947368421,0.0
20260621_132802_002f9dab,20260621_132802_002f9dab_g0030,30,1873984131,2,24,24,24,1,1,RED,pool_l9_partial_200ms,0,2,[2],0,87,3,"{""1"": 87, ""2"": 103, ""3"": 71, ""4"": 88}",False,14.0,-42.0,4.0,1.0,6.0,0.015,411.0,101.875,360.5,13.0,19.0,44.25,155.5,128.75,1179.0,374.5,6.0,15.0,58.0,1.0,1.0,2.0,6.0,5.0,0.0,0.0,0.0,24.0,24.0,0.2975,0.2857142857142857,0.0096,0.0096,0.075,0.3409090909090909,0.6590909090909091,0.35,1.0,1.0,0.4666666666666667,0.4035087719298245,0.0
20260621_132802_002f9dab,20260621_132802_002f9dab_g0030,30,1873984131,2,24,24,24,1,2,BLUE,pool_peer_500ms,1,2,[2],1,103,1,"{""1"": 87, ""2"": 103, ""3"": 71, ""4"": 88}",False,21.0,-28.0,0.0,5.0,6.0,0.015,752.0,202.75,745.375,20.0,33.0,87.75,321.5,283.125,838.0,766.375,6.0,15.0,58.0,1.0,1.0,2.0,6.0,5.0,0.0,0.0,0.0,24.0,24.0,0.2975,0.2857142857142857,0.0096,0.0096,0.075,0.3409090909090909,0.6590909090909091,0.525,1.0,1.0,0.4083333333333333,0.5929824561403509,0.0
20260621_132802_002f9dab,20260621_132802_002f9dab_g0030,30,1873984131,2,24,24,24,1,3,YELLOW,champion,2,2,[2],0,71,4,"{""1"": 87, ""2"": 103, ""3"": 71, ""4"": 88}",False,22.0,-26.0,2.0,6.0,6.0,0.015,339.0,101.375,338.125,18.0,21.0,50.25,127.0,121.875,1251.0,360.125,6.0,15.0,59.0,1.0,1.0,2.0,5.0,6.0,1.0,0.0,0.0,24.0,24.0,0.2975,0.2857142857142857,0.0096,0.0096,0.0725,0.32954545454545453,0.6704545454545454,0.55,1.0,1.0,0.4,0.48094373865698725,0.0
20260621_132802_002f9dab,20260621_132802_002f9dab_g0030,30,1873984131,2,24,24,24,1,4,GREEN,pool_l45_100ms,3,2,[2],0,88,2,"{""1"": 87, ""2"": 103, ""3"": 71, ""4"": 88}",False,13.0,-44.0,7.0,2.0,6.0,0.015,88.0,32.25,81.875,12.0,9.0,15.75,29.5,15.625,1502.0,94.875,6.0,15.0,58.0,1.0,1.0,2.0,6.0,5.0,0.0,0.0,0.0,24.0,24.0,0.2975,0.2857142857142857,0.0096,0.0096,0.075,0.3409090909090909,0.6590909090909091,0.325,1.0,1.0,0.475,0.38245614035087727,0.0
20260621_132802_002f9dab,20260621_132802_002f9dab_g0030,30,1873984131,3,32,32,32,1,1,RED,pool_l9_partial_200ms,0,2,[2],0,87,3,"{""1"": 87, ""2"": 103, ""3"": 71, ""4"": 88}",False,12.0,-58.0,4.0,8.0,6.0,0.015,163.0,51.0,160.25,9.0,13.0,27.75,83.0,27.5,654.0,172.25,8.0,13.0,48.0,1.0,1.0,2.0,6.0,3.0,0.0,0.0,0.0,32.0,32.0,0.3975,0.38095238095238093,0.0128,0.0128,0.1,0.45454545454545453,0.5454545454545454,0.3,1.0,1.0,0.5833333333333333,0.4552631578947368,0.0
20260621_132802_002f9dab,20260621_132802_002f9dab_g0030,30,1873984131,3,32,32,32,1,2,BLUE,pool_peer_500ms,1,2,[2],1,103,1,"{""1"": 87, ""2"": 103, ""3"": 71, ""4"": 88}",False,25.0,-32.0,0.0,19.0,6.0,0.015,294.0,98.125,300.875,20.0,24.0,51.75,157.0,48.125,523.0,325.875,8.0,13.0,48.0,1.0,1.0,2.0,6.0,3.0,0.0,0.0,0.0,32.0,32.0,0.3975,0.38095238095238093,0.0128,0.0128,0.1,0.45454545454545453,0.5454545454545454,0.625,1.0,1.0,0.475,0.631578947368421,0.0
20260621_132802_002f9dab,20260621_132802_002f9dab_g0030,30,1873984131,3,32,32,32,1,3,YELLOW,champion,2,2,[2],0,71,4,"{""1"": 87, ""2"": 103, ""3"": 71, ""4"": 88}",False,28.0,-26.0,2.0,9.0,6.0,0.015,267.0,87.875,258.125,23.0,21.0,45.75,109.0,59.375,550.0,286.125,8.0,13.0,49.0,1.0,1.0,2.0,5.0,4.0,0.0,0.0,0.0,32.0,32.0,0.3975,0.38095238095238093,0.0128,0.0128,0.0975,0.4431818181818182,0.5568181818181818,0.7,1.0,1.0,0.45,0.52361673414305,0.0
20260621_132802_002f9dab,20260621_132802_002f9dab_g0030,30,1873984131,3,32,32,32,1,4,GREEN,pool_l45_100ms,3,2,[2],0,88,2,"{""1"": 87, ""2"": 103, ""3"": 71, ""4"": 88}",False,17.0,-48.0,0.0,9.0,6.0,0.015,93.0,36.875,90.625,16.0,8.0,13.5,35.0,18.125,724.0,107.625,8.0,13.0,48.0,1.0,1.0,2.0,6.0,3.0,0.0,0.0,0.0,32.0,32.0,0.3975,0.38095238095238093,0.0128,0.0128,0.1,0.45454545454545453,0.5454545454545454,0.425,1.0,1.0,0.5416666666666667,0.48289473684210527,0.0
20260621_132802_002f9dab,20260621_132802_002f9dab_g0030,30,1873984131,4,40,40,40,1,1,RED,pool_l9_partial_200ms,0,2,[2],0,87,3,"{""1"": 87, ""2"": 103, ""3"": 71, ""4"": 88}",False,11.0,-62.0,2.0,23.0,18.0,0.045,61.0,23.25,62.125,6.0,9.0,13.5,30.5,3.125,301.0,73.125,10.0,11.0,38.0,1.0,1.0,2.0,6.0,1.0,0.0,0.0,0.0,40.0,40.0,0.49,0.47619047619047616,0.016,0.016,0.125,0.5681818181818182,0.4318181818181818,0.275,1.0,1.0,0.6083333333333333,0.48526315789473684,0.0
20260621_132802_002f9dab,20260621_132802_002f9dab_g0030,30,1873984131,4,40,40,40,1,2,BLUE,pool_peer_500ms,1,2,[2],1,103,1,"{""1"": 87, ""2"": 103, ""3"": 71, ""4"": 88}",False,28.0,-28.0,0.0,31.0,18.0,0.045,106.0,47.125,108.0,19.0,16.0,24.0,46.5,2.5,256.0,136.0,10.0,11.0,38.0,1.0,1.0,2.0,6.0,1.0,0.0,0.0,0.0,40.0,40.0,0.49,0.47619047619047616,0.016,0.016,0.125,0.5681818181818182,0.4318181818181818,0.7,1.0,1.0,0.4666666666666667,0.6031578947368421,0.0
20260621_132802_002f9dab,20260621_132802_002f9dab_g0030,30,1873984131,4,40,40,40,1,3,YELLOW,champion,2,2,[2],0,71,4,"{""1"": 87, ""2"": 103, ""3"": 71, ""4"": 88}",False,31.0,-22.0,2.0,14.0,18.0,0.045,185.0,70.25,186.375,26.0,21.0,18.0,69.5,51.875,177.0,217.375,10.0,11.0,42.0,1.0,1.0,1.0,4.0,4.0,0.0,0.0,0.0,40.0,40.0,0.49,0.47619047619047616,0.016,0.016,0.115,0.5227272727272727,0.4772727272727273,0.775,1.0,1.0,0.4416666666666667,0.5068649885583524,0.0
20260621_132802_002f9dab,20260621_132802_002f9dab_g0030,30,1873984131,4,40,40,40,1,4,GREEN,pool_l45_100ms,3,2,[2],0,88,2,"{""1"": 87, ""2"": 103, ""3"": 71, ""4"": 88}",False,14.0,-56.0,0.0,23.0,18.0,0.045,10.0,9.5,10.0,9.0,1.0,0.0,0.0,0.0,352.0,24.0,10.0,11.0,38.0,1.0,1.0,2.0,6.0,1.0,0.0,0.0,0.0,40.0,40.0,0.49,0.47619047619047616,0.016,0.016,0.125,0.5681818181818182,0.4318181818181818,0.35,0.6666666666666666,1.0,0.5833333333333333,0.48631578947368426,0.0
20260621_132802_002f9dab,20260621_132802_002f9dab_g0030,30,1873984131,5,48,48,48,1,1,RED,pool_l9_partial_200ms,0,2,[2],0,87,3,"{""1"": 87, ""2"": 103, ""3"": 71, ""4"": 88}",False,14.0,-61.0,2.0,26.0,21.0,0.0525,36.0,19.5,39.0,9.0,9.0,9.0,12.0,0.0,114.0,53.0,12.0,9.0,29.0,1.0,1.0,2.0,5.0,0.0,0.0,0.0,0.0,48.0,48.0,0.565,0.5714285714285714,0.0192,0.0192,0.1475,0.6704545454545454,0.32954545454545453,0.35,1.0,0.8,0.625,0.47457627118644075,0.0
20260621_132802_002f9dab,20260621_132802_002f9dab_g0030,30,1873984131,5,48,48,48,1,2,BLUE,pool_peer_500ms,1,2,[2],1,103,1,"{""1"": 87, ""2"": 103, ""3"": 71, ""4"": 88}",False,33.0,-23.0,0.0,40.0,21.0,0.0525,55.0,32.875,57.5,19.0,13.0,13.5,9.5,2.5,95.0,90.5,12.0,9.0,30.0,1.0,1.0,2.0,4.0,1.0,0.0,0.0,0.0,48.0,48.0,0.565,0.5714285714285714,0.0192,0.0192,0.145,0.6590909090909091,0.3409090909090909,0.825,1.0,1.0,0.4666666666666667,0.5943738656987296,0.0
20260621_132802_002f9dab,20260621_132802_002f9dab_g0030,30,1873984131,5,48,48,48,1,3,YELLOW,champion,2,2,[2],0,71,4,"{""1"": 87, ""2"": 103, ""3"": 71, ""4"": 88}",False,29.0,-31.0,2.0,24.0,21.0,0.0525,43.0,31.5,46.5,23.0,9.0,4.5,10.0,0.0,107.0,75.5,12.0,9.0,32.0,1.0,1.0,1.0,4.0,2.0,0.0,0.0,0.0,48.0,48.0,0.565,0.5714285714285714,0.0192,0.0192,0.14,0.6363636363636364,0.36363636363636365,0.725,1.0,1.0,0.5,0.48966165413533835,0.0
20260621_132802_002f9dab,20260621_132802_002f9dab_g0030,30,1873984131,5,48,48,48,1,4,GREEN,pool_l45_100ms,3,2,[2],0,88,2,"{""1"": 87, ""2"": 103, ""3"": 71, ""4"": 88}",False,13.0,-63.0,0.0,26.0,21.0,0.0525,16.0,4.625,17.125,0.0,0.0,4.5,12.0,0.625,134.0,30.125,12.0,9.0,35.0,0.0,0.0,2.0,6.0,1.0,0.0,0.0,0.0,48.0,48.0,0.565,0.5714285714285714,0.0192,0.0192,0.1325,0.6022727272727273,0.3977272727272727,0.325,0.7666666666666667,1.0,0.6333333333333333,0.4925521350546177,0.0
20260621_132802_002f9dab,20260621_132802_002f9dab_g0030,30,1873984131,6,56,56,56,1,1,RED,pool_l9_partial_200ms,0,2,[2],0,87,3,"{""1"": 87, ""2"": 103, ""3"": 71, ""4"": 88}",False,11.0,-63.0,2.0,33.0,37.0,0.0925,10.0,8.0,10.5,6.0,3.0,1.5,0.0,0.0,69.0,21.5,14.0,7.0,21.0,1.0,1.0,2.0,3.0,0.0,0.0,0.0,0.0,56.0,56.0,0.64,0.6666666666666666,0.0224,0.0224,0.1675,0.7613636363636364,0.23863636363636365,0.275,0.6833333333333333,0.8,0.6166666666666667,0.45247446975648076,0.0
20260621_132802_002f9dab,20260621_132802_002f9dab_g0030,30,1873984131,6,56,56,56,1,2,BLUE,pool_peer_500ms,1,2,[2],1,103,1,"{""1"": 87, ""2"": 103, ""3"": 71, ""4"": 88}",False,33.0,-19.0,0.0,50.0,37.0,0.0925,41.0,31.0,48.5,21.0,12.0,4.5,6.0,5.0,38.0,81.5,14.0,7.0,23.0,1.0,1.0,1.0,3.0,1.0,0.0,0.0,0.0,56.0,56.0,0.64,0.6666666666666666,0.0224,0.0224,0.1625,0.7386363636363636,0.26136363636363635,0.825,0.9833333333333333,1.0,0.4333333333333333,0.5878542510121458,0.0
20260621_132802_002f9dab,20260621_132802_002f9dab_g0030,30,1873984131,6,56,56,56,1,3,YELLOW,champion,2,2,[2],0,71,4,"{""1"": 87, ""2"": 103, ""3"": 71, ""4"": 88}",False,25.0,-35.0,2.0,39.0,37.0,0.0925,19.0,17.625,19.0,17.0,0.0,1.5,0.5,0.0,60.0,44.0,14.0,7.0,26.0,1.0,0.0,1.0,3.0,2.0,0.0,0.0,0.0,56.0,56.0,0.64,0.6666666666666666,0.0224,0.0224,0.155,0.7045454545454546,0.29545454545454547,0.625,0.9333333333333333,1.0,0.5,0.48217317487266553,0.0
20260621_132802_002f9dab,20260621_132802_002f9dab_g0030,30,1873984131,6,56,56,56,1,4,GREEN,pool_l45_100ms,3,2,[2],0,88,2,"{""1"": 87, ""2"": 103, ""3"": 71, ""4"": 88}",False,16.0,-53.0,0.0,39.0,37.0,0.0925,9.0,2.5,8.5,0.0,0.0,4.5,4.0,0.0,70.0,24.5,14.0,7.0,26.0,0.0,0.0,2.0,5.0,0.0,0.0,0.0,0.0,56.0,56.0,0.64,0.6666666666666666,0.0224,0.0224,0.155,0.7045454545454546,0.29545454545454547,0.4,0.7333333333333333,0.8,0.575,0.4864176570458404,0.0
20260621_132802_002f9dab,20260621_132802_002f9dab_g0030,30,1873984131,7,64,64,64,1,1,RED,pool_l9_partial_200ms,0,2,[2],0,87,3,"{""1"": 87, ""2"": 103, ""3"": 71, ""4"": 88}",False,11.0,-57.0,2.0,37.0,43.0,0.1075,9.0,3.25,8.5,0.0,4.0,1.5,3.0,0.0,23.0,19.5,16.0,5.0,17.0,0.0,1.0,1.0,3.0,0.0,0.0,0.0,0.0,64.0,64.0,0.7025,0.7619047619047619,0.0256,0.0256,0.1775,0.8068181818181818,0.19318181818181818,0.275,0.6166666666666667,0.8,0.5666666666666667,0.4536693847294292,0.0
20260621_132802_002f9dab,20260621_132802_002f9dab_g0030,30,1873984131,7,64,64,64,1,2,BLUE,pool_peer_500ms,1,2,[2],1,103,1,"{""1"": 87, ""2"": 103, ""3"": 71, ""4"": 88}",False,29.0,-21.0,0.0,57.0,43.0,0.1075,21.0,18.0,21.0,15.0,6.0,0.0,0.0,0.0,11.0,50.0,16.0,5.0,14.0,1.0,1.0,1.0,2.0,0.0,0.0,0.0,0.0,64.0,64.0,0.7025,0.7619047619047619,0.0256,0.0256,0.185,0.8409090909090909,0.1590909090909091,0.725,0.6,0.8,0.4166666666666667,0.5462304409672831,0.0
20260621_132802_002f9dab,20260621_132802_002f9dab_g0030,30,1873984131,7,64,64,64,1,3,YELLOW,champion,2,2,[2],0,71,4,"{""1"": 87, ""2"": 103, ""3"": 71, ""4"": 88}",False,24.0,-31.0,2.0,50.0,43.0,0.1075,0.0,0.0,0.0,0.0,0.0,0.0,0.0,0.0,32.0,24.0,16.0,5.0,22.0,0.0,0.0,0.0,3.0,2.0,0.0,0.0,0.0,64.0,64.0,0.7025,0.7619047619047619,0.0256,0.0256,0.165,0.75,0.25,0.6,0.5666666666666667,1.0,0.4583333333333333,0.4712918660287082,0.0
20260621_132802_002f9dab,20260621_132802_002f9dab_g0030,30,1873984131,7,64,64,64,1,4,GREEN,pool_l45_100ms,3,2,[2],0,88,2,"{""1"": 87, ""2"": 103, ""3"": 71, ""4"": 88}",False,15.0,-49.0,0.0,52.0,43.0,0.1075,2.0,0.5,1.5,0.0,0.0,1.5,0.0,0.0,30.0,16.5,16.0,5.0,18.0,0.0,0.0,2.0,3.0,0.0,0.0,0.0,0.0,64.0,64.0,0.7025,0.7619047619047619,0.0256,0.0256,0.175,0.7954545454545454,0.20454545454545456,0.375,0.6,0.8,0.5333333333333333,0.46616541353383456,0.0
20260621_132802_002f9dab,20260621_132802_002f9dab_g0031,31,896523585,0,8,8,8,1,1,RED,pool_peer_500ms,0,1,[1],1,93,1,"{""1"": 93, ""2"": 74, ""3"": 89, ""4"": 77}",False,9.0,-13.0,9.0,0.0,0.0,0.0,543.0,122.625,488.75,9.0,15.0,41.25,153.5,270.0,1269.0,497.75,2.0,19.0,78.0,1.0,1.0,2.0,6.0,9.0,1.0,0.0,0.0,8.0,8.0,0.0975,0.09523809523809523,0.0032,0.0032,0.025,0.11363636363636363,0.8863636363636364,0.225,1.0,1.0,0.18333333333333332,0.23684210526315785,0.0
20260621_132802_002f9dab,20260621_132802_002f9dab_g0031,31,896523585,0,8,8,8,1,2,BLUE,champion,1,1,[1],0,74,4,"{""1"": 93, ""2"": 74, ""3"": 89, ""4"": 77}",False,8.0,-15.0,9.0,0.0,0.0,0.0,461.0,104.0,420.75,8.0,12.0,33.75,107.0,260.0,1351.0,428.75,2.0,19.0,79.0,1.0,1.0,2.0,5.0,10.0,1.0,1.0,0.0,8.0,8.0,0.0975,0.09523809523809523,0.0032,0.0032,0.0225,0.10227272727272728,0.8977272727272727,0.2,1.0,1.0,0.19166666666666668,0.21052631578947367,0.0
20260621_132802_002f9dab,20260621_132802_002f9dab_g0031,31,896523585,0,8,8,8,1,3,YELLOW,pool_l45_100ms,2,1,[1],0,89,2,"{""1"": 93, ""2"": 74, ""3"": 89, ""4"": 77}",False,7.0,-17.0,9.0,0.0,0.0,0.0,364.0,86.0,341.875,7.0,10.0,27.0,108.5,189.375,1448.0,348.875,2.0,19.0,78.0,1.0,1.0,2.0,6.0,9.0,1.0,1.0,0.0,8.0,8.0,0.0975,0.09523809523809523,0.0032,0.0032,0.025,0.11363636363636363,0.8863636363636364,0.175,1.0,1.0,0.2,0.17368421052631577,0.0
20260621_132802_002f9dab,20260621_132802_002f9dab_g0031,31,896523585,0,8,8,8,1,4,GREEN,pool_l9_partial_200ms,3,1,[1],0,77,3,"{""1"": 93, ""2"": 74, ""3"": 89, ""4"": 77}",False,7.0,-17.0,9.0,0.0,0.0,0.0,444.0,103.25,415.125,7.0,12.0,33.75,130.5,231.875,1368.0,422.125,2.0,19.0,78.0,1.0,1.0,2.0,6.0,9.0,1.0,1.0,0.0,8.0,8.0,0.0975,0.09523809523809523,0.0032,0.0032,0.025,0.11363636363636363,0.8863636363636364,0.175,1.0,1.0,0.2,0.20526315789473681,0.0
20260621_132802_002f9dab,20260621_132802_002f9dab_g0031,31,896523585,1,16,16,16,1,1,RED,pool_peer_500ms,0,1,[1],1,93,1,"{""1"": 93, ""2"": 74, ""3"": 89, ""4"": 77}",False,16.0,-21.0,3.0,2.0,4.0,0.01,720.0,171.125,652.25,16.0,24.0,65.25,239.5,307.5,1709.0,668.25,4.0,17.0,68.0,1.0,1.0,2.0,6.0,7.0,1.0,0.0,0.0,16.0,16.0,0.1975,0.19047619047619047,0.0064,0.0064,0.05,0.22727272727272727,0.7727272727272727,0.4,1.0,1.0,0.30833333333333335,0.4552631578947368,0.0
20260621_132802_002f9dab,20260621_132802_002f9dab_g0031,31,896523585,1,16,16,16,1,2,BLUE,champion,1,1,[1],0,74,4,"{""1"": 93, ""2"": 74, ""3"": 89, ""4"": 77}",False,16.0,-21.0,4.0,2.0,4.0,0.01,755.0,177.875,696.25,15.0,24.0,66.75,210.5,380.0,1674.0,712.25,4.0,17.0,69.0,1.0,1.0,2.0,5.0,8.0,1.0,0.0,0.0,16.0,16.0,0.1975,0.19047619047619047,0.0064,0.0064,0.0475,0.2159090909090909,0.7840909090909091,0.4,1.0,1.0,0.30833333333333335,0.4349030470914128,0.0
20260621_132802_002f9dab,20260621_132802_002f9dab_g0031,31,896523585,1,16,16,16,1,3,YELLOW,pool_l45_100ms,2,1,[1],0,89,2,"{""1"": 93, ""2"": 74, ""3"": 89, ""4"": 77}",False,11.0,-31.0,5.0,0.0,4.0,0.01,429.0,102.375,386.25,11.0,15.0,36.0,140.5,183.75,2000.0,397.25,4.0,17.0,68.0,1.0,1.0,2.0,6.0,7.0,1.0,0.0,0.0,16.0,16.0,0.1975,0.19047619047619047,0.0064,0.0064,0.05,0.22727272727272727,0.7727272727272727,0.275,1.0,1.0,0.35,0.3526315789473684,0.0
20260621_132802_002f9dab,20260621_132802_002f9dab_g0031,31,896523585,1,16,16,16,1,4,GREEN,pool_l9_partial_200ms,3,1,[1],0,77,3,"{""1"": 93, ""2"": 74, ""3"": 89, ""4"": 77}",False,10.0,-33.0,7.0,0.0,4.0,0.01,525.0,121.875,470.625,10.0,17.0,45.0,173.0,225.625,1904.0,480.625,4.0,17.0,68.0,1.0,1.0,2.0,6.0,7.0,1.0,0.0,0.0,16.0,16.0,0.1975,0.19047619047619047,0.0064,0.0064,0.05,0.22727272727272727,0.7727272727272727,0.25,1.0,1.0,0.35833333333333334,0.3131578947368421,0.0
20260621_132802_002f9dab,20260621_132802_002f9dab_g0031,31,896523585,2,24,24,24,1,1,RED,pool_peer_500ms,0,1,[1],1,93,1,"{""1"": 93, ""2"": 74, ""3"": 89, ""4"": 77}",False,20.0,-31.0,2.0,9.0,5.0,0.0125,487.0,136.875,478.75,18.0,26.0,63.75,208.5,162.5,1228.0,498.75,6.0,15.0,58.0,1.0,1.0,2.0,6.0,5.0,1.0,0.0,0.0,24.0,24.0,0.295,0.2857142857142857,0.0096,0.0096,0.075,0.3409090909090909,0.6590909090909091,0.5,1.0,1.0,0.425,0.5263157894736843,0.0
20260621_132802_002f9dab,20260621_132802_002f9dab_g0031,31,896523585,2,24,24,24,1,2,BLUE,champion,1,1,[1],0,74,4,"{""1"": 93, ""2"": 74, ""3"": 89, ""4"": 77}",False,21.0,-29.0,4.0,9.0,5.0,0.0125,513.0,134.0,486.375,17.0,26.0,63.75,136.5,243.125,1202.0,507.375,6.0,15.0,60.0,1.0,1.0,2.0,4.0,7.0,1.0,0.0,0.0,24.0,24.0,0.295,0.2857142857142857,0.0096,0.0096,0.07,0.3181818181818182,0.6818181818181818,0.525,1.0,1.0,0.4166666666666667,0.5018796992481203,0.0
20260621_132802_002f9dab,20260621_132802_002f9dab_g0031,31,896523585,2,24,24,24,1,3,YELLOW,pool_l45_100ms,2,1,[1],0,89,2,"{""1"": 93, ""2"": 74, ""3"": 89, ""4"": 77}",False,15.0,-41.0,1.0,2.0,5.0,0.0125,299.0,79.375,265.0,14.0,17.0,34.5,109.5,90.0,1416.0,280.0,6.0,15.0,58.0,1.0,1.0,2.0,6.0,5.0,0.0,0.0,0.0,24.0,24.0,0.295,0.2857142857142857,0.0096,0.0096,0.075,0.3409090909090909,0.6590909090909091,0.375,1.0,1.0,0.4666666666666667,0.47192982456140353,0.0
20260621_132802_002f9dab,20260621_132802_002f9dab_g0031,31,896523585,2,24,24,24,1,4,GREEN,pool_l9_partial_200ms,3,1,[1],0,77,3,"{""1"": 93, ""2"": 74, ""3"": 89, ""4"": 77}",False,15.0,-41.0,4.0,1.0,5.0,0.0125,416.0,107.875,367.0,15.0,24.0,52.5,165.5,110.0,1299.0,382.0,6.0,15.0,58.0,1.0,1.0,2.0,6.0,5.0,0.0,0.0,0.0,24.0,24.0,0.295,0.2857142857142857,0.0096,0.0096,0.075,0.3409090909090909,0.6590909090909091,0.375,1.0,1.0,0.4666666666666667,0.43333333333333324,0.0
20260621_132802_002f9dab,20260621_132802_002f9dab_g0031,31,896523585,3,32,32,32,1,1,RED,pool_peer_500ms,0,1,[1],1,93,1,"{""1"": 93, ""2"": 74, ""3"": 89, ""4"": 77}",False,24.0,-39.0,0.0,16.0,12.0,0.03,312.0,95.125,297.375,20.0,23.0,49.5,123.0,81.875,545.0,321.375,8.0,13.0,49.0,1.0,1.0,2.0,5.0,4.0,0.0,0.0,0.0,32.0,32.0,0.39,0.38095238095238093,0.0128,0.0128,0.0975,0.4431818181818182,0.5568181818181818,0.6,1.0,1.0,0.525,0.5910931174089069,0.0
20260621_132802_002f9dab,20260621_132802_002f9dab_g0031,31,896523585,3,32,32,32,1,2,BLUE,champion,1,1,[1],0,74,4,"{""1"": 93, ""2"": 74, ""3"": 89, ""4"": 77}",False,29.0,-29.0,4.0,10.0,12.0,0.03,326.0,106.625,325.5,25.0,31.0,60.75,82.5,126.25,531.0,354.5,8.0,13.0,51.0,1.0,1.0,2.0,3.0,6.0,1.0,0.0,0.0,32.0,32.0,0.39,0.38095238095238093,0.0128,0.0128,0.0925,0.42045454545454547,0.5795454545454546,0.725,1.0,1.0,0.4833333333333333,0.48364153627311524,0.0
20260621_132802_002f9dab,20260621_132802_002f9dab_g0031,31,896523585,3,32,32,32,1,3,YELLOW,pool_l45_100ms,2,1,[1],0,89,2,"{""1"": 93, ""2"": 74, ""3"": 89, ""4"": 77}",False,18.0,-51.0,1.0,8.0,12.0,0.03,65.0,27.625,61.75,13.0,8.0,10.5,21.5,8.75,792.0,79.75,8.0,13.0,48.0,1.0,1.0,2.0,6.0,3.0,0.0,0.0,0.0,32.0,32.0,0.39,0.38095238095238093,0.0128,0.0128,0.1,0.45454545454545453,0.5454545454545454,0.45,1.0,1.0,0.575,0.5039473684210526,0.0
20260621_132802_002f9dab,20260621_132802_002f9dab_g0031,31,896523585,3,32,32,32,1,4,GREEN,pool_l9_partial_200ms,3,1,[1],0,77,3,"{""1"": 93, ""2"": 74, ""3"": 89, ""4"": 77}",False,16.0,-55.0,4.0,12.0,12.0,0.03,154.0,50.125,143.0,13.0,14.0,26.25,68.5,21.25,703.0,159.0,8.0,13.0,48.0,1.0,1.0,2.0,6.0,3.0,0.0,0.0,0.0,32.0,32.0,0.39,0.38095238095238093,0.0128,0.0128,0.1,0.45454545454545453,0.5454545454545454,0.4,1.0,1.0,0.5916666666666667,0.4486842105263158,0.0
20260621_132802_002f9dab,20260621_132802_002f9dab_g0031,31,896523585,4,40,40,40,1,1,RED,pool_peer_500ms,0,1,[1],1,93,1,"{""1"": 93, ""2"": 74, ""3"": 89, ""4"": 77}",False,27.0,-36.0,0.0,26.0,17.0,0.0425,98.0,41.375,95.625,18.0,13.0,18.75,29.0,16.875,262.0,122.625,10.0,11.0,40.0,1.0,1.0,2.0,4.0,3.0,0.0,0.0,0.0,40.0,40.0,0.4875,0.47619047619047616,0.016,0.016,0.12,0.5454545454545454,0.45454545454545453,0.675,1.0,1.0,0.525,0.5712719298245614,0.0
20260621_132802_002f9dab,20260621_132802_002f9dab_g0031,31,896523585,4,40,40,40,1,2,BLUE,champion,1,1,[1],0,74,4,"{""1"": 93, ""2"": 74, ""3"": 89, ""4"": 77}",False,31.0,-28.0,4.0,14.0,17.0,0.0425,166.0,63.375,159.375,22.0,21.0,39.75,46.0,30.625,194.0,190.375,10.0,11.0,41.0,1.0,1.0,2.0,3.0,4.0,0.0,0.0,0.0,40.0,40.0,0.4875,0.47619047619047616,0.016,0.016,0.1175,0.5340909090909091,0.4659090909090909,0.775,1.0,1.0,0.4916666666666667,0.4927211646136618,0.0
20260621_132802_002f9dab,20260621_132802_002f9dab_g0031,31,896523585,4,40,40,40,1,3,YELLOW,pool_l45_100ms,2,1,[1],0,89,2,"{""1"": 93, ""2"": 74, ""3"": 89, ""4"": 77}",False,17.0,-56.0,1.0,13.0,17.0,0.0425,68.0,29.625,66.25,13.0,10.0,12.0,27.5,3.75,292.0,83.25,10.0,11.0,38.0,1.0,1.0,2.0,6.0,1.0,0.0,0.0,0.0,40.0,40.0,0.4875,0.47619047619047616,0.016,0.016,0.125,0.5681818181818182,0.4318181818181818,0.425,1.0,1.0,0.6083333333333333,0.5115789473684211,0.0
20260621_132802_002f9dab,20260621_132802_002f9dab_g0031,31,896523585,4,40,40,40,1,4,GREEN,pool_l9_partial_200ms,3,1,[1],0,77,3,"{""1"": 93, ""2"": 74, ""3"": 89, ""4"": 77}",False,15.0,-60.0,4.0,17.0,17.0,0.0425,28.0,15.75,29.0,9.0,6.0,4.5,7.0,2.5,332.0,44.0,10.0,11.0,38.0,1.0,1.0,2.0,6.0,1.0,0.0,0.0,0.0,40.0,40.0,0.4875,0.47619047619047616,0.016,0.016,0.125,0.5681818181818182,0.4318181818181818,0.375,0.7833333333333333,1.0,0.625,0.4178947368421052,0.0
20260621_132802_002f9dab,20260621_132802_002f9dab_g0031,31,896523585,5,48,48,48,1,1,RED,pool_peer_500ms,0,1,[1],1,93,1,"{""1"": 93, ""2"": 74, ""3"": 89, ""4"": 77}",False,32.0,-24.0,0.0,42.0,24.0,0.06,52.0,29.875,54.25,17.0,11.0,12.0,10.5,3.75,94.0,86.25,12.0,9.0,31.0,1.0,1.0,2.0,3.0,2.0,0.0,0.0,0.0,48.0,48.0,0.5775,0.5714285714285714,0.0192,0.0192,0.1425,0.6477272727272727,0.3522727272727273,0.8,1.0,1.0,0.4666666666666667,0.5401662049861495,0.0
20260621_132802_002f9dab,20260621_132802_002f9dab_g0031,31,896523585,5,48,48,48,1,2,BLUE,champion,1,1,[1],0,74,4,"{""1"": 93, ""2"": 74, ""3"": 89, ""4"": 77}",False,29.0,-30.0,4.0,23.0,24.0,0.06,41.0,26.625,44.625,17.0,8.0,10.5,6.0,3.125,105.0,73.625,12.0,9.0,32.0,1.0,1.0,2.0,2.0,3.0,0.0,0.0,0.0,48.0,48.0,0.5775,0.5714285714285714,0.0192,0.0192,0.14,0.6363636363636364,0.36363636363636365,0.725,1.0,1.0,0.4916666666666667,0.46522556390977443,0.0
20260621_132802_002f9dab,20260621_132802_002f9dab_g0031,31,896523585,5,48,48,48,1,3,YELLOW,pool_l45_100ms,2,1,[1],0,89,2,"{""1"": 93, ""2"": 74, ""3"": 89, ""4"": 77}",False,14.0,-60.0,1.0,24.0,24.0,0.06,28.0,15.625,25.75,10.0,5.0,5.25,5.5,0.0,118.0,39.75,12.0,9.0,29.0,1.0,1.0,2.0,5.0,0.0,0.0,0.0,0.0,48.0,48.0,0.5775,0.5714285714285714,0.0192,0.0192,0.1475,0.6704545454545454,0.32954545454545453,0.35,1.0,0.8,0.6166666666666667,0.5423728813559321,0.0
20260621_132802_002f9dab,20260621_132802_002f9dab_g0031,31,896523585,5,48,48,48,1,4,GREEN,pool_l9_partial_200ms,3,1,[1],0,77,3,"{""1"": 93, ""2"": 74, ""3"": 89, ""4"": 77}",False,13.0,-62.0,3.0,24.0,24.0,0.06,25.0,15.0,29.0,8.0,5.0,6.0,10.0,0.0,121.0,42.0,12.0,9.0,29.0,1.0,1.0,2.0,5.0,0.0,0.0,0.0,0.0,48.0,48.0,0.5775,0.5714285714285714,0.0192,0.0192,0.1475,0.6704545454545454,0.32954545454545453,0.325,0.8833333333333333,0.8,0.625,0.43710972346119537,0.0
20260621_132802_002f9dab,20260621_132802_002f9dab_g0031,31,896523585,6,56,56,56,1,1,RED,pool_peer_500ms,0,1,[1],1,93,1,"{""1"": 93, ""2"": 74, ""3"": 89, ""4"": 77}",False,31.0,-21.0,0.0,48.0,39.0,0.0975,37.0,24.5,39.0,16.0,8.0,9.75,4.0,1.25,24.0,70.0,14.0,7.0,22.0,1.0,1.0,2.0,2.0,1.0,0.0,0.0,0.0,56.0,56.0,0.6475,0.6666666666666666,0.0224,0.0224,0.165,0.75,0.25,0.775,0.95,1.0,0.4333333333333333,0.518341307814992,0.0
20260621_132802_002f9dab,20260621_132802_002f9dab_g0031,31,896523585,6,56,56,56,1,2,BLUE,champion,1,1,[1],0,74,4,"{""1"": 93, ""2"": 74, ""3"": 89, ""4"": 77}",False,28.0,-27.0,3.0,32.0,39.0,0.0975,11.0,5.125,14.125,0.0,5.0,4.5,4.0,0.625,50.0,42.125,14.0,7.0,28.0,0.0,1.0,1.0,2.0,3.0,0.0,0.0,0.0,56.0,56.0,0.6475,0.6666666666666666,0.0224,0.0224,0.15,0.6818181818181818,0.3181818181818182,0.7,0.9,1.0,0.4583333333333333,0.4771929824561404,0.0
20260621_132802_002f9dab,20260621_132802_002f9dab_g0031,31,896523585,6,56,56,56,1,3,YELLOW,pool_l45_100ms,2,1,[1],0,89,2,"{""1"": 93, ""2"": 74, ""3"": 89, ""4"": 77}",False,11.0,-61.0,1.0,37.0,39.0,0.0975,6.0,6.0,6.0,6.0,0.0,0.0,0.0,0.0,55.0,17.0,14.0,7.0,21.0,1.0,1.0,2.0,3.0,0.0,0.0,0.0,0.0,56.0,56.0,0.6475,0.6666666666666666,0.0224,0.0224,0.1675,0.7613636363636364,0.23863636363636365,0.275,0.6333333333333333,0.8,0.6,0.5090337784760408,0.0
20260621_132802_002f9dab,20260621_132802_002f9dab_g0031,31,896523585,6,56,56,56,1,4,GREEN,pool_l9_partial_200ms,3,1,[1],0,77,3,"{""1"": 93, ""2"": 74, ""3"": 89, ""4"": 77}",False,13.0,-57.0,3.0,32.0,39.0,0.0975,7.0,6.5,7.0,6.0,1.0,0.0,0.0,0.0,54.0,20.0,14.0,7.0,22.0,1.0,1.0,1.0,4.0,0.0,0.0,0.0,0.0,56.0,56.0,0.6475,0.6666666666666666,0.0224,0.0224,0.165,0.75,0.25,0.325,0.43333333333333335,0.8,0.5833333333333333,0.4425837320574162,0.0
20260621_132802_002f9dab,20260621_132802_002f9dab_g0031,31,896523585,7,64,64,64,1,1,RED,pool_peer_500ms,0,1,[1],1,93,1,"{""1"": 93, ""2"": 74, ""3"": 89, ""4"": 77}",False,30.0,-21.0,0.0,57.0,43.0,0.1075,10.0,3.75,8.75,0.0,5.0,3.75,0.0,0.0,2.0,38.75,16.0,5.0,17.0,0.0,1.0,2.0,1.0,1.0,0.0,0.0,0.0,64.0,64.0,0.6925,0.7619047619047619,0.0256,0.0256,0.1775,0.8068181818181818,0.19318181818181818,0.75,0.7,1.0,0.425,0.5196441808747221,0.0
20260621_132802_002f9dab,20260621_132802_002f9dab_g0031,31,896523585,7,64,64,64,1,2,BLUE,champion,1,1,[1],0,74,4,"{""1"": 93, ""2"": 74, ""3"": 89, ""4"": 77}",False,25.0,-31.0,3.0,42.0,43.0,0.1075,1.0,0.5,2.0,0.0,0.0,0.0,2.0,0.0,11.0,27.0,16.0,5.0,23.0,0.0,0.0,0.0,2.0,3.0,0.0,0.0,0.0,64.0,64.0,0.6925,0.7619047619047619,0.0256,0.0256,0.1625,0.7386363636363636,0.26136363636363635,0.625,0.7166666666666667,1.0,0.4666666666666667,0.47044534412955463,0.0
20260621_132802_002f9dab,20260621_132802_002f9dab_g0031,31,896523585,7,64,64,64,1,3,YELLOW,pool_l45_100ms,2,1,[1],0,89,2,"{""1"": 93, ""2"": 74, ""3"": 89, ""4"": 77}",False,10.0,-61.0,1.0,44.0,43.0,0.1075,0.0,0.0,0.0,0.0,0.0,0.0,0.0,0.0,12.0,10.0,16.0,5.0,16.0,0.0,1.0,2.0,2.0,0.0,0.0,0.0,0.0,64.0,64.0,0.6925,0.7619047619047619,0.0256,0.0256,0.18,0.8181818181818182,0.18181818181818182,0.25,0.4166666666666667,0.8,0.5916666666666667,0.513157894736842,0.0
20260621_132802_002f9dab,20260621_132802_002f9dab_g0031,31,896523585,7,64,64,64,1,4,GREEN,pool_l9_partial_200ms,3,1,[1],0,77,3,"{""1"": 93, ""2"": 74, ""3"": 89, ""4"": 77}",False,16.0,-49.0,3.0,38.0,43.0,0.1075,1.0,0.5,1.5,0.0,0.0,1.5,0.0,0.0,11.0,17.5,16.0,5.0,19.0,0.0,0.0,1.0,4.0,0.0,0.0,0.0,0.0,64.0,64.0,0.6925,0.7619047619047619,0.0256,0.0256,0.1725,0.7840909090909091,0.2159090909090909,0.4,0.48333333333333334,0.8,0.5416666666666667,0.4469870327993898,0.0
20260621_132802_002f9dab,20260621_132802_002f9dab_g0032,32,1468864399,0,8,8,8,1,1,RED,champion,0,1,[1],1,98,1,"{""1"": 98, ""2"": 83, ""3"": 73, ""4"": 73}",False,8.0,-13.0,9.0,0.0,3.0,0.0075,461.0,104.0,420.75,8.0,12.0,33.75,107.0,260.0,1234.0,428.75,2.0,19.0,79.0,1.0,1.0,2.0,5.0,10.0,1.0,1.0,0.0,8.0,8.0,0.0975,0.09523809523809523,0.0032,0.0032,0.0225,0.10227272727272728,0.8977272727272727,0.2,1.0,1.0,0.175,0.21052631578947367,0.0
20260621_132802_002f9dab,20260621_132802_002f9dab_g0032,32,1468864399,0,8,8,8,1,2,BLUE,pool_l45_100ms,1,1,[1],0,83,2,"{""1"": 98, ""2"": 83, ""3"": 73, ""4"": 73}",False,5.0,-19.0,9.0,0.0,3.0,0.0075,327.0,76.25,309.5,5.0,8.0,24.0,95.0,177.5,1368.0,314.5,2.0,19.0,78.0,1.0,1.0,2.0,6.0,9.0,1.0,1.0,0.0,8.0,8.0,0.0975,0.09523809523809523,0.0032,0.0032,0.025,0.11363636363636363,0.8863636363636364,0.125,1.0,1.0,0.2,0.15263157894736834,0.0
20260621_132802_002f9dab,20260621_132802_002f9dab_g0032,32,1468864399,0,8,8,8,1,3,YELLOW,pool_l9_partial_200ms,2,1,[1],0,73,3,"{""1"": 98, ""2"": 83, ""3"": 73, ""4"": 73}",False,7.0,-15.0,9.0,0.0,3.0,0.0075,364.0,86.0,341.875,7.0,10.0,27.0,108.5,189.375,1331.0,348.875,2.0,19.0,78.0,1.0,1.0,2.0,6.0,9.0,1.0,1.0,0.0,8.0,8.0,0.0975,0.09523809523809523,0.0032,0.0032,0.025,0.11363636363636363,0.8863636363636364,0.175,1.0,1.0,0.18333333333333332,0.17368421052631577,0.0
20260621_132802_002f9dab,20260621_132802_002f9dab_g0032,32,1468864399,0,8,8,8,1,4,GREEN,pool_peer_500ms,3,1,[1],0,73,3,"{""1"": 98, ""2"": 83, ""3"": 73, ""4"": 73}",False,9.0,-11.0,9.0,0.0,3.0,0.0075,543.0,122.625,488.75,9.0,15.0,41.25,153.5,270.0,1152.0,497.75,2.0,19.0,78.0,1.0,1.0,2.0,6.0,9.0,1.0,0.0,0.0,8.0,8.0,0.0975,0.09523809523809523,0.0032,0.0032,0.025,0.11363636363636363,0.8863636363636364,0.225,1.0,1.0,0.16666666666666669,0.23684210526315785,0.0
20260621_132802_002f9dab,20260621_132802_002f9dab_g0032,32,1468864399,1,16,16,16,1,1,RED,champion,0,1,[1],1,98,1,"{""1"": 98, ""2"": 83, ""3"": 73, ""4"": 73}",False,17.0,-18.0,1.0,2.0,3.0,0.0075,784.0,185.375,731.75,15.0,24.0,68.25,214.5,410.0,1686.0,748.75,4.0,17.0,69.0,1.0,1.0,2.0,5.0,8.0,1.0,0.0,0.0,16.0,16.0,0.1975,0.19047619047619047,0.0064,0.0064,0.0475,0.2159090909090909,0.7840909090909091,0.425,1.0,1.0,0.29166666666666663,0.47645429362880887,0.0
20260621_132802_002f9dab,20260621_132802_002f9dab_g0032,32,1468864399,1,16,16,16,1,2,BLUE,pool_l45_100ms,1,1,[1],0,83,2,"{""1"": 98, ""2"": 83, ""3"": 73, ""4"": 73}",False,9.0,-34.0,6.0,0.0,3.0,0.0075,528.0,122.375,477.5,9.0,16.0,45.0,177.5,230.0,1942.0,486.5,4.0,17.0,68.0,1.0,1.0,2.0,6.0,7.0,1.0,0.0,0.0,16.0,16.0,0.1975,0.19047619047619047,0.0064,0.0064,0.05,0.22727272727272727,0.7727272727272727,0.225,1.0,1.0,0.35833333333333334,0.3263157894736842,0.0
20260621_132802_002f9dab,20260621_132802_002f9dab_g0032,32,1468864399,1,16,16,16,1,3,YELLOW,pool_l9_partial_200ms,2,1,[1],0,73,3,"{""1"": 98, ""2"": 83, ""3"": 73, ""4"": 73}",False,11.0,-30.0,5.0,0.0,3.0,0.0075,429.0,102.375,386.25,11.0,15.0,36.0,140.5,183.75,2041.0,397.25,4.0,17.0,68.0,1.0,1.0,2.0,6.0,7.0,1.0,0.0,0.0,16.0,16.0,0.1975,0.19047619047619047,0.0064,0.0064,0.05,0.22727272727272727,0.7727272727272727,0.275,1.0,1.0,0.3416666666666667,0.3526315789473684,0.0
20260621_132802_002f9dab,20260621_132802_002f9dab_g0032,32,1468864399,1,16,16,16,1,4,GREEN,pool_peer_500ms,3,1,[1],0,73,3,"{""1"": 98, ""2"": 83, ""3"": 73, ""4"": 73}",False,15.0,-22.0,0.0,2.0,3.0,0.0075,729.0,181.0,700.125,15.0,24.0,67.5,255.5,338.125,1741.0,715.125,4.0,17.0,68.0,1.0,1.0,2.0,6.0,7.0,1.0,0.0,0.0,16.0,16.0,0.1975,0.19047619047619047,0.0064,0.0064,0.05,0.22727272727272727,0.7727272727272727,0.375,1.0,1.0,0.30833333333333335,0.48684210526315785,0.0
20260621_132802_002f9dab,20260621_132802_002f9dab_g0032,32,1468864399,2,24,24,24,1,1,RED,champion,0,1,[1],1,98,1,"{""1"": 98, ""2"": 83, ""3"": 73, ""4"": 73}",False,22.0,-26.0,0.0,8.0,7.0,0.0175,649.0,167.625,630.375,19.0,27.0,71.25,175.0,338.125,1064.0,652.375,6.0,15.0,60.0,1.0,1.0,2.0,4.0,7.0,1.0,0.0,0.0,24.0,24.0,0.295,0.2857142857142857,0.0096,0.0096,0.07,0.3181818181818182,0.6818181818181818,0.55,1.0,1.0,0.4,0.593984962406015,0.0
20260621_132802_002f9dab,20260621_132802_002f9dab_g0032,32,1468864399,2,24,24,24,1,2,BLUE,pool_l45_100ms,1,1,[1],0,83,2,"{""1"": 98, ""2"": 83, ""3"": 73, ""4"": 73}",False,15.0,-40.0,1.0,1.0,7.0,0.0175,462.0,115.75,408.125,15.0,21.0,51.75,178.5,141.875,1251.0,423.125,6.0,15.0,58.0,1.0,1.0,2.0,6.0,5.0,0.0,0.0,0.0,24.0,24.0,0.295,0.2857142857142857,0.0096,0.0096,0.075,0.3409090909090909,0.6590909090909091,0.375,1.0,1.0,0.4583333333333333,0.4385964912280702,0.0
20260621_132802_002f9dab,20260621_132802_002f9dab_g0032,32,1468864399,2,24,24,24,1,3,YELLOW,pool_l9_partial_200ms,2,1,[1],0,73,3,"{""1"": 98, ""2"": 83, ""3"": 73, ""4"": 73}",False,12.0,-46.0,5.0,7.0,7.0,0.0175,153.0,43.0,137.625,10.0,9.0,16.5,51.5,50.625,1560.0,149.625,6.0,15.0,58.0,1.0,1.0,2.0,6.0,5.0,0.0,0.0,0.0,24.0,24.0,0.295,0.2857142857142857,0.0096,0.0096,0.075,0.3409090909090909,0.6590909090909091,0.3,1.0,1.0,0.4833333333333333,0.39473684210526316,0.0
20260621_132802_002f9dab,20260621_132802_002f9dab_g0032,32,1468864399,2,24,24,24,1,4,GREEN,pool_peer_500ms,3,1,[1],0,73,3,"{""1"": 98, ""2"": 83, ""3"": 73, ""4"": 73}",False,21.0,-28.0,0.0,12.0,7.0,0.0175,449.0,127.25,444.5,18.0,24.0,54.75,189.0,158.75,1264.0,465.5,6.0,15.0,58.0,1.0,1.0,2.0,6.0,5.0,1.0,0.0,0.0,24.0,24.0,0.295,0.2857142857142857,0.0096,0.0096,0.075,0.3409090909090909,0.6590909090909091,0.525,1.0,1.0,0.4083333333333333,0.5087719298245614,0.0
20260621_132802_002f9dab,20260621_132802_002f9dab_g0032,32,1468864399,3,32,32,32,1,1,RED,champion,0,1,[1],1,98,1,"{""1"": 98, ""2"": 83, ""3"": 73, ""4"": 73}",False,27.0,-22.0,0.0,14.0,22.0,0.055,495.0,142.5,488.25,22.0,30.0,74.25,167.0,195.0,345.0,515.25,8.0,13.0,50.0,1.0,1.0,2.0,4.0,5.0,1.0,0.0,0.0,32.0,32.0,0.395,0.38095238095238093,0.0128,0.0128,0.095,0.4318181818181818,0.5681818181818182,0.675,1.0,1.0,0.4083333333333333,0.5789473684210527,0.0
20260621_132802_002f9dab,20260621_132802_002f9dab_g0032,32,1468864399,3,32,32,32,1,2,BLUE,pool_l45_100ms,1,1,[1],0,83,2,"{""1"": 98, ""2"": 83, ""3"": 73, ""4"": 73}",False,14.0,-48.0,1.0,2.0,22.0,0.055,178.0,58.125,173.25,13.0,16.0,30.0,85.5,28.75,662.0,187.25,8.0,13.0,48.0,1.0,1.0,2.0,6.0,3.0,0.0,0.0,0.0,32.0,32.0,0.395,0.38095238095238093,0.0128,0.0128,0.1,0.45454545454545453,0.5454545454545454,0.35,1.0,1.0,0.5166666666666667,0.4842105263157894,0.0
20260621_132802_002f9dab,20260621_132802_002f9dab_g0032,32,1468864399,3,32,32,32,1,3,YELLOW,pool_l9_partial_200ms,2,1,[1],0,73,3,"{""1"": 98, ""2"": 83, ""3"": 73, ""4"": 73}",False,12.0,-52.0,5.0,10.0,22.0,0.055,33.0,17.0,34.0,9.0,6.0,5.25,10.0,3.75,807.0,46.0,8.0,13.0,48.0,1.0,1.0,2.0,6.0,3.0,0.0,0.0,0.0,32.0,32.0,0.395,0.38095238095238093,0.0128,0.0128,0.1,0.45454545454545453,0.5454545454545454,0.3,1.0,1.0,0.5333333333333333,0.4236842105263158,0.0
20260621_132802_002f9dab,20260621_132802_002f9dab_g0032,32,1468864399,3,32,32,32,1,4,GREEN,pool_peer_500ms,3,1,[1],0,73,3,"{""1"": 98, ""2"": 83, ""3"": 73, ""4"": 73}",False,23.0,-30.0,0.0,16.0,22.0,0.055,134.0,49.375,127.875,17.0,16.0,21.75,50.0,23.125,706.0,150.875,8.0,13.0,48.0,1.0,1.0,2.0,6.0,3.0,0.0,0.0,0.0,32.0,32.0,0.395,0.38095238095238093,0.0128,0.0128,0.1,0.45454545454545453,0.5454545454545454,0.575,1.0,1.0,0.4416666666666667,0.5276315789473685,0.0
20260621_132802_002f9dab,20260621_132802_002f9dab_g0032,32,1468864399,4,40,40,40,1,1,RED,champion,0,1,[1],1,98,1,"{""1"": 98, ""2"": 83, ""3"": 73, ""4"": 73}",False,30.0,-17.0,0.0,24.0,32.0,0.08,268.0,86.0,259.25,22.0,26.0,28.5,99.0,83.75,163.0,289.25,10.0,11.0,42.0,1.0,1.0,1.0,4.0,4.0,1.0,0.0,0.0,40.0,40.0,0.48,0.47619047619047616,0.016,0.016,0.115,0.5227272727272727,0.4772727272727273,0.75,1.0,1.0,0.39166666666666666,0.5743707093821511,0.0
20260621_132802_002f9dab,20260621_132802_002f9dab_g0032,32,1468864399,4,40,40,40,1,2,BLUE,pool_l45_100ms,1,1,[1],0,83,2,"{""1"": 98, ""2"": 83, ""3"": 73, ""4"": 73}",False,12.0,-53.0,1.0,8.0,32.0,0.08,110.0,38.625,104.625,11.0,12.0,20.25,52.0,9.375,321.0,116.625,10.0,11.0,38.0,1.0,1.0,2.0,6.0,1.0,0.0,0.0,0.0,40.0,40.0,0.48,0.47619047619047616,0.016,0.016,0.125,0.5681818181818182,0.4318181818181818,0.3,1.0,1.0,0.5416666666666667,0.5294736842105263,0.0
20260621_132802_002f9dab,20260621_132802_002f9dab_g0032,32,1468864399,4,40,40,40,1,3,YELLOW,pool_l9_partial_200ms,2,1,[1],0,73,3,"{""1"": 98, ""2"": 83, ""3"": 73, ""4"": 73}",False,13.0,-51.0,2.0,23.0,32.0,0.08,15.0,11.5,15.5,9.0,3.0,1.5,2.0,0.0,416.0,28.5,10.0,11.0,40.0,1.0,1.0,1.0,6.0,2.0,0.0,0.0,0.0,40.0,40.0,0.48,0.47619047619047616,0.016,0.016,0.12,0.5454545454545454,0.45454545454545453,0.325,0.5166666666666667,1.0,0.5333333333333333,0.42324561403508765,0.0
20260621_132802_002f9dab,20260621_132802_002f9dab_g0032,32,1468864399,4,40,40,40,1,4,GREEN,pool_peer_500ms,3,1,[1],0,73,3,"{""1"": 98, ""2"": 83, ""3"": 73, ""4"": 73}",False,22.0,-33.0,0.0,32.0,32.0,0.08,38.0,22.125,38.125,14.0,7.0,6.75,6.0,4.375,393.0,60.125,10.0,11.0,40.0,1.0,1.0,2.0,4.0,3.0,0.0,0.0,0.0,40.0,40.0,0.48,0.47619047619047616,0.016,0.016,0.12,0.5454545454545454,0.45454545454545453,0.55,1.0,1.0,0.4583333333333333,0.5076754385964912,0.0
20260621_132802_002f9dab,20260621_132802_002f9dab_g0032,32,1468864399,5,48,48,48,1,1,RED,champion,0,1,[1],1,98,1,"{""1"": 98, ""2"": 83, ""3"": 73, ""4"": 73}",False,32.0,-14.0,0.0,35.0,38.0,0.095,142.0,54.625,139.75,19.0,21.0,21.0,47.5,31.25,88.0,171.75,12.0,9.0,33.0,1.0,1.0,1.0,3.0,3.0,1.0,0.0,0.0,48.0,48.0,0.56,0.5714285714285714,0.0192,0.0192,0.1375,0.625,0.375,0.8,1.0,1.0,0.38333333333333336,0.5684210526315789,0.0
20260621_132802_002f9dab,20260621_132802_002f9dab_g0032,32,1468864399,5,48,48,48,1,2,BLUE,pool_l45_100ms,1,1,[1],0,83,2,"{""1"": 98, ""2"": 83, ""3"": 73, ""4"": 73}",False,12.0,-54.0,1.0,13.0,38.0,0.095,54.0,26.125,55.75,11.0,11.0,14.25,19.5,0.0,176.0,67.75,12.0,9.0,29.0,1.0,1.0,2.0,5.0,0.0,0.0,0.0,0.0,48.0,48.0,0.56,0.5714285714285714,0.0192,0.0192,0.1475,0.6704545454545454,0.32954545454545453,0.3,0.75,0.8,0.55,0.5236396074933095,0.0
20260621_132802_002f9dab,20260621_132802_002f9dab_g0032,32,1468864399,5,48,48,48,1,3,YELLOW,pool_l9_partial_200ms,2,1,[1],0,73,3,"{""1"": 98, ""2"": 83, ""3"": 73, ""4"": 73}",False,14.0,-50.0,1.0,34.0,38.0,0.095,13.0,11.5,13.5,10.0,2.0,1.5,0.0,0.0,217.0,27.5,12.0,9.0,32.0,1.0,1.0,1.0,4.0,2.0,0.0,0.0,0.0,48.0,48.0,0.56,0.5714285714285714,0.0192,0.0192,0.14,0.6363636363636364,0.36363636363636365,0.35,0.36666666666666664,1.0,0.5333333333333333,0.4708646616541353,0.0
20260621_132802_002f9dab,20260621_132802_002f9dab_g0032,32,1468864399,5,48,48,48,1,4,GREEN,pool_peer_500ms,3,1,[1],0,73,3,"{""1"": 98, ""2"": 83, ""3"": 73, ""4"": 73}",False,20.0,-38.0,0.0,45.0,38.0,0.095,21.0,12.375,21.875,9.0,0.0,4.5,4.0,4.375,209.0,41.875,12.0,9.0,34.0,1.0,0.0,2.0,3.0,3.0,0.0,0.0,0.0,48.0,48.0,0.56,0.5714285714285714,0.0192,0.0192,0.135,0.6136363636363636,0.38636363636363635,0.5,1.0,1.0,0.4833333333333333,0.5087719298245614,0.0
20260621_132802_002f9dab,20260621_132802_002f9dab_g0032,32,1468864399,6,56,56,56,1,1,RED,champion,0,1,[1],1,98,1,"{""1"": 98, ""2"": 83, ""3"": 73, ""4"": 73}",False,28.0,-11.0,0.0,41.0,56.0,0.14,24.0,16.0,22.25,11.0,8.0,2.25,1.0,0.0,26.0,50.25,14.0,7.0,23.0,1.0,1.0,1.0,3.0,1.0,0.0,0.0,0.0,56.0,56.0,0.6375,0.6666666666666666,0.0224,0.0224,0.1625,0.7386363636363636,0.26136363636363635,0.7,0.9333333333333333,1.0,0.325,0.5376518218623481,0.0
20260621_132802_002f9dab,20260621_132802_002f9dab_g0032,32,1468864399,6,56,56,56,1,2,BLUE,pool_l45_100ms,1,1,[1],0,83,2,"{""1"": 98, ""2"": 83, ""3"": 73, ""4"": 73}",False,8.0,-51.0,1.0,15.0,56.0,0.14,15.0,10.25,15.0,7.0,4.0,3.0,1.0,0.0,35.0,23.0,14.0,7.0,21.0,1.0,1.0,2.0,3.0,0.0,0.0,0.0,0.0,56.0,56.0,0.6375,0.6666666666666666,0.0224,0.0224,0.1675,0.7613636363636364,0.23863636363636365,0.2,0.45,0.8,0.4916666666666667,0.4925373134328358,0.0
20260621_132802_002f9dab,20260621_132802_002f9dab_g0032,32,1468864399,6,56,56,56,1,3,YELLOW,pool_l9_partial_200ms,2,1,[1],0,73,3,"{""1"": 98, ""2"": 83, ""3"": 73, ""4"": 73}",False,12.0,-43.0,1.0,38.0,56.0,0.14,1.0,0.5,1.0,0.0,1.0,0.0,0.0,0.0,49.0,13.0,14.0,7.0,28.0,0.0,1.0,0.0,4.0,2.0,0.0,0.0,0.0,56.0,56.0,0.6375,0.6666666666666666,0.0224,0.0224,0.15,0.6818181818181818,0.3181818181818182,0.3,0.31666666666666665,1.0,0.4583333333333333,0.4666666666666667,0.0
20260621_132802_002f9dab,20260621_132802_002f9dab_g0032,32,1468864399,6,56,56,56,1,4,GREEN,pool_peer_500ms,3,1,[1],0,73,3,"{""1"": 98, ""2"": 83, ""3"": 73, ""4"": 73}",False,19.0,-29.0,0.0,51.0,56.0,0.14,10.0,9.25,9.75,9.0,0.0,0.75,0.0,0.0,40.0,28.75,14.0,7.0,25.0,1.0,0.0,2.0,2.0,2.0,0.0,0.0,0.0,56.0,56.0,0.6375,0.6666666666666666,0.0224,0.0224,0.1575,0.7159090909090909,0.2840909090909091,0.475,0.4166666666666667,1.0,0.4,0.5020885547201337,0.0
20260621_132802_002f9dab,20260621_132802_002f9dab_g0032,32,1468864399,7,64,64,66,3,1,RED,champion,0,1,[1],1,98,1,"{""1"": 98, ""2"": 83, ""3"": 73, ""4"": 73}",False,26.0,-5.0,0.0,49.0,57.0,0.1425,10.0,10.0,13.0,9.0,0.0,0.0,4.0,0.0,0.0,39.0,17.0,4.0,14.0,1.0,0.0,0.0,2.0,1.0,0.0,0.0,0.0,64.0,66.0,0.685,0.8095238095238095,0.0264,0.0256,0.185,0.8409090909090909,0.1590909090909091,0.65,0.75,1.0,0.25833333333333336,0.5149359886201992,0.0
20260621_132802_002f9dab,20260621_132802_002f9dab_g0032,32,1468864399,7,64,64,66,3,2,BLUE,pool_l45_100ms,1,1,[1],0,83,2,"{""1"": 98, ""2"": 83, ""3"": 73, ""4"": 73}",False,3.0,-51.0,1.0,21.0,57.0,0.1425,0.0,0.0,0.0,0.0,0.0,0.0,0.0,0.0,10.0,3.0,17.0,4.0,14.0,0.0,0.0,2.0,2.0,0.0,0.0,0.0,0.0,64.0,66.0,0.685,0.8095238095238095,0.0264,0.0256,0.185,0.8409090909090909,0.1590909090909091,0.075,0.2,0.8,0.45,0.488620199146515,0.0
20260621_132802_002f9dab,20260621_132802_002f9dab_g0032,32,1468864399,7,64,64,66,3,3,YELLOW,pool_l9_partial_200ms,2,1,[1],0,73,3,"{""1"": 98, ""2"": 83, ""3"": 73, ""4"": 73}",False,11.0,-35.0,1.0,42.0,57.0,0.1425,0.0,0.0,0.0,0.0,0.0,0.0,0.0,0.0,10.0,11.0,15.0,6.0,26.0,0.0,0.0,0.0,4.0,2.0,0.0,0.0,0.0,64.0,66.0,0.685,0.7142857142857143,0.0264,0.0256,0.155,0.7045454545454546,0.29545454545454547,0.275,0.25,1.0,0.38333333333333336,0.46604414261460103,0.0
20260621_132802_002f9dab,20260621_132802_002f9dab_g0032,32,1468864399,7,64,64,66,3,4,GREEN,pool_peer_500ms,3,1,[1],0,73,3,"{""1"": 98, ""2"": 83, ""3"": 73, ""4"": 73}",False,17.0,-23.0,0.0,55.0,57.0,0.1425,0.0,0.0,0.0,0.0,0.0,0.0,0.0,0.0,10.0,17.0,15.0,6.0,24.0,0.0,0.0,2.0,2.0,2.0,0.0,0.0,0.0,64.0,66.0,0.685,0.7142857142857143,0.0264,0.0256,0.16,0.7272727272727273,0.2727272727272727,0.425,0.3333333333333333,1.0,0.33333333333333337,0.5049342105263157,0.0
20260621_132802_002f9dab,20260621_132802_002f9dab_g0033,33,1592126963,0,8,8,8,1,1,RED,pool_l45_100ms,0,3,[3],0,69,4,"{""1"": 69, ""2"": 70, ""3"": 122, ""4"": 101}",False,6.0,-16.0,9.0,0.0,4.0,0.01,388.0,90.5,366.25,6.0,10.0,28.5,113.0,208.75,1368.0,372.25,2.0,19.0,78.0,1.0,1.0,2.0,6.0,9.0,1.0,1.0,0.0,8.0,8.0,0.0975,0.09523809523809523,0.0032,0.0032,0.025,0.11363636363636363,0.8863636363636364,0.15,1.0,1.0,0.18333333333333332,0.20526315789473681,0.0
20260621_132802_002f9dab,20260621_132802_002f9dab_g0033,33,1592126963,0,8,8,8,1,2,BLUE,pool_l9_partial_200ms,1,3,[3],0,70,3,"{""1"": 69, ""2"": 70, ""3"": 122, ""4"": 101}",False,5.0,-18.0,9.0,0.0,4.0,0.01,327.0,76.25,309.5,5.0,8.0,24.0,95.0,177.5,1429.0,314.5,2.0,19.0,78.0,1.0,1.0,2.0,6.0,9.0,1.0,1.0,0.0,8.0,8.0,0.0975,0.09523809523809523,0.0032,0.0032,0.025,0.11363636363636363,0.8863636363636364,0.125,1.0,1.0,0.19166666666666668,0.15263157894736834,0.0
20260621_132802_002f9dab,20260621_132802_002f9dab_g0033,33,1592126963,0,8,8,8,1,3,YELLOW,pool_peer_500ms,2,3,[3],1,122,1,"{""1"": 69, ""2"": 70, ""3"": 122, ""4"": 101}",False,9.0,-10.0,9.0,0.0,4.0,0.01,543.0,122.625,488.75,9.0,15.0,41.25,153.5,270.0,1213.0,497.75,2.0,19.0,78.0,1.0,1.0,2.0,6.0,9.0,1.0,0.0,0.0,8.0,8.0,0.0975,0.09523809523809523,0.0032,0.0032,0.025,0.11363636363636363,0.8863636363636364,0.225,1.0,1.0,0.15833333333333333,0.23684210526315785,0.0
20260621_132802_002f9dab,20260621_132802_002f9dab_g0033,33,1592126963,0,8,8,8,1,4,GREEN,champion,3,3,[3],0,101,2,"{""1"": 69, ""2"": 70, ""3"": 122, ""4"": 101}",False,8.0,-12.0,9.0,0.0,4.0,0.01,498.0,113.0,456.75,8.0,14.0,38.25,119.0,277.5,1258.0,464.75,2.0,19.0,79.0,1.0,1.0,2.0,5.0,10.0,1.0,1.0,0.0,8.0,8.0,0.0975,0.09523809523809523,0.0032,0.0032,0.0225,0.10227272727272728,0.8977272727272727,0.2,1.0,1.0,0.16666666666666669,0.21052631578947367,0.0
20260621_132802_002f9dab,20260621_132802_002f9dab_g0033,33,1592126963,1,16,16,16,1,1,RED,pool_l45_100ms,0,3,[3],0,69,4,"{""1"": 69, ""2"": 70, ""3"": 122, ""4"": 101}",False,10.0,-31.0,7.0,0.0,4.0,0.01,500.0,117.5,449.25,10.0,17.0,45.0,171.0,206.25,2207.0,459.25,4.0,17.0,68.0,1.0,1.0,2.0,6.0,7.0,1.0,0.0,0.0,16.0,16.0,0.1975,0.19047619047619047,0.0064,0.0064,0.05,0.22727272727272727,0.7727272727272727,0.25,1.0,1.0,0.3416666666666667,0.3236842105263158,0.0
20260621_132802_002f9dab,20260621_132802_002f9dab_g0033,33,1592126963,1,16,16,16,1,2,BLUE,pool_l9_partial_200ms,1,3,[3],0,70,3,"{""1"": 69, ""2"": 70, ""3"": 122, ""4"": 101}",False,9.0,-33.0,6.0,0.0,4.0,0.01,528.0,122.375,477.5,9.0,16.0,45.0,177.5,230.0,2179.0,486.5,4.0,17.0,68.0,1.0,1.0,2.0,6.0,7.0,1.0,0.0,0.0,16.0,16.0,0.1975,0.19047619047619047,0.0064,0.0064,0.05,0.22727272727272727,0.7727272727272727,0.225,1.0,1.0,0.35,0.3263157894736842,0.0
20260621_132802_002f9dab,20260621_132802_002f9dab_g0033,33,1592126963,1,16,16,16,1,3,YELLOW,pool_peer_500ms,2,3,[3],1,122,1,"{""1"": 69, ""2"": 70, ""3"": 122, ""4"": 101}",False,16.0,-19.0,0.0,1.0,4.0,0.01,764.0,190.625,740.0,15.0,26.0,71.25,266.5,361.25,1943.0,756.0,4.0,17.0,68.0,1.0,1.0,2.0,6.0,7.0,1.0,0.0,0.0,16.0,16.0,0.1975,0.19047619047619047,0.0064,0.0064,0.05,0.22727272727272727,0.7727272727272727,0.4,1.0,1.0,0.29166666666666663,0.49473684210526314,0.0
20260621_132802_002f9dab,20260621_132802_002f9dab_g0033,33,1592126963,1,16,16,16,1,4,GREEN,champion,3,3,[3],0,101,2,"{""1"": 69, ""2"": 70, ""3"": 122, ""4"": 101}",False,16.0,-19.0,1.0,1.0,4.0,0.01,915.0,215.75,852.125,16.0,29.0,82.5,256.5,468.125,1792.0,868.125,4.0,17.0,69.0,1.0,1.0,2.0,5.0,8.0,1.0,0.0,0.0,16.0,16.0,0.1975,0.19047619047619047,0.0064,0.0064,0.0475,0.2159090909090909,0.7840909090909091,0.4,1.0,1.0,0.29166666666666663,0.4736842105263158,0.0
20260621_132802_002f9dab,20260621_132802_002f9dab_g0033,33,1592126963,2,24,24,24,1,1,RED,pool_l45_100ms,0,3,[3],0,69,4,"{""1"": 69, ""2"": 70, ""3"": 122, ""4"": 101}",False,15.0,-41.0,4.0,0.0,4.0,0.01,374.0,94.875,327.125,14.0,19.0,41.25,141.0,111.875,1570.0,342.125,6.0,15.0,58.0,1.0,1.0,2.0,6.0,5.0,0.0,0.0,0.0,24.0,24.0,0.295,0.2857142857142857,0.0096,0.0096,0.075,0.3409090909090909,0.6590909090909091,0.375,1.0,1.0,0.4666666666666667,0.4035087719298245,0.0
20260621_132802_002f9dab,20260621_132802_002f9dab_g0033,33,1592126963,2,24,24,24,1,2,BLUE,pool_l9_partial_200ms,1,3,[3],0,70,3,"{""1"": 69, ""2"": 70, ""3"": 122, ""4"": 101}",False,13.0,-45.0,6.0,0.0,4.0,0.01,228.0,62.5,200.875,13.0,14.0,27.0,82.5,64.375,1716.0,213.875,6.0,15.0,58.0,1.0,1.0,2.0,6.0,5.0,0.0,0.0,0.0,24.0,24.0,0.295,0.2857142857142857,0.0096,0.0096,0.075,0.3409090909090909,0.6590909090909091,0.325,1.0,1.0,0.4833333333333333,0.38596491228070173,0.0
20260621_132802_002f9dab,20260621_132802_002f9dab_g0033,33,1592126963,2,24,24,24,1,3,YELLOW,pool_peer_500ms,2,3,[3],1,122,1,"{""1"": 69, ""2"": 70, ""3"": 122, ""4"": 101}",False,20.0,-31.0,0.0,10.0,4.0,0.01,618.0,159.0,584.25,18.0,28.0,69.0,203.0,266.25,1326.0,604.25,6.0,15.0,59.0,1.0,1.0,2.0,5.0,6.0,1.0,0.0,0.0,24.0,24.0,0.295,0.2857142857142857,0.0096,0.0096,0.0725,0.32954545454545453,0.6704545454545454,0.5,1.0,1.0,0.425,0.5934664246823956,0.0
20260621_132802_002f9dab,20260621_132802_002f9dab_g0033,33,1592126963,2,24,24,24,1,4,GREEN,champion,3,3,[3],0,101,2,"{""1"": 69, ""2"": 70, ""3"": 122, ""4"": 101}",False,23.0,-25.0,0.0,9.0,4.0,0.01,724.0,185.375,684.75,20.0,31.0,81.0,246.5,306.25,1220.0,707.75,6.0,15.0,59.0,1.0,1.0,2.0,5.0,6.0,1.0,0.0,0.0,24.0,24.0,0.295,0.2857142857142857,0.0096,0.0096,0.0725,0.32954545454545453,0.6704545454545454,0.575,1.0,1.0,0.4,0.5989110707803993,0.0
20260621_132802_002f9dab,20260621_132802_002f9dab_g0033,33,1592126963,3,32,32,32,1,1,RED,pool_l45_100ms,0,3,[3],0,69,4,"{""1"": 69, ""2"": 70, ""3"": 122, ""4"": 101}",False,15.0,-50.0,4.0,3.0,8.0,0.02,102.0,39.375,99.625,13.0,14.0,21.0,41.0,10.625,712.0,114.625,8.0,13.0,48.0,1.0,1.0,2.0,6.0,3.0,0.0,0.0,0.0,32.0,32.0,0.395,0.38095238095238093,0.0128,0.0128,0.1,0.45454545454545453,0.5454545454545454,0.375,1.0,1.0,0.5416666666666667,0.4407894736842105,0.0
20260621_132802_002f9dab,20260621_132802_002f9dab_g0033,33,1592126963,3,32,32,32,1,2,BLUE,pool_l9_partial_200ms,1,3,[3],0,70,3,"{""1"": 69, ""2"": 70, ""3"": 122, ""4"": 101}",False,15.0,-50.0,5.0,13.0,8.0,0.02,86.0,36.375,88.125,14.0,12.0,16.5,35.0,10.625,728.0,103.125,8.0,13.0,48.0,1.0,1.0,2.0,6.0,3.0,0.0,0.0,0.0,32.0,32.0,0.395,0.38095238095238093,0.0128,0.0128,0.1,0.45454545454545453,0.5454545454545454,0.375,1.0,1.0,0.5416666666666667,0.4407894736842105,0.0
20260621_132802_002f9dab,20260621_132802_002f9dab_g0033,33,1592126963,3,32,32,32,1,3,YELLOW,pool_peer_500ms,2,3,[3],1,122,1,"{""1"": 69, ""2"": 70, ""3"": 122, ""4"": 101}",False,22.0,-36.0,0.0,15.0,8.0,0.02,273.0,88.25,272.125,19.0,24.0,45.0,108.5,75.625,541.0,294.125,8.0,13.0,49.0,1.0,1.0,2.0,5.0,4.0,0.0,0.0,0.0,32.0,32.0,0.395,0.38095238095238093,0.0128,0.0128,0.0975,0.4431818181818182,0.5568181818181818,0.55,1.0,1.0,0.4833333333333333,0.6086369770580297,0.0
20260621_132802_002f9dab,20260621_132802_002f9dab_g0033,33,1592126963,3,32,32,32,1,4,GREEN,champion,3,3,[3],0,101,2,"{""1"": 69, ""2"": 70, ""3"": 122, ""4"": 101}",False,28.0,-24.0,0.0,19.0,8.0,0.02,353.0,110.125,348.5,22.0,30.0,52.5,136.5,107.5,461.0,376.5,8.0,13.0,49.0,1.0,1.0,2.0,5.0,4.0,1.0,0.0,0.0,32.0,32.0,0.395,0.38095238095238093,0.0128,0.0128,0.0975,0.4431818181818182,0.5568181818181818,0.7,1.0,1.0,0.4333333333333333,0.582995951417004,0.0
20260621_132802_002f9dab,20260621_132802_002f9dab_g0033,33,1592126963,4,40,40,40,1,1,RED,pool_l45_100ms,0,3,[3],0,69,4,"{""1"": 69, ""2"": 70, ""3"": 122, ""4"": 101}",False,15.0,-59.0,4.0,19.0,14.0,0.035,38.0,20.375,40.0,10.0,8.0,10.5,11.5,0.0,426.0,55.0,10.0,11.0,39.0,1.0,1.0,2.0,5.0,2.0,0.0,0.0,0.0,40.0,40.0,0.4925,0.47619047619047616,0.016,0.016,0.1225,0.5568181818181818,0.4431818181818182,0.375,1.0,1.0,0.6166666666666667,0.4146079484425349,0.0
20260621_132802_002f9dab,20260621_132802_002f9dab_g0033,33,1592126963,4,40,40,40,1,2,BLUE,pool_l9_partial_200ms,1,3,[3],0,70,3,"{""1"": 69, ""2"": 70, ""3"": 122, ""4"": 101}",False,15.0,-59.0,5.0,19.0,14.0,0.035,43.0,24.25,43.5,14.0,9.0,7.5,13.0,0.0,421.0,58.5,10.0,11.0,38.0,1.0,1.0,2.0,6.0,1.0,0.0,0.0,0.0,40.0,40.0,0.4925,0.47619047619047616,0.016,0.016,0.125,0.5681818181818182,0.4318181818181818,0.375,0.95,1.0,0.6166666666666667,0.4336842105263158,0.0
20260621_132802_002f9dab,20260621_132802_002f9dab_g0033,33,1592126963,4,40,40,40,1,3,YELLOW,pool_peer_500ms,2,3,[3],1,122,1,"{""1"": 69, ""2"": 70, ""3"": 122, ""4"": 101}",False,25.0,-39.0,0.0,29.0,14.0,0.035,160.0,63.875,163.375,21.0,22.0,32.25,70.0,18.125,304.0,188.375,10.0,11.0,39.0,1.0,1.0,2.0,5.0,2.0,0.0,0.0,0.0,40.0,40.0,0.4925,0.47619047619047616,0.016,0.016,0.1225,0.5568181818181818,0.4431818181818182,0.625,1.0,1.0,0.5333333333333333,0.6143931256713211,0.0
20260621_132802_002f9dab,20260621_132802_002f9dab_g0033,33,1592126963,4,40,40,40,1,4,GREEN,champion,3,3,[3],0,101,2,"{""1"": 69, ""2"": 70, ""3"": 122, ""4"": 101}",False,34.0,-21.0,0.0,30.0,14.0,0.035,223.0,84.875,225.125,26.0,28.0,43.5,97.0,30.625,241.0,259.125,10.0,11.0,39.0,1.0,1.0,2.0,5.0,2.0,0.0,0.0,0.0,40.0,40.0,0.4925,0.47619047619047616,0.016,0.016,0.1225,0.5568181818181818,0.4431818181818182,0.85,1.0,1.0,0.4583333333333333,0.5993555316863588,0.0
20260621_132802_002f9dab,20260621_132802_002f9dab_g0033,33,1592126963,5,48,48,48,1,1,RED,pool_l45_100ms,0,3,[3],0,69,4,"{""1"": 69, ""2"": 70, ""3"": 122, ""4"": 101}",False,12.0,-60.0,2.0,24.0,31.0,0.0775,12.0,9.0,12.25,7.0,2.0,2.25,1.0,0.0,191.0,24.25,12.0,9.0,31.0,1.0,1.0,2.0,3.0,2.0,0.0,0.0,0.0,48.0,48.0,0.57,0.5714285714285714,0.0192,0.0192,0.1425,0.6477272727272727,0.3522727272727273,0.3,0.55,1.0,0.6,0.42659279778393344,0.0
20260621_132802_002f9dab,20260621_132802_002f9dab_g0033,33,1592126963,5,48,48,48,1,2,BLUE,pool_l9_partial_200ms,1,3,[3],0,70,3,"{""1"": 69, ""2"": 70, ""3"": 122, ""4"": 101}",False,13.0,-58.0,5.0,24.0,31.0,0.0775,21.0,6.875,19.5,0.0,6.0,6.0,7.5,0.0,182.0,32.5,12.0,9.0,33.0,0.0,1.0,2.0,5.0,1.0,0.0,0.0,0.0,48.0,48.0,0.57,0.5714285714285714,0.0192,0.0192,0.1375,0.625,0.375,0.325,1.0,1.0,0.5916666666666667,0.4200956937799043,0.0
20260621_132802_002f9dab,20260621_132802_002f9dab_g0033,33,1592126963,5,48,48,48,1,3,YELLOW,pool_peer_500ms,2,3,[3],1,122,1,"{""1"": 69, ""2"": 70, ""3"": 122, ""4"": 101}",False,28.0,-28.0,0.0,38.0,31.0,0.0775,114.0,55.5,131.75,21.0,21.0,30.0,41.0,18.75,89.0,159.75,12.0,9.0,31.0,1.0,1.0,2.0,3.0,2.0,0.0,0.0,0.0,48.0,48.0,0.57,0.5714285714285714,0.0192,0.0192,0.1425,0.6477272727272727,0.3522727272727273,0.7,1.0,1.0,0.4666666666666667,0.6038781163434903,0.0
20260621_132802_002f9dab,20260621_132802_002f9dab_g0033,33,1592126963,5,48,48,48,1,4,GREEN,champion,3,3,[3],0,101,2,"{""1"": 69, ""2"": 70, ""3"": 122, ""4"": 101}",False,31.0,-22.0,0.0,42.0,31.0,0.0775,56.0,32.0,54.75,19.0,13.0,9.75,13.0,0.0,147.0,85.75,12.0,9.0,29.0,1.0,1.0,2.0,5.0,0.0,0.0,0.0,0.0,48.0,48.0,0.57,0.5714285714285714,0.0192,0.0192,0.1475,0.6704545454545454,0.32954545454545453,0.775,1.0,0.8,0.4416666666666667,0.567350579839429,0.0
20260621_132802_002f9dab,20260621_132802_002f9dab_g0033,33,1592126963,6,56,56,56,1,1,RED,pool_l45_100ms,0,3,[3],0,69,4,"{""1"": 69, ""2"": 70, ""3"": 122, ""4"": 101}",False,9.0,-66.0,2.0,28.0,37.0,0.0925,5.0,5.0,5.0,5.0,0.0,0.0,0.0,0.0,68.0,14.0,14.0,7.0,25.0,1.0,0.0,2.0,2.0,2.0,0.0,0.0,0.0,56.0,56.0,0.635,0.6666666666666666,0.0224,0.0224,0.1575,0.7159090909090909,0.2840909090909091,0.225,0.35,1.0,0.625,0.43609022556390986,0.0
20260621_132802_002f9dab,20260621_132802_002f9dab_g0033,33,1592126963,6,56,56,56,1,2,BLUE,pool_l9_partial_200ms,1,3,[3],0,70,3,"{""1"": 69, ""2"": 70, ""3"": 122, ""4"": 101}",False,14.0,-56.0,5.0,31.0,37.0,0.0925,4.0,1.25,4.0,0.0,0.0,3.0,1.0,0.0,69.0,18.0,14.0,7.0,27.0,0.0,0.0,2.0,4.0,1.0,0.0,0.0,0.0,56.0,56.0,0.635,0.6666666666666666,0.0224,0.0224,0.1525,0.6931818181818182,0.3068181818181818,0.35,0.6166666666666667,1.0,0.5833333333333333,0.4141501294219154,0.0
20260621_132802_002f9dab,20260621_132802_002f9dab_g0033,33,1592126963,6,56,56,56,1,3,YELLOW,pool_peer_500ms,2,3,[3],1,122,1,"{""1"": 69, ""2"": 70, ""3"": 122, ""4"": 101}",False,28.0,-28.0,0.0,53.0,37.0,0.0925,47.0,32.0,53.5,19.0,15.0,9.0,8.0,2.5,26.0,81.5,14.0,7.0,22.0,1.0,1.0,2.0,2.0,1.0,0.0,0.0,0.0,56.0,56.0,0.635,0.6666666666666666,0.0224,0.0224,0.165,0.75,0.25,0.7,1.0,1.0,0.4666666666666667,0.5917065390749601,0.0
20260621_132802_002f9dab,20260621_132802_002f9dab_g0033,33,1592126963,6,56,56,56,1,4,GREEN,champion,3,3,[3],0,101,2,"{""1"": 69, ""2"": 70, ""3"": 122, ""4"": 101}",False,33.0,-18.0,0.0,48.0,37.0,0.0925,17.0,7.5,18.25,0.0,10.0,5.25,3.0,0.0,56.0,51.25,14.0,7.0,24.0,0.0,1.0,2.0,4.0,0.0,0.0,0.0,0.0,56.0,56.0,0.635,0.6666666666666666,0.0224,0.0224,0.16,0.7272727272727273,0.2727272727272727,0.825,1.0,0.8,0.425,0.5633223684210527,0.0
20260621_132802_002f9dab,20260621_132802_002f9dab_g0033,33,1592126963,7,64,64,68,1,1,RED,pool_l45_100ms,0,3,[3],0,69,4,"{""1"": 69, ""2"": 70, ""3"": 122, ""4"": 101}",False,8.0,-58.0,2.0,32.0,34.0,0.085,0.0,0.0,0.0,0.0,0.0,0.0,0.0,0.0,32.0,8.0,15.0,6.0,24.0,0.0,0.0,2.0,2.0,2.0,0.0,0.0,0.0,64.0,68.0,0.7025,0.7142857142857143,0.0272,0.0256,0.16,0.7272727272727273,0.2727272727272727,0.2,0.3,1.0,0.55,0.43832236842105265,0.0
20260621_132802_002f9dab,20260621_132802_002f9dab_g0033,33,1592126963,7,64,64,68,1,2,BLUE,pool_l9_partial_200ms,1,3,[3],0,70,3,"{""1"": 69, ""2"": 70, ""3"": 122, ""4"": 101}",False,13.0,-48.0,5.0,42.0,34.0,0.085,0.0,0.0,0.0,0.0,0.0,0.0,0.0,0.0,32.0,13.0,15.0,6.0,23.0,0.0,0.0,2.0,3.0,1.0,0.0,0.0,0.0,64.0,68.0,0.7025,0.7142857142857143,0.0272,0.0256,0.1625,0.7386363636363636,0.26136363636363635,0.325,0.4166666666666667,1.0,0.5083333333333333,0.41538461538461535,0.0
20260621_132802_002f9dab,20260621_132802_002f9dab_g0033,33,1592126963,7,64,64,68,1,3,YELLOW,pool_peer_500ms,2,3,[3],1,122,1,"{""1"": 69, ""2"": 70, ""3"": 122, ""4"": 101}",False,24.0,-26.0,0.0,66.0,34.0,0.085,26.0,20.0,25.5,15.0,9.0,1.5,0.0,0.0,6.0,49.5,17.0,4.0,9.0,1.0,1.0,2.0,0.0,0.0,0.0,0.0,0.0,64.0,68.0,0.7025,0.8095238095238095,0.0272,0.0256,0.1975,0.8977272727272727,0.10227272727272728,0.6,0.5666666666666667,0.6,0.4166666666666667,0.5502998001332445,0.0
20260621_132802_002f9dab,20260621_132802_002f9dab_g0033,33,1592126963,7,64,64,68,1,4,GREEN,champion,3,3,[3],0,101,2,"{""1"": 69, ""2"": 70, ""3"": 122, ""4"": 101}",False,29.0,-16.0,0.0,60.0,34.0,0.085,6.0,1.375,4.5,0.0,0.0,3.0,1.5,0.0,26.0,33.5,17.0,4.0,15.0,0.0,0.0,1.0,3.0,0.0,0.0,0.0,0.0,64.0,68.0,0.7025,0.8095238095238095,0.0272,0.0256,0.1825,0.8295454545454546,0.17045454545454544,0.725,0.9,0.8,0.375,0.5486661860129777,0.0
20260621_132802_002f9dab,20260621_132802_002f9dab_g0034,34,971528302,0,8,8,8,1,1,RED,pool_l9_partial_200ms,0,2,[2],0,83,4,"{""1"": 83, ""2"": 100, ""3"": 84, ""4"": 85}",False,6.0,-18.0,9.0,0.0,1.0,0.0025,388.0,90.5,366.25,6.0,10.0,28.5,113.0,208.75,1487.0,372.25,2.0,19.0,78.0,1.0,1.0,2.0,6.0,9.0,1.0,1.0,0.0,8.0,8.0,0.0975,0.09523809523809523,0.0032,0.0032,0.025,0.11363636363636363,0.8863636363636364,0.15,1.0,1.0,0.2,0.20526315789473681,0.0
20260621_132802_002f9dab,20260621_132802_002f9dab_g0034,34,971528302,0,8,8,8,1,2,BLUE,pool_peer_500ms,1,2,[2],1,100,1,"{""1"": 83, ""2"": 100, ""3"": 84, ""4"": 85}",False,9.0,-12.0,9.0,0.0,1.0,0.0025,543.0,122.625,488.75,9.0,15.0,41.25,153.5,270.0,1332.0,497.75,2.0,19.0,78.0,1.0,1.0,2.0,6.0,9.0,1.0,0.0,0.0,8.0,8.0,0.0975,0.09523809523809523,0.0032,0.0032,0.025,0.11363636363636363,0.8863636363636364,0.225,1.0,1.0,0.175,0.23684210526315785,0.0
20260621_132802_002f9dab,20260621_132802_002f9dab_g0034,34,971528302,0,8,8,8,1,3,YELLOW,champion,2,2,[2],0,84,3,"{""1"": 83, ""2"": 100, ""3"": 84, ""4"": 85}",False,8.0,-14.0,9.0,0.0,1.0,0.0025,500.0,123.375,504.625,8.0,14.0,40.5,129.0,313.125,1375.0,512.625,2.0,19.0,79.0,1.0,1.0,2.0,5.0,10.0,1.0,1.0,1.0,8.0,8.0,0.0975,0.09523809523809523,0.0032,0.0032,0.0225,0.10227272727272728,0.8977272727272727,0.2,1.0,1.0,0.18333333333333332,0.23391812865497075,0.0
20260621_132802_002f9dab,20260621_132802_002f9dab_g0034,34,971528302,0,8,8,8,1,4,GREEN,pool_l45_100ms,3,2,[2],0,85,2,"{""1"": 83, ""2"": 100, ""3"": 84, ""4"": 85}",False,7.0,-16.0,9.0,0.0,1.0,0.0025,444.0,103.25,415.125,7.0,12.0,33.75,130.5,231.875,1431.0,422.125,2.0,19.0,78.0,1.0,1.0,2.0,6.0,9.0,1.0,1.0,0.0,8.0,8.0,0.0975,0.09523809523809523,0.0032,0.0032,0.025,0.11363636363636363,0.8863636363636364,0.175,1.0,1.0,0.19166666666666668,0.20526315789473681,0.0
20260621_132802_002f9dab,20260621_132802_002f9dab_g0034,34,971528302,1,16,16,16,1,1,RED,pool_l9_partial_200ms,0,2,[2],0,83,4,"{""1"": 83, ""2"": 100, ""3"": 84, ""4"": 85}",False,10.0,-32.0,7.0,0.0,5.0,0.0125,515.0,119.75,459.75,10.0,17.0,45.0,174.0,213.75,1814.0,469.75,4.0,17.0,68.0,1.0,1.0,2.0,6.0,7.0,1.0,0.0,0.0,16.0,16.0,0.1975,0.19047619047619047,0.0064,0.0064,0.05,0.22727272727272727,0.7727272727272727,0.25,1.0,1.0,0.35,0.3236842105263158,0.0
20260621_132802_002f9dab,20260621_132802_002f9dab_g0034,34,971528302,1,16,16,16,1,2,BLUE,pool_peer_500ms,1,2,[2],1,100,1,"{""1"": 83, ""2"": 100, ""3"": 84, ""4"": 85}",False,16.0,-20.0,0.0,0.0,5.0,0.0125,829.0,206.625,800.625,16.0,29.0,78.0,292.0,385.625,1500.0,816.625,4.0,17.0,68.0,1.0,1.0,2.0,6.0,7.0,1.0,0.0,0.0,16.0,16.0,0.1975,0.19047619047619047,0.0064,0.0064,0.05,0.22727272727272727,0.7727272727272727,0.4,1.0,1.0,0.3,0.49473684210526314,0.0
20260621_132802_002f9dab,20260621_132802_002f9dab_g0034,34,971528302,1,16,16,16,1,3,YELLOW,champion,2,2,[2],0,84,3,"{""1"": 83, ""2"": 100, ""3"": 84, ""4"": 85}",False,16.0,-20.0,4.0,0.0,5.0,0.0125,463.0,123.75,453.75,16.0,23.0,49.5,134.0,231.25,1866.0,469.75,4.0,17.0,69.0,1.0,1.0,2.0,5.0,8.0,1.0,1.0,0.0,16.0,16.0,0.1975,0.19047619047619047,0.0064,0.0064,0.0475,0.2159090909090909,0.7840909090909091,0.4,1.0,1.0,0.3,0.4182825484764543,0.0
20260621_132802_002f9dab,20260621_132802_002f9dab_g0034,34,971528302,1,16,16,16,1,4,GREEN,pool_l45_100ms,3,2,[2],0,85,2,"{""1"": 83, ""2"": 100, ""3"": 84, ""4"": 85}",False,10.0,-32.0,7.0,0.0,5.0,0.0125,522.0,121.5,468.75,10.0,17.0,45.0,173.0,223.75,1807.0,478.75,4.0,17.0,68.0,1.0,1.0,2.0,6.0,7.0,1.0,0.0,0.0,16.0,16.0,0.1975,0.19047619047619047,0.0064,0.0064,0.05,0.22727272727272727,0.7727272727272727,0.25,1.0,1.0,0.35,0.3131578947368421,0.0
20260621_132802_002f9dab,20260621_132802_002f9dab_g0034,34,971528302,2,24,24,24,1,1,RED,pool_l9_partial_200ms,0,2,[2],0,83,4,"{""1"": 83, ""2"": 100, ""3"": 84, ""4"": 85}",False,14.0,-43.0,4.0,1.0,11.0,0.0275,457.0,109.5,394.875,13.0,19.0,45.75,166.5,150.625,1252.0,408.875,6.0,15.0,58.0,1.0,1.0,2.0,6.0,5.0,0.0,0.0,0.0,24.0,24.0,0.2975,0.2857142857142857,0.0096,0.0096,0.075,0.3409090909090909,0.6590909090909091,0.35,1.0,1.0,0.475,0.4035087719298245,0.0
20260621_132802_002f9dab,20260621_132802_002f9dab_g0034,34,971528302,2,24,24,24,1,2,BLUE,pool_peer_500ms,1,2,[2],1,100,1,"{""1"": 83, ""2"": 100, ""3"": 84, ""4"": 85}",False,22.0,-27.0,0.0,10.0,11.0,0.0275,733.0,198.0,720.5,21.0,34.0,86.25,308.0,271.25,976.0,742.5,6.0,15.0,58.0,1.0,1.0,2.0,6.0,5.0,1.0,0.0,0.0,24.0,24.0,0.2975,0.2857142857142857,0.0096,0.0096,0.075,0.3409090909090909,0.6590909090909091,0.55,1.0,1.0,0.4083333333333333,0.5596491228070175,0.0
20260621_132802_002f9dab,20260621_132802_002f9dab_g0034,34,971528302,2,24,24,24,1,3,YELLOW,champion,2,2,[2],0,84,3,"{""1"": 83, ""2"": 100, ""3"": 84, ""4"": 85}",False,22.0,-27.0,2.0,6.0,11.0,0.0275,303.0,97.25,309.25,20.0,24.0,48.75,114.0,102.5,1406.0,331.25,6.0,15.0,59.0,1.0,1.0,2.0,5.0,6.0,1.0,0.0,0.0,24.0,24.0,0.2975,0.2857142857142857,0.0096,0.0096,0.0725,0.32954545454545453,0.6704545454545454,0.55,1.0,1.0,0.4083333333333333,0.4791288566243195,0.0
20260621_132802_002f9dab,20260621_132802_002f9dab_g0034,34,971528302,2,24,24,24,1,4,GREEN,pool_l45_100ms,3,2,[2],0,85,2,"{""1"": 83, ""2"": 100, ""3"": 84, ""4"": 85}",False,13.0,-45.0,4.0,3.0,11.0,0.0275,216.0,58.75,190.125,10.0,15.0,29.25,86.5,49.375,1493.0,203.125,6.0,15.0,58.0,1.0,1.0,2.0,6.0,5.0,0.0,0.0,0.0,24.0,24.0,0.2975,0.2857142857142857,0.0096,0.0096,0.075,0.3409090909090909,0.6590909090909091,0.325,1.0,1.0,0.4833333333333333,0.40701754385964906,0.0
20260621_132802_002f9dab,20260621_132802_002f9dab_g0034,34,971528302,3,32,32,32,1,1,RED,pool_l9_partial_200ms,0,2,[2],0,83,4,"{""1"": 83, ""2"": 100, ""3"": 84, ""4"": 85}",False,19.0,-43.0,3.0,10.0,19.0,0.0475,164.0,58.0,158.375,16.0,20.0,30.0,70.5,21.875,626.0,177.375,8.0,13.0,48.0,1.0,1.0,2.0,6.0,3.0,0.0,0.0,0.0,32.0,32.0,0.395,0.38095238095238093,0.0128,0.0128,0.1,0.45454545454545453,0.5454545454545454,0.475,1.0,1.0,0.5166666666666667,0.46973684210526323,0.0
20260621_132802_002f9dab,20260621_132802_002f9dab_g0034,34,971528302,3,32,32,32,1,2,BLUE,pool_peer_500ms,1,2,[2],1,100,1,"{""1"": 83, ""2"": 100, ""3"": 84, ""4"": 85}",False,26.0,-29.0,0.0,18.0,19.0,0.0475,292.0,90.625,273.0,20.0,25.0,45.75,128.5,53.75,498.0,299.0,8.0,13.0,48.0,1.0,1.0,2.0,6.0,3.0,0.0,0.0,0.0,32.0,32.0,0.395,0.38095238095238093,0.0128,0.0128,0.1,0.45454545454545453,0.5454545454545454,0.65,1.0,1.0,0.4583333333333333,0.5618421052631579,0.0
20260621_132802_002f9dab,20260621_132802_002f9dab_g0034,34,971528302,3,32,32,32,1,3,YELLOW,champion,2,2,[2],0,84,3,"{""1"": 83, ""2"": 100, ""3"": 84, ""4"": 85}",False,28.0,-25.0,2.0,10.0,19.0,0.0475,290.0,104.0,302.25,26.0,33.0,59.25,99.0,85.0,500.0,330.25,8.0,13.0,50.0,1.0,1.0,2.0,4.0,5.0,1.0,0.0,0.0,32.0,32.0,0.395,0.38095238095238093,0.0128,0.0128,0.095,0.4318181818181818,0.5681818181818182,0.7,1.0,1.0,0.4416666666666667,0.5304709141274239,0.0
20260621_132802_002f9dab,20260621_132802_002f9dab_g0034,34,971528302,3,32,32,32,1,4,GREEN,pool_l45_100ms,3,2,[2],0,85,2,"{""1"": 83, ""2"": 100, ""3"": 84, ""4"": 85}",False,8.0,-65.0,4.0,6.0,19.0,0.0475,44.0,15.875,40.375,5.0,6.0,8.25,18.0,3.125,746.0,48.375,8.0,13.0,48.0,1.0,1.0,2.0,6.0,3.0,0.0,0.0,0.0,32.0,32.0,0.395,0.38095238095238093,0.0128,0.0128,0.1,0.45454545454545453,0.5454545454545454,0.2,1.0,1.0,0.6083333333333333,0.4342105263157895,0.0
20260621_132802_002f9dab,20260621_132802_002f9dab_g0034,34,971528302,4,40,40,40,1,1,RED,pool_l9_partial_200ms,0,2,[2],0,83,4,"{""1"": 83, ""2"": 100, ""3"": 84, ""4"": 85}",False,20.0,-45.0,1.0,20.0,34.0,0.085,78.0,36.375,80.75,15.0,14.0,17.25,34.5,0.0,270.0,100.75,10.0,11.0,38.0,1.0,1.0,2.0,6.0,1.0,0.0,0.0,0.0,40.0,40.0,0.495,0.47619047619047616,0.016,0.016,0.125,0.5681818181818182,0.4318181818181818,0.5,1.0,1.0,0.5416666666666667,0.5063157894736842,0.0
20260621_132802_002f9dab,20260621_132802_002f9dab_g0034,34,971528302,4,40,40,40,1,2,BLUE,pool_peer_500ms,1,2,[2],1,100,1,"{""1"": 83, ""2"": 100, ""3"": 84, ""4"": 85}",False,27.0,-31.0,0.0,31.0,34.0,0.085,87.0,37.75,83.0,16.0,14.0,19.5,31.0,2.5,261.0,110.0,10.0,11.0,38.0,1.0,1.0,2.0,6.0,1.0,0.0,0.0,0.0,40.0,40.0,0.495,0.47619047619047616,0.016,0.016,0.125,0.5681818181818182,0.4318181818181818,0.675,1.0,1.0,0.4833333333333333,0.6021052631578947,0.0
20260621_132802_002f9dab,20260621_132802_002f9dab_g0034,34,971528302,4,40,40,40,1,3,YELLOW,champion,2,2,[2],0,84,3,"{""1"": 83, ""2"": 100, ""3"": 84, ""4"": 85}",False,32.0,-21.0,2.0,18.0,34.0,0.085,169.0,74.125,178.5,26.0,28.0,46.5,60.5,17.5,179.0,210.5,10.0,11.0,40.0,1.0,1.0,2.0,4.0,3.0,1.0,0.0,0.0,40.0,40.0,0.495,0.47619047619047616,0.016,0.016,0.12,0.5454545454545454,0.45454545454545453,0.8,1.0,1.0,0.4416666666666667,0.513157894736842,0.0
20260621_132802_002f9dab,20260621_132802_002f9dab_g0034,34,971528302,4,40,40,40,1,4,GREEN,pool_l45_100ms,3,2,[2],0,85,2,"{""1"": 83, ""2"": 100, ""3"": 84, ""4"": 85}",False,6.0,-73.0,4.0,9.0,34.0,0.085,14.0,7.125,15.25,3.0,3.0,3.75,5.5,0.0,334.0,21.25,10.0,11.0,38.0,1.0,1.0,2.0,6.0,1.0,0.0,0.0,0.0,40.0,40.0,0.495,0.47619047619047616,0.016,0.016,0.125,0.5681818181818182,0.4318181818181818,0.15,1.0,1.0,0.6583333333333333,0.42210526315789476,0.0
20260621_132802_002f9dab,20260621_132802_002f9dab_g0034,34,971528302,5,48,48,48,1,1,RED,pool_l9_partial_200ms,0,2,[2],0,83,4,"{""1"": 83, ""2"": 100, ""3"": 84, ""4"": 85}",False,19.0,-47.0,1.0,34.0,45.0,0.1125,29.0,19.25,30.0,12.0,9.0,6.0,3.0,0.0,196.0,49.0,12.0,9.0,30.0,1.0,1.0,2.0,4.0,1.0,0.0,0.0,0.0,48.0,48.0,0.5825,0.5714285714285714,0.0192,0.0192,0.145,0.6590909090909091,0.3409090909090909,0.475,0.7833333333333333,1.0,0.55,0.49455535390199634,0.0
20260621_132802_002f9dab,20260621_132802_002f9dab_g0034,34,971528302,5,48,48,48,1,2,BLUE,pool_peer_500ms,1,2,[2],1,100,1,"{""1"": 83, ""2"": 100, ""3"": 84, ""4"": 85}",False,30.0,-25.0,0.0,41.0,45.0,0.1125,72.0,34.25,73.5,16.0,11.0,16.5,25.0,5.0,153.0,103.5,12.0,9.0,30.0,1.0,1.0,2.0,4.0,1.0,0.0,0.0,0.0,48.0,48.0,0.5825,0.5714285714285714,0.0192,0.0192,0.145,0.6590909090909091,0.3409090909090909,0.75,1.0,1.0,0.4583333333333333,0.5771324863883847,0.0
20260621_132802_002f9dab,20260621_132802_002f9dab_g0034,34,971528302,5,48,48,48,1,3,YELLOW,champion,2,2,[2],0,84,3,"{""1"": 83, ""2"": 100, ""3"": 84, ""4"": 85}",False,29.0,-27.0,2.0,32.0,45.0,0.1125,108.0,52.625,114.5,22.0,20.0,31.5,38.5,2.5,117.0,143.5,12.0,9.0,30.0,1.0,1.0,2.0,4.0,1.0,0.0,0.0,0.0,48.0,48.0,0.5825,0.5714285714285714,0.0192,0.0192,0.145,0.6590909090909091,0.3409090909090909,0.725,1.0,1.0,0.4666666666666667,0.5199637023593466,0.0
20260621_132802_002f9dab,20260621_132802_002f9dab_g0034,34,971528302,5,48,48,48,1,4,GREEN,pool_l45_100ms,3,2,[2],0,85,2,"{""1"": 83, ""2"": 100, ""3"": 84, ""4"": 85}",False,7.0,-71.0,4.0,18.0,45.0,0.1125,16.0,9.25,18.5,4.0,5.0,4.5,5.0,0.0,209.0,25.5,12.0,9.0,29.0,1.0,1.0,2.0,5.0,0.0,0.0,0.0,0.0,48.0,48.0,0.5825,0.5714285714285714,0.0192,0.0192,0.1475,0.6704545454545454,0.32954545454545453,0.175,1.0,0.8,0.65,0.40588760035682425,0.0
20260621_132802_002f9dab,20260621_132802_002f9dab_g0034,34,971528302,6,56,56,56,1,1,RED,pool_l9_partial_200ms,0,2,[2],0,83,4,"{""1"": 83, ""2"": 100, ""3"": 84, ""4"": 85}",False,15.0,-54.0,0.0,49.0,44.0,0.11,10.0,8.5,10.0,7.0,3.0,0.0,0.0,0.0,110.0,25.0,14.0,7.0,23.0,1.0,1.0,1.0,3.0,1.0,0.0,0.0,0.0,56.0,56.0,0.655,0.6666666666666666,0.0224,0.0224,0.1625,0.7386363636363636,0.26136363636363635,0.375,0.4166666666666667,1.0,0.575,0.5036437246963563,0.0
20260621_132802_002f9dab,20260621_132802_002f9dab_g0034,34,971528302,6,56,56,56,1,2,BLUE,pool_peer_500ms,1,2,[2],1,100,1,"{""1"": 83, ""2"": 100, ""3"": 84, ""4"": 85}",False,34.0,-16.0,0.0,51.0,44.0,0.11,42.0,29.75,51.0,19.0,11.0,3.0,13.0,5.0,78.0,85.0,14.0,7.0,23.0,1.0,1.0,1.0,3.0,1.0,0.0,0.0,0.0,56.0,56.0,0.655,0.6666666666666666,0.0224,0.0224,0.1625,0.7386363636363636,0.26136363636363635,0.85,1.0,1.0,0.4166666666666667,0.5595141700404858,0.0
20260621_132802_002f9dab,20260621_132802_002f9dab_g0034,34,971528302,6,56,56,56,1,3,YELLOW,champion,2,2,[2],0,84,3,"{""1"": 83, ""2"": 100, ""3"": 84, ""4"": 85}",False,27.0,-30.0,2.0,42.0,44.0,0.11,58.0,35.625,69.0,18.0,16.0,12.0,20.5,2.5,62.0,96.0,14.0,7.0,23.0,1.0,1.0,1.0,3.0,1.0,0.0,0.0,0.0,56.0,56.0,0.655,0.6666666666666666,0.0224,0.0224,0.1625,0.7386363636363636,0.26136363636363635,0.675,0.9,1.0,0.475,0.49149797570850207,0.0
20260621_132802_002f9dab,20260621_132802_002f9dab_g0034,34,971528302,6,56,56,56,1,4,GREEN,pool_l45_100ms,3,2,[2],0,85,2,"{""1"": 83, ""2"": 100, ""3"": 84, ""4"": 85}",False,8.0,-68.0,4.0,29.0,44.0,0.11,10.0,7.0,12.0,4.0,3.0,3.0,2.0,0.0,110.0,20.0,14.0,7.0,21.0,1.0,1.0,2.0,3.0,0.0,0.0,0.0,0.0,56.0,56.0,0.655,0.6666666666666666,0.0224,0.0224,0.1675,0.7613636363636364,0.23863636363636365,0.2,0.7666666666666667,0.8,0.6333333333333333,0.434406912804399,0.0
20260621_132802_002f9dab,20260621_132802_002f9dab_g0034,34,971528302,7,64,64,64,1,1,RED,pool_l9_partial_200ms,0,2,[2],0,83,4,"{""1"": 83, ""2"": 100, ""3"": 84, ""4"": 85}",False,13.0,-48.0,0.0,55.0,46.0,0.115,0.0,0.0,0.0,0.0,0.0,0.0,0.0,0.0,42.0,13.0,16.0,5.0,20.0,0.0,0.0,1.0,3.0,1.0,0.0,0.0,0.0,64.0,64.0,0.7175,0.7619047619047619,0.0256,0.0256,0.17,0.7727272727272727,0.22727272727272727,0.325,0.35,1.0,0.5083333333333333,0.5154798761609907,0.0
20260621_132802_002f9dab,20260621_132802_002f9dab_g0034,34,971528302,7,64,64,64,1,2,BLUE,pool_peer_500ms,1,2,[2],1,100,1,"{""1"": 83, ""2"": 100, ""3"": 84, ""4"": 85}",False,31.0,-12.0,0.0,57.0,46.0,0.115,19.0,17.0,19.0,15.0,4.0,0.0,0.0,0.0,23.0,50.0,16.0,5.0,15.0,1.0,1.0,1.0,1.0,1.0,0.0,0.0,0.0,64.0,64.0,0.7175,0.7619047619047619,0.0256,0.0256,0.1825,0.8295454545454546,0.17045454545454544,0.775,0.8666666666666667,1.0,0.35833333333333334,0.5349675558759914,0.0
20260621_132802_002f9dab,20260621_132802_002f9dab_g0034,34,971528302,7,64,64,64,1,3,YELLOW,champion,2,2,[2],0,84,3,"{""1"": 83, ""2"": 100, ""3"": 84, ""4"": 85}",False,22.0,-30.0,2.0,52.0,46.0,0.115,19.0,15.5,20.0,12.0,5.0,3.0,0.0,0.0,23.0,42.0,16.0,5.0,15.0,1.0,1.0,1.0,1.0,1.0,0.0,0.0,0.0,64.0,64.0,0.7175,0.7619047619047619,0.0256,0.0256,0.1825,0.8295454545454546,0.17045454545454544,0.55,0.5333333333333333,1.0,0.4333333333333333,0.46791636625811106,0.0
20260621_132802_002f9dab,20260621_132802_002f9dab_g0034,34,971528302,7,64,64,64,1,4,GREEN,pool_l45_100ms,3,2,[2],0,85,2,"{""1"": 83, ""2"": 100, ""3"": 84, ""4"": 85}",False,8.0,-58.0,0.0,36.0,46.0,0.115,4.0,4.0,4.0,4.0,0.0,0.0,0.0,0.0,38.0,12.0,16.0,5.0,15.0,1.0,0.0,2.0,2.0,0.0,0.0,0.0,0.0,64.0,64.0,0.7175,0.7619047619047619,0.0256,0.0256,0.1825,0.8295454545454546,0.17045454545454544,0.2,0.45,0.8,0.55,0.4700793078586878,0.0
20260621_132802_002f9dab,20260621_132802_002f9dab_g0035,35,1458968468,0,8,8,8,1,1,RED,pool_peer_500ms,0,2,[2],0,87,2,"{""1"": 87, ""2"": 88, ""3"": 68, ""4"": 84}",False,9.0,-13.0,9.0,0.0,0.0,0.0,543.0,122.625,488.75,9.0,15.0,41.25,153.5,270.0,1269.0,497.75,2.0,19.0,78.0,1.0,1.0,2.0,6.0,9.0,1.0,0.0,0.0,8.0,8.0,0.0975,0.09523809523809523,0.0032,0.0032,0.025,0.11363636363636363,0.8863636363636364,0.225,1.0,1.0,0.18333333333333332,0.23684210526315785,0.0
20260621_132802_002f9dab,20260621_132802_002f9dab_g0035,35,1458968468,0,8,8,8,1,2,BLUE,champion,1,2,[2],1,88,1,"{""1"": 87, ""2"": 88, ""3"": 68, ""4"": 84}",False,8.0,-15.0,9.0,0.0,0.0,0.0,461.0,104.0,420.75,8.0,12.0,33.75,107.0,260.0,1351.0,428.75,2.0,19.0,79.0,1.0,1.0,2.0,5.0,10.0,1.0,1.0,0.0,8.0,8.0,0.0975,0.09523809523809523,0.0032,0.0032,0.0225,0.10227272727272728,0.8977272727272727,0.2,1.0,1.0,0.19166666666666668,0.21052631578947367,0.0
20260621_132802_002f9dab,20260621_132802_002f9dab_g0035,35,1458968468,0,8,8,8,1,3,YELLOW,pool_l45_100ms,2,2,[2],0,68,4,"{""1"": 87, ""2"": 88, ""3"": 68, ""4"": 84}",False,7.0,-17.0,9.0,0.0,0.0,0.0,364.0,86.0,341.875,7.0,10.0,27.0,108.5,189.375,1448.0,348.875,2.0,19.0,78.0,1.0,1.0,2.0,6.0,9.0,1.0,1.0,0.0,8.0,8.0,0.0975,0.09523809523809523,0.0032,0.0032,0.025,0.11363636363636363,0.8863636363636364,0.175,1.0,1.0,0.2,0.17368421052631577,0.0
20260621_132802_002f9dab,20260621_132802_002f9dab_g0035,35,1458968468,0,8,8,8,1,4,GREEN,pool_l9_partial_200ms,3,2,[2],0,84,3,"{""1"": 87, ""2"": 88, ""3"": 68, ""4"": 84}",False,7.0,-17.0,9.0,0.0,0.0,0.0,444.0,103.25,415.125,7.0,12.0,33.75,130.5,231.875,1368.0,422.125,2.0,19.0,78.0,1.0,1.0,2.0,6.0,9.0,1.0,1.0,0.0,8.0,8.0,0.0975,0.09523809523809523,0.0032,0.0032,0.025,0.11363636363636363,0.8863636363636364,0.175,1.0,1.0,0.2,0.20526315789473681,0.0
20260621_132802_002f9dab,20260621_132802_002f9dab_g0035,35,1458968468,1,16,16,16,1,1,RED,pool_peer_500ms,0,2,[2],0,87,2,"{""1"": 87, ""2"": 88, ""3"": 68, ""4"": 84}",False,16.0,-21.0,0.0,1.0,4.0,0.01,746.0,186.5,722.375,15.0,25.0,70.5,262.5,349.375,1676.0,738.375,4.0,17.0,68.0,1.0,1.0,2.0,6.0,7.0,1.0,0.0,0.0,16.0,16.0,0.1975,0.19047619047619047,0.0064,0.0064,0.05,0.22727272727272727,0.7727272727272727,0.4,1.0,1.0,0.30833333333333335,0.49473684210526314,0.0
20260621_132802_002f9dab,20260621_132802_002f9dab_g0035,35,1458968468,1,16,16,16,1,2,BLUE,champion,1,2,[2],1,88,1,"{""1"": 87, ""2"": 88, ""3"": 68, ""4"": 84}",False,16.0,-21.0,1.0,1.0,4.0,0.01,785.0,187.375,734.25,16.0,25.0,70.5,216.5,406.25,1637.0,750.25,4.0,17.0,69.0,1.0,1.0,2.0,5.0,8.0,1.0,0.0,0.0,16.0,16.0,0.1975,0.19047619047619047,0.0064,0.0064,0.0475,0.2159090909090909,0.7840909090909091,0.4,1.0,1.0,0.30833333333333335,0.47645429362880887,0.0
20260621_132802_002f9dab,20260621_132802_002f9dab_g0035,35,1458968468,1,16,16,16,1,3,YELLOW,pool_l45_100ms,2,2,[2],0,68,4,"{""1"": 87, ""2"": 88, ""3"": 68, ""4"": 84}",False,11.0,-31.0,5.0,0.0,4.0,0.01,366.0,89.5,330.875,11.0,14.0,32.25,120.5,153.125,2056.0,341.875,4.0,17.0,68.0,1.0,1.0,2.0,6.0,7.0,1.0,0.0,0.0,16.0,16.0,0.1975,0.19047619047619047,0.0064,0.0064,0.05,0.22727272727272727,0.7727272727272727,0.275,1.0,1.0,0.35,0.3526315789473684,0.0
20260621_132802_002f9dab,20260621_132802_002f9dab_g0035,35,1458968468,1,16,16,16,1,4,GREEN,pool_l9_partial_200ms,3,2,[2],0,84,3,"{""1"": 87, ""2"": 88, ""3"": 68, ""4"": 84}",False,10.0,-33.0,7.0,0.0,4.0,0.01,525.0,121.875,470.625,10.0,17.0,45.0,173.0,225.625,1897.0,480.625,4.0,17.0,68.0,1.0,1.0,2.0,6.0,7.0,1.0,0.0,0.0,16.0,16.0,0.1975,0.19047619047619047,0.0064,0.0064,0.05,0.22727272727272727,0.7727272727272727,0.25,1.0,1.0,0.35833333333333334,0.3131578947368421,0.0
20260621_132802_002f9dab,20260621_132802_002f9dab_g0035,35,1458968468,2,24,24,24,1,1,RED,pool_peer_500ms,0,2,[2],0,87,2,"{""1"": 87, ""2"": 88, ""3"": 68, ""4"": 84}",False,21.0,-30.0,0.0,8.0,5.0,0.0125,511.0,132.125,474.5,16.0,22.0,57.75,202.5,176.25,1095.0,495.5,6.0,15.0,58.0,1.0,1.0,2.0,6.0,5.0,0.0,0.0,0.0,24.0,24.0,0.2975,0.2857142857142857,0.0096,0.0096,0.075,0.3409090909090909,0.6590909090909091,0.525,1.0,1.0,0.425,0.5929824561403509,0.0
20260621_132802_002f9dab,20260621_132802_002f9dab_g0035,35,1458968468,2,24,24,24,1,2,BLUE,champion,1,2,[2],1,88,1,"{""1"": 87, ""2"": 88, ""3"": 68, ""4"": 84}",False,24.0,-24.0,1.0,9.0,5.0,0.0125,628.0,173.25,631.625,21.0,29.0,77.25,222.5,281.875,978.0,655.625,6.0,15.0,59.0,1.0,1.0,2.0,5.0,6.0,1.0,0.0,0.0,24.0,24.0,0.2975,0.2857142857142857,0.0096,0.0096,0.0725,0.32954545454545453,0.6704545454545454,0.6,1.0,1.0,0.4,0.5716878402903811,0.0
20260621_132802_002f9dab,20260621_132802_002f9dab_g0035,35,1458968468,2,24,24,24,1,3,YELLOW,pool_l45_100ms,2,2,[2],0,68,4,"{""1"": 87, ""2"": 88, ""3"": 68, ""4"": 84}",False,12.0,-48.0,5.0,1.0,5.0,0.0125,152.0,44.375,136.0,12.0,9.0,17.25,51.5,46.25,1454.0,148.0,6.0,15.0,58.0,1.0,1.0,2.0,6.0,5.0,0.0,0.0,0.0,24.0,24.0,0.2975,0.2857142857142857,0.0096,0.0096,0.075,0.3409090909090909,0.6590909090909091,0.3,1.0,1.0,0.5,0.39473684210526316,0.0
20260621_132802_002f9dab,20260621_132802_002f9dab_g0035,35,1458968468,2,24,24,24,1,4,GREEN,pool_l9_partial_200ms,3,2,[2],0,84,3,"{""1"": 87, ""2"": 88, ""3"": 68, ""4"": 84}",False,15.0,-42.0,4.0,3.0,5.0,0.0125,315.0,85.5,278.125,15.0,20.0,42.0,125.5,75.625,1291.0,293.125,6.0,15.0,58.0,1.0,1.0,2.0,6.0,5.0,0.0,0.0,0.0,24.0,24.0,0.2975,0.2857142857142857,0.0096,0.0096,0.075,0.3409090909090909,0.6590909090909091,0.375,1.0,1.0,0.475,0.43333333333333324,0.0
20260621_132802_002f9dab,20260621_132802_002f9dab_g0035,35,1458968468,3,32,32,32,1,1,RED,pool_peer_500ms,0,2,[2],0,87,2,"{""1"": 87, ""2"": 88, ""3"": 68, ""4"": 84}",False,27.0,-27.0,0.0,16.0,25.0,0.0625,211.0,72.5,219.0,17.0,17.0,36.75,102.0,46.25,637.0,246.0,8.0,13.0,48.0,1.0,1.0,2.0,6.0,3.0,0.0,0.0,0.0,32.0,32.0,0.3975,0.38095238095238093,0.0128,0.0128,0.1,0.45454545454545453,0.5454545454545454,0.675,1.0,1.0,0.45,0.6157894736842106,0.0
20260621_132802_002f9dab,20260621_132802_002f9dab_g0035,35,1458968468,3,32,32,32,1,2,BLUE,champion,1,2,[2],1,88,1,"{""1"": 87, ""2"": 88, ""3"": 68, ""4"": 84}",False,30.0,-21.0,1.0,16.0,25.0,0.0625,449.0,138.75,455.25,24.0,31.0,72.0,192.0,136.25,399.0,485.25,8.0,13.0,49.0,1.0,1.0,2.0,5.0,4.0,1.0,0.0,0.0,32.0,32.0,0.3975,0.38095238095238093,0.0128,0.0128,0.0975,0.4431818181818182,0.5568181818181818,0.75,1.0,1.0,0.425,0.5560053981106612,0.0
20260621_132802_002f9dab,20260621_132802_002f9dab_g0035,35,1458968468,3,32,32,32,1,3,YELLOW,pool_l45_100ms,2,2,[2],0,68,4,"{""1"": 87, ""2"": 88, ""3"": 68, ""4"": 84}",False,8.0,-65.0,5.0,4.0,25.0,0.0625,10.0,7.125,12.625,5.0,1.0,1.5,2.0,3.125,838.0,20.625,8.0,13.0,48.0,1.0,1.0,2.0,6.0,3.0,0.0,0.0,0.0,32.0,32.0,0.3975,0.38095238095238093,0.0128,0.0128,0.1,0.45454545454545453,0.5454545454545454,0.2,1.0,1.0,0.6083333333333333,0.4078947368421053,0.0
20260621_132802_002f9dab,20260621_132802_002f9dab_g0035,35,1458968468,3,32,32,32,1,4,GREEN,pool_l9_partial_200ms,3,2,[2],0,84,3,"{""1"": 87, ""2"": 88, ""3"": 68, ""4"": 84}",False,16.0,-49.0,4.0,7.0,25.0,0.0625,178.0,60.25,168.375,16.0,18.0,33.0,79.5,21.875,670.0,184.375,8.0,13.0,48.0,1.0,1.0,2.0,6.0,3.0,0.0,0.0,0.0,32.0,32.0,0.3975,0.38095238095238093,0.0128,0.0128,0.1,0.45454545454545453,0.5454545454545454,0.4,1.0,1.0,0.5416666666666667,0.4473684210526315,0.0
20260621_132802_002f9dab,20260621_132802_002f9dab_g0035,35,1458968468,4,40,40,40,1,1,RED,pool_peer_500ms,0,2,[2],0,87,2,"{""1"": 87, ""2"": 88, ""3"": 68, ""4"": 84}",False,28.0,-28.0,0.0,22.0,34.0,0.085,108.0,39.5,102.25,14.0,10.0,18.75,47.0,12.5,271.0,130.25,10.0,11.0,39.0,1.0,1.0,2.0,5.0,2.0,0.0,0.0,0.0,40.0,40.0,0.4925,0.47619047619047616,0.016,0.016,0.1225,0.5568181818181818,0.4431818181818182,0.7,1.0,1.0,0.4666666666666667,0.6100966702470463,0.0
20260621_132802_002f9dab,20260621_132802_002f9dab_g0035,35,1458968468,4,40,40,40,1,2,BLUE,champion,1,2,[2],1,88,1,"{""1"": 87, ""2"": 88, ""3"": 68, ""4"": 84}",False,34.0,-16.0,1.0,26.0,34.0,0.085,201.0,76.625,207.5,23.0,24.0,44.25,72.5,43.75,178.0,241.5,10.0,11.0,40.0,1.0,1.0,2.0,4.0,3.0,0.0,0.0,0.0,40.0,40.0,0.4925,0.47619047619047616,0.016,0.016,0.12,0.5454545454545454,0.45454545454545453,0.85,1.0,1.0,0.4166666666666667,0.5537280701754386,0.0
20260621_132802_002f9dab,20260621_132802_002f9dab_g0035,35,1458968468,4,40,40,40,1,3,YELLOW,pool_l45_100ms,2,2,[2],0,68,4,"{""1"": 87, ""2"": 88, ""3"": 68, ""4"": 84}",False,9.0,-66.0,5.0,8.0,34.0,0.085,14.0,9.375,13.5,7.0,2.0,3.0,1.5,0.0,365.0,22.5,10.0,11.0,38.0,1.0,1.0,2.0,6.0,1.0,0.0,0.0,0.0,40.0,40.0,0.4925,0.47619047619047616,0.016,0.016,0.125,0.5681818181818182,0.4318181818181818,0.225,0.7666666666666667,1.0,0.625,0.41263157894736846,0.0
20260621_132802_002f9dab,20260621_132802_002f9dab_g0035,35,1458968468,4,40,40,40,1,4,GREEN,pool_l9_partial_200ms,3,2,[2],0,84,3,"{""1"": 87, ""2"": 88, ""3"": 68, ""4"": 84}",False,13.0,-58.0,4.0,9.0,34.0,0.085,56.0,24.625,52.875,11.0,9.0,12.0,19.0,1.875,323.0,65.875,10.0,11.0,38.0,1.0,1.0,2.0,6.0,1.0,0.0,0.0,0.0,40.0,40.0,0.4925,0.47619047619047616,0.016,0.016,0.125,0.5681818181818182,0.4318181818181818,0.325,1.0,1.0,0.5916666666666667,0.4242105263157895,0.0
20260621_132802_002f9dab,20260621_132802_002f9dab_g0035,35,1458968468,5,48,48,48,1,1,RED,pool_peer_500ms,0,2,[2],0,87,2,"{""1"": 87, ""2"": 88, ""3"": 68, ""4"": 84}",False,28.0,-24.0,0.0,32.0,49.0,0.1225,30.0,19.25,31.25,13.0,5.0,5.25,8.0,0.0,97.0,59.25,12.0,9.0,30.0,1.0,1.0,2.0,4.0,1.0,0.0,0.0,0.0,48.0,48.0,0.58,0.5714285714285714,0.0192,0.0192,0.145,0.6590909090909091,0.3409090909090909,0.7,1.0,1.0,0.4333333333333333,0.5925589836660616,0.0
20260621_132802_002f9dab,20260621_132802_002f9dab_g0035,35,1458968468,5,48,48,48,1,2,BLUE,champion,1,2,[2],1,88,1,"{""1"": 87, ""2"": 88, ""3"": 68, ""4"": 84}",False,37.0,-6.0,1.0,40.0,49.0,0.1225,73.0,39.5,85.75,18.0,14.0,19.5,23.0,11.25,54.0,122.75,12.0,9.0,31.0,1.0,1.0,2.0,3.0,2.0,0.0,0.0,0.0,48.0,48.0,0.58,0.5714285714285714,0.0192,0.0192,0.1425,0.6477272727272727,0.3522727272727273,0.925,1.0,1.0,0.35833333333333334,0.5373961218836565,0.0
20260621_132802_002f9dab,20260621_132802_002f9dab_g0035,35,1458968468,5,48,48,48,1,3,YELLOW,pool_l45_100ms,2,2,[2],0,68,4,"{""1"": 87, ""2"": 88, ""3"": 68, ""4"": 84}",False,7.0,-66.0,4.0,17.0,49.0,0.1225,17.0,9.5,19.5,5.0,2.0,4.5,8.0,0.0,110.0,26.5,12.0,9.0,30.0,1.0,1.0,2.0,4.0,1.0,0.0,0.0,0.0,48.0,48.0,0.58,0.5714285714285714,0.0192,0.0192,0.145,0.6590909090909091,0.3409090909090909,0.175,0.75,1.0,0.6083333333333333,0.4128856624319419,0.0
20260621_132802_002f9dab,20260621_132802_002f9dab_g0035,35,1458968468,5,48,48,48,1,4,GREEN,pool_l9_partial_200ms,3,2,[2],0,84,3,"{""1"": 87, ""2"": 88, ""3"": 68, ""4"": 84}",False,8.0,-64.0,4.0,13.0,49.0,0.1225,7.0,6.0,7.0,5.0,2.0,0.0,0.0,0.0,120.0,15.0,12.0,9.0,29.0,1.0,1.0,2.0,5.0,0.0,0.0,0.0,0.0,48.0,48.0,0.58,0.5714285714285714,0.0192,0.0192,0.1475,0.6704545454545454,0.32954545454545453,0.2,0.5333333333333333,0.8,0.6,0.41391614629794826,0.0
20260621_132802_002f9dab,20260621_132802_002f9dab_g0035,35,1458968468,6,56,56,56,1,1,RED,pool_peer_500ms,0,2,[2],0,87,2,"{""1"": 87, ""2"": 88, ""3"": 68, ""4"": 84}",False,27.0,-26.0,0.0,41.0,58.0,0.145,19.0,15.0,20.75,12.0,3.0,2.25,1.0,2.5,39.0,47.75,14.0,7.0,22.0,1.0,1.0,2.0,2.0,1.0,0.0,0.0,0.0,56.0,56.0,0.645,0.6666666666666666,0.0224,0.0224,0.165,0.75,0.25,0.675,1.0,1.0,0.4416666666666667,0.5861244019138756,0.0
20260621_132802_002f9dab,20260621_132802_002f9dab_g0035,35,1458968468,6,56,56,56,1,2,BLUE,champion,1,2,[2],1,88,1,"{""1"": 87, ""2"": 88, ""3"": 68, ""4"": 84}",False,37.0,-6.0,1.0,53.0,58.0,0.145,37.0,24.5,41.5,15.0,8.0,11.25,6.0,1.25,21.0,78.5,14.0,7.0,22.0,1.0,1.0,2.0,2.0,1.0,0.0,0.0,0.0,56.0,56.0,0.645,0.6666666666666666,0.0224,0.0224,0.165,0.75,0.25,0.925,1.0,1.0,0.35833333333333334,0.529505582137161,0.0
20260621_132802_002f9dab,20260621_132802_002f9dab_g0035,35,1458968468,6,56,56,56,1,3,YELLOW,pool_l45_100ms,2,2,[2],0,68,4,"{""1"": 87, ""2"": 88, ""3"": 68, ""4"": 84}",False,7.0,-66.0,4.0,30.0,58.0,0.145,0.0,0.0,0.0,0.0,0.0,0.0,0.0,0.0,58.0,7.0,14.0,7.0,25.0,0.0,1.0,2.0,3.0,1.0,0.0,0.0,0.0,56.0,56.0,0.645,0.6666666666666666,0.0224,0.0224,0.1575,0.7159090909090909,0.2840909090909091,0.175,0.2,1.0,0.6083333333333333,0.39264828738512947,0.0
20260621_132802_002f9dab,20260621_132802_002f9dab_g0035,35,1458968468,6,56,56,56,1,4,GREEN,pool_l9_partial_200ms,3,2,[2],0,84,3,"{""1"": 87, ""2"": 88, ""3"": 68, ""4"": 84}",False,9.0,-62.0,3.0,25.0,58.0,0.145,2.0,1.0,2.0,0.0,2.0,0.0,0.0,0.0,56.0,11.0,14.0,7.0,25.0,0.0,1.0,1.0,5.0,0.0,0.0,0.0,0.0,56.0,56.0,0.645,0.6666666666666666,0.0224,0.0224,0.1575,0.7159090909090909,0.2840909090909091,0.225,0.35,0.8,0.5916666666666667,0.43525480367585634,0.0
20260621_132802_002f9dab,20260621_132802_002f9dab_g0035,35,1458968468,7,64,64,70,3,1,RED,pool_peer_500ms,0,2,[2],0,87,2,"{""1"": 87, ""2"": 88, ""3"": 68, ""4"": 84}",False,25.0,-27.0,0.0,50.0,56.0,0.14,0.0,0.0,0.0,0.0,0.0,0.0,0.0,0.0,0.0,25.0,16.0,5.0,16.0,0.0,1.0,2.0,2.0,0.0,0.0,0.0,0.0,64.0,70.0,0.6975,0.7619047619047619,0.028,0.0256,0.18,0.8181818181818182,0.18181818181818182,0.625,0.6333333333333333,0.8,0.4333333333333333,0.5687134502923976,0.0
20260621_132802_002f9dab,20260621_132802_002f9dab_g0035,35,1458968468,7,64,64,70,3,2,BLUE,champion,1,2,[2],1,88,1,"{""1"": 87, ""2"": 88, ""3"": 68, ""4"": 84}",False,37.0,-3.0,1.0,64.0,56.0,0.14,0.0,0.0,0.0,0.0,0.0,0.0,0.0,0.0,0.0,37.0,18.0,3.0,13.0,0.0,0.0,0.0,2.0,1.0,0.0,0.0,0.0,64.0,70.0,0.6975,0.8571428571428571,0.028,0.0256,0.1875,0.8522727272727273,0.14772727272727273,0.925,0.9666666666666667,1.0,0.33333333333333337,0.5192982456140351,0.0
20260621_132802_002f9dab,20260621_132802_002f9dab_g0035,35,1458968468,7,64,64,70,3,3,YELLOW,pool_l45_100ms,2,2,[2],0,68,4,"{""1"": 87, ""2"": 88, ""3"": 68, ""4"": 84}",False,7.0,-63.0,4.0,35.0,56.0,0.14,0.0,0.0,0.0,0.0,0.0,0.0,0.0,0.0,0.0,7.0,14.0,7.0,25.0,0.0,1.0,2.0,3.0,1.0,0.0,0.0,0.0,64.0,70.0,0.6975,0.6666666666666666,0.028,0.0256,0.1575,0.7159090909090909,0.2840909090909091,0.175,0.2,1.0,0.5833333333333333,0.39264828738512947,0.0
20260621_132802_002f9dab,20260621_132802_002f9dab_g0035,35,1458968468,7,64,64,70,3,4,GREEN,pool_l9_partial_200ms,3,2,[2],0,84,3,"{""1"": 87, ""2"": 88, ""3"": 68, ""4"": 84}",False,8.0,-61.0,0.0,36.0,56.0,0.14,0.0,0.0,0.0,0.0,0.0,0.0,0.0,0.0,0.0,8.0,16.0,5.0,19.0,0.0,0.0,1.0,4.0,0.0,0.0,0.0,0.0,64.0,70.0,0.6975,0.7619047619047619,0.028,0.0256,0.1725,0.7840909090909091,0.2159090909090909,0.2,0.26666666666666666,0.8,0.575,0.4759725400457665,0.0
20260621_132802_002f9dab,20260621_132802_002f9dab_g0036,36,190365809,0,8,8,8,1,1,RED,champion,0,1,[1],1,120,1,"{""1"": 120, ""2"": 74, ""3"": 66, ""4"": 90}",False,8.0,-13.0,9.0,0.0,3.0,0.0075,489.0,120.375,491.125,8.0,14.0,39.75,125.0,304.375,1234.0,499.125,2.0,19.0,79.0,1.0,1.0,2.0,5.0,10.0,1.0,1.0,1.0,8.0,8.0,0.0975,0.09523809523809523,0.0032,0.0032,0.0225,0.10227272727272728,0.8977272727272727,0.2,1.0,1.0,0.175,0.23391812865497075,0.0
20260621_132802_002f9dab,20260621_132802_002f9dab_g0036,36,190365809,0,8,8,8,1,2,BLUE,pool_l45_100ms,1,1,[1],0,74,3,"{""1"": 120, ""2"": 74, ""3"": 66, ""4"": 90}",False,5.0,-19.0,9.0,0.0,3.0,0.0075,327.0,76.25,309.5,5.0,8.0,24.0,95.0,177.5,1396.0,314.5,2.0,19.0,78.0,1.0,1.0,2.0,6.0,9.0,1.0,1.0,0.0,8.0,8.0,0.0975,0.09523809523809523,0.0032,0.0032,0.025,0.11363636363636363,0.8863636363636364,0.125,1.0,1.0,0.2,0.15263157894736834,0.0
20260621_132802_002f9dab,20260621_132802_002f9dab_g0036,36,190365809,0,8,8,8,1,3,YELLOW,pool_l9_partial_200ms,2,1,[1],0,66,4,"{""1"": 120, ""2"": 74, ""3"": 66, ""4"": 90}",False,7.0,-15.0,9.0,0.0,3.0,0.0075,364.0,86.0,341.875,7.0,10.0,27.0,108.5,189.375,1359.0,348.875,2.0,19.0,78.0,1.0,1.0,2.0,6.0,9.0,1.0,1.0,0.0,8.0,8.0,0.0975,0.09523809523809523,0.0032,0.0032,0.025,0.11363636363636363,0.8863636363636364,0.175,1.0,1.0,0.18333333333333332,0.17368421052631577,0.0
20260621_132802_002f9dab,20260621_132802_002f9dab_g0036,36,190365809,0,8,8,8,1,4,GREEN,pool_peer_500ms,3,1,[1],0,90,2,"{""1"": 120, ""2"": 74, ""3"": 66, ""4"": 90}",False,9.0,-11.0,9.0,0.0,3.0,0.0075,543.0,122.625,488.75,9.0,15.0,41.25,153.5,270.0,1180.0,497.75,2.0,19.0,78.0,1.0,1.0,2.0,6.0,9.0,1.0,0.0,0.0,8.0,8.0,0.0975,0.09523809523809523,0.0032,0.0032,0.025,0.11363636363636363,0.8863636363636364,0.225,1.0,1.0,0.16666666666666669,0.23684210526315785,0.0
20260621_132802_002f9dab,20260621_132802_002f9dab_g0036,36,190365809,1,16,16,16,1,1,RED,champion,0,1,[1],1,120,1,"{""1"": 120, ""2"": 74, ""3"": 66, ""4"": 90}",False,17.0,-18.0,2.0,0.0,3.0,0.0075,829.0,198.375,768.5,17.0,29.0,78.75,237.5,406.25,1654.0,785.5,4.0,17.0,69.0,1.0,1.0,2.0,5.0,8.0,1.0,0.0,0.0,16.0,16.0,0.1975,0.19047619047619047,0.0064,0.0064,0.0475,0.2159090909090909,0.7840909090909091,0.425,1.0,1.0,0.29166666666666663,0.4293628808864266,0.0
20260621_132802_002f9dab,20260621_132802_002f9dab_g0036,36,190365809,1,16,16,16,1,2,BLUE,pool_l45_100ms,1,1,[1],0,74,3,"{""1"": 120, ""2"": 74, ""3"": 66, ""4"": 90}",False,9.0,-34.0,6.0,0.0,3.0,0.0075,528.0,122.0,476.125,9.0,16.0,45.0,175.5,230.625,1955.0,485.125,4.0,17.0,68.0,1.0,1.0,2.0,6.0,7.0,1.0,0.0,0.0,16.0,16.0,0.1975,0.19047619047619047,0.0064,0.0064,0.05,0.22727272727272727,0.7727272727272727,0.225,1.0,1.0,0.35833333333333334,0.3263157894736842,0.0
20260621_132802_002f9dab,20260621_132802_002f9dab_g0036,36,190365809,1,16,16,16,1,3,YELLOW,pool_l9_partial_200ms,2,1,[1],0,66,4,"{""1"": 120, ""2"": 74, ""3"": 66, ""4"": 90}",False,11.0,-30.0,5.0,2.0,3.0,0.0075,419.0,100.875,379.0,11.0,15.0,36.0,139.5,177.5,2064.0,390.0,4.0,17.0,68.0,1.0,1.0,2.0,6.0,7.0,1.0,0.0,0.0,16.0,16.0,0.1975,0.19047619047619047,0.0064,0.0064,0.05,0.22727272727272727,0.7727272727272727,0.275,1.0,1.0,0.3416666666666667,0.3526315789473684,0.0
20260621_132802_002f9dab,20260621_132802_002f9dab_g0036,36,190365809,1,16,16,16,1,4,GREEN,pool_peer_500ms,3,1,[1],0,90,2,"{""1"": 120, ""2"": 74, ""3"": 66, ""4"": 90}",False,15.0,-22.0,4.0,2.0,3.0,0.0075,707.0,176.875,681.625,15.0,25.0,66.0,245.0,330.625,1776.0,696.625,4.0,17.0,68.0,1.0,1.0,2.0,6.0,7.0,1.0,0.0,0.0,16.0,16.0,0.1975,0.19047619047619047,0.0064,0.0064,0.05,0.22727272727272727,0.7727272727272727,0.375,1.0,1.0,0.30833333333333335,0.4526315789473684,0.0
20260621_132802_002f9dab,20260621_132802_002f9dab_g0036,36,190365809,2,24,24,24,1,1,RED,champion,0,1,[1],1,120,1,"{""1"": 120, ""2"": 74, ""3"": 66, ""4"": 90}",False,21.0,-21.0,0.0,5.0,3.0,0.0075,580.0,161.25,576.25,20.0,30.0,77.25,214.0,235.0,1060.0,597.25,6.0,15.0,59.0,1.0,1.0,2.0,5.0,6.0,1.0,0.0,0.0,24.0,24.0,0.2975,0.2857142857142857,0.0096,0.0096,0.0725,0.32954545454545453,0.6704545454545454,0.525,1.0,1.0,0.35,0.5553539019963702,0.0
20260621_132802_002f9dab,20260621_132802_002f9dab_g0036,36,190365809,2,24,24,24,1,2,BLUE,pool_l45_100ms,1,1,[1],0,74,3,"{""1"": 120, ""2"": 74, ""3"": 66, ""4"": 90}",False,13.0,-37.0,6.0,3.0,3.0,0.0075,308.0,82.375,276.625,13.0,17.0,39.75,125.0,81.875,1332.0,289.625,6.0,15.0,58.0,1.0,1.0,2.0,6.0,5.0,0.0,0.0,0.0,24.0,24.0,0.2975,0.2857142857142857,0.0096,0.0096,0.075,0.3409090909090909,0.6590909090909091,0.325,1.0,1.0,0.4166666666666667,0.38596491228070173,0.0
20260621_132802_002f9dab,20260621_132802_002f9dab_g0036,36,190365809,2,24,24,24,1,3,YELLOW,pool_l9_partial_200ms,2,1,[1],0,66,4,"{""1"": 120, ""2"": 74, ""3"": 66, ""4"": 90}",False,12.0,-39.0,5.0,4.0,3.0,0.0075,161.0,48.625,150.0,12.0,11.0,21.75,56.5,48.75,1479.0,162.0,6.0,15.0,58.0,1.0,1.0,2.0,6.0,5.0,0.0,0.0,0.0,24.0,24.0,0.2975,0.2857142857142857,0.0096,0.0096,0.075,0.3409090909090909,0.6590909090909091,0.3,1.0,1.0,0.425,0.39473684210526316,0.0
20260621_132802_002f9dab,20260621_132802_002f9dab_g0036,36,190365809,2,24,24,24,1,4,GREEN,pool_peer_500ms,3,1,[1],0,90,2,"{""1"": 120, ""2"": 74, ""3"": 66, ""4"": 90}",False,17.0,-29.0,0.0,9.0,3.0,0.0075,591.0,158.125,579.0,17.0,25.0,66.75,246.5,223.75,1049.0,596.0,6.0,15.0,58.0,1.0,1.0,2.0,6.0,5.0,1.0,0.0,0.0,24.0,24.0,0.2975,0.2857142857142857,0.0096,0.0096,0.075,0.3409090909090909,0.6590909090909091,0.425,1.0,1.0,0.38333333333333336,0.5719298245614035,0.0
20260621_132802_002f9dab,20260621_132802_002f9dab_g0036,36,190365809,3,32,32,32,1,1,RED,champion,0,1,[1],1,120,1,"{""1"": 120, ""2"": 74, ""3"": 66, ""4"": 90}",False,28.0,-17.0,0.0,16.0,10.0,0.025,379.0,124.125,388.375,26.0,30.0,65.25,159.0,108.125,401.0,416.375,8.0,13.0,49.0,1.0,1.0,2.0,5.0,4.0,1.0,0.0,0.0,32.0,32.0,0.3975,0.38095238095238093,0.0128,0.0128,0.0975,0.4431818181818182,0.5568181818181818,0.7,1.0,1.0,0.375,0.5641025641025641,0.0
20260621_132802_002f9dab,20260621_132802_002f9dab_g0036,36,190365809,3,32,32,32,1,2,BLUE,pool_l45_100ms,1,1,[1],0,74,3,"{""1"": 120, ""2"": 74, ""3"": 66, ""4"": 90}",False,14.0,-45.0,3.0,9.0,10.0,0.025,65.0,28.0,67.25,12.0,8.0,10.5,23.0,13.75,715.0,81.25,8.0,13.0,48.0,1.0,1.0,2.0,6.0,3.0,0.0,0.0,0.0,32.0,32.0,0.3975,0.38095238095238093,0.0128,0.0128,0.1,0.45454545454545453,0.5454545454545454,0.35,1.0,1.0,0.4916666666666667,0.47631578947368425,0.0
20260621_132802_002f9dab,20260621_132802_002f9dab_g0036,36,190365809,3,32,32,32,1,3,YELLOW,pool_l9_partial_200ms,2,1,[1],0,66,4,"{""1"": 120, ""2"": 74, ""3"": 66, ""4"": 90}",False,11.0,-51.0,5.0,12.0,10.0,0.025,61.0,27.5,67.625,11.0,8.0,12.0,23.5,13.125,719.0,78.625,8.0,13.0,48.0,1.0,1.0,2.0,6.0,3.0,0.0,0.0,0.0,32.0,32.0,0.3975,0.38095238095238093,0.0128,0.0128,0.1,0.45454545454545453,0.5454545454545454,0.275,1.0,1.0,0.5166666666666667,0.4236842105263158,0.0
20260621_132802_002f9dab,20260621_132802_002f9dab_g0036,36,190365809,3,32,32,32,1,4,GREEN,pool_peer_500ms,3,1,[1],0,90,2,"{""1"": 120, ""2"": 74, ""3"": 66, ""4"": 90}",False,20.0,-33.0,0.0,19.0,10.0,0.025,275.0,85.75,267.5,18.0,19.0,42.0,131.0,57.5,505.0,287.5,8.0,13.0,48.0,1.0,1.0,2.0,6.0,3.0,0.0,0.0,0.0,32.0,32.0,0.3975,0.38095238095238093,0.0128,0.0128,0.1,0.45454545454545453,0.5454545454545454,0.5,1.0,1.0,0.4416666666666667,0.5736842105263158,0.0
20260621_132802_002f9dab,20260621_132802_002f9dab_g0036,36,190365809,4,40,40,40,1,1,RED,champion,0,1,[1],1,120,1,"{""1"": 120, ""2"": 74, ""3"": 66, ""4"": 90}",False,33.0,-12.0,0.0,25.0,20.0,0.05,273.0,103.875,308.25,25.0,29.0,57.75,116.5,80.0,156.0,341.25,10.0,11.0,40.0,1.0,1.0,2.0,4.0,3.0,1.0,0.0,0.0,40.0,40.0,0.4925,0.47619047619047616,0.016,0.016,0.12,0.5454545454545454,0.45454545454545453,0.825,1.0,1.0,0.375,0.5339912280701755,0.0
20260621_132802_002f9dab,20260621_132802_002f9dab_g0036,36,190365809,4,40,40,40,1,2,BLUE,pool_l45_100ms,1,1,[1],0,74,3,"{""1"": 120, ""2"": 74, ""3"": 66, ""4"": 90}",False,14.0,-50.0,3.0,14.0,20.0,0.05,41.0,22.0,42.875,12.0,7.0,6.75,16.5,0.625,388.0,56.875,10.0,11.0,38.0,1.0,1.0,2.0,6.0,1.0,0.0,0.0,0.0,40.0,40.0,0.4925,0.47619047619047616,0.016,0.016,0.125,0.5681818181818182,0.4318181818181818,0.35,1.0,1.0,0.5333333333333333,0.47789473684210526,0.0
20260621_132802_002f9dab,20260621_132802_002f9dab_g0036,36,190365809,4,40,40,40,1,3,YELLOW,pool_l9_partial_200ms,2,1,[1],0,66,4,"{""1"": 120, ""2"": 74, ""3"": 66, ""4"": 90}",False,10.0,-58.0,2.0,23.0,20.0,0.05,29.0,15.625,28.625,9.0,5.0,6.0,8.0,0.625,400.0,38.625,10.0,11.0,38.0,1.0,1.0,2.0,6.0,1.0,0.0,0.0,0.0,40.0,40.0,0.4925,0.47619047619047616,0.016,0.016,0.125,0.5681818181818182,0.4318181818181818,0.25,0.6166666666666667,1.0,0.5666666666666667,0.4368421052631579,0.0
20260621_132802_002f9dab,20260621_132802_002f9dab_g0036,36,190365809,4,40,40,40,1,4,GREEN,pool_peer_500ms,3,1,[1],0,90,2,"{""1"": 120, ""2"": 74, ""3"": 66, ""4"": 90}",False,21.0,-36.0,0.0,32.0,20.0,0.05,86.0,35.5,81.5,16.0,9.0,15.0,34.0,7.5,343.0,102.5,10.0,11.0,39.0,1.0,1.0,2.0,5.0,2.0,0.0,0.0,0.0,40.0,40.0,0.4925,0.47619047619047616,0.016,0.016,0.1225,0.5568181818181818,0.4431818181818182,0.525,1.0,1.0,0.475,0.5746509129967776,0.0
20260621_132802_002f9dab,20260621_132802_002f9dab_g0036,36,190365809,5,48,48,48,1,1,RED,champion,0,1,[1],1,120,1,"{""1"": 120, ""2"": 74, ""3"": 66, ""4"": 90}",False,37.0,-13.0,0.0,39.0,28.0,0.07,98.0,51.0,109.25,23.0,20.0,24.75,29.0,12.5,115.0,146.25,12.0,9.0,31.0,1.0,1.0,2.0,3.0,2.0,0.0,0.0,0.0,48.0,48.0,0.5775,0.5714285714285714,0.0192,0.0192,0.1425,0.6477272727272727,0.3522727272727273,0.925,1.0,1.0,0.4166666666666667,0.5170821791320406,0.0
20260621_132802_002f9dab,20260621_132802_002f9dab_g0036,36,190365809,5,48,48,48,1,2,BLUE,pool_l45_100ms,1,1,[1],0,74,3,"{""1"": 120, ""2"": 74, ""3"": 66, ""4"": 90}",False,16.0,-55.0,3.0,17.0,28.0,0.07,23.0,18.25,23.25,14.0,7.0,2.25,0.0,0.0,190.0,39.25,12.0,9.0,29.0,1.0,1.0,2.0,5.0,0.0,0.0,0.0,0.0,48.0,48.0,0.5775,0.5714285714285714,0.0192,0.0192,0.1475,0.6704545454545454,0.32954545454545453,0.4,1.0,0.8,0.5916666666666667,0.44781445138269405,0.0
20260621_132802_002f9dab,20260621_132802_002f9dab_g0036,36,190365809,5,48,48,48,1,3,YELLOW,pool_l9_partial_200ms,2,1,[1],0,66,4,"{""1"": 120, ""2"": 74, ""3"": 66, ""4"": 90}",False,8.0,-71.0,2.0,31.0,28.0,0.07,6.0,5.5,6.0,5.0,1.0,0.0,0.0,0.0,207.0,14.0,12.0,9.0,30.0,1.0,1.0,1.0,6.0,0.0,0.0,0.0,0.0,48.0,48.0,0.5775,0.5714285714285714,0.0192,0.0192,0.145,0.6590909090909091,0.3409090909090909,0.2,0.3,0.8,0.6583333333333333,0.44555353901996364,0.0
20260621_132802_002f9dab,20260621_132802_002f9dab_g0036,36,190365809,5,48,48,48,1,4,GREEN,pool_peer_500ms,3,1,[1],0,90,2,"{""1"": 120, ""2"": 74, ""3"": 66, ""4"": 90}",False,26.0,-35.0,0.0,42.0,28.0,0.07,86.0,40.75,91.125,18.0,14.0,20.25,24.5,14.375,127.0,117.125,12.0,9.0,31.0,1.0,1.0,2.0,3.0,2.0,0.0,0.0,0.0,48.0,48.0,0.5775,0.5714285714285714,0.0192,0.0192,0.1425,0.6477272727272727,0.3522727272727273,0.65,1.0,1.0,0.5083333333333333,0.5530932594644506,0.0
20260621_132802_002f9dab,20260621_132802_002f9dab_g0036,36,190365809,6,56,56,56,1,1,RED,champion,0,1,[1],1,120,1,"{""1"": 120, ""2"": 74, ""3"": 66, ""4"": 90}",False,37.0,-6.0,0.0,50.0,53.0,0.1325,49.0,30.75,51.5,19.0,11.0,10.5,11.0,0.0,41.0,88.5,14.0,7.0,21.0,1.0,1.0,2.0,3.0,0.0,0.0,0.0,0.0,56.0,56.0,0.64,0.6666666666666666,0.0224,0.0224,0.1675,0.7613636363636364,0.23863636363636365,0.925,1.0,0.8,0.35833333333333334,0.5216025137470541,0.0
20260621_132802_002f9dab,20260621_132802_002f9dab_g0036,36,190365809,6,56,56,56,1,2,BLUE,pool_l45_100ms,1,1,[1],0,74,3,"{""1"": 120, ""2"": 74, ""3"": 66, ""4"": 90}",False,13.0,-54.0,3.0,26.0,53.0,0.1325,8.0,8.0,8.0,8.0,0.0,0.0,0.0,0.0,82.0,21.0,14.0,7.0,24.0,1.0,0.0,1.0,5.0,0.0,0.0,0.0,0.0,56.0,56.0,0.64,0.6666666666666666,0.0224,0.0224,0.16,0.7272727272727273,0.2727272727272727,0.325,0.48333333333333334,0.8,0.5583333333333333,0.43503289473684215,0.0
20260621_132802_002f9dab,20260621_132802_002f9dab_g0036,36,190365809,6,56,56,56,1,3,YELLOW,pool_l9_partial_200ms,2,1,[1],0,66,4,"{""1"": 120, ""2"": 74, ""3"": 66, ""4"": 90}",False,5.0,-70.0,2.0,32.0,53.0,0.1325,0.0,0.0,0.0,0.0,0.0,0.0,0.0,0.0,90.0,5.0,14.0,7.0,27.0,0.0,0.0,1.0,6.0,0.0,0.0,0.0,0.0,56.0,56.0,0.64,0.6666666666666666,0.0224,0.0224,0.1525,0.6931818181818182,0.3068181818181818,0.125,0.13333333333333333,0.8,0.625,0.43830888697152715,0.0
20260621_132802_002f9dab,20260621_132802_002f9dab_g0036,36,190365809,6,56,56,56,1,4,GREEN,pool_peer_500ms,3,1,[1],0,90,2,"{""1"": 120, ""2"": 74, ""3"": 66, ""4"": 90}",False,25.0,-30.0,0.0,46.0,53.0,0.1325,33.0,24.75,37.25,17.0,9.0,6.0,4.0,1.25,57.0,62.25,14.0,7.0,24.0,1.0,1.0,1.0,2.0,2.0,0.0,0.0,0.0,56.0,56.0,0.64,0.6666666666666666,0.0224,0.0224,0.16,0.7272727272727273,0.2727272727272727,0.625,0.8333333333333334,1.0,0.4583333333333333,0.5485197368421053,0.0
20260621_132802_002f9dab,20260621_132802_002f9dab_g0036,36,190365809,7,64,64,68,1,1,RED,champion,0,1,[1],1,120,1,"{""1"": 120, ""2"": 74, ""3"": 66, ""4"": 90}",False,33.0,-10.0,0.0,58.0,45.0,0.1125,22.0,18.125,22.5,16.0,0.0,6.0,0.5,0.0,2.0,55.5,17.0,4.0,11.0,1.0,0.0,2.0,1.0,0.0,0.0,0.0,0.0,64.0,68.0,0.6975,0.8095238095238095,0.0272,0.0256,0.1925,0.875,0.125,0.825,0.9666666666666667,0.8,0.35833333333333334,0.4996582365003418,0.0
20260621_132802_002f9dab,20260621_132802_002f9dab_g0036,36,190365809,7,64,64,68,1,2,BLUE,pool_l45_100ms,1,1,[1],0,74,3,"{""1"": 120, ""2"": 74, ""3"": 66, ""4"": 90}",False,13.0,-50.0,3.0,37.0,45.0,0.1125,0.0,0.0,0.0,0.0,0.0,0.0,0.0,0.0,24.0,13.0,16.0,5.0,19.0,0.0,0.0,1.0,4.0,0.0,0.0,0.0,0.0,64.0,68.0,0.6975,0.7619047619047619,0.0272,0.0256,0.1725,0.7840909090909091,0.2159090909090909,0.325,0.38333333333333336,0.8,0.525,0.41418764302059496,0.0
20260621_132802_002f9dab,20260621_132802_002f9dab_g0036,36,190365809,7,64,64,68,1,3,YELLOW,pool_l9_partial_200ms,2,1,[1],0,66,4,"{""1"": 120, ""2"": 74, ""3"": 66, ""4"": 90}",False,5.0,-66.0,2.0,40.0,45.0,0.1125,0.0,0.0,0.0,0.0,0.0,0.0,0.0,0.0,24.0,5.0,14.0,7.0,27.0,0.0,0.0,1.0,6.0,0.0,0.0,0.0,0.0,64.0,68.0,0.6975,0.6666666666666666,0.0272,0.0256,0.1525,0.6931818181818182,0.3068181818181818,0.125,0.08333333333333333,0.8,0.5916666666666667,0.43830888697152715,0.0
20260621_132802_002f9dab,20260621_132802_002f9dab_g0036,36,190365809,7,64,64,68,1,4,GREEN,pool_peer_500ms,3,1,[1],0,90,2,"{""1"": 120, ""2"": 74, ""3"": 66, ""4"": 90}",False,25.0,-26.0,0.0,57.0,45.0,0.1125,2.0,1.0,3.0,0.0,0.0,3.0,0.0,0.0,22.0,28.0,17.0,4.0,16.0,0.0,0.0,1.0,2.0,1.0,0.0,0.0,0.0,64.0,68.0,0.6975,0.8095238095238095,0.0272,0.0256,0.18,0.8181818181818182,0.18181818181818182,0.625,0.7,1.0,0.425,0.5299707602339181,0.0
20260621_132802_002f9dab,20260621_132802_002f9dab_g0037,37,484000015,0,8,8,8,1,1,RED,pool_l45_100ms,0,4,[4],0,90,2,"{""1"": 90, ""2"": 76, ""3"": 88, ""4"": 92}",False,6.0,-16.0,9.0,0.0,4.0,0.01,388.0,90.5,366.25,6.0,10.0,28.5,113.0,208.75,1368.0,372.25,2.0,19.0,78.0,1.0,1.0,2.0,6.0,9.0,1.0,1.0,0.0,8.0,8.0,0.0975,0.09523809523809523,0.0032,0.0032,0.025,0.11363636363636363,0.8863636363636364,0.15,1.0,1.0,0.18333333333333332,0.20526315789473681,0.0
20260621_132802_002f9dab,20260621_132802_002f9dab_g0037,37,484000015,0,8,8,8,1,2,BLUE,pool_l9_partial_200ms,1,4,[4],0,76,4,"{""1"": 90, ""2"": 76, ""3"": 88, ""4"": 92}",False,5.0,-18.0,9.0,0.0,4.0,0.01,327.0,76.25,309.5,5.0,8.0,24.0,95.0,177.5,1429.0,314.5,2.0,19.0,78.0,1.0,1.0,2.0,6.0,9.0,1.0,1.0,0.0,8.0,8.0,0.0975,0.09523809523809523,0.0032,0.0032,0.025,0.11363636363636363,0.8863636363636364,0.125,1.0,1.0,0.19166666666666668,0.15263157894736834,0.0
20260621_132802_002f9dab,20260621_132802_002f9dab_g0037,37,484000015,0,8,8,8,1,3,YELLOW,pool_peer_500ms,2,4,[4],0,88,3,"{""1"": 90, ""2"": 76, ""3"": 88, ""4"": 92}",False,9.0,-10.0,9.0,0.0,4.0,0.01,543.0,122.625,488.75,9.0,15.0,41.25,153.5,270.0,1213.0,497.75,2.0,19.0,78.0,1.0,1.0,2.0,6.0,9.0,1.0,0.0,0.0,8.0,8.0,0.0975,0.09523809523809523,0.0032,0.0032,0.025,0.11363636363636363,0.8863636363636364,0.225,1.0,1.0,0.15833333333333333,0.23684210526315785,0.0
20260621_132802_002f9dab,20260621_132802_002f9dab_g0037,37,484000015,0,8,8,8,1,4,GREEN,champion,3,4,[4],1,92,1,"{""1"": 90, ""2"": 76, ""3"": 88, ""4"": 92}",False,8.0,-12.0,9.0,0.0,4.0,0.01,498.0,113.0,456.75,8.0,14.0,38.25,119.0,277.5,1258.0,464.75,2.0,19.0,79.0,1.0,1.0,2.0,5.0,10.0,1.0,1.0,0.0,8.0,8.0,0.0975,0.09523809523809523,0.0032,0.0032,0.0225,0.10227272727272728,0.8977272727272727,0.2,1.0,1.0,0.16666666666666669,0.21052631578947367,0.0
20260621_132802_002f9dab,20260621_132802_002f9dab_g0037,37,484000015,1,16,16,16,1,1,RED,pool_l45_100ms,0,4,[4],0,90,2,"{""1"": 90, ""2"": 76, ""3"": 88, ""4"": 92}",False,10.0,-30.0,7.0,0.0,4.0,0.01,525.0,121.75,469.25,10.0,17.0,45.0,176.0,221.25,2090.0,479.25,4.0,17.0,68.0,1.0,1.0,2.0,6.0,7.0,1.0,0.0,0.0,16.0,16.0,0.1975,0.19047619047619047,0.0064,0.0064,0.05,0.22727272727272727,0.7727272727272727,0.25,1.0,1.0,0.33333333333333337,0.3236842105263158,0.0
20260621_132802_002f9dab,20260621_132802_002f9dab_g0037,37,484000015,1,16,16,16,1,2,BLUE,pool_l9_partial_200ms,1,4,[4],0,76,4,"{""1"": 90, ""2"": 76, ""3"": 88, ""4"": 92}",False,9.0,-32.0,6.0,0.0,4.0,0.01,528.0,122.375,477.5,9.0,16.0,45.0,177.5,230.0,2087.0,486.5,4.0,17.0,68.0,1.0,1.0,2.0,6.0,7.0,1.0,0.0,0.0,16.0,16.0,0.1975,0.19047619047619047,0.0064,0.0064,0.05,0.22727272727272727,0.7727272727272727,0.225,1.0,1.0,0.3416666666666667,0.3263157894736842,0.0
20260621_132802_002f9dab,20260621_132802_002f9dab_g0037,37,484000015,1,16,16,16,1,3,YELLOW,pool_peer_500ms,2,4,[4],0,88,3,"{""1"": 90, ""2"": 76, ""3"": 88, ""4"": 92}",False,16.0,-18.0,0.0,1.0,4.0,0.01,739.0,184.0,715.625,14.0,25.0,69.75,257.5,349.375,1876.0,731.625,4.0,17.0,68.0,1.0,1.0,2.0,6.0,7.0,1.0,0.0,0.0,16.0,16.0,0.1975,0.19047619047619047,0.0064,0.0064,0.05,0.22727272727272727,0.7727272727272727,0.4,1.0,1.0,0.2833333333333333,0.49473684210526314,0.0
20260621_132802_002f9dab,20260621_132802_002f9dab_g0037,37,484000015,1,16,16,16,1,4,GREEN,champion,3,4,[4],1,92,1,"{""1"": 90, ""2"": 76, ""3"": 88, ""4"": 92}",False,15.0,-20.0,1.0,1.0,4.0,0.01,823.0,203.625,804.875,15.0,27.0,77.25,245.0,440.625,1792.0,819.875,4.0,17.0,69.0,1.0,1.0,2.0,5.0,8.0,1.0,1.0,0.0,16.0,16.0,0.1975,0.19047619047619047,0.0064,0.0064,0.0475,0.2159090909090909,0.7840909090909091,0.375,1.0,1.0,0.29166666666666663,0.4681440443213297,0.0
20260621_132802_002f9dab,20260621_132802_002f9dab_g0037,37,484000015,2,24,24,24,1,1,RED,pool_l45_100ms,0,4,[4],0,90,2,"{""1"": 90, ""2"": 76, ""3"": 88, ""4"": 92}",False,15.0,-37.0,4.0,0.0,7.0,0.0175,363.0,93.625,315.75,15.0,19.0,42.75,141.5,97.5,1272.0,330.75,6.0,15.0,58.0,1.0,1.0,2.0,6.0,5.0,0.0,0.0,0.0,24.0,24.0,0.2975,0.2857142857142857,0.0096,0.0096,0.075,0.3409090909090909,0.6590909090909091,0.375,1.0,1.0,0.4333333333333333,0.4035087719298245,0.0
20260621_132802_002f9dab,20260621_132802_002f9dab_g0037,37,484000015,2,24,24,24,1,2,BLUE,pool_l9_partial_200ms,1,4,[4],0,76,4,"{""1"": 90, ""2"": 76, ""3"": 88, ""4"": 92}",False,13.0,-41.0,6.0,3.0,7.0,0.0175,220.0,59.75,197.375,11.0,13.0,26.25,81.5,65.625,1415.0,210.375,6.0,15.0,58.0,1.0,1.0,2.0,6.0,5.0,0.0,0.0,0.0,24.0,24.0,0.2975,0.2857142857142857,0.0096,0.0096,0.075,0.3409090909090909,0.6590909090909091,0.325,1.0,1.0,0.45,0.38596491228070173,0.0
20260621_132802_002f9dab,20260621_132802_002f9dab_g0037,37,484000015,2,24,24,24,1,3,YELLOW,pool_peer_500ms,2,4,[4],0,88,3,"{""1"": 90, ""2"": 76, ""3"": 88, ""4"": 92}",False,17.0,-33.0,0.0,4.0,7.0,0.0175,490.0,135.875,488.0,16.0,24.0,60.75,203.5,183.75,1145.0,505.0,6.0,15.0,58.0,1.0,1.0,2.0,6.0,5.0,0.0,0.0,0.0,24.0,24.0,0.2975,0.2857142857142857,0.0096,0.0096,0.075,0.3409090909090909,0.6590909090909091,0.425,1.0,1.0,0.4166666666666667,0.5894736842105264,0.0
20260621_132802_002f9dab,20260621_132802_002f9dab_g0037,37,484000015,2,24,24,24,1,4,GREEN,champion,3,4,[4],1,92,1,"{""1"": 90, ""2"": 76, ""3"": 88, ""4"": 92}",False,22.0,-23.0,1.0,7.0,7.0,0.0175,562.0,156.625,567.0,19.0,29.0,69.0,202.5,247.5,1073.0,589.0,6.0,15.0,59.0,1.0,1.0,2.0,5.0,6.0,1.0,0.0,0.0,24.0,24.0,0.2975,0.2857142857142857,0.0096,0.0096,0.0725,0.32954545454545453,0.6704545454545454,0.55,1.0,1.0,0.375,0.5644283121597096,0.0
20260621_132802_002f9dab,20260621_132802_002f9dab_g0037,37,484000015,3,32,32,32,1,1,RED,pool_l45_100ms,0,4,[4],0,90,2,"{""1"": 90, ""2"": 76, ""3"": 88, ""4"": 92}",False,15.0,-42.0,4.0,8.0,14.0,0.035,101.0,39.25,97.125,14.0,13.0,19.5,42.5,8.125,633.0,112.125,8.0,13.0,48.0,1.0,1.0,2.0,6.0,3.0,0.0,0.0,0.0,32.0,32.0,0.395,0.38095238095238093,0.0128,0.0128,0.1,0.45454545454545453,0.5454545454545454,0.375,1.0,1.0,0.475,0.4407894736842105,0.0
20260621_132802_002f9dab,20260621_132802_002f9dab_g0037,37,484000015,3,32,32,32,1,2,BLUE,pool_l9_partial_200ms,1,4,[4],0,76,4,"{""1"": 90, ""2"": 76, ""3"": 88, ""4"": 92}",False,14.0,-44.0,3.0,5.0,14.0,0.035,93.0,34.75,90.25,11.0,11.0,18.0,44.0,6.25,641.0,104.25,8.0,13.0,48.0,1.0,1.0,2.0,6.0,3.0,0.0,0.0,0.0,32.0,32.0,0.395,0.38095238095238093,0.0128,0.0128,0.1,0.45454545454545453,0.5454545454545454,0.35,1.0,1.0,0.4833333333333333,0.43157894736842106,0.0
20260621_132802_002f9dab,20260621_132802_002f9dab_g0037,37,484000015,3,32,32,32,1,3,YELLOW,pool_peer_500ms,2,4,[4],0,88,3,"{""1"": 90, ""2"": 76, ""3"": 88, ""4"": 92}",False,18.0,-36.0,0.0,8.0,14.0,0.035,270.0,85.5,271.75,15.0,21.0,46.5,133.0,56.25,464.0,289.75,8.0,13.0,48.0,1.0,1.0,2.0,6.0,3.0,0.0,0.0,0.0,32.0,32.0,0.395,0.38095238095238093,0.0128,0.0128,0.1,0.45454545454545453,0.5454545454545454,0.45,1.0,1.0,0.45,0.5960526315789474,0.0
20260621_132802_002f9dab,20260621_132802_002f9dab_g0037,37,484000015,3,32,32,32,1,4,GREEN,champion,3,4,[4],1,92,1,"{""1"": 90, ""2"": 76, ""3"": 88, ""4"": 92}",False,25.0,-22.0,1.0,17.0,14.0,0.035,270.0,90.25,281.75,20.0,24.0,45.75,92.0,100.0,464.0,306.75,8.0,13.0,50.0,1.0,1.0,2.0,4.0,5.0,1.0,0.0,0.0,32.0,32.0,0.395,0.38095238095238093,0.0128,0.0128,0.095,0.4318181818181818,0.5681818181818182,0.625,1.0,1.0,0.39166666666666666,0.5886426592797784,0.0
20260621_132802_002f9dab,20260621_132802_002f9dab_g0037,37,484000015,4,40,40,40,1,1,RED,pool_l45_100ms,0,4,[4],0,90,2,"{""1"": 90, ""2"": 76, ""3"": 88, ""4"": 92}",False,13.0,-51.0,4.0,17.0,22.0,0.055,39.0,21.25,40.75,11.0,8.0,9.75,12.0,0.0,349.0,53.75,10.0,11.0,39.0,1.0,1.0,2.0,5.0,2.0,0.0,0.0,0.0,40.0,40.0,0.485,0.47619047619047616,0.016,0.016,0.1225,0.5568181818181818,0.4431818181818182,0.325,0.8166666666666667,1.0,0.5333333333333333,0.43609022556390986,0.0
20260621_132802_002f9dab,20260621_132802_002f9dab_g0037,37,484000015,4,40,40,40,1,2,BLUE,pool_l9_partial_200ms,1,4,[4],0,76,4,"{""1"": 90, ""2"": 76, ""3"": 88, ""4"": 92}",False,13.0,-51.0,3.0,16.0,22.0,0.055,48.0,22.875,49.0,10.0,9.0,10.5,19.5,0.0,340.0,62.0,10.0,11.0,38.0,1.0,1.0,2.0,6.0,1.0,0.0,0.0,0.0,40.0,40.0,0.485,0.47619047619047616,0.016,0.016,0.125,0.5681818181818182,0.4318181818181818,0.325,0.75,1.0,0.5333333333333333,0.4242105263157895,0.0
20260621_132802_002f9dab,20260621_132802_002f9dab_g0037,37,484000015,4,40,40,40,1,3,YELLOW,pool_peer_500ms,2,4,[4],0,88,3,"{""1"": 90, ""2"": 76, ""3"": 88, ""4"": 92}",False,22.0,-33.0,0.0,16.0,22.0,0.055,177.0,68.125,197.625,17.0,20.0,40.5,72.0,48.125,211.0,219.625,10.0,11.0,40.0,1.0,1.0,2.0,4.0,3.0,0.0,0.0,0.0,40.0,40.0,0.485,0.47619047619047616,0.016,0.016,0.12,0.5454545454545454,0.45454545454545453,0.55,1.0,1.0,0.4583333333333333,0.5712719298245614,0.0
20260621_132802_002f9dab,20260621_132802_002f9dab_g0037,37,484000015,4,40,40,40,1,4,GREEN,champion,3,4,[4],1,92,1,"{""1"": 90, ""2"": 76, ""3"": 88, ""4"": 92}",False,29.0,-19.0,1.0,27.0,22.0,0.055,124.0,53.625,131.75,20.0,19.0,30.75,29.5,32.5,264.0,160.75,10.0,11.0,41.0,1.0,1.0,2.0,3.0,4.0,1.0,0.0,0.0,40.0,40.0,0.485,0.47619047619047616,0.016,0.016,0.1175,0.5340909090909091,0.4659090909090909,0.725,1.0,1.0,0.4,0.5666293393057111,0.0
20260621_132802_002f9dab,20260621_132802_002f9dab_g0037,37,484000015,5,48,48,48,1,1,RED,pool_l45_100ms,0,4,[4],0,90,2,"{""1"": 90, ""2"": 76, ""3"": 88, ""4"": 92}",False,11.0,-52.0,2.0,27.0,37.0,0.0925,17.0,11.75,17.5,8.0,4.0,4.5,1.0,0.0,160.0,28.5,12.0,9.0,31.0,1.0,1.0,2.0,3.0,2.0,0.0,0.0,0.0,48.0,48.0,0.57,0.5714285714285714,0.0192,0.0192,0.1425,0.6477272727272727,0.3522727272727273,0.275,0.4666666666666667,1.0,0.525,0.44690674053554935,0.0
20260621_132802_002f9dab,20260621_132802_002f9dab_g0037,37,484000015,5,48,48,48,1,2,BLUE,pool_l9_partial_200ms,1,4,[4],0,76,4,"{""1"": 90, ""2"": 76, ""3"": 88, ""4"": 92}",False,11.0,-52.0,3.0,22.0,37.0,0.0925,13.0,10.125,12.5,8.0,4.0,0.0,0.5,0.0,164.0,23.5,12.0,9.0,31.0,1.0,1.0,1.0,5.0,1.0,0.0,0.0,0.0,48.0,48.0,0.57,0.5714285714285714,0.0192,0.0192,0.1425,0.6477272727272727,0.3522727272727273,0.275,1.0,1.0,0.525,0.4164358264081255,0.0
20260621_132802_002f9dab,20260621_132802_002f9dab_g0037,37,484000015,5,48,48,48,1,3,YELLOW,pool_peer_500ms,2,4,[4],0,88,3,"{""1"": 90, ""2"": 76, ""3"": 88, ""4"": 92}",False,22.0,-30.0,0.0,26.0,37.0,0.0925,85.0,42.25,97.0,16.0,16.0,28.5,29.0,7.5,92.0,119.0,12.0,9.0,31.0,1.0,1.0,2.0,3.0,2.0,0.0,0.0,0.0,48.0,48.0,0.57,0.5714285714285714,0.0192,0.0192,0.1425,0.6477272727272727,0.3522727272727273,0.55,1.0,1.0,0.4333333333333333,0.5549399815327793,0.0
20260621_132802_002f9dab,20260621_132802_002f9dab_g0037,37,484000015,5,48,48,48,1,4,GREEN,champion,3,4,[4],1,92,1,"{""1"": 90, ""2"": 76, ""3"": 88, ""4"": 92}",False,30.0,-14.0,1.0,39.0,37.0,0.0925,62.0,36.25,69.125,19.0,15.0,16.5,10.5,8.125,115.0,99.125,12.0,9.0,31.0,1.0,1.0,2.0,3.0,2.0,0.0,0.0,0.0,48.0,48.0,0.57,0.5714285714285714,0.0192,0.0192,0.1425,0.6477272727272727,0.3522727272727273,0.75,1.0,1.0,0.36666666666666664,0.5586334256694367,0.0
20260621_132802_002f9dab,20260621_132802_002f9dab_g0037,37,484000015,6,56,56,56,1,1,RED,pool_l45_100ms,0,4,[4],0,90,2,"{""1"": 90, ""2"": 76, ""3"": 88, ""4"": 92}",False,11.0,-55.0,2.0,38.0,44.0,0.11,18.0,12.5,21.0,8.0,4.0,4.5,2.0,2.5,71.0,32.0,14.0,7.0,22.0,1.0,1.0,2.0,2.0,1.0,0.0,0.0,0.0,56.0,56.0,0.655,0.6666666666666666,0.0224,0.0224,0.165,0.75,0.25,0.275,0.48333333333333334,1.0,0.55,0.4074960127591707,0.0
20260621_132802_002f9dab,20260621_132802_002f9dab_g0037,37,484000015,6,56,56,56,1,2,BLUE,pool_l9_partial_200ms,1,4,[4],0,76,4,"{""1"": 90, ""2"": 76, ""3"": 88, ""4"": 92}",False,14.0,-49.0,3.0,34.0,44.0,0.11,11.0,8.75,11.5,7.0,2.0,1.5,1.0,0.0,78.0,25.5,14.0,7.0,23.0,1.0,1.0,1.0,3.0,1.0,0.0,0.0,0.0,56.0,56.0,0.655,0.6666666666666666,0.0224,0.0224,0.1625,0.7386363636363636,0.26136363636363635,0.35,0.6666666666666666,1.0,0.525,0.4089068825910932,0.0
20260621_132802_002f9dab,20260621_132802_002f9dab_g0037,37,484000015,6,56,56,56,1,3,YELLOW,pool_peer_500ms,2,4,[4],0,88,3,"{""1"": 90, ""2"": 76, ""3"": 88, ""4"": 92}",False,21.0,-35.0,0.0,37.0,44.0,0.11,23.0,16.75,25.5,12.0,4.0,4.5,5.0,0.0,66.0,46.5,14.0,7.0,23.0,1.0,1.0,1.0,3.0,1.0,0.0,0.0,0.0,56.0,56.0,0.655,0.6666666666666666,0.0224,0.0224,0.1625,0.7386363636363636,0.26136363636363635,0.525,1.0,1.0,0.4666666666666667,0.5392712550607287,0.0
20260621_132802_002f9dab,20260621_132802_002f9dab_g0037,37,484000015,6,56,56,56,1,4,GREEN,champion,3,4,[4],1,92,1,"{""1"": 90, ""2"": 76, ""3"": 88, ""4"": 92}",False,31.0,-15.0,1.0,49.0,44.0,0.11,37.0,26.25,37.25,18.0,11.0,8.25,0.0,0.0,52.0,68.25,14.0,7.0,22.0,1.0,1.0,2.0,2.0,1.0,0.0,0.0,0.0,56.0,56.0,0.655,0.6666666666666666,0.0224,0.0224,0.165,0.75,0.25,0.775,0.9,1.0,0.38333333333333336,0.5271132376395535,0.0
20260621_132802_002f9dab,20260621_132802_002f9dab_g0037,37,484000015,7,64,64,64,1,1,RED,pool_l45_100ms,0,4,[4],0,90,2,"{""1"": 90, ""2"": 76, ""3"": 88, ""4"": 92}",False,8.0,-50.0,2.0,45.0,54.0,0.135,6.0,5.5,6.0,5.0,1.0,0.0,0.0,0.0,23.0,14.0,16.0,5.0,14.0,1.0,1.0,1.0,2.0,0.0,0.0,0.0,0.0,64.0,64.0,0.7125,0.7619047619047619,0.0256,0.0256,0.185,0.8409090909090909,0.1590909090909091,0.2,0.2,0.8,0.4833333333333333,0.41820768136557607,0.0
20260621_132802_002f9dab,20260621_132802_002f9dab_g0037,37,484000015,7,64,64,64,1,2,BLUE,pool_l9_partial_200ms,1,4,[4],0,76,4,"{""1"": 90, ""2"": 76, ""3"": 88, ""4"": 92}",False,11.0,-44.0,3.0,44.0,54.0,0.135,1.0,0.5,1.0,0.0,1.0,0.0,0.0,0.0,28.0,12.0,16.0,5.0,19.0,0.0,1.0,0.0,3.0,1.0,0.0,0.0,0.0,64.0,64.0,0.7125,0.7619047619047619,0.0256,0.0256,0.1725,0.7840909090909091,0.2159090909090909,0.275,0.3333333333333333,1.0,0.4583333333333333,0.42257818459191454,0.0
20260621_132802_002f9dab,20260621_132802_002f9dab_g0037,37,484000015,7,64,64,64,1,3,YELLOW,pool_peer_500ms,2,4,[4],0,88,3,"{""1"": 90, ""2"": 76, ""3"": 88, ""4"": 92}",False,18.0,-30.0,0.0,51.0,54.0,0.135,12.0,11.0,12.0,10.0,2.0,0.0,0.0,0.0,17.0,30.0,16.0,5.0,16.0,1.0,1.0,0.0,2.0,1.0,0.0,0.0,0.0,64.0,64.0,0.7125,0.7619047619047619,0.0256,0.0256,0.18,0.8181818181818182,0.18181818181818182,0.45,0.43333333333333335,1.0,0.4,0.5270467836257311,0.0
20260621_132802_002f9dab,20260621_132802_002f9dab_g0037,37,484000015,7,64,64,64,1,4,GREEN,champion,3,4,[4],1,92,1,"{""1"": 90, ""2"": 76, ""3"": 88, ""4"": 92}",False,29.0,-8.0,1.0,55.0,54.0,0.135,10.0,4.0,9.0,0.0,6.0,3.0,0.0,0.0,19.0,38.0,16.0,5.0,18.0,0.0,1.0,1.0,2.0,1.0,0.0,0.0,0.0,64.0,64.0,0.7125,0.7619047619047619,0.0256,0.0256,0.175,0.7954545454545454,0.20454545454545456,0.725,0.7333333333333333,1.0,0.30833333333333335,0.5300751879699248,0.0
20260621_132802_002f9dab,20260621_132802_002f9dab_g0038,38,1002718139,0,8,8,8,1,1,RED,pool_l9_partial_200ms,0,3,[3],0,83,3,"{""1"": 83, ""2"": 99, ""3"": 103, ""4"": 71}",False,6.0,-18.0,9.0,0.0,1.0,0.0025,388.0,90.5,366.25,6.0,10.0,28.5,113.0,208.75,1382.0,372.25,2.0,19.0,78.0,1.0,1.0,2.0,6.0,9.0,1.0,1.0,0.0,8.0,8.0,0.0975,0.09523809523809523,0.0032,0.0032,0.025,0.11363636363636363,0.8863636363636364,0.15,1.0,1.0,0.2,0.20526315789473681,0.0
20260621_132802_002f9dab,20260621_132802_002f9dab_g0038,38,1002718139,0,8,8,8,1,2,BLUE,pool_peer_500ms,1,3,[3],0,99,2,"{""1"": 83, ""2"": 99, ""3"": 103, ""4"": 71}",False,9.0,-12.0,9.0,0.0,1.0,0.0025,543.0,122.625,488.75,9.0,15.0,41.25,153.5,270.0,1227.0,497.75,2.0,19.0,78.0,1.0,1.0,2.0,6.0,9.0,1.0,0.0,0.0,8.0,8.0,0.0975,0.09523809523809523,0.0032,0.0032,0.025,0.11363636363636363,0.8863636363636364,0.225,1.0,1.0,0.175,0.23684210526315785,0.0
20260621_132802_002f9dab,20260621_132802_002f9dab_g0038,38,1002718139,0,8,8,8,1,3,YELLOW,champion,2,3,[3],1,103,1,"{""1"": 83, ""2"": 99, ""3"": 103, ""4"": 71}",False,8.0,-14.0,9.0,0.0,1.0,0.0025,395.0,99.375,397.25,8.0,13.0,33.75,102.5,240.0,1375.0,405.25,2.0,19.0,79.0,1.0,1.0,2.0,5.0,10.0,1.0,1.0,1.0,8.0,8.0,0.0975,0.09523809523809523,0.0032,0.0032,0.0225,0.10227272727272728,0.8977272727272727,0.2,1.0,1.0,0.18333333333333332,0.21637426900584789,0.0
20260621_132802_002f9dab,20260621_132802_002f9dab_g0038,38,1002718139,0,8,8,8,1,4,GREEN,pool_l45_100ms,3,3,[3],0,71,4,"{""1"": 83, ""2"": 99, ""3"": 103, ""4"": 71}",False,7.0,-16.0,9.0,0.0,1.0,0.0025,444.0,103.25,415.125,7.0,12.0,33.75,130.5,231.875,1326.0,422.125,2.0,19.0,78.0,1.0,1.0,2.0,6.0,9.0,1.0,1.0,0.0,8.0,8.0,0.0975,0.09523809523809523,0.0032,0.0032,0.025,0.11363636363636363,0.8863636363636364,0.175,1.0,1.0,0.19166666666666668,0.20526315789473681,0.0
20260621_132802_002f9dab,20260621_132802_002f9dab_g0038,38,1002718139,1,16,16,16,1,1,RED,pool_l9_partial_200ms,0,3,[3],0,83,3,"{""1"": 83, ""2"": 99, ""3"": 103, ""4"": 71}",False,10.0,-31.0,7.0,0.0,6.0,0.015,515.0,119.75,459.75,10.0,17.0,45.0,174.0,213.75,2153.0,469.75,4.0,17.0,68.0,1.0,1.0,2.0,6.0,7.0,1.0,0.0,0.0,16.0,16.0,0.1975,0.19047619047619047,0.0064,0.0064,0.05,0.22727272727272727,0.7727272727272727,0.25,1.0,1.0,0.3416666666666667,0.3236842105263158,0.0
20260621_132802_002f9dab,20260621_132802_002f9dab_g0038,38,1002718139,1,16,16,16,1,2,BLUE,pool_peer_500ms,1,3,[3],0,99,2,"{""1"": 83, ""2"": 99, ""3"": 103, ""4"": 71}",False,16.0,-19.0,0.0,1.0,6.0,0.015,822.0,203.875,796.0,15.0,27.0,75.75,289.5,388.75,1846.0,812.0,4.0,17.0,68.0,1.0,1.0,2.0,6.0,7.0,1.0,0.0,0.0,16.0,16.0,0.1975,0.19047619047619047,0.0064,0.0064,0.05,0.22727272727272727,0.7727272727272727,0.4,1.0,1.0,0.29166666666666663,0.49473684210526314,0.0
20260621_132802_002f9dab,20260621_132802_002f9dab_g0038,38,1002718139,1,16,16,16,1,3,YELLOW,champion,2,3,[3],1,103,1,"{""1"": 83, ""2"": 99, ""3"": 103, ""4"": 71}",False,15.0,-21.0,1.0,1.0,6.0,0.015,809.0,200.875,794.625,15.0,27.0,75.0,237.0,440.625,1859.0,809.625,4.0,17.0,69.0,1.0,1.0,2.0,5.0,8.0,1.0,1.0,0.0,16.0,16.0,0.1975,0.19047619047619047,0.0064,0.0064,0.0475,0.2159090909090909,0.7840909090909091,0.375,1.0,1.0,0.3,0.44875346260387816,0.0
20260621_132802_002f9dab,20260621_132802_002f9dab_g0038,38,1002718139,1,16,16,16,1,4,GREEN,pool_l45_100ms,3,3,[3],0,71,4,"{""1"": 83, ""2"": 99, ""3"": 103, ""4"": 71}",False,10.0,-31.0,7.0,0.0,6.0,0.015,522.0,121.5,468.75,10.0,17.0,45.0,173.0,223.75,2146.0,478.75,4.0,17.0,68.0,1.0,1.0,2.0,6.0,7.0,1.0,0.0,0.0,16.0,16.0,0.1975,0.19047619047619047,0.0064,0.0064,0.05,0.22727272727272727,0.7727272727272727,0.25,1.0,1.0,0.3416666666666667,0.3131578947368421,0.0
20260621_132802_002f9dab,20260621_132802_002f9dab_g0038,38,1002718139,2,24,24,24,1,1,RED,pool_l9_partial_200ms,0,3,[3],0,83,3,"{""1"": 83, ""2"": 99, ""3"": 103, ""4"": 71}",False,14.0,-42.0,4.0,2.0,11.0,0.0275,260.0,69.5,229.5,12.0,16.0,33.0,96.0,72.5,1686.0,243.5,6.0,15.0,58.0,1.0,1.0,2.0,6.0,5.0,0.0,0.0,0.0,24.0,24.0,0.2975,0.2857142857142857,0.0096,0.0096,0.075,0.3409090909090909,0.6590909090909091,0.35,1.0,1.0,0.4666666666666667,0.4035087719298245,0.0
20260621_132802_002f9dab,20260621_132802_002f9dab_g0038,38,1002718139,2,24,24,24,1,2,BLUE,pool_peer_500ms,1,3,[3],0,99,2,"{""1"": 83, ""2"": 99, ""3"": 103, ""4"": 71}",False,20.0,-30.0,0.0,7.0,11.0,0.0275,740.0,188.5,689.25,19.0,31.0,83.25,301.0,255.0,1206.0,709.25,6.0,15.0,58.0,1.0,1.0,2.0,6.0,5.0,0.0,0.0,0.0,24.0,24.0,0.2975,0.2857142857142857,0.0096,0.0096,0.075,0.3409090909090909,0.6590909090909091,0.5,1.0,1.0,0.4166666666666667,0.5912280701754387,0.0
20260621_132802_002f9dab,20260621_132802_002f9dab_g0038,38,1002718139,2,24,24,24,1,3,YELLOW,champion,2,3,[3],1,103,1,"{""1"": 83, ""2"": 99, ""3"": 103, ""4"": 71}",False,23.0,-24.0,0.0,7.0,11.0,0.0275,641.0,168.5,609.75,19.0,33.0,78.75,219.0,260.0,1305.0,632.75,6.0,15.0,59.0,1.0,1.0,2.0,5.0,6.0,1.0,0.0,0.0,24.0,24.0,0.2975,0.2857142857142857,0.0096,0.0096,0.0725,0.32954545454545453,0.6704545454545454,0.575,1.0,1.0,0.39166666666666666,0.5680580762250453,0.0
20260621_132802_002f9dab,20260621_132802_002f9dab_g0038,38,1002718139,2,24,24,24,1,4,GREEN,pool_l45_100ms,3,3,[3],0,71,4,"{""1"": 83, ""2"": 99, ""3"": 103, ""4"": 71}",False,13.0,-44.0,4.0,3.0,11.0,0.0275,305.0,77.75,264.25,11.0,17.0,36.75,122.0,77.5,1641.0,277.25,6.0,15.0,58.0,1.0,1.0,2.0,6.0,5.0,0.0,0.0,0.0,24.0,24.0,0.2975,0.2857142857142857,0.0096,0.0096,0.075,0.3409090909090909,0.6590909090909091,0.325,1.0,1.0,0.475,0.40701754385964906,0.0
20260621_132802_002f9dab,20260621_132802_002f9dab_g0038,38,1002718139,3,32,32,32,1,1,RED,pool_l9_partial_200ms,0,3,[3],0,83,3,"{""1"": 83, ""2"": 99, ""3"": 103, ""4"": 71}",False,12.0,-53.0,4.0,13.0,15.0,0.0375,165.0,53.25,157.75,11.0,16.0,31.5,78.0,21.25,1013.0,169.75,8.0,13.0,48.0,1.0,1.0,2.0,6.0,3.0,0.0,0.0,0.0,32.0,32.0,0.3925,0.38095238095238093,0.0128,0.0128,0.1,0.45454545454545453,0.5454545454545454,0.3,1.0,1.0,0.5416666666666667,0.4552631578947368,0.0
20260621_132802_002f9dab,20260621_132802_002f9dab_g0038,38,1002718139,3,32,32,32,1,2,BLUE,pool_peer_500ms,1,3,[3],0,99,2,"{""1"": 83, ""2"": 99, ""3"": 103, ""4"": 71}",False,25.0,-27.0,0.0,18.0,15.0,0.0375,433.0,131.5,421.625,22.0,31.0,72.0,213.5,83.125,745.0,446.625,8.0,13.0,48.0,1.0,1.0,2.0,6.0,3.0,0.0,0.0,0.0,32.0,32.0,0.3925,0.38095238095238093,0.0128,0.0128,0.1,0.45454545454545453,0.5454545454545454,0.625,1.0,1.0,0.4333333333333333,0.5947368421052632,0.0
20260621_132802_002f9dab,20260621_132802_002f9dab_g0038,38,1002718139,3,32,32,32,1,3,YELLOW,champion,2,3,[3],1,103,1,"{""1"": 83, ""2"": 99, ""3"": 103, ""4"": 71}",False,27.0,-23.0,0.0,14.0,15.0,0.0375,401.0,115.0,379.125,20.0,31.0,69.75,91.5,166.875,777.0,406.125,8.0,13.0,51.0,1.0,1.0,2.0,3.0,6.0,1.0,0.0,0.0,32.0,32.0,0.3925,0.38095238095238093,0.0128,0.0128,0.0925,0.42045454545454547,0.5795454545454546,0.675,1.0,1.0,0.4166666666666667,0.5604551920341394,0.0
20260621_132802_002f9dab,20260621_132802_002f9dab_g0038,38,1002718139,3,32,32,32,1,4,GREEN,pool_l45_100ms,3,3,[3],0,71,4,"{""1"": 83, ""2"": 99, ""3"": 103, ""4"": 71}",False,13.0,-51.0,4.0,9.0,15.0,0.0375,179.0,53.625,161.625,11.0,15.0,28.5,84.0,23.125,999.0,174.625,8.0,13.0,48.0,1.0,1.0,2.0,6.0,3.0,0.0,0.0,0.0,32.0,32.0,0.3925,0.38095238095238093,0.0128,0.0128,0.1,0.45454545454545453,0.5454545454545454,0.325,1.0,1.0,0.5333333333333333,0.4342105263157895,0.0
20260621_132802_002f9dab,20260621_132802_002f9dab_g0038,38,1002718139,4,40,40,40,1,1,RED,pool_l9_partial_200ms,0,3,[3],0,83,3,"{""1"": 83, ""2"": 99, ""3"": 103, ""4"": 71}",False,13.0,-62.0,4.0,20.0,32.0,0.08,50.0,22.875,50.25,9.0,10.0,12.75,18.5,0.0,372.0,63.25,10.0,11.0,38.0,1.0,1.0,2.0,6.0,1.0,0.0,0.0,0.0,40.0,40.0,0.4925,0.47619047619047616,0.016,0.016,0.125,0.5681818181818182,0.4318181818181818,0.325,1.0,1.0,0.625,0.45052631578947366,0.0
20260621_132802_002f9dab,20260621_132802_002f9dab_g0038,38,1002718139,4,40,40,40,1,2,BLUE,pool_peer_500ms,1,3,[3],0,99,2,"{""1"": 83, ""2"": 99, ""3"": 103, ""4"": 71}",False,29.0,-30.0,0.0,28.0,32.0,0.08,116.0,56.0,132.75,21.0,21.0,27.75,53.0,10.0,306.0,161.75,10.0,11.0,38.0,1.0,1.0,2.0,6.0,1.0,0.0,0.0,0.0,40.0,40.0,0.4925,0.47619047619047616,0.016,0.016,0.125,0.5681818181818182,0.4318181818181818,0.725,1.0,1.0,0.4916666666666667,0.6094736842105264,0.0
20260621_132802_002f9dab,20260621_132802_002f9dab_g0038,38,1002718139,4,40,40,40,1,3,YELLOW,champion,2,3,[3],1,103,1,"{""1"": 83, ""2"": 99, ""3"": 103, ""4"": 71}",False,33.0,-22.0,0.0,23.0,32.0,0.08,171.0,68.0,182.125,21.0,23.0,42.0,45.5,50.625,251.0,215.125,10.0,11.0,41.0,1.0,1.0,2.0,3.0,4.0,1.0,0.0,0.0,40.0,40.0,0.4925,0.47619047619047616,0.016,0.016,0.1175,0.5340909090909091,0.4659090909090909,0.825,1.0,1.0,0.4583333333333333,0.5520716685330347,0.0
20260621_132802_002f9dab,20260621_132802_002f9dab_g0038,38,1002718139,4,40,40,40,1,4,GREEN,pool_l45_100ms,3,3,[3],0,71,4,"{""1"": 83, ""2"": 99, ""3"": 103, ""4"": 71}",False,13.0,-62.0,4.0,15.0,32.0,0.08,85.0,33.375,82.0,11.0,12.0,19.5,39.5,0.0,337.0,95.0,10.0,11.0,38.0,1.0,1.0,2.0,6.0,1.0,0.0,0.0,0.0,40.0,40.0,0.4925,0.47619047619047616,0.016,0.016,0.125,0.5681818181818182,0.4318181818181818,0.325,0.8166666666666667,1.0,0.625,0.4168421052631579,0.0
20260621_132802_002f9dab,20260621_132802_002f9dab_g0038,38,1002718139,5,48,48,48,1,1,RED,pool_l9_partial_200ms,0,3,[3],0,83,3,"{""1"": 83, ""2"": 99, ""3"": 103, ""4"": 71}",False,15.0,-57.0,2.0,38.0,30.0,0.075,18.0,12.625,20.0,8.0,5.0,4.5,2.5,0.0,205.0,35.0,12.0,9.0,30.0,1.0,1.0,2.0,4.0,1.0,0.0,0.0,0.0,48.0,48.0,0.5775,0.5714285714285714,0.0192,0.0192,0.145,0.6590909090909091,0.3409090909090909,0.375,0.7833333333333333,1.0,0.6,0.4782214156079855,0.0
20260621_132802_002f9dab,20260621_132802_002f9dab_g0038,38,1002718139,5,48,48,48,1,2,BLUE,pool_peer_500ms,1,3,[3],0,99,2,"{""1"": 83, ""2"": 99, ""3"": 103, ""4"": 71}",False,31.0,-25.0,0.0,40.0,30.0,0.075,68.0,39.75,82.0,19.0,15.0,19.5,21.0,7.5,155.0,113.0,12.0,9.0,30.0,1.0,1.0,2.0,4.0,1.0,0.0,0.0,0.0,48.0,48.0,0.5775,0.5714285714285714,0.0192,0.0192,0.145,0.6590909090909091,0.3409090909090909,0.775,1.0,1.0,0.4666666666666667,0.6107078039927405,0.0
20260621_132802_002f9dab,20260621_132802_002f9dab_g0038,38,1002718139,5,48,48,48,1,3,YELLOW,champion,2,3,[3],1,103,1,"{""1"": 83, ""2"": 99, ""3"": 103, ""4"": 71}",False,33.0,-21.0,0.0,34.0,30.0,0.075,120.0,51.5,126.75,19.0,17.0,30.75,35.0,25.0,103.0,159.75,12.0,9.0,31.0,1.0,1.0,2.0,3.0,2.0,1.0,0.0,0.0,48.0,48.0,0.5775,0.5714285714285714,0.0192,0.0192,0.1425,0.6477272727272727,0.3522727272727273,0.825,1.0,1.0,0.45,0.5170821791320406,0.0
20260621_132802_002f9dab,20260621_132802_002f9dab_g0038,38,1002718139,5,48,48,48,1,4,GREEN,pool_l45_100ms,3,3,[3],0,71,4,"{""1"": 83, ""2"": 99, ""3"": 103, ""4"": 71}",False,8.0,-71.0,4.0,21.0,30.0,0.075,17.0,8.25,14.0,5.0,3.0,3.0,3.0,0.0,206.0,22.0,12.0,9.0,30.0,1.0,1.0,2.0,4.0,1.0,0.0,0.0,0.0,48.0,48.0,0.5775,0.5714285714285714,0.0192,0.0192,0.145,0.6590909090909091,0.3409090909090909,0.2,0.6333333333333333,1.0,0.6583333333333333,0.4246823956442831,0.0
20260621_132802_002f9dab,20260621_132802_002f9dab_g0038,38,1002718139,6,56,56,56,1,1,RED,pool_l9_partial_200ms,0,3,[3],0,83,3,"{""1"": 83, ""2"": 99, ""3"": 103, ""4"": 71}",False,12.0,-52.0,2.0,49.0,45.0,0.1125,9.0,7.5,10.0,6.0,2.0,0.0,2.0,0.0,81.0,22.0,14.0,7.0,23.0,1.0,1.0,1.0,3.0,1.0,0.0,0.0,0.0,56.0,56.0,0.66,0.6666666666666666,0.0224,0.0224,0.1625,0.7386363636363636,0.26136363636363635,0.3,0.7,1.0,0.5333333333333333,0.511740890688259,0.0
20260621_132802_002f9dab,20260621_132802_002f9dab_g0038,38,1002718139,6,56,56,56,1,2,BLUE,pool_peer_500ms,1,3,[3],0,99,2,"{""1"": 83, ""2"": 99, ""3"": 103, ""4"": 71}",False,28.0,-20.0,0.0,51.0,45.0,0.1125,46.0,29.0,53.25,16.0,10.0,14.25,13.0,0.0,44.0,81.25,14.0,7.0,21.0,1.0,1.0,2.0,3.0,0.0,0.0,0.0,0.0,56.0,56.0,0.66,0.6666666666666666,0.0224,0.0224,0.1675,0.7613636363636364,0.23863636363636365,0.7,1.0,0.8,0.4,0.591516103692066,0.0
20260621_132802_002f9dab,20260621_132802_002f9dab_g0038,38,1002718139,6,56,56,56,1,3,YELLOW,champion,2,3,[3],1,103,1,"{""1"": 83, ""2"": 99, ""3"": 103, ""4"": 71}",False,31.0,-14.0,0.0,44.0,45.0,0.1125,33.0,21.25,34.0,13.0,9.0,9.0,3.0,0.0,57.0,65.0,14.0,7.0,21.0,1.0,1.0,2.0,3.0,0.0,0.0,0.0,0.0,56.0,56.0,0.66,0.6666666666666666,0.0224,0.0224,0.1675,0.7613636363636364,0.23863636363636365,0.775,1.0,0.8,0.375,0.5058915946582876,0.0
20260621_132802_002f9dab,20260621_132802_002f9dab_g0038,38,1002718139,6,56,56,56,1,4,GREEN,pool_l45_100ms,3,3,[3],0,71,4,"{""1"": 83, ""2"": 99, ""3"": 103, ""4"": 71}",False,5.0,-66.0,4.0,23.0,45.0,0.1125,2.0,2.0,2.0,2.0,0.0,0.0,0.0,0.0,88.0,7.0,14.0,7.0,23.0,1.0,1.0,1.0,3.0,1.0,0.0,0.0,0.0,56.0,56.0,0.66,0.6666666666666666,0.0224,0.0224,0.1625,0.7386363636363636,0.26136363636363635,0.125,0.3,1.0,0.5916666666666667,0.40728744939271255,0.0
20260621_132802_002f9dab,20260621_132802_002f9dab_g0038,38,1002718139,7,64,64,65,2,1,RED,pool_l9_partial_200ms,0,3,[3],0,83,3,"{""1"": 83, ""2"": 99, ""3"": 103, ""4"": 71}",False,8.0,-49.0,2.0,62.0,46.0,0.115,2.0,0.5,1.75,0.0,0.0,0.75,1.0,0.0,47.0,9.75,17.0,4.0,16.0,0.0,0.0,1.0,2.0,1.0,0.0,0.0,0.0,64.0,65.0,0.715,0.8095238095238095,0.026,0.0256,0.18,0.8181818181818182,0.18181818181818182,0.2,0.35,1.0,0.475,0.47953216374269003,0.0
20260621_132802_002f9dab,20260621_132802_002f9dab_g0038,38,1002718139,7,64,64,65,2,2,BLUE,pool_peer_500ms,1,3,[3],0,99,2,"{""1"": 83, ""2"": 99, ""3"": 103, ""4"": 71}",False,27.0,-11.0,0.0,64.0,46.0,0.115,24.0,17.75,23.25,14.0,5.0,2.25,2.0,0.0,25.0,50.25,16.0,5.0,14.0,1.0,1.0,1.0,2.0,0.0,0.0,0.0,0.0,64.0,65.0,0.715,0.7619047619047619,0.026,0.0256,0.185,0.8409090909090909,0.1590909090909091,0.675,1.0,0.8,0.31666666666666665,0.5817923186344239,0.0
20260621_132802_002f9dab,20260621_132802_002f9dab_g0038,38,1002718139,7,64,64,65,2,3,YELLOW,champion,2,3,[3],1,103,1,"{""1"": 83, ""2"": 99, ""3"": 103, ""4"": 71}",False,26.0,-13.0,0.0,53.0,46.0,0.115,23.0,15.625,21.5,11.0,7.0,3.0,0.5,0.0,26.0,47.5,16.0,5.0,14.0,1.0,1.0,1.0,2.0,0.0,0.0,0.0,0.0,64.0,65.0,0.715,0.7619047619047619,0.026,0.0256,0.185,0.8409090909090909,0.1590909090909091,0.65,0.7666666666666667,0.8,0.325,0.4893314366998577,0.0
20260621_132802_002f9dab,20260621_132802_002f9dab_g0038,38,1002718139,7,64,64,65,2,4,GREEN,pool_l45_100ms,3,3,[3],0,71,4,"{""1"": 83, ""2"": 99, ""3"": 103, ""4"": 71}",False,4.0,-57.0,4.0,31.0,46.0,0.115,0.0,0.0,0.0,0.0,0.0,0.0,0.0,0.0,49.0,4.0,15.0,6.0,22.0,0.0,1.0,1.0,3.0,1.0,0.0,0.0,0.0,64.0,65.0,0.715,0.7142857142857143,0.026,0.0256,0.165,0.75,0.25,0.1,0.23333333333333334,1.0,0.5083333333333333,0.4019138755980861,0.0
20260621_132802_002f9dab,20260621_132802_002f9dab_g0039,39,1011349650,0,8,8,8,1,1,RED,pool_peer_500ms,0,1,[1],1,101,1,"{""1"": 101, ""2"": 80, ""3"": 57, ""4"": 69}",False,9.0,-13.0,9.0,0.0,0.0,0.0,543.0,122.625,488.75,9.0,15.0,41.25,153.5,270.0,1308.0,497.75,2.0,19.0,78.0,1.0,1.0,2.0,6.0,9.0,1.0,0.0,0.0,8.0,8.0,0.0975,0.09523809523809523,0.0032,0.0032,0.025,0.11363636363636363,0.8863636363636364,0.225,1.0,1.0,0.18333333333333332,0.23684210526315785,0.0
20260621_132802_002f9dab,20260621_132802_002f9dab_g0039,39,1011349650,0,8,8,8,1,2,BLUE,champion,1,1,[1],0,80,2,"{""1"": 101, ""2"": 80, ""3"": 57, ""4"": 69}",False,8.0,-15.0,9.0,0.0,0.0,0.0,500.0,123.375,504.625,8.0,14.0,40.5,129.0,313.125,1351.0,512.625,2.0,19.0,79.0,1.0,1.0,2.0,5.0,10.0,1.0,1.0,1.0,8.0,8.0,0.0975,0.09523809523809523,0.0032,0.0032,0.0225,0.10227272727272728,0.8977272727272727,0.2,1.0,1.0,0.19166666666666668,0.23391812865497075,0.0
20260621_132802_002f9dab,20260621_132802_002f9dab_g0039,39,1011349650,0,8,8,8,1,3,YELLOW,pool_l45_100ms,2,1,[1],0,57,4,"{""1"": 101, ""2"": 80, ""3"": 57, ""4"": 69}",False,7.0,-17.0,9.0,0.0,0.0,0.0,364.0,86.0,341.875,7.0,10.0,27.0,108.5,189.375,1487.0,348.875,2.0,19.0,78.0,1.0,1.0,2.0,6.0,9.0,1.0,1.0,0.0,8.0,8.0,0.0975,0.09523809523809523,0.0032,0.0032,0.025,0.11363636363636363,0.8863636363636364,0.175,1.0,1.0,0.2,0.17368421052631577,0.0
20260621_132802_002f9dab,20260621_132802_002f9dab_g0039,39,1011349650,0,8,8,8,1,4,GREEN,pool_l9_partial_200ms,3,1,[1],0,69,3,"{""1"": 101, ""2"": 80, ""3"": 57, ""4"": 69}",False,7.0,-17.0,9.0,0.0,0.0,0.0,444.0,103.25,415.125,7.0,12.0,33.75,130.5,231.875,1407.0,422.125,2.0,19.0,78.0,1.0,1.0,2.0,6.0,9.0,1.0,1.0,0.0,8.0,8.0,0.0975,0.09523809523809523,0.0032,0.0032,0.025,0.11363636363636363,0.8863636363636364,0.175,1.0,1.0,0.2,0.20526315789473681,0.0
20260621_132802_002f9dab,20260621_132802_002f9dab_g0039,39,1011349650,1,16,16,16,1,1,RED,pool_peer_500ms,0,1,[1],1,101,1,"{""1"": 101, ""2"": 80, ""3"": 57, ""4"": 69}",False,16.0,-22.0,0.0,0.0,4.0,0.01,898.0,221.0,866.375,16.0,28.0,81.0,314.5,426.875,1612.0,882.375,4.0,17.0,68.0,1.0,1.0,2.0,6.0,7.0,1.0,0.0,0.0,16.0,16.0,0.1975,0.19047619047619047,0.0064,0.0064,0.05,0.22727272727272727,0.7727272727272727,0.4,1.0,1.0,0.31666666666666665,0.49473684210526314,0.0
20260621_132802_002f9dab,20260621_132802_002f9dab_g0039,39,1011349650,1,16,16,16,1,2,BLUE,champion,1,1,[1],0,80,2,"{""1"": 101, ""2"": 80, ""3"": 57, ""4"": 69}",False,17.0,-20.0,4.0,0.0,4.0,0.01,705.0,172.25,656.625,17.0,27.0,69.75,198.5,344.375,1805.0,673.625,4.0,17.0,69.0,1.0,1.0,2.0,5.0,8.0,1.0,0.0,0.0,16.0,16.0,0.1975,0.19047619047619047,0.0064,0.0064,0.0475,0.2159090909090909,0.7840909090909091,0.425,1.0,1.0,0.30833333333333335,0.41551246537396125,0.0
20260621_132802_002f9dab,20260621_132802_002f9dab_g0039,39,1011349650,1,16,16,16,1,3,YELLOW,pool_l45_100ms,2,1,[1],0,57,4,"{""1"": 101, ""2"": 80, ""3"": 57, ""4"": 69}",False,11.0,-32.0,5.0,0.0,4.0,0.01,382.0,93.75,347.375,11.0,15.0,33.75,129.5,158.125,2128.0,358.375,4.0,17.0,68.0,1.0,1.0,2.0,6.0,7.0,1.0,0.0,0.0,16.0,16.0,0.1975,0.19047619047619047,0.0064,0.0064,0.05,0.22727272727272727,0.7727272727272727,0.275,1.0,1.0,0.35833333333333334,0.3526315789473684,0.0
20260621_132802_002f9dab,20260621_132802_002f9dab_g0039,39,1011349650,1,16,16,16,1,4,GREEN,pool_l9_partial_200ms,3,1,[1],0,69,3,"{""1"": 101, ""2"": 80, ""3"": 57, ""4"": 69}",False,10.0,-34.0,7.0,0.0,4.0,0.01,525.0,121.875,470.625,10.0,17.0,45.0,173.0,225.625,1985.0,480.625,4.0,17.0,68.0,1.0,1.0,2.0,6.0,7.0,1.0,0.0,0.0,16.0,16.0,0.1975,0.19047619047619047,0.0064,0.0064,0.05,0.22727272727272727,0.7727272727272727,0.25,1.0,1.0,0.36666666666666664,0.3131578947368421,0.0
20260621_132802_002f9dab,20260621_132802_002f9dab_g0039,39,1011349650,2,24,24,24,1,1,RED,pool_peer_500ms,0,1,[1],1,101,1,"{""1"": 101, ""2"": 80, ""3"": 57, ""4"": 69}",False,23.0,-24.0,0.0,5.0,5.0,0.0125,785.0,200.5,742.25,22.0,32.0,88.5,261.0,338.75,843.0,765.25,6.0,15.0,59.0,1.0,1.0,2.0,5.0,6.0,1.0,0.0,0.0,24.0,24.0,0.2925,0.2857142857142857,0.0096,0.0096,0.0725,0.32954545454545453,0.6704545454545454,0.575,1.0,1.0,0.39166666666666666,0.5662431941923776,0.0
20260621_132802_002f9dab,20260621_132802_002f9dab_g0039,39,1011349650,2,24,24,24,1,2,BLUE,champion,1,1,[1],0,80,2,"{""1"": 101, ""2"": 80, ""3"": 57, ""4"": 69}",False,20.0,-30.0,2.0,12.0,5.0,0.0125,384.0,113.125,393.125,18.0,23.0,55.5,116.0,180.625,1244.0,413.125,6.0,15.0,60.0,1.0,1.0,2.0,4.0,7.0,1.0,0.0,0.0,24.0,24.0,0.2925,0.2857142857142857,0.0096,0.0096,0.07,0.3181818181818182,0.6818181818181818,0.5,1.0,1.0,0.4166666666666667,0.49248120300751885,0.0
20260621_132802_002f9dab,20260621_132802_002f9dab_g0039,39,1011349650,2,24,24,24,1,3,YELLOW,pool_l45_100ms,2,1,[1],0,57,4,"{""1"": 101, ""2"": 80, ""3"": 57, ""4"": 69}",False,12.0,-46.0,5.0,7.0,5.0,0.0125,87.0,29.875,80.25,10.0,8.0,14.25,30.5,17.5,1541.0,92.25,6.0,15.0,58.0,1.0,1.0,2.0,6.0,5.0,0.0,0.0,0.0,24.0,24.0,0.2925,0.2857142857142857,0.0096,0.0096,0.075,0.3409090909090909,0.6590909090909091,0.3,1.0,1.0,0.4833333333333333,0.39473684210526316,0.0
20260621_132802_002f9dab,20260621_132802_002f9dab_g0039,39,1011349650,2,24,24,24,1,4,GREEN,pool_l9_partial_200ms,3,1,[1],0,69,3,"{""1"": 101, ""2"": 80, ""3"": 57, ""4"": 69}",False,15.0,-40.0,4.0,1.0,5.0,0.0125,372.0,97.75,328.375,15.0,21.0,47.25,149.5,95.625,1256.0,343.375,6.0,15.0,58.0,1.0,1.0,2.0,6.0,5.0,0.0,0.0,0.0,24.0,24.0,0.2925,0.2857142857142857,0.0096,0.0096,0.075,0.3409090909090909,0.6590909090909091,0.375,1.0,1.0,0.4583333333333333,0.43333333333333324,0.0
20260621_132802_002f9dab,20260621_132802_002f9dab_g0039,39,1011349650,3,32,32,32,1,1,RED,pool_peer_500ms,0,1,[1],1,101,1,"{""1"": 101, ""2"": 80, ""3"": 57, ""4"": 69}",False,26.0,-28.0,0.0,13.0,14.0,0.035,359.0,116.0,371.375,24.0,25.0,55.5,152.5,114.375,425.0,397.375,8.0,13.0,49.0,1.0,1.0,2.0,5.0,4.0,1.0,0.0,0.0,32.0,32.0,0.39,0.38095238095238093,0.0128,0.0128,0.0975,0.4431818181818182,0.5568181818181818,0.65,1.0,1.0,0.45,0.6140350877192983,0.0
20260621_132802_002f9dab,20260621_132802_002f9dab_g0039,39,1011349650,3,32,32,32,1,2,BLUE,champion,1,1,[1],0,80,2,"{""1"": 101, ""2"": 80, ""3"": 57, ""4"": 69}",False,25.0,-30.0,1.0,18.0,14.0,0.035,232.0,74.75,251.75,15.0,15.0,36.0,62.0,123.75,552.0,276.75,8.0,13.0,51.0,1.0,1.0,2.0,3.0,6.0,1.0,0.0,0.0,32.0,32.0,0.39,0.38095238095238093,0.0128,0.0128,0.0925,0.42045454545454547,0.5795454545454546,0.625,1.0,1.0,0.4583333333333333,0.55049786628734,0.0
20260621_132802_002f9dab,20260621_132802_002f9dab_g0039,39,1011349650,3,32,32,32,1,3,YELLOW,pool_l45_100ms,2,1,[1],0,57,4,"{""1"": 101, ""2"": 80, ""3"": 57, ""4"": 69}",False,12.0,-56.0,5.0,12.0,14.0,0.035,44.0,20.75,43.625,10.0,7.0,8.25,16.5,1.875,740.0,55.625,8.0,13.0,48.0,1.0,1.0,2.0,6.0,3.0,0.0,0.0,0.0,32.0,32.0,0.39,0.38095238095238093,0.0128,0.0128,0.1,0.45454545454545453,0.5454545454545454,0.3,0.7,1.0,0.5666666666666667,0.4223684210526316,0.0
20260621_132802_002f9dab,20260621_132802_002f9dab_g0039,39,1011349650,3,32,32,32,1,4,GREEN,pool_l9_partial_200ms,3,1,[1],0,69,3,"{""1"": 101, ""2"": 80, ""3"": 57, ""4"": 69}",False,17.0,-46.0,4.0,7.0,14.0,0.035,149.0,51.875,142.875,14.0,17.0,27.75,66.0,18.125,635.0,159.875,8.0,13.0,48.0,1.0,1.0,2.0,6.0,3.0,0.0,0.0,0.0,32.0,32.0,0.39,0.38095238095238093,0.0128,0.0128,0.1,0.45454545454545453,0.5454545454545454,0.425,1.0,1.0,0.525,0.4473684210526315,0.0
20260621_132802_002f9dab,20260621_132802_002f9dab_g0039,39,1011349650,4,40,40,40,1,1,RED,pool_peer_500ms,0,1,[1],1,101,1,"{""1"": 101, ""2"": 80, ""3"": 57, ""4"": 69}",False,24.0,-30.0,0.0,19.0,35.0,0.0875,45.0,28.75,46.25,20.0,7.0,7.5,8.0,3.75,267.0,70.25,10.0,11.0,39.0,1.0,1.0,2.0,5.0,2.0,0.0,0.0,0.0,40.0,40.0,0.485,0.47619047619047616,0.016,0.016,0.1225,0.5568181818181818,0.4431818181818182,0.6,1.0,1.0,0.45,0.6176154672395273,0.0
20260621_132802_002f9dab,20260621_132802_002f9dab_g0039,39,1011349650,4,40,40,40,1,2,BLUE,champion,1,1,[1],0,80,2,"{""1"": 101, ""2"": 80, ""3"": 57, ""4"": 69}",False,33.0,-12.0,1.0,24.0,35.0,0.0875,233.0,79.875,251.875,20.0,18.0,42.75,48.0,123.125,79.0,284.875,10.0,11.0,42.0,1.0,1.0,2.0,2.0,5.0,1.0,0.0,0.0,40.0,40.0,0.485,0.47619047619047616,0.016,0.016,0.115,0.5227272727272727,0.4772727272727273,0.825,1.0,1.0,0.375,0.5583524027459954,0.0
20260621_132802_002f9dab,20260621_132802_002f9dab_g0039,39,1011349650,4,40,40,40,1,3,YELLOW,pool_l45_100ms,2,1,[1],0,57,4,"{""1"": 101, ""2"": 80, ""3"": 57, ""4"": 69}",False,7.0,-64.0,5.0,13.0,35.0,0.0875,6.0,5.5,6.0,5.0,1.0,0.0,0.0,0.0,306.0,13.0,10.0,11.0,39.0,1.0,1.0,2.0,5.0,2.0,0.0,0.0,0.0,40.0,40.0,0.485,0.47619047619047616,0.016,0.016,0.1225,0.5568181818181818,0.4431818181818182,0.175,0.43333333333333335,1.0,0.5916666666666667,0.39419978517722887,0.0
20260621_132802_002f9dab,20260621_132802_002f9dab_g0039,39,1011349650,4,40,40,40,1,4,GREEN,pool_l9_partial_200ms,3,1,[1],0,69,3,"{""1"": 101, ""2"": 80, ""3"": 57, ""4"": 69}",False,14.0,-50.0,4.0,10.0,35.0,0.0875,28.0,16.0,25.5,10.0,7.0,4.5,4.0,0.0,284.0,39.5,10.0,11.0,38.0,1.0,1.0,2.0,6.0,1.0,0.0,0.0,0.0,40.0,40.0,0.485,0.47619047619047616,0.016,0.016,0.125,0.5681818181818182,0.4318181818181818,0.35,0.7833333333333333,1.0,0.5333333333333333,0.4242105263157895,0.0
20260621_132802_002f9dab,20260621_132802_002f9dab_g0039,39,1011349650,5,48,48,48,1,1,RED,pool_peer_500ms,0,1,[1],1,101,1,"{""1"": 101, ""2"": 80, ""3"": 57, ""4"": 69}",False,24.0,-26.0,0.0,28.0,49.0,0.1225,30.0,23.5,31.5,19.0,5.0,3.0,2.0,2.5,51.0,55.5,12.0,9.0,32.0,1.0,1.0,1.0,4.0,2.0,0.0,0.0,0.0,48.0,48.0,0.5525,0.5714285714285714,0.0192,0.0192,0.14,0.6363636363636364,0.36363636363636365,0.6,1.0,1.0,0.4166666666666667,0.5770676691729323,0.0
20260621_132802_002f9dab,20260621_132802_002f9dab_g0039,39,1011349650,5,48,48,48,1,2,BLUE,champion,1,1,[1],0,80,2,"{""1"": 101, ""2"": 80, ""3"": 57, ""4"": 69}",False,36.0,-2.0,1.0,26.0,49.0,0.1225,43.0,30.625,44.625,22.0,10.0,7.5,2.0,3.125,38.0,80.625,12.0,9.0,32.0,1.0,1.0,2.0,2.0,3.0,0.0,0.0,0.0,48.0,48.0,0.5525,0.5714285714285714,0.0192,0.0192,0.14,0.6363636363636364,0.36363636363636365,0.9,1.0,1.0,0.31666666666666665,0.5422932330827068,0.0
20260621_132802_002f9dab,20260621_132802_002f9dab_g0039,39,1011349650,5,48,48,48,1,3,YELLOW,pool_l45_100ms,2,1,[1],0,57,4,"{""1"": 101, ""2"": 80, ""3"": 57, ""4"": 69}",False,4.0,-66.0,5.0,13.0,49.0,0.1225,0.0,0.0,0.0,0.0,0.0,0.0,0.0,0.0,81.0,4.0,12.0,9.0,36.0,0.0,0.0,2.0,5.0,2.0,0.0,0.0,0.0,48.0,48.0,0.5525,0.5714285714285714,0.0192,0.0192,0.13,0.5909090909090909,0.4090909090909091,0.1,0.35,1.0,0.5833333333333333,0.3906882591093117,0.0
20260621_132802_002f9dab,20260621_132802_002f9dab_g0039,39,1011349650,5,48,48,48,1,4,GREEN,pool_l9_partial_200ms,3,1,[1],0,69,3,"{""1"": 101, ""2"": 80, ""3"": 57, ""4"": 69}",False,10.0,-54.0,4.0,16.0,49.0,0.1225,8.0,7.0,8.0,6.0,2.0,0.0,0.0,0.0,73.0,18.0,12.0,9.0,31.0,1.0,1.0,1.0,5.0,1.0,0.0,0.0,0.0,48.0,48.0,0.5525,0.5714285714285714,0.0192,0.0192,0.1425,0.6477272727272727,0.3522727272727273,0.25,0.5,1.0,0.5333333333333333,0.41551246537396125,0.0
20260621_132802_002f9dab,20260621_132802_002f9dab_g0039,39,1011349650,6,56,56,58,3,1,RED,pool_peer_500ms,0,1,[1],1,101,1,"{""1"": 101, ""2"": 80, ""3"": 57, ""4"": 69}",False,28.0,-18.0,0.0,40.0,49.0,0.1225,26.0,10.25,28.0,0.0,11.0,6.75,9.0,1.25,6.0,56.0,15.0,6.0,22.0,0.0,1.0,1.0,3.0,1.0,0.0,0.0,0.0,56.0,58.0,0.605,0.7142857142857143,0.0232,0.0224,0.165,0.75,0.25,0.7,1.0,1.0,0.38333333333333336,0.5629984051036683,0.0
20260621_132802_002f9dab,20260621_132802_002f9dab_g0039,39,1011349650,6,56,56,58,3,2,BLUE,champion,1,1,[1],0,80,2,"{""1"": 101, ""2"": 80, ""3"": 57, ""4"": 69}",False,33.0,-8.0,1.0,36.0,49.0,0.1225,2.0,0.5,1.5,0.0,0.0,1.5,0.0,0.0,30.0,34.5,15.0,6.0,24.0,0.0,0.0,2.0,2.0,2.0,0.0,0.0,0.0,56.0,58.0,0.605,0.7142857142857143,0.0232,0.0224,0.16,0.7272727272727273,0.2727272727272727,0.825,1.0,1.0,0.3416666666666667,0.5016447368421053,0.0
20260621_132802_002f9dab,20260621_132802_002f9dab_g0039,39,1011349650,6,56,56,58,3,3,YELLOW,pool_l45_100ms,2,1,[1],0,57,4,"{""1"": 101, ""2"": 80, ""3"": 57, ""4"": 69}",False,4.0,-66.0,5.0,15.0,49.0,0.1225,0.0,0.0,0.0,0.0,0.0,0.0,0.0,0.0,32.0,4.0,12.0,9.0,36.0,0.0,0.0,2.0,5.0,2.0,0.0,0.0,0.0,56.0,58.0,0.605,0.5714285714285714,0.0232,0.0224,0.13,0.5909090909090909,0.4090909090909091,0.1,0.3,1.0,0.5833333333333333,0.3906882591093117,0.0
20260621_132802_002f9dab,20260621_132802_002f9dab_g0039,39,1011349650,6,56,56,58,3,4,GREEN,pool_l9_partial_200ms,3,1,[1],0,69,3,"{""1"": 101, ""2"": 80, ""3"": 57, ""4"": 69}",False,9.0,-56.0,4.0,20.0,49.0,0.1225,4.0,1.375,5.125,0.0,0.0,1.5,3.0,0.625,28.0,14.125,14.0,7.0,28.0,0.0,0.0,1.0,5.0,1.0,0.0,0.0,0.0,56.0,58.0,0.605,0.6666666666666666,0.0232,0.0224,0.15,0.6818181818181818,0.3181818181818182,0.225,0.55,1.0,0.5416666666666667,0.4263157894736842,0.0
