run_id,game_id,game_index,game_seed,checkpoint_index,checkpoint_ply,ply,turn_index,current_player_id,player_id,player_name,agent_name,seat_index,winner_id,winner_ids_json,label_is_winner,final_score,final_rank,final_scores_json,is_tie,frontier_size,corner_differential,center_proximity,opponent_adjacency,deadzone_count,deadzone_fraction,mobility_total_placements,mobility_total_orientation_normalized,mobility_total_cell_weighted,mobility_bucket_1,mobility_bucket_2,mobility_bucket_3,mobility_bucket_4,mobility_bucket_5,blocking_exposure_legal_moves_opp_sum,utility_frontier_plus_mobility,pieces_used_count,pieces_remaining_count,remaining_squares,remaining_size_1_count,remaining_size_2_count,remaining_size_3_count,remaining_size_4_count,remaining_size_5_count,remaining_key_piece_17,remaining_key_piece_19,remaining_key_piece_20,phase_ply,phase_turn_index,phase_board_occupancy,phase_piece_usage_ratio,phase_progress_turn_ratio,phase_progress_placement_ratio,player_board_occupancy,se_squares_placed,se_remaining_piece_area,se_accessible_corners,se_reachable_empty_squares,se_largest_remaining_piece_size,se_opponent_avg_mobility,se_center_proximity,se_territory_enclosure_area
20260628_155937_2ee7d04a,20260628_155937_2ee7d04a_g0000,0,1235263615,0,8,8,8,1,1,RED,sweep_1w_500ms,0,1,[1],1,93,1,"{""1"": 93, ""2"": 90, ""3"": 87, ""4"": 67}",False,8.0,-16.0,9.0,0.0,0.0,0.0,395.0,99.375,397.25,8.0,13.0,33.75,102.5,240.0,1467.0,405.25,2.0,19.0,79.0,1.0,1.0,2.0,5.0,10.0,1.0,1.0,1.0,8.0,8.0,0.0975,0.09523809523809523,0.0032,0.0032,0.0225,0.10227272727272728,0.8977272727272727,0.2,1.0,1.0,0.2,0.21637426900584789,0.0
20260628_155937_2ee7d04a,20260628_155937_2ee7d04a_g0000,0,1235263615,0,8,8,8,1,2,BLUE,sweep_4w_500ms,1,1,[1],0,90,2,"{""1"": 93, ""2"": 90, ""3"": 87, ""4"": 67}",False,8.0,-16.0,9.0,0.0,0.0,0.0,404.0,96.125,382.0,8.0,11.0,30.75,118.5,213.75,1458.0,390.0,2.0,19.0,78.0,1.0,1.0,2.0,6.0,9.0,1.0,1.0,0.0,8.0,8.0,0.0975,0.09523809523809523,0.0032,0.0032,0.025,0.11363636363636363,0.8863636363636364,0.2,1.0,1.0,0.2,0.20526315789473681,0.0
20260628_155937_2ee7d04a,20260628_155937_2ee7d04a_g0000,0,1235263615,0,8,8,8,1,3,YELLOW,sweep_8w_500ms,2,1,[1],0,87,3,"{""1"": 93, ""2"": 90, ""3"": 87, ""4"": 67}",False,9.0,-14.0,9.0,0.0,0.0,0.0,543.0,122.625,488.75,9.0,15.0,41.25,153.5,270.0,1319.0,497.75,2.0,19.0,78.0,1.0,1.0,2.0,6.0,9.0,1.0,0.0,0.0,8.0,8.0,0.0975,0.09523809523809523,0.0032,0.0032,0.025,0.11363636363636363,0.8863636363636364,0.225,1.0,1.0,0.19166666666666668,0.23684210526315785,0.0
20260628_155937_2ee7d04a,20260628_155937_2ee7d04a_g0000,0,1235263615,0,8,8,8,1,4,GREEN,pool_heuristic,3,1,[1],0,67,4,"{""1"": 93, ""2"": 90, ""3"": 87, ""4"": 67}",False,7.0,-18.0,9.0,0.0,0.0,0.0,520.0,119.5,486.375,7.0,13.0,38.25,152.5,275.625,1342.0,493.375,2.0,19.0,78.0,1.0,1.0,2.0,6.0,9.0,1.0,1.0,0.0,8.0,8.0,0.0975,0.09523809523809523,0.0032,0.0032,0.025,0.11363636363636363,0.8863636363636364,0.175,1.0,1.0,0.20833333333333334,0.23684210526315785,0.0
20260628_155937_2ee7d04a,20260628_155937_2ee7d04a_g0000,0,1235263615,1,16,16,16,1,1,RED,sweep_1w_500ms,0,1,[1],1,93,1,"{""1"": 93, ""2"": 90, ""3"": 87, ""4"": 67}",False,17.0,-27.0,1.0,0.0,0.0,0.0,897.0,211.5,829.875,17.0,29.0,80.25,250.5,453.125,1805.0,846.875,4.0,17.0,69.0,1.0,1.0,2.0,5.0,8.0,1.0,0.0,0.0,16.0,16.0,0.1975,0.19047619047619047,0.0064,0.0064,0.0475,0.2159090909090909,0.7840909090909091,0.425,1.0,1.0,0.36666666666666664,0.47645429362880887,0.0
20260628_155937_2ee7d04a,20260628_155937_2ee7d04a_g0000,0,1235263615,1,16,16,16,1,2,BLUE,sweep_4w_500ms,1,1,[1],0,90,2,"{""1"": 93, ""2"": 90, ""3"": 87, ""4"": 67}",False,15.0,-31.0,4.0,0.0,0.0,0.0,468.0,122.25,450.75,15.0,19.0,45.75,166.0,205.0,2234.0,465.75,4.0,17.0,68.0,1.0,1.0,2.0,6.0,7.0,1.0,0.0,0.0,16.0,16.0,0.1975,0.19047619047619047,0.0064,0.0064,0.05,0.22727272727272727,0.7727272727272727,0.375,1.0,1.0,0.38333333333333336,0.35789473684210527,0.0
20260628_155937_2ee7d04a,20260628_155937_2ee7d04a_g0000,0,1235263615,1,16,16,16,1,3,YELLOW,sweep_8w_500ms,2,1,[1],0,87,3,"{""1"": 93, ""2"": 90, ""3"": 87, ""4"": 67}",False,16.0,-29.0,5.0,2.0,0.0,0.0,817.0,194.625,746.625,16.0,28.0,75.75,280.0,346.875,1885.0,762.625,4.0,17.0,68.0,1.0,1.0,2.0,6.0,7.0,1.0,0.0,0.0,16.0,16.0,0.1975,0.19047619047619047,0.0064,0.0064,0.05,0.22727272727272727,0.7727272727272727,0.4,1.0,1.0,0.375,0.42894736842105263,0.0
20260628_155937_2ee7d04a,20260628_155937_2ee7d04a_g0000,0,1235263615,1,16,16,16,1,4,GREEN,pool_heuristic,3,1,[1],0,67,4,"{""1"": 93, ""2"": 90, ""3"": 87, ""4"": 67}",False,13.0,-35.0,7.0,2.0,0.0,0.0,520.0,130.875,495.875,12.0,19.0,52.5,188.0,224.375,2182.0,508.875,4.0,17.0,68.0,1.0,1.0,2.0,6.0,7.0,1.0,0.0,0.0,16.0,16.0,0.1975,0.19047619047619047,0.0064,0.0064,0.05,0.22727272727272727,0.7727272727272727,0.325,1.0,1.0,0.4,0.3789473684210526,0.0
20260628_155937_2ee7d04a,20260628_155937_2ee7d04a_g0000,0,1235263615,2,24,24,24,1,1,RED,sweep_1w_500ms,0,1,[1],1,93,1,"{""1"": 93, ""2"": 90, ""3"": 87, ""4"": 67}",False,22.0,-34.0,0.0,12.0,0.0,0.0,456.0,123.625,440.625,18.0,24.0,57.0,126.0,215.625,1215.0,462.625,6.0,15.0,60.0,1.0,1.0,2.0,4.0,7.0,1.0,0.0,0.0,24.0,24.0,0.2875,0.2857142857142857,0.0096,0.0096,0.07,0.3181818181818182,0.6818181818181818,0.55,1.0,1.0,0.4666666666666667,0.593984962406015,0.0
20260628_155937_2ee7d04a,20260628_155937_2ee7d04a_g0000,0,1235263615,2,24,24,24,1,2,BLUE,sweep_4w_500ms,1,1,[1],0,90,2,"{""1"": 93, ""2"": 90, ""3"": 87, ""4"": 67}",False,21.0,-36.0,0.0,10.0,0.0,0.0,404.0,112.125,390.25,20.0,22.0,48.0,101.5,198.75,1267.0,411.25,6.0,15.0,60.0,1.0,1.0,2.0,4.0,7.0,1.0,0.0,0.0,24.0,24.0,0.2875,0.2857142857142857,0.0096,0.0096,0.07,0.3181818181818182,0.6818181818181818,0.525,1.0,1.0,0.475,0.5093984962406015,0.0
20260628_155937_2ee7d04a,20260628_155937_2ee7d04a_g0000,0,1235263615,2,24,24,24,1,3,YELLOW,sweep_8w_500ms,2,1,[1],0,87,3,"{""1"": 93, ""2"": 90, ""3"": 87, ""4"": 67}",False,20.0,-38.0,2.0,8.0,0.0,0.0,524.0,139.875,495.375,20.0,26.0,61.5,176.0,211.875,1147.0,515.375,6.0,15.0,59.0,1.0,1.0,2.0,5.0,6.0,1.0,0.0,0.0,24.0,24.0,0.2875,0.2857142857142857,0.0096,0.0096,0.0725,0.32954545454545453,0.6704545454545454,0.5,1.0,1.0,0.4833333333333333,0.5190562613430127,0.0
20260628_155937_2ee7d04a,20260628_155937_2ee7d04a_g0000,0,1235263615,2,24,24,24,1,4,GREEN,pool_heuristic,3,1,[1],0,67,4,"{""1"": 93, ""2"": 90, ""3"": 87, ""4"": 67}",False,15.0,-48.0,3.0,5.0,0.0,0.0,287.0,84.625,282.125,13.0,19.0,43.5,126.0,80.625,1384.0,297.125,6.0,15.0,58.0,1.0,1.0,2.0,6.0,5.0,1.0,0.0,0.0,24.0,24.0,0.2875,0.2857142857142857,0.0096,0.0096,0.075,0.3409090909090909,0.6590909090909091,0.375,1.0,1.0,0.525,0.46842105263157896,0.0
20260628_155937_2ee7d04a,20260628_155937_2ee7d04a_g0000,0,1235263615,3,32,32,32,1,1,RED,sweep_1w_500ms,0,1,[1],1,93,1,"{""1"": 93, ""2"": 90, ""3"": 87, ""4"": 67}",False,27.0,-41.0,0.0,20.0,4.0,0.01,165.0,65.375,179.875,20.0,20.0,33.75,58.0,48.125,731.0,206.875,8.0,13.0,50.0,1.0,1.0,2.0,4.0,5.0,1.0,0.0,0.0,32.0,32.0,0.3825,0.38095238095238093,0.0128,0.0128,0.095,0.4318181818181818,0.5681818181818182,0.675,1.0,1.0,0.5666666666666667,0.5789473684210527,0.0
20260628_155937_2ee7d04a,20260628_155937_2ee7d04a_g0000,0,1235263615,3,32,32,32,1,2,BLUE,sweep_4w_500ms,1,1,[1],0,90,2,"{""1"": 93, ""2"": 90, ""3"": 87, ""4"": 67}",False,25.0,-45.0,0.0,21.0,4.0,0.01,152.0,58.75,160.25,20.0,16.0,27.0,46.0,51.25,744.0,185.25,8.0,13.0,50.0,1.0,1.0,2.0,4.0,5.0,1.0,0.0,0.0,32.0,32.0,0.3825,0.38095238095238093,0.0128,0.0128,0.095,0.4318181818181818,0.5681818181818182,0.625,1.0,1.0,0.5833333333333333,0.5443213296398892,0.0
20260628_155937_2ee7d04a,20260628_155937_2ee7d04a_g0000,0,1235263615,3,32,32,32,1,3,YELLOW,sweep_8w_500ms,2,1,[1],0,87,3,"{""1"": 93, ""2"": 90, ""3"": 87, ""4"": 67}",False,25.0,-45.0,2.0,15.0,4.0,0.01,329.0,100.375,336.0,21.0,22.0,25.5,127.5,140.0,567.0,361.0,8.0,13.0,51.0,1.0,1.0,1.0,5.0,5.0,1.0,0.0,0.0,32.0,32.0,0.3825,0.38095238095238093,0.0128,0.0128,0.0925,0.42045454545454547,0.5795454545454546,0.625,1.0,1.0,0.5833333333333333,0.539118065433855,0.0
20260628_155937_2ee7d04a,20260628_155937_2ee7d04a_g0000,0,1235263615,3,32,32,32,1,4,GREEN,pool_heuristic,3,1,[1],0,67,4,"{""1"": 93, ""2"": 90, ""3"": 87, ""4"": 67}",False,18.0,-59.0,3.0,7.0,4.0,0.01,250.0,81.25,247.0,17.0,21.0,45.75,117.0,46.25,646.0,265.0,8.0,13.0,48.0,1.0,1.0,2.0,6.0,3.0,1.0,0.0,0.0,32.0,32.0,0.3825,0.38095238095238093,0.0128,0.0128,0.1,0.45454545454545453,0.5454545454545454,0.45,1.0,1.0,0.6416666666666667,0.45789473684210524,0.0
20260628_155937_2ee7d04a,20260628_155937_2ee7d04a_g0000,0,1235263615,4,40,40,40,1,1,RED,sweep_1w_500ms,0,1,[1],1,93,1,"{""1"": 93, ""2"": 90, ""3"": 87, ""4"": 67}",False,29.0,-45.0,0.0,25.0,10.0,0.025,103.0,49.25,112.75,21.0,17.0,24.75,30.0,20.0,302.0,141.75,10.0,11.0,41.0,1.0,1.0,2.0,3.0,4.0,1.0,0.0,0.0,40.0,40.0,0.475,0.47619047619047616,0.016,0.016,0.1175,0.5340909090909091,0.4659090909090909,0.725,1.0,1.0,0.6166666666666667,0.555431131019037,0.0
20260628_155937_2ee7d04a,20260628_155937_2ee7d04a_g0000,0,1235263615,4,40,40,40,1,2,BLUE,sweep_4w_500ms,1,1,[1],0,90,2,"{""1"": 93, ""2"": 90, ""3"": 87, ""4"": 67}",False,27.0,-49.0,0.0,28.0,10.0,0.025,124.0,52.5,133.75,19.0,16.0,26.25,45.0,27.5,281.0,160.75,10.0,11.0,40.0,1.0,1.0,2.0,4.0,3.0,1.0,0.0,0.0,40.0,40.0,0.475,0.47619047619047616,0.016,0.016,0.12,0.5454545454545454,0.45454545454545453,0.675,1.0,1.0,0.6333333333333333,0.5581140350877193,0.0
20260628_155937_2ee7d04a,20260628_155937_2ee7d04a_g0000,0,1235263615,4,40,40,40,1,3,YELLOW,sweep_8w_500ms,2,1,[1],0,87,3,"{""1"": 93, ""2"": 90, ""3"": 87, ""4"": 67}",False,28.0,-47.0,2.0,26.0,10.0,0.025,104.0,46.125,108.875,21.0,15.0,10.5,33.0,29.375,301.0,136.875,10.0,11.0,42.0,1.0,1.0,1.0,4.0,4.0,1.0,0.0,0.0,40.0,40.0,0.475,0.47619047619047616,0.016,0.016,0.115,0.5227272727272727,0.4772727272727273,0.7,1.0,1.0,0.625,0.5114416475972541,0.0
20260628_155937_2ee7d04a,20260628_155937_2ee7d04a_g0000,0,1235263615,4,40,40,40,1,4,GREEN,pool_heuristic,3,1,[1],0,67,4,"{""1"": 93, ""2"": 90, ""3"": 87, ""4"": 67}",False,19.0,-65.0,3.0,20.0,10.0,0.025,74.0,35.125,75.0,16.0,12.0,18.75,24.5,3.75,331.0,94.0,10.0,11.0,39.0,1.0,1.0,2.0,5.0,2.0,1.0,0.0,0.0,40.0,40.0,0.475,0.47619047619047616,0.016,0.016,0.1225,0.5568181818181818,0.4431818181818182,0.475,1.0,1.0,0.7,0.4887218045112782,0.0
20260628_155937_2ee7d04a,20260628_155937_2ee7d04a_g0000,0,1235263615,5,48,48,48,1,1,RED,sweep_1w_500ms,0,1,[1],1,93,1,"{""1"": 93, ""2"": 90, ""3"": 87, ""4"": 67}",False,31.0,-38.0,0.0,33.0,21.0,0.0525,69.0,39.875,73.875,21.0,17.0,19.5,12.0,4.375,106.0,104.875,12.0,9.0,32.0,1.0,1.0,2.0,2.0,3.0,0.0,0.0,0.0,48.0,48.0,0.56,0.5714285714285714,0.0192,0.0192,0.14,0.6363636363636364,0.36363636363636365,0.775,1.0,1.0,0.575,0.5150375939849625,0.0
20260628_155937_2ee7d04a,20260628_155937_2ee7d04a_g0000,0,1235263615,5,48,48,48,1,2,BLUE,sweep_4w_500ms,1,1,[1],0,90,2,"{""1"": 93, ""2"": 90, ""3"": 87, ""4"": 67}",False,27.0,-46.0,0.0,29.0,21.0,0.0525,49.0,30.25,52.75,18.0,10.0,12.75,12.0,0.0,126.0,79.75,12.0,9.0,31.0,1.0,1.0,2.0,3.0,2.0,1.0,0.0,0.0,48.0,48.0,0.56,0.5714285714285714,0.0192,0.0192,0.1425,0.6477272727272727,0.3522727272727273,0.675,1.0,1.0,0.6083333333333333,0.5373961218836565,0.0
20260628_155937_2ee7d04a,20260628_155937_2ee7d04a_g0000,0,1235263615,5,48,48,48,1,3,YELLOW,sweep_8w_500ms,2,1,[1],0,87,3,"{""1"": 93, ""2"": 90, ""3"": 87, ""4"": 67}",False,26.0,-48.0,2.0,35.0,21.0,0.0525,40.0,24.375,40.75,16.0,8.0,4.5,8.5,3.75,135.0,66.75,12.0,9.0,33.0,1.0,1.0,1.0,3.0,3.0,1.0,0.0,0.0,48.0,48.0,0.56,0.5714285714285714,0.0192,0.0192,0.1375,0.625,0.375,0.65,1.0,1.0,0.6166666666666667,0.49665071770334923,0.0
20260628_155937_2ee7d04a,20260628_155937_2ee7d04a_g0000,0,1235263615,5,48,48,48,1,4,GREEN,pool_heuristic,3,1,[1],0,67,4,"{""1"": 93, ""2"": 90, ""3"": 87, ""4"": 67}",False,16.0,-68.0,3.0,33.0,21.0,0.0525,17.0,14.0,18.0,11.0,4.0,3.0,0.0,0.0,158.0,34.0,12.0,9.0,32.0,1.0,1.0,1.0,4.0,2.0,1.0,0.0,0.0,48.0,48.0,0.56,0.5714285714285714,0.0192,0.0192,0.14,0.6363636363636364,0.36363636363636365,0.4,0.85,1.0,0.7,0.4530075187969925,0.0
20260628_155937_2ee7d04a,20260628_155937_2ee7d04a_g0000,0,1235263615,6,56,56,56,1,1,RED,sweep_1w_500ms,0,1,[1],1,93,1,"{""1"": 93, ""2"": 90, ""3"": 87, ""4"": 67}",False,28.0,-39.0,0.0,39.0,29.0,0.0725,27.0,21.25,28.25,16.0,7.0,5.25,0.0,0.0,51.0,56.25,14.0,7.0,23.0,1.0,1.0,2.0,1.0,2.0,0.0,0.0,0.0,56.0,56.0,0.6325,0.6666666666666666,0.0224,0.0224,0.1625,0.7386363636363636,0.26136363636363635,0.7,0.9166666666666666,1.0,0.5583333333333333,0.49716599190283406,0.0
20260628_155937_2ee7d04a,20260628_155937_2ee7d04a_g0000,0,1235263615,6,56,56,56,1,2,BLUE,sweep_4w_500ms,1,1,[1],0,90,2,"{""1"": 93, ""2"": 90, ""3"": 87, ""4"": 67}",False,29.0,-37.0,0.0,33.0,29.0,0.0725,33.0,25.25,34.0,19.0,9.0,3.0,3.0,0.0,45.0,63.0,14.0,7.0,24.0,1.0,1.0,1.0,2.0,2.0,1.0,0.0,0.0,56.0,56.0,0.6325,0.6666666666666666,0.0224,0.0224,0.16,0.7272727272727273,0.2727272727272727,0.725,0.8833333333333333,1.0,0.55,0.5271381578947368,0.0
20260628_155937_2ee7d04a,20260628_155937_2ee7d04a_g0000,0,1235263615,6,56,56,56,1,3,YELLOW,sweep_8w_500ms,2,1,[1],0,87,3,"{""1"": 93, ""2"": 90, ""3"": 87, ""4"": 67}",False,24.0,-47.0,2.0,50.0,29.0,0.0725,16.0,13.5,16.5,11.0,4.0,1.5,0.0,0.0,62.0,40.5,14.0,7.0,23.0,1.0,1.0,1.0,3.0,1.0,1.0,0.0,0.0,56.0,56.0,0.6325,0.6666666666666666,0.0224,0.0224,0.1625,0.7386363636363636,0.26136363636363635,0.6,1.0,1.0,0.5916666666666667,0.4801619433198381,0.0
20260628_155937_2ee7d04a,20260628_155937_2ee7d04a_g0000,0,1235263615,6,56,56,56,1,4,GREEN,pool_heuristic,3,1,[1],0,67,4,"{""1"": 93, ""2"": 90, ""3"": 87, ""4"": 67}",False,14.0,-67.0,3.0,41.0,29.0,0.0725,2.0,1.0,3.0,0.0,0.0,3.0,0.0,0.0,76.0,17.0,14.0,7.0,29.0,0.0,0.0,1.0,4.0,2.0,1.0,0.0,0.0,56.0,56.0,0.6325,0.6666666666666666,0.0224,0.0224,0.1475,0.6704545454545454,0.32954545454545453,0.35,0.6166666666666667,1.0,0.675,0.46297948260481714,0.0
20260628_155937_2ee7d04a,20260628_155937_2ee7d04a_g0000,0,1235263615,7,64,64,65,2,1,RED,sweep_1w_500ms,0,1,[1],1,93,1,"{""1"": 93, ""2"": 90, ""3"": 87, ""4"": 67}",False,23.0,-40.0,0.0,48.0,31.0,0.0775,2.0,1.0,3.0,0.0,0.0,3.0,0.0,0.0,18.0,26.0,17.0,4.0,17.0,0.0,0.0,1.0,1.0,2.0,0.0,0.0,0.0,64.0,65.0,0.6775,0.8095238095238095,0.026,0.0256,0.1775,0.8068181818181818,0.19318181818181818,0.575,0.65,1.0,0.525,0.49073387694588577,0.0
20260628_155937_2ee7d04a,20260628_155937_2ee7d04a_g0000,0,1235263615,7,64,64,65,2,2,BLUE,sweep_4w_500ms,1,1,[1],0,90,2,"{""1"": 93, ""2"": 90, ""3"": 87, ""4"": 67}",False,27.0,-32.0,0.0,37.0,31.0,0.0775,7.0,3.5,7.0,0.0,7.0,0.0,0.0,0.0,13.0,34.0,16.0,5.0,19.0,0.0,1.0,1.0,1.0,2.0,1.0,0.0,0.0,64.0,65.0,0.6775,0.7619047619047619,0.026,0.0256,0.1725,0.7840909090909091,0.2159090909090909,0.675,0.9166666666666666,1.0,0.4916666666666667,0.5148741418764302,0.0
20260628_155937_2ee7d04a,20260628_155937_2ee7d04a_g0000,0,1235263615,7,64,64,65,2,3,YELLOW,sweep_8w_500ms,2,1,[1],0,87,3,"{""1"": 93, ""2"": 90, ""3"": 87, ""4"": 67}",False,24.0,-38.0,2.0,54.0,31.0,0.0775,11.0,4.125,10.75,0.0,6.0,0.0,3.5,1.25,9.0,34.75,16.0,5.0,19.0,0.0,1.0,0.0,3.0,1.0,1.0,0.0,0.0,64.0,65.0,0.6775,0.7619047619047619,0.026,0.0256,0.1725,0.7840909090909091,0.2159090909090909,0.6,1.0,1.0,0.5166666666666667,0.49427917620137307,0.0
20260628_155937_2ee7d04a,20260628_155937_2ee7d04a_g0000,0,1235263615,7,64,64,65,2,4,GREEN,pool_heuristic,3,1,[1],0,67,4,"{""1"": 93, ""2"": 90, ""3"": 87, ""4"": 67}",False,12.0,-62.0,3.0,49.0,31.0,0.0775,0.0,0.0,0.0,0.0,0.0,0.0,0.0,0.0,20.0,12.0,15.0,6.0,26.0,0.0,0.0,0.0,4.0,2.0,1.0,0.0,0.0,64.0,65.0,0.6775,0.7142857142857143,0.026,0.0256,0.155,0.7045454545454546,0.29545454545454547,0.3,0.4166666666666667,1.0,0.6166666666666667,0.45840407470288624,0.0
20260628_155937_2ee7d04a,20260628_155937_2ee7d04a_g0001,1,153853662,0,8,8,8,1,1,RED,sweep_4w_500ms,0,2,[2],0,77,4,"{""1"": 77, ""2"": 94, ""3"": 81, ""4"": 82}",False,8.0,-15.0,9.0,0.0,0.0,0.0,404.0,96.125,382.0,8.0,11.0,30.75,118.5,213.75,1377.0,390.0,2.0,19.0,78.0,1.0,1.0,2.0,6.0,9.0,1.0,1.0,0.0,8.0,8.0,0.0975,0.09523809523809523,0.0032,0.0032,0.025,0.11363636363636363,0.8863636363636364,0.2,1.0,1.0,0.19166666666666668,0.20526315789473681,0.0
20260628_155937_2ee7d04a,20260628_155937_2ee7d04a_g0001,1,153853662,0,8,8,8,1,2,BLUE,sweep_8w_500ms,1,2,[2],1,94,1,"{""1"": 77, ""2"": 94, ""3"": 81, ""4"": 82}",False,9.0,-13.0,9.0,0.0,0.0,0.0,543.0,122.625,488.75,9.0,15.0,41.25,153.5,270.0,1238.0,497.75,2.0,19.0,78.0,1.0,1.0,2.0,6.0,9.0,1.0,0.0,0.0,8.0,8.0,0.0975,0.09523809523809523,0.0032,0.0032,0.025,0.11363636363636363,0.8863636363636364,0.225,1.0,1.0,0.18333333333333332,0.23684210526315785,0.0
20260628_155937_2ee7d04a,20260628_155937_2ee7d04a_g0001,1,153853662,0,8,8,8,1,3,YELLOW,pool_heuristic,2,2,[2],0,81,3,"{""1"": 77, ""2"": 94, ""3"": 81, ""4"": 82}",False,6.0,-19.0,9.0,0.0,0.0,0.0,373.0,92.375,373.875,6.0,10.0,29.25,118.0,210.625,1408.0,379.875,2.0,19.0,78.0,1.0,1.0,2.0,6.0,9.0,1.0,1.0,1.0,8.0,8.0,0.0975,0.09523809523809523,0.0032,0.0032,0.025,0.11363636363636363,0.8863636363636364,0.15,1.0,1.0,0.20833333333333334,0.2315789473684211,0.0
20260628_155937_2ee7d04a,20260628_155937_2ee7d04a_g0001,1,153853662,0,8,8,8,1,4,GREEN,sweep_1w_500ms,3,2,[2],0,82,2,"{""1"": 77, ""2"": 94, ""3"": 81, ""4"": 82}",False,8.0,-15.0,9.0,0.0,0.0,0.0,461.0,104.0,420.75,8.0,12.0,33.75,107.0,260.0,1320.0,428.75,2.0,19.0,79.0,1.0,1.0,2.0,5.0,10.0,1.0,1.0,0.0,8.0,8.0,0.0975,0.09523809523809523,0.0032,0.0032,0.0225,0.10227272727272728,0.8977272727272727,0.2,1.0,1.0,0.19166666666666668,0.21052631578947367,0.0
20260628_155937_2ee7d04a,20260628_155937_2ee7d04a_g0001,1,153853662,1,16,16,16,1,1,RED,sweep_4w_500ms,0,2,[2],0,77,4,"{""1"": 77, ""2"": 94, ""3"": 81, ""4"": 82}",False,15.0,-29.0,5.0,0.0,0.0,0.0,520.0,126.875,470.875,15.0,19.0,47.25,174.0,215.625,2022.0,485.875,4.0,17.0,68.0,1.0,1.0,2.0,6.0,7.0,1.0,0.0,0.0,16.0,16.0,0.1975,0.19047619047619047,0.0064,0.0064,0.05,0.22727272727272727,0.7727272727272727,0.375,1.0,1.0,0.36666666666666664,0.3526315789473684,0.0
20260628_155937_2ee7d04a,20260628_155937_2ee7d04a_g0001,1,153853662,1,16,16,16,1,2,BLUE,sweep_8w_500ms,1,2,[2],1,94,1,"{""1"": 77, ""2"": 94, ""3"": 81, ""4"": 82}",False,15.0,-29.0,0.0,0.0,0.0,0.0,778.0,182.875,708.125,15.0,24.0,67.5,261.0,340.625,1764.0,723.125,4.0,17.0,68.0,1.0,1.0,2.0,6.0,7.0,0.0,0.0,0.0,16.0,16.0,0.1975,0.19047619047619047,0.0064,0.0064,0.05,0.22727272727272727,0.7727272727272727,0.375,1.0,1.0,0.36666666666666664,0.4921052631578947,0.0
20260628_155937_2ee7d04a,20260628_155937_2ee7d04a_g0001,1,153853662,1,16,16,16,1,3,YELLOW,pool_heuristic,2,2,[2],0,81,3,"{""1"": 77, ""2"": 94, ""3"": 81, ""4"": 82}",False,13.0,-33.0,2.0,4.0,0.0,0.0,449.0,121.25,464.0,11.0,17.0,45.75,169.0,221.25,2093.0,477.0,4.0,17.0,68.0,1.0,1.0,2.0,6.0,7.0,1.0,1.0,1.0,16.0,16.0,0.1975,0.19047619047619047,0.0064,0.0064,0.05,0.22727272727272727,0.7727272727272727,0.325,1.0,1.0,0.38333333333333336,0.45000000000000007,0.0
20260628_155937_2ee7d04a,20260628_155937_2ee7d04a_g0001,1,153853662,1,16,16,16,1,4,GREEN,sweep_1w_500ms,3,2,[2],0,82,2,"{""1"": 77, ""2"": 94, ""3"": 81, ""4"": 82}",False,16.0,-27.0,5.0,4.0,0.0,0.0,795.0,190.875,743.125,16.0,27.0,74.25,229.0,396.875,1747.0,759.125,4.0,17.0,69.0,1.0,1.0,2.0,5.0,8.0,1.0,0.0,0.0,16.0,16.0,0.1975,0.19047619047619047,0.0064,0.0064,0.0475,0.2159090909090909,0.7840909090909091,0.4,1.0,1.0,0.35833333333333334,0.42105263157894735,0.0
20260628_155937_2ee7d04a,20260628_155937_2ee7d04a_g0001,1,153853662,2,24,24,24,1,1,RED,sweep_4w_500ms,0,2,[2],0,77,4,"{""1"": 77, ""2"": 94, ""3"": 81, ""4"": 82}",False,21.0,-45.0,3.0,6.0,3.0,0.0075,333.0,88.125,293.375,17.0,18.0,40.5,101.0,116.875,1582.0,314.375,6.0,15.0,59.0,1.0,1.0,2.0,5.0,6.0,1.0,0.0,0.0,24.0,24.0,0.2925,0.2857142857142857,0.0096,0.0096,0.0725,0.32954545454545453,0.6704545454545454,0.525,1.0,1.0,0.55,0.43194192377495466,0.0
20260628_155937_2ee7d04a,20260628_155937_2ee7d04a_g0001,1,153853662,2,24,24,24,1,2,BLUE,sweep_8w_500ms,1,2,[2],1,94,1,"{""1"": 77, ""2"": 94, ""3"": 81, ""4"": 82}",False,23.0,-41.0,0.0,2.0,3.0,0.0075,569.0,155.0,538.125,22.0,30.0,68.25,233.5,184.375,1346.0,561.125,6.0,15.0,58.0,1.0,1.0,2.0,6.0,5.0,0.0,0.0,0.0,24.0,24.0,0.2925,0.2857142857142857,0.0096,0.0096,0.075,0.3409090909090909,0.6590909090909091,0.575,1.0,1.0,0.5333333333333333,0.5228070175438597,0.0
20260628_155937_2ee7d04a,20260628_155937_2ee7d04a_g0001,1,153853662,2,24,24,24,1,3,YELLOW,pool_heuristic,2,2,[2],0,81,3,"{""1"": 77, ""2"": 94, ""3"": 81, ""4"": 82}",False,20.0,-47.0,1.0,8.0,3.0,0.0075,514.0,140.75,498.5,17.0,26.0,63.75,223.0,168.75,1401.0,518.5,6.0,15.0,58.0,1.0,1.0,2.0,6.0,5.0,1.0,1.0,0.0,24.0,24.0,0.2925,0.2857142857142857,0.0096,0.0096,0.075,0.3409090909090909,0.6590909090909091,0.5,1.0,1.0,0.5583333333333333,0.5491228070175438,0.0
20260628_155937_2ee7d04a,20260628_155937_2ee7d04a_g0001,1,153853662,2,24,24,24,1,4,GREEN,sweep_1w_500ms,3,2,[2],0,82,2,"{""1"": 77, ""2"": 94, ""3"": 81, ""4"": 82}",False,23.0,-41.0,4.0,14.0,3.0,0.0075,499.0,137.0,486.5,20.0,27.0,63.75,142.0,233.75,1416.0,509.5,6.0,15.0,60.0,1.0,1.0,2.0,4.0,7.0,1.0,0.0,0.0,24.0,24.0,0.2925,0.2857142857142857,0.0096,0.0096,0.07,0.3181818181818182,0.6818181818181818,0.575,1.0,1.0,0.5333333333333333,0.4736842105263158,0.0
20260628_155937_2ee7d04a,20260628_155937_2ee7d04a_g0001,1,153853662,3,32,32,32,1,1,RED,sweep_4w_500ms,0,2,[2],0,77,4,"{""1"": 77, ""2"": 94, ""3"": 81, ""4"": 82}",False,28.0,-47.0,3.0,8.0,2.0,0.005,267.0,85.5,246.5,24.0,23.0,42.0,90.0,67.5,649.0,274.5,8.0,13.0,49.0,1.0,1.0,2.0,5.0,4.0,0.0,0.0,0.0,32.0,32.0,0.39,0.38095238095238093,0.0128,0.0128,0.0975,0.4431818181818182,0.5568181818181818,0.7,1.0,1.0,0.625,0.43184885290148445,0.0
20260628_155937_2ee7d04a,20260628_155937_2ee7d04a_g0001,1,153853662,3,32,32,32,1,2,BLUE,sweep_8w_500ms,1,2,[2],1,94,1,"{""1"": 77, ""2"": 94, ""3"": 81, ""4"": 82}",False,26.0,-51.0,0.0,10.0,2.0,0.005,331.0,105.75,325.625,24.0,28.0,50.25,126.5,96.875,585.0,351.625,8.0,13.0,49.0,1.0,1.0,2.0,5.0,4.0,0.0,0.0,0.0,32.0,32.0,0.39,0.38095238095238093,0.0128,0.0128,0.0975,0.4431818181818182,0.5568181818181818,0.65,1.0,1.0,0.6416666666666667,0.534412955465587,0.0
20260628_155937_2ee7d04a,20260628_155937_2ee7d04a_g0001,1,153853662,3,32,32,32,1,3,YELLOW,pool_heuristic,2,2,[2],0,81,3,"{""1"": 77, ""2"": 94, ""3"": 81, ""4"": 82}",False,22.0,-59.0,1.0,16.0,2.0,0.005,123.0,46.125,125.5,14.0,13.0,22.5,58.5,17.5,793.0,147.5,8.0,13.0,48.0,1.0,1.0,2.0,6.0,3.0,0.0,1.0,0.0,32.0,32.0,0.39,0.38095238095238093,0.0128,0.0128,0.1,0.45454545454545453,0.5454545454545454,0.55,1.0,1.0,0.675,0.5223684210526316,0.0
20260628_155937_2ee7d04a,20260628_155937_2ee7d04a_g0001,1,153853662,3,32,32,32,1,4,GREEN,sweep_1w_500ms,3,2,[2],0,82,2,"{""1"": 77, ""2"": 94, ""3"": 81, ""4"": 82}",False,27.0,-49.0,2.0,20.0,2.0,0.005,195.0,71.375,200.5,21.0,21.0,37.5,63.5,57.5,721.0,227.5,8.0,13.0,50.0,1.0,1.0,2.0,4.0,5.0,1.0,0.0,0.0,32.0,32.0,0.39,0.38095238095238093,0.0128,0.0128,0.095,0.4318181818181818,0.5681818181818182,0.675,1.0,1.0,0.6333333333333333,0.5332409972299169,0.0
20260628_155937_2ee7d04a,20260628_155937_2ee7d04a_g0001,1,153853662,4,40,40,40,1,1,RED,sweep_4w_500ms,0,2,[2],0,77,4,"{""1"": 77, ""2"": 94, ""3"": 81, ""4"": 82}",False,30.0,-49.0,0.0,12.0,5.0,0.0125,100.0,49.125,100.625,25.0,18.0,20.25,18.0,19.375,298.0,130.625,10.0,11.0,41.0,1.0,1.0,2.0,3.0,4.0,0.0,0.0,0.0,40.0,40.0,0.48,0.47619047619047616,0.016,0.016,0.1175,0.5340909090909091,0.4659090909090909,0.75,1.0,1.0,0.6583333333333333,0.4815229563269877,0.0
20260628_155937_2ee7d04a,20260628_155937_2ee7d04a_g0001,1,153853662,4,40,40,40,1,2,BLUE,sweep_8w_500ms,1,2,[2],1,94,1,"{""1"": 77, ""2"": 94, ""3"": 81, ""4"": 82}",False,28.0,-53.0,0.0,21.0,5.0,0.0125,116.0,54.375,120.625,23.0,22.0,26.25,35.0,14.375,282.0,148.625,10.0,11.0,40.0,1.0,1.0,2.0,4.0,3.0,0.0,0.0,0.0,40.0,40.0,0.48,0.47619047619047616,0.016,0.016,0.12,0.5454545454545454,0.45454545454545453,0.7,1.0,1.0,0.675,0.5460526315789473,0.0
20260628_155937_2ee7d04a,20260628_155937_2ee7d04a_g0001,1,153853662,4,40,40,40,1,3,YELLOW,pool_heuristic,2,2,[2],0,81,3,"{""1"": 77, ""2"": 94, ""3"": 81, ""4"": 82}",False,19.0,-71.0,1.0,26.0,5.0,0.0125,35.0,20.375,38.25,12.0,6.0,5.25,12.5,2.5,363.0,57.25,10.0,11.0,38.0,1.0,1.0,2.0,6.0,1.0,0.0,0.0,0.0,40.0,40.0,0.48,0.47619047619047616,0.016,0.016,0.125,0.5681818181818182,0.4318181818181818,0.475,1.0,1.0,0.75,0.5084210526315789,0.0
20260628_155937_2ee7d04a,20260628_155937_2ee7d04a_g0001,1,153853662,4,40,40,40,1,4,GREEN,sweep_1w_500ms,3,2,[2],0,82,2,"{""1"": 77, ""2"": 94, ""3"": 81, ""4"": 82}",False,32.0,-45.0,2.0,31.0,5.0,0.0125,147.0,63.875,171.125,21.0,20.0,33.75,47.0,49.375,251.0,203.125,10.0,11.0,41.0,1.0,1.0,2.0,3.0,4.0,1.0,0.0,0.0,40.0,40.0,0.48,0.47619047619047616,0.016,0.016,0.1175,0.5340909090909091,0.4659090909090909,0.8,1.0,1.0,0.6416666666666667,0.5487122060470324,0.0
20260628_155937_2ee7d04a,20260628_155937_2ee7d04a_g0001,1,153853662,5,48,48,48,1,1,RED,sweep_4w_500ms,0,2,[2],0,77,4,"{""1"": 77, ""2"": 94, ""3"": 81, ""4"": 82}",False,32.0,-43.0,0.0,21.0,15.0,0.0375,66.0,42.625,67.375,28.0,19.0,4.5,9.0,6.875,123.0,99.375,12.0,9.0,33.0,1.0,1.0,1.0,3.0,3.0,0.0,0.0,0.0,48.0,48.0,0.5625,0.5714285714285714,0.0192,0.0192,0.1375,0.625,0.375,0.8,1.0,1.0,0.625,0.4545454545454546,0.0
20260628_155937_2ee7d04a,20260628_155937_2ee7d04a_g0001,1,153853662,5,48,48,48,1,2,BLUE,sweep_8w_500ms,1,2,[2],1,94,1,"{""1"": 77, ""2"": 94, ""3"": 81, ""4"": 82}",False,28.0,-51.0,0.0,31.0,15.0,0.0375,51.0,29.375,53.375,18.0,9.0,6.0,16.0,4.375,138.0,81.375,12.0,9.0,32.0,1.0,1.0,1.0,4.0,2.0,0.0,0.0,0.0,48.0,48.0,0.5625,0.5714285714285714,0.0192,0.0192,0.14,0.6363636363636364,0.36363636363636365,0.7,1.0,1.0,0.6583333333333333,0.5310150375939849,0.0
20260628_155937_2ee7d04a,20260628_155937_2ee7d04a_g0001,1,153853662,5,48,48,48,1,3,YELLOW,pool_heuristic,2,2,[2],0,81,3,"{""1"": 77, ""2"": 94, ""3"": 81, ""4"": 82}",False,15.0,-77.0,1.0,33.0,15.0,0.0375,12.0,10.0,15.0,8.0,1.0,1.5,2.0,2.5,177.0,30.0,12.0,9.0,31.0,1.0,1.0,1.0,5.0,1.0,0.0,0.0,0.0,48.0,48.0,0.5625,0.5714285714285714,0.0192,0.0192,0.1425,0.6477272727272727,0.3522727272727273,0.375,0.8166666666666667,1.0,0.7666666666666667,0.5161588180978762,0.0
20260628_155937_2ee7d04a,20260628_155937_2ee7d04a_g0001,1,153853662,5,48,48,48,1,4,GREEN,sweep_1w_500ms,3,2,[2],0,82,2,"{""1"": 77, ""2"": 94, ""3"": 81, ""4"": 82}",False,32.0,-43.0,2.0,43.0,15.0,0.0375,60.0,34.75,69.0,18.0,12.0,15.0,19.0,5.0,129.0,101.0,12.0,9.0,31.0,1.0,1.0,2.0,3.0,2.0,1.0,0.0,0.0,48.0,48.0,0.5625,0.5714285714285714,0.0192,0.0192,0.1425,0.6477272727272727,0.3522727272727273,0.8,1.0,1.0,0.625,0.5346260387811634,0.0
20260628_155937_2ee7d04a,20260628_155937_2ee7d04a_g0001,1,153853662,6,56,56,56,1,1,RED,sweep_4w_500ms,0,2,[2],0,77,4,"{""1"": 77, ""2"": 94, ""3"": 81, ""4"": 82}",False,30.0,-46.0,0.0,41.0,23.0,0.0575,18.0,17.0,19.0,16.0,0.0,3.0,0.0,0.0,72.0,49.0,14.0,7.0,26.0,1.0,0.0,1.0,3.0,2.0,0.0,0.0,0.0,56.0,56.0,0.64,0.6666666666666666,0.0224,0.0224,0.155,0.7045454545454546,0.29545454545454547,0.75,1.0,1.0,0.6333333333333333,0.4380305602716469,0.0
20260628_155937_2ee7d04a,20260628_155937_2ee7d04a_g0001,1,153853662,6,56,56,56,1,2,BLUE,sweep_8w_500ms,1,2,[2],1,94,1,"{""1"": 77, ""2"": 94, ""3"": 81, ""4"": 82}",False,30.0,-46.0,0.0,37.0,23.0,0.0575,33.0,25.75,35.0,19.0,10.0,3.0,3.0,0.0,57.0,65.0,14.0,7.0,22.0,1.0,1.0,1.0,4.0,0.0,0.0,0.0,0.0,56.0,56.0,0.64,0.6666666666666666,0.0224,0.0224,0.165,0.75,0.25,0.75,1.0,0.8,0.6333333333333333,0.5151515151515151,0.0
20260628_155937_2ee7d04a,20260628_155937_2ee7d04a_g0001,1,153853662,6,56,56,56,1,3,YELLOW,pool_heuristic,2,2,[2],0,81,3,"{""1"": 77, ""2"": 94, ""3"": 81, ""4"": 82}",False,16.0,-74.0,1.0,37.0,23.0,0.0575,9.0,4.5,15.0,0.0,3.0,3.0,4.0,5.0,81.0,31.0,14.0,7.0,26.0,0.0,1.0,1.0,4.0,1.0,0.0,0.0,0.0,56.0,56.0,0.64,0.6666666666666666,0.0224,0.0224,0.155,0.7045454545454546,0.29545454545454547,0.4,0.95,1.0,0.75,0.49660441426146007,0.0
20260628_155937_2ee7d04a,20260628_155937_2ee7d04a_g0001,1,153853662,6,56,56,56,1,4,GREEN,sweep_1w_500ms,3,2,[2],0,82,2,"{""1"": 77, ""2"": 94, ""3"": 81, ""4"": 82}",False,30.0,-46.0,2.0,50.0,23.0,0.0575,30.0,21.25,29.75,15.0,8.0,6.75,0.0,0.0,60.0,59.75,14.0,7.0,22.0,1.0,1.0,2.0,2.0,1.0,1.0,0.0,0.0,56.0,56.0,0.64,0.6666666666666666,0.0224,0.0224,0.165,0.75,0.25,0.75,1.0,1.0,0.6333333333333333,0.5239234449760766,0.0
20260628_155937_2ee7d04a,20260628_155937_2ee7d04a_g0001,1,153853662,7,64,64,64,1,1,RED,sweep_4w_500ms,0,2,[2],0,77,4,"{""1"": 77, ""2"": 94, ""3"": 81, ""4"": 82}",False,27.0,-40.0,0.0,48.0,34.0,0.085,0.0,0.0,0.0,0.0,0.0,0.0,0.0,0.0,31.0,27.0,16.0,5.0,22.0,0.0,0.0,0.0,3.0,2.0,0.0,0.0,0.0,64.0,64.0,0.7025,0.7619047619047619,0.0256,0.0256,0.165,0.75,0.25,0.675,0.65,1.0,0.5583333333333333,0.42902711323763965,0.0
20260628_155937_2ee7d04a,20260628_155937_2ee7d04a_g0001,1,153853662,7,64,64,64,1,2,BLUE,sweep_8w_500ms,1,2,[2],1,94,1,"{""1"": 77, ""2"": 94, ""3"": 81, ""4"": 82}",False,26.0,-42.0,0.0,45.0,34.0,0.085,15.0,13.5,15.0,12.0,3.0,0.0,0.0,0.0,16.0,41.0,16.0,5.0,14.0,1.0,1.0,1.0,2.0,0.0,0.0,0.0,0.0,64.0,64.0,0.7025,0.7619047619047619,0.0256,0.0256,0.185,0.8409090909090909,0.1590909090909091,0.65,0.8333333333333334,0.8,0.5666666666666667,0.5099573257467995,0.0
20260628_155937_2ee7d04a,20260628_155937_2ee7d04a_g0001,1,153853662,7,64,64,64,1,3,YELLOW,pool_heuristic,2,2,[2],0,81,3,"{""1"": 77, ""2"": 94, ""3"": 81, ""4"": 82}",False,13.0,-68.0,1.0,46.0,34.0,0.085,1.0,0.5,1.0,0.0,1.0,0.0,0.0,0.0,30.0,14.0,16.0,5.0,18.0,0.0,1.0,0.0,4.0,0.0,0.0,0.0,0.0,64.0,64.0,0.7025,0.7619047619047619,0.0256,0.0256,0.175,0.7954545454545454,0.20454545454545456,0.325,0.5166666666666667,0.8,0.675,0.4827067669172932,0.0
20260628_155937_2ee7d04a,20260628_155937_2ee7d04a_g0001,1,153853662,7,64,64,64,1,4,GREEN,sweep_1w_500ms,3,2,[2],0,82,2,"{""1"": 77, ""2"": 94, ""3"": 81, ""4"": 82}",False,28.0,-38.0,2.0,58.0,34.0,0.085,15.0,12.0,14.25,11.0,0.0,2.25,1.0,0.0,16.0,42.25,16.0,5.0,17.0,1.0,0.0,1.0,2.0,1.0,1.0,0.0,0.0,64.0,64.0,0.7025,0.7619047619047619,0.0256,0.0256,0.1775,0.8068181818181818,0.19318181818181818,0.7,1.0,1.0,0.55,0.5404002965159377,0.0
20260628_155937_2ee7d04a,20260628_155937_2ee7d04a_g0002,2,1607089391,0,8,8,8,1,1,RED,sweep_8w_500ms,0,1,[1],1,96,1,"{""1"": 96, ""2"": 85, ""3"": 86, ""4"": 79}",False,9.0,-15.0,9.0,0.0,0.0,0.0,543.0,122.625,488.75,9.0,15.0,41.25,153.5,270.0,1484.0,497.75,2.0,19.0,78.0,1.0,1.0,2.0,6.0,9.0,1.0,0.0,0.0,8.0,8.0,0.0975,0.09523809523809523,0.0032,0.0032,0.025,0.11363636363636363,0.8863636363636364,0.225,1.0,1.0,0.2,0.23684210526315785,0.0
20260628_155937_2ee7d04a,20260628_155937_2ee7d04a_g0002,2,1607089391,0,8,8,8,1,2,BLUE,pool_heuristic,1,1,[1],0,85,3,"{""1"": 96, ""2"": 85, ""3"": 86, ""4"": 79}",False,8.0,-17.0,8.0,0.0,0.0,0.0,491.0,120.25,483.75,8.0,14.0,39.75,152.0,270.0,1536.0,491.75,2.0,19.0,78.0,1.0,1.0,2.0,6.0,9.0,1.0,0.0,1.0,8.0,8.0,0.0975,0.09523809523809523,0.0032,0.0032,0.025,0.11363636363636363,0.8863636363636364,0.2,1.0,1.0,0.20833333333333334,0.26315789473684215,0.0
20260628_155937_2ee7d04a,20260628_155937_2ee7d04a_g0002,2,1607089391,0,8,8,8,1,3,YELLOW,sweep_1w_500ms,2,1,[1],0,86,2,"{""1"": 96, ""2"": 85, ""3"": 86, ""4"": 79}",False,7.0,-19.0,9.0,0.0,0.0,0.0,427.0,104.875,428.125,7.0,12.0,34.5,109.0,265.625,1600.0,435.125,2.0,19.0,79.0,1.0,1.0,2.0,5.0,10.0,1.0,1.0,1.0,8.0,8.0,0.0975,0.09523809523809523,0.0032,0.0032,0.0225,0.10227272727272728,0.8977272727272727,0.175,1.0,1.0,0.21666666666666665,0.23976608187134507,0.0
20260628_155937_2ee7d04a,20260628_155937_2ee7d04a_g0002,2,1607089391,0,8,8,8,1,4,GREEN,sweep_4w_500ms,3,1,[1],0,79,4,"{""1"": 96, ""2"": 85, ""3"": 86, ""4"": 79}",False,9.0,-15.0,9.0,0.0,0.0,0.0,566.0,138.625,558.625,9.0,16.0,45.75,176.0,311.875,1461.0,567.625,2.0,19.0,78.0,1.0,1.0,2.0,6.0,9.0,1.0,0.0,1.0,8.0,8.0,0.0975,0.09523809523809523,0.0032,0.0032,0.025,0.11363636363636363,0.8863636363636364,0.225,1.0,1.0,0.2,0.2578947368421053,0.0
20260628_155937_2ee7d04a,20260628_155937_2ee7d04a_g0002,2,1607089391,1,16,16,16,1,1,RED,sweep_8w_500ms,0,1,[1],1,96,1,"{""1"": 96, ""2"": 85, ""3"": 86, ""4"": 79}",False,16.0,-29.0,0.0,3.0,0.0,0.0,733.0,186.0,713.5,16.0,27.0,71.25,258.0,341.25,1617.0,729.5,4.0,17.0,68.0,1.0,1.0,2.0,6.0,7.0,1.0,0.0,0.0,16.0,16.0,0.1975,0.19047619047619047,0.0064,0.0064,0.05,0.22727272727272727,0.7727272727272727,0.4,1.0,1.0,0.375,0.49473684210526314,0.0
20260628_155937_2ee7d04a,20260628_155937_2ee7d04a_g0002,2,1607089391,1,16,16,16,1,2,BLUE,pool_heuristic,1,1,[1],0,85,3,"{""1"": 96, ""2"": 85, ""3"": 86, ""4"": 79}",False,13.0,-35.0,3.0,0.0,0.0,0.0,448.0,119.25,445.75,13.0,18.0,45.75,164.0,205.0,1902.0,458.75,4.0,17.0,68.0,1.0,1.0,2.0,6.0,7.0,1.0,0.0,1.0,16.0,16.0,0.1975,0.19047619047619047,0.0064,0.0064,0.05,0.22727272727272727,0.7727272727272727,0.325,1.0,1.0,0.4,0.4631578947368421,0.0
20260628_155937_2ee7d04a,20260628_155937_2ee7d04a_g0002,2,1607089391,1,16,16,16,1,3,YELLOW,sweep_1w_500ms,2,1,[1],0,86,2,"{""1"": 96, ""2"": 85, ""3"": 86, ""4"": 79}",False,15.0,-31.0,0.0,3.0,0.0,0.0,531.0,144.25,547.625,15.0,22.0,58.5,166.5,285.625,1819.0,562.625,4.0,17.0,69.0,1.0,1.0,2.0,5.0,8.0,1.0,0.0,1.0,16.0,16.0,0.1975,0.19047619047619047,0.0064,0.0064,0.0475,0.2159090909090909,0.7840909090909091,0.375,1.0,1.0,0.38333333333333336,0.5346260387811634,0.0
20260628_155937_2ee7d04a,20260628_155937_2ee7d04a_g0002,2,1607089391,1,16,16,16,1,4,GREEN,sweep_4w_500ms,3,1,[1],0,79,4,"{""1"": 96, ""2"": 85, ""3"": 86, ""4"": 79}",False,17.0,-27.0,2.0,0.0,0.0,0.0,638.0,157.375,582.0,17.0,26.0,63.75,221.5,253.75,1712.0,599.0,4.0,17.0,68.0,1.0,1.0,2.0,6.0,7.0,1.0,0.0,0.0,16.0,16.0,0.1975,0.19047619047619047,0.0064,0.0064,0.05,0.22727272727272727,0.7727272727272727,0.425,1.0,1.0,0.36666666666666664,0.45000000000000007,0.0
20260628_155937_2ee7d04a,20260628_155937_2ee7d04a_g0002,2,1607089391,2,24,24,24,1,1,RED,sweep_8w_500ms,0,1,[1],1,96,1,"{""1"": 96, ""2"": 85, ""3"": 86, ""4"": 79}",False,23.0,-37.0,0.0,13.0,0.0,0.0,454.0,135.375,474.125,19.0,24.0,60.75,201.0,169.375,1114.0,497.125,6.0,15.0,58.0,1.0,1.0,2.0,6.0,5.0,1.0,0.0,0.0,24.0,24.0,0.295,0.2857142857142857,0.0096,0.0096,0.075,0.3409090909090909,0.6590909090909091,0.575,1.0,1.0,0.5,0.5859649122807018,0.0
20260628_155937_2ee7d04a,20260628_155937_2ee7d04a_g0002,2,1607089391,2,24,24,24,1,2,BLUE,pool_heuristic,1,1,[1],0,85,3,"{""1"": 96, ""2"": 85, ""3"": 86, ""4"": 79}",False,17.0,-49.0,3.0,1.0,0.0,0.0,254.0,79.5,257.25,17.0,16.0,34.5,101.0,88.75,1314.0,274.25,6.0,15.0,58.0,1.0,1.0,2.0,6.0,5.0,1.0,0.0,1.0,24.0,24.0,0.295,0.2857142857142857,0.0096,0.0096,0.075,0.3409090909090909,0.6590909090909091,0.425,1.0,1.0,0.55,0.4877192982456141,0.0
20260628_155937_2ee7d04a,20260628_155937_2ee7d04a_g0002,2,1607089391,2,24,24,24,1,3,YELLOW,sweep_1w_500ms,2,1,[1],0,86,2,"{""1"": 96, ""2"": 85, ""3"": 86, ""4"": 79}",False,21.0,-41.0,0.0,13.0,0.0,0.0,490.0,139.25,490.5,20.0,26.0,63.75,177.0,203.75,1078.0,511.5,6.0,15.0,59.0,1.0,1.0,2.0,5.0,6.0,1.0,0.0,0.0,24.0,24.0,0.295,0.2857142857142857,0.0096,0.0096,0.0725,0.32954545454545453,0.6704545454545454,0.525,1.0,1.0,0.5166666666666667,0.6261343012704175,0.0
20260628_155937_2ee7d04a,20260628_155937_2ee7d04a_g0002,2,1607089391,2,24,24,24,1,4,GREEN,sweep_4w_500ms,3,1,[1],0,79,4,"{""1"": 96, ""2"": 85, ""3"": 86, ""4"": 79}",False,22.0,-39.0,2.0,7.0,0.0,0.0,370.0,103.375,346.75,18.0,22.0,50.25,126.5,130.0,1198.0,368.75,6.0,15.0,59.0,1.0,1.0,2.0,5.0,6.0,1.0,0.0,0.0,24.0,24.0,0.295,0.2857142857142857,0.0096,0.0096,0.0725,0.32954545454545453,0.6704545454545454,0.55,1.0,1.0,0.5083333333333333,0.49364791288566234,0.0
20260628_155937_2ee7d04a,20260628_155937_2ee7d04a_g0002,2,1607089391,3,32,32,32,1,1,RED,sweep_8w_500ms,0,1,[1],1,96,1,"{""1"": 96, ""2"": 85, ""3"": 86, ""4"": 79}",False,27.0,-46.0,0.0,20.0,1.0,0.0025,278.0,93.0,278.875,22.0,22.0,47.25,134.5,53.125,539.0,305.875,8.0,13.0,48.0,1.0,1.0,2.0,6.0,3.0,1.0,0.0,0.0,32.0,32.0,0.3875,0.38095238095238093,0.0128,0.0128,0.1,0.45454545454545453,0.5454545454545454,0.675,1.0,1.0,0.6083333333333333,0.6157894736842106,0.0
20260628_155937_2ee7d04a,20260628_155937_2ee7d04a_g0002,2,1607089391,3,32,32,32,1,2,BLUE,pool_heuristic,1,1,[1],0,85,3,"{""1"": 96, ""2"": 85, ""3"": 86, ""4"": 79}",False,20.0,-60.0,3.0,6.0,1.0,0.0025,84.0,39.125,84.25,18.0,13.0,18.75,29.5,5.0,733.0,104.25,8.0,13.0,48.0,1.0,1.0,2.0,6.0,3.0,0.0,0.0,1.0,32.0,32.0,0.3875,0.38095238095238093,0.0128,0.0128,0.1,0.45454545454545453,0.5454545454545454,0.5,1.0,1.0,0.6666666666666667,0.46184210526315794,0.0
20260628_155937_2ee7d04a,20260628_155937_2ee7d04a_g0002,2,1607089391,3,32,32,32,1,3,YELLOW,sweep_1w_500ms,2,1,[1],0,86,2,"{""1"": 96, ""2"": 85, ""3"": 86, ""4"": 79}",False,26.0,-48.0,0.0,21.0,1.0,0.0025,208.0,76.75,223.625,22.0,25.0,18.0,90.5,68.125,609.0,249.625,8.0,13.0,51.0,1.0,1.0,1.0,5.0,5.0,1.0,0.0,0.0,32.0,32.0,0.3875,0.38095238095238093,0.0128,0.0128,0.0925,0.42045454545454547,0.5795454545454546,0.65,1.0,1.0,0.6166666666666667,0.6216216216216216,0.0
20260628_155937_2ee7d04a,20260628_155937_2ee7d04a_g0002,2,1607089391,3,32,32,32,1,4,GREEN,sweep_4w_500ms,3,1,[1],0,79,4,"{""1"": 96, ""2"": 85, ""3"": 86, ""4"": 79}",False,27.0,-46.0,2.0,16.0,1.0,0.0025,247.0,83.625,242.125,22.0,25.0,48.0,74.0,73.125,570.0,269.125,8.0,13.0,50.0,1.0,1.0,2.0,4.0,5.0,1.0,0.0,0.0,32.0,32.0,0.3875,0.38095238095238093,0.0128,0.0128,0.095,0.4318181818181818,0.5681818181818182,0.675,1.0,1.0,0.6083333333333333,0.49307479224376727,0.0
20260628_155937_2ee7d04a,20260628_155937_2ee7d04a_g0002,2,1607089391,4,40,40,40,1,1,RED,sweep_8w_500ms,0,1,[1],1,96,1,"{""1"": 96, ""2"": 85, ""3"": 86, ""4"": 79}",False,32.0,-54.0,0.0,29.0,4.0,0.01,117.0,53.75,116.375,25.0,18.0,24.0,37.5,11.875,292.0,148.375,10.0,11.0,39.0,1.0,1.0,2.0,5.0,2.0,0.0,0.0,0.0,40.0,40.0,0.48,0.47619047619047616,0.016,0.016,0.1225,0.5568181818181818,0.4431818181818182,0.8,1.0,1.0,0.7166666666666667,0.6036519871106337,0.0
20260628_155937_2ee7d04a,20260628_155937_2ee7d04a_g0002,2,1607089391,4,40,40,40,1,2,BLUE,pool_heuristic,1,1,[1],0,85,3,"{""1"": 96, ""2"": 85, ""3"": 86, ""4"": 79}",False,24.0,-70.0,3.0,12.0,4.0,0.01,85.0,43.75,90.5,21.0,14.0,22.5,33.0,0.0,324.0,114.5,10.0,11.0,38.0,1.0,1.0,2.0,6.0,1.0,0.0,0.0,0.0,40.0,40.0,0.48,0.47619047619047616,0.016,0.016,0.125,0.5681818181818182,0.4318181818181818,0.6,1.0,1.0,0.7833333333333333,0.45894736842105266,0.0
20260628_155937_2ee7d04a,20260628_155937_2ee7d04a_g0002,2,1607089391,4,40,40,40,1,3,YELLOW,sweep_1w_500ms,2,1,[1],0,86,2,"{""1"": 96, ""2"": 85, ""3"": 86, ""4"": 79}",False,32.0,-54.0,0.0,32.0,4.0,0.01,77.0,45.0,92.75,23.0,17.0,12.0,27.0,13.75,332.0,124.75,10.0,11.0,42.0,1.0,1.0,1.0,4.0,4.0,1.0,0.0,0.0,40.0,40.0,0.48,0.47619047619047616,0.016,0.016,0.115,0.5227272727272727,0.4772727272727273,0.8,1.0,1.0,0.7166666666666667,0.5594965675057209,0.0
20260628_155937_2ee7d04a,20260628_155937_2ee7d04a_g0002,2,1607089391,4,40,40,40,1,4,GREEN,sweep_4w_500ms,3,1,[1],0,79,4,"{""1"": 96, ""2"": 85, ""3"": 86, ""4"": 79}",False,30.0,-58.0,2.0,24.0,4.0,0.01,130.0,57.625,132.125,24.0,21.0,32.25,28.0,26.875,279.0,162.125,10.0,11.0,41.0,1.0,1.0,2.0,3.0,4.0,1.0,0.0,0.0,40.0,40.0,0.48,0.47619047619047616,0.016,0.016,0.1175,0.5340909090909091,0.4659090909090909,0.75,1.0,1.0,0.7333333333333333,0.4535274356103024,0.0
20260628_155937_2ee7d04a,20260628_155937_2ee7d04a_g0002,2,1607089391,5,48,48,48,1,1,RED,sweep_8w_500ms,0,1,[1],1,96,1,"{""1"": 96, ""2"": 85, ""3"": 86, ""4"": 79}",False,36.0,-52.0,0.0,39.0,11.0,0.0275,54.0,33.875,52.625,23.0,11.0,10.5,5.0,3.125,155.0,88.625,12.0,9.0,31.0,1.0,1.0,2.0,3.0,2.0,0.0,0.0,0.0,48.0,48.0,0.5675,0.5714285714285714,0.0192,0.0192,0.1425,0.6477272727272727,0.3522727272727273,0.9,1.0,1.0,0.7333333333333333,0.6038781163434903,0.0
20260628_155937_2ee7d04a,20260628_155937_2ee7d04a_g0002,2,1607089391,5,48,48,48,1,2,BLUE,pool_heuristic,1,1,[1],0,85,3,"{""1"": 96, ""2"": 85, ""3"": 86, ""4"": 79}",False,23.0,-78.0,3.0,20.0,11.0,0.0275,48.0,29.625,48.0,19.0,9.0,13.5,6.5,0.0,161.0,71.0,12.0,9.0,30.0,1.0,1.0,2.0,4.0,1.0,0.0,0.0,0.0,48.0,48.0,0.5675,0.5714285714285714,0.0192,0.0192,0.145,0.6590909090909091,0.3409090909090909,0.575,1.0,1.0,0.8416666666666666,0.45462794918330307,0.0
20260628_155937_2ee7d04a,20260628_155937_2ee7d04a_g0002,2,1607089391,5,48,48,48,1,3,YELLOW,sweep_1w_500ms,2,1,[1],0,86,2,"{""1"": 96, ""2"": 85, ""3"": 86, ""4"": 79}",False,32.0,-60.0,0.0,38.0,11.0,0.0275,44.0,29.75,49.0,19.0,12.0,3.0,15.0,0.0,165.0,81.0,12.0,9.0,32.0,1.0,1.0,1.0,4.0,2.0,1.0,0.0,0.0,48.0,48.0,0.5675,0.5714285714285714,0.0192,0.0192,0.14,0.6363636363636364,0.36363636363636365,0.8,1.0,1.0,0.7666666666666667,0.5338345864661653,0.0
20260628_155937_2ee7d04a,20260628_155937_2ee7d04a_g0002,2,1607089391,5,48,48,48,1,4,GREEN,sweep_4w_500ms,3,1,[1],0,79,4,"{""1"": 96, ""2"": 85, ""3"": 86, ""4"": 79}",False,33.0,-58.0,2.0,39.0,11.0,0.0275,63.0,38.75,63.25,24.0,14.0,18.0,6.0,1.25,146.0,96.25,12.0,9.0,32.0,1.0,1.0,2.0,2.0,3.0,0.0,0.0,0.0,48.0,48.0,0.5675,0.5714285714285714,0.0192,0.0192,0.14,0.6363636363636364,0.36363636363636365,0.825,1.0,1.0,0.7583333333333333,0.42669172932330834,0.0
20260628_155937_2ee7d04a,20260628_155937_2ee7d04a_g0002,2,1607089391,6,56,56,56,1,1,RED,sweep_8w_500ms,0,1,[1],1,96,1,"{""1"": 96, ""2"": 85, ""3"": 86, ""4"": 79}",False,36.0,-49.0,0.0,45.0,14.0,0.035,28.0,23.75,30.25,21.0,0.0,5.25,4.0,0.0,81.0,66.25,14.0,7.0,25.0,1.0,0.0,2.0,2.0,2.0,0.0,0.0,0.0,56.0,56.0,0.6325,0.6666666666666666,0.0224,0.0224,0.1575,0.7159090909090909,0.2840909090909091,0.9,1.0,1.0,0.7083333333333333,0.5989974937343359,0.0
20260628_155937_2ee7d04a,20260628_155937_2ee7d04a_g0002,2,1607089391,6,56,56,56,1,2,BLUE,pool_heuristic,1,1,[1],0,85,3,"{""1"": 96, ""2"": 85, ""3"": 86, ""4"": 79}",False,22.0,-77.0,3.0,27.0,14.0,0.035,35.0,24.875,38.5,17.0,8.0,7.5,3.5,2.5,74.0,60.5,14.0,7.0,23.0,1.0,1.0,1.0,3.0,1.0,0.0,0.0,0.0,56.0,56.0,0.6325,0.6666666666666666,0.0224,0.0224,0.1625,0.7386363636363636,0.26136363636363635,0.55,1.0,1.0,0.825,0.42591093117408907,0.0
20260628_155937_2ee7d04a,20260628_155937_2ee7d04a_g0002,2,1607089391,6,56,56,56,1,3,YELLOW,sweep_1w_500ms,2,1,[1],0,86,2,"{""1"": 96, ""2"": 85, ""3"": 86, ""4"": 79}",False,33.0,-55.0,0.0,46.0,14.0,0.035,15.0,7.5,18.0,0.0,11.0,3.0,4.0,0.0,94.0,51.0,14.0,7.0,27.0,0.0,1.0,1.0,3.0,2.0,1.0,0.0,0.0,56.0,56.0,0.6325,0.6666666666666666,0.0224,0.0224,0.1525,0.6931818181818182,0.3068181818181818,0.825,1.0,1.0,0.7333333333333333,0.5314926660914582,0.0
20260628_155937_2ee7d04a,20260628_155937_2ee7d04a_g0002,2,1607089391,6,56,56,56,1,4,GREEN,sweep_4w_500ms,3,1,[1],0,79,4,"{""1"": 96, ""2"": 85, ""3"": 86, ""4"": 79}",False,30.0,-61.0,2.0,48.0,14.0,0.035,31.0,23.125,29.5,18.0,8.0,3.0,0.5,0.0,78.0,59.5,14.0,7.0,24.0,1.0,1.0,1.0,2.0,2.0,0.0,0.0,0.0,56.0,56.0,0.6325,0.6666666666666666,0.0224,0.0224,0.16,0.7272727272727273,0.2727272727272727,0.75,0.9166666666666666,1.0,0.7583333333333333,0.3980263157894737,0.0
20260628_155937_2ee7d04a,20260628_155937_2ee7d04a_g0002,2,1607089391,7,64,64,64,1,1,RED,sweep_8w_500ms,0,1,[1],1,96,1,"{""1"": 96, ""2"": 85, ""3"": 86, ""4"": 79}",False,37.0,-42.0,0.0,57.0,21.0,0.0525,19.0,17.5,18.5,17.0,0.0,1.5,0.0,0.0,38.0,55.5,16.0,5.0,16.0,1.0,0.0,2.0,1.0,1.0,0.0,0.0,0.0,64.0,64.0,0.71,0.7619047619047619,0.0256,0.0256,0.18,0.8181818181818182,0.18181818181818182,0.925,0.8833333333333333,1.0,0.6583333333333333,0.5847953216374269,0.0
20260628_155937_2ee7d04a,20260628_155937_2ee7d04a_g0002,2,1607089391,7,64,64,64,1,2,BLUE,pool_heuristic,1,1,[1],0,85,3,"{""1"": 96, ""2"": 85, ""3"": 86, ""4"": 79}",False,20.0,-76.0,3.0,41.0,21.0,0.0525,19.0,15.5,19.5,12.0,6.0,1.5,0.0,0.0,38.0,39.5,16.0,5.0,14.0,1.0,1.0,1.0,2.0,0.0,0.0,0.0,0.0,64.0,64.0,0.71,0.7619047619047619,0.0256,0.0256,0.185,0.8409090909090909,0.1590909090909091,0.5,0.6833333333333333,0.8,0.8,0.42105263157894735,0.0
20260628_155937_2ee7d04a,20260628_155937_2ee7d04a_g0002,2,1607089391,7,64,64,64,1,3,YELLOW,sweep_1w_500ms,2,1,[1],0,86,2,"{""1"": 96, ""2"": 85, ""3"": 86, ""4"": 79}",False,32.0,-52.0,0.0,55.0,21.0,0.0525,0.0,0.0,0.0,0.0,0.0,0.0,0.0,0.0,57.0,32.0,16.0,5.0,21.0,0.0,0.0,1.0,2.0,2.0,1.0,0.0,0.0,64.0,64.0,0.71,0.7619047619047619,0.0256,0.0256,0.1675,0.7613636363636364,0.23863636363636365,0.8,0.9666666666666667,1.0,0.7,0.5271013354281225,0.0
20260628_155937_2ee7d04a,20260628_155937_2ee7d04a_g0002,2,1607089391,7,64,64,64,1,4,GREEN,sweep_4w_500ms,3,1,[1],0,79,4,"{""1"": 96, ""2"": 85, ""3"": 86, ""4"": 79}",False,27.0,-62.0,2.0,57.0,21.0,0.0525,19.0,16.5,19.0,14.0,5.0,0.0,0.0,0.0,38.0,46.0,16.0,5.0,17.0,1.0,1.0,0.0,1.0,2.0,0.0,0.0,0.0,64.0,64.0,0.71,0.7619047619047619,0.0256,0.0256,0.1775,0.8068181818181818,0.19318181818181818,0.675,0.5666666666666667,1.0,0.7416666666666667,0.41438102297998514,0.0
20260628_155937_2ee7d04a,20260628_155937_2ee7d04a_g0003,3,702462166,0,8,8,8,1,1,RED,pool_heuristic,0,3,[3],0,84,3,"{""1"": 84, ""2"": 87, ""3"": 89, ""4"": 77}",False,7.0,-18.0,9.0,0.0,0.0,0.0,415.0,106.875,432.125,7.0,12.0,34.5,133.0,245.625,1489.0,439.125,2.0,19.0,78.0,1.0,1.0,2.0,6.0,9.0,1.0,1.0,1.0,8.0,8.0,0.1,0.09523809523809523,0.0032,0.0032,0.025,0.11363636363636363,0.8863636363636364,0.175,1.0,1.0,0.20833333333333334,0.2421052631578947,0.0
20260628_155937_2ee7d04a,20260628_155937_2ee7d04a_g0003,3,702462166,0,8,8,8,1,2,BLUE,sweep_1w_500ms,1,3,[3],0,87,2,"{""1"": 84, ""2"": 87, ""3"": 89, ""4"": 77}",False,8.0,-16.0,8.0,0.0,0.0,0.0,519.0,126.125,510.5,8.0,14.0,40.5,160.5,287.5,1385.0,518.5,2.0,19.0,78.0,1.0,1.0,2.0,6.0,9.0,1.0,0.0,1.0,8.0,8.0,0.1,0.09523809523809523,0.0032,0.0032,0.025,0.11363636363636363,0.8863636363636364,0.2,1.0,1.0,0.2,0.26315789473684215,0.0
20260628_155937_2ee7d04a,20260628_155937_2ee7d04a_g0003,3,702462166,0,8,8,8,1,3,YELLOW,sweep_4w_500ms,2,3,[3],1,89,1,"{""1"": 84, ""2"": 87, ""3"": 89, ""4"": 77}",False,8.0,-16.0,9.0,0.0,0.0,0.0,404.0,96.125,382.0,8.0,11.0,30.75,118.5,213.75,1500.0,390.0,2.0,19.0,78.0,1.0,1.0,2.0,6.0,9.0,1.0,1.0,0.0,8.0,8.0,0.1,0.09523809523809523,0.0032,0.0032,0.025,0.11363636363636363,0.8863636363636364,0.2,1.0,1.0,0.2,0.20526315789473681,0.0
20260628_155937_2ee7d04a,20260628_155937_2ee7d04a_g0003,3,702462166,0,8,8,8,1,4,GREEN,sweep_8w_500ms,3,3,[3],0,77,4,"{""1"": 84, ""2"": 87, ""3"": 89, ""4"": 77}",False,9.0,-14.0,9.0,0.0,0.0,0.0,566.0,138.625,558.625,9.0,16.0,45.75,176.0,311.875,1338.0,567.625,2.0,19.0,78.0,1.0,1.0,2.0,6.0,9.0,1.0,0.0,1.0,8.0,8.0,0.1,0.09523809523809523,0.0032,0.0032,0.025,0.11363636363636363,0.8863636363636364,0.225,1.0,1.0,0.19166666666666668,0.2578947368421053,0.0
20260628_155937_2ee7d04a,20260628_155937_2ee7d04a_g0003,3,702462166,1,16,16,16,1,1,RED,pool_heuristic,0,3,[3],0,84,3,"{""1"": 84, ""2"": 87, ""3"": 89, ""4"": 77}",False,13.0,-35.0,2.0,0.0,0.0,0.0,443.0,124.25,466.125,13.0,20.0,45.75,170.5,216.875,1863.0,479.125,4.0,17.0,68.0,1.0,1.0,2.0,6.0,7.0,1.0,1.0,1.0,16.0,16.0,0.1975,0.19047619047619047,0.0064,0.0064,0.05,0.22727272727272727,0.7727272727272727,0.325,1.0,1.0,0.4,0.46578947368421053,0.0
20260628_155937_2ee7d04a,20260628_155937_2ee7d04a_g0003,3,702462166,1,16,16,16,1,2,BLUE,sweep_1w_500ms,1,3,[3],0,87,2,"{""1"": 84, ""2"": 87, ""3"": 89, ""4"": 77}",False,17.0,-27.0,1.0,2.0,0.0,0.0,598.0,153.125,577.0,15.0,23.0,60.0,216.5,262.5,1708.0,594.0,4.0,17.0,68.0,1.0,1.0,2.0,6.0,7.0,1.0,0.0,0.0,16.0,16.0,0.1975,0.19047619047619047,0.0064,0.0064,0.05,0.22727272727272727,0.7727272727272727,0.425,1.0,1.0,0.36666666666666664,0.5210526315789474,0.0
20260628_155937_2ee7d04a,20260628_155937_2ee7d04a_g0003,3,702462166,1,16,16,16,1,3,YELLOW,sweep_4w_500ms,2,3,[3],1,89,1,"{""1"": 84, ""2"": 87, ""3"": 89, ""4"": 77}",False,15.0,-31.0,0.0,2.0,0.0,0.0,601.0,144.875,560.0,14.0,20.0,55.5,165.5,305.0,1705.0,575.0,4.0,17.0,69.0,1.0,1.0,2.0,5.0,8.0,1.0,0.0,0.0,16.0,16.0,0.1975,0.19047619047619047,0.0064,0.0064,0.0475,0.2159090909090909,0.7840909090909091,0.375,1.0,1.0,0.38333333333333336,0.44321329639889195,0.0
20260628_155937_2ee7d04a,20260628_155937_2ee7d04a_g0003,3,702462166,1,16,16,16,1,4,GREEN,sweep_8w_500ms,3,3,[3],0,77,4,"{""1"": 84, ""2"": 87, ""3"": 89, ""4"": 77}",False,16.0,-29.0,1.0,0.0,0.0,0.0,664.0,171.0,641.125,16.0,27.0,70.5,249.5,278.125,1642.0,657.125,4.0,17.0,68.0,1.0,1.0,2.0,6.0,7.0,1.0,0.0,0.0,16.0,16.0,0.1975,0.19047619047619047,0.0064,0.0064,0.05,0.22727272727272727,0.7727272727272727,0.4,1.0,1.0,0.375,0.45789473684210524,0.0
20260628_155937_2ee7d04a,20260628_155937_2ee7d04a_g0003,3,702462166,2,24,24,24,1,1,RED,pool_heuristic,0,3,[3],0,84,3,"{""1"": 84, ""2"": 87, ""3"": 89, ""4"": 77}",False,19.0,-43.0,2.0,8.0,0.0,0.0,376.0,123.375,432.5,16.0,24.0,56.25,187.5,148.75,1326.0,451.5,6.0,15.0,58.0,1.0,1.0,2.0,6.0,5.0,1.0,1.0,1.0,24.0,24.0,0.2925,0.2857142857142857,0.0096,0.0096,0.075,0.3409090909090909,0.6590909090909091,0.475,1.0,1.0,0.5166666666666667,0.5140350877192983,0.0
20260628_155937_2ee7d04a,20260628_155937_2ee7d04a_g0003,3,702462166,2,24,24,24,1,2,BLUE,sweep_1w_500ms,1,3,[3],0,87,2,"{""1"": 84, ""2"": 87, ""3"": 89, ""4"": 77}",False,22.0,-37.0,1.0,10.0,0.0,0.0,538.0,145.5,536.625,16.0,25.0,63.0,189.5,243.125,1164.0,558.625,6.0,15.0,59.0,1.0,1.0,2.0,5.0,6.0,1.0,0.0,0.0,24.0,24.0,0.2925,0.2857142857142857,0.0096,0.0096,0.0725,0.32954545454545453,0.6704545454545454,0.55,1.0,1.0,0.4916666666666667,0.5644283121597096,0.0
20260628_155937_2ee7d04a,20260628_155937_2ee7d04a_g0003,3,702462166,2,24,24,24,1,3,YELLOW,sweep_4w_500ms,2,3,[3],1,89,1,"{""1"": 84, ""2"": 87, ""3"": 89, ""4"": 77}",False,22.0,-37.0,0.0,13.0,0.0,0.0,320.0,94.75,323.0,16.0,19.0,43.5,117.0,127.5,1382.0,345.0,6.0,15.0,59.0,1.0,1.0,2.0,5.0,6.0,1.0,0.0,0.0,24.0,24.0,0.2925,0.2857142857142857,0.0096,0.0096,0.0725,0.32954545454545453,0.6704545454545454,0.55,1.0,1.0,0.4916666666666667,0.5390199637023594,0.0
20260628_155937_2ee7d04a,20260628_155937_2ee7d04a_g0003,3,702462166,2,24,24,24,1,4,GREEN,sweep_8w_500ms,3,3,[3],0,77,4,"{""1"": 84, ""2"": 87, ""3"": 89, ""4"": 77}",False,18.0,-45.0,1.0,5.0,0.0,0.0,468.0,132.125,466.0,18.0,26.0,61.5,170.5,190.0,1234.0,484.0,6.0,15.0,59.0,1.0,1.0,2.0,5.0,6.0,1.0,0.0,0.0,24.0,24.0,0.2925,0.2857142857142857,0.0096,0.0096,0.0725,0.32954545454545453,0.6704545454545454,0.45,1.0,1.0,0.525,0.5408348457350273,0.0
20260628_155937_2ee7d04a,20260628_155937_2ee7d04a_g0003,3,702462166,3,32,32,32,1,1,RED,pool_heuristic,0,3,[3],0,84,3,"{""1"": 84, ""2"": 87, ""3"": 89, ""4"": 77}",False,23.0,-53.0,2.0,16.0,5.0,0.0125,301.0,104.5,344.5,17.0,22.0,51.0,172.0,82.5,841.0,367.5,8.0,13.0,48.0,1.0,1.0,2.0,6.0,3.0,0.0,1.0,1.0,32.0,32.0,0.385,0.38095238095238093,0.0128,0.0128,0.1,0.45454545454545453,0.5454545454545454,0.575,1.0,1.0,0.6333333333333333,0.5223684210526316,0.0
20260628_155937_2ee7d04a,20260628_155937_2ee7d04a_g0003,3,702462166,3,32,32,32,1,2,BLUE,sweep_1w_500ms,1,3,[3],0,87,2,"{""1"": 84, ""2"": 87, ""3"": 89, ""4"": 77}",False,28.0,-43.0,1.0,17.0,5.0,0.0125,359.0,110.875,359.875,20.0,30.0,60.0,118.0,131.875,783.0,387.875,8.0,13.0,50.0,1.0,1.0,2.0,4.0,5.0,1.0,0.0,0.0,32.0,32.0,0.385,0.38095238095238093,0.0128,0.0128,0.095,0.4318181818181818,0.5681818181818182,0.7,1.0,1.0,0.5916666666666667,0.5401662049861495,0.0
20260628_155937_2ee7d04a,20260628_155937_2ee7d04a_g0003,3,702462166,3,32,32,32,1,3,YELLOW,sweep_4w_500ms,2,3,[3],1,89,1,"{""1"": 84, ""2"": 87, ""3"": 89, ""4"": 77}",False,26.0,-47.0,0.0,20.0,5.0,0.0125,301.0,91.75,288.875,20.0,22.0,49.5,95.5,101.875,841.0,314.875,8.0,13.0,50.0,1.0,1.0,2.0,4.0,5.0,1.0,0.0,0.0,32.0,32.0,0.385,0.38095238095238093,0.0128,0.0128,0.095,0.4318181818181818,0.5681818181818182,0.65,1.0,1.0,0.6083333333333333,0.5526315789473684,0.0
20260628_155937_2ee7d04a,20260628_155937_2ee7d04a_g0003,3,702462166,3,32,32,32,1,4,GREEN,sweep_8w_500ms,3,3,[3],0,77,4,"{""1"": 84, ""2"": 87, ""3"": 89, ""4"": 77}",False,22.0,-55.0,1.0,11.0,5.0,0.0125,181.0,69.375,187.375,21.0,23.0,39.75,58.0,45.625,961.0,209.375,8.0,13.0,50.0,1.0,1.0,2.0,4.0,5.0,1.0,0.0,0.0,32.0,32.0,0.385,0.38095238095238093,0.0128,0.0128,0.095,0.4318181818181818,0.5681818181818182,0.55,1.0,1.0,0.6416666666666667,0.5138504155124655,0.0
20260628_155937_2ee7d04a,20260628_155937_2ee7d04a_g0003,3,702462166,4,40,40,40,1,1,RED,pool_heuristic,0,3,[3],0,84,3,"{""1"": 84, ""2"": 87, ""3"": 89, ""4"": 77}",False,25.0,-58.0,2.0,21.0,7.0,0.0175,143.0,58.0,155.25,18.0,16.0,29.25,77.0,15.0,365.0,180.25,10.0,11.0,38.0,1.0,1.0,2.0,6.0,1.0,0.0,0.0,1.0,40.0,40.0,0.4725,0.47619047619047616,0.016,0.016,0.125,0.5681818181818182,0.4318181818181818,0.625,1.0,1.0,0.6916666666666667,0.5147368421052632,0.0
20260628_155937_2ee7d04a,20260628_155937_2ee7d04a_g0003,3,702462166,4,40,40,40,1,2,BLUE,sweep_1w_500ms,1,3,[3],0,87,2,"{""1"": 84, ""2"": 87, ""3"": 89, ""4"": 77}",False,32.0,-44.0,1.0,24.0,7.0,0.0175,177.0,75.25,201.75,23.0,28.0,46.5,38.0,66.25,331.0,233.75,10.0,11.0,42.0,1.0,1.0,2.0,2.0,5.0,1.0,0.0,0.0,40.0,40.0,0.4725,0.47619047619047616,0.016,0.016,0.115,0.5227272727272727,0.4772727272727273,0.8,1.0,1.0,0.6333333333333333,0.5308924485125859,0.0
20260628_155937_2ee7d04a,20260628_155937_2ee7d04a_g0003,3,702462166,4,40,40,40,1,3,YELLOW,sweep_4w_500ms,2,3,[3],1,89,1,"{""1"": 84, ""2"": 87, ""3"": 89, ""4"": 77}",False,28.0,-52.0,0.0,31.0,7.0,0.0175,57.0,31.5,60.5,18.0,10.0,9.0,16.0,7.5,451.0,88.5,10.0,11.0,42.0,1.0,1.0,1.0,4.0,4.0,1.0,0.0,0.0,40.0,40.0,0.4725,0.47619047619047616,0.016,0.016,0.115,0.5227272727272727,0.4772727272727273,0.7,1.0,1.0,0.6666666666666667,0.5549199084668193,0.0
20260628_155937_2ee7d04a,20260628_155937_2ee7d04a_g0003,3,702462166,4,40,40,40,1,4,GREEN,sweep_8w_500ms,3,3,[3],0,77,4,"{""1"": 84, ""2"": 87, ""3"": 89, ""4"": 77}",False,23.0,-62.0,1.0,17.0,7.0,0.0175,131.0,57.75,138.5,22.0,21.0,33.0,35.0,27.5,377.0,161.5,10.0,11.0,41.0,1.0,1.0,2.0,3.0,4.0,1.0,0.0,0.0,40.0,40.0,0.4725,0.47619047619047616,0.016,0.016,0.1175,0.5340909090909091,0.4659090909090909,0.575,1.0,1.0,0.7083333333333333,0.48376259798432253,0.0
20260628_155937_2ee7d04a,20260628_155937_2ee7d04a_g0003,3,702462166,5,48,48,48,1,1,RED,pool_heuristic,0,3,[3],0,84,3,"{""1"": 84, ""2"": 87, ""3"": 89, ""4"": 77}",False,24.0,-64.0,2.0,28.0,17.0,0.0425,79.0,34.25,77.75,14.0,11.0,18.75,34.0,0.0,185.0,101.75,12.0,9.0,29.0,1.0,1.0,2.0,5.0,0.0,0.0,0.0,0.0,48.0,48.0,0.5575,0.5714285714285714,0.0192,0.0192,0.1475,0.6704545454545454,0.32954545454545453,0.6,1.0,0.8,0.7333333333333333,0.5129348795718109,0.0
20260628_155937_2ee7d04a,20260628_155937_2ee7d04a_g0003,3,702462166,5,48,48,48,1,2,BLUE,sweep_1w_500ms,1,3,[3],0,87,2,"{""1"": 84, ""2"": 87, ""3"": 89, ""4"": 77}",False,35.0,-42.0,1.0,34.0,17.0,0.0425,91.0,50.375,117.375,22.0,21.0,13.5,24.0,36.875,173.0,152.375,12.0,9.0,34.0,1.0,1.0,1.0,2.0,4.0,1.0,0.0,0.0,48.0,48.0,0.5575,0.5714285714285714,0.0192,0.0192,0.135,0.6136363636363636,0.38636363636363635,0.875,1.0,1.0,0.6416666666666667,0.5155945419103314,0.0
20260628_155937_2ee7d04a,20260628_155937_2ee7d04a_g0003,3,702462166,5,48,48,48,1,3,YELLOW,sweep_4w_500ms,2,3,[3],1,89,1,"{""1"": 84, ""2"": 87, ""3"": 89, ""4"": 77}",False,28.0,-56.0,0.0,37.0,17.0,0.0425,35.0,23.875,40.125,16.0,6.0,6.0,9.0,3.125,229.0,68.125,12.0,9.0,33.0,1.0,1.0,1.0,3.0,3.0,1.0,0.0,0.0,48.0,48.0,0.5575,0.5714285714285714,0.0192,0.0192,0.1375,0.625,0.375,0.7,1.0,1.0,0.7,0.5349282296650718,0.0
20260628_155937_2ee7d04a,20260628_155937_2ee7d04a_g0003,3,702462166,5,48,48,48,1,4,GREEN,sweep_8w_500ms,3,3,[3],0,77,4,"{""1"": 84, ""2"": 87, ""3"": 89, ""4"": 77}",False,25.0,-62.0,1.0,27.0,17.0,0.0425,59.0,34.25,64.5,19.0,13.0,9.0,21.0,2.5,205.0,89.5,12.0,9.0,33.0,1.0,1.0,1.0,3.0,3.0,1.0,0.0,0.0,48.0,48.0,0.5575,0.5714285714285714,0.0192,0.0192,0.1375,0.625,0.375,0.625,1.0,1.0,0.725,0.46028708133971297,0.0
20260628_155937_2ee7d04a,20260628_155937_2ee7d04a_g0003,3,702462166,6,56,56,56,1,1,RED,pool_heuristic,0,3,[3],0,84,3,"{""1"": 84, ""2"": 87, ""3"": 89, ""4"": 77}",False,24.0,-57.0,2.0,39.0,29.0,0.0725,27.0,19.0,27.0,14.0,5.0,6.0,2.0,0.0,67.0,51.0,14.0,7.0,21.0,1.0,1.0,2.0,3.0,0.0,0.0,0.0,0.0,56.0,56.0,0.6425,0.6666666666666666,0.0224,0.0224,0.1675,0.7613636363636364,0.23863636363636365,0.6,1.0,0.8,0.675,0.48625294579732914,0.0
20260628_155937_2ee7d04a,20260628_155937_2ee7d04a_g0003,3,702462166,6,56,56,56,1,2,BLUE,sweep_1w_500ms,1,3,[3],0,87,2,"{""1"": 84, ""2"": 87, ""3"": 89, ""4"": 77}",False,31.0,-43.0,1.0,48.0,29.0,0.0725,29.0,21.0,33.5,13.0,10.0,4.5,6.0,0.0,65.0,64.5,14.0,7.0,24.0,1.0,1.0,1.0,2.0,2.0,1.0,0.0,0.0,56.0,56.0,0.6425,0.6666666666666666,0.0224,0.0224,0.16,0.7272727272727273,0.2727272727272727,0.775,1.0,1.0,0.6166666666666667,0.5016447368421053,0.0
20260628_155937_2ee7d04a,20260628_155937_2ee7d04a_g0003,3,702462166,6,56,56,56,1,3,YELLOW,sweep_4w_500ms,2,3,[3],1,89,1,"{""1"": 84, ""2"": 87, ""3"": 89, ""4"": 77}",False,26.0,-53.0,0.0,43.0,29.0,0.0725,11.0,11.0,11.0,11.0,0.0,0.0,0.0,0.0,83.0,37.0,14.0,7.0,24.0,1.0,1.0,1.0,2.0,2.0,1.0,0.0,0.0,56.0,56.0,0.6425,0.6666666666666666,0.0224,0.0224,0.16,0.7272727272727273,0.2727272727272727,0.65,0.5333333333333333,1.0,0.6583333333333333,0.5197368421052632,0.0
20260628_155937_2ee7d04a,20260628_155937_2ee7d04a_g0003,3,702462166,6,56,56,56,1,4,GREEN,sweep_8w_500ms,3,3,[3],0,77,4,"{""1"": 84, ""2"": 87, ""3"": 89, ""4"": 77}",False,24.0,-57.0,1.0,36.0,29.0,0.0725,27.0,20.25,32.25,14.0,7.0,0.0,10.0,1.25,67.0,56.25,14.0,7.0,26.0,1.0,1.0,0.0,2.0,3.0,1.0,0.0,0.0,56.0,56.0,0.6425,0.6666666666666666,0.0224,0.0224,0.155,0.7045454545454546,0.29545454545454547,0.6,0.95,1.0,0.675,0.47962648556876064,0.0
20260628_155937_2ee7d04a,20260628_155937_2ee7d04a_g0003,3,702462166,7,64,64,64,1,1,RED,pool_heuristic,0,3,[3],0,84,3,"{""1"": 84, ""2"": 87, ""3"": 89, ""4"": 77}",False,23.0,-55.0,2.0,52.0,41.0,0.1025,12.0,11.5,12.5,11.0,0.0,1.5,0.0,0.0,33.0,35.5,16.0,5.0,15.0,1.0,0.0,2.0,2.0,0.0,0.0,0.0,0.0,64.0,64.0,0.7025,0.7619047619047619,0.0256,0.0256,0.1825,0.8295454545454546,0.17045454545454544,0.575,0.6333333333333333,0.8,0.65,0.48089401586157177,0.0
20260628_155937_2ee7d04a,20260628_155937_2ee7d04a_g0003,3,702462166,7,64,64,64,1,2,BLUE,sweep_1w_500ms,1,3,[3],0,87,2,"{""1"": 84, ""2"": 87, ""3"": 89, ""4"": 77}",False,31.0,-39.0,1.0,57.0,41.0,0.1025,21.0,15.0,23.0,9.0,8.0,6.0,0.0,0.0,24.0,54.0,16.0,5.0,16.0,1.0,1.0,1.0,0.0,2.0,1.0,0.0,0.0,64.0,64.0,0.7025,0.7619047619047619,0.0256,0.0256,0.18,0.8181818181818182,0.18181818181818182,0.775,1.0,1.0,0.5833333333333333,0.4912280701754387,0.0
20260628_155937_2ee7d04a,20260628_155937_2ee7d04a_g0003,3,702462166,7,64,64,64,1,3,YELLOW,sweep_4w_500ms,2,3,[3],1,89,1,"{""1"": 84, ""2"": 87, ""3"": 89, ""4"": 77}",False,26.0,-49.0,0.0,46.0,41.0,0.1025,2.0,1.0,3.5,0.0,0.0,1.5,2.0,0.0,43.0,29.5,16.0,5.0,21.0,0.0,0.0,1.0,2.0,2.0,1.0,0.0,0.0,64.0,64.0,0.7025,0.7619047619047619,0.0256,0.0256,0.1675,0.7613636363636364,0.23863636363636365,0.65,0.6,1.0,0.625,0.5074626865671642,0.0
20260628_155937_2ee7d04a,20260628_155937_2ee7d04a_g0003,3,702462166,7,64,64,64,1,4,GREEN,sweep_8w_500ms,3,3,[3],0,77,4,"{""1"": 84, ""2"": 87, ""3"": 89, ""4"": 77}",False,21.0,-59.0,1.0,40.0,41.0,0.1025,10.0,10.0,10.0,10.0,0.0,0.0,0.0,0.0,35.0,31.0,16.0,5.0,19.0,1.0,0.0,0.0,2.0,2.0,1.0,0.0,0.0,64.0,64.0,0.7025,0.7619047619047619,0.0256,0.0256,0.1725,0.7840909090909091,0.2159090909090909,0.525,0.5666666666666667,1.0,0.6666666666666667,0.4691075514874141,0.0
20260628_155937_2ee7d04a,20260628_155937_2ee7d04a_g0004,4,1356370075,0,8,8,8,1,1,RED,sweep_1w_500ms,0,1,[1],1,118,1,"{""1"": 118, ""2"": 89, ""3"": 81, ""4"": 74}",False,8.0,-18.0,9.0,0.0,0.0,0.0,526.0,122.5,500.25,8.0,14.0,40.5,129.0,308.75,1646.0,508.25,2.0,19.0,79.0,1.0,1.0,2.0,5.0,10.0,1.0,0.0,1.0,8.0,8.0,0.0975,0.09523809523809523,0.0032,0.0032,0.0225,0.10227272727272728,0.8977272727272727,0.2,1.0,1.0,0.21666666666666665,0.23976608187134507,0.0
20260628_155937_2ee7d04a,20260628_155937_2ee7d04a_g0004,4,1356370075,0,8,8,8,1,2,BLUE,sweep_4w_500ms,1,1,[1],0,89,2,"{""1"": 118, ""2"": 89, ""3"": 81, ""4"": 74}",False,9.0,-16.0,9.0,0.0,0.0,0.0,584.0,131.75,527.0,9.0,16.0,44.25,169.0,288.75,1588.0,536.0,2.0,19.0,78.0,1.0,1.0,2.0,6.0,9.0,1.0,0.0,0.0,8.0,8.0,0.0975,0.09523809523809523,0.0032,0.0032,0.025,0.11363636363636363,0.8863636363636364,0.225,1.0,1.0,0.20833333333333334,0.23684210526315785,0.0
20260628_155937_2ee7d04a,20260628_155937_2ee7d04a_g0004,4,1356370075,0,8,8,8,1,3,YELLOW,sweep_8w_500ms,2,1,[1],0,81,3,"{""1"": 118, ""2"": 89, ""3"": 81, ""4"": 74}",False,9.0,-16.0,9.0,0.0,0.0,0.0,543.0,122.625,488.75,9.0,15.0,41.25,153.5,270.0,1629.0,497.75,2.0,19.0,78.0,1.0,1.0,2.0,6.0,9.0,1.0,0.0,0.0,8.0,8.0,0.0975,0.09523809523809523,0.0032,0.0032,0.025,0.11363636363636363,0.8863636363636364,0.225,1.0,1.0,0.20833333333333334,0.23684210526315785,0.0
20260628_155937_2ee7d04a,20260628_155937_2ee7d04a_g0004,4,1356370075,0,8,8,8,1,4,GREEN,pool_heuristic,3,1,[1],0,74,4,"{""1"": 118, ""2"": 89, ""3"": 81, ""4"": 74}",False,8.0,-18.0,8.0,0.0,0.0,0.0,519.0,126.125,510.5,8.0,14.0,40.5,160.5,287.5,1653.0,518.5,2.0,19.0,78.0,1.0,1.0,2.0,6.0,9.0,1.0,0.0,1.0,8.0,8.0,0.0975,0.09523809523809523,0.0032,0.0032,0.025,0.11363636363636363,0.8863636363636364,0.2,1.0,1.0,0.21666666666666665,0.26315789473684215,0.0
20260628_155937_2ee7d04a,20260628_155937_2ee7d04a_g0004,4,1356370075,1,16,16,16,1,1,RED,sweep_1w_500ms,0,1,[1],1,118,1,"{""1"": 118, ""2"": 89, ""3"": 81, ""4"": 74}",False,18.0,-25.0,5.0,0.0,0.0,0.0,919.0,219.125,852.625,18.0,31.0,87.0,266.0,450.625,1896.0,870.625,4.0,17.0,69.0,1.0,1.0,2.0,5.0,8.0,1.0,0.0,0.0,16.0,16.0,0.1975,0.19047619047619047,0.0064,0.0064,0.0475,0.2159090909090909,0.7840909090909091,0.45,1.0,1.0,0.35833333333333334,0.4349030470914128,0.0
20260628_155937_2ee7d04a,20260628_155937_2ee7d04a_g0004,4,1356370075,1,16,16,16,1,2,BLUE,sweep_4w_500ms,1,1,[1],0,89,2,"{""1"": 118, ""2"": 89, ""3"": 81, ""4"": 74}",False,16.0,-29.0,0.0,0.0,0.0,0.0,870.0,216.75,841.0,16.0,29.0,84.0,317.0,395.0,1945.0,857.0,4.0,17.0,68.0,1.0,1.0,2.0,6.0,7.0,1.0,0.0,0.0,16.0,16.0,0.1975,0.19047619047619047,0.0064,0.0064,0.05,0.22727272727272727,0.7727272727272727,0.4,1.0,1.0,0.375,0.49473684210526314,0.0
20260628_155937_2ee7d04a,20260628_155937_2ee7d04a_g0004,4,1356370075,1,16,16,16,1,3,YELLOW,sweep_8w_500ms,2,1,[1],0,81,3,"{""1"": 118, ""2"": 89, ""3"": 81, ""4"": 74}",False,15.0,-31.0,4.0,2.0,0.0,0.0,674.0,164.125,620.625,15.0,24.0,66.75,238.0,276.875,2141.0,635.625,4.0,17.0,68.0,1.0,1.0,2.0,6.0,7.0,0.0,0.0,0.0,16.0,16.0,0.1975,0.19047619047619047,0.0064,0.0064,0.05,0.22727272727272727,0.7727272727272727,0.375,1.0,1.0,0.38333333333333336,0.43947368421052635,0.0
20260628_155937_2ee7d04a,20260628_155937_2ee7d04a_g0004,4,1356370075,1,16,16,16,1,4,GREEN,pool_heuristic,3,1,[1],0,74,4,"{""1"": 118, ""2"": 89, ""3"": 81, ""4"": 74}",False,12.0,-37.0,5.0,2.0,0.0,0.0,352.0,102.5,379.0,11.0,17.0,43.5,140.0,167.5,2463.0,391.0,4.0,17.0,68.0,1.0,1.0,2.0,6.0,7.0,1.0,0.0,1.0,16.0,16.0,0.1975,0.19047619047619047,0.0064,0.0064,0.05,0.22727272727272727,0.7727272727272727,0.3,1.0,1.0,0.4083333333333333,0.39210526315789473,0.0
20260628_155937_2ee7d04a,20260628_155937_2ee7d04a_g0004,4,1356370075,2,24,24,24,1,1,RED,sweep_1w_500ms,0,1,[1],1,118,1,"{""1"": 118, ""2"": 89, ""3"": 81, ""4"": 74}",False,23.0,-32.0,0.0,4.0,4.0,0.01,622.0,164.625,584.0,22.0,31.0,76.5,214.5,240.0,1021.0,607.0,6.0,15.0,59.0,1.0,1.0,2.0,5.0,6.0,1.0,0.0,0.0,24.0,24.0,0.2975,0.2857142857142857,0.0096,0.0096,0.0725,0.32954545454545453,0.6704545454545454,0.575,1.0,1.0,0.4583333333333333,0.5644283121597096,0.0
20260628_155937_2ee7d04a,20260628_155937_2ee7d04a_g0004,4,1356370075,2,24,24,24,1,2,BLUE,sweep_4w_500ms,1,1,[1],0,89,2,"{""1"": 118, ""2"": 89, ""3"": 81, ""4"": 74}",False,20.0,-38.0,0.0,10.0,4.0,0.01,418.0,116.75,414.125,15.0,21.0,51.0,176.5,150.625,1225.0,434.125,6.0,15.0,58.0,1.0,1.0,2.0,6.0,5.0,1.0,0.0,0.0,24.0,24.0,0.2975,0.2857142857142857,0.0096,0.0096,0.075,0.3409090909090909,0.6590909090909091,0.5,1.0,1.0,0.4833333333333333,0.5877192982456141,0.0
20260628_155937_2ee7d04a,20260628_155937_2ee7d04a_g0004,4,1356370075,2,24,24,24,1,3,YELLOW,sweep_8w_500ms,2,1,[1],0,81,3,"{""1"": 118, ""2"": 89, ""3"": 81, ""4"": 74}",False,20.0,-38.0,4.0,9.0,4.0,0.01,432.0,124.5,426.625,18.0,24.0,60.75,189.5,134.375,1211.0,446.625,6.0,15.0,58.0,1.0,1.0,2.0,6.0,5.0,0.0,0.0,0.0,24.0,24.0,0.2975,0.2857142857142857,0.0096,0.0096,0.075,0.3409090909090909,0.6590909090909091,0.5,1.0,1.0,0.4833333333333333,0.47017543859649125,0.0
20260628_155937_2ee7d04a,20260628_155937_2ee7d04a_g0004,4,1356370075,2,24,24,24,1,4,GREEN,pool_heuristic,3,1,[1],0,74,4,"{""1"": 118, ""2"": 89, ""3"": 81, ""4"": 74}",False,15.0,-48.0,2.0,5.0,4.0,0.01,171.0,59.125,180.75,14.0,14.0,29.25,73.5,50.0,1472.0,195.75,6.0,15.0,58.0,1.0,1.0,2.0,6.0,5.0,1.0,0.0,0.0,24.0,24.0,0.2975,0.2857142857142857,0.0096,0.0096,0.075,0.3409090909090909,0.6590909090909091,0.375,1.0,1.0,0.525,0.4631578947368421,0.0
20260628_155937_2ee7d04a,20260628_155937_2ee7d04a_g0004,4,1356370075,3,32,32,32,1,1,RED,sweep_1w_500ms,0,1,[1],1,118,1,"{""1"": 118, ""2"": 89, ""3"": 81, ""4"": 74}",False,29.0,-41.0,0.0,10.0,5.0,0.0125,532.0,149.875,489.0,27.0,33.0,77.25,205.5,146.25,415.0,518.0,8.0,13.0,49.0,1.0,1.0,2.0,5.0,4.0,0.0,0.0,0.0,32.0,32.0,0.3925,0.38095238095238093,0.0128,0.0128,0.0975,0.4431818181818182,0.5568181818181818,0.725,1.0,1.0,0.5833333333333333,0.573549257759784,0.0
20260628_155937_2ee7d04a,20260628_155937_2ee7d04a_g0004,4,1356370075,3,32,32,32,1,2,BLUE,sweep_4w_500ms,1,1,[1],0,89,2,"{""1"": 118, ""2"": 89, ""3"": 81, ""4"": 74}",False,24.0,-51.0,0.0,25.0,5.0,0.0125,142.0,50.625,135.875,16.0,16.0,24.0,53.0,26.875,805.0,159.875,8.0,13.0,49.0,1.0,1.0,2.0,5.0,4.0,0.0,0.0,0.0,32.0,32.0,0.3925,0.38095238095238093,0.0128,0.0128,0.0975,0.4431818181818182,0.5568181818181818,0.6,1.0,1.0,0.625,0.5843454790823212,0.0
20260628_155937_2ee7d04a,20260628_155937_2ee7d04a_g0004,4,1356370075,3,32,32,32,1,3,YELLOW,sweep_8w_500ms,2,1,[1],0,81,3,"{""1"": 118, ""2"": 89, ""3"": 81, ""4"": 74}",False,25.0,-49.0,4.0,17.0,5.0,0.0125,172.0,68.625,187.875,21.0,19.0,37.5,71.0,39.375,775.0,212.875,8.0,13.0,49.0,1.0,1.0,2.0,5.0,4.0,0.0,0.0,0.0,32.0,32.0,0.3925,0.38095238095238093,0.0128,0.0128,0.0975,0.4431818181818182,0.5568181818181818,0.625,1.0,1.0,0.6166666666666667,0.47773279352226716,0.0
20260628_155937_2ee7d04a,20260628_155937_2ee7d04a_g0004,4,1356370075,3,32,32,32,1,4,GREEN,pool_heuristic,3,1,[1],0,74,4,"{""1"": 118, ""2"": 89, ""3"": 81, ""4"": 74}",False,21.0,-57.0,2.0,10.0,5.0,0.0125,101.0,48.75,114.75,20.0,15.0,23.25,44.0,12.5,846.0,135.75,8.0,13.0,48.0,1.0,1.0,2.0,6.0,3.0,1.0,0.0,0.0,32.0,32.0,0.3925,0.38095238095238093,0.0128,0.0128,0.1,0.45454545454545453,0.5454545454545454,0.525,1.0,1.0,0.65,0.4552631578947368,0.0
20260628_155937_2ee7d04a,20260628_155937_2ee7d04a_g0004,4,1356370075,4,40,40,40,1,1,RED,sweep_1w_500ms,0,1,[1],1,118,1,"{""1"": 118, ""2"": 89, ""3"": 81, ""4"": 74}",False,33.0,-43.0,0.0,23.0,6.0,0.015,183.0,74.5,177.875,28.0,26.0,42.75,60.5,20.625,294.0,210.875,10.0,11.0,40.0,1.0,1.0,2.0,4.0,3.0,0.0,0.0,0.0,40.0,40.0,0.4825,0.47619047619047616,0.016,0.016,0.12,0.5454545454545454,0.45454545454545453,0.825,1.0,1.0,0.6333333333333333,0.5822368421052632,0.0
20260628_155937_2ee7d04a,20260628_155937_2ee7d04a_g0004,4,1356370075,4,40,40,40,1,2,BLUE,sweep_4w_500ms,1,1,[1],0,89,2,"{""1"": 118, ""2"": 89, ""3"": 81, ""4"": 74}",False,25.0,-59.0,0.0,38.0,6.0,0.015,63.0,29.875,63.125,15.0,10.0,9.75,19.0,9.375,414.0,88.125,10.0,11.0,40.0,1.0,1.0,2.0,4.0,3.0,0.0,0.0,0.0,40.0,40.0,0.4825,0.47619047619047616,0.016,0.016,0.12,0.5454545454545454,0.45454545454545453,0.625,1.0,1.0,0.7,0.5372807017543859,0.0
20260628_155937_2ee7d04a,20260628_155937_2ee7d04a_g0004,4,1356370075,4,40,40,40,1,3,YELLOW,sweep_8w_500ms,2,1,[1],0,81,3,"{""1"": 118, ""2"": 89, ""3"": 81, ""4"": 74}",False,28.0,-53.0,4.0,23.0,6.0,0.015,113.0,53.75,125.75,23.0,16.0,28.5,32.0,26.25,364.0,153.75,10.0,11.0,41.0,1.0,1.0,2.0,3.0,4.0,0.0,0.0,0.0,40.0,40.0,0.4825,0.47619047619047616,0.016,0.016,0.1175,0.5340909090909091,0.4659090909090909,0.7,1.0,1.0,0.675,0.44120940649496077,0.0
20260628_155937_2ee7d04a,20260628_155937_2ee7d04a_g0004,4,1356370075,4,40,40,40,1,4,GREEN,pool_heuristic,3,1,[1],0,74,4,"{""1"": 118, ""2"": 89, ""3"": 81, ""4"": 74}",False,23.0,-63.0,2.0,16.0,6.0,0.015,118.0,53.625,130.25,21.0,15.0,24.75,59.5,10.0,359.0,153.25,10.0,11.0,38.0,1.0,1.0,2.0,6.0,1.0,0.0,0.0,0.0,40.0,40.0,0.4825,0.47619047619047616,0.016,0.016,0.125,0.5681818181818182,0.4318181818181818,0.575,1.0,1.0,0.7166666666666667,0.4568421052631578,0.0
20260628_155937_2ee7d04a,20260628_155937_2ee7d04a_g0004,4,1356370075,5,48,48,48,1,1,RED,sweep_1w_500ms,0,1,[1],1,118,1,"{""1"": 118, ""2"": 89, ""3"": 81, ""4"": 74}",False,36.0,-44.0,0.0,41.0,10.0,0.025,110.0,59.375,131.625,25.0,21.0,34.5,43.0,8.125,174.0,167.625,12.0,9.0,31.0,1.0,1.0,2.0,3.0,2.0,0.0,0.0,0.0,48.0,48.0,0.575,0.5714285714285714,0.0192,0.0192,0.1425,0.6477272727272727,0.3522727272727273,0.9,1.0,1.0,0.6666666666666667,0.5466297322253001,0.0
20260628_155937_2ee7d04a,20260628_155937_2ee7d04a_g0004,4,1356370075,5,48,48,48,1,2,BLUE,sweep_4w_500ms,1,1,[1],0,89,2,"{""1"": 118, ""2"": 89, ""3"": 81, ""4"": 74}",False,30.0,-56.0,0.0,43.0,10.0,0.025,37.0,24.25,39.5,15.0,10.0,7.5,7.0,0.0,247.0,69.5,12.0,9.0,31.0,1.0,1.0,2.0,3.0,2.0,0.0,0.0,0.0,48.0,48.0,0.575,0.5714285714285714,0.0192,0.0192,0.1425,0.6477272727272727,0.3522727272727273,0.75,1.0,1.0,0.7166666666666667,0.5475530932594646,0.0
20260628_155937_2ee7d04a,20260628_155937_2ee7d04a_g0004,4,1356370075,5,48,48,48,1,3,YELLOW,sweep_8w_500ms,2,1,[1],0,81,3,"{""1"": 118, ""2"": 89, ""3"": 81, ""4"": 74}",False,26.0,-64.0,4.0,31.0,10.0,0.025,78.0,43.25,91.75,21.0,13.0,21.75,26.0,10.0,206.0,117.75,12.0,9.0,31.0,1.0,1.0,2.0,3.0,2.0,0.0,0.0,0.0,48.0,48.0,0.575,0.5714285714285714,0.0192,0.0192,0.1425,0.6477272727272727,0.3522727272727273,0.65,1.0,1.0,0.75,0.4496768236380424,0.0
20260628_155937_2ee7d04a,20260628_155937_2ee7d04a_g0004,4,1356370075,5,48,48,48,1,4,GREEN,pool_heuristic,3,1,[1],0,74,4,"{""1"": 118, ""2"": 89, ""3"": 81, ""4"": 74}",False,24.0,-68.0,2.0,32.0,10.0,0.025,59.0,34.25,64.75,19.0,11.0,12.75,22.0,0.0,225.0,88.75,12.0,9.0,29.0,1.0,1.0,2.0,5.0,0.0,0.0,0.0,0.0,48.0,48.0,0.575,0.5714285714285714,0.0192,0.0192,0.1475,0.6704545454545454,0.32954545454545453,0.6,1.0,0.8,0.7666666666666667,0.4388938447814452,0.0
20260628_155937_2ee7d04a,20260628_155937_2ee7d04a_g0004,4,1356370075,6,56,56,56,1,1,RED,sweep_1w_500ms,0,1,[1],1,118,1,"{""1"": 118, ""2"": 89, ""3"": 81, ""4"": 74}",False,36.0,-35.0,0.0,50.0,13.0,0.0325,39.0,27.5,41.5,19.0,9.0,7.5,6.0,0.0,63.0,77.5,14.0,7.0,21.0,1.0,1.0,2.0,3.0,0.0,0.0,0.0,0.0,56.0,56.0,0.6525,0.6666666666666666,0.0224,0.0224,0.1675,0.7613636363636364,0.23863636363636365,0.9,0.9333333333333333,0.8,0.5916666666666667,0.5019638648860958,0.0
20260628_155937_2ee7d04a,20260628_155937_2ee7d04a_g0004,4,1356370075,6,56,56,56,1,2,BLUE,sweep_4w_500ms,1,1,[1],0,89,2,"{""1"": 118, ""2"": 89, ""3"": 81, ""4"": 74}",False,28.0,-51.0,0.0,48.0,13.0,0.0325,20.0,16.5,20.0,13.0,7.0,0.0,0.0,0.0,82.0,48.0,14.0,7.0,24.0,1.0,1.0,1.0,2.0,2.0,0.0,0.0,0.0,56.0,56.0,0.6525,0.6666666666666666,0.0224,0.0224,0.16,0.7272727272727273,0.2727272727272727,0.7,0.9166666666666666,1.0,0.6583333333333333,0.555921052631579,0.0
20260628_155937_2ee7d04a,20260628_155937_2ee7d04a_g0004,4,1356370075,6,56,56,56,1,3,YELLOW,sweep_8w_500ms,2,1,[1],0,81,3,"{""1"": 118, ""2"": 89, ""3"": 81, ""4"": 74}",False,24.0,-59.0,1.0,38.0,13.0,0.0325,29.0,23.25,28.25,19.0,7.0,2.25,0.0,0.0,73.0,52.25,14.0,7.0,24.0,1.0,1.0,1.0,2.0,2.0,0.0,0.0,0.0,56.0,56.0,0.6525,0.6666666666666666,0.0224,0.0224,0.16,0.7272727272727273,0.2727272727272727,0.6,0.8166666666666667,1.0,0.6916666666666667,0.47121710526315785,0.0
20260628_155937_2ee7d04a,20260628_155937_2ee7d04a_g0004,4,1356370075,6,56,56,56,1,4,GREEN,pool_heuristic,3,1,[1],0,74,4,"{""1"": 118, ""2"": 89, ""3"": 81, ""4"": 74}",False,19.0,-69.0,2.0,39.0,13.0,0.0325,14.0,13.5,14.0,13.0,1.0,0.0,0.0,0.0,88.0,33.0,14.0,7.0,22.0,1.0,1.0,1.0,4.0,0.0,0.0,0.0,0.0,56.0,56.0,0.6525,0.6666666666666666,0.0224,0.0224,0.165,0.75,0.25,0.475,0.6833333333333333,0.8,0.7333333333333333,0.42743221690590116,0.0
20260628_155937_2ee7d04a,20260628_155937_2ee7d04a_g0004,4,1356370075,7,64,64,64,1,1,RED,sweep_1w_500ms,0,1,[1],1,118,1,"{""1"": 118, ""2"": 89, ""3"": 81, ""4"": 74}",False,34.0,-34.0,0.0,54.0,20.0,0.05,13.0,5.25,13.5,0.0,6.0,4.5,3.0,0.0,18.0,47.5,16.0,5.0,16.0,0.0,1.0,2.0,2.0,0.0,0.0,0.0,0.0,64.0,64.0,0.6925,0.7619047619047619,0.0256,0.0256,0.18,0.8181818181818182,0.18181818181818182,0.85,1.0,0.8,0.5666666666666667,0.4912280701754387,0.0
20260628_155937_2ee7d04a,20260628_155937_2ee7d04a_g0004,4,1356370075,7,64,64,64,1,2,BLUE,sweep_4w_500ms,1,1,[1],0,89,2,"{""1"": 118, ""2"": 89, ""3"": 81, ""4"": 74}",False,29.0,-44.0,0.0,53.0,20.0,0.05,1.0,0.5,1.5,0.0,0.0,1.5,0.0,0.0,30.0,30.5,16.0,5.0,21.0,0.0,0.0,1.0,2.0,2.0,0.0,0.0,0.0,64.0,64.0,0.6925,0.7619047619047619,0.0256,0.0256,0.1675,0.7613636363636364,0.23863636363636365,0.725,0.8833333333333333,1.0,0.6083333333333333,0.5600942655145327,0.0
20260628_155937_2ee7d04a,20260628_155937_2ee7d04a_g0004,4,1356370075,7,64,64,64,1,3,YELLOW,sweep_8w_500ms,2,1,[1],0,81,3,"{""1"": 118, ""2"": 89, ""3"": 81, ""4"": 74}",False,22.0,-58.0,1.0,44.0,20.0,0.05,17.0,17.0,17.0,17.0,0.0,0.0,0.0,0.0,14.0,39.0,16.0,5.0,19.0,1.0,0.0,0.0,2.0,2.0,0.0,0.0,0.0,64.0,64.0,0.6925,0.7619047619047619,0.0256,0.0256,0.1725,0.7840909090909091,0.2159090909090909,0.55,0.6666666666666666,1.0,0.6666666666666667,0.4759725400457665,0.0
20260628_155937_2ee7d04a,20260628_155937_2ee7d04a_g0004,4,1356370075,7,64,64,64,1,4,GREEN,pool_heuristic,3,1,[1],0,74,4,"{""1"": 118, ""2"": 89, ""3"": 81, ""4"": 74}",False,17.0,-68.0,2.0,45.0,20.0,0.05,0.0,0.0,0.0,0.0,0.0,0.0,0.0,0.0,31.0,17.0,16.0,5.0,19.0,0.0,0.0,1.0,4.0,0.0,0.0,0.0,0.0,64.0,64.0,0.6925,0.7619047619047619,0.0256,0.0256,0.1725,0.7840909090909091,0.2159090909090909,0.425,0.5833333333333334,0.8,0.7083333333333333,0.4401220442410374,0.0
20260628_155937_2ee7d04a,20260628_155937_2ee7d04a_g0005,5,660906166,0,8,8,8,1,1,RED,sweep_4w_500ms,0,3,[3],0,76,4,"{""1"": 76, ""2"": 90, ""3"": 97, ""4"": 78}",False,8.0,-15.0,9.0,0.0,0.0,0.0,453.0,112.125,449.5,8.0,13.0,36.75,140.5,251.25,1407.0,457.5,2.0,19.0,78.0,1.0,1.0,2.0,6.0,9.0,1.0,0.0,1.0,8.0,8.0,0.0975,0.09523809523809523,0.0032,0.0032,0.025,0.11363636363636363,0.8863636363636364,0.2,1.0,1.0,0.19166666666666668,0.2315789473684211,0.0
20260628_155937_2ee7d04a,20260628_155937_2ee7d04a_g0005,5,660906166,0,8,8,8,1,2,BLUE,sweep_8w_500ms,1,3,[3],0,90,2,"{""1"": 76, ""2"": 90, ""3"": 97, ""4"": 78}",False,9.0,-13.0,9.0,0.0,0.0,0.0,543.0,122.625,488.75,9.0,15.0,41.25,153.5,270.0,1317.0,497.75,2.0,19.0,78.0,1.0,1.0,2.0,6.0,9.0,1.0,0.0,0.0,8.0,8.0,0.0975,0.09523809523809523,0.0032,0.0032,0.025,0.11363636363636363,0.8863636363636364,0.225,1.0,1.0,0.18333333333333332,0.23684210526315785,0.0
20260628_155937_2ee7d04a,20260628_155937_2ee7d04a_g0005,5,660906166,0,8,8,8,1,3,YELLOW,pool_heuristic,2,3,[3],1,97,1,"{""1"": 76, ""2"": 90, ""3"": 97, ""4"": 78}",False,6.0,-19.0,9.0,0.0,0.0,0.0,352.0,90.125,364.375,6.0,10.0,28.5,113.0,206.875,1508.0,370.375,2.0,19.0,78.0,1.0,1.0,2.0,6.0,9.0,1.0,1.0,1.0,8.0,8.0,0.0975,0.09523809523809523,0.0032,0.0032,0.025,0.11363636363636363,0.8863636363636364,0.15,1.0,1.0,0.20833333333333334,0.25263157894736843,0.0
20260628_155937_2ee7d04a,20260628_155937_2ee7d04a_g0005,5,660906166,0,8,8,8,1,4,GREEN,sweep_1w_500ms,3,3,[3],0,78,3,"{""1"": 76, ""2"": 90, ""3"": 97, ""4"": 78}",False,8.0,-15.0,9.0,0.0,0.0,0.0,512.0,119.5,486.75,8.0,14.0,39.75,125.0,300.0,1348.0,494.75,2.0,19.0,79.0,1.0,1.0,2.0,5.0,10.0,1.0,0.0,1.0,8.0,8.0,0.0975,0.09523809523809523,0.0032,0.0032,0.0225,0.10227272727272728,0.8977272727272727,0.2,1.0,1.0,0.19166666666666668,0.23976608187134507,0.0
20260628_155937_2ee7d04a,20260628_155937_2ee7d04a_g0005,5,660906166,1,16,16,16,1,1,RED,sweep_4w_500ms,0,3,[3],0,76,4,"{""1"": 76, ""2"": 90, ""3"": 97, ""4"": 78}",False,16.0,-26.0,1.0,1.0,0.0,0.0,718.0,171.375,662.0,14.0,23.0,66.0,241.5,317.5,1939.0,678.0,4.0,17.0,68.0,1.0,1.0,2.0,6.0,7.0,1.0,0.0,0.0,16.0,16.0,0.195,0.19047619047619047,0.0064,0.0064,0.05,0.22727272727272727,0.7727272727272727,0.4,1.0,1.0,0.35,0.4894736842105264,0.0
20260628_155937_2ee7d04a,20260628_155937_2ee7d04a_g0005,5,660906166,1,16,16,16,1,2,BLUE,sweep_8w_500ms,1,3,[3],0,90,2,"{""1"": 76, ""2"": 90, ""3"": 97, ""4"": 78}",False,15.0,-28.0,0.0,2.0,0.0,0.0,699.0,166.75,638.0,15.0,23.0,63.75,235.0,301.25,1958.0,653.0,4.0,17.0,68.0,1.0,1.0,2.0,6.0,7.0,1.0,0.0,0.0,16.0,16.0,0.195,0.19047619047619047,0.0064,0.0064,0.05,0.22727272727272727,0.7727272727272727,0.375,1.0,1.0,0.35833333333333334,0.4894736842105264,0.0
20260628_155937_2ee7d04a,20260628_155937_2ee7d04a_g0005,5,660906166,1,16,16,16,1,3,YELLOW,pool_heuristic,2,3,[3],1,97,1,"{""1"": 76, ""2"": 90, ""3"": 97, ""4"": 78}",False,12.0,-34.0,5.0,3.0,0.0,0.0,566.0,138.625,538.25,11.0,18.0,51.75,197.5,260.0,2091.0,550.25,4.0,17.0,68.0,1.0,1.0,2.0,6.0,7.0,1.0,1.0,0.0,16.0,16.0,0.195,0.19047619047619047,0.0064,0.0064,0.05,0.22727272727272727,0.7727272727272727,0.3,1.0,1.0,0.38333333333333336,0.4368421052631579,0.0
20260628_155937_2ee7d04a,20260628_155937_2ee7d04a_g0005,5,660906166,1,16,16,16,1,4,GREEN,sweep_1w_500ms,3,3,[3],0,78,3,"{""1"": 76, ""2"": 90, ""3"": 97, ""4"": 78}",False,15.0,-28.0,3.0,2.0,0.0,0.0,674.0,170.625,670.5,15.0,25.0,67.5,160.5,402.5,1983.0,685.5,4.0,17.0,70.0,1.0,1.0,2.0,4.0,9.0,1.0,0.0,1.0,16.0,16.0,0.195,0.19047619047619047,0.0064,0.0064,0.045,0.20454545454545456,0.7954545454545454,0.375,1.0,1.0,0.35833333333333334,0.4707602339181287,0.0
20260628_155937_2ee7d04a,20260628_155937_2ee7d04a_g0005,5,660906166,2,24,24,24,1,1,RED,sweep_4w_500ms,0,3,[3],0,76,4,"{""1"": 76, ""2"": 90, ""3"": 97, ""4"": 78}",False,21.0,-42.0,1.0,8.0,2.0,0.005,381.0,98.25,348.75,17.0,16.0,41.25,92.0,182.5,1206.0,369.75,6.0,15.0,60.0,1.0,1.0,2.0,4.0,7.0,1.0,0.0,0.0,24.0,24.0,0.2875,0.2857142857142857,0.0096,0.0096,0.07,0.3181818181818182,0.6818181818181818,0.525,1.0,1.0,0.525,0.556390977443609,0.0
20260628_155937_2ee7d04a,20260628_155937_2ee7d04a_g0005,5,660906166,2,24,24,24,1,2,BLUE,sweep_8w_500ms,1,3,[3],0,90,2,"{""1"": 76, ""2"": 90, ""3"": 97, ""4"": 78}",False,22.0,-40.0,0.0,5.0,2.0,0.005,468.0,125.0,440.375,20.0,21.0,52.5,152.5,194.375,1119.0,462.375,6.0,15.0,59.0,1.0,1.0,2.0,5.0,6.0,1.0,0.0,0.0,24.0,24.0,0.2875,0.2857142857142857,0.0096,0.0096,0.0725,0.32954545454545453,0.6704545454545454,0.55,1.0,1.0,0.5166666666666667,0.5644283121597096,0.0
20260628_155937_2ee7d04a,20260628_155937_2ee7d04a_g0005,5,660906166,2,24,24,24,1,3,YELLOW,pool_heuristic,2,3,[3],1,97,1,"{""1"": 76, ""2"": 90, ""3"": 97, ""4"": 78}",False,19.0,-46.0,4.0,4.0,2.0,0.005,236.0,76.25,246.625,15.0,16.0,36.0,106.5,73.125,1351.0,265.625,6.0,15.0,58.0,1.0,1.0,2.0,6.0,5.0,1.0,1.0,0.0,24.0,24.0,0.2875,0.2857142857142857,0.0096,0.0096,0.075,0.3409090909090909,0.6590909090909091,0.475,1.0,1.0,0.5416666666666667,0.4877192982456141,0.0
20260628_155937_2ee7d04a,20260628_155937_2ee7d04a_g0005,5,660906166,2,24,24,24,1,4,GREEN,sweep_1w_500ms,3,3,[3],0,78,3,"{""1"": 76, ""2"": 90, ""3"": 97, ""4"": 78}",False,22.0,-40.0,3.0,10.0,2.0,0.005,502.0,130.125,459.5,20.0,26.0,59.25,130.5,223.75,1085.0,481.5,6.0,15.0,60.0,1.0,1.0,2.0,4.0,7.0,1.0,0.0,0.0,24.0,24.0,0.2875,0.2857142857142857,0.0096,0.0096,0.07,0.3181818181818182,0.6818181818181818,0.55,1.0,1.0,0.5166666666666667,0.5300751879699248,0.0
20260628_155937_2ee7d04a,20260628_155937_2ee7d04a_g0005,5,660906166,3,32,32,32,1,1,RED,sweep_4w_500ms,0,3,[3],0,76,4,"{""1"": 76, ""2"": 90, ""3"": 97, ""4"": 78}",False,27.0,-48.0,1.0,18.0,3.0,0.0075,197.0,62.375,188.25,19.0,12.0,27.75,44.5,85.0,794.0,215.25,8.0,13.0,51.0,1.0,1.0,2.0,3.0,6.0,1.0,0.0,0.0,32.0,32.0,0.38,0.38095238095238093,0.0128,0.0128,0.0925,0.42045454545454547,0.5795454545454546,0.675,1.0,1.0,0.625,0.5476529160739687,0.0
20260628_155937_2ee7d04a,20260628_155937_2ee7d04a_g0005,5,660906166,3,32,32,32,1,2,BLUE,sweep_8w_500ms,1,3,[3],0,90,2,"{""1"": 76, ""2"": 90, ""3"": 97, ""4"": 78}",False,26.0,-50.0,0.0,13.0,3.0,0.0075,305.0,93.5,288.0,22.0,24.0,48.75,92.0,101.25,686.0,314.0,8.0,13.0,50.0,1.0,1.0,2.0,4.0,5.0,1.0,0.0,0.0,32.0,32.0,0.38,0.38095238095238093,0.0128,0.0128,0.095,0.4318181818181818,0.5681818181818182,0.65,1.0,1.0,0.6333333333333333,0.5429362880886426,0.0
20260628_155937_2ee7d04a,20260628_155937_2ee7d04a_g0005,5,660906166,3,32,32,32,1,3,YELLOW,pool_heuristic,2,3,[3],1,97,1,"{""1"": 76, ""2"": 90, ""3"": 97, ""4"": 78}",False,21.0,-60.0,2.0,10.0,3.0,0.0075,215.0,72.5,228.75,15.0,17.0,38.25,91.0,67.5,776.0,249.75,8.0,13.0,49.0,1.0,1.0,2.0,5.0,4.0,1.0,1.0,0.0,32.0,32.0,0.38,0.38095238095238093,0.0128,0.0128,0.0975,0.4431818181818182,0.5568181818181818,0.525,1.0,1.0,0.675,0.5384615384615384,0.0
20260628_155937_2ee7d04a,20260628_155937_2ee7d04a_g0005,5,660906166,3,32,32,32,1,4,GREEN,sweep_1w_500ms,3,3,[3],0,78,3,"{""1"": 76, ""2"": 90, ""3"": 97, ""4"": 78}",False,28.0,-46.0,3.0,16.0,3.0,0.0075,274.0,93.125,280.125,23.0,25.0,48.0,96.0,88.125,717.0,308.125,8.0,13.0,50.0,1.0,1.0,2.0,4.0,5.0,1.0,0.0,0.0,32.0,32.0,0.38,0.38095238095238093,0.0128,0.0128,0.095,0.4318181818181818,0.5681818181818182,0.7,1.0,1.0,0.6166666666666667,0.49307479224376727,0.0
20260628_155937_2ee7d04a,20260628_155937_2ee7d04a_g0005,5,660906166,4,40,40,40,1,1,RED,sweep_4w_500ms,0,3,[3],0,76,4,"{""1"": 76, ""2"": 90, ""3"": 97, ""4"": 78}",False,33.0,-50.0,1.0,23.0,10.0,0.025,83.0,44.5,91.375,24.0,12.0,17.25,22.5,15.625,342.0,124.375,10.0,11.0,41.0,1.0,1.0,2.0,3.0,4.0,1.0,0.0,0.0,40.0,40.0,0.4725,0.47619047619047616,0.016,0.016,0.1175,0.5340909090909091,0.4659090909090909,0.825,1.0,1.0,0.6916666666666667,0.5061590145576708,0.0
20260628_155937_2ee7d04a,20260628_155937_2ee7d04a_g0005,5,660906166,4,40,40,40,1,2,BLUE,sweep_8w_500ms,1,3,[3],0,90,2,"{""1"": 76, ""2"": 90, ""3"": 97, ""4"": 78}",False,30.0,-56.0,0.0,18.0,10.0,0.025,167.0,66.875,174.875,23.0,20.0,33.75,60.0,38.125,258.0,204.875,10.0,11.0,40.0,1.0,1.0,2.0,4.0,3.0,1.0,0.0,0.0,40.0,40.0,0.4725,0.47619047619047616,0.016,0.016,0.12,0.5454545454545454,0.45454545454545453,0.75,1.0,1.0,0.7166666666666667,0.5241228070175439,0.0
20260628_155937_2ee7d04a,20260628_155937_2ee7d04a_g0005,5,660906166,4,40,40,40,1,3,YELLOW,pool_heuristic,2,3,[3],1,97,1,"{""1"": 76, ""2"": 90, ""3"": 97, ""4"": 78}",False,23.0,-70.0,2.0,16.0,10.0,0.025,66.0,32.0,71.25,14.0,10.0,16.5,27.0,3.75,359.0,94.25,10.0,11.0,39.0,1.0,1.0,2.0,5.0,2.0,1.0,0.0,0.0,40.0,40.0,0.4725,0.47619047619047616,0.016,0.016,0.1225,0.5568181818181818,0.4431818181818182,0.575,1.0,1.0,0.775,0.527389903329753,0.0
20260628_155937_2ee7d04a,20260628_155937_2ee7d04a_g0005,5,660906166,4,40,40,40,1,4,GREEN,sweep_1w_500ms,3,3,[3],0,78,3,"{""1"": 76, ""2"": 90, ""3"": 97, ""4"": 78}",False,30.0,-56.0,3.0,25.0,10.0,0.025,109.0,52.75,123.75,24.0,18.0,13.5,32.0,36.25,316.0,153.75,10.0,11.0,43.0,1.0,1.0,1.0,3.0,5.0,1.0,0.0,0.0,40.0,40.0,0.4725,0.47619047619047616,0.016,0.016,0.1125,0.5113636363636364,0.48863636363636365,0.75,1.0,1.0,0.7166666666666667,0.4631578947368421,0.0
20260628_155937_2ee7d04a,20260628_155937_2ee7d04a_g0005,5,660906166,5,48,48,48,1,1,RED,sweep_4w_500ms,0,3,[3],0,76,4,"{""1"": 76, ""2"": 90, ""3"": 97, ""4"": 78}",False,32.0,-49.0,1.0,31.0,17.0,0.0425,20.0,19.0,20.0,18.0,2.0,0.0,0.0,0.0,149.0,52.0,12.0,9.0,33.0,1.0,1.0,1.0,3.0,3.0,0.0,0.0,0.0,48.0,48.0,0.565,0.5714285714285714,0.0192,0.0192,0.1375,0.625,0.375,0.8,0.95,1.0,0.675,0.48229665071770333,0.0
20260628_155937_2ee7d04a,20260628_155937_2ee7d04a_g0005,5,660906166,5,48,48,48,1,2,BLUE,sweep_8w_500ms,1,3,[3],0,90,2,"{""1"": 76, ""2"": 90, ""3"": 97, ""4"": 78}",False,30.0,-53.0,0.0,23.0,17.0,0.0425,92.0,46.25,96.75,22.0,16.0,21.75,32.0,5.0,77.0,126.75,12.0,9.0,30.0,1.0,1.0,2.0,4.0,1.0,0.0,0.0,0.0,48.0,48.0,0.565,0.5714285714285714,0.0192,0.0192,0.145,0.6590909090909091,0.3409090909090909,0.75,1.0,1.0,0.6916666666666667,0.49364791288566234,0.0
20260628_155937_2ee7d04a,20260628_155937_2ee7d04a_g0005,5,660906166,5,48,48,48,1,3,YELLOW,pool_heuristic,2,3,[3],1,97,1,"{""1"": 76, ""2"": 90, ""3"": 97, ""4"": 78}",False,23.0,-67.0,0.0,24.0,17.0,0.0425,26.0,18.625,28.5,13.0,5.0,6.0,4.5,0.0,143.0,51.5,12.0,9.0,30.0,1.0,1.0,2.0,4.0,1.0,1.0,0.0,0.0,48.0,48.0,0.565,0.5714285714285714,0.0192,0.0192,0.145,0.6590909090909091,0.3409090909090909,0.575,1.0,1.0,0.75,0.5426497277676952,0.0
20260628_155937_2ee7d04a,20260628_155937_2ee7d04a_g0005,5,660906166,5,48,48,48,1,4,GREEN,sweep_1w_500ms,3,3,[3],0,78,3,"{""1"": 76, ""2"": 90, ""3"": 97, ""4"": 78}",False,28.0,-57.0,3.0,34.0,17.0,0.0425,31.0,23.0,33.875,17.0,6.0,4.5,4.5,1.875,138.0,61.875,12.0,9.0,33.0,1.0,1.0,1.0,3.0,3.0,1.0,0.0,0.0,48.0,48.0,0.565,0.5714285714285714,0.0192,0.0192,0.1375,0.625,0.375,0.7,1.0,1.0,0.7083333333333333,0.430622009569378,0.0
20260628_155937_2ee7d04a,20260628_155937_2ee7d04a_g0005,5,660906166,6,56,56,56,1,1,RED,sweep_4w_500ms,0,3,[3],0,76,4,"{""1"": 76, ""2"": 90, ""3"": 97, ""4"": 78}",False,33.0,-46.0,1.0,37.0,20.0,0.05,2.0,1.0,2.0,0.0,2.0,0.0,0.0,0.0,61.0,35.0,14.0,7.0,29.0,0.0,1.0,0.0,3.0,3.0,0.0,0.0,0.0,56.0,56.0,0.6225,0.6666666666666666,0.0224,0.0224,0.1475,0.6704545454545454,0.32954545454545453,0.825,0.8833333333333333,1.0,0.6583333333333333,0.4915254237288136,0.0
20260628_155937_2ee7d04a,20260628_155937_2ee7d04a_g0005,5,660906166,6,56,56,56,1,2,BLUE,sweep_8w_500ms,1,3,[3],0,90,2,"{""1"": 76, ""2"": 90, ""3"": 97, ""4"": 78}",False,27.0,-58.0,0.0,32.0,20.0,0.05,23.0,19.0,24.5,15.0,6.0,1.5,2.0,0.0,40.0,51.5,14.0,7.0,23.0,1.0,1.0,1.0,3.0,1.0,0.0,0.0,0.0,56.0,56.0,0.6225,0.6666666666666666,0.0224,0.0224,0.1625,0.7386363636363636,0.26136363636363635,0.675,0.9833333333333333,1.0,0.7083333333333333,0.4825910931174089,0.0
20260628_155937_2ee7d04a,20260628_155937_2ee7d04a_g0005,5,660906166,6,56,56,56,1,3,YELLOW,pool_heuristic,2,3,[3],1,97,1,"{""1"": 76, ""2"": 90, ""3"": 97, ""4"": 78}",False,25.0,-62.0,0.0,36.0,20.0,0.05,30.0,20.375,30.0,14.0,7.0,7.5,1.5,0.0,33.0,55.0,14.0,7.0,21.0,1.0,1.0,2.0,3.0,0.0,0.0,0.0,0.0,56.0,56.0,0.6225,0.6666666666666666,0.0224,0.0224,0.1675,0.7613636363636364,0.23863636363636365,0.625,1.0,0.8,0.725,0.5145326001571091,0.0
20260628_155937_2ee7d04a,20260628_155937_2ee7d04a_g0005,5,660906166,6,56,56,56,1,4,GREEN,sweep_1w_500ms,3,3,[3],0,78,3,"{""1"": 76, ""2"": 90, ""3"": 97, ""4"": 78}",False,27.0,-58.0,0.0,37.0,20.0,0.05,8.0,3.0,10.875,0.0,0.0,4.5,4.5,1.875,55.0,37.875,14.0,7.0,30.0,0.0,0.0,1.0,3.0,3.0,1.0,0.0,0.0,56.0,56.0,0.6225,0.6666666666666666,0.0224,0.0224,0.145,0.6590909090909091,0.3409090909090909,0.675,0.9333333333333333,1.0,0.7083333333333333,0.45553539019963696,0.0
20260628_155937_2ee7d04a,20260628_155937_2ee7d04a_g0005,5,660906166,7,64,64,66,3,1,RED,sweep_4w_500ms,0,3,[3],0,76,4,"{""1"": 76, ""2"": 90, ""3"": 97, ""4"": 78}",False,32.0,-39.0,1.0,40.0,24.0,0.06,0.0,0.0,0.0,0.0,0.0,0.0,0.0,0.0,29.0,32.0,15.0,6.0,27.0,0.0,0.0,0.0,3.0,3.0,0.0,0.0,0.0,64.0,66.0,0.6875,0.7142857142857143,0.0264,0.0256,0.1525,0.6931818181818182,0.3068181818181818,0.8,0.8166666666666667,1.0,0.5916666666666667,0.5012942191544435,0.0
20260628_155937_2ee7d04a,20260628_155937_2ee7d04a_g0005,5,660906166,7,64,64,66,3,2,BLUE,sweep_8w_500ms,1,3,[3],0,90,2,"{""1"": 76, ""2"": 90, ""3"": 97, ""4"": 78}",False,25.0,-53.0,0.0,42.0,24.0,0.06,6.0,3.0,7.0,0.0,5.0,0.0,2.0,0.0,23.0,32.0,17.0,4.0,15.0,0.0,1.0,0.0,2.0,1.0,0.0,0.0,0.0,64.0,66.0,0.6875,0.8095238095238095,0.0264,0.0256,0.1825,0.8295454545454546,0.17045454545454544,0.625,0.85,1.0,0.65,0.45205479452054786,0.0
20260628_155937_2ee7d04a,20260628_155937_2ee7d04a_g0005,5,660906166,7,64,64,66,3,3,YELLOW,pool_heuristic,2,3,[3],1,97,1,"{""1"": 76, ""2"": 90, ""3"": 97, ""4"": 78}",False,25.0,-53.0,0.0,50.0,24.0,0.06,23.0,16.375,23.0,12.0,5.0,4.5,1.5,0.0,6.0,48.0,16.0,5.0,14.0,1.0,1.0,1.0,2.0,0.0,0.0,0.0,0.0,64.0,66.0,0.6875,0.7619047619047619,0.0264,0.0256,0.185,0.8409090909090909,0.1590909090909091,0.625,0.9,0.8,0.65,0.5099573257467995,0.0
20260628_155937_2ee7d04a,20260628_155937_2ee7d04a_g0005,5,660906166,7,64,64,66,3,4,GREEN,sweep_1w_500ms,3,3,[3],0,78,3,"{""1"": 76, ""2"": 90, ""3"": 97, ""4"": 78}",False,21.0,-61.0,0.0,49.0,24.0,0.06,0.0,0.0,0.0,0.0,0.0,0.0,0.0,0.0,29.0,21.0,16.0,5.0,21.0,0.0,0.0,1.0,2.0,2.0,1.0,0.0,0.0,64.0,66.0,0.6875,0.7619047619047619,0.0264,0.0256,0.1675,0.7613636363636364,0.23863636363636365,0.525,0.5833333333333334,1.0,0.6833333333333333,0.44147682639434405,0.0
20260628_155937_2ee7d04a,20260628_155937_2ee7d04a_g0006,6,1639577208,0,8,8,8,1,1,RED,sweep_8w_500ms,0,3,[3],0,82,4,"{""1"": 82, ""2"": 83, ""3"": 85, ""4"": 84}",False,8.0,-15.0,9.0,0.0,0.0,0.0,404.0,96.125,382.0,8.0,11.0,30.75,118.5,213.75,1274.0,390.0,2.0,19.0,78.0,1.0,1.0,2.0,6.0,9.0,1.0,1.0,0.0,8.0,8.0,0.0975,0.09523809523809523,0.0032,0.0032,0.025,0.11363636363636363,0.8863636363636364,0.2,1.0,1.0,0.19166666666666668,0.20526315789473681,0.0
20260628_155937_2ee7d04a,20260628_155937_2ee7d04a_g0006,6,1639577208,0,8,8,8,1,2,BLUE,pool_heuristic,1,3,[3],0,83,3,"{""1"": 82, ""2"": 83, ""3"": 85, ""4"": 84}",False,7.0,-17.0,9.0,0.0,0.0,0.0,381.0,93.75,374.5,7.0,11.0,30.75,117.0,208.75,1297.0,381.5,2.0,19.0,78.0,1.0,1.0,2.0,6.0,9.0,1.0,1.0,1.0,8.0,8.0,0.0975,0.09523809523809523,0.0032,0.0032,0.025,0.11363636363636363,0.8863636363636364,0.175,1.0,1.0,0.2,0.24736842105263157,0.0
20260628_155937_2ee7d04a,20260628_155937_2ee7d04a_g0006,6,1639577208,0,8,8,8,1,3,YELLOW,sweep_1w_500ms,2,3,[3],1,85,1,"{""1"": 82, ""2"": 83, ""3"": 85, ""4"": 84}",False,8.0,-15.0,9.0,0.0,0.0,0.0,489.0,120.375,491.125,8.0,14.0,39.75,125.0,304.375,1189.0,499.125,2.0,19.0,79.0,1.0,1.0,2.0,5.0,10.0,1.0,1.0,1.0,8.0,8.0,0.0975,0.09523809523809523,0.0032,0.0032,0.0225,0.10227272727272728,0.8977272727272727,0.2,1.0,1.0,0.19166666666666668,0.23391812865497075,0.0
20260628_155937_2ee7d04a,20260628_155937_2ee7d04a_g0006,6,1639577208,0,8,8,8,1,4,GREEN,sweep_4w_500ms,3,3,[3],0,84,2,"{""1"": 82, ""2"": 83, ""3"": 85, ""4"": 84}",False,8.0,-15.0,9.0,0.0,0.0,0.0,404.0,96.125,382.0,8.0,11.0,30.75,118.5,213.75,1274.0,390.0,2.0,19.0,78.0,1.0,1.0,2.0,6.0,9.0,1.0,1.0,0.0,8.0,8.0,0.0975,0.09523809523809523,0.0032,0.0032,0.025,0.11363636363636363,0.8863636363636364,0.2,1.0,1.0,0.19166666666666668,0.20526315789473681,0.0
20260628_155937_2ee7d04a,20260628_155937_2ee7d04a_g0006,6,1639577208,1,16,16,16,1,1,RED,sweep_8w_500ms,0,3,[3],0,82,4,"{""1"": 82, ""2"": 83, ""3"": 85, ""4"": 84}",False,16.0,-29.0,1.0,1.0,0.0,0.0,665.0,161.5,611.375,16.0,23.0,61.5,226.5,284.375,1793.0,627.375,4.0,17.0,68.0,1.0,1.0,2.0,6.0,7.0,1.0,0.0,0.0,16.0,16.0,0.1975,0.19047619047619047,0.0064,0.0064,0.05,0.22727272727272727,0.7727272727272727,0.4,1.0,1.0,0.375,0.4552631578947368,0.0
20260628_155937_2ee7d04a,20260628_155937_2ee7d04a_g0006,6,1639577208,1,16,16,16,1,2,BLUE,pool_heuristic,1,3,[3],0,83,3,"{""1"": 82, ""2"": 83, ""3"": 85, ""4"": 84}",False,13.0,-35.0,3.0,1.0,0.0,0.0,496.0,131.875,504.875,12.0,18.0,49.5,186.0,239.375,1962.0,517.875,4.0,17.0,68.0,1.0,1.0,2.0,6.0,7.0,0.0,1.0,1.0,16.0,16.0,0.1975,0.19047619047619047,0.0064,0.0064,0.05,0.22727272727272727,0.7727272727272727,0.325,1.0,1.0,0.4,0.4605263157894737,0.0
20260628_155937_2ee7d04a,20260628_155937_2ee7d04a_g0006,6,1639577208,1,16,16,16,1,3,YELLOW,sweep_1w_500ms,2,3,[3],1,85,1,"{""1"": 82, ""2"": 83, ""3"": 85, ""4"": 84}",False,17.0,-27.0,2.0,1.0,0.0,0.0,696.0,171.0,650.5,16.0,27.0,72.0,208.0,327.5,1762.0,667.5,4.0,17.0,69.0,1.0,1.0,2.0,5.0,8.0,1.0,0.0,0.0,16.0,16.0,0.1975,0.19047619047619047,0.0064,0.0064,0.0475,0.2159090909090909,0.7840909090909091,0.425,1.0,1.0,0.36666666666666664,0.4293628808864266,0.0
20260628_155937_2ee7d04a,20260628_155937_2ee7d04a_g0006,6,1639577208,1,16,16,16,1,4,GREEN,sweep_4w_500ms,3,3,[3],0,84,2,"{""1"": 82, ""2"": 83, ""3"": 85, ""4"": 84}",False,15.0,-31.0,0.0,1.0,0.0,0.0,601.0,152.875,581.5,15.0,21.0,57.75,211.5,276.25,1857.0,596.5,4.0,17.0,68.0,1.0,1.0,2.0,6.0,7.0,1.0,1.0,0.0,16.0,16.0,0.1975,0.19047619047619047,0.0064,0.0064,0.05,0.22727272727272727,0.7727272727272727,0.375,1.0,1.0,0.38333333333333336,0.4631578947368421,0.0
20260628_155937_2ee7d04a,20260628_155937_2ee7d04a_g0006,6,1639577208,2,24,24,24,1,1,RED,sweep_8w_500ms,0,3,[3],0,82,4,"{""1"": 82, ""2"": 83, ""3"": 85, ""4"": 84}",False,24.0,-38.0,1.0,10.0,4.0,0.01,477.0,131.625,451.625,22.0,28.0,55.5,158.0,188.125,1450.0,475.625,6.0,15.0,59.0,1.0,1.0,2.0,5.0,6.0,1.0,0.0,0.0,24.0,24.0,0.295,0.2857142857142857,0.0096,0.0096,0.0725,0.32954545454545453,0.6704545454545454,0.6,1.0,1.0,0.5166666666666667,0.5408348457350273,0.0
20260628_155937_2ee7d04a,20260628_155937_2ee7d04a_g0006,6,1639577208,2,24,24,24,1,2,BLUE,pool_heuristic,1,3,[3],0,83,3,"{""1"": 82, ""2"": 83, ""3"": 85, ""4"": 84}",False,19.0,-48.0,3.0,7.0,4.0,0.01,389.0,121.375,423.125,17.0,24.0,53.25,177.0,151.875,1538.0,442.125,6.0,15.0,58.0,1.0,1.0,2.0,6.0,5.0,0.0,1.0,1.0,24.0,24.0,0.295,0.2857142857142857,0.0096,0.0096,0.075,0.3409090909090909,0.6590909090909091,0.475,1.0,1.0,0.5583333333333333,0.5070175438596491,0.0
20260628_155937_2ee7d04a,20260628_155937_2ee7d04a_g0006,6,1639577208,2,24,24,24,1,3,YELLOW,sweep_1w_500ms,2,3,[3],1,85,1,"{""1"": 82, ""2"": 83, ""3"": 85, ""4"": 84}",False,22.0,-42.0,2.0,9.0,4.0,0.01,593.0,159.5,568.25,20.0,31.0,75.75,209.0,232.5,1334.0,590.25,6.0,15.0,59.0,1.0,1.0,2.0,5.0,6.0,1.0,0.0,0.0,24.0,24.0,0.295,0.2857142857142857,0.0096,0.0096,0.0725,0.32954545454545453,0.6704545454545454,0.55,1.0,1.0,0.5333333333333333,0.5353901996370236,0.0
20260628_155937_2ee7d04a,20260628_155937_2ee7d04a_g0006,6,1639577208,2,24,24,24,1,4,GREEN,sweep_4w_500ms,3,3,[3],0,84,2,"{""1"": 82, ""2"": 83, ""3"": 85, ""4"": 84}",False,21.0,-44.0,0.0,10.0,4.0,0.01,468.0,131.625,461.625,18.0,23.0,58.5,204.0,158.125,1459.0,482.625,6.0,15.0,58.0,1.0,1.0,2.0,6.0,5.0,1.0,0.0,0.0,24.0,24.0,0.295,0.2857142857142857,0.0096,0.0096,0.075,0.3409090909090909,0.6590909090909091,0.525,1.0,1.0,0.5416666666666667,0.5578947368421052,0.0
20260628_155937_2ee7d04a,20260628_155937_2ee7d04a_g0006,6,1639577208,3,32,32,32,1,1,RED,sweep_8w_500ms,0,3,[3],0,82,4,"{""1"": 82, ""2"": 83, ""3"": 85, ""4"": 84}",False,27.0,-50.0,1.0,21.0,5.0,0.0125,266.0,87.375,270.125,23.0,21.0,42.75,59.0,124.375,930.0,297.125,8.0,13.0,51.0,1.0,1.0,2.0,3.0,6.0,1.0,0.0,0.0,32.0,32.0,0.3875,0.38095238095238093,0.0128,0.0128,0.0925,0.42045454545454547,0.5795454545454546,0.675,1.0,1.0,0.6416666666666667,0.5462304409672831,0.0
20260628_155937_2ee7d04a,20260628_155937_2ee7d04a_g0006,6,1639577208,3,32,32,32,1,2,BLUE,pool_heuristic,1,3,[3],0,83,3,"{""1"": 82, ""2"": 83, ""3"": 85, ""4"": 84}",False,25.0,-54.0,3.0,16.0,5.0,0.0125,240.0,92.625,277.25,22.0,24.0,46.5,123.5,61.25,956.0,302.25,8.0,13.0,48.0,1.0,1.0,2.0,6.0,3.0,0.0,0.0,1.0,32.0,32.0,0.3875,0.38095238095238093,0.0128,0.0128,0.1,0.45454545454545453,0.5454545454545454,0.625,1.0,1.0,0.6583333333333333,0.48289473684210527,0.0
20260628_155937_2ee7d04a,20260628_155937_2ee7d04a_g0006,6,1639577208,3,32,32,32,1,3,YELLOW,sweep_1w_500ms,2,3,[3],1,85,1,"{""1"": 82, ""2"": 83, ""3"": 85, ""4"": 84}",False,27.0,-50.0,2.0,17.0,5.0,0.0125,404.0,128.875,413.25,23.0,33.0,69.75,172.5,115.0,792.0,440.25,8.0,13.0,49.0,1.0,1.0,2.0,5.0,4.0,1.0,0.0,0.0,32.0,32.0,0.3875,0.38095238095238093,0.0128,0.0128,0.0975,0.4431818181818182,0.5568181818181818,0.675,1.0,1.0,0.6416666666666667,0.5290148448043185,0.0
20260628_155937_2ee7d04a,20260628_155937_2ee7d04a_g0006,6,1639577208,3,32,32,32,1,4,GREEN,sweep_4w_500ms,3,3,[3],0,84,2,"{""1"": 82, ""2"": 83, ""3"": 85, ""4"": 84}",False,25.0,-54.0,0.0,21.0,5.0,0.0125,286.0,93.25,290.125,20.0,22.0,49.5,120.5,78.125,910.0,315.125,8.0,13.0,49.0,1.0,1.0,2.0,5.0,4.0,1.0,0.0,0.0,32.0,32.0,0.3875,0.38095238095238093,0.0128,0.0128,0.0975,0.4431818181818182,0.5568181818181818,0.625,1.0,1.0,0.6583333333333333,0.582995951417004,0.0
20260628_155937_2ee7d04a,20260628_155937_2ee7d04a_g0006,6,1639577208,4,40,40,40,1,1,RED,sweep_8w_500ms,0,3,[3],0,82,4,"{""1"": 82, ""2"": 83, ""3"": 85, ""4"": 84}",False,32.0,-56.0,1.0,30.0,6.0,0.015,100.0,49.125,105.125,25.0,16.0,19.5,14.0,30.625,621.0,137.125,10.0,11.0,42.0,1.0,1.0,2.0,2.0,5.0,0.0,0.0,0.0,40.0,40.0,0.475,0.47619047619047616,0.016,0.016,0.115,0.5227272727272727,0.4772727272727273,0.8,1.0,1.0,0.7333333333333333,0.5080091533180778,0.0
20260628_155937_2ee7d04a,20260628_155937_2ee7d04a_g0006,6,1639577208,4,40,40,40,1,2,BLUE,pool_heuristic,1,3,[3],0,83,3,"{""1"": 82, ""2"": 83, ""3"": 85, ""4"": 84}",False,28.0,-64.0,3.0,26.0,6.0,0.015,160.0,65.375,159.5,24.0,21.0,32.25,73.5,8.75,561.0,187.5,10.0,11.0,38.0,1.0,1.0,2.0,6.0,1.0,0.0,0.0,0.0,40.0,40.0,0.475,0.47619047619047616,0.016,0.016,0.125,0.5681818181818182,0.4318181818181818,0.7,1.0,1.0,0.7666666666666667,0.4652631578947368,0.0
20260628_155937_2ee7d04a,20260628_155937_2ee7d04a_g0006,6,1639577208,4,40,40,40,1,3,YELLOW,sweep_1w_500ms,2,3,[3],1,85,1,"{""1"": 82, ""2"": 83, ""3"": 85, ""4"": 84}",False,32.0,-56.0,2.0,25.0,6.0,0.015,265.0,104.125,302.875,26.0,32.0,64.5,91.0,89.375,456.0,334.875,10.0,11.0,41.0,1.0,1.0,2.0,3.0,4.0,1.0,0.0,0.0,40.0,40.0,0.475,0.47619047619047616,0.016,0.016,0.1175,0.5340909090909091,0.4659090909090909,0.8,1.0,1.0,0.7333333333333333,0.5229563269876819,0.0
20260628_155937_2ee7d04a,20260628_155937_2ee7d04a_g0006,6,1639577208,4,40,40,40,1,4,GREEN,sweep_4w_500ms,3,3,[3],0,84,2,"{""1"": 82, ""2"": 83, ""3"": 85, ""4"": 84}",False,28.0,-64.0,0.0,27.0,6.0,0.015,196.0,73.5,201.375,22.0,22.0,48.0,52.5,56.875,525.0,229.375,10.0,11.0,41.0,1.0,1.0,2.0,3.0,4.0,1.0,0.0,0.0,40.0,40.0,0.475,0.47619047619047616,0.016,0.016,0.1175,0.5340909090909091,0.4659090909090909,0.7,1.0,1.0,0.7666666666666667,0.5767077267637178,0.0
20260628_155937_2ee7d04a,20260628_155937_2ee7d04a_g0006,6,1639577208,5,48,48,48,1,1,RED,sweep_8w_500ms,0,3,[3],0,82,4,"{""1"": 82, ""2"": 83, ""3"": 85, ""4"": 84}",False,34.0,-53.0,1.0,40.0,7.0,0.0175,48.0,34.0,47.0,25.0,12.0,6.75,2.0,1.25,205.0,81.0,12.0,9.0,32.0,1.0,1.0,2.0,2.0,3.0,0.0,0.0,0.0,48.0,48.0,0.57,0.5714285714285714,0.0192,0.0192,0.14,0.6363636363636364,0.36363636363636365,0.85,1.0,1.0,0.725,0.5,0.0
20260628_155937_2ee7d04a,20260628_155937_2ee7d04a_g0006,6,1639577208,5,48,48,48,1,2,BLUE,pool_heuristic,1,3,[3],0,83,3,"{""1"": 82, ""2"": 83, ""3"": 85, ""4"": 84}",False,29.0,-63.0,3.0,32.0,7.0,0.0175,81.0,44.0,91.0,21.0,16.0,18.0,36.0,0.0,172.0,120.0,12.0,9.0,29.0,1.0,1.0,2.0,5.0,0.0,0.0,0.0,0.0,48.0,48.0,0.57,0.5714285714285714,0.0192,0.0192,0.1475,0.6704545454545454,0.32954545454545453,0.725,1.0,0.8,0.7666666666666667,0.44067796610169496,0.0
20260628_155937_2ee7d04a,20260628_155937_2ee7d04a_g0006,6,1639577208,5,48,48,48,1,3,YELLOW,sweep_1w_500ms,2,3,[3],1,85,1,"{""1"": 82, ""2"": 83, ""3"": 85, ""4"": 84}",False,32.0,-57.0,2.0,33.0,7.0,0.0175,85.0,48.25,100.25,23.0,17.0,25.5,26.0,8.75,168.0,132.25,12.0,9.0,31.0,1.0,1.0,2.0,3.0,2.0,0.0,0.0,0.0,48.0,48.0,0.57,0.5714285714285714,0.0192,0.0192,0.1425,0.6477272727272727,0.3522727272727273,0.8,1.0,1.0,0.7416666666666667,0.5216989843028623,0.0
20260628_155937_2ee7d04a,20260628_155937_2ee7d04a_g0006,6,1639577208,5,48,48,48,1,4,GREEN,sweep_4w_500ms,3,3,[3],0,84,2,"{""1"": 82, ""2"": 83, ""3"": 85, ""4"": 84}",False,26.0,-69.0,0.0,33.0,7.0,0.0175,39.0,25.75,39.25,17.0,8.0,14.25,0.0,0.0,214.0,65.25,12.0,9.0,32.0,1.0,1.0,2.0,2.0,3.0,0.0,0.0,0.0,48.0,48.0,0.57,0.5714285714285714,0.0192,0.0192,0.14,0.6363636363636364,0.36363636363636365,0.65,1.0,1.0,0.7916666666666667,0.5451127819548873,0.0
20260628_155937_2ee7d04a,20260628_155937_2ee7d04a_g0006,6,1639577208,6,56,56,56,1,1,RED,sweep_8w_500ms,0,3,[3],0,82,4,"{""1"": 82, ""2"": 83, ""3"": 85, ""4"": 84}",False,32.0,-52.0,0.0,47.0,12.0,0.03,25.0,22.5,25.0,20.0,5.0,0.0,0.0,0.0,85.0,57.0,14.0,7.0,24.0,1.0,1.0,1.0,2.0,2.0,0.0,0.0,0.0,56.0,56.0,0.6475,0.6666666666666666,0.0224,0.0224,0.16,0.7272727272727273,0.2727272727272727,0.8,0.95,1.0,0.7,0.5082236842105263,0.0
20260628_155937_2ee7d04a,20260628_155937_2ee7d04a_g0006,6,1639577208,6,56,56,56,1,2,BLUE,pool_heuristic,1,3,[3],0,83,3,"{""1"": 82, ""2"": 83, ""3"": 85, ""4"": 84}",False,33.0,-50.0,3.0,47.0,12.0,0.03,29.0,23.5,29.0,19.0,7.0,3.0,0.0,0.0,81.0,62.0,14.0,7.0,21.0,1.0,1.0,2.0,3.0,0.0,0.0,0.0,0.0,56.0,56.0,0.6475,0.6666666666666666,0.0224,0.0224,0.1675,0.7613636363636364,0.23863636363636365,0.825,1.0,0.8,0.6916666666666667,0.44147682639434405,0.0
20260628_155937_2ee7d04a,20260628_155937_2ee7d04a_g0006,6,1639577208,6,56,56,56,1,3,YELLOW,sweep_1w_500ms,2,3,[3],1,85,1,"{""1"": 82, ""2"": 83, ""3"": 85, ""4"": 84}",False,27.0,-62.0,2.0,39.0,12.0,0.03,29.0,22.0,29.0,17.0,7.0,3.0,2.0,0.0,81.0,56.0,14.0,7.0,23.0,1.0,1.0,1.0,3.0,1.0,0.0,0.0,0.0,56.0,56.0,0.6475,0.6666666666666666,0.0224,0.0224,0.1625,0.7386363636363636,0.26136363636363635,0.675,0.9666666666666667,1.0,0.7416666666666667,0.48582995951416996,0.0
20260628_155937_2ee7d04a,20260628_155937_2ee7d04a_g0006,6,1639577208,6,56,56,56,1,4,GREEN,sweep_4w_500ms,3,3,[3],0,84,2,"{""1"": 82, ""2"": 83, ""3"": 85, ""4"": 84}",False,24.0,-68.0,0.0,41.0,12.0,0.03,27.0,19.5,25.5,15.0,6.0,4.5,0.0,0.0,83.0,49.5,14.0,7.0,25.0,1.0,1.0,1.0,1.0,3.0,0.0,0.0,0.0,56.0,56.0,0.6475,0.6666666666666666,0.0224,0.0224,0.1575,0.7159090909090909,0.2840909090909091,0.6,1.0,1.0,0.7666666666666667,0.5472013366750209,0.0
20260628_155937_2ee7d04a,20260628_155937_2ee7d04a_g0006,6,1639577208,7,64,64,64,1,1,RED,sweep_8w_500ms,0,3,[3],0,82,4,"{""1"": 82, ""2"": 83, ""3"": 85, ""4"": 84}",False,30.0,-51.0,0.0,52.0,15.0,0.0375,0.0,0.0,0.0,0.0,0.0,0.0,0.0,0.0,14.0,30.0,16.0,5.0,21.0,0.0,0.0,1.0,2.0,2.0,0.0,0.0,0.0,64.0,64.0,0.6875,0.7619047619047619,0.0256,0.0256,0.1675,0.7613636363636364,0.23863636363636365,0.75,0.8,1.0,0.675,0.5161036920659858,0.0
20260628_155937_2ee7d04a,20260628_155937_2ee7d04a_g0006,6,1639577208,7,64,64,64,1,2,BLUE,pool_heuristic,1,3,[3],0,83,3,"{""1"": 82, ""2"": 83, ""3"": 85, ""4"": 84}",False,31.0,-49.0,3.0,57.0,15.0,0.0375,5.0,2.5,5.5,0.0,4.0,1.5,0.0,0.0,9.0,36.5,16.0,5.0,17.0,0.0,1.0,1.0,3.0,0.0,0.0,0.0,0.0,64.0,64.0,0.6875,0.7619047619047619,0.0256,0.0256,0.1775,0.8068181818181818,0.19318181818181818,0.775,0.85,0.8,0.6666666666666667,0.44329132690882134,0.0
20260628_155937_2ee7d04a,20260628_155937_2ee7d04a_g0006,6,1639577208,7,64,64,64,1,3,YELLOW,sweep_1w_500ms,2,3,[3],1,85,1,"{""1"": 82, ""2"": 83, ""3"": 85, ""4"": 84}",False,25.0,-61.0,2.0,41.0,15.0,0.0375,7.0,3.0,7.0,0.0,5.0,0.75,0.0,1.25,7.0,32.0,16.0,5.0,18.0,0.0,1.0,1.0,2.0,1.0,0.0,0.0,0.0,64.0,64.0,0.6875,0.7619047619047619,0.0256,0.0256,0.175,0.7954545454545454,0.20454545454545456,0.625,0.7666666666666667,1.0,0.7166666666666667,0.4699248120300752,0.0
20260628_155937_2ee7d04a,20260628_155937_2ee7d04a_g0006,6,1639577208,7,64,64,64,1,4,GREEN,sweep_4w_500ms,3,3,[3],0,84,2,"{""1"": 82, ""2"": 83, ""3"": 85, ""4"": 84}",False,25.0,-61.0,0.0,47.0,15.0,0.0375,2.0,1.0,2.0,0.0,2.0,0.0,0.0,0.0,12.0,27.0,16.0,5.0,21.0,0.0,1.0,0.0,1.0,3.0,0.0,0.0,0.0,64.0,64.0,0.6875,0.7619047619047619,0.0256,0.0256,0.1675,0.7613636363636364,0.23863636363636365,0.625,0.9,1.0,0.7166666666666667,0.5357423409269442,0.0
20260628_155937_2ee7d04a,20260628_155937_2ee7d04a_g0007,7,506414399,0,8,8,8,1,1,RED,pool_heuristic,0,2,[2],0,91,2,"{""1"": 91, ""2"": 96, ""3"": 86, ""4"": 86}",False,5.0,-20.0,9.0,0.0,0.0,0.0,339.0,85.5,349.75,5.0,9.0,26.25,107.0,202.5,1342.0,354.75,2.0,19.0,78.0,1.0,1.0,2.0,6.0,9.0,1.0,1.0,1.0,8.0,8.0,0.0975,0.09523809523809523,0.0032,0.0032,0.025,0.11363636363636363,0.8863636363636364,0.125,1.0,1.0,0.20833333333333334,0.22631578947368425,0.0
20260628_155937_2ee7d04a,20260628_155937_2ee7d04a_g0007,7,506414399,0,8,8,8,1,2,BLUE,sweep_1w_500ms,1,2,[2],1,96,1,"{""1"": 91, ""2"": 96, ""3"": 86, ""4"": 86}",False,8.0,-14.0,9.0,0.0,0.0,0.0,395.0,99.375,397.25,8.0,13.0,33.75,102.5,240.0,1286.0,405.25,2.0,19.0,79.0,1.0,1.0,2.0,5.0,10.0,1.0,1.0,1.0,8.0,8.0,0.0975,0.09523809523809523,0.0032,0.0032,0.0225,0.10227272727272728,0.8977272727272727,0.2,1.0,1.0,0.18333333333333332,0.21637426900584789,0.0
20260628_155937_2ee7d04a,20260628_155937_2ee7d04a_g0007,7,506414399,0,8,8,8,1,3,YELLOW,sweep_4w_500ms,2,2,[2],0,86,3,"{""1"": 91, ""2"": 96, ""3"": 86, ""4"": 86}",False,8.0,-14.0,9.0,0.0,0.0,0.0,404.0,96.125,382.0,8.0,11.0,30.75,118.5,213.75,1277.0,390.0,2.0,19.0,78.0,1.0,1.0,2.0,6.0,9.0,1.0,1.0,0.0,8.0,8.0,0.0975,0.09523809523809523,0.0032,0.0032,0.025,0.11363636363636363,0.8863636363636364,0.2,1.0,1.0,0.18333333333333332,0.20526315789473681,0.0
20260628_155937_2ee7d04a,20260628_155937_2ee7d04a_g0007,7,506414399,0,8,8,8,1,4,GREEN,sweep_8w_500ms,3,2,[2],0,86,3,"{""1"": 91, ""2"": 96, ""3"": 86, ""4"": 86}",False,9.0,-12.0,9.0,0.0,0.0,0.0,543.0,122.625,488.75,9.0,15.0,41.25,153.5,270.0,1138.0,497.75,2.0,19.0,78.0,1.0,1.0,2.0,6.0,9.0,1.0,0.0,0.0,8.0,8.0,0.0975,0.09523809523809523,0.0032,0.0032,0.025,0.11363636363636363,0.8863636363636364,0.225,1.0,1.0,0.175,0.23684210526315785,0.0
20260628_155937_2ee7d04a,20260628_155937_2ee7d04a_g0007,7,506414399,1,16,16,16,1,1,RED,pool_heuristic,0,2,[2],0,91,2,"{""1"": 91, ""2"": 96, ""3"": 86, ""4"": 86}",False,12.0,-36.0,4.0,2.0,0.0,0.0,382.0,112.625,434.125,10.0,15.0,40.5,158.0,210.625,1993.0,446.125,4.0,17.0,68.0,1.0,1.0,2.0,6.0,7.0,1.0,1.0,1.0,16.0,16.0,0.1975,0.19047619047619047,0.0064,0.0064,0.05,0.22727272727272727,0.7727272727272727,0.3,1.0,1.0,0.4,0.42894736842105263,0.0
20260628_155937_2ee7d04a,20260628_155937_2ee7d04a_g0007,7,506414399,1,16,16,16,1,2,BLUE,sweep_1w_500ms,1,2,[2],1,96,1,"{""1"": 91, ""2"": 96, ""3"": 86, ""4"": 86}",False,17.0,-26.0,1.0,0.0,0.0,0.0,865.0,205.75,803.875,17.0,29.0,78.75,243.5,435.625,1510.0,820.875,4.0,17.0,69.0,1.0,1.0,2.0,5.0,8.0,1.0,0.0,0.0,16.0,16.0,0.1975,0.19047619047619047,0.0064,0.0064,0.0475,0.2159090909090909,0.7840909090909091,0.425,1.0,1.0,0.35833333333333334,0.47645429362880887,0.0
20260628_155937_2ee7d04a,20260628_155937_2ee7d04a_g0007,7,506414399,1,16,16,16,1,3,YELLOW,sweep_4w_500ms,2,2,[2],0,86,3,"{""1"": 91, ""2"": 96, ""3"": 86, ""4"": 86}",False,15.0,-30.0,2.0,0.0,0.0,0.0,625.0,159.5,607.0,15.0,23.0,60.0,224.0,285.0,1750.0,622.0,4.0,17.0,68.0,1.0,1.0,2.0,6.0,7.0,1.0,0.0,0.0,16.0,16.0,0.1975,0.19047619047619047,0.0064,0.0064,0.05,0.22727272727272727,0.7727272727272727,0.375,1.0,1.0,0.375,0.45000000000000007,0.0
20260628_155937_2ee7d04a,20260628_155937_2ee7d04a_g0007,7,506414399,1,16,16,16,1,4,GREEN,sweep_8w_500ms,3,2,[2],0,86,3,"{""1"": 91, ""2"": 96, ""3"": 86, ""4"": 86}",False,16.0,-28.0,5.0,2.0,0.0,0.0,503.0,133.875,491.625,16.0,22.0,54.0,179.0,220.625,1872.0,507.625,4.0,17.0,68.0,1.0,1.0,2.0,6.0,7.0,1.0,0.0,0.0,16.0,16.0,0.1975,0.19047619047619047,0.0064,0.0064,0.05,0.22727272727272727,0.7727272727272727,0.4,1.0,1.0,0.36666666666666664,0.39473684210526316,0.0
20260628_155937_2ee7d04a,20260628_155937_2ee7d04a_g0007,7,506414399,2,24,24,24,1,1,RED,pool_heuristic,0,2,[2],0,91,2,"{""1"": 91, ""2"": 96, ""3"": 86, ""4"": 86}",False,19.0,-43.0,1.0,9.0,1.0,0.0025,320.0,112.25,386.75,17.0,21.0,51.75,162.0,135.0,1324.0,405.75,6.0,15.0,58.0,1.0,1.0,2.0,6.0,5.0,1.0,0.0,1.0,24.0,24.0,0.2925,0.2857142857142857,0.0096,0.0096,0.075,0.3409090909090909,0.6590909090909091,0.475,1.0,1.0,0.5166666666666667,0.5368421052631578,0.0
20260628_155937_2ee7d04a,20260628_155937_2ee7d04a_g0007,7,506414399,2,24,24,24,1,2,BLUE,sweep_1w_500ms,1,2,[2],1,96,1,"{""1"": 91, ""2"": 96, ""3"": 86, ""4"": 86}",False,22.0,-37.0,1.0,5.0,1.0,0.0025,651.0,169.625,624.5,20.0,31.0,79.5,176.5,317.5,993.0,646.5,6.0,15.0,60.0,1.0,1.0,2.0,4.0,7.0,1.0,0.0,0.0,24.0,24.0,0.2925,0.2857142857142857,0.0096,0.0096,0.07,0.3181818181818182,0.6818181818181818,0.55,1.0,1.0,0.4916666666666667,0.5545112781954888,0.0
20260628_155937_2ee7d04a,20260628_155937_2ee7d04a_g0007,7,506414399,2,24,24,24,1,3,YELLOW,sweep_4w_500ms,2,2,[2],0,86,3,"{""1"": 91, ""2"": 96, ""3"": 86, ""4"": 86}",False,20.0,-41.0,2.0,9.0,1.0,0.0025,448.0,121.875,423.5,17.0,23.0,57.0,181.5,145.0,1196.0,443.5,6.0,15.0,58.0,1.0,1.0,2.0,6.0,5.0,0.0,0.0,0.0,24.0,24.0,0.2925,0.2857142857142857,0.0096,0.0096,0.075,0.3409090909090909,0.6590909090909091,0.5,1.0,1.0,0.5083333333333333,0.5105263157894737,0.0
20260628_155937_2ee7d04a,20260628_155937_2ee7d04a_g0007,7,506414399,2,24,24,24,1,4,GREEN,sweep_8w_500ms,3,2,[2],0,86,3,"{""1"": 91, ""2"": 96, ""3"": 86, ""4"": 86}",False,20.0,-41.0,3.0,12.0,1.0,0.0025,225.0,79.75,243.75,18.0,21.0,42.0,94.0,68.75,1419.0,263.75,6.0,15.0,59.0,1.0,1.0,2.0,5.0,6.0,1.0,0.0,0.0,24.0,24.0,0.2925,0.2857142857142857,0.0096,0.0096,0.0725,0.32954545454545453,0.6704545454545454,0.5,1.0,1.0,0.5083333333333333,0.4537205081669692,0.0
20260628_155937_2ee7d04a,20260628_155937_2ee7d04a_g0007,7,506414399,3,32,32,32,1,1,RED,pool_heuristic,0,2,[2],0,91,2,"{""1"": 91, ""2"": 96, ""3"": 86, ""4"": 86}",False,22.0,-51.0,1.0,13.0,7.0,0.0175,141.0,58.375,159.5,19.0,15.0,25.5,67.5,32.5,678.0,181.5,8.0,13.0,48.0,1.0,1.0,2.0,6.0,3.0,0.0,0.0,1.0,32.0,32.0,0.3875,0.38095238095238093,0.0128,0.0128,0.1,0.45454545454545453,0.5454545454545454,0.55,1.0,1.0,0.6083333333333333,0.5289473684210526,0.0
20260628_155937_2ee7d04a,20260628_155937_2ee7d04a_g0007,7,506414399,3,32,32,32,1,2,BLUE,sweep_1w_500ms,1,2,[2],1,96,1,"{""1"": 91, ""2"": 96, ""3"": 86, ""4"": 86}",False,26.0,-43.0,1.0,9.0,7.0,0.0175,347.0,106.75,332.125,23.0,29.0,57.0,112.5,110.625,472.0,358.125,8.0,13.0,50.0,1.0,1.0,2.0,4.0,5.0,0.0,0.0,0.0,32.0,32.0,0.3875,0.38095238095238093,0.0128,0.0128,0.095,0.4318181818181818,0.5681818181818182,0.65,1.0,1.0,0.575,0.5581717451523545,0.0
20260628_155937_2ee7d04a,20260628_155937_2ee7d04a_g0007,7,506414399,3,32,32,32,1,3,YELLOW,sweep_4w_500ms,2,2,[2],0,86,3,"{""1"": 91, ""2"": 96, ""3"": 86, ""4"": 86}",False,25.0,-45.0,2.0,21.0,7.0,0.0175,183.0,64.875,184.375,18.0,18.0,35.25,70.0,43.125,636.0,209.375,8.0,13.0,49.0,1.0,1.0,2.0,5.0,4.0,0.0,0.0,0.0,32.0,32.0,0.3875,0.38095238095238093,0.0128,0.0128,0.0975,0.4431818181818182,0.5568181818181818,0.625,1.0,1.0,0.5833333333333333,0.5033738191632928,0.0
20260628_155937_2ee7d04a,20260628_155937_2ee7d04a_g0007,7,506414399,3,32,32,32,1,4,GREEN,sweep_8w_500ms,3,2,[2],0,86,3,"{""1"": 91, ""2"": 96, ""3"": 86, ""4"": 86}",False,22.0,-51.0,1.0,22.0,7.0,0.0175,148.0,61.25,164.5,20.0,18.0,32.25,53.0,41.25,671.0,186.5,8.0,13.0,50.0,1.0,1.0,2.0,4.0,5.0,1.0,0.0,0.0,32.0,32.0,0.3875,0.38095238095238093,0.0128,0.0128,0.095,0.4318181818181818,0.5681818181818182,0.55,1.0,1.0,0.6083333333333333,0.5346260387811634,0.0
20260628_155937_2ee7d04a,20260628_155937_2ee7d04a_g0007,7,506414399,4,40,40,40,1,1,RED,pool_heuristic,0,2,[2],0,91,2,"{""1"": 91, ""2"": 96, ""3"": 86, ""4"": 86}",False,25.0,-61.0,1.0,15.0,9.0,0.0225,67.0,37.5,71.0,21.0,11.0,16.5,20.0,2.5,384.0,96.0,10.0,11.0,38.0,1.0,1.0,2.0,6.0,1.0,0.0,0.0,0.0,40.0,40.0,0.47,0.47619047619047616,0.016,0.016,0.125,0.5681818181818182,0.4318181818181818,0.625,1.0,1.0,0.7166666666666667,0.5073684210526317,0.0
20260628_155937_2ee7d04a,20260628_155937_2ee7d04a_g0007,7,506414399,4,40,40,40,1,2,BLUE,sweep_1w_500ms,1,2,[2],1,96,1,"{""1"": 91, ""2"": 96, ""3"": 86, ""4"": 86}",False,32.0,-47.0,1.0,20.0,9.0,0.0225,193.0,75.125,190.375,27.0,25.0,41.25,49.0,48.125,258.0,222.375,10.0,11.0,41.0,1.0,1.0,2.0,3.0,4.0,0.0,0.0,0.0,40.0,40.0,0.47,0.47619047619047616,0.016,0.016,0.1175,0.5340909090909091,0.4659090909090909,0.8,1.0,1.0,0.6583333333333333,0.5251959686450168,0.0
20260628_155937_2ee7d04a,20260628_155937_2ee7d04a_g0007,7,506414399,4,40,40,40,1,3,YELLOW,sweep_4w_500ms,2,2,[2],0,86,3,"{""1"": 91, ""2"": 96, ""3"": 86, ""4"": 86}",False,28.0,-55.0,2.0,31.0,9.0,0.0225,75.0,37.0,77.125,20.0,14.0,0.0,27.5,15.625,376.0,105.125,10.0,11.0,43.0,1.0,1.0,0.0,5.0,4.0,0.0,0.0,0.0,40.0,40.0,0.47,0.47619047619047616,0.016,0.016,0.1125,0.5113636363636364,0.48863636363636365,0.7,1.0,1.0,0.6916666666666667,0.4935672514619883,0.0
20260628_155937_2ee7d04a,20260628_155937_2ee7d04a_g0007,7,506414399,4,40,40,40,1,4,GREEN,sweep_8w_500ms,3,2,[2],0,86,3,"{""1"": 91, ""2"": 96, ""3"": 86, ""4"": 86}",False,26.0,-59.0,1.0,30.0,9.0,0.0225,116.0,58.25,142.5,24.0,19.0,16.5,53.0,30.0,335.0,168.5,10.0,11.0,42.0,1.0,1.0,1.0,4.0,4.0,1.0,0.0,0.0,40.0,40.0,0.47,0.47619047619047616,0.016,0.016,0.115,0.5227272727272727,0.4772727272727273,0.65,1.0,1.0,0.7083333333333333,0.5572082379862701,0.0
20260628_155937_2ee7d04a,20260628_155937_2ee7d04a_g0007,7,506414399,5,48,48,48,1,1,RED,pool_heuristic,0,2,[2],0,91,2,"{""1"": 91, ""2"": 96, ""3"": 86, ""4"": 86}",False,23.0,-68.0,0.0,22.0,9.0,0.0225,32.0,23.875,33.25,18.0,6.0,6.75,2.5,0.0,204.0,56.25,12.0,9.0,30.0,1.0,1.0,2.0,4.0,1.0,0.0,0.0,0.0,48.0,48.0,0.5625,0.5714285714285714,0.0192,0.0192,0.145,0.6590909090909091,0.3409090909090909,0.575,1.0,1.0,0.7583333333333333,0.5181488203266789,0.0
20260628_155937_2ee7d04a,20260628_155937_2ee7d04a_g0007,7,506414399,5,48,48,48,1,2,BLUE,sweep_1w_500ms,1,2,[2],1,96,1,"{""1"": 91, ""2"": 96, ""3"": 86, ""4"": 86}",False,31.0,-52.0,1.0,31.0,9.0,0.0225,64.0,39.625,66.25,24.0,15.0,16.5,9.5,1.25,172.0,97.25,12.0,9.0,31.0,1.0,1.0,2.0,3.0,2.0,0.0,0.0,0.0,48.0,48.0,0.5625,0.5714285714285714,0.0192,0.0192,0.1425,0.6477272727272727,0.3522727272727273,0.775,1.0,1.0,0.6916666666666667,0.5060018467220684,0.0
20260628_155937_2ee7d04a,20260628_155937_2ee7d04a_g0007,7,506414399,5,48,48,48,1,3,YELLOW,sweep_4w_500ms,2,2,[2],0,86,3,"{""1"": 91, ""2"": 96, ""3"": 86, ""4"": 86}",False,30.0,-54.0,2.0,37.0,9.0,0.0225,51.0,31.625,56.125,20.0,12.0,0.0,16.0,8.125,185.0,86.125,12.0,9.0,34.0,1.0,1.0,0.0,4.0,3.0,0.0,0.0,0.0,48.0,48.0,0.5625,0.5714285714285714,0.0192,0.0192,0.135,0.6136363636363636,0.38636363636363635,0.75,1.0,1.0,0.7,0.4727095516569201,0.0
20260628_155937_2ee7d04a,20260628_155937_2ee7d04a_g0007,7,506414399,5,48,48,48,1,4,GREEN,sweep_8w_500ms,3,2,[2],0,86,3,"{""1"": 91, ""2"": 96, ""3"": 86, ""4"": 86}",False,30.0,-54.0,1.0,43.0,9.0,0.0225,89.0,50.0,107.5,24.0,18.0,13.5,42.0,10.0,147.0,137.5,12.0,9.0,32.0,1.0,1.0,1.0,4.0,2.0,0.0,0.0,0.0,48.0,48.0,0.5625,0.5714285714285714,0.0192,0.0192,0.14,0.6363636363636364,0.36363636363636365,0.75,1.0,1.0,0.7,0.5432330827067668,0.0
20260628_155937_2ee7d04a,20260628_155937_2ee7d04a_g0007,7,506414399,6,56,56,56,1,1,RED,pool_heuristic,0,2,[2],0,91,2,"{""1"": 91, ""2"": 96, ""3"": 86, ""4"": 86}",False,24.0,-66.0,0.0,35.0,14.0,0.035,22.0,18.5,25.5,15.0,3.0,3.0,2.0,2.5,129.0,49.5,14.0,7.0,23.0,1.0,1.0,1.0,3.0,1.0,0.0,0.0,0.0,56.0,56.0,0.645,0.6666666666666666,0.0224,0.0224,0.1625,0.7386363636363636,0.26136363636363635,0.6,0.9833333333333333,1.0,0.75,0.4842105263157894,0.0
20260628_155937_2ee7d04a,20260628_155937_2ee7d04a_g0007,7,506414399,6,56,56,56,1,2,BLUE,sweep_1w_500ms,1,2,[2],1,96,1,"{""1"": 91, ""2"": 96, ""3"": 86, ""4"": 86}",False,31.0,-52.0,1.0,46.0,14.0,0.035,36.0,28.0,40.5,20.0,10.0,4.5,6.0,0.0,115.0,71.5,14.0,7.0,23.0,1.0,1.0,1.0,3.0,1.0,0.0,0.0,0.0,56.0,56.0,0.645,0.6666666666666666,0.0224,0.0224,0.1625,0.7386363636363636,0.26136363636363635,0.775,1.0,1.0,0.6916666666666667,0.5052631578947369,0.0
20260628_155937_2ee7d04a,20260628_155937_2ee7d04a_g0007,7,506414399,6,56,56,56,1,3,YELLOW,sweep_4w_500ms,2,2,[2],0,86,3,"{""1"": 91, ""2"": 96, ""3"": 86, ""4"": 86}",False,29.0,-56.0,2.0,43.0,14.0,0.035,44.0,26.5,42.625,18.0,10.0,0.0,11.5,3.125,107.0,71.625,14.0,7.0,25.0,1.0,1.0,0.0,3.0,2.0,0.0,0.0,0.0,56.0,56.0,0.645,0.6666666666666666,0.0224,0.0224,0.1575,0.7159090909090909,0.2840909090909091,0.725,1.0,1.0,0.7083333333333333,0.4594820384294068,0.0
20260628_155937_2ee7d04a,20260628_155937_2ee7d04a_g0007,7,506414399,6,56,56,56,1,4,GREEN,sweep_8w_500ms,3,2,[2],0,86,3,"{""1"": 91, ""2"": 96, ""3"": 86, ""4"": 86}",False,30.0,-54.0,1.0,53.0,14.0,0.035,49.0,35.5,59.5,23.0,11.0,9.0,14.0,2.5,102.0,89.5,14.0,7.0,23.0,1.0,1.0,1.0,3.0,1.0,0.0,0.0,0.0,56.0,56.0,0.645,0.6666666666666666,0.0224,0.0224,0.1625,0.7386363636363636,0.26136363636363635,0.75,1.0,1.0,0.7,0.5514170040485831,0.0
20260628_155937_2ee7d04a,20260628_155937_2ee7d04a_g0007,7,506414399,7,64,64,64,1,1,RED,pool_heuristic,0,2,[2],0,91,2,"{""1"": 91, ""2"": 96, ""3"": 86, ""4"": 86}",False,23.0,-60.0,0.0,52.0,20.0,0.05,3.0,1.5,3.5,0.0,2.0,1.5,0.0,0.0,89.0,26.5,16.0,5.0,18.0,0.0,1.0,1.0,2.0,1.0,0.0,0.0,0.0,64.0,64.0,0.7175,0.7619047619047619,0.0256,0.0256,0.175,0.7954545454545454,0.20454545454545456,0.575,0.6333333333333333,1.0,0.6916666666666667,0.4842105263157894,0.0
20260628_155937_2ee7d04a,20260628_155937_2ee7d04a_g0007,7,506414399,7,64,64,64,1,2,BLUE,sweep_1w_500ms,1,2,[2],1,96,1,"{""1"": 91, ""2"": 96, ""3"": 86, ""4"": 86}",False,27.0,-52.0,1.0,57.0,20.0,0.05,26.0,19.75,25.0,15.0,9.0,0.0,1.0,0.0,66.0,52.0,16.0,5.0,16.0,1.0,1.0,0.0,2.0,1.0,0.0,0.0,0.0,64.0,64.0,0.7175,0.7619047619047619,0.0256,0.0256,0.18,0.8181818181818182,0.18181818181818182,0.675,0.7833333333333333,1.0,0.6583333333333333,0.48245614035087714,0.0
20260628_155937_2ee7d04a,20260628_155937_2ee7d04a_g0007,7,506414399,7,64,64,64,1,3,YELLOW,sweep_4w_500ms,2,2,[2],0,86,3,"{""1"": 91, ""2"": 96, ""3"": 86, ""4"": 86}",False,31.0,-44.0,2.0,53.0,20.0,0.05,34.0,24.75,35.75,18.0,10.0,0.0,4.0,3.75,58.0,66.75,16.0,5.0,17.0,1.0,1.0,0.0,1.0,2.0,0.0,0.0,0.0,64.0,64.0,0.7175,0.7619047619047619,0.0256,0.0256,0.1775,0.8068181818181818,0.19318181818181818,0.775,1.0,1.0,0.625,0.4536693847294292,0.0
20260628_155937_2ee7d04a,20260628_155937_2ee7d04a_g0007,7,506414399,7,64,64,64,1,4,GREEN,sweep_8w_500ms,3,2,[2],0,86,3,"{""1"": 91, ""2"": 96, ""3"": 86, ""4"": 86}",False,25.0,-56.0,1.0,63.0,20.0,0.05,29.0,23.5,34.5,17.0,7.0,4.5,6.0,0.0,63.0,59.5,16.0,5.0,14.0,1.0,1.0,1.0,2.0,0.0,0.0,0.0,0.0,64.0,64.0,0.7175,0.7619047619047619,0.0256,0.0256,0.185,0.8409090909090909,0.1590909090909091,0.625,0.5166666666666667,0.8,0.675,0.5248933143669986,0.0
20260628_155937_2ee7d04a,20260628_155937_2ee7d04a_g0008,8,976865354,0,8,8,8,1,1,RED,sweep_1w_500ms,0,1,[1],1,96,1,"{""1"": 96, ""2"": 91, ""3"": 90, ""4"": 77}",False,8.0,-15.0,9.0,0.0,0.0,0.0,489.0,120.375,491.125,8.0,14.0,39.75,125.0,304.375,1270.0,499.125,2.0,19.0,79.0,1.0,1.0,2.0,5.0,10.0,1.0,1.0,1.0,8.0,8.0,0.0975,0.09523809523809523,0.0032,0.0032,0.0225,0.10227272727272728,0.8977272727272727,0.2,1.0,1.0,0.19166666666666668,0.23391812865497075,0.0
20260628_155937_2ee7d04a,20260628_155937_2ee7d04a_g0008,8,976865354,0,8,8,8,1,2,BLUE,sweep_4w_500ms,1,1,[1],0,91,2,"{""1"": 96, ""2"": 91, ""3"": 90, ""4"": 77}",False,8.0,-15.0,9.0,0.0,0.0,0.0,404.0,96.125,382.0,8.0,11.0,30.75,118.5,213.75,1355.0,390.0,2.0,19.0,78.0,1.0,1.0,2.0,6.0,9.0,1.0,1.0,0.0,8.0,8.0,0.0975,0.09523809523809523,0.0032,0.0032,0.025,0.11363636363636363,0.8863636363636364,0.2,1.0,1.0,0.19166666666666668,0.20526315789473681,0.0
20260628_155937_2ee7d04a,20260628_155937_2ee7d04a_g0008,8,976865354,0,8,8,8,1,3,YELLOW,sweep_8w_500ms,2,1,[1],0,90,3,"{""1"": 96, ""2"": 91, ""3"": 90, ""4"": 77}",False,8.0,-15.0,9.0,0.0,0.0,0.0,485.0,119.125,478.125,8.0,14.0,39.75,152.0,264.375,1274.0,486.125,2.0,19.0,78.0,1.0,1.0,2.0,6.0,9.0,1.0,0.0,1.0,8.0,8.0,0.0975,0.09523809523809523,0.0032,0.0032,0.025,0.11363636363636363,0.8863636363636364,0.2,1.0,1.0,0.19166666666666668,0.2315789473684211,0.0
20260628_155937_2ee7d04a,20260628_155937_2ee7d04a_g0008,8,976865354,0,8,8,8,1,4,GREEN,pool_heuristic,3,1,[1],0,77,4,"{""1"": 96, ""2"": 91, ""3"": 90, ""4"": 77}",False,7.0,-17.0,9.0,0.0,0.0,0.0,381.0,93.75,374.5,7.0,11.0,30.75,117.0,208.75,1378.0,381.5,2.0,19.0,78.0,1.0,1.0,2.0,6.0,9.0,1.0,1.0,1.0,8.0,8.0,0.0975,0.09523809523809523,0.0032,0.0032,0.025,0.11363636363636363,0.8863636363636364,0.175,1.0,1.0,0.2,0.24736842105263157,0.0
20260628_155937_2ee7d04a,20260628_155937_2ee7d04a_g0008,8,976865354,1,16,16,16,1,1,RED,sweep_1w_500ms,0,1,[1],1,96,1,"{""1"": 96, ""2"": 91, ""3"": 90, ""4"": 77}",False,17.0,-29.0,6.0,0.0,1.0,0.0025,572.0,144.25,535.75,17.0,24.0,60.0,166.0,268.75,2059.0,552.75,4.0,17.0,69.0,1.0,1.0,2.0,5.0,8.0,1.0,0.0,0.0,16.0,16.0,0.195,0.19047619047619047,0.0064,0.0064,0.0475,0.2159090909090909,0.7840909090909091,0.425,1.0,1.0,0.38333333333333336,0.368421052631579,0.0
20260628_155937_2ee7d04a,20260628_155937_2ee7d04a_g0008,8,976865354,1,16,16,16,1,2,BLUE,sweep_4w_500ms,1,1,[1],0,91,2,"{""1"": 96, ""2"": 91, ""3"": 90, ""4"": 77}",False,16.0,-31.0,0.0,1.0,1.0,0.0025,658.0,165.375,638.25,14.0,22.0,61.5,234.5,306.25,1973.0,654.25,4.0,17.0,68.0,1.0,1.0,2.0,6.0,7.0,1.0,0.0,0.0,16.0,16.0,0.195,0.19047619047619047,0.0064,0.0064,0.05,0.22727272727272727,0.7727272727272727,0.4,1.0,1.0,0.39166666666666666,0.46578947368421053,0.0
20260628_155937_2ee7d04a,20260628_155937_2ee7d04a_g0008,8,976865354,1,16,16,16,1,3,YELLOW,sweep_8w_500ms,2,1,[1],0,90,3,"{""1"": 96, ""2"": 91, ""3"": 90, ""4"": 77}",False,15.0,-33.0,1.0,1.0,1.0,0.0025,729.0,173.25,675.25,15.0,24.0,66.75,202.0,367.5,1902.0,690.25,4.0,17.0,69.0,1.0,1.0,2.0,5.0,8.0,1.0,0.0,0.0,16.0,16.0,0.195,0.19047619047619047,0.0064,0.0064,0.0475,0.2159090909090909,0.7840909090909091,0.375,1.0,1.0,0.4,0.4626038781163434,0.0
20260628_155937_2ee7d04a,20260628_155937_2ee7d04a_g0008,8,976865354,1,16,16,16,1,4,GREEN,pool_heuristic,3,1,[1],0,77,4,"{""1"": 96, ""2"": 91, ""3"": 90, ""4"": 77}",False,15.0,-33.0,2.0,0.0,1.0,0.0025,672.0,160.875,610.625,15.0,23.0,61.5,233.0,278.125,1959.0,625.625,4.0,17.0,68.0,1.0,1.0,2.0,6.0,7.0,1.0,0.0,0.0,16.0,16.0,0.195,0.19047619047619047,0.0064,0.0064,0.05,0.22727272727272727,0.7727272727272727,0.375,1.0,1.0,0.4,0.46842105263157896,0.0
20260628_155937_2ee7d04a,20260628_155937_2ee7d04a_g0008,8,976865354,2,24,24,24,1,1,RED,sweep_1w_500ms,0,1,[1],1,96,1,"{""1"": 96, ""2"": 91, ""3"": 90, ""4"": 77}",False,23.0,-38.0,1.0,2.0,4.0,0.01,634.0,168.75,598.75,22.0,33.0,79.5,218.0,246.25,1204.0,621.75,6.0,15.0,59.0,1.0,1.0,2.0,5.0,6.0,1.0,0.0,0.0,24.0,24.0,0.2875,0.2857142857142857,0.0096,0.0096,0.0725,0.32954545454545453,0.6704545454545454,0.575,1.0,1.0,0.5083333333333333,0.5190562613430127,0.0
20260628_155937_2ee7d04a,20260628_155937_2ee7d04a_g0008,8,976865354,2,24,24,24,1,2,BLUE,sweep_4w_500ms,1,1,[1],0,91,2,"{""1"": 96, ""2"": 91, ""3"": 90, ""4"": 77}",False,20.0,-44.0,0.0,15.0,4.0,0.01,316.0,89.0,308.5,16.0,17.0,39.0,84.0,152.5,1522.0,328.5,6.0,15.0,60.0,1.0,1.0,2.0,4.0,7.0,1.0,0.0,0.0,24.0,24.0,0.2875,0.2857142857142857,0.0096,0.0096,0.07,0.3181818181818182,0.6818181818181818,0.5,1.0,1.0,0.5333333333333333,0.5620300751879699,0.0
20260628_155937_2ee7d04a,20260628_155937_2ee7d04a_g0008,8,976865354,2,24,24,24,1,3,YELLOW,sweep_8w_500ms,2,1,[1],0,90,3,"{""1"": 96, ""2"": 91, ""3"": 90, ""4"": 77}",False,21.0,-42.0,1.0,9.0,4.0,0.01,537.0,137.0,494.625,19.0,25.0,63.75,137.5,249.375,1301.0,515.625,6.0,15.0,60.0,1.0,1.0,2.0,4.0,7.0,1.0,0.0,0.0,24.0,24.0,0.2875,0.2857142857142857,0.0096,0.0096,0.07,0.3181818181818182,0.6818181818181818,0.525,1.0,1.0,0.525,0.5075187969924813,0.0
20260628_155937_2ee7d04a,20260628_155937_2ee7d04a_g0008,8,976865354,2,24,24,24,1,4,GREEN,pool_heuristic,3,1,[1],0,77,4,"{""1"": 96, ""2"": 91, ""3"": 90, ""4"": 77}",False,20.0,-44.0,2.0,5.0,4.0,0.01,351.0,98.875,330.0,17.0,19.0,45.75,149.5,98.75,1487.0,350.0,6.0,15.0,58.0,1.0,1.0,2.0,6.0,5.0,1.0,0.0,0.0,24.0,24.0,0.2875,0.2857142857142857,0.0096,0.0096,0.075,0.3409090909090909,0.6590909090909091,0.5,1.0,1.0,0.5333333333333333,0.5175438596491229,0.0
20260628_155937_2ee7d04a,20260628_155937_2ee7d04a_g0008,8,976865354,3,32,32,32,1,1,RED,sweep_1w_500ms,0,1,[1],1,96,1,"{""1"": 96, ""2"": 91, ""3"": 90, ""4"": 77}",False,29.0,-43.0,1.0,8.0,5.0,0.0125,408.0,127.25,401.375,26.0,31.0,64.5,165.5,114.375,770.0,430.375,8.0,13.0,49.0,1.0,1.0,2.0,5.0,4.0,1.0,0.0,0.0,32.0,32.0,0.385,0.38095238095238093,0.0128,0.0128,0.0975,0.4431818181818182,0.5568181818181818,0.725,1.0,1.0,0.6,0.5033738191632928,0.0
20260628_155937_2ee7d04a,20260628_155937_2ee7d04a_g0008,8,976865354,3,32,32,32,1,2,BLUE,sweep_4w_500ms,1,1,[1],0,91,2,"{""1"": 96, ""2"": 91, ""3"": 90, ""4"": 77}",False,26.0,-49.0,0.0,23.0,5.0,0.0125,248.0,81.75,251.0,21.0,18.0,39.75,81.0,91.25,930.0,277.0,8.0,13.0,50.0,1.0,1.0,2.0,4.0,5.0,1.0,0.0,0.0,32.0,32.0,0.385,0.38095238095238093,0.0128,0.0128,0.095,0.4318181818181818,0.5681818181818182,0.65,1.0,1.0,0.625,0.556786703601108,0.0
20260628_155937_2ee7d04a,20260628_155937_2ee7d04a_g0008,8,976865354,3,32,32,32,1,3,YELLOW,sweep_8w_500ms,2,1,[1],0,90,3,"{""1"": 96, ""2"": 91, ""3"": 90, ""4"": 77}",False,26.0,-49.0,1.0,17.0,5.0,0.0125,482.0,129.125,443.25,23.0,28.0,64.5,101.5,226.25,696.0,469.25,8.0,13.0,51.0,1.0,1.0,2.0,3.0,6.0,1.0,0.0,0.0,32.0,32.0,0.385,0.38095238095238093,0.0128,0.0128,0.0925,0.42045454545454547,0.5795454545454546,0.65,1.0,1.0,0.625,0.5476529160739687,0.0
20260628_155937_2ee7d04a,20260628_155937_2ee7d04a_g0008,8,976865354,3,32,32,32,1,4,GREEN,pool_heuristic,3,1,[1],0,77,4,"{""1"": 96, ""2"": 91, ""3"": 90, ""4"": 77}",False,20.0,-61.0,2.0,11.0,5.0,0.0125,40.0,24.5,42.25,15.0,8.0,9.75,7.0,2.5,1138.0,62.25,8.0,13.0,48.0,1.0,1.0,2.0,6.0,3.0,1.0,0.0,0.0,32.0,32.0,0.385,0.38095238095238093,0.0128,0.0128,0.1,0.45454545454545453,0.5454545454545454,0.5,1.0,1.0,0.675,0.4815789473684211,0.0
20260628_155937_2ee7d04a,20260628_155937_2ee7d04a_g0008,8,976865354,4,40,40,40,1,1,RED,sweep_1w_500ms,0,1,[1],1,96,1,"{""1"": 96, ""2"": 91, ""3"": 90, ""4"": 77}",False,33.0,-50.0,1.0,20.0,6.0,0.015,178.0,76.75,193.0,27.0,27.0,45.0,49.0,45.0,380.0,226.0,10.0,11.0,41.0,1.0,1.0,2.0,3.0,4.0,1.0,0.0,0.0,40.0,40.0,0.4725,0.47619047619047616,0.016,0.016,0.1175,0.5340909090909091,0.4659090909090909,0.825,1.0,1.0,0.6916666666666667,0.49384098544232924,0.0
20260628_155937_2ee7d04a,20260628_155937_2ee7d04a_g0008,8,976865354,4,40,40,40,1,2,BLUE,sweep_4w_500ms,1,1,[1],0,91,2,"{""1"": 96, ""2"": 91, ""3"": 90, ""4"": 77}",False,31.0,-54.0,0.0,28.0,6.0,0.015,173.0,70.0,183.0,24.0,22.0,38.25,50.0,48.75,385.0,214.0,10.0,11.0,41.0,1.0,1.0,2.0,3.0,4.0,1.0,0.0,0.0,40.0,40.0,0.4725,0.47619047619047616,0.016,0.016,0.1175,0.5340909090909091,0.4659090909090909,0.775,1.0,1.0,0.7083333333333333,0.5229563269876819,0.0
20260628_155937_2ee7d04a,20260628_155937_2ee7d04a_g0008,8,976865354,4,40,40,40,1,3,YELLOW,sweep_8w_500ms,2,1,[1],0,90,3,"{""1"": 96, ""2"": 91, ""3"": 90, ""4"": 77}",False,30.0,-56.0,1.0,35.0,6.0,0.015,174.0,66.125,182.125,20.0,24.0,37.5,30.0,70.625,384.0,212.125,10.0,11.0,42.0,1.0,1.0,2.0,2.0,5.0,1.0,0.0,0.0,40.0,40.0,0.4725,0.47619047619047616,0.016,0.016,0.115,0.5227272727272727,0.4772727272727273,0.75,1.0,1.0,0.7166666666666667,0.5675057208237986,0.0
20260628_155937_2ee7d04a,20260628_155937_2ee7d04a_g0008,8,976865354,4,40,40,40,1,4,GREEN,pool_heuristic,3,1,[1],0,77,4,"{""1"": 96, ""2"": 91, ""3"": 90, ""4"": 77}",False,22.0,-72.0,2.0,20.0,6.0,0.015,33.0,24.0,36.25,17.0,7.0,6.75,3.0,2.5,525.0,58.25,10.0,11.0,39.0,1.0,1.0,2.0,5.0,2.0,1.0,0.0,0.0,40.0,40.0,0.4725,0.47619047619047616,0.016,0.016,0.1225,0.5568181818181818,0.4431818181818182,0.55,1.0,1.0,0.7833333333333333,0.5295381310418905,0.0
20260628_155937_2ee7d04a,20260628_155937_2ee7d04a_g0008,8,976865354,5,48,48,48,1,1,RED,sweep_1w_500ms,0,1,[1],1,96,1,"{""1"": 96, ""2"": 91, ""3"": 90, ""4"": 77}",False,38.0,-49.0,1.0,30.0,10.0,0.025,134.0,68.25,153.25,28.0,27.0,42.75,28.0,27.5,182.0,191.25,12.0,9.0,32.0,1.0,1.0,2.0,2.0,3.0,1.0,0.0,0.0,48.0,48.0,0.5625,0.5714285714285714,0.0192,0.0192,0.14,0.6363636363636364,0.36363636363636365,0.95,1.0,1.0,0.725,0.48684210526315785,0.0
20260628_155937_2ee7d04a,20260628_155937_2ee7d04a_g0008,8,976865354,5,48,48,48,1,2,BLUE,sweep_4w_500ms,1,1,[1],0,91,2,"{""1"": 96, ""2"": 91, ""3"": 90, ""4"": 77}",False,31.0,-63.0,0.0,43.0,10.0,0.025,79.0,41.0,85.625,20.0,14.0,21.75,15.5,14.375,237.0,116.625,12.0,9.0,32.0,1.0,1.0,2.0,2.0,3.0,1.0,0.0,0.0,48.0,48.0,0.5625,0.5714285714285714,0.0192,0.0192,0.14,0.6363636363636364,0.36363636363636365,0.775,1.0,1.0,0.7833333333333333,0.5,0.0
20260628_155937_2ee7d04a,20260628_155937_2ee7d04a_g0008,8,976865354,5,48,48,48,1,3,YELLOW,sweep_8w_500ms,2,1,[1],0,90,3,"{""1"": 96, ""2"": 91, ""3"": 90, ""4"": 77}",False,32.0,-61.0,1.0,42.0,10.0,0.025,64.0,37.75,76.25,18.0,16.0,21.0,10.0,11.25,252.0,108.25,12.0,9.0,32.0,1.0,1.0,2.0,2.0,3.0,1.0,0.0,0.0,48.0,48.0,0.5625,0.5714285714285714,0.0192,0.0192,0.14,0.6363636363636364,0.36363636363636365,0.8,1.0,1.0,0.775,0.5413533834586466,0.0
20260628_155937_2ee7d04a,20260628_155937_2ee7d04a_g0008,8,976865354,5,48,48,48,1,4,GREEN,pool_heuristic,3,1,[1],0,77,4,"{""1"": 96, ""2"": 91, ""3"": 90, ""4"": 77}",False,24.0,-77.0,2.0,27.0,10.0,0.025,39.0,28.5,47.5,19.0,8.0,7.5,8.0,5.0,277.0,71.5,12.0,9.0,31.0,1.0,1.0,1.0,5.0,1.0,0.0,0.0,0.0,48.0,48.0,0.5625,0.5714285714285714,0.0192,0.0192,0.1425,0.6477272727272727,0.3522727272727273,0.6,1.0,1.0,0.8416666666666666,0.5226223453370268,0.0
20260628_155937_2ee7d04a,20260628_155937_2ee7d04a_g0008,8,976865354,6,56,56,56,1,1,RED,sweep_1w_500ms,0,1,[1],1,96,1,"{""1"": 96, ""2"": 91, ""3"": 90, ""4"": 77}",False,38.0,-52.0,1.0,39.0,11.0,0.0275,101.0,55.625,108.625,27.0,24.0,30.75,20.0,6.875,96.0,146.625,14.0,7.0,22.0,1.0,1.0,2.0,2.0,1.0,0.0,0.0,0.0,56.0,56.0,0.65,0.6666666666666666,0.0224,0.0224,0.165,0.75,0.25,0.95,1.0,1.0,0.75,0.45135566188197773,0.0
20260628_155937_2ee7d04a,20260628_155937_2ee7d04a_g0008,8,976865354,6,56,56,56,1,2,BLUE,sweep_4w_500ms,1,1,[1],0,91,2,"{""1"": 96, ""2"": 91, ""3"": 90, ""4"": 77}",False,34.0,-60.0,0.0,56.0,11.0,0.0275,35.0,23.25,33.5,17.0,8.0,3.0,3.0,2.5,162.0,67.5,14.0,7.0,24.0,1.0,1.0,1.0,2.0,2.0,1.0,0.0,0.0,56.0,56.0,0.65,0.6666666666666666,0.0224,0.0224,0.16,0.7272727272727273,0.2727272727272727,0.85,1.0,1.0,0.7833333333333333,0.5032894736842105,0.0
20260628_155937_2ee7d04a,20260628_155937_2ee7d04a_g0008,8,976865354,6,56,56,56,1,3,YELLOW,sweep_8w_500ms,2,1,[1],0,90,3,"{""1"": 96, ""2"": 91, ""3"": 90, ""4"": 77}",False,33.0,-62.0,1.0,50.0,11.0,0.0275,39.0,26.75,45.25,16.0,12.0,7.5,6.0,3.75,158.0,78.25,14.0,7.0,24.0,1.0,1.0,1.0,2.0,2.0,1.0,0.0,0.0,56.0,56.0,0.65,0.6666666666666666,0.0224,0.0224,0.16,0.7272727272727273,0.2727272727272727,0.825,1.0,1.0,0.7916666666666667,0.5271381578947368,0.0
20260628_155937_2ee7d04a,20260628_155937_2ee7d04a_g0008,8,976865354,6,56,56,56,1,4,GREEN,pool_heuristic,3,1,[1],0,77,4,"{""1"": 96, ""2"": 91, ""3"": 90, ""4"": 77}",False,23.0,-82.0,2.0,51.0,11.0,0.0275,22.0,17.75,23.5,14.0,5.0,1.5,3.0,0.0,175.0,46.5,14.0,7.0,22.0,1.0,1.0,1.0,4.0,0.0,0.0,0.0,0.0,56.0,56.0,0.65,0.6666666666666666,0.0224,0.0224,0.165,0.75,0.25,0.575,1.0,0.8,0.875,0.5119617224880382,0.0
20260628_155937_2ee7d04a,20260628_155937_2ee7d04a_g0008,8,976865354,7,64,64,64,1,1,RED,sweep_1w_500ms,0,1,[1],1,96,1,"{""1"": 96, ""2"": 91, ""3"": 90, ""4"": 77}",False,37.0,-48.0,1.0,45.0,15.0,0.0375,47.0,36.0,57.5,23.0,15.0,7.5,12.0,0.0,44.0,94.5,16.0,5.0,14.0,1.0,1.0,1.0,2.0,0.0,0.0,0.0,0.0,64.0,64.0,0.715,0.7619047619047619,0.0256,0.0256,0.185,0.8409090909090909,0.1590909090909091,0.925,1.0,0.8,0.7083333333333333,0.4487908961593172,0.0
20260628_155937_2ee7d04a,20260628_155937_2ee7d04a_g0008,8,976865354,7,64,64,64,1,2,BLUE,sweep_4w_500ms,1,1,[1],0,91,2,"{""1"": 96, ""2"": 91, ""3"": 90, ""4"": 77}",False,35.0,-52.0,0.0,62.0,15.0,0.0375,18.0,16.5,21.0,15.0,0.0,1.5,2.0,2.5,73.0,56.0,16.0,5.0,18.0,1.0,0.0,1.0,1.0,2.0,1.0,0.0,0.0,64.0,64.0,0.715,0.7619047619047619,0.0256,0.0256,0.175,0.7954545454545454,0.20454545454545456,0.875,1.0,1.0,0.725,0.49699248120300754,0.0
20260628_155937_2ee7d04a,20260628_155937_2ee7d04a_g0008,8,976865354,7,64,64,64,1,3,YELLOW,sweep_8w_500ms,2,1,[1],0,90,3,"{""1"": 96, ""2"": 91, ""3"": 90, ""4"": 77}",False,30.0,-62.0,1.0,56.0,15.0,0.0375,25.0,19.0,28.0,13.0,9.0,0.0,6.0,0.0,66.0,58.0,16.0,5.0,16.0,1.0,1.0,0.0,2.0,1.0,0.0,0.0,0.0,64.0,64.0,0.715,0.7619047619047619,0.0256,0.0256,0.18,0.8181818181818182,0.18181818181818182,0.75,1.0,1.0,0.7666666666666667,0.5087719298245614,0.0
20260628_155937_2ee7d04a,20260628_155937_2ee7d04a_g0008,8,976865354,7,64,64,64,1,4,GREEN,pool_heuristic,3,1,[1],0,77,4,"{""1"": 96, ""2"": 91, ""3"": 90, ""4"": 77}",False,20.0,-82.0,2.0,59.0,15.0,0.0375,1.0,0.5,1.0,0.0,1.0,0.0,0.0,0.0,90.0,21.0,16.0,5.0,18.0,0.0,1.0,0.0,4.0,0.0,0.0,0.0,0.0,64.0,64.0,0.715,0.7619047619047619,0.0256,0.0256,0.175,0.7954545454545454,0.20454545454545456,0.5,0.6333333333333333,0.8,0.85,0.5007518796992481,0.0
20260628_155937_2ee7d04a,20260628_155937_2ee7d04a_g0009,9,1132165153,0,8,8,8,1,1,RED,sweep_4w_500ms,0,2,[2],0,94,2,"{""1"": 94, ""2"": 114, ""3"": 84, ""4"": 94}",False,8.0,-13.0,9.0,0.0,0.0,0.0,453.0,112.125,449.5,8.0,13.0,36.75,140.5,251.25,1183.0,457.5,2.0,19.0,78.0,1.0,1.0,2.0,6.0,9.0,1.0,0.0,1.0,8.0,8.0,0.0975,0.09523809523809523,0.0032,0.0032,0.025,0.11363636363636363,0.8863636363636364,0.2,1.0,1.0,0.175,0.2315789473684211,0.0
20260628_155937_2ee7d04a,20260628_155937_2ee7d04a_g0009,9,1132165153,0,8,8,8,1,2,BLUE,sweep_8w_500ms,1,2,[2],1,114,1,"{""1"": 94, ""2"": 114, ""3"": 84, ""4"": 94}",False,8.0,-13.0,9.0,0.0,0.0,0.0,404.0,96.125,382.0,8.0,11.0,30.75,118.5,213.75,1232.0,390.0,2.0,19.0,78.0,1.0,1.0,2.0,6.0,9.0,1.0,1.0,0.0,8.0,8.0,0.0975,0.09523809523809523,0.0032,0.0032,0.025,0.11363636363636363,0.8863636363636364,0.2,1.0,1.0,0.175,0.20526315789473681,0.0
20260628_155937_2ee7d04a,20260628_155937_2ee7d04a_g0009,9,1132165153,0,8,8,8,1,3,YELLOW,pool_heuristic,2,2,[2],0,84,3,"{""1"": 94, ""2"": 114, ""3"": 84, ""4"": 94}",False,5.0,-19.0,9.0,0.0,0.0,0.0,290.0,70.625,284.0,5.0,8.0,22.5,88.5,160.0,1346.0,289.0,2.0,19.0,78.0,1.0,1.0,2.0,6.0,9.0,1.0,1.0,1.0,8.0,8.0,0.0975,0.09523809523809523,0.0032,0.0032,0.025,0.11363636363636363,0.8863636363636364,0.125,1.0,1.0,0.2,0.2315789473684211,0.0
20260628_155937_2ee7d04a,20260628_155937_2ee7d04a_g0009,9,1132165153,0,8,8,8,1,4,GREEN,sweep_1w_500ms,3,2,[2],0,94,2,"{""1"": 94, ""2"": 114, ""3"": 84, ""4"": 94}",False,8.0,-13.0,9.0,0.0,0.0,0.0,489.0,120.375,491.125,8.0,14.0,39.75,125.0,304.375,1147.0,499.125,2.0,19.0,79.0,1.0,1.0,2.0,5.0,10.0,1.0,1.0,1.0,8.0,8.0,0.0975,0.09523809523809523,0.0032,0.0032,0.0225,0.10227272727272728,0.8977272727272727,0.2,1.0,1.0,0.175,0.23391812865497075,0.0
20260628_155937_2ee7d04a,20260628_155937_2ee7d04a_g0009,9,1132165153,1,16,16,16,1,1,RED,sweep_4w_500ms,0,2,[2],0,94,2,"{""1"": 94, ""2"": 114, ""3"": 84, ""4"": 94}",False,15.0,-27.0,3.0,3.0,0.0,0.0,577.0,152.25,595.0,13.0,21.0,58.5,175.0,327.5,1728.0,610.0,4.0,17.0,69.0,1.0,1.0,2.0,5.0,8.0,1.0,0.0,1.0,16.0,16.0,0.1925,0.19047619047619047,0.0064,0.0064,0.0475,0.2159090909090909,0.7840909090909091,0.375,1.0,1.0,0.35,0.45429362880886426,0.0
20260628_155937_2ee7d04a,20260628_155937_2ee7d04a_g0009,9,1132165153,1,16,16,16,1,2,BLUE,sweep_8w_500ms,1,2,[2],1,114,1,"{""1"": 94, ""2"": 114, ""3"": 84, ""4"": 94}",False,14.0,-29.0,5.0,4.0,0.0,0.0,544.0,130.75,504.0,13.0,18.0,50.25,149.0,273.75,1761.0,518.0,4.0,17.0,69.0,1.0,1.0,2.0,5.0,8.0,1.0,0.0,0.0,16.0,16.0,0.1925,0.19047619047619047,0.0064,0.0064,0.0475,0.2159090909090909,0.7840909090909091,0.35,1.0,1.0,0.35833333333333334,0.3961218836565097,0.0
20260628_155937_2ee7d04a,20260628_155937_2ee7d04a_g0009,9,1132165153,1,16,16,16,1,3,YELLOW,pool_heuristic,2,2,[2],0,84,3,"{""1"": 94, ""2"": 114, ""3"": 84, ""4"": 94}",False,11.0,-35.0,2.0,0.0,0.0,0.0,519.0,127.125,494.125,11.0,16.0,45.75,172.0,249.375,1786.0,505.125,4.0,17.0,68.0,1.0,1.0,2.0,6.0,7.0,0.0,1.0,1.0,16.0,16.0,0.1925,0.19047619047619047,0.0064,0.0064,0.05,0.22727272727272727,0.7727272727272727,0.275,1.0,1.0,0.38333333333333336,0.47631578947368425,0.0
20260628_155937_2ee7d04a,20260628_155937_2ee7d04a_g0009,9,1132165153,1,16,16,16,1,4,GREEN,sweep_1w_500ms,3,2,[2],0,94,2,"{""1"": 94, ""2"": 114, ""3"": 84, ""4"": 94}",False,17.0,-23.0,2.0,0.0,0.0,0.0,665.0,165.875,621.75,17.0,28.0,72.0,198.5,306.25,1640.0,638.75,4.0,17.0,69.0,1.0,1.0,2.0,5.0,8.0,1.0,0.0,0.0,16.0,16.0,0.1925,0.19047619047619047,0.0064,0.0064,0.0475,0.2159090909090909,0.7840909090909091,0.425,1.0,1.0,0.33333333333333337,0.4293628808864266,0.0
20260628_155937_2ee7d04a,20260628_155937_2ee7d04a_g0009,9,1132165153,2,24,24,24,1,1,RED,sweep_4w_500ms,0,2,[2],0,94,2,"{""1"": 94, ""2"": 114, ""3"": 84, ""4"": 94}",False,23.0,-36.0,1.0,11.0,1.0,0.0025,503.0,143.5,504.5,20.0,28.0,69.0,180.0,207.5,1406.0,527.5,6.0,15.0,59.0,1.0,1.0,2.0,5.0,6.0,1.0,0.0,0.0,24.0,24.0,0.29,0.2857142857142857,0.0096,0.0096,0.0725,0.32954545454545453,0.6704545454545454,0.575,1.0,1.0,0.4916666666666667,0.5607985480943738,0.0
20260628_155937_2ee7d04a,20260628_155937_2ee7d04a_g0009,9,1132165153,2,24,24,24,1,2,BLUE,sweep_8w_500ms,1,2,[2],1,114,1,"{""1"": 94, ""2"": 114, ""3"": 84, ""4"": 94}",False,20.0,-42.0,5.0,9.0,1.0,0.0025,663.0,161.875,595.5,19.0,29.0,77.25,171.5,298.75,1246.0,615.5,6.0,15.0,60.0,1.0,1.0,2.0,4.0,7.0,1.0,0.0,0.0,24.0,24.0,0.29,0.2857142857142857,0.0096,0.0096,0.07,0.3181818181818182,0.6818181818181818,0.5,1.0,1.0,0.5166666666666667,0.4398496240601504,0.0
20260628_155937_2ee7d04a,20260628_155937_2ee7d04a_g0009,9,1132165153,2,24,24,24,1,3,YELLOW,pool_heuristic,2,2,[2],0,84,3,"{""1"": 94, ""2"": 114, ""3"": 84, ""4"": 94}",False,17.0,-48.0,2.0,6.0,1.0,0.0025,233.0,69.5,228.25,13.0,16.0,30.0,93.0,76.25,1676.0,245.25,6.0,15.0,58.0,1.0,1.0,2.0,6.0,5.0,0.0,0.0,1.0,24.0,24.0,0.29,0.2857142857142857,0.0096,0.0096,0.075,0.3409090909090909,0.6590909090909091,0.425,1.0,1.0,0.5416666666666667,0.5175438596491229,0.0
20260628_155937_2ee7d04a,20260628_155937_2ee7d04a_g0009,9,1132165153,2,24,24,24,1,4,GREEN,sweep_1w_500ms,3,2,[2],0,94,2,"{""1"": 94, ""2"": 114, ""3"": 84, ""4"": 94}",False,22.0,-38.0,1.0,5.0,1.0,0.0025,510.0,146.125,504.75,22.0,30.0,70.5,183.5,198.75,1399.0,526.75,6.0,15.0,59.0,1.0,1.0,2.0,5.0,6.0,1.0,0.0,0.0,24.0,24.0,0.29,0.2857142857142857,0.0096,0.0096,0.0725,0.32954545454545453,0.6704545454545454,0.55,1.0,1.0,0.5,0.5353901996370236,0.0
20260628_155937_2ee7d04a,20260628_155937_2ee7d04a_g0009,9,1132165153,3,32,32,32,1,1,RED,sweep_4w_500ms,0,2,[2],0,94,2,"{""1"": 94, ""2"": 114, ""3"": 84, ""4"": 94}",False,28.0,-44.0,1.0,19.0,2.0,0.005,215.0,82.0,231.75,22.0,26.0,45.75,83.0,55.0,883.0,259.75,8.0,13.0,49.0,1.0,1.0,2.0,5.0,4.0,1.0,0.0,0.0,32.0,32.0,0.3875,0.38095238095238093,0.0128,0.0128,0.0975,0.4431818181818182,0.5568181818181818,0.7,1.0,1.0,0.6,0.5317139001349527,0.0
20260628_155937_2ee7d04a,20260628_155937_2ee7d04a_g0009,9,1132165153,3,32,32,32,1,2,BLUE,sweep_8w_500ms,1,2,[2],1,114,1,"{""1"": 94, ""2"": 114, ""3"": 84, ""4"": 94}",False,24.0,-52.0,2.0,19.0,2.0,0.005,345.0,106.25,339.875,21.0,27.0,56.25,117.5,118.125,753.0,363.875,8.0,13.0,50.0,1.0,1.0,2.0,4.0,5.0,1.0,0.0,0.0,32.0,32.0,0.3875,0.38095238095238093,0.0128,0.0128,0.095,0.4318181818181818,0.5681818181818182,0.6,1.0,1.0,0.6333333333333333,0.49168975069252085,0.0
20260628_155937_2ee7d04a,20260628_155937_2ee7d04a_g0009,9,1132165153,3,32,32,32,1,3,YELLOW,pool_heuristic,2,2,[2],0,84,3,"{""1"": 94, ""2"": 114, ""3"": 84, ""4"": 94}",False,21.0,-58.0,2.0,16.0,2.0,0.005,92.0,40.75,96.75,16.0,15.0,18.0,34.0,13.75,1006.0,117.75,8.0,13.0,48.0,1.0,1.0,2.0,6.0,3.0,0.0,0.0,1.0,32.0,32.0,0.3875,0.38095238095238093,0.0128,0.0128,0.1,0.45454545454545453,0.5454545454545454,0.525,1.0,1.0,0.6583333333333333,0.49868421052631573,0.0
20260628_155937_2ee7d04a,20260628_155937_2ee7d04a_g0009,9,1132165153,3,32,32,32,1,4,GREEN,sweep_1w_500ms,3,2,[2],0,94,2,"{""1"": 94, ""2"": 114, ""3"": 84, ""4"": 94}",False,27.0,-46.0,1.0,15.0,2.0,0.005,446.0,132.625,427.125,26.0,33.0,72.75,136.0,159.375,652.0,454.125,8.0,13.0,50.0,1.0,1.0,2.0,4.0,5.0,1.0,0.0,0.0,32.0,32.0,0.3875,0.38095238095238093,0.0128,0.0128,0.095,0.4318181818181818,0.5681818181818182,0.675,1.0,1.0,0.6083333333333333,0.5235457063711911,0.0
20260628_155937_2ee7d04a,20260628_155937_2ee7d04a_g0009,9,1132165153,4,40,40,40,1,1,RED,sweep_4w_500ms,0,2,[2],0,94,2,"{""1"": 94, ""2"": 114, ""3"": 84, ""4"": 94}",False,30.0,-54.0,1.0,29.0,4.0,0.01,167.0,74.625,202.375,22.0,26.0,45.75,53.0,55.625,501.0,232.375,10.0,11.0,41.0,1.0,1.0,2.0,3.0,4.0,1.0,0.0,0.0,40.0,40.0,0.475,0.47619047619047616,0.016,0.016,0.1175,0.5340909090909091,0.4659090909090909,0.75,1.0,1.0,0.7,0.5599104143337066,0.0
20260628_155937_2ee7d04a,20260628_155937_2ee7d04a_g0009,9,1132165153,4,40,40,40,1,2,BLUE,sweep_8w_500ms,1,2,[2],1,114,1,"{""1"": 94, ""2"": 114, ""3"": 84, ""4"": 94}",False,27.0,-60.0,0.0,26.0,4.0,0.01,234.0,86.25,254.75,23.0,24.0,53.25,52.0,102.5,434.0,281.75,10.0,11.0,42.0,1.0,1.0,2.0,2.0,5.0,1.0,0.0,0.0,40.0,40.0,0.475,0.47619047619047616,0.016,0.016,0.115,0.5227272727272727,0.4772727272727273,0.675,1.0,1.0,0.725,0.5320366132723111,0.0
20260628_155937_2ee7d04a,20260628_155937_2ee7d04a_g0009,9,1132165153,4,40,40,40,1,3,YELLOW,pool_heuristic,2,2,[2],0,84,3,"{""1"": 94, ""2"": 114, ""3"": 84, ""4"": 94}",False,26.0,-62.0,2.0,27.0,4.0,0.01,78.0,40.375,87.5,18.0,15.0,18.0,31.5,5.0,590.0,113.5,10.0,11.0,38.0,1.0,1.0,2.0,6.0,1.0,0.0,0.0,1.0,40.0,40.0,0.475,0.47619047619047616,0.016,0.016,0.125,0.5681818181818182,0.4318181818181818,0.65,1.0,1.0,0.7333333333333333,0.4926315789473684,0.0
20260628_155937_2ee7d04a,20260628_155937_2ee7d04a_g0009,9,1132165153,4,40,40,40,1,4,GREEN,sweep_1w_500ms,3,2,[2],0,94,2,"{""1"": 94, ""2"": 114, ""3"": 84, ""4"": 94}",False,31.0,-52.0,1.0,29.0,4.0,0.01,189.0,72.625,189.625,24.0,24.0,42.0,54.0,45.625,479.0,220.625,10.0,11.0,41.0,1.0,1.0,2.0,3.0,4.0,1.0,0.0,0.0,40.0,40.0,0.475,0.47619047619047616,0.016,0.016,0.1175,0.5340909090909091,0.4659090909090909,0.775,1.0,1.0,0.6916666666666667,0.5106382978723405,0.0
20260628_155937_2ee7d04a,20260628_155937_2ee7d04a_g0009,9,1132165153,5,48,48,48,1,1,RED,sweep_4w_500ms,0,2,[2],0,94,2,"{""1"": 94, ""2"": 114, ""3"": 84, ""4"": 94}",False,33.0,-53.0,1.0,34.0,11.0,0.0275,111.0,55.625,123.125,23.0,22.0,36.0,24.0,18.125,189.0,156.125,12.0,9.0,32.0,1.0,1.0,2.0,2.0,3.0,1.0,0.0,0.0,48.0,48.0,0.5675,0.5714285714285714,0.0192,0.0192,0.14,0.6363636363636364,0.36363636363636365,0.825,1.0,1.0,0.7166666666666667,0.5394736842105263,0.0
20260628_155937_2ee7d04a,20260628_155937_2ee7d04a_g0009,9,1132165153,5,48,48,48,1,2,BLUE,sweep_8w_500ms,1,2,[2],1,114,1,"{""1"": 94, ""2"": 114, ""3"": 84, ""4"": 94}",False,30.0,-59.0,0.0,35.0,11.0,0.0275,85.0,45.625,101.625,21.0,15.0,21.75,22.0,21.875,215.0,131.625,12.0,9.0,32.0,1.0,1.0,2.0,2.0,3.0,0.0,0.0,0.0,48.0,48.0,0.5675,0.5714285714285714,0.0192,0.0192,0.14,0.6363636363636364,0.36363636363636365,0.75,1.0,1.0,0.7416666666666667,0.512218045112782,0.0
20260628_155937_2ee7d04a,20260628_155937_2ee7d04a_g0009,9,1132165153,5,48,48,48,1,3,YELLOW,pool_heuristic,2,2,[2],0,84,3,"{""1"": 94, ""2"": 114, ""3"": 84, ""4"": 94}",False,27.0,-65.0,2.0,34.0,11.0,0.0275,37.0,25.5,36.75,17.0,12.0,6.75,1.0,0.0,263.0,63.75,12.0,9.0,30.0,1.0,1.0,2.0,4.0,1.0,0.0,0.0,1.0,48.0,48.0,0.5675,0.5714285714285714,0.0192,0.0192,0.145,0.6590909090909091,0.3409090909090909,0.675,1.0,1.0,0.7666666666666667,0.48275862068965514,0.0
20260628_155937_2ee7d04a,20260628_155937_2ee7d04a_g0009,9,1132165153,5,48,48,48,1,4,GREEN,sweep_1w_500ms,3,2,[2],0,94,2,"{""1"": 94, ""2"": 114, ""3"": 84, ""4"": 94}",False,29.0,-61.0,1.0,43.0,11.0,0.0275,67.0,36.75,71.5,19.0,13.0,17.25,21.0,1.25,233.0,100.5,12.0,9.0,31.0,1.0,1.0,2.0,3.0,2.0,0.0,0.0,0.0,48.0,48.0,0.5675,0.5714285714285714,0.0192,0.0192,0.1425,0.6477272727272727,0.3522727272727273,0.725,1.0,1.0,0.75,0.5106186518928901,0.0
20260628_155937_2ee7d04a,20260628_155937_2ee7d04a_g0009,9,1132165153,6,56,56,56,1,1,RED,sweep_4w_500ms,0,2,[2],0,94,2,"{""1"": 94, ""2"": 114, ""3"": 84, ""4"": 94}",False,33.0,-54.0,1.0,45.0,17.0,0.0425,37.0,25.75,40.75,17.0,8.0,10.5,4.0,1.25,97.0,73.75,14.0,7.0,22.0,1.0,1.0,2.0,2.0,1.0,0.0,0.0,0.0,56.0,56.0,0.65,0.6666666666666666,0.0224,0.0224,0.165,0.75,0.25,0.825,0.9833333333333333,1.0,0.725,0.5318979266347688,0.0
20260628_155937_2ee7d04a,20260628_155937_2ee7d04a_g0009,9,1132165153,6,56,56,56,1,2,BLUE,sweep_8w_500ms,1,2,[2],1,114,1,"{""1"": 94, ""2"": 114, ""3"": 84, ""4"": 94}",False,32.0,-56.0,0.0,45.0,17.0,0.0425,50.0,32.25,57.25,19.0,10.0,15.0,12.0,1.25,84.0,89.25,14.0,7.0,22.0,1.0,1.0,2.0,2.0,1.0,0.0,0.0,0.0,56.0,56.0,0.65,0.6666666666666666,0.0224,0.0224,0.165,0.75,0.25,0.8,1.0,1.0,0.7333333333333333,0.48644338118022323,0.0
20260628_155937_2ee7d04a,20260628_155937_2ee7d04a_g0009,9,1132165153,6,56,56,56,1,3,YELLOW,pool_heuristic,2,2,[2],0,84,3,"{""1"": 94, ""2"": 114, ""3"": 84, ""4"": 94}",False,29.0,-62.0,2.0,44.0,17.0,0.0425,20.0,8.5,20.0,0.0,12.0,6.0,2.0,0.0,114.0,49.0,14.0,7.0,26.0,0.0,1.0,1.0,4.0,1.0,0.0,0.0,1.0,56.0,56.0,0.65,0.6666666666666666,0.0224,0.0224,0.155,0.7045454545454546,0.29545454545454547,0.725,1.0,1.0,0.7583333333333333,0.4974533106960951,0.0
20260628_155937_2ee7d04a,20260628_155937_2ee7d04a_g0009,9,1132165153,6,56,56,56,1,4,GREEN,sweep_1w_500ms,3,2,[2],0,94,2,"{""1"": 94, ""2"": 114, ""3"": 84, ""4"": 94}",False,26.0,-68.0,1.0,52.0,17.0,0.0425,27.0,20.5,29.5,15.0,6.0,4.5,4.0,0.0,107.0,55.5,14.0,7.0,22.0,1.0,1.0,2.0,2.0,1.0,0.0,0.0,0.0,56.0,56.0,0.65,0.6666666666666666,0.0224,0.0224,0.165,0.75,0.25,0.65,0.95,1.0,0.7833333333333333,0.5135566188197767,0.0
20260628_155937_2ee7d04a,20260628_155937_2ee7d04a_g0009,9,1132165153,7,64,64,64,1,1,RED,sweep_4w_500ms,0,2,[2],0,94,2,"{""1"": 94, ""2"": 114, ""3"": 84, ""4"": 94}",False,33.0,-46.0,1.0,58.0,24.0,0.06,21.0,17.5,28.0,12.0,6.0,0.0,10.0,0.0,49.0,61.0,16.0,5.0,16.0,1.0,1.0,0.0,2.0,1.0,0.0,0.0,0.0,64.0,64.0,0.72,0.7619047619047619,0.0256,0.0256,0.18,0.8181818181818182,0.18181818181818182,0.825,0.8666666666666667,1.0,0.6583333333333333,0.5299707602339181,0.0
20260628_155937_2ee7d04a,20260628_155937_2ee7d04a_g0009,9,1132165153,7,64,64,64,1,2,BLUE,sweep_8w_500ms,1,2,[2],1,114,1,"{""1"": 94, ""2"": 114, ""3"": 84, ""4"": 94}",False,29.0,-54.0,0.0,54.0,24.0,0.06,33.0,21.5,37.0,13.0,7.0,9.0,8.0,0.0,37.0,66.0,16.0,5.0,13.0,1.0,1.0,2.0,1.0,0.0,0.0,0.0,0.0,64.0,64.0,0.72,0.7619047619047619,0.0256,0.0256,0.1875,0.8522727272727273,0.14772727272727273,0.725,0.9666666666666667,0.8,0.6916666666666667,0.45614035087719296,0.0
20260628_155937_2ee7d04a,20260628_155937_2ee7d04a_g0009,9,1132165153,7,64,64,64,1,3,YELLOW,pool_heuristic,2,2,[2],0,84,3,"{""1"": 94, ""2"": 114, ""3"": 84, ""4"": 94}",False,28.0,-56.0,0.0,54.0,24.0,0.06,1.0,0.5,1.5,0.0,0.0,1.5,0.0,0.0,69.0,29.5,16.0,5.0,20.0,0.0,0.0,1.0,3.0,1.0,0.0,0.0,1.0,64.0,64.0,0.72,0.7619047619047619,0.0256,0.0256,0.17,0.7727272727272727,0.22727272727272727,0.7,0.5833333333333334,1.0,0.7,0.5325077399380804,0.0
20260628_155937_2ee7d04a,20260628_155937_2ee7d04a_g0009,9,1132165153,7,64,64,64,1,4,GREEN,sweep_1w_500ms,3,2,[2],0,94,2,"{""1"": 94, ""2"": 114, ""3"": 84, ""4"": 94}",False,22.0,-68.0,1.0,58.0,24.0,0.06,15.0,12.75,14.75,11.0,3.0,0.75,0.0,0.0,55.0,36.75,16.0,5.0,15.0,1.0,1.0,1.0,1.0,1.0,0.0,0.0,0.0,64.0,64.0,0.72,0.7619047619047619,0.0256,0.0256,0.1825,0.8295454545454546,0.17045454545454544,0.55,0.75,1.0,0.75,0.4924297043979813,0.0
20260628_155937_2ee7d04a,20260628_155937_2ee7d04a_g0010,10,1454291970,0,8,8,8,1,1,RED,sweep_8w_500ms,0,4,[4],0,101,2,"{""1"": 101, ""2"": 70, ""3"": 94, ""4"": 110}",False,8.0,-13.0,9.0,0.0,0.0,0.0,404.0,96.125,382.0,8.0,11.0,30.75,118.5,213.75,1338.0,390.0,2.0,19.0,78.0,1.0,1.0,2.0,6.0,9.0,1.0,1.0,0.0,8.0,8.0,0.0975,0.09523809523809523,0.0032,0.0032,0.025,0.11363636363636363,0.8863636363636364,0.2,1.0,1.0,0.175,0.20526315789473681,0.0
20260628_155937_2ee7d04a,20260628_155937_2ee7d04a_g0010,10,1454291970,0,8,8,8,1,2,BLUE,pool_heuristic,1,4,[4],0,70,4,"{""1"": 101, ""2"": 70, ""3"": 94, ""4"": 110}",False,5.0,-19.0,9.0,0.0,0.0,0.0,308.0,74.0,300.25,5.0,8.0,22.5,91.0,173.75,1434.0,305.25,2.0,19.0,78.0,1.0,1.0,2.0,6.0,9.0,0.0,1.0,1.0,8.0,8.0,0.0975,0.09523809523809523,0.0032,0.0032,0.025,0.11363636363636363,0.8863636363636364,0.125,1.0,1.0,0.2,0.25263157894736843,0.0
20260628_155937_2ee7d04a,20260628_155937_2ee7d04a_g0010,10,1454291970,0,8,8,8,1,3,YELLOW,sweep_1w_500ms,2,4,[4],0,94,3,"{""1"": 101, ""2"": 70, ""3"": 94, ""4"": 110}",False,8.0,-13.0,9.0,0.0,0.0,0.0,500.0,123.375,504.625,8.0,14.0,40.5,129.0,313.125,1242.0,512.625,2.0,19.0,79.0,1.0,1.0,2.0,5.0,10.0,1.0,1.0,1.0,8.0,8.0,0.0975,0.09523809523809523,0.0032,0.0032,0.0225,0.10227272727272728,0.8977272727272727,0.2,1.0,1.0,0.175,0.23391812865497075,0.0
20260628_155937_2ee7d04a,20260628_155937_2ee7d04a_g0010,10,1454291970,0,8,8,8,1,4,GREEN,sweep_4w_500ms,3,4,[4],1,110,1,"{""1"": 101, ""2"": 70, ""3"": 94, ""4"": 110}",False,8.0,-13.0,9.0,0.0,0.0,0.0,530.0,123.875,499.875,8.0,14.0,40.5,158.0,279.375,1212.0,507.875,2.0,19.0,78.0,1.0,1.0,2.0,6.0,9.0,1.0,1.0,0.0,8.0,8.0,0.0975,0.09523809523809523,0.0032,0.0032,0.025,0.11363636363636363,0.8863636363636364,0.2,1.0,1.0,0.175,0.23684210526315785,0.0
20260628_155937_2ee7d04a,20260628_155937_2ee7d04a_g0010,10,1454291970,1,16,16,16,1,1,RED,sweep_8w_500ms,0,4,[4],0,101,2,"{""1"": 101, ""2"": 70, ""3"": 94, ""4"": 110}",False,15.0,-29.0,2.0,1.0,0.0,0.0,653.0,156.5,593.125,15.0,23.0,60.0,219.5,275.625,1892.0,608.125,4.0,17.0,68.0,1.0,1.0,2.0,6.0,7.0,1.0,0.0,0.0,16.0,16.0,0.1975,0.19047619047619047,0.0064,0.0064,0.05,0.22727272727272727,0.7727272727272727,0.375,1.0,1.0,0.36666666666666664,0.4368421052631579,0.0
20260628_155937_2ee7d04a,20260628_155937_2ee7d04a_g0010,10,1454291970,1,16,16,16,1,2,BLUE,pool_heuristic,1,4,[4],0,70,4,"{""1"": 101, ""2"": 70, ""3"": 94, ""4"": 110}",False,12.0,-35.0,1.0,1.0,0.0,0.0,510.0,132.25,513.0,11.0,18.0,48.0,181.0,255.0,2035.0,525.0,4.0,17.0,68.0,1.0,1.0,2.0,6.0,7.0,0.0,0.0,1.0,16.0,16.0,0.1975,0.19047619047619047,0.0064,0.0064,0.05,0.22727272727272727,0.7727272727272727,0.3,1.0,1.0,0.39166666666666666,0.4894736842105264,0.0
20260628_155937_2ee7d04a,20260628_155937_2ee7d04a_g0010,10,1454291970,1,16,16,16,1,3,YELLOW,sweep_1w_500ms,2,4,[4],0,94,3,"{""1"": 101, ""2"": 70, ""3"": 94, ""4"": 110}",False,17.0,-25.0,4.0,0.0,0.0,0.0,656.0,161.125,607.5,17.0,26.0,66.0,188.5,310.0,1889.0,624.5,4.0,17.0,69.0,1.0,1.0,2.0,5.0,8.0,1.0,0.0,0.0,16.0,16.0,0.1975,0.19047619047619047,0.0064,0.0064,0.0475,0.2159090909090909,0.7840909090909091,0.425,1.0,1.0,0.35,0.4016620498614959,0.0
20260628_155937_2ee7d04a,20260628_155937_2ee7d04a_g0010,10,1454291970,1,16,16,16,1,4,GREEN,sweep_4w_500ms,3,4,[4],1,110,1,"{""1"": 101, ""2"": 70, ""3"": 94, ""4"": 110}",False,15.0,-29.0,2.0,0.0,0.0,0.0,726.0,183.125,700.375,15.0,26.0,73.5,269.0,316.875,1819.0,715.375,4.0,17.0,68.0,1.0,1.0,2.0,6.0,7.0,1.0,0.0,0.0,16.0,16.0,0.1975,0.19047619047619047,0.0064,0.0064,0.05,0.22727272727272727,0.7727272727272727,0.375,1.0,1.0,0.36666666666666664,0.47894736842105257,0.0
20260628_155937_2ee7d04a,20260628_155937_2ee7d04a_g0010,10,1454291970,2,24,24,24,1,1,RED,sweep_8w_500ms,0,4,[4],0,101,2,"{""1"": 101, ""2"": 70, ""3"": 94, ""4"": 110}",False,21.0,-39.0,0.0,14.0,1.0,0.0025,301.0,85.5,283.0,15.0,18.0,39.75,124.0,86.25,1522.0,304.0,6.0,15.0,58.0,1.0,1.0,2.0,6.0,5.0,1.0,0.0,0.0,24.0,24.0,0.295,0.2857142857142857,0.0096,0.0096,0.075,0.3409090909090909,0.6590909090909091,0.525,1.0,1.0,0.5,0.5403508771929826,0.0
20260628_155937_2ee7d04a,20260628_155937_2ee7d04a_g0010,10,1454291970,2,24,24,24,1,2,BLUE,pool_heuristic,1,4,[4],0,70,4,"{""1"": 101, ""2"": 70, ""3"": 94, ""4"": 110}",False,17.0,-47.0,1.0,11.0,1.0,0.0025,302.0,90.25,315.25,13.0,16.0,40.5,132.0,113.75,1521.0,332.25,6.0,15.0,58.0,1.0,1.0,2.0,6.0,5.0,0.0,0.0,1.0,24.0,24.0,0.295,0.2857142857142857,0.0096,0.0096,0.075,0.3409090909090909,0.6590909090909091,0.425,1.0,1.0,0.5333333333333333,0.5333333333333333,0.0
20260628_155937_2ee7d04a,20260628_155937_2ee7d04a_g0010,10,1454291970,2,24,24,24,1,3,YELLOW,sweep_1w_500ms,2,4,[4],0,94,3,"{""1"": 101, ""2"": 70, ""3"": 94, ""4"": 110}",False,22.0,-37.0,4.0,5.0,1.0,0.0025,500.0,139.125,483.375,22.0,29.0,69.0,139.0,224.375,1323.0,505.375,6.0,15.0,60.0,1.0,1.0,2.0,4.0,7.0,1.0,0.0,0.0,24.0,24.0,0.295,0.2857142857142857,0.0096,0.0096,0.07,0.3181818181818182,0.6818181818181818,0.55,1.0,1.0,0.4916666666666667,0.4342105263157895,0.0
20260628_155937_2ee7d04a,20260628_155937_2ee7d04a_g0010,10,1454291970,2,24,24,24,1,4,GREEN,sweep_4w_500ms,3,4,[4],1,110,1,"{""1"": 101, ""2"": 70, ""3"": 94, ""4"": 110}",False,21.0,-39.0,2.0,5.0,1.0,0.0025,720.0,186.75,673.75,21.0,32.0,83.25,290.0,247.5,1103.0,694.75,6.0,15.0,58.0,1.0,1.0,2.0,6.0,5.0,0.0,0.0,0.0,24.0,24.0,0.295,0.2857142857142857,0.0096,0.0096,0.075,0.3409090909090909,0.6590909090909091,0.525,1.0,1.0,0.5,0.5105263157894737,0.0
20260628_155937_2ee7d04a,20260628_155937_2ee7d04a_g0010,10,1454291970,3,32,32,32,1,1,RED,sweep_8w_500ms,0,4,[4],0,101,2,"{""1"": 101, ""2"": 70, ""3"": 94, ""4"": 110}",False,25.0,-48.0,0.0,19.0,8.0,0.02,135.0,55.625,143.625,19.0,17.0,27.75,58.0,21.875,618.0,168.625,8.0,13.0,48.0,1.0,1.0,2.0,6.0,3.0,0.0,0.0,0.0,32.0,32.0,0.395,0.38095238095238093,0.0128,0.0128,0.1,0.45454545454545453,0.5454545454545454,0.625,1.0,1.0,0.6083333333333333,0.5539473684210526,0.0
20260628_155937_2ee7d04a,20260628_155937_2ee7d04a_g0010,10,1454291970,3,32,32,32,1,2,BLUE,pool_heuristic,1,4,[4],0,70,4,"{""1"": 101, ""2"": 70, ""3"": 94, ""4"": 110}",False,21.0,-56.0,1.0,19.0,8.0,0.02,70.0,32.5,71.25,15.0,10.0,14.25,27.0,5.0,683.0,92.25,8.0,13.0,48.0,1.0,1.0,2.0,6.0,3.0,0.0,0.0,0.0,32.0,32.0,0.395,0.38095238095238093,0.0128,0.0128,0.1,0.45454545454545453,0.5454545454545454,0.525,1.0,1.0,0.6416666666666667,0.4855263157894737,0.0
20260628_155937_2ee7d04a,20260628_155937_2ee7d04a_g0010,10,1454291970,3,32,32,32,1,3,YELLOW,sweep_1w_500ms,2,4,[4],0,94,3,"{""1"": 101, ""2"": 70, ""3"": 94, ""4"": 110}",False,26.0,-46.0,3.0,12.0,8.0,0.02,122.0,51.375,122.5,20.0,18.0,29.25,31.5,23.75,631.0,148.5,8.0,13.0,50.0,1.0,1.0,2.0,4.0,5.0,1.0,0.0,0.0,32.0,32.0,0.395,0.38095238095238093,0.0128,0.0128,0.095,0.4318181818181818,0.5681818181818182,0.65,1.0,1.0,0.6,0.4778393351800554,0.0
20260628_155937_2ee7d04a,20260628_155937_2ee7d04a_g0010,10,1454291970,3,32,32,32,1,4,GREEN,sweep_4w_500ms,3,4,[4],1,110,1,"{""1"": 101, ""2"": 70, ""3"": 94, ""4"": 110}",False,26.0,-46.0,2.0,12.0,8.0,0.02,426.0,134.75,431.5,24.0,31.0,70.5,211.0,95.0,327.0,457.5,8.0,13.0,48.0,1.0,1.0,2.0,6.0,3.0,0.0,0.0,0.0,32.0,32.0,0.395,0.38095238095238093,0.0128,0.0128,0.1,0.45454545454545453,0.5454545454545454,0.65,1.0,1.0,0.6,0.5210526315789474,0.0
20260628_155937_2ee7d04a,20260628_155937_2ee7d04a_g0010,10,1454291970,4,40,40,40,1,1,RED,sweep_8w_500ms,0,4,[4],0,101,2,"{""1"": 101, ""2"": 70, ""3"": 94, ""4"": 110}",False,25.0,-53.0,0.0,30.0,9.0,0.0225,95.0,44.875,109.875,17.0,15.0,23.25,34.0,20.625,425.0,134.875,10.0,11.0,40.0,1.0,1.0,2.0,4.0,3.0,0.0,0.0,0.0,40.0,40.0,0.48,0.47619047619047616,0.016,0.016,0.12,0.5454545454545454,0.45454545454545453,0.625,1.0,1.0,0.65,0.5614035087719298,0.0
20260628_155937_2ee7d04a,20260628_155937_2ee7d04a_g0010,10,1454291970,4,40,40,40,1,2,BLUE,pool_heuristic,1,4,[4],0,70,4,"{""1"": 101, ""2"": 70, ""3"": 94, ""4"": 110}",False,20.0,-63.0,1.0,32.0,9.0,0.0225,31.0,20.375,33.25,13.0,7.0,6.75,6.5,0.0,489.0,53.25,10.0,11.0,39.0,1.0,1.0,2.0,5.0,2.0,0.0,0.0,0.0,40.0,40.0,0.48,0.47619047619047616,0.016,0.016,0.1225,0.5568181818181818,0.4431818181818182,0.5,1.0,1.0,0.6916666666666667,0.49301825993555315,0.0
20260628_155937_2ee7d04a,20260628_155937_2ee7d04a_g0010,10,1454291970,4,40,40,40,1,3,YELLOW,sweep_1w_500ms,2,4,[4],0,94,3,"{""1"": 101, ""2"": 70, ""3"": 94, ""4"": 110}",False,28.0,-47.0,3.0,19.0,9.0,0.0225,130.0,55.75,129.25,22.0,20.0,32.25,40.0,15.0,390.0,157.25,10.0,11.0,40.0,1.0,1.0,2.0,4.0,3.0,0.0,0.0,0.0,40.0,40.0,0.48,0.47619047619047616,0.016,0.016,0.12,0.5454545454545454,0.45454545454545453,0.7,1.0,1.0,0.625,0.45614035087719296,0.0
20260628_155937_2ee7d04a,20260628_155937_2ee7d04a_g0010,10,1454291970,4,40,40,40,1,4,GREEN,sweep_4w_500ms,3,4,[4],1,110,1,"{""1"": 101, ""2"": 70, ""3"": 94, ""4"": 110}",False,30.0,-43.0,2.0,21.0,9.0,0.0225,264.0,95.25,275.125,27.0,28.0,27.0,132.5,60.625,256.0,305.125,10.0,11.0,41.0,1.0,1.0,1.0,5.0,3.0,0.0,0.0,0.0,40.0,40.0,0.48,0.47619047619047616,0.016,0.016,0.1175,0.5340909090909091,0.4659090909090909,0.75,1.0,1.0,0.6083333333333333,0.5442329227323628,0.0
20260628_155937_2ee7d04a,20260628_155937_2ee7d04a_g0010,10,1454291970,5,48,48,48,1,1,RED,sweep_8w_500ms,0,4,[4],0,101,2,"{""1"": 101, ""2"": 70, ""3"": 94, ""4"": 110}",False,32.0,-42.0,0.0,42.0,14.0,0.035,77.0,43.375,90.375,21.0,15.0,21.0,24.0,9.375,169.0,122.375,12.0,9.0,31.0,1.0,1.0,2.0,3.0,2.0,0.0,0.0,0.0,48.0,48.0,0.5675,0.5714285714285714,0.0192,0.0192,0.1425,0.6477272727272727,0.3522727272727273,0.8,1.0,1.0,0.6166666666666667,0.5632502308402585,0.0
20260628_155937_2ee7d04a,20260628_155937_2ee7d04a_g0010,10,1454291970,5,48,48,48,1,2,BLUE,pool_heuristic,1,4,[4],0,70,4,"{""1"": 101, ""2"": 70, ""3"": 94, ""4"": 110}",False,17.0,-72.0,1.0,40.0,14.0,0.035,17.0,13.5,19.0,10.0,4.0,3.0,2.0,0.0,229.0,36.0,12.0,9.0,32.0,1.0,1.0,1.0,4.0,2.0,0.0,0.0,0.0,48.0,48.0,0.5675,0.5714285714285714,0.0192,0.0192,0.14,0.6363636363636364,0.36363636363636365,0.425,0.5833333333333334,1.0,0.7416666666666667,0.5093984962406015,0.0
20260628_155937_2ee7d04a,20260628_155937_2ee7d04a_g0010,10,1454291970,5,48,48,48,1,3,YELLOW,sweep_1w_500ms,2,4,[4],0,94,3,"{""1"": 101, ""2"": 70, ""3"": 94, ""4"": 110}",False,27.0,-52.0,0.0,26.0,14.0,0.035,77.0,40.375,80.0,20.0,14.0,22.5,23.5,0.0,169.0,107.0,12.0,9.0,30.0,1.0,1.0,2.0,4.0,1.0,0.0,0.0,0.0,48.0,48.0,0.5675,0.5714285714285714,0.0192,0.0192,0.145,0.6590909090909091,0.3409090909090909,0.675,1.0,1.0,0.6583333333333333,0.49274047186932857,0.0
20260628_155937_2ee7d04a,20260628_155937_2ee7d04a_g0010,10,1454291970,5,48,48,48,1,4,GREEN,sweep_4w_500ms,3,4,[4],1,110,1,"{""1"": 101, ""2"": 70, ""3"": 94, ""4"": 110}",False,30.0,-46.0,2.0,33.0,14.0,0.035,75.0,39.0,78.25,20.0,15.0,12.0,25.0,6.25,171.0,108.25,12.0,9.0,32.0,1.0,1.0,1.0,4.0,2.0,0.0,0.0,0.0,48.0,48.0,0.5675,0.5714285714285714,0.0192,0.0192,0.14,0.6363636363636364,0.36363636363636365,0.75,1.0,1.0,0.6333333333333333,0.5159774436090225,0.0
20260628_155937_2ee7d04a,20260628_155937_2ee7d04a_g0010,10,1454291970,6,56,56,56,1,1,RED,sweep_8w_500ms,0,4,[4],0,101,2,"{""1"": 101, ""2"": 70, ""3"": 94, ""4"": 110}",False,29.0,-41.0,0.0,56.0,19.0,0.0475,39.0,25.75,43.5,16.0,8.0,10.5,9.0,0.0,86.0,72.5,14.0,7.0,21.0,1.0,1.0,2.0,3.0,0.0,0.0,0.0,0.0,56.0,56.0,0.6325,0.6666666666666666,0.0224,0.0224,0.1675,0.7613636363636364,0.23863636363636365,0.725,1.0,0.8,0.5833333333333333,0.5239591516103692,0.0
20260628_155937_2ee7d04a,20260628_155937_2ee7d04a_g0010,10,1454291970,6,56,56,56,1,2,BLUE,pool_heuristic,1,4,[4],0,70,4,"{""1"": 101, ""2"": 70, ""3"": 94, ""4"": 110}",False,16.0,-67.0,1.0,44.0,19.0,0.0475,0.0,0.0,0.0,0.0,0.0,0.0,0.0,0.0,125.0,16.0,14.0,7.0,29.0,0.0,0.0,1.0,4.0,2.0,0.0,0.0,0.0,56.0,56.0,0.6325,0.6666666666666666,0.0224,0.0224,0.1475,0.6704545454545454,0.32954545454545453,0.4,0.4166666666666667,1.0,0.6916666666666667,0.5084745762711864,0.0
20260628_155937_2ee7d04a,20260628_155937_2ee7d04a_g0010,10,1454291970,6,56,56,56,1,3,YELLOW,sweep_1w_500ms,2,4,[4],0,94,3,"{""1"": 101, ""2"": 70, ""3"": 94, ""4"": 110}",False,28.0,-43.0,0.0,34.0,19.0,0.0475,48.0,17.625,48.5,0.0,15.0,21.0,12.5,0.0,77.0,76.5,14.0,7.0,25.0,0.0,1.0,2.0,3.0,1.0,0.0,0.0,0.0,56.0,56.0,0.6325,0.6666666666666666,0.0224,0.0224,0.1575,0.7159090909090909,0.2840909090909091,0.7,1.0,1.0,0.5916666666666667,0.4979114452798663,0.0
20260628_155937_2ee7d04a,20260628_155937_2ee7d04a_g0010,10,1454291970,6,56,56,56,1,4,GREEN,sweep_4w_500ms,3,4,[4],1,110,1,"{""1"": 101, ""2"": 70, ""3"": 94, ""4"": 110}",False,26.0,-47.0,2.0,40.0,19.0,0.0475,38.0,23.375,39.125,15.0,8.0,6.0,7.0,3.125,87.0,65.125,14.0,7.0,24.0,1.0,1.0,1.0,2.0,2.0,0.0,0.0,0.0,56.0,56.0,0.6325,0.6666666666666666,0.0224,0.0224,0.16,0.7272727272727273,0.2727272727272727,0.65,0.9833333333333333,1.0,0.6083333333333333,0.4876644736842105,0.0
20260628_155937_2ee7d04a,20260628_155937_2ee7d04a_g0010,10,1454291970,7,64,64,67,4,1,RED,sweep_8w_500ms,0,4,[4],0,101,2,"{""1"": 101, ""2"": 70, ""3"": 94, ""4"": 110}",False,32.0,-27.0,0.0,71.0,30.0,0.075,22.0,19.0,23.0,16.0,4.0,3.0,0.0,0.0,19.0,55.0,17.0,4.0,10.0,1.0,1.0,1.0,1.0,0.0,0.0,0.0,0.0,64.0,67.0,0.705,0.8095238095238095,0.0268,0.0256,0.195,0.8863636363636364,0.11363636363636363,0.8,0.7666666666666667,0.8,0.4916666666666667,0.50944669365722,0.0
20260628_155937_2ee7d04a,20260628_155937_2ee7d04a_g0010,10,1454291970,7,64,64,67,4,2,BLUE,pool_heuristic,1,4,[4],0,70,4,"{""1"": 101, ""2"": 70, ""3"": 94, ""4"": 110}",False,16.0,-59.0,1.0,49.0,30.0,0.075,0.0,0.0,0.0,0.0,0.0,0.0,0.0,0.0,41.0,16.0,14.0,7.0,29.0,0.0,0.0,1.0,4.0,2.0,0.0,0.0,0.0,64.0,67.0,0.705,0.6666666666666666,0.0268,0.0256,0.1475,0.6704545454545454,0.32954545454545453,0.4,0.26666666666666666,1.0,0.625,0.5084745762711864,0.0
20260628_155937_2ee7d04a,20260628_155937_2ee7d04a_g0010,10,1454291970,7,64,64,67,4,3,YELLOW,sweep_1w_500ms,2,4,[4],0,94,3,"{""1"": 101, ""2"": 70, ""3"": 94, ""4"": 110}",False,21.0,-49.0,0.0,42.0,30.0,0.075,7.0,3.0,6.5,0.0,5.0,1.5,0.0,0.0,34.0,27.5,17.0,4.0,14.0,0.0,1.0,1.0,1.0,1.0,0.0,0.0,0.0,64.0,67.0,0.705,0.8095238095238095,0.0268,0.0256,0.185,0.8409090909090909,0.1590909090909091,0.525,0.75,1.0,0.5833333333333333,0.4879089615931721,0.0
20260628_155937_2ee7d04a,20260628_155937_2ee7d04a_g0010,10,1454291970,7,64,64,67,4,4,GREEN,sweep_4w_500ms,3,4,[4],1,110,1,"{""1"": 101, ""2"": 70, ""3"": 94, ""4"": 110}",False,22.0,-47.0,2.0,46.0,30.0,0.075,12.0,11.5,12.0,11.0,1.0,0.0,0.0,0.0,29.0,34.0,16.0,5.0,17.0,1.0,1.0,0.0,1.0,2.0,0.0,0.0,0.0,64.0,67.0,0.705,0.7619047619047619,0.0268,0.0256,0.1775,0.8068181818181818,0.19318181818181818,0.55,0.7666666666666667,1.0,0.575,0.46478873239436624,0.0
20260628_155937_2ee7d04a,20260628_155937_2ee7d04a_g0011,11,943168173,0,8,8,8,1,1,RED,pool_heuristic,0,3,[3],0,93,2,"{""1"": 93, ""2"": 79, ""3"": 98, ""4"": 84}",False,6.0,-20.0,8.0,0.0,0.0,0.0,409.0,103.375,422.25,6.0,11.0,32.25,130.5,242.5,1598.0,428.25,2.0,19.0,78.0,1.0,1.0,2.0,6.0,9.0,1.0,1.0,1.0,8.0,8.0,0.0975,0.09523809523809523,0.0032,0.0032,0.025,0.11363636363636363,0.8863636363636364,0.15,1.0,1.0,0.21666666666666665,0.26315789473684215,0.0
20260628_155937_2ee7d04a,20260628_155937_2ee7d04a_g0011,11,943168173,0,8,8,8,1,2,BLUE,sweep_1w_500ms,1,3,[3],0,79,4,"{""1"": 93, ""2"": 79, ""3"": 98, ""4"": 84}",False,8.0,-16.0,9.0,0.0,0.0,0.0,512.0,119.5,486.75,8.0,14.0,39.75,125.0,300.0,1495.0,494.75,2.0,19.0,79.0,1.0,1.0,2.0,5.0,10.0,1.0,0.0,1.0,8.0,8.0,0.0975,0.09523809523809523,0.0032,0.0032,0.0225,0.10227272727272728,0.8977272727272727,0.2,1.0,1.0,0.2,0.23976608187134507,0.0
20260628_155937_2ee7d04a,20260628_155937_2ee7d04a_g0011,11,943168173,0,8,8,8,1,3,YELLOW,sweep_4w_500ms,2,3,[3],1,98,1,"{""1"": 93, ""2"": 79, ""3"": 98, ""4"": 84}",False,9.0,-14.0,9.0,0.0,0.0,0.0,543.0,122.625,488.75,9.0,15.0,41.25,153.5,270.0,1464.0,497.75,2.0,19.0,78.0,1.0,1.0,2.0,6.0,9.0,1.0,0.0,0.0,8.0,8.0,0.0975,0.09523809523809523,0.0032,0.0032,0.025,0.11363636363636363,0.8863636363636364,0.225,1.0,1.0,0.19166666666666668,0.23684210526315785,0.0
20260628_155937_2ee7d04a,20260628_155937_2ee7d04a_g0011,11,943168173,0,8,8,8,1,4,GREEN,sweep_8w_500ms,3,3,[3],0,84,3,"{""1"": 93, ""2"": 79, ""3"": 98, ""4"": 84}",False,9.0,-14.0,9.0,0.0,0.0,0.0,543.0,122.625,488.75,9.0,15.0,41.25,153.5,270.0,1464.0,497.75,2.0,19.0,78.0,1.0,1.0,2.0,6.0,9.0,1.0,0.0,0.0,8.0,8.0,0.0975,0.09523809523809523,0.0032,0.0032,0.025,0.11363636363636363,0.8863636363636364,0.225,1.0,1.0,0.19166666666666668,0.23684210526315785,0.0
20260628_155937_2ee7d04a,20260628_155937_2ee7d04a_g0011,11,943168173,1,16,16,16,1,1,RED,pool_heuristic,0,3,[3],0,93,2,"{""1"": 93, ""2"": 79, ""3"": 98, ""4"": 84}",False,12.0,-38.0,4.0,4.0,1.0,0.0025,501.0,130.0,503.0,11.0,17.0,48.75,180.0,246.25,2372.0,515.0,4.0,17.0,68.0,1.0,1.0,2.0,6.0,7.0,0.0,0.0,1.0,16.0,16.0,0.195,0.19047619047619047,0.0064,0.0064,0.05,0.22727272727272727,0.7727272727272727,0.3,1.0,1.0,0.4166666666666667,0.4473684210526315,0.0
20260628_155937_2ee7d04a,20260628_155937_2ee7d04a_g0011,11,943168173,1,16,16,16,1,2,BLUE,sweep_1w_500ms,1,3,[3],0,79,4,"{""1"": 93, ""2"": 79, ""3"": 98, ""4"": 84}",False,18.0,-26.0,2.0,1.0,1.0,0.0025,901.0,212.75,833.0,17.0,29.0,83.25,255.0,448.75,1972.0,851.0,4.0,17.0,69.0,1.0,1.0,2.0,5.0,8.0,1.0,0.0,0.0,16.0,16.0,0.195,0.19047619047619047,0.0064,0.0064,0.0475,0.2159090909090909,0.7840909090909091,0.45,1.0,1.0,0.36666666666666664,0.4958448753462603,0.0
20260628_155937_2ee7d04a,20260628_155937_2ee7d04a_g0011,11,943168173,1,16,16,16,1,3,YELLOW,sweep_4w_500ms,2,3,[3],1,98,1,"{""1"": 93, ""2"": 79, ""3"": 98, ""4"": 84}",False,17.0,-28.0,3.0,1.0,1.0,0.0025,798.0,190.0,726.0,17.0,27.0,72.75,268.0,341.25,2075.0,743.0,4.0,17.0,68.0,1.0,1.0,2.0,6.0,7.0,1.0,0.0,0.0,16.0,16.0,0.195,0.19047619047619047,0.0064,0.0064,0.05,0.22727272727272727,0.7727272727272727,0.425,1.0,1.0,0.375,0.4552631578947368,0.0
20260628_155937_2ee7d04a,20260628_155937_2ee7d04a_g0011,11,943168173,1,16,16,16,1,4,GREEN,sweep_8w_500ms,3,3,[3],0,84,3,"{""1"": 93, ""2"": 79, ""3"": 98, ""4"": 84}",False,15.0,-32.0,3.0,3.0,1.0,0.0025,673.0,170.5,663.75,15.0,24.0,64.5,199.0,361.25,2200.0,678.75,4.0,17.0,69.0,1.0,1.0,2.0,5.0,8.0,1.0,0.0,0.0,16.0,16.0,0.195,0.19047619047619047,0.0064,0.0064,0.0475,0.2159090909090909,0.7840909090909091,0.375,1.0,1.0,0.39166666666666666,0.44321329639889195,0.0
20260628_155937_2ee7d04a,20260628_155937_2ee7d04a_g0011,11,943168173,2,24,24,24,1,1,RED,pool_heuristic,0,3,[3],0,93,2,"{""1"": 93, ""2"": 79, ""3"": 98, ""4"": 84}",False,17.0,-47.0,0.0,13.0,2.0,0.005,148.0,48.875,159.75,10.0,10.0,20.25,64.5,55.0,1631.0,176.75,6.0,15.0,58.0,1.0,1.0,2.0,6.0,5.0,0.0,0.0,1.0,24.0,24.0,0.2875,0.2857142857142857,0.0096,0.0096,0.075,0.3409090909090909,0.6590909090909091,0.425,1.0,1.0,0.5333333333333333,0.531578947368421,0.0
20260628_155937_2ee7d04a,20260628_155937_2ee7d04a_g0011,11,943168173,2,24,24,24,1,2,BLUE,sweep_1w_500ms,1,3,[3],0,79,4,"{""1"": 93, ""2"": 79, ""3"": 98, ""4"": 84}",False,23.0,-35.0,2.0,9.0,2.0,0.005,528.0,142.75,510.875,21.0,26.0,65.25,145.5,253.125,1251.0,533.875,6.0,15.0,60.0,1.0,1.0,2.0,4.0,7.0,1.0,0.0,0.0,24.0,24.0,0.2875,0.2857142857142857,0.0096,0.0096,0.07,0.3181818181818182,0.6818181818181818,0.575,1.0,1.0,0.4833333333333333,0.5582706766917294,0.0
20260628_155937_2ee7d04a,20260628_155937_2ee7d04a_g0011,11,943168173,2,24,24,24,1,3,YELLOW,sweep_4w_500ms,2,3,[3],1,98,1,"{""1"": 93, ""2"": 79, ""3"": 98, ""4"": 84}",False,20.0,-41.0,0.0,9.0,2.0,0.005,548.0,143.375,515.5,20.0,24.0,60.75,179.5,231.25,1231.0,535.5,6.0,15.0,59.0,1.0,1.0,2.0,5.0,6.0,1.0,0.0,0.0,24.0,24.0,0.2875,0.2857142857142857,0.0096,0.0096,0.0725,0.32954545454545453,0.6704545454545454,0.5,1.0,1.0,0.5083333333333333,0.5862068965517242,0.0
20260628_155937_2ee7d04a,20260628_155937_2ee7d04a_g0011,11,943168173,2,24,24,24,1,4,GREEN,sweep_8w_500ms,3,3,[3],0,84,3,"{""1"": 93, ""2"": 79, ""3"": 98, ""4"": 84}",False,21.0,-39.0,3.0,10.0,2.0,0.005,555.0,149.5,535.5,21.0,30.0,66.75,154.0,263.75,1224.0,556.5,6.0,15.0,60.0,1.0,1.0,2.0,4.0,7.0,1.0,0.0,0.0,24.0,24.0,0.2875,0.2857142857142857,0.0096,0.0096,0.07,0.3181818181818182,0.6818181818181818,0.525,1.0,1.0,0.5,0.5075187969924813,0.0
20260628_155937_2ee7d04a,20260628_155937_2ee7d04a_g0011,11,943168173,3,32,32,32,1,1,RED,pool_heuristic,0,3,[3],0,93,2,"{""1"": 93, ""2"": 79, ""3"": 98, ""4"": 84}",False,23.0,-57.0,0.0,16.0,2.0,0.005,110.0,44.875,116.125,16.0,12.0,21.0,49.0,18.125,1152.0,139.125,8.0,13.0,48.0,1.0,1.0,2.0,6.0,3.0,0.0,0.0,0.0,32.0,32.0,0.38,0.38095238095238093,0.0128,0.0128,0.1,0.45454545454545453,0.5454545454545454,0.575,1.0,1.0,0.6666666666666667,0.49473684210526314,0.0
20260628_155937_2ee7d04a,20260628_155937_2ee7d04a_g0011,11,943168173,3,32,32,32,1,2,BLUE,sweep_1w_500ms,1,3,[3],0,79,4,"{""1"": 93, ""2"": 79, ""3"": 98, ""4"": 84}",False,28.0,-47.0,2.0,22.0,2.0,0.005,400.0,124.0,417.0,25.0,28.0,68.25,62.0,233.75,862.0,445.0,8.0,13.0,52.0,1.0,1.0,2.0,2.0,7.0,1.0,0.0,0.0,32.0,32.0,0.38,0.38095238095238093,0.0128,0.0128,0.09,0.4090909090909091,0.5909090909090909,0.7,1.0,1.0,0.625,0.5467836257309941,0.0
20260628_155937_2ee7d04a,20260628_155937_2ee7d04a_g0011,11,943168173,3,32,32,32,1,3,YELLOW,sweep_4w_500ms,2,3,[3],1,98,1,"{""1"": 93, ""2"": 79, ""3"": 98, ""4"": 84}",False,24.0,-55.0,0.0,25.0,2.0,0.005,368.0,110.5,362.5,22.0,23.0,56.25,120.0,141.25,894.0,386.5,8.0,13.0,50.0,1.0,1.0,2.0,4.0,5.0,1.0,0.0,0.0,32.0,32.0,0.38,0.38095238095238093,0.0128,0.0128,0.095,0.4318181818181818,0.5681818181818182,0.6,1.0,1.0,0.6583333333333333,0.5817174515235457,0.0
20260628_155937_2ee7d04a,20260628_155937_2ee7d04a_g0011,11,943168173,3,32,32,32,1,4,GREEN,sweep_8w_500ms,3,3,[3],0,84,3,"{""1"": 93, ""2"": 79, ""3"": 98, ""4"": 84}",False,28.0,-47.0,3.0,16.0,2.0,0.005,384.0,125.75,404.0,26.0,31.0,61.5,133.0,152.5,878.0,432.0,8.0,13.0,50.0,1.0,1.0,2.0,4.0,5.0,1.0,0.0,0.0,32.0,32.0,0.38,0.38095238095238093,0.0128,0.0128,0.095,0.4318181818181818,0.5681818181818182,0.7,1.0,1.0,0.625,0.5429362880886426,0.0
20260628_155937_2ee7d04a,20260628_155937_2ee7d04a_g0011,11,943168173,4,40,40,40,1,1,RED,pool_heuristic,0,3,[3],0,93,2,"{""1"": 93, ""2"": 79, ""3"": 98, ""4"": 84}",False,20.0,-67.0,0.0,25.0,6.0,0.015,62.0,28.0,64.5,13.0,6.0,10.5,30.0,5.0,710.0,84.5,10.0,11.0,38.0,1.0,1.0,2.0,6.0,1.0,0.0,0.0,0.0,40.0,40.0,0.475,0.47619047619047616,0.016,0.016,0.125,0.5681818181818182,0.4318181818181818,0.5,1.0,1.0,0.725,0.46736842105263166,0.0
20260628_155937_2ee7d04a,20260628_155937_2ee7d04a_g0011,11,943168173,4,40,40,40,1,2,BLUE,sweep_1w_500ms,1,3,[3],0,79,4,"{""1"": 93, ""2"": 79, ""3"": 98, ""4"": 84}",False,31.0,-45.0,2.0,32.0,6.0,0.015,264.0,96.25,289.75,26.0,25.0,55.5,52.0,131.25,508.0,320.75,10.0,11.0,42.0,1.0,1.0,2.0,2.0,5.0,0.0,0.0,0.0,40.0,40.0,0.475,0.47619047619047616,0.016,0.016,0.115,0.5227272727272727,0.4772727272727273,0.775,1.0,1.0,0.6333333333333333,0.5011441647597255,0.0
20260628_155937_2ee7d04a,20260628_155937_2ee7d04a_g0011,11,943168173,4,40,40,40,1,3,YELLOW,sweep_4w_500ms,2,3,[3],1,98,1,"{""1"": 93, ""2"": 79, ""3"": 98, ""4"": 84}",False,26.0,-55.0,0.0,34.0,6.0,0.015,227.0,80.625,243.875,21.0,19.0,44.25,69.0,90.625,545.0,269.875,10.0,11.0,41.0,1.0,1.0,2.0,3.0,4.0,0.0,0.0,0.0,40.0,40.0,0.475,0.47619047619047616,0.016,0.016,0.1175,0.5340909090909091,0.4659090909090909,0.65,1.0,1.0,0.675,0.5666293393057111,0.0
20260628_155937_2ee7d04a,20260628_155937_2ee7d04a_g0011,11,943168173,4,40,40,40,1,4,GREEN,sweep_8w_500ms,3,3,[3],0,84,3,"{""1"": 93, ""2"": 79, ""3"": 98, ""4"": 84}",False,30.0,-47.0,3.0,28.0,6.0,0.015,219.0,88.0,255.75,25.0,24.0,45.75,71.0,90.0,553.0,285.75,10.0,11.0,41.0,1.0,1.0,2.0,3.0,4.0,1.0,0.0,0.0,40.0,40.0,0.475,0.47619047619047616,0.016,0.016,0.1175,0.5340909090909091,0.4659090909090909,0.75,1.0,1.0,0.6416666666666667,0.5027995520716685,0.0
20260628_155937_2ee7d04a,20260628_155937_2ee7d04a_g0011,11,943168173,5,48,48,48,1,1,RED,pool_heuristic,0,3,[3],0,93,2,"{""1"": 93, ""2"": 79, ""3"": 98, ""4"": 84}",False,23.0,-69.0,0.0,33.0,7.0,0.0175,28.0,18.75,27.25,14.0,4.0,5.25,4.0,0.0,340.0,50.25,12.0,9.0,29.0,1.0,1.0,2.0,5.0,0.0,0.0,0.0,0.0,48.0,48.0,0.565,0.5714285714285714,0.0192,0.0192,0.1475,0.6704545454545454,0.32954545454545453,0.575,1.0,0.8,0.7666666666666667,0.4611953612845674,0.0
20260628_155937_2ee7d04a,20260628_155937_2ee7d04a_g0011,11,943168173,5,48,48,48,1,2,BLUE,sweep_1w_500ms,1,3,[3],0,79,4,"{""1"": 93, ""2"": 79, ""3"": 98, ""4"": 84}",False,30.0,-55.0,2.0,44.0,7.0,0.0175,139.0,59.25,154.75,23.0,18.0,21.0,34.0,58.75,229.0,184.75,12.0,9.0,34.0,1.0,1.0,1.0,2.0,4.0,0.0,0.0,0.0,48.0,48.0,0.565,0.5714285714285714,0.0192,0.0192,0.135,0.6136363636363636,0.38636363636363635,0.75,1.0,1.0,0.7083333333333333,0.5077972709551657,0.0
20260628_155937_2ee7d04a,20260628_155937_2ee7d04a_g0011,11,943168173,5,48,48,48,1,3,YELLOW,sweep_4w_500ms,2,3,[3],1,98,1,"{""1"": 93, ""2"": 79, ""3"": 98, ""4"": 84}",False,30.0,-55.0,0.0,43.0,7.0,0.0175,147.0,72.5,185.5,25.0,22.0,43.5,60.0,35.0,221.0,215.5,12.0,9.0,31.0,1.0,1.0,2.0,3.0,2.0,0.0,0.0,0.0,48.0,48.0,0.565,0.5714285714285714,0.0192,0.0192,0.1425,0.6477272727272727,0.3522727272727273,0.75,1.0,1.0,0.7083333333333333,0.5337026777469991,0.0
20260628_155937_2ee7d04a,20260628_155937_2ee7d04a_g0011,11,943168173,5,48,48,48,1,4,GREEN,sweep_8w_500ms,3,3,[3],0,84,3,"{""1"": 93, ""2"": 79, ""3"": 98, ""4"": 84}",False,32.0,-51.0,3.0,34.0,7.0,0.0175,54.0,35.875,58.375,23.0,14.0,10.5,4.0,6.875,314.0,90.375,12.0,9.0,32.0,1.0,1.0,2.0,2.0,3.0,0.0,0.0,0.0,48.0,48.0,0.565,0.5714285714285714,0.0192,0.0192,0.14,0.6363636363636364,0.36363636363636365,0.8,1.0,1.0,0.6916666666666667,0.5,0.0
20260628_155937_2ee7d04a,20260628_155937_2ee7d04a_g0011,11,943168173,6,56,56,56,1,1,RED,pool_heuristic,0,3,[3],0,93,2,"{""1"": 93, ""2"": 79, ""3"": 98, ""4"": 84}",False,20.0,-70.0,0.0,44.0,9.0,0.0225,15.0,12.75,15.25,11.0,2.0,2.25,0.0,0.0,128.0,35.25,14.0,7.0,21.0,1.0,1.0,2.0,3.0,0.0,0.0,0.0,0.0,56.0,56.0,0.6575,0.6666666666666666,0.0224,0.0224,0.1675,0.7613636363636364,0.23863636363636365,0.5,0.95,0.8,0.75,0.4799685781618225,0.0
20260628_155937_2ee7d04a,20260628_155937_2ee7d04a_g0011,11,943168173,6,56,56,56,1,2,BLUE,sweep_1w_500ms,1,3,[3],0,79,4,"{""1"": 93, ""2"": 79, ""3"": 98, ""4"": 84}",False,30.0,-50.0,2.0,51.0,9.0,0.0225,38.0,29.0,42.5,20.0,11.0,7.5,4.0,0.0,105.0,72.5,14.0,7.0,24.0,1.0,1.0,1.0,2.0,2.0,0.0,0.0,0.0,56.0,56.0,0.6575,0.6666666666666666,0.0224,0.0224,0.16,0.7272727272727273,0.2727272727272727,0.75,0.7666666666666667,1.0,0.6666666666666667,0.4942434210526315,0.0
20260628_155937_2ee7d04a,20260628_155937_2ee7d04a_g0011,11,943168173,6,56,56,56,1,3,YELLOW,sweep_4w_500ms,2,3,[3],1,98,1,"{""1"": 93, ""2"": 79, ""3"": 98, ""4"": 84}",False,30.0,-50.0,0.0,51.0,9.0,0.0225,51.0,33.5,52.5,22.0,11.0,13.5,6.0,0.0,92.0,82.5,14.0,7.0,22.0,1.0,1.0,2.0,2.0,1.0,0.0,0.0,0.0,56.0,56.0,0.6575,0.6666666666666666,0.0224,0.0224,0.165,0.75,0.25,0.75,0.7833333333333333,1.0,0.6666666666666667,0.5023923444976076,0.0
20260628_155937_2ee7d04a,20260628_155937_2ee7d04a_g0011,11,943168173,6,56,56,56,1,4,GREEN,sweep_8w_500ms,3,3,[3],0,84,3,"{""1"": 93, ""2"": 79, ""3"": 98, ""4"": 84}",False,30.0,-50.0,3.0,45.0,9.0,0.0225,39.0,28.5,38.0,21.0,11.0,6.0,0.0,0.0,104.0,68.0,14.0,7.0,22.0,1.0,1.0,2.0,2.0,1.0,0.0,0.0,0.0,56.0,56.0,0.6575,0.6666666666666666,0.0224,0.0224,0.165,0.75,0.25,0.75,0.85,1.0,0.6666666666666667,0.47607655502392343,0.0
20260628_155937_2ee7d04a,20260628_155937_2ee7d04a_g0011,11,943168173,7,64,64,64,1,1,RED,pool_heuristic,0,3,[3],0,93,2,"{""1"": 93, ""2"": 79, ""3"": 98, ""4"": 84}",False,20.0,-65.0,0.0,53.0,9.0,0.0225,15.0,13.0,16.0,11.0,2.0,3.0,0.0,0.0,52.0,36.0,16.0,5.0,14.0,1.0,1.0,1.0,2.0,0.0,0.0,0.0,0.0,64.0,64.0,0.7175,0.7619047619047619,0.0256,0.0256,0.185,0.8409090909090909,0.1590909090909091,0.5,0.6666666666666666,0.8,0.7083333333333333,0.4964438122332858,0.0
20260628_155937_2ee7d04a,20260628_155937_2ee7d04a_g0011,11,943168173,7,64,64,64,1,2,BLUE,sweep_1w_500ms,1,3,[3],0,79,4,"{""1"": 93, ""2"": 79, ""3"": 98, ""4"": 84}",False,27.0,-51.0,2.0,56.0,9.0,0.0225,8.0,4.0,9.0,0.0,6.0,3.0,0.0,0.0,59.0,36.0,16.0,5.0,19.0,0.0,1.0,1.0,1.0,2.0,0.0,0.0,0.0,64.0,64.0,0.7175,0.7619047619047619,0.0256,0.0256,0.1725,0.7840909090909091,0.2159090909090909,0.675,0.6166666666666667,1.0,0.65,0.4813119755911518,0.0
20260628_155937_2ee7d04a,20260628_155937_2ee7d04a_g0011,11,943168173,7,64,64,64,1,3,YELLOW,sweep_4w_500ms,2,3,[3],1,98,1,"{""1"": 93, ""2"": 79, ""3"": 98, ""4"": 84}",False,30.0,-45.0,0.0,58.0,9.0,0.0225,23.0,21.25,23.75,20.0,0.0,3.75,0.0,0.0,44.0,53.75,16.0,5.0,16.0,1.0,0.0,2.0,1.0,1.0,0.0,0.0,0.0,64.0,64.0,0.7175,0.7619047619047619,0.0256,0.0256,0.18,0.8181818181818182,0.18181818181818182,0.75,0.5333333333333333,1.0,0.625,0.5043859649122807,0.0
20260628_155937_2ee7d04a,20260628_155937_2ee7d04a_g0011,11,943168173,7,64,64,64,1,4,GREEN,sweep_8w_500ms,3,3,[3],0,84,3,"{""1"": 93, ""2"": 79, ""3"": 98, ""4"": 84}",False,28.0,-49.0,2.0,56.0,9.0,0.0225,21.0,18.5,21.0,16.0,5.0,0.0,0.0,0.0,46.0,49.0,16.0,5.0,16.0,1.0,1.0,0.0,2.0,1.0,0.0,0.0,0.0,64.0,64.0,0.7175,0.7619047619047619,0.0256,0.0256,0.18,0.8181818181818182,0.18181818181818182,0.7,0.6833333333333333,1.0,0.6416666666666667,0.4758771929824561,0.0
20260628_155937_2ee7d04a,20260628_155937_2ee7d04a_g0012,12,1855161822,0,8,8,8,1,1,RED,sweep_1w_500ms,0,2,[2],0,104,2,"{""1"": 104, ""2"": 110, ""3"": 78, ""4"": 74}",False,8.0,-16.0,9.0,0.0,0.0,0.0,461.0,104.0,420.75,8.0,12.0,33.75,107.0,260.0,1394.0,428.75,2.0,19.0,79.0,1.0,1.0,2.0,5.0,10.0,1.0,1.0,0.0,8.0,8.0,0.0975,0.09523809523809523,0.0032,0.0032,0.0225,0.10227272727272728,0.8977272727272727,0.2,1.0,1.0,0.2,0.21052631578947367,0.0
20260628_155937_2ee7d04a,20260628_155937_2ee7d04a_g0012,12,1855161822,0,8,8,8,1,2,BLUE,sweep_4w_500ms,1,2,[2],1,110,1,"{""1"": 104, ""2"": 110, ""3"": 78, ""4"": 74}",False,9.0,-14.0,9.0,0.0,0.0,0.0,578.0,141.875,572.875,9.0,16.0,46.5,182.0,319.375,1277.0,581.875,2.0,19.0,78.0,1.0,1.0,2.0,6.0,9.0,1.0,0.0,1.0,8.0,8.0,0.0975,0.09523809523809523,0.0032,0.0032,0.025,0.11363636363636363,0.8863636363636364,0.225,1.0,1.0,0.19166666666666668,0.2578947368421053,0.0
20260628_155937_2ee7d04a,20260628_155937_2ee7d04a_g0012,12,1855161822,0,8,8,8,1,3,YELLOW,sweep_8w_500ms,2,2,[2],0,78,3,"{""1"": 104, ""2"": 110, ""3"": 78, ""4"": 74}",False,8.0,-16.0,9.0,0.0,0.0,0.0,404.0,96.125,382.0,8.0,11.0,30.75,118.5,213.75,1451.0,390.0,2.0,19.0,78.0,1.0,1.0,2.0,6.0,9.0,1.0,1.0,0.0,8.0,8.0,0.0975,0.09523809523809523,0.0032,0.0032,0.025,0.11363636363636363,0.8863636363636364,0.2,1.0,1.0,0.2,0.20526315789473681,0.0
20260628_155937_2ee7d04a,20260628_155937_2ee7d04a_g0012,12,1855161822,0,8,8,8,1,4,GREEN,pool_heuristic,3,2,[2],0,74,4,"{""1"": 104, ""2"": 110, ""3"": 78, ""4"": 74}",False,7.0,-18.0,9.0,0.0,0.0,0.0,412.0,106.625,430.125,7.0,12.0,34.5,136.0,240.625,1443.0,437.125,2.0,19.0,78.0,1.0,1.0,2.0,6.0,9.0,1.0,1.0,1.0,8.0,8.0,0.0975,0.09523809523809523,0.0032,0.0032,0.025,0.11363636363636363,0.8863636363636364,0.175,1.0,1.0,0.20833333333333334,0.2315789473684211,0.0
20260628_155937_2ee7d04a,20260628_155937_2ee7d04a_g0012,12,1855161822,1,16,16,16,1,1,RED,sweep_1w_500ms,0,2,[2],0,104,2,"{""1"": 104, ""2"": 110, ""3"": 78, ""4"": 74}",False,17.0,-27.0,1.0,0.0,0.0,0.0,815.0,196.125,761.25,17.0,28.0,77.25,231.5,407.5,1873.0,778.25,4.0,17.0,69.0,1.0,1.0,2.0,5.0,8.0,1.0,0.0,0.0,16.0,16.0,0.1975,0.19047619047619047,0.0064,0.0064,0.0475,0.2159090909090909,0.7840909090909091,0.425,1.0,1.0,0.36666666666666664,0.47645429362880887,0.0
20260628_155937_2ee7d04a,20260628_155937_2ee7d04a_g0012,12,1855161822,1,16,16,16,1,2,BLUE,sweep_4w_500ms,1,2,[2],1,110,1,"{""1"": 104, ""2"": 110, ""3"": 78, ""4"": 74}",False,17.0,-27.0,2.0,0.0,0.0,0.0,731.0,186.375,701.75,17.0,29.0,75.0,274.5,306.25,1957.0,718.75,4.0,17.0,68.0,1.0,1.0,2.0,6.0,7.0,1.0,0.0,0.0,16.0,16.0,0.1975,0.19047619047619047,0.0064,0.0064,0.05,0.22727272727272727,0.7727272727272727,0.425,1.0,1.0,0.36666666666666664,0.4526315789473684,0.0
20260628_155937_2ee7d04a,20260628_155937_2ee7d04a_g0012,12,1855161822,1,16,16,16,1,3,YELLOW,sweep_8w_500ms,2,2,[2],0,78,3,"{""1"": 104, ""2"": 110, ""3"": 78, ""4"": 74}",False,14.0,-33.0,2.0,2.0,0.0,0.0,668.0,167.25,643.125,14.0,23.0,63.75,240.5,301.875,2020.0,657.125,4.0,17.0,68.0,1.0,1.0,2.0,6.0,7.0,1.0,0.0,0.0,16.0,16.0,0.1975,0.19047619047619047,0.0064,0.0064,0.05,0.22727272727272727,0.7727272727272727,0.35,1.0,1.0,0.39166666666666666,0.4473684210526315,0.0
20260628_155937_2ee7d04a,20260628_155937_2ee7d04a_g0012,12,1855161822,1,16,16,16,1,4,GREEN,pool_heuristic,3,2,[2],0,74,4,"{""1"": 104, ""2"": 110, ""3"": 78, ""4"": 74}",False,13.0,-35.0,4.0,2.0,0.0,0.0,474.0,134.625,511.0,12.0,20.0,52.5,196.5,230.0,2214.0,524.0,4.0,17.0,68.0,1.0,1.0,2.0,6.0,7.0,1.0,1.0,1.0,16.0,16.0,0.1975,0.19047619047619047,0.0064,0.0064,0.05,0.22727272727272727,0.7727272727272727,0.325,1.0,1.0,0.4,0.4342105263157895,0.0
20260628_155937_2ee7d04a,20260628_155937_2ee7d04a_g0012,12,1855161822,2,24,24,24,1,1,RED,sweep_1w_500ms,0,2,[2],0,104,2,"{""1"": 104, ""2"": 110, ""3"": 78, ""4"": 74}",False,20.0,-37.0,0.0,10.0,4.0,0.01,446.0,118.375,419.125,17.0,21.0,54.0,149.0,178.125,1280.0,439.125,6.0,15.0,59.0,1.0,1.0,2.0,5.0,6.0,1.0,0.0,0.0,24.0,24.0,0.295,0.2857142857142857,0.0096,0.0096,0.0725,0.32954545454545453,0.6704545454545454,0.5,1.0,1.0,0.475,0.5789473684210527,0.0
20260628_155937_2ee7d04a,20260628_155937_2ee7d04a_g0012,12,1855161822,2,24,24,24,1,2,BLUE,sweep_4w_500ms,1,2,[2],1,110,1,"{""1"": 104, ""2"": 110, ""3"": 78, ""4"": 74}",False,22.0,-33.0,2.0,8.0,4.0,0.01,623.0,172.375,621.0,20.0,32.0,83.25,229.5,256.25,1103.0,643.0,6.0,15.0,59.0,1.0,1.0,2.0,5.0,6.0,1.0,0.0,0.0,24.0,24.0,0.295,0.2857142857142857,0.0096,0.0096,0.0725,0.32954545454545453,0.6704545454545454,0.55,1.0,1.0,0.4583333333333333,0.5390199637023594,0.0
20260628_155937_2ee7d04a,20260628_155937_2ee7d04a_g0012,12,1855161822,2,24,24,24,1,3,YELLOW,sweep_8w_500ms,2,2,[2],0,78,3,"{""1"": 104, ""2"": 110, ""3"": 78, ""4"": 74}",False,19.0,-39.0,1.0,9.0,4.0,0.01,195.0,63.75,197.5,16.0,14.0,26.25,75.0,66.25,1531.0,216.5,6.0,15.0,58.0,1.0,1.0,2.0,6.0,5.0,1.0,0.0,0.0,24.0,24.0,0.295,0.2857142857142857,0.0096,0.0096,0.075,0.3409090909090909,0.6590909090909091,0.475,1.0,1.0,0.4833333333333333,0.5210526315789474,0.0
20260628_155937_2ee7d04a,20260628_155937_2ee7d04a_g0012,12,1855161822,2,24,24,24,1,4,GREEN,pool_heuristic,3,2,[2],0,74,4,"{""1"": 104, ""2"": 110, ""3"": 78, ""4"": 74}",False,16.0,-45.0,4.0,6.0,4.0,0.01,462.0,130.75,484.875,13.0,20.0,54.75,201.5,195.625,1264.0,500.875,6.0,15.0,58.0,1.0,1.0,2.0,6.0,5.0,1.0,1.0,1.0,24.0,24.0,0.295,0.2857142857142857,0.0096,0.0096,0.075,0.3409090909090909,0.6590909090909091,0.4,1.0,1.0,0.5083333333333333,0.5070175438596491,0.0
20260628_155937_2ee7d04a,20260628_155937_2ee7d04a_g0012,12,1855161822,3,32,32,32,1,1,RED,sweep_1w_500ms,0,2,[2],0,104,2,"{""1"": 104, ""2"": 110, ""3"": 78, ""4"": 74}",False,26.0,-48.0,0.0,17.0,6.0,0.015,302.0,96.375,295.875,22.0,23.0,50.25,120.0,80.625,582.0,321.875,8.0,13.0,49.0,1.0,1.0,2.0,5.0,4.0,1.0,0.0,0.0,32.0,32.0,0.3925,0.38095238095238093,0.0128,0.0128,0.0975,0.4431818181818182,0.5568181818181818,0.65,1.0,1.0,0.6166666666666667,0.5654520917678811,0.0
20260628_155937_2ee7d04a,20260628_155937_2ee7d04a_g0012,12,1855161822,3,32,32,32,1,2,BLUE,sweep_4w_500ms,1,2,[2],1,110,1,"{""1"": 104, ""2"": 110, ""3"": 78, ""4"": 74}",False,27.0,-46.0,2.0,15.0,6.0,0.015,395.0,125.25,387.875,24.0,34.0,73.5,169.5,86.875,489.0,414.875,8.0,13.0,49.0,1.0,1.0,2.0,5.0,4.0,1.0,0.0,0.0,32.0,32.0,0.3925,0.38095238095238093,0.0128,0.0128,0.0975,0.4431818181818182,0.5568181818181818,0.675,1.0,1.0,0.6083333333333333,0.5276653171390013,0.0
20260628_155937_2ee7d04a,20260628_155937_2ee7d04a_g0012,12,1855161822,3,32,32,32,1,3,YELLOW,sweep_8w_500ms,2,2,[2],0,78,3,"{""1"": 104, ""2"": 110, ""3"": 78, ""4"": 74}",False,24.0,-52.0,1.0,14.0,6.0,0.015,77.0,41.0,85.875,21.0,13.0,15.0,22.5,14.375,807.0,109.875,8.0,13.0,49.0,1.0,1.0,2.0,5.0,4.0,1.0,0.0,0.0,32.0,32.0,0.3925,0.38095238095238093,0.0128,0.0128,0.0975,0.4431818181818182,0.5568181818181818,0.6,1.0,1.0,0.6333333333333333,0.49797570850202433,0.0
20260628_155937_2ee7d04a,20260628_155937_2ee7d04a_g0012,12,1855161822,3,32,32,32,1,4,GREEN,pool_heuristic,3,2,[2],0,74,4,"{""1"": 104, ""2"": 110, ""3"": 78, ""4"": 74}",False,23.0,-54.0,4.0,16.0,6.0,0.015,110.0,42.625,118.875,14.0,9.0,18.75,49.0,28.125,774.0,141.875,8.0,13.0,48.0,1.0,1.0,2.0,6.0,3.0,1.0,0.0,1.0,32.0,32.0,0.3925,0.38095238095238093,0.0128,0.0128,0.1,0.45454545454545453,0.5454545454545454,0.575,1.0,1.0,0.6416666666666667,0.47894736842105257,0.0
20260628_155937_2ee7d04a,20260628_155937_2ee7d04a_g0012,12,1855161822,4,40,40,40,1,1,RED,sweep_1w_500ms,0,2,[2],0,104,2,"{""1"": 104, ""2"": 110, ""3"": 78, ""4"": 74}",False,30.0,-54.0,0.0,24.0,10.0,0.025,155.0,64.0,163.5,24.0,17.0,32.25,54.0,36.25,311.0,193.5,10.0,11.0,40.0,1.0,1.0,2.0,4.0,3.0,1.0,0.0,0.0,40.0,40.0,0.4775,0.47619047619047616,0.016,0.016,0.12,0.5454545454545454,0.45454545454545453,0.75,1.0,1.0,0.7,0.5383771929824561,0.0
20260628_155937_2ee7d04a,20260628_155937_2ee7d04a_g0012,12,1855161822,4,40,40,40,1,2,BLUE,sweep_4w_500ms,1,2,[2],1,110,1,"{""1"": 104, ""2"": 110, ""3"": 78, ""4"": 74}",False,32.0,-50.0,2.0,28.0,10.0,0.025,197.0,74.875,194.25,23.0,28.0,45.75,62.5,35.0,269.0,226.25,10.0,11.0,40.0,1.0,1.0,2.0,4.0,3.0,0.0,0.0,0.0,40.0,40.0,0.4775,0.47619047619047616,0.016,0.016,0.12,0.5454545454545454,0.45454545454545453,0.8,1.0,1.0,0.6833333333333333,0.5120614035087718,0.0
20260628_155937_2ee7d04a,20260628_155937_2ee7d04a_g0012,12,1855161822,4,40,40,40,1,3,YELLOW,sweep_8w_500ms,2,2,[2],0,78,3,"{""1"": 104, ""2"": 110, ""3"": 78, ""4"": 74}",False,27.0,-60.0,1.0,20.0,10.0,0.025,54.0,33.875,64.25,23.0,0.0,13.5,16.5,11.25,412.0,91.25,10.0,11.0,43.0,1.0,0.0,2.0,4.0,4.0,1.0,0.0,0.0,40.0,40.0,0.4775,0.47619047619047616,0.016,0.016,0.1125,0.5113636363636364,0.48863636363636365,0.675,1.0,1.0,0.725,0.4923976608187135,0.0
20260628_155937_2ee7d04a,20260628_155937_2ee7d04a_g0012,12,1855161822,4,40,40,40,1,4,GREEN,pool_heuristic,3,2,[2],0,74,4,"{""1"": 104, ""2"": 110, ""3"": 78, ""4"": 74}",False,25.0,-64.0,4.0,29.0,10.0,0.025,60.0,31.875,62.0,17.0,11.0,12.0,19.5,2.5,406.0,87.0,10.0,11.0,38.0,1.0,1.0,2.0,6.0,1.0,1.0,0.0,0.0,40.0,40.0,0.4775,0.47619047619047616,0.016,0.016,0.125,0.5681818181818182,0.4318181818181818,0.625,1.0,1.0,0.7416666666666667,0.48842105263157887,0.0
20260628_155937_2ee7d04a,20260628_155937_2ee7d04a_g0012,12,1855161822,5,48,48,48,1,1,RED,sweep_1w_500ms,0,2,[2],0,104,2,"{""1"": 104, ""2"": 110, ""3"": 78, ""4"": 74}",False,33.0,-56.0,0.0,36.0,9.0,0.0225,78.0,39.75,84.5,20.0,11.0,18.75,21.0,13.75,176.0,117.5,12.0,9.0,31.0,1.0,1.0,2.0,3.0,2.0,1.0,0.0,0.0,48.0,48.0,0.57,0.5714285714285714,0.0192,0.0192,0.1425,0.6477272727272727,0.3522727272727273,0.825,1.0,1.0,0.7416666666666667,0.4958448753462603,0.0
20260628_155937_2ee7d04a,20260628_155937_2ee7d04a_g0012,12,1855161822,5,48,48,48,1,2,BLUE,sweep_4w_500ms,1,2,[2],1,110,1,"{""1"": 104, ""2"": 110, ""3"": 78, ""4"": 74}",False,34.0,-54.0,2.0,40.0,9.0,0.0225,95.0,46.75,96.0,21.0,20.0,26.25,25.0,3.75,159.0,130.0,12.0,9.0,30.0,1.0,1.0,2.0,4.0,1.0,0.0,0.0,0.0,48.0,48.0,0.57,0.5714285714285714,0.0192,0.0192,0.145,0.6590909090909091,0.3409090909090909,0.85,1.0,1.0,0.7333333333333333,0.49455535390199634,0.0
20260628_155937_2ee7d04a,20260628_155937_2ee7d04a_g0012,12,1855161822,5,48,48,48,1,3,YELLOW,sweep_8w_500ms,2,2,[2],0,78,3,"{""1"": 104, ""2"": 110, ""3"": 78, ""4"": 74}",False,27.0,-68.0,1.0,28.0,9.0,0.0225,46.0,31.75,55.75,23.0,0.0,12.0,12.0,8.75,208.0,82.75,12.0,9.0,34.0,1.0,0.0,2.0,3.0,3.0,0.0,0.0,0.0,48.0,48.0,0.57,0.5714285714285714,0.0192,0.0192,0.135,0.6136363636363636,0.38636363636363635,0.675,1.0,1.0,0.7916666666666667,0.4736842105263158,0.0
20260628_155937_2ee7d04a,20260628_155937_2ee7d04a_g0012,12,1855161822,5,48,48,48,1,4,GREEN,pool_heuristic,3,2,[2],0,74,4,"{""1"": 104, ""2"": 110, ""3"": 78, ""4"": 74}",False,28.0,-66.0,3.0,44.0,9.0,0.0225,35.0,25.375,35.25,18.0,10.0,6.75,0.5,0.0,219.0,63.25,12.0,9.0,29.0,1.0,1.0,2.0,5.0,0.0,0.0,0.0,0.0,48.0,48.0,0.57,0.5714285714285714,0.0192,0.0192,0.1475,0.6704545454545454,0.32954545454545453,0.7,1.0,0.8,0.7833333333333333,0.4995539696699375,0.0
20260628_155937_2ee7d04a,20260628_155937_2ee7d04a_g0012,12,1855161822,6,56,56,56,1,1,RED,sweep_1w_500ms,0,2,[2],0,104,2,"{""1"": 104, ""2"": 110, ""3"": 78, ""4"": 74}",False,34.0,-50.0,0.0,44.0,10.0,0.025,44.0,27.875,44.5,18.0,9.0,12.0,5.5,0.0,87.0,78.5,14.0,7.0,22.0,1.0,1.0,2.0,2.0,1.0,1.0,0.0,0.0,56.0,56.0,0.645,0.6666666666666666,0.0224,0.0224,0.165,0.75,0.25,0.85,1.0,1.0,0.7,0.49441786283891553,0.0
20260628_155937_2ee7d04a,20260628_155937_2ee7d04a_g0012,12,1855161822,6,56,56,56,1,2,BLUE,sweep_4w_500ms,1,2,[2],1,110,1,"{""1"": 104, ""2"": 110, ""3"": 78, ""4"": 74}",False,32.0,-54.0,2.0,49.0,10.0,0.025,52.0,29.625,52.5,16.0,13.0,15.0,8.5,0.0,79.0,84.5,14.0,7.0,21.0,1.0,1.0,2.0,3.0,0.0,0.0,0.0,0.0,56.0,56.0,0.645,0.6666666666666666,0.0224,0.0224,0.1675,0.7613636363636364,0.23863636363636365,0.8,1.0,0.8,0.7166666666666667,0.4595443833464258,0.0
20260628_155937_2ee7d04a,20260628_155937_2ee7d04a_g0012,12,1855161822,6,56,56,56,1,3,YELLOW,sweep_8w_500ms,2,2,[2],0,78,3,"{""1"": 104, ""2"": 110, ""3"": 78, ""4"": 74}",False,26.0,-66.0,1.0,35.0,10.0,0.025,16.0,4.75,16.75,0.0,0.0,9.0,4.0,3.75,115.0,42.75,14.0,7.0,29.0,0.0,0.0,2.0,2.0,3.0,0.0,0.0,0.0,56.0,56.0,0.645,0.6666666666666666,0.0224,0.0224,0.1475,0.6704545454545454,0.32954545454545453,0.65,0.7833333333333333,1.0,0.7666666666666667,0.495985727029438,0.0
20260628_155937_2ee7d04a,20260628_155937_2ee7d04a_g0012,12,1855161822,6,56,56,56,1,4,GREEN,pool_heuristic,3,2,[2],0,74,4,"{""1"": 104, ""2"": 110, ""3"": 78, ""4"": 74}",False,26.0,-66.0,3.0,52.0,10.0,0.025,19.0,16.0,19.5,13.0,5.0,1.5,0.0,0.0,112.0,45.5,14.0,7.0,22.0,1.0,1.0,1.0,4.0,0.0,0.0,0.0,0.0,56.0,56.0,0.645,0.6666666666666666,0.0224,0.0224,0.165,0.75,0.25,0.65,1.0,0.8,0.7666666666666667,0.49441786283891553,0.0
20260628_155937_2ee7d04a,20260628_155937_2ee7d04a_g0012,12,1855161822,7,64,64,64,1,1,RED,sweep_1w_500ms,0,2,[2],0,104,2,"{""1"": 104, ""2"": 110, ""3"": 78, ""4"": 74}",False,30.0,-49.0,0.0,49.0,15.0,0.0375,29.0,19.75,26.5,15.0,6.0,4.5,1.0,0.0,30.0,56.5,16.0,5.0,15.0,1.0,1.0,1.0,1.0,1.0,1.0,0.0,0.0,64.0,64.0,0.705,0.7619047619047619,0.0256,0.0256,0.1825,0.8295454545454546,0.17045454545454544,0.75,0.9833333333333333,1.0,0.6583333333333333,0.48089401586157177,0.0
20260628_155937_2ee7d04a,20260628_155937_2ee7d04a_g0012,12,1855161822,7,64,64,64,1,2,BLUE,sweep_4w_500ms,1,2,[2],1,110,1,"{""1"": 104, ""2"": 110, ""3"": 78, ""4"": 74}",False,34.0,-41.0,2.0,57.0,15.0,0.0375,29.0,22.25,34.25,17.0,0.0,11.25,6.0,0.0,30.0,68.25,16.0,5.0,15.0,1.0,0.0,2.0,2.0,0.0,0.0,0.0,0.0,64.0,64.0,0.705,0.7619047619047619,0.0256,0.0256,0.1825,0.8295454545454546,0.17045454545454544,0.85,1.0,0.8,0.625,0.46142754145638065,0.0
20260628_155937_2ee7d04a,20260628_155937_2ee7d04a_g0012,12,1855161822,7,64,64,64,1,3,YELLOW,sweep_8w_500ms,2,2,[2],0,78,3,"{""1"": 104, ""2"": 110, ""3"": 78, ""4"": 74}",False,20.0,-69.0,1.0,44.0,15.0,0.0375,0.0,0.0,0.0,0.0,0.0,0.0,0.0,0.0,59.0,20.0,16.0,5.0,21.0,0.0,0.0,1.0,2.0,2.0,0.0,0.0,0.0,64.0,64.0,0.705,0.7619047619047619,0.0256,0.0256,0.1675,0.7613636363636364,0.23863636363636365,0.5,0.5,1.0,0.7416666666666667,0.48075412411626084,0.0
20260628_155937_2ee7d04a,20260628_155937_2ee7d04a_g0012,12,1855161822,7,64,64,64,1,4,GREEN,pool_heuristic,3,2,[2],0,74,4,"{""1"": 104, ""2"": 110, ""3"": 78, ""4"": 74}",False,25.0,-59.0,3.0,58.0,15.0,0.0375,1.0,0.5,1.5,0.0,0.0,1.5,0.0,0.0,58.0,26.5,16.0,5.0,19.0,0.0,0.0,1.0,4.0,0.0,0.0,0.0,0.0,64.0,64.0,0.705,0.7619047619047619,0.0256,0.0256,0.1725,0.7840909090909091,0.2159090909090909,0.625,0.8833333333333333,0.8,0.7,0.49656750572082375,0.0
20260628_155937_2ee7d04a,20260628_155937_2ee7d04a_g0013,13,1937887573,0,8,8,8,1,1,RED,sweep_4w_500ms,0,2,[2],0,100,2,"{""1"": 100, ""2"": 114, ""3"": 74, ""4"": 93}",False,8.0,-15.0,9.0,0.0,0.0,0.0,453.0,112.125,449.5,8.0,13.0,36.75,140.5,251.25,1253.0,457.5,2.0,19.0,78.0,1.0,1.0,2.0,6.0,9.0,1.0,0.0,1.0,8.0,8.0,0.0975,0.09523809523809523,0.0032,0.0032,0.025,0.11363636363636363,0.8863636363636364,0.2,1.0,1.0,0.19166666666666668,0.2315789473684211,0.0
20260628_155937_2ee7d04a,20260628_155937_2ee7d04a_g0013,13,1937887573,0,8,8,8,1,2,BLUE,sweep_8w_500ms,1,2,[2],1,114,1,"{""1"": 100, ""2"": 114, ""3"": 74, ""4"": 93}",False,8.0,-15.0,9.0,0.0,0.0,0.0,404.0,96.125,382.0,8.0,11.0,30.75,118.5,213.75,1302.0,390.0,2.0,19.0,78.0,1.0,1.0,2.0,6.0,9.0,1.0,1.0,0.0,8.0,8.0,0.0975,0.09523809523809523,0.0032,0.0032,0.025,0.11363636363636363,0.8863636363636364,0.2,1.0,1.0,0.19166666666666668,0.20526315789473681,0.0
20260628_155937_2ee7d04a,20260628_155937_2ee7d04a_g0013,13,1937887573,0,8,8,8,1,3,YELLOW,pool_heuristic,2,2,[2],0,74,4,"{""1"": 100, ""2"": 114, ""3"": 74, ""4"": 93}",False,7.0,-17.0,9.0,0.0,0.0,0.0,473.0,110.5,447.875,7.0,12.0,35.25,140.5,253.125,1233.0,454.875,2.0,19.0,78.0,1.0,1.0,2.0,6.0,9.0,1.0,0.0,1.0,8.0,8.0,0.0975,0.09523809523809523,0.0032,0.0032,0.025,0.11363636363636363,0.8863636363636364,0.175,1.0,1.0,0.2,0.2421052631578947,0.0
20260628_155937_2ee7d04a,20260628_155937_2ee7d04a_g0013,13,1937887573,0,8,8,8,1,4,GREEN,sweep_1w_500ms,3,2,[2],0,93,3,"{""1"": 100, ""2"": 114, ""3"": 74, ""4"": 93}",False,8.0,-15.0,9.0,0.0,0.0,0.0,376.0,93.25,375.0,8.0,11.0,29.25,93.0,233.75,1330.0,383.0,2.0,19.0,79.0,1.0,1.0,2.0,5.0,10.0,1.0,1.0,1.0,8.0,8.0,0.0975,0.09523809523809523,0.0032,0.0032,0.0225,0.10227272727272728,0.8977272727272727,0.2,1.0,1.0,0.19166666666666668,0.21637426900584789,0.0
20260628_155937_2ee7d04a,20260628_155937_2ee7d04a_g0013,13,1937887573,1,16,16,16,1,1,RED,sweep_4w_500ms,0,2,[2],0,100,2,"{""1"": 100, ""2"": 114, ""3"": 74, ""4"": 93}",False,16.0,-28.0,1.0,4.0,0.0,0.0,802.0,190.5,734.625,16.0,26.0,72.0,267.5,353.125,1839.0,750.625,4.0,17.0,68.0,1.0,1.0,2.0,6.0,7.0,1.0,0.0,0.0,16.0,16.0,0.1975,0.19047619047619047,0.0064,0.0064,0.05,0.22727272727272727,0.7727272727272727,0.4,1.0,1.0,0.36666666666666664,0.4894736842105264,0.0
20260628_155937_2ee7d04a,20260628_155937_2ee7d04a_g0013,13,1937887573,1,16,16,16,1,2,BLUE,sweep_8w_500ms,1,2,[2],1,114,1,"{""1"": 100, ""2"": 114, ""3"": 74, ""4"": 93}",False,16.0,-28.0,2.0,3.0,0.0,0.0,762.0,190.625,737.375,16.0,25.0,71.25,267.0,358.125,1879.0,753.375,4.0,17.0,68.0,1.0,1.0,2.0,6.0,7.0,1.0,0.0,0.0,16.0,16.0,0.1975,0.19047619047619047,0.0064,0.0064,0.05,0.22727272727272727,0.7727272727272727,0.4,1.0,1.0,0.36666666666666664,0.4447368421052631,0.0
20260628_155937_2ee7d04a,20260628_155937_2ee7d04a_g0013,13,1937887573,1,16,16,16,1,3,YELLOW,pool_heuristic,2,2,[2],0,74,4,"{""1"": 100, ""2"": 114, ""3"": 74, ""4"": 93}",False,12.0,-36.0,5.0,0.0,0.0,0.0,466.0,122.625,465.875,12.0,17.0,45.75,173.0,218.125,2175.0,477.875,4.0,17.0,68.0,1.0,1.0,2.0,6.0,7.0,1.0,0.0,1.0,16.0,16.0,0.1975,0.19047619047619047,0.0064,0.0064,0.05,0.22727272727272727,0.7727272727272727,0.3,1.0,1.0,0.4,0.4263157894736842,0.0
20260628_155937_2ee7d04a,20260628_155937_2ee7d04a_g0013,13,1937887573,1,16,16,16,1,4,GREEN,sweep_1w_500ms,3,2,[2],0,93,3,"{""1"": 100, ""2"": 114, ""3"": 74, ""4"": 93}",False,16.0,-28.0,2.0,0.0,0.0,0.0,611.0,148.375,565.5,16.0,22.0,56.25,167.5,303.75,2030.0,581.5,4.0,17.0,69.0,1.0,1.0,2.0,5.0,8.0,1.0,0.0,0.0,16.0,16.0,0.1975,0.19047619047619047,0.0064,0.0064,0.0475,0.2159090909090909,0.7840909090909091,0.4,1.0,1.0,0.36666666666666664,0.445983379501385,0.0
20260628_155937_2ee7d04a,20260628_155937_2ee7d04a_g0013,13,1937887573,2,24,24,24,1,1,RED,sweep_4w_500ms,0,2,[2],0,100,2,"{""1"": 100, ""2"": 114, ""3"": 74, ""4"": 93}",False,22.0,-37.0,1.0,12.0,3.0,0.0075,530.0,146.75,528.75,17.0,25.0,65.25,224.0,197.5,1181.0,550.75,6.0,15.0,58.0,1.0,1.0,2.0,6.0,5.0,1.0,0.0,0.0,24.0,24.0,0.2975,0.2857142857142857,0.0096,0.0096,0.075,0.3409090909090909,0.6590909090909091,0.55,1.0,1.0,0.4916666666666667,0.5859649122807018,0.0
20260628_155937_2ee7d04a,20260628_155937_2ee7d04a_g0013,13,1937887573,2,24,24,24,1,2,BLUE,sweep_8w_500ms,1,2,[2],1,114,1,"{""1"": 100, ""2"": 114, ""3"": 74, ""4"": 93}",False,20.0,-41.0,0.0,10.0,3.0,0.0075,520.0,142.5,514.375,17.0,24.0,60.75,214.5,198.125,1191.0,534.375,6.0,15.0,58.0,1.0,1.0,2.0,6.0,5.0,1.0,0.0,0.0,24.0,24.0,0.2975,0.2857142857142857,0.0096,0.0096,0.075,0.3409090909090909,0.6590909090909091,0.5,1.0,1.0,0.5083333333333333,0.5666666666666667,0.0
20260628_155937_2ee7d04a,20260628_155937_2ee7d04a_g0013,13,1937887573,2,24,24,24,1,3,YELLOW,pool_heuristic,2,2,[2],0,74,4,"{""1"": 100, ""2"": 114, ""3"": 74, ""4"": 93}",False,19.0,-43.0,3.0,8.0,3.0,0.0075,341.0,107.125,360.75,17.0,23.0,48.75,159.5,112.5,1370.0,379.75,6.0,15.0,58.0,1.0,1.0,2.0,6.0,5.0,1.0,0.0,1.0,24.0,24.0,0.2975,0.2857142857142857,0.0096,0.0096,0.075,0.3409090909090909,0.6590909090909091,0.475,1.0,1.0,0.5166666666666667,0.48070175438596485,0.0
20260628_155937_2ee7d04a,20260628_155937_2ee7d04a_g0013,13,1937887573,2,24,24,24,1,4,GREEN,sweep_1w_500ms,3,2,[2],0,93,3,"{""1"": 100, ""2"": 114, ""3"": 74, ""4"": 93}",False,20.0,-41.0,2.0,10.0,3.0,0.0075,320.0,92.75,308.625,18.0,20.0,40.5,104.5,125.625,1391.0,328.625,6.0,15.0,59.0,1.0,1.0,2.0,5.0,6.0,1.0,0.0,0.0,24.0,24.0,0.2975,0.2857142857142857,0.0096,0.0096,0.0725,0.32954545454545453,0.6704545454545454,0.5,1.0,1.0,0.5083333333333333,0.5081669691470054,0.0
20260628_155937_2ee7d04a,20260628_155937_2ee7d04a_g0013,13,1937887573,3,32,32,32,1,1,RED,sweep_4w_500ms,0,2,[2],0,100,2,"{""1"": 100, ""2"": 114, ""3"": 74, ""4"": 93}",False,26.0,-46.0,1.0,20.0,7.0,0.0175,386.0,120.5,405.875,19.0,25.0,61.5,168.5,131.875,649.0,431.875,8.0,13.0,49.0,1.0,1.0,2.0,5.0,4.0,1.0,0.0,0.0,32.0,32.0,0.39,0.38095238095238093,0.0128,0.0128,0.0975,0.4431818181818182,0.5568181818181818,0.65,1.0,1.0,0.6,0.6099865047233468,0.0
20260628_155937_2ee7d04a,20260628_155937_2ee7d04a_g0013,13,1937887573,3,32,32,32,1,2,BLUE,sweep_8w_500ms,1,2,[2],1,114,1,"{""1"": 100, ""2"": 114, ""3"": 74, ""4"": 93}",False,24.0,-50.0,0.0,20.0,7.0,0.0175,397.0,115.125,387.25,18.0,25.0,58.5,159.5,126.25,638.0,411.25,8.0,13.0,49.0,1.0,1.0,2.0,5.0,4.0,0.0,0.0,0.0,32.0,32.0,0.39,0.38095238095238093,0.0128,0.0128,0.0975,0.4431818181818182,0.5568181818181818,0.6,1.0,1.0,0.6166666666666667,0.562753036437247,0.0
20260628_155937_2ee7d04a,20260628_155937_2ee7d04a_g0013,13,1937887573,3,32,32,32,1,3,YELLOW,pool_heuristic,2,2,[2],0,74,4,"{""1"": 100, ""2"": 114, ""3"": 74, ""4"": 93}",False,22.0,-54.0,3.0,12.0,7.0,0.0175,79.0,36.875,81.0,18.0,11.0,13.5,23.5,15.0,956.0,103.0,8.0,13.0,49.0,1.0,1.0,2.0,5.0,4.0,1.0,0.0,1.0,32.0,32.0,0.39,0.38095238095238093,0.0128,0.0128,0.0975,0.4431818181818182,0.5568181818181818,0.55,1.0,1.0,0.6333333333333333,0.4736842105263158,0.0
20260628_155937_2ee7d04a,20260628_155937_2ee7d04a_g0013,13,1937887573,3,32,32,32,1,4,GREEN,sweep_1w_500ms,3,2,[2],0,93,3,"{""1"": 100, ""2"": 114, ""3"": 74, ""4"": 93}",False,26.0,-46.0,2.0,15.0,7.0,0.0175,173.0,69.25,176.0,24.0,24.0,36.0,57.0,35.0,862.0,202.0,8.0,13.0,49.0,1.0,1.0,2.0,5.0,4.0,1.0,0.0,0.0,32.0,32.0,0.39,0.38095238095238093,0.0128,0.0128,0.0975,0.4431818181818182,0.5568181818181818,0.65,1.0,1.0,0.6,0.47638326585695,0.0
20260628_155937_2ee7d04a,20260628_155937_2ee7d04a_g0013,13,1937887573,4,40,40,40,1,1,RED,sweep_4w_500ms,0,2,[2],0,100,2,"{""1"": 100, ""2"": 114, ""3"": 74, ""4"": 93}",False,30.0,-48.0,1.0,28.0,10.0,0.025,272.0,91.125,277.375,21.0,22.0,52.5,105.0,76.875,411.0,307.375,10.0,11.0,40.0,1.0,1.0,2.0,4.0,3.0,1.0,0.0,0.0,40.0,40.0,0.48,0.47619047619047616,0.016,0.016,0.12,0.5454545454545454,0.45454545454545453,0.75,1.0,1.0,0.65,0.6096491228070176,0.0
20260628_155937_2ee7d04a,20260628_155937_2ee7d04a_g0013,13,1937887573,4,40,40,40,1,2,BLUE,sweep_8w_500ms,1,2,[2],1,114,1,"{""1"": 100, ""2"": 114, ""3"": 74, ""4"": 93}",False,28.0,-52.0,0.0,36.0,10.0,0.025,253.0,78.125,234.875,18.0,23.0,46.5,73.0,74.375,430.0,262.875,10.0,11.0,41.0,1.0,1.0,2.0,3.0,4.0,0.0,0.0,0.0,40.0,40.0,0.48,0.47619047619047616,0.016,0.016,0.1175,0.5340909090909091,0.4659090909090909,0.7,1.0,1.0,0.6666666666666667,0.5767077267637178,0.0
20260628_155937_2ee7d04a,20260628_155937_2ee7d04a_g0013,13,1937887573,4,40,40,40,1,3,YELLOW,pool_heuristic,2,2,[2],0,74,4,"{""1"": 100, ""2"": 114, ""3"": 74, ""4"": 93}",False,20.0,-68.0,3.0,25.0,10.0,0.025,32.0,21.625,32.75,16.0,5.0,3.75,5.5,2.5,651.0,52.75,10.0,11.0,39.0,1.0,1.0,2.0,5.0,2.0,0.0,0.0,1.0,40.0,40.0,0.48,0.47619047619047616,0.016,0.016,0.1225,0.5568181818181818,0.4431818181818182,0.5,1.0,1.0,0.7333333333333333,0.4264232008592911,0.0
20260628_155937_2ee7d04a,20260628_155937_2ee7d04a_g0013,13,1937887573,4,40,40,40,1,4,GREEN,sweep_1w_500ms,3,2,[2],0,93,3,"{""1"": 100, ""2"": 114, ""3"": 74, ""4"": 93}",False,30.0,-48.0,2.0,24.0,10.0,0.025,126.0,57.75,125.625,25.0,23.0,30.0,34.5,13.125,557.0,155.625,10.0,11.0,40.0,1.0,1.0,2.0,4.0,3.0,1.0,0.0,0.0,40.0,40.0,0.48,0.47619047619047616,0.016,0.016,0.12,0.5454545454545454,0.45454545454545453,0.75,1.0,1.0,0.65,0.462719298245614,0.0
20260628_155937_2ee7d04a,20260628_155937_2ee7d04a_g0013,13,1937887573,5,48,48,48,1,1,RED,sweep_4w_500ms,0,2,[2],0,100,2,"{""1"": 100, ""2"": 114, ""3"": 74, ""4"": 93}",False,32.0,-50.0,1.0,39.0,12.0,0.03,98.0,50.5,119.5,20.0,16.0,30.0,36.0,17.5,257.0,151.5,12.0,9.0,31.0,1.0,1.0,2.0,3.0,2.0,1.0,0.0,0.0,48.0,48.0,0.575,0.5714285714285714,0.0192,0.0192,0.1425,0.6477272727272727,0.3522727272727273,0.8,1.0,1.0,0.6833333333333333,0.592797783933518,0.0
20260628_155937_2ee7d04a,20260628_155937_2ee7d04a_g0013,13,1937887573,5,48,48,48,1,2,BLUE,sweep_8w_500ms,1,2,[2],1,114,1,"{""1"": 100, ""2"": 114, ""3"": 74, ""4"": 93}",False,32.0,-50.0,0.0,44.0,12.0,0.03,136.0,54.75,133.625,19.0,20.0,35.25,42.5,16.875,219.0,165.625,12.0,9.0,31.0,1.0,1.0,2.0,3.0,2.0,0.0,0.0,0.0,48.0,48.0,0.575,0.5714285714285714,0.0192,0.0192,0.1425,0.6477272727272727,0.3522727272727273,0.8,1.0,1.0,0.6833333333333333,0.5761772853185596,0.0
20260628_155937_2ee7d04a,20260628_155937_2ee7d04a_g0013,13,1937887573,5,48,48,48,1,3,YELLOW,pool_heuristic,2,2,[2],0,74,4,"{""1"": 100, ""2"": 114, ""3"": 74, ""4"": 93}",False,22.0,-70.0,3.0,37.0,12.0,0.03,32.0,21.5,32.75,16.0,4.0,5.25,5.0,2.5,323.0,54.75,12.0,9.0,30.0,1.0,1.0,2.0,4.0,1.0,0.0,0.0,0.0,48.0,48.0,0.575,0.5714285714285714,0.0192,0.0192,0.145,0.6590909090909091,0.3409090909090909,0.55,1.0,1.0,0.7666666666666667,0.44555353901996364,0.0
20260628_155937_2ee7d04a,20260628_155937_2ee7d04a_g0013,13,1937887573,5,48,48,48,1,4,GREEN,sweep_1w_500ms,3,2,[2],0,93,3,"{""1"": 100, ""2"": 114, ""3"": 74, ""4"": 93}",False,28.0,-58.0,0.0,41.0,12.0,0.03,89.0,45.5,93.25,21.0,19.0,22.5,27.0,3.75,266.0,121.25,12.0,9.0,30.0,1.0,1.0,2.0,4.0,1.0,1.0,0.0,0.0,48.0,48.0,0.575,0.5714285714285714,0.0192,0.0192,0.145,0.6590909090909091,0.3409090909090909,0.7,1.0,1.0,0.7166666666666667,0.5063520871143377,0.0
20260628_155937_2ee7d04a,20260628_155937_2ee7d04a_g0013,13,1937887573,6,56,56,56,1,1,RED,sweep_4w_500ms,0,2,[2],0,100,2,"{""1"": 100, ""2"": 114, ""3"": 74, ""4"": 93}",False,34.0,-42.0,1.0,50.0,23.0,0.0575,57.0,36.0,68.5,19.0,13.0,19.5,12.0,5.0,134.0,102.5,14.0,7.0,22.0,1.0,1.0,2.0,2.0,1.0,0.0,0.0,0.0,56.0,56.0,0.6625,0.6666666666666666,0.0224,0.0224,0.165,0.75,0.25,0.85,1.0,1.0,0.6333333333333333,0.543859649122807,0.0
20260628_155937_2ee7d04a,20260628_155937_2ee7d04a_g0013,13,1937887573,6,56,56,56,1,2,BLUE,sweep_8w_500ms,1,2,[2],1,114,1,"{""1"": 100, ""2"": 114, ""3"": 74, ""4"": 93}",False,33.0,-44.0,0.0,51.0,23.0,0.0575,69.0,38.0,79.75,17.0,15.0,20.25,25.0,2.5,122.0,112.75,14.0,7.0,22.0,1.0,1.0,2.0,2.0,1.0,0.0,0.0,0.0,56.0,56.0,0.6625,0.6666666666666666,0.0224,0.0224,0.165,0.75,0.25,0.825,1.0,1.0,0.6416666666666667,0.5454545454545454,0.0
20260628_155937_2ee7d04a,20260628_155937_2ee7d04a_g0013,13,1937887573,6,56,56,56,1,3,YELLOW,pool_heuristic,2,2,[2],0,74,4,"{""1"": 100, ""2"": 114, ""3"": 74, ""4"": 93}",False,20.0,-70.0,3.0,43.0,23.0,0.0575,13.0,12.5,13.0,12.0,1.0,0.0,0.0,0.0,178.0,33.0,14.0,7.0,22.0,1.0,1.0,2.0,2.0,1.0,0.0,0.0,0.0,56.0,56.0,0.6625,0.6666666666666666,0.0224,0.0224,0.165,0.75,0.25,0.5,0.6166666666666667,1.0,0.75,0.43301435406698563,0.0
20260628_155937_2ee7d04a,20260628_155937_2ee7d04a_g0013,13,1937887573,6,56,56,56,1,4,GREEN,sweep_1w_500ms,3,2,[2],0,93,3,"{""1"": 100, ""2"": 114, ""3"": 74, ""4"": 93}",False,23.0,-64.0,0.0,52.0,23.0,0.0575,52.0,28.875,59.25,13.0,12.0,15.75,18.5,0.0,139.0,82.25,14.0,7.0,21.0,1.0,1.0,2.0,3.0,0.0,0.0,0.0,0.0,56.0,56.0,0.6625,0.6666666666666666,0.0224,0.0224,0.1675,0.7613636363636364,0.23863636363636365,0.575,0.9333333333333333,0.8,0.725,0.5043205027494109,0.0
20260628_155937_2ee7d04a,20260628_155937_2ee7d04a_g0013,13,1937887573,7,64,64,64,1,1,RED,sweep_4w_500ms,0,2,[2],0,100,2,"{""1"": 100, ""2"": 114, ""3"": 74, ""4"": 93}",False,27.0,-42.0,1.0,56.0,31.0,0.0775,21.0,16.0,21.5,12.0,5.0,4.5,0.0,0.0,51.0,48.5,16.0,5.0,13.0,1.0,1.0,2.0,1.0,0.0,0.0,0.0,0.0,64.0,64.0,0.7275,0.7619047619047619,0.0256,0.0256,0.1875,0.8522727272727273,0.14772727272727273,0.675,0.8,0.8,0.575,0.52,0.0
20260628_155937_2ee7d04a,20260628_155937_2ee7d04a_g0013,13,1937887573,7,64,64,64,1,2,BLUE,sweep_8w_500ms,1,2,[2],1,114,1,"{""1"": 100, ""2"": 114, ""3"": 74, ""4"": 93}",False,31.0,-34.0,0.0,62.0,31.0,0.0775,43.0,26.5,49.5,14.0,10.0,13.5,12.0,0.0,29.0,80.5,16.0,5.0,13.0,1.0,1.0,2.0,1.0,0.0,0.0,0.0,0.0,64.0,64.0,0.7275,0.7619047619047619,0.0256,0.0256,0.1875,0.8522727272727273,0.14772727272727273,0.775,0.9666666666666667,0.8,0.5416666666666667,0.5185964912280702,0.0
20260628_155937_2ee7d04a,20260628_155937_2ee7d04a_g0013,13,1937887573,7,64,64,64,1,3,YELLOW,pool_heuristic,2,2,[2],0,74,4,"{""1"": 100, ""2"": 114, ""3"": 74, ""4"": 93}",False,17.0,-62.0,3.0,49.0,31.0,0.0775,0.0,0.0,0.0,0.0,0.0,0.0,0.0,0.0,72.0,17.0,16.0,5.0,19.0,0.0,0.0,2.0,2.0,1.0,0.0,0.0,0.0,64.0,64.0,0.7275,0.7619047619047619,0.0256,0.0256,0.1725,0.7840909090909091,0.2159090909090909,0.425,0.4166666666666667,1.0,0.6583333333333333,0.4309687261632341,0.0
20260628_155937_2ee7d04a,20260628_155937_2ee7d04a_g0013,13,1937887573,7,64,64,64,1,4,GREEN,sweep_1w_500ms,3,2,[2],0,93,3,"{""1"": 100, ""2"": 114, ""3"": 74, ""4"": 93}",False,21.0,-54.0,0.0,60.0,31.0,0.0775,8.0,3.75,8.75,0.0,5.0,3.75,0.0,0.0,64.0,29.75,16.0,5.0,16.0,0.0,1.0,2.0,2.0,0.0,0.0,0.0,0.0,64.0,64.0,0.7275,0.7619047619047619,0.0256,0.0256,0.18,0.8181818181818182,0.18181818181818182,0.525,0.4166666666666667,0.8,0.625,0.4970760233918129,0.0
20260628_155937_2ee7d04a,20260628_155937_2ee7d04a_g0014,14,207308786,0,8,8,8,1,1,RED,sweep_8w_500ms,0,1,[1],1,96,1,"{""1"": 96, ""2"": 75, ""3"": 72, ""4"": 93}",False,9.0,-14.0,9.0,0.0,0.0,0.0,543.0,122.625,488.75,9.0,15.0,41.25,153.5,270.0,1322.0,497.75,2.0,19.0,78.0,1.0,1.0,2.0,6.0,9.0,1.0,0.0,0.0,8.0,8.0,0.0975,0.09523809523809523,0.0032,0.0032,0.025,0.11363636363636363,0.8863636363636364,0.225,1.0,1.0,0.19166666666666668,0.23684210526315785,0.0
20260628_155937_2ee7d04a,20260628_155937_2ee7d04a_g0014,14,207308786,0,8,8,8,1,2,BLUE,pool_heuristic,1,1,[1],0,75,3,"{""1"": 96, ""2"": 75, ""3"": 72, ""4"": 93}",False,6.0,-20.0,9.0,0.0,0.0,0.0,253.0,66.125,262.625,6.0,7.0,20.25,80.0,149.375,1612.0,268.625,2.0,19.0,78.0,1.0,1.0,2.0,6.0,9.0,1.0,1.0,1.0,8.0,8.0,0.0975,0.09523809523809523,0.0032,0.0032,0.025,0.11363636363636363,0.8863636363636364,0.15,1.0,1.0,0.21666666666666665,0.21052631578947367,0.0
20260628_155937_2ee7d04a,20260628_155937_2ee7d04a_g0014,14,207308786,0,8,8,8,1,3,YELLOW,sweep_1w_500ms,2,1,[1],0,72,4,"{""1"": 96, ""2"": 75, ""3"": 72, ""4"": 93}",False,8.0,-16.0,9.0,0.0,0.0,0.0,526.0,122.5,500.25,8.0,14.0,40.5,129.0,308.75,1339.0,508.25,2.0,19.0,79.0,1.0,1.0,2.0,5.0,10.0,1.0,0.0,1.0,8.0,8.0,0.0975,0.09523809523809523,0.0032,0.0032,0.0225,0.10227272727272728,0.8977272727272727,0.2,1.0,1.0,0.2,0.23976608187134507,0.0
20260628_155937_2ee7d04a,20260628_155937_2ee7d04a_g0014,14,207308786,0,8,8,8,1,4,GREEN,sweep_4w_500ms,3,1,[1],0,93,2,"{""1"": 96, ""2"": 75, ""3"": 72, ""4"": 93}",False,9.0,-14.0,9.0,0.0,0.0,0.0,543.0,122.625,488.75,9.0,15.0,41.25,153.5,270.0,1322.0,497.75,2.0,19.0,78.0,1.0,1.0,2.0,6.0,9.0,1.0,0.0,0.0,8.0,8.0,0.0975,0.09523809523809523,0.0032,0.0032,0.025,0.11363636363636363,0.8863636363636364,0.225,1.0,1.0,0.19166666666666668,0.23684210526315785,0.0
20260628_155937_2ee7d04a,20260628_155937_2ee7d04a_g0014,14,207308786,1,16,16,16,1,1,RED,sweep_8w_500ms,0,1,[1],1,96,1,"{""1"": 96, ""2"": 75, ""3"": 72, ""4"": 93}",False,15.0,-32.0,2.0,2.0,2.0,0.005,542.0,137.625,518.0,13.0,21.0,55.5,198.5,230.0,2153.0,533.0,4.0,17.0,68.0,1.0,1.0,2.0,6.0,7.0,1.0,0.0,0.0,16.0,16.0,0.1975,0.19047619047619047,0.0064,0.0064,0.05,0.22727272727272727,0.7727272727272727,0.375,1.0,1.0,0.39166666666666666,0.46578947368421053,0.0
20260628_155937_2ee7d04a,20260628_155937_2ee7d04a_g0014,14,207308786,1,16,16,16,1,2,BLUE,pool_heuristic,1,1,[1],0,75,3,"{""1"": 96, ""2"": 75, ""3"": 72, ""4"": 93}",False,13.0,-36.0,3.0,0.0,2.0,0.005,437.0,118.375,437.875,13.0,19.0,47.25,168.0,190.625,2258.0,450.875,4.0,17.0,68.0,1.0,1.0,2.0,6.0,7.0,1.0,1.0,0.0,16.0,16.0,0.1975,0.19047619047619047,0.0064,0.0064,0.05,0.22727272727272727,0.7727272727272727,0.325,1.0,1.0,0.4083333333333333,0.40263157894736845,0.0
20260628_155937_2ee7d04a,20260628_155937_2ee7d04a_g0014,14,207308786,1,16,16,16,1,3,YELLOW,sweep_1w_500ms,2,1,[1],0,72,4,"{""1"": 96, ""2"": 75, ""3"": 72, ""4"": 93}",False,18.0,-26.0,3.0,0.0,2.0,0.005,1016.0,237.25,932.25,18.0,32.0,92.25,290.0,500.0,1679.0,950.25,4.0,17.0,69.0,1.0,1.0,2.0,5.0,8.0,1.0,0.0,0.0,16.0,16.0,0.1975,0.19047619047619047,0.0064,0.0064,0.0475,0.2159090909090909,0.7840909090909091,0.45,1.0,1.0,0.36666666666666664,0.48199445983379496,0.0
20260628_155937_2ee7d04a,20260628_155937_2ee7d04a_g0014,14,207308786,1,16,16,16,1,4,GREEN,sweep_4w_500ms,3,1,[1],0,93,2,"{""1"": 96, ""2"": 75, ""3"": 72, ""4"": 93}",False,16.0,-30.0,1.0,2.0,2.0,0.005,700.0,167.75,642.125,14.0,25.0,64.5,240.5,298.125,1995.0,658.125,4.0,17.0,68.0,1.0,1.0,2.0,6.0,7.0,1.0,0.0,0.0,16.0,16.0,0.1975,0.19047619047619047,0.0064,0.0064,0.05,0.22727272727272727,0.7727272727272727,0.4,1.0,1.0,0.38333333333333336,0.4894736842105264,0.0
20260628_155937_2ee7d04a,20260628_155937_2ee7d04a_g0014,14,207308786,2,24,24,24,1,1,RED,sweep_8w_500ms,0,1,[1],1,96,1,"{""1"": 96, ""2"": 75, ""3"": 72, ""4"": 93}",False,20.0,-39.0,2.0,8.0,9.0,0.0225,278.0,78.5,258.75,14.0,17.0,36.75,111.0,80.0,1442.0,278.75,6.0,15.0,58.0,1.0,1.0,2.0,6.0,5.0,0.0,0.0,0.0,24.0,24.0,0.2925,0.2857142857142857,0.0096,0.0096,0.075,0.3409090909090909,0.6590909090909091,0.5,1.0,1.0,0.4916666666666667,0.5210526315789474,0.0
20260628_155937_2ee7d04a,20260628_155937_2ee7d04a_g0014,14,207308786,2,24,24,24,1,2,BLUE,pool_heuristic,1,1,[1],0,75,3,"{""1"": 96, ""2"": 75, ""3"": 72, ""4"": 93}",False,16.0,-47.0,0.0,8.0,9.0,0.0225,182.0,60.875,181.125,15.0,16.0,30.0,77.0,43.125,1538.0,197.125,6.0,15.0,58.0,1.0,1.0,2.0,6.0,5.0,1.0,1.0,0.0,24.0,24.0,0.2925,0.2857142857142857,0.0096,0.0096,0.075,0.3409090909090909,0.6590909090909091,0.4,1.0,1.0,0.525,0.4964912280701754,0.0
20260628_155937_2ee7d04a,20260628_155937_2ee7d04a_g0014,14,207308786,2,24,24,24,1,3,YELLOW,sweep_1w_500ms,2,1,[1],0,72,4,"{""1"": 96, ""2"": 75, ""3"": 72, ""4"": 93}",False,22.0,-35.0,3.0,5.0,9.0,0.0225,795.0,192.625,716.125,21.0,34.0,90.75,206.0,364.375,925.0,738.125,6.0,15.0,60.0,1.0,1.0,2.0,4.0,7.0,0.0,0.0,0.0,24.0,24.0,0.2925,0.2857142857142857,0.0096,0.0096,0.07,0.3181818181818182,0.6818181818181818,0.55,1.0,1.0,0.475,0.513157894736842,0.0
20260628_155937_2ee7d04a,20260628_155937_2ee7d04a_g0014,14,207308786,2,24,24,24,1,4,GREEN,sweep_4w_500ms,3,1,[1],0,93,2,"{""1"": 96, ""2"": 75, ""3"": 72, ""4"": 93}",False,21.0,-37.0,1.0,5.0,9.0,0.0225,465.0,125.5,439.0,18.0,26.0,57.75,156.0,181.25,1255.0,460.0,6.0,15.0,59.0,1.0,1.0,2.0,5.0,6.0,1.0,0.0,0.0,24.0,24.0,0.2925,0.2857142857142857,0.0096,0.0096,0.0725,0.32954545454545453,0.6704545454545454,0.525,1.0,1.0,0.4833333333333333,0.5499092558983667,0.0
20260628_155937_2ee7d04a,20260628_155937_2ee7d04a_g0014,14,207308786,3,32,32,32,1,1,RED,sweep_8w_500ms,0,1,[1],1,96,1,"{""1"": 96, ""2"": 75, ""3"": 72, ""4"": 93}",False,23.0,-51.0,0.0,16.0,9.0,0.0225,153.0,52.375,149.875,15.0,14.0,24.75,58.0,38.125,998.0,172.875,8.0,13.0,49.0,1.0,1.0,2.0,5.0,4.0,0.0,0.0,0.0,32.0,32.0,0.385,0.38095238095238093,0.0128,0.0128,0.0975,0.4431818181818182,0.5568181818181818,0.575,1.0,1.0,0.6166666666666667,0.582995951417004,0.0
20260628_155937_2ee7d04a,20260628_155937_2ee7d04a_g0014,14,207308786,3,32,32,32,1,2,BLUE,pool_heuristic,1,1,[1],0,75,3,"{""1"": 96, ""2"": 75, ""3"": 72, ""4"": 93}",False,21.0,-55.0,0.0,14.0,9.0,0.0225,189.0,67.125,188.0,19.0,19.0,32.25,86.5,31.25,962.0,209.0,8.0,13.0,48.0,1.0,1.0,2.0,6.0,3.0,1.0,0.0,0.0,32.0,32.0,0.385,0.38095238095238093,0.0128,0.0128,0.1,0.45454545454545453,0.5454545454545454,0.525,1.0,1.0,0.6333333333333333,0.475,0.0
20260628_155937_2ee7d04a,20260628_155937_2ee7d04a_g0014,14,207308786,3,32,32,32,1,3,YELLOW,sweep_1w_500ms,2,1,[1],0,72,4,"{""1"": 96, ""2"": 75, ""3"": 72, ""4"": 93}",False,28.0,-41.0,2.0,12.0,9.0,0.0225,442.0,133.5,449.0,25.0,29.0,70.5,112.0,212.5,709.0,477.0,8.0,13.0,51.0,1.0,1.0,2.0,3.0,6.0,0.0,0.0,0.0,32.0,32.0,0.385,0.38095238095238093,0.0128,0.0128,0.0925,0.42045454545454547,0.5795454545454546,0.7,1.0,1.0,0.575,0.5448079658605974,0.0
20260628_155937_2ee7d04a,20260628_155937_2ee7d04a_g0014,14,207308786,3,32,32,32,1,4,GREEN,sweep_4w_500ms,3,1,[1],0,93,2,"{""1"": 96, ""2"": 75, ""3"": 72, ""4"": 93}",False,25.0,-47.0,1.0,15.0,9.0,0.0225,367.0,116.25,386.75,19.0,28.0,64.5,134.0,141.25,784.0,411.75,8.0,13.0,50.0,1.0,1.0,2.0,4.0,5.0,1.0,0.0,0.0,32.0,32.0,0.385,0.38095238095238093,0.0128,0.0128,0.095,0.4318181818181818,0.5681818181818182,0.625,1.0,1.0,0.6,0.5664819944598338,0.0
20260628_155937_2ee7d04a,20260628_155937_2ee7d04a_g0014,14,207308786,4,40,40,40,1,1,RED,sweep_8w_500ms,0,1,[1],1,96,1,"{""1"": 96, ""2"": 75, ""3"": 72, ""4"": 93}",False,24.0,-62.0,0.0,20.0,12.0,0.03,96.0,43.25,101.625,18.0,15.0,21.0,24.5,23.125,439.0,125.625,10.0,11.0,41.0,1.0,1.0,2.0,3.0,4.0,0.0,0.0,0.0,40.0,40.0,0.4725,0.47619047619047616,0.016,0.016,0.1175,0.5340909090909091,0.4659090909090909,0.6,1.0,1.0,0.7166666666666667,0.5599104143337066,0.0
20260628_155937_2ee7d04a,20260628_155937_2ee7d04a_g0014,14,207308786,4,40,40,40,1,2,BLUE,pool_heuristic,1,1,[1],0,75,3,"{""1"": 96, ""2"": 75, ""3"": 72, ""4"": 93}",False,25.0,-60.0,0.0,17.0,12.0,0.03,77.0,39.5,79.0,20.0,14.0,15.75,28.0,1.25,458.0,104.0,10.0,11.0,38.0,1.0,1.0,2.0,6.0,1.0,1.0,0.0,0.0,40.0,40.0,0.4725,0.47619047619047616,0.016,0.016,0.125,0.5681818181818182,0.4318181818181818,0.625,1.0,1.0,0.7083333333333333,0.46736842105263166,0.0
20260628_155937_2ee7d04a,20260628_155937_2ee7d04a_g0014,14,207308786,4,40,40,40,1,3,YELLOW,sweep_1w_500ms,2,1,[1],0,72,4,"{""1"": 96, ""2"": 75, ""3"": 72, ""4"": 93}",False,33.0,-44.0,2.0,23.0,12.0,0.03,181.0,74.875,205.875,27.0,22.0,19.5,58.0,79.375,354.0,238.875,10.0,11.0,43.0,1.0,1.0,1.0,3.0,5.0,0.0,0.0,0.0,40.0,40.0,0.4725,0.47619047619047616,0.016,0.016,0.1125,0.5113636363636364,0.48863636363636365,0.825,1.0,1.0,0.6416666666666667,0.4923976608187135,0.0
20260628_155937_2ee7d04a,20260628_155937_2ee7d04a_g0014,14,207308786,4,40,40,40,1,4,GREEN,sweep_4w_500ms,3,1,[1],0,93,2,"{""1"": 96, ""2"": 75, ""3"": 72, ""4"": 93}",False,28.0,-54.0,1.0,28.0,12.0,0.03,181.0,70.875,209.875,17.0,21.0,43.5,64.0,64.375,354.0,237.875,10.0,11.0,41.0,1.0,1.0,2.0,3.0,4.0,1.0,0.0,0.0,40.0,40.0,0.4725,0.47619047619047616,0.016,0.016,0.1175,0.5340909090909091,0.4659090909090909,0.7,1.0,1.0,0.6833333333333333,0.5655095184770437,0.0
20260628_155937_2ee7d04a,20260628_155937_2ee7d04a_g0014,14,207308786,5,48,48,48,1,1,RED,sweep_8w_500ms,0,1,[1],1,96,1,"{""1"": 96, ""2"": 75, ""3"": 72, ""4"": 93}",False,24.0,-57.0,0.0,30.0,17.0,0.0425,62.0,32.625,69.0,17.0,11.0,7.5,18.5,15.0,110.0,93.0,12.0,9.0,33.0,1.0,1.0,1.0,3.0,3.0,0.0,0.0,0.0,48.0,48.0,0.5625,0.5714285714285714,0.0192,0.0192,0.1375,0.625,0.375,0.6,0.9166666666666666,1.0,0.675,0.5674641148325359,0.0
20260628_155937_2ee7d04a,20260628_155937_2ee7d04a_g0014,14,207308786,5,48,48,48,1,2,BLUE,pool_heuristic,1,1,[1],0,75,3,"{""1"": 96, ""2"": 75, ""3"": 72, ""4"": 93}",False,22.0,-61.0,0.0,21.0,17.0,0.0425,31.0,22.875,31.75,17.0,7.0,5.25,2.5,0.0,141.0,53.75,12.0,9.0,30.0,1.0,1.0,2.0,4.0,1.0,1.0,0.0,0.0,48.0,48.0,0.5625,0.5714285714285714,0.0192,0.0192,0.145,0.6590909090909091,0.3409090909090909,0.55,1.0,1.0,0.6916666666666667,0.4646098003629764,0.0
20260628_155937_2ee7d04a,20260628_155937_2ee7d04a_g0014,14,207308786,5,48,48,48,1,3,YELLOW,sweep_1w_500ms,2,1,[1],0,72,4,"{""1"": 96, ""2"": 75, ""3"": 72, ""4"": 93}",False,35.0,-35.0,2.0,28.0,17.0,0.0425,50.0,37.75,58.75,26.0,13.0,4.5,14.0,1.25,122.0,93.75,12.0,9.0,33.0,1.0,1.0,1.0,3.0,3.0,0.0,0.0,0.0,48.0,48.0,0.5625,0.5714285714285714,0.0192,0.0192,0.1375,0.625,0.375,0.875,0.9833333333333333,1.0,0.5833333333333333,0.48038277511961724,0.0
20260628_155937_2ee7d04a,20260628_155937_2ee7d04a_g0014,14,207308786,5,48,48,48,1,4,GREEN,sweep_4w_500ms,3,1,[1],0,93,2,"{""1"": 96, ""2"": 75, ""3"": 72, ""4"": 93}",False,24.0,-57.0,1.0,40.0,17.0,0.0425,29.0,17.75,30.0,11.0,6.0,6.75,5.0,1.25,143.0,54.0,12.0,9.0,31.0,1.0,1.0,2.0,3.0,2.0,1.0,0.0,0.0,48.0,48.0,0.5625,0.5714285714285714,0.0192,0.0192,0.1425,0.6477272727272727,0.3522727272727273,0.6,1.0,1.0,0.675,0.5216989843028623,0.0
20260628_155937_2ee7d04a,20260628_155937_2ee7d04a_g0014,14,207308786,6,56,56,56,1,1,RED,sweep_8w_500ms,0,1,[1],1,96,1,"{""1"": 96, ""2"": 75, ""3"": 72, ""4"": 93}",False,24.0,-52.0,0.0,36.0,21.0,0.0525,44.0,26.25,53.5,17.0,0.0,7.5,19.0,10.0,46.0,77.5,14.0,7.0,26.0,1.0,0.0,1.0,3.0,2.0,0.0,0.0,0.0,56.0,56.0,0.63,0.6666666666666666,0.0224,0.0224,0.155,0.7045454545454546,0.29545454545454547,0.6,0.95,1.0,0.6333333333333333,0.5432937181663837,0.0
20260628_155937_2ee7d04a,20260628_155937_2ee7d04a_g0014,14,207308786,6,56,56,56,1,2,BLUE,pool_heuristic,1,1,[1],0,75,3,"{""1"": 96, ""2"": 75, ""3"": 72, ""4"": 93}",False,19.0,-62.0,0.0,39.0,21.0,0.0525,4.0,2.0,5.5,0.0,2.0,1.5,2.0,0.0,86.0,24.5,14.0,7.0,26.0,0.0,1.0,1.0,4.0,1.0,1.0,0.0,0.0,56.0,56.0,0.63,0.6666666666666666,0.0224,0.0224,0.155,0.7045454545454546,0.29545454545454547,0.475,0.8666666666666667,1.0,0.675,0.48302207130730057,0.0
20260628_155937_2ee7d04a,20260628_155937_2ee7d04a_g0014,14,207308786,6,56,56,56,1,3,YELLOW,sweep_1w_500ms,2,1,[1],0,72,4,"{""1"": 96, ""2"": 75, ""3"": 72, ""4"": 93}",False,33.0,-34.0,2.0,38.0,21.0,0.0525,29.0,25.5,29.0,22.0,7.0,0.0,0.0,0.0,61.0,62.0,14.0,7.0,24.0,1.0,1.0,1.0,2.0,2.0,0.0,0.0,0.0,56.0,56.0,0.63,0.6666666666666666,0.0224,0.0224,0.16,0.7272727272727273,0.2727272727272727,0.825,0.7833333333333333,1.0,0.5583333333333333,0.477796052631579,0.0
20260628_155937_2ee7d04a,20260628_155937_2ee7d04a_g0014,14,207308786,6,56,56,56,1,4,GREEN,sweep_4w_500ms,3,1,[1],0,93,2,"{""1"": 96, ""2"": 75, ""3"": 72, ""4"": 93}",False,24.0,-52.0,1.0,45.0,21.0,0.0525,13.0,11.25,12.75,10.0,2.0,0.75,0.0,0.0,77.0,36.75,14.0,7.0,24.0,1.0,1.0,1.0,2.0,2.0,1.0,0.0,0.0,56.0,56.0,0.63,0.6666666666666666,0.0224,0.0224,0.16,0.7272727272727273,0.2727272727272727,0.6,1.0,1.0,0.6333333333333333,0.5082236842105263,0.0
20260628_155937_2ee7d04a,20260628_155937_2ee7d04a_g0014,14,207308786,7,64,64,65,2,1,RED,sweep_8w_500ms,0,1,[1],1,96,1,"{""1"": 96, ""2"": 75, ""3"": 72, ""4"": 93}",False,18.0,-57.0,0.0,45.0,25.0,0.0625,10.0,10.0,10.0,10.0,0.0,0.0,0.0,0.0,8.0,28.0,17.0,4.0,12.0,1.0,0.0,1.0,2.0,0.0,0.0,0.0,0.0,64.0,65.0,0.6875,0.8095238095238095,0.026,0.0256,0.19,0.8636363636363636,0.13636363636363635,0.45,0.6666666666666666,0.8,0.625,0.5006925207756232,0.0
20260628_155937_2ee7d04a,20260628_155937_2ee7d04a_g0014,14,207308786,7,64,64,65,2,2,BLUE,pool_heuristic,1,1,[1],0,75,3,"{""1"": 96, ""2"": 75, ""3"": 72, ""4"": 93}",False,18.0,-57.0,0.0,49.0,25.0,0.0625,0.0,0.0,0.0,0.0,0.0,0.0,0.0,0.0,18.0,18.0,15.0,6.0,24.0,0.0,0.0,1.0,4.0,1.0,1.0,0.0,0.0,64.0,65.0,0.6875,0.7142857142857143,0.026,0.0256,0.16,0.7272727272727273,0.2727272727272727,0.45,0.5666666666666667,1.0,0.625,0.4901315789473685,0.0
20260628_155937_2ee7d04a,20260628_155937_2ee7d04a_g0014,14,207308786,7,64,64,65,2,3,YELLOW,sweep_1w_500ms,2,1,[1],0,72,4,"{""1"": 96, ""2"": 75, ""3"": 72, ""4"": 93}",False,33.0,-27.0,2.0,45.0,25.0,0.0625,0.0,0.0,0.0,0.0,0.0,0.0,0.0,0.0,18.0,33.0,16.0,5.0,21.0,0.0,0.0,1.0,2.0,2.0,0.0,0.0,0.0,64.0,65.0,0.6875,0.7619047619047619,0.026,0.0256,0.1675,0.7613636363636364,0.23863636363636365,0.825,0.6833333333333333,1.0,0.5,0.4815396700706992,0.0
20260628_155937_2ee7d04a,20260628_155937_2ee7d04a_g0014,14,207308786,7,64,64,65,2,4,GREEN,sweep_4w_500ms,3,1,[1],0,93,2,"{""1"": 96, ""2"": 75, ""3"": 72, ""4"": 93}",False,24.0,-45.0,1.0,51.0,25.0,0.0625,8.0,3.5,11.75,0.0,3.0,0.0,5.0,3.75,10.0,35.75,16.0,5.0,20.0,0.0,1.0,0.0,2.0,2.0,1.0,0.0,0.0,64.0,65.0,0.6875,0.7619047619047619,0.026,0.0256,0.17,0.7727272727272727,0.22727272727272727,0.6,0.95,1.0,0.575,0.5038699690402477,0.0
20260628_155937_2ee7d04a,20260628_155937_2ee7d04a_g0015,15,656397881,0,8,8,8,1,1,RED,pool_heuristic,0,3,[3],0,88,3,"{""1"": 88, ""2"": 91, ""3"": 94, ""4"": 84}",False,4.0,-20.0,8.0,0.0,0.0,0.0,296.0,69.25,285.0,4.0,7.0,20.25,85.0,168.75,1320.0,289.0,2.0,19.0,78.0,1.0,1.0,2.0,6.0,9.0,1.0,1.0,1.0,8.0,8.0,0.0975,0.09523809523809523,0.0032,0.0032,0.025,0.11363636363636363,0.8863636363636364,0.1,1.0,1.0,0.2,0.26315789473684215,0.0
20260628_155937_2ee7d04a,20260628_155937_2ee7d04a_g0015,15,656397881,0,8,8,8,1,2,BLUE,sweep_1w_500ms,1,3,[3],0,91,2,"{""1"": 88, ""2"": 91, ""3"": 94, ""4"": 84}",False,8.0,-12.0,9.0,0.0,0.0,0.0,512.0,119.5,486.75,8.0,14.0,39.75,125.0,300.0,1104.0,494.75,2.0,19.0,79.0,1.0,1.0,2.0,5.0,10.0,1.0,0.0,1.0,8.0,8.0,0.0975,0.09523809523809523,0.0032,0.0032,0.0225,0.10227272727272728,0.8977272727272727,0.2,1.0,1.0,0.16666666666666669,0.23976608187134507,0.0
20260628_155937_2ee7d04a,20260628_155937_2ee7d04a_g0015,15,656397881,0,8,8,8,1,3,YELLOW,sweep_4w_500ms,2,3,[3],1,94,1,"{""1"": 88, ""2"": 91, ""3"": 94, ""4"": 84}",False,8.0,-12.0,9.0,0.0,0.0,0.0,404.0,96.125,382.0,8.0,11.0,30.75,118.5,213.75,1212.0,390.0,2.0,19.0,78.0,1.0,1.0,2.0,6.0,9.0,1.0,1.0,0.0,8.0,8.0,0.0975,0.09523809523809523,0.0032,0.0032,0.025,0.11363636363636363,0.8863636363636364,0.2,1.0,1.0,0.16666666666666669,0.20526315789473681,0.0
20260628_155937_2ee7d04a,20260628_155937_2ee7d04a_g0015,15,656397881,0,8,8,8,1,4,GREEN,sweep_8w_500ms,3,3,[3],0,84,4,"{""1"": 88, ""2"": 91, ""3"": 94, ""4"": 84}",False,8.0,-12.0,9.0,0.0,0.0,0.0,404.0,96.125,382.0,8.0,11.0,30.75,118.5,213.75,1212.0,390.0,2.0,19.0,78.0,1.0,1.0,2.0,6.0,9.0,1.0,1.0,0.0,8.0,8.0,0.0975,0.09523809523809523,0.0032,0.0032,0.025,0.11363636363636363,0.8863636363636364,0.2,1.0,1.0,0.16666666666666669,0.20526315789473681,0.0
20260628_155937_2ee7d04a,20260628_155937_2ee7d04a_g0015,15,656397881,1,16,16,16,1,1,RED,pool_heuristic,0,3,[3],0,88,3,"{""1"": 88, ""2"": 91, ""3"": 94, ""4"": 84}",False,11.0,-36.0,0.0,3.0,0.0,0.0,405.0,106.125,405.25,10.0,15.0,39.75,145.5,195.0,1874.0,416.25,4.0,17.0,68.0,1.0,1.0,2.0,6.0,7.0,1.0,1.0,1.0,16.0,16.0,0.195,0.19047619047619047,0.0064,0.0064,0.05,0.22727272727272727,0.7727272727272727,0.275,1.0,1.0,0.39166666666666666,0.531578947368421,0.0
20260628_155937_2ee7d04a,20260628_155937_2ee7d04a_g0015,15,656397881,1,16,16,16,1,2,BLUE,sweep_1w_500ms,1,3,[3],0,91,2,"{""1"": 88, ""2"": 91, ""3"": 94, ""4"": 84}",False,18.0,-22.0,5.0,0.0,0.0,0.0,692.0,172.75,651.5,18.0,28.0,71.25,203.0,331.25,1587.0,669.5,4.0,17.0,69.0,1.0,1.0,2.0,5.0,8.0,1.0,0.0,0.0,16.0,16.0,0.195,0.19047619047619047,0.0064,0.0064,0.0475,0.2159090909090909,0.7840909090909091,0.45,1.0,1.0,0.33333333333333337,0.43213296398891965,0.0
20260628_155937_2ee7d04a,20260628_155937_2ee7d04a_g0015,15,656397881,1,16,16,16,1,3,YELLOW,sweep_4w_500ms,2,3,[3],1,94,1,"{""1"": 88, ""2"": 91, ""3"": 94, ""4"": 84}",False,15.0,-28.0,5.0,0.0,0.0,0.0,506.0,125.0,462.5,15.0,19.0,47.25,170.0,211.25,1773.0,477.5,4.0,17.0,68.0,1.0,1.0,2.0,6.0,7.0,1.0,0.0,0.0,16.0,16.0,0.195,0.19047619047619047,0.0064,0.0064,0.05,0.22727272727272727,0.7727272727272727,0.375,1.0,1.0,0.35833333333333334,0.3526315789473684,0.0
20260628_155937_2ee7d04a,20260628_155937_2ee7d04a_g0015,15,656397881,1,16,16,16,1,4,GREEN,sweep_8w_500ms,3,3,[3],0,84,4,"{""1"": 88, ""2"": 91, ""3"": 94, ""4"": 84}",False,14.0,-30.0,1.0,2.0,0.0,0.0,676.0,161.25,629.75,14.0,22.0,60.75,188.0,345.0,1603.0,643.75,4.0,17.0,69.0,1.0,1.0,2.0,5.0,8.0,1.0,0.0,0.0,16.0,16.0,0.195,0.19047619047619047,0.0064,0.0064,0.0475,0.2159090909090909,0.7840909090909091,0.35,1.0,1.0,0.36666666666666664,0.4349030470914128,0.0
20260628_155937_2ee7d04a,20260628_155937_2ee7d04a_g0015,15,656397881,2,24,24,24,1,1,RED,pool_heuristic,0,3,[3],0,88,3,"{""1"": 88, ""2"": 91, ""3"": 94, ""4"": 84}",False,16.0,-43.0,0.0,11.0,4.0,0.01,186.0,58.0,191.875,11.0,13.0,24.0,74.5,69.375,1296.0,207.875,6.0,15.0,58.0,1.0,1.0,2.0,6.0,5.0,0.0,1.0,1.0,24.0,24.0,0.2925,0.2857142857142857,0.0096,0.0096,0.075,0.3409090909090909,0.6590909090909091,0.4,1.0,1.0,0.4916666666666667,0.6017543859649124,0.0
20260628_155937_2ee7d04a,20260628_155937_2ee7d04a_g0015,15,656397881,2,24,24,24,1,2,BLUE,sweep_1w_500ms,1,3,[3],0,91,2,"{""1"": 88, ""2"": 91, ""3"": 94, ""4"": 84}",False,22.0,-31.0,0.0,6.0,4.0,0.01,586.0,166.0,589.25,22.0,32.0,77.25,213.0,245.0,896.0,611.25,6.0,15.0,59.0,1.0,1.0,2.0,5.0,6.0,1.0,0.0,0.0,24.0,24.0,0.2925,0.2857142857142857,0.0096,0.0096,0.0725,0.32954545454545453,0.6704545454545454,0.55,1.0,1.0,0.4416666666666667,0.5698729582577132,0.0
20260628_155937_2ee7d04a,20260628_155937_2ee7d04a_g0015,15,656397881,2,24,24,24,1,3,YELLOW,sweep_4w_500ms,2,3,[3],1,94,1,"{""1"": 88, ""2"": 91, ""3"": 94, ""4"": 84}",False,20.0,-35.0,3.0,8.0,4.0,0.01,366.0,100.125,341.125,18.0,20.0,42.0,118.0,143.125,1116.0,361.125,6.0,15.0,59.0,1.0,1.0,2.0,5.0,6.0,1.0,0.0,0.0,24.0,24.0,0.2925,0.2857142857142857,0.0096,0.0096,0.0725,0.32954545454545453,0.6704545454545454,0.5,1.0,1.0,0.4583333333333333,0.4627949183303085,0.0
20260628_155937_2ee7d04a,20260628_155937_2ee7d04a_g0015,15,656397881,2,24,24,24,1,4,GREEN,sweep_8w_500ms,3,3,[3],0,84,4,"{""1"": 88, ""2"": 91, ""3"": 94, ""4"": 84}",False,17.0,-41.0,1.0,10.0,4.0,0.01,344.0,95.75,327.875,16.0,19.0,45.0,113.5,134.375,1138.0,344.875,6.0,15.0,59.0,1.0,1.0,2.0,5.0,6.0,1.0,0.0,0.0,24.0,24.0,0.2925,0.2857142857142857,0.0096,0.0096,0.0725,0.32954545454545453,0.6704545454545454,0.425,1.0,1.0,0.4833333333333333,0.499092558983666,0.0
20260628_155937_2ee7d04a,20260628_155937_2ee7d04a_g0015,15,656397881,3,32,32,32,1,1,RED,pool_heuristic,0,3,[3],0,88,3,"{""1"": 88, ""2"": 91, ""3"": 94, ""4"": 84}",False,22.0,-52.0,0.0,15.0,6.0,0.015,114.0,43.25,112.375,15.0,13.0,19.5,45.5,19.375,634.0,134.375,8.0,13.0,48.0,1.0,1.0,2.0,6.0,3.0,0.0,1.0,0.0,32.0,32.0,0.3875,0.38095238095238093,0.0128,0.0128,0.1,0.45454545454545453,0.5454545454545454,0.55,1.0,1.0,0.6166666666666667,0.575,0.0
20260628_155937_2ee7d04a,20260628_155937_2ee7d04a_g0015,15,656397881,3,32,32,32,1,2,BLUE,sweep_1w_500ms,1,3,[3],0,91,2,"{""1"": 88, ""2"": 91, ""3"": 94, ""4"": 84}",False,27.0,-42.0,0.0,15.0,6.0,0.015,252.0,92.625,262.5,25.0,27.0,51.75,102.5,56.25,496.0,289.5,8.0,13.0,49.0,1.0,1.0,2.0,5.0,4.0,1.0,0.0,0.0,32.0,32.0,0.3875,0.38095238095238093,0.0128,0.0128,0.0975,0.4431818181818182,0.5568181818181818,0.675,1.0,1.0,0.575,0.5519568151147098,0.0
20260628_155937_2ee7d04a,20260628_155937_2ee7d04a_g0015,15,656397881,3,32,32,32,1,3,YELLOW,sweep_4w_500ms,2,3,[3],1,94,1,"{""1"": 88, ""2"": 91, ""3"": 94, ""4"": 84}",False,26.0,-44.0,3.0,19.0,6.0,0.015,95.0,44.625,105.125,19.0,13.0,22.5,30.0,20.625,653.0,131.125,8.0,13.0,50.0,1.0,1.0,2.0,4.0,5.0,1.0,0.0,0.0,32.0,32.0,0.3875,0.38095238095238093,0.0128,0.0128,0.095,0.4318181818181818,0.5681818181818182,0.65,1.0,1.0,0.5833333333333333,0.5110803324099724,0.0
20260628_155937_2ee7d04a,20260628_155937_2ee7d04a_g0015,15,656397881,3,32,32,32,1,4,GREEN,sweep_8w_500ms,3,3,[3],0,84,4,"{""1"": 88, ""2"": 91, ""3"": 94, ""4"": 84}",False,21.0,-54.0,1.0,13.0,6.0,0.015,287.0,88.625,276.375,20.0,21.0,48.75,91.0,95.625,461.0,297.375,8.0,13.0,50.0,1.0,1.0,2.0,4.0,5.0,1.0,0.0,0.0,32.0,32.0,0.3875,0.38095238095238093,0.0128,0.0128,0.095,0.4318181818181818,0.5681818181818182,0.525,1.0,1.0,0.625,0.5235457063711911,0.0
20260628_155937_2ee7d04a,20260628_155937_2ee7d04a_g0015,15,656397881,4,40,40,40,1,1,RED,pool_heuristic,0,3,[3],0,88,3,"{""1"": 88, ""2"": 91, ""3"": 94, ""4"": 84}",False,25.0,-57.0,0.0,31.0,11.0,0.0275,107.0,46.0,112.75,17.0,14.0,21.75,55.0,5.0,343.0,137.75,10.0,11.0,38.0,1.0,1.0,2.0,6.0,1.0,0.0,1.0,0.0,40.0,40.0,0.4775,0.47619047619047616,0.016,0.016,0.125,0.5681818181818182,0.4318181818181818,0.625,1.0,1.0,0.6833333333333333,0.5589473684210526,0.0
20260628_155937_2ee7d04a,20260628_155937_2ee7d04a_g0015,15,656397881,4,40,40,40,1,2,BLUE,sweep_1w_500ms,1,3,[3],0,91,2,"{""1"": 88, ""2"": 91, ""3"": 94, ""4"": 84}",False,29.0,-49.0,0.0,28.0,11.0,0.0275,161.0,64.875,162.0,25.0,23.0,20.25,57.5,36.25,289.0,191.0,10.0,11.0,42.0,1.0,1.0,1.0,4.0,4.0,1.0,0.0,0.0,40.0,40.0,0.4775,0.47619047619047616,0.016,0.016,0.115,0.5227272727272727,0.4772727272727273,0.725,1.0,1.0,0.65,0.5434782608695652,0.0
20260628_155937_2ee7d04a,20260628_155937_2ee7d04a_g0015,15,656397881,4,40,40,40,1,3,YELLOW,sweep_4w_500ms,2,3,[3],1,94,1,"{""1"": 88, ""2"": 91, ""3"": 94, ""4"": 84}",False,30.0,-47.0,3.0,25.0,11.0,0.0275,100.0,51.125,114.875,23.0,16.0,25.5,31.0,19.375,350.0,144.875,10.0,11.0,41.0,1.0,1.0,2.0,3.0,4.0,1.0,0.0,0.0,40.0,40.0,0.4775,0.47619047619047616,0.016,0.016,0.1175,0.5340909090909091,0.4659090909090909,0.75,1.0,1.0,0.6416666666666667,0.49608062709966405,0.0
20260628_155937_2ee7d04a,20260628_155937_2ee7d04a_g0015,15,656397881,4,40,40,40,1,4,GREEN,sweep_8w_500ms,3,3,[3],0,84,4,"{""1"": 88, ""2"": 91, ""3"": 94, ""4"": 84}",False,23.0,-61.0,1.0,21.0,11.0,0.0275,82.0,37.875,81.125,19.0,11.0,15.75,21.0,14.375,368.0,104.125,10.0,11.0,40.0,1.0,1.0,2.0,4.0,3.0,0.0,0.0,0.0,40.0,40.0,0.4775,0.47619047619047616,0.016,0.016,0.12,0.5454545454545454,0.45454545454545453,0.575,1.0,1.0,0.7,0.5054824561403508,0.0
20260628_155937_2ee7d04a,20260628_155937_2ee7d04a_g0015,15,656397881,5,48,48,48,1,1,RED,pool_heuristic,0,3,[3],0,88,3,"{""1"": 88, ""2"": 91, ""3"": 94, ""4"": 84}",False,28.0,-58.0,0.0,37.0,19.0,0.0475,54.0,32.0,52.75,20.0,12.0,9.75,11.0,0.0,255.0,80.75,12.0,9.0,29.0,1.0,1.0,2.0,5.0,0.0,0.0,0.0,0.0,48.0,48.0,0.5675,0.5714285714285714,0.0192,0.0192,0.1475,0.6704545454545454,0.32954545454545453,0.7,1.0,0.8,0.7166666666666667,0.528991971454059,0.0
20260628_155937_2ee7d04a,20260628_155937_2ee7d04a_g0015,15,656397881,5,48,48,48,1,2,BLUE,sweep_1w_500ms,1,3,[3],0,91,2,"{""1"": 88, ""2"": 91, ""3"": 94, ""4"": 84}",False,30.0,-54.0,0.0,38.0,19.0,0.0475,132.0,57.75,130.75,25.0,23.0,21.0,38.0,23.75,177.0,160.75,12.0,9.0,33.0,1.0,1.0,1.0,3.0,3.0,0.0,0.0,0.0,48.0,48.0,0.5675,0.5714285714285714,0.0192,0.0192,0.1375,0.625,0.375,0.75,1.0,1.0,0.7,0.4976076555023924,0.0
20260628_155937_2ee7d04a,20260628_155937_2ee7d04a_g0015,15,656397881,5,48,48,48,1,3,YELLOW,sweep_4w_500ms,2,3,[3],1,94,1,"{""1"": 88, ""2"": 91, ""3"": 94, ""4"": 84}",False,31.0,-52.0,3.0,38.0,19.0,0.0475,81.0,43.25,93.0,20.0,14.0,23.25,27.0,8.75,228.0,124.0,12.0,9.0,31.0,1.0,1.0,2.0,3.0,2.0,1.0,0.0,0.0,48.0,48.0,0.5675,0.5714285714285714,0.0192,0.0192,0.1425,0.6477272727272727,0.3522727272727273,0.775,1.0,1.0,0.6916666666666667,0.4921514312096029,0.0
20260628_155937_2ee7d04a,20260628_155937_2ee7d04a_g0015,15,656397881,5,48,48,48,1,4,GREEN,sweep_8w_500ms,3,3,[3],0,84,4,"{""1"": 88, ""2"": 91, ""3"": 94, ""4"": 84}",False,25.0,-64.0,1.0,31.0,19.0,0.0475,42.0,26.5,46.5,16.0,10.0,8.25,6.0,6.25,267.0,71.5,12.0,9.0,32.0,1.0,1.0,2.0,2.0,3.0,0.0,0.0,0.0,48.0,48.0,0.5675,0.5714285714285714,0.0192,0.0192,0.14,0.6363636363636364,0.36363636363636365,0.625,1.0,1.0,0.7416666666666667,0.487781954887218,0.0
20260628_155937_2ee7d04a,20260628_155937_2ee7d04a_g0015,15,656397881,6,56,56,56,1,1,RED,pool_heuristic,0,3,[3],0,88,3,"{""1"": 88, ""2"": 91, ""3"": 94, ""4"": 84}",False,24.0,-61.0,0.0,47.0,22.0,0.055,25.0,17.375,24.5,13.0,5.0,3.0,3.5,0.0,134.0,48.5,14.0,7.0,21.0,1.0,1.0,2.0,3.0,0.0,0.0,0.0,0.0,56.0,56.0,0.65,0.6666666666666666,0.0224,0.0224,0.1675,0.7613636363636364,0.23863636363636365,0.6,1.0,0.8,0.7083333333333333,0.5278868813825609,0.0
20260628_155937_2ee7d04a,20260628_155937_2ee7d04a_g0015,15,656397881,6,56,56,56,1,2,BLUE,sweep_1w_500ms,1,3,[3],0,91,2,"{""1"": 88, ""2"": 91, ""3"": 94, ""4"": 84}",False,30.0,-49.0,0.0,52.0,22.0,0.055,58.0,31.75,55.25,19.0,13.0,10.5,4.0,8.75,101.0,85.25,14.0,7.0,25.0,1.0,1.0,1.0,1.0,3.0,0.0,0.0,0.0,56.0,56.0,0.65,0.6666666666666666,0.0224,0.0224,0.1575,0.7159090909090909,0.2840909090909091,0.75,0.8833333333333333,1.0,0.6583333333333333,0.4912280701754387,0.0
20260628_155937_2ee7d04a,20260628_155937_2ee7d04a_g0015,15,656397881,6,56,56,56,1,3,YELLOW,sweep_4w_500ms,2,3,[3],1,94,1,"{""1"": 88, ""2"": 91, ""3"": 94, ""4"": 84}",False,31.0,-47.0,3.0,49.0,22.0,0.055,51.0,32.0,60.5,17.0,11.0,17.25,14.0,1.25,108.0,91.5,14.0,7.0,22.0,1.0,1.0,2.0,2.0,1.0,0.0,0.0,0.0,56.0,56.0,0.65,0.6666666666666666,0.0224,0.0224,0.165,0.75,0.25,0.775,0.9333333333333333,1.0,0.65,0.47208931419457734,0.0
20260628_155937_2ee7d04a,20260628_155937_2ee7d04a_g0015,15,656397881,6,56,56,56,1,4,GREEN,sweep_8w_500ms,3,3,[3],0,84,4,"{""1"": 88, ""2"": 91, ""3"": 94, ""4"": 84}",False,24.0,-61.0,1.0,37.0,22.0,0.055,25.0,19.25,27.25,14.0,7.0,3.0,2.0,1.25,134.0,51.25,14.0,7.0,24.0,1.0,1.0,1.0,2.0,2.0,0.0,0.0,0.0,56.0,56.0,0.65,0.6666666666666666,0.0224,0.0224,0.16,0.7272727272727273,0.2727272727272727,0.6,0.8833333333333333,1.0,0.7083333333333333,0.4745065789473685,0.0
20260628_155937_2ee7d04a,20260628_155937_2ee7d04a_g0015,15,656397881,7,64,64,64,1,1,RED,pool_heuristic,0,3,[3],0,88,3,"{""1"": 88, ""2"": 91, ""3"": 94, ""4"": 84}",False,23.0,-52.0,0.0,53.0,36.0,0.09,1.0,0.5,1.0,0.0,1.0,0.0,0.0,0.0,44.0,24.0,16.0,5.0,17.0,0.0,1.0,1.0,3.0,0.0,0.0,0.0,0.0,64.0,64.0,0.715,0.7619047619047619,0.0256,0.0256,0.1775,0.8068181818181818,0.19318181818181818,0.575,0.6666666666666666,0.8,0.625,0.5151964418087472,0.0
20260628_155937_2ee7d04a,20260628_155937_2ee7d04a_g0015,15,656397881,7,64,64,64,1,2,BLUE,sweep_1w_500ms,1,3,[3],0,91,2,"{""1"": 88, ""2"": 91, ""3"": 94, ""4"": 84}",False,25.0,-48.0,0.0,58.0,36.0,0.09,19.0,15.0,18.5,12.0,5.0,1.5,0.0,0.0,26.0,43.5,16.0,5.0,16.0,1.0,1.0,1.0,0.0,2.0,0.0,0.0,0.0,64.0,64.0,0.715,0.7619047619047619,0.0256,0.0256,0.18,0.8181818181818182,0.18181818181818182,0.625,0.6833333333333333,1.0,0.6083333333333333,0.47733918128654973,0.0
20260628_155937_2ee7d04a,20260628_155937_2ee7d04a_g0015,15,656397881,7,64,64,64,1,3,YELLOW,sweep_4w_500ms,2,3,[3],1,94,1,"{""1"": 88, ""2"": 91, ""3"": 94, ""4"": 84}",False,28.0,-42.0,1.0,56.0,36.0,0.09,20.0,15.0,19.0,12.0,4.0,3.0,0.0,0.0,25.0,47.0,16.0,5.0,15.0,1.0,1.0,1.0,1.0,1.0,0.0,0.0,0.0,64.0,64.0,0.715,0.7619047619047619,0.0256,0.0256,0.1825,0.8295454545454546,0.17045454545454544,0.7,0.6833333333333333,1.0,0.5833333333333333,0.47440519105984136,0.0
20260628_155937_2ee7d04a,20260628_155937_2ee7d04a_g0015,15,656397881,7,64,64,64,1,4,GREEN,sweep_8w_500ms,3,3,[3],0,84,4,"{""1"": 88, ""2"": 91, ""3"": 94, ""4"": 84}",False,22.0,-54.0,1.0,43.0,36.0,0.09,5.0,2.5,5.5,0.0,4.0,1.5,0.0,0.0,40.0,27.5,16.0,5.0,18.0,0.0,1.0,1.0,2.0,1.0,0.0,0.0,0.0,64.0,64.0,0.715,0.7619047619047619,0.0256,0.0256,0.175,0.7954545454545454,0.20454545454545456,0.55,0.6833333333333333,1.0,0.6333333333333333,0.46390977443609027,0.0
20260628_155937_2ee7d04a,20260628_155937_2ee7d04a_g0016,16,2002739213,0,8,8,8,1,1,RED,sweep_1w_500ms,0,3,[3],0,85,3,"{""1"": 85, ""2"": 88, ""3"": 92, ""4"": 64}",False,8.0,-15.0,9.0,0.0,0.0,0.0,489.0,120.375,491.125,8.0,14.0,39.75,125.0,304.375,1321.0,499.125,2.0,19.0,79.0,1.0,1.0,2.0,5.0,10.0,1.0,1.0,1.0,8.0,8.0,0.0975,0.09523809523809523,0.0032,0.0032,0.0225,0.10227272727272728,0.8977272727272727,0.2,1.0,1.0,0.19166666666666668,0.23391812865497075,0.0
20260628_155937_2ee7d04a,20260628_155937_2ee7d04a_g0016,16,2002739213,0,8,8,8,1,2,BLUE,sweep_4w_500ms,1,3,[3],0,88,2,"{""1"": 85, ""2"": 88, ""3"": 92, ""4"": 64}",False,8.0,-15.0,9.0,0.0,0.0,0.0,453.0,112.125,449.5,8.0,13.0,36.75,140.5,251.25,1357.0,457.5,2.0,19.0,78.0,1.0,1.0,2.0,6.0,9.0,1.0,0.0,1.0,8.0,8.0,0.0975,0.09523809523809523,0.0032,0.0032,0.025,0.11363636363636363,0.8863636363636364,0.2,1.0,1.0,0.19166666666666668,0.2315789473684211,0.0
20260628_155937_2ee7d04a,20260628_155937_2ee7d04a_g0016,16,2002739213,0,8,8,8,1,3,YELLOW,sweep_8w_500ms,2,3,[3],1,92,1,"{""1"": 85, ""2"": 88, ""3"": 92, ""4"": 64}",False,8.0,-15.0,9.0,0.0,0.0,0.0,453.0,112.125,449.5,8.0,13.0,36.75,140.5,251.25,1357.0,457.5,2.0,19.0,78.0,1.0,1.0,2.0,6.0,9.0,1.0,0.0,1.0,8.0,8.0,0.0975,0.09523809523809523,0.0032,0.0032,0.025,0.11363636363636363,0.8863636363636364,0.2,1.0,1.0,0.19166666666666668,0.2315789473684211,0.0
20260628_155937_2ee7d04a,20260628_155937_2ee7d04a_g0016,16,2002739213,0,8,8,8,1,4,GREEN,pool_heuristic,3,3,[3],0,64,4,"{""1"": 85, ""2"": 88, ""3"": 92, ""4"": 64}",False,7.0,-17.0,9.0,0.0,0.0,0.0,415.0,106.875,432.125,7.0,12.0,34.5,133.0,245.625,1395.0,439.125,2.0,19.0,78.0,1.0,1.0,2.0,6.0,9.0,1.0,1.0,1.0,8.0,8.0,0.0975,0.09523809523809523,0.0032,0.0032,0.025,0.11363636363636363,0.8863636363636364,0.175,1.0,1.0,0.2,0.2421052631578947,0.0
20260628_155937_2ee7d04a,20260628_155937_2ee7d04a_g0016,16,2002739213,1,16,16,16,1,1,RED,sweep_1w_500ms,0,3,[3],0,85,3,"{""1"": 85, ""2"": 88, ""3"": 92, ""4"": 64}",False,17.0,-25.0,2.0,2.0,0.0,0.0,738.0,179.75,689.375,16.0,28.0,74.25,215.5,355.625,1861.0,706.375,4.0,17.0,69.0,1.0,1.0,2.0,5.0,8.0,1.0,0.0,0.0,16.0,16.0,0.195,0.19047619047619047,0.0064,0.0064,0.0475,0.2159090909090909,0.7840909090909091,0.425,1.0,1.0,0.35,0.4293628808864266,0.0
20260628_155937_2ee7d04a,20260628_155937_2ee7d04a_g0016,16,2002739213,1,16,16,16,1,2,BLUE,sweep_4w_500ms,1,3,[3],0,88,2,"{""1"": 85, ""2"": 88, ""3"": 92, ""4"": 64}",False,15.0,-29.0,1.0,3.0,0.0,0.0,571.0,137.0,531.25,13.0,19.0,52.5,153.0,293.75,2028.0,546.25,4.0,17.0,69.0,1.0,1.0,2.0,5.0,8.0,1.0,0.0,0.0,16.0,16.0,0.195,0.19047619047619047,0.0064,0.0064,0.0475,0.2159090909090909,0.7840909090909091,0.375,1.0,1.0,0.36666666666666664,0.4626038781163434,0.0
20260628_155937_2ee7d04a,20260628_155937_2ee7d04a_g0016,16,2002739213,1,16,16,16,1,3,YELLOW,sweep_8w_500ms,2,3,[3],1,92,1,"{""1"": 85, ""2"": 88, ""3"": 92, ""4"": 64}",False,16.0,-27.0,0.0,1.0,0.0,0.0,757.0,199.625,771.25,16.0,28.0,75.75,281.5,370.0,1842.0,787.25,4.0,17.0,68.0,1.0,1.0,2.0,6.0,7.0,1.0,0.0,1.0,16.0,16.0,0.195,0.19047619047619047,0.0064,0.0064,0.05,0.22727272727272727,0.7727272727272727,0.4,1.0,1.0,0.35833333333333334,0.5184210526315789,0.0
20260628_155937_2ee7d04a,20260628_155937_2ee7d04a_g0016,16,2002739213,1,16,16,16,1,4,GREEN,pool_heuristic,3,3,[3],0,64,4,"{""1"": 85, ""2"": 88, ""3"": 92, ""4"": 64}",False,11.0,-37.0,4.0,0.0,0.0,0.0,533.0,145.875,572.0,11.0,18.0,53.25,203.5,286.25,2066.0,583.0,4.0,17.0,68.0,1.0,1.0,2.0,6.0,7.0,0.0,1.0,1.0,16.0,16.0,0.195,0.19047619047619047,0.0064,0.0064,0.05,0.22727272727272727,0.7727272727272727,0.275,1.0,1.0,0.4,0.4368421052631579,0.0
20260628_155937_2ee7d04a,20260628_155937_2ee7d04a_g0016,16,2002739213,2,24,24,24,1,1,RED,sweep_1w_500ms,0,3,[3],0,85,3,"{""1"": 85, ""2"": 88, ""3"": 92, ""4"": 64}",False,22.0,-37.0,1.0,10.0,2.0,0.005,246.0,81.0,249.25,18.0,22.0,42.75,89.0,77.5,1284.0,271.25,6.0,15.0,59.0,1.0,1.0,2.0,5.0,6.0,1.0,0.0,0.0,24.0,24.0,0.295,0.2857142857142857,0.0096,0.0096,0.0725,0.32954545454545453,0.6704545454545454,0.55,1.0,1.0,0.4916666666666667,0.5372050816696915,0.0
20260628_155937_2ee7d04a,20260628_155937_2ee7d04a_g0016,16,2002739213,2,24,24,24,1,2,BLUE,sweep_4w_500ms,1,3,[3],0,88,2,"{""1"": 85, ""2"": 88, ""3"": 92, ""4"": 64}",False,21.0,-39.0,1.0,9.0,2.0,0.005,439.0,127.25,444.875,19.0,26.0,57.75,151.5,190.625,1091.0,465.875,6.0,15.0,59.0,1.0,1.0,2.0,5.0,6.0,1.0,0.0,0.0,24.0,24.0,0.295,0.2857142857142857,0.0096,0.0096,0.0725,0.32954545454545453,0.6704545454545454,0.525,1.0,1.0,0.5,0.4718693284936478,0.0
20260628_155937_2ee7d04a,20260628_155937_2ee7d04a_g0016,16,2002739213,2,24,24,24,1,3,YELLOW,sweep_8w_500ms,2,3,[3],1,92,1,"{""1"": 85, ""2"": 88, ""3"": 92, ""4"": 64}",False,23.0,-35.0,0.0,4.0,2.0,0.005,668.0,185.375,663.25,21.0,34.0,84.75,288.5,235.0,862.0,686.25,6.0,15.0,58.0,1.0,1.0,2.0,6.0,5.0,1.0,0.0,0.0,24.0,24.0,0.295,0.2857142857142857,0.0096,0.0096,0.075,0.3409090909090909,0.6590909090909091,0.575,1.0,1.0,0.4833333333333333,0.5631578947368421,0.0
20260628_155937_2ee7d04a,20260628_155937_2ee7d04a_g0016,16,2002739213,2,24,24,24,1,4,GREEN,pool_heuristic,3,3,[3],0,64,4,"{""1"": 85, ""2"": 88, ""3"": 92, ""4"": 64}",False,15.0,-51.0,4.0,2.0,2.0,0.005,177.0,62.125,193.375,13.0,16.0,29.25,87.0,48.125,1353.0,208.375,6.0,15.0,58.0,1.0,1.0,2.0,6.0,5.0,0.0,1.0,1.0,24.0,24.0,0.295,0.2857142857142857,0.0096,0.0096,0.075,0.3409090909090909,0.6590909090909091,0.375,1.0,1.0,0.55,0.4614035087719298,0.0
20260628_155937_2ee7d04a,20260628_155937_2ee7d04a_g0016,16,2002739213,3,32,32,32,1,1,RED,sweep_1w_500ms,0,3,[3],0,85,3,"{""1"": 85, ""2"": 88, ""3"": 92, ""4"": 64}",False,27.0,-40.0,1.0,21.0,14.0,0.035,105.0,45.75,108.375,18.0,17.0,24.75,25.5,23.125,711.0,135.375,8.0,13.0,50.0,1.0,1.0,2.0,4.0,5.0,1.0,0.0,0.0,32.0,32.0,0.3875,0.38095238095238093,0.0128,0.0128,0.095,0.4318181818181818,0.5681818181818182,0.675,1.0,1.0,0.5583333333333333,0.5096952908587258,0.0
20260628_155937_2ee7d04a,20260628_155937_2ee7d04a_g0016,16,2002739213,3,32,32,32,1,2,BLUE,sweep_4w_500ms,1,3,[3],0,88,2,"{""1"": 85, ""2"": 88, ""3"": 92, ""4"": 64}",False,23.0,-48.0,1.0,16.0,14.0,0.035,222.0,75.5,227.0,18.0,19.0,40.5,92.0,57.5,594.0,250.0,8.0,13.0,49.0,1.0,1.0,2.0,5.0,4.0,1.0,0.0,0.0,32.0,32.0,0.3875,0.38095238095238093,0.0128,0.0128,0.0975,0.4431818181818182,0.5568181818181818,0.575,1.0,1.0,0.5916666666666667,0.4871794871794872,0.0
20260628_155937_2ee7d04a,20260628_155937_2ee7d04a_g0016,16,2002739213,3,32,32,32,1,3,YELLOW,sweep_8w_500ms,2,3,[3],1,92,1,"{""1"": 85, ""2"": 88, ""3"": 92, ""4"": 64}",False,27.0,-40.0,0.0,9.0,14.0,0.035,423.0,134.875,446.5,22.0,31.0,72.0,181.5,140.0,393.0,473.5,8.0,13.0,49.0,1.0,1.0,2.0,5.0,4.0,1.0,0.0,0.0,32.0,32.0,0.3875,0.38095238095238093,0.0128,0.0128,0.0975,0.4431818181818182,0.5568181818181818,0.675,1.0,1.0,0.5583333333333333,0.601889338731444,0.0
20260628_155937_2ee7d04a,20260628_155937_2ee7d04a_g0016,16,2002739213,3,32,32,32,1,4,GREEN,pool_heuristic,3,3,[3],0,64,4,"{""1"": 85, ""2"": 88, ""3"": 92, ""4"": 64}",False,17.0,-60.0,4.0,11.0,14.0,0.035,66.0,31.75,72.75,13.0,12.0,14.25,26.0,7.5,750.0,89.75,8.0,13.0,49.0,1.0,1.0,2.0,5.0,4.0,0.0,0.0,1.0,32.0,32.0,0.3875,0.38095238095238093,0.0128,0.0128,0.0975,0.4431818181818182,0.5568181818181818,0.425,1.0,1.0,0.6416666666666667,0.465587044534413,0.0
20260628_155937_2ee7d04a,20260628_155937_2ee7d04a_g0016,16,2002739213,4,40,40,40,1,1,RED,sweep_1w_500ms,0,3,[3],0,85,3,"{""1"": 85, ""2"": 88, ""3"": 92, ""4"": 64}",False,29.0,-47.0,1.0,37.0,13.0,0.0325,106.0,45.5,111.25,17.0,17.0,27.75,17.0,32.5,449.0,140.25,10.0,11.0,42.0,1.0,1.0,2.0,2.0,5.0,1.0,0.0,0.0,40.0,40.0,0.475,0.47619047619047616,0.016,0.016,0.115,0.5227272727272727,0.4772727272727273,0.725,1.0,1.0,0.6333333333333333,0.5137299771167048,0.0
20260628_155937_2ee7d04a,20260628_155937_2ee7d04a_g0016,16,2002739213,4,40,40,40,1,2,BLUE,sweep_4w_500ms,1,3,[3],0,88,2,"{""1"": 85, ""2"": 88, ""3"": 92, ""4"": 64}",False,30.0,-45.0,1.0,20.0,13.0,0.0325,227.0,85.25,249.25,21.0,22.0,53.25,98.0,55.0,328.0,279.25,10.0,11.0,40.0,1.0,1.0,2.0,4.0,3.0,1.0,0.0,0.0,40.0,40.0,0.475,0.47619047619047616,0.016,0.016,0.12,0.5454545454545454,0.45454545454545453,0.75,1.0,1.0,0.625,0.4989035087719298,0.0
20260628_155937_2ee7d04a,20260628_155937_2ee7d04a_g0016,16,2002739213,4,40,40,40,1,3,YELLOW,sweep_8w_500ms,2,3,[3],1,92,1,"{""1"": 85, ""2"": 88, ""3"": 92, ""4"": 64}",False,29.0,-47.0,0.0,18.0,13.0,0.0325,170.0,67.375,182.125,21.0,20.0,38.25,61.0,41.875,385.0,211.125,10.0,11.0,40.0,1.0,1.0,2.0,4.0,3.0,0.0,0.0,0.0,40.0,40.0,0.475,0.47619047619047616,0.016,0.016,0.12,0.5454545454545454,0.45454545454545453,0.725,1.0,1.0,0.6333333333333333,0.5953947368421053,0.0
20260628_155937_2ee7d04a,20260628_155937_2ee7d04a_g0016,16,2002739213,4,40,40,40,1,4,GREEN,pool_heuristic,3,3,[3],0,64,4,"{""1"": 85, ""2"": 88, ""3"": 92, ""4"": 64}",False,17.0,-71.0,4.0,29.0,13.0,0.0325,52.0,27.625,57.25,13.0,10.0,14.25,17.5,2.5,503.0,74.25,10.0,11.0,40.0,1.0,1.0,2.0,4.0,3.0,0.0,0.0,1.0,40.0,40.0,0.475,0.47619047619047616,0.016,0.016,0.12,0.5454545454545454,0.45454545454545453,0.425,1.0,1.0,0.7333333333333333,0.4342105263157895,0.0
20260628_155937_2ee7d04a,20260628_155937_2ee7d04a_g0016,16,2002739213,5,48,48,48,1,1,RED,sweep_1w_500ms,0,3,[3],0,85,3,"{""1"": 85, ""2"": 88, ""3"": 92, ""4"": 64}",False,33.0,-42.0,1.0,40.0,22.0,0.055,65.0,32.375,76.0,18.0,0.0,13.5,19.5,25.0,216.0,109.0,12.0,9.0,37.0,1.0,0.0,1.0,2.0,5.0,1.0,0.0,0.0,48.0,48.0,0.55,0.5714285714285714,0.0192,0.0192,0.1275,0.5795454545454546,0.42045454545454547,0.825,1.0,1.0,0.625,0.4891640866873065,0.0
20260628_155937_2ee7d04a,20260628_155937_2ee7d04a_g0016,16,2002739213,5,48,48,48,1,2,BLUE,sweep_4w_500ms,1,3,[3],0,88,2,"{""1"": 85, ""2"": 88, ""3"": 92, ""4"": 64}",False,34.0,-40.0,1.0,31.0,22.0,0.055,135.0,63.625,159.125,23.0,20.0,43.5,32.0,40.625,146.0,193.125,12.0,9.0,32.0,1.0,1.0,2.0,2.0,3.0,1.0,0.0,0.0,48.0,48.0,0.55,0.5714285714285714,0.0192,0.0192,0.14,0.6363636363636364,0.36363636363636365,0.85,1.0,1.0,0.6166666666666667,0.5178571428571428,0.0
20260628_155937_2ee7d04a,20260628_155937_2ee7d04a_g0016,16,2002739213,5,48,48,48,1,3,YELLOW,sweep_8w_500ms,2,3,[3],1,92,1,"{""1"": 85, ""2"": 88, ""3"": 92, ""4"": 64}",False,28.0,-52.0,0.0,28.0,22.0,0.055,73.0,38.75,80.5,18.0,14.0,23.25,19.0,6.25,208.0,108.5,12.0,9.0,31.0,1.0,1.0,2.0,3.0,2.0,0.0,0.0,0.0,48.0,48.0,0.55,0.5714285714285714,0.0192,0.0192,0.1425,0.6477272727272727,0.3522727272727273,0.7,1.0,1.0,0.6666666666666667,0.5586334256694367,0.0
20260628_155937_2ee7d04a,20260628_155937_2ee7d04a_g0016,16,2002739213,5,48,48,48,1,4,GREEN,pool_heuristic,3,3,[3],0,64,4,"{""1"": 85, ""2"": 88, ""3"": 92, ""4"": 64}",False,13.0,-82.0,4.0,33.0,22.0,0.055,8.0,7.0,8.0,6.0,2.0,0.0,0.0,0.0,273.0,21.0,12.0,9.0,32.0,1.0,1.0,2.0,2.0,3.0,0.0,0.0,1.0,48.0,48.0,0.55,0.5714285714285714,0.0192,0.0192,0.14,0.6363636363636364,0.36363636363636365,0.325,0.75,1.0,0.7916666666666667,0.4229323308270677,0.0
20260628_155937_2ee7d04a,20260628_155937_2ee7d04a_g0016,16,2002739213,6,56,56,56,1,1,RED,sweep_1w_500ms,0,3,[3],0,85,3,"{""1"": 85, ""2"": 88, ""3"": 92, ""4"": 64}",False,32.0,-36.0,1.0,49.0,25.0,0.0625,29.0,20.75,33.25,16.0,0.0,7.5,6.0,3.75,71.0,65.25,14.0,7.0,27.0,1.0,0.0,1.0,2.0,3.0,1.0,0.0,0.0,56.0,56.0,0.63,0.6666666666666666,0.0224,0.0224,0.1525,0.6931818181818182,0.3068181818181818,0.8,1.0,1.0,0.5666666666666667,0.4719585849870578,0.0
20260628_155937_2ee7d04a,20260628_155937_2ee7d04a_g0016,16,2002739213,6,56,56,56,1,2,BLUE,sweep_4w_500ms,1,3,[3],0,88,2,"{""1"": 85, ""2"": 88, ""3"": 92, ""4"": 64}",False,33.0,-34.0,1.0,42.0,25.0,0.0625,43.0,29.0,43.0,20.0,9.0,12.75,0.0,1.25,57.0,76.0,14.0,7.0,23.0,1.0,1.0,2.0,1.0,2.0,1.0,0.0,0.0,56.0,56.0,0.63,0.6666666666666666,0.0224,0.0224,0.1625,0.7386363636363636,0.26136363636363635,0.825,1.0,1.0,0.5583333333333333,0.4874493927125506,0.0
20260628_155937_2ee7d04a,20260628_155937_2ee7d04a_g0016,16,2002739213,6,56,56,56,1,3,YELLOW,sweep_8w_500ms,2,3,[3],1,92,1,"{""1"": 85, ""2"": 88, ""3"": 92, ""4"": 64}",False,23.0,-54.0,0.0,36.0,25.0,0.0625,28.0,19.75,31.25,13.0,6.0,8.25,4.0,0.0,72.0,54.25,14.0,7.0,21.0,1.0,1.0,2.0,3.0,0.0,0.0,0.0,0.0,56.0,56.0,0.63,0.6666666666666666,0.0224,0.0224,0.1675,0.7613636363636364,0.23863636363636365,0.575,1.0,0.8,0.6416666666666667,0.5553809897879025,0.0
20260628_155937_2ee7d04a,20260628_155937_2ee7d04a_g0016,16,2002739213,6,56,56,56,1,4,GREEN,pool_heuristic,3,3,[3],0,64,4,"{""1"": 85, ""2"": 88, ""3"": 92, ""4"": 64}",False,12.0,-76.0,3.0,36.0,25.0,0.0625,0.0,0.0,0.0,0.0,0.0,0.0,0.0,0.0,100.0,12.0,14.0,7.0,29.0,0.0,0.0,2.0,2.0,3.0,0.0,0.0,1.0,56.0,56.0,0.63,0.6666666666666666,0.0224,0.0224,0.1475,0.6704545454545454,0.32954545454545453,0.3,0.5333333333333333,1.0,0.7333333333333333,0.42908117752007136,0.0
20260628_155937_2ee7d04a,20260628_155937_2ee7d04a_g0016,16,2002739213,7,64,64,66,3,1,RED,sweep_1w_500ms,0,3,[3],0,85,3,"{""1"": 85, ""2"": 88, ""3"": 92, ""4"": 64}",False,28.0,-36.0,1.0,56.0,40.0,0.1,3.0,1.5,4.5,0.0,0.0,4.5,0.0,0.0,28.0,32.5,17.0,4.0,17.0,0.0,0.0,1.0,1.0,2.0,1.0,0.0,0.0,64.0,66.0,0.7,0.8095238095238095,0.0264,0.0256,0.1775,0.8068181818181818,0.19318181818181818,0.7,0.8166666666666667,1.0,0.5333333333333333,0.4536693847294292,0.0
20260628_155937_2ee7d04a,20260628_155937_2ee7d04a_g0016,16,2002739213,7,64,64,66,3,2,BLUE,sweep_4w_500ms,1,3,[3],0,88,2,"{""1"": 85, ""2"": 88, ""3"": 92, ""4"": 64}",False,32.0,-28.0,1.0,57.0,40.0,0.1,17.0,15.5,17.0,14.0,3.0,0.0,0.0,0.0,14.0,49.0,17.0,4.0,12.0,1.0,1.0,0.0,1.0,1.0,1.0,0.0,0.0,64.0,66.0,0.7,0.8095238095238095,0.0264,0.0256,0.19,0.8636363636363636,0.13636363636363635,0.8,0.9166666666666666,1.0,0.5,0.4833795013850416,0.0
20260628_155937_2ee7d04a,20260628_155937_2ee7d04a_g0016,16,2002739213,7,64,64,66,3,3,YELLOW,sweep_8w_500ms,2,3,[3],1,92,1,"{""1"": 85, ""2"": 88, ""3"": 92, ""4"": 64}",False,20.0,-52.0,0.0,48.0,40.0,0.1,11.0,10.0,11.0,9.0,2.0,0.0,0.0,0.0,20.0,31.0,16.0,5.0,14.0,1.0,1.0,1.0,2.0,0.0,0.0,0.0,0.0,64.0,66.0,0.7,0.7619047619047619,0.0264,0.0256,0.185,0.8409090909090909,0.1590909090909091,0.5,0.6833333333333333,0.8,0.6,0.5369843527738265,0.0
20260628_155937_2ee7d04a,20260628_155937_2ee7d04a_g0016,16,2002739213,7,64,64,66,3,4,GREEN,pool_heuristic,3,3,[3],0,64,4,"{""1"": 85, ""2"": 88, ""3"": 92, ""4"": 64}",False,12.0,-68.0,3.0,39.0,40.0,0.1,0.0,0.0,0.0,0.0,0.0,0.0,0.0,0.0,31.0,12.0,14.0,7.0,29.0,0.0,0.0,2.0,2.0,3.0,0.0,0.0,1.0,64.0,66.0,0.7,0.6666666666666666,0.0264,0.0256,0.1475,0.6704545454545454,0.32954545454545453,0.3,0.4,1.0,0.6666666666666667,0.42908117752007136,0.0
20260628_155937_2ee7d04a,20260628_155937_2ee7d04a_g0017,17,1627425241,0,8,8,8,1,1,RED,sweep_4w_500ms,0,1,[1],1,98,1,"{""1"": 98, ""2"": 89, ""3"": 68, ""4"": 93}",False,8.0,-15.0,9.0,0.0,0.0,0.0,453.0,112.125,449.5,8.0,13.0,36.75,140.5,251.25,1377.0,457.5,2.0,19.0,78.0,1.0,1.0,2.0,6.0,9.0,1.0,0.0,1.0,8.0,8.0,0.0975,0.09523809523809523,0.0032,0.0032,0.025,0.11363636363636363,0.8863636363636364,0.2,1.0,1.0,0.19166666666666668,0.2315789473684211,0.0
20260628_155937_2ee7d04a,20260628_155937_2ee7d04a_g0017,17,1627425241,0,8,8,8,1,2,BLUE,sweep_8w_500ms,1,1,[1],0,89,3,"{""1"": 98, ""2"": 89, ""3"": 68, ""4"": 93}",False,8.0,-15.0,9.0,0.0,0.0,0.0,453.0,112.125,449.5,8.0,13.0,36.75,140.5,251.25,1377.0,457.5,2.0,19.0,78.0,1.0,1.0,2.0,6.0,9.0,1.0,0.0,1.0,8.0,8.0,0.0975,0.09523809523809523,0.0032,0.0032,0.025,0.11363636363636363,0.8863636363636364,0.2,1.0,1.0,0.19166666666666668,0.2315789473684211,0.0
20260628_155937_2ee7d04a,20260628_155937_2ee7d04a_g0017,17,1627425241,0,8,8,8,1,3,YELLOW,pool_heuristic,2,1,[1],0,68,4,"{""1"": 98, ""2"": 89, ""3"": 68, ""4"": 93}",False,7.0,-17.0,9.0,0.0,0.0,0.0,424.0,105.375,424.375,7.0,12.0,34.5,134.0,236.875,1406.0,431.375,2.0,19.0,78.0,1.0,1.0,2.0,6.0,9.0,1.0,1.0,1.0,8.0,8.0,0.0975,0.09523809523809523,0.0032,0.0032,0.025,0.11363636363636363,0.8863636363636364,0.175,1.0,1.0,0.2,0.22105263157894728,0.0
20260628_155937_2ee7d04a,20260628_155937_2ee7d04a_g0017,17,1627425241,0,8,8,8,1,4,GREEN,sweep_1w_500ms,3,1,[1],0,93,2,"{""1"": 98, ""2"": 89, ""3"": 68, ""4"": 93}",False,8.0,-15.0,9.0,0.0,0.0,0.0,500.0,123.375,504.625,8.0,14.0,40.5,129.0,313.125,1330.0,512.625,2.0,19.0,79.0,1.0,1.0,2.0,5.0,10.0,1.0,1.0,1.0,8.0,8.0,0.0975,0.09523809523809523,0.0032,0.0032,0.0225,0.10227272727272728,0.8977272727272727,0.2,1.0,1.0,0.19166666666666668,0.23391812865497075,0.0
20260628_155937_2ee7d04a,20260628_155937_2ee7d04a_g0017,17,1627425241,1,16,16,16,1,1,RED,sweep_4w_500ms,0,1,[1],1,98,1,"{""1"": 98, ""2"": 89, ""3"": 68, ""4"": 93}",False,16.0,-29.0,3.0,2.0,1.0,0.0025,679.0,161.125,618.5,14.0,22.0,62.25,226.5,293.75,1927.0,634.5,4.0,17.0,68.0,1.0,1.0,2.0,6.0,7.0,1.0,0.0,0.0,16.0,16.0,0.1975,0.19047619047619047,0.0064,0.0064,0.05,0.22727272727272727,0.7727272727272727,0.4,1.0,1.0,0.375,0.4552631578947368,0.0
20260628_155937_2ee7d04a,20260628_155937_2ee7d04a_g0017,17,1627425241,1,16,16,16,1,2,BLUE,sweep_8w_500ms,1,1,[1],0,89,3,"{""1"": 98, ""2"": 89, ""3"": 68, ""4"": 93}",False,16.0,-29.0,0.0,2.0,1.0,0.0025,781.0,186.25,719.5,15.0,25.0,72.0,265.0,342.5,1825.0,735.5,4.0,17.0,68.0,1.0,1.0,2.0,6.0,7.0,1.0,0.0,0.0,16.0,16.0,0.1975,0.19047619047619047,0.0064,0.0064,0.05,0.22727272727272727,0.7727272727272727,0.4,1.0,1.0,0.375,0.4894736842105264,0.0
20260628_155937_2ee7d04a,20260628_155937_2ee7d04a_g0017,17,1627425241,1,16,16,16,1,3,YELLOW,pool_heuristic,2,1,[1],0,68,4,"{""1"": 98, ""2"": 89, ""3"": 68, ""4"": 93}",False,12.0,-37.0,5.0,0.0,1.0,0.0025,543.0,153.875,594.875,12.0,21.0,60.0,220.0,281.875,2063.0,606.875,4.0,17.0,68.0,1.0,1.0,2.0,6.0,7.0,1.0,1.0,1.0,16.0,16.0,0.1975,0.19047619047619047,0.0064,0.0064,0.05,0.22727272727272727,0.7727272727272727,0.3,1.0,1.0,0.4083333333333333,0.42105263157894735,0.0
20260628_155937_2ee7d04a,20260628_155937_2ee7d04a_g0017,17,1627425241,1,16,16,16,1,4,GREEN,sweep_1w_500ms,3,1,[1],0,93,2,"{""1"": 98, ""2"": 89, ""3"": 68, ""4"": 93}",False,17.0,-27.0,8.0,0.0,1.0,0.0025,603.0,151.0,565.75,17.0,25.0,61.5,171.0,291.25,2003.0,582.75,4.0,17.0,69.0,1.0,1.0,2.0,5.0,8.0,1.0,0.0,0.0,16.0,16.0,0.1975,0.19047619047619047,0.0064,0.0064,0.0475,0.2159090909090909,0.7840909090909091,0.425,1.0,1.0,0.36666666666666664,0.35180055401662047,0.0
20260628_155937_2ee7d04a,20260628_155937_2ee7d04a_g0017,17,1627425241,2,24,24,24,1,1,RED,sweep_4w_500ms,0,1,[1],1,98,1,"{""1"": 98, ""2"": 89, ""3"": 68, ""4"": 93}",False,21.0,-37.0,1.0,7.0,2.0,0.005,630.0,172.375,625.5,19.0,28.0,76.5,269.5,232.5,892.0,646.5,6.0,15.0,58.0,1.0,1.0,2.0,6.0,5.0,1.0,0.0,0.0,24.0,24.0,0.2975,0.2857142857142857,0.0096,0.0096,0.075,0.3409090909090909,0.6590909090909091,0.525,1.0,1.0,0.4833333333333333,0.5280701754385965,0.0
20260628_155937_2ee7d04a,20260628_155937_2ee7d04a_g0017,17,1627425241,2,24,24,24,1,2,BLUE,sweep_8w_500ms,1,1,[1],0,89,3,"{""1"": 98, ""2"": 89, ""3"": 68, ""4"": 93}",False,21.0,-37.0,0.0,14.0,2.0,0.005,181.0,60.875,184.625,15.0,16.0,25.5,75.0,53.125,1341.0,205.625,6.0,15.0,58.0,1.0,1.0,2.0,6.0,5.0,1.0,0.0,0.0,24.0,24.0,0.2975,0.2857142857142857,0.0096,0.0096,0.075,0.3409090909090909,0.6590909090909091,0.525,1.0,1.0,0.4833333333333333,0.5578947368421052,0.0
20260628_155937_2ee7d04a,20260628_155937_2ee7d04a_g0017,17,1627425241,2,24,24,24,1,3,YELLOW,pool_heuristic,2,1,[1],0,68,4,"{""1"": 98, ""2"": 89, ""3"": 68, ""4"": 93}",False,15.0,-49.0,5.0,10.0,2.0,0.005,291.0,91.0,314.25,14.0,16.0,40.5,135.0,108.75,1231.0,329.25,6.0,15.0,58.0,1.0,1.0,2.0,6.0,5.0,1.0,1.0,1.0,24.0,24.0,0.2975,0.2857142857142857,0.0096,0.0096,0.075,0.3409090909090909,0.6590909090909091,0.375,1.0,1.0,0.5333333333333333,0.4649122807017544,0.0
20260628_155937_2ee7d04a,20260628_155937_2ee7d04a_g0017,17,1627425241,2,24,24,24,1,4,GREEN,sweep_1w_500ms,3,1,[1],0,93,2,"{""1"": 98, ""2"": 89, ""3"": 68, ""4"": 93}",False,22.0,-35.0,0.0,6.0,2.0,0.005,420.0,122.875,405.125,22.0,29.0,62.25,145.0,146.875,1102.0,427.125,6.0,15.0,59.0,1.0,1.0,2.0,5.0,6.0,1.0,0.0,0.0,24.0,24.0,0.2975,0.2857142857142857,0.0096,0.0096,0.0725,0.32954545454545453,0.6704545454545454,0.55,1.0,1.0,0.475,0.515426497277677,0.0
20260628_155937_2ee7d04a,20260628_155937_2ee7d04a_g0017,17,1627425241,3,32,32,32,1,1,RED,sweep_4w_500ms,0,1,[1],1,98,1,"{""1"": 98, ""2"": 89, ""3"": 68, ""4"": 93}",False,28.0,-41.0,1.0,19.0,4.0,0.01,394.0,125.625,417.0,23.0,25.0,60.0,166.5,142.5,587.0,445.0,8.0,13.0,49.0,1.0,1.0,2.0,5.0,4.0,1.0,0.0,0.0,32.0,32.0,0.3875,0.38095238095238093,0.0128,0.0128,0.0975,0.4431818181818182,0.5568181818181818,0.7,1.0,1.0,0.575,0.572199730094467,0.0
20260628_155937_2ee7d04a,20260628_155937_2ee7d04a_g0017,17,1627425241,3,32,32,32,1,2,BLUE,sweep_8w_500ms,1,1,[1],0,89,3,"{""1"": 98, ""2"": 89, ""3"": 68, ""4"": 93}",False,25.0,-47.0,0.0,25.0,4.0,0.01,210.0,67.875,200.375,19.0,16.0,27.75,82.0,55.625,771.0,225.375,8.0,13.0,49.0,1.0,1.0,2.0,5.0,4.0,1.0,0.0,0.0,32.0,32.0,0.3875,0.38095238095238093,0.0128,0.0128,0.0975,0.4431818181818182,0.5568181818181818,0.625,1.0,1.0,0.6,0.5276653171390013,0.0
20260628_155937_2ee7d04a,20260628_155937_2ee7d04a_g0017,17,1627425241,3,32,32,32,1,3,YELLOW,pool_heuristic,2,1,[1],0,68,4,"{""1"": 98, ""2"": 89, ""3"": 68, ""4"": 93}",False,17.0,-63.0,5.0,12.0,4.0,0.01,72.0,31.5,70.875,15.0,8.0,11.25,28.5,8.125,909.0,87.875,8.0,13.0,48.0,1.0,1.0,2.0,6.0,3.0,1.0,1.0,0.0,32.0,32.0,0.3875,0.38095238095238093,0.0128,0.0128,0.1,0.45454545454545453,0.5454545454545454,0.425,1.0,1.0,0.6666666666666667,0.4342105263157895,0.0
20260628_155937_2ee7d04a,20260628_155937_2ee7d04a_g0017,17,1627425241,3,32,32,32,1,4,GREEN,sweep_1w_500ms,3,1,[1],0,93,2,"{""1"": 98, ""2"": 89, ""3"": 68, ""4"": 93}",False,27.0,-43.0,0.0,16.0,4.0,0.01,305.0,99.375,296.125,26.0,29.0,31.5,129.0,80.625,676.0,323.125,8.0,13.0,51.0,1.0,1.0,1.0,5.0,5.0,1.0,0.0,0.0,32.0,32.0,0.3875,0.38095238095238093,0.0128,0.0128,0.0925,0.42045454545454547,0.5795454545454546,0.675,1.0,1.0,0.5833333333333333,0.5746799431009957,0.0
20260628_155937_2ee7d04a,20260628_155937_2ee7d04a_g0017,17,1627425241,4,40,40,40,1,1,RED,sweep_4w_500ms,0,1,[1],1,98,1,"{""1"": 98, ""2"": 89, ""3"": 68, ""4"": 93}",False,33.0,-43.0,1.0,28.0,5.0,0.0125,193.0,76.5,207.625,24.0,22.0,42.0,71.5,48.125,421.0,240.625,10.0,11.0,40.0,1.0,1.0,2.0,4.0,3.0,1.0,0.0,0.0,40.0,40.0,0.475,0.47619047619047616,0.016,0.016,0.12,0.5454545454545454,0.45454545454545453,0.825,1.0,1.0,0.6333333333333333,0.5778508771929824,0.0
20260628_155937_2ee7d04a,20260628_155937_2ee7d04a_g0017,17,1627425241,4,40,40,40,1,2,BLUE,sweep_8w_500ms,1,1,[1],0,89,3,"{""1"": 98, ""2"": 89, ""3"": 68, ""4"": 93}",False,28.0,-53.0,0.0,30.0,5.0,0.0125,170.0,60.75,159.875,21.0,17.0,28.5,61.5,31.875,444.0,187.875,10.0,11.0,40.0,1.0,1.0,2.0,4.0,3.0,0.0,0.0,0.0,40.0,40.0,0.475,0.47619047619047616,0.016,0.016,0.12,0.5454545454545454,0.45454545454545453,0.7,1.0,1.0,0.675,0.5120614035087718,0.0
20260628_155937_2ee7d04a,20260628_155937_2ee7d04a_g0017,17,1627425241,4,40,40,40,1,3,YELLOW,pool_heuristic,2,1,[1],0,68,4,"{""1"": 98, ""2"": 89, ""3"": 68, ""4"": 93}",False,16.0,-77.0,2.0,21.0,5.0,0.0125,22.0,17.25,22.625,14.0,4.0,1.5,2.5,0.625,592.0,38.625,10.0,11.0,39.0,1.0,1.0,2.0,5.0,2.0,1.0,0.0,0.0,40.0,40.0,0.475,0.47619047619047616,0.016,0.016,0.1225,0.5568181818181818,0.4431818181818182,0.4,1.0,1.0,0.775,0.47690655209452204,0.0
20260628_155937_2ee7d04a,20260628_155937_2ee7d04a_g0017,17,1627425241,4,40,40,40,1,4,GREEN,sweep_1w_500ms,3,1,[1],0,93,2,"{""1"": 98, ""2"": 89, ""3"": 68, ""4"": 93}",False,32.0,-45.0,0.0,24.0,5.0,0.0125,229.0,83.25,222.125,28.0,31.0,30.0,62.5,70.625,385.0,254.125,10.0,11.0,43.0,1.0,1.0,1.0,3.0,5.0,1.0,0.0,0.0,40.0,40.0,0.475,0.47619047619047616,0.016,0.016,0.1125,0.5113636363636364,0.48863636363636365,0.8,1.0,1.0,0.6416666666666667,0.5672514619883041,0.0
20260628_155937_2ee7d04a,20260628_155937_2ee7d04a_g0017,17,1627425241,5,48,48,48,1,1,RED,sweep_4w_500ms,0,1,[1],1,98,1,"{""1"": 98, ""2"": 89, ""3"": 68, ""4"": 93}",False,35.0,-42.0,1.0,35.0,5.0,0.0125,113.0,55.25,124.625,24.0,19.0,28.5,32.5,20.625,194.0,159.625,12.0,9.0,31.0,1.0,1.0,2.0,3.0,2.0,0.0,0.0,0.0,48.0,48.0,0.56,0.5714285714285714,0.0192,0.0192,0.1425,0.6477272727272727,0.3522727272727273,0.875,1.0,1.0,0.6416666666666667,0.5623268698060941,0.0
20260628_155937_2ee7d04a,20260628_155937_2ee7d04a_g0017,17,1627425241,5,48,48,48,1,2,BLUE,sweep_8w_500ms,1,1,[1],0,89,3,"{""1"": 98, ""2"": 89, ""3"": 68, ""4"": 93}",False,30.0,-52.0,0.0,41.0,5.0,0.0125,78.0,37.75,77.25,19.0,12.0,15.75,28.0,2.5,229.0,107.25,12.0,9.0,30.0,1.0,1.0,2.0,4.0,1.0,0.0,0.0,0.0,48.0,48.0,0.56,0.5714285714285714,0.0192,0.0192,0.145,0.6590909090909091,0.3409090909090909,0.75,1.0,1.0,0.6833333333333333,0.5136116152450091,0.0
20260628_155937_2ee7d04a,20260628_155937_2ee7d04a_g0017,17,1627425241,5,48,48,48,1,3,YELLOW,pool_heuristic,2,1,[1],0,68,4,"{""1"": 98, ""2"": 89, ""3"": 68, ""4"": 93}",False,15.0,-82.0,2.0,33.0,5.0,0.0125,18.0,7.125,21.0,0.0,6.0,4.5,10.5,0.0,289.0,36.0,12.0,9.0,33.0,0.0,1.0,2.0,5.0,1.0,1.0,0.0,0.0,48.0,48.0,0.56,0.5714285714285714,0.0192,0.0192,0.1375,0.625,0.375,0.375,1.0,1.0,0.8083333333333333,0.4526315789473684,0.0
20260628_155937_2ee7d04a,20260628_155937_2ee7d04a_g0017,17,1627425241,5,48,48,48,1,4,GREEN,sweep_1w_500ms,3,1,[1],0,93,2,"{""1"": 98, ""2"": 89, ""3"": 68, ""4"": 93}",False,32.0,-48.0,0.0,31.0,5.0,0.0125,98.0,49.875,102.375,24.0,22.0,18.75,22.0,15.625,209.0,134.375,12.0,9.0,34.0,1.0,1.0,1.0,2.0,4.0,0.0,0.0,0.0,48.0,48.0,0.56,0.5714285714285714,0.0192,0.0192,0.135,0.6136363636363636,0.38636363636363635,0.8,1.0,1.0,0.6666666666666667,0.5467836257309941,0.0
20260628_155937_2ee7d04a,20260628_155937_2ee7d04a_g0017,17,1627425241,6,56,56,56,1,1,RED,sweep_4w_500ms,0,1,[1],1,98,1,"{""1"": 98, ""2"": 89, ""3"": 68, ""4"": 93}",False,35.0,-38.0,1.0,43.0,11.0,0.0275,37.0,26.75,37.5,20.0,7.0,7.5,3.0,0.0,84.0,72.5,14.0,7.0,21.0,1.0,1.0,2.0,3.0,0.0,0.0,0.0,0.0,56.0,56.0,0.645,0.6666666666666666,0.0224,0.0224,0.1675,0.7613636363636364,0.23863636363636365,0.875,1.0,0.8,0.6083333333333333,0.5176747839748626,0.0
20260628_155937_2ee7d04a,20260628_155937_2ee7d04a_g0017,17,1627425241,6,56,56,56,1,2,BLUE,sweep_8w_500ms,1,1,[1],0,89,3,"{""1"": 98, ""2"": 89, ""3"": 68, ""4"": 93}",False,31.0,-46.0,0.0,51.0,11.0,0.0275,32.0,21.875,32.0,16.0,6.0,4.5,5.5,0.0,89.0,63.0,14.0,7.0,21.0,1.0,1.0,2.0,3.0,0.0,0.0,0.0,0.0,56.0,56.0,0.645,0.6666666666666666,0.0224,0.0224,0.1675,0.7613636363636364,0.23863636363636365,0.775,0.8166666666666667,0.8,0.6416666666666667,0.5051060487038492,0.0
20260628_155937_2ee7d04a,20260628_155937_2ee7d04a_g0017,17,1627425241,6,56,56,56,1,3,YELLOW,pool_heuristic,2,1,[1],0,68,4,"{""1"": 98, ""2"": 89, ""3"": 68, ""4"": 93}",False,14.0,-80.0,2.0,43.0,11.0,0.0275,0.0,0.0,0.0,0.0,0.0,0.0,0.0,0.0,121.0,14.0,14.0,7.0,27.0,0.0,0.0,2.0,4.0,1.0,1.0,0.0,0.0,56.0,56.0,0.645,0.6666666666666666,0.0224,0.0224,0.1525,0.6931818181818182,0.3068181818181818,0.35,0.4166666666666667,1.0,0.7833333333333333,0.4348576358930112,0.0
20260628_155937_2ee7d04a,20260628_155937_2ee7d04a_g0017,17,1627425241,6,56,56,56,1,4,GREEN,sweep_1w_500ms,3,1,[1],0,93,2,"{""1"": 98, ""2"": 89, ""3"": 68, ""4"": 93}",False,28.0,-52.0,0.0,41.0,11.0,0.0275,52.0,30.25,51.75,18.0,13.0,10.5,4.0,6.25,69.0,79.75,14.0,7.0,25.0,1.0,1.0,1.0,1.0,3.0,0.0,0.0,0.0,56.0,56.0,0.645,0.6666666666666666,0.0224,0.0224,0.1575,0.7159090909090909,0.2840909090909091,0.7,0.9666666666666667,1.0,0.6666666666666667,0.5639097744360901,0.0
20260628_155937_2ee7d04a,20260628_155937_2ee7d04a_g0017,17,1627425241,7,64,64,66,3,1,RED,sweep_4w_500ms,0,1,[1],1,98,1,"{""1"": 98, ""2"": 89, ""3"": 68, ""4"": 93}",False,35.0,-38.0,1.0,55.0,16.0,0.04,24.0,20.75,24.25,18.0,4.0,2.25,0.0,0.0,28.0,59.25,17.0,4.0,9.0,1.0,1.0,2.0,0.0,0.0,0.0,0.0,0.0,64.0,66.0,0.71,0.8095238095238095,0.0264,0.0256,0.1975,0.8977272727272727,0.10227272727272728,0.875,0.85,0.6,0.6083333333333333,0.47901399067288475,0.0
20260628_155937_2ee7d04a,20260628_155937_2ee7d04a_g0017,17,1627425241,7,64,64,66,3,2,BLUE,sweep_8w_500ms,1,1,[1],0,89,3,"{""1"": 98, ""2"": 89, ""3"": 68, ""4"": 93}",False,32.0,-44.0,0.0,60.0,16.0,0.04,4.0,1.25,3.75,0.0,0.0,3.75,0.0,0.0,48.0,35.75,17.0,4.0,14.0,0.0,0.0,2.0,2.0,0.0,0.0,0.0,0.0,64.0,66.0,0.71,0.8095238095238095,0.0264,0.0256,0.185,0.8409090909090909,0.1590909090909091,0.8,0.8166666666666667,0.8,0.6333333333333333,0.4758179231863442,0.0
20260628_155937_2ee7d04a,20260628_155937_2ee7d04a_g0017,17,1627425241,7,64,64,66,3,3,YELLOW,pool_heuristic,2,1,[1],0,68,4,"{""1"": 98, ""2"": 89, ""3"": 68, ""4"": 93}",False,14.0,-80.0,2.0,47.0,16.0,0.04,0.0,0.0,0.0,0.0,0.0,0.0,0.0,0.0,52.0,14.0,14.0,7.0,27.0,0.0,0.0,2.0,4.0,1.0,1.0,0.0,0.0,64.0,66.0,0.71,0.6666666666666666,0.0264,0.0256,0.1525,0.6931818181818182,0.3068181818181818,0.35,0.3333333333333333,1.0,0.7833333333333333,0.4348576358930112,0.0
20260628_155937_2ee7d04a,20260628_155937_2ee7d04a_g0017,17,1627425241,7,64,64,66,3,4,GREEN,sweep_1w_500ms,3,1,[1],0,93,2,"{""1"": 98, ""2"": 89, ""3"": 68, ""4"": 93}",False,27.0,-54.0,0.0,53.0,16.0,0.04,24.0,19.125,23.625,15.0,8.0,0.0,0.0,0.625,28.0,50.625,16.0,5.0,18.0,1.0,1.0,0.0,0.0,3.0,0.0,0.0,0.0,64.0,66.0,0.71,0.7619047619047619,0.0264,0.0256,0.175,0.7954545454545454,0.20454545454545456,0.675,0.8666666666666667,1.0,0.675,0.5714285714285714,0.0
20260628_155937_2ee7d04a,20260628_155937_2ee7d04a_g0018,18,1854889437,0,8,8,8,1,1,RED,sweep_8w_500ms,0,3,[3],0,90,3,"{""1"": 90, ""2"": 89, ""3"": 110, ""4"": 91}",False,8.0,-15.0,9.0,0.0,0.0,0.0,485.0,119.125,478.125,8.0,14.0,39.75,152.0,264.375,1321.0,486.125,2.0,19.0,78.0,1.0,1.0,2.0,6.0,9.0,1.0,0.0,1.0,8.0,8.0,0.0975,0.09523809523809523,0.0032,0.0032,0.025,0.11363636363636363,0.8863636363636364,0.2,1.0,1.0,0.19166666666666668,0.2315789473684211,0.0
20260628_155937_2ee7d04a,20260628_155937_2ee7d04a_g0018,18,1854889437,0,8,8,8,1,2,BLUE,pool_heuristic,1,3,[3],0,89,4,"{""1"": 90, ""2"": 89, ""3"": 110, ""4"": 91}",False,8.0,-15.0,9.0,0.0,0.0,0.0,492.0,126.875,514.25,8.0,14.0,40.5,160.5,291.25,1314.0,522.25,2.0,19.0,78.0,1.0,1.0,2.0,6.0,9.0,1.0,1.0,1.0,8.0,8.0,0.0975,0.09523809523809523,0.0032,0.0032,0.025,0.11363636363636363,0.8863636363636364,0.2,1.0,1.0,0.19166666666666668,0.2578947368421053,0.0
20260628_155937_2ee7d04a,20260628_155937_2ee7d04a_g0018,18,1854889437,0,8,8,8,1,3,YELLOW,sweep_1w_500ms,2,3,[3],1,110,1,"{""1"": 90, ""2"": 89, ""3"": 110, ""4"": 91}",False,7.0,-17.0,9.0,0.0,0.0,0.0,425.0,105.125,429.25,7.0,12.0,34.5,109.5,266.25,1381.0,436.25,2.0,19.0,79.0,1.0,1.0,2.0,5.0,10.0,1.0,1.0,1.0,8.0,8.0,0.0975,0.09523809523809523,0.0032,0.0032,0.0225,0.10227272727272728,0.8977272727272727,0.175,1.0,1.0,0.2,0.19883040935672514,0.0
20260628_155937_2ee7d04a,20260628_155937_2ee7d04a_g0018,18,1854889437,0,8,8,8,1,4,GREEN,sweep_4w_500ms,3,3,[3],0,91,2,"{""1"": 90, ""2"": 89, ""3"": 110, ""4"": 91}",False,8.0,-15.0,9.0,0.0,0.0,0.0,404.0,96.125,382.0,8.0,11.0,30.75,118.5,213.75,1402.0,390.0,2.0,19.0,78.0,1.0,1.0,2.0,6.0,9.0,1.0,1.0,0.0,8.0,8.0,0.0975,0.09523809523809523,0.0032,0.0032,0.025,0.11363636363636363,0.8863636363636364,0.2,1.0,1.0,0.19166666666666668,0.20526315789473681,0.0
20260628_155937_2ee7d04a,20260628_155937_2ee7d04a_g0018,18,1854889437,1,16,16,16,1,1,RED,sweep_8w_500ms,0,3,[3],0,90,3,"{""1"": 90, ""2"": 89, ""3"": 110, ""4"": 91}",False,16.0,-28.0,0.0,0.0,0.0,0.0,810.0,204.25,783.5,16.0,30.0,81.75,297.0,358.75,1716.0,799.5,4.0,17.0,68.0,1.0,1.0,2.0,6.0,7.0,1.0,0.0,0.0,16.0,16.0,0.1975,0.19047619047619047,0.0064,0.0064,0.05,0.22727272727272727,0.7727272727272727,0.4,1.0,1.0,0.36666666666666664,0.49473684210526314,0.0
20260628_155937_2ee7d04a,20260628_155937_2ee7d04a_g0018,18,1854889437,1,16,16,16,1,2,BLUE,pool_heuristic,1,3,[3],0,89,4,"{""1"": 90, ""2"": 89, ""3"": 110, ""4"": 91}",False,14.0,-32.0,4.0,0.0,0.0,0.0,586.0,166.5,635.0,14.0,25.0,65.25,242.0,288.75,1940.0,649.0,4.0,17.0,68.0,1.0,1.0,2.0,6.0,7.0,1.0,1.0,1.0,16.0,16.0,0.1975,0.19047619047619047,0.0064,0.0064,0.05,0.22727272727272727,0.7727272727272727,0.35,1.0,1.0,0.38333333333333336,0.45789473684210524,0.0
20260628_155937_2ee7d04a,20260628_155937_2ee7d04a_g0018,18,1854889437,1,16,16,16,1,3,YELLOW,sweep_1w_500ms,2,3,[3],1,110,1,"{""1"": 90, ""2"": 89, ""3"": 110, ""4"": 91}",False,15.0,-30.0,4.0,0.0,0.0,0.0,600.0,145.875,555.625,15.0,23.0,54.75,171.0,291.875,1926.0,570.625,4.0,17.0,69.0,1.0,1.0,2.0,5.0,8.0,1.0,1.0,0.0,16.0,16.0,0.1975,0.19047619047619047,0.0064,0.0064,0.0475,0.2159090909090909,0.7840909090909091,0.375,1.0,1.0,0.375,0.3795013850415513,0.0
20260628_155937_2ee7d04a,20260628_155937_2ee7d04a_g0018,18,1854889437,1,16,16,16,1,4,GREEN,sweep_4w_500ms,3,3,[3],0,91,2,"{""1"": 90, ""2"": 89, ""3"": 110, ""4"": 91}",False,15.0,-30.0,5.0,0.0,0.0,0.0,530.0,129.0,481.5,15.0,19.0,47.25,174.0,226.25,1996.0,496.5,4.0,17.0,68.0,1.0,1.0,2.0,6.0,7.0,1.0,0.0,0.0,16.0,16.0,0.1975,0.19047619047619047,0.0064,0.0064,0.05,0.22727272727272727,0.7727272727272727,0.375,1.0,1.0,0.375,0.3526315789473684,0.0
20260628_155937_2ee7d04a,20260628_155937_2ee7d04a_g0018,18,1854889437,2,24,24,24,1,1,RED,sweep_8w_500ms,0,3,[3],0,90,3,"{""1"": 90, ""2"": 89, ""3"": 110, ""4"": 91}",False,22.0,-39.0,0.0,6.0,0.0,0.0,481.0,129.125,451.75,20.0,24.0,55.5,163.5,188.75,1068.0,473.75,6.0,15.0,59.0,1.0,1.0,2.0,5.0,6.0,1.0,0.0,0.0,24.0,24.0,0.295,0.2857142857142857,0.0096,0.0096,0.0725,0.32954545454545453,0.6704545454545454,0.55,1.0,1.0,0.5083333333333333,0.5716878402903811,0.0
20260628_155937_2ee7d04a,20260628_155937_2ee7d04a_g0018,18,1854889437,2,24,24,24,1,2,BLUE,pool_heuristic,1,3,[3],0,89,4,"{""1"": 90, ""2"": 89, ""3"": 110, ""4"": 91}",False,18.0,-47.0,4.0,7.0,0.0,0.0,381.0,122.0,425.75,16.0,24.0,57.0,185.0,143.75,1168.0,443.75,6.0,15.0,58.0,1.0,1.0,2.0,6.0,5.0,1.0,1.0,1.0,24.0,24.0,0.295,0.2857142857142857,0.0096,0.0096,0.075,0.3409090909090909,0.6590909090909091,0.45,1.0,1.0,0.5416666666666667,0.4912280701754387,0.0
20260628_155937_2ee7d04a,20260628_155937_2ee7d04a_g0018,18,1854889437,2,24,24,24,1,3,YELLOW,sweep_1w_500ms,2,3,[3],1,110,1,"{""1"": 90, ""2"": 89, ""3"": 110, ""4"": 91}",False,21.0,-41.0,1.0,6.0,0.0,0.0,324.0,97.75,313.5,21.0,22.0,45.0,113.0,112.5,1225.0,334.5,6.0,15.0,59.0,1.0,1.0,2.0,5.0,6.0,1.0,0.0,0.0,24.0,24.0,0.295,0.2857142857142857,0.0096,0.0096,0.0725,0.32954545454545453,0.6704545454545454,0.525,1.0,1.0,0.5166666666666667,0.5190562613430127,0.0
20260628_155937_2ee7d04a,20260628_155937_2ee7d04a_g0018,18,1854889437,2,24,24,24,1,4,GREEN,sweep_4w_500ms,3,3,[3],0,91,2,"{""1"": 90, ""2"": 89, ""3"": 110, ""4"": 91}",False,22.0,-39.0,2.0,7.0,0.0,0.0,363.0,108.625,356.5,20.0,23.0,47.25,162.5,103.75,1186.0,378.5,6.0,15.0,58.0,1.0,1.0,2.0,6.0,5.0,1.0,0.0,0.0,24.0,24.0,0.295,0.2857142857142857,0.0096,0.0096,0.075,0.3409090909090909,0.6590909090909091,0.55,1.0,1.0,0.5083333333333333,0.4754385964912281,0.0
20260628_155937_2ee7d04a,20260628_155937_2ee7d04a_g0018,18,1854889437,3,32,32,32,1,1,RED,sweep_8w_500ms,0,3,[3],0,90,3,"{""1"": 90, ""2"": 89, ""3"": 110, ""4"": 91}",False,24.0,-51.0,0.0,11.0,2.0,0.005,302.0,97.625,307.375,22.0,21.0,46.5,121.0,96.875,602.0,331.375,8.0,13.0,49.0,1.0,1.0,2.0,5.0,4.0,1.0,0.0,0.0,32.0,32.0,0.3875,0.38095238095238093,0.0128,0.0128,0.0975,0.4431818181818182,0.5568181818181818,0.6,1.0,1.0,0.625,0.543859649122807,0.0
20260628_155937_2ee7d04a,20260628_155937_2ee7d04a_g0018,18,1854889437,3,32,32,32,1,2,BLUE,pool_heuristic,1,3,[3],0,89,4,"{""1"": 90, ""2"": 89, ""3"": 110, ""4"": 91}",False,23.0,-53.0,0.0,19.0,2.0,0.005,142.0,57.125,154.75,17.0,19.0,27.0,65.5,26.25,762.0,177.75,8.0,13.0,48.0,1.0,1.0,2.0,6.0,3.0,0.0,0.0,1.0,32.0,32.0,0.3875,0.38095238095238093,0.0128,0.0128,0.1,0.45454545454545453,0.5454545454545454,0.575,1.0,1.0,0.6333333333333333,0.5249999999999999,0.0
20260628_155937_2ee7d04a,20260628_155937_2ee7d04a_g0018,18,1854889437,3,32,32,32,1,3,YELLOW,sweep_1w_500ms,2,3,[3],1,110,1,"{""1"": 90, ""2"": 89, ""3"": 110, ""4"": 91}",False,26.0,-47.0,1.0,20.0,2.0,0.005,248.0,81.25,238.625,23.0,22.0,37.5,70.5,85.625,656.0,264.625,8.0,13.0,50.0,1.0,1.0,2.0,4.0,5.0,1.0,0.0,0.0,32.0,32.0,0.3875,0.38095238095238093,0.0128,0.0128,0.095,0.4318181818181818,0.5681818181818182,0.65,1.0,1.0,0.6083333333333333,0.5457063711911357,0.0
20260628_155937_2ee7d04a,20260628_155937_2ee7d04a_g0018,18,1854889437,3,32,32,32,1,4,GREEN,sweep_4w_500ms,3,3,[3],0,91,2,"{""1"": 90, ""2"": 89, ""3"": 110, ""4"": 91}",False,26.0,-47.0,2.0,17.0,2.0,0.005,212.0,77.5,221.75,23.0,21.0,37.5,69.0,71.25,692.0,247.75,8.0,13.0,50.0,1.0,1.0,2.0,4.0,5.0,1.0,0.0,0.0,32.0,32.0,0.3875,0.38095238095238093,0.0128,0.0128,0.095,0.4318181818181818,0.5681818181818182,0.65,1.0,1.0,0.6083333333333333,0.4944598337950139,0.0
20260628_155937_2ee7d04a,20260628_155937_2ee7d04a_g0018,18,1854889437,4,40,40,40,1,1,RED,sweep_8w_500ms,0,3,[3],0,90,3,"{""1"": 90, ""2"": 89, ""3"": 110, ""4"": 91}",False,28.0,-52.0,0.0,22.0,8.0,0.02,174.0,68.375,185.5,24.0,21.0,18.0,67.5,55.0,295.0,213.5,10.0,11.0,42.0,1.0,1.0,1.0,4.0,4.0,1.0,0.0,0.0,40.0,40.0,0.4775,0.47619047619047616,0.016,0.016,0.115,0.5227272727272727,0.4772727272727273,0.7,1.0,1.0,0.6666666666666667,0.5434782608695652,0.0
20260628_155937_2ee7d04a,20260628_155937_2ee7d04a_g0018,18,1854889437,4,40,40,40,1,2,BLUE,pool_heuristic,1,3,[3],0,89,4,"{""1"": 90, ""2"": 89, ""3"": 110, ""4"": 91}",False,20.0,-68.0,0.0,27.0,8.0,0.02,51.0,27.5,55.25,13.0,13.0,11.25,13.0,5.0,418.0,75.25,10.0,11.0,38.0,1.0,1.0,2.0,6.0,1.0,0.0,0.0,0.0,40.0,40.0,0.4775,0.47619047619047616,0.016,0.016,0.125,0.5681818181818182,0.4318181818181818,0.5,1.0,1.0,0.7333333333333333,0.5084210526315789,0.0
20260628_155937_2ee7d04a,20260628_155937_2ee7d04a_g0018,18,1854889437,4,40,40,40,1,3,YELLOW,sweep_1w_500ms,2,3,[3],1,110,1,"{""1"": 90, ""2"": 89, ""3"": 110, ""4"": 91}",False,31.0,-46.0,1.0,25.0,8.0,0.02,110.0,54.5,115.375,26.0,20.0,24.0,28.5,16.875,359.0,146.375,10.0,11.0,40.0,1.0,1.0,2.0,4.0,3.0,1.0,0.0,0.0,40.0,40.0,0.4775,0.47619047619047616,0.016,0.016,0.12,0.5454545454545454,0.45454545454545453,0.775,1.0,1.0,0.6416666666666667,0.5328947368421053,0.0
20260628_155937_2ee7d04a,20260628_155937_2ee7d04a_g0018,18,1854889437,4,40,40,40,1,4,GREEN,sweep_4w_500ms,3,3,[3],0,91,2,"{""1"": 90, ""2"": 89, ""3"": 110, ""4"": 91}",False,29.0,-50.0,2.0,22.0,8.0,0.02,134.0,60.75,138.25,26.0,22.0,32.25,28.0,30.0,335.0,167.25,10.0,11.0,41.0,1.0,1.0,2.0,3.0,4.0,0.0,0.0,0.0,40.0,40.0,0.4775,0.47619047619047616,0.016,0.016,0.1175,0.5340909090909091,0.4659090909090909,0.725,1.0,1.0,0.6583333333333333,0.5128779395296752,0.0
20260628_155937_2ee7d04a,20260628_155937_2ee7d04a_g0018,18,1854889437,5,48,48,48,1,1,RED,sweep_8w_500ms,0,3,[3],0,90,3,"{""1"": 90, ""2"": 89, ""3"": 110, ""4"": 91}",False,29.0,-51.0,0.0,30.0,12.0,0.03,52.0,34.875,62.875,21.0,13.0,6.0,16.0,6.875,198.0,91.875,12.0,9.0,33.0,1.0,1.0,1.0,3.0,3.0,1.0,0.0,0.0,48.0,48.0,0.5675,0.5714285714285714,0.0192,0.0192,0.1375,0.625,0.375,0.725,1.0,1.0,0.6666666666666667,0.5349282296650718,0.0
20260628_155937_2ee7d04a,20260628_155937_2ee7d04a_g0018,18,1854889437,5,48,48,48,1,2,BLUE,pool_heuristic,1,3,[3],0,89,4,"{""1"": 90, ""2"": 89, ""3"": 110, ""4"": 91}",False,19.0,-71.0,0.0,35.0,12.0,0.03,35.0,21.375,37.75,12.0,9.0,9.75,4.5,2.5,215.0,56.75,12.0,9.0,30.0,1.0,1.0,2.0,4.0,1.0,0.0,0.0,0.0,48.0,48.0,0.5675,0.5714285714285714,0.0192,0.0192,0.145,0.6590909090909091,0.3409090909090909,0.475,0.7333333333333333,1.0,0.75,0.5490018148820327,0.0
20260628_155937_2ee7d04a,20260628_155937_2ee7d04a_g0018,18,1854889437,5,48,48,48,1,3,YELLOW,sweep_1w_500ms,2,3,[3],1,110,1,"{""1"": 90, ""2"": 89, ""3"": 110, ""4"": 91}",False,32.0,-45.0,1.0,39.0,12.0,0.03,94.0,46.25,94.625,22.0,18.0,24.0,22.5,8.125,156.0,126.625,12.0,9.0,31.0,1.0,1.0,2.0,3.0,2.0,1.0,0.0,0.0,48.0,48.0,0.5675,0.5714285714285714,0.0192,0.0192,0.1425,0.6477272727272727,0.3522727272727273,0.8,1.0,1.0,0.6416666666666667,0.5318559556786704,0.0
20260628_155937_2ee7d04a,20260628_155937_2ee7d04a_g0018,18,1854889437,5,48,48,48,1,4,GREEN,sweep_4w_500ms,3,3,[3],0,91,2,"{""1"": 90, ""2"": 89, ""3"": 110, ""4"": 91}",False,29.0,-51.0,2.0,39.0,12.0,0.03,69.0,40.5,77.5,21.0,18.0,16.5,12.0,10.0,181.0,106.5,12.0,9.0,31.0,1.0,1.0,2.0,3.0,2.0,0.0,0.0,0.0,48.0,48.0,0.5675,0.5714285714285714,0.0192,0.0192,0.1425,0.6477272727272727,0.3522727272727273,0.725,1.0,1.0,0.6666666666666667,0.5189289012003693,0.0
20260628_155937_2ee7d04a,20260628_155937_2ee7d04a_g0018,18,1854889437,6,56,56,56,1,1,RED,sweep_8w_500ms,0,3,[3],0,90,3,"{""1"": 90, ""2"": 89, ""3"": 110, ""4"": 91}",False,31.0,-48.0,0.0,50.0,10.0,0.025,26.0,20.125,26.5,15.0,8.0,3.0,0.5,0.0,128.0,57.5,14.0,7.0,23.0,1.0,1.0,1.0,3.0,1.0,0.0,0.0,0.0,56.0,56.0,0.655,0.6666666666666666,0.0224,0.0224,0.1625,0.7386363636363636,0.26136363636363635,0.775,0.6333333333333333,1.0,0.6583333333333333,0.5060728744939271,0.0
20260628_155937_2ee7d04a,20260628_155937_2ee7d04a_g0018,18,1854889437,6,56,56,56,1,2,BLUE,pool_heuristic,1,3,[3],0,89,4,"{""1"": 90, ""2"": 89, ""3"": 110, ""4"": 91}",False,18.0,-74.0,0.0,51.0,10.0,0.025,14.0,11.0,16.5,8.0,4.0,0.0,2.0,2.5,140.0,34.5,14.0,7.0,23.0,1.0,1.0,1.0,3.0,1.0,0.0,0.0,0.0,56.0,56.0,0.655,0.6666666666666666,0.0224,0.0224,0.1625,0.7386363636363636,0.26136363636363635,0.45,0.5666666666666667,1.0,0.7666666666666667,0.5643724696356275,0.0
20260628_155937_2ee7d04a,20260628_155937_2ee7d04a_g0018,18,1854889437,6,56,56,56,1,3,YELLOW,sweep_1w_500ms,2,3,[3],1,110,1,"{""1"": 90, ""2"": 89, ""3"": 110, ""4"": 91}",False,34.0,-42.0,1.0,48.0,10.0,0.025,71.0,41.75,77.25,22.0,17.0,21.75,14.0,2.5,83.0,111.25,14.0,7.0,22.0,1.0,1.0,2.0,2.0,1.0,1.0,0.0,0.0,56.0,56.0,0.655,0.6666666666666666,0.0224,0.0224,0.165,0.75,0.25,0.85,1.0,1.0,0.6333333333333333,0.5247208931419458,0.0
20260628_155937_2ee7d04a,20260628_155937_2ee7d04a_g0018,18,1854889437,6,56,56,56,1,4,GREEN,sweep_4w_500ms,3,3,[3],0,91,2,"{""1"": 90, ""2"": 89, ""3"": 110, ""4"": 91}",False,27.0,-56.0,2.0,50.0,10.0,0.025,43.0,27.0,44.5,16.0,12.0,11.25,4.0,1.25,111.0,71.5,14.0,7.0,22.0,1.0,1.0,2.0,2.0,1.0,0.0,0.0,0.0,56.0,56.0,0.655,0.6666666666666666,0.0224,0.0224,0.165,0.75,0.25,0.675,1.0,1.0,0.6916666666666667,0.49681020733652315,0.0
20260628_155937_2ee7d04a,20260628_155937_2ee7d04a_g0018,18,1854889437,7,64,64,64,1,1,RED,sweep_8w_500ms,0,3,[3],0,90,3,"{""1"": 90, ""2"": 89, ""3"": 110, ""4"": 91}",False,31.0,-46.0,0.0,58.0,16.0,0.04,17.0,15.5,18.5,14.0,0.0,4.5,0.0,0.0,65.0,49.5,16.0,5.0,17.0,1.0,0.0,1.0,2.0,1.0,0.0,0.0,0.0,64.0,64.0,0.7125,0.7619047619047619,0.0256,0.0256,0.1775,0.8068181818181818,0.19318181818181818,0.775,0.5666666666666667,1.0,0.6416666666666667,0.48480355819125276,0.0
20260628_155937_2ee7d04a,20260628_155937_2ee7d04a_g0018,18,1854889437,7,64,64,64,1,2,BLUE,pool_heuristic,1,3,[3],0,89,4,"{""1"": 90, ""2"": 89, ""3"": 110, ""4"": 91}",False,15.0,-78.0,0.0,62.0,16.0,0.04,4.0,2.0,4.0,0.0,4.0,0.0,0.0,0.0,78.0,19.0,16.0,5.0,18.0,0.0,1.0,1.0,2.0,1.0,0.0,0.0,0.0,64.0,64.0,0.7125,0.7619047619047619,0.0256,0.0256,0.175,0.7954545454545454,0.20454545454545456,0.375,0.4666666666666667,1.0,0.775,0.5541353383458647,0.0
20260628_155937_2ee7d04a,20260628_155937_2ee7d04a_g0018,18,1854889437,7,64,64,64,1,3,YELLOW,sweep_1w_500ms,2,3,[3],1,110,1,"{""1"": 90, ""2"": 89, ""3"": 110, ""4"": 91}",False,35.0,-38.0,1.0,54.0,16.0,0.04,33.0,14.25,35.75,0.0,16.0,15.75,4.0,0.0,49.0,70.75,16.0,5.0,17.0,0.0,1.0,2.0,1.0,1.0,1.0,0.0,0.0,64.0,64.0,0.7125,0.7619047619047619,0.0256,0.0256,0.1775,0.8068181818181818,0.19318181818181818,0.875,0.9,1.0,0.6083333333333333,0.5114899925871016,0.0
20260628_155937_2ee7d04a,20260628_155937_2ee7d04a_g0018,18,1854889437,7,64,64,64,1,4,GREEN,sweep_4w_500ms,3,3,[3],0,91,2,"{""1"": 90, ""2"": 89, ""3"": 110, ""4"": 91}",False,27.0,-54.0,2.0,54.0,16.0,0.04,28.0,19.5,32.5,14.0,0.0,10.5,8.0,0.0,54.0,59.5,16.0,5.0,15.0,1.0,0.0,2.0,2.0,0.0,0.0,0.0,0.0,64.0,64.0,0.7125,0.7619047619047619,0.0256,0.0256,0.1825,0.8295454545454546,0.17045454545454544,0.675,1.0,0.8,0.675,0.4866618601297765,0.0
20260628_155937_2ee7d04a,20260628_155937_2ee7d04a_g0019,19,1785879528,0,8,8,8,1,1,RED,pool_heuristic,0,4,[4],0,88,3,"{""1"": 88, ""2"": 88, ""3"": 89, ""4"": 93}",False,6.0,-19.0,9.0,0.0,0.0,0.0,280.0,70.875,281.375,6.0,8.0,22.5,88.0,156.875,1449.0,287.375,2.0,19.0,78.0,1.0,1.0,2.0,6.0,9.0,0.0,1.0,1.0,8.0,8.0,0.1,0.09523809523809523,0.0032,0.0032,0.025,0.11363636363636363,0.8863636363636364,0.15,1.0,1.0,0.20833333333333334,0.22105263157894728,0.0
20260628_155937_2ee7d04a,20260628_155937_2ee7d04a_g0019,19,1785879528,0,8,8,8,1,2,BLUE,sweep_1w_500ms,1,4,[4],0,88,3,"{""1"": 88, ""2"": 88, ""3"": 89, ""4"": 93}",False,8.0,-15.0,9.0,0.0,0.0,0.0,453.0,112.125,449.5,8.0,13.0,36.75,140.5,251.25,1276.0,457.5,2.0,19.0,78.0,1.0,1.0,2.0,6.0,9.0,1.0,0.0,1.0,8.0,8.0,0.1,0.09523809523809523,0.0032,0.0032,0.025,0.11363636363636363,0.8863636363636364,0.2,1.0,1.0,0.19166666666666668,0.2315789473684211,0.0
20260628_155937_2ee7d04a,20260628_155937_2ee7d04a_g0019,19,1785879528,0,8,8,8,1,3,YELLOW,sweep_4w_500ms,2,4,[4],0,89,2,"{""1"": 88, ""2"": 88, ""3"": 89, ""4"": 93}",False,8.0,-15.0,9.0,0.0,0.0,0.0,453.0,112.125,449.5,8.0,13.0,36.75,140.5,251.25,1276.0,457.5,2.0,19.0,78.0,1.0,1.0,2.0,6.0,9.0,1.0,0.0,1.0,8.0,8.0,0.1,0.09523809523809523,0.0032,0.0032,0.025,0.11363636363636363,0.8863636363636364,0.2,1.0,1.0,0.19166666666666668,0.2315789473684211,0.0
20260628_155937_2ee7d04a,20260628_155937_2ee7d04a_g0019,19,1785879528,0,8,8,8,1,4,GREEN,sweep_8w_500ms,3,4,[4],1,93,1,"{""1"": 88, ""2"": 88, ""3"": 89, ""4"": 93}",False,9.0,-13.0,9.0,0.0,0.0,0.0,543.0,122.625,488.75,9.0,15.0,41.25,153.5,270.0,1186.0,497.75,2.0,19.0,78.0,1.0,1.0,2.0,6.0,9.0,1.0,0.0,0.0,8.0,8.0,0.1,0.09523809523809523,0.0032,0.0032,0.025,0.11363636363636363,0.8863636363636364,0.225,1.0,1.0,0.18333333333333332,0.23684210526315785,0.0
20260628_155937_2ee7d04a,20260628_155937_2ee7d04a_g0019,19,1785879528,1,16,16,16,1,1,RED,pool_heuristic,0,4,[4],0,88,3,"{""1"": 88, ""2"": 88, ""3"": 89, ""4"": 93}",False,10.0,-37.0,6.0,0.0,0.0,0.0,295.0,86.75,320.75,10.0,13.0,35.25,120.0,142.5,2047.0,330.75,4.0,17.0,68.0,1.0,1.0,2.0,6.0,7.0,0.0,1.0,1.0,16.0,16.0,0.2,0.19047619047619047,0.0064,0.0064,0.05,0.22727272727272727,0.7727272727272727,0.25,1.0,1.0,0.39166666666666666,0.37631578947368427,0.0
20260628_155937_2ee7d04a,20260628_155937_2ee7d04a_g0019,19,1785879528,1,16,16,16,1,2,BLUE,sweep_1w_500ms,1,4,[4],0,88,3,"{""1"": 88, ""2"": 88, ""3"": 89, ""4"": 93}",False,16.0,-25.0,0.0,1.0,0.0,0.0,714.0,169.25,652.75,14.0,23.0,64.5,240.0,311.25,1628.0,668.75,4.0,17.0,68.0,1.0,1.0,2.0,6.0,7.0,1.0,0.0,0.0,16.0,16.0,0.2,0.19047619047619047,0.0064,0.0064,0.05,0.22727272727272727,0.7727272727272727,0.4,1.0,1.0,0.3416666666666667,0.4894736842105264,0.0
20260628_155937_2ee7d04a,20260628_155937_2ee7d04a_g0019,19,1785879528,1,16,16,16,1,3,YELLOW,sweep_4w_500ms,2,4,[4],0,89,2,"{""1"": 88, ""2"": 88, ""3"": 89, ""4"": 93}",False,16.0,-25.0,0.0,2.0,0.0,0.0,643.0,163.625,628.0,14.0,23.0,64.5,226.5,300.0,1699.0,644.0,4.0,17.0,68.0,1.0,1.0,2.0,6.0,7.0,1.0,0.0,0.0,16.0,16.0,0.2,0.19047619047619047,0.0064,0.0064,0.05,0.22727272727272727,0.7727272727272727,0.4,1.0,1.0,0.3416666666666667,0.49473684210526314,0.0
20260628_155937_2ee7d04a,20260628_155937_2ee7d04a_g0019,19,1785879528,1,16,16,16,1,4,GREEN,sweep_8w_500ms,3,4,[4],1,93,1,"{""1"": 88, ""2"": 88, ""3"": 89, ""4"": 93}",False,15.0,-27.0,1.0,2.0,0.0,0.0,690.0,166.0,631.5,15.0,24.0,66.0,234.0,292.5,1652.0,646.5,4.0,17.0,68.0,1.0,1.0,2.0,6.0,7.0,1.0,0.0,0.0,16.0,16.0,0.2,0.19047619047619047,0.0064,0.0064,0.05,0.22727272727272727,0.7727272727272727,0.375,1.0,1.0,0.35,0.4894736842105264,0.0
20260628_155937_2ee7d04a,20260628_155937_2ee7d04a_g0019,19,1785879528,2,24,24,24,1,1,RED,pool_heuristic,0,4,[4],0,88,3,"{""1"": 88, ""2"": 88, ""3"": 89, ""4"": 93}",False,14.0,-45.0,6.0,7.0,3.0,0.0075,212.0,70.75,230.875,13.0,16.0,35.25,93.5,73.125,1295.0,244.875,6.0,15.0,58.0,1.0,1.0,2.0,6.0,5.0,0.0,1.0,1.0,24.0,24.0,0.3,0.2857142857142857,0.0096,0.0096,0.075,0.3409090909090909,0.6590909090909091,0.35,1.0,1.0,0.4916666666666667,0.4280701754385965,0.0
20260628_155937_2ee7d04a,20260628_155937_2ee7d04a_g0019,19,1785879528,2,24,24,24,1,2,BLUE,sweep_1w_500ms,1,4,[4],0,88,3,"{""1"": 88, ""2"": 88, ""3"": 89, ""4"": 93}",False,21.0,-31.0,0.0,3.0,3.0,0.0075,341.0,97.0,319.875,16.0,22.0,48.0,144.5,89.375,1166.0,340.875,6.0,15.0,58.0,1.0,1.0,2.0,6.0,5.0,0.0,0.0,0.0,24.0,24.0,0.3,0.2857142857142857,0.0096,0.0096,0.075,0.3409090909090909,0.6590909090909091,0.525,1.0,1.0,0.4333333333333333,0.5456140350877193,0.0
20260628_155937_2ee7d04a,20260628_155937_2ee7d04a_g0019,19,1785879528,2,24,24,24,1,3,YELLOW,sweep_4w_500ms,2,4,[4],0,89,2,"{""1"": 88, ""2"": 88, ""3"": 89, ""4"": 93}",False,20.0,-33.0,0.0,9.0,3.0,0.0075,600.0,165.25,595.25,18.0,29.0,75.0,262.0,211.25,907.0,615.25,6.0,15.0,58.0,1.0,1.0,2.0,6.0,5.0,0.0,0.0,0.0,24.0,24.0,0.3,0.2857142857142857,0.0096,0.0096,0.075,0.3409090909090909,0.6590909090909091,0.5,1.0,1.0,0.4416666666666667,0.5807017543859649,0.0
20260628_155937_2ee7d04a,20260628_155937_2ee7d04a_g0019,19,1785879528,2,24,24,24,1,4,GREEN,sweep_8w_500ms,3,4,[4],1,93,1,"{""1"": 88, ""2"": 88, ""3"": 89, ""4"": 93}",False,18.0,-37.0,1.0,13.0,3.0,0.0075,354.0,103.0,351.875,16.0,21.0,47.25,144.5,123.125,1153.0,369.875,6.0,15.0,58.0,1.0,1.0,2.0,6.0,5.0,1.0,0.0,0.0,24.0,24.0,0.3,0.2857142857142857,0.0096,0.0096,0.075,0.3409090909090909,0.6590909090909091,0.45,1.0,1.0,0.4583333333333333,0.5403508771929826,0.0
20260628_155937_2ee7d04a,20260628_155937_2ee7d04a_g0019,19,1785879528,3,32,32,32,1,1,RED,pool_heuristic,0,4,[4],0,88,3,"{""1"": 88, ""2"": 88, ""3"": 89, ""4"": 93}",False,14.0,-60.0,3.0,8.0,5.0,0.0125,137.0,50.375,142.375,13.0,15.0,31.5,56.0,26.875,1031.0,156.375,8.0,13.0,49.0,1.0,1.0,2.0,5.0,4.0,0.0,1.0,0.0,32.0,32.0,0.385,0.38095238095238093,0.0128,0.0128,0.0975,0.4431818181818182,0.5568181818181818,0.35,1.0,1.0,0.6166666666666667,0.4574898785425101,0.0
20260628_155937_2ee7d04a,20260628_155937_2ee7d04a_g0019,19,1785879528,3,32,32,32,1,2,BLUE,sweep_1w_500ms,1,4,[4],0,88,3,"{""1"": 88, ""2"": 88, ""3"": 89, ""4"": 93}",False,27.0,-34.0,0.0,8.0,5.0,0.0125,255.0,81.625,241.75,20.0,23.0,45.75,85.5,67.5,913.0,268.75,8.0,13.0,50.0,1.0,1.0,2.0,4.0,5.0,0.0,0.0,0.0,32.0,32.0,0.385,0.38095238095238093,0.0128,0.0128,0.095,0.4318181818181818,0.5681818181818182,0.675,1.0,1.0,0.5083333333333333,0.5096952908587258,0.0
20260628_155937_2ee7d04a,20260628_155937_2ee7d04a_g0019,19,1785879528,3,32,32,32,1,3,YELLOW,sweep_4w_500ms,2,4,[4],0,89,2,"{""1"": 88, ""2"": 88, ""3"": 89, ""4"": 93}",False,25.0,-38.0,0.0,22.0,5.0,0.0125,472.0,134.625,459.0,20.0,29.0,75.75,160.5,173.75,696.0,484.0,8.0,13.0,50.0,1.0,1.0,2.0,4.0,5.0,0.0,0.0,0.0,32.0,32.0,0.385,0.38095238095238093,0.0128,0.0128,0.095,0.4318181818181818,0.5681818181818182,0.625,1.0,1.0,0.525,0.574792243767313,0.0
20260628_155937_2ee7d04a,20260628_155937_2ee7d04a_g0019,19,1785879528,3,32,32,32,1,4,GREEN,sweep_8w_500ms,3,4,[4],1,93,1,"{""1"": 88, ""2"": 88, ""3"": 89, ""4"": 93}",False,22.0,-44.0,1.0,24.0,5.0,0.0125,304.0,99.0,317.25,19.0,23.0,52.5,129.0,93.75,864.0,339.25,8.0,13.0,49.0,1.0,1.0,2.0,5.0,4.0,1.0,0.0,0.0,32.0,32.0,0.385,0.38095238095238093,0.0128,0.0128,0.0975,0.4431818181818182,0.5568181818181818,0.55,1.0,1.0,0.55,0.573549257759784,0.0
20260628_155937_2ee7d04a,20260628_155937_2ee7d04a_g0019,19,1785879528,4,40,40,40,1,1,RED,pool_heuristic,0,4,[4],0,88,3,"{""1"": 88, ""2"": 88, ""3"": 89, ""4"": 93}",False,14.0,-74.0,3.0,14.0,7.0,0.0175,65.0,29.875,68.75,12.0,10.0,17.25,24.5,5.0,385.0,82.75,10.0,11.0,39.0,1.0,1.0,2.0,5.0,2.0,0.0,0.0,0.0,40.0,40.0,0.48,0.47619047619047616,0.016,0.016,0.1225,0.5568181818181818,0.4431818181818182,0.35,1.0,1.0,0.7333333333333333,0.4564983888292159,0.0
20260628_155937_2ee7d04a,20260628_155937_2ee7d04a_g0019,19,1785879528,4,40,40,40,1,2,BLUE,sweep_1w_500ms,1,4,[4],0,88,3,"{""1"": 88, ""2"": 88, ""3"": 89, ""4"": 93}",False,32.0,-38.0,0.0,16.0,7.0,0.0175,175.0,71.625,188.125,24.0,23.0,39.0,54.0,48.125,275.0,220.125,10.0,11.0,41.0,1.0,1.0,2.0,3.0,4.0,0.0,0.0,0.0,40.0,40.0,0.48,0.47619047619047616,0.016,0.016,0.1175,0.5340909090909091,0.4659090909090909,0.8,1.0,1.0,0.5833333333333333,0.4904815229563271,0.0
20260628_155937_2ee7d04a,20260628_155937_2ee7d04a_g0019,19,1785879528,4,40,40,40,1,3,YELLOW,sweep_4w_500ms,2,4,[4],0,89,2,"{""1"": 88, ""2"": 88, ""3"": 89, ""4"": 93}",False,29.0,-44.0,0.0,29.0,7.0,0.0175,99.0,44.625,98.25,20.0,17.0,21.0,21.5,18.75,351.0,127.25,10.0,11.0,41.0,1.0,1.0,2.0,3.0,4.0,0.0,0.0,0.0,40.0,40.0,0.48,0.47619047619047616,0.016,0.016,0.1175,0.5340909090909091,0.4659090909090909,0.725,1.0,1.0,0.6083333333333333,0.5778275475923853,0.0
20260628_155937_2ee7d04a,20260628_155937_2ee7d04a_g0019,19,1785879528,4,40,40,40,1,4,GREEN,sweep_8w_500ms,3,4,[4],1,93,1,"{""1"": 88, ""2"": 88, ""3"": 89, ""4"": 93}",False,27.0,-48.0,1.0,30.0,7.0,0.0175,111.0,50.375,118.75,20.0,16.0,27.0,44.5,11.25,339.0,145.75,10.0,11.0,39.0,1.0,1.0,2.0,5.0,2.0,0.0,0.0,0.0,40.0,40.0,0.48,0.47619047619047616,0.016,0.016,0.1225,0.5568181818181818,0.4431818181818182,0.675,1.0,1.0,0.625,0.5542427497314715,0.0
20260628_155937_2ee7d04a,20260628_155937_2ee7d04a_g0019,19,1785879528,5,48,48,48,1,1,RED,pool_heuristic,0,4,[4],0,88,3,"{""1"": 88, ""2"": 88, ""3"": 89, ""4"": 93}",False,14.0,-76.0,1.0,23.0,14.0,0.035,47.0,24.375,49.75,12.0,8.0,12.75,14.5,2.5,241.0,63.75,12.0,9.0,31.0,1.0,1.0,2.0,3.0,2.0,0.0,0.0,0.0,48.0,48.0,0.565,0.5714285714285714,0.0192,0.0192,0.1425,0.6477272727272727,0.3522727272727273,0.35,1.0,1.0,0.75,0.4662973222530009,0.0
20260628_155937_2ee7d04a,20260628_155937_2ee7d04a_g0019,19,1785879528,5,48,48,48,1,2,BLUE,sweep_1w_500ms,1,4,[4],0,88,3,"{""1"": 88, ""2"": 88, ""3"": 89, ""4"": 93}",False,34.0,-36.0,0.0,30.0,14.0,0.035,131.0,61.5,148.0,23.0,21.0,35.25,50.0,18.75,157.0,182.0,12.0,9.0,31.0,1.0,1.0,2.0,3.0,2.0,0.0,0.0,0.0,48.0,48.0,0.565,0.5714285714285714,0.0192,0.0192,0.1425,0.6477272727272727,0.3522727272727273,0.85,1.0,1.0,0.5833333333333333,0.4644506001846722,0.0
20260628_155937_2ee7d04a,20260628_155937_2ee7d04a_g0019,19,1785879528,5,48,48,48,1,3,YELLOW,sweep_4w_500ms,2,4,[4],0,89,2,"{""1"": 88, ""2"": 88, ""3"": 89, ""4"": 93}",False,28.0,-48.0,0.0,37.0,14.0,0.035,55.0,31.625,57.5,18.0,13.0,11.25,6.5,8.75,233.0,85.5,12.0,9.0,32.0,1.0,1.0,2.0,2.0,3.0,0.0,0.0,0.0,48.0,48.0,0.565,0.5714285714285714,0.0192,0.0192,0.14,0.6363636363636364,0.36363636363636365,0.7,1.0,1.0,0.6333333333333333,0.5178571428571428,0.0
20260628_155937_2ee7d04a,20260628_155937_2ee7d04a_g0019,19,1785879528,5,48,48,48,1,4,GREEN,sweep_8w_500ms,3,4,[4],1,93,1,"{""1"": 88, ""2"": 88, ""3"": 89, ""4"": 93}",False,28.0,-48.0,1.0,44.0,14.0,0.035,55.0,30.25,66.0,14.0,11.0,10.5,23.0,7.5,233.0,94.0,12.0,9.0,32.0,1.0,1.0,1.0,4.0,2.0,0.0,0.0,0.0,48.0,48.0,0.565,0.5714285714285714,0.0192,0.0192,0.14,0.6363636363636364,0.36363636363636365,0.7,1.0,1.0,0.6333333333333333,0.5488721804511278,0.0
20260628_155937_2ee7d04a,20260628_155937_2ee7d04a_g0019,19,1785879528,6,56,56,56,1,1,RED,pool_heuristic,0,4,[4],0,88,3,"{""1"": 88, ""2"": 88, ""3"": 89, ""4"": 93}",False,16.0,-73.0,1.0,39.0,22.0,0.055,34.0,22.25,40.25,12.0,9.0,11.25,8.0,0.0,109.0,56.25,14.0,7.0,22.0,1.0,1.0,2.0,2.0,1.0,0.0,0.0,0.0,56.0,56.0,0.6575,0.6666666666666666,0.0224,0.0224,0.165,0.75,0.25,0.4,1.0,1.0,0.7416666666666667,0.4529505582137161,0.0
20260628_155937_2ee7d04a,20260628_155937_2ee7d04a_g0019,19,1785879528,6,56,56,56,1,2,BLUE,sweep_1w_500ms,1,4,[4],0,88,3,"{""1"": 88, ""2"": 88, ""3"": 89, ""4"": 93}",False,33.0,-39.0,0.0,47.0,22.0,0.055,42.0,27.0,46.25,16.0,11.0,8.25,11.0,0.0,101.0,79.25,14.0,7.0,21.0,1.0,1.0,2.0,3.0,0.0,0.0,0.0,0.0,56.0,56.0,0.6575,0.6666666666666666,0.0224,0.0224,0.1675,0.7613636363636364,0.23863636363636365,0.825,0.95,0.8,0.6,0.4540455616653575,0.0
20260628_155937_2ee7d04a,20260628_155937_2ee7d04a_g0019,19,1785879528,6,56,56,56,1,3,YELLOW,sweep_4w_500ms,2,4,[4],0,89,2,"{""1"": 88, ""2"": 88, ""3"": 89, ""4"": 93}",False,29.0,-47.0,0.0,41.0,22.0,0.055,32.0,23.0,35.5,16.0,8.0,3.0,6.0,2.5,111.0,64.5,14.0,7.0,24.0,1.0,1.0,1.0,2.0,2.0,0.0,0.0,0.0,56.0,56.0,0.6575,0.6666666666666666,0.0224,0.0224,0.16,0.7272727272727273,0.2727272727272727,0.725,0.9,1.0,0.6333333333333333,0.49753289473684215,0.0
20260628_155937_2ee7d04a,20260628_155937_2ee7d04a_g0019,19,1785879528,6,56,56,56,1,4,GREEN,sweep_8w_500ms,3,4,[4],1,93,1,"{""1"": 88, ""2"": 88, ""3"": 89, ""4"": 93}",False,27.0,-51.0,1.0,55.0,22.0,0.055,35.0,22.375,38.0,13.0,10.0,7.5,7.5,0.0,108.0,65.0,14.0,7.0,22.0,1.0,1.0,1.0,4.0,0.0,0.0,0.0,0.0,56.0,56.0,0.6575,0.6666666666666666,0.0224,0.0224,0.165,0.75,0.25,0.675,1.0,0.8,0.65,0.5502392344497609,0.0
20260628_155937_2ee7d04a,20260628_155937_2ee7d04a_g0019,19,1785879528,7,64,64,64,1,1,RED,pool_heuristic,0,4,[4],0,88,3,"{""1"": 88, ""2"": 88, ""3"": 89, ""4"": 93}",False,15.0,-72.0,1.0,50.0,29.0,0.0725,17.0,13.5,18.0,10.0,5.0,3.0,0.0,0.0,47.0,33.0,16.0,5.0,15.0,1.0,1.0,1.0,1.0,1.0,0.0,0.0,0.0,64.0,64.0,0.7275,0.7619047619047619,0.0256,0.0256,0.1825,0.8295454545454546,0.17045454545454544,0.375,0.6,1.0,0.725,0.4426820475847153,0.0
20260628_155937_2ee7d04a,20260628_155937_2ee7d04a_g0019,19,1785879528,7,64,64,64,1,2,BLUE,sweep_1w_500ms,1,4,[4],0,88,3,"{""1"": 88, ""2"": 88, ""3"": 89, ""4"": 93}",False,32.0,-38.0,0.0,55.0,29.0,0.0725,15.0,13.0,15.0,12.0,0.0,3.0,0.0,0.0,49.0,47.0,16.0,5.0,15.0,1.0,0.0,2.0,2.0,0.0,0.0,0.0,0.0,64.0,64.0,0.7275,0.7619047619047619,0.0256,0.0256,0.1825,0.8295454545454546,0.17045454545454544,0.8,0.7166666666666667,0.8,0.5833333333333333,0.4607065609228551,0.0
20260628_155937_2ee7d04a,20260628_155937_2ee7d04a_g0019,19,1785879528,7,64,64,64,1,3,YELLOW,sweep_4w_500ms,2,4,[4],0,89,2,"{""1"": 88, ""2"": 88, ""3"": 89, ""4"": 93}",False,27.0,-48.0,0.0,52.0,29.0,0.0725,18.0,15.0,18.0,12.0,6.0,0.0,0.0,0.0,46.0,45.0,16.0,5.0,15.0,1.0,1.0,1.0,1.0,1.0,0.0,0.0,0.0,64.0,64.0,0.7275,0.7619047619047619,0.0256,0.0256,0.1825,0.8295454545454546,0.17045454545454544,0.675,0.55,1.0,0.625,0.4895457822638789,0.0
20260628_155937_2ee7d04a,20260628_155937_2ee7d04a_g0019,19,1785879528,7,64,64,64,1,4,GREEN,sweep_8w_500ms,3,4,[4],1,93,1,"{""1"": 88, ""2"": 88, ""3"": 89, ""4"": 93}",False,28.0,-46.0,1.0,63.0,29.0,0.0725,14.0,11.625,15.0,10.0,0.0,4.5,0.5,0.0,50.0,43.0,16.0,5.0,16.0,1.0,0.0,1.0,3.0,0.0,0.0,0.0,0.0,64.0,64.0,0.7275,0.7619047619047619,0.0256,0.0256,0.18,0.8181818181818182,0.18181818181818182,0.7,0.65,0.8,0.6166666666666667,0.5402046783625731,0.0
20260628_155937_2ee7d04a,20260628_155937_2ee7d04a_g0020,20,1876697018,0,8,8,8,1,1,RED,sweep_1w_500ms,0,2,[2],0,93,2,"{""1"": 93, ""2"": 101, ""3"": 92, ""4"": 72}",False,8.0,-16.0,9.0,0.0,0.0,0.0,512.0,119.5,486.75,8.0,14.0,39.75,125.0,300.0,1356.0,494.75,2.0,19.0,79.0,1.0,1.0,2.0,5.0,10.0,1.0,0.0,1.0,8.0,8.0,0.0975,0.09523809523809523,0.0032,0.0032,0.0225,0.10227272727272728,0.8977272727272727,0.2,1.0,1.0,0.2,0.23976608187134507,0.0
20260628_155937_2ee7d04a,20260628_155937_2ee7d04a_g0020,20,1876697018,0,8,8,8,1,2,BLUE,sweep_4w_500ms,1,2,[2],1,101,1,"{""1"": 93, ""2"": 101, ""3"": 92, ""4"": 72}",False,9.0,-14.0,9.0,0.0,0.0,0.0,543.0,122.625,488.75,9.0,15.0,41.25,153.5,270.0,1325.0,497.75,2.0,19.0,78.0,1.0,1.0,2.0,6.0,9.0,1.0,0.0,0.0,8.0,8.0,0.0975,0.09523809523809523,0.0032,0.0032,0.025,0.11363636363636363,0.8863636363636364,0.225,1.0,1.0,0.19166666666666668,0.23684210526315785,0.0
20260628_155937_2ee7d04a,20260628_155937_2ee7d04a_g0020,20,1876697018,0,8,8,8,1,3,YELLOW,sweep_8w_500ms,2,2,[2],0,92,3,"{""1"": 93, ""2"": 101, ""3"": 92, ""4"": 72}",False,8.0,-16.0,9.0,0.0,0.0,0.0,404.0,96.125,382.0,8.0,11.0,30.75,118.5,213.75,1464.0,390.0,2.0,19.0,78.0,1.0,1.0,2.0,6.0,9.0,1.0,1.0,0.0,8.0,8.0,0.0975,0.09523809523809523,0.0032,0.0032,0.025,0.11363636363636363,0.8863636363636364,0.2,1.0,1.0,0.2,0.20526315789473681,0.0
20260628_155937_2ee7d04a,20260628_155937_2ee7d04a_g0020,20,1876697018,0,8,8,8,1,4,GREEN,pool_heuristic,3,2,[2],0,72,4,"{""1"": 93, ""2"": 101, ""3"": 92, ""4"": 72}",False,7.0,-18.0,9.0,0.0,0.0,0.0,409.0,100.625,402.625,7.0,12.0,33.75,128.0,221.875,1459.0,409.625,2.0,19.0,78.0,1.0,1.0,2.0,6.0,9.0,1.0,0.0,1.0,8.0,8.0,0.0975,0.09523809523809523,0.0032,0.0032,0.025,0.11363636363636363,0.8863636363636364,0.175,1.0,1.0,0.20833333333333334,0.25263157894736843,0.0
20260628_155937_2ee7d04a,20260628_155937_2ee7d04a_g0020,20,1876697018,1,16,16,16,1,1,RED,sweep_1w_500ms,0,2,[2],0,93,2,"{""1"": 93, ""2"": 101, ""3"": 92, ""4"": 72}",False,17.0,-24.0,0.0,2.0,0.0,0.0,581.0,141.375,544.625,13.0,21.0,56.25,165.0,289.375,1767.0,561.625,4.0,17.0,69.0,1.0,1.0,2.0,5.0,8.0,1.0,0.0,0.0,16.0,16.0,0.1975,0.19047619047619047,0.0064,0.0064,0.0475,0.2159090909090909,0.7840909090909091,0.425,1.0,1.0,0.3416666666666667,0.5235457063711911,0.0
20260628_155937_2ee7d04a,20260628_155937_2ee7d04a_g0020,20,1876697018,1,16,16,16,1,2,BLUE,sweep_4w_500ms,1,2,[2],1,101,1,"{""1"": 93, ""2"": 101, ""3"": 92, ""4"": 72}",False,15.0,-28.0,1.0,3.0,0.0,0.0,602.0,152.625,582.25,14.0,22.0,58.5,211.5,276.25,1746.0,597.25,4.0,17.0,68.0,1.0,1.0,2.0,6.0,7.0,1.0,0.0,0.0,16.0,16.0,0.1975,0.19047619047619047,0.0064,0.0064,0.05,0.22727272727272727,0.7727272727272727,0.375,1.0,1.0,0.35833333333333334,0.4842105263157894,0.0
20260628_155937_2ee7d04a,20260628_155937_2ee7d04a_g0020,20,1876697018,1,16,16,16,1,3,YELLOW,sweep_8w_500ms,2,2,[2],0,92,3,"{""1"": 93, ""2"": 101, ""3"": 92, ""4"": 72}",False,13.0,-32.0,0.0,2.0,0.0,0.0,598.0,150.375,580.625,13.0,20.0,56.25,207.0,284.375,1750.0,593.625,4.0,17.0,68.0,1.0,1.0,2.0,6.0,7.0,1.0,0.0,0.0,16.0,16.0,0.1975,0.19047619047619047,0.0064,0.0064,0.05,0.22727272727272727,0.7727272727272727,0.325,1.0,1.0,0.375,0.46842105263157896,0.0
20260628_155937_2ee7d04a,20260628_155937_2ee7d04a_g0020,20,1876697018,1,16,16,16,1,4,GREEN,pool_heuristic,3,2,[2],0,72,4,"{""1"": 93, ""2"": 101, ""3"": 92, ""4"": 72}",False,13.0,-32.0,5.0,0.0,0.0,0.0,567.0,150.25,571.375,13.0,22.0,60.0,219.5,256.875,1781.0,584.375,4.0,17.0,68.0,1.0,1.0,2.0,6.0,7.0,1.0,0.0,1.0,16.0,16.0,0.1975,0.19047619047619047,0.0064,0.0064,0.05,0.22727272727272727,0.7727272727272727,0.325,1.0,1.0,0.375,0.43947368421052635,0.0
20260628_155937_2ee7d04a,20260628_155937_2ee7d04a_g0020,20,1876697018,2,24,24,24,1,1,RED,sweep_1w_500ms,0,2,[2],0,93,2,"{""1"": 93, ""2"": 101, ""3"": 92, ""4"": 72}",False,20.0,-40.0,0.0,6.0,6.0,0.015,507.0,131.625,477.5,16.0,23.0,59.25,170.5,208.75,1143.0,497.5,6.0,15.0,59.0,1.0,1.0,2.0,5.0,6.0,1.0,0.0,0.0,24.0,24.0,0.295,0.2857142857142857,0.0096,0.0096,0.0725,0.32954545454545453,0.6704545454545454,0.5,1.0,1.0,0.5,0.5989110707803993,0.0
20260628_155937_2ee7d04a,20260628_155937_2ee7d04a_g0020,20,1876697018,2,24,24,24,1,2,BLUE,sweep_4w_500ms,1,2,[2],1,101,1,"{""1"": 93, ""2"": 101, ""3"": 92, ""4"": 72}",False,22.0,-36.0,1.0,8.0,6.0,0.015,568.0,158.125,571.375,19.0,29.0,71.25,209.0,243.125,1082.0,593.375,6.0,15.0,59.0,1.0,1.0,2.0,5.0,6.0,1.0,0.0,0.0,24.0,24.0,0.295,0.2857142857142857,0.0096,0.0096,0.0725,0.32954545454545453,0.6704545454545454,0.55,1.0,1.0,0.4833333333333333,0.5081669691470054,0.0
20260628_155937_2ee7d04a,20260628_155937_2ee7d04a_g0020,20,1876697018,2,24,24,24,1,3,YELLOW,sweep_8w_500ms,2,2,[2],0,92,3,"{""1"": 93, ""2"": 101, ""3"": 92, ""4"": 72}",False,19.0,-42.0,0.0,14.0,6.0,0.015,171.0,56.75,175.5,13.0,14.0,26.25,71.0,51.25,1479.0,194.5,6.0,15.0,58.0,1.0,1.0,2.0,6.0,5.0,1.0,0.0,0.0,24.0,24.0,0.295,0.2857142857142857,0.0096,0.0096,0.075,0.3409090909090909,0.6590909090909091,0.475,1.0,1.0,0.5083333333333333,0.5017543859649123,0.0
20260628_155937_2ee7d04a,20260628_155937_2ee7d04a_g0020,20,1876697018,2,24,24,24,1,4,GREEN,pool_heuristic,3,2,[2],0,72,4,"{""1"": 93, ""2"": 101, ""3"": 92, ""4"": 72}",False,19.0,-42.0,5.0,7.0,6.0,0.015,404.0,117.125,396.375,17.0,25.0,55.5,187.0,111.875,1246.0,415.375,6.0,15.0,58.0,1.0,1.0,2.0,6.0,5.0,1.0,0.0,0.0,24.0,24.0,0.295,0.2857142857142857,0.0096,0.0096,0.075,0.3409090909090909,0.6590909090909091,0.475,1.0,1.0,0.5083333333333333,0.4964912280701754,0.0
20260628_155937_2ee7d04a,20260628_155937_2ee7d04a_g0020,20,1876697018,3,32,32,32,1,1,RED,sweep_1w_500ms,0,2,[2],0,93,2,"{""1"": 93, ""2"": 101, ""3"": 92, ""4"": 72}",False,26.0,-43.0,0.0,12.0,8.0,0.02,398.0,115.125,381.0,20.0,24.0,58.5,158.5,120.0,682.0,407.0,8.0,13.0,49.0,1.0,1.0,2.0,5.0,4.0,1.0,0.0,0.0,32.0,32.0,0.385,0.38095238095238093,0.0128,0.0128,0.0975,0.4431818181818182,0.5568181818181818,0.65,1.0,1.0,0.575,0.5775978407557355,0.0
20260628_155937_2ee7d04a,20260628_155937_2ee7d04a_g0020,20,1876697018,3,32,32,32,1,2,BLUE,sweep_4w_500ms,1,2,[2],1,101,1,"{""1"": 93, ""2"": 101, ""3"": 92, ""4"": 72}",False,26.0,-43.0,1.0,18.0,8.0,0.02,373.0,113.0,387.75,21.0,27.0,28.5,135.0,176.25,707.0,413.75,8.0,13.0,52.0,1.0,1.0,1.0,4.0,6.0,1.0,0.0,0.0,32.0,32.0,0.385,0.38095238095238093,0.0128,0.0128,0.09,0.4090909090909091,0.5909090909090909,0.65,1.0,1.0,0.575,0.5277777777777779,0.0
20260628_155937_2ee7d04a,20260628_155937_2ee7d04a_g0020,20,1876697018,3,32,32,32,1,3,YELLOW,sweep_8w_500ms,2,2,[2],0,92,3,"{""1"": 93, ""2"": 101, ""3"": 92, ""4"": 72}",False,24.0,-47.0,0.0,22.0,8.0,0.02,168.0,60.625,174.25,16.0,18.0,32.25,65.5,42.5,912.0,198.25,8.0,13.0,49.0,1.0,1.0,2.0,5.0,4.0,1.0,0.0,0.0,32.0,32.0,0.385,0.38095238095238093,0.0128,0.0128,0.0975,0.4431818181818182,0.5568181818181818,0.6,1.0,1.0,0.5916666666666667,0.50472334682861,0.0
20260628_155937_2ee7d04a,20260628_155937_2ee7d04a_g0020,20,1876697018,3,32,32,32,1,4,GREEN,pool_heuristic,3,2,[2],0,72,4,"{""1"": 93, ""2"": 101, ""3"": 92, ""4"": 72}",False,19.0,-57.0,5.0,15.0,8.0,0.02,141.0,55.375,158.25,14.0,17.0,29.25,70.5,27.5,939.0,177.25,8.0,13.0,48.0,1.0,1.0,2.0,6.0,3.0,1.0,0.0,0.0,32.0,32.0,0.385,0.38095238095238093,0.0128,0.0128,0.1,0.45454545454545453,0.5454545454545454,0.475,1.0,1.0,0.6333333333333333,0.4815789473684211,0.0
20260628_155937_2ee7d04a,20260628_155937_2ee7d04a_g0020,20,1876697018,4,40,40,40,1,1,RED,sweep_1w_500ms,0,2,[2],0,93,2,"{""1"": 93, ""2"": 101, ""3"": 92, ""4"": 72}",False,31.0,-45.0,0.0,26.0,11.0,0.0275,244.0,85.5,256.5,22.0,22.0,48.0,72.0,92.5,303.0,287.5,10.0,11.0,41.0,1.0,1.0,2.0,3.0,4.0,1.0,0.0,0.0,40.0,40.0,0.475,0.47619047619047616,0.016,0.016,0.1175,0.5340909090909091,0.4659090909090909,0.775,1.0,1.0,0.6333333333333333,0.5991041433370661,0.0
20260628_155937_2ee7d04a,20260628_155937_2ee7d04a_g0020,20,1876697018,4,40,40,40,1,2,BLUE,sweep_4w_500ms,1,2,[2],1,101,1,"{""1"": 93, ""2"": 101, ""3"": 92, ""4"": 72}",False,28.0,-51.0,1.0,28.0,11.0,0.0275,117.0,54.0,138.25,20.0,19.0,13.5,57.0,28.75,430.0,166.25,10.0,11.0,42.0,1.0,1.0,1.0,4.0,4.0,1.0,0.0,0.0,40.0,40.0,0.475,0.47619047619047616,0.016,0.016,0.115,0.5227272727272727,0.4772727272727273,0.7,1.0,1.0,0.6583333333333333,0.568649885583524,0.0
20260628_155937_2ee7d04a,20260628_155937_2ee7d04a_g0020,20,1876697018,4,40,40,40,1,3,YELLOW,sweep_8w_500ms,2,2,[2],0,92,3,"{""1"": 93, ""2"": 101, ""3"": 92, ""4"": 72}",False,29.0,-49.0,0.0,31.0,11.0,0.0275,152.0,59.25,161.75,18.0,18.0,32.25,56.0,37.5,395.0,190.75,10.0,11.0,40.0,1.0,1.0,2.0,4.0,3.0,1.0,0.0,0.0,40.0,40.0,0.475,0.47619047619047616,0.016,0.016,0.12,0.5454545454545454,0.45454545454545453,0.725,1.0,1.0,0.65,0.5164473684210527,0.0
20260628_155937_2ee7d04a,20260628_155937_2ee7d04a_g0020,20,1876697018,4,40,40,40,1,4,GREEN,pool_heuristic,3,2,[2],0,72,4,"{""1"": 93, ""2"": 101, ""3"": 92, ""4"": 72}",False,19.0,-69.0,5.0,19.0,11.0,0.0275,34.0,21.25,34.5,13.0,9.0,7.5,5.0,0.0,513.0,53.5,10.0,11.0,39.0,1.0,1.0,2.0,5.0,2.0,1.0,0.0,0.0,40.0,40.0,0.475,0.47619047619047616,0.016,0.016,0.1225,0.5568181818181818,0.4431818181818182,0.475,1.0,1.0,0.7333333333333333,0.45220193340494097,0.0
20260628_155937_2ee7d04a,20260628_155937_2ee7d04a_g0020,20,1876697018,5,48,48,48,1,1,RED,sweep_1w_500ms,0,2,[2],0,93,2,"{""1"": 93, ""2"": 101, ""3"": 92, ""4"": 72}",False,35.0,-46.0,0.0,40.0,13.0,0.0325,108.0,54.0,123.0,24.0,17.0,30.75,20.0,31.25,203.0,158.0,12.0,9.0,32.0,1.0,1.0,2.0,2.0,3.0,1.0,0.0,0.0,48.0,48.0,0.565,0.5714285714285714,0.0192,0.0192,0.14,0.6363636363636364,0.36363636363636365,0.875,1.0,1.0,0.675,0.5667293233082706,0.0
20260628_155937_2ee7d04a,20260628_155937_2ee7d04a_g0020,20,1876697018,5,48,48,48,1,2,BLUE,sweep_4w_500ms,1,2,[2],1,101,1,"{""1"": 93, ""2"": 101, ""3"": 92, ""4"": 72}",False,29.0,-58.0,1.0,38.0,13.0,0.0325,82.0,43.25,99.75,19.0,16.0,13.5,30.0,21.25,229.0,128.75,12.0,9.0,33.0,1.0,1.0,1.0,3.0,3.0,0.0,0.0,0.0,48.0,48.0,0.565,0.5714285714285714,0.0192,0.0192,0.1375,0.625,0.375,0.725,1.0,1.0,0.725,0.5138755980861245,0.0
20260628_155937_2ee7d04a,20260628_155937_2ee7d04a_g0020,20,1876697018,5,48,48,48,1,3,YELLOW,sweep_8w_500ms,2,2,[2],0,92,3,"{""1"": 93, ""2"": 101, ""3"": 92, ""4"": 72}",False,33.0,-50.0,0.0,41.0,13.0,0.0325,97.0,44.75,106.0,17.0,16.0,24.0,39.0,10.0,214.0,139.0,12.0,9.0,30.0,1.0,1.0,2.0,4.0,1.0,0.0,0.0,0.0,48.0,48.0,0.565,0.5714285714285714,0.0192,0.0192,0.145,0.6590909090909091,0.3409090909090909,0.825,1.0,1.0,0.6916666666666667,0.5045372050816697,0.0
20260628_155937_2ee7d04a,20260628_155937_2ee7d04a_g0020,20,1876697018,5,48,48,48,1,4,GREEN,pool_heuristic,3,2,[2],0,72,4,"{""1"": 93, ""2"": 101, ""3"": 92, ""4"": 72}",False,19.0,-78.0,5.0,25.0,13.0,0.0325,24.0,16.875,23.25,12.0,7.0,3.75,0.5,0.0,287.0,42.25,12.0,9.0,31.0,1.0,1.0,2.0,3.0,2.0,1.0,0.0,0.0,48.0,48.0,0.565,0.5714285714285714,0.0192,0.0192,0.1425,0.6477272727272727,0.3522727272727273,0.475,0.8833333333333333,1.0,0.8083333333333333,0.41366574330563244,0.0
20260628_155937_2ee7d04a,20260628_155937_2ee7d04a_g0020,20,1876697018,6,56,56,56,1,1,RED,sweep_1w_500ms,0,2,[2],0,93,2,"{""1"": 93, ""2"": 101, ""3"": 92, ""4"": 72}",False,34.0,-49.0,0.0,51.0,15.0,0.0375,65.0,36.875,65.875,22.0,11.0,18.0,8.0,6.875,108.0,99.875,14.0,7.0,22.0,1.0,1.0,2.0,2.0,1.0,0.0,0.0,0.0,56.0,56.0,0.6475,0.6666666666666666,0.0224,0.0224,0.165,0.75,0.25,0.85,1.0,1.0,0.6916666666666667,0.5303030303030303,0.0
20260628_155937_2ee7d04a,20260628_155937_2ee7d04a_g0020,20,1876697018,6,56,56,56,1,2,BLUE,sweep_4w_500ms,1,2,[2],1,101,1,"{""1"": 93, ""2"": 101, ""3"": 92, ""4"": 72}",False,29.0,-59.0,1.0,45.0,15.0,0.0375,55.0,30.625,60.875,16.0,11.0,10.5,19.0,4.375,118.0,89.875,14.0,7.0,23.0,1.0,1.0,1.0,3.0,1.0,0.0,0.0,0.0,56.0,56.0,0.6475,0.6666666666666666,0.0224,0.0224,0.1625,0.7386363636363636,0.26136363636363635,0.725,1.0,1.0,0.7333333333333333,0.49959514170040487,0.0
20260628_155937_2ee7d04a,20260628_155937_2ee7d04a_g0020,20,1876697018,6,56,56,56,1,3,YELLOW,sweep_8w_500ms,2,2,[2],0,92,3,"{""1"": 93, ""2"": 101, ""3"": 92, ""4"": 72}",False,35.0,-47.0,0.0,54.0,15.0,0.0375,42.0,25.625,42.0,16.0,10.0,7.5,8.5,0.0,131.0,77.0,14.0,7.0,21.0,1.0,1.0,2.0,3.0,0.0,0.0,0.0,0.0,56.0,56.0,0.6475,0.6666666666666666,0.0224,0.0224,0.1675,0.7613636363636364,0.23863636363636365,0.875,1.0,0.8,0.6833333333333333,0.4799685781618225,0.0
20260628_155937_2ee7d04a,20260628_155937_2ee7d04a_g0020,20,1876697018,6,56,56,56,1,4,GREEN,pool_heuristic,3,2,[2],0,72,4,"{""1"": 93, ""2"": 101, ""3"": 92, ""4"": 72}",False,19.0,-79.0,3.0,38.0,15.0,0.0375,11.0,4.375,10.5,0.0,6.0,3.0,1.5,0.0,162.0,29.5,14.0,7.0,27.0,0.0,1.0,1.0,3.0,2.0,1.0,0.0,0.0,56.0,56.0,0.6475,0.6666666666666666,0.0224,0.0224,0.1525,0.6931818181818182,0.3068181818181818,0.475,0.75,1.0,0.8166666666666667,0.4374460742018982,0.0
20260628_155937_2ee7d04a,20260628_155937_2ee7d04a_g0020,20,1876697018,7,64,64,64,1,1,RED,sweep_1w_500ms,0,2,[2],0,93,2,"{""1"": 93, ""2"": 101, ""3"": 92, ""4"": 72}",False,32.0,-45.0,0.0,57.0,25.0,0.0625,24.0,20.5,25.0,17.0,5.0,3.0,0.0,0.0,38.0,57.0,16.0,5.0,14.0,1.0,1.0,1.0,2.0,0.0,0.0,0.0,0.0,64.0,64.0,0.7225,0.7619047619047619,0.0256,0.0256,0.185,0.8409090909090909,0.1590909090909091,0.8,0.8666666666666667,0.8,0.6416666666666667,0.5056899004267426,0.0
20260628_155937_2ee7d04a,20260628_155937_2ee7d04a_g0020,20,1876697018,7,64,64,64,1,2,BLUE,sweep_4w_500ms,1,2,[2],1,101,1,"{""1"": 93, ""2"": 101, ""3"": 92, ""4"": 72}",False,26.0,-57.0,1.0,54.0,25.0,0.0625,18.0,15.0,21.5,11.0,5.0,1.5,4.0,0.0,44.0,47.5,16.0,5.0,14.0,1.0,1.0,1.0,2.0,0.0,0.0,0.0,0.0,64.0,64.0,0.7225,0.7619047619047619,0.0256,0.0256,0.185,0.8409090909090909,0.1590909090909091,0.65,0.85,0.8,0.6916666666666667,0.48008534850640106,0.0
20260628_155937_2ee7d04a,20260628_155937_2ee7d04a_g0020,20,1876697018,7,64,64,64,1,3,YELLOW,sweep_8w_500ms,2,2,[2],0,92,3,"{""1"": 93, ""2"": 101, ""3"": 92, ""4"": 72}",False,35.0,-39.0,0.0,58.0,25.0,0.0625,20.0,16.5,21.5,13.0,5.0,1.5,2.0,0.0,42.0,56.5,16.0,5.0,14.0,1.0,1.0,1.0,2.0,0.0,0.0,0.0,0.0,64.0,64.0,0.7225,0.7619047619047619,0.0256,0.0256,0.185,0.8409090909090909,0.1590909090909091,0.875,0.8666666666666667,0.8,0.6166666666666667,0.48293029871977244,0.0
20260628_155937_2ee7d04a,20260628_155937_2ee7d04a_g0020,20,1876697018,7,64,64,64,1,4,GREEN,pool_heuristic,3,2,[2],0,72,4,"{""1"": 93, ""2"": 101, ""3"": 92, ""4"": 72}",False,16.0,-77.0,3.0,50.0,25.0,0.0625,0.0,0.0,0.0,0.0,0.0,0.0,0.0,0.0,62.0,16.0,16.0,5.0,21.0,0.0,0.0,1.0,2.0,2.0,1.0,0.0,0.0,64.0,64.0,0.7225,0.7619047619047619,0.0256,0.0256,0.1675,0.7613636363636364,0.23863636363636365,0.4,0.4666666666666667,1.0,0.775,0.4477611940298507,0.0
20260628_155937_2ee7d04a,20260628_155937_2ee7d04a_g0021,21,1755416275,0,8,8,8,1,1,RED,sweep_4w_500ms,0,1,[1],1,97,1,"{""1"": 97, ""2"": 90, ""3"": 80, ""4"": 83}",False,8.0,-16.0,9.0,0.0,0.0,0.0,404.0,96.125,382.0,8.0,11.0,30.75,118.5,213.75,1386.0,390.0,2.0,19.0,78.0,1.0,1.0,2.0,6.0,9.0,1.0,1.0,0.0,8.0,8.0,0.0975,0.09523809523809523,0.0032,0.0032,0.025,0.11363636363636363,0.8863636363636364,0.2,1.0,1.0,0.2,0.20526315789473681,0.0
20260628_155937_2ee7d04a,20260628_155937_2ee7d04a_g0021,21,1755416275,0,8,8,8,1,2,BLUE,sweep_8w_500ms,1,1,[1],0,90,2,"{""1"": 97, ""2"": 90, ""3"": 80, ""4"": 83}",False,8.0,-16.0,9.0,0.0,0.0,0.0,404.0,96.125,382.0,8.0,11.0,30.75,118.5,213.75,1386.0,390.0,2.0,19.0,78.0,1.0,1.0,2.0,6.0,9.0,1.0,1.0,0.0,8.0,8.0,0.0975,0.09523809523809523,0.0032,0.0032,0.025,0.11363636363636363,0.8863636363636364,0.2,1.0,1.0,0.2,0.20526315789473681,0.0
20260628_155937_2ee7d04a,20260628_155937_2ee7d04a_g0021,21,1755416275,0,8,8,8,1,3,YELLOW,pool_heuristic,2,1,[1],0,80,4,"{""1"": 97, ""2"": 90, ""3"": 80, ""4"": 83}",False,8.0,-16.0,9.0,0.0,0.0,0.0,493.0,121.0,487.5,8.0,14.0,39.75,152.0,273.75,1297.0,495.5,2.0,19.0,78.0,1.0,1.0,2.0,6.0,9.0,1.0,0.0,1.0,8.0,8.0,0.0975,0.09523809523809523,0.0032,0.0032,0.025,0.11363636363636363,0.8863636363636364,0.2,1.0,1.0,0.2,0.2578947368421053,0.0
20260628_155937_2ee7d04a,20260628_155937_2ee7d04a_g0021,21,1755416275,0,8,8,8,1,4,GREEN,sweep_1w_500ms,3,1,[1],0,83,3,"{""1"": 97, ""2"": 90, ""3"": 80, ""4"": 83}",False,8.0,-16.0,9.0,0.0,0.0,0.0,489.0,120.375,491.125,8.0,14.0,39.75,125.0,304.375,1301.0,499.125,2.0,19.0,79.0,1.0,1.0,2.0,5.0,10.0,1.0,1.0,1.0,8.0,8.0,0.0975,0.09523809523809523,0.0032,0.0032,0.0225,0.10227272727272728,0.8977272727272727,0.2,1.0,1.0,0.2,0.23391812865497075,0.0
20260628_155937_2ee7d04a,20260628_155937_2ee7d04a_g0021,21,1755416275,1,16,16,16,1,1,RED,sweep_4w_500ms,0,1,[1],1,97,1,"{""1"": 97, ""2"": 90, ""3"": 80, ""4"": 83}",False,16.0,-29.0,1.0,0.0,1.0,0.0025,827.0,205.875,799.5,16.0,27.0,77.25,295.5,383.75,2075.0,815.5,4.0,17.0,68.0,1.0,1.0,2.0,6.0,7.0,1.0,0.0,0.0,16.0,16.0,0.195,0.19047619047619047,0.0064,0.0064,0.05,0.22727272727272727,0.7727272727272727,0.4,1.0,1.0,0.375,0.4631578947368421,0.0
20260628_155937_2ee7d04a,20260628_155937_2ee7d04a_g0021,21,1755416275,1,16,16,16,1,2,BLUE,sweep_8w_500ms,1,1,[1],0,90,2,"{""1"": 97, ""2"": 90, ""3"": 80, ""4"": 83}",False,16.0,-29.0,3.0,3.0,1.0,0.0025,710.0,173.125,657.125,16.0,26.0,66.75,244.0,304.375,2192.0,673.125,4.0,17.0,68.0,1.0,1.0,2.0,6.0,7.0,1.0,0.0,0.0,16.0,16.0,0.195,0.19047619047619047,0.0064,0.0064,0.05,0.22727272727272727,0.7727272727272727,0.4,1.0,1.0,0.375,0.4368421052631579,0.0
20260628_155937_2ee7d04a,20260628_155937_2ee7d04a_g0021,21,1755416275,1,16,16,16,1,3,YELLOW,pool_heuristic,2,1,[1],0,80,4,"{""1"": 97, ""2"": 90, ""3"": 80, ""4"": 83}",False,14.0,-33.0,3.0,6.0,1.0,0.0025,679.0,169.5,654.375,14.0,23.0,64.5,238.5,314.375,2223.0,668.375,4.0,17.0,68.0,1.0,1.0,2.0,6.0,7.0,0.0,0.0,1.0,16.0,16.0,0.195,0.19047619047619047,0.0064,0.0064,0.05,0.22727272727272727,0.7727272727272727,0.35,1.0,1.0,0.39166666666666666,0.47631578947368425,0.0
20260628_155937_2ee7d04a,20260628_155937_2ee7d04a_g0021,21,1755416275,1,16,16,16,1,4,GREEN,sweep_1w_500ms,3,1,[1],0,83,3,"{""1"": 97, ""2"": 90, ""3"": 80, ""4"": 83}",False,15.0,-31.0,4.0,3.0,1.0,0.0025,686.0,166.125,645.375,15.0,26.0,69.75,159.0,375.625,2216.0,660.375,4.0,17.0,70.0,1.0,1.0,2.0,4.0,9.0,1.0,1.0,0.0,16.0,16.0,0.195,0.19047619047619047,0.0064,0.0064,0.045,0.20454545454545456,0.7954545454545454,0.375,1.0,1.0,0.38333333333333336,0.39766081871345027,0.0
20260628_155937_2ee7d04a,20260628_155937_2ee7d04a_g0021,21,1755416275,2,24,24,24,1,1,RED,sweep_4w_500ms,0,1,[1],1,97,1,"{""1"": 97, ""2"": 90, ""3"": 80, ""4"": 83}",False,23.0,-36.0,1.0,8.0,5.0,0.0125,705.0,184.125,671.0,22.0,32.0,81.75,236.5,298.75,1181.0,694.0,6.0,15.0,59.0,1.0,1.0,2.0,5.0,6.0,1.0,0.0,0.0,24.0,24.0,0.2925,0.2857142857142857,0.0096,0.0096,0.0725,0.32954545454545453,0.6704545454545454,0.575,1.0,1.0,0.4916666666666667,0.5063520871143377,0.0
20260628_155937_2ee7d04a,20260628_155937_2ee7d04a_g0021,21,1755416275,2,24,24,24,1,2,BLUE,sweep_8w_500ms,1,1,[1],0,90,2,"{""1"": 97, ""2"": 90, ""3"": 80, ""4"": 83}",False,21.0,-40.0,1.0,14.0,5.0,0.0125,319.0,95.25,316.875,17.0,20.0,42.0,133.5,104.375,1567.0,337.875,6.0,15.0,58.0,1.0,1.0,2.0,6.0,5.0,1.0,0.0,0.0,24.0,24.0,0.2925,0.2857142857142857,0.0096,0.0096,0.075,0.3409090909090909,0.6590909090909091,0.525,1.0,1.0,0.5083333333333333,0.5333333333333333,0.0
20260628_155937_2ee7d04a,20260628_155937_2ee7d04a_g0021,21,1755416275,2,24,24,24,1,3,YELLOW,pool_heuristic,2,1,[1],0,80,4,"{""1"": 97, ""2"": 90, ""3"": 80, ""4"": 83}",False,16.0,-50.0,3.0,7.0,5.0,0.0125,295.0,91.375,310.25,14.0,19.0,42.0,136.5,98.75,1591.0,326.25,6.0,15.0,58.0,1.0,1.0,2.0,6.0,5.0,0.0,0.0,1.0,24.0,24.0,0.2925,0.2857142857142857,0.0096,0.0096,0.075,0.3409090909090909,0.6590909090909091,0.4,1.0,1.0,0.55,0.5,0.0
20260628_155937_2ee7d04a,20260628_155937_2ee7d04a_g0021,21,1755416275,2,24,24,24,1,4,GREEN,sweep_1w_500ms,3,1,[1],0,83,3,"{""1"": 97, ""2"": 90, ""3"": 80, ""4"": 83}",False,22.0,-38.0,3.0,7.0,5.0,0.0125,567.0,149.0,541.125,19.0,27.0,72.0,157.5,265.625,1319.0,563.125,6.0,15.0,60.0,1.0,1.0,2.0,4.0,7.0,1.0,0.0,0.0,24.0,24.0,0.2925,0.2857142857142857,0.0096,0.0096,0.07,0.3181818181818182,0.6818181818181818,0.55,1.0,1.0,0.5,0.5093984962406015,0.0
20260628_155937_2ee7d04a,20260628_155937_2ee7d04a_g0021,21,1755416275,3,32,32,32,1,1,RED,sweep_4w_500ms,0,1,[1],1,97,1,"{""1"": 97, ""2"": 90, ""3"": 80, ""4"": 83}",False,27.0,-45.0,1.0,18.0,5.0,0.0125,398.0,113.625,376.125,22.0,25.0,55.5,118.0,155.625,767.0,403.125,8.0,13.0,50.0,1.0,1.0,2.0,4.0,5.0,0.0,0.0,0.0,32.0,32.0,0.3825,0.38095238095238093,0.0128,0.0128,0.095,0.4318181818181818,0.5681818181818182,0.675,1.0,1.0,0.6,0.5055401662049861,0.0
20260628_155937_2ee7d04a,20260628_155937_2ee7d04a_g0021,21,1755416275,3,32,32,32,1,2,BLUE,sweep_8w_500ms,1,1,[1],0,90,2,"{""1"": 97, ""2"": 90, ""3"": 80, ""4"": 83}",False,26.0,-47.0,1.0,21.0,5.0,0.0125,281.0,92.75,300.25,18.0,22.0,48.75,104.0,107.5,884.0,326.25,8.0,13.0,50.0,1.0,1.0,2.0,4.0,5.0,1.0,0.0,0.0,32.0,32.0,0.3825,0.38095238095238093,0.0128,0.0128,0.095,0.4318181818181818,0.5681818181818182,0.65,1.0,1.0,0.6083333333333333,0.5415512465373962,0.0
20260628_155937_2ee7d04a,20260628_155937_2ee7d04a_g0021,21,1755416275,3,32,32,32,1,3,YELLOW,pool_heuristic,2,1,[1],0,80,4,"{""1"": 97, ""2"": 90, ""3"": 80, ""4"": 83}",False,18.0,-63.0,0.0,15.0,5.0,0.0125,92.0,39.625,102.625,14.0,11.0,18.75,42.0,16.875,1073.0,120.625,8.0,13.0,48.0,1.0,1.0,2.0,6.0,3.0,0.0,0.0,1.0,32.0,32.0,0.3825,0.38095238095238093,0.0128,0.0128,0.1,0.45454545454545453,0.5454545454545454,0.45,1.0,1.0,0.675,0.5539473684210526,0.0
20260628_155937_2ee7d04a,20260628_155937_2ee7d04a_g0021,21,1755416275,3,32,32,32,1,4,GREEN,sweep_1w_500ms,3,1,[1],0,83,3,"{""1"": 97, ""2"": 90, ""3"": 80, ""4"": 83}",False,28.0,-43.0,3.0,14.0,5.0,0.0125,394.0,113.75,386.75,21.0,24.0,60.0,88.0,193.75,771.0,414.75,8.0,13.0,51.0,1.0,1.0,2.0,3.0,6.0,1.0,0.0,0.0,32.0,32.0,0.3825,0.38095238095238093,0.0128,0.0128,0.0925,0.42045454545454547,0.5795454545454546,0.7,1.0,1.0,0.5916666666666667,0.5533428165007113,0.0
20260628_155937_2ee7d04a,20260628_155937_2ee7d04a_g0021,21,1755416275,4,40,40,40,1,1,RED,sweep_4w_500ms,0,1,[1],1,97,1,"{""1"": 97, ""2"": 90, ""3"": 80, ""4"": 83}",False,33.0,-47.0,1.0,26.0,10.0,0.025,260.0,93.0,260.25,26.0,29.0,56.25,79.0,70.0,348.0,293.25,10.0,11.0,41.0,1.0,1.0,2.0,3.0,4.0,0.0,0.0,0.0,40.0,40.0,0.4775,0.47619047619047616,0.016,0.016,0.1175,0.5340909090909091,0.4659090909090909,0.825,1.0,1.0,0.6666666666666667,0.5027995520716685,0.0
20260628_155937_2ee7d04a,20260628_155937_2ee7d04a_g0021,21,1755416275,4,40,40,40,1,2,BLUE,sweep_8w_500ms,1,1,[1],0,90,2,"{""1"": 97, ""2"": 90, ""3"": 80, ""4"": 83}",False,30.0,-53.0,1.0,31.0,10.0,0.025,109.0,50.125,126.125,19.0,15.0,27.0,32.0,33.125,499.0,156.125,10.0,11.0,41.0,1.0,1.0,2.0,3.0,4.0,1.0,0.0,0.0,40.0,40.0,0.4775,0.47619047619047616,0.016,0.016,0.1175,0.5340909090909091,0.4659090909090909,0.75,1.0,1.0,0.6916666666666667,0.5229563269876819,0.0
20260628_155937_2ee7d04a,20260628_155937_2ee7d04a_g0021,21,1755416275,4,40,40,40,1,3,YELLOW,pool_heuristic,2,1,[1],0,80,4,"{""1"": 97, ""2"": 90, ""3"": 80, ""4"": 83}",False,18.0,-77.0,0.0,20.0,10.0,0.025,74.0,34.25,75.25,15.0,11.0,17.25,32.0,0.0,534.0,93.25,10.0,11.0,38.0,1.0,1.0,2.0,6.0,1.0,0.0,0.0,1.0,40.0,40.0,0.4775,0.47619047619047616,0.016,0.016,0.125,0.5681818181818182,0.4318181818181818,0.45,1.0,1.0,0.7916666666666667,0.5073684210526317,0.0
20260628_155937_2ee7d04a,20260628_155937_2ee7d04a_g0021,21,1755416275,4,40,40,40,1,4,GREEN,sweep_1w_500ms,3,1,[1],0,83,3,"{""1"": 97, ""2"": 90, ""3"": 80, ""4"": 83}",False,32.0,-49.0,3.0,18.0,10.0,0.025,165.0,63.75,169.125,22.0,18.0,36.0,42.5,50.625,443.0,201.125,10.0,11.0,41.0,1.0,1.0,2.0,3.0,4.0,1.0,0.0,0.0,40.0,40.0,0.4775,0.47619047619047616,0.016,0.016,0.1175,0.5340909090909091,0.4659090909090909,0.8,1.0,1.0,0.675,0.5442329227323628,0.0
20260628_155937_2ee7d04a,20260628_155937_2ee7d04a_g0021,21,1755416275,5,48,48,48,1,1,RED,sweep_4w_500ms,0,1,[1],1,97,1,"{""1"": 97, ""2"": 90, ""3"": 80, ""4"": 83}",False,33.0,-47.0,1.0,34.0,15.0,0.0375,80.0,45.875,94.375,23.0,16.0,20.25,22.0,13.125,110.0,127.375,12.0,9.0,31.0,1.0,1.0,2.0,3.0,2.0,0.0,0.0,0.0,48.0,48.0,0.5725,0.5714285714285714,0.0192,0.0192,0.1425,0.6477272727272727,0.3522727272727273,0.825,1.0,1.0,0.6666666666666667,0.5152354570637119,0.0
20260628_155937_2ee7d04a,20260628_155937_2ee7d04a_g0021,21,1755416275,5,48,48,48,1,2,BLUE,sweep_8w_500ms,1,1,[1],0,90,2,"{""1"": 97, ""2"": 90, ""3"": 80, ""4"": 83}",False,30.0,-53.0,1.0,36.0,15.0,0.0375,45.0,31.0,53.5,19.0,11.0,10.5,8.0,5.0,145.0,83.5,12.0,9.0,31.0,1.0,1.0,2.0,3.0,2.0,1.0,0.0,0.0,48.0,48.0,0.5725,0.5714285714285714,0.0192,0.0192,0.1425,0.6477272727272727,0.3522727272727273,0.75,1.0,1.0,0.6916666666666667,0.4921514312096029,0.0
20260628_155937_2ee7d04a,20260628_155937_2ee7d04a_g0021,21,1755416275,5,48,48,48,1,3,YELLOW,pool_heuristic,2,1,[1],0,80,4,"{""1"": 97, ""2"": 90, ""3"": 80, ""4"": 83}",False,17.0,-79.0,0.0,27.0,15.0,0.0375,22.0,16.375,22.5,13.0,3.0,3.0,3.5,0.0,168.0,39.5,12.0,9.0,30.0,1.0,1.0,2.0,4.0,1.0,0.0,0.0,1.0,48.0,48.0,0.5725,0.5714285714285714,0.0192,0.0192,0.145,0.6590909090909091,0.3409090909090909,0.425,1.0,1.0,0.8,0.4736842105263158,0.0
20260628_155937_2ee7d04a,20260628_155937_2ee7d04a_g0021,21,1755416275,5,48,48,48,1,4,GREEN,sweep_1w_500ms,3,1,[1],0,83,3,"{""1"": 97, ""2"": 90, ""3"": 80, ""4"": 83}",False,33.0,-47.0,3.0,32.0,15.0,0.0375,43.0,28.75,48.5,19.0,8.0,8.25,7.0,6.25,147.0,81.5,12.0,9.0,31.0,1.0,1.0,2.0,3.0,2.0,0.0,0.0,0.0,48.0,48.0,0.5725,0.5714285714285714,0.0192,0.0192,0.1425,0.6477272727272727,0.3522727272727273,0.825,1.0,1.0,0.6666666666666667,0.5253924284395198,0.0
20260628_155937_2ee7d04a,20260628_155937_2ee7d04a_g0021,21,1755416275,6,56,56,56,1,1,RED,sweep_4w_500ms,0,1,[1],1,97,1,"{""1"": 97, ""2"": 90, ""3"": 80, ""4"": 83}",False,31.0,-43.0,1.0,50.0,21.0,0.0525,35.0,25.125,39.0,17.0,8.0,7.5,6.5,0.0,53.0,70.0,14.0,7.0,21.0,1.0,1.0,2.0,3.0,0.0,0.0,0.0,0.0,56.0,56.0,0.6525,0.6666666666666666,0.0224,0.0224,0.1675,0.7613636363636364,0.23863636363636365,0.775,1.0,0.8,0.6166666666666667,0.5098193244304792,0.0
20260628_155937_2ee7d04a,20260628_155937_2ee7d04a_g0021,21,1755416275,6,56,56,56,1,2,BLUE,sweep_8w_500ms,1,1,[1],0,90,2,"{""1"": 97, ""2"": 90, ""3"": 80, ""4"": 83}",False,27.0,-51.0,1.0,42.0,21.0,0.0525,25.0,19.0,26.25,14.0,6.0,5.25,1.0,0.0,63.0,53.25,14.0,7.0,22.0,1.0,1.0,2.0,2.0,1.0,1.0,0.0,0.0,56.0,56.0,0.6525,0.6666666666666666,0.0224,0.0224,0.165,0.75,0.25,0.675,1.0,1.0,0.65,0.46411483253588515,0.0
20260628_155937_2ee7d04a,20260628_155937_2ee7d04a_g0021,21,1755416275,6,56,56,56,1,3,YELLOW,pool_heuristic,2,1,[1],0,80,4,"{""1"": 97, ""2"": 90, ""3"": 80, ""4"": 83}",False,15.0,-75.0,0.0,38.0,21.0,0.0525,1.0,0.5,1.0,0.0,1.0,0.0,0.0,0.0,87.0,16.0,14.0,7.0,25.0,0.0,1.0,2.0,3.0,1.0,0.0,0.0,1.0,56.0,56.0,0.6525,0.6666666666666666,0.0224,0.0224,0.1575,0.7159090909090909,0.2840909090909091,0.375,0.6333333333333333,1.0,0.75,0.45697577276524637,0.0
20260628_155937_2ee7d04a,20260628_155937_2ee7d04a_g0021,21,1755416275,6,56,56,56,1,4,GREEN,sweep_1w_500ms,3,1,[1],0,83,3,"{""1"": 97, ""2"": 90, ""3"": 80, ""4"": 83}",False,32.0,-41.0,3.0,35.0,21.0,0.0525,27.0,20.875,25.75,17.0,6.0,2.25,0.5,0.0,61.0,57.75,14.0,7.0,23.0,1.0,1.0,1.0,3.0,1.0,0.0,0.0,0.0,56.0,56.0,0.6525,0.6666666666666666,0.0224,0.0224,0.1625,0.7386363636363636,0.26136363636363635,0.8,1.0,1.0,0.6083333333333333,0.5012145748987854,0.0
20260628_155937_2ee7d04a,20260628_155937_2ee7d04a_g0021,21,1755416275,7,64,64,65,2,1,RED,sweep_4w_500ms,0,1,[1],1,97,1,"{""1"": 97, ""2"": 90, ""3"": 80, ""4"": 83}",False,28.0,-46.0,1.0,64.0,22.0,0.055,22.0,17.5,21.5,14.0,6.0,1.5,0.0,0.0,19.0,49.5,17.0,4.0,10.0,1.0,1.0,1.0,1.0,0.0,0.0,0.0,0.0,64.0,65.0,0.7075,0.8095238095238095,0.026,0.0256,0.195,0.8863636363636364,0.11363636363636363,0.7,0.9,0.8,0.6166666666666667,0.48110661268556,0.0
20260628_155937_2ee7d04a,20260628_155937_2ee7d04a_g0021,21,1755416275,7,64,64,65,2,2,BLUE,sweep_8w_500ms,1,1,[1],0,90,2,"{""1"": 97, ""2"": 90, ""3"": 80, ""4"": 83}",False,27.0,-48.0,1.0,52.0,22.0,0.055,16.0,15.0,17.0,14.0,0.0,3.0,0.0,0.0,25.0,44.0,16.0,5.0,16.0,1.0,0.0,2.0,1.0,1.0,1.0,0.0,0.0,64.0,65.0,0.7075,0.7619047619047619,0.026,0.0256,0.18,0.8181818181818182,0.18181818181818182,0.675,0.65,1.0,0.625,0.4788011695906432,0.0
20260628_155937_2ee7d04a,20260628_155937_2ee7d04a_g0021,21,1755416275,7,64,64,65,2,3,YELLOW,pool_heuristic,2,1,[1],0,80,4,"{""1"": 97, ""2"": 90, ""3"": 80, ""4"": 83}",False,14.0,-74.0,0.0,46.0,22.0,0.055,0.0,0.0,0.0,0.0,0.0,0.0,0.0,0.0,41.0,14.0,15.0,6.0,23.0,0.0,0.0,2.0,3.0,1.0,0.0,0.0,1.0,64.0,65.0,0.7075,0.7142857142857143,0.026,0.0256,0.1625,0.7386363636363636,0.26136363636363635,0.35,0.4166666666666667,1.0,0.7333333333333333,0.45668016194331984,0.0
20260628_155937_2ee7d04a,20260628_155937_2ee7d04a_g0021,21,1755416275,7,64,64,65,2,4,GREEN,sweep_1w_500ms,3,1,[1],0,83,3,"{""1"": 97, ""2"": 90, ""3"": 80, ""4"": 83}",False,33.0,-36.0,2.0,42.0,22.0,0.055,3.0,0.875,3.25,0.0,0.0,0.75,2.5,0.0,38.0,36.25,16.0,5.0,20.0,0.0,0.0,1.0,3.0,1.0,0.0,0.0,0.0,64.0,65.0,0.7075,0.7619047619047619,0.026,0.0256,0.17,0.7727272727272727,0.22727272727272727,0.825,0.9166666666666666,1.0,0.575,0.5030959752321982,0.0
20260628_155937_2ee7d04a,20260628_155937_2ee7d04a_g0022,22,1505631000,0,8,8,8,1,1,RED,sweep_8w_500ms,0,3,[3],0,91,2,"{""1"": 91, ""2"": 91, ""3"": 93, ""4"": 77}",False,8.0,-15.0,9.0,0.0,0.0,0.0,453.0,112.125,449.5,8.0,13.0,36.75,140.5,251.25,1329.0,457.5,2.0,19.0,78.0,1.0,1.0,2.0,6.0,9.0,1.0,0.0,1.0,8.0,8.0,0.0975,0.09523809523809523,0.0032,0.0032,0.025,0.11363636363636363,0.8863636363636364,0.2,1.0,1.0,0.19166666666666668,0.2315789473684211,0.0
20260628_155937_2ee7d04a,20260628_155937_2ee7d04a_g0022,22,1505631000,0,8,8,8,1,2,BLUE,pool_heuristic,1,3,[3],0,91,2,"{""1"": 91, ""2"": 91, ""3"": 93, ""4"": 77}",False,7.0,-17.0,9.0,0.0,0.0,0.0,425.0,104.625,420.625,7.0,12.0,34.5,134.0,233.125,1357.0,427.625,2.0,19.0,78.0,1.0,1.0,2.0,6.0,9.0,1.0,0.0,1.0,8.0,8.0,0.0975,0.09523809523809523,0.0032,0.0032,0.025,0.11363636363636363,0.8863636363636364,0.175,1.0,1.0,0.2,0.24736842105263157,0.0
20260628_155937_2ee7d04a,20260628_155937_2ee7d04a_g0022,22,1505631000,0,8,8,8,1,3,YELLOW,sweep_1w_500ms,2,3,[3],1,93,1,"{""1"": 91, ""2"": 91, ""3"": 93, ""4"": 77}",False,8.0,-15.0,9.0,0.0,0.0,0.0,500.0,123.375,504.625,8.0,14.0,40.5,129.0,313.125,1282.0,512.625,2.0,19.0,79.0,1.0,1.0,2.0,5.0,10.0,1.0,1.0,1.0,8.0,8.0,0.0975,0.09523809523809523,0.0032,0.0032,0.0225,0.10227272727272728,0.8977272727272727,0.2,1.0,1.0,0.19166666666666668,0.23391812865497075,0.0
20260628_155937_2ee7d04a,20260628_155937_2ee7d04a_g0022,22,1505631000,0,8,8,8,1,4,GREEN,sweep_4w_500ms,3,3,[3],0,77,3,"{""1"": 91, ""2"": 91, ""3"": 93, ""4"": 77}",False,8.0,-15.0,9.0,0.0,0.0,0.0,404.0,96.125,382.0,8.0,11.0,30.75,118.5,213.75,1378.0,390.0,2.0,19.0,78.0,1.0,1.0,2.0,6.0,9.0,1.0,1.0,0.0,8.0,8.0,0.0975,0.09523809523809523,0.0032,0.0032,0.025,0.11363636363636363,0.8863636363636364,0.2,1.0,1.0,0.19166666666666668,0.20526315789473681,0.0
20260628_155937_2ee7d04a,20260628_155937_2ee7d04a_g0022,22,1505631000,1,16,16,16,1,1,RED,sweep_8w_500ms,0,3,[3],0,91,2,"{""1"": 91, ""2"": 91, ""3"": 93, ""4"": 77}",False,16.0,-29.0,0.0,0.0,0.0,0.0,630.0,162.25,612.375,16.0,24.0,63.0,227.5,281.875,1729.0,628.375,4.0,17.0,68.0,1.0,1.0,2.0,6.0,7.0,1.0,0.0,0.0,16.0,16.0,0.1975,0.19047619047619047,0.0064,0.0064,0.05,0.22727272727272727,0.7727272727272727,0.4,1.0,1.0,0.375,0.5052631578947369,0.0
20260628_155937_2ee7d04a,20260628_155937_2ee7d04a_g0022,22,1505631000,1,16,16,16,1,2,BLUE,pool_heuristic,1,3,[3],0,91,2,"{""1"": 91, ""2"": 91, ""3"": 93, ""4"": 77}",False,13.0,-35.0,5.0,0.0,0.0,0.0,527.0,141.0,534.375,13.0,21.0,56.25,198.5,245.625,1832.0,547.375,4.0,17.0,68.0,1.0,1.0,2.0,6.0,7.0,1.0,0.0,1.0,16.0,16.0,0.1975,0.19047619047619047,0.0064,0.0064,0.05,0.22727272727272727,0.7727272727272727,0.325,1.0,1.0,0.4,0.4157894736842106,0.0
20260628_155937_2ee7d04a,20260628_155937_2ee7d04a_g0022,22,1505631000,1,16,16,16,1,3,YELLOW,sweep_1w_500ms,2,3,[3],1,93,1,"{""1"": 91, ""2"": 91, ""3"": 93, ""4"": 77}",False,17.0,-27.0,3.0,0.0,0.0,0.0,778.0,186.625,718.625,17.0,28.0,73.5,222.0,378.125,1581.0,735.625,4.0,17.0,69.0,1.0,1.0,2.0,5.0,8.0,1.0,0.0,0.0,16.0,16.0,0.1975,0.19047619047619047,0.0064,0.0064,0.0475,0.2159090909090909,0.7840909090909091,0.425,1.0,1.0,0.36666666666666664,0.4238227146814404,0.0
20260628_155937_2ee7d04a,20260628_155937_2ee7d04a_g0022,22,1505631000,1,16,16,16,1,4,GREEN,sweep_4w_500ms,3,3,[3],0,77,3,"{""1"": 91, ""2"": 91, ""3"": 93, ""4"": 77}",False,15.0,-31.0,4.0,0.0,0.0,0.0,424.0,112.875,411.375,15.0,18.0,43.5,148.0,186.875,1935.0,426.375,4.0,17.0,68.0,1.0,1.0,2.0,6.0,7.0,1.0,0.0,0.0,16.0,16.0,0.1975,0.19047619047619047,0.0064,0.0064,0.05,0.22727272727272727,0.7727272727272727,0.375,1.0,1.0,0.38333333333333336,0.35789473684210527,0.0
20260628_155937_2ee7d04a,20260628_155937_2ee7d04a_g0022,22,1505631000,2,24,24,24,1,1,RED,sweep_8w_500ms,0,3,[3],0,91,2,"{""1"": 91, ""2"": 91, ""3"": 93, ""4"": 77}",False,20.0,-40.0,0.0,8.0,3.0,0.0075,290.0,92.125,310.5,16.0,18.0,40.5,128.5,107.5,1230.0,330.5,6.0,15.0,58.0,1.0,1.0,2.0,6.0,5.0,1.0,0.0,0.0,24.0,24.0,0.295,0.2857142857142857,0.0096,0.0096,0.075,0.3409090909090909,0.6590909090909091,0.5,1.0,1.0,0.5,0.5508771929824561,0.0
20260628_155937_2ee7d04a,20260628_155937_2ee7d04a_g0022,22,1505631000,2,24,24,24,1,2,BLUE,pool_heuristic,1,3,[3],0,91,2,"{""1"": 91, ""2"": 91, ""3"": 93, ""4"": 77}",False,17.0,-46.0,0.0,6.0,3.0,0.0075,348.0,108.0,385.375,14.0,18.0,48.75,156.5,148.125,1172.0,402.375,6.0,15.0,58.0,1.0,1.0,2.0,6.0,5.0,1.0,0.0,1.0,24.0,24.0,0.295,0.2857142857142857,0.0096,0.0096,0.075,0.3409090909090909,0.6590909090909091,0.425,1.0,1.0,0.525,0.5508771929824561,0.0
20260628_155937_2ee7d04a,20260628_155937_2ee7d04a_g0022,22,1505631000,2,24,24,24,1,3,YELLOW,sweep_1w_500ms,2,3,[3],1,93,1,"{""1"": 91, ""2"": 91, ""3"": 93, ""4"": 77}",False,22.0,-36.0,3.0,5.0,3.0,0.0075,441.0,129.5,425.75,22.0,31.0,69.0,165.0,138.75,1079.0,447.75,6.0,15.0,59.0,1.0,1.0,2.0,5.0,6.0,1.0,0.0,0.0,24.0,24.0,0.295,0.2857142857142857,0.0096,0.0096,0.0725,0.32954545454545453,0.6704545454545454,0.55,1.0,1.0,0.4833333333333333,0.4664246823956443,0.0
20260628_155937_2ee7d04a,20260628_155937_2ee7d04a_g0022,22,1505631000,2,24,24,24,1,4,GREEN,sweep_4w_500ms,3,3,[3],0,77,3,"{""1"": 91, ""2"": 91, ""3"": 93, ""4"": 77}",False,21.0,-38.0,3.0,8.0,3.0,0.0075,441.0,119.625,413.75,19.0,23.0,54.0,151.5,166.25,1079.0,434.75,6.0,15.0,59.0,1.0,1.0,2.0,5.0,6.0,1.0,0.0,0.0,24.0,24.0,0.295,0.2857142857142857,0.0096,0.0096,0.0725,0.32954545454545453,0.6704545454545454,0.525,1.0,1.0,0.4916666666666667,0.4718693284936478,0.0
20260628_155937_2ee7d04a,20260628_155937_2ee7d04a_g0022,22,1505631000,3,32,32,32,1,1,RED,sweep_8w_500ms,0,3,[3],0,91,2,"{""1"": 91, ""2"": 91, ""3"": 93, ""4"": 77}",False,24.0,-52.0,0.0,20.0,3.0,0.0075,235.0,79.0,241.625,19.0,18.0,40.5,93.5,70.625,593.0,265.625,8.0,13.0,49.0,1.0,1.0,2.0,5.0,4.0,1.0,0.0,0.0,32.0,32.0,0.3925,0.38095238095238093,0.0128,0.0128,0.0975,0.4431818181818182,0.5568181818181818,0.6,1.0,1.0,0.6333333333333333,0.5748987854251013,0.0
20260628_155937_2ee7d04a,20260628_155937_2ee7d04a_g0022,22,1505631000,3,32,32,32,1,2,BLUE,pool_heuristic,1,3,[3],0,91,2,"{""1"": 91, ""2"": 91, ""3"": 93, ""4"": 77}",False,23.0,-54.0,0.0,10.0,3.0,0.0075,163.0,65.5,185.0,19.0,16.0,34.5,78.0,37.5,665.0,208.0,8.0,13.0,48.0,1.0,1.0,2.0,6.0,3.0,1.0,0.0,1.0,32.0,32.0,0.3925,0.38095238095238093,0.0128,0.0128,0.1,0.45454545454545453,0.5454545454545454,0.575,1.0,1.0,0.6416666666666667,0.5210526315789474,0.0
20260628_155937_2ee7d04a,20260628_155937_2ee7d04a_g0022,22,1505631000,3,32,32,32,1,3,YELLOW,sweep_1w_500ms,2,3,[3],1,93,1,"{""1"": 91, ""2"": 91, ""3"": 93, ""4"": 77}",False,27.0,-46.0,3.0,10.0,3.0,0.0075,257.0,96.25,262.5,27.0,31.0,57.0,105.0,42.5,571.0,289.5,8.0,13.0,49.0,1.0,1.0,2.0,5.0,4.0,1.0,0.0,0.0,32.0,32.0,0.3925,0.38095238095238093,0.0128,0.0128,0.0975,0.4431818181818182,0.5568181818181818,0.675,1.0,1.0,0.6083333333333333,0.47233468286099867,0.0
20260628_155937_2ee7d04a,20260628_155937_2ee7d04a_g0022,22,1505631000,3,32,32,32,1,4,GREEN,sweep_4w_500ms,3,3,[3],0,77,3,"{""1"": 91, ""2"": 91, ""3"": 93, ""4"": 77}",False,26.0,-48.0,3.0,20.0,3.0,0.0075,173.0,65.625,177.625,21.0,19.0,33.75,62.0,41.875,655.0,203.625,8.0,13.0,49.0,1.0,1.0,2.0,5.0,4.0,1.0,0.0,0.0,32.0,32.0,0.3925,0.38095238095238093,0.0128,0.0128,0.0975,0.4431818181818182,0.5568181818181818,0.65,1.0,1.0,0.6166666666666667,0.4966261808367072,0.0
20260628_155937_2ee7d04a,20260628_155937_2ee7d04a_g0022,22,1505631000,4,40,40,40,1,1,RED,sweep_8w_500ms,0,3,[3],0,91,2,"{""1"": 91, ""2"": 91, ""3"": 93, ""4"": 77}",False,26.0,-59.0,0.0,29.0,5.0,0.0125,156.0,63.0,170.25,21.0,17.0,35.25,47.0,50.0,361.0,196.25,10.0,11.0,41.0,1.0,1.0,2.0,3.0,4.0,1.0,0.0,0.0,40.0,40.0,0.475,0.47619047619047616,0.016,0.016,0.1175,0.5340909090909091,0.4659090909090909,0.65,1.0,1.0,0.7083333333333333,0.58006718924972,0.0
20260628_155937_2ee7d04a,20260628_155937_2ee7d04a_g0022,22,1505631000,4,40,40,40,1,2,BLUE,pool_heuristic,1,3,[3],0,91,2,"{""1"": 91, ""2"": 91, ""3"": 93, ""4"": 77}",False,26.0,-59.0,0.0,28.0,5.0,0.0125,92.0,41.25,94.25,18.0,11.0,19.5,42.0,3.75,425.0,120.25,10.0,11.0,38.0,1.0,1.0,2.0,6.0,1.0,1.0,0.0,0.0,40.0,40.0,0.475,0.47619047619047616,0.016,0.016,0.125,0.5681818181818182,0.4318181818181818,0.65,1.0,1.0,0.7083333333333333,0.5389473684210526,0.0
20260628_155937_2ee7d04a,20260628_155937_2ee7d04a_g0022,22,1505631000,4,40,40,40,1,3,YELLOW,sweep_1w_500ms,2,3,[3],1,93,1,"{""1"": 91, ""2"": 91, ""3"": 93, ""4"": 77}",False,29.0,-53.0,3.0,20.0,5.0,0.0125,103.0,56.125,119.75,27.0,22.0,16.5,35.5,18.75,414.0,148.75,10.0,11.0,42.0,1.0,1.0,1.0,4.0,4.0,1.0,0.0,0.0,40.0,40.0,0.475,0.47619047619047616,0.016,0.016,0.115,0.5227272727272727,0.4772727272727273,0.725,1.0,1.0,0.6833333333333333,0.4610983981693364,0.0
20260628_155937_2ee7d04a,20260628_155937_2ee7d04a_g0022,22,1505631000,4,40,40,40,1,4,GREEN,sweep_4w_500ms,3,3,[3],0,77,3,"{""1"": 91, ""2"": 91, ""3"": 93, ""4"": 77}",False,30.0,-51.0,3.0,28.0,5.0,0.0125,166.0,67.5,172.0,24.0,22.0,40.5,38.0,47.5,351.0,202.0,10.0,11.0,41.0,1.0,1.0,2.0,3.0,4.0,1.0,0.0,0.0,40.0,40.0,0.475,0.47619047619047616,0.016,0.016,0.1175,0.5340909090909091,0.4659090909090909,0.75,1.0,1.0,0.675,0.47592385218365063,0.0
20260628_155937_2ee7d04a,20260628_155937_2ee7d04a_g0022,22,1505631000,5,48,48,48,1,1,RED,sweep_8w_500ms,0,3,[3],0,91,2,"{""1"": 91, ""2"": 91, ""3"": 93, ""4"": 77}",False,30.0,-54.0,0.0,39.0,10.0,0.025,69.0,39.5,78.125,22.0,10.0,18.75,15.5,11.875,185.0,108.125,12.0,9.0,31.0,1.0,1.0,2.0,3.0,2.0,0.0,0.0,0.0,48.0,48.0,0.57,0.5714285714285714,0.0192,0.0192,0.1425,0.6477272727272727,0.3522727272727273,0.75,1.0,1.0,0.7,0.5724838411819022,0.0
20260628_155937_2ee7d04a,20260628_155937_2ee7d04a_g0022,22,1505631000,5,48,48,48,1,2,BLUE,pool_heuristic,1,3,[3],0,91,2,"{""1"": 91, ""2"": 91, ""3"": 93, ""4"": 77}",False,24.0,-66.0,0.0,39.0,10.0,0.025,39.0,24.625,44.25,15.0,6.0,9.75,13.5,0.0,215.0,68.25,12.0,9.0,29.0,1.0,1.0,2.0,5.0,0.0,0.0,0.0,0.0,48.0,48.0,0.57,0.5714285714285714,0.0192,0.0192,0.1475,0.6704545454545454,0.32954545454545453,0.6,1.0,0.8,0.75,0.5432649420160571,0.0
20260628_155937_2ee7d04a,20260628_155937_2ee7d04a_g0022,22,1505631000,5,48,48,48,1,3,YELLOW,sweep_1w_500ms,2,3,[3],1,93,1,"{""1"": 91, ""2"": 91, ""3"": 93, ""4"": 77}",False,29.0,-56.0,3.0,33.0,10.0,0.025,83.0,45.75,90.25,24.0,18.0,12.0,30.0,6.25,171.0,119.25,12.0,9.0,32.0,1.0,1.0,1.0,4.0,2.0,0.0,0.0,0.0,48.0,48.0,0.57,0.5714285714285714,0.0192,0.0192,0.14,0.6363636363636364,0.36363636363636365,0.725,1.0,1.0,0.7083333333333333,0.43327067669172936,0.0
20260628_155937_2ee7d04a,20260628_155937_2ee7d04a_g0022,22,1505631000,5,48,48,48,1,4,GREEN,sweep_4w_500ms,3,3,[3],0,77,3,"{""1"": 91, ""2"": 91, ""3"": 93, ""4"": 77}",False,31.0,-52.0,3.0,38.0,10.0,0.025,63.0,40.0,72.0,23.0,15.0,16.5,10.0,7.5,191.0,103.0,12.0,9.0,32.0,1.0,1.0,2.0,2.0,3.0,1.0,0.0,0.0,48.0,48.0,0.57,0.5714285714285714,0.0192,0.0192,0.14,0.6363636363636364,0.36363636363636365,0.775,1.0,1.0,0.6916666666666667,0.4642857142857143,0.0
20260628_155937_2ee7d04a,20260628_155937_2ee7d04a_g0022,22,1505631000,6,56,56,56,1,1,RED,sweep_8w_500ms,0,3,[3],0,91,2,"{""1"": 91, ""2"": 91, ""3"": 93, ""4"": 77}",False,29.0,-53.0,0.0,49.0,13.0,0.0325,28.0,21.625,29.0,17.0,5.0,4.5,2.5,0.0,130.0,58.0,14.0,7.0,21.0,1.0,1.0,2.0,3.0,0.0,0.0,0.0,0.0,56.0,56.0,0.6575,0.6666666666666666,0.0224,0.0224,0.1675,0.7613636363636364,0.23863636363636365,0.725,0.8666666666666667,0.8,0.6833333333333333,0.5318146111547526,0.0
20260628_155937_2ee7d04a,20260628_155937_2ee7d04a_g0022,22,1505631000,6,56,56,56,1,2,BLUE,pool_heuristic,1,3,[3],0,91,2,"{""1"": 91, ""2"": 91, ""3"": 93, ""4"": 77}",False,25.0,-61.0,0.0,50.0,13.0,0.0325,44.0,27.25,51.5,16.0,7.0,7.5,21.0,0.0,114.0,76.5,14.0,7.0,22.0,1.0,1.0,1.0,4.0,0.0,0.0,0.0,0.0,56.0,56.0,0.6575,0.6666666666666666,0.0224,0.0224,0.165,0.75,0.25,0.625,1.0,0.8,0.7166666666666667,0.5127591706539074,0.0
20260628_155937_2ee7d04a,20260628_155937_2ee7d04a_g0022,22,1505631000,6,56,56,56,1,3,YELLOW,sweep_1w_500ms,2,3,[3],1,93,1,"{""1"": 91, ""2"": 91, ""3"": 93, ""4"": 77}",False,30.0,-51.0,0.0,47.0,13.0,0.0325,62.0,40.375,68.5,24.0,18.0,9.0,17.5,0.0,96.0,98.5,14.0,7.0,22.0,1.0,1.0,1.0,4.0,0.0,0.0,0.0,0.0,56.0,56.0,0.6575,0.6666666666666666,0.0224,0.0224,0.165,0.75,0.25,0.75,1.0,0.8,0.675,0.45374800637958534,0.0
20260628_155937_2ee7d04a,20260628_155937_2ee7d04a_g0022,22,1505631000,6,56,56,56,1,4,GREEN,sweep_4w_500ms,3,3,[3],0,77,3,"{""1"": 91, ""2"": 91, ""3"": 93, ""4"": 77}",False,27.0,-57.0,1.0,53.0,13.0,0.0325,24.0,18.0,26.0,13.0,6.0,3.0,4.0,0.0,134.0,53.0,14.0,7.0,24.0,1.0,1.0,1.0,2.0,2.0,0.0,0.0,0.0,56.0,56.0,0.6575,0.6666666666666666,0.0224,0.0224,0.16,0.7272727272727273,0.2727272727272727,0.675,0.9166666666666666,1.0,0.7,0.48026315789473684,0.0
20260628_155937_2ee7d04a,20260628_155937_2ee7d04a_g0022,22,1505631000,7,64,64,64,1,1,RED,sweep_8w_500ms,0,3,[3],0,91,2,"{""1"": 91, ""2"": 91, ""3"": 93, ""4"": 77}",False,26.0,-54.0,0.0,57.0,19.0,0.0475,17.0,14.625,17.5,13.0,2.0,0.0,2.5,0.0,54.0,43.5,16.0,5.0,15.0,1.0,1.0,0.0,3.0,0.0,0.0,0.0,0.0,64.0,64.0,0.7225,0.7619047619047619,0.0256,0.0256,0.1825,0.8295454545454546,0.17045454545454544,0.65,0.6833333333333333,0.8,0.6666666666666667,0.5227108868060563,0.0
20260628_155937_2ee7d04a,20260628_155937_2ee7d04a_g0022,22,1505631000,7,64,64,64,1,2,BLUE,pool_heuristic,1,3,[3],0,91,2,"{""1"": 91, ""2"": 91, ""3"": 93, ""4"": 77}",False,24.0,-58.0,0.0,57.0,19.0,0.0475,16.0,14.5,16.5,13.0,2.0,1.5,0.0,0.0,55.0,40.5,16.0,5.0,14.0,1.0,1.0,1.0,2.0,0.0,0.0,0.0,0.0,64.0,64.0,0.7225,0.7619047619047619,0.0256,0.0256,0.185,0.8409090909090909,0.1590909090909091,0.6,0.7166666666666667,0.8,0.6833333333333333,0.49431009957325744,0.0
20260628_155937_2ee7d04a,20260628_155937_2ee7d04a_g0022,22,1505631000,7,64,64,64,1,3,YELLOW,sweep_1w_500ms,2,3,[3],1,93,1,"{""1"": 91, ""2"": 91, ""3"": 93, ""4"": 77}",False,29.0,-48.0,0.0,56.0,19.0,0.0475,33.0,26.0,35.0,19.0,10.0,6.0,0.0,0.0,38.0,64.0,16.0,5.0,14.0,1.0,1.0,1.0,2.0,0.0,0.0,0.0,0.0,64.0,64.0,0.7225,0.7619047619047619,0.0256,0.0256,0.185,0.8409090909090909,0.1590909090909091,0.725,0.8166666666666667,0.8,0.6416666666666667,0.4729729729729729,0.0
20260628_155937_2ee7d04a,20260628_155937_2ee7d04a_g0022,22,1505631000,7,64,64,64,1,4,GREEN,sweep_4w_500ms,3,3,[3],0,77,3,"{""1"": 91, ""2"": 91, ""3"": 93, ""4"": 77}",False,27.0,-52.0,1.0,60.0,19.0,0.0475,5.0,2.5,5.0,0.0,5.0,0.0,0.0,0.0,66.0,32.0,16.0,5.0,20.0,0.0,1.0,0.0,2.0,2.0,0.0,0.0,0.0,64.0,64.0,0.7225,0.7619047619047619,0.0256,0.0256,0.17,0.7727272727272727,0.22727272727272727,0.675,0.6833333333333333,1.0,0.6583333333333333,0.4821981424148607,0.0
20260628_155937_2ee7d04a,20260628_155937_2ee7d04a_g0023,23,1951389983,0,8,8,8,1,1,RED,pool_heuristic,0,4,[4],0,83,3,"{""1"": 83, ""2"": 78, ""3"": 84, ""4"": 94}",False,7.0,-17.0,9.0,0.0,0.0,0.0,448.0,109.0,441.75,7.0,12.0,34.5,137.0,251.25,1318.0,448.75,2.0,19.0,78.0,1.0,1.0,2.0,6.0,9.0,1.0,1.0,1.0,8.0,8.0,0.0975,0.09523809523809523,0.0032,0.0032,0.025,0.11363636363636363,0.8863636363636364,0.175,1.0,1.0,0.2,0.25263157894736843,0.0
20260628_155937_2ee7d04a,20260628_155937_2ee7d04a_g0023,23,1951389983,0,8,8,8,1,2,BLUE,sweep_1w_500ms,1,4,[4],0,78,4,"{""1"": 83, ""2"": 78, ""3"": 84, ""4"": 94}",False,8.0,-15.0,9.0,0.0,0.0,0.0,461.0,104.0,420.75,8.0,12.0,33.75,107.0,260.0,1305.0,428.75,2.0,19.0,79.0,1.0,1.0,2.0,5.0,10.0,1.0,1.0,0.0,8.0,8.0,0.0975,0.09523809523809523,0.0032,0.0032,0.0225,0.10227272727272728,0.8977272727272727,0.2,1.0,1.0,0.19166666666666668,0.21052631578947367,0.0
20260628_155937_2ee7d04a,20260628_155937_2ee7d04a_g0023,23,1951389983,0,8,8,8,1,3,YELLOW,sweep_4w_500ms,2,4,[4],0,84,2,"{""1"": 83, ""2"": 78, ""3"": 84, ""4"": 94}",False,8.0,-15.0,9.0,0.0,0.0,0.0,453.0,112.125,449.5,8.0,13.0,36.75,140.5,251.25,1313.0,457.5,2.0,19.0,78.0,1.0,1.0,2.0,6.0,9.0,1.0,0.0,1.0,8.0,8.0,0.0975,0.09523809523809523,0.0032,0.0032,0.025,0.11363636363636363,0.8863636363636364,0.2,1.0,1.0,0.19166666666666668,0.2315789473684211,0.0
20260628_155937_2ee7d04a,20260628_155937_2ee7d04a_g0023,23,1951389983,0,8,8,8,1,4,GREEN,sweep_8w_500ms,3,4,[4],1,94,1,"{""1"": 83, ""2"": 78, ""3"": 84, ""4"": 94}",False,8.0,-15.0,9.0,0.0,0.0,0.0,404.0,96.125,382.0,8.0,11.0,30.75,118.5,213.75,1362.0,390.0,2.0,19.0,78.0,1.0,1.0,2.0,6.0,9.0,1.0,1.0,0.0,8.0,8.0,0.0975,0.09523809523809523,0.0032,0.0032,0.025,0.11363636363636363,0.8863636363636364,0.2,1.0,1.0,0.19166666666666668,0.20526315789473681,0.0
20260628_155937_2ee7d04a,20260628_155937_2ee7d04a_g0023,23,1951389983,1,16,16,16,1,1,RED,pool_heuristic,0,4,[4],0,83,3,"{""1"": 83, ""2"": 78, ""3"": 84, ""4"": 94}",False,12.0,-33.0,1.0,1.0,0.0,0.0,462.0,130.25,497.25,12.0,19.0,48.75,180.0,237.5,1849.0,509.25,4.0,17.0,68.0,1.0,1.0,2.0,6.0,7.0,1.0,1.0,1.0,16.0,16.0,0.1975,0.19047619047619047,0.0064,0.0064,0.05,0.22727272727272727,0.7727272727272727,0.3,1.0,1.0,0.375,0.4921052631578947,0.0
20260628_155937_2ee7d04a,20260628_155937_2ee7d04a_g0023,23,1951389983,1,16,16,16,1,2,BLUE,sweep_1w_500ms,1,4,[4],0,78,4,"{""1"": 83, ""2"": 78, ""3"": 84, ""4"": 94}",False,16.0,-25.0,1.0,2.0,0.0,0.0,622.0,151.25,583.875,14.0,22.0,59.25,175.5,313.125,1689.0,599.875,4.0,17.0,69.0,1.0,1.0,2.0,5.0,8.0,1.0,0.0,0.0,16.0,16.0,0.1975,0.19047619047619047,0.0064,0.0064,0.0475,0.2159090909090909,0.7840909090909091,0.4,1.0,1.0,0.3416666666666667,0.46537396121883656,0.0
20260628_155937_2ee7d04a,20260628_155937_2ee7d04a_g0023,23,1951389983,1,16,16,16,1,3,YELLOW,sweep_4w_500ms,2,4,[4],0,84,2,"{""1"": 83, ""2"": 78, ""3"": 84, ""4"": 94}",False,14.0,-29.0,1.0,3.0,0.0,0.0,562.0,142.125,543.0,13.0,20.0,55.5,194.5,260.0,1749.0,557.0,4.0,17.0,68.0,1.0,1.0,2.0,6.0,7.0,1.0,0.0,0.0,16.0,16.0,0.1975,0.19047619047619047,0.0064,0.0064,0.05,0.22727272727272727,0.7727272727272727,0.35,1.0,1.0,0.35833333333333334,0.4710526315789473,0.0
20260628_155937_2ee7d04a,20260628_155937_2ee7d04a_g0023,23,1951389983,1,16,16,16,1,4,GREEN,sweep_8w_500ms,3,4,[4],1,94,1,"{""1"": 83, ""2"": 78, ""3"": 84, ""4"": 94}",False,15.0,-27.0,0.0,2.0,0.0,0.0,665.0,170.375,650.75,15.0,24.0,68.25,238.5,305.0,1646.0,665.75,4.0,17.0,68.0,1.0,1.0,2.0,6.0,7.0,1.0,0.0,0.0,16.0,16.0,0.1975,0.19047619047619047,0.0064,0.0064,0.05,0.22727272727272727,0.7727272727272727,0.375,1.0,1.0,0.35,0.46842105263157896,0.0
20260628_155937_2ee7d04a,20260628_155937_2ee7d04a_g0023,23,1951389983,2,24,24,24,1,1,RED,pool_heuristic,0,4,[4],0,83,3,"{""1"": 83, ""2"": 78, ""3"": 84, ""4"": 94}",False,15.0,-45.0,1.0,6.0,2.0,0.005,360.0,111.25,401.625,14.0,18.0,45.75,164.5,159.375,1226.0,416.625,6.0,15.0,58.0,1.0,1.0,2.0,6.0,5.0,1.0,1.0,1.0,24.0,24.0,0.29,0.2857142857142857,0.0096,0.0096,0.075,0.3409090909090909,0.6590909090909091,0.375,1.0,1.0,0.5,0.5543859649122806,0.0
20260628_155937_2ee7d04a,20260628_155937_2ee7d04a_g0023,23,1951389983,2,24,24,24,1,2,BLUE,sweep_1w_500ms,1,4,[4],0,78,4,"{""1"": 83, ""2"": 78, ""3"": 84, ""4"": 94}",False,21.0,-33.0,1.0,5.0,2.0,0.005,549.0,137.25,506.0,19.0,24.0,62.25,107.0,293.75,1037.0,527.0,6.0,15.0,61.0,1.0,1.0,2.0,3.0,8.0,1.0,0.0,0.0,24.0,24.0,0.29,0.2857142857142857,0.0096,0.0096,0.0675,0.3068181818181818,0.6931818181818182,0.525,1.0,1.0,0.45,0.5009746588693957,0.0
20260628_155937_2ee7d04a,20260628_155937_2ee7d04a_g0023,23,1951389983,2,24,24,24,1,3,YELLOW,sweep_4w_500ms,2,4,[4],0,84,2,"{""1"": 83, ""2"": 78, ""3"": 84, ""4"": 94}",False,18.0,-39.0,1.0,10.0,2.0,0.005,306.0,90.25,306.25,15.0,18.0,39.75,126.0,107.5,1280.0,324.25,6.0,15.0,58.0,1.0,1.0,2.0,6.0,5.0,1.0,0.0,0.0,24.0,24.0,0.29,0.2857142857142857,0.0096,0.0096,0.075,0.3409090909090909,0.6590909090909091,0.45,1.0,1.0,0.475,0.4982456140350877,0.0
20260628_155937_2ee7d04a,20260628_155937_2ee7d04a_g0023,23,1951389983,2,24,24,24,1,4,GREEN,sweep_8w_500ms,3,4,[4],1,94,1,"{""1"": 83, ""2"": 78, ""3"": 84, ""4"": 94}",False,21.0,-33.0,0.0,14.0,2.0,0.005,371.0,107.5,372.125,18.0,19.0,48.75,129.5,156.875,1215.0,393.125,6.0,15.0,59.0,1.0,1.0,2.0,5.0,6.0,1.0,0.0,0.0,24.0,24.0,0.29,0.2857142857142857,0.0096,0.0096,0.0725,0.32954545454545453,0.6704545454545454,0.525,1.0,1.0,0.45,0.5553539019963702,0.0
20260628_155937_2ee7d04a,20260628_155937_2ee7d04a_g0023,23,1951389983,3,32,32,32,1,1,RED,pool_heuristic,0,4,[4],0,83,3,"{""1"": 83, ""2"": 78, ""3"": 84, ""4"": 94}",False,22.0,-51.0,1.0,15.0,5.0,0.0125,190.0,72.875,216.25,19.0,17.0,32.25,100.5,47.5,750.0,238.25,8.0,13.0,48.0,1.0,1.0,2.0,6.0,3.0,0.0,1.0,1.0,32.0,32.0,0.38,0.38095238095238093,0.0128,0.0128,0.1,0.45454545454545453,0.5454545454545454,0.55,1.0,1.0,0.6083333333333333,0.5592105263157895,0.0
20260628_155937_2ee7d04a,20260628_155937_2ee7d04a_g0023,23,1951389983,3,32,32,32,1,2,BLUE,sweep_1w_500ms,1,4,[4],0,78,4,"{""1"": 83, ""2"": 78, ""3"": 84, ""4"": 94}",False,25.0,-45.0,1.0,12.0,5.0,0.0125,392.0,116.75,390.125,23.0,25.0,60.75,94.5,186.875,548.0,415.125,8.0,13.0,51.0,1.0,1.0,2.0,3.0,6.0,1.0,0.0,0.0,32.0,32.0,0.38,0.38095238095238093,0.0128,0.0128,0.0925,0.42045454545454547,0.5795454545454546,0.625,1.0,1.0,0.5833333333333333,0.49217638691322896,0.0
20260628_155937_2ee7d04a,20260628_155937_2ee7d04a_g0023,23,1951389983,3,32,32,32,1,3,YELLOW,sweep_4w_500ms,2,4,[4],0,84,2,"{""1"": 83, ""2"": 78, ""3"": 84, ""4"": 94}",False,23.0,-49.0,1.0,17.0,5.0,0.0125,173.0,66.5,184.0,20.0,20.0,37.5,54.0,52.5,767.0,207.0,8.0,13.0,50.0,1.0,1.0,2.0,4.0,5.0,1.0,0.0,0.0,32.0,32.0,0.38,0.38095238095238093,0.0128,0.0128,0.095,0.4318181818181818,0.5681818181818182,0.575,1.0,1.0,0.6,0.49722991689750695,0.0
20260628_155937_2ee7d04a,20260628_155937_2ee7d04a_g0023,23,1951389983,3,32,32,32,1,4,GREEN,sweep_8w_500ms,3,4,[4],1,94,1,"{""1"": 83, ""2"": 78, ""3"": 84, ""4"": 94}",False,25.0,-45.0,0.0,23.0,5.0,0.0125,185.0,65.25,184.5,21.0,17.0,33.75,39.0,73.75,755.0,209.5,8.0,13.0,51.0,1.0,1.0,2.0,3.0,6.0,1.0,0.0,0.0,32.0,32.0,0.38,0.38095238095238093,0.0128,0.0128,0.0925,0.42045454545454547,0.5795454545454546,0.625,1.0,1.0,0.5833333333333333,0.566145092460882,0.0
20260628_155937_2ee7d04a,20260628_155937_2ee7d04a_g0023,23,1951389983,4,40,40,40,1,1,RED,pool_heuristic,0,4,[4],0,83,3,"{""1"": 83, ""2"": 78, ""3"": 84, ""4"": 94}",False,25.0,-60.0,1.0,23.0,9.0,0.0225,80.0,40.625,80.75,21.0,15.0,15.0,23.5,6.25,357.0,105.75,10.0,11.0,38.0,1.0,1.0,2.0,6.0,1.0,0.0,1.0,0.0,40.0,40.0,0.4775,0.47619047619047616,0.016,0.016,0.125,0.5681818181818182,0.4318181818181818,0.625,1.0,1.0,0.7083333333333333,0.5157894736842106,0.0
20260628_155937_2ee7d04a,20260628_155937_2ee7d04a_g0023,23,1951389983,4,40,40,40,1,2,BLUE,sweep_1w_500ms,1,4,[4],0,78,4,"{""1"": 83, ""2"": 78, ""3"": 84, ""4"": 94}",False,29.0,-52.0,1.0,21.0,9.0,0.0225,152.0,66.125,161.125,26.0,21.0,36.0,40.0,38.125,285.0,190.125,10.0,11.0,41.0,1.0,1.0,2.0,3.0,4.0,1.0,0.0,0.0,40.0,40.0,0.4775,0.47619047619047616,0.016,0.016,0.1175,0.5340909090909091,0.4659090909090909,0.725,1.0,1.0,0.675,0.49608062709966405,0.0
20260628_155937_2ee7d04a,20260628_155937_2ee7d04a_g0023,23,1951389983,4,40,40,40,1,3,YELLOW,sweep_4w_500ms,2,4,[4],0,84,2,"{""1"": 83, ""2"": 78, ""3"": 84, ""4"": 94}",False,26.0,-58.0,1.0,24.0,9.0,0.0225,124.0,54.375,130.875,21.0,19.0,30.75,32.0,28.125,313.0,156.875,10.0,11.0,41.0,1.0,1.0,2.0,3.0,4.0,1.0,0.0,0.0,40.0,40.0,0.4775,0.47619047619047616,0.016,0.016,0.1175,0.5340909090909091,0.4659090909090909,0.65,1.0,1.0,0.7,0.48824188129899215,0.0
20260628_155937_2ee7d04a,20260628_155937_2ee7d04a_g0023,23,1951389983,4,40,40,40,1,4,GREEN,sweep_8w_500ms,3,4,[4],1,94,1,"{""1"": 83, ""2"": 78, ""3"": 84, ""4"": 94}",False,30.0,-50.0,0.0,30.0,9.0,0.0225,81.0,46.5,89.5,25.0,17.0,19.5,18.0,10.0,356.0,119.5,10.0,11.0,41.0,1.0,1.0,2.0,3.0,4.0,1.0,0.0,0.0,40.0,40.0,0.4775,0.47619047619047616,0.016,0.016,0.1175,0.5340909090909091,0.4659090909090909,0.75,1.0,1.0,0.6666666666666667,0.5083986562150056,0.0
20260628_155937_2ee7d04a,20260628_155937_2ee7d04a_g0023,23,1951389983,5,48,48,48,1,1,RED,pool_heuristic,0,4,[4],0,83,3,"{""1"": 83, ""2"": 78, ""3"": 84, ""4"": 94}",False,24.0,-62.0,0.0,30.0,20.0,0.05,32.0,24.75,34.75,18.0,8.0,6.75,2.0,0.0,153.0,58.75,12.0,9.0,29.0,1.0,1.0,2.0,5.0,0.0,0.0,0.0,0.0,48.0,48.0,0.565,0.5714285714285714,0.0192,0.0192,0.1475,0.6704545454545454,0.32954545454545453,0.6,1.0,0.8,0.7166666666666667,0.5423728813559321,0.0
20260628_155937_2ee7d04a,20260628_155937_2ee7d04a_g0023,23,1951389983,5,48,48,48,1,2,BLUE,sweep_1w_500ms,1,4,[4],0,78,4,"{""1"": 83, ""2"": 78, ""3"": 84, ""4"": 94}",False,28.0,-54.0,1.0,28.0,20.0,0.05,70.0,38.75,80.0,20.0,14.0,12.0,19.0,15.0,115.0,108.0,12.0,9.0,33.0,1.0,1.0,1.0,3.0,3.0,1.0,0.0,0.0,48.0,48.0,0.565,0.5714285714285714,0.0192,0.0192,0.1375,0.625,0.375,0.7,1.0,1.0,0.6833333333333333,0.48229665071770333,0.0
20260628_155937_2ee7d04a,20260628_155937_2ee7d04a_g0023,23,1951389983,5,48,48,48,1,3,YELLOW,sweep_4w_500ms,2,4,[4],0,84,2,"{""1"": 83, ""2"": 78, ""3"": 84, ""4"": 94}",False,29.0,-52.0,1.0,33.0,20.0,0.05,43.0,29.25,44.75,20.0,12.0,4.5,2.0,6.25,142.0,73.75,12.0,9.0,33.0,1.0,1.0,1.0,3.0,3.0,0.0,0.0,0.0,48.0,48.0,0.565,0.5714285714285714,0.0192,0.0192,0.1375,0.625,0.375,0.725,1.0,1.0,0.675,0.4727272727272728,0.0
20260628_155937_2ee7d04a,20260628_155937_2ee7d04a_g0023,23,1951389983,5,48,48,48,1,4,GREEN,sweep_8w_500ms,3,4,[4],1,94,1,"{""1"": 83, ""2"": 78, ""3"": 84, ""4"": 94}",False,29.0,-52.0,0.0,40.0,20.0,0.05,40.0,30.25,42.75,22.0,11.0,5.25,2.0,2.5,145.0,71.75,12.0,9.0,31.0,1.0,1.0,2.0,3.0,2.0,1.0,0.0,0.0,48.0,48.0,0.565,0.5714285714285714,0.0192,0.0192,0.1425,0.6477272727272727,0.3522727272727273,0.725,1.0,1.0,0.675,0.5198522622345336,0.0
20260628_155937_2ee7d04a,20260628_155937_2ee7d04a_g0023,23,1951389983,6,56,56,56,1,1,RED,pool_heuristic,0,4,[4],0,83,3,"{""1"": 83, ""2"": 78, ""3"": 84, ""4"": 94}",False,20.0,-65.0,0.0,43.0,21.0,0.0525,11.0,5.5,14.0,0.0,6.0,6.0,2.0,0.0,84.0,34.0,14.0,7.0,25.0,0.0,1.0,1.0,5.0,0.0,0.0,0.0,0.0,56.0,56.0,0.625,0.6666666666666666,0.0224,0.0224,0.1575,0.7159090909090909,0.2840909090909091,0.5,1.0,0.8,0.7083333333333333,0.5446950710108605,0.0
20260628_155937_2ee7d04a,20260628_155937_2ee7d04a_g0023,23,1951389983,6,56,56,56,1,2,BLUE,sweep_1w_500ms,1,4,[4],0,78,4,"{""1"": 83, ""2"": 78, ""3"": 84, ""4"": 94}",False,25.0,-55.0,1.0,36.0,21.0,0.0525,28.0,22.0,34.5,16.0,5.0,4.5,4.0,5.0,67.0,59.5,14.0,7.0,25.0,1.0,1.0,1.0,1.0,3.0,1.0,0.0,0.0,56.0,56.0,0.625,0.6666666666666666,0.0224,0.0224,0.1575,0.7159090909090909,0.2840909090909091,0.625,0.9666666666666667,1.0,0.6666666666666667,0.45614035087719296,0.0
20260628_155937_2ee7d04a,20260628_155937_2ee7d04a_g0023,23,1951389983,6,56,56,56,1,3,YELLOW,sweep_4w_500ms,2,4,[4],0,84,2,"{""1"": 83, ""2"": 78, ""3"": 84, ""4"": 94}",False,28.0,-49.0,1.0,39.0,21.0,0.0525,17.0,6.75,17.5,0.0,9.0,3.75,1.0,3.75,78.0,45.5,14.0,7.0,28.0,0.0,1.0,1.0,2.0,3.0,0.0,0.0,0.0,56.0,56.0,0.625,0.6666666666666666,0.0224,0.0224,0.15,0.6818181818181818,0.3181818181818182,0.7,1.0,1.0,0.6416666666666667,0.4842105263157894,0.0
20260628_155937_2ee7d04a,20260628_155937_2ee7d04a_g0023,23,1951389983,6,56,56,56,1,4,GREEN,sweep_8w_500ms,3,4,[4],1,94,1,"{""1"": 83, ""2"": 78, ""3"": 84, ""4"": 94}",False,32.0,-41.0,0.0,47.0,21.0,0.0525,39.0,31.0,41.5,24.0,11.0,1.5,0.0,5.0,56.0,73.5,14.0,7.0,24.0,1.0,1.0,1.0,2.0,2.0,1.0,0.0,0.0,56.0,56.0,0.625,0.6666666666666666,0.0224,0.0224,0.16,0.7272727272727273,0.2727272727272727,0.8,0.8666666666666667,1.0,0.6083333333333333,0.515625,0.0
20260628_155937_2ee7d04a,20260628_155937_2ee7d04a_g0023,23,1951389983,7,64,64,64,1,1,RED,pool_heuristic,0,4,[4],0,83,3,"{""1"": 83, ""2"": 78, ""3"": 84, ""4"": 94}",False,16.0,-60.0,0.0,52.0,26.0,0.065,0.0,0.0,0.0,0.0,0.0,0.0,0.0,0.0,39.0,16.0,16.0,5.0,20.0,0.0,0.0,0.0,5.0,0.0,0.0,0.0,0.0,64.0,64.0,0.6925,0.7619047619047619,0.0256,0.0256,0.17,0.7727272727272727,0.22727272727272727,0.4,0.7333333333333333,0.8,0.6333333333333333,0.543343653250774,0.0
20260628_155937_2ee7d04a,20260628_155937_2ee7d04a_g0023,23,1951389983,7,64,64,64,1,2,BLUE,sweep_1w_500ms,1,4,[4],0,78,4,"{""1"": 83, ""2"": 78, ""3"": 84, ""4"": 94}",False,20.0,-52.0,1.0,44.0,26.0,0.065,2.0,1.0,2.0,0.0,2.0,0.0,0.0,0.0,37.0,22.0,16.0,5.0,19.0,0.0,1.0,1.0,1.0,2.0,1.0,0.0,0.0,64.0,64.0,0.6925,0.7619047619047619,0.0256,0.0256,0.1725,0.7840909090909091,0.2159090909090909,0.5,0.6333333333333333,1.0,0.6,0.45537757437070936,0.0
20260628_155937_2ee7d04a,20260628_155937_2ee7d04a_g0023,23,1951389983,7,64,64,64,1,3,YELLOW,sweep_4w_500ms,2,4,[4],0,84,2,"{""1"": 83, ""2"": 78, ""3"": 84, ""4"": 94}",False,27.0,-38.0,1.0,47.0,26.0,0.065,9.0,4.0,9.5,0.0,7.0,0.0,0.0,2.5,30.0,36.5,16.0,5.0,20.0,0.0,1.0,0.0,2.0,2.0,0.0,0.0,0.0,64.0,64.0,0.6925,0.7619047619047619,0.0256,0.0256,0.17,0.7727272727272727,0.22727272727272727,0.675,0.85,1.0,0.5416666666666667,0.4628482972136223,0.0
20260628_155937_2ee7d04a,20260628_155937_2ee7d04a_g0023,23,1951389983,7,64,64,64,1,4,GREEN,sweep_8w_500ms,3,4,[4],1,94,1,"{""1"": 83, ""2"": 78, ""3"": 84, ""4"": 94}",False,29.0,-34.0,0.0,55.0,26.0,0.065,28.0,24.5,28.0,21.0,7.0,0.0,0.0,0.0,11.0,57.0,16.0,5.0,16.0,1.0,1.0,0.0,2.0,1.0,1.0,0.0,0.0,64.0,64.0,0.6925,0.7619047619047619,0.0256,0.0256,0.18,0.8181818181818182,0.18181818181818182,0.725,0.65,1.0,0.525,0.5080409356725146,0.0
