run_id,game_id,game_index,game_seed,checkpoint_index,checkpoint_ply,ply,turn_index,current_player_id,player_id,player_name,agent_name,seat_index,winner_id,winner_ids_json,label_is_winner,final_score,final_rank,final_scores_json,is_tie,frontier_size,corner_differential,center_proximity,opponent_adjacency,deadzone_count,deadzone_fraction,mobility_total_placements,mobility_total_orientation_normalized,mobility_total_cell_weighted,mobility_bucket_1,mobility_bucket_2,mobility_bucket_3,mobility_bucket_4,mobility_bucket_5,blocking_exposure_legal_moves_opp_sum,utility_frontier_plus_mobility,pieces_used_count,pieces_remaining_count,remaining_squares,remaining_size_1_count,remaining_size_2_count,remaining_size_3_count,remaining_size_4_count,remaining_size_5_count,remaining_key_piece_17,remaining_key_piece_19,remaining_key_piece_20,phase_ply,phase_turn_index,phase_board_occupancy,phase_piece_usage_ratio,phase_progress_turn_ratio,phase_progress_placement_ratio,player_board_occupancy,se_squares_placed,se_remaining_piece_area,se_accessible_corners,se_reachable_empty_squares,se_largest_remaining_piece_size,se_opponent_avg_mobility,se_center_proximity,se_territory_enclosure_area
20260629_225103_bc53ce62,20260629_225103_bc53ce62_g0000,0,154833329,0,8,8,8,1,1,RED,champ_v3,0,1.0,[1],1,120,1,"{""1"": 120, ""2"": 73, ""3"": 69, ""4"": 87}",False,9.0,-13.0,9.0,0.0,0.0,0.0,543.0,122.625,488.75,9.0,15.0,41.25,153.5,270.0,1277.0,497.75,2.0,19.0,78.0,1.0,1.0,2.0,6.0,9.0,1.0,0.0,0.0,8.0,8.0,0.1,0.09523809523809523,0.0032,0.0032,0.025,0.11363636363636363,0.8863636363636364,0.225,1.0,1.0,0.18333333333333332,0.23684210526315785,0.0
20260629_225103_bc53ce62,20260629_225103_bc53ce62_g0000,0,154833329,0,8,8,8,1,2,BLUE,pool_heuristic,1,1.0,[1],0,73,3,"{""1"": 120, ""2"": 73, ""3"": 69, ""4"": 87}",False,6.0,-19.0,9.0,0.0,0.0,0.0,370.0,89.5,361.75,6.0,10.0,28.5,111.0,206.25,1450.0,367.75,2.0,19.0,78.0,1.0,1.0,2.0,6.0,9.0,1.0,1.0,1.0,8.0,8.0,0.1,0.09523809523809523,0.0032,0.0032,0.025,0.11363636363636363,0.8863636363636364,0.15,1.0,1.0,0.20833333333333334,0.24736842105263157,0.0
20260629_225103_bc53ce62,20260629_225103_bc53ce62_g0000,0,154833329,0,8,8,8,1,3,YELLOW,pool_l45_100ms,2,1.0,[1],0,69,4,"{""1"": 120, ""2"": 73, ""3"": 69, ""4"": 87}",False,7.0,-17.0,9.0,0.0,0.0,0.0,364.0,86.0,341.875,7.0,10.0,27.0,108.5,189.375,1456.0,348.875,2.0,19.0,78.0,1.0,1.0,2.0,6.0,9.0,1.0,1.0,0.0,8.0,8.0,0.1,0.09523809523809523,0.0032,0.0032,0.025,0.11363636363636363,0.8863636363636364,0.175,1.0,1.0,0.2,0.17368421052631577,0.0
20260629_225103_bc53ce62,20260629_225103_bc53ce62_g0000,0,154833329,0,8,8,8,1,4,GREEN,pool_peer_500ms,3,1.0,[1],0,87,2,"{""1"": 120, ""2"": 73, ""3"": 69, ""4"": 87}",False,9.0,-13.0,9.0,0.0,0.0,0.0,543.0,122.625,488.75,9.0,15.0,41.25,153.5,270.0,1277.0,497.75,2.0,19.0,78.0,1.0,1.0,2.0,6.0,9.0,1.0,0.0,0.0,8.0,8.0,0.1,0.09523809523809523,0.0032,0.0032,0.025,0.11363636363636363,0.8863636363636364,0.225,1.0,1.0,0.18333333333333332,0.23684210526315785,0.0
20260629_225103_bc53ce62,20260629_225103_bc53ce62_g0000,0,154833329,1,16,16,16,1,1,RED,champ_v3,0,1.0,[1],1,120,1,"{""1"": 120, ""2"": 73, ""3"": 69, ""4"": 87}",False,16.0,-25.0,0.0,2.0,0.0,0.0,740.0,185.125,713.25,15.0,26.0,70.5,265.5,336.25,1760.0,729.25,4.0,17.0,68.0,1.0,1.0,2.0,6.0,7.0,1.0,0.0,0.0,16.0,16.0,0.2,0.19047619047619047,0.0064,0.0064,0.05,0.22727272727272727,0.7727272727272727,0.4,1.0,1.0,0.3416666666666667,0.49473684210526314,0.0
20260629_225103_bc53ce62,20260629_225103_bc53ce62_g0000,0,154833329,1,16,16,16,1,2,BLUE,pool_heuristic,1,1.0,[1],0,73,3,"{""1"": 120, ""2"": 73, ""3"": 69, ""4"": 87}",False,14.0,-29.0,4.0,0.0,0.0,0.0,613.0,169.0,644.375,14.0,26.0,66.75,244.5,293.125,1887.0,658.375,4.0,17.0,68.0,1.0,1.0,2.0,6.0,7.0,1.0,1.0,1.0,16.0,16.0,0.2,0.19047619047619047,0.0064,0.0064,0.05,0.22727272727272727,0.7727272727272727,0.35,1.0,1.0,0.35833333333333334,0.45789473684210524,0.0
20260629_225103_bc53ce62,20260629_225103_bc53ce62_g0000,0,154833329,1,16,16,16,1,3,YELLOW,pool_l45_100ms,2,1.0,[1],0,69,4,"{""1"": 120, ""2"": 73, ""3"": 69, ""4"": 87}",False,11.0,-35.0,5.0,0.0,0.0,0.0,379.0,93.375,344.375,11.0,15.0,34.5,132.0,151.875,2121.0,355.375,4.0,17.0,68.0,1.0,1.0,2.0,6.0,7.0,1.0,0.0,0.0,16.0,16.0,0.2,0.19047619047619047,0.0064,0.0064,0.05,0.22727272727272727,0.7727272727272727,0.275,1.0,1.0,0.38333333333333336,0.3526315789473684,0.0
20260629_225103_bc53ce62,20260629_225103_bc53ce62_g0000,0,154833329,1,16,16,16,1,4,GREEN,pool_peer_500ms,3,1.0,[1],0,87,2,"{""1"": 120, ""2"": 73, ""3"": 69, ""4"": 87}",False,16.0,-25.0,0.0,2.0,0.0,0.0,768.0,193.875,744.875,16.0,27.0,76.5,276.0,349.375,1732.0,760.875,4.0,17.0,68.0,1.0,1.0,2.0,6.0,7.0,1.0,0.0,0.0,16.0,16.0,0.2,0.19047619047619047,0.0064,0.0064,0.05,0.22727272727272727,0.7727272727272727,0.4,1.0,1.0,0.3416666666666667,0.49473684210526314,0.0
20260629_225103_bc53ce62,20260629_225103_bc53ce62_g0000,0,154833329,2,24,24,24,1,1,RED,champ_v3,0,1.0,[1],1,120,1,"{""1"": 120, ""2"": 73, ""3"": 69, ""4"": 87}",False,21.0,-31.0,0.0,7.0,4.0,0.01,551.0,144.875,514.5,18.0,27.0,63.75,219.5,186.25,987.0,535.5,6.0,15.0,58.0,1.0,1.0,2.0,6.0,5.0,1.0,0.0,0.0,24.0,24.0,0.3,0.2857142857142857,0.0096,0.0096,0.075,0.3409090909090909,0.6590909090909091,0.525,1.0,1.0,0.4333333333333333,0.5842105263157895,0.0
20260629_225103_bc53ce62,20260629_225103_bc53ce62_g0000,0,154833329,2,24,24,24,1,2,BLUE,pool_heuristic,1,1.0,[1],0,73,3,"{""1"": 120, ""2"": 73, ""3"": 69, ""4"": 87}",False,19.0,-35.0,3.0,6.0,4.0,0.01,301.0,105.25,343.25,18.0,25.0,51.0,158.0,91.25,1237.0,362.25,6.0,15.0,58.0,1.0,1.0,2.0,6.0,5.0,1.0,1.0,1.0,24.0,24.0,0.3,0.2857142857142857,0.0096,0.0096,0.075,0.3409090909090909,0.6590909090909091,0.475,1.0,1.0,0.45,0.5192982456140351,0.0
20260629_225103_bc53ce62,20260629_225103_bc53ce62_g0000,0,154833329,2,24,24,24,1,3,YELLOW,pool_l45_100ms,2,1.0,[1],0,69,4,"{""1"": 120, ""2"": 73, ""3"": 69, ""4"": 87}",False,12.0,-49.0,5.0,4.0,4.0,0.01,97.0,32.875,92.5,10.0,9.0,14.25,35.5,23.75,1441.0,104.5,6.0,15.0,58.0,1.0,1.0,2.0,6.0,5.0,0.0,0.0,0.0,24.0,24.0,0.3,0.2857142857142857,0.0096,0.0096,0.075,0.3409090909090909,0.6590909090909091,0.3,1.0,1.0,0.5083333333333333,0.39473684210526316,0.0
20260629_225103_bc53ce62,20260629_225103_bc53ce62_g0000,0,154833329,2,24,24,24,1,4,GREEN,pool_peer_500ms,3,1.0,[1],0,87,2,"{""1"": 120, ""2"": 73, ""3"": 69, ""4"": 87}",False,21.0,-31.0,0.0,10.0,4.0,0.01,589.0,163.5,578.0,21.0,29.0,74.25,250.0,203.75,949.0,599.0,6.0,15.0,58.0,1.0,1.0,2.0,6.0,5.0,1.0,0.0,0.0,24.0,24.0,0.3,0.2857142857142857,0.0096,0.0096,0.075,0.3409090909090909,0.6590909090909091,0.525,1.0,1.0,0.4333333333333333,0.5666666666666667,0.0
20260629_225103_bc53ce62,20260629_225103_bc53ce62_g0000,0,154833329,3,32,32,32,1,1,RED,champ_v3,0,1.0,[1],1,120,1,"{""1"": 120, ""2"": 73, ""3"": 69, ""4"": 87}",False,26.0,-31.0,0.0,15.0,12.0,0.03,193.0,67.625,196.875,17.0,21.0,33.75,77.0,48.125,531.0,222.875,8.0,13.0,49.0,1.0,1.0,2.0,5.0,4.0,1.0,0.0,0.0,32.0,32.0,0.395,0.38095238095238093,0.0128,0.0128,0.0975,0.4431818181818182,0.5568181818181818,0.65,1.0,1.0,0.475,0.5870445344129556,0.0
20260629_225103_bc53ce62,20260629_225103_bc53ce62_g0000,0,154833329,3,32,32,32,1,2,BLUE,pool_heuristic,1,1.0,[1],0,73,3,"{""1"": 120, ""2"": 73, ""3"": 69, ""4"": 87}",False,21.0,-41.0,3.0,14.0,12.0,0.03,141.0,57.5,156.0,17.0,18.0,28.5,70.0,22.5,583.0,177.0,8.0,13.0,48.0,1.0,1.0,2.0,6.0,3.0,1.0,0.0,1.0,32.0,32.0,0.395,0.38095238095238093,0.0128,0.0128,0.1,0.45454545454545453,0.5454545454545454,0.525,1.0,1.0,0.5166666666666667,0.493421052631579,0.0
20260629_225103_bc53ce62,20260629_225103_bc53ce62_g0000,0,154833329,3,32,32,32,1,3,YELLOW,pool_l45_100ms,2,1.0,[1],0,69,4,"{""1"": 120, ""2"": 73, ""3"": 69, ""4"": 87}",False,13.0,-57.0,5.0,11.0,12.0,0.03,65.0,28.125,68.0,11.0,9.0,12.75,26.5,8.75,659.0,81.0,8.0,13.0,48.0,1.0,1.0,2.0,6.0,3.0,0.0,0.0,0.0,32.0,32.0,0.395,0.38095238095238093,0.0128,0.0128,0.1,0.45454545454545453,0.5454545454545454,0.325,1.0,1.0,0.5833333333333333,0.4236842105263158,0.0
20260629_225103_bc53ce62,20260629_225103_bc53ce62_g0000,0,154833329,3,32,32,32,1,4,GREEN,pool_peer_500ms,3,1.0,[1],0,87,2,"{""1"": 120, ""2"": 73, ""3"": 69, ""4"": 87}",False,23.0,-37.0,0.0,13.0,12.0,0.03,325.0,103.625,320.125,23.0,26.0,55.5,120.0,95.625,399.0,343.125,8.0,13.0,49.0,1.0,1.0,2.0,5.0,4.0,0.0,0.0,0.0,32.0,32.0,0.395,0.38095238095238093,0.0128,0.0128,0.0975,0.4431818181818182,0.5568181818181818,0.575,1.0,1.0,0.5,0.5708502024291497,0.0
20260629_225103_bc53ce62,20260629_225103_bc53ce62_g0000,0,154833329,4,40,40,40,1,1,RED,champ_v3,0,1.0,[1],1,120,1,"{""1"": 120, ""2"": 73, ""3"": 69, ""4"": 87}",False,31.0,-23.0,0.0,28.0,16.0,0.04,129.0,56.75,141.5,20.0,22.0,30.0,37.0,32.5,322.0,172.5,10.0,11.0,41.0,1.0,1.0,2.0,3.0,4.0,1.0,0.0,0.0,40.0,40.0,0.4875,0.47619047619047616,0.016,0.016,0.1175,0.5340909090909091,0.4659090909090909,0.775,1.0,1.0,0.45,0.5811870100783875,0.0
20260629_225103_bc53ce62,20260629_225103_bc53ce62_g0000,0,154833329,4,40,40,40,1,2,BLUE,pool_heuristic,1,1.0,[1],0,73,3,"{""1"": 120, ""2"": 73, ""3"": 69, ""4"": 87}",False,20.0,-45.0,3.0,22.0,16.0,0.04,57.0,29.75,61.0,15.0,10.0,9.75,25.0,1.25,394.0,81.0,10.0,11.0,38.0,1.0,1.0,2.0,6.0,1.0,0.0,0.0,0.0,40.0,40.0,0.4875,0.47619047619047616,0.016,0.016,0.125,0.5681818181818182,0.4318181818181818,0.5,1.0,1.0,0.5416666666666667,0.4652631578947368,0.0
20260629_225103_bc53ce62,20260629_225103_bc53ce62_g0000,0,154833329,4,40,40,40,1,3,YELLOW,pool_l45_100ms,2,1.0,[1],0,69,4,"{""1"": 120, ""2"": 73, ""3"": 69, ""4"": 87}",False,9.0,-67.0,5.0,17.0,16.0,0.04,17.0,10.625,17.25,7.0,3.0,3.75,3.5,0.0,434.0,26.25,10.0,11.0,39.0,1.0,1.0,2.0,5.0,2.0,0.0,0.0,0.0,40.0,40.0,0.4875,0.47619047619047616,0.016,0.016,0.1225,0.5568181818181818,0.4431818181818182,0.225,0.8833333333333333,1.0,0.6333333333333333,0.3877551020408163,0.0
20260629_225103_bc53ce62,20260629_225103_bc53ce62_g0000,0,154833329,4,40,40,40,1,4,GREEN,pool_peer_500ms,3,1.0,[1],0,87,2,"{""1"": 120, ""2"": 73, ""3"": 69, ""4"": 87}",False,25.0,-35.0,0.0,24.0,16.0,0.04,248.0,87.875,253.5,23.0,22.0,47.25,117.5,43.75,203.0,278.5,10.0,11.0,39.0,1.0,1.0,2.0,5.0,2.0,0.0,0.0,0.0,40.0,40.0,0.4875,0.47619047619047616,0.016,0.016,0.1225,0.5568181818181818,0.4431818181818182,0.625,1.0,1.0,0.5,0.5864661654135339,0.0
20260629_225103_bc53ce62,20260629_225103_bc53ce62_g0000,0,154833329,5,48,48,48,1,1,RED,champ_v3,0,1.0,[1],1,120,1,"{""1"": 120, ""2"": 73, ""3"": 69, ""4"": 87}",False,35.0,-17.0,0.0,35.0,22.0,0.055,67.0,38.5,72.5,20.0,17.0,16.5,14.0,5.0,90.0,107.5,12.0,9.0,31.0,1.0,1.0,2.0,3.0,2.0,1.0,0.0,0.0,48.0,48.0,0.57,0.5714285714285714,0.0192,0.0192,0.1425,0.6477272727272727,0.3522727272727273,0.875,1.0,1.0,0.4333333333333333,0.5706371191135735,0.0
20260629_225103_bc53ce62,20260629_225103_bc53ce62_g0000,0,154833329,5,48,48,48,1,2,BLUE,pool_heuristic,1,1.0,[1],0,73,3,"{""1"": 120, ""2"": 73, ""3"": 69, ""4"": 87}",False,22.0,-43.0,3.0,29.0,22.0,0.055,28.0,20.0,27.0,15.0,8.0,0.0,4.0,0.0,129.0,49.0,12.0,9.0,31.0,1.0,1.0,1.0,5.0,1.0,0.0,0.0,0.0,48.0,48.0,0.57,0.5714285714285714,0.0192,0.0192,0.1425,0.6477272727272727,0.3522727272727273,0.55,1.0,1.0,0.5416666666666667,0.47091412742382277,0.0
20260629_225103_bc53ce62,20260629_225103_bc53ce62_g0000,0,154833329,5,48,48,48,1,3,YELLOW,pool_l45_100ms,2,1.0,[1],0,69,4,"{""1"": 120, ""2"": 73, ""3"": 69, ""4"": 87}",False,6.0,-75.0,3.0,28.0,22.0,0.055,4.0,4.0,4.0,4.0,0.0,0.0,0.0,0.0,153.0,10.0,12.0,9.0,32.0,1.0,1.0,1.0,4.0,2.0,0.0,0.0,0.0,48.0,48.0,0.57,0.5714285714285714,0.0192,0.0192,0.14,0.6363636363636364,0.36363636363636365,0.15,0.36666666666666664,1.0,0.675,0.4135338345864662,0.0
20260629_225103_bc53ce62,20260629_225103_bc53ce62_g0000,0,154833329,5,48,48,48,1,4,GREEN,pool_peer_500ms,3,1.0,[1],0,87,2,"{""1"": 120, ""2"": 73, ""3"": 69, ""4"": 87}",False,24.0,-39.0,0.0,31.0,22.0,0.055,58.0,33.0,64.5,18.0,9.0,15.0,20.0,2.5,99.0,88.5,12.0,9.0,30.0,1.0,1.0,2.0,4.0,1.0,0.0,0.0,0.0,48.0,48.0,0.57,0.5714285714285714,0.0192,0.0192,0.145,0.6590909090909091,0.3409090909090909,0.6,1.0,1.0,0.525,0.5798548094373865,0.0
20260629_225103_bc53ce62,20260629_225103_bc53ce62_g0000,0,154833329,6,56,56,56,1,1,RED,champ_v3,0,1.0,[1],1,120,1,"{""1"": 120, ""2"": 73, ""3"": 69, ""4"": 87}",False,33.0,-22.0,0.0,44.0,30.0,0.075,45.0,29.75,48.0,18.0,14.0,9.0,7.0,0.0,29.0,81.0,14.0,7.0,21.0,1.0,1.0,2.0,3.0,0.0,0.0,0.0,0.0,56.0,56.0,0.6375,0.6666666666666666,0.0224,0.0224,0.1675,0.7613636363636364,0.23863636363636365,0.825,1.0,0.8,0.4583333333333333,0.5483110761979576,0.0
20260629_225103_bc53ce62,20260629_225103_bc53ce62_g0000,0,154833329,6,56,56,56,1,2,BLUE,pool_heuristic,1,1.0,[1],0,73,3,"{""1"": 120, ""2"": 73, ""3"": 69, ""4"": 87}",False,21.0,-46.0,3.0,42.0,30.0,0.075,17.0,14.5,17.0,12.0,5.0,0.0,0.0,0.0,57.0,38.0,14.0,7.0,23.0,1.0,1.0,1.0,3.0,1.0,0.0,0.0,0.0,56.0,56.0,0.6375,0.6666666666666666,0.0224,0.0224,0.1625,0.7386363636363636,0.26136363636363635,0.525,0.8833333333333333,1.0,0.5583333333333333,0.4445344129554656,0.0
20260629_225103_bc53ce62,20260629_225103_bc53ce62_g0000,0,154833329,6,56,56,56,1,3,YELLOW,pool_l45_100ms,2,1.0,[1],0,69,4,"{""1"": 120, ""2"": 73, ""3"": 69, ""4"": 87}",False,9.0,-70.0,3.0,35.0,30.0,0.075,1.0,0.5,1.0,0.0,1.0,0.0,0.0,0.0,73.0,10.0,14.0,7.0,26.0,0.0,1.0,1.0,4.0,1.0,0.0,0.0,0.0,56.0,56.0,0.6375,0.6666666666666666,0.0224,0.0224,0.155,0.7045454545454546,0.29545454545454547,0.225,0.45,1.0,0.6583333333333333,0.4040747028862479,0.0
20260629_225103_bc53ce62,20260629_225103_bc53ce62_g0000,0,154833329,6,56,56,56,1,4,GREEN,pool_peer_500ms,3,1.0,[1],0,87,2,"{""1"": 120, ""2"": 73, ""3"": 69, ""4"": 87}",False,25.0,-38.0,0.0,39.0,30.0,0.075,11.0,3.5,11.5,0.0,0.0,7.5,4.0,0.0,63.0,36.5,14.0,7.0,27.0,0.0,0.0,2.0,4.0,1.0,0.0,0.0,0.0,56.0,56.0,0.6375,0.6666666666666666,0.0224,0.0224,0.1525,0.6931818181818182,0.3068181818181818,0.625,1.0,1.0,0.525,0.5737704918032787,0.0
20260629_225103_bc53ce62,20260629_225103_bc53ce62_g0000,0,154833329,7,64,64,65,2,1,RED,champ_v3,0,1.0,[1],1,120,1,"{""1"": 120, ""2"": 73, ""3"": 69, ""4"": 87}",False,32.0,-22.0,0.0,51.0,35.0,0.0875,17.0,7.0,16.25,0.0,10.0,5.25,1.0,0.0,1.0,48.25,17.0,4.0,12.0,0.0,1.0,2.0,1.0,0.0,0.0,0.0,0.0,64.0,65.0,0.6925,0.8095238095238095,0.026,0.0256,0.19,0.8636363636363636,0.13636363636363635,0.8,0.9666666666666667,0.8,0.45,0.5228531855955678,0.0
20260629_225103_bc53ce62,20260629_225103_bc53ce62_g0000,0,154833329,7,64,64,65,2,2,BLUE,pool_heuristic,1,1.0,[1],0,73,3,"{""1"": 120, ""2"": 73, ""3"": 69, ""4"": 87}",False,22.0,-42.0,3.0,57.0,35.0,0.0875,0.0,0.0,0.0,0.0,0.0,0.0,0.0,0.0,18.0,22.0,16.0,5.0,20.0,0.0,0.0,1.0,3.0,1.0,0.0,0.0,0.0,64.0,65.0,0.6925,0.7619047619047619,0.026,0.0256,0.17,0.7727272727272727,0.22727272727272727,0.55,0.5833333333333334,1.0,0.5333333333333333,0.4473684210526315,0.0
20260629_225103_bc53ce62,20260629_225103_bc53ce62_g0000,0,154833329,7,64,64,65,2,3,YELLOW,pool_l45_100ms,2,1.0,[1],0,69,4,"{""1"": 120, ""2"": 73, ""3"": 69, ""4"": 87}",False,8.0,-70.0,3.0,43.0,35.0,0.0875,0.0,0.0,0.0,0.0,0.0,0.0,0.0,0.0,18.0,8.0,15.0,6.0,24.0,0.0,0.0,1.0,4.0,1.0,0.0,0.0,0.0,64.0,65.0,0.6925,0.7142857142857143,0.026,0.0256,0.16,0.7272727272727273,0.2727272727272727,0.2,0.4,1.0,0.65,0.3955592105263158,0.0
20260629_225103_bc53ce62,20260629_225103_bc53ce62_g0000,0,154833329,7,64,64,65,2,4,GREEN,pool_peer_500ms,3,1.0,[1],0,87,2,"{""1"": 120, ""2"": 73, ""3"": 69, ""4"": 87}",False,24.0,-38.0,0.0,48.0,35.0,0.0875,1.0,0.5,1.5,0.0,0.0,1.5,0.0,0.0,17.0,25.5,16.0,5.0,19.0,0.0,0.0,2.0,2.0,1.0,0.0,0.0,0.0,64.0,65.0,0.6925,0.7619047619047619,0.026,0.0256,0.1725,0.7840909090909091,0.2159090909090909,0.6,0.9166666666666666,1.0,0.5166666666666667,0.5453852021357742,0.0
20260629_225103_bc53ce62,20260629_225103_bc53ce62_g0001,1,1016265804,0,8,8,8,1,1,RED,pool_heuristic,0,3.0,[3],0,78,3,"{""1"": 78, ""2"": 74, ""3"": 105, ""4"": 93}",False,8.0,-15.0,8.0,0.0,3.0,0.0075,499.0,122.0,492.0,8.0,14.0,39.75,154.0,276.25,1413.0,500.0,2.0,19.0,78.0,1.0,1.0,2.0,6.0,9.0,1.0,0.0,1.0,8.0,8.0,0.1,0.09523809523809523,0.0032,0.0032,0.025,0.11363636363636363,0.8863636363636364,0.2,1.0,1.0,0.19166666666666668,0.26315789473684215,0.0
20260629_225103_bc53ce62,20260629_225103_bc53ce62_g0001,1,1016265804,0,8,8,8,1,2,BLUE,pool_l45_100ms,1,3.0,[3],0,74,4,"{""1"": 78, ""2"": 74, ""3"": 105, ""4"": 93}",False,5.0,-21.0,9.0,0.0,3.0,0.0075,327.0,76.25,309.5,5.0,8.0,24.0,95.0,177.5,1585.0,314.5,2.0,19.0,78.0,1.0,1.0,2.0,6.0,9.0,1.0,1.0,0.0,8.0,8.0,0.1,0.09523809523809523,0.0032,0.0032,0.025,0.11363636363636363,0.8863636363636364,0.125,1.0,1.0,0.21666666666666665,0.15263157894736834,0.0
20260629_225103_bc53ce62,20260629_225103_bc53ce62_g0001,1,1016265804,0,8,8,8,1,3,YELLOW,pool_peer_500ms,2,3.0,[3],1,105,1,"{""1"": 78, ""2"": 74, ""3"": 105, ""4"": 93}",False,9.0,-13.0,9.0,0.0,3.0,0.0075,543.0,122.625,488.75,9.0,15.0,41.25,153.5,270.0,1369.0,497.75,2.0,19.0,78.0,1.0,1.0,2.0,6.0,9.0,1.0,0.0,0.0,8.0,8.0,0.1,0.09523809523809523,0.0032,0.0032,0.025,0.11363636363636363,0.8863636363636364,0.225,1.0,1.0,0.18333333333333332,0.23684210526315785,0.0
20260629_225103_bc53ce62,20260629_225103_bc53ce62_g0001,1,1016265804,0,8,8,8,1,4,GREEN,champ_v3,3,3.0,[3],0,93,2,"{""1"": 78, ""2"": 74, ""3"": 105, ""4"": 93}",False,9.0,-13.0,9.0,0.0,3.0,0.0075,543.0,122.625,488.75,9.0,15.0,41.25,153.5,270.0,1369.0,497.75,2.0,19.0,78.0,1.0,1.0,2.0,6.0,9.0,1.0,0.0,0.0,8.0,8.0,0.1,0.09523809523809523,0.0032,0.0032,0.025,0.11363636363636363,0.8863636363636364,0.225,1.0,1.0,0.18333333333333332,0.23684210526315785,0.0
20260629_225103_bc53ce62,20260629_225103_bc53ce62_g0001,1,1016265804,1,16,16,16,1,1,RED,pool_heuristic,0,3.0,[3],0,78,3,"{""1"": 78, ""2"": 74, ""3"": 105, ""4"": 93}",False,15.0,-25.0,2.0,0.0,3.0,0.0075,577.0,162.125,614.875,15.0,24.0,61.5,235.0,279.375,1989.0,629.875,4.0,17.0,68.0,1.0,1.0,2.0,6.0,7.0,1.0,0.0,1.0,16.0,16.0,0.2,0.19047619047619047,0.0064,0.0064,0.05,0.22727272727272727,0.7727272727272727,0.375,1.0,1.0,0.33333333333333337,0.4736842105263158,0.0
20260629_225103_bc53ce62,20260629_225103_bc53ce62_g0001,1,1016265804,1,16,16,16,1,2,BLUE,pool_l45_100ms,1,3.0,[3],0,74,4,"{""1"": 78, ""2"": 74, ""3"": 105, ""4"": 93}",False,9.0,-37.0,6.0,0.0,3.0,0.0075,502.0,117.125,453.625,9.0,16.0,43.5,172.0,213.125,2064.0,462.625,4.0,17.0,68.0,1.0,1.0,2.0,6.0,7.0,1.0,0.0,0.0,16.0,16.0,0.2,0.19047619047619047,0.0064,0.0064,0.05,0.22727272727272727,0.7727272727272727,0.225,1.0,1.0,0.38333333333333336,0.3263157894736842,0.0
20260629_225103_bc53ce62,20260629_225103_bc53ce62_g0001,1,1016265804,1,16,16,16,1,3,YELLOW,pool_peer_500ms,2,3.0,[3],1,105,1,"{""1"": 78, ""2"": 74, ""3"": 105, ""4"": 93}",False,16.0,-23.0,0.0,3.0,3.0,0.0075,793.0,197.75,768.25,15.0,27.0,75.0,280.0,371.25,1773.0,784.25,4.0,17.0,68.0,1.0,1.0,2.0,6.0,7.0,1.0,0.0,0.0,16.0,16.0,0.2,0.19047619047619047,0.0064,0.0064,0.05,0.22727272727272727,0.7727272727272727,0.4,1.0,1.0,0.325,0.49473684210526314,0.0
20260629_225103_bc53ce62,20260629_225103_bc53ce62_g0001,1,1016265804,1,16,16,16,1,4,GREEN,champ_v3,3,3.0,[3],0,93,2,"{""1"": 78, ""2"": 74, ""3"": 105, ""4"": 93}",False,15.0,-25.0,1.0,3.0,3.0,0.0075,694.0,175.25,670.625,15.0,26.0,67.5,246.5,315.625,1872.0,685.625,4.0,17.0,68.0,1.0,1.0,2.0,6.0,7.0,1.0,0.0,0.0,16.0,16.0,0.2,0.19047619047619047,0.0064,0.0064,0.05,0.22727272727272727,0.7727272727272727,0.375,1.0,1.0,0.33333333333333337,0.4894736842105264,0.0
20260629_225103_bc53ce62,20260629_225103_bc53ce62_g0001,1,1016265804,2,24,24,24,1,1,RED,pool_heuristic,0,3.0,[3],0,78,3,"{""1"": 78, ""2"": 74, ""3"": 105, ""4"": 93}",False,19.0,-35.0,2.0,8.0,6.0,0.015,380.0,122.625,426.75,17.0,24.0,54.75,183.5,147.5,1200.0,445.75,6.0,15.0,58.0,1.0,1.0,2.0,6.0,5.0,1.0,0.0,1.0,24.0,24.0,0.2975,0.2857142857142857,0.0096,0.0096,0.075,0.3409090909090909,0.6590909090909091,0.475,1.0,1.0,0.45,0.5543859649122806,0.0
20260629_225103_bc53ce62,20260629_225103_bc53ce62_g0001,1,1016265804,2,24,24,24,1,2,BLUE,pool_l45_100ms,1,3.0,[3],0,74,4,"{""1"": 78, ""2"": 74, ""3"": 105, ""4"": 93}",False,13.0,-47.0,6.0,0.0,6.0,0.015,275.0,74.25,246.75,13.0,16.0,33.0,106.0,78.75,1305.0,259.75,6.0,15.0,58.0,1.0,1.0,2.0,6.0,5.0,0.0,0.0,0.0,24.0,24.0,0.2975,0.2857142857142857,0.0096,0.0096,0.075,0.3409090909090909,0.6590909090909091,0.325,1.0,1.0,0.5,0.38596491228070173,0.0
20260629_225103_bc53ce62,20260629_225103_bc53ce62_g0001,1,1016265804,2,24,24,24,1,3,YELLOW,pool_peer_500ms,2,3.0,[3],1,105,1,"{""1"": 78, ""2"": 74, ""3"": 105, ""4"": 93}",False,21.0,-31.0,0.0,12.0,6.0,0.015,451.0,127.125,448.625,17.0,23.0,55.5,190.0,163.125,1129.0,469.625,6.0,15.0,58.0,1.0,1.0,2.0,6.0,5.0,0.0,0.0,0.0,24.0,24.0,0.2975,0.2857142857142857,0.0096,0.0096,0.075,0.3409090909090909,0.6590909090909091,0.525,1.0,1.0,0.4333333333333333,0.5964912280701754,0.0
20260629_225103_bc53ce62,20260629_225103_bc53ce62_g0001,1,1016265804,2,24,24,24,1,4,GREEN,champ_v3,3,3.0,[3],0,93,2,"{""1"": 78, ""2"": 74, ""3"": 105, ""4"": 93}",False,20.0,-33.0,1.0,8.0,6.0,0.015,474.0,133.625,469.125,19.0,25.0,63.75,172.0,189.375,1106.0,489.125,6.0,15.0,59.0,1.0,1.0,2.0,5.0,6.0,1.0,0.0,0.0,24.0,24.0,0.2975,0.2857142857142857,0.0096,0.0096,0.0725,0.32954545454545453,0.6704545454545454,0.5,1.0,1.0,0.4416666666666667,0.5390199637023594,0.0
20260629_225103_bc53ce62,20260629_225103_bc53ce62_g0001,1,1016265804,3,32,32,32,1,1,RED,pool_heuristic,0,3.0,[3],0,78,3,"{""1"": 78, ""2"": 74, ""3"": 105, ""4"": 93}",False,24.0,-34.0,2.0,17.0,18.0,0.045,211.0,77.375,230.75,19.0,20.0,34.5,108.5,48.75,807.0,254.75,8.0,13.0,48.0,1.0,1.0,2.0,6.0,3.0,0.0,0.0,1.0,32.0,32.0,0.395,0.38095238095238093,0.0128,0.0128,0.1,0.45454545454545453,0.5454545454545454,0.6,1.0,1.0,0.4833333333333333,0.5539473684210526,0.0
20260629_225103_bc53ce62,20260629_225103_bc53ce62_g0001,1,1016265804,3,32,32,32,1,2,BLUE,pool_l45_100ms,1,3.0,[3],0,74,4,"{""1"": 78, ""2"": 74, ""3"": 105, ""4"": 93}",False,11.0,-60.0,5.0,3.0,18.0,0.045,73.0,30.75,79.875,10.0,10.0,16.5,31.5,11.875,945.0,90.875,8.0,13.0,48.0,1.0,1.0,2.0,6.0,3.0,0.0,0.0,0.0,32.0,32.0,0.395,0.38095238095238093,0.0128,0.0128,0.1,0.45454545454545453,0.5454545454545454,0.275,1.0,1.0,0.5916666666666667,0.40921052631578947,0.0
20260629_225103_bc53ce62,20260629_225103_bc53ce62_g0001,1,1016265804,3,32,32,32,1,3,YELLOW,pool_peer_500ms,2,3.0,[3],1,105,1,"{""1"": 78, ""2"": 74, ""3"": 105, ""4"": 93}",False,24.0,-34.0,0.0,21.0,18.0,0.045,328.0,98.0,315.0,18.0,22.0,47.25,154.0,73.75,690.0,339.0,8.0,13.0,48.0,1.0,1.0,2.0,6.0,3.0,0.0,0.0,0.0,32.0,32.0,0.395,0.38095238095238093,0.0128,0.0128,0.1,0.45454545454545453,0.5454545454545454,0.6,1.0,1.0,0.4833333333333333,0.6328947368421053,0.0
20260629_225103_bc53ce62,20260629_225103_bc53ce62_g0001,1,1016265804,3,32,32,32,1,4,GREEN,champ_v3,3,3.0,[3],0,93,2,"{""1"": 78, ""2"": 74, ""3"": 105, ""4"": 93}",False,23.0,-36.0,0.0,17.0,18.0,0.045,406.0,124.5,421.875,21.0,26.0,65.25,136.5,173.125,612.0,444.875,8.0,13.0,50.0,1.0,1.0,2.0,4.0,5.0,1.0,0.0,0.0,32.0,32.0,0.395,0.38095238095238093,0.0128,0.0128,0.095,0.4318181818181818,0.5681818181818182,0.575,1.0,1.0,0.4916666666666667,0.5858725761772854,0.0
20260629_225103_bc53ce62,20260629_225103_bc53ce62_g0001,1,1016265804,4,40,40,40,1,1,RED,pool_heuristic,0,3.0,[3],0,78,3,"{""1"": 78, ""2"": 74, ""3"": 105, ""4"": 93}",False,22.0,-42.0,2.0,22.0,21.0,0.0525,31.0,21.625,33.5,14.0,10.0,4.5,2.5,2.5,279.0,55.5,10.0,11.0,39.0,1.0,1.0,2.0,5.0,2.0,0.0,0.0,1.0,40.0,40.0,0.4925,0.47619047619047616,0.016,0.016,0.1225,0.5568181818181818,0.4431818181818182,0.55,1.0,1.0,0.5333333333333333,0.5177228786251342,0.0
20260629_225103_bc53ce62,20260629_225103_bc53ce62_g0001,1,1016265804,4,40,40,40,1,2,BLUE,pool_l45_100ms,1,3.0,[3],0,74,4,"{""1"": 78, ""2"": 74, ""3"": 105, ""4"": 93}",False,12.0,-62.0,5.0,7.0,21.0,0.0525,37.0,19.75,41.0,9.0,8.0,9.0,15.0,0.0,273.0,53.0,10.0,11.0,38.0,1.0,1.0,2.0,6.0,1.0,0.0,0.0,0.0,40.0,40.0,0.4925,0.47619047619047616,0.016,0.016,0.125,0.5681818181818182,0.4318181818181818,0.3,0.95,1.0,0.6166666666666667,0.4073684210526316,0.0
20260629_225103_bc53ce62,20260629_225103_bc53ce62_g0001,1,1016265804,4,40,40,40,1,3,YELLOW,pool_peer_500ms,2,3.0,[3],1,105,1,"{""1"": 78, ""2"": 74, ""3"": 105, ""4"": 93}",False,25.0,-36.0,0.0,28.0,21.0,0.0525,84.0,41.625,90.25,19.0,14.0,18.75,33.5,5.0,226.0,115.25,10.0,11.0,38.0,1.0,1.0,2.0,6.0,1.0,0.0,0.0,0.0,40.0,40.0,0.4925,0.47619047619047616,0.016,0.016,0.125,0.5681818181818182,0.4318181818181818,0.625,1.0,1.0,0.5083333333333333,0.591578947368421,0.0
20260629_225103_bc53ce62,20260629_225103_bc53ce62_g0001,1,1016265804,4,40,40,40,1,4,GREEN,champ_v3,3,3.0,[3],0,93,2,"{""1"": 78, ""2"": 74, ""3"": 105, ""4"": 93}",False,27.0,-32.0,0.0,21.0,21.0,0.0525,158.0,67.25,177.75,22.0,20.0,37.5,62.0,36.25,152.0,204.75,10.0,11.0,40.0,1.0,1.0,2.0,4.0,3.0,0.0,0.0,0.0,40.0,40.0,0.4925,0.47619047619047616,0.016,0.016,0.12,0.5454545454545454,0.45454545454545453,0.675,1.0,1.0,0.4916666666666667,0.5734649122807018,0.0
20260629_225103_bc53ce62,20260629_225103_bc53ce62_g0001,1,1016265804,5,48,48,48,1,1,RED,pool_heuristic,0,3.0,[3],0,78,3,"{""1"": 78, ""2"": 74, ""3"": 105, ""4"": 93}",False,24.0,-42.0,2.0,42.0,21.0,0.0525,33.0,20.75,37.25,12.0,8.0,6.75,8.0,2.5,209.0,61.25,12.0,9.0,31.0,1.0,1.0,2.0,3.0,2.0,0.0,0.0,1.0,48.0,48.0,0.575,0.5714285714285714,0.0192,0.0192,0.1425,0.6477272727272727,0.3522727272727273,0.6,1.0,1.0,0.55,0.5078485687903971,0.0
20260629_225103_bc53ce62,20260629_225103_bc53ce62_g0001,1,1016265804,5,48,48,48,1,2,BLUE,pool_l45_100ms,1,3.0,[3],0,74,4,"{""1"": 78, ""2"": 74, ""3"": 105, ""4"": 93}",False,10.0,-70.0,4.0,23.0,21.0,0.0525,22.0,13.25,25.25,7.0,5.0,5.25,8.0,0.0,220.0,35.25,12.0,9.0,30.0,1.0,1.0,2.0,4.0,1.0,0.0,0.0,0.0,48.0,48.0,0.575,0.5714285714285714,0.0192,0.0192,0.145,0.6590909090909091,0.3409090909090909,0.25,1.0,1.0,0.6666666666666667,0.4156079854809437,0.0
20260629_225103_bc53ce62,20260629_225103_bc53ce62_g0001,1,1016265804,5,48,48,48,1,3,YELLOW,pool_peer_500ms,2,3.0,[3],1,105,1,"{""1"": 78, ""2"": 74, ""3"": 105, ""4"": 93}",False,29.0,-32.0,0.0,33.0,21.0,0.0525,92.0,47.0,104.25,20.0,16.0,24.75,41.0,2.5,150.0,133.25,12.0,9.0,30.0,1.0,1.0,2.0,4.0,1.0,0.0,0.0,0.0,48.0,48.0,0.575,0.5714285714285714,0.0192,0.0192,0.145,0.6590909090909091,0.3409090909090909,0.725,1.0,1.0,0.5083333333333333,0.5771324863883847,0.0
20260629_225103_bc53ce62,20260629_225103_bc53ce62_g0001,1,1016265804,5,48,48,48,1,4,GREEN,champ_v3,3,3.0,[3],0,93,2,"{""1"": 78, ""2"": 74, ""3"": 105, ""4"": 93}",False,27.0,-36.0,0.0,35.0,21.0,0.0525,95.0,46.625,112.5,18.0,15.0,26.25,34.5,18.75,147.0,139.5,12.0,9.0,31.0,1.0,1.0,2.0,3.0,2.0,0.0,0.0,0.0,48.0,48.0,0.575,0.5714285714285714,0.0192,0.0192,0.1425,0.6477272727272727,0.3522727272727273,0.675,1.0,1.0,0.525,0.569713758079409,0.0
20260629_225103_bc53ce62,20260629_225103_bc53ce62_g0001,1,1016265804,6,56,56,56,1,1,RED,pool_heuristic,0,3.0,[3],0,78,3,"{""1"": 78, ""2"": 74, ""3"": 105, ""4"": 93}",False,26.0,-39.0,2.0,58.0,31.0,0.0775,16.0,13.0,19.0,10.0,2.0,3.0,4.0,0.0,87.0,45.0,14.0,7.0,24.0,1.0,1.0,1.0,2.0,2.0,0.0,0.0,1.0,56.0,56.0,0.655,0.6666666666666666,0.0224,0.0224,0.16,0.7272727272727273,0.2727272727272727,0.65,1.0,1.0,0.5416666666666667,0.49917763157894735,0.0
20260629_225103_bc53ce62,20260629_225103_bc53ce62_g0001,1,1016265804,6,56,56,56,1,2,BLUE,pool_l45_100ms,1,3.0,[3],0,74,4,"{""1"": 78, ""2"": 74, ""3"": 105, ""4"": 93}",False,10.0,-71.0,4.0,30.0,31.0,0.0775,7.0,6.5,7.0,6.0,1.0,0.0,0.0,0.0,96.0,17.0,14.0,7.0,22.0,1.0,1.0,2.0,2.0,1.0,0.0,0.0,0.0,56.0,56.0,0.655,0.6666666666666666,0.0224,0.0224,0.165,0.75,0.25,0.25,0.5,1.0,0.675,0.416267942583732,0.0
20260629_225103_bc53ce62,20260629_225103_bc53ce62_g0001,1,1016265804,6,56,56,56,1,3,YELLOW,pool_peer_500ms,2,3.0,[3],1,105,1,"{""1"": 78, ""2"": 74, ""3"": 105, ""4"": 93}",False,33.0,-25.0,0.0,44.0,31.0,0.0775,49.0,34.75,58.0,22.0,13.0,7.5,13.0,2.5,54.0,91.0,14.0,7.0,23.0,1.0,1.0,1.0,3.0,1.0,0.0,0.0,0.0,56.0,56.0,0.655,0.6666666666666666,0.0224,0.0224,0.1625,0.7386363636363636,0.26136363636363635,0.825,1.0,1.0,0.4833333333333333,0.5481781376518219,0.0
20260629_225103_bc53ce62,20260629_225103_bc53ce62_g0001,1,1016265804,6,56,56,56,1,4,GREEN,champ_v3,3,3.0,[3],0,93,2,"{""1"": 78, ""2"": 74, ""3"": 105, ""4"": 93}",False,22.0,-47.0,0.0,45.0,31.0,0.0775,31.0,21.125,34.0,14.0,6.0,7.5,6.5,0.0,72.0,56.0,14.0,7.0,21.0,1.0,1.0,2.0,3.0,0.0,0.0,0.0,0.0,56.0,56.0,0.655,0.6666666666666666,0.0224,0.0224,0.1675,0.7613636363636364,0.23863636363636365,0.55,0.85,0.8,0.575,0.5278868813825609,0.0
20260629_225103_bc53ce62,20260629_225103_bc53ce62_g0001,1,1016265804,7,64,64,64,1,1,RED,pool_heuristic,0,3.0,[3],0,78,3,"{""1"": 78, ""2"": 74, ""3"": 105, ""4"": 93}",False,24.0,-33.0,2.0,64.0,40.0,0.1,2.0,1.0,2.5,0.0,1.0,1.5,0.0,0.0,25.0,26.5,16.0,5.0,19.0,0.0,1.0,1.0,1.0,2.0,0.0,0.0,1.0,64.0,64.0,0.71,0.7619047619047619,0.0256,0.0256,0.1725,0.7840909090909091,0.2159090909090909,0.6,0.6333333333333333,1.0,0.475,0.4874141876430206,0.0
20260629_225103_bc53ce62,20260629_225103_bc53ce62_g0001,1,1016265804,7,64,64,64,1,2,BLUE,pool_l45_100ms,1,3.0,[3],0,74,4,"{""1"": 78, ""2"": 74, ""3"": 105, ""4"": 93}",False,6.0,-69.0,4.0,34.0,40.0,0.1,0.0,0.0,0.0,0.0,0.0,0.0,0.0,0.0,27.0,6.0,16.0,5.0,19.0,0.0,0.0,2.0,2.0,1.0,0.0,0.0,0.0,64.0,64.0,0.71,0.7619047619047619,0.0256,0.0256,0.1725,0.7840909090909091,0.2159090909090909,0.15,0.2,1.0,0.625,0.41800152555301295,0.0
20260629_225103_bc53ce62,20260629_225103_bc53ce62_g0001,1,1016265804,7,64,64,64,1,3,YELLOW,pool_peer_500ms,2,3.0,[3],1,105,1,"{""1"": 78, ""2"": 74, ""3"": 105, ""4"": 93}",False,30.0,-21.0,0.0,52.0,40.0,0.1,24.0,20.25,24.5,17.0,5.0,1.5,1.0,0.0,3.0,54.5,16.0,5.0,14.0,1.0,1.0,1.0,2.0,0.0,0.0,0.0,0.0,64.0,64.0,0.71,0.7619047619047619,0.0256,0.0256,0.185,0.8409090909090909,0.1590909090909091,0.75,0.8666666666666667,0.8,0.425,0.5320056899004268,0.0
20260629_225103_bc53ce62,20260629_225103_bc53ce62_g0001,1,1016265804,7,64,64,64,1,4,GREEN,champ_v3,3,3.0,[3],0,93,2,"{""1"": 78, ""2"": 74, ""3"": 105, ""4"": 93}",False,21.0,-39.0,0.0,53.0,40.0,0.1,1.0,0.5,1.0,0.0,1.0,0.0,0.0,0.0,26.0,22.0,16.0,5.0,16.0,0.0,1.0,2.0,2.0,0.0,0.0,0.0,0.0,64.0,64.0,0.71,0.7619047619047619,0.0256,0.0256,0.18,0.8181818181818182,0.18181818181818182,0.525,0.6666666666666666,0.8,0.5,0.513157894736842,0.0
20260629_225103_bc53ce62,20260629_225103_bc53ce62_g0002,2,1589096696,0,8,8,8,1,1,RED,pool_l45_100ms,0,3.0,[3],0,92,2,"{""1"": 92, ""2"": 92, ""3"": 100, ""4"": 60}",False,6.0,-20.0,9.0,0.0,1.0,0.0025,388.0,90.5,366.25,6.0,10.0,28.5,113.0,208.75,1605.0,372.25,2.0,19.0,78.0,1.0,1.0,2.0,6.0,9.0,1.0,1.0,0.0,8.0,8.0,0.1,0.09523809523809523,0.0032,0.0032,0.025,0.11363636363636363,0.8863636363636364,0.15,1.0,1.0,0.21666666666666665,0.20526315789473681,0.0
20260629_225103_bc53ce62,20260629_225103_bc53ce62_g0002,2,1589096696,0,8,8,8,1,2,BLUE,pool_peer_500ms,1,3.0,[3],0,92,2,"{""1"": 92, ""2"": 92, ""3"": 100, ""4"": 60}",False,9.0,-14.0,9.0,0.0,1.0,0.0025,543.0,122.625,488.75,9.0,15.0,41.25,153.5,270.0,1450.0,497.75,2.0,19.0,78.0,1.0,1.0,2.0,6.0,9.0,1.0,0.0,0.0,8.0,8.0,0.1,0.09523809523809523,0.0032,0.0032,0.025,0.11363636363636363,0.8863636363636364,0.225,1.0,1.0,0.19166666666666668,0.23684210526315785,0.0
20260629_225103_bc53ce62,20260629_225103_bc53ce62_g0002,2,1589096696,0,8,8,8,1,3,YELLOW,champ_v3,2,3.0,[3],1,100,1,"{""1"": 92, ""2"": 92, ""3"": 100, ""4"": 60}",False,9.0,-14.0,9.0,0.0,1.0,0.0025,543.0,122.625,488.75,9.0,15.0,41.25,153.5,270.0,1450.0,497.75,2.0,19.0,78.0,1.0,1.0,2.0,6.0,9.0,1.0,0.0,0.0,8.0,8.0,0.1,0.09523809523809523,0.0032,0.0032,0.025,0.11363636363636363,0.8863636363636364,0.225,1.0,1.0,0.19166666666666668,0.23684210526315785,0.0
20260629_225103_bc53ce62,20260629_225103_bc53ce62_g0002,2,1589096696,0,8,8,8,1,4,GREEN,pool_heuristic,3,3.0,[3],0,60,3,"{""1"": 92, ""2"": 92, ""3"": 100, ""4"": 60}",False,8.0,-16.0,8.0,0.0,1.0,0.0025,519.0,126.125,510.5,8.0,14.0,40.5,160.5,287.5,1474.0,518.5,2.0,19.0,78.0,1.0,1.0,2.0,6.0,9.0,1.0,0.0,1.0,8.0,8.0,0.1,0.09523809523809523,0.0032,0.0032,0.025,0.11363636363636363,0.8863636363636364,0.2,1.0,1.0,0.2,0.26315789473684215,0.0
20260629_225103_bc53ce62,20260629_225103_bc53ce62_g0002,2,1589096696,1,16,16,16,1,1,RED,pool_l45_100ms,0,3.0,[3],0,92,2,"{""1"": 92, ""2"": 92, ""3"": 100, ""4"": 60}",False,10.0,-33.0,7.0,0.0,1.0,0.0025,513.0,119.875,460.375,10.0,17.0,45.0,174.0,214.375,1973.0,470.375,4.0,17.0,68.0,1.0,1.0,2.0,6.0,7.0,1.0,0.0,0.0,16.0,16.0,0.2,0.19047619047619047,0.0064,0.0064,0.05,0.22727272727272727,0.7727272727272727,0.25,1.0,1.0,0.35833333333333334,0.3236842105263158,0.0
20260629_225103_bc53ce62,20260629_225103_bc53ce62_g0002,2,1589096696,1,16,16,16,1,2,BLUE,pool_peer_500ms,1,3.0,[3],0,92,2,"{""1"": 92, ""2"": 92, ""3"": 100, ""4"": 60}",False,16.0,-21.0,0.0,2.0,1.0,0.0025,721.0,179.875,699.375,14.0,24.0,67.5,252.0,341.875,1765.0,715.375,4.0,17.0,68.0,1.0,1.0,2.0,6.0,7.0,1.0,0.0,0.0,16.0,16.0,0.2,0.19047619047619047,0.0064,0.0064,0.05,0.22727272727272727,0.7727272727272727,0.4,1.0,1.0,0.30833333333333335,0.49473684210526314,0.0
20260629_225103_bc53ce62,20260629_225103_bc53ce62_g0002,2,1589096696,1,16,16,16,1,3,YELLOW,champ_v3,2,3.0,[3],1,100,1,"{""1"": 92, ""2"": 92, ""3"": 100, ""4"": 60}",False,15.0,-23.0,1.0,2.0,1.0,0.0025,750.0,188.0,723.125,15.0,27.0,74.25,267.5,339.375,1736.0,738.125,4.0,17.0,68.0,1.0,1.0,2.0,6.0,7.0,1.0,0.0,0.0,16.0,16.0,0.2,0.19047619047619047,0.0064,0.0064,0.05,0.22727272727272727,0.7727272727272727,0.375,1.0,1.0,0.31666666666666665,0.4894736842105264,0.0
20260629_225103_bc53ce62,20260629_225103_bc53ce62_g0002,2,1589096696,1,16,16,16,1,4,GREEN,pool_heuristic,3,3.0,[3],0,60,3,"{""1"": 92, ""2"": 92, ""3"": 100, ""4"": 60}",False,12.0,-29.0,4.0,0.0,1.0,0.0025,502.0,131.5,501.25,12.0,18.0,50.25,191.0,230.0,1984.0,513.25,4.0,17.0,68.0,1.0,1.0,2.0,6.0,7.0,1.0,0.0,1.0,16.0,16.0,0.2,0.19047619047619047,0.0064,0.0064,0.05,0.22727272727272727,0.7727272727272727,0.3,1.0,1.0,0.3416666666666667,0.4368421052631579,0.0
20260629_225103_bc53ce62,20260629_225103_bc53ce62_g0002,2,1589096696,2,24,24,24,1,1,RED,pool_l45_100ms,0,3.0,[3],0,92,2,"{""1"": 92, ""2"": 92, ""3"": 100, ""4"": 60}",False,14.0,-43.0,4.0,4.0,2.0,0.005,394.0,98.0,347.625,12.0,18.0,44.25,151.5,121.875,1512.0,361.625,6.0,15.0,58.0,1.0,1.0,2.0,6.0,5.0,0.0,0.0,0.0,24.0,24.0,0.295,0.2857142857142857,0.0096,0.0096,0.075,0.3409090909090909,0.6590909090909091,0.35,1.0,1.0,0.475,0.4035087719298245,0.0
20260629_225103_bc53ce62,20260629_225103_bc53ce62_g0002,2,1589096696,2,24,24,24,1,2,BLUE,pool_peer_500ms,1,3.0,[3],0,92,2,"{""1"": 92, ""2"": 92, ""3"": 100, ""4"": 60}",False,20.0,-31.0,0.0,12.0,2.0,0.005,566.0,154.625,569.0,18.0,26.0,66.0,196.5,262.5,1340.0,589.0,6.0,15.0,59.0,1.0,1.0,2.0,5.0,6.0,1.0,0.0,0.0,24.0,24.0,0.295,0.2857142857142857,0.0096,0.0096,0.0725,0.32954545454545453,0.6704545454545454,0.5,1.0,1.0,0.425,0.5825771324863884,0.0
20260629_225103_bc53ce62,20260629_225103_bc53ce62_g0002,2,1589096696,2,24,24,24,1,3,YELLOW,champ_v3,2,3.0,[3],1,100,1,"{""1"": 92, ""2"": 92, ""3"": 100, ""4"": 60}",False,20.0,-31.0,0.0,11.0,2.0,0.005,536.0,147.75,534.375,18.0,26.0,67.5,193.5,229.375,1370.0,554.375,6.0,15.0,59.0,1.0,1.0,2.0,5.0,6.0,1.0,0.0,0.0,24.0,24.0,0.295,0.2857142857142857,0.0096,0.0096,0.0725,0.32954545454545453,0.6704545454545454,0.5,1.0,1.0,0.425,0.58983666061706,0.0
20260629_225103_bc53ce62,20260629_225103_bc53ce62_g0002,2,1589096696,2,24,24,24,1,4,GREEN,pool_heuristic,3,3.0,[3],0,60,3,"{""1"": 92, ""2"": 92, ""3"": 100, ""4"": 60}",False,17.0,-37.0,3.0,5.0,2.0,0.005,410.0,131.0,462.125,17.0,23.0,59.25,203.5,159.375,1496.0,479.125,6.0,15.0,58.0,1.0,1.0,2.0,6.0,5.0,1.0,0.0,1.0,24.0,24.0,0.295,0.2857142857142857,0.0096,0.0096,0.075,0.3409090909090909,0.6590909090909091,0.425,1.0,1.0,0.45,0.5157894736842106,0.0
20260629_225103_bc53ce62,20260629_225103_bc53ce62_g0002,2,1589096696,3,32,32,32,1,1,RED,pool_l45_100ms,0,3.0,[3],0,92,2,"{""1"": 92, ""2"": 92, ""3"": 100, ""4"": 60}",False,16.0,-51.0,3.0,15.0,2.0,0.005,81.0,33.375,82.125,12.0,12.0,15.0,35.0,8.125,767.0,98.125,8.0,13.0,48.0,1.0,1.0,2.0,6.0,3.0,0.0,0.0,0.0,32.0,32.0,0.3925,0.38095238095238093,0.0128,0.0128,0.1,0.45454545454545453,0.5454545454545454,0.4,1.0,1.0,0.5583333333333333,0.46184210526315794,0.0
20260629_225103_bc53ce62,20260629_225103_bc53ce62_g0002,2,1589096696,3,32,32,32,1,2,BLUE,pool_peer_500ms,1,3.0,[3],0,92,2,"{""1"": 92, ""2"": 92, ""3"": 100, ""4"": 60}",False,24.0,-35.0,0.0,20.0,2.0,0.005,294.0,90.75,284.75,20.0,20.0,45.0,116.0,83.75,554.0,308.75,8.0,13.0,49.0,1.0,1.0,2.0,5.0,4.0,0.0,0.0,0.0,32.0,32.0,0.3925,0.38095238095238093,0.0128,0.0128,0.0975,0.4431818181818182,0.5568181818181818,0.6,1.0,1.0,0.4916666666666667,0.582995951417004,0.0
20260629_225103_bc53ce62,20260629_225103_bc53ce62_g0002,2,1589096696,3,32,32,32,1,3,YELLOW,champ_v3,2,3.0,[3],1,100,1,"{""1"": 92, ""2"": 92, ""3"": 100, ""4"": 60}",False,24.0,-35.0,0.0,19.0,2.0,0.005,338.0,108.375,357.0,20.0,25.0,57.0,117.5,137.5,510.0,381.0,8.0,13.0,50.0,1.0,1.0,2.0,4.0,5.0,1.0,0.0,0.0,32.0,32.0,0.3925,0.38095238095238093,0.0128,0.0128,0.095,0.4318181818181818,0.5681818181818182,0.6,1.0,1.0,0.4916666666666667,0.6218836565096952,0.0
20260629_225103_bc53ce62,20260629_225103_bc53ce62_g0002,2,1589096696,3,32,32,32,1,4,GREEN,pool_heuristic,3,3.0,[3],0,60,3,"{""1"": 92, ""2"": 92, ""3"": 100, ""4"": 60}",False,19.0,-45.0,3.0,9.0,2.0,0.005,135.0,56.125,153.25,18.0,15.0,24.0,67.5,28.75,713.0,172.25,8.0,13.0,48.0,1.0,1.0,2.0,6.0,3.0,0.0,0.0,1.0,32.0,32.0,0.3925,0.38095238095238093,0.0128,0.0128,0.1,0.45454545454545453,0.5454545454545454,0.475,1.0,1.0,0.5333333333333333,0.5052631578947369,0.0
20260629_225103_bc53ce62,20260629_225103_bc53ce62_g0002,2,1589096696,4,40,40,40,1,1,RED,pool_l45_100ms,0,3.0,[3],0,92,2,"{""1"": 92, ""2"": 92, ""3"": 100, ""4"": 60}",False,16.0,-59.0,2.0,25.0,5.0,0.0125,61.0,27.625,61.375,12.0,10.0,11.25,25.0,3.125,387.0,77.375,10.0,11.0,38.0,1.0,1.0,2.0,6.0,1.0,0.0,0.0,0.0,40.0,40.0,0.485,0.47619047619047616,0.016,0.016,0.125,0.5681818181818182,0.4318181818181818,0.4,1.0,1.0,0.625,0.4905263157894737,0.0
20260629_225103_bc53ce62,20260629_225103_bc53ce62_g0002,2,1589096696,4,40,40,40,1,2,BLUE,pool_peer_500ms,1,3.0,[3],0,92,2,"{""1"": 92, ""2"": 92, ""3"": 100, ""4"": 60}",False,29.0,-33.0,0.0,24.0,5.0,0.0125,209.0,74.875,197.75,25.0,21.0,40.5,72.5,38.75,239.0,226.75,10.0,11.0,40.0,1.0,1.0,2.0,4.0,3.0,0.0,0.0,0.0,40.0,40.0,0.485,0.47619047619047616,0.016,0.016,0.12,0.5454545454545454,0.45454545454545453,0.725,1.0,1.0,0.5166666666666667,0.5712719298245614,0.0
20260629_225103_bc53ce62,20260629_225103_bc53ce62_g0002,2,1589096696,4,40,40,40,1,3,YELLOW,champ_v3,2,3.0,[3],1,100,1,"{""1"": 92, ""2"": 92, ""3"": 100, ""4"": 60}",False,30.0,-31.0,0.0,24.0,5.0,0.0125,160.0,64.125,171.625,20.0,21.0,39.75,44.0,46.875,288.0,201.625,10.0,11.0,41.0,1.0,1.0,2.0,3.0,4.0,1.0,0.0,0.0,40.0,40.0,0.485,0.47619047619047616,0.016,0.016,0.1175,0.5340909090909091,0.4659090909090909,0.75,1.0,1.0,0.5083333333333333,0.6035834266517357,0.0
20260629_225103_bc53ce62,20260629_225103_bc53ce62_g0002,2,1589096696,4,40,40,40,1,4,GREEN,pool_heuristic,3,3.0,[3],0,60,3,"{""1"": 92, ""2"": 92, ""3"": 100, ""4"": 60}",False,16.0,-59.0,3.0,17.0,5.0,0.0125,18.0,14.75,17.75,12.0,5.0,0.75,0.0,0.0,430.0,33.75,10.0,11.0,39.0,1.0,1.0,2.0,5.0,2.0,0.0,0.0,1.0,40.0,40.0,0.485,0.47619047619047616,0.016,0.016,0.1225,0.5568181818181818,0.4431818181818182,0.4,1.0,1.0,0.625,0.4844253490870032,0.0
20260629_225103_bc53ce62,20260629_225103_bc53ce62_g0002,2,1589096696,5,48,48,48,1,1,RED,pool_l45_100ms,0,3.0,[3],0,92,2,"{""1"": 92, ""2"": 92, ""3"": 100, ""4"": 60}",False,18.0,-62.0,2.0,38.0,11.0,0.0275,43.0,22.875,43.5,12.0,9.0,9.0,13.5,0.0,152.0,61.5,12.0,9.0,29.0,1.0,1.0,2.0,5.0,0.0,0.0,0.0,0.0,48.0,48.0,0.5675,0.5714285714285714,0.0192,0.0192,0.1475,0.6704545454545454,0.32954545454545453,0.45,1.0,0.8,0.6666666666666667,0.47903657448706516,0.0
20260629_225103_bc53ce62,20260629_225103_bc53ce62_g0002,2,1589096696,5,48,48,48,1,2,BLUE,pool_peer_500ms,1,3.0,[3],0,92,2,"{""1"": 92, ""2"": 92, ""3"": 100, ""4"": 60}",False,31.0,-36.0,0.0,31.0,11.0,0.0275,66.0,37.625,68.75,22.0,12.0,14.25,15.5,5.0,129.0,99.75,12.0,9.0,30.0,1.0,1.0,2.0,4.0,1.0,0.0,0.0,0.0,48.0,48.0,0.5675,0.5714285714285714,0.0192,0.0192,0.145,0.6590909090909091,0.3409090909090909,0.775,1.0,1.0,0.5583333333333333,0.5399274047186933,0.0
20260629_225103_bc53ce62,20260629_225103_bc53ce62_g0002,2,1589096696,5,48,48,48,1,3,YELLOW,champ_v3,2,3.0,[3],1,100,1,"{""1"": 92, ""2"": 92, ""3"": 100, ""4"": 60}",False,32.0,-34.0,0.0,42.0,11.0,0.0275,73.0,38.875,74.75,20.0,15.0,20.25,14.5,5.0,122.0,106.75,12.0,9.0,31.0,1.0,1.0,2.0,3.0,2.0,1.0,0.0,0.0,48.0,48.0,0.5675,0.5714285714285714,0.0192,0.0192,0.1425,0.6477272727272727,0.3522727272727273,0.8,1.0,1.0,0.55,0.5835641735918744,0.0
20260629_225103_bc53ce62,20260629_225103_bc53ce62_g0002,2,1589096696,5,48,48,48,1,4,GREEN,pool_heuristic,3,3.0,[3],0,60,3,"{""1"": 92, ""2"": 92, ""3"": 100, ""4"": 60}",False,17.0,-64.0,3.0,22.0,11.0,0.0275,13.0,4.875,16.0,0.0,4.0,1.5,5.5,5.0,182.0,33.0,12.0,9.0,35.0,0.0,1.0,1.0,5.0,2.0,0.0,0.0,1.0,48.0,48.0,0.5675,0.5714285714285714,0.0192,0.0192,0.1325,0.6022727272727273,0.3977272727272727,0.425,0.9666666666666667,1.0,0.675,0.4915590863952334,0.0
20260629_225103_bc53ce62,20260629_225103_bc53ce62_g0002,2,1589096696,6,56,56,57,2,1,RED,pool_l45_100ms,0,3.0,[3],0,92,2,"{""1"": 92, ""2"": 92, ""3"": 100, ""4"": 60}",False,15.0,-61.0,2.0,46.0,21.0,0.0525,16.0,12.25,17.25,9.0,4.0,2.25,2.0,0.0,88.0,32.25,15.0,6.0,17.0,1.0,1.0,2.0,2.0,0.0,0.0,0.0,0.0,56.0,57.0,0.64,0.7142857142857143,0.0228,0.0224,0.1775,0.8068181818181818,0.19318181818181818,0.375,0.6666666666666666,0.8,0.6333333333333333,0.46404744255003705,0.0
20260629_225103_bc53ce62,20260629_225103_bc53ce62_g0002,2,1589096696,6,56,56,57,2,2,BLUE,pool_peer_500ms,1,3.0,[3],0,92,2,"{""1"": 92, ""2"": 92, ""3"": 100, ""4"": 60}",False,33.0,-25.0,0.0,39.0,21.0,0.0525,44.0,27.875,44.0,21.0,0.0,13.5,9.5,0.0,60.0,77.0,14.0,7.0,24.0,1.0,0.0,2.0,3.0,1.0,0.0,0.0,0.0,56.0,57.0,0.64,0.6666666666666666,0.0228,0.0224,0.16,0.7272727272727273,0.2727272727272727,0.825,1.0,1.0,0.4833333333333333,0.5254934210526316,0.0
20260629_225103_bc53ce62,20260629_225103_bc53ce62_g0002,2,1589096696,6,56,56,57,2,3,YELLOW,champ_v3,2,3.0,[3],1,100,1,"{""1"": 92, ""2"": 92, ""3"": 100, ""4"": 60}",False,28.0,-35.0,0.0,51.0,21.0,0.0525,44.0,25.375,42.25,15.0,10.0,13.5,2.5,1.25,60.0,70.25,14.0,7.0,22.0,1.0,1.0,2.0,2.0,1.0,1.0,0.0,0.0,56.0,57.0,0.64,0.6666666666666666,0.0228,0.0224,0.165,0.75,0.25,0.7,1.0,1.0,0.525,0.543859649122807,0.0
20260629_225103_bc53ce62,20260629_225103_bc53ce62_g0002,2,1589096696,6,56,56,57,2,4,GREEN,pool_heuristic,3,3.0,[3],0,60,3,"{""1"": 92, ""2"": 92, ""3"": 100, ""4"": 60}",False,15.0,-61.0,3.0,30.0,21.0,0.0525,0.0,0.0,0.0,0.0,0.0,0.0,0.0,0.0,104.0,15.0,13.0,8.0,33.0,0.0,0.0,1.0,5.0,2.0,0.0,0.0,1.0,56.0,57.0,0.64,0.6190476190476191,0.0228,0.0224,0.1375,0.625,0.375,0.375,0.6166666666666667,1.0,0.6333333333333333,0.49665071770334923,0.0
20260629_225103_bc53ce62,20260629_225103_bc53ce62_g0002,2,1589096696,7,64,64,67,4,1,RED,pool_l45_100ms,0,3.0,[3],0,92,2,"{""1"": 92, ""2"": 92, ""3"": 100, ""4"": 60}",False,15.0,-63.0,2.0,57.0,21.0,0.0525,12.0,10.5,12.0,9.0,3.0,0.0,0.0,0.0,18.0,27.0,17.0,4.0,10.0,1.0,1.0,1.0,1.0,0.0,0.0,0.0,0.0,64.0,67.0,0.6975,0.8095238095238095,0.0268,0.0256,0.195,0.8863636363636364,0.11363636363636363,0.375,0.4666666666666667,0.8,0.65,0.44264507422402166,0.0
20260629_225103_bc53ce62,20260629_225103_bc53ce62_g0002,2,1589096696,7,64,64,67,4,2,BLUE,pool_peer_500ms,1,3.0,[3],0,92,2,"{""1"": 92, ""2"": 92, ""3"": 100, ""4"": 60}",False,31.0,-31.0,0.0,48.0,21.0,0.0525,5.0,2.5,8.5,0.0,0.0,4.5,4.0,0.0,25.0,39.5,17.0,4.0,16.0,0.0,0.0,1.0,2.0,1.0,0.0,0.0,0.0,64.0,67.0,0.6975,0.8095238095238095,0.0268,0.0256,0.18,0.8181818181818182,0.18181818181818182,0.775,0.8833333333333333,1.0,0.5166666666666667,0.5175438596491229,0.0
20260629_225103_bc53ce62,20260629_225103_bc53ce62_g0002,2,1589096696,7,64,64,67,4,3,YELLOW,champ_v3,2,3.0,[3],1,100,1,"{""1"": 92, ""2"": 92, ""3"": 100, ""4"": 60}",False,32.0,-29.0,0.0,60.0,21.0,0.0525,13.0,6.5,15.0,0.0,9.0,6.0,0.0,0.0,17.0,47.0,17.0,4.0,14.0,0.0,1.0,1.0,1.0,1.0,1.0,0.0,0.0,64.0,67.0,0.6975,0.8095238095238095,0.0268,0.0256,0.185,0.8409090909090909,0.1590909090909091,0.8,0.9166666666666666,1.0,0.5083333333333333,0.5199146514935988,0.0
20260629_225103_bc53ce62,20260629_225103_bc53ce62_g0002,2,1589096696,7,64,64,67,4,4,GREEN,pool_heuristic,3,3.0,[3],0,60,3,"{""1"": 92, ""2"": 92, ""3"": 100, ""4"": 60}",False,15.0,-63.0,3.0,40.0,21.0,0.0525,0.0,0.0,0.0,0.0,0.0,0.0,0.0,0.0,30.0,15.0,13.0,8.0,33.0,0.0,0.0,1.0,5.0,2.0,0.0,0.0,1.0,64.0,67.0,0.6975,0.6190476190476191,0.0268,0.0256,0.1375,0.625,0.375,0.375,0.31666666666666665,1.0,0.65,0.49665071770334923,0.0
20260629_225103_bc53ce62,20260629_225103_bc53ce62_g0003,3,873727084,0,8,8,8,1,1,RED,pool_peer_500ms,0,1.0,[1],1,93,1,"{""1"": 93, ""2"": 92, ""3"": 79, ""4"": 62}",False,9.0,-14.0,9.0,0.0,0.0,0.0,543.0,122.625,488.75,9.0,15.0,41.25,153.5,270.0,1411.0,497.75,2.0,19.0,78.0,1.0,1.0,2.0,6.0,9.0,1.0,0.0,0.0,8.0,8.0,0.1,0.09523809523809523,0.0032,0.0032,0.025,0.11363636363636363,0.8863636363636364,0.225,1.0,1.0,0.19166666666666668,0.23684210526315785,0.0
20260629_225103_bc53ce62,20260629_225103_bc53ce62_g0003,3,873727084,0,8,8,8,1,2,BLUE,champ_v3,1,1.0,[1],0,92,2,"{""1"": 93, ""2"": 92, ""3"": 79, ""4"": 62}",False,9.0,-14.0,9.0,0.0,0.0,0.0,543.0,122.625,488.75,9.0,15.0,41.25,153.5,270.0,1411.0,497.75,2.0,19.0,78.0,1.0,1.0,2.0,6.0,9.0,1.0,0.0,0.0,8.0,8.0,0.1,0.09523809523809523,0.0032,0.0032,0.025,0.11363636363636363,0.8863636363636364,0.225,1.0,1.0,0.19166666666666668,0.23684210526315785,0.0
20260629_225103_bc53ce62,20260629_225103_bc53ce62_g0003,3,873727084,0,8,8,8,1,3,YELLOW,pool_heuristic,2,1.0,[1],0,79,3,"{""1"": 93, ""2"": 92, ""3"": 79, ""4"": 62}",False,7.0,-18.0,9.0,0.0,0.0,0.0,424.0,105.375,424.375,7.0,12.0,34.5,134.0,236.875,1530.0,431.375,2.0,19.0,78.0,1.0,1.0,2.0,6.0,9.0,1.0,1.0,1.0,8.0,8.0,0.1,0.09523809523809523,0.0032,0.0032,0.025,0.11363636363636363,0.8863636363636364,0.175,1.0,1.0,0.20833333333333334,0.22105263157894728,0.0
20260629_225103_bc53ce62,20260629_225103_bc53ce62_g0003,3,873727084,0,8,8,8,1,4,GREEN,pool_l45_100ms,3,1.0,[1],0,62,4,"{""1"": 93, ""2"": 92, ""3"": 79, ""4"": 62}",False,7.0,-18.0,9.0,0.0,0.0,0.0,444.0,103.25,415.125,7.0,12.0,33.75,130.5,231.875,1510.0,422.125,2.0,19.0,78.0,1.0,1.0,2.0,6.0,9.0,1.0,1.0,0.0,8.0,8.0,0.1,0.09523809523809523,0.0032,0.0032,0.025,0.11363636363636363,0.8863636363636364,0.175,1.0,1.0,0.20833333333333334,0.20526315789473681,0.0
20260629_225103_bc53ce62,20260629_225103_bc53ce62_g0003,3,873727084,1,16,16,16,1,1,RED,pool_peer_500ms,0,1.0,[1],1,93,1,"{""1"": 93, ""2"": 92, ""3"": 79, ""4"": 62}",False,16.0,-21.0,0.0,0.0,4.0,0.01,851.0,211.375,821.0,16.0,28.0,81.0,303.5,392.5,1699.0,837.0,4.0,17.0,68.0,1.0,1.0,2.0,6.0,7.0,1.0,0.0,0.0,16.0,16.0,0.2,0.19047619047619047,0.0064,0.0064,0.05,0.22727272727272727,0.7727272727272727,0.4,1.0,1.0,0.30833333333333335,0.49473684210526314,0.0
20260629_225103_bc53ce62,20260629_225103_bc53ce62_g0003,3,873727084,1,16,16,16,1,2,BLUE,champ_v3,1,1.0,[1],0,92,2,"{""1"": 93, ""2"": 92, ""3"": 79, ""4"": 62}",False,15.0,-23.0,4.0,2.0,4.0,0.01,702.0,178.375,682.125,15.0,26.0,71.25,253.0,316.875,1848.0,697.125,4.0,17.0,68.0,1.0,1.0,2.0,6.0,7.0,1.0,0.0,0.0,16.0,16.0,0.2,0.19047619047619047,0.0064,0.0064,0.05,0.22727272727272727,0.7727272727272727,0.375,1.0,1.0,0.31666666666666665,0.4447368421052631,0.0
20260629_225103_bc53ce62,20260629_225103_bc53ce62_g0003,3,873727084,1,16,16,16,1,3,YELLOW,pool_heuristic,2,1.0,[1],0,79,3,"{""1"": 93, ""2"": 92, ""3"": 79, ""4"": 62}",False,12.0,-29.0,6.0,3.0,4.0,0.01,477.0,133.625,516.625,11.0,18.0,49.5,190.0,248.125,2073.0,528.625,4.0,17.0,68.0,1.0,1.0,2.0,6.0,7.0,1.0,1.0,1.0,16.0,16.0,0.2,0.19047619047619047,0.0064,0.0064,0.05,0.22727272727272727,0.7727272727272727,0.3,1.0,1.0,0.3416666666666667,0.3894736842105263,0.0
20260629_225103_bc53ce62,20260629_225103_bc53ce62_g0003,3,873727084,1,16,16,16,1,4,GREEN,pool_l45_100ms,3,1.0,[1],0,62,4,"{""1"": 93, ""2"": 92, ""3"": 79, ""4"": 62}",False,10.0,-33.0,7.0,0.0,4.0,0.01,520.0,120.875,465.625,10.0,17.0,45.0,173.0,220.625,2030.0,475.625,4.0,17.0,68.0,1.0,1.0,2.0,6.0,7.0,1.0,0.0,0.0,16.0,16.0,0.2,0.19047619047619047,0.0064,0.0064,0.05,0.22727272727272727,0.7727272727272727,0.25,1.0,1.0,0.35833333333333334,0.3131578947368421,0.0
20260629_225103_bc53ce62,20260629_225103_bc53ce62_g0003,3,873727084,2,24,24,24,1,1,RED,pool_peer_500ms,0,1.0,[1],1,93,1,"{""1"": 93, ""2"": 92, ""3"": 79, ""4"": 62}",False,20.0,-29.0,0.0,5.0,9.0,0.0225,540.0,139.625,503.375,17.0,22.0,60.75,213.0,190.625,844.0,523.375,6.0,15.0,58.0,1.0,1.0,2.0,6.0,5.0,0.0,0.0,0.0,24.0,24.0,0.3,0.2857142857142857,0.0096,0.0096,0.075,0.3409090909090909,0.6590909090909091,0.5,1.0,1.0,0.4083333333333333,0.5964912280701754,0.0
20260629_225103_bc53ce62,20260629_225103_bc53ce62_g0003,3,873727084,2,24,24,24,1,2,BLUE,champ_v3,1,1.0,[1],0,92,2,"{""1"": 93, ""2"": 92, ""3"": 79, ""4"": 62}",False,19.0,-31.0,1.0,10.0,9.0,0.0225,344.0,94.375,322.75,16.0,18.0,40.5,124.5,123.75,1040.0,341.75,6.0,15.0,58.0,1.0,1.0,2.0,6.0,5.0,0.0,0.0,0.0,24.0,24.0,0.3,0.2857142857142857,0.0096,0.0096,0.075,0.3409090909090909,0.6590909090909091,0.475,1.0,1.0,0.4166666666666667,0.5403508771929826,0.0
20260629_225103_bc53ce62,20260629_225103_bc53ce62_g0003,3,873727084,2,24,24,24,1,3,YELLOW,pool_heuristic,2,1.0,[1],0,79,3,"{""1"": 93, ""2"": 92, ""3"": 79, ""4"": 62}",False,16.0,-37.0,4.0,6.0,9.0,0.0225,216.0,78.5,251.0,15.0,19.0,39.75,106.0,71.25,1168.0,267.0,6.0,15.0,58.0,1.0,1.0,2.0,6.0,5.0,1.0,1.0,1.0,24.0,24.0,0.3,0.2857142857142857,0.0096,0.0096,0.075,0.3409090909090909,0.6590909090909091,0.4,1.0,1.0,0.4416666666666667,0.45438596491228067,0.0
20260629_225103_bc53ce62,20260629_225103_bc53ce62_g0003,3,873727084,2,24,24,24,1,4,GREEN,pool_l45_100ms,3,1.0,[1],0,62,4,"{""1"": 93, ""2"": 92, ""3"": 79, ""4"": 62}",False,14.0,-41.0,3.0,1.0,9.0,0.0225,284.0,73.5,249.125,12.0,14.0,32.25,111.5,79.375,1100.0,263.125,6.0,15.0,58.0,1.0,1.0,2.0,6.0,5.0,0.0,0.0,0.0,24.0,24.0,0.3,0.2857142857142857,0.0096,0.0096,0.075,0.3409090909090909,0.6590909090909091,0.35,1.0,1.0,0.4583333333333333,0.4175438596491228,0.0
20260629_225103_bc53ce62,20260629_225103_bc53ce62_g0003,3,873727084,3,32,32,32,1,1,RED,pool_peer_500ms,0,1.0,[1],1,93,1,"{""1"": 93, ""2"": 92, ""3"": 79, ""4"": 62}",False,23.0,-36.0,0.0,15.0,7.0,0.0175,246.0,78.125,237.875,19.0,17.0,35.25,111.0,55.625,428.0,260.875,8.0,13.0,48.0,1.0,1.0,2.0,6.0,3.0,0.0,0.0,0.0,32.0,32.0,0.3975,0.38095238095238093,0.0128,0.0128,0.1,0.45454545454545453,0.5454545454545454,0.575,1.0,1.0,0.4916666666666667,0.6026315789473684,0.0
20260629_225103_bc53ce62,20260629_225103_bc53ce62_g0003,3,873727084,3,32,32,32,1,2,BLUE,champ_v3,1,1.0,[1],0,92,2,"{""1"": 93, ""2"": 92, ""3"": 79, ""4"": 62}",False,25.0,-32.0,1.0,15.0,7.0,0.0175,279.0,87.125,271.875,21.0,19.0,37.5,105.0,89.375,395.0,296.875,8.0,13.0,49.0,1.0,1.0,2.0,5.0,4.0,0.0,0.0,0.0,32.0,32.0,0.3975,0.38095238095238093,0.0128,0.0128,0.0975,0.4431818181818182,0.5568181818181818,0.625,1.0,1.0,0.475,0.5910931174089069,0.0
20260629_225103_bc53ce62,20260629_225103_bc53ce62_g0003,3,873727084,3,32,32,32,1,3,YELLOW,pool_heuristic,2,1.0,[1],0,79,3,"{""1"": 93, ""2"": 92, ""3"": 79, ""4"": 62}",False,19.0,-44.0,4.0,15.0,7.0,0.0175,117.0,50.0,133.0,16.0,15.0,24.75,56.0,21.25,557.0,152.0,8.0,13.0,48.0,1.0,1.0,2.0,6.0,3.0,1.0,1.0,0.0,32.0,32.0,0.3975,0.38095238095238093,0.0128,0.0128,0.1,0.45454545454545453,0.5454545454545454,0.475,1.0,1.0,0.525,0.4473684210526315,0.0
20260629_225103_bc53ce62,20260629_225103_bc53ce62_g0003,3,873727084,3,32,32,32,1,4,GREEN,pool_l45_100ms,3,1.0,[1],0,62,4,"{""1"": 93, ""2"": 92, ""3"": 79, ""4"": 62}",False,15.0,-52.0,3.0,7.0,7.0,0.0175,32.0,17.25,31.25,11.0,4.0,4.5,8.0,3.75,642.0,46.25,8.0,13.0,48.0,1.0,1.0,2.0,6.0,3.0,0.0,0.0,0.0,32.0,32.0,0.3975,0.38095238095238093,0.0128,0.0128,0.1,0.45454545454545453,0.5454545454545454,0.375,1.0,1.0,0.5583333333333333,0.4302631578947369,0.0
20260629_225103_bc53ce62,20260629_225103_bc53ce62_g0003,3,873727084,4,40,40,40,1,1,RED,pool_peer_500ms,0,1.0,[1],1,93,1,"{""1"": 93, ""2"": 92, ""3"": 79, ""4"": 62}",False,26.0,-33.0,0.0,23.0,25.0,0.0625,156.0,58.625,154.0,20.0,14.0,29.25,74.5,16.25,171.0,180.0,10.0,11.0,39.0,1.0,1.0,2.0,5.0,2.0,0.0,0.0,0.0,40.0,40.0,0.485,0.47619047619047616,0.016,0.016,0.1225,0.5568181818181818,0.4431818181818182,0.65,1.0,1.0,0.4916666666666667,0.6047261009667024,0.0
20260629_225103_bc53ce62,20260629_225103_bc53ce62_g0003,3,873727084,4,40,40,40,1,2,BLUE,champ_v3,1,1.0,[1],0,92,2,"{""1"": 93, ""2"": 92, ""3"": 79, ""4"": 62}",False,28.0,-29.0,1.0,24.0,25.0,0.0625,120.0,52.5,128.5,21.0,16.0,26.25,34.0,31.25,207.0,156.5,10.0,11.0,41.0,1.0,1.0,2.0,3.0,4.0,0.0,0.0,0.0,40.0,40.0,0.485,0.47619047619047616,0.016,0.016,0.1175,0.5340909090909091,0.4659090909090909,0.7,1.0,1.0,0.475,0.5823068309070549,0.0
20260629_225103_bc53ce62,20260629_225103_bc53ce62_g0003,3,873727084,4,40,40,40,1,3,YELLOW,pool_heuristic,2,1.0,[1],0,79,3,"{""1"": 93, ""2"": 92, ""3"": 79, ""4"": 62}",False,18.0,-49.0,4.0,16.0,25.0,0.0625,41.0,25.625,43.5,15.0,11.0,9.0,8.5,0.0,286.0,61.5,10.0,11.0,39.0,1.0,1.0,2.0,5.0,2.0,1.0,1.0,0.0,40.0,40.0,0.485,0.47619047619047616,0.016,0.016,0.1225,0.5568181818181818,0.4431818181818182,0.45,1.0,1.0,0.5583333333333333,0.4274973147153599,0.0
20260629_225103_bc53ce62,20260629_225103_bc53ce62_g0003,3,873727084,4,40,40,40,1,4,GREEN,pool_l45_100ms,3,1.0,[1],0,62,4,"{""1"": 93, ""2"": 92, ""3"": 79, ""4"": 62}",False,13.0,-59.0,3.0,8.0,25.0,0.0625,10.0,9.5,10.0,9.0,1.0,0.0,0.0,0.0,317.0,23.0,10.0,11.0,39.0,1.0,1.0,2.0,5.0,2.0,0.0,0.0,0.0,40.0,40.0,0.485,0.47619047619047616,0.016,0.016,0.1225,0.5568181818181818,0.4431818181818182,0.325,0.6666666666666666,1.0,0.6,0.3845327604726101,0.0
20260629_225103_bc53ce62,20260629_225103_bc53ce62_g0003,3,873727084,5,48,48,48,1,1,RED,pool_peer_500ms,0,1.0,[1],1,93,1,"{""1"": 93, ""2"": 92, ""3"": 79, ""4"": 62}",False,29.0,-32.0,0.0,36.0,27.0,0.0675,72.0,37.75,80.5,19.0,10.0,15.0,29.0,7.5,112.0,109.5,12.0,9.0,30.0,1.0,1.0,2.0,4.0,1.0,0.0,0.0,0.0,48.0,48.0,0.5525,0.5714285714285714,0.0192,0.0192,0.145,0.6590909090909091,0.3409090909090909,0.725,1.0,1.0,0.5083333333333333,0.5771324863883847,0.0
20260629_225103_bc53ce62,20260629_225103_bc53ce62_g0003,3,873727084,5,48,48,48,1,2,BLUE,champ_v3,1,1.0,[1],0,92,2,"{""1"": 93, ""2"": 92, ""3"": 79, ""4"": 62}",False,29.0,-32.0,1.0,39.0,27.0,0.0675,65.0,33.875,76.875,18.0,0.0,21.75,24.0,13.125,119.0,105.875,12.0,9.0,34.0,1.0,0.0,2.0,3.0,3.0,0.0,0.0,0.0,48.0,48.0,0.5525,0.5714285714285714,0.0192,0.0192,0.135,0.6136363636363636,0.38636363636363635,0.725,1.0,1.0,0.5083333333333333,0.5779727095516569,0.0
20260629_225103_bc53ce62,20260629_225103_bc53ce62_g0003,3,873727084,5,48,48,48,1,3,YELLOW,pool_heuristic,2,1.0,[1],0,79,3,"{""1"": 93, ""2"": 92, ""3"": 79, ""4"": 62}",False,20.0,-50.0,0.0,26.0,27.0,0.0675,31.0,23.5,31.5,17.0,10.0,4.5,0.0,0.0,153.0,51.5,12.0,9.0,31.0,1.0,1.0,2.0,3.0,2.0,1.0,1.0,0.0,48.0,48.0,0.5525,0.5714285714285714,0.0192,0.0192,0.1425,0.6477272727272727,0.3522727272727273,0.5,0.9166666666666666,1.0,0.5833333333333333,0.48568790397045236,0.0
20260629_225103_bc53ce62,20260629_225103_bc53ce62_g0003,3,873727084,5,48,48,48,1,4,GREEN,pool_l45_100ms,3,1.0,[1],0,62,4,"{""1"": 93, ""2"": 92, ""3"": 79, ""4"": 62}",False,12.0,-66.0,3.0,13.0,27.0,0.0675,16.0,4.625,17.375,0.0,0.0,4.5,11.0,1.875,168.0,29.375,12.0,9.0,36.0,0.0,0.0,2.0,5.0,2.0,0.0,0.0,0.0,48.0,48.0,0.5525,0.5714285714285714,0.0192,0.0192,0.13,0.5909090909090909,0.4090909090909091,0.3,0.5666666666666667,1.0,0.65,0.3927125506072875,0.0
20260629_225103_bc53ce62,20260629_225103_bc53ce62_g0003,3,873727084,6,56,56,57,2,1,RED,pool_peer_500ms,0,1.0,[1],1,93,1,"{""1"": 93, ""2"": 92, ""3"": 79, ""4"": 62}",False,30.0,-28.0,0.0,46.0,17.0,0.0425,12.0,5.25,12.0,0.0,8.0,3.0,1.0,0.0,30.0,42.0,15.0,6.0,21.0,0.0,1.0,2.0,2.0,1.0,0.0,0.0,0.0,56.0,57.0,0.6175,0.7142857142857143,0.0228,0.0224,0.1675,0.7613636363636364,0.23863636363636365,0.75,0.9833333333333333,1.0,0.4833333333333333,0.5561665357423409,0.0
20260629_225103_bc53ce62,20260629_225103_bc53ce62_g0003,3,873727084,6,56,56,57,2,2,BLUE,champ_v3,1,1.0,[1],0,92,2,"{""1"": 93, ""2"": 92, ""3"": 79, ""4"": 62}",False,28.0,-32.0,1.0,45.0,17.0,0.0425,14.0,14.0,14.0,14.0,0.0,0.0,0.0,0.0,28.0,42.0,14.0,7.0,27.0,1.0,0.0,1.0,2.0,3.0,0.0,0.0,0.0,56.0,57.0,0.6175,0.6666666666666666,0.0228,0.0224,0.1525,0.6931818181818182,0.3068181818181818,0.7,0.8,1.0,0.5,0.5573770491803278,0.0
20260629_225103_bc53ce62,20260629_225103_bc53ce62_g0003,3,873727084,6,56,56,57,2,3,YELLOW,pool_heuristic,2,1.0,[1],0,79,3,"{""1"": 93, ""2"": 92, ""3"": 79, ""4"": 62}",False,19.0,-50.0,0.0,31.0,17.0,0.0425,16.0,15.5,16.5,15.0,0.0,1.5,0.0,0.0,26.0,35.5,14.0,7.0,26.0,1.0,0.0,1.0,3.0,2.0,1.0,1.0,0.0,56.0,57.0,0.6175,0.6666666666666666,0.0228,0.0224,0.155,0.7045454545454546,0.29545454545454547,0.475,0.8833333333333333,1.0,0.575,0.48217317487266553,0.0
20260629_225103_bc53ce62,20260629_225103_bc53ce62_g0003,3,873727084,6,56,56,57,2,4,GREEN,pool_l45_100ms,3,1.0,[1],0,62,4,"{""1"": 93, ""2"": 92, ""3"": 79, ""4"": 62}",False,11.0,-66.0,3.0,25.0,17.0,0.0425,0.0,0.0,0.0,0.0,0.0,0.0,0.0,0.0,42.0,11.0,13.0,8.0,31.0,0.0,0.0,2.0,5.0,1.0,0.0,0.0,0.0,56.0,57.0,0.6175,0.6190476190476191,0.0228,0.0224,0.1425,0.6477272727272727,0.3522727272727273,0.275,0.4166666666666667,1.0,0.6416666666666667,0.4053554939981533,0.0
20260629_225103_bc53ce62,20260629_225103_bc53ce62_g0003,3,873727084,7,64,64,69,2,1,RED,pool_peer_500ms,0,1.0,[1],1,93,1,"{""1"": 93, ""2"": 92, ""3"": 79, ""4"": 62}",False,28.0,-29.0,0.0,54.0,28.0,0.07,0.0,0.0,0.0,0.0,0.0,0.0,0.0,0.0,4.0,28.0,18.0,3.0,12.0,0.0,0.0,1.0,1.0,1.0,0.0,0.0,0.0,64.0,69.0,0.6725,0.8571428571428571,0.0276,0.0256,0.19,0.8636363636363636,0.13636363636363635,0.7,0.8,1.0,0.475,0.5422437673130194,0.0
20260629_225103_bc53ce62,20260629_225103_bc53ce62_g0003,3,873727084,7,64,64,69,2,2,BLUE,champ_v3,1,1.0,[1],0,92,2,"{""1"": 93, ""2"": 92, ""3"": 79, ""4"": 62}",False,29.0,-27.0,1.0,57.0,28.0,0.07,4.0,2.0,9.0,0.0,0.0,0.0,4.0,5.0,0.0,38.0,17.0,4.0,18.0,0.0,0.0,0.0,2.0,2.0,0.0,0.0,0.0,64.0,69.0,0.6725,0.8095238095238095,0.0276,0.0256,0.175,0.7954545454545454,0.20454545454545456,0.725,0.9333333333333333,1.0,0.4666666666666667,0.5233082706766917,0.0
20260629_225103_bc53ce62,20260629_225103_bc53ce62_g0003,3,873727084,7,64,64,69,2,3,YELLOW,pool_heuristic,2,1.0,[1],0,79,3,"{""1"": 93, ""2"": 92, ""3"": 79, ""4"": 62}",False,17.0,-51.0,0.0,41.0,28.0,0.07,0.0,0.0,0.0,0.0,0.0,0.0,0.0,0.0,4.0,17.0,16.0,5.0,22.0,0.0,0.0,0.0,3.0,2.0,1.0,1.0,0.0,64.0,69.0,0.6725,0.7619047619047619,0.0276,0.0256,0.165,0.75,0.25,0.425,0.5166666666666667,1.0,0.5666666666666667,0.481658692185008,0.0
20260629_225103_bc53ce62,20260629_225103_bc53ce62_g0003,3,873727084,7,64,64,69,2,4,GREEN,pool_l45_100ms,3,1.0,[1],0,62,4,"{""1"": 93, ""2"": 92, ""3"": 79, ""4"": 62}",False,11.0,-63.0,3.0,31.0,28.0,0.07,0.0,0.0,0.0,0.0,0.0,0.0,0.0,0.0,4.0,11.0,13.0,8.0,31.0,0.0,0.0,2.0,5.0,1.0,0.0,0.0,0.0,64.0,69.0,0.6725,0.6190476190476191,0.0276,0.0256,0.1425,0.6477272727272727,0.3522727272727273,0.275,0.35,1.0,0.6166666666666667,0.4053554939981533,0.0
20260629_225103_bc53ce62,20260629_225103_bc53ce62_g0004,4,338101626,0,8,8,8,1,1,RED,champ_v3,0,1.0,[1],1,99,1,"{""1"": 99, ""2"": 71, ""3"": 73, ""4"": 98}",False,9.0,-14.0,9.0,0.0,0.0,0.0,543.0,122.625,488.75,9.0,15.0,41.25,153.5,270.0,1331.0,497.75,2.0,19.0,78.0,1.0,1.0,2.0,6.0,9.0,1.0,0.0,0.0,8.0,8.0,0.1,0.09523809523809523,0.0032,0.0032,0.025,0.11363636363636363,0.8863636363636364,0.225,1.0,1.0,0.19166666666666668,0.23684210526315785,0.0
20260629_225103_bc53ce62,20260629_225103_bc53ce62_g0004,4,338101626,0,8,8,8,1,2,BLUE,pool_heuristic,1,1.0,[1],0,71,4,"{""1"": 99, ""2"": 71, ""3"": 73, ""4"": 98}",False,7.0,-18.0,9.0,0.0,0.0,0.0,424.0,105.375,424.375,7.0,12.0,34.5,134.0,236.875,1450.0,431.375,2.0,19.0,78.0,1.0,1.0,2.0,6.0,9.0,1.0,1.0,1.0,8.0,8.0,0.1,0.09523809523809523,0.0032,0.0032,0.025,0.11363636363636363,0.8863636363636364,0.175,1.0,1.0,0.20833333333333334,0.22105263157894728,0.0
20260629_225103_bc53ce62,20260629_225103_bc53ce62_g0004,4,338101626,0,8,8,8,1,3,YELLOW,pool_l45_100ms,2,1.0,[1],0,73,3,"{""1"": 99, ""2"": 71, ""3"": 73, ""4"": 98}",False,7.0,-18.0,9.0,0.0,0.0,0.0,364.0,86.0,341.875,7.0,10.0,27.0,108.5,189.375,1510.0,348.875,2.0,19.0,78.0,1.0,1.0,2.0,6.0,9.0,1.0,1.0,0.0,8.0,8.0,0.1,0.09523809523809523,0.0032,0.0032,0.025,0.11363636363636363,0.8863636363636364,0.175,1.0,1.0,0.20833333333333334,0.17368421052631577,0.0
20260629_225103_bc53ce62,20260629_225103_bc53ce62_g0004,4,338101626,0,8,8,8,1,4,GREEN,pool_peer_500ms,3,1.0,[1],0,98,2,"{""1"": 99, ""2"": 71, ""3"": 73, ""4"": 98}",False,9.0,-14.0,9.0,0.0,0.0,0.0,543.0,122.625,488.75,9.0,15.0,41.25,153.5,270.0,1331.0,497.75,2.0,19.0,78.0,1.0,1.0,2.0,6.0,9.0,1.0,0.0,0.0,8.0,8.0,0.1,0.09523809523809523,0.0032,0.0032,0.025,0.11363636363636363,0.8863636363636364,0.225,1.0,1.0,0.19166666666666668,0.23684210526315785,0.0
20260629_225103_bc53ce62,20260629_225103_bc53ce62_g0004,4,338101626,1,16,16,16,1,1,RED,champ_v3,0,1.0,[1],1,99,1,"{""1"": 99, ""2"": 71, ""3"": 73, ""4"": 98}",False,16.0,-24.0,0.0,2.0,0.0,0.0,802.0,198.625,772.75,15.0,26.0,75.0,285.5,371.25,1837.0,788.75,4.0,17.0,68.0,1.0,1.0,2.0,6.0,7.0,1.0,0.0,0.0,16.0,16.0,0.2,0.19047619047619047,0.0064,0.0064,0.05,0.22727272727272727,0.7727272727272727,0.4,1.0,1.0,0.33333333333333337,0.49473684210526314,0.0
20260629_225103_bc53ce62,20260629_225103_bc53ce62_g0004,4,338101626,1,16,16,16,1,2,BLUE,pool_heuristic,1,1.0,[1],0,71,4,"{""1"": 99, ""2"": 71, ""3"": 73, ""4"": 98}",False,13.0,-30.0,4.0,0.0,0.0,0.0,640.0,176.875,691.0,13.0,23.0,65.25,253.5,336.25,1999.0,704.0,4.0,17.0,68.0,1.0,1.0,2.0,6.0,7.0,1.0,1.0,1.0,16.0,16.0,0.2,0.19047619047619047,0.0064,0.0064,0.05,0.22727272727272727,0.7727272727272727,0.325,1.0,1.0,0.35833333333333334,0.40526315789473677,0.0
20260629_225103_bc53ce62,20260629_225103_bc53ce62_g0004,4,338101626,1,16,16,16,1,3,YELLOW,pool_l45_100ms,2,1.0,[1],0,73,3,"{""1"": 99, ""2"": 71, ""3"": 73, ""4"": 98}",False,11.0,-34.0,5.0,0.0,0.0,0.0,403.0,98.0,365.125,11.0,15.0,36.0,137.5,165.625,2236.0,376.125,4.0,17.0,68.0,1.0,1.0,2.0,6.0,7.0,1.0,0.0,0.0,16.0,16.0,0.2,0.19047619047619047,0.0064,0.0064,0.05,0.22727272727272727,0.7727272727272727,0.275,1.0,1.0,0.375,0.3526315789473684,0.0
20260629_225103_bc53ce62,20260629_225103_bc53ce62_g0004,4,338101626,1,16,16,16,1,4,GREEN,pool_peer_500ms,3,1.0,[1],0,98,2,"{""1"": 99, ""2"": 71, ""3"": 73, ""4"": 98}",False,16.0,-24.0,0.0,2.0,0.0,0.0,794.0,198.875,768.375,16.0,27.0,76.5,282.0,366.875,1845.0,784.375,4.0,17.0,68.0,1.0,1.0,2.0,6.0,7.0,1.0,0.0,0.0,16.0,16.0,0.2,0.19047619047619047,0.0064,0.0064,0.05,0.22727272727272727,0.7727272727272727,0.4,1.0,1.0,0.33333333333333337,0.49473684210526314,0.0
20260629_225103_bc53ce62,20260629_225103_bc53ce62_g0004,4,338101626,2,24,24,24,1,1,RED,champ_v3,0,1.0,[1],1,99,1,"{""1"": 99, ""2"": 71, ""3"": 73, ""4"": 98}",False,21.0,-31.0,0.0,8.0,0.0,0.0,449.0,135.375,472.75,19.0,25.0,62.25,196.5,170.0,1143.0,493.75,6.0,15.0,58.0,1.0,1.0,2.0,6.0,5.0,1.0,0.0,0.0,24.0,24.0,0.3,0.2857142857142857,0.0096,0.0096,0.075,0.3409090909090909,0.6590909090909091,0.525,1.0,1.0,0.4333333333333333,0.6070175438596491,0.0
20260629_225103_bc53ce62,20260629_225103_bc53ce62_g0004,4,338101626,2,24,24,24,1,2,BLUE,pool_heuristic,1,1.0,[1],0,71,4,"{""1"": 99, ""2"": 71, ""3"": 73, ""4"": 98}",False,19.0,-35.0,4.0,7.0,0.0,0.0,417.0,129.0,451.5,18.0,24.0,57.75,188.0,163.75,1175.0,470.5,6.0,15.0,58.0,1.0,1.0,2.0,6.0,5.0,1.0,0.0,1.0,24.0,24.0,0.3,0.2857142857142857,0.0096,0.0096,0.075,0.3409090909090909,0.6590909090909091,0.475,1.0,1.0,0.45,0.47894736842105257,0.0
20260629_225103_bc53ce62,20260629_225103_bc53ce62_g0004,4,338101626,2,24,24,24,1,3,YELLOW,pool_l45_100ms,2,1.0,[1],0,73,3,"{""1"": 99, ""2"": 71, ""3"": 73, ""4"": 98}",False,13.0,-47.0,5.0,0.0,0.0,0.0,226.0,64.25,206.5,13.0,15.0,27.75,87.0,63.75,1366.0,219.5,6.0,15.0,58.0,1.0,1.0,2.0,6.0,5.0,0.0,0.0,0.0,24.0,24.0,0.3,0.2857142857142857,0.0096,0.0096,0.075,0.3409090909090909,0.6590909090909091,0.325,1.0,1.0,0.5,0.4035087719298245,0.0
20260629_225103_bc53ce62,20260629_225103_bc53ce62_g0004,4,338101626,2,24,24,24,1,4,GREEN,pool_peer_500ms,3,1.0,[1],0,98,2,"{""1"": 99, ""2"": 71, ""3"": 73, ""4"": 98}",False,20.0,-33.0,0.0,9.0,0.0,0.0,500.0,142.125,500.0,19.0,25.0,66.0,212.5,177.5,1092.0,520.0,6.0,15.0,58.0,1.0,1.0,2.0,6.0,5.0,0.0,0.0,0.0,24.0,24.0,0.3,0.2857142857142857,0.0096,0.0096,0.075,0.3409090909090909,0.6590909090909091,0.5,1.0,1.0,0.4416666666666667,0.5684210526315789,0.0
20260629_225103_bc53ce62,20260629_225103_bc53ce62_g0004,4,338101626,3,32,32,32,1,1,RED,champ_v3,0,1.0,[1],1,99,1,"{""1"": 99, ""2"": 71, ""3"": 73, ""4"": 98}",False,27.0,-33.0,0.0,14.0,0.0,0.0,214.0,79.625,224.0,23.0,22.0,43.5,80.5,55.0,573.0,251.0,8.0,13.0,49.0,1.0,1.0,2.0,5.0,4.0,1.0,0.0,0.0,32.0,32.0,0.3975,0.38095238095238093,0.0128,0.0128,0.0975,0.4431818181818182,0.5568181818181818,0.675,1.0,1.0,0.5,0.6261808367071525,0.0
20260629_225103_bc53ce62,20260629_225103_bc53ce62_g0004,4,338101626,3,32,32,32,1,2,BLUE,pool_heuristic,1,1.0,[1],0,71,4,"{""1"": 99, ""2"": 71, ""3"": 73, ""4"": 98}",False,22.0,-43.0,4.0,7.0,0.0,0.0,188.0,73.125,206.0,21.0,19.0,36.75,90.5,38.75,599.0,228.0,8.0,13.0,48.0,1.0,1.0,2.0,6.0,3.0,0.0,0.0,1.0,32.0,32.0,0.3975,0.38095238095238093,0.0128,0.0128,0.1,0.45454545454545453,0.5454545454545454,0.55,1.0,1.0,0.5416666666666667,0.45789473684210524,0.0
20260629_225103_bc53ce62,20260629_225103_bc53ce62_g0004,4,338101626,3,32,32,32,1,3,YELLOW,pool_l45_100ms,2,1.0,[1],0,73,3,"{""1"": 99, ""2"": 71, ""3"": 73, ""4"": 98}",False,15.0,-57.0,5.0,5.0,0.0,0.0,87.0,34.75,83.0,14.0,11.0,15.0,33.0,10.0,700.0,98.0,8.0,13.0,48.0,1.0,1.0,2.0,6.0,3.0,0.0,0.0,0.0,32.0,32.0,0.3975,0.38095238095238093,0.0128,0.0128,0.1,0.45454545454545453,0.5454545454545454,0.375,1.0,1.0,0.6,0.3907894736842106,0.0
20260629_225103_bc53ce62,20260629_225103_bc53ce62_g0004,4,338101626,3,32,32,32,1,4,GREEN,pool_peer_500ms,3,1.0,[1],0,98,2,"{""1"": 99, ""2"": 71, ""3"": 73, ""4"": 98}",False,23.0,-41.0,0.0,24.0,0.0,0.0,298.0,90.625,289.0,18.0,17.0,45.0,146.5,62.5,489.0,312.0,8.0,13.0,48.0,1.0,1.0,2.0,6.0,3.0,0.0,0.0,0.0,32.0,32.0,0.3975,0.38095238095238093,0.0128,0.0128,0.1,0.45454545454545453,0.5454545454545454,0.575,1.0,1.0,0.5333333333333333,0.5973684210526315,0.0
20260629_225103_bc53ce62,20260629_225103_bc53ce62_g0004,4,338101626,4,40,40,40,1,1,RED,champ_v3,0,1.0,[1],1,99,1,"{""1"": 99, ""2"": 71, ""3"": 73, ""4"": 98}",False,30.0,-30.0,0.0,28.0,16.0,0.04,190.0,74.625,205.0,23.0,21.0,41.25,68.5,51.25,284.0,235.0,10.0,11.0,40.0,1.0,1.0,2.0,4.0,3.0,1.0,0.0,0.0,40.0,40.0,0.4925,0.47619047619047616,0.016,0.016,0.12,0.5454545454545454,0.45454545454545453,0.75,1.0,1.0,0.5,0.6151315789473684,0.0
20260629_225103_bc53ce62,20260629_225103_bc53ce62_g0004,4,338101626,4,40,40,40,1,2,BLUE,pool_heuristic,1,1.0,[1],0,71,4,"{""1"": 99, ""2"": 71, ""3"": 73, ""4"": 98}",False,20.0,-50.0,4.0,19.0,16.0,0.04,35.0,22.875,34.0,16.0,7.0,7.5,3.5,0.0,439.0,54.0,10.0,11.0,39.0,1.0,1.0,2.0,5.0,2.0,0.0,0.0,0.0,40.0,40.0,0.4925,0.47619047619047616,0.016,0.016,0.1225,0.5568181818181818,0.4431818181818182,0.5,1.0,1.0,0.5833333333333333,0.4457572502685284,0.0
20260629_225103_bc53ce62,20260629_225103_bc53ce62_g0004,4,338101626,4,40,40,40,1,3,YELLOW,pool_l45_100ms,2,1.0,[1],0,73,3,"{""1"": 99, ""2"": 71, ""3"": 73, ""4"": 98}",False,14.0,-62.0,5.0,16.0,16.0,0.04,36.0,21.0,34.5,13.0,8.0,7.5,6.0,0.0,438.0,48.5,10.0,11.0,38.0,1.0,1.0,2.0,6.0,1.0,0.0,0.0,0.0,40.0,40.0,0.4925,0.47619047619047616,0.016,0.016,0.125,0.5681818181818182,0.4318181818181818,0.35,0.9333333333333333,1.0,0.6333333333333333,0.3978947368421053,0.0
20260629_225103_bc53ce62,20260629_225103_bc53ce62_g0004,4,338101626,4,40,40,40,1,4,GREEN,pool_peer_500ms,3,1.0,[1],0,98,2,"{""1"": 99, ""2"": 71, ""3"": 73, ""4"": 98}",False,26.0,-38.0,0.0,32.0,16.0,0.04,213.0,77.375,213.25,21.0,19.0,45.75,122.5,5.0,261.0,239.25,10.0,11.0,38.0,1.0,1.0,2.0,6.0,1.0,0.0,0.0,0.0,40.0,40.0,0.4925,0.47619047619047616,0.016,0.016,0.125,0.5681818181818182,0.4318181818181818,0.65,1.0,1.0,0.5333333333333333,0.6136842105263158,0.0
20260629_225103_bc53ce62,20260629_225103_bc53ce62_g0004,4,338101626,5,48,48,48,1,1,RED,champ_v3,0,1.0,[1],1,99,1,"{""1"": 99, ""2"": 71, ""3"": 73, ""4"": 98}",False,31.0,-26.0,0.0,37.0,23.0,0.0575,105.0,51.625,114.75,23.0,17.0,27.75,29.5,17.5,129.0,145.75,12.0,9.0,31.0,1.0,1.0,2.0,3.0,2.0,0.0,0.0,0.0,48.0,48.0,0.5725,0.5714285714285714,0.0192,0.0192,0.1425,0.6477272727272727,0.3522727272727273,0.775,1.0,1.0,0.475,0.5974145891043399,0.0
20260629_225103_bc53ce62,20260629_225103_bc53ce62_g0004,4,338101626,5,48,48,48,1,2,BLUE,pool_heuristic,1,1.0,[1],0,71,4,"{""1"": 99, ""2"": 71, ""3"": 73, ""4"": 98}",False,19.0,-50.0,2.0,29.0,23.0,0.0575,20.0,16.25,21.0,13.0,4.0,3.0,1.0,0.0,214.0,40.0,12.0,9.0,32.0,1.0,1.0,1.0,4.0,2.0,0.0,0.0,0.0,48.0,48.0,0.5725,0.5714285714285714,0.0192,0.0192,0.14,0.6363636363636364,0.36363636363636365,0.475,0.85,1.0,0.575,0.4736842105263158,0.0
20260629_225103_bc53ce62,20260629_225103_bc53ce62_g0004,4,338101626,5,48,48,48,1,3,YELLOW,pool_l45_100ms,2,1.0,[1],0,73,3,"{""1"": 99, ""2"": 71, ""3"": 73, ""4"": 98}",False,9.0,-70.0,4.0,25.0,23.0,0.0575,15.0,10.75,15.0,8.0,3.0,3.0,1.0,0.0,219.0,24.0,12.0,9.0,30.0,1.0,1.0,2.0,4.0,1.0,0.0,0.0,0.0,48.0,48.0,0.5725,0.5714285714285714,0.0192,0.0192,0.145,0.6590909090909091,0.3409090909090909,0.225,0.6166666666666667,1.0,0.6583333333333333,0.40834845735027225,0.0
20260629_225103_bc53ce62,20260629_225103_bc53ce62_g0004,4,338101626,5,48,48,48,1,4,GREEN,pool_peer_500ms,3,1.0,[1],0,98,2,"{""1"": 99, ""2"": 71, ""3"": 73, ""4"": 98}",False,29.0,-30.0,0.0,42.0,23.0,0.0575,94.0,47.75,103.25,21.0,16.0,29.25,32.0,5.0,140.0,132.25,12.0,9.0,30.0,1.0,1.0,2.0,4.0,1.0,0.0,0.0,0.0,48.0,48.0,0.5725,0.5714285714285714,0.0192,0.0192,0.145,0.6590909090909091,0.3409090909090909,0.725,1.0,1.0,0.4916666666666667,0.603448275862069,0.0
20260629_225103_bc53ce62,20260629_225103_bc53ce62_g0004,4,338101626,6,56,56,56,1,1,RED,champ_v3,0,1.0,[1],1,99,1,"{""1"": 99, ""2"": 71, ""3"": 73, ""4"": 98}",False,29.0,-31.0,0.0,47.0,23.0,0.0575,45.0,28.75,45.75,19.0,10.0,9.75,2.0,5.0,47.0,74.75,14.0,7.0,22.0,1.0,1.0,2.0,2.0,1.0,0.0,0.0,0.0,56.0,56.0,0.6375,0.6666666666666666,0.0224,0.0224,0.165,0.75,0.25,0.725,0.9666666666666667,1.0,0.5,0.5773524720893142,0.0
20260629_225103_bc53ce62,20260629_225103_bc53ce62_g0004,4,338101626,6,56,56,56,1,2,BLUE,pool_heuristic,1,1.0,[1],0,71,4,"{""1"": 99, ""2"": 71, ""3"": 73, ""4"": 98}",False,19.0,-51.0,2.0,37.0,23.0,0.0575,4.0,2.0,4.5,0.0,3.0,1.5,0.0,0.0,88.0,23.5,14.0,7.0,27.0,0.0,1.0,1.0,3.0,2.0,0.0,0.0,0.0,56.0,56.0,0.6375,0.6666666666666666,0.0224,0.0224,0.1525,0.6931818181818182,0.3068181818181818,0.475,0.6333333333333333,1.0,0.5833333333333333,0.457290767903365,0.0
20260629_225103_bc53ce62,20260629_225103_bc53ce62_g0004,4,338101626,6,56,56,56,1,3,YELLOW,pool_l45_100ms,2,1.0,[1],0,73,3,"{""1"": 99, ""2"": 71, ""3"": 73, ""4"": 98}",False,10.0,-69.0,4.0,33.0,23.0,0.0575,4.0,1.75,4.25,0.0,2.0,2.25,0.0,0.0,88.0,14.25,14.0,7.0,25.0,0.0,1.0,2.0,3.0,1.0,0.0,0.0,0.0,56.0,56.0,0.6375,0.6666666666666666,0.0224,0.0224,0.1575,0.7159090909090909,0.2840909090909091,0.25,0.5333333333333333,1.0,0.6583333333333333,0.38680033416875526,0.0
20260629_225103_bc53ce62,20260629_225103_bc53ce62_g0004,4,338101626,6,56,56,56,1,4,GREEN,pool_peer_500ms,3,1.0,[1],0,98,2,"{""1"": 99, ""2"": 71, ""3"": 73, ""4"": 98}",False,31.0,-27.0,0.0,55.0,23.0,0.0575,39.0,27.5,40.5,20.0,8.0,4.5,8.0,0.0,53.0,71.5,14.0,7.0,23.0,1.0,1.0,1.0,3.0,1.0,0.0,0.0,0.0,56.0,56.0,0.6375,0.6666666666666666,0.0224,0.0224,0.1625,0.7386363636363636,0.26136363636363635,0.775,1.0,1.0,0.4833333333333333,0.5724696356275304,0.0
20260629_225103_bc53ce62,20260629_225103_bc53ce62_g0004,4,338101626,7,64,64,64,1,1,RED,champ_v3,0,1.0,[1],1,99,1,"{""1"": 99, ""2"": 71, ""3"": 73, ""4"": 98}",False,24.0,-34.0,0.0,47.0,29.0,0.0725,18.0,15.5,18.5,13.0,4.0,1.5,0.0,0.0,13.0,42.5,16.0,5.0,14.0,1.0,1.0,1.0,2.0,0.0,0.0,0.0,0.0,64.0,64.0,0.695,0.7619047619047619,0.0256,0.0256,0.185,0.8409090909090909,0.1590909090909091,0.6,0.8,0.8,0.4833333333333333,0.5462304409672831,0.0
20260629_225103_bc53ce62,20260629_225103_bc53ce62_g0004,4,338101626,7,64,64,64,1,2,BLUE,pool_heuristic,1,1.0,[1],0,71,4,"{""1"": 99, ""2"": 71, ""3"": 73, ""4"": 98}",False,17.0,-48.0,2.0,50.0,29.0,0.0725,0.0,0.0,0.0,0.0,0.0,0.0,0.0,0.0,31.0,17.0,16.0,5.0,22.0,0.0,0.0,0.0,3.0,2.0,0.0,0.0,0.0,64.0,64.0,0.695,0.7619047619047619,0.0256,0.0256,0.165,0.75,0.25,0.425,0.43333333333333335,1.0,0.5416666666666667,0.46810207336523124,0.0
20260629_225103_bc53ce62,20260629_225103_bc53ce62_g0004,4,338101626,7,64,64,64,1,3,YELLOW,pool_l45_100ms,2,1.0,[1],0,73,3,"{""1"": 99, ""2"": 71, ""3"": 73, ""4"": 98}",False,9.0,-64.0,4.0,40.0,29.0,0.0725,0.0,0.0,0.0,0.0,0.0,0.0,0.0,0.0,31.0,9.0,16.0,5.0,20.0,0.0,0.0,1.0,3.0,1.0,0.0,0.0,0.0,64.0,64.0,0.695,0.7619047619047619,0.0256,0.0256,0.17,0.7727272727272727,0.22727272727272727,0.225,0.35,1.0,0.6083333333333333,0.37848297213622295,0.0
20260629_225103_bc53ce62,20260629_225103_bc53ce62_g0004,4,338101626,7,64,64,64,1,4,GREEN,pool_peer_500ms,3,1.0,[1],0,98,2,"{""1"": 99, ""2"": 71, ""3"": 73, ""4"": 98}",False,32.0,-18.0,0.0,59.0,29.0,0.0725,13.0,6.25,14.5,0.0,9.0,4.5,1.0,0.0,18.0,46.5,16.0,5.0,18.0,0.0,1.0,1.0,2.0,1.0,0.0,0.0,0.0,64.0,64.0,0.695,0.7619047619047619,0.0256,0.0256,0.175,0.7954545454545454,0.20454545454545456,0.8,1.0,1.0,0.4166666666666667,0.5676691729323309,0.0
20260629_225103_bc53ce62,20260629_225103_bc53ce62_g0005,5,554005735,0,8,8,8,1,1,RED,pool_heuristic,0,4.0,[4],0,79,3,"{""1"": 79, ""2"": 74, ""3"": 97, ""4"": 99}",False,6.0,-17.0,9.0,0.0,3.0,0.0075,370.0,89.5,361.75,6.0,10.0,28.5,111.0,206.25,1413.0,367.75,2.0,19.0,78.0,1.0,1.0,2.0,6.0,9.0,1.0,1.0,1.0,8.0,8.0,0.1,0.09523809523809523,0.0032,0.0032,0.025,0.11363636363636363,0.8863636363636364,0.15,1.0,1.0,0.19166666666666668,0.24736842105263157,0.0
20260629_225103_bc53ce62,20260629_225103_bc53ce62_g0005,5,554005735,0,8,8,8,1,2,BLUE,pool_l45_100ms,1,4.0,[4],0,74,4,"{""1"": 79, ""2"": 74, ""3"": 97, ""4"": 99}",False,5.0,-19.0,9.0,0.0,3.0,0.0075,327.0,76.25,309.5,5.0,8.0,24.0,95.0,177.5,1456.0,314.5,2.0,19.0,78.0,1.0,1.0,2.0,6.0,9.0,1.0,1.0,0.0,8.0,8.0,0.1,0.09523809523809523,0.0032,0.0032,0.025,0.11363636363636363,0.8863636363636364,0.125,1.0,1.0,0.2,0.15263157894736834,0.0
20260629_225103_bc53ce62,20260629_225103_bc53ce62_g0005,5,554005735,0,8,8,8,1,3,YELLOW,pool_peer_500ms,2,4.0,[4],0,97,2,"{""1"": 79, ""2"": 74, ""3"": 97, ""4"": 99}",False,9.0,-11.0,9.0,0.0,3.0,0.0075,543.0,122.625,488.75,9.0,15.0,41.25,153.5,270.0,1240.0,497.75,2.0,19.0,78.0,1.0,1.0,2.0,6.0,9.0,1.0,0.0,0.0,8.0,8.0,0.1,0.09523809523809523,0.0032,0.0032,0.025,0.11363636363636363,0.8863636363636364,0.225,1.0,1.0,0.16666666666666669,0.23684210526315785,0.0
20260629_225103_bc53ce62,20260629_225103_bc53ce62_g0005,5,554005735,0,8,8,8,1,4,GREEN,champ_v3,3,4.0,[4],1,99,1,"{""1"": 79, ""2"": 74, ""3"": 97, ""4"": 99}",False,9.0,-11.0,9.0,0.0,3.0,0.0075,543.0,122.625,488.75,9.0,15.0,41.25,153.5,270.0,1240.0,497.75,2.0,19.0,78.0,1.0,1.0,2.0,6.0,9.0,1.0,0.0,0.0,8.0,8.0,0.1,0.09523809523809523,0.0032,0.0032,0.025,0.11363636363636363,0.8863636363636364,0.225,1.0,1.0,0.16666666666666669,0.23684210526315785,0.0
20260629_225103_bc53ce62,20260629_225103_bc53ce62_g0005,5,554005735,1,16,16,16,1,1,RED,pool_heuristic,0,4.0,[4],0,79,3,"{""1"": 79, ""2"": 74, ""3"": 97, ""4"": 99}",False,15.0,-24.0,2.0,1.0,3.0,0.0075,487.0,136.25,521.25,12.0,20.0,52.5,188.0,248.75,1869.0,536.25,4.0,17.0,68.0,1.0,1.0,2.0,6.0,7.0,1.0,1.0,1.0,16.0,16.0,0.2,0.19047619047619047,0.0064,0.0064,0.05,0.22727272727272727,0.7727272727272727,0.375,1.0,1.0,0.325,0.4842105263157894,0.0
20260629_225103_bc53ce62,20260629_225103_bc53ce62_g0005,5,554005735,1,16,16,16,1,2,BLUE,pool_l45_100ms,1,4.0,[4],0,74,4,"{""1"": 79, ""2"": 74, ""3"": 97, ""4"": 99}",False,8.0,-38.0,6.0,0.0,3.0,0.0075,415.0,98.375,378.0,8.0,14.0,38.25,141.5,176.25,1941.0,386.0,4.0,17.0,68.0,1.0,1.0,2.0,6.0,7.0,1.0,0.0,0.0,16.0,16.0,0.2,0.19047619047619047,0.0064,0.0064,0.05,0.22727272727272727,0.7727272727272727,0.2,1.0,1.0,0.38333333333333336,0.3263157894736842,0.0
20260629_225103_bc53ce62,20260629_225103_bc53ce62_g0005,5,554005735,1,16,16,16,1,3,YELLOW,pool_peer_500ms,2,4.0,[4],0,97,2,"{""1"": 79, ""2"": 74, ""3"": 97, ""4"": 99}",False,15.0,-24.0,0.0,2.0,3.0,0.0075,700.0,168.0,644.875,14.0,24.0,66.0,236.5,304.375,1656.0,659.875,4.0,17.0,68.0,1.0,1.0,2.0,6.0,7.0,1.0,0.0,0.0,16.0,16.0,0.2,0.19047619047619047,0.0064,0.0064,0.05,0.22727272727272727,0.7727272727272727,0.375,1.0,1.0,0.325,0.4894736842105264,0.0
20260629_225103_bc53ce62,20260629_225103_bc53ce62_g0005,5,554005735,1,16,16,16,1,4,GREEN,champ_v3,3,4.0,[4],1,99,1,"{""1"": 79, ""2"": 74, ""3"": 97, ""4"": 99}",False,16.0,-22.0,0.0,1.0,3.0,0.0075,754.0,190.0,729.125,16.0,27.0,74.25,267.5,344.375,1602.0,745.125,4.0,17.0,68.0,1.0,1.0,2.0,6.0,7.0,1.0,0.0,0.0,16.0,16.0,0.2,0.19047619047619047,0.0064,0.0064,0.05,0.22727272727272727,0.7727272727272727,0.4,1.0,1.0,0.31666666666666665,0.49473684210526314,0.0
20260629_225103_bc53ce62,20260629_225103_bc53ce62_g0005,5,554005735,2,24,24,24,1,1,RED,pool_heuristic,0,4.0,[4],0,79,3,"{""1"": 79, ""2"": 74, ""3"": 97, ""4"": 99}",False,23.0,-27.0,2.0,5.0,7.0,0.0175,447.0,140.0,483.25,20.0,29.0,63.75,203.0,167.5,1047.0,506.25,6.0,15.0,58.0,1.0,1.0,2.0,6.0,5.0,1.0,0.0,1.0,24.0,24.0,0.3,0.2857142857142857,0.0096,0.0096,0.075,0.3409090909090909,0.6590909090909091,0.575,1.0,1.0,0.4166666666666667,0.5333333333333333,0.0
20260629_225103_bc53ce62,20260629_225103_bc53ce62_g0005,5,554005735,2,24,24,24,1,2,BLUE,pool_l45_100ms,1,4.0,[4],0,74,4,"{""1"": 79, ""2"": 74, ""3"": 97, ""4"": 99}",False,12.0,-49.0,6.0,0.0,7.0,0.0175,280.0,75.0,253.375,12.0,16.0,34.5,106.5,84.375,1214.0,265.375,6.0,15.0,58.0,1.0,1.0,2.0,6.0,5.0,0.0,0.0,0.0,24.0,24.0,0.3,0.2857142857142857,0.0096,0.0096,0.075,0.3409090909090909,0.6590909090909091,0.3,1.0,1.0,0.5083333333333333,0.38596491228070173,0.0
20260629_225103_bc53ce62,20260629_225103_bc53ce62_g0005,5,554005735,2,24,24,24,1,3,YELLOW,pool_peer_500ms,2,4.0,[4],0,97,2,"{""1"": 79, ""2"": 74, ""3"": 97, ""4"": 99}",False,21.0,-31.0,0.0,14.0,7.0,0.0175,478.0,128.625,450.625,18.0,24.0,55.5,190.0,163.125,1016.0,471.625,6.0,15.0,58.0,1.0,1.0,2.0,6.0,5.0,1.0,0.0,0.0,24.0,24.0,0.3,0.2857142857142857,0.0096,0.0096,0.075,0.3409090909090909,0.6590909090909091,0.525,1.0,1.0,0.4333333333333333,0.5877192982456141,0.0
20260629_225103_bc53ce62,20260629_225103_bc53ce62_g0005,5,554005735,2,24,24,24,1,4,GREEN,champ_v3,3,4.0,[4],1,99,1,"{""1"": 79, ""2"": 74, ""3"": 97, ""4"": 99}",False,17.0,-39.0,0.0,9.0,7.0,0.0175,289.0,90.5,299.75,16.0,19.0,40.5,133.0,91.25,1205.0,316.75,6.0,15.0,58.0,1.0,1.0,2.0,6.0,5.0,1.0,0.0,0.0,24.0,24.0,0.3,0.2857142857142857,0.0096,0.0096,0.075,0.3409090909090909,0.6590909090909091,0.425,1.0,1.0,0.4666666666666667,0.5789473684210527,0.0
20260629_225103_bc53ce62,20260629_225103_bc53ce62_g0005,5,554005735,3,32,32,32,1,1,RED,pool_heuristic,0,4.0,[4],0,79,3,"{""1"": 79, ""2"": 74, ""3"": 97, ""4"": 99}",False,26.0,-36.0,2.0,10.0,13.0,0.0325,213.0,82.75,234.25,22.0,24.0,41.25,112.0,35.0,563.0,260.25,8.0,13.0,48.0,1.0,1.0,2.0,6.0,3.0,0.0,0.0,1.0,32.0,32.0,0.395,0.38095238095238093,0.0128,0.0128,0.1,0.45454545454545453,0.5454545454545454,0.65,1.0,1.0,0.5166666666666667,0.5552631578947369,0.0
20260629_225103_bc53ce62,20260629_225103_bc53ce62_g0005,5,554005735,3,32,32,32,1,2,BLUE,pool_l45_100ms,1,4.0,[4],0,74,4,"{""1"": 79, ""2"": 74, ""3"": 97, ""4"": 99}",False,16.0,-56.0,5.0,6.0,13.0,0.0325,132.0,48.875,132.875,15.0,14.0,22.5,62.0,19.375,644.0,148.875,8.0,13.0,48.0,1.0,1.0,2.0,6.0,3.0,0.0,0.0,0.0,32.0,32.0,0.395,0.38095238095238093,0.0128,0.0128,0.1,0.45454545454545453,0.5454545454545454,0.4,1.0,1.0,0.6,0.4407894736842105,0.0
20260629_225103_bc53ce62,20260629_225103_bc53ce62_g0005,5,554005735,3,32,32,32,1,3,YELLOW,pool_peer_500ms,2,4.0,[4],0,97,2,"{""1"": 79, ""2"": 74, ""3"": 97, ""4"": 99}",False,25.0,-38.0,0.0,21.0,13.0,0.0325,233.0,77.875,224.0,20.0,21.0,40.5,107.5,35.0,543.0,249.0,8.0,13.0,48.0,1.0,1.0,2.0,6.0,3.0,0.0,0.0,0.0,32.0,32.0,0.395,0.38095238095238093,0.0128,0.0128,0.1,0.45454545454545453,0.5454545454545454,0.625,1.0,1.0,0.525,0.5710526315789474,0.0
20260629_225103_bc53ce62,20260629_225103_bc53ce62_g0005,5,554005735,3,32,32,32,1,4,GREEN,champ_v3,3,4.0,[4],1,99,1,"{""1"": 79, ""2"": 74, ""3"": 97, ""4"": 99}",False,21.0,-46.0,0.0,15.0,13.0,0.0325,198.0,71.875,208.375,19.0,21.0,40.5,66.0,61.875,578.0,229.375,8.0,13.0,50.0,1.0,1.0,2.0,4.0,5.0,1.0,0.0,0.0,32.0,32.0,0.395,0.38095238095238093,0.0128,0.0128,0.095,0.4318181818181818,0.5681818181818182,0.525,1.0,1.0,0.5583333333333333,0.5997229916897506,0.0
20260629_225103_bc53ce62,20260629_225103_bc53ce62_g0005,5,554005735,4,40,40,40,1,1,RED,pool_heuristic,0,4.0,[4],0,79,3,"{""1"": 79, ""2"": 74, ""3"": 97, ""4"": 99}",False,28.0,-43.0,2.0,20.0,13.0,0.0325,78.0,39.25,76.75,21.0,13.0,12.75,30.0,0.0,375.0,104.75,10.0,11.0,38.0,1.0,1.0,2.0,6.0,1.0,0.0,0.0,0.0,40.0,40.0,0.49,0.47619047619047616,0.016,0.016,0.125,0.5681818181818182,0.4318181818181818,0.7,1.0,1.0,0.5916666666666667,0.5178947368421052,0.0
20260629_225103_bc53ce62,20260629_225103_bc53ce62_g0005,5,554005735,4,40,40,40,1,2,BLUE,pool_l45_100ms,1,4.0,[4],0,74,4,"{""1"": 79, ""2"": 74, ""3"": 97, ""4"": 99}",False,16.0,-67.0,5.0,18.0,13.0,0.0325,25.0,18.75,24.25,14.0,8.0,2.25,0.0,0.0,428.0,40.25,10.0,11.0,38.0,1.0,1.0,2.0,6.0,1.0,0.0,0.0,0.0,40.0,40.0,0.49,0.47619047619047616,0.016,0.016,0.125,0.5681818181818182,0.4318181818181818,0.4,1.0,1.0,0.6916666666666667,0.4284210526315789,0.0
20260629_225103_bc53ce62,20260629_225103_bc53ce62_g0005,5,554005735,4,40,40,40,1,3,YELLOW,pool_peer_500ms,2,4.0,[4],0,97,2,"{""1"": 79, ""2"": 74, ""3"": 97, ""4"": 99}",False,28.0,-43.0,0.0,29.0,13.0,0.0325,167.0,67.5,174.25,22.0,21.0,36.75,77.0,17.5,286.0,202.25,10.0,11.0,39.0,1.0,1.0,2.0,5.0,2.0,0.0,0.0,0.0,40.0,40.0,0.49,0.47619047619047616,0.016,0.016,0.1225,0.5568181818181818,0.4431818181818182,0.7,1.0,1.0,0.5916666666666667,0.5918367346938775,0.0
20260629_225103_bc53ce62,20260629_225103_bc53ce62_g0005,5,554005735,4,40,40,40,1,4,GREEN,champ_v3,3,4.0,[4],1,99,1,"{""1"": 79, ""2"": 74, ""3"": 97, ""4"": 99}",False,27.0,-45.0,0.0,24.0,13.0,0.0325,183.0,73.125,191.75,24.0,25.0,42.75,47.5,52.5,270.0,218.75,10.0,11.0,41.0,1.0,1.0,2.0,3.0,4.0,1.0,0.0,0.0,40.0,40.0,0.49,0.47619047619047616,0.016,0.016,0.1175,0.5340909090909091,0.4659090909090909,0.675,1.0,1.0,0.6,0.5823068309070549,0.0
20260629_225103_bc53ce62,20260629_225103_bc53ce62_g0005,5,554005735,5,48,48,48,1,1,RED,pool_heuristic,0,4.0,[4],0,79,3,"{""1"": 79, ""2"": 74, ""3"": 97, ""4"": 99}",False,33.0,-39.0,2.0,37.0,22.0,0.055,44.0,30.5,45.0,22.0,9.0,6.0,8.0,0.0,256.0,78.0,12.0,9.0,30.0,1.0,1.0,2.0,4.0,1.0,0.0,0.0,0.0,48.0,48.0,0.57,0.5714285714285714,0.0192,0.0192,0.145,0.6590909090909091,0.3409090909090909,0.825,1.0,1.0,0.6,0.48003629764065336,0.0
20260629_225103_bc53ce62,20260629_225103_bc53ce62_g0005,5,554005735,5,48,48,48,1,2,BLUE,pool_l45_100ms,1,4.0,[4],0,74,4,"{""1"": 79, ""2"": 74, ""3"": 97, ""4"": 99}",False,16.0,-73.0,5.0,28.0,22.0,0.055,33.0,22.0,36.75,14.0,9.0,1.5,11.0,1.25,267.0,52.75,12.0,9.0,31.0,1.0,1.0,1.0,5.0,1.0,0.0,0.0,0.0,48.0,48.0,0.57,0.5714285714285714,0.0192,0.0192,0.1425,0.6477272727272727,0.3522727272727273,0.4,1.0,1.0,0.7416666666666667,0.40997229916897504,0.0
20260629_225103_bc53ce62,20260629_225103_bc53ce62_g0005,5,554005735,5,48,48,48,1,3,YELLOW,pool_peer_500ms,2,4.0,[4],0,97,2,"{""1"": 79, ""2"": 74, ""3"": 97, ""4"": 99}",False,30.0,-45.0,0.0,38.0,22.0,0.055,119.0,55.5,124.75,23.0,20.0,33.0,35.0,13.75,181.0,154.75,12.0,9.0,31.0,1.0,1.0,2.0,3.0,2.0,0.0,0.0,0.0,48.0,48.0,0.57,0.5714285714285714,0.0192,0.0192,0.1425,0.6477272727272727,0.3522727272727273,0.75,1.0,1.0,0.625,0.5761772853185596,0.0
20260629_225103_bc53ce62,20260629_225103_bc53ce62_g0005,5,554005735,5,48,48,48,1,4,GREEN,champ_v3,3,4.0,[4],1,99,1,"{""1"": 79, ""2"": 74, ""3"": 97, ""4"": 99}",False,26.0,-53.0,0.0,40.0,22.0,0.055,104.0,55.25,132.75,21.0,21.0,32.25,26.0,32.5,196.0,158.75,12.0,9.0,32.0,1.0,1.0,2.0,2.0,3.0,1.0,0.0,0.0,48.0,48.0,0.57,0.5714285714285714,0.0192,0.0192,0.14,0.6363636363636364,0.36363636363636365,0.65,1.0,1.0,0.6583333333333333,0.5780075187969925,0.0
20260629_225103_bc53ce62,20260629_225103_bc53ce62_g0005,5,554005735,6,56,56,56,1,1,RED,pool_heuristic,0,4.0,[4],0,79,3,"{""1"": 79, ""2"": 74, ""3"": 97, ""4"": 99}",False,35.0,-36.0,2.0,45.0,30.0,0.075,31.0,25.75,31.25,21.0,8.0,2.25,0.0,0.0,99.0,66.25,14.0,7.0,22.0,1.0,1.0,2.0,2.0,1.0,0.0,0.0,0.0,56.0,56.0,0.6525,0.6666666666666666,0.0224,0.0224,0.165,0.75,0.25,0.875,1.0,1.0,0.5916666666666667,0.4696969696969697,0.0
20260629_225103_bc53ce62,20260629_225103_bc53ce62_g0005,5,554005735,6,56,56,56,1,2,BLUE,pool_l45_100ms,1,4.0,[4],0,74,4,"{""1"": 79, ""2"": 74, ""3"": 97, ""4"": 99}",False,16.0,-74.0,5.0,40.0,30.0,0.075,13.0,13.0,13.0,13.0,0.0,0.0,0.0,0.0,117.0,29.0,14.0,7.0,24.0,1.0,0.0,1.0,5.0,0.0,0.0,0.0,0.0,56.0,56.0,0.6525,0.6666666666666666,0.0224,0.0224,0.16,0.7272727272727273,0.2727272727272727,0.4,0.7166666666666667,0.8,0.75,0.390625,0.0
20260629_225103_bc53ce62,20260629_225103_bc53ce62_g0005,5,554005735,6,56,56,56,1,3,YELLOW,pool_peer_500ms,2,4.0,[4],0,97,2,"{""1"": 79, ""2"": 74, ""3"": 97, ""4"": 99}",False,31.0,-44.0,0.0,51.0,30.0,0.075,42.0,29.5,52.0,18.0,11.0,7.5,8.0,7.5,88.0,83.0,14.0,7.0,23.0,1.0,1.0,1.0,3.0,1.0,0.0,0.0,0.0,56.0,56.0,0.6525,0.6666666666666666,0.0224,0.0224,0.1625,0.7386363636363636,0.26136363636363635,0.775,1.0,1.0,0.625,0.5635627530364372,0.0
20260629_225103_bc53ce62,20260629_225103_bc53ce62_g0005,5,554005735,6,56,56,56,1,4,GREEN,champ_v3,3,4.0,[4],1,99,1,"{""1"": 79, ""2"": 74, ""3"": 97, ""4"": 99}",False,24.0,-58.0,0.0,45.0,30.0,0.075,44.0,30.25,47.25,19.0,14.0,9.75,2.0,2.5,86.0,71.25,14.0,7.0,22.0,1.0,1.0,2.0,2.0,1.0,0.0,0.0,0.0,56.0,56.0,0.6525,0.6666666666666666,0.0224,0.0224,0.165,0.75,0.25,0.6,1.0,1.0,0.6833333333333333,0.5478468899521531,0.0
20260629_225103_bc53ce62,20260629_225103_bc53ce62_g0005,5,554005735,7,64,64,64,1,1,RED,pool_heuristic,0,4.0,[4],0,79,3,"{""1"": 79, ""2"": 74, ""3"": 97, ""4"": 99}",False,35.0,-34.0,2.0,56.0,27.0,0.0675,6.0,3.0,6.0,0.0,6.0,0.0,0.0,0.0,42.0,41.0,16.0,5.0,18.0,0.0,1.0,1.0,2.0,1.0,0.0,0.0,0.0,64.0,64.0,0.7125,0.7619047619047619,0.0256,0.0256,0.175,0.7954545454545454,0.20454545454545456,0.875,1.0,1.0,0.575,0.48195488721804514,0.0
20260629_225103_bc53ce62,20260629_225103_bc53ce62_g0005,5,554005735,7,64,64,64,1,2,BLUE,pool_l45_100ms,1,4.0,[4],0,74,4,"{""1"": 79, ""2"": 74, ""3"": 97, ""4"": 99}",False,17.0,-70.0,5.0,45.0,27.0,0.0675,0.0,0.0,0.0,0.0,0.0,0.0,0.0,0.0,48.0,17.0,16.0,5.0,19.0,0.0,0.0,1.0,4.0,0.0,0.0,0.0,0.0,64.0,64.0,0.7125,0.7619047619047619,0.0256,0.0256,0.1725,0.7840909090909091,0.2159090909090909,0.425,0.5333333333333333,0.8,0.725,0.3913043478260869,0.0
20260629_225103_bc53ce62,20260629_225103_bc53ce62_g0005,5,554005735,7,64,64,64,1,3,YELLOW,pool_peer_500ms,2,4.0,[4],0,97,2,"{""1"": 79, ""2"": 74, ""3"": 97, ""4"": 99}",False,29.0,-46.0,0.0,62.0,27.0,0.0675,26.0,20.0,29.0,14.0,7.0,6.0,2.0,0.0,22.0,58.0,16.0,5.0,14.0,1.0,1.0,1.0,2.0,0.0,0.0,0.0,0.0,64.0,64.0,0.7125,0.7619047619047619,0.0256,0.0256,0.185,0.8409090909090909,0.1590909090909091,0.725,0.8166666666666667,0.8,0.625,0.5440967283072546,0.0
20260629_225103_bc53ce62,20260629_225103_bc53ce62_g0005,5,554005735,7,64,64,64,1,4,GREEN,champ_v3,3,4.0,[4],1,99,1,"{""1"": 79, ""2"": 74, ""3"": 97, ""4"": 99}",False,23.0,-58.0,0.0,53.0,27.0,0.0675,16.0,7.25,16.25,0.0,11.0,5.25,0.0,0.0,32.0,39.25,16.0,5.0,16.0,0.0,1.0,2.0,2.0,0.0,0.0,0.0,0.0,64.0,64.0,0.7125,0.7619047619047619,0.0256,0.0256,0.18,0.8181818181818182,0.18181818181818182,0.575,0.6333333333333333,0.8,0.675,0.5248538011695907,0.0
20260629_225103_bc53ce62,20260629_225103_bc53ce62_g0006,6,1440136397,0,8,8,8,1,1,RED,pool_l45_100ms,0,2.0,[2],0,61,4,"{""1"": 61, ""2"": 122, ""3"": 118, ""4"": 65}",False,6.0,-20.0,9.0,0.0,1.0,0.0025,388.0,90.5,366.25,6.0,10.0,28.5,113.0,208.75,1620.0,372.25,2.0,19.0,78.0,1.0,1.0,2.0,6.0,9.0,1.0,1.0,0.0,8.0,8.0,0.1,0.09523809523809523,0.0032,0.0032,0.025,0.11363636363636363,0.8863636363636364,0.15,1.0,1.0,0.21666666666666665,0.20526315789473681,0.0
20260629_225103_bc53ce62,20260629_225103_bc53ce62_g0006,6,1440136397,0,8,8,8,1,2,BLUE,pool_peer_500ms,1,2.0,[2],1,122,1,"{""1"": 61, ""2"": 122, ""3"": 118, ""4"": 65}",False,9.0,-14.0,9.0,0.0,1.0,0.0025,543.0,122.625,488.75,9.0,15.0,41.25,153.5,270.0,1465.0,497.75,2.0,19.0,78.0,1.0,1.0,2.0,6.0,9.0,1.0,0.0,0.0,8.0,8.0,0.1,0.09523809523809523,0.0032,0.0032,0.025,0.11363636363636363,0.8863636363636364,0.225,1.0,1.0,0.19166666666666668,0.23684210526315785,0.0
20260629_225103_bc53ce62,20260629_225103_bc53ce62_g0006,6,1440136397,0,8,8,8,1,3,YELLOW,champ_v3,2,2.0,[2],0,118,2,"{""1"": 61, ""2"": 122, ""3"": 118, ""4"": 65}",False,9.0,-14.0,9.0,0.0,1.0,0.0025,543.0,122.625,488.75,9.0,15.0,41.25,153.5,270.0,1465.0,497.75,2.0,19.0,78.0,1.0,1.0,2.0,6.0,9.0,1.0,0.0,0.0,8.0,8.0,0.1,0.09523809523809523,0.0032,0.0032,0.025,0.11363636363636363,0.8863636363636364,0.225,1.0,1.0,0.19166666666666668,0.23684210526315785,0.0
20260629_225103_bc53ce62,20260629_225103_bc53ce62_g0006,6,1440136397,0,8,8,8,1,4,GREEN,pool_heuristic,3,2.0,[2],0,65,3,"{""1"": 61, ""2"": 122, ""3"": 118, ""4"": 65}",False,8.0,-16.0,9.0,0.0,1.0,0.0025,534.0,124.25,501.625,8.0,14.0,40.5,158.5,280.625,1474.0,509.625,2.0,19.0,78.0,1.0,1.0,2.0,6.0,9.0,1.0,0.0,1.0,8.0,8.0,0.1,0.09523809523809523,0.0032,0.0032,0.025,0.11363636363636363,0.8863636363636364,0.2,1.0,1.0,0.2,0.25263157894736843,0.0
20260629_225103_bc53ce62,20260629_225103_bc53ce62_g0006,6,1440136397,1,16,16,16,1,1,RED,pool_l45_100ms,0,2.0,[2],0,61,4,"{""1"": 61, ""2"": 122, ""3"": 118, ""4"": 65}",False,10.0,-36.0,7.0,0.0,1.0,0.0025,500.0,117.5,449.25,10.0,17.0,45.0,171.0,206.25,1938.0,459.25,4.0,17.0,68.0,1.0,1.0,2.0,6.0,7.0,1.0,0.0,0.0,16.0,16.0,0.2,0.19047619047619047,0.0064,0.0064,0.05,0.22727272727272727,0.7727272727272727,0.25,1.0,1.0,0.38333333333333336,0.3236842105263158,0.0
20260629_225103_bc53ce62,20260629_225103_bc53ce62_g0006,6,1440136397,1,16,16,16,1,2,BLUE,pool_peer_500ms,1,2.0,[2],1,122,1,"{""1"": 61, ""2"": 122, ""3"": 118, ""4"": 65}",False,16.0,-24.0,0.0,1.0,1.0,0.0025,746.0,189.25,727.5,16.0,27.0,73.5,261.0,350.0,1692.0,743.5,4.0,17.0,68.0,1.0,1.0,2.0,6.0,7.0,1.0,0.0,0.0,16.0,16.0,0.2,0.19047619047619047,0.0064,0.0064,0.05,0.22727272727272727,0.7727272727272727,0.4,1.0,1.0,0.33333333333333337,0.49473684210526314,0.0
20260629_225103_bc53ce62,20260629_225103_bc53ce62_g0006,6,1440136397,1,16,16,16,1,3,YELLOW,champ_v3,2,2.0,[2],0,118,2,"{""1"": 61, ""2"": 122, ""3"": 118, ""4"": 65}",False,16.0,-24.0,1.0,3.0,1.0,0.0025,612.0,157.125,596.25,15.0,24.0,61.5,209.5,286.25,1826.0,612.25,4.0,17.0,68.0,1.0,1.0,2.0,6.0,7.0,1.0,0.0,0.0,16.0,16.0,0.2,0.19047619047619047,0.0064,0.0064,0.05,0.22727272727272727,0.7727272727272727,0.4,1.0,1.0,0.33333333333333337,0.4815789473684211,0.0
20260629_225103_bc53ce62,20260629_225103_bc53ce62_g0006,6,1440136397,1,16,16,16,1,4,GREEN,pool_heuristic,3,2.0,[2],0,65,3,"{""1"": 61, ""2"": 122, ""3"": 118, ""4"": 65}",False,14.0,-28.0,1.0,3.0,1.0,0.0025,580.0,153.375,590.0,13.0,22.0,57.75,213.5,283.75,1858.0,604.0,4.0,17.0,68.0,1.0,1.0,2.0,6.0,7.0,1.0,0.0,1.0,16.0,16.0,0.2,0.19047619047619047,0.0064,0.0064,0.05,0.22727272727272727,0.7727272727272727,0.35,1.0,1.0,0.35,0.5026315789473685,0.0
20260629_225103_bc53ce62,20260629_225103_bc53ce62_g0006,6,1440136397,2,24,24,24,1,1,RED,pool_l45_100ms,0,2.0,[2],0,61,4,"{""1"": 61, ""2"": 122, ""3"": 118, ""4"": 65}",False,15.0,-46.0,4.0,5.0,4.0,0.01,235.0,65.0,209.375,13.0,15.0,27.75,90.5,63.125,1407.0,224.375,6.0,15.0,58.0,1.0,1.0,2.0,6.0,5.0,0.0,0.0,0.0,24.0,24.0,0.3,0.2857142857142857,0.0096,0.0096,0.075,0.3409090909090909,0.6590909090909091,0.375,1.0,1.0,0.5083333333333333,0.4035087719298245,0.0
20260629_225103_bc53ce62,20260629_225103_bc53ce62_g0006,6,1440136397,2,24,24,24,1,2,BLUE,pool_peer_500ms,1,2.0,[2],1,122,1,"{""1"": 61, ""2"": 122, ""3"": 118, ""4"": 65}",False,21.0,-34.0,0.0,12.0,4.0,0.01,503.0,143.5,504.75,19.0,27.0,65.25,211.0,182.5,1139.0,525.75,6.0,15.0,58.0,1.0,1.0,2.0,6.0,5.0,0.0,0.0,0.0,24.0,24.0,0.3,0.2857142857142857,0.0096,0.0096,0.075,0.3409090909090909,0.6590909090909091,0.525,1.0,1.0,0.4583333333333333,0.5543859649122806,0.0
20260629_225103_bc53ce62,20260629_225103_bc53ce62_g0006,6,1440136397,2,24,24,24,1,3,YELLOW,champ_v3,2,2.0,[2],0,118,2,"{""1"": 61, ""2"": 122, ""3"": 118, ""4"": 65}",False,19.0,-38.0,1.0,8.0,4.0,0.01,487.0,136.5,479.125,18.0,27.0,60.75,201.5,171.875,1155.0,498.125,6.0,15.0,58.0,1.0,1.0,2.0,6.0,5.0,1.0,0.0,0.0,24.0,24.0,0.3,0.2857142857142857,0.0096,0.0096,0.075,0.3409090909090909,0.6590909090909091,0.475,1.0,1.0,0.475,0.5473684210526316,0.0
20260629_225103_bc53ce62,20260629_225103_bc53ce62_g0006,6,1440136397,2,24,24,24,1,4,GREEN,pool_heuristic,3,2.0,[2],0,65,3,"{""1"": 61, ""2"": 122, ""3"": 118, ""4"": 65}",False,21.0,-34.0,1.0,5.0,4.0,0.01,417.0,121.5,407.125,19.0,28.0,57.0,177.5,125.625,1225.0,428.125,6.0,15.0,58.0,1.0,1.0,2.0,6.0,5.0,1.0,0.0,0.0,24.0,24.0,0.3,0.2857142857142857,0.0096,0.0096,0.075,0.3409090909090909,0.6590909090909091,0.525,1.0,1.0,0.4583333333333333,0.524561403508772,0.0
20260629_225103_bc53ce62,20260629_225103_bc53ce62_g0006,6,1440136397,3,32,32,32,1,1,RED,pool_l45_100ms,0,2.0,[2],0,61,4,"{""1"": 61, ""2"": 122, ""3"": 118, ""4"": 65}",False,14.0,-59.0,4.0,14.0,12.0,0.03,81.0,32.25,80.375,12.0,10.0,13.5,35.5,9.375,845.0,94.375,8.0,13.0,48.0,1.0,1.0,2.0,6.0,3.0,0.0,0.0,0.0,32.0,32.0,0.3975,0.38095238095238093,0.0128,0.0128,0.1,0.45454545454545453,0.5454545454545454,0.35,1.0,1.0,0.6083333333333333,0.4552631578947368,0.0
20260629_225103_bc53ce62,20260629_225103_bc53ce62_g0006,6,1440136397,3,32,32,32,1,2,BLUE,pool_peer_500ms,1,2.0,[2],1,122,1,"{""1"": 61, ""2"": 122, ""3"": 118, ""4"": 65}",False,25.0,-37.0,0.0,19.0,12.0,0.03,284.0,98.375,295.25,22.0,26.0,51.0,142.5,53.75,642.0,320.25,8.0,13.0,48.0,1.0,1.0,2.0,6.0,3.0,0.0,0.0,0.0,32.0,32.0,0.3975,0.38095238095238093,0.0128,0.0128,0.1,0.45454545454545453,0.5454545454545454,0.625,1.0,1.0,0.5166666666666667,0.5460526315789473,0.0
20260629_225103_bc53ce62,20260629_225103_bc53ce62_g0006,6,1440136397,3,32,32,32,1,3,YELLOW,champ_v3,2,2.0,[2],0,118,2,"{""1"": 61, ""2"": 122, ""3"": 118, ""4"": 65}",False,25.0,-37.0,1.0,18.0,12.0,0.03,366.0,117.625,379.5,22.0,29.0,60.75,146.5,121.25,560.0,404.5,8.0,13.0,49.0,1.0,1.0,2.0,5.0,4.0,1.0,0.0,0.0,32.0,32.0,0.3975,0.38095238095238093,0.0128,0.0128,0.0975,0.4431818181818182,0.5568181818181818,0.625,1.0,1.0,0.5166666666666667,0.562753036437247,0.0
20260629_225103_bc53ce62,20260629_225103_bc53ce62_g0006,6,1440136397,3,32,32,32,1,4,GREEN,pool_heuristic,3,2.0,[2],0,65,3,"{""1"": 61, ""2"": 122, ""3"": 118, ""4"": 65}",False,23.0,-41.0,1.0,11.0,12.0,0.03,195.0,73.625,210.75,19.0,20.0,39.0,101.5,31.25,731.0,233.75,8.0,13.0,48.0,1.0,1.0,2.0,6.0,3.0,1.0,0.0,0.0,32.0,32.0,0.3975,0.38095238095238093,0.0128,0.0128,0.1,0.45454545454545453,0.5454545454545454,0.575,1.0,1.0,0.5333333333333333,0.5157894736842106,0.0
20260629_225103_bc53ce62,20260629_225103_bc53ce62_g0006,6,1440136397,4,40,40,40,1,1,RED,pool_l45_100ms,0,2.0,[2],0,61,4,"{""1"": 61, ""2"": 122, ""3"": 118, ""4"": 65}",False,14.0,-59.0,3.0,20.0,20.0,0.05,30.0,19.0,32.25,12.0,6.0,5.25,9.0,0.0,348.0,46.25,10.0,11.0,39.0,1.0,1.0,2.0,5.0,2.0,0.0,0.0,0.0,40.0,40.0,0.49,0.47619047619047616,0.016,0.016,0.1225,0.5568181818181818,0.4431818181818182,0.35,0.7,1.0,0.6083333333333333,0.46509129967776586,0.0
20260629_225103_bc53ce62,20260629_225103_bc53ce62_g0006,6,1440136397,4,40,40,40,1,2,BLUE,pool_peer_500ms,1,2.0,[2],1,122,1,"{""1"": 61, ""2"": 122, ""3"": 118, ""4"": 65}",False,26.0,-35.0,0.0,27.0,20.0,0.05,150.0,64.375,168.75,21.0,19.0,34.5,70.5,23.75,228.0,194.75,10.0,11.0,39.0,1.0,1.0,2.0,5.0,2.0,0.0,0.0,0.0,40.0,40.0,0.49,0.47619047619047616,0.016,0.016,0.1225,0.5568181818181818,0.4431818181818182,0.65,1.0,1.0,0.5083333333333333,0.5660580021482278,0.0
20260629_225103_bc53ce62,20260629_225103_bc53ce62_g0006,6,1440136397,4,40,40,40,1,3,YELLOW,champ_v3,2,2.0,[2],0,118,2,"{""1"": 61, ""2"": 122, ""3"": 118, ""4"": 65}",False,27.0,-33.0,1.0,31.0,20.0,0.05,155.0,62.625,165.0,20.0,19.0,36.0,62.5,27.5,223.0,192.0,10.0,11.0,39.0,1.0,1.0,2.0,5.0,2.0,1.0,0.0,0.0,40.0,40.0,0.49,0.47619047619047616,0.016,0.016,0.1225,0.5568181818181818,0.4431818181818182,0.675,1.0,1.0,0.5,0.5682062298603652,0.0
20260629_225103_bc53ce62,20260629_225103_bc53ce62_g0006,6,1440136397,4,40,40,40,1,4,GREEN,pool_heuristic,3,2.0,[2],0,65,3,"{""1"": 61, ""2"": 122, ""3"": 118, ""4"": 65}",False,20.0,-47.0,1.0,17.0,20.0,0.05,43.0,25.0,46.0,15.0,6.0,9.0,16.0,0.0,335.0,66.0,10.0,11.0,39.0,1.0,1.0,2.0,5.0,2.0,1.0,0.0,0.0,40.0,40.0,0.49,0.47619047619047616,0.016,0.016,0.1225,0.5568181818181818,0.4431818181818182,0.5,1.0,1.0,0.5583333333333333,0.4865735767991407,0.0
20260629_225103_bc53ce62,20260629_225103_bc53ce62_g0006,6,1440136397,5,48,48,48,1,1,RED,pool_l45_100ms,0,2.0,[2],0,61,4,"{""1"": 61, ""2"": 122, ""3"": 118, ""4"": 65}",False,10.0,-65.0,3.0,28.0,16.0,0.04,8.0,8.0,8.0,8.0,0.0,0.0,0.0,0.0,197.0,18.0,12.0,9.0,33.0,1.0,0.0,2.0,4.0,2.0,0.0,0.0,0.0,48.0,48.0,0.5625,0.5714285714285714,0.0192,0.0192,0.1375,0.625,0.375,0.25,0.43333333333333335,1.0,0.625,0.4421052631578948,0.0
20260629_225103_bc53ce62,20260629_225103_bc53ce62_g0006,6,1440136397,5,48,48,48,1,2,BLUE,pool_peer_500ms,1,2.0,[2],1,122,1,"{""1"": 61, ""2"": 122, ""3"": 118, ""4"": 65}",False,29.0,-27.0,0.0,35.0,16.0,0.04,121.0,62.75,147.0,24.0,23.0,36.75,47.0,16.25,84.0,176.0,12.0,9.0,31.0,1.0,1.0,2.0,3.0,2.0,0.0,0.0,0.0,48.0,48.0,0.5625,0.5714285714285714,0.0192,0.0192,0.1425,0.6477272727272727,0.3522727272727273,0.725,1.0,1.0,0.4666666666666667,0.5327793167128347,0.0
20260629_225103_bc53ce62,20260629_225103_bc53ce62_g0006,6,1440136397,5,48,48,48,1,3,YELLOW,champ_v3,2,2.0,[2],0,118,2,"{""1"": 61, ""2"": 122, ""3"": 118, ""4"": 65}",False,28.0,-29.0,0.0,42.0,16.0,0.04,64.0,35.125,70.75,18.0,13.0,12.0,21.5,6.25,141.0,98.75,12.0,9.0,32.0,1.0,1.0,1.0,4.0,2.0,1.0,0.0,0.0,48.0,48.0,0.5625,0.5714285714285714,0.0192,0.0192,0.14,0.6363636363636364,0.36363636363636365,0.7,1.0,1.0,0.475,0.5902255639097744,0.0
20260629_225103_bc53ce62,20260629_225103_bc53ce62_g0006,6,1440136397,5,48,48,48,1,4,GREEN,pool_heuristic,3,2.0,[2],0,65,3,"{""1"": 61, ""2"": 122, ""3"": 118, ""4"": 65}",False,18.0,-49.0,1.0,24.0,16.0,0.04,12.0,12.0,12.0,12.0,0.0,0.0,0.0,0.0,193.0,30.0,12.0,9.0,31.0,1.0,1.0,2.0,3.0,2.0,1.0,0.0,0.0,48.0,48.0,0.5625,0.5714285714285714,0.0192,0.0192,0.1425,0.6477272727272727,0.3522727272727273,0.45,0.9,1.0,0.5583333333333333,0.4515235457063712,0.0
20260629_225103_bc53ce62,20260629_225103_bc53ce62_g0006,6,1440136397,6,56,56,59,4,1,RED,pool_l45_100ms,0,2.0,[2],0,61,4,"{""1"": 61, ""2"": 122, ""3"": 118, ""4"": 65}",False,8.0,-67.0,3.0,33.0,18.0,0.045,0.0,0.0,0.0,0.0,0.0,0.0,0.0,0.0,95.0,8.0,13.0,8.0,32.0,0.0,0.0,2.0,4.0,2.0,0.0,0.0,0.0,56.0,59.0,0.63,0.6190476190476191,0.0236,0.0224,0.14,0.6363636363636364,0.36363636363636365,0.2,0.3333333333333333,1.0,0.625,0.4473684210526315,0.0
20260629_225103_bc53ce62,20260629_225103_bc53ce62_g0006,6,1440136397,6,56,56,59,4,2,BLUE,pool_peer_500ms,1,2.0,[2],1,122,1,"{""1"": 61, ""2"": 122, ""3"": 118, ""4"": 65}",False,29.0,-25.0,0.0,51.0,18.0,0.045,49.0,33.0,55.25,20.0,15.0,9.0,5.0,6.25,46.0,84.25,15.0,6.0,20.0,1.0,1.0,1.0,1.0,2.0,0.0,0.0,0.0,56.0,59.0,0.63,0.7142857142857143,0.0236,0.0224,0.17,0.7727272727272727,0.22727272727272727,0.725,1.0,1.0,0.45,0.5402476780185759,0.0
20260629_225103_bc53ce62,20260629_225103_bc53ce62_g0006,6,1440136397,6,56,56,59,4,3,YELLOW,champ_v3,2,2.0,[2],0,118,2,"{""1"": 61, ""2"": 122, ""3"": 118, ""4"": 65}",False,27.0,-29.0,0.0,56.0,18.0,0.045,46.0,28.125,50.5,16.0,11.0,9.0,14.5,0.0,49.0,77.5,15.0,6.0,18.0,1.0,1.0,1.0,3.0,0.0,0.0,0.0,0.0,56.0,59.0,0.63,0.7142857142857143,0.0236,0.0224,0.175,0.7954545454545454,0.20454545454545456,0.675,1.0,0.8,0.4666666666666667,0.5631578947368421,0.0
20260629_225103_bc53ce62,20260629_225103_bc53ce62_g0006,6,1440136397,6,56,56,59,4,4,GREEN,pool_heuristic,3,2.0,[2],0,65,3,"{""1"": 61, ""2"": 122, ""3"": 118, ""4"": 65}",False,19.0,-45.0,1.0,26.0,18.0,0.045,0.0,0.0,0.0,0.0,0.0,0.0,0.0,0.0,95.0,19.0,13.0,8.0,30.0,0.0,1.0,2.0,3.0,2.0,1.0,0.0,0.0,56.0,59.0,0.63,0.6190476190476191,0.0236,0.0224,0.145,0.6590909090909091,0.3409090909090909,0.475,0.7166666666666667,1.0,0.5333333333333333,0.45644283121597096,0.0
20260629_225103_bc53ce62,20260629_225103_bc53ce62_g0006,6,1440136397,7,64,64,75,4,1,RED,pool_l45_100ms,0,2.0,[2],0,61,4,"{""1"": 61, ""2"": 122, ""3"": 118, ""4"": 65}",False,8.0,-55.0,3.0,36.0,31.0,0.0775,0.0,0.0,0.0,0.0,0.0,0.0,0.0,0.0,29.0,8.0,13.0,8.0,32.0,0.0,0.0,2.0,4.0,2.0,0.0,0.0,0.0,64.0,75.0,0.71,0.6190476190476191,0.03,0.0256,0.14,0.6363636363636364,0.36363636363636365,0.2,0.11666666666666667,1.0,0.525,0.4473684210526315,0.0
20260629_225103_bc53ce62,20260629_225103_bc53ce62_g0006,6,1440136397,7,64,64,75,4,2,BLUE,pool_peer_500ms,1,2.0,[2],1,122,1,"{""1"": 61, ""2"": 122, ""3"": 118, ""4"": 65}",False,21.0,-29.0,0.0,58.0,31.0,0.0775,16.0,14.0,16.0,12.0,4.0,0.0,0.0,0.0,13.0,37.0,19.0,2.0,3.0,1.0,1.0,0.0,0.0,0.0,0.0,0.0,0.0,64.0,75.0,0.71,0.9047619047619048,0.03,0.0256,0.2125,0.9659090909090909,0.03409090909090909,0.525,0.7666666666666667,0.4,0.4166666666666667,0.49102167182662537,0.0
20260629_225103_bc53ce62,20260629_225103_bc53ce62_g0006,6,1440136397,7,64,64,75,4,3,YELLOW,champ_v3,2,2.0,[2],0,118,2,"{""1"": 61, ""2"": 122, ""3"": 118, ""4"": 65}",False,23.0,-25.0,0.0,73.0,31.0,0.0775,13.0,11.5,13.0,10.0,3.0,0.0,0.0,0.0,16.0,36.0,19.0,2.0,3.0,1.0,1.0,0.0,0.0,0.0,0.0,0.0,0.0,64.0,75.0,0.71,0.9047619047619048,0.03,0.0256,0.2125,0.9659090909090909,0.03409090909090909,0.575,0.7166666666666667,0.4,0.4,0.5386996904024768,0.0
20260629_225103_bc53ce62,20260629_225103_bc53ce62_g0006,6,1440136397,7,64,64,75,4,4,GREEN,pool_heuristic,3,2.0,[2],0,65,3,"{""1"": 61, ""2"": 122, ""3"": 118, ""4"": 65}",False,19.0,-33.0,1.0,31.0,31.0,0.0775,0.0,0.0,0.0,0.0,0.0,0.0,0.0,0.0,29.0,19.0,13.0,8.0,30.0,0.0,1.0,2.0,3.0,2.0,1.0,0.0,0.0,64.0,75.0,0.71,0.6190476190476191,0.03,0.0256,0.145,0.6590909090909091,0.3409090909090909,0.475,0.5,1.0,0.4333333333333333,0.45644283121597096,0.0
20260629_225103_bc53ce62,20260629_225103_bc53ce62_g0007,7,439528178,0,8,8,8,1,1,RED,pool_peer_500ms,0,1.0,[1],1,118,1,"{""1"": 118, ""2"": 99, ""3"": 79, ""4"": 77}",False,9.0,-12.0,9.0,0.0,0.0,0.0,543.0,122.625,488.75,9.0,15.0,41.25,153.5,270.0,1276.0,497.75,2.0,19.0,78.0,1.0,1.0,2.0,6.0,9.0,1.0,0.0,0.0,8.0,8.0,0.1,0.09523809523809523,0.0032,0.0032,0.025,0.11363636363636363,0.8863636363636364,0.225,1.0,1.0,0.175,0.23684210526315785,0.0
20260629_225103_bc53ce62,20260629_225103_bc53ce62_g0007,7,439528178,0,8,8,8,1,2,BLUE,champ_v3,1,1.0,[1],0,99,2,"{""1"": 118, ""2"": 99, ""3"": 79, ""4"": 77}",False,9.0,-12.0,9.0,0.0,0.0,0.0,543.0,122.625,488.75,9.0,15.0,41.25,153.5,270.0,1276.0,497.75,2.0,19.0,78.0,1.0,1.0,2.0,6.0,9.0,1.0,0.0,0.0,8.0,8.0,0.1,0.09523809523809523,0.0032,0.0032,0.025,0.11363636363636363,0.8863636363636364,0.225,1.0,1.0,0.175,0.23684210526315785,0.0
20260629_225103_bc53ce62,20260629_225103_bc53ce62_g0007,7,439528178,0,8,8,8,1,3,YELLOW,pool_heuristic,2,1.0,[1],0,79,3,"{""1"": 118, ""2"": 99, ""3"": 79, ""4"": 77}",False,5.0,-20.0,9.0,0.0,0.0,0.0,289.0,70.0,282.0,5.0,8.0,21.75,86.0,161.25,1530.0,287.0,2.0,19.0,78.0,1.0,1.0,2.0,6.0,9.0,0.0,1.0,1.0,8.0,8.0,0.1,0.09523809523809523,0.0032,0.0032,0.025,0.11363636363636363,0.8863636363636364,0.125,1.0,1.0,0.20833333333333334,0.25263157894736843,0.0
20260629_225103_bc53ce62,20260629_225103_bc53ce62_g0007,7,439528178,0,8,8,8,1,4,GREEN,pool_l45_100ms,3,1.0,[1],0,77,4,"{""1"": 118, ""2"": 99, ""3"": 79, ""4"": 77}",False,7.0,-16.0,9.0,0.0,0.0,0.0,444.0,103.25,415.125,7.0,12.0,33.75,130.5,231.875,1375.0,422.125,2.0,19.0,78.0,1.0,1.0,2.0,6.0,9.0,1.0,1.0,0.0,8.0,8.0,0.1,0.09523809523809523,0.0032,0.0032,0.025,0.11363636363636363,0.8863636363636364,0.175,1.0,1.0,0.19166666666666668,0.20526315789473681,0.0
20260629_225103_bc53ce62,20260629_225103_bc53ce62_g0007,7,439528178,1,16,16,16,1,1,RED,pool_peer_500ms,0,1.0,[1],1,118,1,"{""1"": 118, ""2"": 99, ""3"": 79, ""4"": 77}",False,16.0,-21.0,0.0,2.0,4.0,0.01,689.0,172.125,666.875,14.0,23.0,64.5,241.0,324.375,1799.0,682.875,4.0,17.0,68.0,1.0,1.0,2.0,6.0,7.0,1.0,0.0,0.0,16.0,16.0,0.2,0.19047619047619047,0.0064,0.0064,0.05,0.22727272727272727,0.7727272727272727,0.4,1.0,1.0,0.30833333333333335,0.49473684210526314,0.0
20260629_225103_bc53ce62,20260629_225103_bc53ce62_g0007,7,439528178,1,16,16,16,1,2,BLUE,champ_v3,1,1.0,[1],0,99,2,"{""1"": 118, ""2"": 99, ""3"": 79, ""4"": 77}",False,15.0,-23.0,1.0,2.0,4.0,0.01,757.0,190.125,735.375,15.0,26.0,73.5,269.0,351.875,1731.0,750.375,4.0,17.0,68.0,1.0,1.0,2.0,6.0,7.0,1.0,0.0,0.0,16.0,16.0,0.2,0.19047619047619047,0.0064,0.0064,0.05,0.22727272727272727,0.7727272727272727,0.375,1.0,1.0,0.31666666666666665,0.4894736842105264,0.0
20260629_225103_bc53ce62,20260629_225103_bc53ce62_g0007,7,439528178,1,16,16,16,1,3,YELLOW,pool_heuristic,2,1.0,[1],0,79,3,"{""1"": 118, ""2"": 99, ""3"": 79, ""4"": 77}",False,12.0,-29.0,4.0,0.0,4.0,0.01,517.0,141.625,548.5,12.0,19.0,51.75,194.5,271.25,1971.0,560.5,4.0,17.0,68.0,1.0,1.0,2.0,6.0,7.0,0.0,1.0,1.0,16.0,16.0,0.2,0.19047619047619047,0.0064,0.0064,0.05,0.22727272727272727,0.7727272727272727,0.3,1.0,1.0,0.3416666666666667,0.41052631578947374,0.0
20260629_225103_bc53ce62,20260629_225103_bc53ce62_g0007,7,439528178,1,16,16,16,1,4,GREEN,pool_l45_100ms,3,1.0,[1],0,77,4,"{""1"": 118, ""2"": 99, ""3"": 79, ""4"": 77}",False,10.0,-33.0,7.0,0.0,4.0,0.01,525.0,121.875,470.625,10.0,17.0,45.0,173.0,225.625,1963.0,480.625,4.0,17.0,68.0,1.0,1.0,2.0,6.0,7.0,1.0,0.0,0.0,16.0,16.0,0.2,0.19047619047619047,0.0064,0.0064,0.05,0.22727272727272727,0.7727272727272727,0.25,1.0,1.0,0.35833333333333334,0.3131578947368421,0.0
20260629_225103_bc53ce62,20260629_225103_bc53ce62_g0007,7,439528178,2,24,24,24,1,1,RED,pool_peer_500ms,0,1.0,[1],1,118,1,"{""1"": 118, ""2"": 99, ""3"": 79, ""4"": 77}",False,21.0,-29.0,0.0,8.0,7.0,0.0175,511.0,133.25,482.5,17.0,23.0,59.25,167.0,216.25,1038.0,503.5,6.0,15.0,59.0,1.0,1.0,2.0,5.0,6.0,0.0,0.0,0.0,24.0,24.0,0.2975,0.2857142857142857,0.0096,0.0096,0.0725,0.32954545454545453,0.6704545454545454,0.525,1.0,1.0,0.4166666666666667,0.5862068965517242,0.0
20260629_225103_bc53ce62,20260629_225103_bc53ce62_g0007,7,439528178,2,24,24,24,1,2,BLUE,champ_v3,1,1.0,[1],0,99,2,"{""1"": 118, ""2"": 99, ""3"": 79, ""4"": 77}",False,18.0,-35.0,1.0,9.0,7.0,0.0175,465.0,136.375,488.625,17.0,22.0,58.5,213.0,178.125,1084.0,506.625,6.0,15.0,58.0,1.0,1.0,2.0,6.0,5.0,1.0,0.0,0.0,24.0,24.0,0.2975,0.2857142857142857,0.0096,0.0096,0.075,0.3409090909090909,0.6590909090909091,0.45,1.0,1.0,0.4416666666666667,0.5842105263157895,0.0
20260629_225103_bc53ce62,20260629_225103_bc53ce62_g0007,7,439528178,2,24,24,24,1,3,YELLOW,pool_heuristic,2,1.0,[1],0,79,3,"{""1"": 118, ""2"": 99, ""3"": 79, ""4"": 77}",False,18.0,-35.0,4.0,4.0,7.0,0.0175,283.0,85.125,279.625,16.0,19.0,39.0,110.0,95.625,1266.0,297.625,6.0,15.0,58.0,1.0,1.0,2.0,6.0,5.0,0.0,0.0,1.0,24.0,24.0,0.2975,0.2857142857142857,0.0096,0.0096,0.075,0.3409090909090909,0.6590909090909091,0.45,1.0,1.0,0.4416666666666667,0.4982456140350877,0.0
20260629_225103_bc53ce62,20260629_225103_bc53ce62_g0007,7,439528178,2,24,24,24,1,4,GREEN,pool_l45_100ms,3,1.0,[1],0,77,4,"{""1"": 118, ""2"": 99, ""3"": 79, ""4"": 77}",False,14.0,-43.0,3.0,1.0,7.0,0.0175,290.0,74.75,251.25,12.0,16.0,33.75,112.0,77.5,1259.0,265.25,6.0,15.0,58.0,1.0,1.0,2.0,6.0,5.0,0.0,0.0,0.0,24.0,24.0,0.2975,0.2857142857142857,0.0096,0.0096,0.075,0.3409090909090909,0.6590909090909091,0.35,1.0,1.0,0.475,0.4175438596491228,0.0
20260629_225103_bc53ce62,20260629_225103_bc53ce62_g0007,7,439528178,3,32,32,32,1,1,RED,pool_peer_500ms,0,1.0,[1],1,118,1,"{""1"": 118, ""2"": 99, ""3"": 79, ""4"": 77}",False,24.0,-36.0,0.0,19.0,5.0,0.0125,240.0,78.125,234.375,20.0,19.0,36.75,93.0,65.625,595.0,258.375,8.0,13.0,49.0,1.0,1.0,2.0,5.0,4.0,0.0,0.0,0.0,32.0,32.0,0.3925,0.38095238095238093,0.0128,0.0128,0.0975,0.4431818181818182,0.5568181818181818,0.6,1.0,1.0,0.5,0.6221322537112011,0.0
20260629_225103_bc53ce62,20260629_225103_bc53ce62_g0007,7,439528178,3,32,32,32,1,2,BLUE,champ_v3,1,1.0,[1],0,99,2,"{""1"": 118, ""2"": 99, ""3"": 79, ""4"": 77}",False,22.0,-40.0,1.0,18.0,5.0,0.0125,359.0,113.375,378.0,21.0,24.0,57.75,121.5,153.75,476.0,400.0,8.0,13.0,50.0,1.0,1.0,2.0,4.0,5.0,1.0,0.0,0.0,32.0,32.0,0.3925,0.38095238095238093,0.0128,0.0128,0.095,0.4318181818181818,0.5681818181818182,0.55,1.0,1.0,0.5166666666666667,0.5941828254847645,0.0
20260629_225103_bc53ce62,20260629_225103_bc53ce62_g0007,7,439528178,3,32,32,32,1,3,YELLOW,pool_heuristic,2,1.0,[1],0,79,3,"{""1"": 118, ""2"": 99, ""3"": 79, ""4"": 77}",False,23.0,-38.0,4.0,10.0,5.0,0.0125,173.0,63.75,175.125,19.0,18.0,33.0,74.5,30.625,662.0,198.125,8.0,13.0,48.0,1.0,1.0,2.0,6.0,3.0,0.0,0.0,1.0,32.0,32.0,0.3925,0.38095238095238093,0.0128,0.0128,0.1,0.45454545454545453,0.5454545454545454,0.575,1.0,1.0,0.5083333333333333,0.4960526315789474,0.0
20260629_225103_bc53ce62,20260629_225103_bc53ce62_g0007,7,439528178,3,32,32,32,1,4,GREEN,pool_l45_100ms,3,1.0,[1],0,77,4,"{""1"": 118, ""2"": 99, ""3"": 79, ""4"": 77}",False,15.0,-54.0,3.0,7.0,5.0,0.0125,63.0,26.75,62.125,11.0,9.0,12.0,24.5,5.625,772.0,77.125,8.0,13.0,48.0,1.0,1.0,2.0,6.0,3.0,0.0,0.0,0.0,32.0,32.0,0.3925,0.38095238095238093,0.0128,0.0128,0.1,0.45454545454545453,0.5454545454545454,0.375,1.0,1.0,0.575,0.4302631578947369,0.0
20260629_225103_bc53ce62,20260629_225103_bc53ce62_g0007,7,439528178,4,40,40,40,1,1,RED,pool_peer_500ms,0,1.0,[1],1,118,1,"{""1"": 118, ""2"": 99, ""3"": 79, ""4"": 77}",False,25.0,-40.0,0.0,32.0,11.0,0.0275,129.0,50.375,127.375,19.0,12.0,23.25,60.0,13.125,368.0,152.375,10.0,11.0,39.0,1.0,1.0,2.0,5.0,2.0,0.0,0.0,0.0,40.0,40.0,0.485,0.47619047619047616,0.016,0.016,0.1225,0.5568181818181818,0.4431818181818182,0.625,1.0,1.0,0.5416666666666667,0.619763694951665,0.0
20260629_225103_bc53ce62,20260629_225103_bc53ce62_g0007,7,439528178,4,40,40,40,1,2,BLUE,champ_v3,1,1.0,[1],0,99,2,"{""1"": 118, ""2"": 99, ""3"": 79, ""4"": 77}",False,26.0,-38.0,1.0,27.0,11.0,0.0275,233.0,85.75,245.0,24.0,25.0,49.5,69.0,77.5,264.0,271.0,10.0,11.0,41.0,1.0,1.0,2.0,3.0,4.0,1.0,0.0,0.0,40.0,40.0,0.485,0.47619047619047616,0.016,0.016,0.1175,0.5340909090909091,0.4659090909090909,0.65,1.0,1.0,0.5333333333333333,0.5856662933930571,0.0
20260629_225103_bc53ce62,20260629_225103_bc53ce62_g0007,7,439528178,4,40,40,40,1,3,YELLOW,pool_heuristic,2,1.0,[1],0,79,3,"{""1"": 118, ""2"": 99, ""3"": 79, ""4"": 77}",False,22.0,-46.0,4.0,18.0,11.0,0.0275,72.0,36.125,75.5,17.0,12.0,19.5,24.5,2.5,425.0,97.5,10.0,11.0,39.0,1.0,1.0,2.0,5.0,2.0,0.0,0.0,1.0,40.0,40.0,0.485,0.47619047619047616,0.016,0.016,0.1225,0.5568181818181818,0.4431818181818182,0.55,1.0,1.0,0.5666666666666667,0.46509129967776586,0.0
20260629_225103_bc53ce62,20260629_225103_bc53ce62_g0007,7,439528178,4,40,40,40,1,4,GREEN,pool_l45_100ms,3,1.0,[1],0,77,4,"{""1"": 118, ""2"": 99, ""3"": 79, ""4"": 77}",False,17.0,-56.0,3.0,13.0,11.0,0.0275,63.0,27.5,61.875,12.0,8.0,13.5,26.5,1.875,434.0,78.875,10.0,11.0,39.0,1.0,1.0,2.0,5.0,2.0,0.0,0.0,0.0,40.0,40.0,0.485,0.47619047619047616,0.016,0.016,0.1225,0.5568181818181818,0.4431818181818182,0.425,1.0,1.0,0.6083333333333333,0.4146079484425349,0.0
20260629_225103_bc53ce62,20260629_225103_bc53ce62_g0007,7,439528178,5,48,48,48,1,1,RED,pool_peer_500ms,0,1.0,[1],1,118,1,"{""1"": 118, ""2"": 99, ""3"": 79, ""4"": 77}",False,28.0,-32.0,0.0,43.0,32.0,0.08,89.0,42.875,94.0,20.0,12.0,21.0,33.5,7.5,176.0,122.0,12.0,9.0,30.0,1.0,1.0,2.0,4.0,1.0,0.0,0.0,0.0,48.0,48.0,0.575,0.5714285714285714,0.0192,0.0192,0.145,0.6590909090909091,0.3409090909090909,0.7,1.0,1.0,0.5,0.6134301270417423,0.0
20260629_225103_bc53ce62,20260629_225103_bc53ce62_g0007,7,439528178,5,48,48,48,1,2,BLUE,champ_v3,1,1.0,[1],0,99,2,"{""1"": 118, ""2"": 99, ""3"": 79, ""4"": 77}",False,25.0,-38.0,1.0,38.0,32.0,0.08,134.0,59.75,146.75,21.0,21.0,37.5,46.0,21.25,131.0,171.75,12.0,9.0,31.0,1.0,1.0,2.0,3.0,2.0,1.0,0.0,0.0,48.0,48.0,0.575,0.5714285714285714,0.0192,0.0192,0.1425,0.6477272727272727,0.3522727272727273,0.625,1.0,1.0,0.525,0.5752539242843953,0.0
20260629_225103_bc53ce62,20260629_225103_bc53ce62_g0007,7,439528178,5,48,48,48,1,3,YELLOW,pool_heuristic,2,1.0,[1],0,79,3,"{""1"": 118, ""2"": 99, ""3"": 79, ""4"": 77}",False,21.0,-46.0,0.0,36.0,32.0,0.08,27.0,18.625,29.0,12.0,7.0,7.5,2.5,0.0,238.0,50.0,12.0,9.0,31.0,1.0,1.0,2.0,3.0,2.0,0.0,0.0,1.0,48.0,48.0,0.575,0.5714285714285714,0.0192,0.0192,0.1425,0.6477272727272727,0.3522727272727273,0.525,1.0,1.0,0.5583333333333333,0.4912280701754387,0.0
20260629_225103_bc53ce62,20260629_225103_bc53ce62_g0007,7,439528178,5,48,48,48,1,4,GREEN,pool_l45_100ms,3,1.0,[1],0,77,4,"{""1"": 118, ""2"": 99, ""3"": 79, ""4"": 77}",False,14.0,-60.0,3.0,17.0,32.0,0.08,15.0,11.75,16.25,9.0,3.0,2.25,2.0,0.0,250.0,30.25,12.0,9.0,30.0,1.0,1.0,2.0,4.0,1.0,0.0,0.0,0.0,48.0,48.0,0.575,0.5714285714285714,0.0192,0.0192,0.145,0.6590909090909091,0.3409090909090909,0.35,0.5833333333333334,1.0,0.6166666666666667,0.3892921960072595,0.0
20260629_225103_bc53ce62,20260629_225103_bc53ce62_g0007,7,439528178,6,56,56,56,1,1,RED,pool_peer_500ms,0,1.0,[1],1,118,1,"{""1"": 118, ""2"": 99, ""3"": 79, ""4"": 77}",False,31.0,-25.0,0.0,52.0,33.0,0.0825,54.0,36.0,66.5,21.0,11.0,15.0,12.0,7.5,73.0,97.5,14.0,7.0,22.0,1.0,1.0,2.0,2.0,1.0,0.0,0.0,0.0,56.0,56.0,0.6525,0.6666666666666666,0.0224,0.0224,0.165,0.75,0.25,0.775,0.9333333333333333,1.0,0.4666666666666667,0.5925039872408293,0.0
20260629_225103_bc53ce62,20260629_225103_bc53ce62_g0007,7,439528178,6,56,56,56,1,2,BLUE,champ_v3,1,1.0,[1],0,99,2,"{""1"": 118, ""2"": 99, ""3"": 79, ""4"": 77}",False,25.0,-37.0,1.0,49.0,33.0,0.0825,51.0,30.25,52.5,18.0,10.0,13.5,11.0,0.0,76.0,77.5,14.0,7.0,21.0,1.0,1.0,2.0,3.0,0.0,0.0,0.0,0.0,56.0,56.0,0.6525,0.6666666666666666,0.0224,0.0224,0.1675,0.7613636363636364,0.23863636363636365,0.625,0.9333333333333333,0.8,0.5166666666666667,0.5310290652003142,0.0
20260629_225103_bc53ce62,20260629_225103_bc53ce62_g0007,7,439528178,6,56,56,56,1,3,YELLOW,pool_heuristic,2,1.0,[1],0,79,3,"{""1"": 118, ""2"": 99, ""3"": 79, ""4"": 77}",False,18.0,-51.0,0.0,45.0,33.0,0.0825,12.0,10.5,12.0,9.0,3.0,0.0,0.0,0.0,115.0,30.0,14.0,7.0,25.0,1.0,1.0,0.0,3.0,2.0,0.0,0.0,1.0,56.0,56.0,0.6525,0.6666666666666666,0.0224,0.0224,0.1575,0.7159090909090909,0.2840909090909091,0.45,0.7,1.0,0.575,0.47953216374269003,0.0
20260629_225103_bc53ce62,20260629_225103_bc53ce62_g0007,7,439528178,6,56,56,56,1,4,GREEN,pool_l45_100ms,3,1.0,[1],0,77,4,"{""1"": 118, ""2"": 99, ""3"": 79, ""4"": 77}",False,13.0,-61.0,3.0,28.0,33.0,0.0825,10.0,9.0,10.0,8.0,2.0,0.0,0.0,0.0,117.0,23.0,14.0,7.0,23.0,1.0,1.0,1.0,3.0,1.0,0.0,0.0,0.0,56.0,56.0,0.6525,0.6666666666666666,0.0224,0.0224,0.1625,0.7386363636363636,0.26136363636363635,0.325,0.5166666666666667,1.0,0.6166666666666667,0.4194331983805668,0.0
20260629_225103_bc53ce62,20260629_225103_bc53ce62_g0007,7,439528178,7,64,64,64,1,1,RED,pool_peer_500ms,0,1.0,[1],1,118,1,"{""1"": 118, ""2"": 99, ""3"": 79, ""4"": 77}",False,29.0,-24.0,0.0,63.0,34.0,0.085,28.0,22.5,29.5,18.0,5.0,4.5,2.0,0.0,31.0,58.5,16.0,5.0,13.0,1.0,1.0,2.0,1.0,0.0,0.0,0.0,0.0,64.0,64.0,0.7175,0.7619047619047619,0.0256,0.0256,0.1875,0.8522727272727273,0.14772727272727273,0.725,0.55,0.8,0.4416666666666667,0.5501754385964912,0.0
20260629_225103_bc53ce62,20260629_225103_bc53ce62_g0007,7,439528178,7,64,64,64,1,2,BLUE,champ_v3,1,1.0,[1],0,99,2,"{""1"": 118, ""2"": 99, ""3"": 79, ""4"": 77}",False,21.0,-40.0,1.0,60.0,34.0,0.085,23.0,17.5,22.0,14.0,5.0,3.0,0.0,0.0,36.0,43.0,16.0,5.0,13.0,1.0,1.0,2.0,1.0,0.0,0.0,0.0,0.0,64.0,64.0,0.7175,0.7619047619047619,0.0256,0.0256,0.1875,0.8522727272727273,0.14772727272727273,0.525,0.6666666666666666,0.8,0.5083333333333333,0.5150877192982457,0.0
20260629_225103_bc53ce62,20260629_225103_bc53ce62_g0007,7,439528178,7,64,64,64,1,3,YELLOW,pool_heuristic,2,1.0,[1],0,79,3,"{""1"": 118, ""2"": 99, ""3"": 79, ""4"": 77}",False,19.0,-44.0,0.0,56.0,34.0,0.085,0.0,0.0,0.0,0.0,0.0,0.0,0.0,0.0,59.0,19.0,16.0,5.0,22.0,0.0,0.0,0.0,3.0,2.0,0.0,0.0,1.0,64.0,64.0,0.7175,0.7619047619047619,0.0256,0.0256,0.165,0.75,0.25,0.475,0.5666666666666667,1.0,0.525,0.49521531100478466,0.0
20260629_225103_bc53ce62,20260629_225103_bc53ce62_g0007,7,439528178,7,64,64,64,1,4,GREEN,pool_l45_100ms,3,1.0,[1],0,77,4,"{""1"": 118, ""2"": 99, ""3"": 79, ""4"": 77}",False,13.0,-56.0,3.0,35.0,34.0,0.085,8.0,8.0,8.0,8.0,0.0,0.0,0.0,0.0,51.0,21.0,16.0,5.0,17.0,1.0,0.0,1.0,2.0,1.0,0.0,0.0,0.0,64.0,64.0,0.7175,0.7619047619047619,0.0256,0.0256,0.1775,0.8068181818181818,0.19318181818181818,0.325,0.55,1.0,0.575,0.4306893995552261,0.0
20260629_225103_bc53ce62,20260629_225103_bc53ce62_g0008,8,1333515840,0,8,8,8,1,1,RED,champ_v3,0,4.0,[4],0,83,2,"{""1"": 83, ""2"": 76, ""3"": 81, ""4"": 86}",False,9.0,-13.0,9.0,0.0,0.0,0.0,543.0,122.625,488.75,9.0,15.0,41.25,153.5,270.0,1258.0,497.75,2.0,19.0,78.0,1.0,1.0,2.0,6.0,9.0,1.0,0.0,0.0,8.0,8.0,0.1,0.09523809523809523,0.0032,0.0032,0.025,0.11363636363636363,0.8863636363636364,0.225,1.0,1.0,0.18333333333333332,0.23684210526315785,0.0
20260629_225103_bc53ce62,20260629_225103_bc53ce62_g0008,8,1333515840,0,8,8,8,1,2,BLUE,pool_heuristic,1,4.0,[4],0,76,4,"{""1"": 83, ""2"": 76, ""3"": 81, ""4"": 86}",False,6.0,-19.0,8.0,0.0,0.0,0.0,351.0,89.625,362.0,6.0,10.0,28.5,112.5,205.0,1450.0,368.0,2.0,19.0,78.0,1.0,1.0,2.0,6.0,9.0,1.0,1.0,1.0,8.0,8.0,0.1,0.09523809523809523,0.0032,0.0032,0.025,0.11363636363636363,0.8863636363636364,0.15,1.0,1.0,0.20833333333333334,0.26315789473684215,0.0
20260629_225103_bc53ce62,20260629_225103_bc53ce62_g0008,8,1333515840,0,8,8,8,1,3,YELLOW,pool_l45_100ms,2,4.0,[4],0,81,3,"{""1"": 83, ""2"": 76, ""3"": 81, ""4"": 86}",False,7.0,-17.0,9.0,0.0,0.0,0.0,364.0,86.0,341.875,7.0,10.0,27.0,108.5,189.375,1437.0,348.875,2.0,19.0,78.0,1.0,1.0,2.0,6.0,9.0,1.0,1.0,0.0,8.0,8.0,0.1,0.09523809523809523,0.0032,0.0032,0.025,0.11363636363636363,0.8863636363636364,0.175,1.0,1.0,0.2,0.17368421052631577,0.0
20260629_225103_bc53ce62,20260629_225103_bc53ce62_g0008,8,1333515840,0,8,8,8,1,4,GREEN,pool_peer_500ms,3,4.0,[4],1,86,1,"{""1"": 83, ""2"": 76, ""3"": 81, ""4"": 86}",False,9.0,-13.0,9.0,0.0,0.0,0.0,543.0,122.625,488.75,9.0,15.0,41.25,153.5,270.0,1258.0,497.75,2.0,19.0,78.0,1.0,1.0,2.0,6.0,9.0,1.0,0.0,0.0,8.0,8.0,0.1,0.09523809523809523,0.0032,0.0032,0.025,0.11363636363636363,0.8863636363636364,0.225,1.0,1.0,0.18333333333333332,0.23684210526315785,0.0
20260629_225103_bc53ce62,20260629_225103_bc53ce62_g0008,8,1333515840,1,16,16,16,1,1,RED,champ_v3,0,4.0,[4],0,83,2,"{""1"": 83, ""2"": 76, ""3"": 81, ""4"": 86}",False,14.0,-24.0,2.0,2.0,0.0,0.0,553.0,140.5,529.0,14.0,21.0,55.5,196.0,242.5,1414.0,543.0,4.0,17.0,68.0,1.0,1.0,2.0,6.0,7.0,1.0,0.0,0.0,16.0,16.0,0.2,0.19047619047619047,0.0064,0.0064,0.05,0.22727272727272727,0.7727272727272727,0.35,1.0,1.0,0.31666666666666665,0.4605263157894737,0.0
20260629_225103_bc53ce62,20260629_225103_bc53ce62_g0008,8,1333515840,1,16,16,16,1,2,BLUE,pool_heuristic,1,4.0,[4],0,76,4,"{""1"": 83, ""2"": 76, ""3"": 81, ""4"": 86}",False,11.0,-30.0,1.0,4.0,0.0,0.0,336.0,93.0,354.125,9.0,13.0,35.25,127.5,169.375,1631.0,365.125,4.0,17.0,68.0,1.0,1.0,2.0,6.0,7.0,1.0,1.0,1.0,16.0,16.0,0.2,0.19047619047619047,0.0064,0.0064,0.05,0.22727272727272727,0.7727272727272727,0.275,1.0,1.0,0.3416666666666667,0.5052631578947369,0.0
20260629_225103_bc53ce62,20260629_225103_bc53ce62_g0008,8,1333515840,1,16,16,16,1,3,YELLOW,pool_l45_100ms,2,4.0,[4],0,81,3,"{""1"": 83, ""2"": 76, ""3"": 81, ""4"": 86}",False,11.0,-30.0,5.0,0.0,0.0,0.0,339.0,83.875,306.375,11.0,14.0,30.0,112.0,139.375,1628.0,317.375,4.0,17.0,68.0,1.0,1.0,2.0,6.0,7.0,1.0,0.0,0.0,16.0,16.0,0.2,0.19047619047619047,0.0064,0.0064,0.05,0.22727272727272727,0.7727272727272727,0.275,1.0,1.0,0.3416666666666667,0.3526315789473684,0.0
20260629_225103_bc53ce62,20260629_225103_bc53ce62_g0008,8,1333515840,1,16,16,16,1,4,GREEN,pool_peer_500ms,3,4.0,[4],1,86,1,"{""1"": 83, ""2"": 76, ""3"": 81, ""4"": 86}",False,16.0,-20.0,1.0,1.0,0.0,0.0,739.0,186.25,716.625,16.0,26.0,70.5,258.5,345.625,1228.0,732.625,4.0,17.0,68.0,1.0,1.0,2.0,6.0,7.0,1.0,0.0,0.0,16.0,16.0,0.2,0.19047619047619047,0.0064,0.0064,0.05,0.22727272727272727,0.7727272727272727,0.4,1.0,1.0,0.3,0.48684210526315785,0.0
20260629_225103_bc53ce62,20260629_225103_bc53ce62_g0008,8,1333515840,2,24,24,24,1,1,RED,champ_v3,0,4.0,[4],0,83,2,"{""1"": 83, ""2"": 76, ""3"": 81, ""4"": 86}",False,19.0,-32.0,0.0,6.0,2.0,0.005,448.0,126.0,435.75,19.0,24.0,54.0,185.0,153.75,952.0,454.75,6.0,15.0,58.0,1.0,1.0,2.0,6.0,5.0,1.0,0.0,0.0,24.0,24.0,0.3,0.2857142857142857,0.0096,0.0096,0.075,0.3409090909090909,0.6590909090909091,0.475,1.0,1.0,0.425,0.5771929824561404,0.0
20260629_225103_bc53ce62,20260629_225103_bc53ce62_g0008,8,1333515840,2,24,24,24,1,2,BLUE,pool_heuristic,1,4.0,[4],0,76,4,"{""1"": 83, ""2"": 76, ""3"": 81, ""4"": 86}",False,18.0,-34.0,1.0,8.0,2.0,0.005,296.0,90.0,302.875,16.0,17.0,39.75,124.5,105.625,1104.0,320.875,6.0,15.0,58.0,1.0,1.0,2.0,6.0,5.0,1.0,0.0,1.0,24.0,24.0,0.3,0.2857142857142857,0.0096,0.0096,0.075,0.3409090909090909,0.6590909090909091,0.45,1.0,1.0,0.4333333333333333,0.512280701754386,0.0
20260629_225103_bc53ce62,20260629_225103_bc53ce62_g0008,8,1333515840,2,24,24,24,1,3,YELLOW,pool_l45_100ms,2,4.0,[4],0,81,3,"{""1"": 83, ""2"": 76, ""3"": 81, ""4"": 86}",False,12.0,-46.0,5.0,3.0,2.0,0.005,209.0,56.5,181.25,12.0,12.0,24.75,75.0,57.5,1191.0,193.25,6.0,15.0,58.0,1.0,1.0,2.0,6.0,5.0,0.0,0.0,0.0,24.0,24.0,0.3,0.2857142857142857,0.0096,0.0096,0.075,0.3409090909090909,0.6590909090909091,0.3,1.0,1.0,0.4833333333333333,0.39473684210526316,0.0
20260629_225103_bc53ce62,20260629_225103_bc53ce62_g0008,8,1333515840,2,24,24,24,1,4,GREEN,pool_peer_500ms,3,4.0,[4],1,86,1,"{""1"": 83, ""2"": 76, ""3"": 81, ""4"": 86}",False,21.0,-28.0,1.0,10.0,2.0,0.005,447.0,129.5,441.625,20.0,25.0,60.75,191.5,144.375,953.0,462.625,6.0,15.0,58.0,1.0,1.0,2.0,6.0,5.0,1.0,0.0,0.0,24.0,24.0,0.3,0.2857142857142857,0.0096,0.0096,0.075,0.3409090909090909,0.6590909090909091,0.525,1.0,1.0,0.4083333333333333,0.5701754385964912,0.0
20260629_225103_bc53ce62,20260629_225103_bc53ce62_g0008,8,1333515840,3,32,32,32,1,1,RED,champ_v3,0,4.0,[4],0,83,2,"{""1"": 83, ""2"": 76, ""3"": 81, ""4"": 86}",False,25.0,-33.0,0.0,14.0,5.0,0.0125,309.0,104.375,324.625,22.0,26.0,54.0,137.0,85.625,529.0,349.625,8.0,13.0,49.0,1.0,1.0,2.0,5.0,4.0,1.0,0.0,0.0,32.0,32.0,0.395,0.38095238095238093,0.0128,0.0128,0.0975,0.4431818181818182,0.5568181818181818,0.625,1.0,1.0,0.4833333333333333,0.5600539811066126,0.0
20260629_225103_bc53ce62,20260629_225103_bc53ce62_g0008,8,1333515840,3,32,32,32,1,2,BLUE,pool_heuristic,1,4.0,[4],0,76,4,"{""1"": 83, ""2"": 76, ""3"": 81, ""4"": 86}",False,22.0,-39.0,1.0,15.0,5.0,0.0125,268.0,93.25,301.75,18.0,19.0,44.25,138.0,82.5,570.0,323.75,8.0,13.0,48.0,1.0,1.0,2.0,6.0,3.0,1.0,0.0,1.0,32.0,32.0,0.395,0.38095238095238093,0.0128,0.0128,0.1,0.45454545454545453,0.5454545454545454,0.55,1.0,1.0,0.5083333333333333,0.5157894736842106,0.0
20260629_225103_bc53ce62,20260629_225103_bc53ce62_g0008,8,1333515840,3,32,32,32,1,3,YELLOW,pool_l45_100ms,2,4.0,[4],0,81,3,"{""1"": 83, ""2"": 76, ""3"": 81, ""4"": 86}",False,13.0,-57.0,5.0,11.0,5.0,0.0125,119.0,43.75,121.625,13.0,12.0,21.0,52.5,23.125,719.0,134.625,8.0,13.0,48.0,1.0,1.0,2.0,6.0,3.0,0.0,0.0,0.0,32.0,32.0,0.395,0.38095238095238093,0.0128,0.0128,0.1,0.45454545454545453,0.5454545454545454,0.325,1.0,1.0,0.5833333333333333,0.4236842105263158,0.0
20260629_225103_bc53ce62,20260629_225103_bc53ce62_g0008,8,1333515840,3,32,32,32,1,4,GREEN,pool_peer_500ms,3,4.0,[4],1,86,1,"{""1"": 83, ""2"": 76, ""3"": 81, ""4"": 86}",False,23.0,-37.0,1.0,17.0,5.0,0.0125,142.0,56.5,142.5,21.0,16.0,30.0,48.0,27.5,696.0,165.5,8.0,13.0,49.0,1.0,1.0,2.0,5.0,4.0,0.0,0.0,0.0,32.0,32.0,0.395,0.38095238095238093,0.0128,0.0128,0.0975,0.4431818181818182,0.5568181818181818,0.575,1.0,1.0,0.5,0.5789473684210527,0.0
20260629_225103_bc53ce62,20260629_225103_bc53ce62_g0008,8,1333515840,4,40,40,40,1,1,RED,champ_v3,0,4.0,[4],0,83,2,"{""1"": 83, ""2"": 76, ""3"": 81, ""4"": 86}",False,27.0,-39.0,0.0,22.0,12.0,0.03,62.0,37.875,71.375,21.0,14.0,15.0,12.0,9.375,236.0,98.375,10.0,11.0,40.0,1.0,1.0,2.0,4.0,3.0,0.0,0.0,0.0,40.0,40.0,0.4925,0.47619047619047616,0.016,0.016,0.12,0.5454545454545454,0.45454545454545453,0.675,1.0,1.0,0.55,0.549342105263158,0.0
20260629_225103_bc53ce62,20260629_225103_bc53ce62_g0008,8,1333515840,4,40,40,40,1,2,BLUE,pool_heuristic,1,4.0,[4],0,76,4,"{""1"": 83, ""2"": 76, ""3"": 81, ""4"": 86}",False,25.0,-43.0,1.0,22.0,12.0,0.03,61.0,33.625,63.75,19.0,10.0,12.0,21.5,1.25,237.0,88.75,10.0,11.0,38.0,1.0,1.0,2.0,6.0,1.0,0.0,0.0,0.0,40.0,40.0,0.4925,0.47619047619047616,0.016,0.016,0.125,0.5681818181818182,0.4318181818181818,0.625,1.0,1.0,0.5666666666666667,0.4726315789473684,0.0
20260629_225103_bc53ce62,20260629_225103_bc53ce62_g0008,8,1333515840,4,40,40,40,1,3,YELLOW,pool_l45_100ms,2,4.0,[4],0,81,3,"{""1"": 83, ""2"": 76, ""3"": 81, ""4"": 86}",False,15.0,-63.0,5.0,17.0,12.0,0.03,94.0,35.875,89.125,14.0,9.0,15.75,41.0,9.375,204.0,104.125,10.0,11.0,38.0,1.0,1.0,2.0,6.0,1.0,0.0,0.0,0.0,40.0,40.0,0.4925,0.47619047619047616,0.016,0.016,0.125,0.5681818181818182,0.4318181818181818,0.375,1.0,1.0,0.65,0.3989473684210526,0.0
20260629_225103_bc53ce62,20260629_225103_bc53ce62_g0008,8,1333515840,4,40,40,40,1,4,GREEN,pool_peer_500ms,3,4.0,[4],1,86,1,"{""1"": 83, ""2"": 76, ""3"": 81, ""4"": 86}",False,26.0,-41.0,1.0,26.0,12.0,0.03,81.0,42.0,82.5,23.0,13.0,15.0,24.0,7.5,217.0,108.5,10.0,11.0,39.0,1.0,1.0,2.0,5.0,2.0,0.0,0.0,0.0,40.0,40.0,0.4925,0.47619047619047616,0.016,0.016,0.1225,0.5568181818181818,0.4431818181818182,0.65,1.0,1.0,0.5583333333333333,0.5445757250268528,0.0
20260629_225103_bc53ce62,20260629_225103_bc53ce62_g0008,8,1333515840,5,48,48,48,1,1,RED,champ_v3,0,4.0,[4],0,83,2,"{""1"": 83, ""2"": 76, ""3"": 81, ""4"": 86}",False,23.0,-45.0,0.0,31.0,28.0,0.07,26.0,20.5,29.0,15.0,7.0,3.0,4.0,0.0,116.0,52.0,12.0,9.0,32.0,1.0,1.0,1.0,4.0,2.0,0.0,0.0,0.0,48.0,48.0,0.575,0.5714285714285714,0.0192,0.0192,0.14,0.6363636363636364,0.36363636363636365,0.575,0.8166666666666667,1.0,0.5666666666666667,0.5347744360902256,0.0
20260629_225103_bc53ce62,20260629_225103_bc53ce62_g0008,8,1333515840,5,48,48,48,1,2,BLUE,pool_heuristic,1,4.0,[4],0,76,4,"{""1"": 83, ""2"": 76, ""3"": 81, ""4"": 86}",False,23.0,-45.0,1.0,32.0,28.0,0.07,33.0,23.25,36.0,16.0,7.0,6.0,7.0,0.0,109.0,59.0,12.0,9.0,30.0,1.0,1.0,2.0,4.0,1.0,0.0,0.0,0.0,48.0,48.0,0.575,0.5714285714285714,0.0192,0.0192,0.145,0.6590909090909091,0.3409090909090909,0.575,1.0,1.0,0.5666666666666667,0.4646098003629764,0.0
20260629_225103_bc53ce62,20260629_225103_bc53ce62_g0008,8,1333515840,5,48,48,48,1,3,YELLOW,pool_l45_100ms,2,4.0,[4],0,81,3,"{""1"": 83, ""2"": 76, ""3"": 81, ""4"": 86}",False,18.0,-55.0,4.0,22.0,28.0,0.07,38.0,25.125,39.0,17.0,8.0,7.5,6.5,0.0,104.0,57.0,12.0,9.0,29.0,1.0,1.0,2.0,5.0,0.0,0.0,0.0,0.0,48.0,48.0,0.575,0.5714285714285714,0.0192,0.0192,0.1475,0.6704545454545454,0.32954545454545453,0.45,0.8833333333333333,0.8,0.6083333333333333,0.407671721677074,0.0
20260629_225103_bc53ce62,20260629_225103_bc53ce62_g0008,8,1333515840,5,48,48,48,1,4,GREEN,pool_peer_500ms,3,4.0,[4],1,86,1,"{""1"": 83, ""2"": 76, ""3"": 81, ""4"": 86}",False,27.0,-37.0,1.0,35.0,28.0,0.07,45.0,28.875,44.5,20.0,9.0,8.25,3.5,3.75,97.0,71.5,12.0,9.0,31.0,1.0,1.0,2.0,3.0,2.0,0.0,0.0,0.0,48.0,48.0,0.575,0.5714285714285714,0.0192,0.0192,0.1425,0.6477272727272727,0.3522727272727273,0.675,1.0,1.0,0.5333333333333333,0.5632502308402585,0.0
20260629_225103_bc53ce62,20260629_225103_bc53ce62_g0008,8,1333515840,6,56,56,56,1,1,RED,champ_v3,0,4.0,[4],0,83,2,"{""1"": 83, ""2"": 76, ""3"": 81, ""4"": 86}",False,20.0,-48.0,0.0,38.0,37.0,0.0925,17.0,14.5,17.0,12.0,5.0,0.0,0.0,0.0,60.0,37.0,14.0,7.0,25.0,1.0,1.0,0.0,3.0,2.0,0.0,0.0,0.0,56.0,56.0,0.645,0.6666666666666666,0.0224,0.0224,0.1575,0.7159090909090909,0.2840909090909091,0.5,0.55,1.0,0.5666666666666667,0.49456975772765244,0.0
20260629_225103_bc53ce62,20260629_225103_bc53ce62_g0008,8,1333515840,6,56,56,56,1,2,BLUE,pool_heuristic,1,4.0,[4],0,76,4,"{""1"": 83, ""2"": 76, ""3"": 81, ""4"": 86}",False,21.0,-46.0,1.0,42.0,37.0,0.0925,4.0,2.0,5.5,0.0,2.0,1.5,2.0,0.0,73.0,26.5,14.0,7.0,25.0,0.0,1.0,2.0,3.0,1.0,0.0,0.0,0.0,56.0,56.0,0.645,0.6666666666666666,0.0224,0.0224,0.1575,0.7159090909090909,0.2840909090909091,0.525,0.9833333333333333,1.0,0.5583333333333333,0.44527986633249794,0.0
20260629_225103_bc53ce62,20260629_225103_bc53ce62_g0008,8,1333515840,6,56,56,56,1,3,YELLOW,pool_l45_100ms,2,4.0,[4],0,81,3,"{""1"": 83, ""2"": 76, ""3"": 81, ""4"": 86}",False,19.0,-50.0,4.0,34.0,37.0,0.0925,28.0,22.25,28.75,17.0,8.0,3.75,0.0,0.0,49.0,47.75,14.0,7.0,21.0,1.0,1.0,2.0,3.0,0.0,0.0,0.0,0.0,56.0,56.0,0.645,0.6666666666666666,0.0224,0.0224,0.1675,0.7613636363636364,0.23863636363636365,0.475,0.7,0.8,0.575,0.4328358208955224,0.0
20260629_225103_bc53ce62,20260629_225103_bc53ce62_g0008,8,1333515840,6,56,56,56,1,4,GREEN,pool_peer_500ms,3,4.0,[4],1,86,1,"{""1"": 83, ""2"": 76, ""3"": 81, ""4"": 86}",False,28.0,-32.0,1.0,49.0,37.0,0.0925,28.0,23.5,28.5,19.0,8.0,1.5,0.0,0.0,49.0,56.5,14.0,7.0,23.0,1.0,1.0,1.0,3.0,1.0,0.0,0.0,0.0,56.0,56.0,0.645,0.6666666666666666,0.0224,0.0224,0.1625,0.7386363636363636,0.26136363636363635,0.7,0.8333333333333334,1.0,0.5,0.5497975708502024,0.0
20260629_225103_bc53ce62,20260629_225103_bc53ce62_g0008,8,1333515840,7,64,64,67,4,1,RED,champ_v3,0,4.0,[4],0,83,2,"{""1"": 83, ""2"": 76, ""3"": 81, ""4"": 86}",False,19.0,-43.0,0.0,42.0,39.0,0.0975,0.0,0.0,0.0,0.0,0.0,0.0,0.0,0.0,8.0,19.0,16.0,5.0,22.0,0.0,0.0,0.0,3.0,2.0,0.0,0.0,0.0,64.0,67.0,0.6825,0.7619047619047619,0.0268,0.0256,0.165,0.75,0.25,0.475,0.43333333333333335,1.0,0.5166666666666667,0.4984051036682615,0.0
20260629_225103_bc53ce62,20260629_225103_bc53ce62_g0008,8,1333515840,7,64,64,67,4,2,BLUE,pool_heuristic,1,4.0,[4],0,76,4,"{""1"": 83, ""2"": 76, ""3"": 81, ""4"": 86}",False,20.0,-41.0,1.0,47.0,39.0,0.0975,0.0,0.0,0.0,0.0,0.0,0.0,0.0,0.0,8.0,20.0,15.0,6.0,23.0,0.0,0.0,2.0,3.0,1.0,0.0,0.0,0.0,64.0,67.0,0.6825,0.7142857142857143,0.0268,0.0256,0.1625,0.7386363636363636,0.26136363636363635,0.5,0.8833333333333333,1.0,0.5083333333333333,0.44534412955465585,0.0
20260629_225103_bc53ce62,20260629_225103_bc53ce62_g0008,8,1333515840,7,64,64,67,4,3,YELLOW,pool_l45_100ms,2,4.0,[4],0,81,3,"{""1"": 83, ""2"": 76, ""3"": 81, ""4"": 86}",False,15.0,-51.0,4.0,45.0,39.0,0.0975,4.0,2.0,4.0,0.0,4.0,0.0,0.0,0.0,4.0,19.0,17.0,4.0,14.0,0.0,1.0,0.0,3.0,0.0,0.0,0.0,0.0,64.0,67.0,0.6825,0.8095238095238095,0.0268,0.0256,0.185,0.8409090909090909,0.1590909090909091,0.375,0.5166666666666667,0.8,0.55,0.4238975817923186,0.0
20260629_225103_bc53ce62,20260629_225103_bc53ce62_g0008,8,1333515840,7,64,64,67,4,4,GREEN,pool_peer_500ms,3,4.0,[4],1,86,1,"{""1"": 83, ""2"": 76, ""3"": 81, ""4"": 86}",False,27.0,-27.0,1.0,57.0,39.0,0.0975,4.0,1.75,6.5,0.0,0.0,1.5,5.0,0.0,4.0,33.5,16.0,5.0,20.0,0.0,0.0,1.0,3.0,1.0,0.0,0.0,0.0,64.0,67.0,0.6825,0.7619047619047619,0.0268,0.0256,0.17,0.7727272727272727,0.22727272727272727,0.675,0.95,1.0,0.45,0.5487616099071206,0.0
20260629_225103_bc53ce62,20260629_225103_bc53ce62_g0009,9,1849325293,0,8,8,8,1,1,RED,pool_heuristic,0,3.0,[3],0,74,4,"{""1"": 74, ""2"": 81, ""3"": 94, ""4"": 89}",False,8.0,-15.0,9.0,0.0,3.0,0.0075,425.0,111.125,444.875,8.0,13.0,36.75,139.0,248.125,1413.0,452.875,2.0,19.0,78.0,1.0,1.0,2.0,6.0,9.0,1.0,1.0,1.0,8.0,8.0,0.1,0.09523809523809523,0.0032,0.0032,0.025,0.11363636363636363,0.8863636363636364,0.2,1.0,1.0,0.19166666666666668,0.2421052631578947,0.0
20260629_225103_bc53ce62,20260629_225103_bc53ce62_g0009,9,1849325293,0,8,8,8,1,2,BLUE,pool_l45_100ms,1,3.0,[3],0,81,3,"{""1"": 74, ""2"": 81, ""3"": 94, ""4"": 89}",False,5.0,-21.0,9.0,0.0,3.0,0.0075,327.0,76.25,309.5,5.0,8.0,24.0,95.0,177.5,1511.0,314.5,2.0,19.0,78.0,1.0,1.0,2.0,6.0,9.0,1.0,1.0,0.0,8.0,8.0,0.1,0.09523809523809523,0.0032,0.0032,0.025,0.11363636363636363,0.8863636363636364,0.125,1.0,1.0,0.21666666666666665,0.15263157894736834,0.0
20260629_225103_bc53ce62,20260629_225103_bc53ce62_g0009,9,1849325293,0,8,8,8,1,3,YELLOW,pool_peer_500ms,2,3.0,[3],1,94,1,"{""1"": 74, ""2"": 81, ""3"": 94, ""4"": 89}",False,9.0,-13.0,9.0,0.0,3.0,0.0075,543.0,122.625,488.75,9.0,15.0,41.25,153.5,270.0,1295.0,497.75,2.0,19.0,78.0,1.0,1.0,2.0,6.0,9.0,1.0,0.0,0.0,8.0,8.0,0.1,0.09523809523809523,0.0032,0.0032,0.025,0.11363636363636363,0.8863636363636364,0.225,1.0,1.0,0.18333333333333332,0.23684210526315785,0.0
20260629_225103_bc53ce62,20260629_225103_bc53ce62_g0009,9,1849325293,0,8,8,8,1,4,GREEN,champ_v3,3,3.0,[3],0,89,2,"{""1"": 74, ""2"": 81, ""3"": 94, ""4"": 89}",False,9.0,-13.0,9.0,0.0,3.0,0.0075,543.0,122.625,488.75,9.0,15.0,41.25,153.5,270.0,1295.0,497.75,2.0,19.0,78.0,1.0,1.0,2.0,6.0,9.0,1.0,0.0,0.0,8.0,8.0,0.1,0.09523809523809523,0.0032,0.0032,0.025,0.11363636363636363,0.8863636363636364,0.225,1.0,1.0,0.18333333333333332,0.23684210526315785,0.0
20260629_225103_bc53ce62,20260629_225103_bc53ce62_g0009,9,1849325293,1,16,16,16,1,1,RED,pool_heuristic,0,3.0,[3],0,74,4,"{""1"": 74, ""2"": 81, ""3"": 94, ""4"": 89}",False,13.0,-27.0,3.0,0.0,3.0,0.0075,489.0,138.25,524.625,13.0,20.0,54.75,192.5,244.375,2026.0,537.625,4.0,17.0,68.0,1.0,1.0,2.0,6.0,7.0,1.0,1.0,1.0,16.0,16.0,0.2,0.19047619047619047,0.0064,0.0064,0.05,0.22727272727272727,0.7727272727272727,0.325,1.0,1.0,0.33333333333333337,0.4605263157894737,0.0
20260629_225103_bc53ce62,20260629_225103_bc53ce62_g0009,9,1849325293,1,16,16,16,1,2,BLUE,pool_l45_100ms,1,3.0,[3],0,81,3,"{""1"": 74, ""2"": 81, ""3"": 94, ""4"": 89}",False,9.0,-35.0,6.0,0.0,3.0,0.0075,516.0,120.125,466.875,9.0,16.0,45.0,175.0,221.875,1999.0,475.875,4.0,17.0,68.0,1.0,1.0,2.0,6.0,7.0,1.0,0.0,0.0,16.0,16.0,0.2,0.19047619047619047,0.0064,0.0064,0.05,0.22727272727272727,0.7727272727272727,0.225,1.0,1.0,0.36666666666666664,0.3263157894736842,0.0
20260629_225103_bc53ce62,20260629_225103_bc53ce62_g0009,9,1849325293,1,16,16,16,1,3,YELLOW,pool_peer_500ms,2,3.0,[3],1,94,1,"{""1"": 74, ""2"": 81, ""3"": 94, ""4"": 89}",False,16.0,-21.0,0.0,3.0,3.0,0.0075,801.0,199.375,775.25,15.0,27.0,75.0,284.5,373.75,1714.0,791.25,4.0,17.0,68.0,1.0,1.0,2.0,6.0,7.0,1.0,0.0,0.0,16.0,16.0,0.2,0.19047619047619047,0.0064,0.0064,0.05,0.22727272727272727,0.7727272727272727,0.4,1.0,1.0,0.30833333333333335,0.49473684210526314,0.0
20260629_225103_bc53ce62,20260629_225103_bc53ce62_g0009,9,1849325293,1,16,16,16,1,4,GREEN,champ_v3,3,3.0,[3],0,89,2,"{""1"": 74, ""2"": 81, ""3"": 94, ""4"": 89}",False,15.0,-23.0,1.0,3.0,3.0,0.0075,709.0,178.625,684.625,15.0,26.0,70.5,250.0,323.125,1806.0,699.625,4.0,17.0,68.0,1.0,1.0,2.0,6.0,7.0,1.0,0.0,0.0,16.0,16.0,0.2,0.19047619047619047,0.0064,0.0064,0.05,0.22727272727272727,0.7727272727272727,0.375,1.0,1.0,0.31666666666666665,0.4894736842105264,0.0
20260629_225103_bc53ce62,20260629_225103_bc53ce62_g0009,9,1849325293,2,24,24,24,1,1,RED,pool_heuristic,0,3.0,[3],0,74,4,"{""1"": 74, ""2"": 81, ""3"": 94, ""4"": 89}",False,18.0,-35.0,3.0,7.0,6.0,0.015,349.0,113.875,406.25,15.0,19.0,49.5,166.5,156.25,1266.0,424.25,6.0,15.0,58.0,1.0,1.0,2.0,6.0,5.0,1.0,1.0,1.0,24.0,24.0,0.3,0.2857142857142857,0.0096,0.0096,0.075,0.3409090909090909,0.6590909090909091,0.45,1.0,1.0,0.4416666666666667,0.5157894736842106,0.0
20260629_225103_bc53ce62,20260629_225103_bc53ce62_g0009,9,1849325293,2,24,24,24,1,2,BLUE,pool_l45_100ms,1,3.0,[3],0,81,3,"{""1"": 74, ""2"": 81, ""3"": 94, ""4"": 89}",False,13.0,-45.0,1.0,9.0,6.0,0.015,327.0,83.125,290.875,11.0,16.0,37.5,127.0,99.375,1288.0,303.875,6.0,15.0,58.0,1.0,1.0,2.0,6.0,5.0,0.0,0.0,0.0,24.0,24.0,0.3,0.2857142857142857,0.0096,0.0096,0.075,0.3409090909090909,0.6590909090909091,0.325,1.0,1.0,0.4833333333333333,0.4385964912280702,0.0
20260629_225103_bc53ce62,20260629_225103_bc53ce62_g0009,9,1849325293,2,24,24,24,1,3,YELLOW,pool_peer_500ms,2,3.0,[3],1,94,1,"{""1"": 74, ""2"": 81, ""3"": 94, ""4"": 89}",False,21.0,-29.0,0.0,9.0,6.0,0.015,484.0,137.875,479.75,19.0,28.0,63.0,198.5,171.25,1131.0,500.75,6.0,15.0,58.0,1.0,1.0,2.0,6.0,5.0,1.0,0.0,0.0,24.0,24.0,0.3,0.2857142857142857,0.0096,0.0096,0.075,0.3409090909090909,0.6590909090909091,0.525,1.0,1.0,0.4166666666666667,0.5894736842105264,0.0
20260629_225103_bc53ce62,20260629_225103_bc53ce62_g0009,9,1849325293,2,24,24,24,1,4,GREEN,champ_v3,3,3.0,[3],0,89,2,"{""1"": 74, ""2"": 81, ""3"": 94, ""4"": 89}",False,19.0,-33.0,0.0,10.0,6.0,0.015,455.0,127.5,444.5,18.0,23.0,59.25,188.0,156.25,1160.0,463.5,6.0,15.0,58.0,1.0,1.0,2.0,6.0,5.0,0.0,0.0,0.0,24.0,24.0,0.3,0.2857142857142857,0.0096,0.0096,0.075,0.3409090909090909,0.6590909090909091,0.475,1.0,1.0,0.4333333333333333,0.5964912280701754,0.0
20260629_225103_bc53ce62,20260629_225103_bc53ce62_g0009,9,1849325293,3,32,32,32,1,1,RED,pool_heuristic,0,3.0,[3],0,74,4,"{""1"": 74, ""2"": 81, ""3"": 94, ""4"": 89}",False,21.0,-41.0,3.0,14.0,9.0,0.0225,130.0,49.75,146.0,14.0,10.0,23.25,65.0,33.75,710.0,167.0,8.0,13.0,48.0,1.0,1.0,2.0,6.0,3.0,0.0,1.0,1.0,32.0,32.0,0.3975,0.38095238095238093,0.0128,0.0128,0.1,0.45454545454545453,0.5454545454545454,0.525,1.0,1.0,0.5166666666666667,0.4881578947368421,0.0
20260629_225103_bc53ce62,20260629_225103_bc53ce62_g0009,9,1849325293,3,32,32,32,1,2,BLUE,pool_l45_100ms,1,3.0,[3],0,81,3,"{""1"": 74, ""2"": 81, ""3"": 94, ""4"": 89}",False,15.0,-53.0,1.0,16.0,9.0,0.0225,173.0,55.75,168.375,13.0,14.0,25.5,81.5,34.375,667.0,183.375,8.0,13.0,48.0,1.0,1.0,2.0,6.0,3.0,0.0,0.0,0.0,32.0,32.0,0.3975,0.38095238095238093,0.0128,0.0128,0.1,0.45454545454545453,0.5454545454545454,0.375,1.0,1.0,0.5666666666666667,0.4592105263157894,0.0
20260629_225103_bc53ce62,20260629_225103_bc53ce62_g0009,9,1849325293,3,32,32,32,1,3,YELLOW,pool_peer_500ms,2,3.0,[3],1,94,1,"{""1"": 74, ""2"": 81, ""3"": 94, ""4"": 89}",False,23.0,-37.0,0.0,20.0,9.0,0.0225,378.0,112.625,364.0,20.0,26.0,55.5,172.5,90.0,462.0,387.0,8.0,13.0,48.0,1.0,1.0,2.0,6.0,3.0,0.0,0.0,0.0,32.0,32.0,0.3975,0.38095238095238093,0.0128,0.0128,0.1,0.45454545454545453,0.5454545454545454,0.575,1.0,1.0,0.5,0.6210526315789473,0.0
20260629_225103_bc53ce62,20260629_225103_bc53ce62_g0009,9,1849325293,3,32,32,32,1,4,GREEN,champ_v3,3,3.0,[3],0,89,2,"{""1"": 74, ""2"": 81, ""3"": 94, ""4"": 89}",False,24.0,-35.0,0.0,17.0,9.0,0.0225,159.0,64.875,167.625,21.0,22.0,36.0,63.0,25.625,681.0,191.625,8.0,13.0,49.0,1.0,1.0,2.0,5.0,4.0,0.0,0.0,0.0,32.0,32.0,0.3975,0.38095238095238093,0.0128,0.0128,0.0975,0.4431818181818182,0.5568181818181818,0.6,1.0,1.0,0.4916666666666667,0.5802968960863697,0.0
20260629_225103_bc53ce62,20260629_225103_bc53ce62_g0009,9,1849325293,4,40,40,40,1,1,RED,pool_heuristic,0,3.0,[3],0,74,4,"{""1"": 74, ""2"": 81, ""3"": 94, ""4"": 89}",False,20.0,-44.0,3.0,18.0,15.0,0.0375,19.0,14.0,18.75,11.0,3.0,3.75,1.0,0.0,406.0,38.75,10.0,11.0,39.0,1.0,1.0,2.0,5.0,2.0,0.0,1.0,0.0,40.0,40.0,0.485,0.47619047619047616,0.016,0.016,0.1225,0.5568181818181818,0.4431818181818182,0.5,1.0,1.0,0.5333333333333333,0.46079484425349093,0.0
20260629_225103_bc53ce62,20260629_225103_bc53ce62_g0009,9,1849325293,4,40,40,40,1,2,BLUE,pool_l45_100ms,1,3.0,[3],0,81,3,"{""1"": 74, ""2"": 81, ""3"": 94, ""4"": 89}",False,13.0,-58.0,1.0,18.0,15.0,0.0375,34.0,18.75,35.5,10.0,7.0,7.5,11.0,0.0,391.0,48.5,10.0,11.0,38.0,1.0,1.0,2.0,6.0,1.0,0.0,0.0,0.0,40.0,40.0,0.485,0.47619047619047616,0.016,0.016,0.125,0.5681818181818182,0.4318181818181818,0.325,1.0,1.0,0.5916666666666667,0.4536842105263158,0.0
20260629_225103_bc53ce62,20260629_225103_bc53ce62_g0009,9,1849325293,4,40,40,40,1,3,YELLOW,pool_peer_500ms,2,3.0,[3],1,94,1,"{""1"": 74, ""2"": 81, ""3"": 94, ""4"": 89}",False,27.0,-30.0,0.0,25.0,15.0,0.0375,238.0,85.375,238.75,23.0,24.0,48.0,112.5,31.25,187.0,265.75,10.0,11.0,39.0,1.0,1.0,2.0,5.0,2.0,0.0,0.0,0.0,40.0,40.0,0.485,0.47619047619047616,0.016,0.016,0.1225,0.5568181818181818,0.4431818181818182,0.675,1.0,1.0,0.475,0.6143931256713211,0.0
20260629_225103_bc53ce62,20260629_225103_bc53ce62_g0009,9,1849325293,4,40,40,40,1,4,GREEN,champ_v3,3,3.0,[3],0,89,2,"{""1"": 74, ""2"": 81, ""3"": 94, ""4"": 89}",False,24.0,-36.0,0.0,25.0,15.0,0.0375,134.0,51.75,138.75,20.0,0.0,33.75,70.0,15.0,291.0,162.75,10.0,11.0,42.0,1.0,0.0,2.0,5.0,3.0,0.0,0.0,0.0,40.0,40.0,0.485,0.47619047619047616,0.016,0.016,0.115,0.5227272727272727,0.4772727272727273,0.6,1.0,1.0,0.5,0.5514874141876429,0.0
20260629_225103_bc53ce62,20260629_225103_bc53ce62_g0009,9,1849325293,5,48,48,48,1,1,RED,pool_heuristic,0,3.0,[3],0,74,4,"{""1"": 74, ""2"": 81, ""3"": 94, ""4"": 89}",False,18.0,-47.0,3.0,33.0,26.0,0.065,9.0,9.0,9.0,9.0,0.0,0.0,0.0,0.0,208.0,27.0,12.0,9.0,32.0,1.0,1.0,1.0,4.0,2.0,0.0,1.0,0.0,48.0,48.0,0.565,0.5714285714285714,0.0192,0.0192,0.14,0.6363636363636364,0.36363636363636365,0.45,0.95,1.0,0.5416666666666667,0.46334586466165417,0.0
20260629_225103_bc53ce62,20260629_225103_bc53ce62_g0009,9,1849325293,5,48,48,48,1,2,BLUE,pool_l45_100ms,1,3.0,[3],0,81,3,"{""1"": 74, ""2"": 81, ""3"": 94, ""4"": 89}",False,11.0,-61.0,1.0,22.0,26.0,0.065,11.0,8.625,10.5,7.0,3.0,0.0,0.5,0.0,206.0,21.5,12.0,9.0,31.0,1.0,1.0,1.0,5.0,1.0,0.0,0.0,0.0,48.0,48.0,0.565,0.5714285714285714,0.0192,0.0192,0.1425,0.6477272727272727,0.3522727272727273,0.275,1.0,1.0,0.6,0.4478301015697138,0.0
20260629_225103_bc53ce62,20260629_225103_bc53ce62_g0009,9,1849325293,5,48,48,48,1,3,YELLOW,pool_peer_500ms,2,3.0,[3],1,94,1,"{""1"": 74, ""2"": 81, ""3"": 94, ""4"": 89}",False,29.0,-25.0,0.0,30.0,26.0,0.065,141.0,68.5,163.0,25.0,24.0,40.5,66.0,7.5,76.0,192.0,12.0,9.0,30.0,1.0,1.0,2.0,4.0,1.0,0.0,0.0,0.0,48.0,48.0,0.565,0.5714285714285714,0.0192,0.0192,0.145,0.6590909090909091,0.3409090909090909,0.725,1.0,1.0,0.45,0.5780399274047187,0.0
20260629_225103_bc53ce62,20260629_225103_bc53ce62_g0009,9,1849325293,5,48,48,48,1,4,GREEN,champ_v3,3,3.0,[3],0,89,2,"{""1"": 74, ""2"": 81, ""3"": 94, ""4"": 89}",False,25.0,-33.0,0.0,40.0,26.0,0.065,56.0,28.625,57.0,18.0,0.0,14.25,18.5,6.25,161.0,82.0,12.0,9.0,33.0,1.0,0.0,2.0,4.0,2.0,0.0,0.0,0.0,48.0,48.0,0.565,0.5714285714285714,0.0192,0.0192,0.1375,0.625,0.375,0.625,0.9666666666666667,1.0,0.4833333333333333,0.5607655502392344,0.0
20260629_225103_bc53ce62,20260629_225103_bc53ce62_g0009,9,1849325293,6,56,56,56,1,1,RED,pool_heuristic,0,3.0,[3],0,74,4,"{""1"": 74, ""2"": 81, ""3"": 94, ""4"": 89}",False,19.0,-45.0,3.0,46.0,28.0,0.07,5.0,1.25,4.75,0.0,0.0,1.5,2.0,1.25,96.0,23.75,14.0,7.0,29.0,0.0,0.0,1.0,4.0,2.0,0.0,1.0,0.0,56.0,56.0,0.6375,0.6666666666666666,0.0224,0.0224,0.1475,0.6704545454545454,0.32954545454545453,0.475,0.95,1.0,0.5333333333333333,0.4540588760035682,0.0
20260629_225103_bc53ce62,20260629_225103_bc53ce62_g0009,9,1849325293,6,56,56,56,1,2,BLUE,pool_l45_100ms,1,3.0,[3],0,81,3,"{""1"": 74, ""2"": 81, ""3"": 94, ""4"": 89}",False,13.0,-57.0,1.0,29.0,28.0,0.07,11.0,8.75,11.0,7.0,3.0,0.0,1.0,0.0,90.0,24.0,14.0,7.0,23.0,1.0,1.0,1.0,3.0,1.0,0.0,0.0,0.0,56.0,56.0,0.6375,0.6666666666666666,0.0224,0.0224,0.1625,0.7386363636363636,0.26136363636363635,0.325,1.0,1.0,0.5833333333333333,0.4218623481781376,0.0
20260629_225103_bc53ce62,20260629_225103_bc53ce62_g0009,9,1849325293,6,56,56,56,1,3,YELLOW,pool_peer_500ms,2,3.0,[3],1,94,1,"{""1"": 74, ""2"": 81, ""3"": 94, ""4"": 89}",False,29.0,-25.0,0.0,35.0,28.0,0.07,53.0,37.5,53.0,26.0,15.0,12.0,0.0,0.0,48.0,82.0,14.0,7.0,22.0,1.0,1.0,2.0,2.0,1.0,0.0,0.0,0.0,56.0,56.0,0.6375,0.6666666666666666,0.0224,0.0224,0.165,0.75,0.25,0.725,0.95,1.0,0.45,0.5685805422647527,0.0
20260629_225103_bc53ce62,20260629_225103_bc53ce62_g0009,9,1849325293,6,56,56,56,1,4,GREEN,champ_v3,3,3.0,[3],0,89,2,"{""1"": 74, ""2"": 81, ""3"": 94, ""4"": 89}",False,22.0,-39.0,0.0,56.0,28.0,0.07,32.0,21.375,34.25,16.0,0.0,9.75,8.5,0.0,69.0,56.25,14.0,7.0,23.0,1.0,0.0,2.0,4.0,0.0,0.0,0.0,0.0,56.0,56.0,0.6375,0.6666666666666666,0.0224,0.0224,0.1625,0.7386363636363636,0.26136363636363635,0.55,0.6333333333333333,0.8,0.5083333333333333,0.5417004048582996,0.0
20260629_225103_bc53ce62,20260629_225103_bc53ce62_g0009,9,1849325293,7,64,64,64,1,1,RED,pool_heuristic,0,3.0,[3],0,74,4,"{""1"": 74, ""2"": 81, ""3"": 94, ""4"": 89}",False,19.0,-41.0,3.0,62.0,31.0,0.0775,0.0,0.0,0.0,0.0,0.0,0.0,0.0,0.0,16.0,19.0,16.0,5.0,19.0,0.0,0.0,1.0,4.0,0.0,0.0,0.0,0.0,64.0,64.0,0.6975,0.7619047619047619,0.0256,0.0256,0.1725,0.7840909090909091,0.2159090909090909,0.475,0.5333333333333333,0.8,0.5,0.42257818459191454,0.0
20260629_225103_bc53ce62,20260629_225103_bc53ce62_g0009,9,1849325293,7,64,64,64,1,2,BLUE,pool_l45_100ms,1,3.0,[3],0,81,3,"{""1"": 74, ""2"": 81, ""3"": 94, ""4"": 89}",False,12.0,-55.0,1.0,33.0,31.0,0.0775,2.0,1.0,2.0,0.0,2.0,0.0,0.0,0.0,14.0,14.0,16.0,5.0,18.0,0.0,1.0,1.0,2.0,1.0,0.0,0.0,0.0,64.0,64.0,0.6975,0.7619047619047619,0.0256,0.0256,0.175,0.7954545454545454,0.20454545454545456,0.3,0.9,1.0,0.5583333333333333,0.40526315789473677,0.0
20260629_225103_bc53ce62,20260629_225103_bc53ce62_g0009,9,1849325293,7,64,64,64,1,3,YELLOW,pool_peer_500ms,2,3.0,[3],1,94,1,"{""1"": 74, ""2"": 81, ""3"": 94, ""4"": 89}",False,27.0,-25.0,0.0,44.0,31.0,0.0775,14.0,5.75,12.75,0.0,9.0,3.75,0.0,0.0,2.0,39.75,16.0,5.0,18.0,0.0,1.0,1.0,2.0,1.0,0.0,0.0,0.0,64.0,64.0,0.6975,0.7619047619047619,0.0256,0.0256,0.175,0.7954545454545454,0.20454545454545456,0.675,0.7,1.0,0.4333333333333333,0.5684210526315789,0.0
20260629_225103_bc53ce62,20260629_225103_bc53ce62_g0009,9,1849325293,7,64,64,64,1,4,GREEN,champ_v3,3,3.0,[3],0,89,2,"{""1"": 74, ""2"": 81, ""3"": 94, ""4"": 89}",False,21.0,-37.0,0.0,63.0,31.0,0.0775,0.0,0.0,0.0,0.0,0.0,0.0,0.0,0.0,16.0,21.0,16.0,5.0,18.0,0.0,0.0,2.0,3.0,0.0,0.0,0.0,0.0,64.0,64.0,0.6975,0.7619047619047619,0.0256,0.0256,0.175,0.7954545454545454,0.20454545454545456,0.525,0.36666666666666664,0.8,0.4833333333333333,0.5541353383458647,0.0
20260629_225103_bc53ce62,20260629_225103_bc53ce62_g0010,10,1523715638,0,8,8,8,1,1,RED,pool_l45_100ms,0,2.0,[2],0,87,3,"{""1"": 87, ""2"": 100, ""3"": 91, ""4"": 82}",False,6.0,-18.0,9.0,0.0,1.0,0.0025,388.0,90.5,366.25,6.0,10.0,28.5,113.0,208.75,1407.0,372.25,2.0,19.0,78.0,1.0,1.0,2.0,6.0,9.0,1.0,1.0,0.0,8.0,8.0,0.1,0.09523809523809523,0.0032,0.0032,0.025,0.11363636363636363,0.8863636363636364,0.15,1.0,1.0,0.2,0.20526315789473681,0.0
20260629_225103_bc53ce62,20260629_225103_bc53ce62_g0010,10,1523715638,0,8,8,8,1,2,BLUE,pool_peer_500ms,1,2.0,[2],1,100,1,"{""1"": 87, ""2"": 100, ""3"": 91, ""4"": 82}",False,9.0,-12.0,9.0,0.0,1.0,0.0025,543.0,122.625,488.75,9.0,15.0,41.25,153.5,270.0,1252.0,497.75,2.0,19.0,78.0,1.0,1.0,2.0,6.0,9.0,1.0,0.0,0.0,8.0,8.0,0.1,0.09523809523809523,0.0032,0.0032,0.025,0.11363636363636363,0.8863636363636364,0.225,1.0,1.0,0.175,0.23684210526315785,0.0
20260629_225103_bc53ce62,20260629_225103_bc53ce62_g0010,10,1523715638,0,8,8,8,1,3,YELLOW,champ_v3,2,2.0,[2],0,91,2,"{""1"": 87, ""2"": 100, ""3"": 91, ""4"": 82}",False,9.0,-12.0,9.0,0.0,1.0,0.0025,543.0,122.625,488.75,9.0,15.0,41.25,153.5,270.0,1252.0,497.75,2.0,19.0,78.0,1.0,1.0,2.0,6.0,9.0,1.0,0.0,0.0,8.0,8.0,0.1,0.09523809523809523,0.0032,0.0032,0.025,0.11363636363636363,0.8863636363636364,0.225,1.0,1.0,0.175,0.23684210526315785,0.0
20260629_225103_bc53ce62,20260629_225103_bc53ce62_g0010,10,1523715638,0,8,8,8,1,4,GREEN,pool_heuristic,3,2.0,[2],0,82,4,"{""1"": 87, ""2"": 100, ""3"": 91, ""4"": 82}",False,6.0,-18.0,9.0,0.0,1.0,0.0025,321.0,83.375,333.375,6.0,10.0,27.75,104.0,185.625,1474.0,339.375,2.0,19.0,78.0,1.0,1.0,2.0,6.0,9.0,1.0,1.0,1.0,8.0,8.0,0.1,0.09523809523809523,0.0032,0.0032,0.025,0.11363636363636363,0.8863636363636364,0.15,1.0,1.0,0.2,0.2315789473684211,0.0
20260629_225103_bc53ce62,20260629_225103_bc53ce62_g0010,10,1523715638,1,16,16,16,1,1,RED,pool_l45_100ms,0,2.0,[2],0,87,3,"{""1"": 87, ""2"": 100, ""3"": 91, ""4"": 82}",False,10.0,-33.0,7.0,0.0,1.0,0.0025,458.0,109.25,412.75,10.0,17.0,42.0,160.0,183.75,1837.0,422.75,4.0,17.0,68.0,1.0,1.0,2.0,6.0,7.0,1.0,0.0,0.0,16.0,16.0,0.2,0.19047619047619047,0.0064,0.0064,0.05,0.22727272727272727,0.7727272727272727,0.25,1.0,1.0,0.35833333333333334,0.3236842105263158,0.0
20260629_225103_bc53ce62,20260629_225103_bc53ce62_g0010,10,1523715638,1,16,16,16,1,2,BLUE,pool_peer_500ms,1,2.0,[2],1,100,1,"{""1"": 87, ""2"": 100, ""3"": 91, ""4"": 82}",False,16.0,-21.0,0.0,2.0,1.0,0.0025,713.0,178.375,692.5,14.0,24.0,67.5,249.5,337.5,1582.0,708.5,4.0,17.0,68.0,1.0,1.0,2.0,6.0,7.0,1.0,0.0,0.0,16.0,16.0,0.2,0.19047619047619047,0.0064,0.0064,0.05,0.22727272727272727,0.7727272727272727,0.4,1.0,1.0,0.30833333333333335,0.49473684210526314,0.0
20260629_225103_bc53ce62,20260629_225103_bc53ce62_g0010,10,1523715638,1,16,16,16,1,3,YELLOW,champ_v3,2,2.0,[2],0,91,2,"{""1"": 87, ""2"": 100, ""3"": 91, ""4"": 82}",False,15.0,-23.0,1.0,2.0,1.0,0.0025,667.0,169.375,648.375,15.0,24.0,66.0,234.0,309.375,1628.0,663.375,4.0,17.0,68.0,1.0,1.0,2.0,6.0,7.0,1.0,0.0,0.0,16.0,16.0,0.2,0.19047619047619047,0.0064,0.0064,0.05,0.22727272727272727,0.7727272727272727,0.375,1.0,1.0,0.31666666666666665,0.4894736842105264,0.0
20260629_225103_bc53ce62,20260629_225103_bc53ce62_g0010,10,1523715638,1,16,16,16,1,4,GREEN,pool_heuristic,3,2.0,[2],0,82,4,"{""1"": 87, ""2"": 100, ""3"": 91, ""4"": 82}",False,12.0,-29.0,2.0,0.0,1.0,0.0025,457.0,135.125,517.0,12.0,19.0,51.75,190.5,243.75,1838.0,529.0,4.0,17.0,68.0,1.0,1.0,2.0,6.0,7.0,1.0,1.0,1.0,16.0,16.0,0.2,0.19047619047619047,0.0064,0.0064,0.05,0.22727272727272727,0.7727272727272727,0.3,1.0,1.0,0.3416666666666667,0.4842105263157894,0.0
20260629_225103_bc53ce62,20260629_225103_bc53ce62_g0010,10,1523715638,2,24,24,24,1,1,RED,pool_l45_100ms,0,2.0,[2],0,87,3,"{""1"": 87, ""2"": 100, ""3"": 91, ""4"": 82}",False,14.0,-43.0,4.0,2.0,2.0,0.005,357.0,93.625,318.875,14.0,20.0,42.75,139.0,103.125,1319.0,332.875,6.0,15.0,58.0,1.0,1.0,2.0,6.0,5.0,0.0,0.0,0.0,24.0,24.0,0.2975,0.2857142857142857,0.0096,0.0096,0.075,0.3409090909090909,0.6590909090909091,0.35,1.0,1.0,0.475,0.4035087719298245,0.0
20260629_225103_bc53ce62,20260629_225103_bc53ce62_g0010,10,1523715638,2,24,24,24,1,2,BLUE,pool_peer_500ms,1,2.0,[2],1,100,1,"{""1"": 87, ""2"": 100, ""3"": 91, ""4"": 82}",False,21.0,-29.0,0.0,12.0,2.0,0.005,548.0,148.625,551.625,16.0,24.0,65.25,192.0,254.375,1128.0,572.625,6.0,15.0,59.0,1.0,1.0,2.0,5.0,6.0,1.0,0.0,0.0,24.0,24.0,0.2975,0.2857142857142857,0.0096,0.0096,0.0725,0.32954545454545453,0.6704545454545454,0.525,1.0,1.0,0.4166666666666667,0.5952813067150635,0.0
20260629_225103_bc53ce62,20260629_225103_bc53ce62_g0010,10,1523715638,2,24,24,24,1,3,YELLOW,champ_v3,2,2.0,[2],0,91,2,"{""1"": 87, ""2"": 100, ""3"": 91, ""4"": 82}",False,20.0,-31.0,1.0,11.0,2.0,0.005,606.0,164.5,602.875,17.0,26.0,72.0,258.5,229.375,1070.0,622.875,6.0,15.0,58.0,1.0,1.0,2.0,6.0,5.0,1.0,0.0,0.0,24.0,24.0,0.2975,0.2857142857142857,0.0096,0.0096,0.075,0.3409090909090909,0.6590909090909091,0.5,1.0,1.0,0.425,0.5842105263157895,0.0
20260629_225103_bc53ce62,20260629_225103_bc53ce62_g0010,10,1523715638,2,24,24,24,1,4,GREEN,pool_heuristic,3,2.0,[2],0,82,4,"{""1"": 87, ""2"": 100, ""3"": 91, ""4"": 82}",False,16.0,-39.0,2.0,4.0,2.0,0.005,165.0,59.875,177.5,15.0,17.0,27.75,71.5,46.25,1511.0,193.5,6.0,15.0,58.0,1.0,1.0,2.0,6.0,5.0,1.0,1.0,1.0,24.0,24.0,0.2975,0.2857142857142857,0.0096,0.0096,0.075,0.3409090909090909,0.6590909090909091,0.4,1.0,1.0,0.4583333333333333,0.4859649122807017,0.0
20260629_225103_bc53ce62,20260629_225103_bc53ce62_g0010,10,1523715638,3,32,32,32,1,1,RED,pool_l45_100ms,0,2.0,[2],0,87,3,"{""1"": 87, ""2"": 100, ""3"": 91, ""4"": 82}",False,13.0,-51.0,4.0,11.0,7.0,0.0175,79.0,30.375,77.5,10.0,10.0,15.75,35.5,6.25,831.0,90.5,8.0,13.0,48.0,1.0,1.0,2.0,6.0,3.0,0.0,0.0,0.0,32.0,32.0,0.3925,0.38095238095238093,0.0128,0.0128,0.1,0.45454545454545453,0.5454545454545454,0.325,1.0,1.0,0.5333333333333333,0.4407894736842105,0.0
20260629_225103_bc53ce62,20260629_225103_bc53ce62_g0010,10,1523715638,3,32,32,32,1,2,BLUE,pool_peer_500ms,1,2.0,[2],1,100,1,"{""1"": 87, ""2"": 100, ""3"": 91, ""4"": 82}",False,23.0,-31.0,0.0,18.0,7.0,0.0175,316.0,95.25,302.75,19.0,21.0,52.5,124.0,86.25,594.0,325.75,8.0,13.0,49.0,1.0,1.0,2.0,5.0,4.0,0.0,0.0,0.0,32.0,32.0,0.3925,0.38095238095238093,0.0128,0.0128,0.0975,0.4431818181818182,0.5568181818181818,0.575,1.0,1.0,0.45,0.611336032388664,0.0
20260629_225103_bc53ce62,20260629_225103_bc53ce62_g0010,10,1523715638,3,32,32,32,1,3,YELLOW,champ_v3,2,2.0,[2],0,91,2,"{""1"": 87, ""2"": 100, ""3"": 91, ""4"": 82}",False,22.0,-33.0,1.0,18.0,7.0,0.0175,384.0,108.875,379.75,16.0,22.0,55.5,122.5,163.75,526.0,401.75,8.0,13.0,50.0,1.0,1.0,2.0,4.0,5.0,1.0,0.0,0.0,32.0,32.0,0.3925,0.38095238095238093,0.0128,0.0128,0.095,0.4318181818181818,0.5681818181818182,0.55,1.0,1.0,0.4583333333333333,0.5914127423822715,0.0
20260629_225103_bc53ce62,20260629_225103_bc53ce62_g0010,10,1523715638,3,32,32,32,1,4,GREEN,pool_heuristic,3,2.0,[2],0,82,4,"{""1"": 87, ""2"": 100, ""3"": 91, ""4"": 82}",False,19.0,-39.0,2.0,12.0,7.0,0.0175,131.0,53.5,142.125,18.0,15.0,24.75,57.5,26.875,779.0,161.125,8.0,13.0,48.0,1.0,1.0,2.0,6.0,3.0,1.0,0.0,1.0,32.0,32.0,0.3925,0.38095238095238093,0.0128,0.0128,0.1,0.45454545454545453,0.5454545454545454,0.475,1.0,1.0,0.4833333333333333,0.5118421052631579,0.0
20260629_225103_bc53ce62,20260629_225103_bc53ce62_g0010,10,1523715638,4,40,40,40,1,1,RED,pool_l45_100ms,0,2.0,[2],0,87,3,"{""1"": 87, ""2"": 100, ""3"": 91, ""4"": 82}",False,19.0,-55.0,4.0,23.0,14.0,0.035,113.0,48.625,124.25,15.0,18.0,24.75,61.5,5.0,395.0,143.25,10.0,11.0,38.0,1.0,1.0,2.0,6.0,1.0,0.0,0.0,0.0,40.0,40.0,0.49,0.47619047619047616,0.016,0.016,0.125,0.5681818181818182,0.4318181818181818,0.475,1.0,1.0,0.6166666666666667,0.4536842105263158,0.0
20260629_225103_bc53ce62,20260629_225103_bc53ce62_g0010,10,1523715638,4,40,40,40,1,2,BLUE,pool_peer_500ms,1,2.0,[2],1,100,1,"{""1"": 87, ""2"": 100, ""3"": 91, ""4"": 82}",False,26.0,-41.0,0.0,28.0,14.0,0.035,155.0,56.375,154.875,18.0,14.0,31.5,52.0,39.375,353.0,180.875,10.0,11.0,40.0,1.0,1.0,2.0,4.0,3.0,0.0,0.0,0.0,40.0,40.0,0.49,0.47619047619047616,0.016,0.016,0.12,0.5454545454545454,0.45454545454545453,0.65,1.0,1.0,0.5583333333333333,0.5942982456140351,0.0
20260629_225103_bc53ce62,20260629_225103_bc53ce62_g0010,10,1523715638,4,40,40,40,1,3,YELLOW,champ_v3,2,2.0,[2],0,91,2,"{""1"": 87, ""2"": 100, ""3"": 91, ""4"": 82}",False,25.0,-43.0,1.0,28.0,14.0,0.035,157.0,55.5,159.875,15.0,15.0,30.75,58.5,40.625,351.0,184.875,10.0,11.0,40.0,1.0,1.0,2.0,4.0,3.0,1.0,0.0,0.0,40.0,40.0,0.49,0.47619047619047616,0.016,0.016,0.12,0.5454545454545454,0.45454545454545453,0.625,1.0,1.0,0.5666666666666667,0.5800438596491229,0.0
20260629_225103_bc53ce62,20260629_225103_bc53ce62_g0010,10,1523715638,4,40,40,40,1,4,GREEN,pool_heuristic,3,2.0,[2],0,82,4,"{""1"": 87, ""2"": 100, ""3"": 91, ""4"": 82}",False,23.0,-47.0,2.0,27.0,14.0,0.035,83.0,42.25,88.0,20.0,16.0,17.25,31.0,3.75,425.0,111.0,10.0,11.0,38.0,1.0,1.0,2.0,6.0,1.0,1.0,0.0,0.0,40.0,40.0,0.49,0.47619047619047616,0.016,0.016,0.125,0.5681818181818182,0.4318181818181818,0.575,1.0,1.0,0.5833333333333333,0.48842105263157887,0.0
20260629_225103_bc53ce62,20260629_225103_bc53ce62_g0010,10,1523715638,5,48,48,48,1,1,RED,pool_l45_100ms,0,2.0,[2],0,87,3,"{""1"": 87, ""2"": 100, ""3"": 91, ""4"": 82}",False,19.0,-57.0,4.0,37.0,16.0,0.04,44.0,25.75,47.5,14.0,10.0,10.5,13.0,0.0,266.0,66.5,12.0,9.0,29.0,1.0,1.0,2.0,5.0,0.0,0.0,0.0,0.0,48.0,48.0,0.5775,0.5714285714285714,0.0192,0.0192,0.1475,0.6704545454545454,0.32954545454545453,0.475,1.0,0.8,0.6333333333333333,0.4727921498661909,0.0
20260629_225103_bc53ce62,20260629_225103_bc53ce62_g0010,10,1523715638,5,48,48,48,1,2,BLUE,pool_peer_500ms,1,2.0,[2],1,100,1,"{""1"": 87, ""2"": 100, ""3"": 91, ""4"": 82}",False,30.0,-35.0,0.0,40.0,16.0,0.04,122.0,47.875,112.0,20.0,14.0,27.75,31.5,18.75,188.0,142.0,12.0,9.0,31.0,1.0,1.0,2.0,3.0,2.0,0.0,0.0,0.0,48.0,48.0,0.5775,0.5714285714285714,0.0192,0.0192,0.1425,0.6477272727272727,0.3522727272727273,0.75,1.0,1.0,0.5416666666666667,0.5752539242843953,0.0
20260629_225103_bc53ce62,20260629_225103_bc53ce62_g0010,10,1523715638,5,48,48,48,1,3,YELLOW,champ_v3,2,2.0,[2],0,91,2,"{""1"": 87, ""2"": 100, ""3"": 91, ""4"": 82}",False,24.0,-47.0,1.0,39.0,16.0,0.04,85.0,37.5,93.0,14.0,11.0,21.0,32.0,15.0,225.0,117.0,12.0,9.0,31.0,1.0,1.0,2.0,3.0,2.0,1.0,0.0,0.0,48.0,48.0,0.5775,0.5714285714285714,0.0192,0.0192,0.1425,0.6477272727272727,0.3522727272727273,0.6,1.0,1.0,0.5916666666666667,0.5807940904893814,0.0
20260629_225103_bc53ce62,20260629_225103_bc53ce62_g0010,10,1523715638,5,48,48,48,1,4,GREEN,pool_heuristic,3,2.0,[2],0,82,4,"{""1"": 87, ""2"": 100, ""3"": 91, ""4"": 82}",False,22.0,-51.0,2.0,36.0,16.0,0.04,59.0,32.25,63.0,17.0,11.0,14.25,17.0,3.75,251.0,85.0,12.0,9.0,30.0,1.0,1.0,2.0,4.0,1.0,1.0,0.0,0.0,48.0,48.0,0.5775,0.5714285714285714,0.0192,0.0192,0.145,0.6590909090909091,0.3409090909090909,0.55,1.0,1.0,0.6083333333333333,0.4718693284936478,0.0
20260629_225103_bc53ce62,20260629_225103_bc53ce62_g0010,10,1523715638,6,56,56,56,1,1,RED,pool_l45_100ms,0,2.0,[2],0,87,3,"{""1"": 87, ""2"": 100, ""3"": 91, ""4"": 82}",False,18.0,-57.0,4.0,48.0,29.0,0.0725,20.0,15.25,21.75,11.0,5.0,3.75,2.0,0.0,93.0,39.75,14.0,7.0,21.0,1.0,1.0,2.0,3.0,0.0,0.0,0.0,0.0,56.0,56.0,0.6675,0.6666666666666666,0.0224,0.0224,0.1675,0.7613636363636364,0.23863636363636365,0.45,0.9333333333333333,0.8,0.625,0.4556166535742341,0.0
20260629_225103_bc53ce62,20260629_225103_bc53ce62_g0010,10,1523715638,6,56,56,56,1,2,BLUE,pool_peer_500ms,1,2.0,[2],1,100,1,"{""1"": 87, ""2"": 100, ""3"": 91, ""4"": 82}",False,29.0,-35.0,0.0,47.0,29.0,0.0725,38.0,24.375,34.75,18.0,6.0,8.25,2.5,0.0,75.0,63.75,14.0,7.0,22.0,1.0,1.0,2.0,2.0,1.0,0.0,0.0,0.0,56.0,56.0,0.6675,0.6666666666666666,0.0224,0.0224,0.165,0.75,0.25,0.725,1.0,1.0,0.5333333333333333,0.5446570972886762,0.0
20260629_225103_bc53ce62,20260629_225103_bc53ce62_g0010,10,1523715638,6,56,56,56,1,3,YELLOW,champ_v3,2,2.0,[2],0,91,2,"{""1"": 87, ""2"": 100, ""3"": 91, ""4"": 82}",False,23.0,-47.0,1.0,47.0,29.0,0.0725,22.0,15.5,26.25,10.0,4.0,5.25,7.0,0.0,91.0,49.25,14.0,7.0,21.0,1.0,1.0,2.0,3.0,0.0,0.0,0.0,0.0,56.0,56.0,0.6675,0.6666666666666666,0.0224,0.0224,0.1675,0.7613636363636364,0.23863636363636365,0.575,1.0,0.8,0.5833333333333333,0.5357423409269442,0.0
20260629_225103_bc53ce62,20260629_225103_bc53ce62_g0010,10,1523715638,6,56,56,56,1,4,GREEN,pool_heuristic,3,2.0,[2],0,82,4,"{""1"": 87, ""2"": 100, ""3"": 91, ""4"": 82}",False,23.0,-47.0,2.0,46.0,29.0,0.0725,33.0,23.25,35.5,16.0,7.0,7.5,5.0,0.0,80.0,58.5,14.0,7.0,21.0,1.0,1.0,2.0,3.0,0.0,0.0,0.0,0.0,56.0,56.0,0.6675,0.6666666666666666,0.0224,0.0224,0.1675,0.7613636363636364,0.23863636363636365,0.575,0.8166666666666667,0.8,0.5833333333333333,0.44147682639434405,0.0
20260629_225103_bc53ce62,20260629_225103_bc53ce62_g0010,10,1523715638,7,64,64,64,1,1,RED,pool_l45_100ms,0,2.0,[2],0,87,3,"{""1"": 87, ""2"": 100, ""3"": 91, ""4"": 82}",False,18.0,-50.0,2.0,58.0,39.0,0.0975,13.0,11.0,13.5,9.0,3.0,1.5,0.0,0.0,33.0,31.5,16.0,5.0,14.0,1.0,1.0,1.0,2.0,0.0,0.0,0.0,0.0,64.0,64.0,0.7325,0.7619047619047619,0.0256,0.0256,0.185,0.8409090909090909,0.1590909090909091,0.45,0.5833333333333334,0.8,0.5666666666666667,0.45803698435277385,0.0
20260629_225103_bc53ce62,20260629_225103_bc53ce62_g0010,10,1523715638,7,64,64,64,1,2,BLUE,pool_peer_500ms,1,2.0,[2],1,100,1,"{""1"": 87, ""2"": 100, ""3"": 91, ""4"": 82}",False,26.0,-34.0,0.0,54.0,39.0,0.0975,17.0,15.75,16.75,15.0,1.0,0.75,0.0,0.0,29.0,42.75,16.0,5.0,15.0,1.0,1.0,1.0,1.0,1.0,0.0,0.0,0.0,64.0,64.0,0.7325,0.7619047619047619,0.0256,0.0256,0.1825,0.8295454545454546,0.17045454545454544,0.65,0.4666666666666667,1.0,0.5,0.5299206921413122,0.0
20260629_225103_bc53ce62,20260629_225103_bc53ce62_g0010,10,1523715638,7,64,64,64,1,3,YELLOW,champ_v3,2,2.0,[2],0,91,2,"{""1"": 87, ""2"": 100, ""3"": 91, ""4"": 82}",False,21.0,-44.0,0.0,54.0,39.0,0.0975,2.0,1.0,2.0,0.0,2.0,0.0,0.0,0.0,44.0,23.0,16.0,5.0,16.0,0.0,1.0,2.0,2.0,0.0,0.0,0.0,0.0,64.0,64.0,0.7325,0.7619047619047619,0.0256,0.0256,0.18,0.8181818181818182,0.18181818181818182,0.525,0.5666666666666667,0.8,0.5416666666666667,0.5248538011695907,0.0
20260629_225103_bc53ce62,20260629_225103_bc53ce62_g0010,10,1523715638,7,64,64,64,1,4,GREEN,pool_heuristic,3,2.0,[2],0,82,4,"{""1"": 87, ""2"": 100, ""3"": 91, ""4"": 82}",False,21.0,-44.0,2.0,57.0,39.0,0.0975,14.0,13.0,14.0,12.0,2.0,0.0,0.0,0.0,32.0,35.0,16.0,5.0,14.0,1.0,1.0,1.0,2.0,0.0,0.0,0.0,0.0,64.0,64.0,0.7325,0.7619047619047619,0.0256,0.0256,0.185,0.8409090909090909,0.1590909090909091,0.525,0.48333333333333334,0.8,0.5416666666666667,0.4523470839260313,0.0
20260629_225103_bc53ce62,20260629_225103_bc53ce62_g0011,11,1577735113,0,8,8,8,1,1,RED,pool_peer_500ms,0,1.0,[1],1,92,1,"{""1"": 92, ""2"": 91, ""3"": 70, ""4"": 70}",False,9.0,-12.0,9.0,0.0,0.0,0.0,543.0,122.625,488.75,9.0,15.0,41.25,153.5,270.0,1328.0,497.75,2.0,19.0,78.0,1.0,1.0,2.0,6.0,9.0,1.0,0.0,0.0,8.0,8.0,0.1,0.09523809523809523,0.0032,0.0032,0.025,0.11363636363636363,0.8863636363636364,0.225,1.0,1.0,0.175,0.23684210526315785,0.0
20260629_225103_bc53ce62,20260629_225103_bc53ce62_g0011,11,1577735113,0,8,8,8,1,2,BLUE,champ_v3,1,1.0,[1],0,91,2,"{""1"": 92, ""2"": 91, ""3"": 70, ""4"": 70}",False,9.0,-12.0,9.0,0.0,0.0,0.0,543.0,122.625,488.75,9.0,15.0,41.25,153.5,270.0,1328.0,497.75,2.0,19.0,78.0,1.0,1.0,2.0,6.0,9.0,1.0,0.0,0.0,8.0,8.0,0.1,0.09523809523809523,0.0032,0.0032,0.025,0.11363636363636363,0.8863636363636364,0.225,1.0,1.0,0.175,0.23684210526315785,0.0
20260629_225103_bc53ce62,20260629_225103_bc53ce62_g0011,11,1577735113,0,8,8,8,1,3,YELLOW,pool_heuristic,2,1.0,[1],0,70,3,"{""1"": 92, ""2"": 91, ""3"": 70, ""4"": 70}",False,5.0,-20.0,9.0,0.0,0.0,0.0,341.0,85.5,349.75,5.0,9.0,26.25,107.0,202.5,1530.0,354.75,2.0,19.0,78.0,1.0,1.0,2.0,6.0,9.0,1.0,1.0,1.0,8.0,8.0,0.1,0.09523809523809523,0.0032,0.0032,0.025,0.11363636363636363,0.8863636363636364,0.125,1.0,1.0,0.20833333333333334,0.25263157894736843,0.0
20260629_225103_bc53ce62,20260629_225103_bc53ce62_g0011,11,1577735113,0,8,8,8,1,4,GREEN,pool_l45_100ms,3,1.0,[1],0,70,3,"{""1"": 92, ""2"": 91, ""3"": 70, ""4"": 70}",False,7.0,-16.0,9.0,0.0,0.0,0.0,444.0,103.25,415.125,7.0,12.0,33.75,130.5,231.875,1427.0,422.125,2.0,19.0,78.0,1.0,1.0,2.0,6.0,9.0,1.0,1.0,0.0,8.0,8.0,0.1,0.09523809523809523,0.0032,0.0032,0.025,0.11363636363636363,0.8863636363636364,0.175,1.0,1.0,0.19166666666666668,0.20526315789473681,0.0
20260629_225103_bc53ce62,20260629_225103_bc53ce62_g0011,11,1577735113,1,16,16,16,1,1,RED,pool_peer_500ms,0,1.0,[1],1,92,1,"{""1"": 92, ""2"": 91, ""3"": 70, ""4"": 70}",False,16.0,-20.0,0.0,1.0,5.0,0.0125,694.0,174.375,674.625,14.0,24.0,66.75,243.0,326.875,1740.0,690.625,4.0,17.0,68.0,1.0,1.0,2.0,6.0,7.0,1.0,0.0,0.0,16.0,16.0,0.2,0.19047619047619047,0.0064,0.0064,0.05,0.22727272727272727,0.7727272727272727,0.4,1.0,1.0,0.3,0.49473684210526314,0.0
20260629_225103_bc53ce62,20260629_225103_bc53ce62_g0011,11,1577735113,1,16,16,16,1,2,BLUE,champ_v3,1,1.0,[1],0,91,2,"{""1"": 92, ""2"": 91, ""3"": 70, ""4"": 70}",False,14.0,-24.0,1.0,2.0,5.0,0.0125,632.0,152.5,584.375,13.0,22.0,60.0,212.5,276.875,1802.0,598.375,4.0,17.0,68.0,1.0,1.0,2.0,6.0,7.0,0.0,0.0,0.0,16.0,16.0,0.2,0.19047619047619047,0.0064,0.0064,0.05,0.22727272727272727,0.7727272727272727,0.35,1.0,1.0,0.31666666666666665,0.48684210526315785,0.0
20260629_225103_bc53ce62,20260629_225103_bc53ce62_g0011,11,1577735113,1,16,16,16,1,3,YELLOW,pool_heuristic,2,1.0,[1],0,70,3,"{""1"": 92, ""2"": 91, ""3"": 70, ""4"": 70}",False,12.0,-28.0,1.0,1.0,5.0,0.0125,584.0,159.375,629.375,11.0,20.0,56.25,224.0,318.125,1850.0,641.375,4.0,17.0,68.0,1.0,1.0,2.0,6.0,7.0,1.0,1.0,1.0,16.0,16.0,0.2,0.19047619047619047,0.0064,0.0064,0.05,0.22727272727272727,0.7727272727272727,0.3,1.0,1.0,0.33333333333333337,0.5078947368421053,0.0
20260629_225103_bc53ce62,20260629_225103_bc53ce62_g0011,11,1577735113,1,16,16,16,1,4,GREEN,pool_l45_100ms,3,1.0,[1],0,70,3,"{""1"": 92, ""2"": 91, ""3"": 70, ""4"": 70}",False,10.0,-32.0,7.0,0.0,5.0,0.0125,524.0,121.375,468.125,10.0,17.0,45.0,173.0,223.125,1910.0,478.125,4.0,17.0,68.0,1.0,1.0,2.0,6.0,7.0,1.0,0.0,0.0,16.0,16.0,0.2,0.19047619047619047,0.0064,0.0064,0.05,0.22727272727272727,0.7727272727272727,0.25,1.0,1.0,0.35,0.3131578947368421,0.0
20260629_225103_bc53ce62,20260629_225103_bc53ce62_g0011,11,1577735113,2,24,24,24,1,1,RED,pool_peer_500ms,0,1.0,[1],1,92,1,"{""1"": 92, ""2"": 91, ""3"": 70, ""4"": 70}",False,20.0,-28.0,0.0,5.0,11.0,0.0275,589.0,152.5,544.25,19.0,25.0,68.25,237.0,195.0,897.0,564.25,6.0,15.0,58.0,1.0,1.0,2.0,6.0,5.0,0.0,0.0,0.0,24.0,24.0,0.2975,0.2857142857142857,0.0096,0.0096,0.075,0.3409090909090909,0.6590909090909091,0.5,1.0,1.0,0.4,0.5929824561403509,0.0
20260629_225103_bc53ce62,20260629_225103_bc53ce62_g0011,11,1577735113,2,24,24,24,1,2,BLUE,champ_v3,1,1.0,[1],0,91,2,"{""1"": 92, ""2"": 91, ""3"": 70, ""4"": 70}",False,17.0,-34.0,1.0,9.0,11.0,0.0275,491.0,128.125,466.375,14.0,24.0,60.0,169.0,199.375,995.0,483.375,6.0,15.0,59.0,1.0,1.0,2.0,5.0,6.0,0.0,0.0,0.0,24.0,24.0,0.2975,0.2857142857142857,0.0096,0.0096,0.0725,0.32954545454545453,0.6704545454545454,0.425,1.0,1.0,0.425,0.5208711433756805,0.0
20260629_225103_bc53ce62,20260629_225103_bc53ce62_g0011,11,1577735113,2,24,24,24,1,3,YELLOW,pool_heuristic,2,1.0,[1],0,70,3,"{""1"": 92, ""2"": 91, ""3"": 70, ""4"": 70}",False,17.0,-34.0,1.0,6.0,11.0,0.0275,78.0,29.75,81.875,10.0,8.0,12.0,27.5,24.375,1408.0,98.875,6.0,15.0,58.0,1.0,1.0,2.0,6.0,5.0,1.0,1.0,0.0,24.0,24.0,0.2975,0.2857142857142857,0.0096,0.0096,0.075,0.3409090909090909,0.6590909090909091,0.425,1.0,1.0,0.425,0.512280701754386,0.0
20260629_225103_bc53ce62,20260629_225103_bc53ce62_g0011,11,1577735113,2,24,24,24,1,4,GREEN,pool_l45_100ms,3,1.0,[1],0,70,3,"{""1"": 92, ""2"": 91, ""3"": 70, ""4"": 70}",False,14.0,-40.0,4.0,0.0,11.0,0.0275,328.0,87.25,288.125,14.0,20.0,44.25,130.5,79.375,1158.0,302.125,6.0,15.0,58.0,1.0,1.0,2.0,6.0,5.0,0.0,0.0,0.0,24.0,24.0,0.2975,0.2857142857142857,0.0096,0.0096,0.075,0.3409090909090909,0.6590909090909091,0.35,1.0,1.0,0.45,0.43333333333333324,0.0
20260629_225103_bc53ce62,20260629_225103_bc53ce62_g0011,11,1577735113,3,32,32,32,1,1,RED,pool_peer_500ms,0,1.0,[1],1,92,1,"{""1"": 92, ""2"": 91, ""3"": 70, ""4"": 70}",False,25.0,-32.0,0.0,14.0,17.0,0.0425,371.0,111.625,366.0,20.0,24.0,57.75,150.5,113.75,494.0,391.0,8.0,13.0,49.0,1.0,1.0,2.0,5.0,4.0,0.0,0.0,0.0,32.0,32.0,0.3925,0.38095238095238093,0.0128,0.0128,0.0975,0.4431818181818182,0.5568181818181818,0.625,1.0,1.0,0.475,0.5951417004048583,0.0
20260629_225103_bc53ce62,20260629_225103_bc53ce62_g0011,11,1577735113,3,32,32,32,1,2,BLUE,champ_v3,1,1.0,[1],0,91,2,"{""1"": 92, ""2"": 91, ""3"": 70, ""4"": 70}",False,21.0,-40.0,1.0,14.0,17.0,0.0425,306.0,96.625,321.625,17.0,22.0,51.75,104.0,126.875,559.0,342.625,8.0,13.0,50.0,1.0,1.0,2.0,4.0,5.0,0.0,0.0,0.0,32.0,32.0,0.3925,0.38095238095238093,0.0128,0.0128,0.095,0.4318181818181818,0.5681818181818182,0.525,1.0,1.0,0.5083333333333333,0.5346260387811634,0.0
20260629_225103_bc53ce62,20260629_225103_bc53ce62_g0011,11,1577735113,3,32,32,32,1,3,YELLOW,pool_heuristic,2,1.0,[1],0,70,3,"{""1"": 92, ""2"": 91, ""3"": 70, ""4"": 70}",False,21.0,-40.0,1.0,10.0,17.0,0.0425,38.0,22.0,36.75,14.0,8.0,5.25,7.0,2.5,827.0,57.75,8.0,13.0,48.0,1.0,1.0,2.0,6.0,3.0,1.0,1.0,0.0,32.0,32.0,0.3925,0.38095238095238093,0.0128,0.0128,0.1,0.45454545454545453,0.5454545454545454,0.525,1.0,1.0,0.5083333333333333,0.5,0.0
20260629_225103_bc53ce62,20260629_225103_bc53ce62_g0011,11,1577735113,3,32,32,32,1,4,GREEN,pool_l45_100ms,3,1.0,[1],0,70,3,"{""1"": 92, ""2"": 91, ""3"": 70, ""4"": 70}",False,15.0,-52.0,4.0,9.0,17.0,0.0425,150.0,50.125,138.125,14.0,15.0,27.0,64.0,18.125,715.0,153.125,8.0,13.0,48.0,1.0,1.0,2.0,6.0,3.0,0.0,0.0,0.0,32.0,32.0,0.3925,0.38095238095238093,0.0128,0.0128,0.1,0.45454545454545453,0.5454545454545454,0.375,1.0,1.0,0.5583333333333333,0.4486842105263158,0.0
20260629_225103_bc53ce62,20260629_225103_bc53ce62_g0011,11,1577735113,4,40,40,40,1,1,RED,pool_peer_500ms,0,1.0,[1],1,92,1,"{""1"": 92, ""2"": 91, ""3"": 70, ""4"": 70}",False,27.0,-32.0,0.0,25.0,17.0,0.0425,62.0,30.875,65.5,15.0,10.0,14.25,17.5,8.75,239.0,92.5,10.0,11.0,40.0,1.0,1.0,2.0,4.0,3.0,0.0,0.0,0.0,40.0,40.0,0.49,0.47619047619047616,0.016,0.016,0.12,0.5454545454545454,0.45454545454545453,0.675,1.0,1.0,0.4916666666666667,0.5789473684210527,0.0
20260629_225103_bc53ce62,20260629_225103_bc53ce62_g0011,11,1577735113,4,40,40,40,1,2,BLUE,champ_v3,1,1.0,[1],0,91,2,"{""1"": 92, ""2"": 91, ""3"": 70, ""4"": 70}",False,26.0,-34.0,1.0,17.0,17.0,0.0425,195.0,72.5,200.0,21.0,22.0,39.75,76.0,41.25,106.0,226.0,10.0,11.0,40.0,1.0,1.0,2.0,4.0,3.0,0.0,0.0,0.0,40.0,40.0,0.49,0.47619047619047616,0.016,0.016,0.12,0.5454545454545454,0.45454545454545453,0.65,1.0,1.0,0.5,0.5252192982456141,0.0
20260629_225103_bc53ce62,20260629_225103_bc53ce62_g0011,11,1577735113,4,40,40,40,1,3,YELLOW,pool_heuristic,2,1.0,[1],0,70,3,"{""1"": 92, ""2"": 91, ""3"": 70, ""4"": 70}",False,20.0,-46.0,1.0,11.0,17.0,0.0425,20.0,16.5,20.5,13.0,6.0,1.5,0.0,0.0,281.0,40.5,10.0,11.0,38.0,1.0,1.0,2.0,6.0,1.0,0.0,1.0,0.0,40.0,40.0,0.49,0.47619047619047616,0.016,0.016,0.125,0.5681818181818182,0.4318181818181818,0.5,1.0,1.0,0.55,0.44842105263157894,0.0
20260629_225103_bc53ce62,20260629_225103_bc53ce62_g0011,11,1577735113,4,40,40,40,1,4,GREEN,pool_l45_100ms,3,1.0,[1],0,70,3,"{""1"": 92, ""2"": 91, ""3"": 70, ""4"": 70}",False,13.0,-60.0,4.0,20.0,17.0,0.0425,24.0,15.0,22.5,10.0,6.0,4.5,2.0,0.0,277.0,35.5,10.0,11.0,38.0,1.0,1.0,2.0,6.0,1.0,0.0,0.0,0.0,40.0,40.0,0.49,0.47619047619047616,0.016,0.016,0.125,0.5681818181818182,0.4318181818181818,0.325,0.8666666666666667,1.0,0.6083333333333333,0.4326315789473685,0.0
20260629_225103_bc53ce62,20260629_225103_bc53ce62_g0011,11,1577735113,5,48,48,48,1,1,RED,pool_peer_500ms,0,1.0,[1],1,92,1,"{""1"": 92, ""2"": 91, ""3"": 70, ""4"": 70}",False,29.0,-27.0,0.0,35.0,27.0,0.0675,39.0,26.875,47.375,17.0,9.0,4.5,10.0,6.875,66.0,76.375,12.0,9.0,33.0,1.0,1.0,1.0,3.0,3.0,0.0,0.0,0.0,48.0,48.0,0.5675,0.5714285714285714,0.0192,0.0192,0.1375,0.625,0.375,0.725,1.0,1.0,0.4666666666666667,0.5904306220095694,0.0
20260629_225103_bc53ce62,20260629_225103_bc53ce62_g0011,11,1577735113,5,48,48,48,1,2,BLUE,champ_v3,1,1.0,[1],0,91,2,"{""1"": 92, ""2"": 91, ""3"": 70, ""4"": 70}",False,25.0,-35.0,1.0,26.0,27.0,0.0675,40.0,27.5,40.25,18.0,13.0,8.25,1.0,0.0,65.0,65.25,12.0,9.0,31.0,1.0,1.0,2.0,3.0,2.0,0.0,0.0,0.0,48.0,48.0,0.5675,0.5714285714285714,0.0192,0.0192,0.1425,0.6477272727272727,0.3522727272727273,0.625,1.0,1.0,0.5,0.5189289012003693,0.0
20260629_225103_bc53ce62,20260629_225103_bc53ce62_g0011,11,1577735113,5,48,48,48,1,3,YELLOW,pool_heuristic,2,1.0,[1],0,70,3,"{""1"": 92, ""2"": 91, ""3"": 70, ""4"": 70}",False,22.0,-41.0,1.0,18.0,27.0,0.0675,19.0,15.0,17.5,14.0,0.0,1.5,2.0,0.0,86.0,39.5,12.0,9.0,31.0,1.0,0.0,2.0,6.0,0.0,0.0,0.0,0.0,48.0,48.0,0.5675,0.5714285714285714,0.0192,0.0192,0.1425,0.6477272727272727,0.3522727272727273,0.55,1.0,0.8,0.525,0.44321329639889195,0.0
20260629_225103_bc53ce62,20260629_225103_bc53ce62_g0011,11,1577735113,5,48,48,48,1,4,GREEN,pool_l45_100ms,3,1.0,[1],0,70,3,"{""1"": 92, ""2"": 91, ""3"": 70, ""4"": 70}",False,9.0,-67.0,4.0,27.0,27.0,0.0675,7.0,6.5,7.0,6.0,1.0,0.0,0.0,0.0,98.0,16.0,12.0,9.0,30.0,1.0,1.0,2.0,4.0,1.0,0.0,0.0,0.0,48.0,48.0,0.5675,0.5714285714285714,0.0192,0.0192,0.145,0.6590909090909091,0.3409090909090909,0.225,0.55,1.0,0.6333333333333333,0.4301270417422868,0.0
20260629_225103_bc53ce62,20260629_225103_bc53ce62_g0011,11,1577735113,6,56,56,56,1,1,RED,pool_peer_500ms,0,1.0,[1],1,92,1,"{""1"": 92, ""2"": 91, ""3"": 70, ""4"": 70}",False,26.0,-30.0,0.0,41.0,38.0,0.095,25.0,19.0,27.25,14.0,7.0,0.0,5.0,1.25,25.0,53.25,14.0,7.0,25.0,1.0,1.0,0.0,3.0,2.0,0.0,0.0,0.0,56.0,56.0,0.6275,0.6666666666666666,0.0224,0.0224,0.1575,0.7159090909090909,0.2840909090909091,0.65,1.0,1.0,0.4666666666666667,0.543859649122807,0.0
20260629_225103_bc53ce62,20260629_225103_bc53ce62_g0011,11,1577735113,6,56,56,56,1,2,BLUE,champ_v3,1,1.0,[1],0,91,2,"{""1"": 92, ""2"": 91, ""3"": 70, ""4"": 70}",False,25.0,-32.0,1.0,37.0,38.0,0.095,23.0,18.5,26.5,14.0,5.0,3.0,2.0,2.5,27.0,51.5,14.0,7.0,24.0,1.0,1.0,1.0,2.0,2.0,0.0,0.0,0.0,56.0,56.0,0.6275,0.6666666666666666,0.0224,0.0224,0.16,0.7272727272727273,0.2727272727272727,0.625,1.0,1.0,0.475,0.5074013157894737,0.0
20260629_225103_bc53ce62,20260629_225103_bc53ce62_g0011,11,1577735113,6,56,56,56,1,3,YELLOW,pool_heuristic,2,1.0,[1],0,70,3,"{""1"": 92, ""2"": 91, ""3"": 70, ""4"": 70}",False,20.0,-42.0,1.0,28.0,38.0,0.095,0.0,0.0,0.0,0.0,0.0,0.0,0.0,0.0,50.0,20.0,14.0,7.0,27.0,0.0,0.0,1.0,6.0,0.0,0.0,0.0,0.0,56.0,56.0,0.6275,0.6666666666666666,0.0224,0.0224,0.1525,0.6931818181818182,0.3068181818181818,0.5,0.9333333333333333,0.8,0.5166666666666667,0.4374460742018982,0.0
20260629_225103_bc53ce62,20260629_225103_bc53ce62_g0011,11,1577735113,6,56,56,56,1,4,GREEN,pool_l45_100ms,3,1.0,[1],0,70,3,"{""1"": 92, ""2"": 91, ""3"": 70, ""4"": 70}",False,11.0,-60.0,3.0,33.0,38.0,0.095,2.0,1.0,2.0,0.0,2.0,0.0,0.0,0.0,48.0,13.0,14.0,7.0,25.0,0.0,1.0,2.0,3.0,1.0,0.0,0.0,0.0,56.0,56.0,0.6275,0.6666666666666666,0.0224,0.0224,0.1575,0.7159090909090909,0.2840909090909091,0.275,0.5,1.0,0.5916666666666667,0.45614035087719296,0.0
20260629_225103_bc53ce62,20260629_225103_bc53ce62_g0011,11,1577735113,7,64,64,69,2,1,RED,pool_peer_500ms,0,1.0,[1],1,92,1,"{""1"": 92, ""2"": 91, ""3"": 70, ""4"": 70}",False,24.0,-30.0,0.0,55.0,45.0,0.1125,0.0,0.0,0.0,0.0,0.0,0.0,0.0,0.0,7.0,24.0,18.0,3.0,13.0,0.0,0.0,0.0,2.0,1.0,0.0,0.0,0.0,64.0,69.0,0.685,0.8571428571428571,0.0276,0.0256,0.1875,0.8522727272727273,0.14772727272727273,0.6,0.9166666666666666,1.0,0.45,0.5410526315789473,0.0
20260629_225103_bc53ce62,20260629_225103_bc53ce62_g0011,11,1577735113,7,64,64,69,2,2,BLUE,champ_v3,1,1.0,[1],0,91,2,"{""1"": 92, ""2"": 91, ""3"": 70, ""4"": 70}",False,24.0,-30.0,1.0,46.0,45.0,0.1125,7.0,2.75,6.25,0.0,5.0,0.0,0.0,1.25,0.0,30.25,17.0,4.0,15.0,0.0,1.0,0.0,2.0,1.0,0.0,0.0,0.0,64.0,69.0,0.685,0.8095238095238095,0.0276,0.0256,0.1825,0.8295454545454546,0.17045454545454544,0.6,0.9,1.0,0.45,0.494592645998558,0.0
20260629_225103_bc53ce62,20260629_225103_bc53ce62_g0011,11,1577735113,7,64,64,69,2,3,YELLOW,pool_heuristic,2,1.0,[1],0,70,3,"{""1"": 92, ""2"": 91, ""3"": 70, ""4"": 70}",False,20.0,-38.0,1.0,38.0,45.0,0.1125,0.0,0.0,0.0,0.0,0.0,0.0,0.0,0.0,7.0,20.0,14.0,7.0,27.0,0.0,0.0,1.0,6.0,0.0,0.0,0.0,0.0,64.0,69.0,0.685,0.6666666666666666,0.0276,0.0256,0.1525,0.6931818181818182,0.3068181818181818,0.5,0.7,0.8,0.4833333333333333,0.4374460742018982,0.0
20260629_225103_bc53ce62,20260629_225103_bc53ce62_g0011,11,1577735113,7,64,64,69,2,4,GREEN,pool_l45_100ms,3,1.0,[1],0,70,3,"{""1"": 92, ""2"": 91, ""3"": 70, ""4"": 70}",False,10.0,-58.0,3.0,39.0,45.0,0.1125,0.0,0.0,0.0,0.0,0.0,0.0,0.0,0.0,7.0,10.0,15.0,6.0,23.0,0.0,0.0,2.0,3.0,1.0,0.0,0.0,0.0,64.0,69.0,0.685,0.7142857142857143,0.0276,0.0256,0.1625,0.7386363636363636,0.26136363636363635,0.25,0.36666666666666664,1.0,0.5666666666666667,0.4607287449392713,0.0
20260629_225103_bc53ce62,20260629_225103_bc53ce62_g0012,12,570188346,0,8,8,8,1,1,RED,champ_v3,0,1.0,[1],1,104,1,"{""1"": 104, ""2"": 82, ""3"": 71, ""4"": 93}",False,9.0,-14.0,9.0,0.0,0.0,0.0,543.0,122.625,488.75,9.0,15.0,41.25,153.5,270.0,1324.0,497.75,2.0,19.0,78.0,1.0,1.0,2.0,6.0,9.0,1.0,0.0,0.0,8.0,8.0,0.1,0.09523809523809523,0.0032,0.0032,0.025,0.11363636363636363,0.8863636363636364,0.225,1.0,1.0,0.19166666666666668,0.23684210526315785,0.0
20260629_225103_bc53ce62,20260629_225103_bc53ce62_g0012,12,570188346,0,8,8,8,1,2,BLUE,pool_heuristic,1,1.0,[1],0,82,3,"{""1"": 104, ""2"": 82, ""3"": 71, ""4"": 93}",False,7.0,-18.0,8.0,0.0,0.0,0.0,417.0,101.75,408.25,7.0,12.0,33.75,128.0,227.5,1450.0,415.25,2.0,19.0,78.0,1.0,1.0,2.0,6.0,9.0,1.0,0.0,1.0,8.0,8.0,0.1,0.09523809523809523,0.0032,0.0032,0.025,0.11363636363636363,0.8863636363636364,0.175,1.0,1.0,0.20833333333333334,0.26315789473684215,0.0
20260629_225103_bc53ce62,20260629_225103_bc53ce62_g0012,12,570188346,0,8,8,8,1,3,YELLOW,pool_l45_100ms,2,1.0,[1],0,71,4,"{""1"": 104, ""2"": 82, ""3"": 71, ""4"": 93}",False,7.0,-18.0,9.0,0.0,0.0,0.0,364.0,86.0,341.875,7.0,10.0,27.0,108.5,189.375,1503.0,348.875,2.0,19.0,78.0,1.0,1.0,2.0,6.0,9.0,1.0,1.0,0.0,8.0,8.0,0.1,0.09523809523809523,0.0032,0.0032,0.025,0.11363636363636363,0.8863636363636364,0.175,1.0,1.0,0.20833333333333334,0.17368421052631577,0.0
20260629_225103_bc53ce62,20260629_225103_bc53ce62_g0012,12,570188346,0,8,8,8,1,4,GREEN,pool_peer_500ms,3,1.0,[1],0,93,2,"{""1"": 104, ""2"": 82, ""3"": 71, ""4"": 93}",False,9.0,-14.0,9.0,0.0,0.0,0.0,543.0,122.625,488.75,9.0,15.0,41.25,153.5,270.0,1324.0,497.75,2.0,19.0,78.0,1.0,1.0,2.0,6.0,9.0,1.0,0.0,0.0,8.0,8.0,0.1,0.09523809523809523,0.0032,0.0032,0.025,0.11363636363636363,0.8863636363636364,0.225,1.0,1.0,0.19166666666666668,0.23684210526315785,0.0
20260629_225103_bc53ce62,20260629_225103_bc53ce62_g0012,12,570188346,1,16,16,16,1,1,RED,champ_v3,0,1.0,[1],1,104,1,"{""1"": 104, ""2"": 82, ""3"": 71, ""4"": 93}",False,16.0,-26.0,0.0,0.0,0.0,0.0,881.0,217.25,848.375,16.0,28.0,81.0,311.5,411.875,1544.0,864.375,4.0,17.0,68.0,1.0,1.0,2.0,6.0,7.0,1.0,0.0,0.0,16.0,16.0,0.2,0.19047619047619047,0.0064,0.0064,0.05,0.22727272727272727,0.7727272727272727,0.4,1.0,1.0,0.35,0.49473684210526314,0.0
20260629_225103_bc53ce62,20260629_225103_bc53ce62_g0012,12,570188346,1,16,16,16,1,2,BLUE,pool_heuristic,1,1.0,[1],0,82,3,"{""1"": 104, ""2"": 82, ""3"": 71, ""4"": 93}",False,13.0,-32.0,4.0,0.0,0.0,0.0,569.0,148.875,566.875,13.0,23.0,60.0,204.0,266.875,1856.0,579.875,4.0,17.0,68.0,1.0,1.0,2.0,6.0,7.0,1.0,0.0,1.0,16.0,16.0,0.2,0.19047619047619047,0.0064,0.0064,0.05,0.22727272727272727,0.7727272727272727,0.325,1.0,1.0,0.375,0.43947368421052635,0.0
20260629_225103_bc53ce62,20260629_225103_bc53ce62_g0012,12,570188346,1,16,16,16,1,3,YELLOW,pool_l45_100ms,2,1.0,[1],0,71,4,"{""1"": 104, ""2"": 82, ""3"": 71, ""4"": 93}",False,12.0,-34.0,5.0,3.0,0.0,0.0,229.0,62.375,206.5,12.0,14.0,25.5,77.5,77.5,2196.0,218.5,4.0,17.0,68.0,1.0,1.0,2.0,6.0,7.0,1.0,0.0,0.0,16.0,16.0,0.2,0.19047619047619047,0.0064,0.0064,0.05,0.22727272727272727,0.7727272727272727,0.3,1.0,1.0,0.38333333333333336,0.3526315789473684,0.0
20260629_225103_bc53ce62,20260629_225103_bc53ce62_g0012,12,570188346,1,16,16,16,1,4,GREEN,pool_peer_500ms,3,1.0,[1],0,93,2,"{""1"": 104, ""2"": 82, ""3"": 71, ""4"": 93}",False,17.0,-24.0,5.0,3.0,0.0,0.0,746.0,188.625,715.0,17.0,28.0,75.0,272.5,322.5,1679.0,732.0,4.0,17.0,68.0,1.0,1.0,2.0,6.0,7.0,1.0,0.0,0.0,16.0,16.0,0.2,0.19047619047619047,0.0064,0.0064,0.05,0.22727272727272727,0.7727272727272727,0.425,1.0,1.0,0.3416666666666667,0.4342105263157895,0.0
20260629_225103_bc53ce62,20260629_225103_bc53ce62_g0012,12,570188346,2,24,24,24,1,1,RED,champ_v3,0,1.0,[1],1,104,1,"{""1"": 104, ""2"": 82, ""3"": 71, ""4"": 93}",False,21.0,-35.0,0.0,10.0,4.0,0.01,580.0,158.625,580.0,19.0,27.0,69.75,200.5,263.75,1165.0,601.0,6.0,15.0,59.0,1.0,1.0,2.0,5.0,6.0,1.0,0.0,0.0,24.0,24.0,0.2975,0.2857142857142857,0.0096,0.0096,0.0725,0.32954545454545453,0.6704545454545454,0.525,1.0,1.0,0.4666666666666667,0.5952813067150635,0.0
20260629_225103_bc53ce62,20260629_225103_bc53ce62_g0012,12,570188346,2,24,24,24,1,2,BLUE,pool_heuristic,1,1.0,[1],0,82,3,"{""1"": 104, ""2"": 82, ""3"": 71, ""4"": 93}",False,21.0,-35.0,3.0,1.0,4.0,0.01,494.0,135.0,458.5,20.0,29.0,66.75,194.0,148.75,1251.0,479.5,6.0,15.0,58.0,1.0,1.0,2.0,6.0,5.0,1.0,0.0,0.0,24.0,24.0,0.2975,0.2857142857142857,0.0096,0.0096,0.075,0.3409090909090909,0.6590909090909091,0.525,1.0,1.0,0.4666666666666667,0.49473684210526314,0.0
20260629_225103_bc53ce62,20260629_225103_bc53ce62_g0012,12,570188346,2,24,24,24,1,3,YELLOW,pool_l45_100ms,2,1.0,[1],0,71,4,"{""1"": 104, ""2"": 82, ""3"": 71, ""4"": 93}",False,14.0,-49.0,5.0,6.0,4.0,0.01,152.0,51.0,143.125,14.0,16.0,26.25,57.5,29.375,1593.0,157.125,6.0,15.0,58.0,1.0,1.0,2.0,6.0,5.0,0.0,0.0,0.0,24.0,24.0,0.2975,0.2857142857142857,0.0096,0.0096,0.075,0.3409090909090909,0.6590909090909091,0.35,1.0,1.0,0.525,0.3771929824561403,0.0
20260629_225103_bc53ce62,20260629_225103_bc53ce62_g0012,12,570188346,2,24,24,24,1,4,GREEN,pool_peer_500ms,3,1.0,[1],0,93,2,"{""1"": 104, ""2"": 82, ""3"": 71, ""4"": 93}",False,21.0,-35.0,1.0,12.0,4.0,0.01,519.0,138.875,482.75,19.0,27.0,63.0,212.5,161.25,1226.0,503.75,6.0,15.0,58.0,1.0,1.0,2.0,6.0,5.0,0.0,0.0,0.0,24.0,24.0,0.2975,0.2857142857142857,0.0096,0.0096,0.075,0.3409090909090909,0.6590909090909091,0.525,1.0,1.0,0.4666666666666667,0.5403508771929826,0.0
20260629_225103_bc53ce62,20260629_225103_bc53ce62_g0012,12,570188346,3,32,32,32,1,1,RED,champ_v3,0,1.0,[1],1,104,1,"{""1"": 104, ""2"": 82, ""3"": 71, ""4"": 93}",False,23.0,-35.0,0.0,16.0,15.0,0.0375,285.0,86.5,280.875,17.0,21.0,45.75,86.5,110.625,627.0,303.875,8.0,13.0,50.0,1.0,1.0,2.0,4.0,5.0,1.0,0.0,0.0,32.0,32.0,0.3925,0.38095238095238093,0.0128,0.0128,0.095,0.4318181818181818,0.5681818181818182,0.575,1.0,1.0,0.4833333333333333,0.6177285318559557,0.0
20260629_225103_bc53ce62,20260629_225103_bc53ce62_g0012,12,570188346,3,32,32,32,1,2,BLUE,pool_heuristic,1,1.0,[1],0,82,3,"{""1"": 104, ""2"": 82, ""3"": 71, ""4"": 93}",False,24.0,-33.0,3.0,9.0,15.0,0.0375,291.0,90.625,276.875,19.0,24.0,48.0,129.0,56.875,621.0,300.875,8.0,13.0,48.0,1.0,1.0,2.0,6.0,3.0,1.0,0.0,0.0,32.0,32.0,0.3925,0.38095238095238093,0.0128,0.0128,0.1,0.45454545454545453,0.5454545454545454,0.6,1.0,1.0,0.475,0.5197368421052632,0.0
20260629_225103_bc53ce62,20260629_225103_bc53ce62_g0012,12,570188346,3,32,32,32,1,3,YELLOW,pool_l45_100ms,2,1.0,[1],0,71,4,"{""1"": 104, ""2"": 82, ""3"": 71, ""4"": 93}",False,11.0,-59.0,5.0,9.0,15.0,0.0375,68.0,29.125,68.625,11.0,11.0,15.0,26.0,5.625,844.0,79.625,8.0,13.0,48.0,1.0,1.0,2.0,6.0,3.0,0.0,0.0,0.0,32.0,32.0,0.3925,0.38095238095238093,0.0128,0.0128,0.1,0.45454545454545453,0.5454545454545454,0.275,1.0,1.0,0.5833333333333333,0.3710526315789474,0.0
20260629_225103_bc53ce62,20260629_225103_bc53ce62_g0012,12,570188346,3,32,32,32,1,4,GREEN,pool_peer_500ms,3,1.0,[1],0,93,2,"{""1"": 104, ""2"": 82, ""3"": 71, ""4"": 93}",False,23.0,-35.0,1.0,21.0,15.0,0.0375,268.0,87.375,279.375,19.0,18.0,39.0,114.0,89.375,644.0,302.375,8.0,13.0,49.0,1.0,1.0,2.0,5.0,4.0,0.0,0.0,0.0,32.0,32.0,0.3925,0.38095238095238093,0.0128,0.0128,0.0975,0.4431818181818182,0.5568181818181818,0.575,1.0,1.0,0.4833333333333333,0.5910931174089069,0.0
20260629_225103_bc53ce62,20260629_225103_bc53ce62_g0012,12,570188346,4,40,40,40,1,1,RED,champ_v3,0,1.0,[1],1,104,1,"{""1"": 104, ""2"": 82, ""3"": 71, ""4"": 93}",False,28.0,-34.0,0.0,29.0,21.0,0.0525,142.0,56.375,148.875,18.0,19.0,30.0,50.0,31.875,336.0,176.875,10.0,11.0,40.0,1.0,1.0,2.0,4.0,3.0,1.0,0.0,0.0,40.0,40.0,0.4925,0.47619047619047616,0.016,0.016,0.12,0.5454545454545454,0.45454545454545453,0.7,1.0,1.0,0.5166666666666667,0.611842105263158,0.0
20260629_225103_bc53ce62,20260629_225103_bc53ce62_g0012,12,570188346,4,40,40,40,1,2,BLUE,pool_heuristic,1,1.0,[1],0,82,3,"{""1"": 104, ""2"": 82, ""3"": 71, ""4"": 93}",False,25.0,-40.0,3.0,19.0,21.0,0.0525,129.0,54.375,135.25,19.0,17.0,28.5,64.5,6.25,349.0,160.25,10.0,11.0,38.0,1.0,1.0,2.0,6.0,1.0,1.0,0.0,0.0,40.0,40.0,0.4925,0.47619047619047616,0.016,0.016,0.125,0.5681818181818182,0.4318181818181818,0.625,1.0,1.0,0.5416666666666667,0.4810526315789474,0.0
20260629_225103_bc53ce62,20260629_225103_bc53ce62_g0012,12,570188346,4,40,40,40,1,3,YELLOW,pool_l45_100ms,2,1.0,[1],0,71,4,"{""1"": 104, ""2"": 82, ""3"": 71, ""4"": 93}",False,12.0,-66.0,5.0,18.0,21.0,0.0525,82.0,34.25,83.0,12.0,13.0,16.5,39.0,2.5,396.0,95.0,10.0,11.0,38.0,1.0,1.0,2.0,6.0,1.0,0.0,0.0,0.0,40.0,40.0,0.4925,0.47619047619047616,0.016,0.016,0.125,0.5681818181818182,0.4318181818181818,0.3,1.0,1.0,0.65,0.40421052631578946,0.0
20260629_225103_bc53ce62,20260629_225103_bc53ce62_g0012,12,570188346,4,40,40,40,1,4,GREEN,pool_peer_500ms,3,1.0,[1],0,93,2,"{""1"": 104, ""2"": 82, ""3"": 71, ""4"": 93}",False,25.0,-40.0,1.0,32.0,21.0,0.0525,125.0,57.75,148.5,19.0,18.0,30.75,67.0,13.75,353.0,173.5,10.0,11.0,39.0,1.0,1.0,2.0,5.0,2.0,0.0,0.0,0.0,40.0,40.0,0.4925,0.47619047619047616,0.016,0.016,0.1225,0.5568181818181818,0.4431818181818182,0.625,1.0,1.0,0.5416666666666667,0.5789473684210527,0.0
20260629_225103_bc53ce62,20260629_225103_bc53ce62_g0012,12,570188346,5,48,48,48,1,1,RED,champ_v3,0,1.0,[1],1,104,1,"{""1"": 104, ""2"": 82, ""3"": 71, ""4"": 93}",False,28.0,-34.0,0.0,44.0,21.0,0.0525,77.0,37.0,90.5,14.0,13.0,21.0,20.0,22.5,166.0,118.5,12.0,9.0,32.0,1.0,1.0,2.0,2.0,3.0,1.0,0.0,0.0,48.0,48.0,0.5725,0.5714285714285714,0.0192,0.0192,0.14,0.6363636363636364,0.36363636363636365,0.7,1.0,1.0,0.5166666666666667,0.611842105263158,0.0
20260629_225103_bc53ce62,20260629_225103_bc53ce62_g0012,12,570188346,5,48,48,48,1,2,BLUE,pool_heuristic,1,1.0,[1],0,82,3,"{""1"": 104, ""2"": 82, ""3"": 71, ""4"": 93}",False,26.0,-38.0,3.0,26.0,21.0,0.0525,98.0,46.625,103.25,20.0,16.0,21.75,45.5,0.0,145.0,129.25,12.0,9.0,29.0,1.0,1.0,2.0,5.0,0.0,0.0,0.0,0.0,48.0,48.0,0.5725,0.5714285714285714,0.0192,0.0192,0.1475,0.6704545454545454,0.32954545454545453,0.65,1.0,0.8,0.5333333333333333,0.45941123996431765,0.0
20260629_225103_bc53ce62,20260629_225103_bc53ce62_g0012,12,570188346,5,48,48,48,1,3,YELLOW,pool_l45_100ms,2,1.0,[1],0,71,4,"{""1"": 104, ""2"": 82, ""3"": 71, ""4"": 93}",False,10.0,-70.0,3.0,28.0,21.0,0.0525,23.0,14.125,21.5,9.0,7.0,3.0,2.5,0.0,220.0,31.5,12.0,9.0,29.0,1.0,1.0,2.0,5.0,0.0,0.0,0.0,0.0,48.0,48.0,0.5725,0.5714285714285714,0.0192,0.0192,0.1475,0.6704545454545454,0.32954545454545453,0.25,0.5833333333333334,0.8,0.6666666666666667,0.42551293487957187,0.0
20260629_225103_bc53ce62,20260629_225103_bc53ce62_g0012,12,570188346,5,48,48,48,1,4,GREEN,pool_peer_500ms,3,1.0,[1],0,93,2,"{""1"": 104, ""2"": 82, ""3"": 71, ""4"": 93}",False,26.0,-38.0,1.0,41.0,21.0,0.0525,45.0,27.75,52.75,18.0,0.0,15.75,14.0,5.0,198.0,78.75,12.0,9.0,33.0,1.0,0.0,2.0,4.0,2.0,0.0,0.0,0.0,48.0,48.0,0.5725,0.5714285714285714,0.0192,0.0192,0.1375,0.625,0.375,0.65,0.9333333333333333,1.0,0.5333333333333333,0.6047846889952153,0.0
20260629_225103_bc53ce62,20260629_225103_bc53ce62_g0012,12,570188346,6,56,56,56,1,1,RED,champ_v3,0,1.0,[1],1,104,1,"{""1"": 104, ""2"": 82, ""3"": 71, ""4"": 93}",False,26.0,-32.0,0.0,51.0,32.0,0.08,22.0,15.75,22.75,11.0,6.0,3.75,2.0,0.0,69.0,48.75,14.0,7.0,22.0,1.0,1.0,2.0,2.0,1.0,0.0,0.0,0.0,56.0,56.0,0.6525,0.6666666666666666,0.0224,0.0224,0.165,0.75,0.25,0.65,1.0,1.0,0.4833333333333333,0.5789473684210527,0.0
20260629_225103_bc53ce62,20260629_225103_bc53ce62_g0012,12,570188346,6,56,56,56,1,2,BLUE,pool_heuristic,1,1.0,[1],0,82,3,"{""1"": 104, ""2"": 82, ""3"": 71, ""4"": 93}",False,27.0,-30.0,3.0,32.0,32.0,0.08,42.0,28.5,42.75,19.0,12.0,6.75,5.0,0.0,49.0,69.75,14.0,7.0,21.0,1.0,1.0,2.0,3.0,0.0,0.0,0.0,0.0,56.0,56.0,0.6525,0.6666666666666666,0.0224,0.0224,0.1675,0.7613636363636364,0.23863636363636365,0.675,1.0,0.8,0.475,0.4516889238020424,0.0
20260629_225103_bc53ce62,20260629_225103_bc53ce62_g0012,12,570188346,6,56,56,56,1,3,YELLOW,pool_l45_100ms,2,1.0,[1],0,71,4,"{""1"": 104, ""2"": 82, ""3"": 71, ""4"": 93}",False,8.0,-68.0,2.0,38.0,32.0,0.08,5.0,5.0,5.0,5.0,0.0,0.0,0.0,0.0,86.0,13.0,14.0,7.0,23.0,1.0,0.0,2.0,4.0,0.0,0.0,0.0,0.0,56.0,56.0,0.6525,0.6666666666666666,0.0224,0.0224,0.1625,0.7386363636363636,0.26136363636363635,0.2,0.38333333333333336,0.8,0.6333333333333333,0.44777327935222677,0.0
20260629_225103_bc53ce62,20260629_225103_bc53ce62_g0012,12,570188346,6,56,56,56,1,4,GREEN,pool_peer_500ms,3,1.0,[1],0,93,2,"{""1"": 104, ""2"": 82, ""3"": 71, ""4"": 93}",False,23.0,-38.0,1.0,49.0,32.0,0.08,22.0,17.75,23.25,15.0,0.0,8.25,0.0,0.0,69.0,46.25,14.0,7.0,25.0,1.0,0.0,2.0,2.0,2.0,0.0,0.0,0.0,56.0,56.0,0.6525,0.6666666666666666,0.0224,0.0224,0.1575,0.7159090909090909,0.2840909090909091,0.575,0.6666666666666666,1.0,0.5083333333333333,0.5714285714285714,0.0
20260629_225103_bc53ce62,20260629_225103_bc53ce62_g0012,12,570188346,7,64,64,65,2,1,RED,champ_v3,0,1.0,[1],1,104,1,"{""1"": 104, ""2"": 82, ""3"": 71, ""4"": 93}",False,27.0,-28.0,0.0,59.0,32.0,0.08,6.0,2.0,6.0,0.0,0.0,6.0,0.0,0.0,28.0,33.0,17.0,4.0,15.0,0.0,0.0,2.0,1.0,1.0,0.0,0.0,0.0,64.0,65.0,0.7025,0.8095238095238095,0.026,0.0256,0.1825,0.8295454545454546,0.17045454545454544,0.675,1.0,1.0,0.4583333333333333,0.5580389329488105,0.0
20260629_225103_bc53ce62,20260629_225103_bc53ce62_g0012,12,570188346,7,64,64,65,2,2,BLUE,pool_heuristic,1,1.0,[1],0,82,3,"{""1"": 104, ""2"": 82, ""3"": 71, ""4"": 93}",False,24.0,-34.0,3.0,42.0,32.0,0.08,22.0,18.5,22.0,15.0,7.0,0.0,0.0,0.0,12.0,46.0,16.0,5.0,14.0,1.0,1.0,1.0,2.0,0.0,0.0,0.0,0.0,64.0,65.0,0.7025,0.7619047619047619,0.026,0.0256,0.185,0.8409090909090909,0.1590909090909091,0.6,0.7,0.8,0.4833333333333333,0.4288762446657184,0.0
20260629_225103_bc53ce62,20260629_225103_bc53ce62_g0012,12,570188346,7,64,64,65,2,3,YELLOW,pool_l45_100ms,2,1.0,[1],0,71,4,"{""1"": 104, ""2"": 82, ""3"": 71, ""4"": 93}",False,7.0,-68.0,2.0,45.0,32.0,0.08,0.0,0.0,0.0,0.0,0.0,0.0,0.0,0.0,34.0,7.0,15.0,6.0,22.0,0.0,0.0,2.0,4.0,0.0,0.0,0.0,0.0,64.0,65.0,0.7025,0.7142857142857143,0.026,0.0256,0.165,0.75,0.25,0.175,0.23333333333333334,0.8,0.625,0.4425837320574162,0.0
20260629_225103_bc53ce62,20260629_225103_bc53ce62_g0012,12,570188346,7,64,64,65,2,4,GREEN,pool_peer_500ms,3,1.0,[1],0,93,2,"{""1"": 104, ""2"": 82, ""3"": 71, ""4"": 93}",False,24.0,-34.0,1.0,54.0,32.0,0.08,6.0,2.25,6.75,0.0,0.0,6.75,0.0,0.0,28.0,30.75,16.0,5.0,20.0,0.0,0.0,2.0,1.0,2.0,0.0,0.0,0.0,64.0,65.0,0.7025,0.7619047619047619,0.026,0.0256,0.17,0.7727272727272727,0.22727272727272727,0.6,0.7166666666666667,1.0,0.4833333333333333,0.5681114551083593,0.0
20260629_225103_bc53ce62,20260629_225103_bc53ce62_g0013,13,2085060944,0,8,8,8,1,1,RED,pool_heuristic,0,3.0,[3],0,85,2,"{""1"": 85, ""2"": 76, ""3"": 87, ""4"": 84}",False,6.0,-17.0,9.0,0.0,3.0,0.0075,305.0,78.75,315.5,6.0,9.0,24.75,97.0,178.75,1413.0,321.5,2.0,19.0,78.0,1.0,1.0,2.0,6.0,9.0,1.0,1.0,1.0,8.0,8.0,0.1,0.09523809523809523,0.0032,0.0032,0.025,0.11363636363636363,0.8863636363636364,0.15,1.0,1.0,0.19166666666666668,0.2315789473684211,0.0
20260629_225103_bc53ce62,20260629_225103_bc53ce62_g0013,13,2085060944,0,8,8,8,1,2,BLUE,pool_l45_100ms,1,3.0,[3],0,76,4,"{""1"": 85, ""2"": 76, ""3"": 87, ""4"": 84}",False,5.0,-19.0,9.0,0.0,3.0,0.0075,327.0,76.25,309.5,5.0,8.0,24.0,95.0,177.5,1391.0,314.5,2.0,19.0,78.0,1.0,1.0,2.0,6.0,9.0,1.0,1.0,0.0,8.0,8.0,0.1,0.09523809523809523,0.0032,0.0032,0.025,0.11363636363636363,0.8863636363636364,0.125,1.0,1.0,0.2,0.15263157894736834,0.0
20260629_225103_bc53ce62,20260629_225103_bc53ce62_g0013,13,2085060944,0,8,8,8,1,3,YELLOW,pool_peer_500ms,2,3.0,[3],1,87,1,"{""1"": 85, ""2"": 76, ""3"": 87, ""4"": 84}",False,9.0,-11.0,9.0,0.0,3.0,0.0075,543.0,122.625,488.75,9.0,15.0,41.25,153.5,270.0,1175.0,497.75,2.0,19.0,78.0,1.0,1.0,2.0,6.0,9.0,1.0,0.0,0.0,8.0,8.0,0.1,0.09523809523809523,0.0032,0.0032,0.025,0.11363636363636363,0.8863636363636364,0.225,1.0,1.0,0.16666666666666669,0.23684210526315785,0.0
20260629_225103_bc53ce62,20260629_225103_bc53ce62_g0013,13,2085060944,0,8,8,8,1,4,GREEN,champ_v3,3,3.0,[3],0,84,3,"{""1"": 85, ""2"": 76, ""3"": 87, ""4"": 84}",False,9.0,-11.0,9.0,0.0,3.0,0.0075,543.0,122.625,488.75,9.0,15.0,41.25,153.5,270.0,1175.0,497.75,2.0,19.0,78.0,1.0,1.0,2.0,6.0,9.0,1.0,0.0,0.0,8.0,8.0,0.1,0.09523809523809523,0.0032,0.0032,0.025,0.11363636363636363,0.8863636363636364,0.225,1.0,1.0,0.16666666666666669,0.23684210526315785,0.0
20260629_225103_bc53ce62,20260629_225103_bc53ce62_g0013,13,2085060944,1,16,16,16,1,1,RED,pool_heuristic,0,3.0,[3],0,85,2,"{""1"": 85, ""2"": 76, ""3"": 87, ""4"": 84}",False,13.0,-26.0,0.0,6.0,3.0,0.0075,574.0,142.125,552.5,12.0,18.0,50.25,198.5,273.75,1766.0,565.5,4.0,17.0,68.0,1.0,1.0,2.0,6.0,7.0,1.0,1.0,0.0,16.0,16.0,0.2,0.19047619047619047,0.0064,0.0064,0.05,0.22727272727272727,0.7727272727272727,0.325,1.0,1.0,0.325,0.4894736842105264,0.0
20260629_225103_bc53ce62,20260629_225103_bc53ce62_g0013,13,2085060944,1,16,16,16,1,2,BLUE,pool_l45_100ms,1,3.0,[3],0,76,4,"{""1"": 85, ""2"": 76, ""3"": 87, ""4"": 84}",False,9.0,-34.0,6.0,0.0,3.0,0.0075,533.0,123.375,482.5,9.0,16.0,45.0,177.5,235.0,1807.0,491.5,4.0,17.0,68.0,1.0,1.0,2.0,6.0,7.0,1.0,0.0,0.0,16.0,16.0,0.2,0.19047619047619047,0.0064,0.0064,0.05,0.22727272727272727,0.7727272727272727,0.225,1.0,1.0,0.35833333333333334,0.3263157894736842,0.0
20260629_225103_bc53ce62,20260629_225103_bc53ce62_g0013,13,2085060944,1,16,16,16,1,3,YELLOW,pool_peer_500ms,2,3.0,[3],1,87,1,"{""1"": 85, ""2"": 76, ""3"": 87, ""4"": 84}",False,15.0,-22.0,1.0,2.0,3.0,0.0075,693.0,174.375,671.875,15.0,24.0,65.25,242.0,325.625,1647.0,686.875,4.0,17.0,68.0,1.0,1.0,2.0,6.0,7.0,1.0,0.0,0.0,16.0,16.0,0.2,0.19047619047619047,0.0064,0.0064,0.05,0.22727272727272727,0.7727272727272727,0.375,1.0,1.0,0.30833333333333335,0.48684210526315785,0.0
20260629_225103_bc53ce62,20260629_225103_bc53ce62_g0013,13,2085060944,1,16,16,16,1,4,GREEN,champ_v3,3,3.0,[3],0,84,3,"{""1"": 85, ""2"": 76, ""3"": 87, ""4"": 84}",False,15.0,-22.0,3.0,3.0,3.0,0.0075,540.0,138.125,518.75,15.0,20.0,52.5,187.5,243.75,1800.0,533.75,4.0,17.0,68.0,1.0,1.0,2.0,6.0,7.0,1.0,0.0,0.0,16.0,16.0,0.2,0.19047619047619047,0.0064,0.0064,0.05,0.22727272727272727,0.7727272727272727,0.375,1.0,1.0,0.30833333333333335,0.4605263157894737,0.0
20260629_225103_bc53ce62,20260629_225103_bc53ce62_g0013,13,2085060944,2,24,24,24,1,1,RED,pool_heuristic,0,3.0,[3],0,85,2,"{""1"": 85, ""2"": 76, ""3"": 87, ""4"": 84}",False,17.0,-32.0,0.0,12.0,4.0,0.01,284.0,78.25,278.25,11.0,12.0,33.0,116.0,106.25,1158.0,295.25,6.0,15.0,58.0,1.0,1.0,2.0,6.0,5.0,0.0,1.0,0.0,24.0,24.0,0.2975,0.2857142857142857,0.0096,0.0096,0.075,0.3409090909090909,0.6590909090909091,0.425,1.0,1.0,0.4083333333333333,0.5666666666666667,0.0
20260629_225103_bc53ce62,20260629_225103_bc53ce62_g0013,13,2085060944,2,24,24,24,1,2,BLUE,pool_l45_100ms,1,3.0,[3],0,76,4,"{""1"": 85, ""2"": 76, ""3"": 87, ""4"": 84}",False,13.0,-40.0,6.0,3.0,4.0,0.01,224.0,61.875,203.625,11.0,14.0,28.5,87.0,63.125,1218.0,216.625,6.0,15.0,58.0,1.0,1.0,2.0,6.0,5.0,0.0,0.0,0.0,24.0,24.0,0.2975,0.2857142857142857,0.0096,0.0096,0.075,0.3409090909090909,0.6590909090909091,0.325,1.0,1.0,0.4416666666666667,0.38596491228070173,0.0
20260629_225103_bc53ce62,20260629_225103_bc53ce62_g0013,13,2085060944,2,24,24,24,1,3,YELLOW,pool_peer_500ms,2,3.0,[3],1,87,1,"{""1"": 85, ""2"": 76, ""3"": 87, ""4"": 84}",False,17.0,-32.0,1.0,10.0,4.0,0.01,476.0,130.625,473.0,15.0,22.0,56.25,198.5,181.25,966.0,490.0,6.0,15.0,58.0,1.0,1.0,2.0,6.0,5.0,1.0,0.0,0.0,24.0,24.0,0.2975,0.2857142857142857,0.0096,0.0096,0.075,0.3409090909090909,0.6590909090909091,0.425,1.0,1.0,0.4083333333333333,0.5701754385964912,0.0
20260629_225103_bc53ce62,20260629_225103_bc53ce62_g0013,13,2085060944,2,24,24,24,1,4,GREEN,champ_v3,3,3.0,[3],0,84,3,"{""1"": 85, ""2"": 76, ""3"": 87, ""4"": 84}",False,19.0,-28.0,1.0,8.0,4.0,0.01,458.0,129.625,463.875,18.0,23.0,56.25,161.0,205.625,984.0,482.875,6.0,15.0,59.0,1.0,1.0,2.0,5.0,6.0,1.0,0.0,0.0,24.0,24.0,0.2975,0.2857142857142857,0.0096,0.0096,0.0725,0.32954545454545453,0.6704545454545454,0.475,1.0,1.0,0.39166666666666666,0.5607985480943738,0.0
20260629_225103_bc53ce62,20260629_225103_bc53ce62_g0013,13,2085060944,3,32,32,32,1,1,RED,pool_heuristic,0,3.0,[3],0,85,2,"{""1"": 85, ""2"": 76, ""3"": 87, ""4"": 84}",False,25.0,-32.0,0.0,13.0,7.0,0.0175,297.0,96.375,293.875,20.0,24.0,51.75,150.0,48.125,487.0,318.875,8.0,13.0,48.0,1.0,1.0,2.0,6.0,3.0,0.0,0.0,0.0,32.0,32.0,0.3925,0.38095238095238093,0.0128,0.0128,0.1,0.45454545454545453,0.5454545454545454,0.625,1.0,1.0,0.475,0.5631578947368421,0.0
20260629_225103_bc53ce62,20260629_225103_bc53ce62_g0013,13,2085060944,3,32,32,32,1,2,BLUE,pool_l45_100ms,1,3.0,[3],0,76,4,"{""1"": 85, ""2"": 76, ""3"": 87, ""4"": 84}",False,17.0,-48.0,6.0,13.0,7.0,0.0175,91.0,39.375,93.875,15.0,14.0,18.0,40.0,6.875,693.0,110.875,8.0,13.0,48.0,1.0,1.0,2.0,6.0,3.0,0.0,0.0,0.0,32.0,32.0,0.3925,0.38095238095238093,0.0128,0.0128,0.1,0.45454545454545453,0.5454545454545454,0.425,1.0,1.0,0.5416666666666667,0.4078947368421053,0.0
20260629_225103_bc53ce62,20260629_225103_bc53ce62_g0013,13,2085060944,3,32,32,32,1,3,YELLOW,pool_peer_500ms,2,3.0,[3],1,87,1,"{""1"": 85, ""2"": 76, ""3"": 87, ""4"": 84}",False,17.0,-48.0,1.0,16.0,7.0,0.0175,154.0,53.375,159.25,13.0,13.0,26.25,74.5,32.5,630.0,176.25,8.0,13.0,48.0,1.0,1.0,2.0,6.0,3.0,0.0,0.0,0.0,32.0,32.0,0.3925,0.38095238095238093,0.0128,0.0128,0.1,0.45454545454545453,0.5454545454545454,0.425,1.0,1.0,0.5416666666666667,0.5644736842105262,0.0
20260629_225103_bc53ce62,20260629_225103_bc53ce62_g0013,13,2085060944,3,32,32,32,1,4,GREEN,champ_v3,3,3.0,[3],0,84,3,"{""1"": 85, ""2"": 76, ""3"": 87, ""4"": 84}",False,23.0,-36.0,1.0,14.0,7.0,0.0175,242.0,81.875,264.125,19.0,20.0,19.5,105.0,100.625,542.0,287.125,8.0,13.0,51.0,1.0,1.0,1.0,5.0,5.0,1.0,0.0,0.0,32.0,32.0,0.3925,0.38095238095238093,0.0128,0.0128,0.0925,0.42045454545454547,0.5795454545454546,0.575,1.0,1.0,0.4916666666666667,0.5846372688477952,0.0
20260629_225103_bc53ce62,20260629_225103_bc53ce62_g0013,13,2085060944,4,40,40,40,1,1,RED,pool_heuristic,0,3.0,[3],0,85,2,"{""1"": 85, ""2"": 76, ""3"": 87, ""4"": 84}",False,26.0,-41.0,0.0,18.0,10.0,0.025,76.0,39.375,86.0,19.0,10.0,16.5,35.5,5.0,248.0,112.0,10.0,11.0,38.0,1.0,1.0,2.0,6.0,1.0,0.0,0.0,0.0,40.0,40.0,0.48,0.47619047619047616,0.016,0.016,0.125,0.5681818181818182,0.4318181818181818,0.65,1.0,1.0,0.5583333333333333,0.5147368421052632,0.0
20260629_225103_bc53ce62,20260629_225103_bc53ce62_g0013,13,2085060944,4,40,40,40,1,2,BLUE,pool_l45_100ms,1,3.0,[3],0,76,4,"{""1"": 85, ""2"": 76, ""3"": 87, ""4"": 84}",False,19.0,-55.0,6.0,20.0,10.0,0.025,62.0,32.875,63.5,17.0,13.0,12.0,21.5,0.0,262.0,82.5,10.0,11.0,38.0,1.0,1.0,2.0,6.0,1.0,0.0,0.0,0.0,40.0,40.0,0.48,0.47619047619047616,0.016,0.016,0.125,0.5681818181818182,0.4318181818181818,0.475,1.0,1.0,0.6166666666666667,0.40210526315789474,0.0
20260629_225103_bc53ce62,20260629_225103_bc53ce62_g0013,13,2085060944,4,40,40,40,1,3,YELLOW,pool_peer_500ms,2,3.0,[3],1,87,1,"{""1"": 85, ""2"": 76, ""3"": 87, ""4"": 84}",False,21.0,-51.0,1.0,20.0,10.0,0.025,123.0,50.375,131.125,17.0,15.0,28.5,45.0,25.625,201.0,152.125,10.0,11.0,40.0,1.0,1.0,2.0,4.0,3.0,0.0,0.0,0.0,40.0,40.0,0.48,0.47619047619047616,0.016,0.016,0.12,0.5454545454545454,0.45454545454545453,0.525,1.0,1.0,0.6,0.5548245614035088,0.0
20260629_225103_bc53ce62,20260629_225103_bc53ce62_g0013,13,2085060944,4,40,40,40,1,4,GREEN,champ_v3,3,3.0,[3],0,84,3,"{""1"": 85, ""2"": 76, ""3"": 87, ""4"": 84}",False,27.0,-39.0,1.0,27.0,10.0,0.025,63.0,34.5,69.5,19.0,15.0,0.0,18.0,17.5,261.0,96.5,10.0,11.0,44.0,1.0,1.0,0.0,4.0,5.0,1.0,0.0,0.0,40.0,40.0,0.48,0.47619047619047616,0.016,0.016,0.11,0.5,0.5,0.675,1.0,1.0,0.55,0.5681818181818181,0.0
20260629_225103_bc53ce62,20260629_225103_bc53ce62_g0013,13,2085060944,5,48,48,48,1,1,RED,pool_heuristic,0,3.0,[3],0,85,2,"{""1"": 85, ""2"": 76, ""3"": 87, ""4"": 84}",False,24.0,-38.0,0.0,24.0,22.0,0.055,50.0,31.25,59.25,18.0,9.0,11.25,16.0,5.0,83.0,83.25,12.0,9.0,30.0,1.0,1.0,2.0,4.0,1.0,0.0,0.0,0.0,48.0,48.0,0.5675,0.5714285714285714,0.0192,0.0192,0.145,0.6590909090909091,0.3409090909090909,0.6,1.0,1.0,0.5166666666666667,0.5444646098003629,0.0
20260629_225103_bc53ce62,20260629_225103_bc53ce62_g0013,13,2085060944,5,48,48,48,1,2,BLUE,pool_l45_100ms,1,3.0,[3],0,76,4,"{""1"": 85, ""2"": 76, ""3"": 87, ""4"": 84}",False,14.0,-58.0,6.0,28.0,22.0,0.055,15.0,12.5,15.5,10.0,4.0,1.5,0.0,0.0,118.0,29.5,12.0,9.0,30.0,1.0,1.0,2.0,4.0,1.0,0.0,0.0,0.0,48.0,48.0,0.5675,0.5714285714285714,0.0192,0.0192,0.145,0.6590909090909091,0.3409090909090909,0.35,0.6833333333333333,1.0,0.6,0.3784029038112523,0.0
20260629_225103_bc53ce62,20260629_225103_bc53ce62_g0013,13,2085060944,5,48,48,48,1,3,YELLOW,pool_peer_500ms,2,3.0,[3],1,87,1,"{""1"": 85, ""2"": 76, ""3"": 87, ""4"": 84}",False,21.0,-44.0,1.0,29.0,22.0,0.055,34.0,21.0,34.5,13.0,8.0,7.5,6.0,0.0,99.0,55.5,12.0,9.0,31.0,1.0,1.0,2.0,3.0,2.0,0.0,0.0,0.0,48.0,48.0,0.5675,0.5714285714285714,0.0192,0.0192,0.1425,0.6477272727272727,0.3522727272727273,0.525,0.8166666666666667,1.0,0.5416666666666667,0.5392428439519852,0.0
20260629_225103_bc53ce62,20260629_225103_bc53ce62_g0013,13,2085060944,5,48,48,48,1,4,GREEN,champ_v3,3,3.0,[3],0,84,3,"{""1"": 85, ""2"": 76, ""3"": 87, ""4"": 84}",False,27.0,-32.0,1.0,35.0,22.0,0.055,34.0,24.25,38.25,16.0,12.0,0.0,4.0,6.25,99.0,65.25,12.0,9.0,34.0,1.0,1.0,0.0,4.0,3.0,1.0,0.0,0.0,48.0,48.0,0.5675,0.5714285714285714,0.0192,0.0192,0.135,0.6136363636363636,0.38636363636363635,0.675,1.0,1.0,0.4916666666666667,0.5506822612085771,0.0
20260629_225103_bc53ce62,20260629_225103_bc53ce62_g0013,13,2085060944,6,56,56,56,1,1,RED,pool_heuristic,0,3.0,[3],0,85,2,"{""1"": 85, ""2"": 76, ""3"": 87, ""4"": 84}",False,24.0,-35.0,0.0,35.0,34.0,0.085,22.0,19.0,23.5,16.0,4.0,1.5,2.0,0.0,37.0,47.5,14.0,7.0,22.0,1.0,1.0,2.0,2.0,1.0,0.0,0.0,0.0,56.0,56.0,0.6325,0.6666666666666666,0.0224,0.0224,0.165,0.75,0.25,0.6,1.0,1.0,0.4916666666666667,0.5350877192982455,0.0
20260629_225103_bc53ce62,20260629_225103_bc53ce62_g0013,13,2085060944,6,56,56,56,1,2,BLUE,pool_l45_100ms,1,3.0,[3],0,76,4,"{""1"": 85, ""2"": 76, ""3"": 87, ""4"": 84}",False,14.0,-55.0,6.0,36.0,34.0,0.085,11.0,10.25,10.75,10.0,0.0,0.75,0.0,0.0,48.0,24.75,14.0,7.0,25.0,1.0,0.0,1.0,4.0,1.0,0.0,0.0,0.0,56.0,56.0,0.6325,0.6666666666666666,0.0224,0.0224,0.1575,0.7159090909090909,0.2840909090909091,0.35,0.5,1.0,0.575,0.37259816207184626,0.0
20260629_225103_bc53ce62,20260629_225103_bc53ce62_g0013,13,2085060944,6,56,56,56,1,3,YELLOW,pool_peer_500ms,2,3.0,[3],1,87,1,"{""1"": 85, ""2"": 76, ""3"": 87, ""4"": 84}",False,17.0,-49.0,1.0,36.0,34.0,0.085,14.0,11.5,14.5,9.0,4.0,1.5,0.0,0.0,45.0,31.5,14.0,7.0,23.0,1.0,1.0,2.0,1.0,2.0,0.0,0.0,0.0,56.0,56.0,0.6325,0.6666666666666666,0.0224,0.0224,0.1625,0.7386363636363636,0.26136363636363635,0.425,0.5333333333333333,1.0,0.55,0.4955465587044534,0.0
20260629_225103_bc53ce62,20260629_225103_bc53ce62_g0013,13,2085060944,6,56,56,56,1,4,GREEN,champ_v3,3,3.0,[3],0,84,3,"{""1"": 85, ""2"": 76, ""3"": 87, ""4"": 84}",False,28.0,-27.0,1.0,43.0,34.0,0.085,12.0,5.625,11.625,0.0,11.0,0.0,0.0,0.625,47.0,39.625,14.0,7.0,29.0,0.0,1.0,0.0,3.0,3.0,1.0,0.0,0.0,56.0,56.0,0.6325,0.6666666666666666,0.0224,0.0224,0.1475,0.6704545454545454,0.32954545454545453,0.7,1.0,1.0,0.4583333333333333,0.5307760927743087,0.0
20260629_225103_bc53ce62,20260629_225103_bc53ce62_g0013,13,2085060944,7,64,64,64,1,1,RED,pool_heuristic,0,3.0,[3],0,85,2,"{""1"": 85, ""2"": 76, ""3"": 87, ""4"": 84}",False,24.0,-35.0,0.0,47.0,33.0,0.0825,1.0,0.25,0.75,0.0,0.0,0.75,0.0,0.0,18.0,24.75,16.0,5.0,19.0,0.0,0.0,2.0,2.0,1.0,0.0,0.0,0.0,64.0,64.0,0.685,0.7619047619047619,0.0256,0.0256,0.1725,0.7840909090909091,0.2159090909090909,0.6,0.8333333333333334,1.0,0.4916666666666667,0.5331807780320366,0.0
20260629_225103_bc53ce62,20260629_225103_bc53ce62_g0013,13,2085060944,7,64,64,64,1,2,BLUE,pool_l45_100ms,1,3.0,[3],0,76,4,"{""1"": 85, ""2"": 76, ""3"": 87, ""4"": 84}",False,14.0,-55.0,2.0,48.0,33.0,0.0825,10.0,10.0,10.0,10.0,0.0,0.0,0.0,0.0,9.0,24.0,16.0,5.0,18.0,1.0,0.0,0.0,3.0,1.0,0.0,0.0,0.0,64.0,64.0,0.685,0.7619047619047619,0.0256,0.0256,0.175,0.7954545454545454,0.20454545454545456,0.35,0.36666666666666664,1.0,0.575,0.412781954887218,0.0
20260629_225103_bc53ce62,20260629_225103_bc53ce62_g0013,13,2085060944,7,64,64,64,1,3,YELLOW,pool_peer_500ms,2,3.0,[3],1,87,1,"{""1"": 85, ""2"": 76, ""3"": 87, ""4"": 84}",False,16.0,-51.0,1.0,44.0,33.0,0.0825,5.0,2.25,4.75,0.0,4.0,0.75,0.0,0.0,14.0,20.75,16.0,5.0,19.0,0.0,1.0,1.0,1.0,2.0,0.0,0.0,0.0,64.0,64.0,0.685,0.7619047619047619,0.0256,0.0256,0.1725,0.7840909090909091,0.2159090909090909,0.4,0.48333333333333334,1.0,0.5583333333333333,0.4874141876430206,0.0
20260629_225103_bc53ce62,20260629_225103_bc53ce62_g0013,13,2085060944,7,64,64,64,1,4,GREEN,champ_v3,3,3.0,[3],0,84,3,"{""1"": 85, ""2"": 76, ""3"": 87, ""4"": 84}",False,29.0,-25.0,1.0,53.0,33.0,0.0825,3.0,0.75,3.25,0.0,0.0,0.0,2.0,1.25,16.0,32.25,16.0,5.0,22.0,0.0,0.0,0.0,3.0,2.0,1.0,0.0,0.0,64.0,64.0,0.685,0.7619047619047619,0.0256,0.0256,0.165,0.75,0.25,0.725,1.0,1.0,0.45,0.5199362041467305,0.0
20260629_225103_bc53ce62,20260629_225103_bc53ce62_g0014,14,9424328,0,8,8,8,1,1,RED,pool_l45_100ms,0,3.0,[3],0,77,3,"{""1"": 77, ""2"": 103, ""3"": 116, ""4"": 62}",False,6.0,-20.0,9.0,0.0,1.0,0.0025,388.0,90.5,366.25,6.0,10.0,28.5,113.0,208.75,1571.0,372.25,2.0,19.0,78.0,1.0,1.0,2.0,6.0,9.0,1.0,1.0,0.0,8.0,8.0,0.1,0.09523809523809523,0.0032,0.0032,0.025,0.11363636363636363,0.8863636363636364,0.15,1.0,1.0,0.21666666666666665,0.20526315789473681,0.0
20260629_225103_bc53ce62,20260629_225103_bc53ce62_g0014,14,9424328,0,8,8,8,1,2,BLUE,pool_peer_500ms,1,3.0,[3],0,103,2,"{""1"": 77, ""2"": 103, ""3"": 116, ""4"": 62}",False,9.0,-14.0,9.0,0.0,1.0,0.0025,543.0,122.625,488.75,9.0,15.0,41.25,153.5,270.0,1416.0,497.75,2.0,19.0,78.0,1.0,1.0,2.0,6.0,9.0,1.0,0.0,0.0,8.0,8.0,0.1,0.09523809523809523,0.0032,0.0032,0.025,0.11363636363636363,0.8863636363636364,0.225,1.0,1.0,0.19166666666666668,0.23684210526315785,0.0
20260629_225103_bc53ce62,20260629_225103_bc53ce62_g0014,14,9424328,0,8,8,8,1,3,YELLOW,champ_v3,2,3.0,[3],1,116,1,"{""1"": 77, ""2"": 103, ""3"": 116, ""4"": 62}",False,9.0,-14.0,9.0,0.0,1.0,0.0025,543.0,122.625,488.75,9.0,15.0,41.25,153.5,270.0,1416.0,497.75,2.0,19.0,78.0,1.0,1.0,2.0,6.0,9.0,1.0,0.0,0.0,8.0,8.0,0.1,0.09523809523809523,0.0032,0.0032,0.025,0.11363636363636363,0.8863636363636364,0.225,1.0,1.0,0.19166666666666668,0.23684210526315785,0.0
20260629_225103_bc53ce62,20260629_225103_bc53ce62_g0014,14,9424328,0,8,8,8,1,4,GREEN,pool_heuristic,3,3.0,[3],0,62,4,"{""1"": 77, ""2"": 103, ""3"": 116, ""4"": 62}",False,8.0,-16.0,9.0,0.0,1.0,0.0025,485.0,119.125,478.125,8.0,14.0,39.75,152.0,264.375,1474.0,486.125,2.0,19.0,78.0,1.0,1.0,2.0,6.0,9.0,1.0,0.0,1.0,8.0,8.0,0.1,0.09523809523809523,0.0032,0.0032,0.025,0.11363636363636363,0.8863636363636364,0.2,1.0,1.0,0.2,0.2315789473684211,0.0
20260629_225103_bc53ce62,20260629_225103_bc53ce62_g0014,14,9424328,1,16,16,16,1,1,RED,pool_l45_100ms,0,3.0,[3],0,77,3,"{""1"": 77, ""2"": 103, ""3"": 116, ""4"": 62}",False,10.0,-33.0,7.0,0.0,1.0,0.0025,475.0,113.5,432.5,10.0,17.0,43.5,162.0,200.0,1968.0,442.5,4.0,17.0,68.0,1.0,1.0,2.0,6.0,7.0,1.0,0.0,0.0,16.0,16.0,0.2,0.19047619047619047,0.0064,0.0064,0.05,0.22727272727272727,0.7727272727272727,0.25,1.0,1.0,0.35833333333333334,0.3236842105263158,0.0
20260629_225103_bc53ce62,20260629_225103_bc53ce62_g0014,14,9424328,1,16,16,16,1,2,BLUE,pool_peer_500ms,1,3.0,[3],0,103,2,"{""1"": 77, ""2"": 103, ""3"": 116, ""4"": 62}",False,16.0,-21.0,0.0,2.0,1.0,0.0025,721.0,179.875,699.375,14.0,24.0,67.5,252.0,341.875,1722.0,715.375,4.0,17.0,68.0,1.0,1.0,2.0,6.0,7.0,1.0,0.0,0.0,16.0,16.0,0.2,0.19047619047619047,0.0064,0.0064,0.05,0.22727272727272727,0.7727272727272727,0.4,1.0,1.0,0.30833333333333335,0.49473684210526314,0.0
20260629_225103_bc53ce62,20260629_225103_bc53ce62_g0014,14,9424328,1,16,16,16,1,3,YELLOW,champ_v3,2,3.0,[3],1,116,1,"{""1"": 77, ""2"": 103, ""3"": 116, ""4"": 62}",False,15.0,-23.0,1.0,2.0,1.0,0.0025,751.0,188.375,728.25,15.0,26.0,72.75,264.5,350.0,1692.0,743.25,4.0,17.0,68.0,1.0,1.0,2.0,6.0,7.0,1.0,0.0,0.0,16.0,16.0,0.2,0.19047619047619047,0.0064,0.0064,0.05,0.22727272727272727,0.7727272727272727,0.375,1.0,1.0,0.31666666666666665,0.4894736842105264,0.0
20260629_225103_bc53ce62,20260629_225103_bc53ce62_g0014,14,9424328,1,16,16,16,1,4,GREEN,pool_heuristic,3,3.0,[3],0,62,4,"{""1"": 77, ""2"": 103, ""3"": 116, ""4"": 62}",False,12.0,-29.0,4.0,0.0,1.0,0.0025,496.0,130.75,497.0,12.0,19.0,51.75,183.0,231.25,1947.0,509.0,4.0,17.0,68.0,1.0,1.0,2.0,6.0,7.0,1.0,0.0,1.0,16.0,16.0,0.2,0.19047619047619047,0.0064,0.0064,0.05,0.22727272727272727,0.7727272727272727,0.3,1.0,1.0,0.3416666666666667,0.41052631578947374,0.0
20260629_225103_bc53ce62,20260629_225103_bc53ce62_g0014,14,9424328,2,24,24,24,1,1,RED,pool_l45_100ms,0,3.0,[3],0,77,3,"{""1"": 77, ""2"": 103, ""3"": 116, ""4"": 62}",False,14.0,-43.0,4.0,3.0,1.0,0.0025,283.0,74.875,254.25,12.0,15.0,33.75,108.5,85.0,1342.0,268.25,6.0,15.0,58.0,1.0,1.0,2.0,6.0,5.0,0.0,0.0,0.0,24.0,24.0,0.2975,0.2857142857142857,0.0096,0.0096,0.075,0.3409090909090909,0.6590909090909091,0.35,1.0,1.0,0.475,0.4035087719298245,0.0
20260629_225103_bc53ce62,20260629_225103_bc53ce62_g0014,14,9424328,2,24,24,24,1,2,BLUE,pool_peer_500ms,1,3.0,[3],0,103,2,"{""1"": 77, ""2"": 103, ""3"": 116, ""4"": 62}",False,19.0,-33.0,0.0,9.0,1.0,0.0025,668.0,180.75,671.375,19.0,30.0,79.5,233.5,309.375,957.0,690.375,6.0,15.0,59.0,1.0,1.0,2.0,5.0,6.0,1.0,0.0,0.0,24.0,24.0,0.2975,0.2857142857142857,0.0096,0.0096,0.0725,0.32954545454545453,0.6704545454545454,0.475,1.0,1.0,0.4333333333333333,0.5843920145190562,0.0
20260629_225103_bc53ce62,20260629_225103_bc53ce62_g0014,14,9424328,2,24,24,24,1,3,YELLOW,champ_v3,2,3.0,[3],1,116,1,"{""1"": 77, ""2"": 103, ""3"": 116, ""4"": 62}",False,20.0,-31.0,1.0,12.0,1.0,0.0025,371.0,107.625,368.0,17.0,21.0,48.75,152.5,128.75,1254.0,388.0,6.0,15.0,58.0,1.0,1.0,2.0,6.0,5.0,1.0,0.0,0.0,24.0,24.0,0.2975,0.2857142857142857,0.0096,0.0096,0.075,0.3409090909090909,0.6590909090909091,0.5,1.0,1.0,0.425,0.5789473684210527,0.0
20260629_225103_bc53ce62,20260629_225103_bc53ce62_g0014,14,9424328,2,24,24,24,1,4,GREEN,pool_heuristic,3,3.0,[3],0,62,4,"{""1"": 77, ""2"": 103, ""3"": 116, ""4"": 62}",False,18.0,-35.0,4.0,6.0,1.0,0.0025,303.0,93.625,316.25,16.0,17.0,42.75,135.5,105.0,1322.0,334.25,6.0,15.0,58.0,1.0,1.0,2.0,6.0,5.0,0.0,0.0,1.0,24.0,24.0,0.2975,0.2857142857142857,0.0096,0.0096,0.075,0.3409090909090909,0.6590909090909091,0.45,1.0,1.0,0.4416666666666667,0.45789473684210524,0.0
20260629_225103_bc53ce62,20260629_225103_bc53ce62_g0014,14,9424328,3,32,32,32,1,1,RED,pool_l45_100ms,0,3.0,[3],0,77,3,"{""1"": 77, ""2"": 103, ""3"": 116, ""4"": 62}",False,16.0,-48.0,3.0,13.0,3.0,0.0075,61.0,27.125,60.875,12.0,9.0,10.5,25.0,4.375,796.0,76.875,8.0,13.0,48.0,1.0,1.0,2.0,6.0,3.0,0.0,0.0,0.0,32.0,32.0,0.3925,0.38095238095238093,0.0128,0.0128,0.1,0.45454545454545453,0.5454545454545454,0.4,1.0,1.0,0.5333333333333333,0.46184210526315794,0.0
20260629_225103_bc53ce62,20260629_225103_bc53ce62_g0014,14,9424328,3,32,32,32,1,2,BLUE,pool_peer_500ms,1,3.0,[3],0,103,2,"{""1"": 77, ""2"": 103, ""3"": 116, ""4"": 62}",False,23.0,-34.0,0.0,23.0,3.0,0.0075,314.0,95.75,303.375,20.0,21.0,49.5,123.5,89.375,543.0,326.375,8.0,13.0,49.0,1.0,1.0,2.0,5.0,4.0,0.0,0.0,0.0,32.0,32.0,0.3925,0.38095238095238093,0.0128,0.0128,0.0975,0.4431818181818182,0.5568181818181818,0.575,1.0,1.0,0.475,0.5843454790823212,0.0
20260629_225103_bc53ce62,20260629_225103_bc53ce62_g0014,14,9424328,3,32,32,32,1,3,YELLOW,champ_v3,2,3.0,[3],1,116,1,"{""1"": 77, ""2"": 103, ""3"": 116, ""4"": 62}",False,25.0,-30.0,1.0,19.0,3.0,0.0075,412.0,120.125,406.0,21.0,25.0,61.5,128.5,170.0,445.0,431.0,8.0,13.0,50.0,1.0,1.0,2.0,4.0,5.0,1.0,0.0,0.0,32.0,32.0,0.3925,0.38095238095238093,0.0128,0.0128,0.095,0.4318181818181818,0.5681818181818182,0.625,1.0,1.0,0.4583333333333333,0.5914127423822715,0.0
20260629_225103_bc53ce62,20260629_225103_bc53ce62_g0014,14,9424328,3,32,32,32,1,4,GREEN,pool_heuristic,3,3.0,[3],0,62,4,"{""1"": 77, ""2"": 103, ""3"": 116, ""4"": 62}",False,16.0,-48.0,4.0,7.0,3.0,0.0075,70.0,30.0,67.375,14.0,7.0,13.5,28.5,4.375,787.0,83.375,8.0,13.0,48.0,1.0,1.0,2.0,6.0,3.0,0.0,0.0,1.0,32.0,32.0,0.3925,0.38095238095238093,0.0128,0.0128,0.1,0.45454545454545453,0.5454545454545454,0.4,1.0,1.0,0.5333333333333333,0.45789473684210524,0.0
20260629_225103_bc53ce62,20260629_225103_bc53ce62_g0014,14,9424328,4,40,40,40,1,1,RED,pool_l45_100ms,0,3.0,[3],0,77,3,"{""1"": 77, ""2"": 103, ""3"": 116, ""4"": 62}",False,18.0,-55.0,0.0,30.0,8.0,0.02,39.0,23.875,42.75,14.0,8.0,8.25,12.5,0.0,414.0,60.75,10.0,11.0,38.0,1.0,1.0,2.0,6.0,1.0,0.0,0.0,0.0,40.0,40.0,0.4875,0.47619047619047616,0.016,0.016,0.125,0.5681818181818182,0.4318181818181818,0.45,1.0,1.0,0.6083333333333333,0.5052631578947369,0.0
20260629_225103_bc53ce62,20260629_225103_bc53ce62_g0014,14,9424328,4,40,40,40,1,2,BLUE,pool_peer_500ms,1,3.0,[3],0,103,2,"{""1"": 77, ""2"": 103, ""3"": 116, ""4"": 62}",False,27.0,-37.0,0.0,34.0,8.0,0.02,153.0,58.25,150.125,21.0,17.0,34.5,34.5,43.125,300.0,177.125,10.0,11.0,41.0,1.0,1.0,2.0,3.0,4.0,0.0,0.0,0.0,40.0,40.0,0.4875,0.47619047619047616,0.016,0.016,0.1175,0.5340909090909091,0.4659090909090909,0.675,1.0,1.0,0.5333333333333333,0.5711086226203808,0.0
20260629_225103_bc53ce62,20260629_225103_bc53ce62_g0014,14,9424328,4,40,40,40,1,3,YELLOW,champ_v3,2,3.0,[3],1,116,1,"{""1"": 77, ""2"": 103, ""3"": 116, ""4"": 62}",False,30.0,-31.0,1.0,27.0,8.0,0.02,223.0,83.5,234.75,25.0,22.0,43.5,83.0,61.25,230.0,264.75,10.0,11.0,40.0,1.0,1.0,2.0,4.0,3.0,0.0,0.0,0.0,40.0,40.0,0.4875,0.47619047619047616,0.016,0.016,0.12,0.5454545454545454,0.45454545454545453,0.75,1.0,1.0,0.5083333333333333,0.5592105263157895,0.0
20260629_225103_bc53ce62,20260629_225103_bc53ce62_g0014,14,9424328,4,40,40,40,1,4,GREEN,pool_heuristic,3,3.0,[3],0,62,4,"{""1"": 77, ""2"": 103, ""3"": 116, ""4"": 62}",False,16.0,-59.0,4.0,9.0,8.0,0.02,38.0,21.5,37.75,14.0,4.0,6.75,13.0,0.0,415.0,53.75,10.0,11.0,38.0,1.0,1.0,2.0,6.0,1.0,0.0,0.0,1.0,40.0,40.0,0.4875,0.47619047619047616,0.016,0.016,0.125,0.5681818181818182,0.4318181818181818,0.4,1.0,1.0,0.625,0.42210526315789476,0.0
20260629_225103_bc53ce62,20260629_225103_bc53ce62_g0014,14,9424328,5,48,48,48,1,1,RED,pool_l45_100ms,0,3.0,[3],0,77,3,"{""1"": 77, ""2"": 103, ""3"": 116, ""4"": 62}",False,15.0,-58.0,0.0,34.0,29.0,0.0725,13.0,11.0,13.5,9.0,3.0,1.5,0.0,0.0,172.0,28.5,12.0,9.0,30.0,1.0,1.0,2.0,4.0,1.0,0.0,0.0,0.0,48.0,48.0,0.565,0.5714285714285714,0.0192,0.0192,0.145,0.6590909090909091,0.3409090909090909,0.375,0.75,1.0,0.6083333333333333,0.4627949183303085,0.0
20260629_225103_bc53ce62,20260629_225103_bc53ce62_g0014,14,9424328,5,48,48,48,1,2,BLUE,pool_peer_500ms,1,3.0,[3],0,103,2,"{""1"": 77, ""2"": 103, ""3"": 116, ""4"": 62}",False,29.0,-30.0,0.0,42.0,29.0,0.0725,61.0,35.75,70.25,19.0,12.0,18.0,10.0,11.25,124.0,99.25,12.0,9.0,32.0,1.0,1.0,2.0,2.0,3.0,0.0,0.0,0.0,48.0,48.0,0.565,0.5714285714285714,0.0192,0.0192,0.14,0.6363636363636364,0.36363636363636365,0.725,1.0,1.0,0.4916666666666667,0.5958646616541353,0.0
20260629_225103_bc53ce62,20260629_225103_bc53ce62_g0014,14,9424328,5,48,48,48,1,3,YELLOW,champ_v3,2,3.0,[3],1,116,1,"{""1"": 77, ""2"": 103, ""3"": 116, ""4"": 62}",False,30.0,-28.0,1.0,36.0,29.0,0.0725,108.0,51.5,114.0,23.0,17.0,27.0,32.0,15.0,77.0,144.0,12.0,9.0,31.0,1.0,1.0,2.0,3.0,2.0,0.0,0.0,0.0,48.0,48.0,0.565,0.5714285714285714,0.0192,0.0192,0.1425,0.6477272727272727,0.3522727272727273,0.75,1.0,1.0,0.4833333333333333,0.5660203139427515,0.0
20260629_225103_bc53ce62,20260629_225103_bc53ce62_g0014,14,9424328,5,48,48,48,1,4,GREEN,pool_heuristic,3,3.0,[3],0,62,4,"{""1"": 77, ""2"": 103, ""3"": 116, ""4"": 62}",False,14.0,-60.0,4.0,15.0,29.0,0.0725,3.0,1.25,2.75,0.0,2.0,0.75,0.0,0.0,182.0,16.75,12.0,9.0,33.0,0.0,1.0,2.0,5.0,1.0,0.0,0.0,1.0,48.0,48.0,0.565,0.5714285714285714,0.0192,0.0192,0.1375,0.625,0.375,0.35,0.9,1.0,0.6166666666666667,0.43349282296650715,0.0
20260629_225103_bc53ce62,20260629_225103_bc53ce62_g0014,14,9424328,6,56,56,57,2,1,RED,pool_l45_100ms,0,3.0,[3],0,77,3,"{""1"": 77, ""2"": 103, ""3"": 116, ""4"": 62}",False,11.0,-61.0,0.0,40.0,31.0,0.0775,0.0,0.0,0.0,0.0,0.0,0.0,0.0,0.0,90.0,11.0,15.0,6.0,24.0,0.0,0.0,1.0,4.0,1.0,0.0,0.0,0.0,56.0,57.0,0.6325,0.7142857142857143,0.0228,0.0224,0.16,0.7272727272727273,0.2727272727272727,0.275,0.5666666666666667,1.0,0.6,0.45723684210526316,0.0
20260629_225103_bc53ce62,20260629_225103_bc53ce62_g0014,14,9424328,6,56,56,57,2,2,BLUE,pool_peer_500ms,1,3.0,[3],0,103,2,"{""1"": 77, ""2"": 103, ""3"": 116, ""4"": 62}",False,29.0,-25.0,0.0,48.0,31.0,0.0775,36.0,25.25,39.25,17.0,7.0,11.25,4.0,0.0,54.0,68.25,14.0,7.0,22.0,1.0,1.0,2.0,2.0,1.0,0.0,0.0,0.0,56.0,57.0,0.6325,0.6666666666666666,0.0228,0.0224,0.165,0.75,0.25,0.725,0.9666666666666667,1.0,0.45,0.5606060606060607,0.0
20260629_225103_bc53ce62,20260629_225103_bc53ce62_g0014,14,9424328,6,56,56,57,2,3,YELLOW,champ_v3,2,3.0,[3],1,116,1,"{""1"": 77, ""2"": 103, ""3"": 116, ""4"": 62}",False,30.0,-23.0,1.0,48.0,31.0,0.0775,54.0,31.25,49.25,21.0,9.0,11.25,8.0,0.0,36.0,79.25,14.0,7.0,22.0,1.0,1.0,2.0,2.0,1.0,0.0,0.0,0.0,56.0,57.0,0.6325,0.6666666666666666,0.0228,0.0224,0.165,0.75,0.25,0.75,1.0,1.0,0.4416666666666667,0.5526315789473684,0.0
20260629_225103_bc53ce62,20260629_225103_bc53ce62_g0014,14,9424328,6,56,56,57,2,4,GREEN,pool_heuristic,3,3.0,[3],0,62,4,"{""1"": 77, ""2"": 103, ""3"": 116, ""4"": 62}",False,13.0,-57.0,3.0,28.0,31.0,0.0775,0.0,0.0,0.0,0.0,0.0,0.0,0.0,0.0,90.0,13.0,13.0,8.0,31.0,0.0,0.0,2.0,5.0,1.0,0.0,0.0,1.0,56.0,57.0,0.6325,0.6190476190476191,0.0228,0.0224,0.1425,0.6477272727272727,0.3522727272727273,0.325,0.75,1.0,0.5833333333333333,0.44506001846722076,0.0
20260629_225103_bc53ce62,20260629_225103_bc53ce62_g0014,14,9424328,7,64,64,71,4,1,RED,pool_l45_100ms,0,3.0,[3],0,77,3,"{""1"": 77, ""2"": 103, ""3"": 116, ""4"": 62}",False,11.0,-63.0,0.0,43.0,34.0,0.085,0.0,0.0,0.0,0.0,0.0,0.0,0.0,0.0,41.0,11.0,15.0,6.0,24.0,0.0,0.0,1.0,4.0,1.0,0.0,0.0,0.0,64.0,71.0,0.705,0.7142857142857143,0.0284,0.0256,0.16,0.7272727272727273,0.2727272727272727,0.275,0.18333333333333332,1.0,0.6166666666666667,0.45723684210526316,0.0
20260629_225103_bc53ce62,20260629_225103_bc53ce62_g0014,14,9424328,7,64,64,71,4,2,BLUE,pool_peer_500ms,1,3.0,[3],0,103,2,"{""1"": 77, ""2"": 103, ""3"": 116, ""4"": 62}",False,30.0,-25.0,0.0,61.0,34.0,0.085,15.0,5.5,13.0,0.0,7.0,6.0,0.0,0.0,26.0,43.0,18.0,3.0,9.0,0.0,1.0,1.0,1.0,0.0,0.0,0.0,0.0,64.0,71.0,0.705,0.8571428571428571,0.0284,0.0256,0.1975,0.8977272727272727,0.10227272727272728,0.75,0.75,0.8,0.4583333333333333,0.5429713524317121,0.0
20260629_225103_bc53ce62,20260629_225103_bc53ce62_g0014,14,9424328,7,64,64,71,4,3,YELLOW,champ_v3,2,3.0,[3],1,116,1,"{""1"": 77, ""2"": 103, ""3"": 116, ""4"": 62}",False,31.0,-23.0,1.0,64.0,34.0,0.085,26.0,23.0,26.5,20.0,5.0,1.5,0.0,0.0,15.0,57.5,18.0,3.0,6.0,1.0,1.0,1.0,0.0,0.0,0.0,0.0,0.0,64.0,71.0,0.705,0.8571428571428571,0.0284,0.0256,0.205,0.9318181818181818,0.06818181818181818,0.775,0.7333333333333333,0.6,0.45,0.496790757381258,0.0
20260629_225103_bc53ce62,20260629_225103_bc53ce62_g0014,14,9424328,7,64,64,71,4,4,GREEN,pool_heuristic,3,3.0,[3],0,62,4,"{""1"": 77, ""2"": 103, ""3"": 116, ""4"": 62}",False,13.0,-59.0,3.0,39.0,34.0,0.085,0.0,0.0,0.0,0.0,0.0,0.0,0.0,0.0,41.0,13.0,13.0,8.0,31.0,0.0,0.0,2.0,5.0,1.0,0.0,0.0,1.0,64.0,71.0,0.705,0.6190476190476191,0.0284,0.0256,0.1425,0.6477272727272727,0.3522727272727273,0.325,0.4666666666666667,1.0,0.6,0.44506001846722076,0.0
20260629_225103_bc53ce62,20260629_225103_bc53ce62_g0015,15,1541646562,0,8,8,8,1,1,RED,pool_peer_500ms,0,2.0,[2],0,83,2,"{""1"": 83, ""2"": 122, ""3"": 65, ""4"": 81}",False,9.0,-13.0,9.0,0.0,0.0,0.0,543.0,122.625,488.75,9.0,15.0,41.25,153.5,270.0,1313.0,497.75,2.0,19.0,78.0,1.0,1.0,2.0,6.0,9.0,1.0,0.0,0.0,8.0,8.0,0.1,0.09523809523809523,0.0032,0.0032,0.025,0.11363636363636363,0.8863636363636364,0.225,1.0,1.0,0.18333333333333332,0.23684210526315785,0.0
20260629_225103_bc53ce62,20260629_225103_bc53ce62_g0015,15,1541646562,0,8,8,8,1,2,BLUE,champ_v3,1,2.0,[2],1,122,1,"{""1"": 83, ""2"": 122, ""3"": 65, ""4"": 81}",False,9.0,-13.0,9.0,0.0,0.0,0.0,543.0,122.625,488.75,9.0,15.0,41.25,153.5,270.0,1313.0,497.75,2.0,19.0,78.0,1.0,1.0,2.0,6.0,9.0,1.0,0.0,0.0,8.0,8.0,0.1,0.09523809523809523,0.0032,0.0032,0.025,0.11363636363636363,0.8863636363636364,0.225,1.0,1.0,0.18333333333333332,0.23684210526315785,0.0
20260629_225103_bc53ce62,20260629_225103_bc53ce62_g0015,15,1541646562,0,8,8,8,1,3,YELLOW,pool_heuristic,2,2.0,[2],0,65,4,"{""1"": 83, ""2"": 122, ""3"": 65, ""4"": 81}",False,6.0,-19.0,9.0,0.0,0.0,0.0,326.0,84.0,336.875,6.0,10.0,27.0,104.5,189.375,1530.0,342.875,2.0,19.0,78.0,1.0,1.0,2.0,6.0,9.0,1.0,1.0,1.0,8.0,8.0,0.1,0.09523809523809523,0.0032,0.0032,0.025,0.11363636363636363,0.8863636363636364,0.15,1.0,1.0,0.20833333333333334,0.25263157894736843,0.0
20260629_225103_bc53ce62,20260629_225103_bc53ce62_g0015,15,1541646562,0,8,8,8,1,4,GREEN,pool_l45_100ms,3,2.0,[2],0,81,3,"{""1"": 83, ""2"": 122, ""3"": 65, ""4"": 81}",False,7.0,-17.0,9.0,0.0,0.0,0.0,444.0,103.25,415.125,7.0,12.0,33.75,130.5,231.875,1412.0,422.125,2.0,19.0,78.0,1.0,1.0,2.0,6.0,9.0,1.0,1.0,0.0,8.0,8.0,0.1,0.09523809523809523,0.0032,0.0032,0.025,0.11363636363636363,0.8863636363636364,0.175,1.0,1.0,0.2,0.20526315789473681,0.0
20260629_225103_bc53ce62,20260629_225103_bc53ce62_g0015,15,1541646562,1,16,16,16,1,1,RED,pool_peer_500ms,0,2.0,[2],0,83,2,"{""1"": 83, ""2"": 122, ""3"": 65, ""4"": 81}",False,16.0,-20.0,0.0,2.0,4.0,0.01,689.0,172.125,666.875,14.0,23.0,64.5,241.0,324.375,1642.0,682.875,4.0,17.0,68.0,1.0,1.0,2.0,6.0,7.0,1.0,0.0,0.0,16.0,16.0,0.2,0.19047619047619047,0.0064,0.0064,0.05,0.22727272727272727,0.7727272727272727,0.4,1.0,1.0,0.3,0.49473684210526314,0.0
20260629_225103_bc53ce62,20260629_225103_bc53ce62_g0015,15,1541646562,1,16,16,16,1,2,BLUE,champ_v3,1,2.0,[2],1,122,1,"{""1"": 83, ""2"": 122, ""3"": 65, ""4"": 81}",False,15.0,-22.0,1.0,2.0,4.0,0.01,681.0,173.25,659.875,15.0,26.0,69.75,243.5,305.625,1650.0,674.875,4.0,17.0,68.0,1.0,1.0,2.0,6.0,7.0,1.0,0.0,0.0,16.0,16.0,0.2,0.19047619047619047,0.0064,0.0064,0.05,0.22727272727272727,0.7727272727272727,0.375,1.0,1.0,0.30833333333333335,0.4894736842105264,0.0
20260629_225103_bc53ce62,20260629_225103_bc53ce62_g0015,15,1541646562,1,16,16,16,1,3,YELLOW,pool_heuristic,2,2.0,[2],0,65,4,"{""1"": 83, ""2"": 122, ""3"": 65, ""4"": 81}",False,11.0,-30.0,5.0,0.0,4.0,0.01,436.0,114.0,432.0,11.0,18.0,42.75,154.0,206.25,1895.0,443.0,4.0,17.0,68.0,1.0,1.0,2.0,6.0,7.0,1.0,1.0,1.0,16.0,16.0,0.2,0.19047619047619047,0.0064,0.0064,0.05,0.22727272727272727,0.7727272727272727,0.275,1.0,1.0,0.3416666666666667,0.42894736842105263,0.0
20260629_225103_bc53ce62,20260629_225103_bc53ce62_g0015,15,1541646562,1,16,16,16,1,4,GREEN,pool_l45_100ms,3,2.0,[2],0,81,3,"{""1"": 83, ""2"": 122, ""3"": 65, ""4"": 81}",False,10.0,-32.0,7.0,0.0,4.0,0.01,525.0,121.875,470.625,10.0,17.0,45.0,173.0,225.625,1806.0,480.625,4.0,17.0,68.0,1.0,1.0,2.0,6.0,7.0,1.0,0.0,0.0,16.0,16.0,0.2,0.19047619047619047,0.0064,0.0064,0.05,0.22727272727272727,0.7727272727272727,0.25,1.0,1.0,0.35,0.3131578947368421,0.0
20260629_225103_bc53ce62,20260629_225103_bc53ce62_g0015,15,1541646562,2,24,24,24,1,1,RED,pool_peer_500ms,0,2.0,[2],0,83,2,"{""1"": 83, ""2"": 122, ""3"": 65, ""4"": 81}",False,20.0,-29.0,0.0,8.0,5.0,0.0125,579.0,162.25,580.875,20.0,31.0,77.25,209.5,243.125,953.0,600.875,6.0,15.0,59.0,1.0,1.0,2.0,5.0,6.0,1.0,0.0,0.0,24.0,24.0,0.2975,0.2857142857142857,0.0096,0.0096,0.0725,0.32954545454545453,0.6704545454545454,0.5,1.0,1.0,0.4083333333333333,0.5843920145190562,0.0
20260629_225103_bc53ce62,20260629_225103_bc53ce62_g0015,15,1541646562,2,24,24,24,1,2,BLUE,champ_v3,1,2.0,[2],1,122,1,"{""1"": 83, ""2"": 122, ""3"": 65, ""4"": 81}",False,21.0,-27.0,1.0,12.0,5.0,0.0125,464.0,133.5,462.5,18.0,27.0,63.0,202.0,152.5,1068.0,483.5,6.0,15.0,58.0,1.0,1.0,2.0,6.0,5.0,1.0,0.0,0.0,24.0,24.0,0.2975,0.2857142857142857,0.0096,0.0096,0.075,0.3409090909090909,0.6590909090909091,0.525,1.0,1.0,0.4,0.5754385964912281,0.0
20260629_225103_bc53ce62,20260629_225103_bc53ce62_g0015,15,1541646562,2,24,24,24,1,3,YELLOW,pool_heuristic,2,2.0,[2],0,65,4,"{""1"": 83, ""2"": 122, ""3"": 65, ""4"": 81}",False,14.0,-41.0,5.0,4.0,5.0,0.0125,217.0,71.0,236.625,12.0,16.0,32.25,99.5,76.875,1315.0,250.625,6.0,15.0,58.0,1.0,1.0,2.0,6.0,5.0,1.0,1.0,1.0,24.0,24.0,0.2975,0.2857142857142857,0.0096,0.0096,0.075,0.3409090909090909,0.6590909090909091,0.35,1.0,1.0,0.4583333333333333,0.4754385964912281,0.0
20260629_225103_bc53ce62,20260629_225103_bc53ce62_g0015,15,1541646562,2,24,24,24,1,4,GREEN,pool_l45_100ms,3,2.0,[2],0,81,3,"{""1"": 83, ""2"": 122, ""3"": 65, ""4"": 81}",False,14.0,-41.0,4.0,3.0,5.0,0.0125,272.0,73.875,241.75,13.0,17.0,35.25,106.5,70.0,1260.0,255.75,6.0,15.0,58.0,1.0,1.0,2.0,6.0,5.0,0.0,0.0,0.0,24.0,24.0,0.2975,0.2857142857142857,0.0096,0.0096,0.075,0.3409090909090909,0.6590909090909091,0.35,1.0,1.0,0.4583333333333333,0.43333333333333324,0.0
20260629_225103_bc53ce62,20260629_225103_bc53ce62_g0015,15,1541646562,3,32,32,32,1,1,RED,pool_peer_500ms,0,2.0,[2],0,83,2,"{""1"": 83, ""2"": 122, ""3"": 65, ""4"": 81}",False,24.0,-29.0,0.0,20.0,6.0,0.015,255.0,89.125,274.875,21.0,26.0,48.75,61.0,118.125,649.0,298.875,8.0,13.0,51.0,1.0,1.0,2.0,3.0,6.0,1.0,0.0,0.0,32.0,32.0,0.3875,0.38095238095238093,0.0128,0.0128,0.0925,0.42045454545454547,0.5795454545454546,0.6,1.0,1.0,0.4416666666666667,0.6073968705547652,0.0
20260629_225103_bc53ce62,20260629_225103_bc53ce62_g0015,15,1541646562,3,32,32,32,1,2,BLUE,champ_v3,1,2.0,[2],1,122,1,"{""1"": 83, ""2"": 122, ""3"": 65, ""4"": 81}",False,27.0,-23.0,1.0,20.0,6.0,0.015,517.0,148.875,510.625,23.0,32.0,78.0,167.0,210.625,387.0,537.625,8.0,13.0,50.0,1.0,1.0,2.0,4.0,5.0,1.0,0.0,0.0,32.0,32.0,0.3875,0.38095238095238093,0.0128,0.0128,0.095,0.4318181818181818,0.5681818181818182,0.675,1.0,1.0,0.4166666666666667,0.5886426592797784,0.0
20260629_225103_bc53ce62,20260629_225103_bc53ce62_g0015,15,1541646562,3,32,32,32,1,3,YELLOW,pool_heuristic,2,2.0,[2],0,65,4,"{""1"": 83, ""2"": 122, ""3"": 65, ""4"": 81}",False,10.0,-57.0,5.0,4.0,6.0,0.015,56.0,22.75,61.5,8.0,5.0,9.0,27.0,12.5,848.0,71.5,8.0,13.0,48.0,1.0,1.0,2.0,6.0,3.0,1.0,1.0,1.0,32.0,32.0,0.3875,0.38095238095238093,0.0128,0.0128,0.1,0.45454545454545453,0.5454545454545454,0.25,1.0,1.0,0.5583333333333333,0.44342105263157894,0.0
20260629_225103_bc53ce62,20260629_225103_bc53ce62_g0015,15,1541646562,3,32,32,32,1,4,GREEN,pool_l45_100ms,3,2.0,[2],0,81,3,"{""1"": 83, ""2"": 122, ""3"": 65, ""4"": 81}",False,16.0,-45.0,4.0,8.0,6.0,0.015,76.0,33.375,76.125,14.0,12.0,15.0,27.0,8.125,828.0,92.125,8.0,13.0,48.0,1.0,1.0,2.0,6.0,3.0,0.0,0.0,0.0,32.0,32.0,0.3875,0.38095238095238093,0.0128,0.0128,0.1,0.45454545454545453,0.5454545454545454,0.4,1.0,1.0,0.5083333333333333,0.4486842105263158,0.0
20260629_225103_bc53ce62,20260629_225103_bc53ce62_g0015,15,1541646562,4,40,40,40,1,1,RED,pool_peer_500ms,0,2.0,[2],0,83,2,"{""1"": 83, ""2"": 122, ""3"": 65, ""4"": 81}",False,29.0,-25.0,0.0,29.0,17.0,0.0425,225.0,84.875,238.875,23.0,28.0,51.75,68.0,68.125,274.0,267.875,10.0,11.0,41.0,1.0,1.0,2.0,3.0,4.0,0.0,0.0,0.0,40.0,40.0,0.485,0.47619047619047616,0.016,0.016,0.1175,0.5340909090909091,0.4659090909090909,0.725,1.0,1.0,0.45,0.574468085106383,0.0
20260629_225103_bc53ce62,20260629_225103_bc53ce62_g0015,15,1541646562,4,40,40,40,1,2,BLUE,champ_v3,1,2.0,[2],1,122,1,"{""1"": 83, ""2"": 122, ""3"": 65, ""4"": 81}",False,27.0,-29.0,1.0,34.0,17.0,0.0425,189.0,69.375,208.75,16.0,18.0,41.25,78.5,55.0,310.0,235.75,10.0,11.0,40.0,1.0,1.0,2.0,4.0,3.0,1.0,0.0,0.0,40.0,40.0,0.485,0.47619047619047616,0.016,0.016,0.12,0.5454545454545454,0.45454545454545453,0.675,1.0,1.0,0.4666666666666667,0.6239035087719298,0.0
20260629_225103_bc53ce62,20260629_225103_bc53ce62_g0015,15,1541646562,4,40,40,40,1,3,YELLOW,pool_heuristic,2,2.0,[2],0,65,4,"{""1"": 83, ""2"": 122, ""3"": 65, ""4"": 81}",False,11.0,-61.0,5.0,12.0,17.0,0.0425,21.0,12.625,20.75,8.0,4.0,5.25,3.5,0.0,478.0,31.75,10.0,11.0,39.0,1.0,1.0,2.0,5.0,2.0,1.0,1.0,0.0,40.0,40.0,0.485,0.47619047619047616,0.016,0.016,0.1225,0.5568181818181818,0.4431818181818182,0.275,1.0,1.0,0.6,0.4146079484425349,0.0
20260629_225103_bc53ce62,20260629_225103_bc53ce62_g0015,15,1541646562,4,40,40,40,1,4,GREEN,pool_l45_100ms,3,2.0,[2],0,81,3,"{""1"": 83, ""2"": 122, ""3"": 65, ""4"": 81}",False,16.0,-51.0,4.0,18.0,17.0,0.0425,64.0,28.75,60.625,13.0,11.0,13.5,22.5,0.625,435.0,76.625,10.0,11.0,38.0,1.0,1.0,2.0,6.0,1.0,0.0,0.0,0.0,40.0,40.0,0.485,0.47619047619047616,0.016,0.016,0.125,0.5681818181818182,0.4318181818181818,0.4,1.0,1.0,0.5583333333333333,0.4242105263157895,0.0
20260629_225103_bc53ce62,20260629_225103_bc53ce62_g0015,15,1541646562,5,48,48,48,1,1,RED,pool_peer_500ms,0,2.0,[2],0,83,2,"{""1"": 83, ""2"": 122, ""3"": 65, ""4"": 81}",False,32.0,-18.0,0.0,36.0,18.0,0.045,97.0,54.0,113.0,26.0,20.0,24.75,26.0,16.25,127.0,145.0,12.0,9.0,31.0,1.0,1.0,2.0,3.0,2.0,0.0,0.0,0.0,48.0,48.0,0.575,0.5714285714285714,0.0192,0.0192,0.1425,0.6477272727272727,0.3522727272727273,0.8,1.0,1.0,0.4166666666666667,0.543859649122807,0.0
20260629_225103_bc53ce62,20260629_225103_bc53ce62_g0015,15,1541646562,5,48,48,48,1,2,BLUE,champ_v3,1,2.0,[2],1,122,1,"{""1"": 83, ""2"": 122, ""3"": 65, ""4"": 81}",False,25.0,-32.0,1.0,45.0,18.0,0.045,82.0,33.625,80.25,13.0,10.0,21.0,27.5,8.75,142.0,105.25,12.0,9.0,30.0,1.0,1.0,2.0,4.0,1.0,0.0,0.0,0.0,48.0,48.0,0.575,0.5714285714285714,0.0192,0.0192,0.145,0.6590909090909091,0.3409090909090909,0.625,1.0,1.0,0.475,0.6261343012704175,0.0
20260629_225103_bc53ce62,20260629_225103_bc53ce62_g0015,15,1541646562,5,48,48,48,1,3,YELLOW,pool_heuristic,2,2.0,[2],0,65,4,"{""1"": 83, ""2"": 122, ""3"": 65, ""4"": 81}",False,8.0,-66.0,5.0,27.0,18.0,0.045,6.0,5.5,6.0,5.0,1.0,0.0,0.0,0.0,218.0,14.0,12.0,9.0,32.0,1.0,1.0,1.0,4.0,2.0,1.0,1.0,0.0,48.0,48.0,0.575,0.5714285714285714,0.0192,0.0192,0.14,0.6363636363636364,0.36363636363636365,0.2,0.6166666666666667,1.0,0.6166666666666667,0.4163533834586467,0.0
20260629_225103_bc53ce62,20260629_225103_bc53ce62_g0015,15,1541646562,5,48,48,48,1,4,GREEN,pool_l45_100ms,3,2.0,[2],0,81,3,"{""1"": 83, ""2"": 122, ""3"": 65, ""4"": 81}",False,17.0,-48.0,3.0,31.0,18.0,0.045,39.0,20.25,34.75,12.0,8.0,6.75,8.0,0.0,185.0,51.75,12.0,9.0,29.0,1.0,1.0,2.0,5.0,0.0,0.0,0.0,0.0,48.0,48.0,0.575,0.5714285714285714,0.0192,0.0192,0.1475,0.6704545454545454,0.32954545454545453,0.425,0.8333333333333334,0.8,0.5416666666666667,0.4308652988403212,0.0
20260629_225103_bc53ce62,20260629_225103_bc53ce62_g0015,15,1541646562,6,56,56,56,1,1,RED,pool_peer_500ms,0,2.0,[2],0,83,2,"{""1"": 83, ""2"": 122, ""3"": 65, ""4"": 81}",False,34.0,-14.0,0.0,46.0,25.0,0.0625,41.0,32.5,44.0,24.0,12.0,6.0,2.0,0.0,68.0,78.0,14.0,7.0,24.0,1.0,1.0,1.0,2.0,2.0,0.0,0.0,0.0,56.0,56.0,0.645,0.6666666666666666,0.0224,0.0224,0.16,0.7272727272727273,0.2727272727272727,0.85,0.9,1.0,0.4,0.540296052631579,0.0
20260629_225103_bc53ce62,20260629_225103_bc53ce62_g0015,15,1541646562,6,56,56,56,1,2,BLUE,champ_v3,1,2.0,[2],1,122,1,"{""1"": 83, ""2"": 122, ""3"": 65, ""4"": 81}",False,26.0,-30.0,1.0,55.0,25.0,0.0625,58.0,28.0,55.0,14.0,10.0,15.0,16.0,0.0,51.0,81.0,14.0,7.0,21.0,1.0,1.0,2.0,3.0,0.0,0.0,0.0,0.0,56.0,56.0,0.645,0.6666666666666666,0.0224,0.0224,0.1675,0.7613636363636364,0.23863636363636365,0.65,1.0,0.8,0.4666666666666667,0.6025137470542027,0.0
20260629_225103_bc53ce62,20260629_225103_bc53ce62_g0015,15,1541646562,6,56,56,56,1,3,YELLOW,pool_heuristic,2,2.0,[2],0,65,4,"{""1"": 83, ""2"": 122, ""3"": 65, ""4"": 81}",False,8.0,-66.0,4.0,31.0,25.0,0.0625,0.0,0.0,0.0,0.0,0.0,0.0,0.0,0.0,109.0,8.0,14.0,7.0,28.0,0.0,1.0,0.0,4.0,2.0,1.0,1.0,0.0,56.0,56.0,0.645,0.6666666666666666,0.0224,0.0224,0.15,0.6818181818181818,0.3181818181818182,0.2,0.4,1.0,0.6166666666666667,0.43157894736842106,0.0
20260629_225103_bc53ce62,20260629_225103_bc53ce62_g0015,15,1541646562,6,56,56,56,1,4,GREEN,pool_l45_100ms,3,2.0,[2],0,81,3,"{""1"": 83, ""2"": 122, ""3"": 65, ""4"": 81}",False,14.0,-54.0,0.0,40.0,25.0,0.0625,10.0,9.0,10.0,8.0,2.0,0.0,0.0,0.0,99.0,24.0,14.0,7.0,21.0,1.0,1.0,2.0,3.0,0.0,0.0,0.0,0.0,56.0,56.0,0.645,0.6666666666666666,0.0224,0.0224,0.1675,0.7613636363636364,0.23863636363636365,0.35,0.48333333333333334,0.8,0.5666666666666667,0.4438334642576591,0.0
20260629_225103_bc53ce62,20260629_225103_bc53ce62_g0015,15,1541646562,7,64,64,66,3,1,RED,pool_peer_500ms,0,2.0,[2],0,83,2,"{""1"": 83, ""2"": 122, ""3"": 65, ""4"": 81}",False,31.0,-11.0,0.0,58.0,29.0,0.0725,0.0,0.0,0.0,0.0,0.0,0.0,0.0,0.0,30.0,31.0,17.0,4.0,18.0,0.0,0.0,0.0,2.0,2.0,0.0,0.0,0.0,64.0,66.0,0.695,0.8095238095238095,0.0264,0.0256,0.175,0.7954545454545454,0.20454545454545456,0.775,0.6666666666666666,1.0,0.35,0.5300751879699248,0.0
20260629_225103_bc53ce62,20260629_225103_bc53ce62_g0015,15,1541646562,7,64,64,66,3,2,BLUE,champ_v3,1,2.0,[2],1,122,1,"{""1"": 83, ""2"": 122, ""3"": 65, ""4"": 81}",False,21.0,-31.0,1.0,63.0,29.0,0.0725,30.0,16.375,25.0,11.0,6.0,4.5,3.5,0.0,0.0,46.0,17.0,4.0,10.0,1.0,1.0,1.0,1.0,0.0,0.0,0.0,0.0,64.0,66.0,0.695,0.8095238095238095,0.0264,0.0256,0.195,0.8863636363636364,0.11363636363636363,0.525,1.0,0.8,0.4333333333333333,0.5661268556005399,0.0
20260629_225103_bc53ce62,20260629_225103_bc53ce62_g0015,15,1541646562,7,64,64,66,3,3,YELLOW,pool_heuristic,2,2.0,[2],0,65,4,"{""1"": 83, ""2"": 122, ""3"": 65, ""4"": 81}",False,8.0,-57.0,4.0,36.0,29.0,0.0725,0.0,0.0,0.0,0.0,0.0,0.0,0.0,0.0,30.0,8.0,14.0,7.0,28.0,0.0,1.0,0.0,4.0,2.0,1.0,1.0,0.0,64.0,66.0,0.695,0.6666666666666666,0.0264,0.0256,0.15,0.6818181818181818,0.3181818181818182,0.2,0.35,1.0,0.5416666666666667,0.43157894736842106,0.0
20260629_225103_bc53ce62,20260629_225103_bc53ce62_g0015,15,1541646562,7,64,64,66,3,4,GREEN,pool_l45_100ms,3,2.0,[2],0,81,3,"{""1"": 83, ""2"": 122, ""3"": 65, ""4"": 81}",False,13.0,-47.0,0.0,47.0,29.0,0.0725,0.0,0.0,0.0,0.0,0.0,0.0,0.0,0.0,30.0,13.0,16.0,5.0,18.0,0.0,0.0,2.0,3.0,0.0,0.0,0.0,0.0,64.0,66.0,0.695,0.7619047619047619,0.0264,0.0256,0.175,0.7954545454545454,0.20454545454545456,0.325,0.38333333333333336,0.8,0.5,0.43383458646616535,0.0
20260629_225103_bc53ce62,20260629_225103_bc53ce62_g0016,16,1921932774,0,8,8,8,1,1,RED,champ_v3,0,2.0,[2],0,91,2,"{""1"": 91, ""2"": 101, ""3"": 60, ""4"": 79}",False,9.0,-13.0,9.0,0.0,0.0,0.0,543.0,122.625,488.75,9.0,15.0,41.25,153.5,270.0,1316.0,497.75,2.0,19.0,78.0,1.0,1.0,2.0,6.0,9.0,1.0,0.0,0.0,8.0,8.0,0.1,0.09523809523809523,0.0032,0.0032,0.025,0.11363636363636363,0.8863636363636364,0.225,1.0,1.0,0.18333333333333332,0.23684210526315785,0.0
20260629_225103_bc53ce62,20260629_225103_bc53ce62_g0016,16,1921932774,0,8,8,8,1,2,BLUE,pool_heuristic,1,2.0,[2],1,101,1,"{""1"": 91, ""2"": 101, ""3"": 60, ""4"": 79}",False,6.0,-19.0,8.0,0.0,0.0,0.0,409.0,103.375,422.25,6.0,11.0,32.25,130.5,242.5,1450.0,428.25,2.0,19.0,78.0,1.0,1.0,2.0,6.0,9.0,1.0,1.0,1.0,8.0,8.0,0.1,0.09523809523809523,0.0032,0.0032,0.025,0.11363636363636363,0.8863636363636364,0.15,1.0,1.0,0.20833333333333334,0.26315789473684215,0.0
20260629_225103_bc53ce62,20260629_225103_bc53ce62_g0016,16,1921932774,0,8,8,8,1,3,YELLOW,pool_l45_100ms,2,2.0,[2],0,60,4,"{""1"": 91, ""2"": 101, ""3"": 60, ""4"": 79}",False,7.0,-17.0,9.0,0.0,0.0,0.0,364.0,86.0,341.875,7.0,10.0,27.0,108.5,189.375,1495.0,348.875,2.0,19.0,78.0,1.0,1.0,2.0,6.0,9.0,1.0,1.0,0.0,8.0,8.0,0.1,0.09523809523809523,0.0032,0.0032,0.025,0.11363636363636363,0.8863636363636364,0.175,1.0,1.0,0.2,0.17368421052631577,0.0
20260629_225103_bc53ce62,20260629_225103_bc53ce62_g0016,16,1921932774,0,8,8,8,1,4,GREEN,pool_peer_500ms,3,2.0,[2],0,79,3,"{""1"": 91, ""2"": 101, ""3"": 60, ""4"": 79}",False,9.0,-13.0,9.0,0.0,0.0,0.0,543.0,122.625,488.75,9.0,15.0,41.25,153.5,270.0,1316.0,497.75,2.0,19.0,78.0,1.0,1.0,2.0,6.0,9.0,1.0,0.0,0.0,8.0,8.0,0.1,0.09523809523809523,0.0032,0.0032,0.025,0.11363636363636363,0.8863636363636364,0.225,1.0,1.0,0.18333333333333332,0.23684210526315785,0.0
20260629_225103_bc53ce62,20260629_225103_bc53ce62_g0016,16,1921932774,1,16,16,16,1,1,RED,champ_v3,0,2.0,[2],0,91,2,"{""1"": 91, ""2"": 101, ""3"": 60, ""4"": 79}",False,15.0,-25.0,2.0,2.0,0.0,0.0,617.0,156.875,597.625,15.0,23.0,59.25,211.0,289.375,1525.0,612.625,4.0,17.0,68.0,1.0,1.0,2.0,6.0,7.0,1.0,0.0,0.0,16.0,16.0,0.2,0.19047619047619047,0.0064,0.0064,0.05,0.22727272727272727,0.7727272727272727,0.375,1.0,1.0,0.33333333333333337,0.47894736842105257,0.0
20260629_225103_bc53ce62,20260629_225103_bc53ce62_g0016,16,1921932774,1,16,16,16,1,2,BLUE,pool_heuristic,1,2.0,[2],1,101,1,"{""1"": 91, ""2"": 101, ""3"": 60, ""4"": 79}",False,14.0,-27.0,0.0,5.0,0.0,0.0,497.0,148.375,571.875,12.0,21.0,57.0,210.0,271.875,1645.0,585.875,4.0,17.0,68.0,1.0,1.0,2.0,6.0,7.0,1.0,1.0,1.0,16.0,16.0,0.2,0.19047619047619047,0.0064,0.0064,0.05,0.22727272727272727,0.7727272727272727,0.35,1.0,1.0,0.3416666666666667,0.5394736842105263,0.0
20260629_225103_bc53ce62,20260629_225103_bc53ce62_g0016,16,1921932774,1,16,16,16,1,3,YELLOW,pool_l45_100ms,2,2.0,[2],0,60,4,"{""1"": 91, ""2"": 101, ""3"": 60, ""4"": 79}",False,11.0,-33.0,5.0,0.0,0.0,0.0,363.0,88.875,325.75,11.0,15.0,33.0,120.5,146.25,1779.0,336.75,4.0,17.0,68.0,1.0,1.0,2.0,6.0,7.0,1.0,0.0,0.0,16.0,16.0,0.2,0.19047619047619047,0.0064,0.0064,0.05,0.22727272727272727,0.7727272727272727,0.275,1.0,1.0,0.36666666666666664,0.3526315789473684,0.0
20260629_225103_bc53ce62,20260629_225103_bc53ce62_g0016,16,1921932774,1,16,16,16,1,4,GREEN,pool_peer_500ms,3,2.0,[2],0,79,3,"{""1"": 91, ""2"": 101, ""3"": 60, ""4"": 79}",False,15.0,-25.0,1.0,2.0,0.0,0.0,665.0,168.625,643.5,15.0,25.0,65.25,234.5,303.75,1477.0,658.5,4.0,17.0,68.0,1.0,1.0,2.0,6.0,7.0,1.0,0.0,0.0,16.0,16.0,0.2,0.19047619047619047,0.0064,0.0064,0.05,0.22727272727272727,0.7727272727272727,0.375,1.0,1.0,0.33333333333333337,0.4894736842105264,0.0
20260629_225103_bc53ce62,20260629_225103_bc53ce62_g0016,16,1921932774,2,24,24,24,1,1,RED,champ_v3,0,2.0,[2],0,91,2,"{""1"": 91, ""2"": 101, ""3"": 60, ""4"": 79}",False,19.0,-28.0,2.0,7.0,3.0,0.0075,572.0,149.5,529.5,19.0,27.0,67.5,226.0,190.0,767.0,548.5,6.0,15.0,58.0,1.0,1.0,2.0,6.0,5.0,0.0,0.0,0.0,24.0,24.0,0.3,0.2857142857142857,0.0096,0.0096,0.075,0.3409090909090909,0.6590909090909091,0.475,1.0,1.0,0.39166666666666666,0.5842105263157895,0.0
20260629_225103_bc53ce62,20260629_225103_bc53ce62_g0016,16,1921932774,2,24,24,24,1,2,BLUE,pool_heuristic,1,2.0,[2],1,101,1,"{""1"": 91, ""2"": 101, ""3"": 60, ""4"": 79}",False,19.0,-28.0,0.0,8.0,3.0,0.0075,310.0,107.5,371.0,15.0,22.0,51.75,156.0,126.25,1029.0,390.0,6.0,15.0,58.0,1.0,1.0,2.0,6.0,5.0,1.0,1.0,1.0,24.0,24.0,0.3,0.2857142857142857,0.0096,0.0096,0.075,0.3409090909090909,0.6590909090909091,0.475,1.0,1.0,0.39166666666666666,0.5614035087719298,0.0
20260629_225103_bc53ce62,20260629_225103_bc53ce62_g0016,16,1921932774,2,24,24,24,1,3,YELLOW,pool_l45_100ms,2,2.0,[2],0,60,4,"{""1"": 91, ""2"": 101, ""3"": 60, ""4"": 79}",False,12.0,-42.0,5.0,4.0,3.0,0.0075,137.0,40.875,127.125,10.0,9.0,17.25,49.0,41.875,1202.0,139.125,6.0,15.0,58.0,1.0,1.0,2.0,6.0,5.0,0.0,0.0,0.0,24.0,24.0,0.3,0.2857142857142857,0.0096,0.0096,0.075,0.3409090909090909,0.6590909090909091,0.3,1.0,1.0,0.45,0.39473684210526316,0.0
20260629_225103_bc53ce62,20260629_225103_bc53ce62_g0016,16,1921932774,2,24,24,24,1,4,GREEN,pool_peer_500ms,3,2.0,[2],0,79,3,"{""1"": 91, ""2"": 101, ""3"": 60, ""4"": 79}",False,16.0,-34.0,1.0,8.0,3.0,0.0075,320.0,89.125,301.375,15.0,17.0,41.25,125.0,103.125,1019.0,317.375,6.0,15.0,58.0,1.0,1.0,2.0,6.0,5.0,0.0,0.0,0.0,24.0,24.0,0.3,0.2857142857142857,0.0096,0.0096,0.075,0.3409090909090909,0.6590909090909091,0.4,1.0,1.0,0.4166666666666667,0.5526315789473684,0.0
20260629_225103_bc53ce62,20260629_225103_bc53ce62_g0016,16,1921932774,3,32,32,32,1,1,RED,champ_v3,0,2.0,[2],0,91,2,"{""1"": 91, ""2"": 101, ""3"": 60, ""4"": 79}",False,26.0,-28.0,2.0,14.0,6.0,0.015,306.0,102.5,317.5,21.0,26.0,53.25,146.0,71.25,365.0,343.5,8.0,13.0,48.0,1.0,1.0,2.0,6.0,3.0,0.0,0.0,0.0,32.0,32.0,0.4,0.38095238095238093,0.0128,0.0128,0.1,0.45454545454545453,0.5454545454545454,0.65,1.0,1.0,0.45,0.5789473684210527,0.0
20260629_225103_bc53ce62,20260629_225103_bc53ce62_g0016,16,1921932774,3,32,32,32,1,2,BLUE,pool_heuristic,1,2.0,[2],1,101,1,"{""1"": 91, ""2"": 101, ""3"": 60, ""4"": 79}",False,23.0,-34.0,0.0,9.0,6.0,0.015,205.0,74.5,217.75,17.0,22.0,41.25,105.0,32.5,466.0,240.75,8.0,13.0,48.0,1.0,1.0,2.0,6.0,3.0,0.0,1.0,0.0,32.0,32.0,0.4,0.38095238095238093,0.0128,0.0128,0.1,0.45454545454545453,0.5454545454545454,0.575,1.0,1.0,0.475,0.5223684210526316,0.0
20260629_225103_bc53ce62,20260629_225103_bc53ce62_g0016,16,1921932774,3,32,32,32,1,3,YELLOW,pool_l45_100ms,2,2.0,[2],0,60,4,"{""1"": 91, ""2"": 101, ""3"": 60, ""4"": 79}",False,13.0,-54.0,5.0,9.0,6.0,0.015,38.0,19.75,41.75,10.0,6.0,7.5,12.0,6.25,633.0,54.75,8.0,13.0,48.0,1.0,1.0,2.0,6.0,3.0,0.0,0.0,0.0,32.0,32.0,0.4,0.38095238095238093,0.0128,0.0128,0.1,0.45454545454545453,0.5454545454545454,0.325,1.0,1.0,0.5583333333333333,0.4236842105263158,0.0
20260629_225103_bc53ce62,20260629_225103_bc53ce62_g0016,16,1921932774,3,32,32,32,1,4,GREEN,pool_peer_500ms,3,2.0,[2],0,79,3,"{""1"": 91, ""2"": 101, ""3"": 60, ""4"": 79}",False,18.0,-44.0,1.0,17.0,6.0,0.015,122.0,45.375,122.375,15.0,12.0,19.5,54.0,21.875,549.0,140.375,8.0,13.0,48.0,1.0,1.0,2.0,6.0,3.0,0.0,0.0,0.0,32.0,32.0,0.4,0.38095238095238093,0.0128,0.0128,0.1,0.45454545454545453,0.5454545454545454,0.45,1.0,1.0,0.5166666666666667,0.5578947368421052,0.0
20260629_225103_bc53ce62,20260629_225103_bc53ce62_g0016,16,1921932774,4,40,40,40,1,1,RED,champ_v3,0,2.0,[2],0,91,2,"{""1"": 91, ""2"": 101, ""3"": 60, ""4"": 79}",False,30.0,-21.0,2.0,20.0,18.0,0.045,153.0,65.125,159.0,23.0,24.0,36.0,58.5,17.5,125.0,189.0,10.0,11.0,39.0,1.0,1.0,2.0,5.0,2.0,0.0,0.0,0.0,40.0,40.0,0.4825,0.47619047619047616,0.016,0.016,0.1225,0.5568181818181818,0.4431818181818182,0.75,1.0,1.0,0.425,0.5800214822771214,0.0
20260629_225103_bc53ce62,20260629_225103_bc53ce62_g0016,16,1921932774,4,40,40,40,1,2,BLUE,pool_heuristic,1,2.0,[2],1,101,1,"{""1"": 91, ""2"": 101, ""3"": 60, ""4"": 79}",False,20.0,-41.0,0.0,16.0,18.0,0.045,74.0,33.5,76.75,13.0,13.0,16.5,33.0,1.25,204.0,96.75,10.0,11.0,38.0,1.0,1.0,2.0,6.0,1.0,0.0,0.0,0.0,40.0,40.0,0.4825,0.47619047619047616,0.016,0.016,0.125,0.5681818181818182,0.4318181818181818,0.5,1.0,1.0,0.5083333333333333,0.5336842105263158,0.0
20260629_225103_bc53ce62,20260629_225103_bc53ce62_g0016,16,1921932774,4,40,40,40,1,3,YELLOW,pool_l45_100ms,2,2.0,[2],0,60,4,"{""1"": 91, ""2"": 101, ""3"": 60, ""4"": 79}",False,12.0,-57.0,5.0,14.0,18.0,0.045,41.0,18.875,38.75,10.0,5.0,6.75,14.5,2.5,237.0,50.75,10.0,11.0,38.0,1.0,1.0,2.0,6.0,1.0,0.0,0.0,0.0,40.0,40.0,0.4825,0.47619047619047616,0.016,0.016,0.125,0.5681818181818182,0.4318181818181818,0.3,0.9833333333333333,1.0,0.575,0.4,0.0
20260629_225103_bc53ce62,20260629_225103_bc53ce62_g0016,16,1921932774,4,40,40,40,1,4,GREEN,pool_peer_500ms,3,2.0,[2],0,79,3,"{""1"": 91, ""2"": 101, ""3"": 60, ""4"": 79}",False,19.0,-43.0,1.0,25.0,18.0,0.045,10.0,4.375,12.5,0.0,5.0,1.5,3.5,2.5,268.0,31.5,10.0,11.0,44.0,0.0,1.0,1.0,6.0,3.0,0.0,0.0,0.0,40.0,40.0,0.4825,0.47619047619047616,0.016,0.016,0.11,0.5,0.5,0.475,1.0,1.0,0.5166666666666667,0.5538277511961722,0.0
20260629_225103_bc53ce62,20260629_225103_bc53ce62_g0016,16,1921932774,5,48,48,48,1,1,RED,champ_v3,0,2.0,[2],0,91,2,"{""1"": 91, ""2"": 101, ""3"": 60, ""4"": 79}",False,32.0,-13.0,2.0,32.0,36.0,0.09,120.0,57.25,131.25,23.0,22.0,33.0,32.0,21.25,40.0,163.25,12.0,9.0,31.0,1.0,1.0,2.0,3.0,2.0,0.0,0.0,0.0,48.0,48.0,0.55,0.5714285714285714,0.0192,0.0192,0.1425,0.6477272727272727,0.3522727272727273,0.8,1.0,1.0,0.375,0.5844875346260388,0.0
20260629_225103_bc53ce62,20260629_225103_bc53ce62_g0016,16,1921932774,5,48,48,48,1,2,BLUE,pool_heuristic,1,2.0,[2],1,101,1,"{""1"": 91, ""2"": 101, ""3"": 60, ""4"": 79}",False,18.0,-41.0,0.0,30.0,36.0,0.09,33.0,20.0,34.0,12.0,8.0,6.75,6.0,1.25,127.0,52.0,12.0,9.0,30.0,1.0,1.0,2.0,4.0,1.0,0.0,0.0,0.0,48.0,48.0,0.55,0.5714285714285714,0.0192,0.0192,0.145,0.6590909090909091,0.3409090909090909,0.45,1.0,1.0,0.4916666666666667,0.52994555353902,0.0
20260629_225103_bc53ce62,20260629_225103_bc53ce62_g0016,16,1921932774,5,48,48,48,1,3,YELLOW,pool_l45_100ms,2,2.0,[2],0,60,4,"{""1"": 91, ""2"": 101, ""3"": 60, ""4"": 79}",False,8.0,-61.0,5.0,15.0,36.0,0.09,0.0,0.0,0.0,0.0,0.0,0.0,0.0,0.0,160.0,8.0,12.0,9.0,33.0,0.0,1.0,2.0,5.0,1.0,0.0,0.0,0.0,48.0,48.0,0.55,0.5714285714285714,0.0192,0.0192,0.1375,0.625,0.375,0.2,0.6166666666666667,1.0,0.575,0.3913875598086124,0.0
20260629_225103_bc53ce62,20260629_225103_bc53ce62_g0016,16,1921932774,5,48,48,48,1,4,GREEN,pool_peer_500ms,3,2.0,[2],0,79,3,"{""1"": 91, ""2"": 101, ""3"": 60, ""4"": 79}",False,19.0,-39.0,1.0,35.0,36.0,0.09,7.0,2.25,9.125,0.0,0.0,1.5,4.5,3.125,153.0,28.125,12.0,9.0,38.0,0.0,0.0,1.0,5.0,3.0,0.0,0.0,0.0,48.0,48.0,0.55,0.5714285714285714,0.0192,0.0192,0.125,0.5681818181818182,0.4318181818181818,0.475,1.0,1.0,0.4833333333333333,0.5642105263157895,0.0
20260629_225103_bc53ce62,20260629_225103_bc53ce62_g0016,16,1921932774,6,56,56,58,3,1,RED,champ_v3,0,2.0,[2],0,91,2,"{""1"": 91, ""2"": 101, ""3"": 60, ""4"": 79}",False,28.0,-19.0,2.0,49.0,39.0,0.0975,37.0,24.5,39.0,15.0,11.0,9.0,4.0,0.0,30.0,67.0,15.0,6.0,17.0,1.0,1.0,2.0,2.0,0.0,0.0,0.0,0.0,56.0,58.0,0.6375,0.7142857142857143,0.0232,0.0224,0.1775,0.8068181818181818,0.19318181818181818,0.7,1.0,0.8,0.39166666666666666,0.5411415863602669,0.0
20260629_225103_bc53ce62,20260629_225103_bc53ce62_g0016,16,1921932774,6,56,56,58,3,2,BLUE,pool_heuristic,1,2.0,[2],1,101,1,"{""1"": 91, ""2"": 101, ""3"": 60, ""4"": 79}",False,21.0,-33.0,0.0,46.0,39.0,0.0975,29.0,20.5,28.5,14.0,10.0,4.5,0.0,0.0,38.0,49.5,15.0,6.0,17.0,1.0,1.0,2.0,2.0,0.0,0.0,0.0,0.0,56.0,58.0,0.6375,0.7142857142857143,0.0232,0.0224,0.1775,0.8068181818181818,0.19318181818181818,0.525,1.0,0.8,0.45,0.5329873980726465,0.0
20260629_225103_bc53ce62,20260629_225103_bc53ce62_g0016,16,1921932774,6,56,56,58,3,3,YELLOW,pool_l45_100ms,2,2.0,[2],0,60,4,"{""1"": 91, ""2"": 101, ""3"": 60, ""4"": 79}",False,8.0,-59.0,5.0,15.0,39.0,0.0975,0.0,0.0,0.0,0.0,0.0,0.0,0.0,0.0,67.0,8.0,12.0,9.0,33.0,0.0,1.0,2.0,5.0,1.0,0.0,0.0,0.0,56.0,58.0,0.6375,0.5714285714285714,0.0232,0.0224,0.1375,0.625,0.375,0.2,0.5333333333333333,1.0,0.5583333333333333,0.3913875598086124,0.0
20260629_225103_bc53ce62,20260629_225103_bc53ce62_g0016,16,1921932774,6,56,56,58,3,4,GREEN,pool_peer_500ms,3,2.0,[2],0,79,3,"{""1"": 91, ""2"": 101, ""3"": 60, ""4"": 79}",False,18.0,-39.0,1.0,42.0,39.0,0.0975,1.0,0.125,0.5,0.0,0.0,0.0,0.5,0.0,66.0,18.5,14.0,7.0,30.0,0.0,0.0,0.0,5.0,2.0,0.0,0.0,0.0,56.0,58.0,0.6375,0.6666666666666666,0.0232,0.0224,0.145,0.6590909090909091,0.3409090909090909,0.45,0.5333333333333333,1.0,0.475,0.529038112522686,0.0
20260629_225103_bc53ce62,20260629_225103_bc53ce62_g0016,16,1921932774,7,64,64,70,3,1,RED,champ_v3,0,2.0,[2],0,91,2,"{""1"": 91, ""2"": 101, ""3"": 60, ""4"": 79}",False,29.0,-14.0,2.0,62.0,47.0,0.1175,5.0,1.75,5.25,0.0,0.0,5.25,0.0,0.0,9.0,34.25,18.0,3.0,10.0,0.0,0.0,2.0,1.0,0.0,0.0,0.0,0.0,64.0,70.0,0.695,0.8571428571428571,0.028,0.0256,0.195,0.8863636363636364,0.11363636363636363,0.725,0.9666666666666667,0.8,0.35833333333333334,0.5276653171390013,0.0
20260629_225103_bc53ce62,20260629_225103_bc53ce62_g0016,16,1921932774,7,64,64,70,3,2,BLUE,pool_heuristic,1,2.0,[2],1,101,1,"{""1"": 91, ""2"": 101, ""3"": 60, ""4"": 79}",False,17.0,-38.0,0.0,56.0,47.0,0.1175,9.0,9.0,9.0,9.0,0.0,0.0,0.0,0.0,5.0,26.0,18.0,3.0,9.0,1.0,0.0,0.0,2.0,0.0,0.0,0.0,0.0,64.0,70.0,0.695,0.8571428571428571,0.028,0.0256,0.1975,0.8977272727272727,0.10227272727272728,0.425,0.6,0.8,0.4583333333333333,0.5429713524317121,0.0
20260629_225103_bc53ce62,20260629_225103_bc53ce62_g0016,16,1921932774,7,64,64,70,3,3,YELLOW,pool_l45_100ms,2,2.0,[2],0,60,4,"{""1"": 91, ""2"": 101, ""3"": 60, ""4"": 79}",False,8.0,-56.0,5.0,16.0,47.0,0.1175,0.0,0.0,0.0,0.0,0.0,0.0,0.0,0.0,14.0,8.0,12.0,9.0,33.0,0.0,1.0,2.0,5.0,1.0,0.0,0.0,0.0,64.0,70.0,0.695,0.5714285714285714,0.028,0.0256,0.1375,0.625,0.375,0.2,0.48333333333333334,1.0,0.5333333333333333,0.3913875598086124,0.0
20260629_225103_bc53ce62,20260629_225103_bc53ce62_g0016,16,1921932774,7,64,64,70,3,4,GREEN,pool_peer_500ms,3,2.0,[2],0,79,3,"{""1"": 91, ""2"": 101, ""3"": 60, ""4"": 79}",False,18.0,-36.0,1.0,52.0,47.0,0.1175,0.0,0.0,0.0,0.0,0.0,0.0,0.0,0.0,14.0,18.0,16.0,5.0,22.0,0.0,0.0,0.0,3.0,2.0,0.0,0.0,0.0,64.0,70.0,0.695,0.7619047619047619,0.028,0.0256,0.165,0.75,0.25,0.45,0.43333333333333335,1.0,0.45,0.5031897926634769,0.0
20260629_225103_bc53ce62,20260629_225103_bc53ce62_g0017,17,93461511,0,8,8,8,1,1,RED,pool_heuristic,0,3.0,[3],0,86,3,"{""1"": 86, ""2"": 67, ""3"": 99, ""4"": 89}",False,8.0,-15.0,9.0,0.0,3.0,0.0075,512.0,124.875,504.75,8.0,14.0,40.5,158.5,283.75,1413.0,512.75,2.0,19.0,78.0,1.0,1.0,2.0,6.0,9.0,1.0,0.0,1.0,8.0,8.0,0.1,0.09523809523809523,0.0032,0.0032,0.025,0.11363636363636363,0.8863636363636364,0.2,1.0,1.0,0.19166666666666668,0.25263157894736843,0.0
20260629_225103_bc53ce62,20260629_225103_bc53ce62_g0017,17,93461511,0,8,8,8,1,2,BLUE,pool_l45_100ms,1,3.0,[3],0,67,4,"{""1"": 86, ""2"": 67, ""3"": 99, ""4"": 89}",False,5.0,-21.0,9.0,0.0,3.0,0.0075,327.0,76.25,309.5,5.0,8.0,24.0,95.0,177.5,1598.0,314.5,2.0,19.0,78.0,1.0,1.0,2.0,6.0,9.0,1.0,1.0,0.0,8.0,8.0,0.1,0.09523809523809523,0.0032,0.0032,0.025,0.11363636363636363,0.8863636363636364,0.125,1.0,1.0,0.21666666666666665,0.15263157894736834,0.0
20260629_225103_bc53ce62,20260629_225103_bc53ce62_g0017,17,93461511,0,8,8,8,1,3,YELLOW,pool_peer_500ms,2,3.0,[3],1,99,1,"{""1"": 86, ""2"": 67, ""3"": 99, ""4"": 89}",False,9.0,-13.0,9.0,0.0,3.0,0.0075,543.0,122.625,488.75,9.0,15.0,41.25,153.5,270.0,1382.0,497.75,2.0,19.0,78.0,1.0,1.0,2.0,6.0,9.0,1.0,0.0,0.0,8.0,8.0,0.1,0.09523809523809523,0.0032,0.0032,0.025,0.11363636363636363,0.8863636363636364,0.225,1.0,1.0,0.18333333333333332,0.23684210526315785,0.0
20260629_225103_bc53ce62,20260629_225103_bc53ce62_g0017,17,93461511,0,8,8,8,1,4,GREEN,champ_v3,3,3.0,[3],0,89,2,"{""1"": 86, ""2"": 67, ""3"": 99, ""4"": 89}",False,9.0,-13.0,9.0,0.0,3.0,0.0075,543.0,122.625,488.75,9.0,15.0,41.25,153.5,270.0,1382.0,497.75,2.0,19.0,78.0,1.0,1.0,2.0,6.0,9.0,1.0,0.0,0.0,8.0,8.0,0.1,0.09523809523809523,0.0032,0.0032,0.025,0.11363636363636363,0.8863636363636364,0.225,1.0,1.0,0.18333333333333332,0.23684210526315785,0.0
20260629_225103_bc53ce62,20260629_225103_bc53ce62_g0017,17,93461511,1,16,16,16,1,1,RED,pool_heuristic,0,3.0,[3],0,86,3,"{""1"": 86, ""2"": 67, ""3"": 99, ""4"": 89}",False,15.0,-25.0,3.0,0.0,3.0,0.0075,659.0,172.75,663.125,15.0,24.0,64.5,246.5,313.125,1950.0,678.125,4.0,17.0,68.0,1.0,1.0,2.0,6.0,7.0,1.0,0.0,1.0,16.0,16.0,0.2,0.19047619047619047,0.0064,0.0064,0.05,0.22727272727272727,0.7727272727272727,0.375,1.0,1.0,0.33333333333333337,0.47631578947368425,0.0
20260629_225103_bc53ce62,20260629_225103_bc53ce62_g0017,17,93461511,1,16,16,16,1,2,BLUE,pool_l45_100ms,1,3.0,[3],0,67,4,"{""1"": 86, ""2"": 67, ""3"": 99, ""4"": 89}",False,9.0,-37.0,6.0,0.0,3.0,0.0075,528.0,122.375,477.5,9.0,16.0,45.0,177.5,230.0,2081.0,486.5,4.0,17.0,68.0,1.0,1.0,2.0,6.0,7.0,1.0,0.0,0.0,16.0,16.0,0.2,0.19047619047619047,0.0064,0.0064,0.05,0.22727272727272727,0.7727272727272727,0.225,1.0,1.0,0.38333333333333336,0.3263157894736842,0.0
20260629_225103_bc53ce62,20260629_225103_bc53ce62_g0017,17,93461511,1,16,16,16,1,3,YELLOW,pool_peer_500ms,2,3.0,[3],1,99,1,"{""1"": 86, ""2"": 67, ""3"": 99, ""4"": 89}",False,16.0,-23.0,0.0,3.0,3.0,0.0075,786.0,196.5,762.0,15.0,27.0,75.0,280.0,365.0,1823.0,778.0,4.0,17.0,68.0,1.0,1.0,2.0,6.0,7.0,1.0,0.0,0.0,16.0,16.0,0.2,0.19047619047619047,0.0064,0.0064,0.05,0.22727272727272727,0.7727272727272727,0.4,1.0,1.0,0.325,0.49473684210526314,0.0
20260629_225103_bc53ce62,20260629_225103_bc53ce62_g0017,17,93461511,1,16,16,16,1,4,GREEN,champ_v3,3,3.0,[3],0,89,2,"{""1"": 86, ""2"": 67, ""3"": 99, ""4"": 89}",False,15.0,-25.0,1.0,3.0,3.0,0.0075,636.0,161.75,614.875,15.0,24.0,63.0,223.5,289.375,1973.0,629.875,4.0,17.0,68.0,1.0,1.0,2.0,6.0,7.0,1.0,0.0,0.0,16.0,16.0,0.2,0.19047619047619047,0.0064,0.0064,0.05,0.22727272727272727,0.7727272727272727,0.375,1.0,1.0,0.33333333333333337,0.4894736842105264,0.0
20260629_225103_bc53ce62,20260629_225103_bc53ce62_g0017,17,93461511,2,24,24,24,1,1,RED,pool_heuristic,0,3.0,[3],0,86,3,"{""1"": 86, ""2"": 67, ""3"": 99, ""4"": 89}",False,18.0,-36.0,1.0,7.0,3.0,0.0075,377.0,111.375,389.75,16.0,21.0,46.5,162.5,143.75,1076.0,407.75,6.0,15.0,58.0,1.0,1.0,2.0,6.0,5.0,1.0,0.0,1.0,24.0,24.0,0.3,0.2857142857142857,0.0096,0.0096,0.075,0.3409090909090909,0.6590909090909091,0.45,1.0,1.0,0.45,0.5631578947368421,0.0
20260629_225103_bc53ce62,20260629_225103_bc53ce62_g0017,17,93461511,2,24,24,24,1,2,BLUE,pool_l45_100ms,1,3.0,[3],0,67,4,"{""1"": 86, ""2"": 67, ""3"": 99, ""4"": 89}",False,13.0,-46.0,6.0,1.0,3.0,0.0075,131.0,43.25,123.75,13.0,11.0,18.0,48.0,33.75,1322.0,136.75,6.0,15.0,58.0,1.0,1.0,2.0,6.0,5.0,0.0,0.0,0.0,24.0,24.0,0.3,0.2857142857142857,0.0096,0.0096,0.075,0.3409090909090909,0.6590909090909091,0.325,1.0,1.0,0.4916666666666667,0.38596491228070173,0.0
20260629_225103_bc53ce62,20260629_225103_bc53ce62_g0017,17,93461511,2,24,24,24,1,3,YELLOW,pool_peer_500ms,2,3.0,[3],1,99,1,"{""1"": 86, ""2"": 67, ""3"": 99, ""4"": 89}",False,21.0,-30.0,0.0,15.0,3.0,0.0075,496.0,138.5,491.0,18.0,25.0,60.75,206.0,181.25,957.0,512.0,6.0,15.0,58.0,1.0,1.0,2.0,6.0,5.0,0.0,0.0,0.0,24.0,24.0,0.3,0.2857142857142857,0.0096,0.0096,0.075,0.3409090909090909,0.6590909090909091,0.525,1.0,1.0,0.425,0.5894736842105264,0.0
20260629_225103_bc53ce62,20260629_225103_bc53ce62_g0017,17,93461511,2,24,24,24,1,4,GREEN,champ_v3,3,3.0,[3],0,89,2,"{""1"": 86, ""2"": 67, ""3"": 99, ""4"": 89}",False,20.0,-32.0,0.0,10.0,3.0,0.0075,449.0,132.0,467.625,18.0,23.0,56.25,193.5,176.875,1004.0,487.625,6.0,15.0,58.0,1.0,1.0,2.0,6.0,5.0,1.0,0.0,0.0,24.0,24.0,0.3,0.2857142857142857,0.0096,0.0096,0.075,0.3409090909090909,0.6590909090909091,0.5,1.0,1.0,0.4333333333333333,0.5912280701754387,0.0
20260629_225103_bc53ce62,20260629_225103_bc53ce62_g0017,17,93461511,3,32,32,32,1,1,RED,pool_heuristic,0,3.0,[3],0,86,3,"{""1"": 86, ""2"": 67, ""3"": 99, ""4"": 89}",False,23.0,-40.0,1.0,12.0,15.0,0.0375,220.0,78.5,227.375,20.0,21.0,39.0,110.5,36.875,688.0,250.375,8.0,13.0,48.0,1.0,1.0,2.0,6.0,3.0,1.0,0.0,0.0,32.0,32.0,0.4,0.38095238095238093,0.0128,0.0128,0.1,0.45454545454545453,0.5454545454545454,0.575,1.0,1.0,0.525,0.5381578947368422,0.0
20260629_225103_bc53ce62,20260629_225103_bc53ce62_g0017,17,93461511,3,32,32,32,1,2,BLUE,pool_l45_100ms,1,3.0,[3],0,67,4,"{""1"": 86, ""2"": 67, ""3"": 99, ""4"": 89}",False,12.0,-62.0,6.0,1.0,15.0,0.0375,102.0,35.625,94.75,12.0,9.0,16.5,43.5,13.75,806.0,106.75,8.0,13.0,48.0,1.0,1.0,2.0,6.0,3.0,0.0,0.0,0.0,32.0,32.0,0.4,0.38095238095238093,0.0128,0.0128,0.1,0.45454545454545453,0.5454545454545454,0.3,1.0,1.0,0.6166666666666667,0.3828947368421053,0.0
20260629_225103_bc53ce62,20260629_225103_bc53ce62_g0017,17,93461511,3,32,32,32,1,3,YELLOW,pool_peer_500ms,2,3.0,[3],1,99,1,"{""1"": 86, ""2"": 67, ""3"": 99, ""4"": 89}",False,25.0,-36.0,0.0,26.0,15.0,0.0375,273.0,91.875,275.75,21.0,23.0,45.75,138.5,47.5,635.0,300.75,8.0,13.0,48.0,1.0,1.0,2.0,6.0,3.0,0.0,0.0,0.0,32.0,32.0,0.4,0.38095238095238093,0.0128,0.0128,0.1,0.45454545454545453,0.5454545454545454,0.625,1.0,1.0,0.5083333333333333,0.6105263157894736,0.0
20260629_225103_bc53ce62,20260629_225103_bc53ce62_g0017,17,93461511,3,32,32,32,1,4,GREEN,champ_v3,3,3.0,[3],0,89,2,"{""1"": 86, ""2"": 67, ""3"": 99, ""4"": 89}",False,26.0,-34.0,0.0,16.0,15.0,0.0375,313.0,103.5,312.5,24.0,25.0,51.0,150.0,62.5,595.0,338.5,8.0,13.0,48.0,1.0,1.0,2.0,6.0,3.0,0.0,0.0,0.0,32.0,32.0,0.4,0.38095238095238093,0.0128,0.0128,0.1,0.45454545454545453,0.5454545454545454,0.65,1.0,1.0,0.5,0.593421052631579,0.0
20260629_225103_bc53ce62,20260629_225103_bc53ce62_g0017,17,93461511,4,40,40,40,1,1,RED,pool_heuristic,0,3.0,[3],0,86,3,"{""1"": 86, ""2"": 67, ""3"": 99, ""4"": 89}",False,21.0,-45.0,1.0,14.0,19.0,0.0475,61.0,31.75,65.75,15.0,11.0,15.75,24.0,0.0,301.0,86.75,10.0,11.0,39.0,1.0,1.0,2.0,5.0,2.0,1.0,0.0,0.0,40.0,40.0,0.49,0.47619047619047616,0.016,0.016,0.1225,0.5568181818181818,0.4431818181818182,0.525,1.0,1.0,0.55,0.505907626208378,0.0
20260629_225103_bc53ce62,20260629_225103_bc53ce62_g0017,17,93461511,4,40,40,40,1,2,BLUE,pool_l45_100ms,1,3.0,[3],0,67,4,"{""1"": 86, ""2"": 67, ""3"": 99, ""4"": 89}",False,9.0,-69.0,6.0,3.0,19.0,0.0475,43.0,19.625,43.0,9.0,6.0,8.25,18.5,1.25,319.0,52.0,10.0,11.0,38.0,1.0,1.0,2.0,6.0,1.0,0.0,0.0,0.0,40.0,40.0,0.49,0.47619047619047616,0.016,0.016,0.125,0.5681818181818182,0.4318181818181818,0.225,0.8833333333333333,1.0,0.65,0.3978947368421053,0.0
20260629_225103_bc53ce62,20260629_225103_bc53ce62_g0017,17,93461511,4,40,40,40,1,3,YELLOW,pool_peer_500ms,2,3.0,[3],1,99,1,"{""1"": 86, ""2"": 67, ""3"": 99, ""4"": 89}",False,28.0,-31.0,0.0,37.0,19.0,0.0475,113.0,51.75,122.0,20.0,18.0,27.0,47.0,10.0,249.0,150.0,10.0,11.0,39.0,1.0,1.0,2.0,5.0,2.0,0.0,0.0,0.0,40.0,40.0,0.49,0.47619047619047616,0.016,0.016,0.1225,0.5568181818181818,0.4431818181818182,0.7,1.0,1.0,0.4916666666666667,0.6133190118152524,0.0
20260629_225103_bc53ce62,20260629_225103_bc53ce62_g0017,17,93461511,4,40,40,40,1,4,GREEN,champ_v3,3,3.0,[3],0,89,2,"{""1"": 86, ""2"": 67, ""3"": 99, ""4"": 89}",False,29.0,-29.0,0.0,26.0,19.0,0.0475,145.0,65.25,164.25,23.0,22.0,35.25,54.0,30.0,217.0,193.25,10.0,11.0,40.0,1.0,1.0,2.0,4.0,3.0,0.0,0.0,0.0,40.0,40.0,0.49,0.47619047619047616,0.016,0.016,0.12,0.5454545454545454,0.45454545454545453,0.725,1.0,1.0,0.4833333333333333,0.5625,0.0
20260629_225103_bc53ce62,20260629_225103_bc53ce62_g0017,17,93461511,5,48,48,48,1,1,RED,pool_heuristic,0,3.0,[3],0,86,3,"{""1"": 86, ""2"": 67, ""3"": 99, ""4"": 89}",False,23.0,-39.0,1.0,28.0,24.0,0.06,40.0,24.75,42.5,15.0,8.0,10.5,9.0,0.0,133.0,65.5,12.0,9.0,30.0,1.0,1.0,2.0,4.0,1.0,0.0,0.0,0.0,48.0,48.0,0.575,0.5714285714285714,0.0192,0.0192,0.145,0.6590909090909091,0.3409090909090909,0.575,1.0,1.0,0.5166666666666667,0.46823956442831216,0.0
20260629_225103_bc53ce62,20260629_225103_bc53ce62_g0017,17,93461511,5,48,48,48,1,2,BLUE,pool_l45_100ms,1,3.0,[3],0,67,4,"{""1"": 86, ""2"": 67, ""3"": 99, ""4"": 89}",False,7.0,-71.0,5.0,10.0,24.0,0.06,9.0,8.0,9.0,7.0,2.0,0.0,0.0,0.0,164.0,16.0,12.0,9.0,29.0,1.0,1.0,2.0,5.0,0.0,0.0,0.0,0.0,48.0,48.0,0.575,0.5714285714285714,0.0192,0.0192,0.1475,0.6704545454545454,0.32954545454545453,0.175,0.43333333333333335,0.8,0.65,0.40231935771632477,0.0
20260629_225103_bc53ce62,20260629_225103_bc53ce62_g0017,17,93461511,5,48,48,48,1,3,YELLOW,pool_peer_500ms,2,3.0,[3],1,99,1,"{""1"": 86, ""2"": 67, ""3"": 99, ""4"": 89}",False,32.0,-21.0,0.0,47.0,24.0,0.06,75.0,40.875,80.0,21.0,15.0,20.25,17.5,6.25,98.0,112.0,12.0,9.0,31.0,1.0,1.0,2.0,3.0,2.0,0.0,0.0,0.0,48.0,48.0,0.575,0.5714285714285714,0.0192,0.0192,0.1425,0.6477272727272727,0.3522727272727273,0.8,1.0,1.0,0.4416666666666667,0.6075715604801477,0.0
20260629_225103_bc53ce62,20260629_225103_bc53ce62_g0017,17,93461511,5,48,48,48,1,4,GREEN,champ_v3,3,3.0,[3],0,89,2,"{""1"": 86, ""2"": 67, ""3"": 99, ""4"": 89}",False,23.0,-39.0,0.0,38.0,24.0,0.06,49.0,29.25,58.25,16.0,10.0,6.0,20.0,6.25,124.0,81.25,12.0,9.0,32.0,1.0,1.0,1.0,4.0,2.0,0.0,0.0,0.0,48.0,48.0,0.575,0.5714285714285714,0.0192,0.0192,0.14,0.6363636363636364,0.36363636363636365,0.575,1.0,1.0,0.5166666666666667,0.5507518796992481,0.0
20260629_225103_bc53ce62,20260629_225103_bc53ce62_g0017,17,93461511,6,56,56,56,1,1,RED,pool_heuristic,0,3.0,[3],0,86,3,"{""1"": 86, ""2"": 67, ""3"": 99, ""4"": 89}",False,20.0,-39.0,1.0,38.0,32.0,0.08,16.0,14.0,16.5,12.0,3.0,1.5,0.0,0.0,83.0,36.5,14.0,7.0,23.0,1.0,1.0,1.0,3.0,1.0,0.0,0.0,0.0,56.0,56.0,0.635,0.6666666666666666,0.0224,0.0224,0.1625,0.7386363636363636,0.26136363636363635,0.5,1.0,1.0,0.4916666666666667,0.47044534412955463,0.0
20260629_225103_bc53ce62,20260629_225103_bc53ce62_g0017,17,93461511,6,56,56,56,1,2,BLUE,pool_l45_100ms,1,3.0,[3],0,67,4,"{""1"": 86, ""2"": 67, ""3"": 99, ""4"": 89}",False,4.0,-71.0,5.0,15.0,32.0,0.08,0.0,0.0,0.0,0.0,0.0,0.0,0.0,0.0,99.0,4.0,14.0,7.0,26.0,0.0,0.0,2.0,5.0,0.0,0.0,0.0,0.0,56.0,56.0,0.635,0.6666666666666666,0.0224,0.0224,0.155,0.7045454545454546,0.29545454545454547,0.1,0.2,0.8,0.625,0.403225806451613,0.0
20260629_225103_bc53ce62,20260629_225103_bc53ce62_g0017,17,93461511,6,56,56,56,1,3,YELLOW,pool_peer_500ms,2,3.0,[3],1,99,1,"{""1"": 86, ""2"": 67, ""3"": 99, ""4"": 89}",False,32.0,-15.0,0.0,58.0,32.0,0.08,60.0,37.25,66.25,21.0,14.0,18.0,12.0,1.25,39.0,98.25,14.0,7.0,22.0,1.0,1.0,2.0,2.0,1.0,0.0,0.0,0.0,56.0,56.0,0.635,0.6666666666666666,0.0224,0.0224,0.165,0.75,0.25,0.8,1.0,1.0,0.39166666666666666,0.5741626794258372,0.0
20260629_225103_bc53ce62,20260629_225103_bc53ce62_g0017,17,93461511,6,56,56,56,1,4,GREEN,champ_v3,3,3.0,[3],0,89,2,"{""1"": 86, ""2"": 67, ""3"": 99, ""4"": 89}",False,23.0,-33.0,0.0,47.0,32.0,0.08,23.0,9.875,29.625,0.0,9.0,4.5,13.0,3.125,76.0,52.625,14.0,7.0,27.0,0.0,1.0,1.0,3.0,2.0,0.0,0.0,0.0,56.0,56.0,0.635,0.6666666666666666,0.0224,0.0224,0.1525,0.6931818181818182,0.3068181818181818,0.575,0.8,1.0,0.4666666666666667,0.54702329594478,0.0
20260629_225103_bc53ce62,20260629_225103_bc53ce62_g0017,17,93461511,7,64,64,67,4,1,RED,pool_heuristic,0,3.0,[3],0,86,3,"{""1"": 86, ""2"": 67, ""3"": 99, ""4"": 89}",False,18.0,-43.0,1.0,44.0,30.0,0.075,3.0,1.5,6.0,0.0,0.0,1.5,2.0,2.5,34.0,24.0,17.0,4.0,16.0,0.0,0.0,1.0,2.0,1.0,0.0,0.0,0.0,64.0,67.0,0.69,0.8095238095238095,0.0268,0.0256,0.18,0.8181818181818182,0.18181818181818182,0.45,0.8166666666666667,1.0,0.5083333333333333,0.4714912280701755,0.0
20260629_225103_bc53ce62,20260629_225103_bc53ce62_g0017,17,93461511,7,64,64,67,4,2,BLUE,pool_l45_100ms,1,3.0,[3],0,67,4,"{""1"": 86, ""2"": 67, ""3"": 99, ""4"": 89}",False,4.0,-71.0,5.0,32.0,30.0,0.075,0.0,0.0,0.0,0.0,0.0,0.0,0.0,0.0,37.0,4.0,14.0,7.0,26.0,0.0,0.0,2.0,5.0,0.0,0.0,0.0,0.0,64.0,67.0,0.69,0.6666666666666666,0.0268,0.0256,0.155,0.7045454545454546,0.29545454545454547,0.1,0.2,0.8,0.625,0.403225806451613,0.0
20260629_225103_bc53ce62,20260629_225103_bc53ce62_g0017,17,93461511,7,64,64,67,4,3,YELLOW,pool_peer_500ms,2,3.0,[3],1,99,1,"{""1"": 86, ""2"": 67, ""3"": 99, ""4"": 89}",False,36.0,-7.0,0.0,65.0,30.0,0.075,33.0,26.25,30.75,24.0,0.0,6.75,0.0,0.0,4.0,66.75,17.0,4.0,12.0,1.0,0.0,1.0,2.0,0.0,0.0,0.0,0.0,64.0,67.0,0.69,0.8095238095238095,0.0268,0.0256,0.19,0.8636363636363636,0.13636363636363635,0.9,0.8333333333333334,0.8,0.35833333333333334,0.5560941828254848,0.0
20260629_225103_bc53ce62,20260629_225103_bc53ce62_g0017,17,93461511,7,64,64,67,4,4,GREEN,champ_v3,3,3.0,[3],0,89,2,"{""1"": 86, ""2"": 67, ""3"": 99, ""4"": 89}",False,21.0,-37.0,0.0,56.0,30.0,0.075,1.0,0.5,2.0,0.0,0.0,0.0,2.0,0.0,36.0,23.0,16.0,5.0,22.0,0.0,0.0,0.0,3.0,2.0,0.0,0.0,0.0,64.0,67.0,0.69,0.7619047619047619,0.0268,0.0256,0.165,0.75,0.25,0.525,0.6666666666666666,1.0,0.4833333333333333,0.5414673046251993,0.0
20260629_225103_bc53ce62,20260629_225103_bc53ce62_g0018,18,1535744210,0,8,8,8,1,1,RED,pool_l45_100ms,0,3.0,[3],0,82,3,"{""1"": 82, ""2"": 94, ""3"": 100, ""4"": 64}",False,6.0,-20.0,9.0,0.0,1.0,0.0025,388.0,90.5,366.25,6.0,10.0,28.5,113.0,208.75,1578.0,372.25,2.0,19.0,78.0,1.0,1.0,2.0,6.0,9.0,1.0,1.0,0.0,8.0,8.0,0.1,0.09523809523809523,0.0032,0.0032,0.025,0.11363636363636363,0.8863636363636364,0.15,1.0,1.0,0.21666666666666665,0.20526315789473681,0.0
20260629_225103_bc53ce62,20260629_225103_bc53ce62_g0018,18,1535744210,0,8,8,8,1,2,BLUE,pool_peer_500ms,1,3.0,[3],0,94,2,"{""1"": 82, ""2"": 94, ""3"": 100, ""4"": 64}",False,9.0,-14.0,9.0,0.0,1.0,0.0025,543.0,122.625,488.75,9.0,15.0,41.25,153.5,270.0,1423.0,497.75,2.0,19.0,78.0,1.0,1.0,2.0,6.0,9.0,1.0,0.0,0.0,8.0,8.0,0.1,0.09523809523809523,0.0032,0.0032,0.025,0.11363636363636363,0.8863636363636364,0.225,1.0,1.0,0.19166666666666668,0.23684210526315785,0.0
20260629_225103_bc53ce62,20260629_225103_bc53ce62_g0018,18,1535744210,0,8,8,8,1,3,YELLOW,champ_v3,2,3.0,[3],1,100,1,"{""1"": 82, ""2"": 94, ""3"": 100, ""4"": 64}",False,9.0,-14.0,9.0,0.0,1.0,0.0025,543.0,122.625,488.75,9.0,15.0,41.25,153.5,270.0,1423.0,497.75,2.0,19.0,78.0,1.0,1.0,2.0,6.0,9.0,1.0,0.0,0.0,8.0,8.0,0.1,0.09523809523809523,0.0032,0.0032,0.025,0.11363636363636363,0.8863636363636364,0.225,1.0,1.0,0.19166666666666668,0.23684210526315785,0.0
20260629_225103_bc53ce62,20260629_225103_bc53ce62_g0018,18,1535744210,0,8,8,8,1,4,GREEN,pool_heuristic,3,3.0,[3],0,64,4,"{""1"": 82, ""2"": 94, ""3"": 100, ""4"": 64}",False,8.0,-16.0,9.0,0.0,1.0,0.0025,492.0,126.875,514.25,8.0,14.0,40.5,160.5,291.25,1474.0,522.25,2.0,19.0,78.0,1.0,1.0,2.0,6.0,9.0,1.0,1.0,1.0,8.0,8.0,0.1,0.09523809523809523,0.0032,0.0032,0.025,0.11363636363636363,0.8863636363636364,0.2,1.0,1.0,0.2,0.2578947368421053,0.0
20260629_225103_bc53ce62,20260629_225103_bc53ce62_g0018,18,1535744210,1,16,16,16,1,1,RED,pool_l45_100ms,0,3.0,[3],0,82,3,"{""1"": 82, ""2"": 94, ""3"": 100, ""4"": 64}",False,10.0,-34.0,7.0,0.0,1.0,0.0025,454.0,107.5,407.25,10.0,16.0,41.25,155.0,185.0,2014.0,417.25,4.0,17.0,68.0,1.0,1.0,2.0,6.0,7.0,1.0,0.0,0.0,16.0,16.0,0.2,0.19047619047619047,0.0064,0.0064,0.05,0.22727272727272727,0.7727272727272727,0.25,1.0,1.0,0.36666666666666664,0.3236842105263158,0.0
20260629_225103_bc53ce62,20260629_225103_bc53ce62_g0018,18,1535744210,1,16,16,16,1,2,BLUE,pool_peer_500ms,1,3.0,[3],0,94,2,"{""1"": 82, ""2"": 94, ""3"": 100, ""4"": 64}",False,16.0,-22.0,0.0,2.0,1.0,0.0025,721.0,179.875,699.375,14.0,24.0,67.5,252.0,341.875,1747.0,715.375,4.0,17.0,68.0,1.0,1.0,2.0,6.0,7.0,1.0,0.0,0.0,16.0,16.0,0.2,0.19047619047619047,0.0064,0.0064,0.05,0.22727272727272727,0.7727272727272727,0.4,1.0,1.0,0.31666666666666665,0.49473684210526314,0.0
20260629_225103_bc53ce62,20260629_225103_bc53ce62_g0018,18,1535744210,1,16,16,16,1,3,YELLOW,champ_v3,2,3.0,[3],1,100,1,"{""1"": 82, ""2"": 94, ""3"": 100, ""4"": 64}",False,15.0,-24.0,1.0,2.0,1.0,0.0025,802.0,199.75,775.625,15.0,27.0,77.25,284.5,371.875,1666.0,790.625,4.0,17.0,68.0,1.0,1.0,2.0,6.0,7.0,1.0,0.0,0.0,16.0,16.0,0.2,0.19047619047619047,0.0064,0.0064,0.05,0.22727272727272727,0.7727272727272727,0.375,1.0,1.0,0.325,0.4894736842105264,0.0
20260629_225103_bc53ce62,20260629_225103_bc53ce62_g0018,18,1535744210,1,16,16,16,1,4,GREEN,pool_heuristic,3,3.0,[3],0,64,4,"{""1"": 82, ""2"": 94, ""3"": 100, ""4"": 64}",False,13.0,-28.0,4.0,0.0,1.0,0.0025,491.0,138.5,526.75,13.0,20.0,54.0,191.0,248.75,1977.0,539.75,4.0,17.0,68.0,1.0,1.0,2.0,6.0,7.0,1.0,1.0,1.0,16.0,16.0,0.2,0.19047619047619047,0.0064,0.0064,0.05,0.22727272727272727,0.7727272727272727,0.325,1.0,1.0,0.3416666666666667,0.41315789473684206,0.0
20260629_225103_bc53ce62,20260629_225103_bc53ce62_g0018,18,1535744210,2,24,24,24,1,1,RED,pool_l45_100ms,0,3.0,[3],0,82,3,"{""1"": 82, ""2"": 94, ""3"": 100, ""4"": 64}",False,14.0,-44.0,6.0,3.0,8.0,0.02,212.0,60.5,191.875,12.0,15.0,29.25,82.5,53.125,1323.0,205.875,6.0,15.0,58.0,1.0,1.0,2.0,6.0,5.0,0.0,0.0,0.0,24.0,24.0,0.295,0.2857142857142857,0.0096,0.0096,0.075,0.3409090909090909,0.6590909090909091,0.35,1.0,1.0,0.4833333333333333,0.4017543859649123,0.0
20260629_225103_bc53ce62,20260629_225103_bc53ce62_g0018,18,1535744210,2,24,24,24,1,2,BLUE,pool_peer_500ms,1,3.0,[3],0,94,2,"{""1"": 82, ""2"": 94, ""3"": 100, ""4"": 64}",False,21.0,-30.0,0.0,10.0,8.0,0.02,483.0,135.25,483.5,17.0,26.0,63.0,175.0,202.5,1052.0,504.5,6.0,15.0,59.0,1.0,1.0,2.0,5.0,6.0,1.0,0.0,0.0,24.0,24.0,0.295,0.2857142857142857,0.0096,0.0096,0.0725,0.32954545454545453,0.6704545454545454,0.525,1.0,1.0,0.425,0.5535390199637024,0.0
20260629_225103_bc53ce62,20260629_225103_bc53ce62_g0018,18,1535744210,2,24,24,24,1,3,YELLOW,champ_v3,2,3.0,[3],1,100,1,"{""1"": 82, ""2"": 94, ""3"": 100, ""4"": 64}",False,20.0,-32.0,0.0,8.0,8.0,0.02,532.0,150.0,536.0,19.0,29.0,70.5,190.0,227.5,1003.0,556.0,6.0,15.0,59.0,1.0,1.0,2.0,5.0,6.0,1.0,0.0,0.0,24.0,24.0,0.295,0.2857142857142857,0.0096,0.0096,0.0725,0.32954545454545453,0.6704545454545454,0.5,1.0,1.0,0.4333333333333333,0.5970961887477314,0.0
20260629_225103_bc53ce62,20260629_225103_bc53ce62_g0018,18,1535744210,2,24,24,24,1,4,GREEN,pool_heuristic,3,3.0,[3],0,64,4,"{""1"": 82, ""2"": 94, ""3"": 100, ""4"": 64}",False,17.0,-38.0,4.0,1.0,8.0,0.02,308.0,100.125,337.125,17.0,21.0,45.0,136.0,118.125,1227.0,354.125,6.0,15.0,58.0,1.0,1.0,2.0,6.0,5.0,1.0,1.0,1.0,24.0,24.0,0.295,0.2857142857142857,0.0096,0.0096,0.075,0.3409090909090909,0.6590909090909091,0.425,1.0,1.0,0.4583333333333333,0.5070175438596491,0.0
20260629_225103_bc53ce62,20260629_225103_bc53ce62_g0018,18,1535744210,3,32,32,32,1,1,RED,pool_l45_100ms,0,3.0,[3],0,82,3,"{""1"": 82, ""2"": 94, ""3"": 100, ""4"": 64}",False,17.0,-51.0,6.0,4.0,11.0,0.0275,98.0,38.5,94.25,14.0,14.0,17.25,39.0,10.0,704.0,111.25,8.0,13.0,48.0,1.0,1.0,2.0,6.0,3.0,0.0,0.0,0.0,32.0,32.0,0.395,0.38095238095238093,0.0128,0.0128,0.1,0.45454545454545453,0.5454545454545454,0.425,1.0,1.0,0.5666666666666667,0.41315789473684206,0.0
20260629_225103_bc53ce62,20260629_225103_bc53ce62_g0018,18,1535744210,3,32,32,32,1,2,BLUE,pool_peer_500ms,1,3.0,[3],0,94,2,"{""1"": 82, ""2"": 94, ""3"": 100, ""4"": 64}",False,24.0,-37.0,0.0,14.0,11.0,0.0275,358.0,113.375,365.5,21.0,27.0,60.75,145.5,111.25,444.0,389.5,8.0,13.0,49.0,1.0,1.0,2.0,5.0,4.0,0.0,0.0,0.0,32.0,32.0,0.395,0.38095238095238093,0.0128,0.0128,0.0975,0.4431818181818182,0.5568181818181818,0.6,1.0,1.0,0.5083333333333333,0.573549257759784,0.0
20260629_225103_bc53ce62,20260629_225103_bc53ce62_g0018,18,1535744210,3,32,32,32,1,3,YELLOW,champ_v3,2,3.0,[3],1,100,1,"{""1"": 82, ""2"": 94, ""3"": 100, ""4"": 64}",False,24.0,-37.0,0.0,21.0,11.0,0.0275,233.0,80.375,242.875,18.0,23.0,44.25,92.0,65.625,569.0,266.875,8.0,13.0,49.0,1.0,1.0,2.0,5.0,4.0,1.0,0.0,0.0,32.0,32.0,0.395,0.38095238095238093,0.0128,0.0128,0.0975,0.4431818181818182,0.5568181818181818,0.6,1.0,1.0,0.5083333333333333,0.6126855600539811,0.0
20260629_225103_bc53ce62,20260629_225103_bc53ce62_g0018,18,1535744210,3,32,32,32,1,4,GREEN,pool_heuristic,3,3.0,[3],0,64,4,"{""1"": 82, ""2"": 94, ""3"": 100, ""4"": 64}",False,20.0,-45.0,4.0,10.0,11.0,0.0275,113.0,48.0,123.25,17.0,14.0,21.75,53.0,17.5,689.0,143.25,8.0,13.0,48.0,1.0,1.0,2.0,6.0,3.0,1.0,0.0,1.0,32.0,32.0,0.395,0.38095238095238093,0.0128,0.0128,0.1,0.45454545454545453,0.5454545454545454,0.5,1.0,1.0,0.5416666666666667,0.4776315789473684,0.0
20260629_225103_bc53ce62,20260629_225103_bc53ce62_g0018,18,1535744210,4,40,40,40,1,1,RED,pool_l45_100ms,0,3.0,[3],0,82,3,"{""1"": 82, ""2"": 94, ""3"": 100, ""4"": 64}",False,13.0,-58.0,6.0,8.0,15.0,0.0375,29.0,17.75,30.75,10.0,8.0,6.75,6.0,0.0,318.0,43.75,10.0,11.0,38.0,1.0,1.0,2.0,6.0,1.0,0.0,0.0,0.0,40.0,40.0,0.4875,0.47619047619047616,0.016,0.016,0.125,0.5681818181818182,0.4318181818181818,0.325,1.0,1.0,0.5916666666666667,0.41263157894736846,0.0
20260629_225103_bc53ce62,20260629_225103_bc53ce62_g0018,18,1535744210,4,40,40,40,1,2,BLUE,pool_peer_500ms,1,3.0,[3],0,94,2,"{""1"": 82, ""2"": 94, ""3"": 100, ""4"": 64}",False,24.0,-36.0,0.0,25.0,15.0,0.0375,128.0,55.375,134.75,21.0,16.0,30.0,56.5,11.25,219.0,158.75,10.0,11.0,39.0,1.0,1.0,2.0,5.0,2.0,0.0,0.0,0.0,40.0,40.0,0.4875,0.47619047619047616,0.016,0.016,0.1225,0.5568181818181818,0.4431818181818182,0.6,1.0,1.0,0.5,0.5381310418904404,0.0
20260629_225103_bc53ce62,20260629_225103_bc53ce62_g0018,18,1535744210,4,40,40,40,1,3,YELLOW,champ_v3,2,3.0,[3],1,100,1,"{""1"": 82, ""2"": 94, ""3"": 100, ""4"": 64}",False,28.0,-28.0,0.0,32.0,15.0,0.0375,143.0,62.75,162.25,20.0,23.0,39.0,44.0,36.25,204.0,190.25,10.0,11.0,41.0,1.0,1.0,2.0,3.0,4.0,1.0,0.0,0.0,40.0,40.0,0.4875,0.47619047619047616,0.016,0.016,0.1175,0.5340909090909091,0.4659090909090909,0.7,1.0,1.0,0.4666666666666667,0.606942889137738,0.0
20260629_225103_bc53ce62,20260629_225103_bc53ce62_g0018,18,1535744210,4,40,40,40,1,4,GREEN,pool_heuristic,3,3.0,[3],0,64,4,"{""1"": 82, ""2"": 94, ""3"": 100, ""4"": 64}",False,19.0,-46.0,4.0,11.0,15.0,0.0375,47.0,27.5,50.5,16.0,9.0,9.0,14.0,2.5,300.0,69.5,10.0,11.0,39.0,1.0,1.0,2.0,5.0,2.0,1.0,0.0,0.0,40.0,40.0,0.4875,0.47619047619047616,0.016,0.016,0.1225,0.5568181818181818,0.4431818181818182,0.475,1.0,1.0,0.5416666666666667,0.4543501611170784,0.0
20260629_225103_bc53ce62,20260629_225103_bc53ce62_g0018,18,1535744210,5,48,48,48,1,1,RED,pool_l45_100ms,0,3.0,[3],0,82,3,"{""1"": 82, ""2"": 94, ""3"": 100, ""4"": 64}",False,13.0,-55.0,6.0,13.0,30.0,0.075,28.0,17.5,31.25,10.0,7.0,5.25,9.0,0.0,124.0,44.25,12.0,9.0,29.0,1.0,1.0,2.0,5.0,0.0,0.0,0.0,0.0,48.0,48.0,0.575,0.5714285714285714,0.0192,0.0192,0.1475,0.6704545454545454,0.32954545454545453,0.325,1.0,0.8,0.5666666666666667,0.37912578055307755,0.0
20260629_225103_bc53ce62,20260629_225103_bc53ce62_g0018,18,1535744210,5,48,48,48,1,2,BLUE,pool_peer_500ms,1,3.0,[3],0,94,2,"{""1"": 82, ""2"": 94, ""3"": 100, ""4"": 64}",False,25.0,-31.0,0.0,39.0,30.0,0.075,55.0,32.75,60.5,18.0,12.0,15.0,13.0,2.5,97.0,85.5,12.0,9.0,30.0,1.0,1.0,2.0,4.0,1.0,0.0,0.0,0.0,48.0,48.0,0.575,0.5714285714285714,0.0192,0.0192,0.145,0.6590909090909091,0.3409090909090909,0.625,1.0,1.0,0.4666666666666667,0.5753176043557169,0.0
20260629_225103_bc53ce62,20260629_225103_bc53ce62_g0018,18,1535744210,5,48,48,48,1,3,YELLOW,champ_v3,2,3.0,[3],1,100,1,"{""1"": 82, ""2"": 94, ""3"": 100, ""4"": 64}",False,27.0,-27.0,0.0,40.0,30.0,0.075,57.0,32.375,63.125,16.0,14.0,16.5,11.0,5.625,95.0,90.125,12.0,9.0,31.0,1.0,1.0,2.0,3.0,2.0,0.0,0.0,0.0,48.0,48.0,0.575,0.5714285714285714,0.0192,0.0192,0.1425,0.6477272727272727,0.3522727272727273,0.675,1.0,1.0,0.45,0.5807940904893814,0.0
20260629_225103_bc53ce62,20260629_225103_bc53ce62_g0018,18,1535744210,5,48,48,48,1,4,GREEN,pool_heuristic,3,3.0,[3],0,64,4,"{""1"": 82, ""2"": 94, ""3"": 100, ""4"": 64}",False,16.0,-49.0,4.0,19.0,30.0,0.075,12.0,10.5,12.0,9.0,3.0,0.0,0.0,0.0,140.0,28.0,12.0,9.0,32.0,1.0,1.0,1.0,4.0,2.0,1.0,0.0,0.0,48.0,48.0,0.575,0.5714285714285714,0.0192,0.0192,0.14,0.6363636363636364,0.36363636363636365,0.4,0.8333333333333334,1.0,0.5416666666666667,0.45676691729323304,0.0
20260629_225103_bc53ce62,20260629_225103_bc53ce62_g0018,18,1535744210,6,56,56,56,1,1,RED,pool_l45_100ms,0,3.0,[3],0,82,3,"{""1"": 82, ""2"": 94, ""3"": 100, ""4"": 64}",False,13.0,-54.0,6.0,26.0,40.0,0.1,23.0,15.5,26.5,9.0,7.0,4.5,6.0,0.0,58.0,39.5,14.0,7.0,21.0,1.0,1.0,2.0,3.0,0.0,0.0,0.0,0.0,56.0,56.0,0.6375,0.6666666666666666,0.0224,0.0224,0.1675,0.7613636363636364,0.23863636363636365,0.325,0.6666666666666666,0.8,0.5583333333333333,0.3833464257659073,0.0
20260629_225103_bc53ce62,20260629_225103_bc53ce62_g0018,18,1535744210,6,56,56,56,1,2,BLUE,pool_peer_500ms,1,3.0,[3],0,94,2,"{""1"": 82, ""2"": 94, ""3"": 100, ""4"": 64}",False,28.0,-24.0,0.0,52.0,40.0,0.1,32.0,24.0,34.5,17.0,8.0,7.5,2.0,0.0,49.0,62.5,14.0,7.0,22.0,1.0,1.0,2.0,2.0,1.0,0.0,0.0,0.0,56.0,56.0,0.6375,0.6666666666666666,0.0224,0.0224,0.165,0.75,0.25,0.7,0.8333333333333334,1.0,0.4333333333333333,0.572567783094099,0.0
20260629_225103_bc53ce62,20260629_225103_bc53ce62_g0018,18,1535744210,6,56,56,56,1,3,YELLOW,champ_v3,2,3.0,[3],1,100,1,"{""1"": 82, ""2"": 94, ""3"": 100, ""4"": 64}",False,26.0,-28.0,0.0,46.0,40.0,0.1,26.0,19.75,30.25,15.0,0.0,11.25,4.0,0.0,55.0,56.25,14.0,7.0,25.0,1.0,0.0,2.0,2.0,2.0,0.0,0.0,0.0,56.0,56.0,0.6375,0.6666666666666666,0.0224,0.0224,0.1575,0.7159090909090909,0.2840909090909091,0.65,0.85,1.0,0.45,0.5847953216374269,0.0
20260629_225103_bc53ce62,20260629_225103_bc53ce62_g0018,18,1535744210,6,56,56,56,1,4,GREEN,pool_heuristic,3,3.0,[3],0,64,4,"{""1"": 82, ""2"": 94, ""3"": 100, ""4"": 64}",False,13.0,-54.0,4.0,21.0,40.0,0.1,0.0,0.0,0.0,0.0,0.0,0.0,0.0,0.0,81.0,13.0,14.0,7.0,29.0,0.0,0.0,1.0,4.0,2.0,1.0,0.0,0.0,56.0,56.0,0.6375,0.6666666666666666,0.0224,0.0224,0.1475,0.6704545454545454,0.32954545454545453,0.325,0.5166666666666667,1.0,0.5583333333333333,0.4495985727029438,0.0
20260629_225103_bc53ce62,20260629_225103_bc53ce62_g0018,18,1535744210,7,64,64,66,3,1,RED,pool_l45_100ms,0,3.0,[3],0,82,3,"{""1"": 82, ""2"": 94, ""3"": 100, ""4"": 64}",False,12.0,-52.0,6.0,43.0,44.0,0.11,5.0,5.0,5.0,5.0,0.0,0.0,0.0,0.0,29.0,17.0,17.0,4.0,12.0,1.0,0.0,1.0,2.0,0.0,0.0,0.0,0.0,64.0,66.0,0.7025,0.8095238095238095,0.0264,0.0256,0.19,0.8636363636363636,0.13636363636363635,0.3,0.18333333333333332,0.8,0.5333333333333333,0.3753462603878116,0.0
20260629_225103_bc53ce62,20260629_225103_bc53ce62_g0018,18,1535744210,7,64,64,66,3,2,BLUE,pool_peer_500ms,1,3.0,[3],0,94,2,"{""1"": 82, ""2"": 94, ""3"": 100, ""4"": 64}",False,25.0,-26.0,0.0,60.0,44.0,0.11,8.0,3.25,7.25,0.0,5.0,2.25,0.0,0.0,26.0,32.25,17.0,4.0,14.0,0.0,1.0,1.0,1.0,1.0,0.0,0.0,0.0,64.0,66.0,0.7025,0.8095238095238095,0.0264,0.0256,0.185,0.8409090909090909,0.1590909090909091,0.625,0.7166666666666667,1.0,0.425,0.5462304409672831,0.0
20260629_225103_bc53ce62,20260629_225103_bc53ce62_g0018,18,1535744210,7,64,64,66,3,3,YELLOW,champ_v3,2,3.0,[3],1,100,1,"{""1"": 82, ""2"": 94, ""3"": 100, ""4"": 64}",False,26.0,-24.0,0.0,56.0,44.0,0.11,21.0,16.75,22.25,14.0,0.0,8.25,0.0,0.0,13.0,48.25,16.0,5.0,16.0,1.0,0.0,2.0,1.0,1.0,0.0,0.0,0.0,64.0,66.0,0.7025,0.7619047619047619,0.0264,0.0256,0.18,0.8181818181818182,0.18181818181818182,0.65,0.7833333333333333,1.0,0.4166666666666667,0.5723684210526316,0.0
20260629_225103_bc53ce62,20260629_225103_bc53ce62_g0018,18,1535744210,7,64,64,66,3,4,GREEN,pool_heuristic,3,3.0,[3],0,64,4,"{""1"": 82, ""2"": 94, ""3"": 100, ""4"": 64}",False,13.0,-50.0,4.0,30.0,44.0,0.11,0.0,0.0,0.0,0.0,0.0,0.0,0.0,0.0,34.0,13.0,14.0,7.0,29.0,0.0,0.0,1.0,4.0,2.0,1.0,0.0,0.0,64.0,66.0,0.7025,0.6666666666666666,0.0264,0.0256,0.1475,0.6704545454545454,0.32954545454545453,0.325,0.5166666666666667,1.0,0.525,0.4495985727029438,0.0
20260629_225103_bc53ce62,20260629_225103_bc53ce62_g0019,19,1948487760,0,8,8,8,1,1,RED,pool_peer_500ms,0,2.0,[2],0,98,2,"{""1"": 98, ""2"": 100, ""3"": 73, ""4"": 61}",False,9.0,-14.0,9.0,0.0,0.0,0.0,543.0,122.625,488.75,9.0,15.0,41.25,153.5,270.0,1396.0,497.75,2.0,19.0,78.0,1.0,1.0,2.0,6.0,9.0,1.0,0.0,0.0,8.0,8.0,0.1,0.09523809523809523,0.0032,0.0032,0.025,0.11363636363636363,0.8863636363636364,0.225,1.0,1.0,0.19166666666666668,0.23684210526315785,0.0
20260629_225103_bc53ce62,20260629_225103_bc53ce62_g0019,19,1948487760,0,8,8,8,1,2,BLUE,champ_v3,1,2.0,[2],1,100,1,"{""1"": 98, ""2"": 100, ""3"": 73, ""4"": 61}",False,9.0,-14.0,9.0,0.0,0.0,0.0,543.0,122.625,488.75,9.0,15.0,41.25,153.5,270.0,1396.0,497.75,2.0,19.0,78.0,1.0,1.0,2.0,6.0,9.0,1.0,0.0,0.0,8.0,8.0,0.1,0.09523809523809523,0.0032,0.0032,0.025,0.11363636363636363,0.8863636363636364,0.225,1.0,1.0,0.19166666666666668,0.23684210526315785,0.0
20260629_225103_bc53ce62,20260629_225103_bc53ce62_g0019,19,1948487760,0,8,8,8,1,3,YELLOW,pool_heuristic,2,2.0,[2],0,73,3,"{""1"": 98, ""2"": 100, ""3"": 73, ""4"": 61}",False,7.0,-18.0,9.0,0.0,0.0,0.0,409.0,100.625,402.625,7.0,12.0,33.75,128.0,221.875,1530.0,409.625,2.0,19.0,78.0,1.0,1.0,2.0,6.0,9.0,1.0,0.0,1.0,8.0,8.0,0.1,0.09523809523809523,0.0032,0.0032,0.025,0.11363636363636363,0.8863636363636364,0.175,1.0,1.0,0.20833333333333334,0.25263157894736843,0.0
20260629_225103_bc53ce62,20260629_225103_bc53ce62_g0019,19,1948487760,0,8,8,8,1,4,GREEN,pool_l45_100ms,3,2.0,[2],0,61,4,"{""1"": 98, ""2"": 100, ""3"": 73, ""4"": 61}",False,7.0,-18.0,9.0,0.0,0.0,0.0,444.0,103.25,415.125,7.0,12.0,33.75,130.5,231.875,1495.0,422.125,2.0,19.0,78.0,1.0,1.0,2.0,6.0,9.0,1.0,1.0,0.0,8.0,8.0,0.1,0.09523809523809523,0.0032,0.0032,0.025,0.11363636363636363,0.8863636363636364,0.175,1.0,1.0,0.20833333333333334,0.20526315789473681,0.0
20260629_225103_bc53ce62,20260629_225103_bc53ce62_g0019,19,1948487760,1,16,16,16,1,1,RED,pool_peer_500ms,0,2.0,[2],0,98,2,"{""1"": 98, ""2"": 100, ""3"": 73, ""4"": 61}",False,16.0,-23.0,0.0,0.0,4.0,0.01,825.0,206.0,796.5,16.0,28.0,79.5,298.0,375.0,1647.0,812.5,4.0,17.0,68.0,1.0,1.0,2.0,6.0,7.0,1.0,0.0,0.0,16.0,16.0,0.2,0.19047619047619047,0.0064,0.0064,0.05,0.22727272727272727,0.7727272727272727,0.4,1.0,1.0,0.325,0.49473684210526314,0.0
20260629_225103_bc53ce62,20260629_225103_bc53ce62_g0019,19,1948487760,1,16,16,16,1,2,BLUE,champ_v3,1,2.0,[2],1,100,1,"{""1"": 98, ""2"": 100, ""3"": 73, ""4"": 61}",False,15.0,-25.0,3.0,2.0,4.0,0.01,704.0,169.625,644.75,15.0,25.0,67.5,243.5,293.75,1768.0,659.75,4.0,17.0,68.0,1.0,1.0,2.0,6.0,7.0,1.0,0.0,0.0,16.0,16.0,0.2,0.19047619047619047,0.0064,0.0064,0.05,0.22727272727272727,0.7727272727272727,0.375,1.0,1.0,0.33333333333333337,0.4552631578947368,0.0
20260629_225103_bc53ce62,20260629_225103_bc53ce62_g0019,19,1948487760,1,16,16,16,1,3,YELLOW,pool_heuristic,2,2.0,[2],0,73,3,"{""1"": 98, ""2"": 100, ""3"": 73, ""4"": 61}",False,14.0,-27.0,5.0,2.0,4.0,0.01,418.0,116.5,432.125,13.0,19.0,46.5,155.5,198.125,2054.0,446.125,4.0,17.0,68.0,1.0,1.0,2.0,6.0,7.0,1.0,0.0,1.0,16.0,16.0,0.2,0.19047619047619047,0.0064,0.0064,0.05,0.22727272727272727,0.7727272727272727,0.35,1.0,1.0,0.3416666666666667,0.3894736842105263,0.0
20260629_225103_bc53ce62,20260629_225103_bc53ce62_g0019,19,1948487760,1,16,16,16,1,4,GREEN,pool_l45_100ms,3,2.0,[2],0,61,4,"{""1"": 98, ""2"": 100, ""3"": 73, ""4"": 61}",False,10.0,-35.0,7.0,0.0,4.0,0.01,525.0,121.875,470.625,10.0,17.0,45.0,173.0,225.625,1947.0,480.625,4.0,17.0,68.0,1.0,1.0,2.0,6.0,7.0,1.0,0.0,0.0,16.0,16.0,0.2,0.19047619047619047,0.0064,0.0064,0.05,0.22727272727272727,0.7727272727272727,0.25,1.0,1.0,0.375,0.3131578947368421,0.0
20260629_225103_bc53ce62,20260629_225103_bc53ce62_g0019,19,1948487760,2,24,24,24,1,1,RED,pool_peer_500ms,0,2.0,[2],0,98,2,"{""1"": 98, ""2"": 100, ""3"": 73, ""4"": 61}",False,19.0,-34.0,0.0,9.0,8.0,0.02,415.0,119.375,421.75,17.0,23.0,54.75,144.5,182.5,1050.0,440.75,6.0,15.0,59.0,1.0,1.0,2.0,5.0,6.0,1.0,0.0,0.0,24.0,24.0,0.2975,0.2857142857142857,0.0096,0.0096,0.0725,0.32954545454545453,0.6704545454545454,0.475,1.0,1.0,0.4416666666666667,0.5843920145190562,0.0
20260629_225103_bc53ce62,20260629_225103_bc53ce62_g0019,19,1948487760,2,24,24,24,1,2,BLUE,champ_v3,1,2.0,[2],1,100,1,"{""1"": 98, ""2"": 100, ""3"": 73, ""4"": 61}",False,18.0,-36.0,0.0,8.0,8.0,0.02,397.0,114.25,394.0,17.0,22.0,51.75,167.0,136.25,1068.0,412.0,6.0,15.0,58.0,1.0,1.0,2.0,6.0,5.0,1.0,0.0,0.0,24.0,24.0,0.2975,0.2857142857142857,0.0096,0.0096,0.075,0.3409090909090909,0.6590909090909091,0.45,1.0,1.0,0.45,0.5929824561403509,0.0
20260629_225103_bc53ce62,20260629_225103_bc53ce62_g0019,19,1948487760,2,24,24,24,1,3,YELLOW,pool_heuristic,2,2.0,[2],0,73,3,"{""1"": 98, ""2"": 100, ""3"": 73, ""4"": 61}",False,21.0,-30.0,3.0,5.0,8.0,0.02,266.0,93.875,300.5,18.0,23.0,46.5,125.5,87.5,1199.0,321.5,6.0,15.0,58.0,1.0,1.0,2.0,6.0,5.0,1.0,0.0,1.0,24.0,24.0,0.2975,0.2857142857142857,0.0096,0.0096,0.075,0.3409090909090909,0.6590909090909091,0.525,1.0,1.0,0.425,0.4631578947368421,0.0
20260629_225103_bc53ce62,20260629_225103_bc53ce62_g0019,19,1948487760,2,24,24,24,1,4,GREEN,pool_l45_100ms,3,2.0,[2],0,61,4,"{""1"": 98, ""2"": 100, ""3"": 73, ""4"": 61}",False,14.0,-44.0,4.0,1.0,8.0,0.02,387.0,101.375,344.75,14.0,22.0,50.25,158.5,100.0,1078.0,358.75,6.0,15.0,58.0,1.0,1.0,2.0,6.0,5.0,0.0,0.0,0.0,24.0,24.0,0.2975,0.2857142857142857,0.0096,0.0096,0.075,0.3409090909090909,0.6590909090909091,0.35,1.0,1.0,0.4833333333333333,0.43333333333333324,0.0
20260629_225103_bc53ce62,20260629_225103_bc53ce62_g0019,19,1948487760,3,32,32,32,1,1,RED,pool_peer_500ms,0,2.0,[2],0,98,2,"{""1"": 98, ""2"": 100, ""3"": 73, ""4"": 61}",False,23.0,-36.0,0.0,19.0,8.0,0.02,128.0,52.75,133.875,20.0,15.0,24.75,43.5,30.625,467.0,156.875,8.0,13.0,49.0,1.0,1.0,2.0,5.0,4.0,1.0,0.0,0.0,32.0,32.0,0.395,0.38095238095238093,0.0128,0.0128,0.0975,0.4431818181818182,0.5568181818181818,0.575,1.0,1.0,0.4916666666666667,0.6045883940620782,0.0
20260629_225103_bc53ce62,20260629_225103_bc53ce62_g0019,19,1948487760,3,32,32,32,1,2,BLUE,champ_v3,1,2.0,[2],1,100,1,"{""1"": 98, ""2"": 100, ""3"": 73, ""4"": 61}",False,24.0,-34.0,0.0,11.0,8.0,0.02,329.0,105.375,336.25,21.0,24.0,54.0,138.5,98.75,266.0,360.25,8.0,13.0,49.0,1.0,1.0,2.0,5.0,4.0,1.0,0.0,0.0,32.0,32.0,0.395,0.38095238095238093,0.0128,0.0128,0.0975,0.4431818181818182,0.5568181818181818,0.6,1.0,1.0,0.4833333333333333,0.5964912280701754,0.0
20260629_225103_bc53ce62,20260629_225103_bc53ce62_g0019,19,1948487760,3,32,32,32,1,3,YELLOW,pool_heuristic,2,2.0,[2],0,73,3,"{""1"": 98, ""2"": 100, ""3"": 73, ""4"": 61}",False,19.0,-44.0,3.0,6.0,8.0,0.02,82.0,36.875,82.0,16.0,13.0,18.0,27.5,7.5,513.0,101.0,8.0,13.0,48.0,1.0,1.0,2.0,6.0,3.0,1.0,0.0,0.0,32.0,32.0,0.395,0.38095238095238093,0.0128,0.0128,0.1,0.45454545454545453,0.5454545454545454,0.475,1.0,1.0,0.525,0.45394736842105265,0.0
20260629_225103_bc53ce62,20260629_225103_bc53ce62_g0019,19,1948487760,3,32,32,32,1,4,GREEN,pool_l45_100ms,3,2.0,[2],0,61,4,"{""1"": 98, ""2"": 100, ""3"": 73, ""4"": 61}",False,16.0,-50.0,4.0,9.0,8.0,0.02,56.0,26.5,55.75,13.0,9.0,9.75,19.0,5.0,539.0,71.75,8.0,13.0,48.0,1.0,1.0,2.0,6.0,3.0,0.0,0.0,0.0,32.0,32.0,0.395,0.38095238095238093,0.0128,0.0128,0.1,0.45454545454545453,0.5454545454545454,0.4,1.0,1.0,0.55,0.4486842105263158,0.0
20260629_225103_bc53ce62,20260629_225103_bc53ce62_g0019,19,1948487760,4,40,40,40,1,1,RED,pool_peer_500ms,0,2.0,[2],0,98,2,"{""1"": 98, ""2"": 100, ""3"": 73, ""4"": 61}",False,27.0,-40.0,0.0,29.0,14.0,0.035,129.0,51.5,125.125,22.0,14.0,24.75,27.5,36.875,232.0,152.125,10.0,11.0,41.0,1.0,1.0,2.0,3.0,4.0,1.0,0.0,0.0,40.0,40.0,0.4825,0.47619047619047616,0.016,0.016,0.1175,0.5340909090909091,0.4659090909090909,0.675,1.0,1.0,0.5583333333333333,0.5711086226203808,0.0
20260629_225103_bc53ce62,20260629_225103_bc53ce62_g0019,19,1948487760,4,40,40,40,1,2,BLUE,champ_v3,1,2.0,[2],1,100,1,"{""1"": 98, ""2"": 100, ""3"": 73, ""4"": 61}",False,29.0,-36.0,0.0,19.0,14.0,0.035,133.0,60.25,143.625,24.0,21.0,32.25,34.5,31.875,228.0,172.625,10.0,11.0,41.0,1.0,1.0,2.0,3.0,4.0,1.0,0.0,0.0,40.0,40.0,0.4825,0.47619047619047616,0.016,0.016,0.1175,0.5340909090909091,0.4659090909090909,0.725,1.0,1.0,0.5416666666666667,0.5856662933930571,0.0
20260629_225103_bc53ce62,20260629_225103_bc53ce62_g0019,19,1948487760,4,40,40,40,1,3,YELLOW,pool_heuristic,2,2.0,[2],0,73,3,"{""1"": 98, ""2"": 100, ""3"": 73, ""4"": 61}",False,24.0,-46.0,3.0,18.0,14.0,0.035,79.0,39.125,81.0,19.0,13.0,18.0,28.5,2.5,282.0,105.0,10.0,11.0,38.0,1.0,1.0,2.0,6.0,1.0,0.0,0.0,0.0,40.0,40.0,0.4825,0.47619047619047616,0.016,0.016,0.125,0.5681818181818182,0.4318181818181818,0.6,1.0,1.0,0.5833333333333333,0.42000000000000004,0.0
20260629_225103_bc53ce62,20260629_225103_bc53ce62_g0019,19,1948487760,4,40,40,40,1,4,GREEN,pool_l45_100ms,3,2.0,[2],0,61,4,"{""1"": 98, ""2"": 100, ""3"": 73, ""4"": 61}",False,14.0,-66.0,4.0,11.0,14.0,0.035,20.0,12.75,18.25,9.0,5.0,2.25,2.0,0.0,341.0,32.25,10.0,11.0,39.0,1.0,1.0,2.0,5.0,2.0,0.0,0.0,0.0,40.0,40.0,0.4825,0.47619047619047616,0.016,0.016,0.1225,0.5568181818181818,0.4431818181818182,0.35,1.0,1.0,0.6666666666666667,0.42105263157894735,0.0
20260629_225103_bc53ce62,20260629_225103_bc53ce62_g0019,19,1948487760,5,48,48,48,1,1,RED,pool_peer_500ms,0,2.0,[2],0,98,2,"{""1"": 98, ""2"": 100, ""3"": 73, ""4"": 61}",False,30.0,-33.0,0.0,40.0,25.0,0.0625,65.0,39.0,68.75,24.0,12.0,15.0,9.0,8.75,119.0,98.75,12.0,9.0,32.0,1.0,1.0,2.0,2.0,3.0,1.0,0.0,0.0,48.0,48.0,0.5625,0.5714285714285714,0.0192,0.0192,0.14,0.6363636363636364,0.36363636363636365,0.75,1.0,1.0,0.525,0.5347744360902256,0.0
20260629_225103_bc53ce62,20260629_225103_bc53ce62_g0019,19,1948487760,5,48,48,48,1,2,BLUE,champ_v3,1,2.0,[2],1,100,1,"{""1"": 98, ""2"": 100, ""3"": 73, ""4"": 61}",False,28.0,-37.0,0.0,32.0,25.0,0.0625,74.0,40.5,86.5,20.0,13.0,20.25,12.0,21.25,110.0,114.5,12.0,9.0,33.0,1.0,1.0,2.0,1.0,4.0,1.0,0.0,0.0,48.0,48.0,0.5625,0.5714285714285714,0.0192,0.0192,0.1375,0.625,0.375,0.7,1.0,1.0,0.5416666666666667,0.5885167464114833,0.0
20260629_225103_bc53ce62,20260629_225103_bc53ce62_g0019,19,1948487760,5,48,48,48,1,3,YELLOW,pool_heuristic,2,2.0,[2],0,73,3,"{""1"": 98, ""2"": 100, ""3"": 73, ""4"": 61}",False,26.0,-41.0,2.0,30.0,25.0,0.0625,39.0,27.75,40.25,19.0,11.0,8.25,2.0,0.0,145.0,66.25,12.0,9.0,29.0,1.0,1.0,2.0,5.0,0.0,0.0,0.0,0.0,48.0,48.0,0.5625,0.5714285714285714,0.0192,0.0192,0.1475,0.6704545454545454,0.32954545454545453,0.65,1.0,0.8,0.5583333333333333,0.45584299732381794,0.0
20260629_225103_bc53ce62,20260629_225103_bc53ce62_g0019,19,1948487760,5,48,48,48,1,4,GREEN,pool_l45_100ms,3,2.0,[2],0,61,4,"{""1"": 98, ""2"": 100, ""3"": 73, ""4"": 61}",False,9.0,-75.0,4.0,18.0,25.0,0.0625,6.0,6.0,6.0,6.0,0.0,0.0,0.0,0.0,178.0,15.0,12.0,9.0,33.0,1.0,0.0,2.0,4.0,2.0,0.0,0.0,0.0,48.0,48.0,0.5625,0.5714285714285714,0.0192,0.0192,0.1375,0.625,0.375,0.225,0.6166666666666667,1.0,0.7,0.41052631578947374,0.0
20260629_225103_bc53ce62,20260629_225103_bc53ce62_g0019,19,1948487760,6,56,56,57,2,1,RED,pool_peer_500ms,0,2.0,[2],0,98,2,"{""1"": 98, ""2"": 100, ""3"": 73, ""4"": 61}",False,27.0,-30.0,0.0,52.0,27.0,0.0675,25.0,22.25,24.75,20.0,4.0,0.75,0.0,0.0,55.0,51.75,15.0,6.0,19.0,1.0,1.0,2.0,0.0,2.0,0.0,0.0,0.0,56.0,57.0,0.63,0.7142857142857143,0.0228,0.0224,0.1725,0.7840909090909091,0.2159090909090909,0.675,0.9833333333333333,1.0,0.475,0.5110602593440122,0.0
20260629_225103_bc53ce62,20260629_225103_bc53ce62_g0019,19,1948487760,6,56,56,57,2,2,BLUE,champ_v3,1,2.0,[2],1,100,1,"{""1"": 98, ""2"": 100, ""3"": 73, ""4"": 61}",False,25.0,-34.0,0.0,40.0,27.0,0.0675,37.0,27.125,45.125,18.0,8.0,7.5,6.0,5.625,43.0,70.125,14.0,7.0,25.0,1.0,1.0,1.0,1.0,3.0,0.0,0.0,0.0,56.0,57.0,0.63,0.6666666666666666,0.0228,0.0224,0.1575,0.7159090909090909,0.2840909090909091,0.625,0.9166666666666666,1.0,0.4916666666666667,0.5639097744360901,0.0
20260629_225103_bc53ce62,20260629_225103_bc53ce62_g0019,19,1948487760,6,56,56,57,2,3,YELLOW,pool_heuristic,2,2.0,[2],0,73,3,"{""1"": 98, ""2"": 100, ""3"": 73, ""4"": 61}",False,23.0,-38.0,2.0,38.0,27.0,0.0675,18.0,16.5,20.0,15.0,0.0,3.0,2.0,0.0,62.0,43.0,14.0,7.0,24.0,1.0,0.0,1.0,5.0,0.0,0.0,0.0,0.0,56.0,57.0,0.63,0.6666666666666666,0.0228,0.0224,0.16,0.7272727272727273,0.2727272727272727,0.575,1.0,0.8,0.5083333333333333,0.4457236842105263,0.0
20260629_225103_bc53ce62,20260629_225103_bc53ce62_g0019,19,1948487760,6,56,56,57,2,4,GREEN,pool_l45_100ms,3,2.0,[2],0,61,4,"{""1"": 98, ""2"": 100, ""3"": 73, ""4"": 61}",False,9.0,-66.0,4.0,19.0,27.0,0.0675,0.0,0.0,0.0,0.0,0.0,0.0,0.0,0.0,80.0,9.0,13.0,8.0,32.0,0.0,0.0,2.0,4.0,2.0,0.0,0.0,0.0,56.0,57.0,0.63,0.6190476190476191,0.0228,0.0224,0.14,0.6363636363636364,0.36363636363636365,0.225,0.55,1.0,0.625,0.4078947368421053,0.0
20260629_225103_bc53ce62,20260629_225103_bc53ce62_g0019,19,1948487760,7,64,64,69,2,1,RED,pool_peer_500ms,0,2.0,[2],0,98,2,"{""1"": 98, ""2"": 100, ""3"": 73, ""4"": 61}",False,28.0,-21.0,0.0,59.0,34.0,0.085,3.0,1.5,5.5,0.0,0.0,3.0,0.0,2.5,17.0,33.5,18.0,3.0,13.0,0.0,0.0,1.0,0.0,2.0,0.0,0.0,0.0,64.0,69.0,0.6875,0.8571428571428571,0.0276,0.0256,0.1875,0.8522727272727273,0.14772727272727273,0.7,0.9166666666666666,1.0,0.4083333333333333,0.5038596491228071,0.0
20260629_225103_bc53ce62,20260629_225103_bc53ce62_g0019,19,1948487760,7,64,64,69,2,2,BLUE,champ_v3,1,2.0,[2],1,100,1,"{""1"": 98, ""2"": 100, ""3"": 73, ""4"": 61}",False,19.0,-39.0,0.0,53.0,34.0,0.085,17.0,15.5,17.0,14.0,3.0,0.0,0.0,0.0,3.0,36.0,17.0,4.0,12.0,1.0,1.0,0.0,1.0,1.0,0.0,0.0,0.0,64.0,69.0,0.6875,0.8095238095238095,0.0276,0.0256,0.19,0.8636363636363636,0.13636363636363635,0.475,0.6166666666666667,1.0,0.4833333333333333,0.5193905817174516,0.0
20260629_225103_bc53ce62,20260629_225103_bc53ce62_g0019,19,1948487760,7,64,64,69,2,3,YELLOW,pool_heuristic,2,2.0,[2],0,73,3,"{""1"": 98, ""2"": 100, ""3"": 73, ""4"": 61}",False,21.0,-35.0,2.0,50.0,34.0,0.085,0.0,0.0,0.0,0.0,0.0,0.0,0.0,0.0,20.0,21.0,16.0,5.0,20.0,0.0,0.0,0.0,5.0,0.0,0.0,0.0,0.0,64.0,69.0,0.6875,0.7619047619047619,0.0276,0.0256,0.17,0.7727272727272727,0.22727272727272727,0.525,0.7,0.8,0.4666666666666667,0.4357585139318886,0.0
20260629_225103_bc53ce62,20260629_225103_bc53ce62_g0019,19,1948487760,7,64,64,69,2,4,GREEN,pool_l45_100ms,3,2.0,[2],0,61,4,"{""1"": 98, ""2"": 100, ""3"": 73, ""4"": 61}",False,9.0,-59.0,4.0,24.0,34.0,0.085,0.0,0.0,0.0,0.0,0.0,0.0,0.0,0.0,20.0,9.0,13.0,8.0,32.0,0.0,0.0,2.0,4.0,2.0,0.0,0.0,0.0,64.0,69.0,0.6875,0.6190476190476191,0.0276,0.0256,0.14,0.6363636363636364,0.36363636363636365,0.225,0.4666666666666667,1.0,0.5666666666666667,0.4078947368421053,0.0
20260629_225103_bc53ce62,20260629_225103_bc53ce62_g0020,20,1776619143,0,8,8,8,1,1,RED,champ_v3,0,1.0,[1],1,95,1,"{""1"": 95, ""2"": 87, ""3"": 78, ""4"": 88}",False,9.0,-14.0,9.0,0.0,0.0,0.0,543.0,122.625,488.75,9.0,15.0,41.25,153.5,270.0,1324.0,497.75,2.0,19.0,78.0,1.0,1.0,2.0,6.0,9.0,1.0,0.0,0.0,8.0,8.0,0.1,0.09523809523809523,0.0032,0.0032,0.025,0.11363636363636363,0.8863636363636364,0.225,1.0,1.0,0.19166666666666668,0.23684210526315785,0.0
20260629_225103_bc53ce62,20260629_225103_bc53ce62_g0020,20,1776619143,0,8,8,8,1,2,BLUE,pool_heuristic,1,1.0,[1],0,87,3,"{""1"": 95, ""2"": 87, ""3"": 78, ""4"": 88}",False,7.0,-18.0,9.0,0.0,0.0,0.0,417.0,107.875,436.25,7.0,12.0,34.5,136.5,246.25,1450.0,443.25,2.0,19.0,78.0,1.0,1.0,2.0,6.0,9.0,1.0,1.0,1.0,8.0,8.0,0.1,0.09523809523809523,0.0032,0.0032,0.025,0.11363636363636363,0.8863636363636364,0.175,1.0,1.0,0.20833333333333334,0.22631578947368425,0.0
20260629_225103_bc53ce62,20260629_225103_bc53ce62_g0020,20,1776619143,0,8,8,8,1,3,YELLOW,pool_l45_100ms,2,1.0,[1],0,78,4,"{""1"": 95, ""2"": 87, ""3"": 78, ""4"": 88}",False,7.0,-18.0,9.0,0.0,0.0,0.0,364.0,86.0,341.875,7.0,10.0,27.0,108.5,189.375,1503.0,348.875,2.0,19.0,78.0,1.0,1.0,2.0,6.0,9.0,1.0,1.0,0.0,8.0,8.0,0.1,0.09523809523809523,0.0032,0.0032,0.025,0.11363636363636363,0.8863636363636364,0.175,1.0,1.0,0.20833333333333334,0.17368421052631577,0.0
20260629_225103_bc53ce62,20260629_225103_bc53ce62_g0020,20,1776619143,0,8,8,8,1,4,GREEN,pool_peer_500ms,3,1.0,[1],0,88,2,"{""1"": 95, ""2"": 87, ""3"": 78, ""4"": 88}",False,9.0,-14.0,9.0,0.0,0.0,0.0,543.0,122.625,488.75,9.0,15.0,41.25,153.5,270.0,1324.0,497.75,2.0,19.0,78.0,1.0,1.0,2.0,6.0,9.0,1.0,0.0,0.0,8.0,8.0,0.1,0.09523809523809523,0.0032,0.0032,0.025,0.11363636363636363,0.8863636363636364,0.225,1.0,1.0,0.19166666666666668,0.23684210526315785,0.0
20260629_225103_bc53ce62,20260629_225103_bc53ce62_g0020,20,1776619143,1,16,16,16,1,1,RED,champ_v3,0,1.0,[1],1,95,1,"{""1"": 95, ""2"": 87, ""3"": 78, ""4"": 88}",False,15.0,-23.0,4.0,2.0,0.0,0.0,525.0,134.5,506.5,14.0,20.0,51.75,182.0,238.75,1602.0,521.5,4.0,17.0,68.0,1.0,1.0,2.0,6.0,7.0,1.0,0.0,0.0,16.0,16.0,0.2,0.19047619047619047,0.0064,0.0064,0.05,0.22727272727272727,0.7727272727272727,0.375,1.0,1.0,0.31666666666666665,0.4526315789473684,0.0
20260629_225103_bc53ce62,20260629_225103_bc53ce62_g0020,20,1776619143,1,16,16,16,1,2,BLUE,pool_heuristic,1,1.0,[1],0,87,3,"{""1"": 95, ""2"": 87, ""3"": 78, ""4"": 88}",False,13.0,-27.0,1.0,5.0,0.0,0.0,480.0,143.375,555.75,12.0,19.0,51.75,200.5,272.5,1647.0,568.75,4.0,17.0,68.0,1.0,1.0,2.0,6.0,7.0,1.0,1.0,1.0,16.0,16.0,0.2,0.19047619047619047,0.0064,0.0064,0.05,0.22727272727272727,0.7727272727272727,0.325,1.0,1.0,0.33333333333333337,0.47894736842105257,0.0
20260629_225103_bc53ce62,20260629_225103_bc53ce62_g0020,20,1776619143,1,16,16,16,1,3,YELLOW,pool_l45_100ms,2,1.0,[1],0,78,4,"{""1"": 95, ""2"": 87, ""3"": 78, ""4"": 88}",False,11.0,-31.0,5.0,0.0,0.0,0.0,429.0,102.375,386.25,11.0,15.0,36.0,140.5,183.75,1698.0,397.25,4.0,17.0,68.0,1.0,1.0,2.0,6.0,7.0,1.0,0.0,0.0,16.0,16.0,0.2,0.19047619047619047,0.0064,0.0064,0.05,0.22727272727272727,0.7727272727272727,0.275,1.0,1.0,0.35,0.3526315789473684,0.0
20260629_225103_bc53ce62,20260629_225103_bc53ce62_g0020,20,1776619143,1,16,16,16,1,4,GREEN,pool_peer_500ms,3,1.0,[1],0,88,2,"{""1"": 95, ""2"": 87, ""3"": 78, ""4"": 88}",False,14.0,-25.0,0.0,2.0,0.0,0.0,693.0,163.875,632.25,14.0,22.0,61.5,228.5,306.25,1434.0,646.25,4.0,17.0,68.0,1.0,1.0,2.0,6.0,7.0,1.0,0.0,0.0,16.0,16.0,0.2,0.19047619047619047,0.0064,0.0064,0.05,0.22727272727272727,0.7727272727272727,0.35,1.0,1.0,0.325,0.4894736842105264,0.0
20260629_225103_bc53ce62,20260629_225103_bc53ce62_g0020,20,1776619143,2,24,24,24,1,1,RED,champ_v3,0,1.0,[1],1,95,1,"{""1"": 95, ""2"": 87, ""3"": 78, ""4"": 88}",False,18.0,-31.0,0.0,10.0,5.0,0.0125,411.0,109.0,381.125,15.0,21.0,48.0,161.5,135.625,1010.0,399.125,6.0,15.0,58.0,1.0,1.0,2.0,6.0,5.0,0.0,0.0,0.0,24.0,24.0,0.3,0.2857142857142857,0.0096,0.0096,0.075,0.3409090909090909,0.6590909090909091,0.45,1.0,1.0,0.4083333333333333,0.524561403508772,0.0
20260629_225103_bc53ce62,20260629_225103_bc53ce62_g0020,20,1776619143,2,24,24,24,1,2,BLUE,pool_heuristic,1,1.0,[1],0,87,3,"{""1"": 95, ""2"": 87, ""3"": 78, ""4"": 88}",False,17.0,-33.0,1.0,8.0,5.0,0.0125,299.0,102.0,362.75,13.0,18.0,45.75,151.0,135.0,1122.0,379.75,6.0,15.0,58.0,1.0,1.0,2.0,6.0,5.0,1.0,1.0,1.0,24.0,24.0,0.3,0.2857142857142857,0.0096,0.0096,0.075,0.3409090909090909,0.6590909090909091,0.425,1.0,1.0,0.4166666666666667,0.5666666666666667,0.0
20260629_225103_bc53ce62,20260629_225103_bc53ce62_g0020,20,1776619143,2,24,24,24,1,3,YELLOW,pool_l45_100ms,2,1.0,[1],0,78,4,"{""1"": 95, ""2"": 87, ""3"": 78, ""4"": 88}",False,12.0,-43.0,5.0,3.0,5.0,0.0125,147.0,43.875,134.25,11.0,10.0,19.5,52.5,41.25,1274.0,146.25,6.0,15.0,58.0,1.0,1.0,2.0,6.0,5.0,0.0,0.0,0.0,24.0,24.0,0.3,0.2857142857142857,0.0096,0.0096,0.075,0.3409090909090909,0.6590909090909091,0.3,1.0,1.0,0.4583333333333333,0.39473684210526316,0.0
20260629_225103_bc53ce62,20260629_225103_bc53ce62_g0020,20,1776619143,2,24,24,24,1,4,GREEN,pool_peer_500ms,3,1.0,[1],0,88,2,"{""1"": 95, ""2"": 87, ""3"": 78, ""4"": 88}",False,20.0,-27.0,0.0,7.0,5.0,0.0125,564.0,150.5,526.25,20.0,29.0,68.25,229.0,180.0,857.0,546.25,6.0,15.0,58.0,1.0,1.0,2.0,6.0,5.0,1.0,0.0,0.0,24.0,24.0,0.3,0.2857142857142857,0.0096,0.0096,0.075,0.3409090909090909,0.6590909090909091,0.5,1.0,1.0,0.39166666666666666,0.5491228070175438,0.0
20260629_225103_bc53ce62,20260629_225103_bc53ce62_g0020,20,1776619143,3,32,32,32,1,1,RED,champ_v3,0,1.0,[1],1,95,1,"{""1"": 95, ""2"": 87, ""3"": 78, ""4"": 88}",False,24.0,-31.0,0.0,16.0,8.0,0.02,311.0,95.5,298.875,20.0,23.0,50.25,122.5,83.125,472.0,322.875,8.0,13.0,49.0,1.0,1.0,2.0,5.0,4.0,0.0,0.0,0.0,32.0,32.0,0.395,0.38095238095238093,0.0128,0.0128,0.0975,0.4431818181818182,0.5568181818181818,0.6,1.0,1.0,0.4583333333333333,0.5600539811066126,0.0
20260629_225103_bc53ce62,20260629_225103_bc53ce62_g0020,20,1776619143,3,32,32,32,1,2,BLUE,pool_heuristic,1,1.0,[1],0,87,3,"{""1"": 95, ""2"": 87, ""3"": 78, ""4"": 88}",False,21.0,-37.0,1.0,14.0,8.0,0.02,98.0,41.75,109.0,14.0,12.0,21.0,47.0,15.0,685.0,130.0,8.0,13.0,48.0,1.0,1.0,2.0,6.0,3.0,0.0,1.0,0.0,32.0,32.0,0.395,0.38095238095238093,0.0128,0.0128,0.1,0.45454545454545453,0.5454545454545454,0.525,1.0,1.0,0.4833333333333333,0.5644736842105262,0.0
20260629_225103_bc53ce62,20260629_225103_bc53ce62_g0020,20,1776619143,3,32,32,32,1,3,YELLOW,pool_l45_100ms,2,1.0,[1],0,78,4,"{""1"": 95, ""2"": 87, ""3"": 78, ""4"": 88}",False,13.0,-53.0,5.0,10.0,8.0,0.02,61.0,27.875,64.25,12.0,9.0,11.25,24.5,7.5,722.0,77.25,8.0,13.0,48.0,1.0,1.0,2.0,6.0,3.0,0.0,0.0,0.0,32.0,32.0,0.395,0.38095238095238093,0.0128,0.0128,0.1,0.45454545454545453,0.5454545454545454,0.325,1.0,1.0,0.55,0.4236842105263158,0.0
20260629_225103_bc53ce62,20260629_225103_bc53ce62_g0020,20,1776619143,3,32,32,32,1,4,GREEN,pool_peer_500ms,3,1.0,[1],0,88,2,"{""1"": 95, ""2"": 87, ""3"": 78, ""4"": 88}",False,21.0,-37.0,0.0,15.0,8.0,0.02,313.0,102.75,327.0,21.0,24.0,50.25,133.0,98.75,470.0,348.0,8.0,13.0,49.0,1.0,1.0,2.0,5.0,4.0,1.0,0.0,0.0,32.0,32.0,0.395,0.38095238095238093,0.0128,0.0128,0.0975,0.4431818181818182,0.5568181818181818,0.525,1.0,1.0,0.4833333333333333,0.5330634278002699,0.0
20260629_225103_bc53ce62,20260629_225103_bc53ce62_g0020,20,1776619143,4,40,40,40,1,1,RED,champ_v3,0,1.0,[1],1,95,1,"{""1"": 95, ""2"": 87, ""3"": 78, ""4"": 88}",False,29.0,-27.0,0.0,26.0,11.0,0.0275,132.0,57.25,141.5,22.0,16.0,26.25,61.0,16.25,196.0,170.5,10.0,11.0,39.0,1.0,1.0,2.0,5.0,2.0,0.0,0.0,0.0,40.0,40.0,0.4925,0.47619047619047616,0.016,0.016,0.1225,0.5568181818181818,0.4431818181818182,0.725,1.0,1.0,0.4666666666666667,0.5682062298603652,0.0
20260629_225103_bc53ce62,20260629_225103_bc53ce62_g0020,20,1776619143,4,40,40,40,1,2,BLUE,pool_heuristic,1,1.0,[1],0,87,3,"{""1"": 95, ""2"": 87, ""3"": 78, ""4"": 88}",False,23.0,-39.0,1.0,19.0,11.0,0.0275,54.0,28.5,60.0,14.0,8.0,13.5,22.0,2.5,274.0,83.0,10.0,11.0,38.0,1.0,1.0,2.0,6.0,1.0,0.0,0.0,0.0,40.0,40.0,0.4925,0.47619047619047616,0.016,0.016,0.125,0.5681818181818182,0.4318181818181818,0.575,1.0,1.0,0.5166666666666667,0.5305263157894737,0.0
20260629_225103_bc53ce62,20260629_225103_bc53ce62_g0020,20,1776619143,4,40,40,40,1,3,YELLOW,pool_l45_100ms,2,1.0,[1],0,78,4,"{""1"": 95, ""2"": 87, ""3"": 78, ""4"": 88}",False,12.0,-61.0,5.0,12.0,11.0,0.0275,50.0,21.625,45.75,11.0,6.0,7.5,17.5,3.75,278.0,57.75,10.0,11.0,38.0,1.0,1.0,2.0,6.0,1.0,0.0,0.0,0.0,40.0,40.0,0.4925,0.47619047619047616,0.016,0.016,0.125,0.5681818181818182,0.4318181818181818,0.3,1.0,1.0,0.6083333333333333,0.4,0.0
20260629_225103_bc53ce62,20260629_225103_bc53ce62_g0020,20,1776619143,4,40,40,40,1,4,GREEN,pool_peer_500ms,3,1.0,[1],0,88,2,"{""1"": 95, ""2"": 87, ""3"": 78, ""4"": 88}",False,21.0,-43.0,0.0,27.0,11.0,0.0275,92.0,43.25,97.25,19.0,14.0,21.0,32.0,11.25,236.0,118.25,10.0,11.0,40.0,1.0,1.0,2.0,4.0,3.0,1.0,0.0,0.0,40.0,40.0,0.4925,0.47619047619047616,0.016,0.016,0.12,0.5454545454545454,0.45454545454545453,0.525,1.0,1.0,0.5333333333333333,0.555921052631579,0.0
20260629_225103_bc53ce62,20260629_225103_bc53ce62_g0020,20,1776619143,5,48,48,48,1,1,RED,champ_v3,0,1.0,[1],1,95,1,"{""1"": 95, ""2"": 87, ""3"": 78, ""4"": 88}",False,31.0,-25.0,0.0,36.0,22.0,0.055,57.0,32.25,56.5,20.0,10.0,10.5,11.0,5.0,80.0,87.5,12.0,9.0,31.0,1.0,1.0,2.0,3.0,2.0,0.0,0.0,0.0,48.0,48.0,0.58,0.5714285714285714,0.0192,0.0192,0.1425,0.6477272727272727,0.3522727272727273,0.775,1.0,1.0,0.4666666666666667,0.5752539242843953,0.0
20260629_225103_bc53ce62,20260629_225103_bc53ce62_g0020,20,1776619143,5,48,48,48,1,2,BLUE,pool_heuristic,1,1.0,[1],0,87,3,"{""1"": 95, ""2"": 87, ""3"": 78, ""4"": 88}",False,23.0,-41.0,1.0,24.0,22.0,0.055,21.0,16.5,24.25,13.0,2.0,3.75,3.0,2.5,116.0,47.25,12.0,9.0,30.0,1.0,1.0,2.0,4.0,1.0,0.0,0.0,0.0,48.0,48.0,0.58,0.5714285714285714,0.0192,0.0192,0.145,0.6590909090909091,0.3409090909090909,0.575,1.0,1.0,0.5333333333333333,0.5117967332123412,0.0
20260629_225103_bc53ce62,20260629_225103_bc53ce62_g0020,20,1776619143,5,48,48,48,1,3,YELLOW,pool_l45_100ms,2,1.0,[1],0,78,4,"{""1"": 95, ""2"": 87, ""3"": 78, ""4"": 88}",False,10.0,-67.0,5.0,22.0,22.0,0.055,18.0,11.875,17.5,9.0,2.0,3.0,3.5,0.0,119.0,27.5,12.0,9.0,29.0,1.0,1.0,2.0,5.0,0.0,0.0,0.0,0.0,48.0,48.0,0.58,0.5714285714285714,0.0192,0.0192,0.1475,0.6704545454545454,0.32954545454545453,0.25,0.6,0.8,0.6416666666666667,0.3844781445138269,0.0
20260629_225103_bc53ce62,20260629_225103_bc53ce62_g0020,20,1776619143,5,48,48,48,1,4,GREEN,pool_peer_500ms,3,1.0,[1],0,88,2,"{""1"": 95, ""2"": 87, ""3"": 78, ""4"": 88}",False,23.0,-41.0,0.0,34.0,22.0,0.055,41.0,27.75,42.25,19.0,9.0,8.25,6.0,0.0,96.0,65.25,12.0,9.0,30.0,1.0,1.0,2.0,4.0,1.0,1.0,0.0,0.0,48.0,48.0,0.58,0.5714285714285714,0.0192,0.0192,0.145,0.6590909090909091,0.3409090909090909,0.575,1.0,1.0,0.5333333333333333,0.5326678765880218,0.0
20260629_225103_bc53ce62,20260629_225103_bc53ce62_g0020,20,1776619143,6,56,56,56,1,1,RED,champ_v3,0,1.0,[1],1,95,1,"{""1"": 95, ""2"": 87, ""3"": 78, ""4"": 88}",False,31.0,-23.0,0.0,47.0,35.0,0.0875,26.0,19.875,24.75,16.0,6.0,2.25,0.5,0.0,41.0,55.75,14.0,7.0,22.0,1.0,1.0,2.0,2.0,1.0,0.0,0.0,0.0,56.0,56.0,0.65,0.6666666666666666,0.0224,0.0224,0.165,0.75,0.25,0.775,1.0,1.0,0.45,0.5606060606060607,0.0
20260629_225103_bc53ce62,20260629_225103_bc53ce62_g0020,20,1776619143,6,56,56,56,1,2,BLUE,pool_heuristic,1,1.0,[1],0,87,3,"{""1"": 95, ""2"": 87, ""3"": 78, ""4"": 88}",False,23.0,-39.0,1.0,33.0,35.0,0.0875,6.0,2.25,6.0,0.0,2.0,3.0,1.0,0.0,61.0,29.0,14.0,7.0,25.0,0.0,1.0,2.0,3.0,1.0,0.0,0.0,0.0,56.0,56.0,0.65,0.6666666666666666,0.0224,0.0224,0.1575,0.7159090909090909,0.2840909090909091,0.575,0.8166666666666667,1.0,0.5166666666666667,0.5012531328320802,0.0
20260629_225103_bc53ce62,20260629_225103_bc53ce62_g0020,20,1776619143,6,56,56,56,1,3,YELLOW,pool_l45_100ms,2,1.0,[1],0,78,4,"{""1"": 95, ""2"": 87, ""3"": 78, ""4"": 88}",False,9.0,-67.0,2.0,29.0,35.0,0.0875,10.0,8.5,9.75,8.0,0.0,0.75,1.0,0.0,57.0,18.75,14.0,7.0,23.0,1.0,0.0,2.0,4.0,0.0,0.0,0.0,0.0,56.0,56.0,0.65,0.6666666666666666,0.0224,0.0224,0.1625,0.7386363636363636,0.26136363636363635,0.225,0.43333333333333335,0.8,0.6333333333333333,0.40809716599190293,0.0
20260629_225103_bc53ce62,20260629_225103_bc53ce62_g0020,20,1776619143,6,56,56,56,1,4,GREEN,pool_peer_500ms,3,1.0,[1],0,88,2,"{""1"": 95, ""2"": 87, ""3"": 78, ""4"": 88}",False,22.0,-41.0,0.0,46.0,35.0,0.0875,25.0,19.5,25.5,15.0,6.0,4.5,0.0,0.0,42.0,47.5,14.0,7.0,22.0,1.0,1.0,2.0,2.0,1.0,1.0,0.0,0.0,56.0,56.0,0.65,0.6666666666666666,0.0224,0.0224,0.165,0.75,0.25,0.55,0.7333333333333333,1.0,0.525,0.5191387559808612,0.0
20260629_225103_bc53ce62,20260629_225103_bc53ce62_g0020,20,1776619143,7,64,64,64,1,1,RED,champ_v3,0,1.0,[1],1,95,1,"{""1"": 95, ""2"": 87, ""3"": 78, ""4"": 88}",False,29.0,-23.0,0.0,53.0,34.0,0.085,7.0,3.5,8.5,0.0,5.0,1.5,2.0,0.0,8.0,37.5,16.0,5.0,17.0,0.0,1.0,2.0,1.0,1.0,0.0,0.0,0.0,64.0,64.0,0.7025,0.7619047619047619,0.0256,0.0256,0.1775,0.8068181818181818,0.19318181818181818,0.725,0.7666666666666667,1.0,0.4333333333333333,0.5463306152705709,0.0
20260629_225103_bc53ce62,20260629_225103_bc53ce62_g0020,20,1776619143,7,64,64,64,1,2,BLUE,pool_heuristic,1,1.0,[1],0,87,3,"{""1"": 95, ""2"": 87, ""3"": 78, ""4"": 88}",False,23.0,-35.0,1.0,47.0,34.0,0.085,1.0,0.5,1.0,0.0,1.0,0.0,0.0,0.0,14.0,24.0,16.0,5.0,18.0,0.0,1.0,1.0,2.0,1.0,0.0,0.0,0.0,64.0,64.0,0.7025,0.7619047619047619,0.0256,0.0256,0.175,0.7954545454545454,0.20454545454545456,0.575,0.6166666666666667,1.0,0.4833333333333333,0.4894736842105264,0.0
20260629_225103_bc53ce62,20260629_225103_bc53ce62_g0020,20,1776619143,7,64,64,64,1,3,YELLOW,pool_l45_100ms,2,1.0,[1],0,78,4,"{""1"": 95, ""2"": 87, ""3"": 78, ""4"": 88}",False,8.0,-65.0,2.0,43.0,34.0,0.085,1.0,0.5,1.5,0.0,0.0,1.5,0.0,0.0,14.0,9.5,16.0,5.0,18.0,0.0,0.0,2.0,3.0,0.0,0.0,0.0,0.0,64.0,64.0,0.7025,0.7619047619047619,0.0256,0.0256,0.175,0.7954545454545454,0.20454545454545456,0.2,0.38333333333333336,0.8,0.6083333333333333,0.42556390977443603,0.0
20260629_225103_bc53ce62,20260629_225103_bc53ce62_g0020,20,1776619143,7,64,64,64,1,4,GREEN,pool_peer_500ms,3,1.0,[1],0,88,2,"{""1"": 95, ""2"": 87, ""3"": 78, ""4"": 88}",False,21.0,-39.0,0.0,50.0,34.0,0.085,6.0,2.75,5.75,0.0,5.0,0.75,0.0,0.0,9.0,26.75,16.0,5.0,18.0,0.0,1.0,1.0,2.0,1.0,1.0,0.0,0.0,64.0,64.0,0.7025,0.7619047619047619,0.0256,0.0256,0.175,0.7954545454545454,0.20454545454545456,0.525,0.5666666666666667,1.0,0.5,0.5300751879699248,0.0
20260629_225103_bc53ce62,20260629_225103_bc53ce62_g0021,21,1212367270,0,8,8,8,1,1,RED,pool_heuristic,0,4.0,[4],0,78,3,"{""1"": 78, ""2"": 66, ""3"": 87, ""4"": 97}",False,7.0,-16.0,9.0,0.0,3.0,0.0075,388.0,91.875,365.625,7.0,11.0,30.75,115.0,201.875,1413.0,372.625,2.0,19.0,78.0,1.0,1.0,2.0,6.0,9.0,0.0,0.0,1.0,8.0,8.0,0.1,0.09523809523809523,0.0032,0.0032,0.025,0.11363636363636363,0.8863636363636364,0.175,1.0,1.0,0.19166666666666668,0.25263157894736843,0.0
20260629_225103_bc53ce62,20260629_225103_bc53ce62_g0021,21,1212367270,0,8,8,8,1,2,BLUE,pool_l45_100ms,1,4.0,[4],0,66,4,"{""1"": 78, ""2"": 66, ""3"": 87, ""4"": 97}",False,5.0,-20.0,9.0,0.0,3.0,0.0075,327.0,76.25,309.5,5.0,8.0,24.0,95.0,177.5,1474.0,314.5,2.0,19.0,78.0,1.0,1.0,2.0,6.0,9.0,1.0,1.0,0.0,8.0,8.0,0.1,0.09523809523809523,0.0032,0.0032,0.025,0.11363636363636363,0.8863636363636364,0.125,1.0,1.0,0.20833333333333334,0.15263157894736834,0.0
20260629_225103_bc53ce62,20260629_225103_bc53ce62_g0021,21,1212367270,0,8,8,8,1,3,YELLOW,pool_peer_500ms,2,4.0,[4],0,87,2,"{""1"": 78, ""2"": 66, ""3"": 87, ""4"": 97}",False,9.0,-12.0,9.0,0.0,3.0,0.0075,543.0,122.625,488.75,9.0,15.0,41.25,153.5,270.0,1258.0,497.75,2.0,19.0,78.0,1.0,1.0,2.0,6.0,9.0,1.0,0.0,0.0,8.0,8.0,0.1,0.09523809523809523,0.0032,0.0032,0.025,0.11363636363636363,0.8863636363636364,0.225,1.0,1.0,0.175,0.23684210526315785,0.0
20260629_225103_bc53ce62,20260629_225103_bc53ce62_g0021,21,1212367270,0,8,8,8,1,4,GREEN,champ_v3,3,4.0,[4],1,97,1,"{""1"": 78, ""2"": 66, ""3"": 87, ""4"": 97}",False,9.0,-12.0,9.0,0.0,3.0,0.0075,543.0,122.625,488.75,9.0,15.0,41.25,153.5,270.0,1258.0,497.75,2.0,19.0,78.0,1.0,1.0,2.0,6.0,9.0,1.0,0.0,0.0,8.0,8.0,0.1,0.09523809523809523,0.0032,0.0032,0.025,0.11363636363636363,0.8863636363636364,0.225,1.0,1.0,0.175,0.23684210526315785,0.0
20260629_225103_bc53ce62,20260629_225103_bc53ce62_g0021,21,1212367270,1,16,16,16,1,1,RED,pool_heuristic,0,4.0,[4],0,78,3,"{""1"": 78, ""2"": 66, ""3"": 87, ""4"": 97}",False,15.0,-25.0,4.0,0.0,3.0,0.0075,585.0,159.25,594.5,15.0,26.0,68.25,229.0,256.25,1965.0,609.5,4.0,17.0,68.0,1.0,1.0,2.0,6.0,7.0,0.0,0.0,1.0,16.0,16.0,0.2,0.19047619047619047,0.0064,0.0064,0.05,0.22727272727272727,0.7727272727272727,0.375,1.0,1.0,0.33333333333333337,0.4473684210526315,0.0
20260629_225103_bc53ce62,20260629_225103_bc53ce62_g0021,21,1212367270,1,16,16,16,1,2,BLUE,pool_l45_100ms,1,4.0,[4],0,66,4,"{""1"": 78, ""2"": 66, ""3"": 87, ""4"": 97}",False,9.0,-37.0,6.0,0.0,3.0,0.0075,528.0,122.375,477.5,9.0,16.0,45.0,177.5,230.0,2022.0,486.5,4.0,17.0,68.0,1.0,1.0,2.0,6.0,7.0,1.0,0.0,0.0,16.0,16.0,0.2,0.19047619047619047,0.0064,0.0064,0.05,0.22727272727272727,0.7727272727272727,0.225,1.0,1.0,0.38333333333333336,0.3263157894736842,0.0
20260629_225103_bc53ce62,20260629_225103_bc53ce62_g0021,21,1212367270,1,16,16,16,1,3,YELLOW,pool_peer_500ms,2,4.0,[4],0,87,2,"{""1"": 78, ""2"": 66, ""3"": 87, ""4"": 97}",False,16.0,-23.0,0.0,3.0,3.0,0.0075,813.0,202.0,786.75,15.0,27.0,76.5,287.0,381.25,1737.0,802.75,4.0,17.0,68.0,1.0,1.0,2.0,6.0,7.0,1.0,0.0,0.0,16.0,16.0,0.2,0.19047619047619047,0.0064,0.0064,0.05,0.22727272727272727,0.7727272727272727,0.4,1.0,1.0,0.325,0.49473684210526314,0.0
20260629_225103_bc53ce62,20260629_225103_bc53ce62_g0021,21,1212367270,1,16,16,16,1,4,GREEN,champ_v3,3,4.0,[4],1,97,1,"{""1"": 78, ""2"": 66, ""3"": 87, ""4"": 97}",False,15.0,-25.0,1.0,3.0,3.0,0.0075,624.0,160.875,603.375,15.0,26.0,67.5,228.0,266.875,1926.0,618.375,4.0,17.0,68.0,1.0,1.0,2.0,6.0,7.0,1.0,0.0,0.0,16.0,16.0,0.2,0.19047619047619047,0.0064,0.0064,0.05,0.22727272727272727,0.7727272727272727,0.375,1.0,1.0,0.33333333333333337,0.4894736842105264,0.0
20260629_225103_bc53ce62,20260629_225103_bc53ce62_g0021,21,1212367270,2,24,24,24,1,1,RED,pool_heuristic,0,4.0,[4],0,78,3,"{""1"": 78, ""2"": 66, ""3"": 87, ""4"": 97}",False,18.0,-34.0,2.0,4.0,3.0,0.0075,370.0,117.625,407.5,16.0,24.0,55.5,174.5,137.5,1165.0,425.5,6.0,15.0,58.0,1.0,1.0,2.0,6.0,5.0,0.0,0.0,1.0,24.0,24.0,0.3,0.2857142857142857,0.0096,0.0096,0.075,0.3409090909090909,0.6590909090909091,0.45,1.0,1.0,0.4333333333333333,0.5192982456140351,0.0
20260629_225103_bc53ce62,20260629_225103_bc53ce62_g0021,21,1212367270,2,24,24,24,1,2,BLUE,pool_l45_100ms,1,4.0,[4],0,66,4,"{""1"": 78, ""2"": 66, ""3"": 87, ""4"": 97}",False,13.0,-44.0,6.0,1.0,3.0,0.0075,177.0,54.0,163.75,13.0,14.0,24.75,67.0,45.0,1358.0,176.75,6.0,15.0,58.0,1.0,1.0,2.0,6.0,5.0,0.0,0.0,0.0,24.0,24.0,0.3,0.2857142857142857,0.0096,0.0096,0.075,0.3409090909090909,0.6590909090909091,0.325,1.0,1.0,0.475,0.38596491228070173,0.0
20260629_225103_bc53ce62,20260629_225103_bc53ce62_g0021,21,1212367270,2,24,24,24,1,3,YELLOW,pool_peer_500ms,2,4.0,[4],0,87,2,"{""1"": 78, ""2"": 66, ""3"": 87, ""4"": 97}",False,18.0,-34.0,0.0,13.0,3.0,0.0075,478.0,131.875,473.0,16.0,23.0,57.75,197.5,178.75,1057.0,491.0,6.0,15.0,58.0,1.0,1.0,2.0,6.0,5.0,0.0,0.0,0.0,24.0,24.0,0.3,0.2857142857142857,0.0096,0.0096,0.075,0.3409090909090909,0.6590909090909091,0.45,1.0,1.0,0.4333333333333333,0.5982456140350877,0.0
20260629_225103_bc53ce62,20260629_225103_bc53ce62_g0021,21,1212367270,2,24,24,24,1,4,GREEN,champ_v3,3,4.0,[4],1,97,1,"{""1"": 78, ""2"": 66, ""3"": 87, ""4"": 97}",False,21.0,-28.0,0.0,11.0,3.0,0.0075,510.0,144.125,507.125,19.0,26.0,66.0,218.0,178.125,1025.0,528.125,6.0,15.0,58.0,1.0,1.0,2.0,6.0,5.0,0.0,0.0,0.0,24.0,24.0,0.3,0.2857142857142857,0.0096,0.0096,0.075,0.3409090909090909,0.6590909090909091,0.525,1.0,1.0,0.4083333333333333,0.5982456140350877,0.0
20260629_225103_bc53ce62,20260629_225103_bc53ce62_g0021,21,1212367270,3,32,32,32,1,1,RED,pool_heuristic,0,4.0,[4],0,78,3,"{""1"": 78, ""2"": 66, ""3"": 87, ""4"": 97}",False,19.0,-45.0,2.0,6.0,9.0,0.0225,92.0,39.5,93.125,16.0,14.0,16.5,33.5,13.125,562.0,112.125,8.0,13.0,48.0,1.0,1.0,2.0,6.0,3.0,0.0,0.0,1.0,32.0,32.0,0.3975,0.38095238095238093,0.0128,0.0128,0.1,0.45454545454545453,0.5454545454545454,0.475,1.0,1.0,0.5333333333333333,0.4855263157894737,0.0
20260629_225103_bc53ce62,20260629_225103_bc53ce62_g0021,21,1212367270,3,32,32,32,1,2,BLUE,pool_l45_100ms,1,4.0,[4],0,66,4,"{""1"": 78, ""2"": 66, ""3"": 87, ""4"": 97}",False,17.0,-49.0,6.0,5.0,9.0,0.0225,87.0,39.0,86.5,17.0,14.0,17.25,32.0,6.25,567.0,103.5,8.0,13.0,48.0,1.0,1.0,2.0,6.0,3.0,0.0,0.0,0.0,32.0,32.0,0.3975,0.38095238095238093,0.0128,0.0128,0.1,0.45454545454545453,0.5454545454545454,0.425,1.0,1.0,0.55,0.4078947368421053,0.0
20260629_225103_bc53ce62,20260629_225103_bc53ce62_g0021,21,1212367270,3,32,32,32,1,3,YELLOW,pool_peer_500ms,2,4.0,[4],0,87,2,"{""1"": 78, ""2"": 66, ""3"": 87, ""4"": 97}",False,21.0,-41.0,0.0,21.0,9.0,0.0225,256.0,87.5,277.5,17.0,20.0,42.0,136.0,62.5,398.0,298.5,8.0,13.0,48.0,1.0,1.0,2.0,6.0,3.0,0.0,0.0,0.0,32.0,32.0,0.3975,0.38095238095238093,0.0128,0.0128,0.1,0.45454545454545453,0.5454545454545454,0.525,1.0,1.0,0.5166666666666667,0.6210526315789473,0.0
20260629_225103_bc53ce62,20260629_225103_bc53ce62_g0021,21,1212367270,3,32,32,32,1,4,GREEN,champ_v3,3,4.0,[4],1,97,1,"{""1"": 78, ""2"": 66, ""3"": 87, ""4"": 97}",False,26.0,-31.0,0.0,21.0,9.0,0.0225,219.0,73.125,216.0,19.0,19.0,35.25,86.5,56.25,435.0,242.0,8.0,13.0,49.0,1.0,1.0,2.0,5.0,4.0,0.0,0.0,0.0,32.0,32.0,0.3975,0.38095238095238093,0.0128,0.0128,0.0975,0.4431818181818182,0.5568181818181818,0.65,1.0,1.0,0.475,0.6045883940620782,0.0
20260629_225103_bc53ce62,20260629_225103_bc53ce62_g0021,21,1212367270,4,40,40,40,1,1,RED,pool_heuristic,0,4.0,[4],0,78,3,"{""1"": 78, ""2"": 66, ""3"": 87, ""4"": 97}",False,21.0,-45.0,2.0,16.0,18.0,0.045,55.0,29.875,56.5,16.0,12.0,10.5,15.5,2.5,347.0,77.5,10.0,11.0,39.0,1.0,1.0,2.0,5.0,2.0,0.0,0.0,0.0,40.0,40.0,0.49,0.47619047619047616,0.016,0.016,0.1225,0.5568181818181818,0.4431818181818182,0.525,1.0,1.0,0.55,0.49194414607948433,0.0
20260629_225103_bc53ce62,20260629_225103_bc53ce62_g0021,21,1212367270,4,40,40,40,1,2,BLUE,pool_l45_100ms,1,4.0,[4],0,66,4,"{""1"": 78, ""2"": 66, ""3"": 87, ""4"": 97}",False,15.0,-57.0,2.0,11.0,18.0,0.045,35.0,21.25,35.0,14.0,6.0,6.0,9.0,0.0,367.0,50.0,10.0,11.0,38.0,1.0,1.0,2.0,6.0,1.0,0.0,0.0,0.0,40.0,40.0,0.49,0.47619047619047616,0.016,0.016,0.125,0.5681818181818182,0.4318181818181818,0.375,0.9666666666666667,1.0,0.6,0.43157894736842106,0.0
20260629_225103_bc53ce62,20260629_225103_bc53ce62_g0021,21,1212367270,4,40,40,40,1,3,YELLOW,pool_peer_500ms,2,4.0,[4],0,87,2,"{""1"": 78, ""2"": 66, ""3"": 87, ""4"": 97}",False,20.0,-47.0,0.0,33.0,18.0,0.045,137.0,53.75,147.0,15.0,15.0,28.5,81.0,7.5,265.0,167.0,10.0,11.0,38.0,1.0,1.0,2.0,6.0,1.0,0.0,0.0,0.0,40.0,40.0,0.49,0.47619047619047616,0.016,0.016,0.125,0.5681818181818182,0.4318181818181818,0.5,1.0,1.0,0.5583333333333333,0.6042105263157895,0.0
20260629_225103_bc53ce62,20260629_225103_bc53ce62_g0021,21,1212367270,4,40,40,40,1,4,GREEN,champ_v3,3,4.0,[4],1,97,1,"{""1"": 78, ""2"": 66, ""3"": 87, ""4"": 97}",False,31.0,-25.0,0.0,32.0,18.0,0.045,175.0,63.75,167.625,21.0,20.0,39.0,44.5,43.125,227.0,198.625,10.0,11.0,41.0,1.0,1.0,2.0,3.0,4.0,0.0,0.0,0.0,40.0,40.0,0.49,0.47619047619047616,0.016,0.016,0.1175,0.5340909090909091,0.4659090909090909,0.775,1.0,1.0,0.4666666666666667,0.5957446808510638,0.0
20260629_225103_bc53ce62,20260629_225103_bc53ce62_g0021,21,1212367270,5,48,48,48,1,1,RED,pool_heuristic,0,4.0,[4],0,78,3,"{""1"": 78, ""2"": 66, ""3"": 87, ""4"": 97}",False,20.0,-43.0,2.0,18.0,29.0,0.0725,35.0,22.5,36.0,14.0,10.0,6.0,6.0,0.0,119.0,56.0,12.0,9.0,30.0,1.0,1.0,2.0,4.0,1.0,0.0,0.0,0.0,48.0,48.0,0.5725,0.5714285714285714,0.0192,0.0192,0.145,0.6590909090909091,0.3409090909090909,0.5,1.0,1.0,0.525,0.46823956442831216,0.0
20260629_225103_bc53ce62,20260629_225103_bc53ce62_g0021,21,1212367270,5,48,48,48,1,2,BLUE,pool_l45_100ms,1,4.0,[4],0,66,4,"{""1"": 78, ""2"": 66, ""3"": 87, ""4"": 97}",False,13.0,-57.0,2.0,20.0,29.0,0.0725,10.0,9.5,10.0,9.0,1.0,0.0,0.0,0.0,144.0,23.0,12.0,9.0,30.0,1.0,1.0,2.0,4.0,1.0,0.0,0.0,0.0,48.0,48.0,0.5725,0.5714285714285714,0.0192,0.0192,0.145,0.6590909090909091,0.3409090909090909,0.325,0.5833333333333334,1.0,0.5833333333333333,0.42196007259528134,0.0
20260629_225103_bc53ce62,20260629_225103_bc53ce62_g0021,21,1212367270,5,48,48,48,1,3,YELLOW,pool_peer_500ms,2,4.0,[4],0,87,2,"{""1"": 78, ""2"": 66, ""3"": 87, ""4"": 97}",False,22.0,-39.0,0.0,43.0,29.0,0.0725,53.0,26.0,60.5,13.0,0.0,16.5,26.0,5.0,101.0,82.5,12.0,9.0,32.0,1.0,0.0,2.0,5.0,1.0,0.0,0.0,0.0,48.0,48.0,0.5725,0.5714285714285714,0.0192,0.0192,0.14,0.6363636363636364,0.36363636363636365,0.55,0.9666666666666667,1.0,0.5083333333333333,0.6052631578947368,0.0
20260629_225103_bc53ce62,20260629_225103_bc53ce62_g0021,21,1212367270,5,48,48,48,1,4,GREEN,champ_v3,3,4.0,[4],1,97,1,"{""1"": 78, ""2"": 66, ""3"": 87, ""4"": 97}",False,28.0,-27.0,0.0,41.0,29.0,0.0725,56.0,27.75,57.25,14.0,9.0,13.5,12.0,8.75,98.0,85.25,12.0,9.0,31.0,1.0,1.0,2.0,3.0,2.0,0.0,0.0,0.0,48.0,48.0,0.5725,0.5714285714285714,0.0192,0.0192,0.1425,0.6477272727272727,0.3522727272727273,0.7,0.9833333333333333,1.0,0.4583333333333333,0.5743305632502308,0.0
20260629_225103_bc53ce62,20260629_225103_bc53ce62_g0021,21,1212367270,6,56,56,56,1,1,RED,pool_heuristic,0,4.0,[4],0,78,3,"{""1"": 78, ""2"": 66, ""3"": 87, ""4"": 97}",False,15.0,-42.0,2.0,18.0,45.0,0.1125,14.0,11.5,14.0,9.0,5.0,0.0,0.0,0.0,22.0,29.0,14.0,7.0,23.0,1.0,1.0,1.0,3.0,1.0,0.0,0.0,0.0,56.0,56.0,0.625,0.6666666666666666,0.0224,0.0224,0.1625,0.7386363636363636,0.26136363636363635,0.375,1.0,1.0,0.475,0.47044534412955463,0.0
20260629_225103_bc53ce62,20260629_225103_bc53ce62_g0021,21,1212367270,6,56,56,56,1,2,BLUE,pool_l45_100ms,1,4.0,[4],0,66,4,"{""1"": 78, ""2"": 66, ""3"": 87, ""4"": 97}",False,10.0,-52.0,2.0,23.0,45.0,0.1125,0.0,0.0,0.0,0.0,0.0,0.0,0.0,0.0,36.0,10.0,14.0,7.0,27.0,0.0,0.0,2.0,4.0,1.0,0.0,0.0,0.0,56.0,56.0,0.625,0.6666666666666666,0.0224,0.0224,0.1525,0.6931818181818182,0.3068181818181818,0.25,0.4,1.0,0.5166666666666667,0.4219154443485763,0.0
20260629_225103_bc53ce62,20260629_225103_bc53ce62_g0021,21,1212367270,6,56,56,56,1,3,YELLOW,pool_peer_500ms,2,4.0,[4],0,87,2,"{""1"": 78, ""2"": 66, ""3"": 87, ""4"": 97}",False,19.0,-34.0,0.0,46.0,45.0,0.1125,12.0,4.0,14.25,0.0,0.0,5.25,9.0,0.0,24.0,33.25,14.0,7.0,27.0,0.0,0.0,2.0,4.0,1.0,0.0,0.0,0.0,56.0,56.0,0.625,0.6666666666666666,0.0224,0.0224,0.1525,0.6931818181818182,0.3068181818181818,0.475,0.7,1.0,0.4416666666666667,0.5841242450388265,0.0
20260629_225103_bc53ce62,20260629_225103_bc53ce62_g0021,21,1212367270,6,56,56,56,1,4,GREEN,champ_v3,3,4.0,[4],1,97,1,"{""1"": 78, ""2"": 66, ""3"": 87, ""4"": 97}",False,28.0,-16.0,0.0,46.0,45.0,0.1125,10.0,4.125,9.5,0.0,6.0,3.0,0.5,0.0,26.0,37.5,14.0,7.0,25.0,0.0,1.0,2.0,3.0,1.0,0.0,0.0,0.0,56.0,56.0,0.625,0.6666666666666666,0.0224,0.0224,0.1575,0.7159090909090909,0.2840909090909091,0.7,0.6666666666666666,1.0,0.36666666666666664,0.556390977443609,0.0
20260629_225103_bc53ce62,20260629_225103_bc53ce62_g0021,21,1212367270,7,64,64,68,1,1,RED,pool_heuristic,0,4.0,[4],0,78,3,"{""1"": 78, ""2"": 66, ""3"": 87, ""4"": 97}",False,13.0,-38.0,2.0,26.0,56.0,0.14,0.0,0.0,0.0,0.0,0.0,0.0,0.0,0.0,1.0,13.0,17.0,4.0,15.0,0.0,0.0,1.0,3.0,0.0,0.0,0.0,0.0,64.0,68.0,0.6875,0.8095238095238095,0.0272,0.0256,0.1825,0.8295454545454546,0.17045454545454544,0.325,0.7333333333333333,0.8,0.425,0.46647440519105987,0.0
20260629_225103_bc53ce62,20260629_225103_bc53ce62_g0021,21,1212367270,7,64,64,68,1,2,BLUE,pool_l45_100ms,1,4.0,[4],0,66,4,"{""1"": 78, ""2"": 66, ""3"": 87, ""4"": 97}",False,10.0,-44.0,2.0,40.0,56.0,0.14,0.0,0.0,0.0,0.0,0.0,0.0,0.0,0.0,1.0,10.0,14.0,7.0,27.0,0.0,0.0,2.0,4.0,1.0,0.0,0.0,0.0,64.0,68.0,0.6875,0.6666666666666666,0.0272,0.0256,0.1525,0.6931818181818182,0.3068181818181818,0.25,0.13333333333333333,1.0,0.45,0.4219154443485763,0.0
20260629_225103_bc53ce62,20260629_225103_bc53ce62_g0021,21,1212367270,7,64,64,68,1,3,YELLOW,pool_peer_500ms,2,4.0,[4],0,87,2,"{""1"": 78, ""2"": 66, ""3"": 87, ""4"": 97}",False,16.0,-32.0,0.0,49.0,56.0,0.14,0.0,0.0,0.0,0.0,0.0,0.0,0.0,0.0,1.0,16.0,16.0,5.0,20.0,0.0,0.0,1.0,3.0,1.0,0.0,0.0,0.0,64.0,68.0,0.6875,0.7619047619047619,0.0272,0.0256,0.17,0.7727272727272727,0.22727272727272727,0.4,0.4666666666666667,1.0,0.4,0.541795665634675,0.0
20260629_225103_bc53ce62,20260629_225103_bc53ce62_g0021,21,1212367270,7,64,64,68,1,4,GREEN,champ_v3,3,4.0,[4],1,97,1,"{""1"": 78, ""2"": 66, ""3"": 87, ""4"": 97}",False,25.0,-14.0,0.0,55.0,56.0,0.14,1.0,0.25,0.75,0.0,0.0,0.75,0.0,0.0,0.0,25.75,17.0,4.0,15.0,0.0,0.0,2.0,1.0,1.0,0.0,0.0,0.0,64.0,68.0,0.6875,0.8095238095238095,0.0272,0.0256,0.1825,0.8295454545454546,0.17045454545454544,0.625,0.5333333333333333,1.0,0.325,0.5428983417447728,0.0
20260629_225103_bc53ce62,20260629_225103_bc53ce62_g0022,22,329162736,0,8,8,8,1,1,RED,pool_l45_100ms,0,3.0,[3],0,93,2,"{""1"": 93, ""2"": 91, ""3"": 105, ""4"": 64}",False,6.0,-18.0,9.0,0.0,1.0,0.0025,388.0,90.5,366.25,6.0,10.0,28.5,113.0,208.75,1412.0,372.25,2.0,19.0,78.0,1.0,1.0,2.0,6.0,9.0,1.0,1.0,0.0,8.0,8.0,0.1,0.09523809523809523,0.0032,0.0032,0.025,0.11363636363636363,0.8863636363636364,0.15,1.0,1.0,0.2,0.20526315789473681,0.0
20260629_225103_bc53ce62,20260629_225103_bc53ce62_g0022,22,329162736,0,8,8,8,1,2,BLUE,pool_peer_500ms,1,3.0,[3],0,91,3,"{""1"": 93, ""2"": 91, ""3"": 105, ""4"": 64}",False,9.0,-12.0,9.0,0.0,1.0,0.0025,543.0,122.625,488.75,9.0,15.0,41.25,153.5,270.0,1257.0,497.75,2.0,19.0,78.0,1.0,1.0,2.0,6.0,9.0,1.0,0.0,0.0,8.0,8.0,0.1,0.09523809523809523,0.0032,0.0032,0.025,0.11363636363636363,0.8863636363636364,0.225,1.0,1.0,0.175,0.23684210526315785,0.0
20260629_225103_bc53ce62,20260629_225103_bc53ce62_g0022,22,329162736,0,8,8,8,1,3,YELLOW,champ_v3,2,3.0,[3],1,105,1,"{""1"": 93, ""2"": 91, ""3"": 105, ""4"": 64}",False,9.0,-12.0,9.0,0.0,1.0,0.0025,543.0,122.625,488.75,9.0,15.0,41.25,153.5,270.0,1257.0,497.75,2.0,19.0,78.0,1.0,1.0,2.0,6.0,9.0,1.0,0.0,0.0,8.0,8.0,0.1,0.09523809523809523,0.0032,0.0032,0.025,0.11363636363636363,0.8863636363636364,0.225,1.0,1.0,0.175,0.23684210526315785,0.0
20260629_225103_bc53ce62,20260629_225103_bc53ce62_g0022,22,329162736,0,8,8,8,1,4,GREEN,pool_heuristic,3,3.0,[3],0,64,4,"{""1"": 93, ""2"": 91, ""3"": 105, ""4"": 64}",False,6.0,-18.0,9.0,0.0,1.0,0.0025,326.0,86.0,344.5,6.0,10.0,28.5,110.0,190.0,1474.0,350.5,2.0,19.0,78.0,1.0,1.0,2.0,6.0,9.0,1.0,1.0,1.0,8.0,8.0,0.1,0.09523809523809523,0.0032,0.0032,0.025,0.11363636363636363,0.8863636363636364,0.15,1.0,1.0,0.2,0.22105263157894728,0.0
20260629_225103_bc53ce62,20260629_225103_bc53ce62_g0022,22,329162736,1,16,16,16,1,1,RED,pool_l45_100ms,0,3.0,[3],0,93,2,"{""1"": 93, ""2"": 91, ""3"": 105, ""4"": 64}",False,10.0,-32.0,7.0,0.0,1.0,0.0025,479.0,113.5,432.375,10.0,17.0,43.5,162.5,199.375,1971.0,442.375,4.0,17.0,68.0,1.0,1.0,2.0,6.0,7.0,1.0,0.0,0.0,16.0,16.0,0.2,0.19047619047619047,0.0064,0.0064,0.05,0.22727272727272727,0.7727272727272727,0.25,1.0,1.0,0.35,0.3236842105263158,0.0
20260629_225103_bc53ce62,20260629_225103_bc53ce62_g0022,22,329162736,1,16,16,16,1,2,BLUE,pool_peer_500ms,1,3.0,[3],0,91,3,"{""1"": 93, ""2"": 91, ""3"": 105, ""4"": 64}",False,16.0,-20.0,0.0,2.0,1.0,0.0025,721.0,179.875,699.375,14.0,24.0,67.5,252.0,341.875,1729.0,715.375,4.0,17.0,68.0,1.0,1.0,2.0,6.0,7.0,1.0,0.0,0.0,16.0,16.0,0.2,0.19047619047619047,0.0064,0.0064,0.05,0.22727272727272727,0.7727272727272727,0.4,1.0,1.0,0.3,0.49473684210526314,0.0
20260629_225103_bc53ce62,20260629_225103_bc53ce62_g0022,22,329162736,1,16,16,16,1,3,YELLOW,champ_v3,2,3.0,[3],1,105,1,"{""1"": 93, ""2"": 91, ""3"": 105, ""4"": 64}",False,15.0,-22.0,1.0,2.0,1.0,0.0025,751.0,188.5,724.375,15.0,27.0,74.25,272.5,335.625,1699.0,739.375,4.0,17.0,68.0,1.0,1.0,2.0,6.0,7.0,1.0,0.0,0.0,16.0,16.0,0.2,0.19047619047619047,0.0064,0.0064,0.05,0.22727272727272727,0.7727272727272727,0.375,1.0,1.0,0.30833333333333335,0.4894736842105264,0.0
20260629_225103_bc53ce62,20260629_225103_bc53ce62_g0022,22,329162736,1,16,16,16,1,4,GREEN,pool_heuristic,3,3.0,[3],0,64,4,"{""1"": 93, ""2"": 91, ""3"": 105, ""4"": 64}",False,11.0,-30.0,4.0,0.0,1.0,0.0025,499.0,135.75,523.125,11.0,19.0,51.75,194.5,246.875,1951.0,534.125,4.0,17.0,68.0,1.0,1.0,2.0,6.0,7.0,1.0,1.0,1.0,16.0,16.0,0.2,0.19047619047619047,0.0064,0.0064,0.05,0.22727272727272727,0.7727272727272727,0.275,1.0,1.0,0.3416666666666667,0.4263157894736842,0.0
20260629_225103_bc53ce62,20260629_225103_bc53ce62_g0022,22,329162736,2,24,24,24,1,1,RED,pool_l45_100ms,0,3.0,[3],0,93,2,"{""1"": 93, ""2"": 91, ""3"": 105, ""4"": 64}",False,14.0,-42.0,6.0,0.0,8.0,0.02,338.0,91.0,303.0,14.0,21.0,44.25,140.0,83.75,1312.0,317.0,6.0,15.0,58.0,1.0,1.0,2.0,6.0,5.0,0.0,0.0,0.0,24.0,24.0,0.2975,0.2857142857142857,0.0096,0.0096,0.075,0.3409090909090909,0.6590909090909091,0.35,1.0,1.0,0.4666666666666667,0.4017543859649123,0.0
20260629_225103_bc53ce62,20260629_225103_bc53ce62_g0022,22,329162736,2,24,24,24,1,2,BLUE,pool_peer_500ms,1,3.0,[3],0,91,3,"{""1"": 93, ""2"": 91, ""3"": 105, ""4"": 64}",False,20.0,-30.0,0.0,12.0,8.0,0.02,571.0,156.25,571.125,18.0,27.0,70.5,202.5,253.125,1079.0,591.125,6.0,15.0,59.0,1.0,1.0,2.0,5.0,6.0,1.0,0.0,0.0,24.0,24.0,0.2975,0.2857142857142857,0.0096,0.0096,0.0725,0.32954545454545453,0.6704545454545454,0.5,1.0,1.0,0.4166666666666667,0.5825771324863884,0.0
20260629_225103_bc53ce62,20260629_225103_bc53ce62_g0022,22,329162736,2,24,24,24,1,3,YELLOW,champ_v3,2,3.0,[3],1,105,1,"{""1"": 93, ""2"": 91, ""3"": 105, ""4"": 64}",False,20.0,-30.0,0.0,13.0,8.0,0.02,509.0,145.125,506.25,18.0,30.0,69.75,223.5,165.0,1141.0,526.25,6.0,15.0,58.0,1.0,1.0,2.0,6.0,5.0,1.0,0.0,0.0,24.0,24.0,0.2975,0.2857142857142857,0.0096,0.0096,0.075,0.3409090909090909,0.6590909090909091,0.5,1.0,1.0,0.4166666666666667,0.6070175438596491,0.0
20260629_225103_bc53ce62,20260629_225103_bc53ce62_g0022,22,329162736,2,24,24,24,1,4,GREEN,pool_heuristic,3,3.0,[3],0,64,4,"{""1"": 93, ""2"": 91, ""3"": 105, ""4"": 64}",False,16.0,-38.0,4.0,3.0,8.0,0.02,232.0,75.125,246.625,15.0,15.0,33.0,98.0,85.625,1418.0,262.625,6.0,15.0,58.0,1.0,1.0,2.0,6.0,5.0,0.0,1.0,1.0,24.0,24.0,0.2975,0.2857142857142857,0.0096,0.0096,0.075,0.3409090909090909,0.6590909090909091,0.4,1.0,1.0,0.45,0.44561403508771935,0.0
20260629_225103_bc53ce62,20260629_225103_bc53ce62_g0022,22,329162736,3,32,32,32,1,1,RED,pool_l45_100ms,0,3.0,[3],0,93,2,"{""1"": 93, ""2"": 91, ""3"": 105, ""4"": 64}",False,14.0,-50.0,6.0,6.0,16.0,0.04,131.0,44.0,128.25,11.0,12.0,20.25,65.0,20.0,838.0,142.25,8.0,13.0,48.0,1.0,1.0,2.0,6.0,3.0,0.0,0.0,0.0,32.0,32.0,0.39,0.38095238095238093,0.0128,0.0128,0.1,0.45454545454545453,0.5454545454545454,0.35,1.0,1.0,0.5333333333333333,0.40921052631578947,0.0
20260629_225103_bc53ce62,20260629_225103_bc53ce62_g0022,22,329162736,3,32,32,32,1,2,BLUE,pool_peer_500ms,1,3.0,[3],0,91,3,"{""1"": 93, ""2"": 91, ""3"": 105, ""4"": 64}",False,23.0,-32.0,0.0,20.0,16.0,0.04,317.0,95.5,312.125,19.0,23.0,47.25,93.5,129.375,652.0,335.125,8.0,13.0,50.0,1.0,1.0,2.0,4.0,5.0,1.0,0.0,0.0,32.0,32.0,0.39,0.38095238095238093,0.0128,0.0128,0.095,0.4318181818181818,0.5681818181818182,0.575,1.0,1.0,0.4583333333333333,0.5720221606648199,0.0
20260629_225103_bc53ce62,20260629_225103_bc53ce62_g0022,22,329162736,3,32,32,32,1,3,YELLOW,champ_v3,2,3.0,[3],1,105,1,"{""1"": 93, ""2"": 91, ""3"": 105, ""4"": 64}",False,23.0,-32.0,0.0,20.0,16.0,0.04,390.0,114.875,389.375,19.0,26.0,58.5,124.0,161.875,579.0,412.375,8.0,13.0,50.0,1.0,1.0,2.0,4.0,5.0,1.0,0.0,0.0,32.0,32.0,0.39,0.38095238095238093,0.0128,0.0128,0.095,0.4318181818181818,0.5681818181818182,0.575,1.0,1.0,0.4583333333333333,0.6398891966759003,0.0
20260629_225103_bc53ce62,20260629_225103_bc53ce62_g0022,22,329162736,3,32,32,32,1,4,GREEN,pool_heuristic,3,3.0,[3],0,64,4,"{""1"": 93, ""2"": 91, ""3"": 105, ""4"": 64}",False,18.0,-42.0,4.0,8.0,16.0,0.04,131.0,50.5,140.25,17.0,11.0,21.0,55.0,36.25,838.0,158.25,8.0,13.0,48.0,1.0,1.0,2.0,6.0,3.0,0.0,0.0,1.0,32.0,32.0,0.39,0.38095238095238093,0.0128,0.0128,0.1,0.45454545454545453,0.5454545454545454,0.45,1.0,1.0,0.5,0.4605263157894737,0.0
20260629_225103_bc53ce62,20260629_225103_bc53ce62_g0022,22,329162736,4,40,40,40,1,1,RED,pool_l45_100ms,0,3.0,[3],0,93,2,"{""1"": 93, ""2"": 91, ""3"": 105, ""4"": 64}",False,14.0,-62.0,1.0,15.0,14.0,0.035,42.0,19.5,37.25,11.0,7.0,4.5,11.0,3.75,433.0,51.25,10.0,11.0,38.0,1.0,1.0,2.0,6.0,1.0,0.0,0.0,0.0,40.0,40.0,0.4825,0.47619047619047616,0.016,0.016,0.125,0.5681818181818182,0.4318181818181818,0.35,0.9666666666666667,1.0,0.6333333333333333,0.43999999999999995,0.0
20260629_225103_bc53ce62,20260629_225103_bc53ce62_g0022,22,329162736,4,40,40,40,1,2,BLUE,pool_peer_500ms,1,3.0,[3],0,91,3,"{""1"": 93, ""2"": 91, ""3"": 105, ""4"": 64}",False,28.0,-34.0,0.0,29.0,14.0,0.035,192.0,70.375,200.25,20.0,19.0,38.25,70.5,52.5,283.0,228.25,10.0,11.0,40.0,1.0,1.0,2.0,4.0,3.0,0.0,0.0,0.0,40.0,40.0,0.4825,0.47619047619047616,0.016,0.016,0.12,0.5454545454545454,0.45454545454545453,0.7,1.0,1.0,0.5166666666666667,0.5339912280701755,0.0
20260629_225103_bc53ce62,20260629_225103_bc53ce62_g0022,22,329162736,4,40,40,40,1,3,YELLOW,champ_v3,2,3.0,[3],1,105,1,"{""1"": 93, ""2"": 91, ""3"": 105, ""4"": 64}",False,26.0,-38.0,0.0,35.0,14.0,0.035,185.0,67.75,201.25,18.0,20.0,41.25,32.0,90.0,290.0,227.25,10.0,11.0,42.0,1.0,1.0,2.0,2.0,5.0,1.0,0.0,0.0,40.0,40.0,0.4825,0.47619047619047616,0.016,0.016,0.115,0.5227272727272727,0.4772727272727273,0.65,1.0,1.0,0.5333333333333333,0.6350114416475973,0.0
20260629_225103_bc53ce62,20260629_225103_bc53ce62_g0022,22,329162736,4,40,40,40,1,4,GREEN,pool_heuristic,3,3.0,[3],0,64,4,"{""1"": 93, ""2"": 91, ""3"": 105, ""4"": 64}",False,22.0,-46.0,4.0,12.0,14.0,0.035,56.0,31.75,56.5,20.0,8.0,9.75,15.0,3.75,419.0,78.5,10.0,11.0,39.0,1.0,1.0,2.0,5.0,2.0,0.0,0.0,0.0,40.0,40.0,0.4825,0.47619047619047616,0.016,0.016,0.1225,0.5568181818181818,0.4431818181818182,0.55,1.0,1.0,0.5666666666666667,0.45112781954887216,0.0
20260629_225103_bc53ce62,20260629_225103_bc53ce62_g0022,22,329162736,5,48,48,48,1,1,RED,pool_l45_100ms,0,3.0,[3],0,93,2,"{""1"": 93, ""2"": 91, ""3"": 105, ""4"": 64}",False,17.0,-54.0,1.0,21.0,18.0,0.045,26.0,19.25,27.0,14.0,7.0,3.0,3.0,0.0,202.0,44.0,12.0,9.0,29.0,1.0,1.0,2.0,5.0,0.0,0.0,0.0,0.0,48.0,48.0,0.57,0.5714285714285714,0.0192,0.0192,0.1475,0.6704545454545454,0.32954545454545453,0.425,0.7333333333333333,0.8,0.5916666666666667,0.45495093666369313,0.0
20260629_225103_bc53ce62,20260629_225103_bc53ce62_g0022,22,329162736,5,48,48,48,1,2,BLUE,pool_peer_500ms,1,3.0,[3],0,91,3,"{""1"": 93, ""2"": 91, ""3"": 105, ""4"": 64}",False,25.0,-38.0,0.0,38.0,18.0,0.045,89.0,42.375,93.25,19.0,15.0,21.0,24.5,13.75,139.0,118.25,12.0,9.0,31.0,1.0,1.0,2.0,3.0,2.0,0.0,0.0,0.0,48.0,48.0,0.57,0.5714285714285714,0.0192,0.0192,0.1425,0.6477272727272727,0.3522727272727273,0.625,0.95,1.0,0.525,0.5401662049861495,0.0
20260629_225103_bc53ce62,20260629_225103_bc53ce62_g0022,22,329162736,5,48,48,48,1,3,YELLOW,champ_v3,2,3.0,[3],1,105,1,"{""1"": 93, ""2"": 91, ""3"": 105, ""4"": 64}",False,26.0,-36.0,0.0,48.0,18.0,0.045,95.0,44.75,107.25,17.0,16.0,30.75,16.0,27.5,133.0,133.25,12.0,9.0,32.0,1.0,1.0,2.0,2.0,3.0,1.0,0.0,0.0,48.0,48.0,0.57,0.5714285714285714,0.0192,0.0192,0.14,0.6363636363636364,0.36363636363636365,0.65,1.0,1.0,0.5166666666666667,0.6259398496240602,0.0
20260629_225103_bc53ce62,20260629_225103_bc53ce62_g0022,22,329162736,5,48,48,48,1,4,GREEN,pool_heuristic,3,3.0,[3],0,64,4,"{""1"": 93, ""2"": 91, ""3"": 105, ""4"": 64}",False,20.0,-48.0,4.0,24.0,18.0,0.045,18.0,16.5,18.0,15.0,3.0,0.0,0.0,0.0,210.0,38.0,12.0,9.0,32.0,1.0,1.0,1.0,4.0,2.0,0.0,0.0,0.0,48.0,48.0,0.57,0.5714285714285714,0.0192,0.0192,0.14,0.6363636363636364,0.36363636363636365,0.5,0.95,1.0,0.5666666666666667,0.43703007518797,0.0
20260629_225103_bc53ce62,20260629_225103_bc53ce62_g0022,22,329162736,6,56,56,56,1,1,RED,pool_l45_100ms,0,3.0,[3],0,93,2,"{""1"": 93, ""2"": 91, ""3"": 105, ""4"": 64}",False,17.0,-51.0,1.0,37.0,18.0,0.045,30.0,21.0,33.25,14.0,7.0,5.25,7.0,0.0,82.0,50.25,14.0,7.0,21.0,1.0,1.0,2.0,3.0,0.0,0.0,0.0,0.0,56.0,56.0,0.64,0.6666666666666666,0.0224,0.0224,0.1675,0.7613636363636364,0.23863636363636365,0.425,1.0,0.8,0.5666666666666667,0.43047918303220734,0.0
20260629_225103_bc53ce62,20260629_225103_bc53ce62_g0022,22,329162736,6,56,56,56,1,2,BLUE,pool_peer_500ms,1,3.0,[3],0,91,3,"{""1"": 93, ""2"": 91, ""3"": 105, ""4"": 64}",False,22.0,-41.0,0.0,50.0,18.0,0.045,30.0,20.625,33.125,14.0,7.0,3.0,6.0,3.125,82.0,55.125,14.0,7.0,24.0,1.0,1.0,1.0,2.0,2.0,0.0,0.0,0.0,56.0,56.0,0.64,0.6666666666666666,0.0224,0.0224,0.16,0.7272727272727273,0.2727272727272727,0.55,0.6666666666666666,1.0,0.525,0.5435855263157895,0.0
20260629_225103_bc53ce62,20260629_225103_bc53ce62_g0022,22,329162736,6,56,56,56,1,3,YELLOW,champ_v3,2,3.0,[3],1,105,1,"{""1"": 93, ""2"": 91, ""3"": 105, ""4"": 64}",False,28.0,-29.0,0.0,57.0,18.0,0.045,52.0,31.0,55.0,18.0,11.0,14.25,8.0,3.75,60.0,83.0,14.0,7.0,22.0,1.0,1.0,2.0,2.0,1.0,0.0,0.0,0.0,56.0,56.0,0.64,0.6666666666666666,0.0224,0.0224,0.165,0.75,0.25,0.7,1.0,1.0,0.475,0.6044657097288676,0.0
20260629_225103_bc53ce62,20260629_225103_bc53ce62_g0022,22,329162736,6,56,56,56,1,4,GREEN,pool_heuristic,3,3.0,[3],0,64,4,"{""1"": 93, ""2"": 91, ""3"": 105, ""4"": 64}",False,18.0,-49.0,4.0,28.0,18.0,0.045,0.0,0.0,0.0,0.0,0.0,0.0,0.0,0.0,112.0,18.0,14.0,7.0,29.0,0.0,0.0,1.0,4.0,2.0,0.0,0.0,0.0,56.0,56.0,0.64,0.6666666666666666,0.0224,0.0224,0.1475,0.6704545454545454,0.32954545454545453,0.45,0.8666666666666667,1.0,0.5583333333333333,0.4424620874219447,0.0
20260629_225103_bc53ce62,20260629_225103_bc53ce62_g0022,22,329162736,7,64,64,66,3,1,RED,pool_l45_100ms,0,3.0,[3],0,93,2,"{""1"": 93, ""2"": 91, ""3"": 105, ""4"": 64}",False,17.0,-47.0,1.0,52.0,27.0,0.0675,17.0,15.0,17.0,13.0,4.0,0.0,0.0,0.0,25.0,34.0,17.0,4.0,10.0,1.0,1.0,1.0,1.0,0.0,0.0,0.0,0.0,64.0,66.0,0.7075,0.8095238095238095,0.0264,0.0256,0.195,0.8863636363636364,0.11363636363636363,0.425,0.43333333333333335,0.8,0.5333333333333333,0.4116059379217274,0.0
20260629_225103_bc53ce62,20260629_225103_bc53ce62_g0022,22,329162736,7,64,64,66,3,2,BLUE,pool_peer_500ms,1,3.0,[3],0,91,3,"{""1"": 93, ""2"": 91, ""3"": 105, ""4"": 64}",False,19.0,-43.0,0.0,57.0,27.0,0.0675,2.0,1.5,5.5,0.0,0.0,1.5,4.0,0.0,40.0,24.5,17.0,4.0,17.0,0.0,0.0,1.0,1.0,2.0,0.0,0.0,0.0,64.0,66.0,0.7075,0.8095238095238095,0.0264,0.0256,0.1775,0.8068181818181818,0.19318181818181818,0.475,0.6333333333333333,1.0,0.5166666666666667,0.530763528539659,0.0
20260629_225103_bc53ce62,20260629_225103_bc53ce62_g0022,22,329162736,7,64,64,66,3,3,YELLOW,champ_v3,2,3.0,[3],1,105,1,"{""1"": 93, ""2"": 91, ""3"": 105, ""4"": 64}",False,27.0,-27.0,0.0,66.0,27.0,0.0675,23.0,17.25,23.25,13.0,5.0,5.25,0.0,0.0,19.0,50.25,16.0,5.0,13.0,1.0,1.0,2.0,1.0,0.0,0.0,0.0,0.0,64.0,66.0,0.7075,0.7619047619047619,0.0264,0.0256,0.1875,0.8522727272727273,0.14772727272727273,0.675,0.8666666666666667,0.8,0.45,0.5585964912280701,0.0
20260629_225103_bc53ce62,20260629_225103_bc53ce62_g0022,22,329162736,7,64,64,66,3,4,GREEN,pool_heuristic,3,3.0,[3],0,64,4,"{""1"": 93, ""2"": 91, ""3"": 105, ""4"": 64}",False,18.0,-45.0,4.0,34.0,27.0,0.0675,0.0,0.0,0.0,0.0,0.0,0.0,0.0,0.0,42.0,18.0,14.0,7.0,29.0,0.0,0.0,1.0,4.0,2.0,0.0,0.0,0.0,64.0,66.0,0.7075,0.6666666666666666,0.0264,0.0256,0.1475,0.6704545454545454,0.32954545454545453,0.45,0.7666666666666667,1.0,0.525,0.4424620874219447,0.0
20260629_225103_bc53ce62,20260629_225103_bc53ce62_g0023,23,243121036,0,8,8,8,1,1,RED,pool_peer_500ms,0,1.0,[1],1,100,1,"{""1"": 100, ""2"": 96, ""3"": 73, ""4"": 73}",False,9.0,-13.0,9.0,0.0,0.0,0.0,543.0,122.625,488.75,9.0,15.0,41.25,153.5,270.0,1313.0,497.75,2.0,19.0,78.0,1.0,1.0,2.0,6.0,9.0,1.0,0.0,0.0,8.0,8.0,0.1,0.09523809523809523,0.0032,0.0032,0.025,0.11363636363636363,0.8863636363636364,0.225,1.0,1.0,0.18333333333333332,0.23684210526315785,0.0
20260629_225103_bc53ce62,20260629_225103_bc53ce62_g0023,23,243121036,0,8,8,8,1,2,BLUE,champ_v3,1,1.0,[1],0,96,2,"{""1"": 100, ""2"": 96, ""3"": 73, ""4"": 73}",False,9.0,-13.0,9.0,0.0,0.0,0.0,543.0,122.625,488.75,9.0,15.0,41.25,153.5,270.0,1313.0,497.75,2.0,19.0,78.0,1.0,1.0,2.0,6.0,9.0,1.0,0.0,0.0,8.0,8.0,0.1,0.09523809523809523,0.0032,0.0032,0.025,0.11363636363636363,0.8863636363636364,0.225,1.0,1.0,0.18333333333333332,0.23684210526315785,0.0
20260629_225103_bc53ce62,20260629_225103_bc53ce62_g0023,23,243121036,0,8,8,8,1,3,YELLOW,pool_heuristic,2,1.0,[1],0,73,3,"{""1"": 100, ""2"": 96, ""3"": 73, ""4"": 73}",False,6.0,-19.0,9.0,0.0,0.0,0.0,326.0,84.0,336.875,6.0,10.0,27.0,104.5,189.375,1530.0,342.875,2.0,19.0,78.0,1.0,1.0,2.0,6.0,9.0,1.0,1.0,1.0,8.0,8.0,0.1,0.09523809523809523,0.0032,0.0032,0.025,0.11363636363636363,0.8863636363636364,0.15,1.0,1.0,0.20833333333333334,0.25263157894736843,0.0
20260629_225103_bc53ce62,20260629_225103_bc53ce62_g0023,23,243121036,0,8,8,8,1,4,GREEN,pool_l45_100ms,3,1.0,[1],0,73,3,"{""1"": 100, ""2"": 96, ""3"": 73, ""4"": 73}",False,7.0,-17.0,9.0,0.0,0.0,0.0,444.0,103.25,415.125,7.0,12.0,33.75,130.5,231.875,1412.0,422.125,2.0,19.0,78.0,1.0,1.0,2.0,6.0,9.0,1.0,1.0,0.0,8.0,8.0,0.1,0.09523809523809523,0.0032,0.0032,0.025,0.11363636363636363,0.8863636363636364,0.175,1.0,1.0,0.2,0.20526315789473681,0.0
20260629_225103_bc53ce62,20260629_225103_bc53ce62_g0023,23,243121036,1,16,16,16,1,1,RED,pool_peer_500ms,0,1.0,[1],1,100,1,"{""1"": 100, ""2"": 96, ""3"": 73, ""4"": 73}",False,16.0,-23.0,0.0,2.0,4.0,0.01,689.0,172.125,666.875,14.0,23.0,64.5,241.0,324.375,1880.0,682.875,4.0,17.0,68.0,1.0,1.0,2.0,6.0,7.0,1.0,0.0,0.0,16.0,16.0,0.2,0.19047619047619047,0.0064,0.0064,0.05,0.22727272727272727,0.7727272727272727,0.4,1.0,1.0,0.325,0.49473684210526314,0.0
20260629_225103_bc53ce62,20260629_225103_bc53ce62_g0023,23,243121036,1,16,16,16,1,2,BLUE,champ_v3,1,1.0,[1],0,96,2,"{""1"": 100, ""2"": 96, ""3"": 73, ""4"": 73}",False,15.0,-25.0,1.0,2.0,4.0,0.01,755.0,189.0,727.625,15.0,27.0,74.25,269.5,341.875,1814.0,742.625,4.0,17.0,68.0,1.0,1.0,2.0,6.0,7.0,1.0,0.0,0.0,16.0,16.0,0.2,0.19047619047619047,0.0064,0.0064,0.05,0.22727272727272727,0.7727272727272727,0.375,1.0,1.0,0.33333333333333337,0.4894736842105264,0.0
20260629_225103_bc53ce62,20260629_225103_bc53ce62_g0023,23,243121036,1,16,16,16,1,3,YELLOW,pool_heuristic,2,1.0,[1],0,73,3,"{""1"": 100, ""2"": 96, ""3"": 73, ""4"": 73}",False,14.0,-27.0,5.0,0.0,4.0,0.01,604.0,175.875,682.0,14.0,24.0,66.0,245.5,332.5,1965.0,696.0,4.0,17.0,68.0,1.0,1.0,2.0,6.0,7.0,1.0,1.0,1.0,16.0,16.0,0.2,0.19047619047619047,0.0064,0.0064,0.05,0.22727272727272727,0.7727272727272727,0.35,1.0,1.0,0.3416666666666667,0.43947368421052635,0.0
20260629_225103_bc53ce62,20260629_225103_bc53ce62_g0023,23,243121036,1,16,16,16,1,4,GREEN,pool_l45_100ms,3,1.0,[1],0,73,3,"{""1"": 100, ""2"": 96, ""3"": 73, ""4"": 73}",False,10.0,-35.0,7.0,0.0,4.0,0.01,521.0,121.375,468.125,10.0,17.0,45.0,173.0,223.125,2048.0,478.125,4.0,17.0,68.0,1.0,1.0,2.0,6.0,7.0,1.0,0.0,0.0,16.0,16.0,0.2,0.19047619047619047,0.0064,0.0064,0.05,0.22727272727272727,0.7727272727272727,0.25,1.0,1.0,0.375,0.3131578947368421,0.0
20260629_225103_bc53ce62,20260629_225103_bc53ce62_g0023,23,243121036,2,24,24,24,1,1,RED,pool_peer_500ms,0,1.0,[1],1,100,1,"{""1"": 100, ""2"": 96, ""3"": 73, ""4"": 73}",False,20.0,-34.0,0.0,9.0,5.0,0.0125,575.0,158.5,572.875,19.0,30.0,72.0,202.5,249.375,965.0,592.875,6.0,15.0,59.0,1.0,1.0,2.0,5.0,6.0,1.0,0.0,0.0,24.0,24.0,0.2975,0.2857142857142857,0.0096,0.0096,0.0725,0.32954545454545453,0.6704545454545454,0.5,1.0,1.0,0.45,0.5843920145190562,0.0
20260629_225103_bc53ce62,20260629_225103_bc53ce62_g0023,23,243121036,2,24,24,24,1,2,BLUE,champ_v3,1,1.0,[1],0,96,2,"{""1"": 100, ""2"": 96, ""3"": 73, ""4"": 73}",False,21.0,-32.0,0.0,10.0,5.0,0.0125,449.0,135.875,470.5,18.0,29.0,64.5,201.5,157.5,1091.0,491.5,6.0,15.0,58.0,1.0,1.0,2.0,6.0,5.0,1.0,0.0,0.0,24.0,24.0,0.2975,0.2857142857142857,0.0096,0.0096,0.075,0.3409090909090909,0.6590909090909091,0.525,1.0,1.0,0.4416666666666667,0.5859649122807018,0.0
20260629_225103_bc53ce62,20260629_225103_bc53ce62_g0023,23,243121036,2,24,24,24,1,3,YELLOW,pool_heuristic,2,1.0,[1],0,73,3,"{""1"": 100, ""2"": 96, ""3"": 73, ""4"": 73}",False,19.0,-36.0,5.0,1.0,5.0,0.0125,255.0,91.5,293.0,19.0,21.0,41.25,118.0,93.75,1285.0,312.0,6.0,15.0,58.0,1.0,1.0,2.0,6.0,5.0,1.0,1.0,1.0,24.0,24.0,0.2975,0.2857142857142857,0.0096,0.0096,0.075,0.3409090909090909,0.6590909090909091,0.475,1.0,1.0,0.4583333333333333,0.4894736842105264,0.0
20260629_225103_bc53ce62,20260629_225103_bc53ce62_g0023,23,243121036,2,24,24,24,1,4,GREEN,pool_l45_100ms,3,1.0,[1],0,73,3,"{""1"": 100, ""2"": 96, ""3"": 73, ""4"": 73}",False,14.0,-46.0,4.0,4.0,5.0,0.0125,261.0,68.625,222.75,12.0,17.0,33.0,99.5,61.25,1279.0,236.75,6.0,15.0,58.0,1.0,1.0,2.0,6.0,5.0,0.0,0.0,0.0,24.0,24.0,0.2975,0.2857142857142857,0.0096,0.0096,0.075,0.3409090909090909,0.6590909090909091,0.35,1.0,1.0,0.5,0.40701754385964906,0.0
20260629_225103_bc53ce62,20260629_225103_bc53ce62_g0023,23,243121036,3,32,32,32,1,1,RED,pool_peer_500ms,0,1.0,[1],1,100,1,"{""1"": 100, ""2"": 96, ""3"": 73, ""4"": 73}",False,22.0,-41.0,0.0,25.0,12.0,0.03,223.0,70.125,221.125,15.0,19.0,36.75,66.0,84.375,682.0,243.125,8.0,13.0,50.0,1.0,1.0,2.0,4.0,5.0,0.0,0.0,0.0,32.0,32.0,0.3925,0.38095238095238093,0.0128,0.0128,0.095,0.4318181818181818,0.5681818181818182,0.55,1.0,1.0,0.525,0.6246537396121883,0.0
20260629_225103_bc53ce62,20260629_225103_bc53ce62_g0023,23,243121036,3,32,32,32,1,2,BLUE,champ_v3,1,1.0,[1],0,96,2,"{""1"": 100, ""2"": 96, ""3"": 73, ""4"": 73}",False,27.0,-31.0,0.0,21.0,12.0,0.03,410.0,122.625,415.875,19.0,25.0,62.25,169.0,140.625,495.0,442.875,8.0,13.0,49.0,1.0,1.0,2.0,5.0,4.0,1.0,0.0,0.0,32.0,32.0,0.3925,0.38095238095238093,0.0128,0.0128,0.0975,0.4431818181818182,0.5568181818181818,0.675,1.0,1.0,0.4833333333333333,0.6005398110661269,0.0
20260629_225103_bc53ce62,20260629_225103_bc53ce62_g0023,23,243121036,3,32,32,32,1,3,YELLOW,pool_heuristic,2,1.0,[1],0,73,3,"{""1"": 100, ""2"": 96, ""3"": 73, ""4"": 73}",False,21.0,-43.0,3.0,8.0,12.0,0.03,207.0,79.0,233.25,20.0,19.0,39.75,107.0,47.5,698.0,254.25,8.0,13.0,48.0,1.0,1.0,2.0,6.0,3.0,1.0,0.0,1.0,32.0,32.0,0.3925,0.38095238095238093,0.0128,0.0128,0.1,0.45454545454545453,0.5454545454545454,0.525,1.0,1.0,0.5333333333333333,0.5039473684210526,0.0
20260629_225103_bc53ce62,20260629_225103_bc53ce62_g0023,23,243121036,3,32,32,32,1,4,GREEN,pool_l45_100ms,3,1.0,[1],0,73,3,"{""1"": 100, ""2"": 96, ""3"": 73, ""4"": 73}",False,15.0,-55.0,4.0,10.0,12.0,0.03,65.0,27.625,62.25,11.0,11.0,15.0,21.5,3.75,840.0,77.25,8.0,13.0,48.0,1.0,1.0,2.0,6.0,3.0,0.0,0.0,0.0,32.0,32.0,0.3925,0.38095238095238093,0.0128,0.0128,0.1,0.45454545454545453,0.5454545454545454,0.375,1.0,1.0,0.5833333333333333,0.42894736842105263,0.0
20260629_225103_bc53ce62,20260629_225103_bc53ce62_g0023,23,243121036,4,40,40,40,1,1,RED,pool_peer_500ms,0,1.0,[1],1,100,1,"{""1"": 100, ""2"": 96, ""3"": 73, ""4"": 73}",False,27.0,-38.0,0.0,29.0,22.0,0.055,220.0,77.625,227.125,18.0,23.0,47.25,92.0,46.875,204.0,254.125,10.0,11.0,40.0,1.0,1.0,2.0,4.0,3.0,0.0,0.0,0.0,40.0,40.0,0.4875,0.47619047619047616,0.016,0.016,0.12,0.5454545454545454,0.45454545454545453,0.675,1.0,1.0,0.5416666666666667,0.5877192982456141,0.0
20260629_225103_bc53ce62,20260629_225103_bc53ce62_g0023,23,243121036,4,40,40,40,1,2,BLUE,champ_v3,1,1.0,[1],0,96,2,"{""1"": 100, ""2"": 96, ""3"": 73, ""4"": 73}",False,30.0,-32.0,0.0,30.0,22.0,0.055,138.0,55.875,156.125,18.0,15.0,29.25,37.0,56.875,286.0,186.125,10.0,11.0,41.0,1.0,1.0,2.0,3.0,4.0,1.0,0.0,0.0,40.0,40.0,0.4875,0.47619047619047616,0.016,0.016,0.1175,0.5340909090909091,0.4659090909090909,0.75,1.0,1.0,0.5166666666666667,0.6058230683090706,0.0
20260629_225103_bc53ce62,20260629_225103_bc53ce62_g0023,23,243121036,4,40,40,40,1,3,YELLOW,pool_heuristic,2,1.0,[1],0,73,3,"{""1"": 100, ""2"": 96, ""3"": 73, ""4"": 73}",False,20.0,-52.0,3.0,19.0,22.0,0.055,30.0,21.0,30.0,15.0,7.0,6.0,2.0,0.0,394.0,50.0,10.0,11.0,38.0,1.0,1.0,2.0,6.0,1.0,0.0,0.0,0.0,40.0,40.0,0.4875,0.47619047619047616,0.016,0.016,0.125,0.5681818181818182,0.4318181818181818,0.5,1.0,1.0,0.6,0.4842105263157894,0.0
20260629_225103_bc53ce62,20260629_225103_bc53ce62_g0023,23,243121036,4,40,40,40,1,4,GREEN,pool_l45_100ms,3,1.0,[1],0,73,3,"{""1"": 100, ""2"": 96, ""3"": 73, ""4"": 73}",False,15.0,-62.0,4.0,19.0,22.0,0.055,36.0,20.25,38.0,11.0,8.0,7.5,9.0,2.5,388.0,53.0,10.0,11.0,38.0,1.0,1.0,2.0,6.0,1.0,0.0,0.0,0.0,40.0,40.0,0.4875,0.47619047619047616,0.016,0.016,0.125,0.5681818181818182,0.4318181818181818,0.375,0.95,1.0,0.6416666666666667,0.4368421052631579,0.0
20260629_225103_bc53ce62,20260629_225103_bc53ce62_g0023,23,243121036,5,48,48,48,1,1,RED,pool_peer_500ms,0,1.0,[1],1,100,1,"{""1"": 100, ""2"": 96, ""3"": 73, ""4"": 73}",False,28.0,-26.0,0.0,40.0,45.0,0.1125,74.0,38.375,83.0,17.0,14.0,21.0,23.5,7.5,96.0,111.0,12.0,9.0,31.0,1.0,1.0,2.0,3.0,2.0,0.0,0.0,0.0,48.0,48.0,0.575,0.5714285714285714,0.0192,0.0192,0.1425,0.6477272727272727,0.3522727272727273,0.7,1.0,1.0,0.45,0.5789473684210527,0.0
20260629_225103_bc53ce62,20260629_225103_bc53ce62_g0023,23,243121036,5,48,48,48,1,2,BLUE,champ_v3,1,1.0,[1],0,96,2,"{""1"": 100, ""2"": 96, ""3"": 73, ""4"": 73}",False,28.0,-26.0,0.0,40.0,45.0,0.1125,70.0,38.5,83.25,18.0,12.0,21.75,19.0,12.5,100.0,111.25,12.0,9.0,31.0,1.0,1.0,2.0,3.0,2.0,1.0,0.0,0.0,48.0,48.0,0.575,0.5714285714285714,0.0192,0.0192,0.1425,0.6477272727272727,0.3522727272727273,0.7,1.0,1.0,0.45,0.6020313942751616,0.0
20260629_225103_bc53ce62,20260629_225103_bc53ce62_g0023,23,243121036,5,48,48,48,1,3,YELLOW,pool_heuristic,2,1.0,[1],0,73,3,"{""1"": 100, ""2"": 96, ""3"": 73, ""4"": 73}",False,14.0,-54.0,3.0,24.0,45.0,0.1125,7.0,7.0,7.0,7.0,0.0,0.0,0.0,0.0,163.0,21.0,12.0,9.0,31.0,1.0,1.0,1.0,5.0,1.0,0.0,0.0,0.0,48.0,48.0,0.575,0.5714285714285714,0.0192,0.0192,0.1425,0.6477272727272727,0.3522727272727273,0.35,0.8,1.0,0.5666666666666667,0.47091412742382277,0.0
20260629_225103_bc53ce62,20260629_225103_bc53ce62_g0023,23,243121036,5,48,48,48,1,4,GREEN,pool_l45_100ms,3,1.0,[1],0,73,3,"{""1"": 100, ""2"": 96, ""3"": 73, ""4"": 73}",False,12.0,-58.0,4.0,22.0,45.0,0.1125,19.0,12.75,20.75,8.0,5.0,3.75,4.0,0.0,151.0,32.75,12.0,9.0,29.0,1.0,1.0,2.0,5.0,0.0,0.0,0.0,0.0,48.0,48.0,0.575,0.5714285714285714,0.0192,0.0192,0.1475,0.6704545454545454,0.32954545454545453,0.3,0.6,0.8,0.5833333333333333,0.4005352363960749,0.0
20260629_225103_bc53ce62,20260629_225103_bc53ce62_g0023,23,243121036,6,56,56,56,1,1,RED,pool_peer_500ms,0,1.0,[1],1,100,1,"{""1"": 100, ""2"": 96, ""3"": 73, ""4"": 73}",False,32.0,-18.0,0.0,46.0,44.0,0.11,41.0,29.625,46.25,20.0,11.0,6.0,5.5,3.75,43.0,78.25,14.0,7.0,24.0,1.0,1.0,1.0,2.0,2.0,0.0,0.0,0.0,56.0,56.0,0.64,0.6666666666666666,0.0224,0.0224,0.16,0.7272727272727273,0.2727272727272727,0.8,1.0,1.0,0.4166666666666667,0.5625,0.0
20260629_225103_bc53ce62,20260629_225103_bc53ce62_g0023,23,243121036,6,56,56,56,1,2,BLUE,champ_v3,1,1.0,[1],0,96,2,"{""1"": 100, ""2"": 96, ""3"": 73, ""4"": 73}",False,26.0,-30.0,0.0,47.0,44.0,0.11,33.0,22.5,35.0,15.0,7.0,9.0,4.0,0.0,51.0,61.0,14.0,7.0,22.0,1.0,1.0,2.0,2.0,1.0,1.0,0.0,0.0,56.0,56.0,0.64,0.6666666666666666,0.0224,0.0224,0.165,0.75,0.25,0.65,0.9166666666666666,1.0,0.4666666666666667,0.5709728867623605,0.0
20260629_225103_bc53ce62,20260629_225103_bc53ce62_g0023,23,243121036,6,56,56,56,1,3,YELLOW,pool_heuristic,2,1.0,[1],0,73,3,"{""1"": 100, ""2"": 96, ""3"": 73, ""4"": 73}",False,14.0,-54.0,3.0,34.0,44.0,0.11,4.0,2.5,7.0,0.0,3.0,0.0,4.0,0.0,80.0,21.0,14.0,7.0,26.0,0.0,1.0,1.0,4.0,1.0,0.0,0.0,0.0,56.0,56.0,0.64,0.6666666666666666,0.0224,0.0224,0.155,0.7045454545454546,0.29545454545454547,0.35,0.5666666666666667,1.0,0.5666666666666667,0.4736842105263158,0.0
20260629_225103_bc53ce62,20260629_225103_bc53ce62_g0023,23,243121036,6,56,56,56,1,4,GREEN,pool_l45_100ms,3,1.0,[1],0,73,3,"{""1"": 100, ""2"": 96, ""3"": 73, ""4"": 73}",False,10.0,-62.0,4.0,29.0,44.0,0.11,6.0,2.0,6.25,0.0,1.0,2.25,3.0,0.0,78.0,16.25,14.0,7.0,24.0,0.0,1.0,2.0,4.0,0.0,0.0,0.0,0.0,56.0,56.0,0.64,0.6666666666666666,0.0224,0.0224,0.16,0.7272727272727273,0.2727272727272727,0.25,0.45,0.8,0.6,0.4013157894736842,0.0
20260629_225103_bc53ce62,20260629_225103_bc53ce62_g0023,23,243121036,7,64,64,65,2,1,RED,pool_peer_500ms,0,1.0,[1],1,100,1,"{""1"": 100, ""2"": 96, ""3"": 73, ""4"": 73}",False,27.0,-18.0,0.0,58.0,53.0,0.1325,24.0,20.0,25.0,16.0,6.0,3.0,0.0,0.0,5.0,52.0,17.0,4.0,11.0,1.0,1.0,1.0,0.0,1.0,0.0,0.0,0.0,64.0,65.0,0.7075,0.8095238095238095,0.026,0.0256,0.1925,0.875,0.125,0.675,0.7666666666666667,1.0,0.375,0.5461380724538619,0.0
20260629_225103_bc53ce62,20260629_225103_bc53ce62_g0023,23,243121036,7,64,64,65,2,2,BLUE,champ_v3,1,1.0,[1],0,96,2,"{""1"": 100, ""2"": 96, ""3"": 73, ""4"": 73}",False,24.0,-24.0,0.0,56.0,53.0,0.1325,5.0,2.0,4.5,0.0,3.0,1.5,0.0,0.0,24.0,28.5,16.0,5.0,18.0,0.0,1.0,1.0,2.0,1.0,1.0,0.0,0.0,64.0,65.0,0.7075,0.7619047619047619,0.026,0.0256,0.175,0.7954545454545454,0.20454545454545456,0.6,0.6333333333333333,1.0,0.4,0.562406015037594,0.0
20260629_225103_bc53ce62,20260629_225103_bc53ce62_g0023,23,243121036,7,64,64,65,2,3,YELLOW,pool_heuristic,2,1.0,[1],0,73,3,"{""1"": 100, ""2"": 96, ""3"": 73, ""4"": 73}",False,12.0,-48.0,3.0,45.0,53.0,0.1325,0.0,0.0,0.0,0.0,0.0,0.0,0.0,0.0,29.0,12.0,16.0,5.0,20.0,0.0,0.0,1.0,3.0,1.0,0.0,0.0,0.0,64.0,65.0,0.7075,0.7619047619047619,0.026,0.0256,0.17,0.7727272727272727,0.22727272727272727,0.3,0.31666666666666665,1.0,0.5,0.4667182662538699,0.0
20260629_225103_bc53ce62,20260629_225103_bc53ce62_g0023,23,243121036,7,64,64,65,2,4,GREEN,pool_l45_100ms,3,1.0,[1],0,73,3,"{""1"": 100, ""2"": 96, ""3"": 73, ""4"": 73}",False,9.0,-54.0,4.0,38.0,53.0,0.1325,0.0,0.0,0.0,0.0,0.0,0.0,0.0,0.0,29.0,9.0,15.0,6.0,20.0,0.0,1.0,2.0,3.0,0.0,0.0,0.0,0.0,64.0,65.0,0.7075,0.7142857142857143,0.026,0.0256,0.17,0.7727272727272727,0.22727272727272727,0.225,0.26666666666666666,0.8,0.525,0.39473684210526316,0.0
20260629_225103_bc53ce62,20260629_225103_bc53ce62_g0024,24,1541771611,0,8,8,8,1,1,RED,champ_v3,0,4.0,[4],0,95,2,"{""1"": 95, ""2"": 72, ""3"": 72, ""4"": 96}",False,9.0,-16.0,9.0,0.0,0.0,0.0,543.0,122.625,488.75,9.0,15.0,41.25,153.5,270.0,1485.0,497.75,2.0,19.0,78.0,1.0,1.0,2.0,6.0,9.0,1.0,0.0,0.0,8.0,8.0,0.1,0.09523809523809523,0.0032,0.0032,0.025,0.11363636363636363,0.8863636363636364,0.225,1.0,1.0,0.20833333333333334,0.23684210526315785,0.0
20260629_225103_bc53ce62,20260629_225103_bc53ce62_g0024,24,1541771611,0,8,8,8,1,2,BLUE,pool_heuristic,1,4.0,[4],0,72,3,"{""1"": 95, ""2"": 72, ""3"": 72, ""4"": 96}",False,9.0,-16.0,9.0,0.0,0.0,0.0,578.0,141.875,572.875,9.0,16.0,46.5,182.0,319.375,1450.0,581.875,2.0,19.0,78.0,1.0,1.0,2.0,6.0,9.0,1.0,0.0,1.0,8.0,8.0,0.1,0.09523809523809523,0.0032,0.0032,0.025,0.11363636363636363,0.8863636363636364,0.225,1.0,1.0,0.20833333333333334,0.2578947368421053,0.0
20260629_225103_bc53ce62,20260629_225103_bc53ce62_g0024,24,1541771611,0,8,8,8,1,3,YELLOW,pool_l45_100ms,2,4.0,[4],0,72,3,"{""1"": 95, ""2"": 72, ""3"": 72, ""4"": 96}",False,7.0,-20.0,9.0,0.0,0.0,0.0,364.0,86.0,341.875,7.0,10.0,27.0,108.5,189.375,1664.0,348.875,2.0,19.0,78.0,1.0,1.0,2.0,6.0,9.0,1.0,1.0,0.0,8.0,8.0,0.1,0.09523809523809523,0.0032,0.0032,0.025,0.11363636363636363,0.8863636363636364,0.175,1.0,1.0,0.225,0.17368421052631577,0.0
20260629_225103_bc53ce62,20260629_225103_bc53ce62_g0024,24,1541771611,0,8,8,8,1,4,GREEN,pool_peer_500ms,3,4.0,[4],1,96,1,"{""1"": 95, ""2"": 72, ""3"": 72, ""4"": 96}",False,9.0,-16.0,9.0,0.0,0.0,0.0,543.0,122.625,488.75,9.0,15.0,41.25,153.5,270.0,1485.0,497.75,2.0,19.0,78.0,1.0,1.0,2.0,6.0,9.0,1.0,0.0,0.0,8.0,8.0,0.1,0.09523809523809523,0.0032,0.0032,0.025,0.11363636363636363,0.8863636363636364,0.225,1.0,1.0,0.20833333333333334,0.23684210526315785,0.0
20260629_225103_bc53ce62,20260629_225103_bc53ce62_g0024,24,1541771611,1,16,16,16,1,1,RED,champ_v3,0,4.0,[4],0,95,2,"{""1"": 95, ""2"": 72, ""3"": 72, ""4"": 96}",False,16.0,-25.0,0.0,2.0,0.0,0.0,801.0,198.125,770.25,15.0,26.0,75.0,285.5,368.75,1752.0,786.25,4.0,17.0,68.0,1.0,1.0,2.0,6.0,7.0,1.0,0.0,0.0,16.0,16.0,0.2,0.19047619047619047,0.0064,0.0064,0.05,0.22727272727272727,0.7727272727272727,0.4,1.0,1.0,0.3416666666666667,0.49473684210526314,0.0
20260629_225103_bc53ce62,20260629_225103_bc53ce62_g0024,24,1541771611,1,16,16,16,1,2,BLUE,pool_heuristic,1,4.0,[4],0,72,3,"{""1"": 95, ""2"": 72, ""3"": 72, ""4"": 96}",False,14.0,-29.0,5.0,0.0,0.0,0.0,544.0,146.375,550.75,14.0,22.0,57.75,214.5,242.5,2009.0,564.75,4.0,17.0,68.0,1.0,1.0,2.0,6.0,7.0,1.0,0.0,1.0,16.0,16.0,0.2,0.19047619047619047,0.0064,0.0064,0.05,0.22727272727272727,0.7727272727272727,0.35,1.0,1.0,0.35833333333333334,0.42105263157894735,0.0
20260629_225103_bc53ce62,20260629_225103_bc53ce62_g0024,24,1541771611,1,16,16,16,1,3,YELLOW,pool_l45_100ms,2,4.0,[4],0,72,3,"{""1"": 95, ""2"": 72, ""3"": 72, ""4"": 96}",False,11.0,-35.0,5.0,0.0,0.0,0.0,406.0,98.375,367.0,11.0,15.0,36.0,137.5,167.5,2147.0,378.0,4.0,17.0,68.0,1.0,1.0,2.0,6.0,7.0,1.0,0.0,0.0,16.0,16.0,0.2,0.19047619047619047,0.0064,0.0064,0.05,0.22727272727272727,0.7727272727272727,0.275,1.0,1.0,0.38333333333333336,0.3526315789473684,0.0
20260629_225103_bc53ce62,20260629_225103_bc53ce62_g0024,24,1541771611,1,16,16,16,1,4,GREEN,pool_peer_500ms,3,4.0,[4],1,96,1,"{""1"": 95, ""2"": 72, ""3"": 72, ""4"": 96}",False,16.0,-25.0,0.0,2.0,0.0,0.0,802.0,200.625,776.625,16.0,27.0,76.5,284.0,373.125,1751.0,792.625,4.0,17.0,68.0,1.0,1.0,2.0,6.0,7.0,1.0,0.0,0.0,16.0,16.0,0.2,0.19047619047619047,0.0064,0.0064,0.05,0.22727272727272727,0.7727272727272727,0.4,1.0,1.0,0.3416666666666667,0.49473684210526314,0.0
20260629_225103_bc53ce62,20260629_225103_bc53ce62_g0024,24,1541771611,2,24,24,24,1,1,RED,champ_v3,0,4.0,[4],0,95,2,"{""1"": 95, ""2"": 72, ""3"": 72, ""4"": 96}",False,21.0,-30.0,0.0,10.0,1.0,0.0025,537.0,146.625,539.25,16.0,25.0,66.75,191.5,240.0,1006.0,560.25,6.0,15.0,59.0,1.0,1.0,2.0,5.0,6.0,1.0,0.0,0.0,24.0,24.0,0.2975,0.2857142857142857,0.0096,0.0096,0.0725,0.32954545454545453,0.6704545454545454,0.525,1.0,1.0,0.425,0.5952813067150635,0.0
20260629_225103_bc53ce62,20260629_225103_bc53ce62_g0024,24,1541771611,2,24,24,24,1,2,BLUE,pool_heuristic,1,4.0,[4],0,72,3,"{""1"": 95, ""2"": 72, ""3"": 72, ""4"": 96}",False,19.0,-34.0,2.0,3.0,1.0,0.0025,366.0,114.5,389.5,17.0,23.0,55.5,174.0,120.0,1177.0,408.5,6.0,15.0,58.0,1.0,1.0,2.0,6.0,5.0,0.0,0.0,1.0,24.0,24.0,0.2975,0.2857142857142857,0.0096,0.0096,0.075,0.3409090909090909,0.6590909090909091,0.475,1.0,1.0,0.4416666666666667,0.512280701754386,0.0
20260629_225103_bc53ce62,20260629_225103_bc53ce62_g0024,24,1541771611,2,24,24,24,1,3,YELLOW,pool_l45_100ms,2,4.0,[4],0,72,3,"{""1"": 95, ""2"": 72, ""3"": 72, ""4"": 96}",False,12.0,-48.0,5.0,2.0,1.0,0.0025,95.0,33.875,91.125,12.0,9.0,14.25,29.0,26.875,1448.0,103.125,6.0,15.0,58.0,1.0,1.0,2.0,6.0,5.0,0.0,0.0,0.0,24.0,24.0,0.2975,0.2857142857142857,0.0096,0.0096,0.075,0.3409090909090909,0.6590909090909091,0.3,1.0,1.0,0.5,0.39473684210526316,0.0
20260629_225103_bc53ce62,20260629_225103_bc53ce62_g0024,24,1541771611,2,24,24,24,1,4,GREEN,pool_peer_500ms,3,4.0,[4],1,96,1,"{""1"": 95, ""2"": 72, ""3"": 72, ""4"": 96}",False,20.0,-32.0,0.0,12.0,1.0,0.0025,545.0,143.75,510.25,18.0,26.0,65.25,216.0,185.0,998.0,530.25,6.0,15.0,58.0,1.0,1.0,2.0,6.0,5.0,0.0,0.0,0.0,24.0,24.0,0.2975,0.2857142857142857,0.0096,0.0096,0.075,0.3409090909090909,0.6590909090909091,0.5,1.0,1.0,0.4333333333333333,0.5877192982456141,0.0
20260629_225103_bc53ce62,20260629_225103_bc53ce62_g0024,24,1541771611,3,32,32,32,1,1,RED,champ_v3,0,4.0,[4],0,95,2,"{""1"": 95, ""2"": 72, ""3"": 72, ""4"": 96}",False,26.0,-32.0,0.0,19.0,3.0,0.0075,273.0,89.5,285.375,18.0,22.0,49.5,96.5,99.375,516.0,311.375,8.0,13.0,50.0,1.0,1.0,2.0,4.0,5.0,1.0,0.0,0.0,32.0,32.0,0.395,0.38095238095238093,0.0128,0.0128,0.095,0.4318181818181818,0.5681818181818182,0.65,1.0,1.0,0.4833333333333333,0.6024930747922438,0.0
20260629_225103_bc53ce62,20260629_225103_bc53ce62_g0024,24,1541771611,3,32,32,32,1,2,BLUE,pool_heuristic,1,4.0,[4],0,72,3,"{""1"": 95, ""2"": 72, ""3"": 72, ""4"": 96}",False,22.0,-40.0,2.0,3.0,3.0,0.0075,219.0,84.25,248.75,20.0,22.0,44.25,120.0,42.5,570.0,270.75,8.0,13.0,48.0,1.0,1.0,2.0,6.0,3.0,0.0,0.0,1.0,32.0,32.0,0.395,0.38095238095238093,0.0128,0.0128,0.1,0.45454545454545453,0.5454545454545454,0.55,1.0,1.0,0.5166666666666667,0.5026315789473685,0.0
20260629_225103_bc53ce62,20260629_225103_bc53ce62_g0024,24,1541771611,3,32,32,32,1,3,YELLOW,pool_l45_100ms,2,4.0,[4],0,72,3,"{""1"": 95, ""2"": 72, ""3"": 72, ""4"": 96}",False,13.0,-58.0,5.0,4.0,3.0,0.0075,59.0,27.5,60.5,13.0,8.0,12.0,20.0,7.5,730.0,73.5,8.0,13.0,48.0,1.0,1.0,2.0,6.0,3.0,0.0,0.0,0.0,32.0,32.0,0.395,0.38095238095238093,0.0128,0.0128,0.1,0.45454545454545453,0.5454545454545454,0.325,1.0,1.0,0.5916666666666667,0.42499999999999993,0.0
20260629_225103_bc53ce62,20260629_225103_bc53ce62_g0024,24,1541771611,3,32,32,32,1,4,GREEN,pool_peer_500ms,3,4.0,[4],1,96,1,"{""1"": 95, ""2"": 72, ""3"": 72, ""4"": 96}",False,23.0,-38.0,0.0,20.0,3.0,0.0075,238.0,75.0,224.375,17.0,19.0,40.5,108.5,39.375,551.0,247.375,8.0,13.0,48.0,1.0,1.0,2.0,6.0,3.0,0.0,0.0,0.0,32.0,32.0,0.395,0.38095238095238093,0.0128,0.0128,0.1,0.45454545454545453,0.5454545454545454,0.575,1.0,1.0,0.5083333333333333,0.6039473684210526,0.0
20260629_225103_bc53ce62,20260629_225103_bc53ce62_g0024,24,1541771611,4,40,40,40,1,1,RED,champ_v3,0,4.0,[4],0,95,2,"{""1"": 95, ""2"": 72, ""3"": 72, ""4"": 96}",False,27.0,-31.0,0.0,30.0,9.0,0.0225,154.0,58.125,170.625,17.0,17.0,15.0,66.0,55.625,230.0,197.625,10.0,11.0,42.0,1.0,1.0,1.0,4.0,4.0,0.0,0.0,0.0,40.0,40.0,0.4875,0.47619047619047616,0.016,0.016,0.115,0.5227272727272727,0.4772727272727273,0.675,1.0,1.0,0.4833333333333333,0.6075514874141876,0.0
20260629_225103_bc53ce62,20260629_225103_bc53ce62_g0024,24,1541771611,4,40,40,40,1,2,BLUE,pool_heuristic,1,4.0,[4],0,72,3,"{""1"": 95, ""2"": 72, ""3"": 72, ""4"": 96}",False,20.0,-45.0,2.0,7.0,9.0,0.0225,48.0,25.5,51.25,13.0,9.0,9.75,17.0,2.5,336.0,71.25,10.0,11.0,38.0,1.0,1.0,2.0,6.0,1.0,0.0,0.0,0.0,40.0,40.0,0.4875,0.47619047619047616,0.016,0.016,0.125,0.5681818181818182,0.4318181818181818,0.5,1.0,1.0,0.5416666666666667,0.48,0.0
20260629_225103_bc53ce62,20260629_225103_bc53ce62_g0024,24,1541771611,4,40,40,40,1,3,YELLOW,pool_l45_100ms,2,4.0,[4],0,72,3,"{""1"": 95, ""2"": 72, ""3"": 72, ""4"": 96}",False,12.0,-61.0,5.0,10.0,9.0,0.0225,29.0,18.375,29.25,12.0,6.0,6.75,4.5,0.0,355.0,41.25,10.0,11.0,38.0,1.0,1.0,2.0,6.0,1.0,0.0,0.0,0.0,40.0,40.0,0.4875,0.47619047619047616,0.016,0.016,0.125,0.5681818181818182,0.4318181818181818,0.3,0.8,1.0,0.6083333333333333,0.4010526315789473,0.0
20260629_225103_bc53ce62,20260629_225103_bc53ce62_g0024,24,1541771611,4,40,40,40,1,4,GREEN,pool_peer_500ms,3,4.0,[4],1,96,1,"{""1"": 95, ""2"": 72, ""3"": 72, ""4"": 96}",False,26.0,-33.0,0.0,29.0,9.0,0.0225,153.0,61.625,169.625,18.0,16.0,35.25,76.0,24.375,231.0,195.625,10.0,11.0,39.0,1.0,1.0,2.0,5.0,2.0,0.0,0.0,0.0,40.0,40.0,0.4875,0.47619047619047616,0.016,0.016,0.1225,0.5568181818181818,0.4431818181818182,0.65,1.0,1.0,0.4916666666666667,0.602577873254565,0.0
20260629_225103_bc53ce62,20260629_225103_bc53ce62_g0024,24,1541771611,5,48,48,48,1,1,RED,champ_v3,0,4.0,[4],0,95,2,"{""1"": 95, ""2"": 72, ""3"": 72, ""4"": 96}",False,28.0,-25.0,0.0,40.0,34.0,0.085,49.0,27.75,53.75,15.0,12.0,4.5,16.0,6.25,84.0,81.75,12.0,9.0,33.0,1.0,1.0,1.0,3.0,3.0,0.0,0.0,0.0,48.0,48.0,0.5625,0.5714285714285714,0.0192,0.0192,0.1375,0.625,0.375,0.7,1.0,1.0,0.4416666666666667,0.5875598086124403,0.0
20260629_225103_bc53ce62,20260629_225103_bc53ce62_g0024,24,1541771611,5,48,48,48,1,2,BLUE,pool_heuristic,1,4.0,[4],0,72,3,"{""1"": 95, ""2"": 72, ""3"": 72, ""4"": 96}",False,17.0,-47.0,2.0,15.0,34.0,0.085,15.0,12.5,15.5,10.0,4.0,1.5,0.0,0.0,118.0,32.5,12.0,9.0,31.0,1.0,1.0,1.0,5.0,1.0,0.0,0.0,0.0,48.0,48.0,0.5625,0.5714285714285714,0.0192,0.0192,0.1425,0.6477272727272727,0.3522727272727273,0.425,0.9166666666666666,1.0,0.5333333333333333,0.47091412742382277,0.0
20260629_225103_bc53ce62,20260629_225103_bc53ce62_g0024,24,1541771611,5,48,48,48,1,3,YELLOW,pool_l45_100ms,2,4.0,[4],0,72,3,"{""1"": 95, ""2"": 72, ""3"": 72, ""4"": 96}",False,8.0,-65.0,5.0,16.0,34.0,0.085,12.0,8.75,12.0,7.0,2.0,0.0,3.0,0.0,121.0,20.0,12.0,9.0,31.0,1.0,1.0,1.0,5.0,1.0,0.0,0.0,0.0,48.0,48.0,0.5625,0.5714285714285714,0.0192,0.0192,0.1425,0.6477272727272727,0.3522727272727273,0.2,0.5166666666666667,1.0,0.6083333333333333,0.4016620498614959,0.0
20260629_225103_bc53ce62,20260629_225103_bc53ce62_g0024,24,1541771611,5,48,48,48,1,4,GREEN,pool_peer_500ms,3,4.0,[4],1,96,1,"{""1"": 95, ""2"": 72, ""3"": 72, ""4"": 96}",False,28.0,-25.0,0.0,38.0,34.0,0.085,57.0,34.0,67.0,18.0,12.0,12.0,20.0,5.0,76.0,95.0,12.0,9.0,32.0,1.0,1.0,1.0,4.0,2.0,0.0,0.0,0.0,48.0,48.0,0.5625,0.5714285714285714,0.0192,0.0192,0.14,0.6363636363636364,0.36363636363636365,0.7,1.0,1.0,0.4416666666666667,0.5958646616541353,0.0
20260629_225103_bc53ce62,20260629_225103_bc53ce62_g0024,24,1541771611,6,56,56,56,1,1,RED,champ_v3,0,4.0,[4],0,95,2,"{""1"": 95, ""2"": 72, ""3"": 72, ""4"": 96}",False,25.0,-25.0,0.0,47.0,46.0,0.115,23.0,16.375,22.0,12.0,7.0,1.5,1.5,0.0,35.0,47.0,14.0,7.0,24.0,1.0,1.0,1.0,2.0,2.0,0.0,0.0,0.0,56.0,56.0,0.6325,0.6666666666666666,0.0224,0.0224,0.16,0.7272727272727273,0.2727272727272727,0.625,1.0,1.0,0.4166666666666667,0.5476973684210527,0.0
20260629_225103_bc53ce62,20260629_225103_bc53ce62_g0024,24,1541771611,6,56,56,56,1,2,BLUE,pool_heuristic,1,4.0,[4],0,72,3,"{""1"": 95, ""2"": 72, ""3"": 72, ""4"": 96}",False,15.0,-45.0,2.0,29.0,46.0,0.115,4.0,2.0,5.0,0.0,3.0,0.0,2.0,0.0,54.0,20.0,14.0,7.0,27.0,0.0,1.0,0.0,5.0,1.0,0.0,0.0,0.0,56.0,56.0,0.6325,0.6666666666666666,0.0224,0.0224,0.1525,0.6931818181818182,0.3068181818181818,0.375,0.6666666666666666,1.0,0.5,0.46764452113891286,0.0
20260629_225103_bc53ce62,20260629_225103_bc53ce62_g0024,24,1541771611,6,56,56,56,1,3,YELLOW,pool_l45_100ms,2,4.0,[4],0,72,3,"{""1"": 95, ""2"": 72, ""3"": 72, ""4"": 96}",False,7.0,-61.0,4.0,26.0,46.0,0.115,7.0,6.5,7.0,6.0,1.0,0.0,0.0,0.0,51.0,14.0,14.0,7.0,24.0,1.0,1.0,0.0,4.0,1.0,0.0,0.0,0.0,56.0,56.0,0.6325,0.6666666666666666,0.0224,0.0224,0.16,0.7272727272727273,0.2727272727272727,0.175,0.26666666666666666,1.0,0.5666666666666667,0.421875,0.0
20260629_225103_bc53ce62,20260629_225103_bc53ce62_g0024,24,1541771611,6,56,56,56,1,4,GREEN,pool_peer_500ms,3,4.0,[4],1,96,1,"{""1"": 95, ""2"": 72, ""3"": 72, ""4"": 96}",False,28.0,-19.0,0.0,49.0,46.0,0.115,24.0,20.0,25.0,16.0,6.0,3.0,0.0,0.0,34.0,53.0,14.0,7.0,24.0,1.0,1.0,1.0,2.0,2.0,0.0,0.0,0.0,56.0,56.0,0.6325,0.6666666666666666,0.0224,0.0224,0.16,0.7272727272727273,0.2727272727272727,0.7,0.8166666666666667,1.0,0.39166666666666666,0.5674342105263157,0.0
20260629_225103_bc53ce62,20260629_225103_bc53ce62_g0024,24,1541771611,7,64,64,64,1,1,RED,champ_v3,0,4.0,[4],0,95,2,"{""1"": 95, ""2"": 72, ""3"": 72, ""4"": 96}",False,23.0,-23.0,0.0,53.0,52.0,0.13,15.0,12.5,15.0,10.0,5.0,0.0,0.0,0.0,3.0,38.0,16.0,5.0,17.0,1.0,1.0,0.0,1.0,2.0,0.0,0.0,0.0,64.0,64.0,0.68,0.7619047619047619,0.0256,0.0256,0.1775,0.8068181818181818,0.19318181818181818,0.575,0.6666666666666666,1.0,0.38333333333333336,0.5270570793180134,0.0
20260629_225103_bc53ce62,20260629_225103_bc53ce62_g0024,24,1541771611,7,64,64,64,1,2,BLUE,pool_heuristic,1,4.0,[4],0,72,3,"{""1"": 95, ""2"": 72, ""3"": 72, ""4"": 96}",False,12.0,-45.0,2.0,37.0,52.0,0.13,0.0,0.0,0.0,0.0,0.0,0.0,0.0,0.0,18.0,12.0,16.0,5.0,21.0,0.0,0.0,0.0,4.0,1.0,0.0,0.0,0.0,64.0,64.0,0.68,0.7619047619047619,0.0256,0.0256,0.1675,0.7613636363636364,0.23863636363636365,0.3,0.45,1.0,0.475,0.45483110761979584,0.0
20260629_225103_bc53ce62,20260629_225103_bc53ce62_g0024,24,1541771611,7,64,64,64,1,3,YELLOW,pool_l45_100ms,2,4.0,[4],0,72,3,"{""1"": 95, ""2"": 72, ""3"": 72, ""4"": 96}",False,6.0,-57.0,2.0,34.0,52.0,0.13,0.0,0.0,0.0,0.0,0.0,0.0,0.0,0.0,18.0,6.0,16.0,5.0,21.0,0.0,0.0,0.0,4.0,1.0,0.0,0.0,0.0,64.0,64.0,0.68,0.7619047619047619,0.0256,0.0256,0.1675,0.7613636363636364,0.23863636363636365,0.15,0.1,1.0,0.525,0.4312647289866457,0.0
20260629_225103_bc53ce62,20260629_225103_bc53ce62_g0024,24,1541771611,7,64,64,64,1,4,GREEN,pool_peer_500ms,3,4.0,[4],1,96,1,"{""1"": 95, ""2"": 72, ""3"": 72, ""4"": 96}",False,28.0,-13.0,0.0,55.0,52.0,0.13,3.0,1.25,4.0,0.0,0.0,3.0,1.0,0.0,15.0,32.0,16.0,5.0,21.0,0.0,0.0,1.0,2.0,2.0,0.0,0.0,0.0,64.0,64.0,0.68,0.7619047619047619,0.0256,0.0256,0.1675,0.7613636363636364,0.23863636363636365,0.7,0.75,1.0,0.3416666666666667,0.5718774548311076,0.0
20260629_225103_bc53ce62,20260629_225103_bc53ce62_g0025,25,1692893319,0,8,8,8,1,1,RED,pool_heuristic,0,4.0,[4],0,82,3,"{""1"": 82, ""2"": 65, ""3"": 98, ""4"": 124}",False,6.0,-17.0,9.0,0.0,3.0,0.0075,321.0,83.375,333.375,6.0,10.0,27.75,104.0,185.625,1413.0,339.375,2.0,19.0,78.0,1.0,1.0,2.0,6.0,9.0,1.0,1.0,1.0,8.0,8.0,0.1,0.09523809523809523,0.0032,0.0032,0.025,0.11363636363636363,0.8863636363636364,0.15,1.0,1.0,0.19166666666666668,0.2315789473684211,0.0
20260629_225103_bc53ce62,20260629_225103_bc53ce62_g0025,25,1692893319,0,8,8,8,1,2,BLUE,pool_l45_100ms,1,4.0,[4],0,65,4,"{""1"": 82, ""2"": 65, ""3"": 98, ""4"": 124}",False,5.0,-19.0,9.0,0.0,3.0,0.0075,327.0,76.25,309.5,5.0,8.0,24.0,95.0,177.5,1407.0,314.5,2.0,19.0,78.0,1.0,1.0,2.0,6.0,9.0,1.0,1.0,0.0,8.0,8.0,0.1,0.09523809523809523,0.0032,0.0032,0.025,0.11363636363636363,0.8863636363636364,0.125,1.0,1.0,0.2,0.15263157894736834,0.0
20260629_225103_bc53ce62,20260629_225103_bc53ce62_g0025,25,1692893319,0,8,8,8,1,3,YELLOW,pool_peer_500ms,2,4.0,[4],0,98,2,"{""1"": 82, ""2"": 65, ""3"": 98, ""4"": 124}",False,9.0,-11.0,9.0,0.0,3.0,0.0075,543.0,122.625,488.75,9.0,15.0,41.25,153.5,270.0,1191.0,497.75,2.0,19.0,78.0,1.0,1.0,2.0,6.0,9.0,1.0,0.0,0.0,8.0,8.0,0.1,0.09523809523809523,0.0032,0.0032,0.025,0.11363636363636363,0.8863636363636364,0.225,1.0,1.0,0.16666666666666669,0.23684210526315785,0.0
20260629_225103_bc53ce62,20260629_225103_bc53ce62_g0025,25,1692893319,0,8,8,8,1,4,GREEN,champ_v3,3,4.0,[4],1,124,1,"{""1"": 82, ""2"": 65, ""3"": 98, ""4"": 124}",False,9.0,-11.0,9.0,0.0,3.0,0.0075,543.0,122.625,488.75,9.0,15.0,41.25,153.5,270.0,1191.0,497.75,2.0,19.0,78.0,1.0,1.0,2.0,6.0,9.0,1.0,0.0,0.0,8.0,8.0,0.1,0.09523809523809523,0.0032,0.0032,0.025,0.11363636363636363,0.8863636363636364,0.225,1.0,1.0,0.16666666666666669,0.23684210526315785,0.0
20260629_225103_bc53ce62,20260629_225103_bc53ce62_g0025,25,1692893319,1,16,16,16,1,1,RED,pool_heuristic,0,4.0,[4],0,82,3,"{""1"": 82, ""2"": 65, ""3"": 98, ""4"": 124}",False,12.0,-28.0,2.0,0.0,3.0,0.0075,406.0,121.375,456.875,12.0,20.0,45.75,166.0,213.125,1815.0,468.875,4.0,17.0,68.0,1.0,1.0,2.0,6.0,7.0,1.0,1.0,1.0,16.0,16.0,0.2,0.19047619047619047,0.0064,0.0064,0.05,0.22727272727272727,0.7727272727272727,0.3,1.0,1.0,0.33333333333333337,0.47631578947368425,0.0
20260629_225103_bc53ce62,20260629_225103_bc53ce62_g0025,25,1692893319,1,16,16,16,1,2,BLUE,pool_l45_100ms,1,4.0,[4],0,65,4,"{""1"": 82, ""2"": 65, ""3"": 98, ""4"": 124}",False,9.0,-34.0,6.0,0.0,3.0,0.0075,527.0,121.875,475.0,9.0,16.0,45.0,177.5,227.5,1694.0,484.0,4.0,17.0,68.0,1.0,1.0,2.0,6.0,7.0,1.0,0.0,0.0,16.0,16.0,0.2,0.19047619047619047,0.0064,0.0064,0.05,0.22727272727272727,0.7727272727272727,0.225,1.0,1.0,0.35833333333333334,0.3263157894736842,0.0
20260629_225103_bc53ce62,20260629_225103_bc53ce62_g0025,25,1692893319,1,16,16,16,1,3,YELLOW,pool_peer_500ms,2,4.0,[4],0,98,2,"{""1"": 82, ""2"": 65, ""3"": 98, ""4"": 124}",False,16.0,-20.0,0.0,3.0,3.0,0.0075,753.0,188.75,731.0,15.0,26.0,72.0,263.0,355.0,1468.0,747.0,4.0,17.0,68.0,1.0,1.0,2.0,6.0,7.0,1.0,0.0,0.0,16.0,16.0,0.2,0.19047619047619047,0.0064,0.0064,0.05,0.22727272727272727,0.7727272727272727,0.4,1.0,1.0,0.3,0.49473684210526314,0.0
20260629_225103_bc53ce62,20260629_225103_bc53ce62_g0025,25,1692893319,1,16,16,16,1,4,GREEN,champ_v3,3,4.0,[4],1,124,1,"{""1"": 82, ""2"": 65, ""3"": 98, ""4"": 124}",False,15.0,-22.0,1.0,3.0,3.0,0.0075,535.0,140.125,519.5,15.0,25.0,54.75,188.5,236.25,1686.0,534.5,4.0,17.0,68.0,1.0,1.0,2.0,6.0,7.0,1.0,0.0,0.0,16.0,16.0,0.2,0.19047619047619047,0.0064,0.0064,0.05,0.22727272727272727,0.7727272727272727,0.375,1.0,1.0,0.30833333333333335,0.4894736842105264,0.0
20260629_225103_bc53ce62,20260629_225103_bc53ce62_g0025,25,1692893319,2,24,24,24,1,1,RED,pool_heuristic,0,4.0,[4],0,82,3,"{""1"": 82, ""2"": 65, ""3"": 98, ""4"": 124}",False,18.0,-35.0,2.0,5.0,6.0,0.015,301.0,97.25,334.125,15.0,19.0,42.75,140.5,116.875,1427.0,352.125,6.0,15.0,58.0,1.0,1.0,2.0,6.0,5.0,0.0,1.0,1.0,24.0,24.0,0.2975,0.2857142857142857,0.0096,0.0096,0.075,0.3409090909090909,0.6590909090909091,0.45,1.0,1.0,0.4416666666666667,0.543859649122807,0.0
20260629_225103_bc53ce62,20260629_225103_bc53ce62_g0025,25,1692893319,2,24,24,24,1,2,BLUE,pool_l45_100ms,1,4.0,[4],0,65,4,"{""1"": 82, ""2"": 65, ""3"": 98, ""4"": 124}",False,13.0,-45.0,6.0,0.0,6.0,0.015,279.0,75.875,253.625,13.0,16.0,33.75,109.0,81.875,1449.0,266.625,6.0,15.0,58.0,1.0,1.0,2.0,6.0,5.0,0.0,0.0,0.0,24.0,24.0,0.2975,0.2857142857142857,0.0096,0.0096,0.075,0.3409090909090909,0.6590909090909091,0.325,1.0,1.0,0.4833333333333333,0.38596491228070173,0.0
20260629_225103_bc53ce62,20260629_225103_bc53ce62_g0025,25,1692893319,2,24,24,24,1,3,YELLOW,pool_peer_500ms,2,4.0,[4],0,98,2,"{""1"": 82, ""2"": 65, ""3"": 98, ""4"": 124}",False,18.0,-35.0,0.0,13.0,6.0,0.015,603.0,156.625,568.875,17.0,27.0,69.0,239.0,216.875,1125.0,586.875,6.0,15.0,58.0,1.0,1.0,2.0,6.0,5.0,0.0,0.0,0.0,24.0,24.0,0.2975,0.2857142857142857,0.0096,0.0096,0.075,0.3409090909090909,0.6590909090909091,0.45,1.0,1.0,0.4416666666666667,0.5982456140350877,0.0
20260629_225103_bc53ce62,20260629_225103_bc53ce62_g0025,25,1692893319,2,24,24,24,1,4,GREEN,champ_v3,3,4.0,[4],1,124,1,"{""1"": 82, ""2"": 65, ""3"": 98, ""4"": 124}",False,22.0,-27.0,0.0,13.0,6.0,0.015,545.0,152.25,543.875,20.0,30.0,66.75,191.5,235.625,1183.0,565.875,6.0,15.0,59.0,1.0,1.0,2.0,5.0,6.0,1.0,0.0,0.0,24.0,24.0,0.2975,0.2857142857142857,0.0096,0.0096,0.0725,0.32954545454545453,0.6704545454545454,0.55,1.0,1.0,0.4083333333333333,0.588021778584392,0.0
20260629_225103_bc53ce62,20260629_225103_bc53ce62_g0025,25,1692893319,3,32,32,32,1,1,RED,pool_heuristic,0,4.0,[4],0,82,3,"{""1"": 82, ""2"": 65, ""3"": 98, ""4"": 124}",False,21.0,-42.0,2.0,8.0,11.0,0.0275,220.0,72.125,219.0,16.0,18.0,36.75,104.5,43.75,794.0,240.0,8.0,13.0,48.0,1.0,1.0,2.0,6.0,3.0,0.0,1.0,0.0,32.0,32.0,0.395,0.38095238095238093,0.0128,0.0128,0.1,0.45454545454545453,0.5454545454545454,0.525,1.0,1.0,0.525,0.531578947368421,0.0
20260629_225103_bc53ce62,20260629_225103_bc53ce62_g0025,25,1692893319,3,32,32,32,1,2,BLUE,pool_l45_100ms,1,4.0,[4],0,65,4,"{""1"": 82, ""2"": 65, ""3"": 98, ""4"": 124}",False,15.0,-54.0,3.0,11.0,11.0,0.0275,107.0,39.625,105.25,13.0,10.0,19.5,51.5,11.25,907.0,120.25,8.0,13.0,48.0,1.0,1.0,2.0,6.0,3.0,0.0,0.0,0.0,32.0,32.0,0.395,0.38095238095238093,0.0128,0.0128,0.1,0.45454545454545453,0.5454545454545454,0.375,1.0,1.0,0.575,0.43157894736842106,0.0
20260629_225103_bc53ce62,20260629_225103_bc53ce62_g0025,25,1692893319,3,32,32,32,1,3,YELLOW,pool_peer_500ms,2,4.0,[4],0,98,2,"{""1"": 82, ""2"": 65, ""3"": 98, ""4"": 124}",False,22.0,-40.0,0.0,18.0,11.0,0.0275,328.0,105.125,335.5,19.0,24.0,55.5,164.5,72.5,686.0,357.5,8.0,13.0,48.0,1.0,1.0,2.0,6.0,3.0,0.0,0.0,0.0,32.0,32.0,0.395,0.38095238095238093,0.0128,0.0128,0.1,0.45454545454545453,0.5454545454545454,0.55,1.0,1.0,0.5166666666666667,0.5921052631578947,0.0
20260629_225103_bc53ce62,20260629_225103_bc53ce62_g0025,25,1692893319,3,32,32,32,1,4,GREEN,champ_v3,3,4.0,[4],1,124,1,"{""1"": 82, ""2"": 65, ""3"": 98, ""4"": 124}",False,26.0,-32.0,0.0,26.0,11.0,0.0275,359.0,108.125,351.75,21.0,27.0,53.25,115.5,135.0,655.0,377.75,8.0,13.0,50.0,1.0,1.0,2.0,4.0,5.0,1.0,0.0,0.0,32.0,32.0,0.395,0.38095238095238093,0.0128,0.0128,0.095,0.4318181818181818,0.5681818181818182,0.65,1.0,1.0,0.4833333333333333,0.6024930747922438,0.0
20260629_225103_bc53ce62,20260629_225103_bc53ce62_g0025,25,1692893319,4,40,40,40,1,1,RED,pool_heuristic,0,4.0,[4],0,82,3,"{""1"": 82, ""2"": 65, ""3"": 98, ""4"": 124}",False,19.0,-52.0,2.0,12.0,17.0,0.0425,32.0,18.25,31.75,12.0,4.0,4.5,10.0,1.25,410.0,50.75,10.0,11.0,38.0,1.0,1.0,2.0,6.0,1.0,0.0,0.0,0.0,40.0,40.0,0.4925,0.47619047619047616,0.016,0.016,0.125,0.5681818181818182,0.4318181818181818,0.475,1.0,1.0,0.5916666666666667,0.4978947368421053,0.0
20260629_225103_bc53ce62,20260629_225103_bc53ce62_g0025,25,1692893319,4,40,40,40,1,2,BLUE,pool_l45_100ms,1,4.0,[4],0,65,4,"{""1"": 82, ""2"": 65, ""3"": 98, ""4"": 124}",False,15.0,-60.0,3.0,15.0,17.0,0.0425,30.0,19.25,31.0,13.0,6.0,3.0,9.0,0.0,412.0,46.0,10.0,11.0,38.0,1.0,1.0,2.0,6.0,1.0,0.0,0.0,0.0,40.0,40.0,0.4925,0.47619047619047616,0.016,0.016,0.125,0.5681818181818182,0.4318181818181818,0.375,0.7666666666666667,1.0,0.625,0.4242105263157895,0.0
20260629_225103_bc53ce62,20260629_225103_bc53ce62_g0025,25,1692893319,4,40,40,40,1,3,YELLOW,pool_peer_500ms,2,4.0,[4],0,98,2,"{""1"": 82, ""2"": 65, ""3"": 98, ""4"": 124}",False,25.0,-40.0,0.0,26.0,17.0,0.0425,162.0,62.0,158.375,20.0,20.0,37.5,66.5,14.375,280.0,183.375,10.0,11.0,39.0,1.0,1.0,2.0,5.0,2.0,0.0,0.0,0.0,40.0,40.0,0.4925,0.47619047619047616,0.016,0.016,0.1225,0.5568181818181818,0.4431818181818182,0.625,1.0,1.0,0.5416666666666667,0.5993555316863588,0.0
20260629_225103_bc53ce62,20260629_225103_bc53ce62_g0025,25,1692893319,4,40,40,40,1,4,GREEN,champ_v3,3,4.0,[4],1,124,1,"{""1"": 82, ""2"": 65, ""3"": 98, ""4"": 124}",False,31.0,-28.0,0.0,33.0,17.0,0.0425,218.0,78.5,212.625,24.0,26.0,39.75,73.5,49.375,224.0,243.625,10.0,11.0,40.0,1.0,1.0,2.0,4.0,3.0,0.0,0.0,0.0,40.0,40.0,0.4925,0.47619047619047616,0.016,0.016,0.12,0.5454545454545454,0.45454545454545453,0.775,1.0,1.0,0.4916666666666667,0.575657894736842,0.0
20260629_225103_bc53ce62,20260629_225103_bc53ce62_g0025,25,1692893319,5,48,48,48,1,1,RED,pool_heuristic,0,4.0,[4],0,82,3,"{""1"": 82, ""2"": 65, ""3"": 98, ""4"": 124}",False,22.0,-46.0,2.0,23.0,25.0,0.0625,33.0,19.875,32.25,14.0,4.0,5.25,6.5,2.5,144.0,54.25,12.0,9.0,30.0,1.0,1.0,2.0,4.0,1.0,0.0,0.0,0.0,48.0,48.0,0.5725,0.5714285714285714,0.0192,0.0192,0.145,0.6590909090909091,0.3409090909090909,0.55,1.0,1.0,0.5666666666666667,0.4609800362976406,0.0
20260629_225103_bc53ce62,20260629_225103_bc53ce62_g0025,25,1692893319,5,48,48,48,1,2,BLUE,pool_l45_100ms,1,4.0,[4],0,65,4,"{""1"": 82, ""2"": 65, ""3"": 98, ""4"": 124}",False,13.0,-64.0,3.0,19.0,25.0,0.0625,13.0,12.0,13.0,11.0,2.0,0.0,0.0,0.0,164.0,26.0,12.0,9.0,31.0,1.0,1.0,1.0,5.0,1.0,0.0,0.0,0.0,48.0,48.0,0.5725,0.5714285714285714,0.0192,0.0192,0.1425,0.6477272727272727,0.3522727272727273,0.325,0.4666666666666667,1.0,0.6416666666666667,0.4219759926131118,0.0
20260629_225103_bc53ce62,20260629_225103_bc53ce62_g0025,25,1692893319,5,48,48,48,1,3,YELLOW,pool_peer_500ms,2,4.0,[4],0,98,2,"{""1"": 82, ""2"": 65, ""3"": 98, ""4"": 124}",False,25.0,-40.0,0.0,35.0,25.0,0.0625,51.0,31.375,57.875,17.0,12.0,15.75,10.0,3.125,126.0,82.875,12.0,9.0,31.0,1.0,1.0,2.0,3.0,2.0,0.0,0.0,0.0,48.0,48.0,0.5725,0.5714285714285714,0.0192,0.0192,0.1425,0.6477272727272727,0.3522727272727273,0.625,1.0,1.0,0.5416666666666667,0.579870729455217,0.0
20260629_225103_bc53ce62,20260629_225103_bc53ce62_g0025,25,1692893319,5,48,48,48,1,4,GREEN,champ_v3,3,4.0,[4],1,124,1,"{""1"": 82, ""2"": 65, ""3"": 98, ""4"": 124}",False,30.0,-30.0,0.0,47.0,25.0,0.0625,80.0,44.625,92.125,22.0,16.0,20.25,22.0,11.875,97.0,122.125,12.0,9.0,31.0,1.0,1.0,2.0,3.0,2.0,0.0,0.0,0.0,48.0,48.0,0.5725,0.5714285714285714,0.0192,0.0192,0.1425,0.6477272727272727,0.3522727272727273,0.75,1.0,1.0,0.5,0.577100646352724,0.0
20260629_225103_bc53ce62,20260629_225103_bc53ce62_g0025,25,1692893319,6,56,56,56,1,1,RED,pool_heuristic,0,4.0,[4],0,82,3,"{""1"": 82, ""2"": 65, ""3"": 98, ""4"": 124}",False,21.0,-40.0,2.0,27.0,30.0,0.075,12.0,11.5,12.0,11.0,1.0,0.0,0.0,0.0,71.0,33.0,14.0,7.0,23.0,1.0,1.0,1.0,3.0,1.0,0.0,0.0,0.0,56.0,56.0,0.6375,0.6666666666666666,0.0224,0.0224,0.1625,0.7386363636363636,0.26136363636363635,0.525,0.9833333333333333,1.0,0.5083333333333333,0.44858299595141704,0.0
20260629_225103_bc53ce62,20260629_225103_bc53ce62_g0025,25,1692893319,6,56,56,56,1,2,BLUE,pool_l45_100ms,1,4.0,[4],0,65,4,"{""1"": 82, ""2"": 65, ""3"": 98, ""4"": 124}",False,9.0,-64.0,3.0,22.0,30.0,0.075,0.0,0.0,0.0,0.0,0.0,0.0,0.0,0.0,83.0,9.0,14.0,7.0,28.0,0.0,0.0,1.0,5.0,1.0,0.0,0.0,0.0,56.0,56.0,0.6375,0.6666666666666666,0.0224,0.0224,0.15,0.6818181818181818,0.3181818181818182,0.225,0.26666666666666666,1.0,0.6083333333333333,0.41491228070175434,0.0
20260629_225103_bc53ce62,20260629_225103_bc53ce62_g0025,25,1692893319,6,56,56,56,1,3,YELLOW,pool_peer_500ms,2,4.0,[4],0,98,2,"{""1"": 82, ""2"": 65, ""3"": 98, ""4"": 124}",False,23.0,-36.0,0.0,45.0,30.0,0.075,25.0,19.25,24.25,15.0,7.0,2.25,0.0,0.0,58.0,47.25,14.0,7.0,24.0,1.0,1.0,1.0,2.0,2.0,0.0,0.0,0.0,56.0,56.0,0.6375,0.6666666666666666,0.0224,0.0224,0.16,0.7272727272727273,0.2727272727272727,0.575,0.8833333333333333,1.0,0.4916666666666667,0.5921052631578947,0.0
20260629_225103_bc53ce62,20260629_225103_bc53ce62_g0025,25,1692893319,6,56,56,56,1,4,GREEN,champ_v3,3,4.0,[4],1,124,1,"{""1"": 82, ""2"": 65, ""3"": 98, ""4"": 124}",False,29.0,-24.0,0.0,56.0,30.0,0.075,46.0,30.875,47.125,21.0,10.0,10.5,5.0,0.625,37.0,76.125,14.0,7.0,22.0,1.0,1.0,2.0,2.0,1.0,0.0,0.0,0.0,56.0,56.0,0.6375,0.6666666666666666,0.0224,0.0224,0.165,0.75,0.25,0.725,1.0,1.0,0.4416666666666667,0.5590111642743222,0.0
20260629_225103_bc53ce62,20260629_225103_bc53ce62_g0025,25,1692893319,7,64,64,67,4,1,RED,pool_heuristic,0,4.0,[4],0,82,3,"{""1"": 82, ""2"": 65, ""3"": 98, ""4"": 124}",False,19.0,-39.0,2.0,48.0,30.0,0.075,1.0,0.5,1.0,0.0,1.0,0.0,0.0,0.0,40.0,20.0,17.0,4.0,15.0,0.0,1.0,0.0,2.0,1.0,0.0,0.0,0.0,64.0,67.0,0.695,0.8095238095238095,0.0268,0.0256,0.1825,0.8295454545454546,0.17045454545454544,0.475,0.7166666666666667,1.0,0.4833333333333333,0.4527757750540736,0.0
20260629_225103_bc53ce62,20260629_225103_bc53ce62_g0025,25,1692893319,7,64,64,67,4,2,BLUE,pool_l45_100ms,1,4.0,[4],0,65,4,"{""1"": 82, ""2"": 65, ""3"": 98, ""4"": 124}",False,9.0,-59.0,3.0,29.0,30.0,0.075,0.0,0.0,0.0,0.0,0.0,0.0,0.0,0.0,41.0,9.0,14.0,7.0,28.0,0.0,0.0,1.0,5.0,1.0,0.0,0.0,0.0,64.0,67.0,0.695,0.6666666666666666,0.0268,0.0256,0.15,0.6818181818181818,0.3181818181818182,0.225,0.11666666666666667,1.0,0.5666666666666667,0.41491228070175434,0.0
20260629_225103_bc53ce62,20260629_225103_bc53ce62_g0025,25,1692893319,7,64,64,67,4,3,YELLOW,pool_peer_500ms,2,4.0,[4],0,98,2,"{""1"": 82, ""2"": 65, ""3"": 98, ""4"": 124}",False,20.0,-37.0,0.0,51.0,30.0,0.075,1.0,0.125,0.625,0.0,0.0,0.0,0.0,0.625,40.0,20.625,17.0,4.0,18.0,0.0,0.0,0.0,2.0,2.0,0.0,0.0,0.0,64.0,67.0,0.695,0.8095238095238095,0.0268,0.0256,0.175,0.7954545454545454,0.20454545454545456,0.5,0.7166666666666667,1.0,0.475,0.5954887218045113,0.0
20260629_225103_bc53ce62,20260629_225103_bc53ce62_g0025,25,1692893319,7,64,64,67,4,4,GREEN,champ_v3,3,4.0,[4],1,124,1,"{""1"": 82, ""2"": 65, ""3"": 98, ""4"": 124}",False,29.0,-19.0,0.0,68.0,30.0,0.075,39.0,27.625,38.5,20.0,9.0,9.0,0.5,0.0,2.0,67.5,16.0,5.0,13.0,1.0,1.0,2.0,1.0,0.0,0.0,0.0,0.0,64.0,67.0,0.695,0.7619047619047619,0.0268,0.0256,0.1875,0.8522727272727273,0.14772727272727273,0.725,0.75,0.8,0.4,0.5501754385964912,0.0
20260629_225103_bc53ce62,20260629_225103_bc53ce62_g0026,26,2074296568,0,8,8,8,1,1,RED,pool_l45_100ms,0,3.0,[3],0,76,4,"{""1"": 76, ""2"": 95, ""3"": 105, ""4"": 90}",False,6.0,-16.0,9.0,0.0,2.0,0.005,388.0,90.5,366.25,6.0,10.0,28.5,113.0,208.75,1327.0,372.25,2.0,19.0,78.0,1.0,1.0,2.0,6.0,9.0,1.0,1.0,0.0,8.0,8.0,0.1,0.09523809523809523,0.0032,0.0032,0.025,0.11363636363636363,0.8863636363636364,0.15,1.0,1.0,0.18333333333333332,0.20526315789473681,0.0
20260629_225103_bc53ce62,20260629_225103_bc53ce62_g0026,26,2074296568,0,8,8,8,1,2,BLUE,pool_peer_500ms,1,3.0,[3],0,95,2,"{""1"": 76, ""2"": 95, ""3"": 105, ""4"": 90}",False,9.0,-10.0,9.0,0.0,2.0,0.005,543.0,122.625,488.75,9.0,15.0,41.25,153.5,270.0,1172.0,497.75,2.0,19.0,78.0,1.0,1.0,2.0,6.0,9.0,1.0,0.0,0.0,8.0,8.0,0.1,0.09523809523809523,0.0032,0.0032,0.025,0.11363636363636363,0.8863636363636364,0.225,1.0,1.0,0.15833333333333333,0.23684210526315785,0.0
20260629_225103_bc53ce62,20260629_225103_bc53ce62_g0026,26,2074296568,0,8,8,8,1,3,YELLOW,champ_v3,2,3.0,[3],1,105,1,"{""1"": 76, ""2"": 95, ""3"": 105, ""4"": 90}",False,9.0,-10.0,9.0,0.0,2.0,0.005,543.0,122.625,488.75,9.0,15.0,41.25,153.5,270.0,1172.0,497.75,2.0,19.0,78.0,1.0,1.0,2.0,6.0,9.0,1.0,0.0,0.0,8.0,8.0,0.1,0.09523809523809523,0.0032,0.0032,0.025,0.11363636363636363,0.8863636363636364,0.225,1.0,1.0,0.15833333333333333,0.23684210526315785,0.0
20260629_225103_bc53ce62,20260629_225103_bc53ce62_g0026,26,2074296568,0,8,8,8,1,4,GREEN,pool_heuristic,3,3.0,[3],0,90,3,"{""1"": 76, ""2"": 95, ""3"": 105, ""4"": 90}",False,4.0,-20.0,9.0,0.0,2.0,0.005,241.0,59.25,236.0,4.0,8.0,19.5,77.0,127.5,1474.0,240.0,2.0,19.0,78.0,1.0,1.0,2.0,6.0,9.0,0.0,1.0,1.0,8.0,8.0,0.1,0.09523809523809523,0.0032,0.0032,0.025,0.11363636363636363,0.8863636363636364,0.1,1.0,1.0,0.2,0.21578947368421053,0.0
20260629_225103_bc53ce62,20260629_225103_bc53ce62_g0026,26,2074296568,1,16,16,16,1,1,RED,pool_l45_100ms,0,3.0,[3],0,76,4,"{""1"": 76, ""2"": 95, ""3"": 105, ""4"": 90}",False,10.0,-32.0,7.0,0.0,2.0,0.005,504.0,118.0,451.75,10.0,17.0,45.0,171.0,208.75,2073.0,461.75,4.0,17.0,68.0,1.0,1.0,2.0,6.0,7.0,1.0,0.0,0.0,16.0,16.0,0.2,0.19047619047619047,0.0064,0.0064,0.05,0.22727272727272727,0.7727272727272727,0.25,1.0,1.0,0.35,0.3236842105263158,0.0
20260629_225103_bc53ce62,20260629_225103_bc53ce62_g0026,26,2074296568,1,16,16,16,1,2,BLUE,pool_peer_500ms,1,3.0,[3],0,95,2,"{""1"": 76, ""2"": 95, ""3"": 105, ""4"": 90}",False,16.0,-20.0,0.0,2.0,2.0,0.005,721.0,179.875,699.375,14.0,24.0,67.5,252.0,341.875,1856.0,715.375,4.0,17.0,68.0,1.0,1.0,2.0,6.0,7.0,1.0,0.0,0.0,16.0,16.0,0.2,0.19047619047619047,0.0064,0.0064,0.05,0.22727272727272727,0.7727272727272727,0.4,1.0,1.0,0.3,0.49473684210526314,0.0
20260629_225103_bc53ce62,20260629_225103_bc53ce62_g0026,26,2074296568,1,16,16,16,1,3,YELLOW,champ_v3,2,3.0,[3],1,105,1,"{""1"": 76, ""2"": 95, ""3"": 105, ""4"": 90}",False,15.0,-22.0,1.0,2.0,2.0,0.005,788.0,196.625,760.5,15.0,27.0,77.25,282.5,358.75,1789.0,775.5,4.0,17.0,68.0,1.0,1.0,2.0,6.0,7.0,1.0,0.0,0.0,16.0,16.0,0.2,0.19047619047619047,0.0064,0.0064,0.05,0.22727272727272727,0.7727272727272727,0.375,1.0,1.0,0.30833333333333335,0.4894736842105264,0.0
20260629_225103_bc53ce62,20260629_225103_bc53ce62_g0026,26,2074296568,1,16,16,16,1,4,GREEN,pool_heuristic,3,3.0,[3],0,90,3,"{""1"": 76, ""2"": 95, ""3"": 105, ""4"": 90}",False,11.0,-30.0,5.0,0.0,2.0,0.005,564.0,155.0,604.375,11.0,21.0,58.5,224.5,289.375,2013.0,615.375,4.0,17.0,68.0,1.0,1.0,2.0,6.0,7.0,0.0,1.0,1.0,16.0,16.0,0.2,0.19047619047619047,0.0064,0.0064,0.05,0.22727272727272727,0.7727272727272727,0.275,1.0,1.0,0.3416666666666667,0.40526315789473677,0.0
20260629_225103_bc53ce62,20260629_225103_bc53ce62_g0026,26,2074296568,2,24,24,24,1,1,RED,pool_l45_100ms,0,3.0,[3],0,76,4,"{""1"": 76, ""2"": 95, ""3"": 105, ""4"": 90}",False,14.0,-45.0,6.0,1.0,9.0,0.0225,301.0,82.125,269.625,14.0,19.0,40.5,118.0,78.125,1476.0,283.625,6.0,15.0,58.0,1.0,1.0,2.0,6.0,5.0,0.0,0.0,0.0,24.0,24.0,0.2975,0.2857142857142857,0.0096,0.0096,0.075,0.3409090909090909,0.6590909090909091,0.35,1.0,1.0,0.4916666666666667,0.4017543859649123,0.0
20260629_225103_bc53ce62,20260629_225103_bc53ce62_g0026,26,2074296568,2,24,24,24,1,2,BLUE,pool_peer_500ms,1,3.0,[3],0,95,2,"{""1"": 76, ""2"": 95, ""3"": 105, ""4"": 90}",False,20.0,-33.0,0.0,11.0,9.0,0.0225,463.0,129.625,465.0,17.0,24.0,58.5,160.5,205.0,1314.0,485.0,6.0,15.0,59.0,1.0,1.0,2.0,5.0,6.0,1.0,0.0,0.0,24.0,24.0,0.2975,0.2857142857142857,0.0096,0.0096,0.0725,0.32954545454545453,0.6704545454545454,0.5,1.0,1.0,0.4416666666666667,0.5843920145190562,0.0
20260629_225103_bc53ce62,20260629_225103_bc53ce62_g0026,26,2074296568,2,24,24,24,1,3,YELLOW,champ_v3,2,3.0,[3],1,105,1,"{""1"": 76, ""2"": 95, ""3"": 105, ""4"": 90}",False,19.0,-35.0,1.0,11.0,9.0,0.0225,549.0,150.0,534.375,18.0,26.0,67.5,238.5,184.375,1228.0,553.375,6.0,15.0,58.0,1.0,1.0,2.0,6.0,5.0,1.0,0.0,0.0,24.0,24.0,0.2975,0.2857142857142857,0.0096,0.0096,0.075,0.3409090909090909,0.6590909090909091,0.475,1.0,1.0,0.45,0.5649122807017544,0.0
20260629_225103_bc53ce62,20260629_225103_bc53ce62_g0026,26,2074296568,2,24,24,24,1,4,GREEN,pool_heuristic,3,3.0,[3],0,90,3,"{""1"": 76, ""2"": 95, ""3"": 105, ""4"": 90}",False,20.0,-33.0,1.0,1.0,9.0,0.0225,464.0,139.5,485.5,19.0,27.0,64.5,210.0,165.0,1313.0,505.5,6.0,15.0,58.0,1.0,1.0,2.0,6.0,5.0,0.0,0.0,1.0,24.0,24.0,0.2975,0.2857142857142857,0.0096,0.0096,0.075,0.3409090909090909,0.6590909090909091,0.5,1.0,1.0,0.4416666666666667,0.5368421052631578,0.0
20260629_225103_bc53ce62,20260629_225103_bc53ce62_g0026,26,2074296568,3,32,32,32,1,1,RED,pool_l45_100ms,0,3.0,[3],0,76,4,"{""1"": 76, ""2"": 95, ""3"": 105, ""4"": 90}",False,16.0,-56.0,3.0,4.0,12.0,0.03,74.0,33.5,77.375,13.0,14.0,15.75,26.5,8.125,696.0,93.375,8.0,13.0,48.0,1.0,1.0,2.0,6.0,3.0,0.0,0.0,0.0,32.0,32.0,0.395,0.38095238095238093,0.0128,0.0128,0.1,0.45454545454545453,0.5454545454545454,0.4,1.0,1.0,0.6,0.4368421052631579,0.0
20260629_225103_bc53ce62,20260629_225103_bc53ce62_g0026,26,2074296568,3,32,32,32,1,2,BLUE,pool_peer_500ms,1,3.0,[3],0,95,2,"{""1"": 76, ""2"": 95, ""3"": 105, ""4"": 90}",False,22.0,-44.0,0.0,19.0,12.0,0.03,160.0,58.125,164.5,19.0,12.0,25.5,60.5,47.5,610.0,186.5,8.0,13.0,49.0,1.0,1.0,2.0,5.0,4.0,1.0,0.0,0.0,32.0,32.0,0.395,0.38095238095238093,0.0128,0.0128,0.0975,0.4431818181818182,0.5568181818181818,0.55,1.0,1.0,0.55,0.5789473684210527,0.0
20260629_225103_bc53ce62,20260629_225103_bc53ce62_g0026,26,2074296568,3,32,32,32,1,3,YELLOW,champ_v3,2,3.0,[3],1,105,1,"{""1"": 76, ""2"": 95, ""3"": 105, ""4"": 90}",False,26.0,-36.0,1.0,12.0,12.0,0.03,406.0,124.875,394.0,25.0,30.0,64.5,169.5,105.0,364.0,420.0,8.0,13.0,49.0,1.0,1.0,2.0,5.0,4.0,0.0,0.0,0.0,32.0,32.0,0.395,0.38095238095238093,0.0128,0.0128,0.0975,0.4431818181818182,0.5568181818181818,0.65,1.0,1.0,0.5166666666666667,0.562753036437247,0.0
20260629_225103_bc53ce62,20260629_225103_bc53ce62_g0026,26,2074296568,3,32,32,32,1,4,GREEN,pool_heuristic,3,3.0,[3],0,90,3,"{""1"": 76, ""2"": 95, ""3"": 105, ""4"": 90}",False,24.0,-40.0,1.0,10.0,12.0,0.03,130.0,52.625,136.125,17.0,17.0,27.0,62.0,13.125,640.0,160.125,8.0,13.0,48.0,1.0,1.0,2.0,6.0,3.0,0.0,0.0,1.0,32.0,32.0,0.395,0.38095238095238093,0.0128,0.0128,0.1,0.45454545454545453,0.5454545454545454,0.6,1.0,1.0,0.5333333333333333,0.5342105263157895,0.0
20260629_225103_bc53ce62,20260629_225103_bc53ce62_g0026,26,2074296568,4,40,40,40,1,1,RED,pool_l45_100ms,0,3.0,[3],0,76,4,"{""1"": 76, ""2"": 95, ""3"": 105, ""4"": 90}",False,14.0,-64.0,3.0,11.0,14.0,0.035,30.0,17.25,29.0,10.0,8.0,6.0,5.0,0.0,466.0,43.0,10.0,11.0,38.0,1.0,1.0,2.0,6.0,1.0,0.0,0.0,0.0,40.0,40.0,0.49,0.47619047619047616,0.016,0.016,0.125,0.5681818181818182,0.4318181818181818,0.35,1.0,1.0,0.65,0.4242105263157895,0.0
20260629_225103_bc53ce62,20260629_225103_bc53ce62_g0026,26,2074296568,4,40,40,40,1,2,BLUE,pool_peer_500ms,1,3.0,[3],0,95,2,"{""1"": 76, ""2"": 95, ""3"": 105, ""4"": 90}",False,28.0,-36.0,0.0,30.0,14.0,0.035,141.0,55.875,139.625,23.0,12.0,25.5,51.0,28.125,355.0,167.625,10.0,11.0,40.0,1.0,1.0,2.0,4.0,3.0,1.0,0.0,0.0,40.0,40.0,0.49,0.47619047619047616,0.016,0.016,0.12,0.5454545454545454,0.45454545454545453,0.7,1.0,1.0,0.5333333333333333,0.5657894736842105,0.0
20260629_225103_bc53ce62,20260629_225103_bc53ce62_g0026,26,2074296568,4,40,40,40,1,3,YELLOW,champ_v3,2,3.0,[3],1,105,1,"{""1"": 76, ""2"": 95, ""3"": 105, ""4"": 90}",False,28.0,-36.0,1.0,22.0,14.0,0.035,264.0,93.75,267.25,25.0,27.0,53.25,102.0,60.0,232.0,295.25,10.0,11.0,40.0,1.0,1.0,2.0,4.0,3.0,0.0,0.0,0.0,40.0,40.0,0.49,0.47619047619047616,0.016,0.016,0.12,0.5454545454545454,0.45454545454545453,0.7,1.0,1.0,0.5333333333333333,0.5285087719298245,0.0
20260629_225103_bc53ce62,20260629_225103_bc53ce62_g0026,26,2074296568,4,40,40,40,1,4,GREEN,pool_heuristic,3,3.0,[3],0,90,3,"{""1"": 76, ""2"": 95, ""3"": 105, ""4"": 90}",False,22.0,-48.0,1.0,17.0,14.0,0.035,61.0,31.375,65.5,15.0,10.0,15.0,25.5,0.0,435.0,87.5,10.0,11.0,38.0,1.0,1.0,2.0,6.0,1.0,0.0,0.0,0.0,40.0,40.0,0.49,0.47619047619047616,0.016,0.016,0.125,0.5681818181818182,0.4318181818181818,0.55,1.0,1.0,0.5833333333333333,0.5263157894736843,0.0
20260629_225103_bc53ce62,20260629_225103_bc53ce62_g0026,26,2074296568,5,48,48,48,1,1,RED,pool_l45_100ms,0,3.0,[3],0,76,4,"{""1"": 76, ""2"": 95, ""3"": 105, ""4"": 90}",False,14.0,-63.0,3.0,22.0,19.0,0.0475,23.0,15.75,22.0,11.0,7.0,3.0,1.0,0.0,239.0,36.0,12.0,9.0,30.0,1.0,1.0,2.0,4.0,1.0,0.0,0.0,0.0,48.0,48.0,0.58,0.5714285714285714,0.0192,0.0192,0.145,0.6590909090909091,0.3409090909090909,0.35,0.9666666666666667,1.0,0.6416666666666667,0.411070780399274,0.0
20260629_225103_bc53ce62,20260629_225103_bc53ce62_g0026,26,2074296568,5,48,48,48,1,2,BLUE,pool_peer_500ms,1,3.0,[3],0,95,2,"{""1"": 76, ""2"": 95, ""3"": 105, ""4"": 90}",False,31.0,-29.0,0.0,42.0,19.0,0.0475,83.0,43.0,83.75,24.0,11.0,18.0,27.0,3.75,179.0,114.75,12.0,9.0,30.0,1.0,1.0,2.0,4.0,1.0,1.0,0.0,0.0,48.0,48.0,0.58,0.5714285714285714,0.0192,0.0192,0.145,0.6590909090909091,0.3409090909090909,0.775,1.0,1.0,0.5,0.5344827586206897,0.0
20260629_225103_bc53ce62,20260629_225103_bc53ce62_g0026,26,2074296568,5,48,48,48,1,3,YELLOW,champ_v3,2,3.0,[3],1,105,1,"{""1"": 76, ""2"": 95, ""3"": 105, ""4"": 90}",False,23.0,-45.0,1.0,39.0,19.0,0.0475,105.0,45.375,110.0,17.0,14.0,24.0,47.5,7.5,157.0,133.0,12.0,9.0,30.0,1.0,1.0,2.0,4.0,1.0,0.0,0.0,0.0,48.0,48.0,0.58,0.5714285714285714,0.0192,0.0192,0.145,0.6590909090909091,0.3409090909090909,0.575,1.0,1.0,0.5666666666666667,0.5072595281306715,0.0
20260629_225103_bc53ce62,20260629_225103_bc53ce62_g0026,26,2074296568,5,48,48,48,1,4,GREEN,pool_heuristic,3,3.0,[3],0,90,3,"{""1"": 76, ""2"": 95, ""3"": 105, ""4"": 90}",False,23.0,-45.0,1.0,26.0,19.0,0.0475,51.0,28.75,53.25,16.0,10.0,12.75,12.0,2.5,211.0,76.25,12.0,9.0,30.0,1.0,1.0,2.0,4.0,1.0,0.0,0.0,0.0,48.0,48.0,0.58,0.5714285714285714,0.0192,0.0192,0.145,0.6590909090909091,0.3409090909090909,0.575,1.0,1.0,0.5666666666666667,0.5127041742286751,0.0
20260629_225103_bc53ce62,20260629_225103_bc53ce62_g0026,26,2074296568,6,56,56,56,1,1,RED,pool_l45_100ms,0,3.0,[3],0,76,4,"{""1"": 76, ""2"": 95, ""3"": 105, ""4"": 90}",False,15.0,-57.0,3.0,37.0,28.0,0.07,19.0,15.0,19.5,11.0,7.0,1.5,0.0,0.0,89.0,34.5,14.0,7.0,23.0,1.0,1.0,1.0,3.0,1.0,0.0,0.0,0.0,56.0,56.0,0.66,0.6666666666666666,0.0224,0.0224,0.1625,0.7386363636363636,0.26136363636363635,0.375,0.8,1.0,0.6,0.41538461538461535,0.0
20260629_225103_bc53ce62,20260629_225103_bc53ce62_g0026,26,2074296568,6,56,56,56,1,2,BLUE,pool_peer_500ms,1,3.0,[3],0,95,2,"{""1"": 76, ""2"": 95, ""3"": 105, ""4"": 90}",False,33.0,-21.0,0.0,51.0,28.0,0.07,44.0,33.5,50.0,24.0,9.0,9.0,8.0,0.0,64.0,83.0,14.0,7.0,22.0,1.0,1.0,2.0,2.0,1.0,1.0,0.0,0.0,56.0,56.0,0.66,0.6666666666666666,0.0224,0.0224,0.165,0.75,0.25,0.825,0.8833333333333333,1.0,0.45,0.5239234449760766,0.0
20260629_225103_bc53ce62,20260629_225103_bc53ce62_g0026,26,2074296568,6,56,56,56,1,3,YELLOW,champ_v3,2,3.0,[3],1,105,1,"{""1"": 76, ""2"": 95, ""3"": 105, ""4"": 90}",False,17.0,-53.0,1.0,46.0,28.0,0.07,13.0,11.5,13.0,10.0,3.0,0.0,0.0,0.0,95.0,30.0,14.0,7.0,21.0,1.0,1.0,2.0,3.0,0.0,0.0,0.0,0.0,56.0,56.0,0.66,0.6666666666666666,0.0224,0.0224,0.1675,0.7613636363636364,0.23863636363636365,0.425,0.7166666666666667,0.8,0.5833333333333333,0.48468185388845253,0.0
20260629_225103_bc53ce62,20260629_225103_bc53ce62_g0026,26,2074296568,6,56,56,56,1,4,GREEN,pool_heuristic,3,3.0,[3],0,90,3,"{""1"": 76, ""2"": 95, ""3"": 105, ""4"": 90}",False,22.0,-43.0,1.0,39.0,28.0,0.07,32.0,20.625,30.0,14.0,8.0,7.5,0.5,0.0,76.0,52.0,14.0,7.0,22.0,1.0,1.0,2.0,2.0,1.0,0.0,0.0,0.0,56.0,56.0,0.66,0.6666666666666666,0.0224,0.0224,0.165,0.75,0.25,0.55,0.7166666666666667,1.0,0.5416666666666667,0.4872408293460925,0.0
20260629_225103_bc53ce62,20260629_225103_bc53ce62_g0026,26,2074296568,7,64,64,64,1,1,RED,pool_l45_100ms,0,3.0,[3],0,76,4,"{""1"": 76, ""2"": 95, ""3"": 105, ""4"": 90}",False,14.0,-56.0,3.0,49.0,25.0,0.0625,9.0,9.0,9.0,9.0,0.0,0.0,0.0,0.0,35.0,23.0,16.0,5.0,18.0,1.0,0.0,0.0,3.0,1.0,0.0,0.0,0.0,64.0,64.0,0.715,0.7619047619047619,0.0256,0.0256,0.175,0.7954545454545454,0.20454545454545456,0.35,0.5666666666666667,1.0,0.5833333333333333,0.42105263157894735,0.0
20260629_225103_bc53ce62,20260629_225103_bc53ce62_g0026,26,2074296568,7,64,64,64,1,2,BLUE,pool_peer_500ms,1,3.0,[3],0,95,2,"{""1"": 76, ""2"": 95, ""3"": 105, ""4"": 90}",False,31.0,-22.0,0.0,60.0,25.0,0.0625,10.0,5.0,13.5,0.0,5.0,4.5,4.0,0.0,34.0,44.5,16.0,5.0,17.0,0.0,1.0,2.0,1.0,1.0,1.0,0.0,0.0,64.0,64.0,0.715,0.7619047619047619,0.0256,0.0256,0.1775,0.8068181818181818,0.19318181818181818,0.775,0.5833333333333334,1.0,0.4416666666666667,0.5240919199406968,0.0
20260629_225103_bc53ce62,20260629_225103_bc53ce62_g0026,26,2074296568,7,64,64,64,1,3,YELLOW,champ_v3,2,3.0,[3],1,105,1,"{""1"": 76, ""2"": 95, ""3"": 105, ""4"": 90}",False,18.0,-48.0,0.0,56.0,25.0,0.0625,7.0,2.875,6.25,0.0,5.0,0.75,0.5,0.0,37.0,24.25,16.0,5.0,16.0,0.0,1.0,2.0,2.0,0.0,0.0,0.0,0.0,64.0,64.0,0.715,0.7619047619047619,0.0256,0.0256,0.18,0.8181818181818182,0.18181818181818182,0.45,0.5333333333333333,0.8,0.55,0.513157894736842,0.0
20260629_225103_bc53ce62,20260629_225103_bc53ce62_g0026,26,2074296568,7,64,64,64,1,4,GREEN,pool_heuristic,3,3.0,[3],0,90,3,"{""1"": 76, ""2"": 95, ""3"": 105, ""4"": 90}",False,21.0,-42.0,1.0,52.0,25.0,0.0625,18.0,15.0,18.0,12.0,6.0,0.0,0.0,0.0,26.0,39.0,16.0,5.0,15.0,1.0,1.0,1.0,1.0,1.0,0.0,0.0,0.0,64.0,64.0,0.715,0.7619047619047619,0.0256,0.0256,0.1825,0.8295454545454546,0.17045454545454544,0.525,0.48333333333333334,1.0,0.525,0.4881038211968276,0.0
20260629_225103_bc53ce62,20260629_225103_bc53ce62_g0027,27,401440306,0,8,8,8,1,1,RED,pool_peer_500ms,0,1.0,[1],1,97,1,"{""1"": 97, ""2"": 88, ""3"": 82, ""4"": 70}",False,9.0,-13.0,9.0,0.0,0.0,0.0,543.0,122.625,488.75,9.0,15.0,41.25,153.5,270.0,1308.0,497.75,2.0,19.0,78.0,1.0,1.0,2.0,6.0,9.0,1.0,0.0,0.0,8.0,8.0,0.1,0.09523809523809523,0.0032,0.0032,0.025,0.11363636363636363,0.8863636363636364,0.225,1.0,1.0,0.18333333333333332,0.23684210526315785,0.0
20260629_225103_bc53ce62,20260629_225103_bc53ce62_g0027,27,401440306,0,8,8,8,1,2,BLUE,champ_v3,1,1.0,[1],0,88,2,"{""1"": 97, ""2"": 88, ""3"": 82, ""4"": 70}",False,9.0,-13.0,9.0,0.0,0.0,0.0,543.0,122.625,488.75,9.0,15.0,41.25,153.5,270.0,1308.0,497.75,2.0,19.0,78.0,1.0,1.0,2.0,6.0,9.0,1.0,0.0,0.0,8.0,8.0,0.1,0.09523809523809523,0.0032,0.0032,0.025,0.11363636363636363,0.8863636363636364,0.225,1.0,1.0,0.18333333333333332,0.23684210526315785,0.0
20260629_225103_bc53ce62,20260629_225103_bc53ce62_g0027,27,401440306,0,8,8,8,1,3,YELLOW,pool_heuristic,2,1.0,[1],0,82,3,"{""1"": 97, ""2"": 88, ""3"": 82, ""4"": 70}",False,6.0,-19.0,9.0,0.0,0.0,0.0,321.0,83.375,333.375,6.0,10.0,27.75,104.0,185.625,1530.0,339.375,2.0,19.0,78.0,1.0,1.0,2.0,6.0,9.0,1.0,1.0,1.0,8.0,8.0,0.1,0.09523809523809523,0.0032,0.0032,0.025,0.11363636363636363,0.8863636363636364,0.15,1.0,1.0,0.20833333333333334,0.2315789473684211,0.0
20260629_225103_bc53ce62,20260629_225103_bc53ce62_g0027,27,401440306,0,8,8,8,1,4,GREEN,pool_l45_100ms,3,1.0,[1],0,70,4,"{""1"": 97, ""2"": 88, ""3"": 82, ""4"": 70}",False,7.0,-17.0,9.0,0.0,0.0,0.0,444.0,103.25,415.125,7.0,12.0,33.75,130.5,231.875,1407.0,422.125,2.0,19.0,78.0,1.0,1.0,2.0,6.0,9.0,1.0,1.0,0.0,8.0,8.0,0.1,0.09523809523809523,0.0032,0.0032,0.025,0.11363636363636363,0.8863636363636364,0.175,1.0,1.0,0.2,0.20526315789473681,0.0
20260629_225103_bc53ce62,20260629_225103_bc53ce62_g0027,27,401440306,1,16,16,16,1,1,RED,pool_peer_500ms,0,1.0,[1],1,97,1,"{""1"": 97, ""2"": 88, ""3"": 82, ""4"": 70}",False,16.0,-23.0,0.0,2.0,4.0,0.01,656.0,165.25,635.5,14.0,23.0,63.0,233.0,302.5,1768.0,651.5,4.0,17.0,68.0,1.0,1.0,2.0,6.0,7.0,1.0,0.0,0.0,16.0,16.0,0.2,0.19047619047619047,0.0064,0.0064,0.05,0.22727272727272727,0.7727272727272727,0.4,1.0,1.0,0.325,0.49473684210526314,0.0
20260629_225103_bc53ce62,20260629_225103_bc53ce62_g0027,27,401440306,1,16,16,16,1,2,BLUE,champ_v3,1,1.0,[1],0,88,2,"{""1"": 97, ""2"": 88, ""3"": 82, ""4"": 70}",False,15.0,-25.0,1.0,2.0,4.0,0.01,794.0,198.0,767.125,15.0,27.0,77.25,283.5,364.375,1630.0,782.125,4.0,17.0,68.0,1.0,1.0,2.0,6.0,7.0,1.0,0.0,0.0,16.0,16.0,0.2,0.19047619047619047,0.0064,0.0064,0.05,0.22727272727272727,0.7727272727272727,0.375,1.0,1.0,0.33333333333333337,0.4894736842105264,0.0
20260629_225103_bc53ce62,20260629_225103_bc53ce62_g0027,27,401440306,1,16,16,16,1,3,YELLOW,pool_heuristic,2,1.0,[1],0,82,3,"{""1"": 97, ""2"": 88, ""3"": 82, ""4"": 70}",False,14.0,-27.0,3.0,0.0,4.0,0.01,560.0,158.375,603.25,14.0,23.0,63.75,222.5,280.0,1864.0,617.25,4.0,17.0,68.0,1.0,1.0,2.0,6.0,7.0,1.0,0.0,1.0,16.0,16.0,0.2,0.19047619047619047,0.0064,0.0064,0.05,0.22727272727272727,0.7727272727272727,0.35,1.0,1.0,0.3416666666666667,0.4631578947368421,0.0
20260629_225103_bc53ce62,20260629_225103_bc53ce62_g0027,27,401440306,1,16,16,16,1,4,GREEN,pool_l45_100ms,3,1.0,[1],0,70,4,"{""1"": 97, ""2"": 88, ""3"": 82, ""4"": 70}",False,10.0,-35.0,7.0,0.0,4.0,0.01,414.0,100.0,373.375,10.0,16.0,41.25,140.5,165.625,2010.0,383.375,4.0,17.0,68.0,1.0,1.0,2.0,6.0,7.0,1.0,0.0,0.0,16.0,16.0,0.2,0.19047619047619047,0.0064,0.0064,0.05,0.22727272727272727,0.7727272727272727,0.25,1.0,1.0,0.375,0.3131578947368421,0.0
20260629_225103_bc53ce62,20260629_225103_bc53ce62_g0027,27,401440306,2,24,24,24,1,1,RED,pool_peer_500ms,0,1.0,[1],1,97,1,"{""1"": 97, ""2"": 88, ""3"": 82, ""4"": 70}",False,21.0,-32.0,0.0,8.0,9.0,0.0225,418.0,127.0,442.5,17.0,26.0,58.5,186.0,155.0,1139.0,463.5,6.0,15.0,58.0,1.0,1.0,2.0,6.0,5.0,1.0,0.0,0.0,24.0,24.0,0.3,0.2857142857142857,0.0096,0.0096,0.075,0.3409090909090909,0.6590909090909091,0.525,1.0,1.0,0.4416666666666667,0.5771929824561404,0.0
20260629_225103_bc53ce62,20260629_225103_bc53ce62_g0027,27,401440306,2,24,24,24,1,2,BLUE,champ_v3,1,1.0,[1],0,88,2,"{""1"": 97, ""2"": 88, ""3"": 82, ""4"": 70}",False,20.0,-34.0,1.0,7.0,9.0,0.0225,535.0,147.0,528.625,17.0,25.0,66.75,225.5,194.375,1022.0,548.625,6.0,15.0,58.0,1.0,1.0,2.0,6.0,5.0,0.0,0.0,0.0,24.0,24.0,0.3,0.2857142857142857,0.0096,0.0096,0.075,0.3409090909090909,0.6590909090909091,0.5,1.0,1.0,0.45,0.5736842105263158,0.0
20260629_225103_bc53ce62,20260629_225103_bc53ce62_g0027,27,401440306,2,24,24,24,1,3,YELLOW,pool_heuristic,2,1.0,[1],0,82,3,"{""1"": 97, ""2"": 88, ""3"": 82, ""4"": 70}",False,21.0,-32.0,3.0,5.0,9.0,0.0225,359.0,104.25,352.875,16.0,22.0,49.5,153.5,111.875,1198.0,373.875,6.0,15.0,58.0,1.0,1.0,2.0,6.0,5.0,1.0,0.0,0.0,24.0,24.0,0.3,0.2857142857142857,0.0096,0.0096,0.075,0.3409090909090909,0.6590909090909091,0.525,1.0,1.0,0.4416666666666667,0.5070175438596491,0.0
20260629_225103_bc53ce62,20260629_225103_bc53ce62_g0027,27,401440306,2,24,24,24,1,4,GREEN,pool_l45_100ms,3,1.0,[1],0,70,4,"{""1"": 97, ""2"": 88, ""3"": 82, ""4"": 70}",False,12.0,-50.0,3.0,4.0,9.0,0.0225,245.0,63.0,211.25,11.0,13.0,27.0,89.0,71.25,1312.0,223.25,6.0,15.0,58.0,1.0,1.0,2.0,6.0,5.0,0.0,0.0,0.0,24.0,24.0,0.3,0.2857142857142857,0.0096,0.0096,0.075,0.3409090909090909,0.6590909090909091,0.3,1.0,1.0,0.5166666666666667,0.4175438596491228,0.0
20260629_225103_bc53ce62,20260629_225103_bc53ce62_g0027,27,401440306,3,32,32,32,1,1,RED,pool_peer_500ms,0,1.0,[1],1,97,1,"{""1"": 97, ""2"": 88, ""3"": 82, ""4"": 70}",False,25.0,-38.0,0.0,16.0,14.0,0.035,254.0,88.5,268.5,20.0,22.0,42.75,130.0,53.75,489.0,293.5,8.0,13.0,48.0,1.0,1.0,2.0,6.0,3.0,0.0,0.0,0.0,32.0,32.0,0.3975,0.38095238095238093,0.0128,0.0128,0.1,0.45454545454545453,0.5454545454545454,0.625,1.0,1.0,0.525,0.5960526315789474,0.0
20260629_225103_bc53ce62,20260629_225103_bc53ce62_g0027,27,401440306,3,32,32,32,1,2,BLUE,champ_v3,1,1.0,[1],0,88,2,"{""1"": 97, ""2"": 88, ""3"": 82, ""4"": 70}",False,25.0,-38.0,1.0,17.0,14.0,0.035,212.0,69.0,215.0,17.0,14.0,31.5,80.0,72.5,531.0,240.0,8.0,13.0,49.0,1.0,1.0,2.0,5.0,4.0,0.0,0.0,0.0,32.0,32.0,0.3975,0.38095238095238093,0.0128,0.0128,0.0975,0.4431818181818182,0.5568181818181818,0.625,1.0,1.0,0.525,0.5897435897435898,0.0
20260629_225103_bc53ce62,20260629_225103_bc53ce62_g0027,27,401440306,3,32,32,32,1,3,YELLOW,pool_heuristic,2,1.0,[1],0,82,3,"{""1"": 97, ""2"": 88, ""3"": 82, ""4"": 70}",False,24.0,-40.0,3.0,14.0,14.0,0.035,198.0,70.0,203.875,17.0,19.0,38.25,96.5,33.125,545.0,227.875,8.0,13.0,48.0,1.0,1.0,2.0,6.0,3.0,0.0,0.0,0.0,32.0,32.0,0.3975,0.38095238095238093,0.0128,0.0128,0.1,0.45454545454545453,0.5454545454545454,0.6,1.0,1.0,0.5333333333333333,0.5118421052631579,0.0
20260629_225103_bc53ce62,20260629_225103_bc53ce62_g0027,27,401440306,3,32,32,32,1,4,GREEN,pool_l45_100ms,3,1.0,[1],0,70,4,"{""1"": 97, ""2"": 88, ""3"": 82, ""4"": 70}",False,14.0,-60.0,3.0,10.0,14.0,0.035,79.0,31.625,73.625,13.0,12.0,12.75,24.0,11.875,664.0,87.625,8.0,13.0,48.0,1.0,1.0,2.0,6.0,3.0,0.0,0.0,0.0,32.0,32.0,0.3975,0.38095238095238093,0.0128,0.0128,0.1,0.45454545454545453,0.5454545454545454,0.35,1.0,1.0,0.6166666666666667,0.4421052631578948,0.0
20260629_225103_bc53ce62,20260629_225103_bc53ce62_g0027,27,401440306,4,40,40,40,1,1,RED,pool_peer_500ms,0,1.0,[1],1,97,1,"{""1"": 97, ""2"": 88, ""3"": 82, ""4"": 70}",False,28.0,-35.0,0.0,30.0,16.0,0.04,85.0,40.75,87.25,20.0,12.0,15.75,32.0,7.5,306.0,115.25,10.0,11.0,39.0,1.0,1.0,2.0,5.0,2.0,0.0,0.0,0.0,40.0,40.0,0.4875,0.47619047619047616,0.016,0.016,0.1225,0.5568181818181818,0.4431818181818182,0.7,1.0,1.0,0.525,0.5703544575725027,0.0
20260629_225103_bc53ce62,20260629_225103_bc53ce62_g0027,27,401440306,4,40,40,40,1,2,BLUE,champ_v3,1,1.0,[1],0,88,2,"{""1"": 97, ""2"": 88, ""3"": 82, ""4"": 70}",False,29.0,-33.0,1.0,21.0,16.0,0.04,220.0,76.875,215.625,22.0,22.0,42.0,79.0,50.625,171.0,244.625,10.0,11.0,40.0,1.0,1.0,2.0,4.0,3.0,0.0,0.0,0.0,40.0,40.0,0.4875,0.47619047619047616,0.016,0.016,0.12,0.5454545454545454,0.45454545454545453,0.725,1.0,1.0,0.5166666666666667,0.5833333333333333,0.0
20260629_225103_bc53ce62,20260629_225103_bc53ce62_g0027,27,401440306,4,40,40,40,1,3,YELLOW,pool_heuristic,2,1.0,[1],0,82,3,"{""1"": 97, ""2"": 88, ""3"": 82, ""4"": 70}",False,22.0,-47.0,3.0,15.0,16.0,0.04,35.0,22.0,35.0,15.0,6.0,6.0,8.0,0.0,356.0,57.0,10.0,11.0,39.0,1.0,1.0,2.0,5.0,2.0,0.0,0.0,0.0,40.0,40.0,0.4875,0.47619047619047616,0.016,0.016,0.1225,0.5568181818181818,0.4431818181818182,0.55,1.0,1.0,0.575,0.47905477980665945,0.0
20260629_225103_bc53ce62,20260629_225103_bc53ce62_g0027,27,401440306,4,40,40,40,1,4,GREEN,pool_l45_100ms,3,1.0,[1],0,70,4,"{""1"": 97, ""2"": 88, ""3"": 82, ""4"": 70}",False,12.0,-67.0,3.0,19.0,16.0,0.04,51.0,22.875,50.375,10.0,9.0,9.0,18.0,4.375,340.0,62.375,10.0,11.0,39.0,1.0,1.0,2.0,5.0,2.0,0.0,0.0,0.0,40.0,40.0,0.4875,0.47619047619047616,0.016,0.016,0.1225,0.5568181818181818,0.4431818181818182,0.3,1.0,1.0,0.6583333333333333,0.4296455424274973,0.0
20260629_225103_bc53ce62,20260629_225103_bc53ce62_g0027,27,401440306,5,48,48,48,1,1,RED,pool_peer_500ms,0,1.0,[1],1,97,1,"{""1"": 97, ""2"": 88, ""3"": 82, ""4"": 70}",False,27.0,-33.0,0.0,37.0,25.0,0.0625,28.0,20.75,29.25,16.0,5.0,3.0,4.0,1.25,94.0,56.25,12.0,9.0,32.0,1.0,1.0,1.0,4.0,2.0,0.0,0.0,0.0,48.0,48.0,0.57,0.5714285714285714,0.0192,0.0192,0.14,0.6363636363636364,0.36363636363636365,0.675,1.0,1.0,0.5,0.5582706766917294,0.0
20260629_225103_bc53ce62,20260629_225103_bc53ce62_g0027,27,401440306,5,48,48,48,1,2,BLUE,champ_v3,1,1.0,[1],0,88,2,"{""1"": 97, ""2"": 88, ""3"": 82, ""4"": 70}",False,28.0,-31.0,1.0,31.0,25.0,0.0625,50.0,29.25,52.625,18.0,8.0,10.5,10.5,5.625,72.0,80.625,12.0,9.0,31.0,1.0,1.0,2.0,3.0,2.0,0.0,0.0,0.0,48.0,48.0,0.57,0.5714285714285714,0.0192,0.0192,0.1425,0.6477272727272727,0.3522727272727273,0.7,1.0,1.0,0.4916666666666667,0.5743305632502308,0.0
20260629_225103_bc53ce62,20260629_225103_bc53ce62_g0027,27,401440306,5,48,48,48,1,3,YELLOW,pool_heuristic,2,1.0,[1],0,82,3,"{""1"": 97, ""2"": 88, ""3"": 82, ""4"": 70}",False,21.0,-45.0,2.0,26.0,25.0,0.0625,21.0,16.5,22.0,13.0,4.0,3.0,2.0,0.0,101.0,43.0,12.0,9.0,31.0,1.0,1.0,2.0,3.0,2.0,0.0,0.0,0.0,48.0,48.0,0.57,0.5714285714285714,0.0192,0.0192,0.1425,0.6477272727272727,0.3522727272727273,0.525,0.8833333333333333,1.0,0.55,0.48199445983379496,0.0
20260629_225103_bc53ce62,20260629_225103_bc53ce62_g0027,27,401440306,5,48,48,48,1,4,GREEN,pool_l45_100ms,3,1.0,[1],0,70,4,"{""1"": 97, ""2"": 88, ""3"": 82, ""4"": 70}",False,11.0,-65.0,3.0,31.0,25.0,0.0625,23.0,12.0,21.5,7.0,4.0,4.5,6.0,0.0,99.0,32.5,12.0,9.0,30.0,1.0,1.0,2.0,4.0,1.0,0.0,0.0,0.0,48.0,48.0,0.57,0.5714285714285714,0.0192,0.0192,0.145,0.6590909090909091,0.3409090909090909,0.275,0.7333333333333333,1.0,0.6333333333333333,0.4292196007259528,0.0
20260629_225103_bc53ce62,20260629_225103_bc53ce62_g0027,27,401440306,6,56,56,56,1,1,RED,pool_peer_500ms,0,1.0,[1],1,97,1,"{""1"": 97, ""2"": 88, ""3"": 82, ""4"": 70}",False,28.0,-29.0,0.0,39.0,29.0,0.0725,12.0,5.25,14.5,0.0,6.0,3.0,3.0,2.5,43.0,42.5,14.0,7.0,27.0,0.0,1.0,1.0,3.0,2.0,0.0,0.0,0.0,56.0,56.0,0.6375,0.6666666666666666,0.0224,0.0224,0.1525,0.6931818181818182,0.3068181818181818,0.7,0.85,1.0,0.475,0.5366695427092321,0.0
20260629_225103_bc53ce62,20260629_225103_bc53ce62_g0027,27,401440306,6,56,56,56,1,2,BLUE,champ_v3,1,1.0,[1],0,88,2,"{""1"": 97, ""2"": 88, ""3"": 82, ""4"": 70}",False,26.0,-33.0,1.0,43.0,29.0,0.0725,22.0,18.125,22.5,15.0,4.0,3.0,0.5,0.0,33.0,48.5,14.0,7.0,23.0,1.0,1.0,1.0,3.0,1.0,0.0,0.0,0.0,56.0,56.0,0.6375,0.6666666666666666,0.0224,0.0224,0.1625,0.7386363636363636,0.26136363636363635,0.65,1.0,1.0,0.4916666666666667,0.560323886639676,0.0
20260629_225103_bc53ce62,20260629_225103_bc53ce62_g0027,27,401440306,6,56,56,56,1,3,YELLOW,pool_heuristic,2,1.0,[1],0,82,3,"{""1"": 97, ""2"": 88, ""3"": 82, ""4"": 70}",False,21.0,-43.0,2.0,39.0,29.0,0.0725,16.0,14.0,16.5,12.0,3.0,1.5,0.0,0.0,39.0,37.5,14.0,7.0,23.0,1.0,1.0,1.0,3.0,1.0,0.0,0.0,0.0,56.0,56.0,0.6375,0.6666666666666666,0.0224,0.0224,0.1625,0.7386363636363636,0.26136363636363635,0.525,0.9666666666666667,1.0,0.5333333333333333,0.4736842105263158,0.0
20260629_225103_bc53ce62,20260629_225103_bc53ce62_g0027,27,401440306,6,56,56,56,1,4,GREEN,pool_l45_100ms,3,1.0,[1],0,70,4,"{""1"": 97, ""2"": 88, ""3"": 82, ""4"": 70}",False,10.0,-65.0,3.0,37.0,29.0,0.0725,5.0,5.0,5.0,5.0,0.0,0.0,0.0,0.0,50.0,15.0,14.0,7.0,24.0,1.0,0.0,2.0,3.0,1.0,0.0,0.0,0.0,56.0,56.0,0.6375,0.6666666666666666,0.0224,0.0224,0.16,0.7272727272727273,0.2727272727272727,0.25,0.55,1.0,0.625,0.4325657894736842,0.0
20260629_225103_bc53ce62,20260629_225103_bc53ce62_g0027,27,401440306,7,64,64,65,2,1,RED,pool_peer_500ms,0,1.0,[1],1,97,1,"{""1"": 97, ""2"": 88, ""3"": 82, ""4"": 70}",False,25.0,-27.0,0.0,53.0,39.0,0.0975,2.0,1.0,2.0,0.0,2.0,0.0,0.0,0.0,15.0,27.0,17.0,4.0,14.0,0.0,1.0,1.0,1.0,1.0,0.0,0.0,0.0,64.0,65.0,0.6975,0.8095238095238095,0.026,0.0256,0.185,0.8409090909090909,0.1590909090909091,0.625,0.45,1.0,0.4333333333333333,0.5035561877667141,0.0
20260629_225103_bc53ce62,20260629_225103_bc53ce62_g0027,27,401440306,7,64,64,65,2,2,BLUE,champ_v3,1,1.0,[1],0,88,2,"{""1"": 97, ""2"": 88, ""3"": 82, ""4"": 70}",False,24.0,-29.0,1.0,54.0,39.0,0.0975,14.0,12.5,14.0,11.0,3.0,0.0,0.0,0.0,3.0,38.0,16.0,5.0,16.0,1.0,1.0,0.0,2.0,1.0,0.0,0.0,0.0,64.0,65.0,0.6975,0.7619047619047619,0.026,0.0256,0.18,0.8181818181818182,0.18181818181818182,0.6,0.65,1.0,0.4416666666666667,0.5423976608187134,0.0
20260629_225103_bc53ce62,20260629_225103_bc53ce62_g0027,27,401440306,7,64,64,65,2,3,YELLOW,pool_heuristic,2,1.0,[1],0,82,3,"{""1"": 97, ""2"": 88, ""3"": 82, ""4"": 70}",False,19.0,-39.0,0.0,48.0,39.0,0.0975,1.0,0.5,1.5,0.0,0.0,1.5,0.0,0.0,16.0,20.5,16.0,5.0,20.0,0.0,0.0,1.0,3.0,1.0,0.0,0.0,0.0,64.0,65.0,0.6975,0.7619047619047619,0.026,0.0256,0.17,0.7727272727272727,0.22727272727272727,0.475,0.5,1.0,0.4833333333333333,0.4930340557275542,0.0
20260629_225103_bc53ce62,20260629_225103_bc53ce62_g0027,27,401440306,7,64,64,65,2,4,GREEN,pool_l45_100ms,3,1.0,[1],0,70,4,"{""1"": 97, ""2"": 88, ""3"": 82, ""4"": 70}",False,9.0,-59.0,3.0,41.0,39.0,0.0975,0.0,0.0,0.0,0.0,0.0,0.0,0.0,0.0,17.0,9.0,15.0,6.0,23.0,0.0,0.0,2.0,3.0,1.0,0.0,0.0,0.0,64.0,65.0,0.6975,0.7142857142857143,0.026,0.0256,0.1625,0.7386363636363636,0.26136363636363635,0.225,0.3333333333333333,1.0,0.5666666666666667,0.4356275303643725,0.0
20260629_225103_bc53ce62,20260629_225103_bc53ce62_g0028,28,398850545,0,8,8,8,1,1,RED,champ_v3,0,1.0,[1],1,96,1,"{""1"": 96, ""2"": 81, ""3"": 72, ""4"": 91}",False,9.0,-14.0,9.0,0.0,0.0,0.0,543.0,122.625,488.75,9.0,15.0,41.25,153.5,270.0,1331.0,497.75,2.0,19.0,78.0,1.0,1.0,2.0,6.0,9.0,1.0,0.0,0.0,8.0,8.0,0.1,0.09523809523809523,0.0032,0.0032,0.025,0.11363636363636363,0.8863636363636364,0.225,1.0,1.0,0.19166666666666668,0.23684210526315785,0.0
20260629_225103_bc53ce62,20260629_225103_bc53ce62_g0028,28,398850545,0,8,8,8,1,2,BLUE,pool_heuristic,1,1.0,[1],0,81,3,"{""1"": 96, ""2"": 81, ""3"": 72, ""4"": 91}",False,7.0,-18.0,9.0,0.0,0.0,0.0,424.0,105.375,424.375,7.0,12.0,34.5,134.0,236.875,1450.0,431.375,2.0,19.0,78.0,1.0,1.0,2.0,6.0,9.0,1.0,1.0,1.0,8.0,8.0,0.1,0.09523809523809523,0.0032,0.0032,0.025,0.11363636363636363,0.8863636363636364,0.175,1.0,1.0,0.20833333333333334,0.22105263157894728,0.0
20260629_225103_bc53ce62,20260629_225103_bc53ce62_g0028,28,398850545,0,8,8,8,1,3,YELLOW,pool_l45_100ms,2,1.0,[1],0,72,4,"{""1"": 96, ""2"": 81, ""3"": 72, ""4"": 91}",False,7.0,-18.0,9.0,0.0,0.0,0.0,364.0,86.0,341.875,7.0,10.0,27.0,108.5,189.375,1510.0,348.875,2.0,19.0,78.0,1.0,1.0,2.0,6.0,9.0,1.0,1.0,0.0,8.0,8.0,0.1,0.09523809523809523,0.0032,0.0032,0.025,0.11363636363636363,0.8863636363636364,0.175,1.0,1.0,0.20833333333333334,0.17368421052631577,0.0
20260629_225103_bc53ce62,20260629_225103_bc53ce62_g0028,28,398850545,0,8,8,8,1,4,GREEN,pool_peer_500ms,3,1.0,[1],0,91,2,"{""1"": 96, ""2"": 81, ""3"": 72, ""4"": 91}",False,9.0,-14.0,9.0,0.0,0.0,0.0,543.0,122.625,488.75,9.0,15.0,41.25,153.5,270.0,1331.0,497.75,2.0,19.0,78.0,1.0,1.0,2.0,6.0,9.0,1.0,0.0,0.0,8.0,8.0,0.1,0.09523809523809523,0.0032,0.0032,0.025,0.11363636363636363,0.8863636363636364,0.225,1.0,1.0,0.19166666666666668,0.23684210526315785,0.0
20260629_225103_bc53ce62,20260629_225103_bc53ce62_g0028,28,398850545,1,16,16,16,1,1,RED,champ_v3,0,1.0,[1],1,96,1,"{""1"": 96, ""2"": 81, ""3"": 72, ""4"": 91}",False,16.0,-23.0,0.0,3.0,0.0,0.0,688.0,174.5,668.375,15.0,25.0,68.25,244.5,315.625,1579.0,684.375,4.0,17.0,68.0,1.0,1.0,2.0,6.0,7.0,1.0,0.0,0.0,16.0,16.0,0.2,0.19047619047619047,0.0064,0.0064,0.05,0.22727272727272727,0.7727272727272727,0.4,1.0,1.0,0.325,0.49473684210526314,0.0
20260629_225103_bc53ce62,20260629_225103_bc53ce62_g0028,28,398850545,1,16,16,16,1,2,BLUE,pool_heuristic,1,1.0,[1],0,81,3,"{""1"": 96, ""2"": 81, ""3"": 72, ""4"": 91}",False,12.0,-31.0,3.0,1.0,0.0,0.0,380.0,104.375,387.125,12.0,16.0,41.25,141.0,176.875,1887.0,399.125,4.0,17.0,68.0,1.0,1.0,2.0,6.0,7.0,1.0,1.0,1.0,16.0,16.0,0.2,0.19047619047619047,0.0064,0.0064,0.05,0.22727272727272727,0.7727272727272727,0.3,1.0,1.0,0.35833333333333334,0.4447368421052631,0.0
20260629_225103_bc53ce62,20260629_225103_bc53ce62_g0028,28,398850545,1,16,16,16,1,3,YELLOW,pool_l45_100ms,2,1.0,[1],0,72,4,"{""1"": 96, ""2"": 81, ""3"": 72, ""4"": 91}",False,11.0,-33.0,5.0,0.0,0.0,0.0,407.0,98.875,369.5,11.0,15.0,36.0,137.5,170.0,1860.0,380.5,4.0,17.0,68.0,1.0,1.0,2.0,6.0,7.0,1.0,0.0,0.0,16.0,16.0,0.2,0.19047619047619047,0.0064,0.0064,0.05,0.22727272727272727,0.7727272727272727,0.275,1.0,1.0,0.36666666666666664,0.3526315789473684,0.0
20260629_225103_bc53ce62,20260629_225103_bc53ce62_g0028,28,398850545,1,16,16,16,1,4,GREEN,pool_peer_500ms,3,1.0,[1],0,91,2,"{""1"": 96, ""2"": 81, ""3"": 72, ""4"": 91}",False,16.0,-23.0,0.0,2.0,0.0,0.0,792.0,198.375,765.875,16.0,27.0,76.5,282.0,364.375,1475.0,781.875,4.0,17.0,68.0,1.0,1.0,2.0,6.0,7.0,1.0,0.0,0.0,16.0,16.0,0.2,0.19047619047619047,0.0064,0.0064,0.05,0.22727272727272727,0.7727272727272727,0.4,1.0,1.0,0.325,0.49473684210526314,0.0
20260629_225103_bc53ce62,20260629_225103_bc53ce62_g0028,28,398850545,2,24,24,24,1,1,RED,champ_v3,0,1.0,[1],1,96,1,"{""1"": 96, ""2"": 81, ""3"": 72, ""4"": 91}",False,20.0,-28.0,0.0,10.0,2.0,0.005,464.0,127.625,458.875,17.0,23.0,57.0,155.0,206.875,995.0,478.875,6.0,15.0,59.0,1.0,1.0,2.0,5.0,6.0,1.0,0.0,0.0,24.0,24.0,0.2975,0.2857142857142857,0.0096,0.0096,0.0725,0.32954545454545453,0.6704545454545454,0.5,1.0,1.0,0.4,0.5662431941923776,0.0
20260629_225103_bc53ce62,20260629_225103_bc53ce62_g0028,28,398850545,2,24,24,24,1,2,BLUE,pool_heuristic,1,1.0,[1],0,81,3,"{""1"": 96, ""2"": 81, ""3"": 72, ""4"": 91}",False,18.0,-32.0,2.0,8.0,2.0,0.005,383.0,107.125,369.0,16.0,22.0,47.25,152.5,131.25,1076.0,387.0,6.0,15.0,58.0,1.0,1.0,2.0,6.0,5.0,1.0,1.0,0.0,24.0,24.0,0.2975,0.2857142857142857,0.0096,0.0096,0.075,0.3409090909090909,0.6590909090909091,0.45,1.0,1.0,0.4166666666666667,0.5263157894736843,0.0
20260629_225103_bc53ce62,20260629_225103_bc53ce62_g0028,28,398850545,2,24,24,24,1,3,YELLOW,pool_l45_100ms,2,1.0,[1],0,72,4,"{""1"": 96, ""2"": 81, ""3"": 72, ""4"": 91}",False,12.0,-44.0,5.0,4.0,2.0,0.005,184.0,49.625,164.0,10.0,10.0,19.5,64.5,60.0,1275.0,176.0,6.0,15.0,58.0,1.0,1.0,2.0,6.0,5.0,0.0,0.0,0.0,24.0,24.0,0.2975,0.2857142857142857,0.0096,0.0096,0.075,0.3409090909090909,0.6590909090909091,0.3,1.0,1.0,0.4666666666666667,0.39473684210526316,0.0
20260629_225103_bc53ce62,20260629_225103_bc53ce62_g0028,28,398850545,2,24,24,24,1,4,GREEN,pool_peer_500ms,3,1.0,[1],0,91,2,"{""1"": 96, ""2"": 81, ""3"": 72, ""4"": 91}",False,18.0,-32.0,0.0,10.0,2.0,0.005,428.0,119.625,417.5,17.0,21.0,53.25,182.5,143.75,1031.0,435.5,6.0,15.0,58.0,1.0,1.0,2.0,6.0,5.0,0.0,0.0,0.0,24.0,24.0,0.2975,0.2857142857142857,0.0096,0.0096,0.075,0.3409090909090909,0.6590909090909091,0.45,1.0,1.0,0.4166666666666667,0.5719298245614035,0.0
20260629_225103_bc53ce62,20260629_225103_bc53ce62_g0028,28,398850545,3,32,32,32,1,1,RED,champ_v3,0,1.0,[1],1,96,1,"{""1"": 96, ""2"": 81, ""3"": 72, ""4"": 91}",False,22.0,-38.0,0.0,19.0,5.0,0.0125,219.0,74.375,240.625,16.0,20.0,19.5,97.0,88.125,599.0,262.625,8.0,13.0,51.0,1.0,1.0,1.0,5.0,5.0,1.0,0.0,0.0,32.0,32.0,0.39,0.38095238095238093,0.0128,0.0128,0.0925,0.42045454545454547,0.5795454545454546,0.55,1.0,1.0,0.5,0.6130867709815078,0.0
20260629_225103_bc53ce62,20260629_225103_bc53ce62_g0028,28,398850545,3,32,32,32,1,2,BLUE,pool_heuristic,1,1.0,[1],0,81,3,"{""1"": 96, ""2"": 81, ""3"": 72, ""4"": 91}",False,23.0,-36.0,2.0,13.0,5.0,0.0125,196.0,69.625,200.5,18.0,20.0,33.75,92.5,36.25,622.0,223.5,8.0,13.0,48.0,1.0,1.0,2.0,6.0,3.0,1.0,1.0,0.0,32.0,32.0,0.39,0.38095238095238093,0.0128,0.0128,0.1,0.45454545454545453,0.5454545454545454,0.575,1.0,1.0,0.4916666666666667,0.5263157894736843,0.0
20260629_225103_bc53ce62,20260629_225103_bc53ce62_g0028,28,398850545,3,32,32,32,1,3,YELLOW,pool_l45_100ms,2,1.0,[1],0,72,4,"{""1"": 96, ""2"": 81, ""3"": 72, ""4"": 91}",False,15.0,-52.0,4.0,10.0,5.0,0.0125,124.0,43.375,122.0,13.0,11.0,19.5,53.5,25.0,694.0,137.0,8.0,13.0,48.0,1.0,1.0,2.0,6.0,3.0,0.0,0.0,0.0,32.0,32.0,0.39,0.38095238095238093,0.0128,0.0128,0.1,0.45454545454545453,0.5454545454545454,0.375,1.0,1.0,0.5583333333333333,0.45789473684210524,0.0
20260629_225103_bc53ce62,20260629_225103_bc53ce62_g0028,28,398850545,3,32,32,32,1,4,GREEN,pool_peer_500ms,3,1.0,[1],0,91,2,"{""1"": 96, ""2"": 81, ""3"": 72, ""4"": 91}",False,22.0,-38.0,0.0,16.0,5.0,0.0125,279.0,84.75,267.0,18.0,19.0,42.75,111.0,76.25,539.0,289.0,8.0,13.0,49.0,1.0,1.0,2.0,5.0,4.0,0.0,0.0,0.0,32.0,32.0,0.39,0.38095238095238093,0.0128,0.0128,0.0975,0.4431818181818182,0.5568181818181818,0.55,1.0,1.0,0.5,0.5560053981106612,0.0
20260629_225103_bc53ce62,20260629_225103_bc53ce62_g0028,28,398850545,4,40,40,40,1,1,RED,champ_v3,0,1.0,[1],1,96,1,"{""1"": 96, ""2"": 81, ""3"": 72, ""4"": 91}",False,25.0,-37.0,0.0,32.0,15.0,0.0375,66.0,32.875,79.0,14.0,11.0,7.5,31.5,15.0,257.0,104.0,10.0,11.0,41.0,1.0,1.0,1.0,5.0,3.0,1.0,0.0,0.0,40.0,40.0,0.4875,0.47619047619047616,0.016,0.016,0.1175,0.5340909090909091,0.4659090909090909,0.625,1.0,1.0,0.5166666666666667,0.620380739081747,0.0
20260629_225103_bc53ce62,20260629_225103_bc53ce62_g0028,28,398850545,4,40,40,40,1,2,BLUE,pool_heuristic,1,1.0,[1],0,81,3,"{""1"": 96, ""2"": 81, ""3"": 72, ""4"": 91}",False,23.0,-41.0,2.0,21.0,15.0,0.0375,60.0,31.875,61.0,16.0,14.0,13.5,17.5,0.0,263.0,84.0,10.0,11.0,38.0,1.0,1.0,2.0,6.0,1.0,1.0,0.0,0.0,40.0,40.0,0.4875,0.47619047619047616,0.016,0.016,0.125,0.5681818181818182,0.4318181818181818,0.575,1.0,1.0,0.5333333333333333,0.4905263157894737,0.0
20260629_225103_bc53ce62,20260629_225103_bc53ce62_g0028,28,398850545,4,40,40,40,1,3,YELLOW,pool_l45_100ms,2,1.0,[1],0,72,4,"{""1"": 96, ""2"": 81, ""3"": 72, ""4"": 91}",False,13.0,-61.0,4.0,14.0,15.0,0.0375,22.0,13.375,21.25,9.0,4.0,3.75,4.5,0.0,301.0,34.25,10.0,11.0,38.0,1.0,1.0,2.0,6.0,1.0,0.0,0.0,0.0,40.0,40.0,0.4875,0.47619047619047616,0.016,0.016,0.125,0.5681818181818182,0.4318181818181818,0.325,0.7666666666666667,1.0,0.6166666666666667,0.44842105263157894,0.0
20260629_225103_bc53ce62,20260629_225103_bc53ce62_g0028,28,398850545,4,40,40,40,1,4,GREEN,pool_peer_500ms,3,1.0,[1],0,91,2,"{""1"": 96, ""2"": 81, ""3"": 72, ""4"": 91}",False,26.0,-35.0,0.0,24.0,15.0,0.0375,175.0,72.875,202.375,22.0,20.0,38.25,74.0,48.125,148.0,228.375,10.0,11.0,40.0,1.0,1.0,2.0,4.0,3.0,0.0,0.0,0.0,40.0,40.0,0.4875,0.47619047619047616,0.016,0.016,0.12,0.5454545454545454,0.45454545454545453,0.65,1.0,1.0,0.5083333333333333,0.5032894736842105,0.0
20260629_225103_bc53ce62,20260629_225103_bc53ce62_g0028,28,398850545,5,48,48,48,1,1,RED,champ_v3,0,1.0,[1],1,96,1,"{""1"": 96, ""2"": 81, ""3"": 72, ""4"": 91}",False,23.0,-35.0,0.0,41.0,32.0,0.08,37.0,21.5,41.0,12.0,7.0,6.0,16.0,0.0,149.0,64.0,12.0,9.0,31.0,1.0,1.0,1.0,5.0,1.0,1.0,0.0,0.0,48.0,48.0,0.565,0.5714285714285714,0.0192,0.0192,0.1425,0.6477272727272727,0.3522727272727273,0.575,1.0,1.0,0.4833333333333333,0.6038781163434903,0.0
20260629_225103_bc53ce62,20260629_225103_bc53ce62_g0028,28,398850545,5,48,48,48,1,2,BLUE,pool_heuristic,1,1.0,[1],0,81,3,"{""1"": 96, ""2"": 81, ""3"": 72, ""4"": 91}",False,22.0,-37.0,2.0,29.0,32.0,0.08,31.0,19.125,32.25,12.0,7.0,4.5,7.5,1.25,155.0,54.25,12.0,9.0,31.0,1.0,1.0,1.0,5.0,1.0,1.0,0.0,0.0,48.0,48.0,0.565,0.5714285714285714,0.0192,0.0192,0.1425,0.6477272727272727,0.3522727272727273,0.55,1.0,1.0,0.4916666666666667,0.48199445983379496,0.0
20260629_225103_bc53ce62,20260629_225103_bc53ce62_g0028,28,398850545,5,48,48,48,1,3,YELLOW,pool_l45_100ms,2,1.0,[1],0,72,4,"{""1"": 96, ""2"": 81, ""3"": 72, ""4"": 91}",False,9.0,-63.0,4.0,20.0,32.0,0.08,19.0,5.5,18.875,0.0,2.0,4.5,10.5,1.875,167.0,27.875,12.0,9.0,33.0,0.0,1.0,2.0,5.0,1.0,0.0,0.0,0.0,48.0,48.0,0.565,0.5714285714285714,0.0192,0.0192,0.1375,0.625,0.375,0.225,0.5,1.0,0.6,0.43540669856459335,0.0
20260629_225103_bc53ce62,20260629_225103_bc53ce62_g0028,28,398850545,5,48,48,48,1,4,GREEN,pool_peer_500ms,3,1.0,[1],0,91,2,"{""1"": 96, ""2"": 81, ""3"": 72, ""4"": 91}",False,27.0,-27.0,0.0,35.0,32.0,0.08,99.0,51.5,115.75,22.0,18.0,27.75,33.0,15.0,87.0,142.75,12.0,9.0,31.0,1.0,1.0,2.0,3.0,2.0,0.0,0.0,0.0,48.0,48.0,0.565,0.5714285714285714,0.0192,0.0192,0.1425,0.6477272727272727,0.3522727272727273,0.675,1.0,1.0,0.45,0.4967682363804248,0.0
20260629_225103_bc53ce62,20260629_225103_bc53ce62_g0028,28,398850545,6,56,56,56,1,1,RED,champ_v3,0,1.0,[1],1,96,1,"{""1"": 96, ""2"": 81, ""3"": 72, ""4"": 91}",False,24.0,-40.0,0.0,45.0,26.0,0.065,27.0,18.125,27.5,12.0,8.0,3.0,4.5,0.0,62.0,51.5,14.0,7.0,23.0,1.0,1.0,1.0,3.0,1.0,1.0,0.0,0.0,56.0,56.0,0.645,0.6666666666666666,0.0224,0.0224,0.1625,0.7386363636363636,0.26136363636363635,0.6,0.95,1.0,0.5333333333333333,0.5748987854251013,0.0
20260629_225103_bc53ce62,20260629_225103_bc53ce62_g0028,28,398850545,6,56,56,56,1,2,BLUE,pool_heuristic,1,1.0,[1],0,81,3,"{""1"": 96, ""2"": 81, ""3"": 72, ""4"": 91}",False,25.0,-38.0,2.0,41.0,26.0,0.065,29.0,21.75,31.75,15.0,9.0,4.5,2.0,1.25,60.0,56.75,14.0,7.0,23.0,1.0,1.0,1.0,3.0,1.0,1.0,0.0,0.0,56.0,56.0,0.645,0.6666666666666666,0.0224,0.0224,0.1625,0.7386363636363636,0.26136363636363635,0.625,0.9833333333333333,1.0,0.525,0.47044534412955463,0.0
20260629_225103_bc53ce62,20260629_225103_bc53ce62_g0028,28,398850545,6,56,56,56,1,3,YELLOW,pool_l45_100ms,2,1.0,[1],0,72,4,"{""1"": 96, ""2"": 81, ""3"": 72, ""4"": 91}",False,11.0,-66.0,4.0,37.0,26.0,0.065,2.0,0.75,1.75,0.0,1.0,0.75,0.0,0.0,87.0,12.75,14.0,7.0,24.0,0.0,1.0,2.0,4.0,0.0,0.0,0.0,0.0,56.0,56.0,0.645,0.6666666666666666,0.0224,0.0224,0.16,0.7272727272727273,0.2727272727272727,0.275,0.4,0.8,0.6416666666666667,0.4078947368421053,0.0
20260629_225103_bc53ce62,20260629_225103_bc53ce62_g0028,28,398850545,6,56,56,56,1,4,GREEN,pool_peer_500ms,3,1.0,[1],0,91,2,"{""1"": 96, ""2"": 81, ""3"": 72, ""4"": 91}",False,28.0,-32.0,0.0,47.0,26.0,0.065,31.0,25.0,31.5,19.0,11.0,1.5,0.0,0.0,58.0,59.5,14.0,7.0,24.0,1.0,1.0,1.0,2.0,2.0,0.0,0.0,0.0,56.0,56.0,0.645,0.6666666666666666,0.0224,0.0224,0.16,0.7272727272727273,0.2727272727272727,0.7,0.8166666666666667,1.0,0.5,0.5,0.0
20260629_225103_bc53ce62,20260629_225103_bc53ce62_g0028,28,398850545,7,64,64,65,2,1,RED,champ_v3,0,1.0,[1],1,96,1,"{""1"": 96, ""2"": 81, ""3"": 72, ""4"": 91}",False,21.0,-38.0,0.0,60.0,37.0,0.0925,17.0,14.0,17.0,11.0,6.0,0.0,0.0,0.0,21.0,38.0,17.0,4.0,12.0,1.0,1.0,0.0,1.0,1.0,1.0,0.0,0.0,64.0,65.0,0.7125,0.8095238095238095,0.026,0.0256,0.19,0.8636363636363636,0.13636363636363635,0.525,0.6333333333333333,1.0,0.4916666666666667,0.5526315789473684,0.0
20260629_225103_bc53ce62,20260629_225103_bc53ce62_g0028,28,398850545,7,64,64,65,2,2,BLUE,pool_heuristic,1,1.0,[1],0,81,3,"{""1"": 96, ""2"": 81, ""3"": 72, ""4"": 91}",False,21.0,-38.0,2.0,44.0,37.0,0.0925,13.0,11.0,13.0,9.0,4.0,0.0,0.0,0.0,25.0,34.0,16.0,5.0,15.0,1.0,1.0,0.0,3.0,0.0,0.0,0.0,0.0,64.0,65.0,0.7125,0.7619047619047619,0.026,0.0256,0.1825,0.8295454545454546,0.17045454545454544,0.525,0.55,0.8,0.4916666666666667,0.4397981254506128,0.0
20260629_225103_bc53ce62,20260629_225103_bc53ce62_g0028,28,398850545,7,64,64,65,2,3,YELLOW,pool_l45_100ms,2,1.0,[1],0,72,4,"{""1"": 96, ""2"": 81, ""3"": 72, ""4"": 91}",False,11.0,-58.0,4.0,42.0,37.0,0.0925,0.0,0.0,0.0,0.0,0.0,0.0,0.0,0.0,38.0,11.0,15.0,6.0,21.0,0.0,1.0,1.0,4.0,0.0,0.0,0.0,0.0,64.0,65.0,0.7125,0.7142857142857143,0.026,0.0256,0.1675,0.7613636363636364,0.23863636363636365,0.275,0.26666666666666666,0.8,0.575,0.41162608012568735,0.0
20260629_225103_bc53ce62,20260629_225103_bc53ce62_g0028,28,398850545,7,64,64,65,2,4,GREEN,pool_peer_500ms,3,1.0,[1],0,91,2,"{""1"": 96, ""2"": 81, ""3"": 72, ""4"": 91}",False,27.0,-26.0,0.0,59.0,37.0,0.0925,8.0,4.0,8.0,0.0,8.0,0.0,0.0,0.0,30.0,35.0,16.0,5.0,19.0,0.0,1.0,1.0,1.0,2.0,0.0,0.0,0.0,64.0,65.0,0.7125,0.7619047619047619,0.026,0.0256,0.1725,0.7840909090909091,0.2159090909090909,0.675,0.6333333333333333,1.0,0.4416666666666667,0.520976353928299,0.0
20260629_225103_bc53ce62,20260629_225103_bc53ce62_g0029,29,1999770456,0,8,8,8,1,1,RED,pool_heuristic,0,4.0,[4],0,69,3,"{""1"": 69, ""2"": 65, ""3"": 100, ""4"": 105}",False,8.0,-15.0,9.0,0.0,3.0,0.0075,425.0,111.125,444.875,8.0,13.0,36.75,139.0,248.125,1413.0,452.875,2.0,19.0,78.0,1.0,1.0,2.0,6.0,9.0,1.0,1.0,1.0,8.0,8.0,0.1,0.09523809523809523,0.0032,0.0032,0.025,0.11363636363636363,0.8863636363636364,0.2,1.0,1.0,0.19166666666666668,0.2421052631578947,0.0
20260629_225103_bc53ce62,20260629_225103_bc53ce62_g0029,29,1999770456,0,8,8,8,1,2,BLUE,pool_l45_100ms,1,4.0,[4],0,65,4,"{""1"": 69, ""2"": 65, ""3"": 100, ""4"": 105}",False,5.0,-21.0,9.0,0.0,3.0,0.0075,327.0,76.25,309.5,5.0,8.0,24.0,95.0,177.5,1511.0,314.5,2.0,19.0,78.0,1.0,1.0,2.0,6.0,9.0,1.0,1.0,0.0,8.0,8.0,0.1,0.09523809523809523,0.0032,0.0032,0.025,0.11363636363636363,0.8863636363636364,0.125,1.0,1.0,0.21666666666666665,0.15263157894736834,0.0
20260629_225103_bc53ce62,20260629_225103_bc53ce62_g0029,29,1999770456,0,8,8,8,1,3,YELLOW,pool_peer_500ms,2,4.0,[4],0,100,2,"{""1"": 69, ""2"": 65, ""3"": 100, ""4"": 105}",False,9.0,-13.0,9.0,0.0,3.0,0.0075,543.0,122.625,488.75,9.0,15.0,41.25,153.5,270.0,1295.0,497.75,2.0,19.0,78.0,1.0,1.0,2.0,6.0,9.0,1.0,0.0,0.0,8.0,8.0,0.1,0.09523809523809523,0.0032,0.0032,0.025,0.11363636363636363,0.8863636363636364,0.225,1.0,1.0,0.18333333333333332,0.23684210526315785,0.0
20260629_225103_bc53ce62,20260629_225103_bc53ce62_g0029,29,1999770456,0,8,8,8,1,4,GREEN,champ_v3,3,4.0,[4],1,105,1,"{""1"": 69, ""2"": 65, ""3"": 100, ""4"": 105}",False,9.0,-13.0,9.0,0.0,3.0,0.0075,543.0,122.625,488.75,9.0,15.0,41.25,153.5,270.0,1295.0,497.75,2.0,19.0,78.0,1.0,1.0,2.0,6.0,9.0,1.0,0.0,0.0,8.0,8.0,0.1,0.09523809523809523,0.0032,0.0032,0.025,0.11363636363636363,0.8863636363636364,0.225,1.0,1.0,0.18333333333333332,0.23684210526315785,0.0
20260629_225103_bc53ce62,20260629_225103_bc53ce62_g0029,29,1999770456,1,16,16,16,1,1,RED,pool_heuristic,0,4.0,[4],0,69,3,"{""1"": 69, ""2"": 65, ""3"": 100, ""4"": 105}",False,11.0,-29.0,4.0,0.0,4.0,0.01,484.0,126.0,483.875,11.0,18.0,46.5,176.5,231.875,1979.0,494.875,4.0,17.0,68.0,1.0,1.0,2.0,6.0,7.0,1.0,1.0,1.0,16.0,16.0,0.2,0.19047619047619047,0.0064,0.0064,0.05,0.22727272727272727,0.7727272727272727,0.275,1.0,1.0,0.33333333333333337,0.4342105263157895,0.0
20260629_225103_bc53ce62,20260629_225103_bc53ce62_g0029,29,1999770456,1,16,16,16,1,2,BLUE,pool_l45_100ms,1,4.0,[4],0,65,4,"{""1"": 69, ""2"": 65, ""3"": 100, ""4"": 105}",False,9.0,-33.0,6.0,0.0,4.0,0.01,528.0,122.375,477.5,9.0,16.0,45.0,177.5,230.0,1935.0,486.5,4.0,17.0,68.0,1.0,1.0,2.0,6.0,7.0,1.0,0.0,0.0,16.0,16.0,0.2,0.19047619047619047,0.0064,0.0064,0.05,0.22727272727272727,0.7727272727272727,0.225,1.0,1.0,0.35,0.3263157894736842,0.0
20260629_225103_bc53ce62,20260629_225103_bc53ce62_g0029,29,1999770456,1,16,16,16,1,3,YELLOW,pool_peer_500ms,2,4.0,[4],0,100,2,"{""1"": 69, ""2"": 65, ""3"": 100, ""4"": 105}",False,16.0,-19.0,0.0,3.0,4.0,0.01,813.0,202.125,787.375,15.0,27.0,76.5,287.0,381.875,1650.0,803.375,4.0,17.0,68.0,1.0,1.0,2.0,6.0,7.0,1.0,0.0,0.0,16.0,16.0,0.2,0.19047619047619047,0.0064,0.0064,0.05,0.22727272727272727,0.7727272727272727,0.4,1.0,1.0,0.29166666666666663,0.49473684210526314,0.0
20260629_225103_bc53ce62,20260629_225103_bc53ce62_g0029,29,1999770456,1,16,16,16,1,4,GREEN,champ_v3,3,4.0,[4],1,105,1,"{""1"": 69, ""2"": 65, ""3"": 100, ""4"": 105}",False,15.0,-21.0,1.0,3.0,4.0,0.01,638.0,163.375,617.0,15.0,26.0,64.5,231.5,280.0,1825.0,632.0,4.0,17.0,68.0,1.0,1.0,2.0,6.0,7.0,1.0,0.0,0.0,16.0,16.0,0.2,0.19047619047619047,0.0064,0.0064,0.05,0.22727272727272727,0.7727272727272727,0.375,1.0,1.0,0.3,0.4894736842105264,0.0
20260629_225103_bc53ce62,20260629_225103_bc53ce62_g0029,29,1999770456,2,24,24,24,1,1,RED,pool_heuristic,0,4.0,[4],0,69,3,"{""1"": 69, ""2"": 65, ""3"": 100, ""4"": 105}",False,16.0,-36.0,4.0,5.0,6.0,0.015,333.0,102.125,358.125,14.0,21.0,43.5,144.0,135.625,1109.0,374.125,6.0,15.0,58.0,1.0,1.0,2.0,6.0,5.0,1.0,1.0,1.0,24.0,24.0,0.3,0.2857142857142857,0.0096,0.0096,0.075,0.3409090909090909,0.6590909090909091,0.4,1.0,1.0,0.4333333333333333,0.4842105263157894,0.0
20260629_225103_bc53ce62,20260629_225103_bc53ce62_g0029,29,1999770456,2,24,24,24,1,2,BLUE,pool_l45_100ms,1,4.0,[4],0,65,4,"{""1"": 69, ""2"": 65, ""3"": 100, ""4"": 105}",False,12.0,-44.0,6.0,1.0,6.0,0.015,148.0,48.0,141.625,12.0,13.0,24.0,59.5,33.125,1294.0,153.625,6.0,15.0,58.0,1.0,1.0,2.0,6.0,5.0,0.0,0.0,0.0,24.0,24.0,0.3,0.2857142857142857,0.0096,0.0096,0.075,0.3409090909090909,0.6590909090909091,0.3,1.0,1.0,0.4666666666666667,0.38596491228070173,0.0
20260629_225103_bc53ce62,20260629_225103_bc53ce62_g0029,29,1999770456,2,24,24,24,1,3,YELLOW,pool_peer_500ms,2,4.0,[4],0,100,2,"{""1"": 69, ""2"": 65, ""3"": 100, ""4"": 105}",False,20.0,-28.0,0.0,15.0,6.0,0.015,473.0,132.25,470.0,17.0,24.0,57.0,197.0,175.0,969.0,490.0,6.0,15.0,58.0,1.0,1.0,2.0,6.0,5.0,1.0,0.0,0.0,24.0,24.0,0.3,0.2857142857142857,0.0096,0.0096,0.075,0.3409090909090909,0.6590909090909091,0.5,1.0,1.0,0.4,0.6017543859649124,0.0
20260629_225103_bc53ce62,20260629_225103_bc53ce62_g0029,29,1999770456,2,24,24,24,1,4,GREEN,champ_v3,3,4.0,[4],1,105,1,"{""1"": 69, ""2"": 65, ""3"": 100, ""4"": 105}",False,20.0,-28.0,0.0,10.0,6.0,0.015,488.0,138.625,480.875,19.0,28.0,63.0,209.0,161.875,954.0,500.875,6.0,15.0,58.0,1.0,1.0,2.0,6.0,5.0,0.0,0.0,0.0,24.0,24.0,0.3,0.2857142857142857,0.0096,0.0096,0.075,0.3409090909090909,0.6590909090909091,0.5,1.0,1.0,0.4,0.5947368421052632,0.0
20260629_225103_bc53ce62,20260629_225103_bc53ce62_g0029,29,1999770456,3,32,32,32,1,1,RED,pool_heuristic,0,4.0,[4],0,69,3,"{""1"": 69, ""2"": 65, ""3"": 100, ""4"": 105}",False,19.0,-40.0,4.0,5.0,18.0,0.045,122.0,49.625,124.75,17.0,18.0,24.75,47.5,17.5,614.0,143.75,8.0,13.0,48.0,1.0,1.0,2.0,6.0,3.0,1.0,0.0,1.0,32.0,32.0,0.4,0.38095238095238093,0.0128,0.0128,0.1,0.45454545454545453,0.5454545454545454,0.475,1.0,1.0,0.4916666666666667,0.46578947368421053,0.0
20260629_225103_bc53ce62,20260629_225103_bc53ce62_g0029,29,1999770456,3,32,32,32,1,2,BLUE,pool_l45_100ms,1,4.0,[4],0,65,4,"{""1"": 69, ""2"": 65, ""3"": 100, ""4"": 105}",False,11.0,-56.0,6.0,1.0,18.0,0.045,63.0,27.25,66.5,10.0,9.0,14.25,27.0,6.25,673.0,77.5,8.0,13.0,48.0,1.0,1.0,2.0,6.0,3.0,0.0,0.0,0.0,32.0,32.0,0.4,0.38095238095238093,0.0128,0.0128,0.1,0.45454545454545453,0.5454545454545454,0.275,1.0,1.0,0.5583333333333333,0.3828947368421053,0.0
20260629_225103_bc53ce62,20260629_225103_bc53ce62_g0029,29,1999770456,3,32,32,32,1,3,YELLOW,pool_peer_500ms,2,4.0,[4],0,100,2,"{""1"": 69, ""2"": 65, ""3"": 100, ""4"": 105}",False,21.0,-36.0,0.0,25.0,18.0,0.045,224.0,73.25,220.125,17.0,18.0,36.0,108.5,40.625,512.0,241.125,8.0,13.0,48.0,1.0,1.0,2.0,6.0,3.0,0.0,0.0,0.0,32.0,32.0,0.4,0.38095238095238093,0.0128,0.0128,0.1,0.45454545454545453,0.5454545454545454,0.525,1.0,1.0,0.475,0.625,0.0
20260629_225103_bc53ce62,20260629_225103_bc53ce62_g0029,29,1999770456,3,32,32,32,1,4,GREEN,champ_v3,3,4.0,[4],1,105,1,"{""1"": 69, ""2"": 65, ""3"": 100, ""4"": 105}",False,27.0,-24.0,0.0,17.0,18.0,0.045,327.0,110.75,335.375,24.0,30.0,56.25,159.5,65.625,409.0,362.375,8.0,13.0,48.0,1.0,1.0,2.0,6.0,3.0,0.0,0.0,0.0,32.0,32.0,0.4,0.38095238095238093,0.0128,0.0128,0.1,0.45454545454545453,0.5454545454545454,0.675,1.0,1.0,0.425,0.5894736842105264,0.0
20260629_225103_bc53ce62,20260629_225103_bc53ce62_g0029,29,1999770456,4,40,40,40,1,1,RED,pool_heuristic,0,4.0,[4],0,69,3,"{""1"": 69, ""2"": 65, ""3"": 100, ""4"": 105}",False,18.0,-40.0,4.0,10.0,38.0,0.095,46.0,24.5,44.0,14.0,9.0,9.75,10.0,1.25,293.0,62.0,10.0,11.0,38.0,1.0,1.0,2.0,6.0,1.0,1.0,0.0,0.0,40.0,40.0,0.495,0.47619047619047616,0.016,0.016,0.125,0.5681818181818182,0.4318181818181818,0.45,1.0,1.0,0.4833333333333333,0.44842105263157894,0.0
20260629_225103_bc53ce62,20260629_225103_bc53ce62_g0029,29,1999770456,4,40,40,40,1,2,BLUE,pool_l45_100ms,1,4.0,[4],0,65,4,"{""1"": 69, ""2"": 65, ""3"": 100, ""4"": 105}",False,9.0,-58.0,6.0,6.0,38.0,0.095,16.0,11.0,18.0,7.0,4.0,3.0,4.0,0.0,323.0,27.0,10.0,11.0,38.0,1.0,1.0,2.0,6.0,1.0,0.0,0.0,0.0,40.0,40.0,0.495,0.47619047619047616,0.016,0.016,0.125,0.5681818181818182,0.4318181818181818,0.225,0.5333333333333333,1.0,0.5583333333333333,0.38526315789473686,0.0
20260629_225103_bc53ce62,20260629_225103_bc53ce62_g0029,29,1999770456,4,40,40,40,1,3,YELLOW,pool_peer_500ms,2,4.0,[4],0,100,2,"{""1"": 69, ""2"": 65, ""3"": 100, ""4"": 105}",False,21.0,-34.0,0.0,32.0,38.0,0.095,122.0,50.25,136.25,15.0,14.0,26.25,66.0,15.0,217.0,157.25,10.0,11.0,39.0,1.0,1.0,2.0,5.0,2.0,0.0,0.0,0.0,40.0,40.0,0.495,0.47619047619047616,0.016,0.016,0.1225,0.5568181818181818,0.4431818181818182,0.525,1.0,1.0,0.4583333333333333,0.6294307196562836,0.0
20260629_225103_bc53ce62,20260629_225103_bc53ce62_g0029,29,1999770456,4,40,40,40,1,4,GREEN,champ_v3,3,4.0,[4],1,105,1,"{""1"": 69, ""2"": 65, ""3"": 100, ""4"": 105}",False,28.0,-20.0,0.0,31.0,38.0,0.095,155.0,60.75,153.375,21.0,20.0,31.5,61.5,19.375,184.0,181.375,10.0,11.0,39.0,1.0,1.0,2.0,5.0,2.0,0.0,0.0,0.0,40.0,40.0,0.495,0.47619047619047616,0.016,0.016,0.1225,0.5568181818181818,0.4431818181818182,0.7,1.0,1.0,0.4,0.6208378088077336,0.0
20260629_225103_bc53ce62,20260629_225103_bc53ce62_g0029,29,1999770456,5,48,48,48,1,1,RED,pool_heuristic,0,4.0,[4],0,69,3,"{""1"": 69, ""2"": 65, ""3"": 100, ""4"": 105}",False,17.0,-44.0,3.0,23.0,41.0,0.1025,30.0,19.25,29.5,13.0,6.0,7.5,3.0,0.0,151.0,46.5,12.0,9.0,29.0,1.0,1.0,2.0,5.0,0.0,0.0,0.0,0.0,48.0,48.0,0.58,0.5714285714285714,0.0192,0.0192,0.1475,0.6704545454545454,0.32954545454545453,0.425,0.8666666666666667,0.8,0.5083333333333333,0.4843889384478144,0.0
20260629_225103_bc53ce62,20260629_225103_bc53ce62_g0029,29,1999770456,5,48,48,48,1,2,BLUE,pool_l45_100ms,1,4.0,[4],0,65,4,"{""1"": 69, ""2"": 65, ""3"": 100, ""4"": 105}",False,7.0,-64.0,6.0,17.0,41.0,0.1025,5.0,4.5,5.0,4.0,1.0,0.0,0.0,0.0,176.0,12.0,12.0,9.0,31.0,1.0,1.0,1.0,5.0,1.0,0.0,0.0,0.0,48.0,48.0,0.58,0.5714285714285714,0.0192,0.0192,0.1425,0.6477272727272727,0.3522727272727273,0.175,0.23333333333333334,1.0,0.5916666666666667,0.40997229916897504,0.0
20260629_225103_bc53ce62,20260629_225103_bc53ce62_g0029,29,1999770456,5,48,48,48,1,3,YELLOW,pool_peer_500ms,2,4.0,[4],0,100,2,"{""1"": 69, ""2"": 65, ""3"": 100, ""4"": 105}",False,25.0,-28.0,0.0,41.0,41.0,0.1025,66.0,35.0,80.0,15.0,11.0,18.75,24.0,11.25,115.0,105.0,12.0,9.0,31.0,1.0,1.0,2.0,3.0,2.0,0.0,0.0,0.0,48.0,48.0,0.58,0.5714285714285714,0.0192,0.0192,0.1425,0.6477272727272727,0.3522727272727273,0.625,0.9333333333333333,1.0,0.4416666666666667,0.5964912280701754,0.0
20260629_225103_bc53ce62,20260629_225103_bc53ce62_g0029,29,1999770456,5,48,48,48,1,4,GREEN,champ_v3,3,4.0,[4],1,105,1,"{""1"": 69, ""2"": 65, ""3"": 100, ""4"": 105}",False,29.0,-20.0,0.0,45.0,41.0,0.1025,80.0,36.875,79.5,17.0,12.0,15.0,35.5,0.0,101.0,108.5,12.0,9.0,29.0,1.0,1.0,2.0,5.0,0.0,0.0,0.0,0.0,48.0,48.0,0.58,0.5714285714285714,0.0192,0.0192,0.1475,0.6704545454545454,0.32954545454545453,0.725,1.0,0.8,0.4083333333333333,0.5753791257805532,0.0
20260629_225103_bc53ce62,20260629_225103_bc53ce62_g0029,29,1999770456,6,56,56,56,1,1,RED,pool_heuristic,0,4.0,[4],0,69,3,"{""1"": 69, ""2"": 65, ""3"": 100, ""4"": 105}",False,13.0,-43.0,3.0,24.0,46.0,0.115,0.0,0.0,0.0,0.0,0.0,0.0,0.0,0.0,91.0,13.0,14.0,7.0,24.0,0.0,1.0,2.0,4.0,0.0,0.0,0.0,0.0,56.0,56.0,0.64,0.6666666666666666,0.0224,0.0224,0.16,0.7272727272727273,0.2727272727272727,0.325,0.65,0.8,0.4666666666666667,0.462171052631579,0.0
20260629_225103_bc53ce62,20260629_225103_bc53ce62_g0029,29,1999770456,6,56,56,56,1,2,BLUE,pool_l45_100ms,1,4.0,[4],0,65,4,"{""1"": 69, ""2"": 65, ""3"": 100, ""4"": 105}",False,4.0,-61.0,6.0,24.0,46.0,0.115,0.0,0.0,0.0,0.0,0.0,0.0,0.0,0.0,91.0,4.0,14.0,7.0,28.0,0.0,0.0,1.0,5.0,1.0,0.0,0.0,0.0,56.0,56.0,0.64,0.6666666666666666,0.0224,0.0224,0.15,0.6818181818181818,0.3181818181818182,0.1,0.13333333333333333,1.0,0.5416666666666667,0.40087719298245617,0.0
20260629_225103_bc53ce62,20260629_225103_bc53ce62_g0029,29,1999770456,6,56,56,56,1,3,YELLOW,pool_peer_500ms,2,4.0,[4],0,100,2,"{""1"": 69, ""2"": 65, ""3"": 100, ""4"": 105}",False,24.0,-21.0,0.0,48.0,46.0,0.115,34.0,20.75,38.75,12.0,7.0,5.25,12.0,2.5,57.0,62.75,14.0,7.0,23.0,1.0,1.0,1.0,3.0,1.0,0.0,0.0,0.0,56.0,56.0,0.64,0.6666666666666666,0.0224,0.0224,0.1625,0.7386363636363636,0.26136363636363635,0.6,0.7666666666666667,1.0,0.375,0.5789473684210527,0.0
20260629_225103_bc53ce62,20260629_225103_bc53ce62_g0029,29,1999770456,6,56,56,56,1,4,GREEN,champ_v3,3,4.0,[4],1,105,1,"{""1"": 69, ""2"": 65, ""3"": 100, ""4"": 105}",False,28.0,-13.0,0.0,52.0,46.0,0.115,57.0,33.25,64.0,17.0,13.0,15.0,19.0,0.0,34.0,92.0,14.0,7.0,21.0,1.0,1.0,2.0,3.0,0.0,0.0,0.0,0.0,56.0,56.0,0.64,0.6666666666666666,0.0224,0.0224,0.1675,0.7613636363636364,0.23863636363636365,0.7,1.0,0.8,0.3416666666666667,0.565593087195601,0.0
20260629_225103_bc53ce62,20260629_225103_bc53ce62_g0029,29,1999770456,7,64,64,72,1,1,RED,pool_heuristic,0,4.0,[4],0,69,3,"{""1"": 69, ""2"": 65, ""3"": 100, ""4"": 105}",False,13.0,-38.0,3.0,36.0,56.0,0.14,0.0,0.0,0.0,0.0,0.0,0.0,0.0,0.0,10.0,13.0,14.0,7.0,24.0,0.0,1.0,2.0,4.0,0.0,0.0,0.0,0.0,64.0,72.0,0.7,0.6666666666666666,0.0288,0.0256,0.16,0.7272727272727273,0.2727272727272727,0.325,0.55,0.8,0.425,0.462171052631579,0.0
20260629_225103_bc53ce62,20260629_225103_bc53ce62_g0029,29,1999770456,7,64,64,72,1,2,BLUE,pool_l45_100ms,1,4.0,[4],0,65,4,"{""1"": 69, ""2"": 65, ""3"": 100, ""4"": 105}",False,4.0,-56.0,6.0,24.0,56.0,0.14,0.0,0.0,0.0,0.0,0.0,0.0,0.0,0.0,10.0,4.0,14.0,7.0,28.0,0.0,0.0,1.0,5.0,1.0,0.0,0.0,0.0,64.0,72.0,0.7,0.6666666666666666,0.0288,0.0256,0.15,0.6818181818181818,0.3181818181818182,0.1,0.13333333333333333,1.0,0.5,0.40087719298245617,0.0
20260629_225103_bc53ce62,20260629_225103_bc53ce62_g0029,29,1999770456,7,64,64,72,1,3,YELLOW,pool_peer_500ms,2,4.0,[4],0,100,2,"{""1"": 69, ""2"": 65, ""3"": 100, ""4"": 105}",False,19.0,-26.0,0.0,60.0,56.0,0.14,2.0,1.0,2.0,0.0,2.0,0.0,0.0,0.0,8.0,21.0,18.0,3.0,11.0,0.0,1.0,0.0,1.0,1.0,0.0,0.0,0.0,64.0,72.0,0.7,0.8571428571428571,0.0288,0.0256,0.1925,0.875,0.125,0.475,0.45,1.0,0.375,0.5598086124401914,0.0
20260629_225103_bc53ce62,20260629_225103_bc53ce62_g0029,29,1999770456,7,64,64,72,1,4,GREEN,champ_v3,3,4.0,[4],1,105,1,"{""1"": 69, ""2"": 65, ""3"": 100, ""4"": 105}",False,28.0,-8.0,0.0,66.0,56.0,0.14,8.0,3.25,7.25,0.0,5.0,2.25,0.0,0.0,2.0,35.25,18.0,3.0,9.0,0.0,1.0,1.0,1.0,0.0,0.0,0.0,0.0,64.0,72.0,0.7,0.8571428571428571,0.0288,0.0256,0.1975,0.8977272727272727,0.10227272727272728,0.7,0.8,0.8,0.3,0.5256495669553631,0.0
20260629_225103_bc53ce62,20260629_225103_bc53ce62_g0030,30,766847764,0,8,8,8,1,1,RED,pool_l45_100ms,0,2.0,[2],0,81,4,"{""1"": 81, ""2"": 95, ""3"": 94, ""4"": 86}",False,6.0,-18.0,9.0,0.0,1.0,0.0025,388.0,90.5,366.25,6.0,10.0,28.5,113.0,208.75,1412.0,372.25,2.0,19.0,78.0,1.0,1.0,2.0,6.0,9.0,1.0,1.0,0.0,8.0,8.0,0.1,0.09523809523809523,0.0032,0.0032,0.025,0.11363636363636363,0.8863636363636364,0.15,1.0,1.0,0.2,0.20526315789473681,0.0
20260629_225103_bc53ce62,20260629_225103_bc53ce62_g0030,30,766847764,0,8,8,8,1,2,BLUE,pool_peer_500ms,1,2.0,[2],1,95,1,"{""1"": 81, ""2"": 95, ""3"": 94, ""4"": 86}",False,9.0,-12.0,9.0,0.0,1.0,0.0025,543.0,122.625,488.75,9.0,15.0,41.25,153.5,270.0,1257.0,497.75,2.0,19.0,78.0,1.0,1.0,2.0,6.0,9.0,1.0,0.0,0.0,8.0,8.0,0.1,0.09523809523809523,0.0032,0.0032,0.025,0.11363636363636363,0.8863636363636364,0.225,1.0,1.0,0.175,0.23684210526315785,0.0
20260629_225103_bc53ce62,20260629_225103_bc53ce62_g0030,30,766847764,0,8,8,8,1,3,YELLOW,champ_v3,2,2.0,[2],0,94,2,"{""1"": 81, ""2"": 95, ""3"": 94, ""4"": 86}",False,9.0,-12.0,9.0,0.0,1.0,0.0025,543.0,122.625,488.75,9.0,15.0,41.25,153.5,270.0,1257.0,497.75,2.0,19.0,78.0,1.0,1.0,2.0,6.0,9.0,1.0,0.0,0.0,8.0,8.0,0.1,0.09523809523809523,0.0032,0.0032,0.025,0.11363636363636363,0.8863636363636364,0.225,1.0,1.0,0.175,0.23684210526315785,0.0
20260629_225103_bc53ce62,20260629_225103_bc53ce62_g0030,30,766847764,0,8,8,8,1,4,GREEN,pool_heuristic,3,2.0,[2],0,86,3,"{""1"": 81, ""2"": 95, ""3"": 94, ""4"": 86}",False,6.0,-18.0,9.0,0.0,1.0,0.0025,326.0,84.0,336.875,6.0,10.0,27.0,104.5,189.375,1474.0,342.875,2.0,19.0,78.0,1.0,1.0,2.0,6.0,9.0,1.0,1.0,1.0,8.0,8.0,0.1,0.09523809523809523,0.0032,0.0032,0.025,0.11363636363636363,0.8863636363636364,0.15,1.0,1.0,0.2,0.25263157894736843,0.0
20260629_225103_bc53ce62,20260629_225103_bc53ce62_g0030,30,766847764,1,16,16,16,1,1,RED,pool_l45_100ms,0,2.0,[2],0,81,4,"{""1"": 81, ""2"": 95, ""3"": 94, ""4"": 86}",False,10.0,-34.0,7.0,0.0,1.0,0.0025,526.0,122.25,471.75,10.0,17.0,45.0,176.0,223.75,1888.0,481.75,4.0,17.0,68.0,1.0,1.0,2.0,6.0,7.0,1.0,0.0,0.0,16.0,16.0,0.2,0.19047619047619047,0.0064,0.0064,0.05,0.22727272727272727,0.7727272727272727,0.25,1.0,1.0,0.36666666666666664,0.3236842105263158,0.0
20260629_225103_bc53ce62,20260629_225103_bc53ce62_g0030,30,766847764,1,16,16,16,1,2,BLUE,pool_peer_500ms,1,2.0,[2],1,95,1,"{""1"": 81, ""2"": 95, ""3"": 94, ""4"": 86}",False,16.0,-22.0,0.0,2.0,1.0,0.0025,721.0,179.875,699.375,14.0,24.0,67.5,252.0,341.875,1693.0,715.375,4.0,17.0,68.0,1.0,1.0,2.0,6.0,7.0,1.0,0.0,0.0,16.0,16.0,0.2,0.19047619047619047,0.0064,0.0064,0.05,0.22727272727272727,0.7727272727272727,0.4,1.0,1.0,0.31666666666666665,0.49473684210526314,0.0
20260629_225103_bc53ce62,20260629_225103_bc53ce62_g0030,30,766847764,1,16,16,16,1,3,YELLOW,champ_v3,2,2.0,[2],0,94,2,"{""1"": 81, ""2"": 95, ""3"": 94, ""4"": 86}",False,15.0,-24.0,1.0,2.0,1.0,0.0025,674.0,171.25,651.625,15.0,26.0,68.25,240.5,301.875,1740.0,666.625,4.0,17.0,68.0,1.0,1.0,2.0,6.0,7.0,1.0,0.0,0.0,16.0,16.0,0.2,0.19047619047619047,0.0064,0.0064,0.05,0.22727272727272727,0.7727272727272727,0.375,1.0,1.0,0.325,0.4894736842105264,0.0
20260629_225103_bc53ce62,20260629_225103_bc53ce62_g0030,30,766847764,1,16,16,16,1,4,GREEN,pool_heuristic,3,2.0,[2],0,86,3,"{""1"": 81, ""2"": 95, ""3"": 94, ""4"": 86}",False,13.0,-28.0,4.0,0.0,1.0,0.0025,493.0,146.625,558.875,13.0,22.0,57.0,205.0,261.875,1921.0,571.875,4.0,17.0,68.0,1.0,1.0,2.0,6.0,7.0,1.0,1.0,1.0,16.0,16.0,0.2,0.19047619047619047,0.0064,0.0064,0.05,0.22727272727272727,0.7727272727272727,0.325,1.0,1.0,0.3416666666666667,0.45789473684210524,0.0
20260629_225103_bc53ce62,20260629_225103_bc53ce62_g0030,30,766847764,2,24,24,24,1,1,RED,pool_l45_100ms,0,2.0,[2],0,81,4,"{""1"": 81, ""2"": 95, ""3"": 94, ""4"": 86}",False,14.0,-42.0,4.0,0.0,3.0,0.0075,262.0,70.125,231.0,12.0,17.0,31.5,100.5,70.0,1419.0,245.0,6.0,15.0,58.0,1.0,1.0,2.0,6.0,5.0,0.0,0.0,0.0,24.0,24.0,0.295,0.2857142857142857,0.0096,0.0096,0.075,0.3409090909090909,0.6590909090909091,0.35,1.0,1.0,0.4666666666666667,0.4035087719298245,0.0
20260629_225103_bc53ce62,20260629_225103_bc53ce62_g0030,30,766847764,2,24,24,24,1,2,BLUE,pool_peer_500ms,1,2.0,[2],1,95,1,"{""1"": 81, ""2"": 95, ""3"": 94, ""4"": 86}",False,21.0,-28.0,0.0,9.0,3.0,0.0075,551.0,150.875,553.75,17.0,26.0,67.5,194.5,248.75,1130.0,574.75,6.0,15.0,59.0,1.0,1.0,2.0,5.0,6.0,1.0,0.0,0.0,24.0,24.0,0.295,0.2857142857142857,0.0096,0.0096,0.0725,0.32954545454545453,0.6704545454545454,0.525,1.0,1.0,0.4083333333333333,0.5843920145190562,0.0
20260629_225103_bc53ce62,20260629_225103_bc53ce62_g0030,30,766847764,2,24,24,24,1,3,YELLOW,champ_v3,2,2.0,[2],0,94,2,"{""1"": 81, ""2"": 95, ""3"": 94, ""4"": 86}",False,18.0,-34.0,1.0,11.0,3.0,0.0075,491.0,135.75,494.375,16.0,24.0,60.0,177.5,216.875,1190.0,512.375,6.0,15.0,59.0,1.0,1.0,2.0,5.0,6.0,1.0,0.0,0.0,24.0,24.0,0.295,0.2857142857142857,0.0096,0.0096,0.0725,0.32954545454545453,0.6704545454545454,0.45,1.0,1.0,0.4333333333333333,0.5698729582577132,0.0
20260629_225103_bc53ce62,20260629_225103_bc53ce62_g0030,30,766847764,2,24,24,24,1,4,GREEN,pool_heuristic,3,2.0,[2],0,86,3,"{""1"": 81, ""2"": 95, ""3"": 94, ""4"": 86}",False,17.0,-36.0,1.0,8.0,3.0,0.0075,377.0,120.5,434.5,14.0,22.0,52.5,176.0,170.0,1304.0,451.5,6.0,15.0,58.0,1.0,1.0,2.0,6.0,5.0,1.0,1.0,1.0,24.0,24.0,0.295,0.2857142857142857,0.0096,0.0096,0.075,0.3409090909090909,0.6590909090909091,0.425,1.0,1.0,0.4416666666666667,0.5473684210526316,0.0
20260629_225103_bc53ce62,20260629_225103_bc53ce62_g0030,30,766847764,3,32,32,32,1,1,RED,pool_l45_100ms,0,2.0,[2],0,81,4,"{""1"": 81, ""2"": 95, ""3"": 94, ""4"": 86}",False,17.0,-46.0,4.0,4.0,4.0,0.01,126.0,47.875,127.875,13.0,18.0,26.25,60.0,10.625,737.0,144.875,8.0,13.0,48.0,1.0,1.0,2.0,6.0,3.0,0.0,0.0,0.0,32.0,32.0,0.39,0.38095238095238093,0.0128,0.0128,0.1,0.45454545454545453,0.5454545454545454,0.425,1.0,1.0,0.525,0.4368421052631579,0.0
20260629_225103_bc53ce62,20260629_225103_bc53ce62_g0030,30,766847764,3,32,32,32,1,2,BLUE,pool_peer_500ms,1,2.0,[2],1,95,1,"{""1"": 81, ""2"": 95, ""3"": 94, ""4"": 86}",False,21.0,-38.0,0.0,13.0,4.0,0.01,307.0,93.5,296.75,18.0,22.0,51.0,127.0,78.75,556.0,317.75,8.0,13.0,49.0,1.0,1.0,2.0,5.0,4.0,0.0,0.0,0.0,32.0,32.0,0.39,0.38095238095238093,0.0128,0.0128,0.0975,0.4431818181818182,0.5568181818181818,0.525,1.0,1.0,0.4916666666666667,0.582995951417004,0.0
20260629_225103_bc53ce62,20260629_225103_bc53ce62_g0030,30,766847764,3,32,32,32,1,3,YELLOW,champ_v3,2,2.0,[2],0,94,2,"{""1"": 81, ""2"": 95, ""3"": 94, ""4"": 86}",False,23.0,-34.0,1.0,21.0,4.0,0.01,280.0,94.375,303.625,19.0,26.0,51.0,77.0,130.625,583.0,326.625,8.0,13.0,51.0,1.0,1.0,2.0,3.0,6.0,1.0,0.0,0.0,32.0,32.0,0.39,0.38095238095238093,0.0128,0.0128,0.0925,0.42045454545454547,0.5795454545454546,0.575,1.0,1.0,0.475,0.5903271692745377,0.0
20260629_225103_bc53ce62,20260629_225103_bc53ce62_g0030,30,766847764,3,32,32,32,1,4,GREEN,pool_heuristic,3,2.0,[2],0,86,3,"{""1"": 81, ""2"": 95, ""3"": 94, ""4"": 86}",False,19.0,-42.0,1.0,15.0,4.0,0.01,150.0,57.125,156.0,16.0,18.0,32.25,68.5,21.25,713.0,175.0,8.0,13.0,48.0,1.0,1.0,2.0,6.0,3.0,1.0,1.0,1.0,32.0,32.0,0.39,0.38095238095238093,0.0128,0.0128,0.1,0.45454545454545453,0.5454545454545454,0.475,1.0,1.0,0.5083333333333333,0.5249999999999999,0.0
20260629_225103_bc53ce62,20260629_225103_bc53ce62_g0030,30,766847764,4,40,40,40,1,1,RED,pool_l45_100ms,0,2.0,[2],0,81,4,"{""1"": 81, ""2"": 95, ""3"": 94, ""4"": 86}",False,17.0,-52.0,4.0,7.0,15.0,0.0375,54.0,27.5,57.75,12.0,12.0,12.75,21.0,0.0,349.0,74.75,10.0,11.0,38.0,1.0,1.0,2.0,6.0,1.0,0.0,0.0,0.0,40.0,40.0,0.485,0.47619047619047616,0.016,0.016,0.125,0.5681818181818182,0.4318181818181818,0.425,1.0,1.0,0.575,0.4147368421052632,0.0
20260629_225103_bc53ce62,20260629_225103_bc53ce62_g0030,30,766847764,4,40,40,40,1,2,BLUE,pool_peer_500ms,1,2.0,[2],1,95,1,"{""1"": 81, ""2"": 95, ""3"": 94, ""4"": 86}",False,23.0,-40.0,0.0,22.0,15.0,0.0375,108.0,45.625,108.375,18.0,14.0,22.5,47.0,6.875,295.0,131.375,10.0,11.0,39.0,1.0,1.0,2.0,5.0,2.0,0.0,0.0,0.0,40.0,40.0,0.485,0.47619047619047616,0.016,0.016,0.1225,0.5568181818181818,0.4431818181818182,0.575,1.0,1.0,0.525,0.5918367346938775,0.0
20260629_225103_bc53ce62,20260629_225103_bc53ce62_g0030,30,766847764,4,40,40,40,1,3,YELLOW,champ_v3,2,2.0,[2],0,94,2,"{""1"": 81, ""2"": 95, ""3"": 94, ""4"": 86}",False,28.0,-30.0,1.0,33.0,15.0,0.0375,157.0,63.75,181.25,18.0,21.0,37.5,36.0,68.75,246.0,209.25,10.0,11.0,42.0,1.0,1.0,2.0,2.0,5.0,1.0,0.0,0.0,40.0,40.0,0.485,0.47619047619047616,0.016,0.016,0.115,0.5227272727272727,0.4772727272727273,0.7,1.0,1.0,0.4833333333333333,0.5697940503432494,0.0
20260629_225103_bc53ce62,20260629_225103_bc53ce62_g0030,30,766847764,4,40,40,40,1,4,GREEN,pool_heuristic,3,2.0,[2],0,86,3,"{""1"": 81, ""2"": 95, ""3"": 94, ""4"": 86}",False,18.0,-50.0,1.0,26.0,15.0,0.0375,84.0,36.375,87.0,14.0,12.0,19.5,31.5,10.0,319.0,105.0,10.0,11.0,39.0,1.0,1.0,2.0,5.0,2.0,0.0,1.0,1.0,40.0,40.0,0.485,0.47619047619047616,0.016,0.016,0.1225,0.5568181818181818,0.4431818181818182,0.45,1.0,1.0,0.5666666666666667,0.5198711063372717,0.0
20260629_225103_bc53ce62,20260629_225103_bc53ce62_g0030,30,766847764,5,48,48,48,1,1,RED,pool_l45_100ms,0,2.0,[2],0,81,4,"{""1"": 81, ""2"": 95, ""3"": 94, ""4"": 86}",False,12.0,-58.0,4.0,8.0,47.0,0.1175,12.0,9.25,11.75,7.0,4.0,0.75,0.0,0.0,169.0,23.75,12.0,9.0,30.0,1.0,1.0,2.0,4.0,1.0,0.0,0.0,0.0,48.0,48.0,0.5775,0.5714285714285714,0.0192,0.0192,0.145,0.6590909090909091,0.3409090909090909,0.3,0.6666666666666666,1.0,0.5833333333333333,0.4010889292196008,0.0
20260629_225103_bc53ce62,20260629_225103_bc53ce62_g0030,30,766847764,5,48,48,48,1,2,BLUE,pool_peer_500ms,1,2.0,[2],1,95,1,"{""1"": 81, ""2"": 95, ""3"": 94, ""4"": 86}",False,25.0,-32.0,0.0,32.0,47.0,0.1175,65.0,35.0,69.75,18.0,12.0,15.75,19.0,5.0,116.0,94.75,12.0,9.0,30.0,1.0,1.0,2.0,4.0,1.0,0.0,0.0,0.0,48.0,48.0,0.5775,0.5714285714285714,0.0192,0.0192,0.145,0.6590909090909091,0.3409090909090909,0.625,0.9666666666666667,1.0,0.475,0.5816696914700545,0.0
20260629_225103_bc53ce62,20260629_225103_bc53ce62_g0030,30,766847764,5,48,48,48,1,3,YELLOW,champ_v3,2,2.0,[2],0,94,2,"{""1"": 81, ""2"": 95, ""3"": 94, ""4"": 86}",False,25.0,-32.0,1.0,43.0,47.0,0.1175,61.0,31.0,72.0,13.0,11.0,16.5,14.0,17.5,120.0,97.0,12.0,9.0,32.0,1.0,1.0,2.0,2.0,3.0,0.0,0.0,0.0,48.0,48.0,0.5775,0.5714285714285714,0.0192,0.0192,0.14,0.6363636363636364,0.36363636363636365,0.625,1.0,1.0,0.475,0.5545112781954888,0.0
20260629_225103_bc53ce62,20260629_225103_bc53ce62_g0030,30,766847764,5,48,48,48,1,4,GREEN,pool_heuristic,3,2.0,[2],0,86,3,"{""1"": 81, ""2"": 95, ""3"": 94, ""4"": 86}",False,20.0,-42.0,1.0,40.0,47.0,0.1175,43.0,24.5,41.75,14.0,11.0,9.75,7.0,0.0,138.0,61.75,12.0,9.0,29.0,1.0,1.0,2.0,5.0,0.0,0.0,0.0,0.0,48.0,48.0,0.5775,0.5714285714285714,0.0192,0.0192,0.1475,0.6704545454545454,0.32954545454545453,0.5,1.0,0.8,0.5166666666666667,0.495985727029438,0.0
20260629_225103_bc53ce62,20260629_225103_bc53ce62_g0030,30,766847764,6,56,56,56,1,1,RED,pool_l45_100ms,0,2.0,[2],0,81,4,"{""1"": 81, ""2"": 95, ""3"": 94, ""4"": 86}",False,7.0,-65.0,4.0,22.0,45.0,0.1125,3.0,3.0,3.0,3.0,0.0,0.0,0.0,0.0,101.0,10.0,14.0,7.0,25.0,1.0,0.0,1.0,4.0,1.0,0.0,0.0,0.0,56.0,56.0,0.6525,0.6666666666666666,0.0224,0.0224,0.1575,0.7159090909090909,0.2840909090909091,0.175,0.45,1.0,0.6,0.4135338345864662,0.0
20260629_225103_bc53ce62,20260629_225103_bc53ce62_g0030,30,766847764,6,56,56,56,1,2,BLUE,pool_peer_500ms,1,2.0,[2],1,95,1,"{""1"": 81, ""2"": 95, ""3"": 94, ""4"": 86}",False,26.0,-27.0,0.0,42.0,45.0,0.1125,34.0,24.25,41.5,16.0,7.0,4.5,9.0,5.0,70.0,67.5,14.0,7.0,23.0,1.0,1.0,1.0,3.0,1.0,0.0,0.0,0.0,56.0,56.0,0.6525,0.6666666666666666,0.0224,0.0224,0.1625,0.7386363636363636,0.26136363636363635,0.65,0.7166666666666667,1.0,0.4416666666666667,0.5757085020242916,0.0
20260629_225103_bc53ce62,20260629_225103_bc53ce62_g0030,30,766847764,6,56,56,56,1,3,YELLOW,champ_v3,2,2.0,[2],0,94,2,"{""1"": 81, ""2"": 95, ""3"": 94, ""4"": 86}",False,25.0,-29.0,1.0,54.0,45.0,0.1125,48.0,25.625,52.625,12.0,10.0,14.25,12.0,4.375,56.0,77.625,14.0,7.0,22.0,1.0,1.0,2.0,2.0,1.0,0.0,0.0,0.0,56.0,56.0,0.6525,0.6666666666666666,0.0224,0.0224,0.165,0.75,0.25,0.625,0.9166666666666666,1.0,0.45,0.5247208931419458,0.0
20260629_225103_bc53ce62,20260629_225103_bc53ce62_g0030,30,766847764,6,56,56,56,1,4,GREEN,pool_heuristic,3,2.0,[2],0,86,3,"{""1"": 81, ""2"": 95, ""3"": 94, ""4"": 86}",False,21.0,-37.0,1.0,54.0,45.0,0.1125,19.0,14.25,18.25,11.0,5.0,2.25,0.0,0.0,85.0,39.25,14.0,7.0,21.0,1.0,1.0,2.0,3.0,0.0,0.0,0.0,0.0,56.0,56.0,0.6525,0.6666666666666666,0.0224,0.0224,0.1675,0.7613636363636364,0.23863636363636365,0.525,0.85,0.8,0.4833333333333333,0.5090337784760408,0.0
20260629_225103_bc53ce62,20260629_225103_bc53ce62_g0030,30,766847764,7,64,64,64,1,1,RED,pool_l45_100ms,0,2.0,[2],0,81,4,"{""1"": 81, ""2"": 95, ""3"": 94, ""4"": 86}",False,8.0,-59.0,4.0,27.0,42.0,0.105,2.0,0.75,2.5,0.0,0.0,1.5,1.0,0.0,23.0,10.5,16.0,5.0,20.0,0.0,0.0,1.0,3.0,1.0,0.0,0.0,0.0,64.0,64.0,0.7125,0.7619047619047619,0.0256,0.0256,0.17,0.7727272727272727,0.22727272727272727,0.2,0.45,1.0,0.5583333333333333,0.4024767801857585,0.0
20260629_225103_bc53ce62,20260629_225103_bc53ce62_g0030,30,766847764,7,64,64,64,1,2,BLUE,pool_peer_500ms,1,2.0,[2],1,95,1,"{""1"": 81, ""2"": 95, ""3"": 94, ""4"": 86}",False,22.0,-31.0,0.0,51.0,42.0,0.105,6.0,2.75,7.0,0.0,3.0,3.0,1.0,0.0,19.0,29.0,16.0,5.0,17.0,0.0,1.0,1.0,3.0,0.0,0.0,0.0,0.0,64.0,64.0,0.7125,0.7619047619047619,0.0256,0.0256,0.1775,0.8068181818181818,0.19318181818181818,0.55,0.6166666666666667,0.8,0.4416666666666667,0.5544848035581913,0.0
20260629_225103_bc53ce62,20260629_225103_bc53ce62_g0030,30,766847764,7,64,64,64,1,3,YELLOW,champ_v3,2,2.0,[2],0,94,2,"{""1"": 81, ""2"": 95, ""3"": 94, ""4"": 86}",False,24.0,-27.0,1.0,62.0,42.0,0.105,13.0,11.5,13.0,10.0,3.0,0.0,0.0,0.0,12.0,37.0,16.0,5.0,13.0,1.0,1.0,2.0,1.0,0.0,0.0,0.0,0.0,64.0,64.0,0.7125,0.7619047619047619,0.0256,0.0256,0.1875,0.8522727272727273,0.14772727272727273,0.6,0.5,0.8,0.425,0.4877192982456141,0.0
20260629_225103_bc53ce62,20260629_225103_bc53ce62_g0030,30,766847764,7,64,64,64,1,4,GREEN,pool_heuristic,3,2.0,[2],0,86,3,"{""1"": 81, ""2"": 95, ""3"": 94, ""4"": 86}",False,21.0,-33.0,1.0,63.0,42.0,0.105,4.0,2.0,4.0,0.0,4.0,0.0,0.0,0.0,21.0,25.0,16.0,5.0,17.0,0.0,1.0,1.0,3.0,0.0,0.0,0.0,0.0,64.0,64.0,0.7125,0.7619047619047619,0.0256,0.0256,0.1775,0.8068181818181818,0.19318181818181818,0.525,0.6333333333333333,0.8,0.45,0.513713862120089,0.0
20260629_225103_bc53ce62,20260629_225103_bc53ce62_g0031,31,1608121226,0,8,8,8,1,1,RED,pool_peer_500ms,0,2.0,[2],0,90,2,"{""1"": 90, ""2"": 98, ""3"": 86, ""4"": 82}",False,9.0,-15.0,9.0,0.0,0.0,0.0,543.0,122.625,488.75,9.0,15.0,41.25,153.5,270.0,1501.0,497.75,2.0,19.0,78.0,1.0,1.0,2.0,6.0,9.0,1.0,0.0,0.0,8.0,8.0,0.1,0.09523809523809523,0.0032,0.0032,0.025,0.11363636363636363,0.8863636363636364,0.225,1.0,1.0,0.2,0.23684210526315785,0.0
20260629_225103_bc53ce62,20260629_225103_bc53ce62_g0031,31,1608121226,0,8,8,8,1,2,BLUE,champ_v3,1,2.0,[2],1,98,1,"{""1"": 90, ""2"": 98, ""3"": 86, ""4"": 82}",False,9.0,-15.0,9.0,0.0,0.0,0.0,543.0,122.625,488.75,9.0,15.0,41.25,153.5,270.0,1501.0,497.75,2.0,19.0,78.0,1.0,1.0,2.0,6.0,9.0,1.0,0.0,0.0,8.0,8.0,0.1,0.09523809523809523,0.0032,0.0032,0.025,0.11363636363636363,0.8863636363636364,0.225,1.0,1.0,0.2,0.23684210526315785,0.0
20260629_225103_bc53ce62,20260629_225103_bc53ce62_g0031,31,1608121226,0,8,8,8,1,3,YELLOW,pool_heuristic,2,2.0,[2],0,86,3,"{""1"": 90, ""2"": 98, ""3"": 86, ""4"": 82}",False,8.0,-17.0,9.0,0.0,0.0,0.0,514.0,120.0,482.5,8.0,14.0,39.75,152.0,268.75,1530.0,490.5,2.0,19.0,78.0,1.0,1.0,2.0,6.0,9.0,1.0,0.0,1.0,8.0,8.0,0.1,0.09523809523809523,0.0032,0.0032,0.025,0.11363636363636363,0.8863636363636364,0.2,1.0,1.0,0.20833333333333334,0.25263157894736843,0.0
20260629_225103_bc53ce62,20260629_225103_bc53ce62_g0031,31,1608121226,0,8,8,8,1,4,GREEN,pool_l45_100ms,3,2.0,[2],0,82,4,"{""1"": 90, ""2"": 98, ""3"": 86, ""4"": 82}",False,7.0,-19.0,9.0,0.0,0.0,0.0,444.0,103.25,415.125,7.0,12.0,33.75,130.5,231.875,1600.0,422.125,2.0,19.0,78.0,1.0,1.0,2.0,6.0,9.0,1.0,1.0,0.0,8.0,8.0,0.1,0.09523809523809523,0.0032,0.0032,0.025,0.11363636363636363,0.8863636363636364,0.175,1.0,1.0,0.21666666666666665,0.20526315789473681,0.0
20260629_225103_bc53ce62,20260629_225103_bc53ce62_g0031,31,1608121226,1,16,16,16,1,1,RED,pool_peer_500ms,0,2.0,[2],0,90,2,"{""1"": 90, ""2"": 98, ""3"": 86, ""4"": 82}",False,16.0,-21.0,0.0,2.0,0.0,0.0,689.0,172.125,666.875,14.0,23.0,64.5,241.0,324.375,1783.0,682.875,4.0,17.0,68.0,1.0,1.0,2.0,6.0,7.0,1.0,0.0,0.0,16.0,16.0,0.2,0.19047619047619047,0.0064,0.0064,0.05,0.22727272727272727,0.7727272727272727,0.4,1.0,1.0,0.30833333333333335,0.49473684210526314,0.0
20260629_225103_bc53ce62,20260629_225103_bc53ce62_g0031,31,1608121226,1,16,16,16,1,2,BLUE,champ_v3,1,2.0,[2],1,98,1,"{""1"": 90, ""2"": 98, ""3"": 86, ""4"": 82}",False,15.0,-23.0,1.0,2.0,0.0,0.0,817.0,202.25,787.375,15.0,27.0,77.25,287.5,380.625,1655.0,802.375,4.0,17.0,68.0,1.0,1.0,2.0,6.0,7.0,1.0,0.0,0.0,16.0,16.0,0.2,0.19047619047619047,0.0064,0.0064,0.05,0.22727272727272727,0.7727272727272727,0.375,1.0,1.0,0.31666666666666665,0.4894736842105264,0.0
20260629_225103_bc53ce62,20260629_225103_bc53ce62_g0031,31,1608121226,1,16,16,16,1,3,YELLOW,pool_heuristic,2,2.0,[2],0,86,3,"{""1"": 90, ""2"": 98, ""3"": 86, ""4"": 82}",False,13.0,-27.0,5.0,3.0,0.0,0.0,546.0,136.0,516.25,13.0,20.0,54.0,183.0,246.25,1926.0,529.25,4.0,17.0,68.0,1.0,1.0,2.0,6.0,7.0,1.0,0.0,1.0,16.0,16.0,0.2,0.19047619047619047,0.0064,0.0064,0.05,0.22727272727272727,0.7727272727272727,0.325,1.0,1.0,0.33333333333333337,0.41315789473684206,0.0
20260629_225103_bc53ce62,20260629_225103_bc53ce62_g0031,31,1608121226,1,16,16,16,1,4,GREEN,pool_l45_100ms,3,2.0,[2],0,82,4,"{""1"": 90, ""2"": 98, ""3"": 86, ""4"": 82}",False,9.0,-35.0,7.0,4.0,0.0,0.0,420.0,99.625,378.75,9.0,15.0,38.25,141.5,175.0,2052.0,387.75,4.0,17.0,68.0,1.0,1.0,2.0,6.0,7.0,1.0,0.0,0.0,16.0,16.0,0.2,0.19047619047619047,0.0064,0.0064,0.05,0.22727272727272727,0.7727272727272727,0.225,1.0,1.0,0.36666666666666664,0.3131578947368421,0.0
20260629_225103_bc53ce62,20260629_225103_bc53ce62_g0031,31,1608121226,2,24,24,24,1,1,RED,pool_peer_500ms,0,2.0,[2],0,90,2,"{""1"": 90, ""2"": 98, ""3"": 86, ""4"": 82}",False,20.0,-29.0,0.0,13.0,2.0,0.005,576.0,157.25,576.125,18.0,27.0,70.5,202.5,258.125,1324.0,596.125,6.0,15.0,59.0,1.0,1.0,2.0,5.0,6.0,1.0,0.0,0.0,24.0,24.0,0.2925,0.2857142857142857,0.0096,0.0096,0.0725,0.32954545454545453,0.6704545454545454,0.5,1.0,1.0,0.4083333333333333,0.5843920145190562,0.0
20260629_225103_bc53ce62,20260629_225103_bc53ce62_g0031,31,1608121226,2,24,24,24,1,2,BLUE,champ_v3,1,2.0,[2],1,98,1,"{""1"": 90, ""2"": 98, ""3"": 86, ""4"": 82}",False,19.0,-31.0,1.0,14.0,2.0,0.005,607.0,165.25,618.25,18.0,28.0,74.25,178.0,320.0,1293.0,637.25,6.0,15.0,60.0,1.0,1.0,2.0,4.0,7.0,1.0,0.0,0.0,24.0,24.0,0.2925,0.2857142857142857,0.0096,0.0096,0.07,0.3181818181818182,0.6818181818181818,0.475,1.0,1.0,0.4166666666666667,0.556390977443609,0.0
20260629_225103_bc53ce62,20260629_225103_bc53ce62_g0031,31,1608121226,2,24,24,24,1,3,YELLOW,pool_heuristic,2,2.0,[2],0,86,3,"{""1"": 90, ""2"": 98, ""3"": 86, ""4"": 82}",False,18.0,-33.0,5.0,3.0,2.0,0.005,341.0,102.875,351.25,17.0,19.0,46.5,142.5,126.25,1559.0,369.25,6.0,15.0,58.0,1.0,1.0,2.0,6.0,5.0,1.0,0.0,1.0,24.0,24.0,0.2925,0.2857142857142857,0.0096,0.0096,0.075,0.3409090909090909,0.6590909090909091,0.45,1.0,1.0,0.425,0.4736842105263158,0.0
20260629_225103_bc53ce62,20260629_225103_bc53ce62_g0031,31,1608121226,2,24,24,24,1,4,GREEN,pool_l45_100ms,3,2.0,[2],0,82,4,"{""1"": 90, ""2"": 98, ""3"": 86, ""4"": 82}",False,12.0,-45.0,3.0,6.0,2.0,0.005,376.0,92.375,328.0,12.0,16.0,40.5,139.5,120.0,1524.0,340.0,6.0,15.0,58.0,1.0,1.0,2.0,6.0,5.0,0.0,0.0,0.0,24.0,24.0,0.2925,0.2857142857142857,0.0096,0.0096,0.075,0.3409090909090909,0.6590909090909091,0.3,1.0,1.0,0.475,0.4175438596491228,0.0
20260629_225103_bc53ce62,20260629_225103_bc53ce62_g0031,31,1608121226,3,32,32,32,1,1,RED,pool_peer_500ms,0,2.0,[2],0,90,2,"{""1"": 90, ""2"": 98, ""3"": 86, ""4"": 82}",False,25.0,-32.0,0.0,18.0,7.0,0.0175,442.0,127.625,422.875,22.0,27.0,64.5,175.0,134.375,525.0,447.875,8.0,13.0,49.0,1.0,1.0,2.0,5.0,4.0,0.0,0.0,0.0,32.0,32.0,0.3925,0.38095238095238093,0.0128,0.0128,0.0975,0.4431818181818182,0.5568181818181818,0.625,1.0,1.0,0.475,0.5883940620782726,0.0
20260629_225103_bc53ce62,20260629_225103_bc53ce62_g0031,31,1608121226,3,32,32,32,1,2,BLUE,champ_v3,1,2.0,[2],1,98,1,"{""1"": 90, ""2"": 98, ""3"": 86, ""4"": 82}",False,24.0,-34.0,1.0,23.0,7.0,0.0175,268.0,90.375,290.125,19.0,21.0,46.5,93.0,110.625,699.0,314.125,8.0,13.0,50.0,1.0,1.0,2.0,4.0,5.0,1.0,0.0,0.0,32.0,32.0,0.3925,0.38095238095238093,0.0128,0.0128,0.095,0.4318181818181818,0.5681818181818182,0.6,1.0,1.0,0.4833333333333333,0.5955678670360112,0.0
20260629_225103_bc53ce62,20260629_225103_bc53ce62_g0031,31,1608121226,3,32,32,32,1,3,YELLOW,pool_heuristic,2,2.0,[2],0,86,3,"{""1"": 90, ""2"": 98, ""3"": 86, ""4"": 82}",False,19.0,-44.0,1.0,13.0,7.0,0.0175,154.0,57.0,164.25,16.0,14.0,27.0,71.0,36.25,813.0,183.25,8.0,13.0,48.0,1.0,1.0,2.0,6.0,3.0,0.0,0.0,1.0,32.0,32.0,0.3925,0.38095238095238093,0.0128,0.0128,0.1,0.45454545454545453,0.5454545454545454,0.475,1.0,1.0,0.525,0.5486842105263159,0.0
20260629_225103_bc53ce62,20260629_225103_bc53ce62_g0031,31,1608121226,3,32,32,32,1,4,GREEN,pool_l45_100ms,3,2.0,[2],0,82,4,"{""1"": 90, ""2"": 98, ""3"": 86, ""4"": 82}",False,14.0,-54.0,3.0,11.0,7.0,0.0175,103.0,38.5,102.875,12.0,11.0,19.5,48.5,11.875,864.0,116.875,8.0,13.0,48.0,1.0,1.0,2.0,6.0,3.0,0.0,0.0,0.0,32.0,32.0,0.3925,0.38095238095238093,0.0128,0.0128,0.1,0.45454545454545453,0.5454545454545454,0.35,1.0,1.0,0.5666666666666667,0.43552631578947365,0.0
20260629_225103_bc53ce62,20260629_225103_bc53ce62_g0031,31,1608121226,4,40,40,40,1,1,RED,pool_peer_500ms,0,2.0,[2],0,90,2,"{""1"": 90, ""2"": 98, ""3"": 86, ""4"": 82}",False,27.0,-32.0,0.0,26.0,14.0,0.035,219.0,76.25,217.125,20.0,20.0,41.25,106.5,29.375,268.0,244.125,10.0,11.0,39.0,1.0,1.0,2.0,5.0,2.0,0.0,0.0,0.0,40.0,40.0,0.49,0.47619047619047616,0.016,0.016,0.1225,0.5568181818181818,0.4431818181818182,0.675,1.0,1.0,0.4916666666666667,0.5660580021482278,0.0
20260629_225103_bc53ce62,20260629_225103_bc53ce62_g0031,31,1608121226,4,40,40,40,1,2,BLUE,champ_v3,1,2.0,[2],1,98,1,"{""1"": 90, ""2"": 98, ""3"": 86, ""4"": 82}",False,27.0,-32.0,1.0,30.0,14.0,0.035,182.0,70.625,211.125,18.0,18.0,42.0,60.0,73.125,305.0,238.125,10.0,11.0,41.0,1.0,1.0,2.0,3.0,4.0,1.0,0.0,0.0,40.0,40.0,0.49,0.47619047619047616,0.016,0.016,0.1175,0.5340909090909091,0.4659090909090909,0.675,1.0,1.0,0.4916666666666667,0.5979843225083987,0.0
20260629_225103_bc53ce62,20260629_225103_bc53ce62_g0031,31,1608121226,4,40,40,40,1,3,YELLOW,pool_heuristic,2,2.0,[2],0,86,3,"{""1"": 90, ""2"": 98, ""3"": 86, ""4"": 82}",False,19.0,-48.0,1.0,15.0,14.0,0.035,32.0,19.875,31.0,13.0,7.0,7.5,3.5,0.0,455.0,50.0,10.0,11.0,38.0,1.0,1.0,2.0,6.0,1.0,0.0,0.0,0.0,40.0,40.0,0.49,0.47619047619047616,0.016,0.016,0.125,0.5681818181818182,0.4318181818181818,0.475,1.0,1.0,0.5583333333333333,0.5210526315789474,0.0
20260629_225103_bc53ce62,20260629_225103_bc53ce62_g0031,31,1608121226,4,40,40,40,1,4,GREEN,pool_l45_100ms,3,2.0,[2],0,82,4,"{""1"": 90, ""2"": 98, ""3"": 86, ""4"": 82}",False,13.0,-60.0,3.0,17.0,14.0,0.035,54.0,23.125,52.125,10.0,7.0,11.25,22.0,1.875,433.0,65.125,10.0,11.0,38.0,1.0,1.0,2.0,6.0,1.0,0.0,0.0,0.0,40.0,40.0,0.49,0.47619047619047616,0.016,0.016,0.125,0.5681818181818182,0.4318181818181818,0.325,0.9333333333333333,1.0,0.6083333333333333,0.4168421052631579,0.0
20260629_225103_bc53ce62,20260629_225103_bc53ce62_g0031,31,1608121226,5,48,48,48,1,1,RED,pool_peer_500ms,0,2.0,[2],0,90,2,"{""1"": 90, ""2"": 98, ""3"": 86, ""4"": 82}",False,29.0,-34.0,0.0,40.0,21.0,0.0525,117.0,50.625,130.5,18.0,15.0,13.5,76.5,7.5,181.0,159.5,12.0,9.0,31.0,1.0,1.0,1.0,5.0,1.0,0.0,0.0,0.0,48.0,48.0,0.575,0.5714285714285714,0.0192,0.0192,0.1425,0.6477272727272727,0.3522727272727273,0.725,1.0,1.0,0.525,0.5558633425669437,0.0
20260629_225103_bc53ce62,20260629_225103_bc53ce62_g0031,31,1608121226,5,48,48,48,1,2,BLUE,champ_v3,1,2.0,[2],1,98,1,"{""1"": 90, ""2"": 98, ""3"": 86, ""4"": 82}",False,25.0,-42.0,1.0,43.0,21.0,0.0525,97.0,42.0,105.25,15.0,14.0,25.5,27.0,23.75,201.0,130.25,12.0,9.0,32.0,1.0,1.0,2.0,2.0,3.0,0.0,0.0,0.0,48.0,48.0,0.575,0.5714285714285714,0.0192,0.0192,0.14,0.6363636363636364,0.36363636363636365,0.625,1.0,1.0,0.5583333333333333,0.5798872180451128,0.0
20260629_225103_bc53ce62,20260629_225103_bc53ce62_g0031,31,1608121226,5,48,48,48,1,3,YELLOW,pool_heuristic,2,2.0,[2],0,86,3,"{""1"": 90, ""2"": 98, ""3"": 86, ""4"": 82}",False,21.0,-50.0,1.0,24.0,21.0,0.0525,32.0,21.75,32.25,15.0,7.0,8.25,2.0,0.0,266.0,53.25,12.0,9.0,30.0,1.0,1.0,2.0,4.0,1.0,0.0,0.0,0.0,48.0,48.0,0.575,0.5714285714285714,0.0192,0.0192,0.145,0.6590909090909091,0.3409090909090909,0.525,1.0,1.0,0.5916666666666667,0.5027223230490018,0.0
20260629_225103_bc53ce62,20260629_225103_bc53ce62_g0031,31,1608121226,5,48,48,48,1,4,GREEN,pool_l45_100ms,3,2.0,[2],0,82,4,"{""1"": 90, ""2"": 98, ""3"": 86, ""4"": 82}",False,17.0,-58.0,3.0,27.0,21.0,0.0525,52.0,24.875,53.0,12.0,7.0,10.5,23.5,0.0,246.0,70.0,12.0,9.0,29.0,1.0,1.0,2.0,5.0,0.0,0.0,0.0,0.0,48.0,48.0,0.575,0.5714285714285714,0.0192,0.0192,0.1475,0.6704545454545454,0.32954545454545453,0.425,1.0,0.8,0.625,0.38983050847457634,0.0
20260629_225103_bc53ce62,20260629_225103_bc53ce62_g0031,31,1608121226,6,56,56,56,1,1,RED,pool_peer_500ms,0,2.0,[2],0,90,2,"{""1"": 90, ""2"": 98, ""3"": 86, ""4"": 82}",False,28.0,-28.0,0.0,48.0,35.0,0.0875,53.0,29.375,60.0,15.0,11.0,7.5,21.5,5.0,78.0,88.0,14.0,7.0,23.0,1.0,1.0,1.0,3.0,1.0,0.0,0.0,0.0,56.0,56.0,0.6525,0.6666666666666666,0.0224,0.0224,0.1625,0.7386363636363636,0.26136363636363635,0.7,1.0,1.0,0.4666666666666667,0.5255060728744939,0.0
20260629_225103_bc53ce62,20260629_225103_bc53ce62_g0031,31,1608121226,6,56,56,56,1,2,BLUE,champ_v3,1,2.0,[2],1,98,1,"{""1"": 90, ""2"": 98, ""3"": 86, ""4"": 82}",False,23.0,-38.0,1.0,57.0,35.0,0.0875,51.0,25.625,53.625,12.0,9.0,16.5,8.0,8.125,80.0,76.625,14.0,7.0,23.0,1.0,1.0,2.0,1.0,2.0,0.0,0.0,0.0,56.0,56.0,0.6525,0.6666666666666666,0.0224,0.0224,0.1625,0.7386363636363636,0.26136363636363635,0.575,1.0,1.0,0.5083333333333333,0.5927125506072874,0.0
20260629_225103_bc53ce62,20260629_225103_bc53ce62_g0031,31,1608121226,6,56,56,56,1,3,YELLOW,pool_heuristic,2,2.0,[2],0,86,3,"{""1"": 90, ""2"": 98, ""3"": 86, ""4"": 82}",False,17.0,-50.0,1.0,32.0,35.0,0.0875,14.0,12.0,14.5,10.0,3.0,1.5,0.0,0.0,117.0,31.5,14.0,7.0,23.0,1.0,1.0,1.0,3.0,1.0,0.0,0.0,0.0,56.0,56.0,0.6525,0.6666666666666666,0.0224,0.0224,0.1625,0.7386363636363636,0.26136363636363635,0.425,0.8333333333333334,1.0,0.5583333333333333,0.46396761133603237,0.0
20260629_225103_bc53ce62,20260629_225103_bc53ce62_g0031,31,1608121226,6,56,56,56,1,4,GREEN,pool_l45_100ms,3,2.0,[2],0,82,4,"{""1"": 90, ""2"": 98, ""3"": 86, ""4"": 82}",False,16.0,-52.0,3.0,35.0,35.0,0.0875,13.0,10.5,13.0,9.0,2.0,0.0,2.0,0.0,118.0,29.0,14.0,7.0,22.0,1.0,1.0,1.0,4.0,0.0,0.0,0.0,0.0,56.0,56.0,0.6525,0.6666666666666666,0.0224,0.0224,0.165,0.75,0.25,0.4,1.0,0.8,0.5666666666666667,0.38835725677830946,0.0
20260629_225103_bc53ce62,20260629_225103_bc53ce62_g0031,31,1608121226,7,64,64,64,1,1,RED,pool_peer_500ms,0,2.0,[2],0,90,2,"{""1"": 90, ""2"": 98, ""3"": 86, ""4"": 82}",False,26.0,-27.0,0.0,57.0,42.0,0.105,10.0,10.0,10.0,10.0,0.0,0.0,0.0,0.0,30.0,36.0,16.0,5.0,16.0,1.0,0.0,1.0,3.0,0.0,0.0,0.0,0.0,64.0,64.0,0.715,0.7619047619047619,0.0256,0.0256,0.18,0.8181818181818182,0.18181818181818182,0.65,0.6333333333333333,0.8,0.4416666666666667,0.5175438596491229,0.0
20260629_225103_bc53ce62,20260629_225103_bc53ce62_g0031,31,1608121226,7,64,64,64,1,2,BLUE,champ_v3,1,2.0,[2],1,98,1,"{""1"": 90, ""2"": 98, ""3"": 86, ""4"": 82}",False,21.0,-37.0,1.0,65.0,42.0,0.105,18.0,13.0,18.5,9.0,5.0,4.5,0.0,0.0,22.0,39.5,16.0,5.0,14.0,1.0,1.0,2.0,0.0,1.0,0.0,0.0,0.0,64.0,64.0,0.715,0.7619047619047619,0.0256,0.0256,0.185,0.8409090909090909,0.1590909090909091,0.525,0.6333333333333333,1.0,0.4833333333333333,0.5839260312944523,0.0
20260629_225103_bc53ce62,20260629_225103_bc53ce62_g0031,31,1608121226,7,64,64,64,1,3,YELLOW,pool_heuristic,2,2.0,[2],0,86,3,"{""1"": 90, ""2"": 98, ""3"": 86, ""4"": 82}",False,16.0,-47.0,1.0,47.0,42.0,0.105,1.0,0.5,1.5,0.0,0.0,1.5,0.0,0.0,39.0,17.5,16.0,5.0,20.0,0.0,0.0,1.0,3.0,1.0,0.0,0.0,0.0,64.0,64.0,0.715,0.7619047619047619,0.0256,0.0256,0.17,0.7727272727272727,0.22727272727272727,0.4,0.6333333333333333,1.0,0.525,0.4806501547987616,0.0
20260629_225103_bc53ce62,20260629_225103_bc53ce62_g0031,31,1608121226,7,64,64,64,1,4,GREEN,pool_l45_100ms,3,2.0,[2],0,82,4,"{""1"": 90, ""2"": 98, ""3"": 86, ""4"": 82}",False,16.0,-47.0,3.0,41.0,42.0,0.105,11.0,9.75,11.5,9.0,0.0,1.5,1.0,0.0,29.0,27.5,16.0,5.0,16.0,1.0,0.0,1.0,3.0,0.0,0.0,0.0,0.0,64.0,64.0,0.715,0.7619047619047619,0.0256,0.0256,0.18,0.8181818181818182,0.18181818181818182,0.4,0.6,0.8,0.525,0.39035087719298245,0.0
20260629_225103_bc53ce62,20260629_225103_bc53ce62_g0032,32,186790673,0,8,8,8,1,1,RED,champ_v3,0,1.0,[1],1,97,1,"{""1"": 97, ""2"": 79, ""3"": 79, ""4"": 76}",False,9.0,-13.0,9.0,0.0,0.0,0.0,543.0,122.625,488.75,9.0,15.0,41.25,153.5,270.0,1262.0,497.75,2.0,19.0,78.0,1.0,1.0,2.0,6.0,9.0,1.0,0.0,0.0,8.0,8.0,0.1,0.09523809523809523,0.0032,0.0032,0.025,0.11363636363636363,0.8863636363636364,0.225,1.0,1.0,0.18333333333333332,0.23684210526315785,0.0
20260629_225103_bc53ce62,20260629_225103_bc53ce62_g0032,32,186790673,0,8,8,8,1,2,BLUE,pool_heuristic,1,1.0,[1],0,79,2,"{""1"": 97, ""2"": 79, ""3"": 79, ""4"": 76}",False,6.0,-19.0,9.0,0.0,0.0,0.0,355.0,90.125,364.875,6.0,10.0,28.5,111.0,209.375,1450.0,370.875,2.0,19.0,78.0,1.0,1.0,2.0,6.0,9.0,1.0,1.0,1.0,8.0,8.0,0.1,0.09523809523809523,0.0032,0.0032,0.025,0.11363636363636363,0.8863636363636364,0.15,1.0,1.0,0.20833333333333334,0.24736842105263157,0.0
20260629_225103_bc53ce62,20260629_225103_bc53ce62_g0032,32,186790673,0,8,8,8,1,3,YELLOW,pool_l45_100ms,2,1.0,[1],0,79,2,"{""1"": 97, ""2"": 79, ""3"": 79, ""4"": 76}",False,7.0,-17.0,9.0,0.0,0.0,0.0,364.0,86.0,341.875,7.0,10.0,27.0,108.5,189.375,1441.0,348.875,2.0,19.0,78.0,1.0,1.0,2.0,6.0,9.0,1.0,1.0,0.0,8.0,8.0,0.1,0.09523809523809523,0.0032,0.0032,0.025,0.11363636363636363,0.8863636363636364,0.175,1.0,1.0,0.2,0.17368421052631577,0.0
20260629_225103_bc53ce62,20260629_225103_bc53ce62_g0032,32,186790673,0,8,8,8,1,4,GREEN,pool_peer_500ms,3,1.0,[1],0,76,3,"{""1"": 97, ""2"": 79, ""3"": 79, ""4"": 76}",False,9.0,-13.0,9.0,0.0,0.0,0.0,543.0,122.625,488.75,9.0,15.0,41.25,153.5,270.0,1262.0,497.75,2.0,19.0,78.0,1.0,1.0,2.0,6.0,9.0,1.0,0.0,0.0,8.0,8.0,0.1,0.09523809523809523,0.0032,0.0032,0.025,0.11363636363636363,0.8863636363636364,0.225,1.0,1.0,0.18333333333333332,0.23684210526315785,0.0
20260629_225103_bc53ce62,20260629_225103_bc53ce62_g0032,32,186790673,1,16,16,16,1,1,RED,champ_v3,0,1.0,[1],1,97,1,"{""1"": 97, ""2"": 79, ""3"": 79, ""4"": 76}",False,14.0,-22.0,2.0,3.0,0.0,0.0,623.0,156.625,599.5,14.0,22.0,60.0,218.5,285.0,1649.0,613.5,4.0,17.0,68.0,1.0,1.0,2.0,6.0,7.0,1.0,0.0,0.0,16.0,16.0,0.2,0.19047619047619047,0.0064,0.0064,0.05,0.22727272727272727,0.7727272727272727,0.35,1.0,1.0,0.3,0.4710526315789473,0.0
20260629_225103_bc53ce62,20260629_225103_bc53ce62_g0032,32,186790673,1,16,16,16,1,2,BLUE,pool_heuristic,1,1.0,[1],0,79,2,"{""1"": 97, ""2"": 79, ""3"": 79, ""4"": 76}",False,10.0,-30.0,4.0,3.0,0.0,0.0,524.0,132.375,522.0,10.0,16.0,46.5,179.5,270.0,1748.0,532.0,4.0,17.0,68.0,1.0,1.0,2.0,6.0,7.0,1.0,1.0,1.0,16.0,16.0,0.2,0.19047619047619047,0.0064,0.0064,0.05,0.22727272727272727,0.7727272727272727,0.25,1.0,1.0,0.33333333333333337,0.4473684210526315,0.0
20260629_225103_bc53ce62,20260629_225103_bc53ce62_g0032,32,186790673,1,16,16,16,1,3,YELLOW,pool_l45_100ms,2,1.0,[1],0,79,2,"{""1"": 97, ""2"": 79, ""3"": 79, ""4"": 76}",False,11.0,-28.0,5.0,2.0,0.0,0.0,418.0,100.375,376.5,11.0,15.0,36.0,139.5,175.0,1854.0,387.5,4.0,17.0,68.0,1.0,1.0,2.0,6.0,7.0,1.0,0.0,0.0,16.0,16.0,0.2,0.19047619047619047,0.0064,0.0064,0.05,0.22727272727272727,0.7727272727272727,0.275,1.0,1.0,0.325,0.3526315789473684,0.0
20260629_225103_bc53ce62,20260629_225103_bc53ce62_g0032,32,186790673,1,16,16,16,1,4,GREEN,pool_peer_500ms,3,1.0,[1],0,76,3,"{""1"": 97, ""2"": 79, ""3"": 79, ""4"": 76}",False,15.0,-20.0,4.0,2.0,0.0,0.0,707.0,176.875,681.625,15.0,25.0,66.0,245.0,330.625,1565.0,696.625,4.0,17.0,68.0,1.0,1.0,2.0,6.0,7.0,1.0,0.0,0.0,16.0,16.0,0.2,0.19047619047619047,0.0064,0.0064,0.05,0.22727272727272727,0.7727272727272727,0.375,1.0,1.0,0.29166666666666663,0.4526315789473684,0.0
20260629_225103_bc53ce62,20260629_225103_bc53ce62_g0032,32,186790673,2,24,24,24,1,1,RED,champ_v3,0,1.0,[1],1,97,1,"{""1"": 97, ""2"": 79, ""3"": 79, ""4"": 76}",False,15.0,-33.0,1.0,6.0,10.0,0.025,415.0,106.125,377.5,14.0,18.0,45.0,160.5,140.0,973.0,392.5,6.0,15.0,58.0,1.0,1.0,2.0,6.0,5.0,1.0,0.0,0.0,24.0,24.0,0.3,0.2857142857142857,0.0096,0.0096,0.075,0.3409090909090909,0.6590909090909091,0.375,1.0,1.0,0.4,0.5649122807017544,0.0
20260629_225103_bc53ce62,20260629_225103_bc53ce62_g0032,32,186790673,2,24,24,24,1,2,BLUE,pool_heuristic,1,1.0,[1],0,79,2,"{""1"": 97, ""2"": 79, ""3"": 79, ""4"": 76}",False,17.0,-29.0,0.0,9.0,10.0,0.025,324.0,88.25,312.75,12.0,16.0,36.75,128.0,120.0,1064.0,329.75,6.0,15.0,58.0,1.0,1.0,2.0,6.0,5.0,1.0,0.0,1.0,24.0,24.0,0.3,0.2857142857142857,0.0096,0.0096,0.075,0.3409090909090909,0.6590909090909091,0.425,1.0,1.0,0.38333333333333336,0.5701754385964912,0.0
20260629_225103_bc53ce62,20260629_225103_bc53ce62_g0032,32,186790673,2,24,24,24,1,3,YELLOW,pool_l45_100ms,2,1.0,[1],0,79,2,"{""1"": 97, ""2"": 79, ""3"": 79, ""4"": 76}",False,12.0,-39.0,5.0,5.0,10.0,0.025,132.0,39.125,119.875,10.0,9.0,16.5,45.0,39.375,1256.0,131.875,6.0,15.0,58.0,1.0,1.0,2.0,6.0,5.0,0.0,0.0,0.0,24.0,24.0,0.3,0.2857142857142857,0.0096,0.0096,0.075,0.3409090909090909,0.6590909090909091,0.3,1.0,1.0,0.425,0.39473684210526316,0.0
20260629_225103_bc53ce62,20260629_225103_bc53ce62_g0032,32,186790673,2,24,24,24,1,4,GREEN,pool_peer_500ms,3,1.0,[1],0,76,3,"{""1"": 97, ""2"": 79, ""3"": 79, ""4"": 76}",False,19.0,-25.0,1.0,8.0,10.0,0.025,517.0,130.875,470.375,17.0,21.0,54.75,192.0,185.625,871.0,489.375,6.0,15.0,58.0,1.0,1.0,2.0,6.0,5.0,0.0,0.0,0.0,24.0,24.0,0.3,0.2857142857142857,0.0096,0.0096,0.075,0.3409090909090909,0.6590909090909091,0.475,1.0,1.0,0.36666666666666664,0.5491228070175438,0.0
20260629_225103_bc53ce62,20260629_225103_bc53ce62_g0032,32,186790673,3,32,32,32,1,1,RED,champ_v3,0,1.0,[1],1,97,1,"{""1"": 97, ""2"": 79, ""3"": 79, ""4"": 76}",False,18.0,-38.0,1.0,13.0,12.0,0.03,252.0,75.375,244.5,16.0,18.0,16.5,121.5,72.5,550.0,262.5,8.0,13.0,50.0,1.0,1.0,1.0,6.0,4.0,1.0,0.0,0.0,32.0,32.0,0.3925,0.38095238095238093,0.0128,0.0128,0.095,0.4318181818181818,0.5681818181818182,0.45,1.0,1.0,0.4666666666666667,0.5997229916897506,0.0
20260629_225103_bc53ce62,20260629_225103_bc53ce62_g0032,32,186790673,3,32,32,32,1,2,BLUE,pool_heuristic,1,1.0,[1],0,79,2,"{""1"": 97, ""2"": 79, ""3"": 79, ""4"": 76}",False,21.0,-32.0,0.0,9.0,12.0,0.03,165.0,58.25,175.25,15.0,12.0,27.0,80.0,41.25,637.0,196.25,8.0,13.0,48.0,1.0,1.0,2.0,6.0,3.0,1.0,0.0,1.0,32.0,32.0,0.3925,0.38095238095238093,0.0128,0.0128,0.1,0.45454545454545453,0.5454545454545454,0.525,1.0,1.0,0.4416666666666667,0.5486842105263159,0.0
20260629_225103_bc53ce62,20260629_225103_bc53ce62_g0032,32,186790673,3,32,32,32,1,3,YELLOW,pool_l45_100ms,2,1.0,[1],0,79,2,"{""1"": 97, ""2"": 79, ""3"": 79, ""4"": 76}",False,14.0,-46.0,5.0,10.0,12.0,0.03,91.0,36.5,94.5,13.0,11.0,15.75,36.0,18.75,711.0,108.5,8.0,13.0,48.0,1.0,1.0,2.0,6.0,3.0,0.0,0.0,0.0,32.0,32.0,0.3925,0.38095238095238093,0.0128,0.0128,0.1,0.45454545454545453,0.5454545454545454,0.35,1.0,1.0,0.5,0.4236842105263158,0.0
20260629_225103_bc53ce62,20260629_225103_bc53ce62_g0032,32,186790673,3,32,32,32,1,4,GREEN,pool_peer_500ms,3,1.0,[1],0,76,3,"{""1"": 97, ""2"": 79, ""3"": 79, ""4"": 76}",False,21.0,-32.0,1.0,19.0,12.0,0.03,294.0,84.5,276.25,18.0,15.0,38.25,105.0,100.0,508.0,297.25,8.0,13.0,49.0,1.0,1.0,2.0,5.0,4.0,0.0,0.0,0.0,32.0,32.0,0.3925,0.38095238095238093,0.0128,0.0128,0.0975,0.4431818181818182,0.5568181818181818,0.525,1.0,1.0,0.4416666666666667,0.5546558704453441,0.0
20260629_225103_bc53ce62,20260629_225103_bc53ce62_g0032,32,186790673,4,40,40,40,1,1,RED,champ_v3,0,1.0,[1],1,97,1,"{""1"": 97, ""2"": 79, ""3"": 79, ""4"": 76}",False,22.0,-35.0,1.0,25.0,35.0,0.0875,72.0,33.75,77.375,15.0,11.0,10.5,31.5,9.375,250.0,99.375,10.0,11.0,41.0,1.0,1.0,1.0,5.0,3.0,1.0,0.0,0.0,40.0,40.0,0.485,0.47619047619047616,0.016,0.016,0.1175,0.5340909090909091,0.4659090909090909,0.55,1.0,1.0,0.475,0.5879059350503919,0.0
20260629_225103_bc53ce62,20260629_225103_bc53ce62_g0032,32,186790673,4,40,40,40,1,2,BLUE,pool_heuristic,1,1.0,[1],0,79,2,"{""1"": 97, ""2"": 79, ""3"": 79, ""4"": 76}",False,24.0,-31.0,0.0,13.0,35.0,0.0875,68.0,34.625,73.75,17.0,9.0,14.25,33.5,0.0,254.0,97.75,10.0,11.0,38.0,1.0,1.0,2.0,6.0,1.0,1.0,0.0,0.0,40.0,40.0,0.485,0.47619047619047616,0.016,0.016,0.125,0.5681818181818182,0.4318181818181818,0.6,1.0,1.0,0.4583333333333333,0.5273684210526315,0.0
20260629_225103_bc53ce62,20260629_225103_bc53ce62_g0032,32,186790673,4,40,40,40,1,3,YELLOW,pool_l45_100ms,2,1.0,[1],0,79,2,"{""1"": 97, ""2"": 79, ""3"": 79, ""4"": 76}",False,10.0,-59.0,5.0,11.0,35.0,0.0875,20.0,13.125,20.25,9.0,4.0,3.75,3.5,0.0,302.0,30.25,10.0,11.0,39.0,1.0,1.0,2.0,5.0,2.0,0.0,0.0,0.0,40.0,40.0,0.485,0.47619047619047616,0.016,0.016,0.1225,0.5568181818181818,0.4431818181818182,0.25,0.45,1.0,0.575,0.3877551020408163,0.0
20260629_225103_bc53ce62,20260629_225103_bc53ce62_g0032,32,186790673,4,40,40,40,1,4,GREEN,pool_peer_500ms,3,1.0,[1],0,76,3,"{""1"": 97, ""2"": 79, ""3"": 79, ""4"": 76}",False,23.0,-33.0,1.0,31.0,35.0,0.0875,162.0,55.0,158.375,17.0,11.0,27.0,56.5,46.875,160.0,181.375,10.0,11.0,40.0,1.0,1.0,2.0,4.0,3.0,0.0,0.0,0.0,40.0,40.0,0.485,0.47619047619047616,0.016,0.016,0.12,0.5454545454545454,0.45454545454545453,0.575,1.0,1.0,0.4666666666666667,0.5394736842105263,0.0
20260629_225103_bc53ce62,20260629_225103_bc53ce62_g0032,32,186790673,5,48,48,48,1,1,RED,champ_v3,0,1.0,[1],1,97,1,"{""1"": 97, ""2"": 79, ""3"": 79, ""4"": 76}",False,25.0,-31.0,1.0,37.0,38.0,0.095,77.0,34.0,77.25,16.0,10.0,10.5,27.0,13.75,84.0,102.25,12.0,9.0,32.0,1.0,1.0,1.0,4.0,2.0,1.0,0.0,0.0,48.0,48.0,0.57,0.5714285714285714,0.0192,0.0192,0.14,0.6363636363636364,0.36363636363636365,0.625,1.0,1.0,0.4666666666666667,0.5714285714285714,0.0
20260629_225103_bc53ce62,20260629_225103_bc53ce62_g0032,32,186790673,5,48,48,48,1,2,BLUE,pool_heuristic,1,1.0,[1],0,79,2,"{""1"": 97, ""2"": 79, ""3"": 79, ""4"": 76}",False,24.0,-33.0,0.0,29.0,38.0,0.095,40.0,25.5,41.25,17.0,7.0,8.25,9.0,0.0,121.0,65.25,12.0,9.0,30.0,1.0,1.0,2.0,4.0,1.0,1.0,0.0,0.0,48.0,48.0,0.57,0.5714285714285714,0.0192,0.0192,0.145,0.6590909090909091,0.3409090909090909,0.6,1.0,1.0,0.475,0.5027223230490018,0.0
20260629_225103_bc53ce62,20260629_225103_bc53ce62_g0032,32,186790673,5,48,48,48,1,3,YELLOW,pool_l45_100ms,2,1.0,[1],0,79,2,"{""1"": 97, ""2"": 79, ""3"": 79, ""4"": 76}",False,9.0,-63.0,3.0,22.0,38.0,0.095,9.0,8.5,9.0,8.0,1.0,0.0,0.0,0.0,152.0,18.0,12.0,9.0,31.0,1.0,1.0,1.0,5.0,1.0,0.0,0.0,0.0,48.0,48.0,0.57,0.5714285714285714,0.0192,0.0192,0.1425,0.6477272727272727,0.3522727272727273,0.225,0.35,1.0,0.6,0.4349030470914128,0.0
20260629_225103_bc53ce62,20260629_225103_bc53ce62_g0032,32,186790673,5,48,48,48,1,4,GREEN,pool_peer_500ms,3,1.0,[1],0,76,3,"{""1"": 97, ""2"": 79, ""3"": 79, ""4"": 76}",False,23.0,-35.0,1.0,38.0,38.0,0.095,35.0,22.75,36.0,16.0,5.0,6.75,7.0,1.25,126.0,59.0,12.0,9.0,31.0,1.0,1.0,2.0,3.0,2.0,0.0,0.0,0.0,48.0,48.0,0.57,0.5714285714285714,0.0192,0.0192,0.1425,0.6477272727272727,0.3522727272727273,0.575,1.0,1.0,0.4833333333333333,0.5207756232686981,0.0
20260629_225103_bc53ce62,20260629_225103_bc53ce62_g0032,32,186790673,6,56,56,56,1,1,RED,champ_v3,0,1.0,[1],1,97,1,"{""1"": 97, ""2"": 79, ""3"": 79, ""4"": 76}",False,26.0,-30.0,1.0,48.0,28.0,0.07,37.0,24.75,41.0,16.0,8.0,6.0,11.0,0.0,13.0,67.0,14.0,7.0,22.0,1.0,1.0,1.0,4.0,0.0,0.0,0.0,0.0,56.0,56.0,0.6275,0.6666666666666666,0.0224,0.0224,0.165,0.75,0.25,0.65,1.0,0.8,0.4666666666666667,0.5231259968102073,0.0
20260629_225103_bc53ce62,20260629_225103_bc53ce62_g0032,32,186790673,6,56,56,56,1,2,BLUE,pool_heuristic,1,1.0,[1],0,79,2,"{""1"": 97, ""2"": 79, ""3"": 79, ""4"": 76}",False,25.0,-32.0,0.0,39.0,28.0,0.07,8.0,4.0,11.0,0.0,4.0,3.0,4.0,0.0,42.0,36.0,14.0,7.0,25.0,0.0,1.0,2.0,3.0,1.0,1.0,0.0,0.0,56.0,56.0,0.6275,0.6666666666666666,0.0224,0.0224,0.1575,0.7159090909090909,0.2840909090909091,0.625,1.0,1.0,0.475,0.5229741019214704,0.0
20260629_225103_bc53ce62,20260629_225103_bc53ce62_g0032,32,186790673,6,56,56,56,1,3,YELLOW,pool_l45_100ms,2,1.0,[1],0,79,2,"{""1"": 97, ""2"": 79, ""3"": 79, ""4"": 76}",False,8.0,-66.0,2.0,27.0,28.0,0.07,1.0,0.25,1.0,0.0,0.0,0.0,1.0,0.0,49.0,9.0,14.0,7.0,28.0,0.0,0.0,1.0,5.0,1.0,0.0,0.0,0.0,56.0,56.0,0.6275,0.6666666666666666,0.0224,0.0224,0.15,0.6818181818181818,0.3181818181818182,0.2,0.36666666666666664,1.0,0.6166666666666667,0.4552631578947368,0.0
20260629_225103_bc53ce62,20260629_225103_bc53ce62_g0032,32,186790673,6,56,56,56,1,4,GREEN,pool_peer_500ms,3,1.0,[1],0,76,3,"{""1"": 97, ""2"": 79, ""3"": 79, ""4"": 76}",False,23.0,-36.0,1.0,44.0,28.0,0.07,4.0,1.375,4.25,0.0,1.0,1.5,0.5,1.25,46.0,27.25,14.0,7.0,26.0,0.0,1.0,2.0,2.0,2.0,0.0,0.0,0.0,56.0,56.0,0.6275,0.6666666666666666,0.0224,0.0224,0.155,0.7045454545454546,0.29545454545454547,0.575,1.0,1.0,0.4916666666666667,0.5076400679117148,0.0
20260629_225103_bc53ce62,20260629_225103_bc53ce62_g0032,32,186790673,7,64,64,69,2,1,RED,champ_v3,0,1.0,[1],1,97,1,"{""1"": 97, ""2"": 79, ""3"": 79, ""4"": 76}",False,27.0,-28.0,1.0,58.0,36.0,0.09,6.0,1.875,7.5,0.0,0.0,0.0,7.5,0.0,0.0,34.5,18.0,3.0,12.0,0.0,0.0,0.0,3.0,0.0,0.0,0.0,0.0,64.0,69.0,0.6825,0.8571428571428571,0.0276,0.0256,0.19,0.8636363636363636,0.13636363636363635,0.675,0.7333333333333333,0.8,0.4583333333333333,0.5090027700831025,0.0
20260629_225103_bc53ce62,20260629_225103_bc53ce62_g0032,32,186790673,7,64,64,69,2,2,BLUE,pool_heuristic,1,1.0,[1],0,79,2,"{""1"": 97, ""2"": 79, ""3"": 79, ""4"": 76}",False,25.0,-32.0,0.0,51.0,36.0,0.09,0.0,0.0,0.0,0.0,0.0,0.0,0.0,0.0,6.0,25.0,16.0,5.0,20.0,0.0,0.0,1.0,3.0,1.0,1.0,0.0,0.0,64.0,69.0,0.6825,0.7619047619047619,0.0276,0.0256,0.17,0.7727272727272727,0.22727272727272727,0.625,0.7666666666666667,1.0,0.475,0.5162538699690402,0.0
20260629_225103_bc53ce62,20260629_225103_bc53ce62_g0032,32,186790673,7,64,64,69,2,3,YELLOW,pool_l45_100ms,2,1.0,[1],0,79,2,"{""1"": 97, ""2"": 79, ""3"": 79, ""4"": 76}",False,7.0,-68.0,0.0,35.0,36.0,0.09,0.0,0.0,0.0,0.0,0.0,0.0,0.0,0.0,6.0,7.0,15.0,6.0,24.0,0.0,0.0,1.0,4.0,1.0,0.0,0.0,0.0,64.0,69.0,0.6825,0.7142857142857143,0.0276,0.0256,0.16,0.7272727272727273,0.2727272727272727,0.175,0.25,1.0,0.625,0.48519736842105265,0.0
20260629_225103_bc53ce62,20260629_225103_bc53ce62_g0032,32,186790673,7,64,64,69,2,4,GREEN,pool_peer_500ms,3,1.0,[1],0,76,3,"{""1"": 97, ""2"": 79, ""3"": 79, ""4"": 76}",False,23.0,-36.0,1.0,50.0,36.0,0.09,0.0,0.0,0.0,0.0,0.0,0.0,0.0,0.0,6.0,23.0,15.0,6.0,23.0,0.0,1.0,1.0,2.0,2.0,0.0,0.0,0.0,64.0,69.0,0.6825,0.7142857142857143,0.0276,0.0256,0.1625,0.7386363636363636,0.26136363636363635,0.575,1.0,1.0,0.4916666666666667,0.5036437246963563,0.0
20260629_225103_bc53ce62,20260629_225103_bc53ce62_g0033,33,556319705,0,8,8,8,1,1,RED,pool_heuristic,0,4.0,[4],0,72,4,"{""1"": 72, ""2"": 81, ""3"": 92, ""4"": 94}",False,5.0,-18.0,9.0,0.0,3.0,0.0075,290.0,70.625,284.0,5.0,8.0,22.5,88.5,160.0,1413.0,289.0,2.0,19.0,78.0,1.0,1.0,2.0,6.0,9.0,1.0,1.0,1.0,8.0,8.0,0.1,0.09523809523809523,0.0032,0.0032,0.025,0.11363636363636363,0.8863636363636364,0.125,1.0,1.0,0.19166666666666668,0.2315789473684211,0.0
20260629_225103_bc53ce62,20260629_225103_bc53ce62_g0033,33,556319705,0,8,8,8,1,2,BLUE,pool_l45_100ms,1,4.0,[4],0,81,3,"{""1"": 72, ""2"": 81, ""3"": 92, ""4"": 94}",False,5.0,-18.0,9.0,0.0,3.0,0.0075,327.0,76.25,309.5,5.0,8.0,24.0,95.0,177.5,1376.0,314.5,2.0,19.0,78.0,1.0,1.0,2.0,6.0,9.0,1.0,1.0,0.0,8.0,8.0,0.1,0.09523809523809523,0.0032,0.0032,0.025,0.11363636363636363,0.8863636363636364,0.125,1.0,1.0,0.19166666666666668,0.15263157894736834,0.0
20260629_225103_bc53ce62,20260629_225103_bc53ce62_g0033,33,556319705,0,8,8,8,1,3,YELLOW,pool_peer_500ms,2,4.0,[4],0,92,2,"{""1"": 72, ""2"": 81, ""3"": 92, ""4"": 94}",False,9.0,-10.0,9.0,0.0,3.0,0.0075,543.0,122.625,488.75,9.0,15.0,41.25,153.5,270.0,1160.0,497.75,2.0,19.0,78.0,1.0,1.0,2.0,6.0,9.0,1.0,0.0,0.0,8.0,8.0,0.1,0.09523809523809523,0.0032,0.0032,0.025,0.11363636363636363,0.8863636363636364,0.225,1.0,1.0,0.15833333333333333,0.23684210526315785,0.0
20260629_225103_bc53ce62,20260629_225103_bc53ce62_g0033,33,556319705,0,8,8,8,1,4,GREEN,champ_v3,3,4.0,[4],1,94,1,"{""1"": 72, ""2"": 81, ""3"": 92, ""4"": 94}",False,9.0,-10.0,9.0,0.0,3.0,0.0075,543.0,122.625,488.75,9.0,15.0,41.25,153.5,270.0,1160.0,497.75,2.0,19.0,78.0,1.0,1.0,2.0,6.0,9.0,1.0,0.0,0.0,8.0,8.0,0.1,0.09523809523809523,0.0032,0.0032,0.025,0.11363636363636363,0.8863636363636364,0.225,1.0,1.0,0.15833333333333333,0.23684210526315785,0.0
20260629_225103_bc53ce62,20260629_225103_bc53ce62_g0033,33,556319705,1,16,16,16,1,1,RED,pool_heuristic,0,4.0,[4],0,72,4,"{""1"": 72, ""2"": 81, ""3"": 92, ""4"": 94}",False,11.0,-29.0,5.0,0.0,3.0,0.0075,503.0,140.5,544.375,11.0,19.0,54.75,196.5,263.125,2031.0,555.375,4.0,17.0,68.0,1.0,1.0,2.0,6.0,7.0,1.0,1.0,1.0,16.0,16.0,0.2,0.19047619047619047,0.0064,0.0064,0.05,0.22727272727272727,0.7727272727272727,0.275,1.0,1.0,0.33333333333333337,0.42894736842105263,0.0
20260629_225103_bc53ce62,20260629_225103_bc53ce62_g0033,33,556319705,1,16,16,16,1,2,BLUE,pool_l45_100ms,1,4.0,[4],0,81,3,"{""1"": 72, ""2"": 81, ""3"": 92, ""4"": 94}",False,9.0,-33.0,6.0,0.0,3.0,0.0075,528.0,122.375,477.5,9.0,16.0,45.0,177.5,230.0,2006.0,486.5,4.0,17.0,68.0,1.0,1.0,2.0,6.0,7.0,1.0,0.0,0.0,16.0,16.0,0.2,0.19047619047619047,0.0064,0.0064,0.05,0.22727272727272727,0.7727272727272727,0.225,1.0,1.0,0.35,0.3263157894736842,0.0
20260629_225103_bc53ce62,20260629_225103_bc53ce62_g0033,33,556319705,1,16,16,16,1,3,YELLOW,pool_peer_500ms,2,4.0,[4],0,92,2,"{""1"": 72, ""2"": 81, ""3"": 92, ""4"": 94}",False,16.0,-19.0,0.0,3.0,3.0,0.0075,824.0,204.375,797.875,15.0,27.0,76.5,290.0,389.375,1710.0,813.875,4.0,17.0,68.0,1.0,1.0,2.0,6.0,7.0,1.0,0.0,0.0,16.0,16.0,0.2,0.19047619047619047,0.0064,0.0064,0.05,0.22727272727272727,0.7727272727272727,0.4,1.0,1.0,0.29166666666666663,0.49473684210526314,0.0
20260629_225103_bc53ce62,20260629_225103_bc53ce62_g0033,33,556319705,1,16,16,16,1,4,GREEN,champ_v3,3,4.0,[4],1,94,1,"{""1"": 72, ""2"": 81, ""3"": 92, ""4"": 94}",False,15.0,-21.0,1.0,3.0,3.0,0.0075,679.0,172.375,654.875,15.0,26.0,70.5,244.0,299.375,1855.0,669.875,4.0,17.0,68.0,1.0,1.0,2.0,6.0,7.0,1.0,0.0,0.0,16.0,16.0,0.2,0.19047619047619047,0.0064,0.0064,0.05,0.22727272727272727,0.7727272727272727,0.375,1.0,1.0,0.3,0.4894736842105264,0.0
20260629_225103_bc53ce62,20260629_225103_bc53ce62_g0033,33,556319705,2,24,24,24,1,1,RED,pool_heuristic,0,4.0,[4],0,72,4,"{""1"": 72, ""2"": 81, ""3"": 92, ""4"": 94}",False,17.0,-35.0,1.0,3.0,5.0,0.0125,345.0,109.25,386.5,14.0,21.0,48.75,159.0,143.75,1224.0,403.5,6.0,15.0,58.0,1.0,1.0,2.0,6.0,5.0,1.0,1.0,1.0,24.0,24.0,0.3,0.2857142857142857,0.0096,0.0096,0.075,0.3409090909090909,0.6590909090909091,0.425,1.0,1.0,0.4333333333333333,0.5263157894736843,0.0
20260629_225103_bc53ce62,20260629_225103_bc53ce62_g0033,33,556319705,2,24,24,24,1,2,BLUE,pool_l45_100ms,1,4.0,[4],0,81,3,"{""1"": 72, ""2"": 81, ""3"": 92, ""4"": 94}",False,13.0,-43.0,6.0,1.0,5.0,0.0125,297.0,77.0,263.125,12.0,15.0,34.5,113.5,88.125,1272.0,276.125,6.0,15.0,58.0,1.0,1.0,2.0,6.0,5.0,0.0,0.0,0.0,24.0,24.0,0.3,0.2857142857142857,0.0096,0.0096,0.075,0.3409090909090909,0.6590909090909091,0.325,1.0,1.0,0.4666666666666667,0.38596491228070173,0.0
20260629_225103_bc53ce62,20260629_225103_bc53ce62_g0033,33,556319705,2,24,24,24,1,3,YELLOW,pool_peer_500ms,2,4.0,[4],0,92,2,"{""1"": 72, ""2"": 81, ""3"": 92, ""4"": 94}",False,18.0,-33.0,0.0,13.0,5.0,0.0125,532.0,146.75,525.0,17.0,26.0,65.25,233.0,183.75,1037.0,543.0,6.0,15.0,58.0,1.0,1.0,2.0,6.0,5.0,0.0,0.0,0.0,24.0,24.0,0.3,0.2857142857142857,0.0096,0.0096,0.075,0.3409090909090909,0.6590909090909091,0.45,1.0,1.0,0.425,0.5894736842105264,0.0
20260629_225103_bc53ce62,20260629_225103_bc53ce62_g0033,33,556319705,2,24,24,24,1,4,GREEN,champ_v3,3,4.0,[4],1,94,1,"{""1"": 72, ""2"": 81, ""3"": 92, ""4"": 94}",False,21.0,-27.0,0.0,12.0,5.0,0.0125,395.0,122.5,413.25,19.0,25.0,58.5,187.0,123.75,1174.0,434.25,6.0,15.0,58.0,1.0,1.0,2.0,6.0,5.0,1.0,0.0,0.0,24.0,24.0,0.3,0.2857142857142857,0.0096,0.0096,0.075,0.3409090909090909,0.6590909090909091,0.525,1.0,1.0,0.4,0.5929824561403509,0.0
20260629_225103_bc53ce62,20260629_225103_bc53ce62_g0033,33,556319705,3,32,32,32,1,1,RED,pool_heuristic,0,4.0,[4],0,72,4,"{""1"": 72, ""2"": 81, ""3"": 92, ""4"": 94}",False,23.0,-35.0,1.0,9.0,8.0,0.02,152.0,60.5,162.25,19.0,18.0,30.75,67.0,27.5,593.0,185.25,8.0,13.0,48.0,1.0,1.0,2.0,6.0,3.0,1.0,1.0,0.0,32.0,32.0,0.395,0.38095238095238093,0.0128,0.0128,0.1,0.45454545454545453,0.5454545454545454,0.575,1.0,1.0,0.4833333333333333,0.5,0.0
20260629_225103_bc53ce62,20260629_225103_bc53ce62_g0033,33,556319705,3,32,32,32,1,2,BLUE,pool_l45_100ms,1,4.0,[4],0,81,3,"{""1"": 72, ""2"": 81, ""3"": 92, ""4"": 94}",False,12.0,-57.0,3.0,4.0,8.0,0.02,115.0,39.875,114.25,10.0,11.0,21.0,58.5,13.75,630.0,126.25,8.0,13.0,48.0,1.0,1.0,2.0,6.0,3.0,0.0,0.0,0.0,32.0,32.0,0.395,0.38095238095238093,0.0128,0.0128,0.1,0.45454545454545453,0.5454545454545454,0.3,1.0,1.0,0.575,0.43947368421052635,0.0
20260629_225103_bc53ce62,20260629_225103_bc53ce62_g0033,33,556319705,3,32,32,32,1,3,YELLOW,pool_peer_500ms,2,4.0,[4],0,92,2,"{""1"": 72, ""2"": 81, ""3"": 92, ""4"": 94}",False,22.0,-37.0,0.0,19.0,8.0,0.02,320.0,99.625,321.25,18.0,24.0,53.25,133.5,92.5,425.0,343.25,8.0,13.0,49.0,1.0,1.0,2.0,5.0,4.0,0.0,0.0,0.0,32.0,32.0,0.395,0.38095238095238093,0.0128,0.0128,0.0975,0.4431818181818182,0.5568181818181818,0.55,1.0,1.0,0.4916666666666667,0.5951417004048583,0.0
20260629_225103_bc53ce62,20260629_225103_bc53ce62_g0033,33,556319705,3,32,32,32,1,4,GREEN,champ_v3,3,4.0,[4],1,94,1,"{""1"": 72, ""2"": 81, ""3"": 92, ""4"": 94}",False,24.0,-33.0,0.0,20.0,8.0,0.02,158.0,59.375,167.375,18.0,16.0,26.25,64.0,43.125,587.0,191.375,8.0,13.0,49.0,1.0,1.0,2.0,5.0,4.0,0.0,0.0,0.0,32.0,32.0,0.395,0.38095238095238093,0.0128,0.0128,0.0975,0.4431818181818182,0.5568181818181818,0.6,1.0,1.0,0.475,0.6261808367071525,0.0
20260629_225103_bc53ce62,20260629_225103_bc53ce62_g0033,33,556319705,4,40,40,40,1,1,RED,pool_heuristic,0,4.0,[4],0,72,4,"{""1"": 72, ""2"": 81, ""3"": 92, ""4"": 94}",False,21.0,-46.0,1.0,14.0,12.0,0.03,41.0,24.375,40.0,15.0,9.0,10.5,5.5,0.0,291.0,61.0,10.0,11.0,39.0,1.0,1.0,2.0,5.0,2.0,1.0,0.0,0.0,40.0,40.0,0.4875,0.47619047619047616,0.016,0.016,0.1225,0.5568181818181818,0.4431818181818182,0.525,1.0,1.0,0.5583333333333333,0.4844253490870032,0.0
20260629_225103_bc53ce62,20260629_225103_bc53ce62_g0033,33,556319705,4,40,40,40,1,2,BLUE,pool_l45_100ms,1,4.0,[4],0,81,3,"{""1"": 72, ""2"": 81, ""3"": 92, ""4"": 94}",False,11.0,-66.0,3.0,11.0,12.0,0.03,75.0,26.875,70.5,9.0,8.0,10.5,35.5,7.5,257.0,81.5,10.0,11.0,38.0,1.0,1.0,2.0,6.0,1.0,0.0,0.0,0.0,40.0,40.0,0.4875,0.47619047619047616,0.016,0.016,0.125,0.5681818181818182,0.4318181818181818,0.275,1.0,1.0,0.6416666666666667,0.4452631578947369,0.0
20260629_225103_bc53ce62,20260629_225103_bc53ce62_g0033,33,556319705,4,40,40,40,1,3,YELLOW,pool_peer_500ms,2,4.0,[4],0,92,2,"{""1"": 72, ""2"": 81, ""3"": 92, ""4"": 94}",False,27.0,-34.0,0.0,28.0,12.0,0.03,128.0,54.25,127.0,22.0,19.0,27.75,37.0,21.25,204.0,154.0,10.0,11.0,40.0,1.0,1.0,2.0,4.0,3.0,0.0,0.0,0.0,40.0,40.0,0.4875,0.47619047619047616,0.016,0.016,0.12,0.5454545454545454,0.45454545454545453,0.675,1.0,1.0,0.5083333333333333,0.5701754385964912,0.0
20260629_225103_bc53ce62,20260629_225103_bc53ce62_g0033,33,556319705,4,40,40,40,1,4,GREEN,champ_v3,3,4.0,[4],1,94,1,"{""1"": 72, ""2"": 81, ""3"": 92, ""4"": 94}",False,29.0,-30.0,0.0,25.0,12.0,0.03,88.0,45.25,97.0,22.0,15.0,19.5,23.0,17.5,244.0,126.0,10.0,11.0,40.0,1.0,1.0,2.0,4.0,3.0,0.0,0.0,0.0,40.0,40.0,0.4875,0.47619047619047616,0.016,0.016,0.12,0.5454545454545454,0.45454545454545453,0.725,1.0,1.0,0.4916666666666667,0.5986842105263157,0.0
20260629_225103_bc53ce62,20260629_225103_bc53ce62_g0033,33,556319705,5,48,48,48,1,1,RED,pool_heuristic,0,4.0,[4],0,72,4,"{""1"": 72, ""2"": 81, ""3"": 92, ""4"": 94}",False,16.0,-52.0,1.0,21.0,22.0,0.055,16.0,12.5,16.0,10.0,3.0,3.0,0.0,0.0,135.0,32.0,12.0,9.0,31.0,1.0,1.0,2.0,3.0,2.0,1.0,0.0,0.0,48.0,48.0,0.575,0.5714285714285714,0.0192,0.0192,0.1425,0.6477272727272727,0.3522727272727273,0.4,0.7333333333333333,1.0,0.5666666666666667,0.45983379501385035,0.0
20260629_225103_bc53ce62,20260629_225103_bc53ce62_g0033,33,556319705,5,48,48,48,1,2,BLUE,pool_l45_100ms,1,4.0,[4],0,81,3,"{""1"": 72, ""2"": 81, ""3"": 92, ""4"": 94}",False,12.0,-60.0,3.0,19.0,22.0,0.055,26.0,16.125,26.25,10.0,7.0,3.75,5.5,0.0,125.0,38.25,12.0,9.0,29.0,1.0,1.0,2.0,5.0,0.0,0.0,0.0,0.0,48.0,48.0,0.575,0.5714285714285714,0.0192,0.0192,0.1475,0.6704545454545454,0.32954545454545453,0.3,1.0,0.8,0.6,0.415700267618198,0.0
20260629_225103_bc53ce62,20260629_225103_bc53ce62_g0033,33,556319705,5,48,48,48,1,3,YELLOW,pool_peer_500ms,2,4.0,[4],0,92,2,"{""1"": 72, ""2"": 81, ""3"": 92, ""4"": 94}",False,27.0,-30.0,0.0,43.0,22.0,0.055,51.0,31.5,53.25,19.0,13.0,10.5,7.0,3.75,100.0,80.25,12.0,9.0,31.0,1.0,1.0,2.0,3.0,2.0,0.0,0.0,0.0,48.0,48.0,0.575,0.5714285714285714,0.0192,0.0192,0.1425,0.6477272727272727,0.3522727272727273,0.675,1.0,1.0,0.475,0.5558633425669437,0.0
20260629_225103_bc53ce62,20260629_225103_bc53ce62_g0033,33,556319705,5,48,48,48,1,4,GREEN,champ_v3,3,4.0,[4],1,94,1,"{""1"": 72, ""2"": 81, ""3"": 92, ""4"": 94}",False,29.0,-26.0,0.0,34.0,22.0,0.055,58.0,37.75,63.5,23.0,14.0,14.25,11.0,1.25,93.0,92.5,12.0,9.0,31.0,1.0,1.0,2.0,3.0,2.0,0.0,0.0,0.0,48.0,48.0,0.575,0.5714285714285714,0.0192,0.0192,0.1425,0.6477272727272727,0.3522727272727273,0.725,1.0,1.0,0.4583333333333333,0.5900277008310248,0.0
20260629_225103_bc53ce62,20260629_225103_bc53ce62_g0033,33,556319705,6,56,56,56,1,1,RED,pool_heuristic,0,4.0,[4],0,72,4,"{""1"": 72, ""2"": 81, ""3"": 92, ""4"": 94}",False,14.0,-55.0,1.0,35.0,26.0,0.065,1.0,0.5,1.0,0.0,1.0,0.0,0.0,0.0,85.0,15.0,14.0,7.0,27.0,0.0,1.0,1.0,3.0,2.0,1.0,0.0,0.0,56.0,56.0,0.6375,0.6666666666666666,0.0224,0.0224,0.1525,0.6931818181818182,0.3068181818181818,0.35,0.45,1.0,0.575,0.453839516824849,0.0
20260629_225103_bc53ce62,20260629_225103_bc53ce62_g0033,33,556319705,6,56,56,56,1,2,BLUE,pool_l45_100ms,1,4.0,[4],0,81,3,"{""1"": 72, ""2"": 81, ""3"": 92, ""4"": 94}",False,12.0,-59.0,3.0,26.0,26.0,0.065,18.0,13.75,18.25,10.0,6.0,2.25,0.0,0.0,68.0,30.25,14.0,7.0,21.0,1.0,1.0,2.0,3.0,0.0,0.0,0.0,0.0,56.0,56.0,0.6375,0.6666666666666666,0.0224,0.0224,0.1675,0.7613636363636364,0.23863636363636365,0.3,0.7666666666666667,0.8,0.5916666666666667,0.403770620581304,0.0
20260629_225103_bc53ce62,20260629_225103_bc53ce62_g0033,33,556319705,6,56,56,56,1,3,YELLOW,pool_peer_500ms,2,4.0,[4],0,92,2,"{""1"": 72, ""2"": 81, ""3"": 92, ""4"": 94}",False,29.0,-25.0,0.0,50.0,26.0,0.065,30.0,23.625,35.125,19.0,0.0,7.5,8.0,0.625,56.0,64.125,14.0,7.0,26.0,1.0,0.0,1.0,3.0,2.0,0.0,0.0,0.0,56.0,56.0,0.6375,0.6666666666666666,0.0224,0.0224,0.155,0.7045454545454546,0.29545454545454547,0.725,1.0,1.0,0.45,0.5517826825127334,0.0
20260629_225103_bc53ce62,20260629_225103_bc53ce62_g0033,33,556319705,6,56,56,56,1,4,GREEN,champ_v3,3,4.0,[4],1,94,1,"{""1"": 72, ""2"": 81, ""3"": 92, ""4"": 94}",False,28.0,-27.0,0.0,46.0,26.0,0.065,37.0,27.25,41.5,18.0,11.0,7.5,5.0,0.0,49.0,69.5,14.0,7.0,23.0,1.0,1.0,1.0,3.0,1.0,0.0,0.0,0.0,56.0,56.0,0.6375,0.6666666666666666,0.0224,0.0224,0.1625,0.7386363636363636,0.26136363636363635,0.7,0.9333333333333333,1.0,0.4583333333333333,0.5765182186234818,0.0
20260629_225103_bc53ce62,20260629_225103_bc53ce62_g0033,33,556319705,7,64,64,66,3,1,RED,pool_heuristic,0,4.0,[4],0,72,4,"{""1"": 72, ""2"": 81, ""3"": 92, ""4"": 94}",False,11.0,-52.0,1.0,37.0,41.0,0.1025,0.0,0.0,0.0,0.0,0.0,0.0,0.0,0.0,23.0,11.0,15.0,6.0,25.0,0.0,0.0,1.0,3.0,2.0,1.0,0.0,0.0,64.0,66.0,0.69,0.7142857142857143,0.0264,0.0256,0.1575,0.7159090909090909,0.2840909090909091,0.275,0.3,1.0,0.525,0.46532999164578115,0.0
20260629_225103_bc53ce62,20260629_225103_bc53ce62_g0033,33,556319705,7,64,64,66,3,2,BLUE,pool_l45_100ms,1,4.0,[4],0,81,3,"{""1"": 72, ""2"": 81, ""3"": 92, ""4"": 94}",False,10.0,-54.0,3.0,36.0,41.0,0.1025,2.0,1.0,2.0,0.0,2.0,0.0,0.0,0.0,21.0,12.0,17.0,4.0,14.0,0.0,1.0,0.0,3.0,0.0,0.0,0.0,0.0,64.0,66.0,0.69,0.8095238095238095,0.0264,0.0256,0.185,0.8409090909090909,0.1590909090909091,0.25,0.48333333333333334,0.8,0.5333333333333333,0.4004267425320057,0.0
20260629_225103_bc53ce62,20260629_225103_bc53ce62_g0033,33,556319705,7,64,64,66,3,3,YELLOW,pool_peer_500ms,2,4.0,[4],0,92,2,"{""1"": 72, ""2"": 81, ""3"": 92, ""4"": 94}",False,27.0,-20.0,0.0,57.0,41.0,0.1025,20.0,18.0,25.5,15.0,0.0,4.5,6.0,0.0,3.0,52.5,16.0,5.0,17.0,1.0,0.0,1.0,2.0,1.0,0.0,0.0,0.0,64.0,66.0,0.69,0.7619047619047619,0.0264,0.0256,0.1775,0.8068181818181818,0.19318181818181818,0.675,1.0,1.0,0.39166666666666666,0.5277983691623425,0.0
20260629_225103_bc53ce62,20260629_225103_bc53ce62_g0033,33,556319705,7,64,64,66,3,4,GREEN,champ_v3,3,4.0,[4],1,94,1,"{""1"": 72, ""2"": 81, ""3"": 92, ""4"": 94}",False,26.0,-22.0,0.0,54.0,41.0,0.1025,1.0,0.5,1.5,0.0,0.0,1.5,0.0,0.0,22.0,27.5,16.0,5.0,20.0,0.0,0.0,1.0,3.0,1.0,0.0,0.0,0.0,64.0,66.0,0.69,0.7619047619047619,0.0264,0.0256,0.17,0.7727272727272727,0.22727272727272727,0.65,0.65,1.0,0.4,0.5712074303405573,0.0
20260629_225103_bc53ce62,20260629_225103_bc53ce62_g0034,34,1581909420,0,8,8,8,1,1,RED,pool_l45_100ms,0,3.0,[3],0,75,3,"{""1"": 75, ""2"": 96, ""3"": 118, ""4"": 71}",False,6.0,-19.0,9.0,0.0,1.0,0.0025,388.0,90.5,366.25,6.0,10.0,28.5,113.0,208.75,1477.0,372.25,2.0,19.0,78.0,1.0,1.0,2.0,6.0,9.0,1.0,1.0,0.0,8.0,8.0,0.1,0.09523809523809523,0.0032,0.0032,0.025,0.11363636363636363,0.8863636363636364,0.15,1.0,1.0,0.20833333333333334,0.20526315789473681,0.0
20260629_225103_bc53ce62,20260629_225103_bc53ce62_g0034,34,1581909420,0,8,8,8,1,2,BLUE,pool_peer_500ms,1,3.0,[3],0,96,2,"{""1"": 75, ""2"": 96, ""3"": 118, ""4"": 71}",False,9.0,-13.0,9.0,0.0,1.0,0.0025,543.0,122.625,488.75,9.0,15.0,41.25,153.5,270.0,1322.0,497.75,2.0,19.0,78.0,1.0,1.0,2.0,6.0,9.0,1.0,0.0,0.0,8.0,8.0,0.1,0.09523809523809523,0.0032,0.0032,0.025,0.11363636363636363,0.8863636363636364,0.225,1.0,1.0,0.18333333333333332,0.23684210526315785,0.0
20260629_225103_bc53ce62,20260629_225103_bc53ce62_g0034,34,1581909420,0,8,8,8,1,3,YELLOW,champ_v3,2,3.0,[3],1,118,1,"{""1"": 75, ""2"": 96, ""3"": 118, ""4"": 71}",False,9.0,-13.0,9.0,0.0,1.0,0.0025,543.0,122.625,488.75,9.0,15.0,41.25,153.5,270.0,1322.0,497.75,2.0,19.0,78.0,1.0,1.0,2.0,6.0,9.0,1.0,0.0,0.0,8.0,8.0,0.1,0.09523809523809523,0.0032,0.0032,0.025,0.11363636363636363,0.8863636363636364,0.225,1.0,1.0,0.18333333333333332,0.23684210526315785,0.0
20260629_225103_bc53ce62,20260629_225103_bc53ce62_g0034,34,1581909420,0,8,8,8,1,4,GREEN,pool_heuristic,3,3.0,[3],0,71,4,"{""1"": 75, ""2"": 96, ""3"": 118, ""4"": 71}",False,7.0,-17.0,9.0,0.0,1.0,0.0025,391.0,101.625,407.625,7.0,12.0,33.75,128.0,226.875,1474.0,414.625,2.0,19.0,78.0,1.0,1.0,2.0,6.0,9.0,1.0,1.0,1.0,8.0,8.0,0.1,0.09523809523809523,0.0032,0.0032,0.025,0.11363636363636363,0.8863636363636364,0.175,1.0,1.0,0.2,0.2315789473684211,0.0
20260629_225103_bc53ce62,20260629_225103_bc53ce62_g0034,34,1581909420,1,16,16,16,1,1,RED,pool_l45_100ms,0,3.0,[3],0,75,3,"{""1"": 75, ""2"": 96, ""3"": 118, ""4"": 71}",False,10.0,-34.0,7.0,0.0,1.0,0.0025,526.0,122.25,471.75,10.0,17.0,45.0,176.0,223.75,1787.0,481.75,4.0,17.0,68.0,1.0,1.0,2.0,6.0,7.0,1.0,0.0,0.0,16.0,16.0,0.2,0.19047619047619047,0.0064,0.0064,0.05,0.22727272727272727,0.7727272727272727,0.25,1.0,1.0,0.36666666666666664,0.3236842105263158,0.0
20260629_225103_bc53ce62,20260629_225103_bc53ce62_g0034,34,1581909420,1,16,16,16,1,2,BLUE,pool_peer_500ms,1,3.0,[3],0,96,2,"{""1"": 75, ""2"": 96, ""3"": 118, ""4"": 71}",False,16.0,-22.0,0.0,2.0,1.0,0.0025,721.0,179.875,699.375,14.0,24.0,67.5,252.0,341.875,1592.0,715.375,4.0,17.0,68.0,1.0,1.0,2.0,6.0,7.0,1.0,0.0,0.0,16.0,16.0,0.2,0.19047619047619047,0.0064,0.0064,0.05,0.22727272727272727,0.7727272727272727,0.4,1.0,1.0,0.31666666666666665,0.49473684210526314,0.0
20260629_225103_bc53ce62,20260629_225103_bc53ce62_g0034,34,1581909420,1,16,16,16,1,3,YELLOW,champ_v3,2,3.0,[3],1,118,1,"{""1"": 75, ""2"": 96, ""3"": 118, ""4"": 71}",False,15.0,-24.0,1.0,2.0,1.0,0.0025,677.0,171.25,656.375,15.0,24.0,66.75,237.5,313.125,1636.0,671.375,4.0,17.0,68.0,1.0,1.0,2.0,6.0,7.0,1.0,0.0,0.0,16.0,16.0,0.2,0.19047619047619047,0.0064,0.0064,0.05,0.22727272727272727,0.7727272727272727,0.375,1.0,1.0,0.325,0.4894736842105264,0.0
20260629_225103_bc53ce62,20260629_225103_bc53ce62_g0034,34,1581909420,1,16,16,16,1,4,GREEN,pool_heuristic,3,3.0,[3],0,71,4,"{""1"": 75, ""2"": 96, ""3"": 118, ""4"": 71}",False,13.0,-28.0,4.0,0.0,1.0,0.0025,389.0,114.5,423.5,13.0,18.0,46.5,156.0,190.0,1924.0,436.5,4.0,17.0,68.0,1.0,1.0,2.0,6.0,7.0,1.0,0.0,1.0,16.0,16.0,0.2,0.19047619047619047,0.0064,0.0064,0.05,0.22727272727272727,0.7727272727272727,0.325,1.0,1.0,0.3416666666666667,0.4236842105263158,0.0
20260629_225103_bc53ce62,20260629_225103_bc53ce62_g0034,34,1581909420,2,24,24,24,1,1,RED,pool_l45_100ms,0,3.0,[3],0,75,3,"{""1"": 75, ""2"": 96, ""3"": 118, ""4"": 71}",False,15.0,-42.0,4.0,2.0,4.0,0.01,335.0,87.5,296.75,14.0,18.0,39.75,125.0,100.0,1261.0,311.75,6.0,15.0,58.0,1.0,1.0,2.0,6.0,5.0,0.0,0.0,0.0,24.0,24.0,0.2975,0.2857142857142857,0.0096,0.0096,0.075,0.3409090909090909,0.6590909090909091,0.375,1.0,1.0,0.475,0.4035087719298245,0.0
20260629_225103_bc53ce62,20260629_225103_bc53ce62_g0034,34,1581909420,2,24,24,24,1,2,BLUE,pool_peer_500ms,1,3.0,[3],0,96,2,"{""1"": 75, ""2"": 96, ""3"": 118, ""4"": 71}",False,22.0,-28.0,0.0,5.0,4.0,0.01,773.0,196.5,730.0,20.0,33.0,87.75,258.0,331.25,823.0,752.0,6.0,15.0,59.0,1.0,1.0,2.0,5.0,6.0,0.0,0.0,0.0,24.0,24.0,0.2975,0.2857142857142857,0.0096,0.0096,0.0725,0.32954545454545453,0.6704545454545454,0.55,1.0,1.0,0.4166666666666667,0.5335753176043556,0.0
20260629_225103_bc53ce62,20260629_225103_bc53ce62_g0034,34,1581909420,2,24,24,24,1,3,YELLOW,champ_v3,2,3.0,[3],1,118,1,"{""1"": 75, ""2"": 96, ""3"": 118, ""4"": 71}",False,21.0,-30.0,1.0,10.0,4.0,0.01,325.0,98.25,324.25,17.0,22.0,48.75,134.0,102.5,1271.0,345.25,6.0,15.0,58.0,1.0,1.0,2.0,6.0,5.0,0.0,0.0,0.0,24.0,24.0,0.2975,0.2857142857142857,0.0096,0.0096,0.075,0.3409090909090909,0.6590909090909091,0.525,1.0,1.0,0.425,0.5771929824561404,0.0
20260629_225103_bc53ce62,20260629_225103_bc53ce62_g0034,34,1581909420,2,24,24,24,1,4,GREEN,pool_heuristic,3,3.0,[3],0,71,4,"{""1"": 75, ""2"": 96, ""3"": 118, ""4"": 71}",False,14.0,-44.0,4.0,3.0,4.0,0.01,163.0,56.5,172.0,13.0,14.0,29.25,72.0,43.75,1433.0,186.0,6.0,15.0,58.0,1.0,1.0,2.0,6.0,5.0,1.0,0.0,1.0,24.0,24.0,0.2975,0.2857142857142857,0.0096,0.0096,0.075,0.3409090909090909,0.6590909090909091,0.35,1.0,1.0,0.4833333333333333,0.44561403508771935,0.0
20260629_225103_bc53ce62,20260629_225103_bc53ce62_g0034,34,1581909420,3,32,32,32,1,1,RED,pool_l45_100ms,0,3.0,[3],0,75,3,"{""1"": 75, ""2"": 96, ""3"": 118, ""4"": 71}",False,17.0,-51.0,4.0,12.0,5.0,0.0125,132.0,45.0,124.375,14.0,11.0,20.25,58.5,20.625,902.0,141.375,8.0,13.0,48.0,1.0,1.0,2.0,6.0,3.0,0.0,0.0,0.0,32.0,32.0,0.39,0.38095238095238093,0.0128,0.0128,0.1,0.45454545454545453,0.5454545454545454,0.425,1.0,1.0,0.5666666666666667,0.4565789473684211,0.0
20260629_225103_bc53ce62,20260629_225103_bc53ce62_g0034,34,1581909420,3,32,32,32,1,2,BLUE,pool_peer_500ms,1,3.0,[3],0,96,2,"{""1"": 75, ""2"": 96, ""3"": 118, ""4"": 71}",False,27.0,-31.0,0.0,19.0,5.0,0.0125,543.0,147.125,499.5,23.0,32.0,81.75,166.5,196.25,491.0,526.5,8.0,13.0,50.0,1.0,1.0,2.0,4.0,5.0,0.0,0.0,0.0,32.0,32.0,0.39,0.38095238095238093,0.0128,0.0128,0.095,0.4318181818181818,0.5681818181818182,0.675,1.0,1.0,0.4833333333333333,0.5581717451523545,0.0
20260629_225103_bc53ce62,20260629_225103_bc53ce62_g0034,34,1581909420,3,32,32,32,1,3,YELLOW,champ_v3,2,3.0,[3],1,118,1,"{""1"": 75, ""2"": 96, ""3"": 118, ""4"": 71}",False,25.0,-35.0,1.0,18.0,5.0,0.0125,232.0,84.0,252.5,21.0,23.0,43.5,80.0,85.0,802.0,277.5,8.0,13.0,50.0,1.0,1.0,2.0,4.0,5.0,0.0,0.0,0.0,32.0,32.0,0.39,0.38095238095238093,0.0128,0.0128,0.095,0.4318181818181818,0.5681818181818182,0.625,1.0,1.0,0.5,0.6260387811634349,0.0
20260629_225103_bc53ce62,20260629_225103_bc53ce62_g0034,34,1581909420,3,32,32,32,1,4,GREEN,pool_heuristic,3,3.0,[3],0,71,4,"{""1"": 75, ""2"": 96, ""3"": 118, ""4"": 71}",False,16.0,-53.0,4.0,7.0,5.0,0.0125,127.0,47.75,126.625,15.0,14.0,24.75,58.5,14.375,907.0,142.625,8.0,13.0,48.0,1.0,1.0,2.0,6.0,3.0,1.0,0.0,0.0,32.0,32.0,0.39,0.38095238095238093,0.0128,0.0128,0.1,0.45454545454545453,0.5454545454545454,0.4,1.0,1.0,0.575,0.46842105263157896,0.0
20260629_225103_bc53ce62,20260629_225103_bc53ce62_g0034,34,1581909420,4,40,40,40,1,1,RED,pool_l45_100ms,0,3.0,[3],0,75,3,"{""1"": 75, ""2"": 96, ""3"": 118, ""4"": 71}",False,16.0,-56.0,4.0,20.0,13.0,0.0325,37.0,21.375,38.75,12.0,8.0,8.25,10.5,0.0,452.0,54.75,10.0,11.0,38.0,1.0,1.0,2.0,6.0,1.0,0.0,0.0,0.0,40.0,40.0,0.4875,0.47619047619047616,0.016,0.016,0.125,0.5681818181818182,0.4318181818181818,0.4,0.9,1.0,0.6,0.4263157894736842,0.0
20260629_225103_bc53ce62,20260629_225103_bc53ce62_g0034,34,1581909420,4,40,40,40,1,2,BLUE,pool_peer_500ms,1,3.0,[3],0,96,2,"{""1"": 75, ""2"": 96, ""3"": 118, ""4"": 71}",False,30.0,-28.0,0.0,34.0,13.0,0.0325,221.0,77.375,210.375,22.0,24.0,48.75,80.0,35.625,268.0,240.375,10.0,11.0,40.0,1.0,1.0,2.0,4.0,3.0,0.0,0.0,0.0,40.0,40.0,0.4875,0.47619047619047616,0.016,0.016,0.12,0.5454545454545454,0.45454545454545453,0.75,1.0,1.0,0.4833333333333333,0.543859649122807,0.0
20260629_225103_bc53ce62,20260629_225103_bc53ce62_g0034,34,1581909420,4,40,40,40,1,3,YELLOW,champ_v3,2,3.0,[3],1,118,1,"{""1"": 75, ""2"": 96, ""3"": 118, ""4"": 71}",False,28.0,-32.0,1.0,25.0,13.0,0.0325,186.0,76.75,204.75,23.0,25.0,45.0,78.0,33.75,303.0,232.75,10.0,11.0,40.0,1.0,1.0,2.0,4.0,3.0,0.0,0.0,0.0,40.0,40.0,0.4875,0.47619047619047616,0.016,0.016,0.12,0.5454545454545454,0.45454545454545453,0.7,1.0,1.0,0.5,0.6162280701754386,0.0
20260629_225103_bc53ce62,20260629_225103_bc53ce62_g0034,34,1581909420,4,40,40,40,1,4,GREEN,pool_heuristic,3,3.0,[3],0,71,4,"{""1"": 75, ""2"": 96, ""3"": 118, ""4"": 71}",False,14.0,-60.0,0.0,12.0,13.0,0.0325,45.0,24.125,47.25,13.0,7.0,10.5,15.5,1.25,444.0,61.25,10.0,11.0,39.0,1.0,1.0,2.0,5.0,2.0,1.0,0.0,0.0,40.0,40.0,0.4875,0.47619047619047616,0.016,0.016,0.1225,0.5568181818181818,0.4431818181818182,0.35,1.0,1.0,0.6166666666666667,0.4887218045112782,0.0
20260629_225103_bc53ce62,20260629_225103_bc53ce62_g0034,34,1581909420,5,48,48,48,1,1,RED,pool_l45_100ms,0,3.0,[3],0,75,3,"{""1"": 75, ""2"": 96, ""3"": 118, ""4"": 71}",False,13.0,-59.0,4.0,30.0,20.0,0.05,22.0,10.875,20.125,7.0,2.0,3.0,5.0,3.125,231.0,33.125,12.0,9.0,30.0,1.0,1.0,2.0,4.0,1.0,0.0,0.0,0.0,48.0,48.0,0.5725,0.5714285714285714,0.0192,0.0192,0.145,0.6590909090909091,0.3409090909090909,0.325,0.6833333333333333,1.0,0.6,0.4128856624319419,0.0
20260629_225103_bc53ce62,20260629_225103_bc53ce62_g0034,34,1581909420,5,48,48,48,1,2,BLUE,pool_peer_500ms,1,3.0,[3],0,96,2,"{""1"": 75, ""2"": 96, ""3"": 118, ""4"": 71}",False,31.0,-23.0,0.0,42.0,20.0,0.05,114.0,50.875,111.0,21.0,22.0,29.25,27.5,11.25,139.0,142.0,12.0,9.0,31.0,1.0,1.0,2.0,3.0,2.0,0.0,0.0,0.0,48.0,48.0,0.5725,0.5714285714285714,0.0192,0.0192,0.1425,0.6477272727272727,0.3522727272727273,0.775,1.0,1.0,0.45,0.554016620498615,0.0
20260629_225103_bc53ce62,20260629_225103_bc53ce62_g0034,34,1581909420,5,48,48,48,1,3,YELLOW,champ_v3,2,3.0,[3],1,118,1,"{""1"": 75, ""2"": 96, ""3"": 118, ""4"": 71}",False,28.0,-29.0,1.0,38.0,20.0,0.05,97.0,50.75,117.0,21.0,17.0,27.0,37.0,15.0,156.0,145.0,12.0,9.0,31.0,1.0,1.0,2.0,3.0,2.0,0.0,0.0,0.0,48.0,48.0,0.5725,0.5714285714285714,0.0192,0.0192,0.1425,0.6477272727272727,0.3522727272727273,0.7,1.0,1.0,0.475,0.6103416435826408,0.0
20260629_225103_bc53ce62,20260629_225103_bc53ce62_g0034,34,1581909420,5,48,48,48,1,4,GREEN,pool_heuristic,3,3.0,[3],0,71,4,"{""1"": 75, ""2"": 96, ""3"": 118, ""4"": 71}",False,13.0,-59.0,0.0,28.0,20.0,0.05,20.0,15.0,22.5,11.0,3.0,4.5,4.0,0.0,233.0,35.5,12.0,9.0,31.0,1.0,1.0,2.0,3.0,2.0,1.0,0.0,0.0,48.0,48.0,0.5725,0.5714285714285714,0.0192,0.0192,0.1425,0.6477272727272727,0.3522727272727273,0.325,0.8333333333333334,1.0,0.6,0.49307479224376727,0.0
20260629_225103_bc53ce62,20260629_225103_bc53ce62_g0034,34,1581909420,6,56,56,56,1,1,RED,pool_l45_100ms,0,3.0,[3],0,75,3,"{""1"": 75, ""2"": 96, ""3"": 118, ""4"": 71}",False,14.0,-49.0,4.0,37.0,42.0,0.105,8.0,7.5,8.0,7.0,1.0,0.0,0.0,0.0,95.0,22.0,14.0,7.0,21.0,1.0,1.0,2.0,3.0,0.0,0.0,0.0,0.0,56.0,56.0,0.65,0.6666666666666666,0.0224,0.0224,0.1675,0.7613636363636364,0.23863636363636365,0.35,0.4666666666666667,0.8,0.525,0.4069128043990574,0.0
20260629_225103_bc53ce62,20260629_225103_bc53ce62_g0034,34,1581909420,6,56,56,56,1,2,BLUE,pool_peer_500ms,1,3.0,[3],0,96,2,"{""1"": 75, ""2"": 96, ""3"": 118, ""4"": 71}",False,29.0,-19.0,0.0,49.0,42.0,0.105,59.0,36.75,62.25,20.0,19.0,17.25,6.0,0.0,44.0,91.25,14.0,7.0,22.0,1.0,1.0,2.0,2.0,1.0,0.0,0.0,0.0,56.0,56.0,0.65,0.6666666666666666,0.0224,0.0224,0.165,0.75,0.25,0.725,1.0,1.0,0.4,0.5470494417862839,0.0
20260629_225103_bc53ce62,20260629_225103_bc53ce62_g0034,34,1581909420,6,56,56,56,1,3,YELLOW,champ_v3,2,3.0,[3],1,118,1,"{""1"": 75, ""2"": 96, ""3"": 118, ""4"": 71}",False,24.0,-29.0,1.0,51.0,42.0,0.105,36.0,24.75,37.25,17.0,9.0,5.25,6.0,0.0,67.0,61.25,14.0,7.0,21.0,1.0,1.0,2.0,3.0,0.0,0.0,0.0,0.0,56.0,56.0,0.65,0.6666666666666666,0.0224,0.0224,0.1675,0.7613636363636364,0.23863636363636365,0.6,0.8333333333333334,0.8,0.4416666666666667,0.5781618224666143,0.0
20260629_225103_bc53ce62,20260629_225103_bc53ce62_g0034,34,1581909420,6,56,56,56,1,4,GREEN,pool_heuristic,3,3.0,[3],0,71,4,"{""1"": 75, ""2"": 96, ""3"": 118, ""4"": 71}",False,10.0,-57.0,0.0,34.0,42.0,0.105,0.0,0.0,0.0,0.0,0.0,0.0,0.0,0.0,103.0,10.0,14.0,7.0,28.0,0.0,0.0,2.0,3.0,2.0,1.0,0.0,0.0,56.0,56.0,0.65,0.6666666666666666,0.0224,0.0224,0.15,0.6818181818181818,0.3181818181818182,0.25,0.4166666666666667,1.0,0.5583333333333333,0.4771929824561404,0.0
20260629_225103_bc53ce62,20260629_225103_bc53ce62_g0034,34,1581909420,7,64,64,67,4,1,RED,pool_l45_100ms,0,3.0,[3],0,75,3,"{""1"": 75, ""2"": 96, ""3"": 118, ""4"": 71}",False,12.0,-47.0,4.0,43.0,46.0,0.115,0.0,0.0,0.0,0.0,0.0,0.0,0.0,0.0,27.0,12.0,16.0,5.0,18.0,0.0,0.0,2.0,3.0,0.0,0.0,0.0,0.0,64.0,67.0,0.695,0.7619047619047619,0.0268,0.0256,0.175,0.7954545454545454,0.20454545454545456,0.3,0.38333333333333336,0.8,0.4916666666666667,0.4090225563909775,0.0
20260629_225103_bc53ce62,20260629_225103_bc53ce62_g0034,34,1581909420,7,64,64,67,4,2,BLUE,pool_peer_500ms,1,3.0,[3],0,96,2,"{""1"": 75, ""2"": 96, ""3"": 118, ""4"": 71}",False,28.0,-15.0,0.0,60.0,46.0,0.115,16.0,8.0,17.5,0.0,13.0,4.5,0.0,0.0,11.0,45.5,17.0,4.0,14.0,0.0,1.0,1.0,1.0,1.0,0.0,0.0,0.0,64.0,67.0,0.695,0.8095238095238095,0.0268,0.0256,0.185,0.8409090909090909,0.1590909090909091,0.7,0.8166666666666667,1.0,0.35833333333333334,0.5263157894736843,0.0
20260629_225103_bc53ce62,20260629_225103_bc53ce62_g0034,34,1581909420,7,64,64,67,4,3,YELLOW,champ_v3,2,3.0,[3],1,118,1,"{""1"": 75, ""2"": 96, ""3"": 118, ""4"": 71}",False,21.0,-29.0,1.0,59.0,46.0,0.115,11.0,3.25,10.5,0.0,0.0,7.5,3.0,0.0,16.0,31.5,17.0,4.0,14.0,0.0,0.0,2.0,2.0,0.0,0.0,0.0,0.0,64.0,67.0,0.695,0.8095238095238095,0.0268,0.0256,0.185,0.8409090909090909,0.1590909090909091,0.525,0.7166666666666667,0.8,0.4166666666666667,0.5732574679943101,0.0
20260629_225103_bc53ce62,20260629_225103_bc53ce62_g0034,34,1581909420,7,64,64,67,4,4,GREEN,pool_heuristic,3,3.0,[3],0,71,4,"{""1"": 75, ""2"": 96, ""3"": 118, ""4"": 71}",False,10.0,-51.0,0.0,36.0,46.0,0.115,0.0,0.0,0.0,0.0,0.0,0.0,0.0,0.0,27.0,10.0,14.0,7.0,28.0,0.0,0.0,2.0,3.0,2.0,1.0,0.0,0.0,64.0,67.0,0.695,0.6666666666666666,0.0268,0.0256,0.15,0.6818181818181818,0.3181818181818182,0.25,0.4166666666666667,1.0,0.5083333333333333,0.4771929824561404,0.0
20260629_225103_bc53ce62,20260629_225103_bc53ce62_g0035,35,781424348,0,8,8,8,1,1,RED,pool_peer_500ms,0,1.0,[1],1,98,1,"{""1"": 98, ""2"": 96, ""3"": 89, ""4"": 74}",False,9.0,-14.0,9.0,0.0,0.0,0.0,543.0,122.625,488.75,9.0,15.0,41.25,153.5,270.0,1306.0,497.75,2.0,19.0,78.0,1.0,1.0,2.0,6.0,9.0,1.0,0.0,0.0,8.0,8.0,0.1,0.09523809523809523,0.0032,0.0032,0.025,0.11363636363636363,0.8863636363636364,0.225,1.0,1.0,0.19166666666666668,0.23684210526315785,0.0
20260629_225103_bc53ce62,20260629_225103_bc53ce62_g0035,35,781424348,0,8,8,8,1,2,BLUE,champ_v3,1,1.0,[1],0,96,2,"{""1"": 98, ""2"": 96, ""3"": 89, ""4"": 74}",False,9.0,-14.0,9.0,0.0,0.0,0.0,543.0,122.625,488.75,9.0,15.0,41.25,153.5,270.0,1306.0,497.75,2.0,19.0,78.0,1.0,1.0,2.0,6.0,9.0,1.0,0.0,0.0,8.0,8.0,0.1,0.09523809523809523,0.0032,0.0032,0.025,0.11363636363636363,0.8863636363636364,0.225,1.0,1.0,0.19166666666666668,0.23684210526315785,0.0
20260629_225103_bc53ce62,20260629_225103_bc53ce62_g0035,35,781424348,0,8,8,8,1,3,YELLOW,pool_heuristic,2,1.0,[1],0,89,3,"{""1"": 98, ""2"": 96, ""3"": 89, ""4"": 74}",False,7.0,-18.0,9.0,0.0,0.0,0.0,319.0,80.375,310.375,7.0,12.0,29.25,104.0,158.125,1530.0,317.375,2.0,19.0,78.0,1.0,1.0,2.0,6.0,9.0,1.0,0.0,1.0,8.0,8.0,0.1,0.09523809523809523,0.0032,0.0032,0.025,0.11363636363636363,0.8863636363636364,0.175,1.0,1.0,0.20833333333333334,0.25263157894736843,0.0
20260629_225103_bc53ce62,20260629_225103_bc53ce62_g0035,35,781424348,0,8,8,8,1,4,GREEN,pool_l45_100ms,3,1.0,[1],0,74,4,"{""1"": 98, ""2"": 96, ""3"": 89, ""4"": 74}",False,7.0,-18.0,9.0,0.0,0.0,0.0,444.0,103.25,415.125,7.0,12.0,33.75,130.5,231.875,1405.0,422.125,2.0,19.0,78.0,1.0,1.0,2.0,6.0,9.0,1.0,1.0,0.0,8.0,8.0,0.1,0.09523809523809523,0.0032,0.0032,0.025,0.11363636363636363,0.8863636363636364,0.175,1.0,1.0,0.20833333333333334,0.20526315789473681,0.0
20260629_225103_bc53ce62,20260629_225103_bc53ce62_g0035,35,781424348,1,16,16,16,1,1,RED,pool_peer_500ms,0,1.0,[1],1,98,1,"{""1"": 98, ""2"": 96, ""3"": 89, ""4"": 74}",False,16.0,-22.0,0.0,0.0,4.0,0.01,754.0,190.875,732.125,16.0,27.0,75.75,269.0,344.375,1507.0,748.125,4.0,17.0,68.0,1.0,1.0,2.0,6.0,7.0,1.0,0.0,0.0,16.0,16.0,0.2,0.19047619047619047,0.0064,0.0064,0.05,0.22727272727272727,0.7727272727272727,0.4,1.0,1.0,0.31666666666666665,0.49473684210526314,0.0
20260629_225103_bc53ce62,20260629_225103_bc53ce62_g0035,35,781424348,1,16,16,16,1,2,BLUE,champ_v3,1,1.0,[1],0,96,2,"{""1"": 98, ""2"": 96, ""3"": 89, ""4"": 74}",False,14.0,-26.0,2.0,2.0,4.0,0.01,523.0,129.5,482.625,14.0,21.0,50.25,175.5,221.875,1738.0,496.625,4.0,17.0,68.0,1.0,1.0,2.0,6.0,7.0,1.0,0.0,0.0,16.0,16.0,0.2,0.19047619047619047,0.0064,0.0064,0.05,0.22727272727272727,0.7727272727272727,0.35,1.0,1.0,0.33333333333333337,0.4631578947368421,0.0
20260629_225103_bc53ce62,20260629_225103_bc53ce62_g0035,35,781424348,1,16,16,16,1,3,YELLOW,pool_heuristic,2,1.0,[1],0,89,3,"{""1"": 98, ""2"": 96, ""3"": 89, ""4"": 74}",False,14.0,-26.0,2.0,3.0,4.0,0.01,459.0,121.5,454.25,13.0,19.0,46.5,167.0,208.75,1802.0,468.25,4.0,17.0,68.0,1.0,1.0,2.0,6.0,7.0,1.0,0.0,1.0,16.0,16.0,0.2,0.19047619047619047,0.0064,0.0064,0.05,0.22727272727272727,0.7727272727272727,0.35,1.0,1.0,0.33333333333333337,0.47894736842105257,0.0
20260629_225103_bc53ce62,20260629_225103_bc53ce62_g0035,35,781424348,1,16,16,16,1,4,GREEN,pool_l45_100ms,3,1.0,[1],0,74,4,"{""1"": 98, ""2"": 96, ""3"": 89, ""4"": 74}",False,10.0,-34.0,7.0,0.0,4.0,0.01,525.0,121.875,470.625,10.0,17.0,45.0,173.0,225.625,1736.0,480.625,4.0,17.0,68.0,1.0,1.0,2.0,6.0,7.0,1.0,0.0,0.0,16.0,16.0,0.2,0.19047619047619047,0.0064,0.0064,0.05,0.22727272727272727,0.7727272727272727,0.25,1.0,1.0,0.36666666666666664,0.3131578947368421,0.0
20260629_225103_bc53ce62,20260629_225103_bc53ce62_g0035,35,781424348,2,24,24,24,1,1,RED,pool_peer_500ms,0,1.0,[1],1,98,1,"{""1"": 98, ""2"": 96, ""3"": 89, ""4"": 74}",False,19.0,-36.0,0.0,8.0,8.0,0.02,515.0,131.125,477.5,14.0,21.0,57.75,208.5,176.25,1305.0,496.5,6.0,15.0,58.0,1.0,1.0,2.0,6.0,5.0,0.0,0.0,0.0,24.0,24.0,0.3,0.2857142857142857,0.0096,0.0096,0.075,0.3409090909090909,0.6590909090909091,0.475,1.0,1.0,0.4583333333333333,0.5508771929824561,0.0
20260629_225103_bc53ce62,20260629_225103_bc53ce62_g0035,35,781424348,2,24,24,24,1,2,BLUE,champ_v3,1,1.0,[1],0,96,2,"{""1"": 98, ""2"": 96, ""3"": 89, ""4"": 74}",False,21.0,-32.0,0.0,16.0,8.0,0.02,422.0,118.75,412.625,17.0,22.0,53.25,178.5,141.875,1398.0,433.625,6.0,15.0,58.0,1.0,1.0,2.0,6.0,5.0,1.0,0.0,0.0,24.0,24.0,0.3,0.2857142857142857,0.0096,0.0096,0.075,0.3409090909090909,0.6590909090909091,0.525,1.0,1.0,0.4416666666666667,0.5754385964912281,0.0
20260629_225103_bc53ce62,20260629_225103_bc53ce62_g0035,35,781424348,2,24,24,24,1,3,YELLOW,pool_heuristic,2,1.0,[1],0,89,3,"{""1"": 98, ""2"": 96, ""3"": 89, ""4"": 74}",False,21.0,-32.0,2.0,7.0,8.0,0.02,422.0,130.875,459.25,17.0,25.0,59.25,200.5,157.5,1398.0,480.25,6.0,15.0,58.0,1.0,1.0,2.0,6.0,5.0,1.0,0.0,1.0,24.0,24.0,0.3,0.2857142857142857,0.0096,0.0096,0.075,0.3409090909090909,0.6590909090909091,0.525,1.0,1.0,0.4416666666666667,0.5175438596491229,0.0
20260629_225103_bc53ce62,20260629_225103_bc53ce62_g0035,35,781424348,2,24,24,24,1,4,GREEN,pool_l45_100ms,3,1.0,[1],0,74,4,"{""1"": 98, ""2"": 96, ""3"": 89, ""4"": 74}",False,13.0,-48.0,3.0,2.0,8.0,0.02,461.0,110.75,399.25,13.0,18.0,48.0,174.0,146.25,1359.0,412.25,6.0,15.0,58.0,1.0,1.0,2.0,6.0,5.0,0.0,0.0,0.0,24.0,24.0,0.3,0.2857142857142857,0.0096,0.0096,0.075,0.3409090909090909,0.6590909090909091,0.325,1.0,1.0,0.5083333333333333,0.4175438596491228,0.0
20260629_225103_bc53ce62,20260629_225103_bc53ce62_g0035,35,781424348,3,32,32,32,1,1,RED,pool_peer_500ms,0,1.0,[1],1,98,1,"{""1"": 98, ""2"": 96, ""3"": 89, ""4"": 74}",False,20.0,-48.0,0.0,14.0,8.0,0.02,166.0,59.75,164.625,17.0,18.0,30.75,74.5,24.375,627.0,184.625,8.0,13.0,48.0,1.0,1.0,2.0,6.0,3.0,0.0,0.0,0.0,32.0,32.0,0.3975,0.38095238095238093,0.0128,0.0128,0.1,0.45454545454545453,0.5454545454545454,0.5,1.0,1.0,0.5666666666666667,0.5486842105263159,0.0
20260629_225103_bc53ce62,20260629_225103_bc53ce62_g0035,35,781424348,3,32,32,32,1,2,BLUE,champ_v3,1,1.0,[1],0,96,2,"{""1"": 98, ""2"": 96, ""3"": 89, ""4"": 74}",False,25.0,-38.0,0.0,24.0,8.0,0.02,266.0,86.625,270.0,18.0,23.0,45.75,104.5,78.75,527.0,295.0,8.0,13.0,49.0,1.0,1.0,2.0,5.0,4.0,1.0,0.0,0.0,32.0,32.0,0.3975,0.38095238095238093,0.0128,0.0128,0.0975,0.4431818181818182,0.5568181818181818,0.625,1.0,1.0,0.525,0.5964912280701754,0.0
20260629_225103_bc53ce62,20260629_225103_bc53ce62_g0035,35,781424348,3,32,32,32,1,3,YELLOW,pool_heuristic,2,1.0,[1],0,89,3,"{""1"": 98, ""2"": 96, ""3"": 89, ""4"": 74}",False,24.0,-40.0,2.0,8.0,8.0,0.02,173.0,68.875,191.5,19.0,20.0,35.25,93.5,23.75,620.0,215.5,8.0,13.0,48.0,1.0,1.0,2.0,6.0,3.0,0.0,0.0,1.0,32.0,32.0,0.3975,0.38095238095238093,0.0128,0.0128,0.1,0.45454545454545453,0.5454545454545454,0.6,1.0,1.0,0.5333333333333333,0.5039473684210526,0.0
20260629_225103_bc53ce62,20260629_225103_bc53ce62_g0035,35,781424348,3,32,32,32,1,4,GREEN,pool_l45_100ms,3,1.0,[1],0,74,4,"{""1"": 98, ""2"": 96, ""3"": 89, ""4"": 74}",False,19.0,-50.0,3.0,7.0,8.0,0.02,188.0,64.875,179.375,18.0,19.0,34.5,86.0,21.875,605.0,198.375,8.0,13.0,48.0,1.0,1.0,2.0,6.0,3.0,0.0,0.0,0.0,32.0,32.0,0.3975,0.38095238095238093,0.0128,0.0128,0.1,0.45454545454545453,0.5454545454545454,0.475,1.0,1.0,0.575,0.44605263157894737,0.0
20260629_225103_bc53ce62,20260629_225103_bc53ce62_g0035,35,781424348,4,40,40,40,1,1,RED,pool_peer_500ms,0,1.0,[1],1,98,1,"{""1"": 98, ""2"": 96, ""3"": 89, ""4"": 74}",False,25.0,-42.0,0.0,23.0,17.0,0.0425,89.0,45.625,96.75,21.0,17.0,20.25,33.5,5.0,236.0,121.75,10.0,11.0,38.0,1.0,1.0,2.0,6.0,1.0,0.0,0.0,0.0,40.0,40.0,0.4925,0.47619047619047616,0.016,0.016,0.125,0.5681818181818182,0.4318181818181818,0.625,1.0,1.0,0.5583333333333333,0.49578947368421056,0.0
20260629_225103_bc53ce62,20260629_225103_bc53ce62_g0035,35,781424348,4,40,40,40,1,2,BLUE,champ_v3,1,1.0,[1],0,96,2,"{""1"": 98, ""2"": 96, ""3"": 89, ""4"": 74}",False,29.0,-34.0,0.0,37.0,17.0,0.0425,113.0,47.0,111.25,19.0,16.0,22.5,35.0,18.75,212.0,140.25,10.0,11.0,40.0,1.0,1.0,2.0,4.0,3.0,0.0,0.0,0.0,40.0,40.0,0.4925,0.47619047619047616,0.016,0.016,0.12,0.5454545454545454,0.45454545454545453,0.725,1.0,1.0,0.525,0.6162280701754386,0.0
20260629_225103_bc53ce62,20260629_225103_bc53ce62_g0035,35,781424348,4,40,40,40,1,3,YELLOW,pool_heuristic,2,1.0,[1],0,89,3,"{""1"": 98, ""2"": 96, ""3"": 89, ""4"": 74}",False,22.0,-48.0,2.0,8.0,17.0,0.0425,51.0,29.5,53.0,17.0,11.0,11.25,10.0,3.75,274.0,75.0,10.0,11.0,39.0,1.0,1.0,2.0,5.0,2.0,0.0,0.0,0.0,40.0,40.0,0.4925,0.47619047619047616,0.016,0.016,0.1225,0.5568181818181818,0.4431818181818182,0.55,1.0,1.0,0.5833333333333333,0.4833512352309345,0.0
20260629_225103_bc53ce62,20260629_225103_bc53ce62_g0035,35,781424348,4,40,40,40,1,4,GREEN,pool_l45_100ms,3,1.0,[1],0,74,4,"{""1"": 98, ""2"": 96, ""3"": 89, ""4"": 74}",False,16.0,-60.0,3.0,12.0,17.0,0.0425,72.0,33.125,69.0,15.0,13.0,17.25,22.5,1.25,253.0,85.0,10.0,11.0,38.0,1.0,1.0,2.0,6.0,1.0,0.0,0.0,0.0,40.0,40.0,0.4925,0.47619047619047616,0.016,0.016,0.125,0.5681818181818182,0.4318181818181818,0.4,1.0,1.0,0.6333333333333333,0.42315789473684207,0.0
20260629_225103_bc53ce62,20260629_225103_bc53ce62_g0035,35,781424348,5,48,48,48,1,1,RED,pool_peer_500ms,0,1.0,[1],1,98,1,"{""1"": 98, ""2"": 96, ""3"": 89, ""4"": 74}",False,24.0,-39.0,0.0,32.0,23.0,0.0575,56.0,32.875,62.5,18.0,13.0,6.0,25.5,0.0,98.0,86.5,12.0,9.0,31.0,1.0,1.0,1.0,5.0,1.0,0.0,0.0,0.0,48.0,48.0,0.58,0.5714285714285714,0.0192,0.0192,0.1425,0.6477272727272727,0.3522727272727273,0.6,1.0,1.0,0.525,0.4847645429362881,0.0
20260629_225103_bc53ce62,20260629_225103_bc53ce62_g0035,35,781424348,5,48,48,48,1,2,BLUE,champ_v3,1,1.0,[1],0,96,2,"{""1"": 98, ""2"": 96, ""3"": 89, ""4"": 74}",False,27.0,-33.0,0.0,44.0,23.0,0.0575,49.0,27.875,51.5,16.0,10.0,9.0,11.5,5.0,105.0,78.5,12.0,9.0,30.0,1.0,1.0,2.0,4.0,1.0,0.0,0.0,0.0,48.0,48.0,0.58,0.5714285714285714,0.0192,0.0192,0.145,0.6590909090909091,0.3409090909090909,0.675,1.0,1.0,0.5,0.6025408348457351,0.0
20260629_225103_bc53ce62,20260629_225103_bc53ce62_g0035,35,781424348,5,48,48,48,1,3,YELLOW,pool_heuristic,2,1.0,[1],0,89,3,"{""1"": 98, ""2"": 96, ""3"": 89, ""4"": 74}",False,22.0,-43.0,2.0,19.0,23.0,0.0575,32.0,22.25,34.0,15.0,9.0,4.5,3.0,2.5,122.0,56.0,12.0,9.0,30.0,1.0,1.0,2.0,4.0,1.0,0.0,0.0,0.0,48.0,48.0,0.58,0.5714285714285714,0.0192,0.0192,0.145,0.6590909090909091,0.3409090909090909,0.55,1.0,1.0,0.5416666666666667,0.4664246823956443,0.0
20260629_225103_bc53ce62,20260629_225103_bc53ce62_g0035,35,781424348,5,48,48,48,1,4,GREEN,pool_l45_100ms,3,1.0,[1],0,74,4,"{""1"": 98, ""2"": 96, ""3"": 89, ""4"": 74}",False,14.0,-59.0,3.0,28.0,23.0,0.0575,17.0,12.0,19.0,8.0,4.0,3.0,4.0,0.0,137.0,33.0,12.0,9.0,29.0,1.0,1.0,2.0,5.0,0.0,0.0,0.0,0.0,48.0,48.0,0.58,0.5714285714285714,0.0192,0.0192,0.1475,0.6704545454545454,0.32954545454545453,0.35,0.7666666666666667,0.8,0.6083333333333333,0.4460303300624443,0.0
20260629_225103_bc53ce62,20260629_225103_bc53ce62_g0035,35,781424348,6,56,56,56,1,1,RED,pool_peer_500ms,0,1.0,[1],1,98,1,"{""1"": 98, ""2"": 96, ""3"": 89, ""4"": 74}",False,22.0,-35.0,0.0,39.0,32.0,0.08,20.0,16.75,20.5,14.0,4.0,1.5,1.0,0.0,35.0,42.5,14.0,7.0,23.0,1.0,1.0,1.0,3.0,1.0,0.0,0.0,0.0,56.0,56.0,0.655,0.6666666666666666,0.0224,0.0224,0.1625,0.7386363636363636,0.26136363636363635,0.55,0.7666666666666667,1.0,0.475,0.4801619433198381,0.0
20260629_225103_bc53ce62,20260629_225103_bc53ce62_g0035,35,781424348,6,56,56,56,1,2,BLUE,champ_v3,1,1.0,[1],0,96,2,"{""1"": 98, ""2"": 96, ""3"": 89, ""4"": 74}",False,22.0,-35.0,0.0,50.0,32.0,0.08,16.0,13.25,15.75,11.0,4.0,0.75,0.0,0.0,39.0,37.75,14.0,7.0,21.0,1.0,1.0,2.0,3.0,0.0,0.0,0.0,0.0,56.0,56.0,0.655,0.6666666666666666,0.0224,0.0224,0.1675,0.7613636363636364,0.23863636363636365,0.55,0.7,0.8,0.475,0.5522388059701493,0.0
20260629_225103_bc53ce62,20260629_225103_bc53ce62_g0035,35,781424348,6,56,56,56,1,3,YELLOW,pool_heuristic,2,1.0,[1],0,89,3,"{""1"": 98, ""2"": 96, ""3"": 89, ""4"": 74}",False,22.0,-35.0,2.0,30.0,32.0,0.08,11.0,4.625,10.5,0.0,7.0,3.0,0.5,0.0,44.0,32.5,14.0,7.0,24.0,0.0,1.0,2.0,4.0,0.0,0.0,0.0,0.0,56.0,56.0,0.655,0.6666666666666666,0.0224,0.0224,0.16,0.7272727272727273,0.2727272727272727,0.55,0.9,0.8,0.475,0.46792763157894735,0.0
20260629_225103_bc53ce62,20260629_225103_bc53ce62_g0035,35,781424348,6,56,56,56,1,4,GREEN,pool_l45_100ms,3,1.0,[1],0,74,4,"{""1"": 98, ""2"": 96, ""3"": 89, ""4"": 74}",False,13.0,-53.0,2.0,38.0,32.0,0.08,8.0,7.5,8.0,7.0,1.0,0.0,0.0,0.0,47.0,21.0,14.0,7.0,22.0,1.0,1.0,1.0,4.0,0.0,0.0,0.0,0.0,56.0,56.0,0.655,0.6666666666666666,0.0224,0.0224,0.165,0.75,0.25,0.325,0.5166666666666667,0.8,0.55,0.4529505582137161,0.0
20260629_225103_bc53ce62,20260629_225103_bc53ce62_g0035,35,781424348,7,64,64,64,1,1,RED,pool_peer_500ms,0,1.0,[1],1,98,1,"{""1"": 98, ""2"": 96, ""3"": 89, ""4"": 74}",False,24.0,-29.0,0.0,51.0,29.0,0.0725,17.0,15.0,17.0,13.0,4.0,0.0,0.0,0.0,14.0,41.0,16.0,5.0,16.0,1.0,1.0,0.0,2.0,1.0,0.0,0.0,0.0,64.0,64.0,0.71,0.7619047619047619,0.0256,0.0256,0.18,0.8181818181818182,0.18181818181818182,0.6,0.8166666666666667,1.0,0.4416666666666667,0.4685672514619883,0.0
20260629_225103_bc53ce62,20260629_225103_bc53ce62_g0035,35,781424348,7,64,64,64,1,2,BLUE,champ_v3,1,1.0,[1],0,96,2,"{""1"": 98, ""2"": 96, ""3"": 89, ""4"": 74}",False,21.0,-35.0,0.0,57.0,29.0,0.0725,7.0,7.0,7.0,7.0,0.0,0.0,0.0,0.0,24.0,28.0,16.0,5.0,16.0,1.0,0.0,1.0,3.0,0.0,0.0,0.0,0.0,64.0,64.0,0.71,0.7619047619047619,0.0256,0.0256,0.18,0.8181818181818182,0.18181818181818182,0.525,0.5833333333333334,0.8,0.4666666666666667,0.5548245614035088,0.0
20260629_225103_bc53ce62,20260629_225103_bc53ce62_g0035,35,781424348,7,64,64,64,1,3,YELLOW,pool_heuristic,2,1.0,[1],0,89,3,"{""1"": 98, ""2"": 96, ""3"": 89, ""4"": 74}",False,22.0,-33.0,2.0,51.0,29.0,0.0725,7.0,3.125,7.0,0.0,5.0,1.5,0.5,0.0,24.0,29.0,16.0,5.0,17.0,0.0,1.0,1.0,3.0,0.0,0.0,0.0,0.0,64.0,64.0,0.71,0.7619047619047619,0.0256,0.0256,0.1775,0.8068181818181818,0.19318181818181818,0.55,0.6333333333333333,0.8,0.4583333333333333,0.46330615270570785,0.0
20260629_225103_bc53ce62,20260629_225103_bc53ce62_g0035,35,781424348,7,64,64,64,1,4,GREEN,pool_l45_100ms,3,1.0,[1],0,74,4,"{""1"": 98, ""2"": 96, ""3"": 89, ""4"": 74}",False,10.0,-57.0,2.0,41.0,29.0,0.0725,0.0,0.0,0.0,0.0,0.0,0.0,0.0,0.0,31.0,10.0,16.0,5.0,19.0,0.0,0.0,1.0,4.0,0.0,0.0,0.0,0.0,64.0,64.0,0.71,0.7619047619047619,0.0256,0.0256,0.1725,0.7840909090909091,0.2159090909090909,0.25,0.4,0.8,0.5583333333333333,0.45766590389016015,0.0
20260629_225103_bc53ce62,20260629_225103_bc53ce62_g0036,36,715164318,0,8,8,8,1,1,RED,champ_v3,0,1.0,[1],1,99,1,"{""1"": 99, ""2"": 89, ""3"": 64, ""4"": 88}",False,9.0,-13.0,9.0,0.0,0.0,0.0,543.0,122.625,488.75,9.0,15.0,41.25,153.5,270.0,1304.0,497.75,2.0,19.0,78.0,1.0,1.0,2.0,6.0,9.0,1.0,0.0,0.0,8.0,8.0,0.1,0.09523809523809523,0.0032,0.0032,0.025,0.11363636363636363,0.8863636363636364,0.225,1.0,1.0,0.18333333333333332,0.23684210526315785,0.0
20260629_225103_bc53ce62,20260629_225103_bc53ce62_g0036,36,715164318,0,8,8,8,1,2,BLUE,pool_heuristic,1,1.0,[1],0,89,2,"{""1"": 99, ""2"": 89, ""3"": 64, ""4"": 88}",False,6.0,-19.0,8.0,0.0,0.0,0.0,397.0,96.125,391.875,6.0,10.0,29.25,121.0,225.625,1450.0,397.875,2.0,19.0,78.0,1.0,1.0,2.0,6.0,9.0,1.0,1.0,1.0,8.0,8.0,0.1,0.09523809523809523,0.0032,0.0032,0.025,0.11363636363636363,0.8863636363636364,0.15,1.0,1.0,0.20833333333333334,0.26315789473684215,0.0
20260629_225103_bc53ce62,20260629_225103_bc53ce62_g0036,36,715164318,0,8,8,8,1,3,YELLOW,pool_l45_100ms,2,1.0,[1],0,64,4,"{""1"": 99, ""2"": 89, ""3"": 64, ""4"": 88}",False,7.0,-17.0,9.0,0.0,0.0,0.0,364.0,86.0,341.875,7.0,10.0,27.0,108.5,189.375,1483.0,348.875,2.0,19.0,78.0,1.0,1.0,2.0,6.0,9.0,1.0,1.0,0.0,8.0,8.0,0.1,0.09523809523809523,0.0032,0.0032,0.025,0.11363636363636363,0.8863636363636364,0.175,1.0,1.0,0.2,0.17368421052631577,0.0
20260629_225103_bc53ce62,20260629_225103_bc53ce62_g0036,36,715164318,0,8,8,8,1,4,GREEN,pool_peer_500ms,3,1.0,[1],0,88,3,"{""1"": 99, ""2"": 89, ""3"": 64, ""4"": 88}",False,9.0,-13.0,9.0,0.0,0.0,0.0,543.0,122.625,488.75,9.0,15.0,41.25,153.5,270.0,1304.0,497.75,2.0,19.0,78.0,1.0,1.0,2.0,6.0,9.0,1.0,0.0,0.0,8.0,8.0,0.1,0.09523809523809523,0.0032,0.0032,0.025,0.11363636363636363,0.8863636363636364,0.225,1.0,1.0,0.18333333333333332,0.23684210526315785,0.0
20260629_225103_bc53ce62,20260629_225103_bc53ce62_g0036,36,715164318,1,16,16,16,1,1,RED,champ_v3,0,1.0,[1],1,99,1,"{""1"": 99, ""2"": 89, ""3"": 64, ""4"": 88}",False,16.0,-26.0,0.0,0.0,0.0,0.0,831.0,206.625,799.25,16.0,28.0,79.5,299.5,376.25,1538.0,815.25,4.0,17.0,68.0,1.0,1.0,2.0,6.0,7.0,1.0,0.0,0.0,16.0,16.0,0.2,0.19047619047619047,0.0064,0.0064,0.05,0.22727272727272727,0.7727272727272727,0.4,1.0,1.0,0.35,0.49473684210526314,0.0
20260629_225103_bc53ce62,20260629_225103_bc53ce62_g0036,36,715164318,1,16,16,16,1,2,BLUE,pool_heuristic,1,1.0,[1],0,89,2,"{""1"": 99, ""2"": 89, ""3"": 64, ""4"": 88}",False,13.0,-32.0,3.0,0.0,0.0,0.0,586.0,154.375,593.625,13.0,22.0,58.5,217.0,283.125,1783.0,606.625,4.0,17.0,68.0,1.0,1.0,2.0,6.0,7.0,1.0,1.0,1.0,16.0,16.0,0.2,0.19047619047619047,0.0064,0.0064,0.05,0.22727272727272727,0.7727272727272727,0.325,1.0,1.0,0.375,0.4842105263157894,0.0
20260629_225103_bc53ce62,20260629_225103_bc53ce62_g0036,36,715164318,1,16,16,16,1,3,YELLOW,pool_l45_100ms,2,1.0,[1],0,64,4,"{""1"": 99, ""2"": 89, ""3"": 64, ""4"": 88}",False,12.0,-34.0,5.0,3.0,0.0,0.0,241.0,64.625,218.625,12.0,13.0,24.75,82.0,86.875,2128.0,230.625,4.0,17.0,68.0,1.0,1.0,2.0,6.0,7.0,1.0,0.0,0.0,16.0,16.0,0.2,0.19047619047619047,0.0064,0.0064,0.05,0.22727272727272727,0.7727272727272727,0.3,1.0,1.0,0.38333333333333336,0.3526315789473684,0.0
20260629_225103_bc53ce62,20260629_225103_bc53ce62_g0036,36,715164318,1,16,16,16,1,4,GREEN,pool_peer_500ms,3,1.0,[1],0,88,3,"{""1"": 99, ""2"": 89, ""3"": 64, ""4"": 88}",False,17.0,-24.0,5.0,3.0,0.0,0.0,711.0,181.875,683.25,17.0,28.0,75.0,264.5,298.75,1658.0,700.25,4.0,17.0,68.0,1.0,1.0,2.0,6.0,7.0,1.0,0.0,0.0,16.0,16.0,0.2,0.19047619047619047,0.0064,0.0064,0.05,0.22727272727272727,0.7727272727272727,0.425,1.0,1.0,0.3416666666666667,0.4342105263157895,0.0
20260629_225103_bc53ce62,20260629_225103_bc53ce62_g0036,36,715164318,2,24,24,24,1,1,RED,champ_v3,0,1.0,[1],1,99,1,"{""1"": 99, ""2"": 89, ""3"": 64, ""4"": 88}",False,19.0,-32.0,0.0,7.0,4.0,0.01,401.0,113.875,396.125,16.0,23.0,50.25,165.0,141.875,975.0,415.125,6.0,15.0,58.0,1.0,1.0,2.0,6.0,5.0,0.0,0.0,0.0,24.0,24.0,0.3,0.2857142857142857,0.0096,0.0096,0.075,0.3409090909090909,0.6590909090909091,0.475,1.0,1.0,0.425,0.5877192982456141,0.0
20260629_225103_bc53ce62,20260629_225103_bc53ce62_g0036,36,715164318,2,24,24,24,1,2,BLUE,pool_heuristic,1,1.0,[1],0,89,2,"{""1"": 99, ""2"": 89, ""3"": 64, ""4"": 88}",False,19.0,-32.0,3.0,8.0,4.0,0.01,375.0,110.75,376.875,18.0,23.0,47.25,155.5,133.125,1001.0,395.875,6.0,15.0,58.0,1.0,1.0,2.0,6.0,5.0,1.0,0.0,1.0,24.0,24.0,0.3,0.2857142857142857,0.0096,0.0096,0.075,0.3409090909090909,0.6590909090909091,0.475,1.0,1.0,0.425,0.5140350877192983,0.0
20260629_225103_bc53ce62,20260629_225103_bc53ce62_g0036,36,715164318,2,24,24,24,1,3,YELLOW,pool_l45_100ms,2,1.0,[1],0,64,4,"{""1"": 99, ""2"": 89, ""3"": 64, ""4"": 88}",False,11.0,-48.0,5.0,4.0,4.0,0.01,134.0,39.75,117.75,11.0,10.0,15.0,48.0,33.75,1242.0,128.75,6.0,15.0,58.0,1.0,1.0,2.0,6.0,5.0,0.0,0.0,0.0,24.0,24.0,0.3,0.2857142857142857,0.0096,0.0096,0.075,0.3409090909090909,0.6590909090909091,0.275,1.0,1.0,0.4916666666666667,0.3771929824561403,0.0
20260629_225103_bc53ce62,20260629_225103_bc53ce62_g0036,36,715164318,2,24,24,24,1,4,GREEN,pool_peer_500ms,3,1.0,[1],0,88,3,"{""1"": 99, ""2"": 89, ""3"": 64, ""4"": 88}",False,21.0,-28.0,0.0,12.0,4.0,0.01,466.0,134.125,462.875,20.0,26.0,59.25,197.0,160.625,910.0,483.875,6.0,15.0,58.0,1.0,1.0,2.0,6.0,5.0,1.0,0.0,0.0,24.0,24.0,0.3,0.2857142857142857,0.0096,0.0096,0.075,0.3409090909090909,0.6590909090909091,0.525,1.0,1.0,0.4083333333333333,0.5719298245614035,0.0
20260629_225103_bc53ce62,20260629_225103_bc53ce62_g0036,36,715164318,3,32,32,32,1,1,RED,champ_v3,0,1.0,[1],1,99,1,"{""1"": 99, ""2"": 89, ""3"": 64, ""4"": 88}",False,25.0,-34.0,0.0,11.0,15.0,0.0375,266.0,90.75,267.875,21.0,25.0,46.5,133.5,41.875,401.0,292.875,8.0,13.0,48.0,1.0,1.0,2.0,6.0,3.0,0.0,0.0,0.0,32.0,32.0,0.4,0.38095238095238093,0.0128,0.0128,0.1,0.45454545454545453,0.5454545454545454,0.625,1.0,1.0,0.4916666666666667,0.5881578947368421,0.0
20260629_225103_bc53ce62,20260629_225103_bc53ce62_g0036,36,715164318,3,32,32,32,1,2,BLUE,pool_heuristic,1,1.0,[1],0,89,2,"{""1"": 99, ""2"": 89, ""3"": 64, ""4"": 88}",False,25.0,-34.0,3.0,9.0,15.0,0.0375,190.0,68.625,180.0,23.0,21.0,30.75,76.5,28.75,477.0,205.0,8.0,13.0,48.0,1.0,1.0,2.0,6.0,3.0,1.0,0.0,0.0,32.0,32.0,0.4,0.38095238095238093,0.0128,0.0128,0.1,0.45454545454545453,0.5454545454545454,0.625,1.0,1.0,0.4916666666666667,0.49078947368421044,0.0
20260629_225103_bc53ce62,20260629_225103_bc53ce62_g0036,36,715164318,3,32,32,32,1,3,YELLOW,pool_l45_100ms,2,1.0,[1],0,64,4,"{""1"": 99, ""2"": 89, ""3"": 64, ""4"": 88}",False,10.0,-64.0,5.0,7.0,15.0,0.0375,44.0,19.25,45.625,8.0,6.0,7.5,18.5,5.625,623.0,55.625,8.0,13.0,48.0,1.0,1.0,2.0,6.0,3.0,0.0,0.0,0.0,32.0,32.0,0.4,0.38095238095238093,0.0128,0.0128,0.1,0.45454545454545453,0.5454545454545454,0.25,1.0,1.0,0.6166666666666667,0.3973684210526316,0.0
20260629_225103_bc53ce62,20260629_225103_bc53ce62_g0036,36,715164318,3,32,32,32,1,4,GREEN,pool_peer_500ms,3,1.0,[1],0,88,3,"{""1"": 99, ""2"": 89, ""3"": 64, ""4"": 88}",False,24.0,-36.0,0.0,20.0,15.0,0.0375,167.0,61.25,169.375,19.0,16.0,28.5,71.5,34.375,500.0,193.375,8.0,13.0,48.0,1.0,1.0,2.0,6.0,3.0,1.0,0.0,0.0,32.0,32.0,0.4,0.38095238095238093,0.0128,0.0128,0.1,0.45454545454545453,0.5454545454545454,0.6,1.0,1.0,0.5,0.5894736842105264,0.0
20260629_225103_bc53ce62,20260629_225103_bc53ce62_g0036,36,715164318,4,40,40,40,1,1,RED,champ_v3,0,1.0,[1],1,99,1,"{""1"": 99, ""2"": 89, ""3"": 64, ""4"": 88}",False,29.0,-27.0,0.0,20.0,28.0,0.07,230.0,83.5,232.0,23.0,26.0,50.25,84.0,48.75,183.0,261.0,10.0,11.0,40.0,1.0,1.0,2.0,4.0,3.0,0.0,0.0,0.0,40.0,40.0,0.49,0.47619047619047616,0.016,0.016,0.12,0.5454545454545454,0.45454545454545453,0.725,1.0,1.0,0.4666666666666667,0.5745614035087718,0.0
20260629_225103_bc53ce62,20260629_225103_bc53ce62_g0036,36,715164318,4,40,40,40,1,2,BLUE,pool_heuristic,1,1.0,[1],0,89,2,"{""1"": 99, ""2"": 89, ""3"": 64, ""4"": 88}",False,24.0,-37.0,2.0,19.0,28.0,0.07,79.0,40.25,84.0,20.0,12.0,16.5,33.0,2.5,334.0,108.0,10.0,11.0,38.0,1.0,1.0,2.0,6.0,1.0,1.0,0.0,0.0,40.0,40.0,0.49,0.47619047619047616,0.016,0.016,0.125,0.5681818181818182,0.4318181818181818,0.6,1.0,1.0,0.5083333333333333,0.49684210526315786,0.0
20260629_225103_bc53ce62,20260629_225103_bc53ce62_g0036,36,715164318,4,40,40,40,1,3,YELLOW,pool_l45_100ms,2,1.0,[1],0,64,4,"{""1"": 99, ""2"": 89, ""3"": 64, ""4"": 88}",False,6.0,-73.0,5.0,8.0,28.0,0.07,4.0,4.0,4.0,4.0,0.0,0.0,0.0,0.0,409.0,10.0,10.0,11.0,39.0,1.0,1.0,2.0,5.0,2.0,0.0,0.0,0.0,40.0,40.0,0.49,0.47619047619047616,0.016,0.016,0.1225,0.5568181818181818,0.4431818181818182,0.15,0.8833333333333333,1.0,0.6583333333333333,0.37701396348012894,0.0
20260629_225103_bc53ce62,20260629_225103_bc53ce62_g0036,36,715164318,4,40,40,40,1,4,GREEN,pool_peer_500ms,3,1.0,[1],0,88,3,"{""1"": 99, ""2"": 89, ""3"": 64, ""4"": 88}",False,26.0,-33.0,0.0,31.0,28.0,0.07,100.0,47.5,106.25,21.0,15.0,23.25,37.0,10.0,313.0,132.25,10.0,11.0,39.0,1.0,1.0,2.0,5.0,2.0,1.0,0.0,0.0,40.0,40.0,0.49,0.47619047619047616,0.016,0.016,0.1225,0.5568181818181818,0.4431818181818182,0.65,1.0,1.0,0.4916666666666667,0.5886143931256713,0.0
20260629_225103_bc53ce62,20260629_225103_bc53ce62_g0036,36,715164318,5,48,48,48,1,1,RED,champ_v3,0,1.0,[1],1,99,1,"{""1"": 99, ""2"": 89, ""3"": 64, ""4"": 88}",False,28.0,-32.0,0.0,35.0,33.0,0.0825,86.0,39.875,90.625,18.0,14.0,12.0,31.0,15.625,127.0,118.625,12.0,9.0,32.0,1.0,1.0,1.0,4.0,2.0,0.0,0.0,0.0,48.0,48.0,0.5675,0.5714285714285714,0.0192,0.0192,0.14,0.6363636363636364,0.36363636363636365,0.7,1.0,1.0,0.5,0.6043233082706767,0.0
20260629_225103_bc53ce62,20260629_225103_bc53ce62_g0036,36,715164318,5,48,48,48,1,2,BLUE,pool_heuristic,1,1.0,[1],0,89,2,"{""1"": 99, ""2"": 89, ""3"": 64, ""4"": 88}",False,26.0,-36.0,2.0,30.0,33.0,0.0825,74.0,37.125,76.25,19.0,10.0,15.75,31.5,0.0,139.0,102.25,12.0,9.0,29.0,1.0,1.0,2.0,5.0,0.0,0.0,0.0,0.0,48.0,48.0,0.5675,0.5714285714285714,0.0192,0.0192,0.1475,0.6704545454545454,0.32954545454545453,0.65,1.0,0.8,0.5166666666666667,0.46030330062444247,0.0
20260629_225103_bc53ce62,20260629_225103_bc53ce62_g0036,36,715164318,5,48,48,48,1,3,YELLOW,pool_l45_100ms,2,1.0,[1],0,64,4,"{""1"": 99, ""2"": 89, ""3"": 64, ""4"": 88}",False,8.0,-72.0,5.0,14.0,33.0,0.0825,3.0,1.25,2.75,0.0,2.0,0.75,0.0,0.0,210.0,10.75,12.0,9.0,34.0,0.0,1.0,2.0,4.0,2.0,0.0,0.0,0.0,48.0,48.0,0.5675,0.5714285714285714,0.0192,0.0192,0.135,0.6136363636363636,0.38636363636363635,0.2,1.0,1.0,0.6666666666666667,0.36257309941520466,0.0
20260629_225103_bc53ce62,20260629_225103_bc53ce62_g0036,36,715164318,5,48,48,48,1,4,GREEN,pool_peer_500ms,3,1.0,[1],0,88,3,"{""1"": 99, ""2"": 89, ""3"": 64, ""4"": 88}",False,26.0,-36.0,0.0,43.0,33.0,0.0825,50.0,31.5,54.5,19.0,11.0,12.0,10.0,2.5,163.0,80.5,12.0,9.0,30.0,1.0,1.0,2.0,4.0,1.0,0.0,0.0,0.0,48.0,48.0,0.5675,0.5714285714285714,0.0192,0.0192,0.145,0.6590909090909091,0.3409090909090909,0.65,1.0,1.0,0.5166666666666667,0.5471869328493648,0.0
20260629_225103_bc53ce62,20260629_225103_bc53ce62_g0036,36,715164318,6,56,56,56,1,1,RED,champ_v3,0,1.0,[1],1,99,1,"{""1"": 99, ""2"": 89, ""3"": 64, ""4"": 88}",False,28.0,-32.0,0.0,44.0,28.0,0.07,38.0,24.25,38.0,16.0,9.0,6.0,7.0,0.0,49.0,66.0,14.0,7.0,22.0,1.0,1.0,1.0,4.0,0.0,0.0,0.0,0.0,56.0,56.0,0.635,0.6666666666666666,0.0224,0.0224,0.165,0.75,0.25,0.7,1.0,0.8,0.5,0.5829346092503987,0.0
20260629_225103_bc53ce62,20260629_225103_bc53ce62_g0036,36,715164318,6,56,56,56,1,2,BLUE,pool_heuristic,1,1.0,[1],0,89,2,"{""1"": 99, ""2"": 89, ""3"": 64, ""4"": 88}",False,28.0,-32.0,2.0,37.0,28.0,0.07,34.0,26.125,35.5,20.0,7.0,6.0,2.5,0.0,53.0,63.5,14.0,7.0,21.0,1.0,1.0,2.0,3.0,0.0,0.0,0.0,0.0,56.0,56.0,0.635,0.6666666666666666,0.0224,0.0224,0.1675,0.7613636363636364,0.23863636363636365,0.7,1.0,0.8,0.5,0.46425765907305583,0.0
20260629_225103_bc53ce62,20260629_225103_bc53ce62_g0036,36,715164318,6,56,56,56,1,3,YELLOW,pool_l45_100ms,2,1.0,[1],0,64,4,"{""1"": 99, ""2"": 89, ""3"": 64, ""4"": 88}",False,6.0,-76.0,5.0,22.0,28.0,0.07,0.0,0.0,0.0,0.0,0.0,0.0,0.0,0.0,87.0,6.0,14.0,7.0,29.0,0.0,0.0,1.0,4.0,2.0,0.0,0.0,0.0,56.0,56.0,0.635,0.6666666666666666,0.0224,0.0224,0.1475,0.6704545454545454,0.32954545454545453,0.15,0.65,1.0,0.6833333333333333,0.3505798394290811,0.0
20260629_225103_bc53ce62,20260629_225103_bc53ce62_g0036,36,715164318,6,56,56,56,1,4,GREEN,pool_peer_500ms,3,1.0,[1],0,88,3,"{""1"": 99, ""2"": 89, ""3"": 64, ""4"": 88}",False,26.0,-36.0,0.0,52.0,28.0,0.07,15.0,7.5,19.0,0.0,10.0,3.0,6.0,0.0,72.0,45.0,14.0,7.0,26.0,0.0,1.0,1.0,4.0,1.0,0.0,0.0,0.0,56.0,56.0,0.635,0.6666666666666666,0.0224,0.0224,0.155,0.7045454545454546,0.29545454545454547,0.65,0.8666666666666667,1.0,0.5166666666666667,0.5407470288624787,0.0
20260629_225103_bc53ce62,20260629_225103_bc53ce62_g0036,36,715164318,7,64,64,66,3,1,RED,champ_v3,0,1.0,[1],1,99,1,"{""1"": 99, ""2"": 89, ""3"": 64, ""4"": 88}",False,21.0,-35.0,0.0,53.0,30.0,0.075,16.0,14.0,16.0,12.0,4.0,0.0,0.0,0.0,25.0,37.0,17.0,4.0,11.0,1.0,1.0,0.0,2.0,0.0,0.0,0.0,0.0,64.0,66.0,0.7,0.8095238095238095,0.0264,0.0256,0.1925,0.875,0.125,0.525,0.7166666666666667,0.8,0.4666666666666667,0.5427204374572796,0.0
20260629_225103_bc53ce62,20260629_225103_bc53ce62_g0036,36,715164318,7,64,64,66,3,2,BLUE,pool_heuristic,1,1.0,[1],0,89,2,"{""1"": 99, ""2"": 89, ""3"": 64, ""4"": 88}",False,28.0,-21.0,1.0,49.0,30.0,0.075,22.0,20.0,22.0,18.0,4.0,0.0,0.0,0.0,19.0,50.0,17.0,4.0,11.0,1.0,1.0,0.0,2.0,0.0,0.0,0.0,0.0,64.0,66.0,0.7,0.8095238095238095,0.0264,0.0256,0.1925,0.875,0.125,0.7,1.0,0.8,0.4083333333333333,0.48051948051948046,0.0
20260629_225103_bc53ce62,20260629_225103_bc53ce62_g0036,36,715164318,7,64,64,66,3,3,YELLOW,pool_l45_100ms,2,1.0,[1],0,64,4,"{""1"": 99, ""2"": 89, ""3"": 64, ""4"": 88}",False,6.0,-65.0,5.0,33.0,30.0,0.075,0.0,0.0,0.0,0.0,0.0,0.0,0.0,0.0,41.0,6.0,14.0,7.0,29.0,0.0,0.0,1.0,4.0,2.0,0.0,0.0,0.0,64.0,66.0,0.7,0.6666666666666666,0.0264,0.0256,0.1475,0.6704545454545454,0.32954545454545453,0.15,0.3,1.0,0.5916666666666667,0.3505798394290811,0.0
20260629_225103_bc53ce62,20260629_225103_bc53ce62_g0036,36,715164318,7,64,64,66,3,4,GREEN,pool_peer_500ms,3,1.0,[1],0,88,3,"{""1"": 99, ""2"": 89, ""3"": 64, ""4"": 88}",False,22.0,-33.0,0.0,59.0,30.0,0.075,3.0,1.5,6.0,0.0,0.0,0.0,6.0,0.0,38.0,28.0,16.0,5.0,21.0,0.0,0.0,0.0,4.0,1.0,0.0,0.0,0.0,64.0,66.0,0.7,0.7619047619047619,0.0264,0.0256,0.1675,0.7613636363636364,0.23863636363636365,0.55,0.6833333333333333,1.0,0.4583333333333333,0.5302435192458759,0.0
20260629_225103_bc53ce62,20260629_225103_bc53ce62_g0037,37,162817499,0,8,8,8,1,1,RED,pool_heuristic,0,3.0,[3],0,86,2,"{""1"": 86, ""2"": 75, ""3"": 94, ""4"": 81}",False,7.0,-16.0,9.0,0.0,3.0,0.0075,412.0,106.625,430.125,7.0,12.0,34.5,136.0,240.625,1413.0,437.125,2.0,19.0,78.0,1.0,1.0,2.0,6.0,9.0,1.0,1.0,1.0,8.0,8.0,0.1,0.09523809523809523,0.0032,0.0032,0.025,0.11363636363636363,0.8863636363636364,0.175,1.0,1.0,0.19166666666666668,0.2315789473684211,0.0
20260629_225103_bc53ce62,20260629_225103_bc53ce62_g0037,37,162817499,0,8,8,8,1,2,BLUE,pool_l45_100ms,1,3.0,[3],0,75,4,"{""1"": 86, ""2"": 75, ""3"": 94, ""4"": 81}",False,5.0,-20.0,9.0,0.0,3.0,0.0075,327.0,76.25,309.5,5.0,8.0,24.0,95.0,177.5,1498.0,314.5,2.0,19.0,78.0,1.0,1.0,2.0,6.0,9.0,1.0,1.0,0.0,8.0,8.0,0.1,0.09523809523809523,0.0032,0.0032,0.025,0.11363636363636363,0.8863636363636364,0.125,1.0,1.0,0.20833333333333334,0.15263157894736834,0.0
20260629_225103_bc53ce62,20260629_225103_bc53ce62_g0037,37,162817499,0,8,8,8,1,3,YELLOW,pool_peer_500ms,2,3.0,[3],1,94,1,"{""1"": 86, ""2"": 75, ""3"": 94, ""4"": 81}",False,9.0,-12.0,9.0,0.0,3.0,0.0075,543.0,122.625,488.75,9.0,15.0,41.25,153.5,270.0,1282.0,497.75,2.0,19.0,78.0,1.0,1.0,2.0,6.0,9.0,1.0,0.0,0.0,8.0,8.0,0.1,0.09523809523809523,0.0032,0.0032,0.025,0.11363636363636363,0.8863636363636364,0.225,1.0,1.0,0.175,0.23684210526315785,0.0
20260629_225103_bc53ce62,20260629_225103_bc53ce62_g0037,37,162817499,0,8,8,8,1,4,GREEN,champ_v3,3,3.0,[3],0,81,3,"{""1"": 86, ""2"": 75, ""3"": 94, ""4"": 81}",False,9.0,-12.0,9.0,0.0,3.0,0.0075,543.0,122.625,488.75,9.0,15.0,41.25,153.5,270.0,1282.0,497.75,2.0,19.0,78.0,1.0,1.0,2.0,6.0,9.0,1.0,0.0,0.0,8.0,8.0,0.1,0.09523809523809523,0.0032,0.0032,0.025,0.11363636363636363,0.8863636363636364,0.225,1.0,1.0,0.175,0.23684210526315785,0.0
20260629_225103_bc53ce62,20260629_225103_bc53ce62_g0037,37,162817499,1,16,16,16,1,1,RED,pool_heuristic,0,3.0,[3],0,86,2,"{""1"": 86, ""2"": 75, ""3"": 94, ""4"": 81}",False,14.0,-26.0,0.0,5.0,3.0,0.0075,610.0,161.625,624.75,13.0,22.0,61.5,229.5,298.75,1884.0,638.75,4.0,17.0,68.0,1.0,1.0,2.0,6.0,7.0,1.0,0.0,1.0,16.0,16.0,0.2,0.19047619047619047,0.0064,0.0064,0.05,0.22727272727272727,0.7727272727272727,0.35,1.0,1.0,0.33333333333333337,0.5052631578947369,0.0
20260629_225103_bc53ce62,20260629_225103_bc53ce62_g0037,37,162817499,1,16,16,16,1,2,BLUE,pool_l45_100ms,1,3.0,[3],0,75,4,"{""1"": 86, ""2"": 75, ""3"": 94, ""4"": 81}",False,9.0,-36.0,6.0,0.0,3.0,0.0075,468.0,109.875,421.0,9.0,16.0,43.5,157.5,195.0,2026.0,430.0,4.0,17.0,68.0,1.0,1.0,2.0,6.0,7.0,1.0,0.0,0.0,16.0,16.0,0.2,0.19047619047619047,0.0064,0.0064,0.05,0.22727272727272727,0.7727272727272727,0.225,1.0,1.0,0.375,0.3263157894736842,0.0
20260629_225103_bc53ce62,20260629_225103_bc53ce62_g0037,37,162817499,1,16,16,16,1,3,YELLOW,pool_peer_500ms,2,3.0,[3],1,94,1,"{""1"": 86, ""2"": 75, ""3"": 94, ""4"": 81}",False,16.0,-22.0,1.0,2.0,3.0,0.0075,769.0,193.25,744.625,16.0,27.0,75.0,268.5,358.125,1725.0,760.625,4.0,17.0,68.0,1.0,1.0,2.0,6.0,7.0,1.0,0.0,0.0,16.0,16.0,0.2,0.19047619047619047,0.0064,0.0064,0.05,0.22727272727272727,0.7727272727272727,0.4,1.0,1.0,0.31666666666666665,0.48684210526315785,0.0
20260629_225103_bc53ce62,20260629_225103_bc53ce62_g0037,37,162817499,1,16,16,16,1,4,GREEN,champ_v3,3,3.0,[3],0,81,3,"{""1"": 86, ""2"": 75, ""3"": 94, ""4"": 81}",False,15.0,-24.0,2.0,3.0,3.0,0.0075,647.0,155.25,590.375,15.0,22.0,59.25,213.5,280.625,1847.0,605.375,4.0,17.0,68.0,1.0,1.0,2.0,6.0,7.0,1.0,0.0,0.0,16.0,16.0,0.2,0.19047619047619047,0.0064,0.0064,0.05,0.22727272727272727,0.7727272727272727,0.375,1.0,1.0,0.325,0.4736842105263158,0.0
20260629_225103_bc53ce62,20260629_225103_bc53ce62_g0037,37,162817499,2,24,24,24,1,1,RED,pool_heuristic,0,3.0,[3],0,86,2,"{""1"": 86, ""2"": 75, ""3"": 94, ""4"": 81}",False,19.0,-37.0,0.0,14.0,3.0,0.0075,312.0,100.0,347.25,14.0,20.0,44.25,149.0,120.0,1537.0,366.25,6.0,15.0,58.0,1.0,1.0,2.0,6.0,5.0,1.0,0.0,1.0,24.0,24.0,0.2975,0.2857142857142857,0.0096,0.0096,0.075,0.3409090909090909,0.6590909090909091,0.475,1.0,1.0,0.4666666666666667,0.5859649122807018,0.0
20260629_225103_bc53ce62,20260629_225103_bc53ce62_g0037,37,162817499,2,24,24,24,1,2,BLUE,pool_l45_100ms,1,3.0,[3],0,75,4,"{""1"": 86, ""2"": 75, ""3"": 94, ""4"": 81}",False,13.0,-49.0,6.0,0.0,3.0,0.0075,326.0,85.25,289.75,13.0,18.0,39.0,126.0,93.75,1523.0,302.75,6.0,15.0,58.0,1.0,1.0,2.0,6.0,5.0,0.0,0.0,0.0,24.0,24.0,0.2975,0.2857142857142857,0.0096,0.0096,0.075,0.3409090909090909,0.6590909090909091,0.325,1.0,1.0,0.5166666666666667,0.38596491228070173,0.0
20260629_225103_bc53ce62,20260629_225103_bc53ce62_g0037,37,162817499,2,24,24,24,1,3,YELLOW,pool_peer_500ms,2,3.0,[3],1,94,1,"{""1"": 86, ""2"": 75, ""3"": 94, ""4"": 81}",False,21.0,-33.0,1.0,7.0,3.0,0.0075,599.0,165.875,588.875,21.0,31.0,72.75,246.0,218.125,1250.0,609.875,6.0,15.0,58.0,1.0,1.0,2.0,6.0,5.0,0.0,0.0,0.0,24.0,24.0,0.2975,0.2857142857142857,0.0096,0.0096,0.075,0.3409090909090909,0.6590909090909091,0.525,1.0,1.0,0.45,0.5473684210526316,0.0
20260629_225103_bc53ce62,20260629_225103_bc53ce62_g0037,37,162817499,2,24,24,24,1,4,GREEN,champ_v3,3,3.0,[3],0,81,3,"{""1"": 86, ""2"": 75, ""3"": 94, ""4"": 81}",False,22.0,-31.0,2.0,7.0,3.0,0.0075,612.0,155.75,553.0,21.0,29.0,73.5,197.0,232.5,1237.0,575.0,6.0,15.0,59.0,1.0,1.0,2.0,5.0,6.0,1.0,0.0,0.0,24.0,24.0,0.2975,0.2857142857142857,0.0096,0.0096,0.0725,0.32954545454545453,0.6704545454545454,0.55,1.0,1.0,0.4416666666666667,0.5245009074410163,0.0
20260629_225103_bc53ce62,20260629_225103_bc53ce62_g0037,37,162817499,3,32,32,32,1,1,RED,pool_heuristic,0,3.0,[3],0,86,2,"{""1"": 86, ""2"": 75, ""3"": 94, ""4"": 81}",False,23.0,-42.0,0.0,19.0,6.0,0.015,186.0,67.75,208.0,15.0,16.0,33.0,99.0,45.0,762.0,231.0,8.0,13.0,48.0,1.0,1.0,2.0,6.0,3.0,1.0,0.0,1.0,32.0,32.0,0.3975,0.38095238095238093,0.0128,0.0128,0.1,0.45454545454545453,0.5454545454545454,0.575,1.0,1.0,0.5416666666666667,0.5592105263157895,0.0
20260629_225103_bc53ce62,20260629_225103_bc53ce62_g0037,37,162817499,3,32,32,32,1,2,BLUE,pool_l45_100ms,1,3.0,[3],0,75,4,"{""1"": 86, ""2"": 75, ""3"": 94, ""4"": 81}",False,14.0,-60.0,3.0,9.0,6.0,0.015,142.0,50.75,141.5,13.0,16.0,27.75,71.0,13.75,806.0,155.5,8.0,13.0,48.0,1.0,1.0,2.0,6.0,3.0,0.0,0.0,0.0,32.0,32.0,0.3975,0.38095238095238093,0.0128,0.0128,0.1,0.45454545454545453,0.5454545454545454,0.35,1.0,1.0,0.6166666666666667,0.43947368421052635,0.0
20260629_225103_bc53ce62,20260629_225103_bc53ce62_g0037,37,162817499,3,32,32,32,1,3,YELLOW,pool_peer_500ms,2,3.0,[3],1,94,1,"{""1"": 86, ""2"": 75, ""3"": 94, ""4"": 81}",False,25.0,-38.0,1.0,17.0,6.0,0.015,276.0,92.625,270.75,22.0,28.0,46.5,125.5,48.75,672.0,295.75,8.0,13.0,48.0,1.0,1.0,2.0,6.0,3.0,0.0,0.0,0.0,32.0,32.0,0.3975,0.38095238095238093,0.0128,0.0128,0.1,0.45454545454545453,0.5454545454545454,0.625,1.0,1.0,0.525,0.5723684210526316,0.0
20260629_225103_bc53ce62,20260629_225103_bc53ce62_g0037,37,162817499,3,32,32,32,1,4,GREEN,champ_v3,3,3.0,[3],0,81,3,"{""1"": 86, ""2"": 75, ""3"": 94, ""4"": 81}",False,26.0,-36.0,0.0,13.0,6.0,0.015,344.0,109.0,332.375,24.0,29.0,58.5,136.5,84.375,604.0,358.375,8.0,13.0,49.0,1.0,1.0,2.0,5.0,4.0,1.0,0.0,0.0,32.0,32.0,0.3975,0.38095238095238093,0.0128,0.0128,0.0975,0.4431818181818182,0.5568181818181818,0.65,1.0,1.0,0.5166666666666667,0.5614035087719298,0.0
20260629_225103_bc53ce62,20260629_225103_bc53ce62_g0037,37,162817499,4,40,40,40,1,1,RED,pool_heuristic,0,3.0,[3],0,86,2,"{""1"": 86, ""2"": 75, ""3"": 94, ""4"": 81}",False,23.0,-45.0,0.0,28.0,9.0,0.0225,43.0,22.875,42.25,13.0,7.0,9.75,12.5,0.0,408.0,65.25,10.0,11.0,38.0,1.0,1.0,2.0,6.0,1.0,0.0,0.0,1.0,40.0,40.0,0.4875,0.47619047619047616,0.016,0.016,0.125,0.5681818181818182,0.4318181818181818,0.575,1.0,1.0,0.5666666666666667,0.52,0.0
20260629_225103_bc53ce62,20260629_225103_bc53ce62_g0037,37,162817499,4,40,40,40,1,2,BLUE,pool_l45_100ms,1,3.0,[3],0,75,4,"{""1"": 86, ""2"": 75, ""3"": 94, ""4"": 81}",False,12.0,-67.0,3.0,24.0,9.0,0.0225,96.0,36.625,95.0,11.0,13.0,19.5,46.5,5.0,355.0,107.0,10.0,11.0,38.0,1.0,1.0,2.0,6.0,1.0,0.0,0.0,0.0,40.0,40.0,0.4875,0.47619047619047616,0.016,0.016,0.125,0.5681818181818182,0.4318181818181818,0.3,0.8166666666666667,1.0,0.6583333333333333,0.4452631578947369,0.0
20260629_225103_bc53ce62,20260629_225103_bc53ce62_g0037,37,162817499,4,40,40,40,1,3,YELLOW,pool_peer_500ms,2,3.0,[3],1,94,1,"{""1"": 86, ""2"": 75, ""3"": 94, ""4"": 81}",False,28.0,-35.0,1.0,32.0,9.0,0.0225,104.0,48.875,104.625,21.0,21.0,24.0,33.0,5.625,347.0,132.625,10.0,11.0,39.0,1.0,1.0,2.0,5.0,2.0,0.0,0.0,0.0,40.0,40.0,0.4875,0.47619047619047616,0.016,0.016,0.1225,0.5568181818181818,0.4431818181818182,0.7,1.0,1.0,0.525,0.5639097744360901,0.0
20260629_225103_bc53ce62,20260629_225103_bc53ce62_g0037,37,162817499,4,40,40,40,1,4,GREEN,champ_v3,3,3.0,[3],0,81,3,"{""1"": 86, ""2"": 75, ""3"": 94, ""4"": 81}",False,28.0,-35.0,0.0,21.0,9.0,0.0225,208.0,70.25,201.25,24.0,0.0,45.0,96.0,36.25,243.0,229.25,10.0,11.0,42.0,1.0,0.0,2.0,5.0,3.0,0.0,0.0,0.0,40.0,40.0,0.4875,0.47619047619047616,0.016,0.016,0.115,0.5227272727272727,0.4772727272727273,0.7,1.0,1.0,0.525,0.5514874141876429,0.0
20260629_225103_bc53ce62,20260629_225103_bc53ce62_g0037,37,162817499,5,48,48,48,1,1,RED,pool_heuristic,0,3.0,[3],0,86,2,"{""1"": 86, ""2"": 75, ""3"": 94, ""4"": 81}",False,26.0,-41.0,0.0,36.0,15.0,0.0375,31.0,18.75,31.25,12.0,5.0,8.25,6.0,0.0,159.0,57.25,12.0,9.0,29.0,1.0,1.0,2.0,5.0,0.0,0.0,0.0,0.0,48.0,48.0,0.58,0.5714285714285714,0.0192,0.0192,0.1475,0.6704545454545454,0.32954545454545453,0.65,1.0,0.8,0.5583333333333333,0.5129348795718109,0.0
20260629_225103_bc53ce62,20260629_225103_bc53ce62_g0037,37,162817499,5,48,48,48,1,2,BLUE,pool_l45_100ms,1,3.0,[3],0,75,4,"{""1"": 86, ""2"": 75, ""3"": 94, ""4"": 81}",False,13.0,-67.0,3.0,34.0,15.0,0.0375,61.0,28.25,63.0,11.0,12.0,15.0,25.0,0.0,129.0,76.0,12.0,9.0,29.0,1.0,1.0,2.0,5.0,0.0,0.0,0.0,0.0,48.0,48.0,0.58,0.5714285714285714,0.0192,0.0192,0.1475,0.6704545454545454,0.32954545454545453,0.325,0.65,0.8,0.6666666666666667,0.415700267618198,0.0
20260629_225103_bc53ce62,20260629_225103_bc53ce62_g0037,37,162817499,5,48,48,48,1,3,YELLOW,pool_peer_500ms,2,3.0,[3],1,94,1,"{""1"": 86, ""2"": 75, ""3"": 94, ""4"": 81}",False,29.0,-35.0,1.0,44.0,15.0,0.0375,63.0,36.25,66.5,19.0,17.0,15.0,13.0,2.5,127.0,95.5,12.0,9.0,30.0,1.0,1.0,2.0,4.0,1.0,0.0,0.0,0.0,48.0,48.0,0.58,0.5714285714285714,0.0192,0.0192,0.145,0.6590909090909091,0.3409090909090909,0.725,1.0,1.0,0.5333333333333333,0.5335753176043556,0.0
20260629_225103_bc53ce62,20260629_225103_bc53ce62_g0037,37,162817499,5,48,48,48,1,4,GREEN,champ_v3,3,3.0,[3],0,81,3,"{""1"": 86, ""2"": 75, ""3"": 94, ""4"": 81}",False,25.0,-43.0,0.0,26.0,15.0,0.0375,35.0,21.875,36.0,16.0,0.0,11.25,7.5,1.25,155.0,61.0,12.0,9.0,32.0,1.0,0.0,2.0,5.0,1.0,0.0,0.0,0.0,48.0,48.0,0.58,0.5714285714285714,0.0192,0.0192,0.14,0.6363636363636364,0.36363636363636365,0.625,1.0,1.0,0.5666666666666667,0.5244360902255638,0.0
20260629_225103_bc53ce62,20260629_225103_bc53ce62_g0037,37,162817499,6,56,56,56,1,1,RED,pool_heuristic,0,3.0,[3],0,86,2,"{""1"": 86, ""2"": 75, ""3"": 94, ""4"": 81}",False,23.0,-34.0,0.0,53.0,24.0,0.06,10.0,8.75,9.75,8.0,1.0,0.75,0.0,0.0,62.0,32.75,14.0,7.0,21.0,1.0,1.0,2.0,3.0,0.0,0.0,0.0,0.0,56.0,56.0,0.6525,0.6666666666666666,0.0224,0.0224,0.1675,0.7613636363636364,0.23863636363636365,0.575,1.0,0.8,0.475,0.5216025137470541,0.0
20260629_225103_bc53ce62,20260629_225103_bc53ce62_g0037,37,162817499,6,56,56,56,1,2,BLUE,pool_l45_100ms,1,3.0,[3],0,75,4,"{""1"": 86, ""2"": 75, ""3"": 94, ""4"": 81}",False,8.0,-64.0,2.0,38.0,24.0,0.06,8.0,7.0,8.0,6.0,2.0,0.0,0.0,0.0,64.0,16.0,14.0,7.0,21.0,1.0,1.0,2.0,3.0,0.0,0.0,0.0,0.0,56.0,56.0,0.6525,0.6666666666666666,0.0224,0.0224,0.1675,0.7613636363636364,0.23863636363636365,0.2,0.45,0.8,0.6,0.43047918303220734,0.0
20260629_225103_bc53ce62,20260629_225103_bc53ce62_g0037,37,162817499,6,56,56,56,1,3,YELLOW,pool_peer_500ms,2,3.0,[3],1,94,1,"{""1"": 86, ""2"": 75, ""3"": 94, ""4"": 81}",False,27.0,-26.0,1.0,59.0,24.0,0.06,40.0,26.75,39.5,17.0,14.0,7.5,1.0,0.0,32.0,66.5,14.0,7.0,22.0,1.0,1.0,2.0,2.0,1.0,0.0,0.0,0.0,56.0,56.0,0.6525,0.6666666666666666,0.0224,0.0224,0.165,0.75,0.25,0.675,0.6166666666666667,1.0,0.4416666666666667,0.5087719298245614,0.0
20260629_225103_bc53ce62,20260629_225103_bc53ce62_g0037,37,162817499,6,56,56,56,1,4,GREEN,champ_v3,3,3.0,[3],0,81,3,"{""1"": 86, ""2"": 75, ""3"": 94, ""4"": 81}",False,22.0,-36.0,0.0,30.0,24.0,0.06,14.0,5.0,17.5,0.0,0.0,8.25,8.0,1.25,58.0,39.5,14.0,7.0,27.0,0.0,0.0,2.0,4.0,1.0,0.0,0.0,0.0,56.0,56.0,0.6525,0.6666666666666666,0.0224,0.0224,0.1525,0.6931818181818182,0.3068181818181818,0.55,0.8333333333333334,1.0,0.4833333333333333,0.5125107851596203,0.0
20260629_225103_bc53ce62,20260629_225103_bc53ce62_g0037,37,162817499,7,64,64,64,1,1,RED,pool_heuristic,0,3.0,[3],0,86,2,"{""1"": 86, ""2"": 75, ""3"": 94, ""4"": 81}",False,20.0,-28.0,0.0,57.0,35.0,0.0875,0.0,0.0,0.0,0.0,0.0,0.0,0.0,0.0,12.0,20.0,16.0,5.0,17.0,0.0,1.0,1.0,3.0,0.0,0.0,0.0,0.0,64.0,64.0,0.705,0.7619047619047619,0.0256,0.0256,0.1775,0.8068181818181818,0.19318181818181818,0.5,0.7666666666666667,0.8,0.4,0.5011119347664936,0.0
20260629_225103_bc53ce62,20260629_225103_bc53ce62_g0037,37,162817499,7,64,64,64,1,2,BLUE,pool_l45_100ms,1,3.0,[3],0,75,4,"{""1"": 86, ""2"": 75, ""3"": 94, ""4"": 81}",False,5.0,-58.0,2.0,40.0,35.0,0.0875,0.0,0.0,0.0,0.0,0.0,0.0,0.0,0.0,12.0,5.0,16.0,5.0,18.0,0.0,0.0,2.0,3.0,0.0,0.0,0.0,0.0,64.0,64.0,0.705,0.7619047619047619,0.0256,0.0256,0.175,0.7954545454545454,0.20454545454545456,0.125,0.36666666666666664,0.8,0.525,0.4263157894736842,0.0
20260629_225103_bc53ce62,20260629_225103_bc53ce62_g0037,37,162817499,7,64,64,64,1,3,YELLOW,pool_peer_500ms,2,3.0,[3],1,94,1,"{""1"": 86, ""2"": 75, ""3"": 94, ""4"": 81}",False,25.0,-18.0,1.0,64.0,35.0,0.0875,12.0,5.5,12.0,0.0,9.0,3.0,0.0,0.0,0.0,37.0,16.0,5.0,17.0,0.0,1.0,2.0,1.0,1.0,0.0,0.0,0.0,64.0,64.0,0.705,0.7619047619047619,0.0256,0.0256,0.1775,0.8068181818181818,0.19318181818181818,0.625,0.4166666666666667,1.0,0.35833333333333334,0.49147516679021497,0.0
20260629_225103_bc53ce62,20260629_225103_bc53ce62_g0037,37,162817499,7,64,64,64,1,4,GREEN,champ_v3,3,3.0,[3],0,81,3,"{""1"": 86, ""2"": 75, ""3"": 94, ""4"": 81}",False,18.0,-32.0,0.0,37.0,35.0,0.0875,0.0,0.0,0.0,0.0,0.0,0.0,0.0,0.0,12.0,18.0,16.0,5.0,18.0,0.0,0.0,2.0,3.0,0.0,0.0,0.0,0.0,64.0,64.0,0.705,0.7619047619047619,0.0256,0.0256,0.175,0.7954545454545454,0.20454545454545456,0.45,0.7,0.8,0.4166666666666667,0.5022556390977444,0.0
20260629_225103_bc53ce62,20260629_225103_bc53ce62_g0038,38,1801987859,0,8,8,8,1,1,RED,pool_l45_100ms,0,3.0,[3],0,82,4,"{""1"": 82, ""2"": 88, ""3"": 99, ""4"": 84}",False,6.0,-19.0,9.0,0.0,1.0,0.0025,388.0,90.5,366.25,6.0,10.0,28.5,113.0,208.75,1510.0,372.25,2.0,19.0,78.0,1.0,1.0,2.0,6.0,9.0,1.0,1.0,0.0,8.0,8.0,0.1,0.09523809523809523,0.0032,0.0032,0.025,0.11363636363636363,0.8863636363636364,0.15,1.0,1.0,0.20833333333333334,0.20526315789473681,0.0
20260629_225103_bc53ce62,20260629_225103_bc53ce62_g0038,38,1801987859,0,8,8,8,1,2,BLUE,pool_peer_500ms,1,3.0,[3],0,88,2,"{""1"": 82, ""2"": 88, ""3"": 99, ""4"": 84}",False,9.0,-13.0,9.0,0.0,1.0,0.0025,543.0,122.625,488.75,9.0,15.0,41.25,153.5,270.0,1355.0,497.75,2.0,19.0,78.0,1.0,1.0,2.0,6.0,9.0,1.0,0.0,0.0,8.0,8.0,0.1,0.09523809523809523,0.0032,0.0032,0.025,0.11363636363636363,0.8863636363636364,0.225,1.0,1.0,0.18333333333333332,0.23684210526315785,0.0
20260629_225103_bc53ce62,20260629_225103_bc53ce62_g0038,38,1801987859,0,8,8,8,1,3,YELLOW,champ_v3,2,3.0,[3],1,99,1,"{""1"": 82, ""2"": 88, ""3"": 99, ""4"": 84}",False,9.0,-13.0,9.0,0.0,1.0,0.0025,543.0,122.625,488.75,9.0,15.0,41.25,153.5,270.0,1355.0,497.75,2.0,19.0,78.0,1.0,1.0,2.0,6.0,9.0,1.0,0.0,0.0,8.0,8.0,0.1,0.09523809523809523,0.0032,0.0032,0.025,0.11363636363636363,0.8863636363636364,0.225,1.0,1.0,0.18333333333333332,0.23684210526315785,0.0
20260629_225103_bc53ce62,20260629_225103_bc53ce62_g0038,38,1801987859,0,8,8,8,1,4,GREEN,pool_heuristic,3,3.0,[3],0,84,3,"{""1"": 82, ""2"": 88, ""3"": 99, ""4"": 84}",False,7.0,-17.0,9.0,0.0,1.0,0.0025,424.0,105.375,424.375,7.0,12.0,34.5,134.0,236.875,1474.0,431.375,2.0,19.0,78.0,1.0,1.0,2.0,6.0,9.0,1.0,1.0,1.0,8.0,8.0,0.1,0.09523809523809523,0.0032,0.0032,0.025,0.11363636363636363,0.8863636363636364,0.175,1.0,1.0,0.2,0.22105263157894728,0.0
20260629_225103_bc53ce62,20260629_225103_bc53ce62_g0038,38,1801987859,1,16,16,16,1,1,RED,pool_l45_100ms,0,3.0,[3],0,82,4,"{""1"": 82, ""2"": 88, ""3"": 99, ""4"": 84}",False,10.0,-33.0,7.0,0.0,1.0,0.0025,400.0,97.25,362.0,10.0,16.0,39.0,137.0,160.0,1997.0,372.0,4.0,17.0,68.0,1.0,1.0,2.0,6.0,7.0,1.0,0.0,0.0,16.0,16.0,0.2,0.19047619047619047,0.0064,0.0064,0.05,0.22727272727272727,0.7727272727272727,0.25,1.0,1.0,0.35833333333333334,0.3236842105263158,0.0
20260629_225103_bc53ce62,20260629_225103_bc53ce62_g0038,38,1801987859,1,16,16,16,1,2,BLUE,pool_peer_500ms,1,3.0,[3],0,88,2,"{""1"": 82, ""2"": 88, ""3"": 99, ""4"": 84}",False,16.0,-21.0,0.0,2.0,1.0,0.0025,720.0,179.75,698.75,14.0,24.0,67.5,252.0,341.25,1677.0,714.75,4.0,17.0,68.0,1.0,1.0,2.0,6.0,7.0,1.0,0.0,0.0,16.0,16.0,0.2,0.19047619047619047,0.0064,0.0064,0.05,0.22727272727272727,0.7727272727272727,0.4,1.0,1.0,0.30833333333333335,0.49473684210526314,0.0
20260629_225103_bc53ce62,20260629_225103_bc53ce62_g0038,38,1801987859,1,16,16,16,1,3,YELLOW,champ_v3,2,3.0,[3],1,99,1,"{""1"": 82, ""2"": 88, ""3"": 99, ""4"": 84}",False,15.0,-23.0,1.0,2.0,1.0,0.0025,788.0,196.5,761.125,15.0,27.0,75.75,281.5,361.875,1609.0,776.125,4.0,17.0,68.0,1.0,1.0,2.0,6.0,7.0,1.0,0.0,0.0,16.0,16.0,0.2,0.19047619047619047,0.0064,0.0064,0.05,0.22727272727272727,0.7727272727272727,0.375,1.0,1.0,0.31666666666666665,0.4894736842105264,0.0
20260629_225103_bc53ce62,20260629_225103_bc53ce62_g0038,38,1801987859,1,16,16,16,1,4,GREEN,pool_heuristic,3,3.0,[3],0,84,3,"{""1"": 82, ""2"": 88, ""3"": 99, ""4"": 84}",False,12.0,-29.0,3.0,0.0,1.0,0.0025,489.0,138.5,529.25,12.0,20.0,53.25,199.0,245.0,1908.0,541.25,4.0,17.0,68.0,1.0,1.0,2.0,6.0,7.0,1.0,1.0,1.0,16.0,16.0,0.2,0.19047619047619047,0.0064,0.0064,0.05,0.22727272727272727,0.7727272727272727,0.3,1.0,1.0,0.3416666666666667,0.43157894736842106,0.0
20260629_225103_bc53ce62,20260629_225103_bc53ce62_g0038,38,1801987859,2,24,24,24,1,1,RED,pool_l45_100ms,0,3.0,[3],0,82,4,"{""1"": 82, ""2"": 88, ""3"": 99, ""4"": 84}",False,14.0,-42.0,6.0,2.0,8.0,0.02,172.0,54.125,160.875,13.0,16.0,26.25,65.0,40.625,1353.0,174.875,6.0,15.0,58.0,1.0,1.0,2.0,6.0,5.0,0.0,0.0,0.0,24.0,24.0,0.3,0.2857142857142857,0.0096,0.0096,0.075,0.3409090909090909,0.6590909090909091,0.35,1.0,1.0,0.4666666666666667,0.4017543859649123,0.0
20260629_225103_bc53ce62,20260629_225103_bc53ce62_g0038,38,1801987859,2,24,24,24,1,2,BLUE,pool_peer_500ms,1,3.0,[3],0,88,2,"{""1"": 82, ""2"": 88, ""3"": 99, ""4"": 84}",False,20.0,-30.0,0.0,14.0,8.0,0.02,405.0,114.75,395.5,16.0,23.0,54.0,175.0,127.5,1120.0,415.5,6.0,15.0,58.0,1.0,1.0,2.0,6.0,5.0,1.0,0.0,0.0,24.0,24.0,0.3,0.2857142857142857,0.0096,0.0096,0.075,0.3409090909090909,0.6590909090909091,0.5,1.0,1.0,0.4166666666666667,0.5736842105263158,0.0
20260629_225103_bc53ce62,20260629_225103_bc53ce62_g0038,38,1801987859,2,24,24,24,1,3,YELLOW,champ_v3,2,3.0,[3],1,99,1,"{""1"": 82, ""2"": 88, ""3"": 99, ""4"": 84}",False,20.0,-30.0,1.0,9.0,8.0,0.02,541.0,150.125,535.25,18.0,27.0,67.5,231.5,191.25,984.0,555.25,6.0,15.0,58.0,1.0,1.0,2.0,6.0,5.0,1.0,0.0,0.0,24.0,24.0,0.3,0.2857142857142857,0.0096,0.0096,0.075,0.3409090909090909,0.6590909090909091,0.5,1.0,1.0,0.4166666666666667,0.5842105263157895,0.0
20260629_225103_bc53ce62,20260629_225103_bc53ce62_g0038,38,1801987859,2,24,24,24,1,4,GREEN,pool_heuristic,3,3.0,[3],0,84,3,"{""1"": 82, ""2"": 88, ""3"": 99, ""4"": 84}",False,16.0,-38.0,3.0,2.0,8.0,0.02,407.0,128.125,451.625,15.0,25.0,59.25,208.0,144.375,1118.0,467.625,6.0,15.0,58.0,1.0,1.0,2.0,6.0,5.0,1.0,0.0,1.0,24.0,24.0,0.3,0.2857142857142857,0.0096,0.0096,0.075,0.3409090909090909,0.6590909090909091,0.4,1.0,1.0,0.45,0.49473684210526314,0.0
20260629_225103_bc53ce62,20260629_225103_bc53ce62_g0038,38,1801987859,3,32,32,32,1,1,RED,pool_l45_100ms,0,3.0,[3],0,82,4,"{""1"": 82, ""2"": 88, ""3"": 99, ""4"": 84}",False,16.0,-53.0,6.0,2.0,11.0,0.0275,96.0,40.375,93.875,15.0,17.0,21.0,34.0,6.875,704.0,109.875,8.0,13.0,48.0,1.0,1.0,2.0,6.0,3.0,0.0,0.0,0.0,32.0,32.0,0.3925,0.38095238095238093,0.0128,0.0128,0.1,0.45454545454545453,0.5454545454545454,0.4,1.0,1.0,0.575,0.41315789473684206,0.0
20260629_225103_bc53ce62,20260629_225103_bc53ce62_g0038,38,1801987859,3,32,32,32,1,2,BLUE,pool_peer_500ms,1,3.0,[3],0,88,2,"{""1"": 82, ""2"": 88, ""3"": 99, ""4"": 84}",False,26.0,-33.0,0.0,20.0,11.0,0.0275,365.0,109.0,348.75,20.0,27.0,60.0,143.0,98.75,435.0,374.75,8.0,13.0,49.0,1.0,1.0,2.0,5.0,4.0,0.0,0.0,0.0,32.0,32.0,0.3925,0.38095238095238093,0.0128,0.0128,0.0975,0.4431818181818182,0.5568181818181818,0.65,1.0,1.0,0.4916666666666667,0.5843454790823212,0.0
20260629_225103_bc53ce62,20260629_225103_bc53ce62_g0038,38,1801987859,3,32,32,32,1,3,YELLOW,champ_v3,2,3.0,[3],1,99,1,"{""1"": 82, ""2"": 88, ""3"": 99, ""4"": 84}",False,24.0,-37.0,1.0,19.0,11.0,0.0275,226.0,71.875,220.75,16.0,20.0,40.5,70.5,73.75,574.0,244.75,8.0,13.0,50.0,1.0,1.0,2.0,4.0,5.0,1.0,0.0,0.0,32.0,32.0,0.3925,0.38095238095238093,0.0128,0.0128,0.095,0.4318181818181818,0.5681818181818182,0.6,1.0,1.0,0.5083333333333333,0.5997229916897506,0.0
20260629_225103_bc53ce62,20260629_225103_bc53ce62_g0038,38,1801987859,3,32,32,32,1,4,GREEN,pool_heuristic,3,3.0,[3],0,84,3,"{""1"": 82, ""2"": 88, ""3"": 99, ""4"": 84}",False,19.0,-47.0,3.0,4.0,11.0,0.0275,113.0,46.25,116.25,16.0,15.0,23.25,52.0,10.0,687.0,135.25,8.0,13.0,48.0,1.0,1.0,2.0,6.0,3.0,1.0,0.0,0.0,32.0,32.0,0.3925,0.38095238095238093,0.0128,0.0128,0.1,0.45454545454545453,0.5454545454545454,0.475,1.0,1.0,0.55,0.475,0.0
20260629_225103_bc53ce62,20260629_225103_bc53ce62_g0038,38,1801987859,4,40,40,40,1,1,RED,pool_l45_100ms,0,3.0,[3],0,82,4,"{""1"": 82, ""2"": 88, ""3"": 99, ""4"": 84}",False,12.0,-60.0,6.0,7.0,14.0,0.035,42.0,22.75,43.25,11.0,11.0,11.25,10.0,0.0,387.0,55.25,10.0,11.0,38.0,1.0,1.0,2.0,6.0,1.0,0.0,0.0,0.0,40.0,40.0,0.485,0.47619047619047616,0.016,0.016,0.125,0.5681818181818182,0.4318181818181818,0.3,0.8666666666666667,1.0,0.6,0.41263157894736846,0.0
20260629_225103_bc53ce62,20260629_225103_bc53ce62_g0038,38,1801987859,4,40,40,40,1,2,BLUE,pool_peer_500ms,1,3.0,[3],0,88,2,"{""1"": 82, ""2"": 88, ""3"": 99, ""4"": 84}",False,30.0,-24.0,0.0,31.0,14.0,0.035,194.0,70.625,186.0,22.0,23.0,43.5,62.5,35.0,235.0,216.0,10.0,11.0,40.0,1.0,1.0,2.0,4.0,3.0,0.0,0.0,0.0,40.0,40.0,0.485,0.47619047619047616,0.016,0.016,0.12,0.5454545454545454,0.45454545454545453,0.75,1.0,1.0,0.45,0.5975877192982456,0.0
20260629_225103_bc53ce62,20260629_225103_bc53ce62_g0038,38,1801987859,4,40,40,40,1,3,YELLOW,champ_v3,2,3.0,[3],1,99,1,"{""1"": 82, ""2"": 88, ""3"": 99, ""4"": 84}",False,26.0,-32.0,1.0,31.0,14.0,0.035,168.0,62.625,181.75,16.0,18.0,36.0,65.5,46.25,261.0,207.75,10.0,11.0,40.0,1.0,1.0,2.0,4.0,3.0,1.0,0.0,0.0,40.0,40.0,0.485,0.47619047619047616,0.016,0.016,0.12,0.5454545454545454,0.45454545454545453,0.65,1.0,1.0,0.4833333333333333,0.6129385964912281,0.0
20260629_225103_bc53ce62,20260629_225103_bc53ce62_g0038,38,1801987859,4,40,40,40,1,4,GREEN,pool_heuristic,3,3.0,[3],0,84,3,"{""1"": 82, ""2"": 88, ""3"": 99, ""4"": 84}",False,16.0,-52.0,3.0,10.0,14.0,0.035,25.0,16.75,23.5,12.0,6.0,4.5,1.0,0.0,404.0,39.5,10.0,11.0,40.0,1.0,1.0,2.0,4.0,3.0,1.0,0.0,0.0,40.0,40.0,0.485,0.47619047619047616,0.016,0.016,0.12,0.5454545454545454,0.45454545454545453,0.4,1.0,1.0,0.5666666666666667,0.4429824561403508,0.0
20260629_225103_bc53ce62,20260629_225103_bc53ce62_g0038,38,1801987859,5,48,48,48,1,1,RED,pool_l45_100ms,0,3.0,[3],0,82,4,"{""1"": 82, ""2"": 88, ""3"": 99, ""4"": 84}",False,9.0,-62.0,4.0,20.0,19.0,0.0475,27.0,15.75,29.25,8.0,7.0,8.25,6.0,0.0,169.0,38.25,12.0,9.0,30.0,1.0,1.0,2.0,4.0,1.0,0.0,0.0,0.0,48.0,48.0,0.57,0.5714285714285714,0.0192,0.0192,0.145,0.6590909090909091,0.3409090909090909,0.225,0.6166666666666667,1.0,0.5916666666666667,0.4528130671506352,0.0
20260629_225103_bc53ce62,20260629_225103_bc53ce62_g0038,38,1801987859,5,48,48,48,1,2,BLUE,pool_peer_500ms,1,3.0,[3],0,88,2,"{""1"": 82, ""2"": 88, ""3"": 99, ""4"": 84}",False,31.0,-18.0,0.0,40.0,19.0,0.0475,71.0,39.875,79.125,21.0,12.0,20.25,19.0,6.875,125.0,110.125,12.0,9.0,31.0,1.0,1.0,2.0,3.0,2.0,0.0,0.0,0.0,48.0,48.0,0.57,0.5714285714285714,0.0192,0.0192,0.1425,0.6477272727272727,0.3522727272727273,0.775,1.0,1.0,0.4083333333333333,0.5512465373961218,0.0
20260629_225103_bc53ce62,20260629_225103_bc53ce62_g0038,38,1801987859,5,48,48,48,1,3,YELLOW,champ_v3,2,3.0,[3],1,99,1,"{""1"": 82, ""2"": 88, ""3"": 99, ""4"": 84}",False,24.0,-32.0,1.0,43.0,19.0,0.0475,81.0,34.875,83.75,13.0,12.0,18.75,32.5,7.5,115.0,107.75,12.0,9.0,30.0,1.0,1.0,2.0,4.0,1.0,1.0,0.0,0.0,48.0,48.0,0.57,0.5714285714285714,0.0192,0.0192,0.145,0.6590909090909091,0.3409090909090909,0.6,1.0,1.0,0.4666666666666667,0.6016333938294012,0.0
20260629_225103_bc53ce62,20260629_225103_bc53ce62_g0038,38,1801987859,5,48,48,48,1,4,GREEN,pool_heuristic,3,3.0,[3],0,84,3,"{""1"": 82, ""2"": 88, ""3"": 99, ""4"": 84}",False,16.0,-48.0,3.0,21.0,19.0,0.0475,17.0,14.0,18.0,11.0,4.0,3.0,0.0,0.0,179.0,34.0,12.0,9.0,33.0,1.0,1.0,1.0,3.0,3.0,1.0,0.0,0.0,48.0,48.0,0.57,0.5714285714285714,0.0192,0.0192,0.1375,0.625,0.375,0.4,0.8666666666666667,1.0,0.5333333333333333,0.4698564593301435,0.0
20260629_225103_bc53ce62,20260629_225103_bc53ce62_g0038,38,1801987859,6,56,56,56,1,1,RED,pool_l45_100ms,0,3.0,[3],0,82,4,"{""1"": 82, ""2"": 88, ""3"": 99, ""4"": 84}",False,9.0,-64.0,4.0,34.0,16.0,0.04,26.0,14.75,28.25,7.0,7.0,8.25,6.0,0.0,113.0,37.25,14.0,7.0,21.0,1.0,1.0,2.0,3.0,0.0,0.0,0.0,0.0,56.0,56.0,0.6425,0.6666666666666666,0.0224,0.0224,0.1675,0.7613636363636364,0.23863636363636365,0.225,0.65,0.8,0.6083333333333333,0.417910447761194,0.0
20260629_225103_bc53ce62,20260629_225103_bc53ce62_g0038,38,1801987859,6,56,56,56,1,2,BLUE,pool_peer_500ms,1,3.0,[3],0,88,2,"{""1"": 82, ""2"": 88, ""3"": 99, ""4"": 84}",False,31.0,-20.0,0.0,50.0,16.0,0.04,28.0,20.75,33.0,16.0,0.0,6.0,11.0,0.0,111.0,64.0,14.0,7.0,26.0,1.0,0.0,1.0,3.0,2.0,0.0,0.0,0.0,56.0,56.0,0.6425,0.6666666666666666,0.0224,0.0224,0.155,0.7045454545454546,0.29545454545454547,0.775,0.8,1.0,0.425,0.5466893039049237,0.0
20260629_225103_bc53ce62,20260629_225103_bc53ce62_g0038,38,1801987859,6,56,56,56,1,3,YELLOW,champ_v3,2,3.0,[3],1,99,1,"{""1"": 82, ""2"": 88, ""3"": 99, ""4"": 84}",False,24.0,-34.0,1.0,51.0,16.0,0.04,59.0,27.125,65.5,12.0,0.0,21.0,32.5,0.0,80.0,89.5,14.0,7.0,23.0,1.0,0.0,2.0,4.0,0.0,0.0,0.0,0.0,56.0,56.0,0.6425,0.6666666666666666,0.0224,0.0224,0.1625,0.7386363636363636,0.26136363636363635,0.6,1.0,0.8,0.4833333333333333,0.5870445344129556,0.0
20260629_225103_bc53ce62,20260629_225103_bc53ce62_g0038,38,1801987859,6,56,56,56,1,4,GREEN,pool_heuristic,3,3.0,[3],0,84,3,"{""1"": 82, ""2"": 88, ""3"": 99, ""4"": 84}",False,18.0,-46.0,3.0,37.0,16.0,0.04,26.0,18.5,31.75,12.0,7.0,0.0,9.0,3.75,113.0,49.75,14.0,7.0,25.0,1.0,1.0,0.0,3.0,2.0,1.0,0.0,0.0,56.0,56.0,0.6425,0.6666666666666666,0.0224,0.0224,0.1575,0.7159090909090909,0.2840909090909091,0.45,1.0,1.0,0.5333333333333333,0.47953216374269003,0.0
20260629_225103_bc53ce62,20260629_225103_bc53ce62_g0038,38,1801987859,7,64,64,64,1,1,RED,pool_l45_100ms,0,3.0,[3],0,82,4,"{""1"": 82, ""2"": 88, ""3"": 99, ""4"": 84}",False,8.0,-64.0,4.0,43.0,27.0,0.0675,8.0,6.5,8.0,5.0,3.0,0.0,0.0,0.0,28.0,16.0,16.0,5.0,14.0,1.0,1.0,1.0,2.0,0.0,0.0,0.0,0.0,64.0,64.0,0.7175,0.7619047619047619,0.0256,0.0256,0.185,0.8409090909090909,0.1590909090909091,0.2,0.36666666666666664,0.8,0.6,0.42318634423897583,0.0
20260629_225103_bc53ce62,20260629_225103_bc53ce62_g0038,38,1801987859,7,64,64,64,1,2,BLUE,pool_peer_500ms,1,3.0,[3],0,88,2,"{""1"": 82, ""2"": 88, ""3"": 99, ""4"": 84}",False,30.0,-20.0,0.0,55.0,27.0,0.0675,1.0,0.5,1.5,0.0,0.0,1.5,0.0,0.0,35.0,31.5,16.0,5.0,20.0,0.0,0.0,1.0,3.0,1.0,0.0,0.0,0.0,64.0,64.0,0.7175,0.7619047619047619,0.0256,0.0256,0.17,0.7727272727272727,0.22727272727272727,0.75,0.48333333333333334,1.0,0.4166666666666667,0.5154798761609907,0.0
20260629_225103_bc53ce62,20260629_225103_bc53ce62_g0038,38,1801987859,7,64,64,64,1,3,YELLOW,champ_v3,2,3.0,[3],1,99,1,"{""1"": 82, ""2"": 88, ""3"": 99, ""4"": 84}",False,24.0,-32.0,1.0,58.0,27.0,0.0675,13.0,11.0,13.0,10.0,0.0,3.0,0.0,0.0,23.0,37.0,16.0,5.0,15.0,1.0,0.0,2.0,2.0,0.0,0.0,0.0,0.0,64.0,64.0,0.7175,0.7619047619047619,0.0256,0.0256,0.1825,0.8295454545454546,0.17045454545454544,0.6,0.8333333333333334,0.8,0.4666666666666667,0.5674116798846431,0.0
20260629_225103_bc53ce62,20260629_225103_bc53ce62_g0038,38,1801987859,7,64,64,64,1,4,GREEN,pool_heuristic,3,3.0,[3],0,84,3,"{""1"": 82, ""2"": 88, ""3"": 99, ""4"": 84}",False,18.0,-44.0,3.0,51.0,27.0,0.0675,14.0,12.0,17.0,9.0,4.0,0.0,4.0,0.0,22.0,35.0,16.0,5.0,16.0,1.0,1.0,0.0,2.0,1.0,1.0,0.0,0.0,64.0,64.0,0.7175,0.7619047619047619,0.0256,0.0256,0.18,0.8181818181818182,0.18181818181818182,0.45,0.8333333333333334,1.0,0.5166666666666667,0.45906432748538006,0.0
20260629_225103_bc53ce62,20260629_225103_bc53ce62_g0039,39,446919153,0,8,8,8,1,1,RED,pool_peer_500ms,0,2.0,[2],0,98,2,"{""1"": 98, ""2"": 99, ""3"": 84, ""4"": 72}",False,9.0,-14.0,9.0,0.0,0.0,0.0,543.0,122.625,488.75,9.0,15.0,41.25,153.5,270.0,1404.0,497.75,2.0,19.0,78.0,1.0,1.0,2.0,6.0,9.0,1.0,0.0,0.0,8.0,8.0,0.1,0.09523809523809523,0.0032,0.0032,0.025,0.11363636363636363,0.8863636363636364,0.225,1.0,1.0,0.19166666666666668,0.23684210526315785,0.0
20260629_225103_bc53ce62,20260629_225103_bc53ce62_g0039,39,446919153,0,8,8,8,1,2,BLUE,champ_v3,1,2.0,[2],1,99,1,"{""1"": 98, ""2"": 99, ""3"": 84, ""4"": 72}",False,9.0,-14.0,9.0,0.0,0.0,0.0,543.0,122.625,488.75,9.0,15.0,41.25,153.5,270.0,1404.0,497.75,2.0,19.0,78.0,1.0,1.0,2.0,6.0,9.0,1.0,0.0,0.0,8.0,8.0,0.1,0.09523809523809523,0.0032,0.0032,0.025,0.11363636363636363,0.8863636363636364,0.225,1.0,1.0,0.19166666666666668,0.23684210526315785,0.0
20260629_225103_bc53ce62,20260629_225103_bc53ce62_g0039,39,446919153,0,8,8,8,1,3,YELLOW,pool_heuristic,2,2.0,[2],0,84,3,"{""1"": 98, ""2"": 99, ""3"": 84, ""4"": 72}",False,7.0,-18.0,9.0,0.0,0.0,0.0,417.0,107.875,436.25,7.0,12.0,34.5,136.5,246.25,1530.0,443.25,2.0,19.0,78.0,1.0,1.0,2.0,6.0,9.0,1.0,1.0,1.0,8.0,8.0,0.1,0.09523809523809523,0.0032,0.0032,0.025,0.11363636363636363,0.8863636363636364,0.175,1.0,1.0,0.20833333333333334,0.22631578947368425,0.0
20260629_225103_bc53ce62,20260629_225103_bc53ce62_g0039,39,446919153,0,8,8,8,1,4,GREEN,pool_l45_100ms,3,2.0,[2],0,72,4,"{""1"": 98, ""2"": 99, ""3"": 84, ""4"": 72}",False,7.0,-18.0,9.0,0.0,0.0,0.0,444.0,103.25,415.125,7.0,12.0,33.75,130.5,231.875,1503.0,422.125,2.0,19.0,78.0,1.0,1.0,2.0,6.0,9.0,1.0,1.0,0.0,8.0,8.0,0.1,0.09523809523809523,0.0032,0.0032,0.025,0.11363636363636363,0.8863636363636364,0.175,1.0,1.0,0.20833333333333334,0.20526315789473681,0.0
20260629_225103_bc53ce62,20260629_225103_bc53ce62_g0039,39,446919153,1,16,16,16,1,1,RED,pool_peer_500ms,0,2.0,[2],0,98,2,"{""1"": 98, ""2"": 99, ""3"": 84, ""4"": 72}",False,16.0,-22.0,0.0,0.0,4.0,0.01,765.0,194.25,744.25,16.0,28.0,77.25,278.0,345.0,1700.0,760.25,4.0,17.0,68.0,1.0,1.0,2.0,6.0,7.0,1.0,0.0,0.0,16.0,16.0,0.2,0.19047619047619047,0.0064,0.0064,0.05,0.22727272727272727,0.7727272727272727,0.4,1.0,1.0,0.31666666666666665,0.49473684210526314,0.0
20260629_225103_bc53ce62,20260629_225103_bc53ce62_g0039,39,446919153,1,16,16,16,1,2,BLUE,champ_v3,1,2.0,[2],1,99,1,"{""1"": 98, ""2"": 99, ""3"": 84, ""4"": 72}",False,16.0,-22.0,3.0,3.0,4.0,0.01,694.0,168.75,635.0,16.0,26.0,69.0,239.0,285.0,1771.0,651.0,4.0,17.0,68.0,1.0,1.0,2.0,6.0,7.0,1.0,0.0,0.0,16.0,16.0,0.2,0.19047619047619047,0.0064,0.0064,0.05,0.22727272727272727,0.7727272727272727,0.4,1.0,1.0,0.31666666666666665,0.4552631578947368,0.0
20260629_225103_bc53ce62,20260629_225103_bc53ce62_g0039,39,446919153,1,16,16,16,1,3,YELLOW,pool_heuristic,2,2.0,[2],0,84,3,"{""1"": 98, ""2"": 99, ""3"": 84, ""4"": 72}",False,12.0,-30.0,1.0,3.0,4.0,0.01,482.0,136.0,522.375,12.0,19.0,51.0,188.5,251.875,1983.0,534.375,4.0,17.0,68.0,1.0,1.0,2.0,6.0,7.0,1.0,1.0,1.0,16.0,16.0,0.2,0.19047619047619047,0.0064,0.0064,0.05,0.22727272727272727,0.7727272727272727,0.3,1.0,1.0,0.35,0.47631578947368425,0.0
20260629_225103_bc53ce62,20260629_225103_bc53ce62_g0039,39,446919153,1,16,16,16,1,4,GREEN,pool_l45_100ms,3,2.0,[2],0,72,4,"{""1"": 98, ""2"": 99, ""3"": 84, ""4"": 72}",False,10.0,-34.0,7.0,0.0,4.0,0.01,524.0,121.375,468.125,10.0,17.0,45.0,173.0,223.125,1941.0,478.125,4.0,17.0,68.0,1.0,1.0,2.0,6.0,7.0,1.0,0.0,0.0,16.0,16.0,0.2,0.19047619047619047,0.0064,0.0064,0.05,0.22727272727272727,0.7727272727272727,0.25,1.0,1.0,0.36666666666666664,0.3131578947368421,0.0
20260629_225103_bc53ce62,20260629_225103_bc53ce62_g0039,39,446919153,2,24,24,24,1,1,RED,pool_peer_500ms,0,2.0,[2],0,98,2,"{""1"": 98, ""2"": 99, ""3"": 84, ""4"": 72}",False,20.0,-31.0,0.0,13.0,4.0,0.01,601.0,164.125,591.375,18.0,29.0,74.25,257.0,213.125,1196.0,611.375,6.0,15.0,58.0,1.0,1.0,2.0,6.0,5.0,0.0,0.0,0.0,24.0,24.0,0.3,0.2857142857142857,0.0096,0.0096,0.075,0.3409090909090909,0.6590909090909091,0.5,1.0,1.0,0.425,0.5596491228070175,0.0
20260629_225103_bc53ce62,20260629_225103_bc53ce62_g0039,39,446919153,2,24,24,24,1,2,BLUE,champ_v3,1,2.0,[2],1,99,1,"{""1"": 98, ""2"": 99, ""3"": 84, ""4"": 72}",False,21.0,-29.0,0.0,11.0,4.0,0.01,599.0,169.25,595.0,21.0,33.0,79.5,259.0,202.5,1198.0,616.0,6.0,15.0,58.0,1.0,1.0,2.0,6.0,5.0,1.0,0.0,0.0,24.0,24.0,0.3,0.2857142857142857,0.0096,0.0096,0.075,0.3409090909090909,0.6590909090909091,0.525,1.0,1.0,0.4166666666666667,0.5859649122807018,0.0
20260629_225103_bc53ce62,20260629_225103_bc53ce62_g0039,39,446919153,2,24,24,24,1,3,YELLOW,pool_heuristic,2,2.0,[2],0,84,3,"{""1"": 98, ""2"": 99, ""3"": 84, ""4"": 72}",False,16.0,-39.0,1.0,9.0,4.0,0.01,255.0,84.5,287.375,13.0,17.0,38.25,128.5,90.625,1542.0,303.375,6.0,15.0,58.0,1.0,1.0,2.0,6.0,5.0,0.0,1.0,1.0,24.0,24.0,0.3,0.2857142857142857,0.0096,0.0096,0.075,0.3409090909090909,0.6590909090909091,0.4,1.0,1.0,0.4583333333333333,0.4982456140350877,0.0
20260629_225103_bc53ce62,20260629_225103_bc53ce62_g0039,39,446919153,2,24,24,24,1,4,GREEN,pool_l45_100ms,3,2.0,[2],0,72,4,"{""1"": 98, ""2"": 99, ""3"": 84, ""4"": 72}",False,14.0,-43.0,4.0,5.0,4.0,0.01,342.0,89.125,295.5,14.0,22.0,43.5,128.5,87.5,1455.0,309.5,6.0,15.0,58.0,1.0,1.0,2.0,6.0,5.0,0.0,0.0,0.0,24.0,24.0,0.3,0.2857142857142857,0.0096,0.0096,0.075,0.3409090909090909,0.6590909090909091,0.35,1.0,1.0,0.475,0.40701754385964906,0.0
20260629_225103_bc53ce62,20260629_225103_bc53ce62_g0039,39,446919153,3,32,32,32,1,1,RED,pool_peer_500ms,0,2.0,[2],0,98,2,"{""1"": 98, ""2"": 99, ""3"": 84, ""4"": 72}",False,25.0,-33.0,0.0,20.0,10.0,0.025,362.0,114.25,366.0,21.0,26.0,55.5,181.0,82.5,595.0,391.0,8.0,13.0,48.0,1.0,1.0,2.0,6.0,3.0,0.0,0.0,0.0,32.0,32.0,0.4,0.38095238095238093,0.0128,0.0128,0.1,0.45454545454545453,0.5454545454545454,0.625,1.0,1.0,0.4833333333333333,0.5723684210526316,0.0
20260629_225103_bc53ce62,20260629_225103_bc53ce62_g0039,39,446919153,3,32,32,32,1,2,BLUE,champ_v3,1,2.0,[2],1,99,1,"{""1"": 98, ""2"": 99, ""3"": 84, ""4"": 72}",False,25.0,-33.0,0.0,22.0,10.0,0.025,368.0,114.25,367.5,20.0,27.0,57.75,179.0,83.75,589.0,392.5,8.0,13.0,48.0,1.0,1.0,2.0,6.0,3.0,0.0,0.0,0.0,32.0,32.0,0.4,0.38095238095238093,0.0128,0.0128,0.1,0.45454545454545453,0.5454545454545454,0.625,1.0,1.0,0.4833333333333333,0.6026315789473684,0.0
20260629_225103_bc53ce62,20260629_225103_bc53ce62_g0039,39,446919153,3,32,32,32,1,3,YELLOW,pool_heuristic,2,2.0,[2],0,84,3,"{""1"": 98, ""2"": 99, ""3"": 84, ""4"": 72}",False,17.0,-49.0,1.0,18.0,10.0,0.025,98.0,41.5,115.25,12.0,12.0,20.25,51.0,20.0,859.0,132.25,8.0,13.0,48.0,1.0,1.0,2.0,6.0,3.0,0.0,1.0,1.0,32.0,32.0,0.4,0.38095238095238093,0.0128,0.0128,0.1,0.45454545454545453,0.5454545454545454,0.425,1.0,1.0,0.55,0.5144736842105264,0.0
20260629_225103_bc53ce62,20260629_225103_bc53ce62_g0039,39,446919153,3,32,32,32,1,4,GREEN,pool_l45_100ms,3,2.0,[2],0,72,4,"{""1"": 98, ""2"": 99, ""3"": 84, ""4"": 72}",False,16.0,-51.0,3.0,13.0,10.0,0.025,129.0,45.5,117.5,14.0,18.0,22.5,48.0,15.0,828.0,133.5,8.0,13.0,48.0,1.0,1.0,2.0,6.0,3.0,0.0,0.0,0.0,32.0,32.0,0.4,0.38095238095238093,0.0128,0.0128,0.1,0.45454545454545453,0.5454545454545454,0.4,1.0,1.0,0.5583333333333333,0.4473684210526315,0.0
20260629_225103_bc53ce62,20260629_225103_bc53ce62_g0039,39,446919153,4,40,40,40,1,1,RED,pool_peer_500ms,0,2.0,[2],0,98,2,"{""1"": 98, ""2"": 99, ""3"": 84, ""4"": 72}",False,27.0,-36.0,0.0,32.0,12.0,0.03,235.0,81.0,233.5,21.0,24.0,45.75,84.0,58.75,437.0,260.5,10.0,11.0,40.0,1.0,1.0,2.0,4.0,3.0,0.0,0.0,0.0,40.0,40.0,0.4875,0.47619047619047616,0.016,0.016,0.12,0.5454545454545454,0.45454545454545453,0.675,1.0,1.0,0.525,0.5910087719298246,0.0
20260629_225103_bc53ce62,20260629_225103_bc53ce62_g0039,39,446919153,4,40,40,40,1,2,BLUE,champ_v3,1,2.0,[2],1,99,1,"{""1"": 98, ""2"": 99, ""3"": 84, ""4"": 72}",False,29.0,-32.0,0.0,32.0,12.0,0.03,279.0,91.375,280.125,20.0,25.0,51.0,101.0,83.125,393.0,309.125,10.0,11.0,40.0,1.0,1.0,2.0,4.0,3.0,0.0,0.0,0.0,40.0,40.0,0.4875,0.47619047619047616,0.016,0.016,0.12,0.5454545454545454,0.45454545454545453,0.725,1.0,1.0,0.5083333333333333,0.5942982456140351,0.0
20260629_225103_bc53ce62,20260629_225103_bc53ce62_g0039,39,446919153,4,40,40,40,1,3,YELLOW,pool_heuristic,2,2.0,[2],0,84,3,"{""1"": 98, ""2"": 99, ""3"": 84, ""4"": 72}",False,16.0,-58.0,1.0,23.0,12.0,0.03,36.0,19.75,34.75,12.0,6.0,7.5,8.0,1.25,636.0,50.75,10.0,11.0,39.0,1.0,1.0,2.0,5.0,2.0,0.0,1.0,1.0,40.0,40.0,0.4875,0.47619047619047616,0.016,0.016,0.1225,0.5568181818181818,0.4431818181818182,0.4,1.0,1.0,0.6166666666666667,0.48120300751879697,0.0
20260629_225103_bc53ce62,20260629_225103_bc53ce62_g0039,39,446919153,4,40,40,40,1,4,GREEN,pool_l45_100ms,3,2.0,[2],0,72,4,"{""1"": 98, ""2"": 99, ""3"": 84, ""4"": 72}",False,18.0,-54.0,3.0,18.0,12.0,0.03,122.0,48.25,118.25,16.0,19.0,24.75,56.0,2.5,550.0,136.25,10.0,11.0,38.0,1.0,1.0,2.0,6.0,1.0,0.0,0.0,0.0,40.0,40.0,0.4875,0.47619047619047616,0.016,0.016,0.125,0.5681818181818182,0.4318181818181818,0.45,1.0,1.0,0.6,0.45052631578947366,0.0
20260629_225103_bc53ce62,20260629_225103_bc53ce62_g0039,39,446919153,5,48,48,48,1,1,RED,pool_peer_500ms,0,2.0,[2],0,98,2,"{""1"": 98, ""2"": 99, ""3"": 84, ""4"": 72}",False,30.0,-34.0,0.0,43.0,23.0,0.0575,65.0,33.625,68.625,17.0,12.0,17.25,8.0,14.375,249.0,98.625,12.0,9.0,32.0,1.0,1.0,2.0,2.0,3.0,0.0,0.0,0.0,48.0,48.0,0.5775,0.5714285714285714,0.0192,0.0192,0.14,0.6363636363636364,0.36363636363636365,0.75,1.0,1.0,0.5333333333333333,0.5648496240601504,0.0
20260629_225103_bc53ce62,20260629_225103_bc53ce62_g0039,39,446919153,5,48,48,48,1,2,BLUE,champ_v3,1,2.0,[2],1,99,1,"{""1"": 98, ""2"": 99, ""3"": 84, ""4"": 72}",False,29.0,-36.0,0.0,43.0,23.0,0.0575,125.0,54.0,128.75,19.0,20.0,33.75,51.0,5.0,189.0,157.75,12.0,9.0,30.0,1.0,1.0,2.0,4.0,1.0,0.0,0.0,0.0,48.0,48.0,0.5775,0.5714285714285714,0.0192,0.0192,0.145,0.6590909090909091,0.3409090909090909,0.725,1.0,1.0,0.5416666666666667,0.6070780399274047,0.0
20260629_225103_bc53ce62,20260629_225103_bc53ce62_g0039,39,446919153,5,48,48,48,1,3,YELLOW,pool_heuristic,2,2.0,[2],0,84,3,"{""1"": 98, ""2"": 99, ""3"": 84, ""4"": 72}",False,18.0,-58.0,1.0,27.0,23.0,0.0575,99.0,42.25,110.25,14.0,12.0,23.25,46.0,15.0,215.0,128.25,12.0,9.0,30.0,1.0,1.0,2.0,4.0,1.0,0.0,0.0,1.0,48.0,48.0,0.5775,0.5714285714285714,0.0192,0.0192,0.145,0.6590909090909091,0.3409090909090909,0.45,1.0,1.0,0.6333333333333333,0.48094373865698725,0.0
20260629_225103_bc53ce62,20260629_225103_bc53ce62_g0039,39,446919153,5,48,48,48,1,4,GREEN,pool_l45_100ms,3,2.0,[2],0,72,4,"{""1"": 98, ""2"": 99, ""3"": 84, ""4"": 72}",False,17.0,-60.0,3.0,30.0,23.0,0.0575,25.0,15.5,22.75,10.0,8.0,3.75,1.0,0.0,289.0,39.75,12.0,9.0,29.0,1.0,1.0,2.0,5.0,0.0,0.0,0.0,0.0,48.0,48.0,0.5775,0.5714285714285714,0.0192,0.0192,0.1475,0.6704545454545454,0.32954545454545453,0.425,0.75,0.8,0.6416666666666667,0.42551293487957187,0.0
20260629_225103_bc53ce62,20260629_225103_bc53ce62_g0039,39,446919153,6,56,56,56,1,1,RED,pool_peer_500ms,0,2.0,[2],0,98,2,"{""1"": 98, ""2"": 99, ""3"": 84, ""4"": 72}",False,30.0,-28.0,0.0,49.0,37.0,0.0925,28.0,21.625,31.125,16.0,7.0,3.0,2.0,3.125,91.0,61.125,14.0,7.0,24.0,1.0,1.0,1.0,2.0,2.0,0.0,0.0,0.0,56.0,56.0,0.66,0.6666666666666666,0.0224,0.0224,0.16,0.7272727272727273,0.2727272727272727,0.75,1.0,1.0,0.4833333333333333,0.5633223684210527,0.0
20260629_225103_bc53ce62,20260629_225103_bc53ce62_g0039,39,446919153,6,56,56,56,1,2,BLUE,champ_v3,1,2.0,[2],1,99,1,"{""1"": 98, ""2"": 99, ""3"": 84, ""4"": 72}",False,26.0,-36.0,0.0,57.0,37.0,0.0925,68.0,31.0,61.5,15.0,11.0,19.5,16.0,0.0,51.0,87.5,14.0,7.0,21.0,1.0,1.0,2.0,3.0,0.0,0.0,0.0,0.0,56.0,56.0,0.66,0.6666666666666666,0.0224,0.0224,0.1675,0.7613636363636364,0.23863636363636365,0.65,0.9833333333333333,0.8,0.5166666666666667,0.586802827965436,0.0
20260629_225103_bc53ce62,20260629_225103_bc53ce62_g0039,39,446919153,6,56,56,56,1,3,YELLOW,pool_heuristic,2,2.0,[2],0,84,3,"{""1"": 98, ""2"": 99, ""3"": 84, ""4"": 72}",False,17.0,-54.0,1.0,36.0,37.0,0.0925,16.0,11.875,17.25,9.0,2.0,3.75,2.5,0.0,103.0,34.25,14.0,7.0,21.0,1.0,1.0,2.0,3.0,0.0,0.0,0.0,0.0,56.0,56.0,0.66,0.6666666666666666,0.0224,0.0224,0.1675,0.7613636363636364,0.23863636363636365,0.425,1.0,0.8,0.5916666666666667,0.44697564807541246,0.0
20260629_225103_bc53ce62,20260629_225103_bc53ce62_g0039,39,446919153,6,56,56,56,1,4,GREEN,pool_l45_100ms,3,2.0,[2],0,72,4,"{""1"": 98, ""2"": 99, ""3"": 84, ""4"": 72}",False,15.0,-58.0,3.0,34.0,37.0,0.0925,7.0,6.0,7.0,5.0,2.0,0.0,0.0,0.0,112.0,22.0,14.0,7.0,22.0,1.0,1.0,1.0,4.0,0.0,0.0,0.0,0.0,56.0,56.0,0.66,0.6666666666666666,0.0224,0.0224,0.165,0.75,0.25,0.375,0.5,0.8,0.6083333333333333,0.4074960127591707,0.0
20260629_225103_bc53ce62,20260629_225103_bc53ce62_g0039,39,446919153,7,64,64,65,2,1,RED,pool_peer_500ms,0,2.0,[2],0,98,2,"{""1"": 98, ""2"": 99, ""3"": 84, ""4"": 72}",False,25.0,-29.0,0.0,62.0,57.0,0.1425,13.0,12.0,13.0,11.0,2.0,0.0,0.0,0.0,26.0,38.0,17.0,4.0,12.0,1.0,1.0,0.0,1.0,1.0,0.0,0.0,0.0,64.0,65.0,0.7225,0.8095238095238095,0.026,0.0256,0.19,0.8636363636363636,0.13636363636363635,0.625,0.7,1.0,0.45,0.5373961218836565,0.0
20260629_225103_bc53ce62,20260629_225103_bc53ce62_g0039,39,446919153,7,64,64,65,2,2,BLUE,champ_v3,1,2.0,[2],1,99,1,"{""1"": 98, ""2"": 99, ""3"": 84, ""4"": 72}",False,26.0,-27.0,0.0,64.0,57.0,0.1425,24.0,17.25,22.75,13.0,6.0,3.75,0.0,0.0,15.0,48.75,16.0,5.0,14.0,1.0,1.0,1.0,2.0,0.0,0.0,0.0,0.0,64.0,65.0,0.7225,0.7619047619047619,0.026,0.0256,0.185,0.8409090909090909,0.1590909090909091,0.65,0.6833333333333333,0.8,0.4416666666666667,0.5817923186344239,0.0
20260629_225103_bc53ce62,20260629_225103_bc53ce62_g0039,39,446919153,7,64,64,65,2,3,YELLOW,pool_heuristic,2,2.0,[2],0,84,3,"{""1"": 98, ""2"": 99, ""3"": 84, ""4"": 72}",False,14.0,-51.0,1.0,39.0,57.0,0.1425,2.0,1.0,2.5,0.0,1.0,1.5,0.0,0.0,37.0,16.5,16.0,5.0,16.0,0.0,1.0,2.0,2.0,0.0,0.0,0.0,0.0,64.0,65.0,0.7225,0.7619047619047619,0.026,0.0256,0.18,0.8181818181818182,0.18181818181818182,0.35,0.45,0.8,0.5416666666666667,0.4444444444444444,0.0
20260629_225103_bc53ce62,20260629_225103_bc53ce62_g0039,39,446919153,7,64,64,65,2,4,GREEN,pool_l45_100ms,3,2.0,[2],0,72,4,"{""1"": 98, ""2"": 99, ""3"": 84, ""4"": 72}",False,14.0,-51.0,3.0,42.0,57.0,0.1425,0.0,0.0,0.0,0.0,0.0,0.0,0.0,0.0,39.0,14.0,15.0,6.0,21.0,0.0,1.0,1.0,4.0,0.0,0.0,0.0,0.0,64.0,65.0,0.7225,0.7142857142857143,0.026,0.0256,0.1675,0.7613636363636364,0.23863636363636365,0.35,0.25,0.8,0.5416666666666667,0.40219952867242736,0.0
20260629_225103_bc53ce62,20260629_225103_bc53ce62_g0040,40,1392850732,0,8,8,8,1,1,RED,champ_v3,0,4.0,[4],0,105,2,"{""1"": 105, ""2"": 73, ""3"": 82, ""4"": 120}",False,9.0,-13.0,9.0,0.0,0.0,0.0,543.0,122.625,488.75,9.0,15.0,41.25,153.5,270.0,1233.0,497.75,2.0,19.0,78.0,1.0,1.0,2.0,6.0,9.0,1.0,0.0,0.0,8.0,8.0,0.1,0.09523809523809523,0.0032,0.0032,0.025,0.11363636363636363,0.8863636363636364,0.225,1.0,1.0,0.18333333333333332,0.23684210526315785,0.0
20260629_225103_bc53ce62,20260629_225103_bc53ce62_g0040,40,1392850732,0,8,8,8,1,2,BLUE,pool_heuristic,1,4.0,[4],0,73,4,"{""1"": 105, ""2"": 73, ""3"": 82, ""4"": 120}",False,6.0,-19.0,9.0,0.0,0.0,0.0,326.0,84.0,336.875,6.0,10.0,27.0,104.5,189.375,1450.0,342.875,2.0,19.0,78.0,1.0,1.0,2.0,6.0,9.0,1.0,1.0,1.0,8.0,8.0,0.1,0.09523809523809523,0.0032,0.0032,0.025,0.11363636363636363,0.8863636363636364,0.15,1.0,1.0,0.20833333333333334,0.25263157894736843,0.0
20260629_225103_bc53ce62,20260629_225103_bc53ce62_g0040,40,1392850732,0,8,8,8,1,3,YELLOW,pool_l45_100ms,2,4.0,[4],0,82,3,"{""1"": 105, ""2"": 73, ""3"": 82, ""4"": 120}",False,7.0,-17.0,9.0,0.0,0.0,0.0,364.0,86.0,341.875,7.0,10.0,27.0,108.5,189.375,1412.0,348.875,2.0,19.0,78.0,1.0,1.0,2.0,6.0,9.0,1.0,1.0,0.0,8.0,8.0,0.1,0.09523809523809523,0.0032,0.0032,0.025,0.11363636363636363,0.8863636363636364,0.175,1.0,1.0,0.2,0.17368421052631577,0.0
20260629_225103_bc53ce62,20260629_225103_bc53ce62_g0040,40,1392850732,0,8,8,8,1,4,GREEN,pool_peer_500ms,3,4.0,[4],1,120,1,"{""1"": 105, ""2"": 73, ""3"": 82, ""4"": 120}",False,9.0,-13.0,9.0,0.0,0.0,0.0,543.0,122.625,488.75,9.0,15.0,41.25,153.5,270.0,1233.0,497.75,2.0,19.0,78.0,1.0,1.0,2.0,6.0,9.0,1.0,0.0,0.0,8.0,8.0,0.1,0.09523809523809523,0.0032,0.0032,0.025,0.11363636363636363,0.8863636363636364,0.225,1.0,1.0,0.18333333333333332,0.23684210526315785,0.0
20260629_225103_bc53ce62,20260629_225103_bc53ce62_g0040,40,1392850732,1,16,16,16,1,1,RED,champ_v3,0,4.0,[4],0,105,2,"{""1"": 105, ""2"": 73, ""3"": 82, ""4"": 120}",False,16.0,-23.0,0.0,2.0,0.0,0.0,743.0,185.875,716.0,15.0,26.0,72.0,265.5,337.5,1494.0,732.0,4.0,17.0,68.0,1.0,1.0,2.0,6.0,7.0,1.0,0.0,0.0,16.0,16.0,0.2,0.19047619047619047,0.0064,0.0064,0.05,0.22727272727272727,0.7727272727272727,0.4,1.0,1.0,0.325,0.49473684210526314,0.0
20260629_225103_bc53ce62,20260629_225103_bc53ce62_g0040,40,1392850732,1,16,16,16,1,2,BLUE,pool_heuristic,1,4.0,[4],0,73,4,"{""1"": 105, ""2"": 73, ""3"": 82, ""4"": 120}",False,13.0,-29.0,3.0,2.0,0.0,0.0,486.0,124.5,480.375,11.0,17.0,45.0,170.5,236.875,1751.0,493.375,4.0,17.0,68.0,1.0,1.0,2.0,6.0,7.0,1.0,0.0,1.0,16.0,16.0,0.2,0.19047619047619047,0.0064,0.0064,0.05,0.22727272727272727,0.7727272727272727,0.325,1.0,1.0,0.35,0.4842105263157894,0.0
20260629_225103_bc53ce62,20260629_225103_bc53ce62_g0040,40,1392850732,1,16,16,16,1,3,YELLOW,pool_l45_100ms,2,4.0,[4],0,82,3,"{""1"": 105, ""2"": 73, ""3"": 82, ""4"": 120}",False,10.0,-35.0,5.0,1.0,0.0,0.0,315.0,78.75,288.125,10.0,13.0,29.25,106.5,129.375,1922.0,298.125,4.0,17.0,68.0,1.0,1.0,2.0,6.0,7.0,1.0,0.0,0.0,16.0,16.0,0.2,0.19047619047619047,0.0064,0.0064,0.05,0.22727272727272727,0.7727272727272727,0.25,1.0,1.0,0.375,0.3526315789473684,0.0
20260629_225103_bc53ce62,20260629_225103_bc53ce62_g0040,40,1392850732,1,16,16,16,1,4,GREEN,pool_peer_500ms,3,4.0,[4],1,120,1,"{""1"": 105, ""2"": 73, ""3"": 82, ""4"": 120}",False,16.0,-23.0,0.0,2.0,0.0,0.0,693.0,176.0,671.25,16.0,25.0,68.25,247.0,315.0,1544.0,687.25,4.0,17.0,68.0,1.0,1.0,2.0,6.0,7.0,1.0,0.0,0.0,16.0,16.0,0.2,0.19047619047619047,0.0064,0.0064,0.05,0.22727272727272727,0.7727272727272727,0.4,1.0,1.0,0.325,0.49473684210526314,0.0
20260629_225103_bc53ce62,20260629_225103_bc53ce62_g0040,40,1392850732,2,24,24,24,1,1,RED,champ_v3,0,4.0,[4],0,105,2,"{""1"": 105, ""2"": 73, ""3"": 82, ""4"": 120}",False,20.0,-29.0,0.0,8.0,1.0,0.0025,446.0,125.375,436.75,18.0,23.0,54.0,190.5,151.25,790.0,456.75,6.0,15.0,58.0,1.0,1.0,2.0,6.0,5.0,1.0,0.0,0.0,24.0,24.0,0.3,0.2857142857142857,0.0096,0.0096,0.075,0.3409090909090909,0.6590909090909091,0.5,1.0,1.0,0.4083333333333333,0.5771929824561404,0.0
20260629_225103_bc53ce62,20260629_225103_bc53ce62_g0040,40,1392850732,2,24,24,24,1,2,BLUE,pool_heuristic,1,4.0,[4],0,73,4,"{""1"": 105, ""2"": 73, ""3"": 82, ""4"": 120}",False,20.0,-29.0,3.0,9.0,1.0,0.0025,355.0,111.5,389.75,15.0,22.0,49.5,167.0,136.25,881.0,409.75,6.0,15.0,58.0,1.0,1.0,2.0,6.0,5.0,1.0,0.0,1.0,24.0,24.0,0.3,0.2857142857142857,0.0096,0.0096,0.075,0.3409090909090909,0.6590909090909091,0.5,1.0,1.0,0.4083333333333333,0.5473684210526316,0.0
20260629_225103_bc53ce62,20260629_225103_bc53ce62_g0040,40,1392850732,2,24,24,24,1,3,YELLOW,pool_l45_100ms,2,4.0,[4],0,82,3,"{""1"": 105, ""2"": 73, ""3"": 82, ""4"": 120}",False,10.0,-49.0,5.0,4.0,1.0,0.0025,132.0,39.875,122.375,10.0,9.0,17.25,48.0,38.125,1104.0,132.375,6.0,15.0,58.0,1.0,1.0,2.0,6.0,5.0,0.0,0.0,0.0,24.0,24.0,0.3,0.2857142857142857,0.0096,0.0096,0.075,0.3409090909090909,0.6590909090909091,0.25,1.0,1.0,0.4916666666666667,0.39473684210526316,0.0
20260629_225103_bc53ce62,20260629_225103_bc53ce62_g0040,40,1392850732,2,24,24,24,1,4,GREEN,pool_peer_500ms,3,4.0,[4],1,120,1,"{""1"": 105, ""2"": 73, ""3"": 82, ""4"": 120}",False,19.0,-31.0,0.0,6.0,1.0,0.0025,303.0,92.25,293.125,19.0,21.0,43.5,126.5,83.125,933.0,312.125,6.0,15.0,58.0,1.0,1.0,2.0,6.0,5.0,0.0,0.0,0.0,24.0,24.0,0.3,0.2857142857142857,0.0096,0.0096,0.075,0.3409090909090909,0.6590909090909091,0.475,1.0,1.0,0.4166666666666667,0.5298245614035088,0.0
20260629_225103_bc53ce62,20260629_225103_bc53ce62_g0040,40,1392850732,3,32,32,32,1,1,RED,champ_v3,0,4.0,[4],0,105,2,"{""1"": 105, ""2"": 73, ""3"": 82, ""4"": 120}",False,25.0,-31.0,0.0,13.0,12.0,0.03,330.0,110.75,351.0,21.0,25.0,54.75,179.0,71.25,341.0,376.0,8.0,13.0,48.0,1.0,1.0,2.0,6.0,3.0,1.0,0.0,0.0,32.0,32.0,0.3975,0.38095238095238093,0.0128,0.0128,0.1,0.45454545454545453,0.5454545454545454,0.625,1.0,1.0,0.4666666666666667,0.5789473684210527,0.0
20260629_225103_bc53ce62,20260629_225103_bc53ce62_g0040,40,1392850732,3,32,32,32,1,2,BLUE,pool_heuristic,1,4.0,[4],0,73,4,"{""1"": 105, ""2"": 73, ""3"": 82, ""4"": 120}",False,22.0,-37.0,3.0,14.0,12.0,0.03,160.0,60.0,171.75,15.0,17.0,31.5,87.0,21.25,511.0,193.75,8.0,13.0,48.0,1.0,1.0,2.0,6.0,3.0,1.0,0.0,0.0,32.0,32.0,0.3975,0.38095238095238093,0.0128,0.0128,0.1,0.45454545454545453,0.5454545454545454,0.55,1.0,1.0,0.4916666666666667,0.5434210526315789,0.0
20260629_225103_bc53ce62,20260629_225103_bc53ce62_g0040,40,1392850732,3,32,32,32,1,3,YELLOW,pool_l45_100ms,2,4.0,[4],0,82,3,"{""1"": 105, ""2"": 73, ""3"": 82, ""4"": 120}",False,11.0,-59.0,5.0,6.0,12.0,0.03,32.0,16.625,33.125,9.0,5.0,6.0,10.0,3.125,639.0,44.125,8.0,13.0,48.0,1.0,1.0,2.0,6.0,3.0,0.0,0.0,0.0,32.0,32.0,0.3975,0.38095238095238093,0.0128,0.0128,0.1,0.45454545454545453,0.5454545454545454,0.275,1.0,1.0,0.5833333333333333,0.41052631578947374,0.0
20260629_225103_bc53ce62,20260629_225103_bc53ce62_g0040,40,1392850732,3,32,32,32,1,4,GREEN,pool_peer_500ms,3,4.0,[4],1,120,1,"{""1"": 105, ""2"": 73, ""3"": 82, ""4"": 120}",False,23.0,-35.0,0.0,15.0,12.0,0.03,149.0,55.625,145.625,19.0,16.0,28.5,54.0,28.125,522.0,168.625,8.0,13.0,49.0,1.0,1.0,2.0,5.0,4.0,0.0,0.0,0.0,32.0,32.0,0.3975,0.38095238095238093,0.0128,0.0128,0.0975,0.4431818181818182,0.5568181818181818,0.575,1.0,1.0,0.4833333333333333,0.5654520917678811,0.0
20260629_225103_bc53ce62,20260629_225103_bc53ce62_g0040,40,1392850732,4,40,40,40,1,1,RED,champ_v3,0,4.0,[4],0,105,2,"{""1"": 105, ""2"": 73, ""3"": 82, ""4"": 120}",False,26.0,-24.0,0.0,23.0,24.0,0.06,180.0,75.0,212.75,19.0,22.0,42.75,99.0,30.0,113.0,238.75,10.0,11.0,39.0,1.0,1.0,2.0,5.0,2.0,0.0,0.0,0.0,40.0,40.0,0.49,0.47619047619047616,0.016,0.016,0.1225,0.5568181818181818,0.4431818181818182,0.65,1.0,1.0,0.4166666666666667,0.6015037593984962,0.0
20260629_225103_bc53ce62,20260629_225103_bc53ce62_g0040,40,1392850732,4,40,40,40,1,2,BLUE,pool_heuristic,1,4.0,[4],0,73,4,"{""1"": 105, ""2"": 73, ""3"": 82, ""4"": 120}",False,20.0,-36.0,3.0,18.0,24.0,0.06,27.0,15.875,30.5,9.0,4.0,6.0,11.5,0.0,266.0,50.5,10.0,11.0,39.0,1.0,1.0,2.0,5.0,2.0,1.0,0.0,0.0,40.0,40.0,0.49,0.47619047619047616,0.016,0.016,0.1225,0.5568181818181818,0.4431818181818182,0.5,1.0,1.0,0.4666666666666667,0.5091299677765844,0.0
20260629_225103_bc53ce62,20260629_225103_bc53ce62_g0040,40,1392850732,4,40,40,40,1,3,YELLOW,pool_l45_100ms,2,4.0,[4],0,82,3,"{""1"": 105, ""2"": 73, ""3"": 82, ""4"": 120}",False,7.0,-62.0,5.0,7.0,24.0,0.06,5.0,5.0,5.0,5.0,0.0,0.0,0.0,0.0,288.0,12.0,10.0,11.0,39.0,1.0,1.0,2.0,5.0,2.0,0.0,0.0,0.0,40.0,40.0,0.49,0.47619047619047616,0.016,0.016,0.1225,0.5568181818181818,0.4431818181818182,0.175,0.95,1.0,0.575,0.37701396348012894,0.0
20260629_225103_bc53ce62,20260629_225103_bc53ce62_g0040,40,1392850732,4,40,40,40,1,4,GREEN,pool_peer_500ms,3,4.0,[4],1,120,1,"{""1"": 105, ""2"": 73, ""3"": 82, ""4"": 120}",False,23.0,-30.0,0.0,24.0,24.0,0.06,81.0,38.5,86.75,18.0,10.0,16.5,31.0,11.25,212.0,109.75,10.0,11.0,39.0,1.0,1.0,2.0,5.0,2.0,0.0,0.0,0.0,40.0,40.0,0.49,0.47619047619047616,0.016,0.016,0.1225,0.5568181818181818,0.4431818181818182,0.575,1.0,1.0,0.4416666666666667,0.5671321160042964,0.0
20260629_225103_bc53ce62,20260629_225103_bc53ce62_g0040,40,1392850732,5,48,48,48,1,1,RED,champ_v3,0,4.0,[4],0,105,2,"{""1"": 105, ""2"": 73, ""3"": 82, ""4"": 120}",False,26.0,-31.0,0.0,32.0,15.0,0.0375,140.0,61.25,166.5,19.0,20.0,21.0,79.0,27.5,167.0,192.5,12.0,9.0,32.0,1.0,1.0,1.0,4.0,2.0,0.0,0.0,0.0,48.0,48.0,0.5575,0.5714285714285714,0.0192,0.0192,0.14,0.6363636363636364,0.36363636363636365,0.65,1.0,1.0,0.475,0.6080827067669172,0.0
20260629_225103_bc53ce62,20260629_225103_bc53ce62_g0040,40,1392850732,5,48,48,48,1,2,BLUE,pool_heuristic,1,4.0,[4],0,73,4,"{""1"": 105, ""2"": 73, ""3"": 82, ""4"": 120}",False,23.0,-37.0,3.0,26.0,15.0,0.0375,19.0,15.0,20.5,11.0,6.0,1.5,2.0,0.0,288.0,43.5,12.0,9.0,32.0,1.0,1.0,1.0,4.0,2.0,1.0,0.0,0.0,48.0,48.0,0.5575,0.5714285714285714,0.0192,0.0192,0.14,0.6363636363636364,0.36363636363636365,0.575,1.0,1.0,0.5,0.49624060150375937,0.0
20260629_225103_bc53ce62,20260629_225103_bc53ce62_g0040,40,1392850732,5,48,48,48,1,3,YELLOW,pool_l45_100ms,2,4.0,[4],0,82,3,"{""1"": 105, ""2"": 73, ""3"": 82, ""4"": 120}",False,7.0,-69.0,5.0,22.0,15.0,0.0375,10.0,2.75,9.25,0.0,1.0,3.0,4.0,1.25,297.0,16.25,12.0,9.0,34.0,0.0,1.0,2.0,4.0,2.0,0.0,0.0,0.0,48.0,48.0,0.5575,0.5714285714285714,0.0192,0.0192,0.135,0.6136363636363636,0.38636363636363635,0.175,0.7666666666666667,1.0,0.6333333333333333,0.36257309941520466,0.0
20260629_225103_bc53ce62,20260629_225103_bc53ce62_g0040,40,1392850732,5,48,48,48,1,4,GREEN,pool_peer_500ms,3,4.0,[4],1,120,1,"{""1"": 105, ""2"": 73, ""3"": 82, ""4"": 120}",False,27.0,-29.0,0.0,44.0,15.0,0.0375,138.0,55.25,137.0,20.0,18.0,32.25,43.0,23.75,169.0,164.0,12.0,9.0,31.0,1.0,1.0,2.0,3.0,2.0,0.0,0.0,0.0,48.0,48.0,0.5575,0.5714285714285714,0.0192,0.0192,0.1425,0.6477272727272727,0.3522727272727273,0.675,1.0,1.0,0.4666666666666667,0.569713758079409,0.0
20260629_225103_bc53ce62,20260629_225103_bc53ce62_g0040,40,1392850732,6,56,56,56,1,1,RED,champ_v3,0,4.0,[4],0,105,2,"{""1"": 105, ""2"": 73, ""3"": 82, ""4"": 120}",False,24.0,-38.0,0.0,49.0,21.0,0.0525,35.0,22.0,41.5,12.0,8.0,7.5,14.0,0.0,87.0,65.5,14.0,7.0,22.0,1.0,1.0,1.0,4.0,0.0,0.0,0.0,0.0,56.0,56.0,0.6525,0.6666666666666666,0.0224,0.0224,0.165,0.75,0.25,0.6,0.8833333333333333,0.8,0.5166666666666667,0.5717703349282297,0.0
20260629_225103_bc53ce62,20260629_225103_bc53ce62_g0040,40,1392850732,6,56,56,56,1,2,BLUE,pool_heuristic,1,4.0,[4],0,73,4,"{""1"": 105, ""2"": 73, ""3"": 82, ""4"": 120}",False,25.0,-36.0,3.0,40.0,21.0,0.0525,24.0,17.25,24.75,12.0,8.0,1.5,2.0,1.25,98.0,49.75,14.0,7.0,23.0,1.0,1.0,1.0,3.0,1.0,1.0,0.0,0.0,56.0,56.0,0.6525,0.6666666666666666,0.0224,0.0224,0.1625,0.7386363636363636,0.26136363636363635,0.625,1.0,1.0,0.5083333333333333,0.48582995951416996,0.0
20260629_225103_bc53ce62,20260629_225103_bc53ce62_g0040,40,1392850732,6,56,56,56,1,3,YELLOW,pool_l45_100ms,2,4.0,[4],0,82,3,"{""1"": 105, ""2"": 73, ""3"": 82, ""4"": 120}",False,8.0,-70.0,3.0,30.0,21.0,0.0525,1.0,0.5,1.0,0.0,1.0,0.0,0.0,0.0,121.0,9.0,14.0,7.0,25.0,0.0,1.0,2.0,3.0,1.0,0.0,0.0,0.0,56.0,56.0,0.6525,0.6666666666666666,0.0224,0.0224,0.1575,0.7159090909090909,0.2840909090909091,0.2,0.7166666666666667,1.0,0.65,0.3901420217209691,0.0
20260629_225103_bc53ce62,20260629_225103_bc53ce62_g0040,40,1392850732,6,56,56,56,1,4,GREEN,pool_peer_500ms,3,4.0,[4],1,120,1,"{""1"": 105, ""2"": 73, ""3"": 82, ""4"": 120}",False,29.0,-28.0,0.0,56.0,21.0,0.0525,62.0,36.625,69.0,19.0,15.0,16.5,18.5,0.0,60.0,98.0,14.0,7.0,21.0,1.0,1.0,2.0,3.0,0.0,0.0,0.0,0.0,56.0,56.0,0.6525,0.6666666666666666,0.0224,0.0224,0.1675,0.7613636363636364,0.23863636363636365,0.725,1.0,0.8,0.475,0.5451688923802043,0.0
20260629_225103_bc53ce62,20260629_225103_bc53ce62_g0040,40,1392850732,7,64,64,64,1,1,RED,champ_v3,0,4.0,[4],0,105,2,"{""1"": 105, ""2"": 73, ""3"": 82, ""4"": 120}",False,21.0,-41.0,0.0,57.0,23.0,0.0575,16.0,12.5,19.0,9.0,3.0,3.0,4.0,0.0,28.0,40.0,16.0,5.0,14.0,1.0,1.0,1.0,2.0,0.0,0.0,0.0,0.0,64.0,64.0,0.7125,0.7619047619047619,0.0256,0.0256,0.185,0.8409090909090909,0.1590909090909091,0.525,0.5166666666666667,0.8,0.5166666666666667,0.5519203413940256,0.0
20260629_225103_bc53ce62,20260629_225103_bc53ce62_g0040,40,1392850732,7,64,64,64,1,2,BLUE,pool_heuristic,1,4.0,[4],0,73,4,"{""1"": 105, ""2"": 73, ""3"": 82, ""4"": 120}",False,25.0,-33.0,3.0,47.0,23.0,0.0575,0.0,0.0,0.0,0.0,0.0,0.0,0.0,0.0,44.0,25.0,16.0,5.0,20.0,0.0,0.0,1.0,3.0,1.0,1.0,0.0,0.0,64.0,64.0,0.7125,0.7619047619047619,0.0256,0.0256,0.17,0.7727272727272727,0.22727272727272727,0.625,0.9166666666666666,1.0,0.4833333333333333,0.4845201238390092,0.0
20260629_225103_bc53ce62,20260629_225103_bc53ce62_g0040,40,1392850732,7,64,64,64,1,3,YELLOW,pool_l45_100ms,2,4.0,[4],0,82,3,"{""1"": 105, ""2"": 73, ""3"": 82, ""4"": 120}",False,9.0,-65.0,1.0,37.0,23.0,0.0575,3.0,1.25,4.0,0.0,0.0,3.0,1.0,0.0,41.0,13.0,16.0,5.0,20.0,0.0,0.0,1.0,3.0,1.0,0.0,0.0,0.0,64.0,64.0,0.7125,0.7619047619047619,0.0256,0.0256,0.17,0.7727272727272727,0.22727272727272727,0.225,0.8333333333333334,1.0,0.6166666666666667,0.4171826625386996,0.0
20260629_225103_bc53ce62,20260629_225103_bc53ce62_g0040,40,1392850732,7,64,64,64,1,4,GREEN,pool_peer_500ms,3,4.0,[4],1,120,1,"{""1"": 105, ""2"": 73, ""3"": 82, ""4"": 120}",False,28.0,-27.0,0.0,66.0,23.0,0.0575,25.0,17.75,24.5,13.0,6.0,4.5,1.0,0.0,19.0,52.5,16.0,5.0,13.0,1.0,1.0,2.0,1.0,0.0,0.0,0.0,0.0,64.0,64.0,0.7125,0.7619047619047619,0.0256,0.0256,0.1875,0.8522727272727273,0.14772727272727273,0.7,0.8666666666666667,0.8,0.4583333333333333,0.5459649122807018,0.0
20260629_225103_bc53ce62,20260629_225103_bc53ce62_g0041,41,1173968477,0,8,8,8,1,1,RED,pool_heuristic,0,4.0,[4],0,79,3,"{""1"": 79, ""2"": 78, ""3"": 93, ""4"": 107}",False,6.0,-17.0,9.0,0.0,3.0,0.0075,348.0,89.75,362.625,6.0,10.0,28.5,112.5,205.625,1413.0,368.625,2.0,19.0,78.0,1.0,1.0,2.0,6.0,9.0,1.0,1.0,1.0,8.0,8.0,0.1,0.09523809523809523,0.0032,0.0032,0.025,0.11363636363636363,0.8863636363636364,0.15,1.0,1.0,0.19166666666666668,0.2315789473684211,0.0
20260629_225103_bc53ce62,20260629_225103_bc53ce62_g0041,41,1173968477,0,8,8,8,1,2,BLUE,pool_l45_100ms,1,4.0,[4],0,78,4,"{""1"": 79, ""2"": 78, ""3"": 93, ""4"": 107}",False,5.0,-19.0,9.0,0.0,3.0,0.0075,327.0,76.25,309.5,5.0,8.0,24.0,95.0,177.5,1434.0,314.5,2.0,19.0,78.0,1.0,1.0,2.0,6.0,9.0,1.0,1.0,0.0,8.0,8.0,0.1,0.09523809523809523,0.0032,0.0032,0.025,0.11363636363636363,0.8863636363636364,0.125,1.0,1.0,0.2,0.15263157894736834,0.0
20260629_225103_bc53ce62,20260629_225103_bc53ce62_g0041,41,1173968477,0,8,8,8,1,3,YELLOW,pool_peer_500ms,2,4.0,[4],0,93,2,"{""1"": 79, ""2"": 78, ""3"": 93, ""4"": 107}",False,9.0,-11.0,9.0,0.0,3.0,0.0075,543.0,122.625,488.75,9.0,15.0,41.25,153.5,270.0,1218.0,497.75,2.0,19.0,78.0,1.0,1.0,2.0,6.0,9.0,1.0,0.0,0.0,8.0,8.0,0.1,0.09523809523809523,0.0032,0.0032,0.025,0.11363636363636363,0.8863636363636364,0.225,1.0,1.0,0.16666666666666669,0.23684210526315785,0.0
20260629_225103_bc53ce62,20260629_225103_bc53ce62_g0041,41,1173968477,0,8,8,8,1,4,GREEN,champ_v3,3,4.0,[4],1,107,1,"{""1"": 79, ""2"": 78, ""3"": 93, ""4"": 107}",False,9.0,-11.0,9.0,0.0,3.0,0.0075,543.0,122.625,488.75,9.0,15.0,41.25,153.5,270.0,1218.0,497.75,2.0,19.0,78.0,1.0,1.0,2.0,6.0,9.0,1.0,0.0,0.0,8.0,8.0,0.1,0.09523809523809523,0.0032,0.0032,0.025,0.11363636363636363,0.8863636363636364,0.225,1.0,1.0,0.16666666666666669,0.23684210526315785,0.0
20260629_225103_bc53ce62,20260629_225103_bc53ce62_g0041,41,1173968477,1,16,16,16,1,1,RED,pool_heuristic,0,4.0,[4],0,79,3,"{""1"": 79, ""2"": 78, ""3"": 93, ""4"": 107}",False,14.0,-24.0,1.0,2.0,3.0,0.0075,607.0,150.375,582.875,12.0,20.0,56.25,214.0,280.625,1896.0,596.875,4.0,17.0,68.0,1.0,1.0,2.0,6.0,7.0,1.0,1.0,0.0,16.0,16.0,0.2,0.19047619047619047,0.0064,0.0064,0.05,0.22727272727272727,0.7727272727272727,0.35,1.0,1.0,0.31666666666666665,0.47894736842105257,0.0
20260629_225103_bc53ce62,20260629_225103_bc53ce62_g0041,41,1173968477,1,16,16,16,1,2,BLUE,pool_l45_100ms,1,4.0,[4],0,78,4,"{""1"": 79, ""2"": 78, ""3"": 93, ""4"": 107}",False,9.0,-34.0,6.0,0.0,3.0,0.0075,528.0,122.375,477.5,9.0,16.0,45.0,177.5,230.0,1975.0,486.5,4.0,17.0,68.0,1.0,1.0,2.0,6.0,7.0,1.0,0.0,0.0,16.0,16.0,0.2,0.19047619047619047,0.0064,0.0064,0.05,0.22727272727272727,0.7727272727272727,0.225,1.0,1.0,0.35833333333333334,0.3263157894736842,0.0
20260629_225103_bc53ce62,20260629_225103_bc53ce62_g0041,41,1173968477,1,16,16,16,1,3,YELLOW,pool_peer_500ms,2,4.0,[4],0,93,2,"{""1"": 79, ""2"": 78, ""3"": 93, ""4"": 107}",False,15.0,-22.0,0.0,3.0,3.0,0.0075,743.0,185.25,721.375,14.0,25.0,69.75,259.5,353.125,1760.0,736.375,4.0,17.0,68.0,1.0,1.0,2.0,6.0,7.0,1.0,0.0,0.0,16.0,16.0,0.2,0.19047619047619047,0.0064,0.0064,0.05,0.22727272727272727,0.7727272727272727,0.375,1.0,1.0,0.30833333333333335,0.49473684210526314,0.0
20260629_225103_bc53ce62,20260629_225103_bc53ce62_g0041,41,1173968477,1,16,16,16,1,4,GREEN,champ_v3,3,4.0,[4],1,107,1,"{""1"": 79, ""2"": 78, ""3"": 93, ""4"": 107}",False,14.0,-24.0,1.0,4.0,3.0,0.0075,625.0,158.25,605.5,14.0,23.0,60.75,219.0,288.75,1878.0,619.5,4.0,17.0,68.0,1.0,1.0,2.0,6.0,7.0,1.0,0.0,0.0,16.0,16.0,0.2,0.19047619047619047,0.0064,0.0064,0.05,0.22727272727272727,0.7727272727272727,0.35,1.0,1.0,0.31666666666666665,0.4894736842105264,0.0
20260629_225103_bc53ce62,20260629_225103_bc53ce62_g0041,41,1173968477,2,24,24,24,1,1,RED,pool_heuristic,0,4.0,[4],0,79,3,"{""1"": 79, ""2"": 78, ""3"": 93, ""4"": 107}",False,22.0,-28.0,1.0,5.0,5.0,0.0125,561.0,154.25,549.625,18.0,29.0,70.5,236.5,195.625,1155.0,571.625,6.0,15.0,58.0,1.0,1.0,2.0,6.0,5.0,1.0,0.0,0.0,24.0,24.0,0.3,0.2857142857142857,0.0096,0.0096,0.075,0.3409090909090909,0.6590909090909091,0.55,1.0,1.0,0.4166666666666667,0.5578947368421052,0.0
20260629_225103_bc53ce62,20260629_225103_bc53ce62_g0041,41,1173968477,2,24,24,24,1,2,BLUE,pool_l45_100ms,1,4.0,[4],0,78,4,"{""1"": 79, ""2"": 78, ""3"": 93, ""4"": 107}",False,13.0,-46.0,6.0,1.0,5.0,0.0125,249.0,67.25,222.75,13.0,13.0,28.5,92.0,76.25,1467.0,235.75,6.0,15.0,58.0,1.0,1.0,2.0,6.0,5.0,0.0,0.0,0.0,24.0,24.0,0.3,0.2857142857142857,0.0096,0.0096,0.075,0.3409090909090909,0.6590909090909091,0.325,1.0,1.0,0.4916666666666667,0.38596491228070173,0.0
20260629_225103_bc53ce62,20260629_225103_bc53ce62_g0041,41,1173968477,2,24,24,24,1,3,YELLOW,pool_peer_500ms,2,4.0,[4],0,93,2,"{""1"": 79, ""2"": 78, ""3"": 93, ""4"": 107}",False,17.0,-38.0,0.0,12.0,5.0,0.0125,466.0,124.0,438.5,16.0,23.0,55.5,184.0,160.0,1250.0,455.5,6.0,15.0,58.0,1.0,1.0,2.0,6.0,5.0,0.0,0.0,0.0,24.0,24.0,0.3,0.2857142857142857,0.0096,0.0096,0.075,0.3409090909090909,0.6590909090909091,0.425,1.0,1.0,0.4583333333333333,0.5894736842105264,0.0
20260629_225103_bc53ce62,20260629_225103_bc53ce62_g0041,41,1173968477,2,24,24,24,1,4,GREEN,champ_v3,3,4.0,[4],1,107,1,"{""1"": 79, ""2"": 78, ""3"": 93, ""4"": 107}",False,20.0,-32.0,0.0,13.0,5.0,0.0125,440.0,124.875,431.75,18.0,24.0,57.75,184.5,147.5,1276.0,451.75,6.0,15.0,58.0,1.0,1.0,2.0,6.0,5.0,0.0,0.0,0.0,24.0,24.0,0.3,0.2857142857142857,0.0096,0.0096,0.075,0.3409090909090909,0.6590909090909091,0.5,1.0,1.0,0.4333333333333333,0.5894736842105264,0.0
20260629_225103_bc53ce62,20260629_225103_bc53ce62_g0041,41,1173968477,3,32,32,32,1,1,RED,pool_heuristic,0,4.0,[4],0,79,3,"{""1"": 79, ""2"": 78, ""3"": 93, ""4"": 107}",False,24.0,-38.0,1.0,11.0,5.0,0.0125,283.0,91.5,286.375,18.0,22.0,47.25,138.5,60.625,680.0,310.375,8.0,13.0,48.0,1.0,1.0,2.0,6.0,3.0,0.0,0.0,0.0,32.0,32.0,0.3975,0.38095238095238093,0.0128,0.0128,0.1,0.45454545454545453,0.5454545454545454,0.6,1.0,1.0,0.5166666666666667,0.5513157894736842,0.0
20260629_225103_bc53ce62,20260629_225103_bc53ce62_g0041,41,1173968477,3,32,32,32,1,2,BLUE,pool_l45_100ms,1,4.0,[4],0,78,4,"{""1"": 79, ""2"": 78, ""3"": 93, ""4"": 107}",False,18.0,-50.0,6.0,6.0,5.0,0.0125,80.0,36.125,80.25,16.0,12.0,16.5,29.5,6.25,883.0,98.25,8.0,13.0,48.0,1.0,1.0,2.0,6.0,3.0,0.0,0.0,0.0,32.0,32.0,0.3975,0.38095238095238093,0.0128,0.0128,0.1,0.45454545454545453,0.5454545454545454,0.45,1.0,1.0,0.5666666666666667,0.4078947368421053,0.0
20260629_225103_bc53ce62,20260629_225103_bc53ce62_g0041,41,1173968477,3,32,32,32,1,3,YELLOW,pool_peer_500ms,2,4.0,[4],0,93,2,"{""1"": 79, ""2"": 78, ""3"": 93, ""4"": 107}",False,22.0,-42.0,0.0,24.0,5.0,0.0125,357.0,113.875,368.25,19.0,25.0,60.75,188.5,75.0,606.0,390.25,8.0,13.0,48.0,1.0,1.0,2.0,6.0,3.0,0.0,0.0,0.0,32.0,32.0,0.3975,0.38095238095238093,0.0128,0.0128,0.1,0.45454545454545453,0.5454545454545454,0.55,1.0,1.0,0.5333333333333333,0.5921052631578947,0.0
20260629_225103_bc53ce62,20260629_225103_bc53ce62_g0041,41,1173968477,3,32,32,32,1,4,GREEN,champ_v3,3,4.0,[4],1,107,1,"{""1"": 79, ""2"": 78, ""3"": 93, ""4"": 107}",False,22.0,-42.0,0.0,22.0,5.0,0.0125,243.0,83.125,246.0,20.0,23.0,45.75,98.5,58.75,720.0,268.0,8.0,13.0,49.0,1.0,1.0,2.0,5.0,4.0,0.0,0.0,0.0,32.0,32.0,0.3975,0.38095238095238093,0.0128,0.0128,0.0975,0.4431818181818182,0.5568181818181818,0.55,1.0,1.0,0.5333333333333333,0.6288798920377867,0.0
20260629_225103_bc53ce62,20260629_225103_bc53ce62_g0041,41,1173968477,4,40,40,40,1,1,RED,pool_heuristic,0,4.0,[4],0,79,3,"{""1"": 79, ""2"": 78, ""3"": 93, ""4"": 107}",False,22.0,-46.0,1.0,18.0,11.0,0.0275,72.0,35.0,76.0,15.0,14.0,18.0,24.0,5.0,408.0,98.0,10.0,11.0,38.0,1.0,1.0,2.0,6.0,1.0,0.0,0.0,0.0,40.0,40.0,0.4925,0.47619047619047616,0.016,0.016,0.125,0.5681818181818182,0.4318181818181818,0.55,1.0,1.0,0.5666666666666667,0.5147368421052632,0.0
20260629_225103_bc53ce62,20260629_225103_bc53ce62_g0041,41,1173968477,4,40,40,40,1,2,BLUE,pool_l45_100ms,1,4.0,[4],0,78,4,"{""1"": 79, ""2"": 78, ""3"": 93, ""4"": 107}",False,16.0,-58.0,6.0,18.0,11.0,0.0275,45.0,23.625,43.75,13.0,9.0,8.25,13.5,0.0,435.0,59.75,10.0,11.0,38.0,1.0,1.0,2.0,6.0,1.0,0.0,0.0,0.0,40.0,40.0,0.4925,0.47619047619047616,0.016,0.016,0.125,0.5681818181818182,0.4318181818181818,0.4,1.0,1.0,0.6166666666666667,0.4336842105263158,0.0
20260629_225103_bc53ce62,20260629_225103_bc53ce62_g0041,41,1173968477,4,40,40,40,1,3,YELLOW,pool_peer_500ms,2,4.0,[4],0,93,2,"{""1"": 79, ""2"": 78, ""3"": 93, ""4"": 107}",False,28.0,-34.0,0.0,32.0,11.0,0.0275,223.0,86.25,240.75,23.0,27.0,47.25,106.0,37.5,257.0,268.75,10.0,11.0,39.0,1.0,1.0,2.0,5.0,2.0,0.0,0.0,0.0,40.0,40.0,0.4925,0.47619047619047616,0.016,0.016,0.1225,0.5568181818181818,0.4431818181818182,0.7,1.0,1.0,0.5166666666666667,0.5456498388829216,0.0
20260629_225103_bc53ce62,20260629_225103_bc53ce62_g0041,41,1173968477,4,40,40,40,1,4,GREEN,champ_v3,3,4.0,[4],1,107,1,"{""1"": 79, ""2"": 78, ""3"": 93, ""4"": 107}",False,24.0,-42.0,0.0,34.0,11.0,0.0275,140.0,58.625,154.125,20.0,17.0,29.25,56.0,31.875,340.0,178.125,10.0,11.0,40.0,1.0,1.0,2.0,4.0,3.0,0.0,0.0,0.0,40.0,40.0,0.4925,0.47619047619047616,0.016,0.016,0.12,0.5454545454545454,0.45454545454545453,0.6,1.0,1.0,0.55,0.6348684210526316,0.0
20260629_225103_bc53ce62,20260629_225103_bc53ce62_g0041,41,1173968477,5,48,48,48,1,1,RED,pool_heuristic,0,4.0,[4],0,79,3,"{""1"": 79, ""2"": 78, ""3"": 93, ""4"": 107}",False,19.0,-53.0,1.0,22.0,13.0,0.0325,21.0,14.5,20.75,10.0,6.0,3.75,1.0,0.0,193.0,39.75,12.0,9.0,30.0,1.0,1.0,2.0,4.0,1.0,0.0,0.0,0.0,48.0,48.0,0.5775,0.5714285714285714,0.0192,0.0192,0.145,0.6590909090909091,0.3409090909090909,0.475,0.9666666666666667,1.0,0.6,0.5226860254083485,0.0
20260629_225103_bc53ce62,20260629_225103_bc53ce62_g0041,41,1173968477,5,48,48,48,1,2,BLUE,pool_l45_100ms,1,4.0,[4],0,78,4,"{""1"": 79, ""2"": 78, ""3"": 93, ""4"": 107}",False,15.0,-61.0,6.0,24.0,13.0,0.0325,33.0,19.5,32.5,12.0,7.0,7.5,6.0,0.0,181.0,47.5,12.0,9.0,30.0,1.0,1.0,2.0,4.0,1.0,0.0,0.0,0.0,48.0,48.0,0.5775,0.5714285714285714,0.0192,0.0192,0.145,0.6590909090909091,0.3409090909090909,0.375,0.8166666666666667,1.0,0.6333333333333333,0.4283121597096189,0.0
20260629_225103_bc53ce62,20260629_225103_bc53ce62_g0041,41,1173968477,5,48,48,48,1,3,YELLOW,pool_peer_500ms,2,4.0,[4],0,93,2,"{""1"": 79, ""2"": 78, ""3"": 93, ""4"": 107}",False,32.0,-27.0,0.0,43.0,13.0,0.0325,69.0,41.625,72.75,23.0,19.0,20.25,5.5,5.0,145.0,104.75,12.0,9.0,31.0,1.0,1.0,2.0,3.0,2.0,0.0,0.0,0.0,48.0,48.0,0.5775,0.5714285714285714,0.0192,0.0192,0.1425,0.6477272727272727,0.3522727272727273,0.8,1.0,1.0,0.4916666666666667,0.5207756232686981,0.0
20260629_225103_bc53ce62,20260629_225103_bc53ce62_g0041,41,1173968477,5,48,48,48,1,4,GREEN,champ_v3,3,4.0,[4],1,107,1,"{""1"": 79, ""2"": 78, ""3"": 93, ""4"": 107}",False,25.0,-41.0,0.0,42.0,13.0,0.0325,91.0,43.0,99.25,17.0,15.0,24.0,37.0,6.25,123.0,124.25,12.0,9.0,30.0,1.0,1.0,2.0,4.0,1.0,0.0,0.0,0.0,48.0,48.0,0.5775,0.5714285714285714,0.0192,0.0192,0.145,0.6590909090909091,0.3409090909090909,0.625,1.0,1.0,0.55,0.6061705989110708,0.0
20260629_225103_bc53ce62,20260629_225103_bc53ce62_g0041,41,1173968477,6,56,56,56,1,1,RED,pool_heuristic,0,4.0,[4],0,79,3,"{""1"": 79, ""2"": 78, ""3"": 93, ""4"": 107}",False,15.0,-55.0,1.0,25.0,28.0,0.07,8.0,7.0,8.0,6.0,2.0,0.0,0.0,0.0,109.0,23.0,14.0,7.0,23.0,1.0,1.0,1.0,3.0,1.0,0.0,0.0,0.0,56.0,56.0,0.655,0.6666666666666666,0.0224,0.0224,0.1625,0.7386363636363636,0.26136363636363635,0.375,0.55,1.0,0.5833333333333333,0.5012145748987854,0.0
20260629_225103_bc53ce62,20260629_225103_bc53ce62_g0041,41,1173968477,6,56,56,56,1,2,BLUE,pool_l45_100ms,1,4.0,[4],0,78,4,"{""1"": 79, ""2"": 78, ""3"": 93, ""4"": 107}",False,13.0,-59.0,6.0,38.0,28.0,0.07,16.0,11.5,17.0,8.0,4.0,3.0,2.0,0.0,101.0,30.0,14.0,7.0,22.0,1.0,1.0,2.0,2.0,1.0,0.0,0.0,0.0,56.0,56.0,0.655,0.6666666666666666,0.0224,0.0224,0.165,0.75,0.25,0.325,0.45,1.0,0.6,0.4043062200956937,0.0
20260629_225103_bc53ce62,20260629_225103_bc53ce62_g0041,41,1173968477,6,56,56,56,1,3,YELLOW,pool_peer_500ms,2,4.0,[4],0,93,2,"{""1"": 79, ""2"": 78, ""3"": 93, ""4"": 107}",False,32.0,-21.0,0.0,53.0,28.0,0.07,48.0,31.75,48.25,20.0,17.0,6.75,2.0,2.5,69.0,80.25,14.0,7.0,24.0,1.0,1.0,1.0,2.0,2.0,0.0,0.0,0.0,56.0,56.0,0.655,0.6666666666666666,0.0224,0.0224,0.16,0.7272727272727273,0.2727272727272727,0.8,1.0,1.0,0.4416666666666667,0.5230263157894737,0.0
20260629_225103_bc53ce62,20260629_225103_bc53ce62_g0041,41,1173968477,6,56,56,56,1,4,GREEN,champ_v3,3,4.0,[4],1,107,1,"{""1"": 79, ""2"": 78, ""3"": 93, ""4"": 107}",False,25.0,-35.0,0.0,51.0,28.0,0.07,45.0,28.0,51.5,15.0,11.0,13.5,12.0,0.0,72.0,76.5,14.0,7.0,21.0,1.0,1.0,2.0,3.0,0.0,0.0,0.0,0.0,56.0,56.0,0.655,0.6666666666666666,0.0224,0.0224,0.1675,0.7613636363636364,0.23863636363636365,0.625,1.0,0.8,0.5,0.5828750981932443,0.0
20260629_225103_bc53ce62,20260629_225103_bc53ce62_g0041,41,1173968477,7,64,64,64,1,1,RED,pool_heuristic,0,4.0,[4],0,79,3,"{""1"": 79, ""2"": 78, ""3"": 93, ""4"": 107}",False,14.0,-50.0,1.0,34.0,37.0,0.0925,0.0,0.0,0.0,0.0,0.0,0.0,0.0,0.0,44.0,14.0,16.0,5.0,20.0,0.0,0.0,1.0,3.0,1.0,0.0,0.0,0.0,64.0,64.0,0.7125,0.7619047619047619,0.0256,0.0256,0.17,0.7727272727272727,0.22727272727272727,0.35,0.3,1.0,0.5333333333333333,0.48993808049535603,0.0
20260629_225103_bc53ce62,20260629_225103_bc53ce62_g0041,41,1173968477,7,64,64,64,1,2,BLUE,pool_l45_100ms,1,4.0,[4],0,78,4,"{""1"": 79, ""2"": 78, ""3"": 93, ""4"": 107}",False,10.0,-58.0,3.0,43.0,37.0,0.0925,5.0,5.0,5.0,5.0,0.0,0.0,0.0,0.0,39.0,15.0,16.0,5.0,16.0,1.0,0.0,2.0,1.0,1.0,0.0,0.0,0.0,64.0,64.0,0.7125,0.7619047619047619,0.0256,0.0256,0.18,0.8181818181818182,0.18181818181818182,0.25,0.31666666666666665,1.0,0.5666666666666667,0.41812865497076024,0.0
20260629_225103_bc53ce62,20260629_225103_bc53ce62_g0041,41,1173968477,7,64,64,64,1,3,YELLOW,pool_peer_500ms,2,4.0,[4],0,93,2,"{""1"": 79, ""2"": 78, ""3"": 93, ""4"": 107}",False,32.0,-14.0,0.0,60.0,37.0,0.0925,18.0,7.5,17.0,0.0,12.0,3.75,0.0,1.25,26.0,49.0,16.0,5.0,18.0,0.0,1.0,1.0,2.0,1.0,0.0,0.0,0.0,64.0,64.0,0.7125,0.7619047619047619,0.0256,0.0256,0.175,0.7954545454545454,0.20454545454545456,0.8,0.8,1.0,0.38333333333333336,0.5097744360902255,0.0
20260629_225103_bc53ce62,20260629_225103_bc53ce62_g0041,41,1173968477,7,64,64,64,1,4,GREEN,champ_v3,3,4.0,[4],1,107,1,"{""1"": 79, ""2"": 78, ""3"": 93, ""4"": 107}",False,22.0,-34.0,0.0,59.0,37.0,0.0925,21.0,15.0,22.0,10.0,6.0,6.0,0.0,0.0,23.0,44.0,16.0,5.0,13.0,1.0,1.0,2.0,1.0,0.0,0.0,0.0,0.0,64.0,64.0,0.7125,0.7619047619047619,0.0256,0.0256,0.1875,0.8522727272727273,0.14772727272727273,0.55,0.6833333333333333,0.8,0.4666666666666667,0.5564912280701755,0.0
20260629_225103_bc53ce62,20260629_225103_bc53ce62_g0042,42,1812277110,0,8,8,8,1,1,RED,pool_l45_100ms,0,3.0,[3],0,69,3,"{""1"": 69, ""2"": 98, ""3"": 102, ""4"": 69}",False,6.0,-19.0,9.0,0.0,1.0,0.0025,388.0,90.5,366.25,6.0,10.0,28.5,113.0,208.75,1498.0,372.25,2.0,19.0,78.0,1.0,1.0,2.0,6.0,9.0,1.0,1.0,0.0,8.0,8.0,0.1,0.09523809523809523,0.0032,0.0032,0.025,0.11363636363636363,0.8863636363636364,0.15,1.0,1.0,0.20833333333333334,0.20526315789473681,0.0
20260629_225103_bc53ce62,20260629_225103_bc53ce62_g0042,42,1812277110,0,8,8,8,1,2,BLUE,pool_peer_500ms,1,3.0,[3],0,98,2,"{""1"": 69, ""2"": 98, ""3"": 102, ""4"": 69}",False,9.0,-13.0,9.0,0.0,1.0,0.0025,543.0,122.625,488.75,9.0,15.0,41.25,153.5,270.0,1343.0,497.75,2.0,19.0,78.0,1.0,1.0,2.0,6.0,9.0,1.0,0.0,0.0,8.0,8.0,0.1,0.09523809523809523,0.0032,0.0032,0.025,0.11363636363636363,0.8863636363636364,0.225,1.0,1.0,0.18333333333333332,0.23684210526315785,0.0
20260629_225103_bc53ce62,20260629_225103_bc53ce62_g0042,42,1812277110,0,8,8,8,1,3,YELLOW,champ_v3,2,3.0,[3],1,102,1,"{""1"": 69, ""2"": 98, ""3"": 102, ""4"": 69}",False,9.0,-13.0,9.0,0.0,1.0,0.0025,543.0,122.625,488.75,9.0,15.0,41.25,153.5,270.0,1343.0,497.75,2.0,19.0,78.0,1.0,1.0,2.0,6.0,9.0,1.0,0.0,0.0,8.0,8.0,0.1,0.09523809523809523,0.0032,0.0032,0.025,0.11363636363636363,0.8863636363636364,0.225,1.0,1.0,0.18333333333333332,0.23684210526315785,0.0
20260629_225103_bc53ce62,20260629_225103_bc53ce62_g0042,42,1812277110,0,8,8,8,1,4,GREEN,pool_heuristic,3,3.0,[3],0,69,3,"{""1"": 69, ""2"": 98, ""3"": 102, ""4"": 69}",False,7.0,-17.0,9.0,0.0,1.0,0.0025,412.0,106.625,430.125,7.0,12.0,34.5,136.0,240.625,1474.0,437.125,2.0,19.0,78.0,1.0,1.0,2.0,6.0,9.0,1.0,1.0,1.0,8.0,8.0,0.1,0.09523809523809523,0.0032,0.0032,0.025,0.11363636363636363,0.8863636363636364,0.175,1.0,1.0,0.2,0.2315789473684211,0.0
20260629_225103_bc53ce62,20260629_225103_bc53ce62_g0042,42,1812277110,1,16,16,16,1,1,RED,pool_l45_100ms,0,3.0,[3],0,69,3,"{""1"": 69, ""2"": 98, ""3"": 102, ""4"": 69}",False,10.0,-32.0,7.0,0.0,1.0,0.0025,526.0,122.25,471.75,10.0,17.0,45.0,176.0,223.75,1746.0,481.75,4.0,17.0,68.0,1.0,1.0,2.0,6.0,7.0,1.0,0.0,0.0,16.0,16.0,0.2,0.19047619047619047,0.0064,0.0064,0.05,0.22727272727272727,0.7727272727272727,0.25,1.0,1.0,0.35,0.3236842105263158,0.0
20260629_225103_bc53ce62,20260629_225103_bc53ce62_g0042,42,1812277110,1,16,16,16,1,2,BLUE,pool_peer_500ms,1,3.0,[3],0,98,2,"{""1"": 69, ""2"": 98, ""3"": 102, ""4"": 69}",False,16.0,-20.0,0.0,1.0,1.0,0.0025,742.0,185.25,720.625,14.0,25.0,70.5,260.5,350.625,1530.0,736.625,4.0,17.0,68.0,1.0,1.0,2.0,6.0,7.0,1.0,0.0,0.0,16.0,16.0,0.2,0.19047619047619047,0.0064,0.0064,0.05,0.22727272727272727,0.7727272727272727,0.4,1.0,1.0,0.3,0.49473684210526314,0.0
20260629_225103_bc53ce62,20260629_225103_bc53ce62_g0042,42,1812277110,1,16,16,16,1,3,YELLOW,champ_v3,2,3.0,[3],1,102,1,"{""1"": 69, ""2"": 98, ""3"": 102, ""4"": 69}",False,15.0,-22.0,1.0,2.0,1.0,0.0025,619.0,152.625,574.0,15.0,24.0,60.75,210.5,263.75,1653.0,589.0,4.0,17.0,68.0,1.0,1.0,2.0,6.0,7.0,0.0,0.0,0.0,16.0,16.0,0.2,0.19047619047619047,0.0064,0.0064,0.05,0.22727272727272727,0.7727272727272727,0.375,1.0,1.0,0.30833333333333335,0.48684210526315785,0.0
20260629_225103_bc53ce62,20260629_225103_bc53ce62_g0042,42,1812277110,1,16,16,16,1,4,GREEN,pool_heuristic,3,3.0,[3],0,69,3,"{""1"": 69, ""2"": 98, ""3"": 102, ""4"": 69}",False,11.0,-30.0,3.0,1.0,1.0,0.0025,385.0,101.875,387.625,10.0,14.0,38.25,141.0,184.375,1887.0,398.625,4.0,17.0,68.0,1.0,1.0,2.0,6.0,7.0,1.0,1.0,1.0,16.0,16.0,0.2,0.19047619047619047,0.0064,0.0064,0.05,0.22727272727272727,0.7727272727272727,0.275,1.0,1.0,0.3416666666666667,0.4473684210526315,0.0
20260629_225103_bc53ce62,20260629_225103_bc53ce62_g0042,42,1812277110,2,24,24,24,1,1,RED,pool_l45_100ms,0,3.0,[3],0,69,3,"{""1"": 69, ""2"": 98, ""3"": 102, ""4"": 69}",False,14.0,-41.0,4.0,1.0,11.0,0.0275,286.0,76.125,255.875,12.0,16.0,36.0,115.0,76.875,1223.0,269.875,6.0,15.0,58.0,1.0,1.0,2.0,6.0,5.0,0.0,0.0,0.0,24.0,24.0,0.2975,0.2857142857142857,0.0096,0.0096,0.075,0.3409090909090909,0.6590909090909091,0.35,1.0,1.0,0.4583333333333333,0.4035087719298245,0.0
20260629_225103_bc53ce62,20260629_225103_bc53ce62_g0042,42,1812277110,2,24,24,24,1,2,BLUE,pool_peer_500ms,1,3.0,[3],0,98,2,"{""1"": 69, ""2"": 98, ""3"": 102, ""4"": 69}",False,18.0,-33.0,0.0,8.0,11.0,0.0275,690.0,175.75,644.875,17.0,29.0,78.0,281.5,239.375,819.0,662.875,6.0,15.0,58.0,1.0,1.0,2.0,6.0,5.0,1.0,0.0,0.0,24.0,24.0,0.2975,0.2857142857142857,0.0096,0.0096,0.075,0.3409090909090909,0.6590909090909091,0.45,1.0,1.0,0.425,0.5877192982456141,0.0
20260629_225103_bc53ce62,20260629_225103_bc53ce62_g0042,42,1812277110,2,24,24,24,1,3,YELLOW,champ_v3,2,3.0,[3],1,102,1,"{""1"": 69, ""2"": 98, ""3"": 102, ""4"": 69}",False,21.0,-27.0,0.0,14.0,11.0,0.0275,330.0,94.875,317.375,17.0,21.0,45.75,108.0,125.625,1179.0,338.375,6.0,15.0,59.0,1.0,1.0,2.0,5.0,6.0,0.0,0.0,0.0,24.0,24.0,0.2975,0.2857142857142857,0.0096,0.0096,0.0725,0.32954545454545453,0.6704545454545454,0.525,1.0,1.0,0.4,0.588021778584392,0.0
20260629_225103_bc53ce62,20260629_225103_bc53ce62_g0042,42,1812277110,2,24,24,24,1,4,GREEN,pool_heuristic,3,3.0,[3],0,69,3,"{""1"": 69, ""2"": 98, ""3"": 102, ""4"": 69}",False,16.0,-37.0,3.0,2.0,11.0,0.0275,203.0,62.875,199.75,14.0,13.0,29.25,78.5,65.0,1306.0,215.75,6.0,15.0,58.0,1.0,1.0,2.0,6.0,5.0,0.0,1.0,1.0,24.0,24.0,0.2975,0.2857142857142857,0.0096,0.0096,0.075,0.3409090909090909,0.6590909090909091,0.4,1.0,1.0,0.4416666666666667,0.4473684210526315,0.0
20260629_225103_bc53ce62,20260629_225103_bc53ce62_g0042,42,1812277110,3,32,32,32,1,1,RED,pool_l45_100ms,0,3.0,[3],0,69,3,"{""1"": 69, ""2"": 98, ""3"": 102, ""4"": 69}",False,15.0,-50.0,4.0,5.0,12.0,0.03,130.0,43.125,125.375,12.0,9.0,20.25,61.0,23.125,668.0,140.375,8.0,13.0,48.0,1.0,1.0,2.0,6.0,3.0,0.0,0.0,0.0,32.0,32.0,0.3975,0.38095238095238093,0.0128,0.0128,0.1,0.45454545454545453,0.5454545454545454,0.375,1.0,1.0,0.5416666666666667,0.4565789473684211,0.0
20260629_225103_bc53ce62,20260629_225103_bc53ce62_g0042,42,1812277110,3,32,32,32,1,2,BLUE,pool_peer_500ms,1,3.0,[3],0,98,2,"{""1"": 69, ""2"": 98, ""3"": 102, ""4"": 69}",False,22.0,-36.0,0.0,22.0,12.0,0.03,345.0,102.625,332.875,18.0,22.0,52.5,161.0,79.375,453.0,354.875,8.0,13.0,48.0,1.0,1.0,2.0,6.0,3.0,0.0,0.0,0.0,32.0,32.0,0.3975,0.38095238095238093,0.0128,0.0128,0.1,0.45454545454545453,0.5454545454545454,0.55,1.0,1.0,0.4833333333333333,0.6302631578947369,0.0
20260629_225103_bc53ce62,20260629_225103_bc53ce62_g0042,42,1812277110,3,32,32,32,1,3,YELLOW,champ_v3,2,3.0,[3],1,102,1,"{""1"": 69, ""2"": 98, ""3"": 102, ""4"": 69}",False,24.0,-32.0,0.0,19.0,12.0,0.03,268.0,84.25,261.875,18.0,20.0,45.0,109.5,69.375,530.0,285.875,8.0,13.0,49.0,1.0,1.0,2.0,5.0,4.0,0.0,0.0,0.0,32.0,32.0,0.3975,0.38095238095238093,0.0128,0.0128,0.0975,0.4431818181818182,0.5568181818181818,0.6,1.0,1.0,0.4666666666666667,0.6045883940620782,0.0
20260629_225103_bc53ce62,20260629_225103_bc53ce62_g0042,42,1812277110,3,32,32,32,1,4,GREEN,pool_heuristic,3,3.0,[3],0,69,3,"{""1"": 69, ""2"": 98, ""3"": 102, ""4"": 69}",False,19.0,-42.0,3.0,8.0,12.0,0.03,55.0,29.625,53.0,17.0,11.0,12.0,10.5,2.5,743.0,72.0,8.0,13.0,48.0,1.0,1.0,2.0,6.0,3.0,0.0,1.0,1.0,32.0,32.0,0.3975,0.38095238095238093,0.0128,0.0128,0.1,0.45454545454545453,0.5454545454545454,0.475,1.0,1.0,0.5083333333333333,0.4526315789473684,0.0
20260629_225103_bc53ce62,20260629_225103_bc53ce62_g0042,42,1812277110,4,40,40,40,1,1,RED,pool_l45_100ms,0,3.0,[3],0,69,3,"{""1"": 69, ""2"": 98, ""3"": 102, ""4"": 69}",False,16.0,-59.0,4.0,11.0,17.0,0.0425,40.0,22.375,42.5,12.0,8.0,9.0,13.5,0.0,305.0,58.5,10.0,11.0,38.0,1.0,1.0,2.0,6.0,1.0,0.0,0.0,0.0,40.0,40.0,0.4925,0.47619047619047616,0.016,0.016,0.125,0.5681818181818182,0.4318181818181818,0.4,1.0,1.0,0.625,0.44842105263157894,0.0
20260629_225103_bc53ce62,20260629_225103_bc53ce62_g0042,42,1812277110,4,40,40,40,1,2,BLUE,pool_peer_500ms,1,3.0,[3],0,98,2,"{""1"": 69, ""2"": 98, ""3"": 102, ""4"": 69}",False,24.0,-43.0,0.0,29.0,17.0,0.0425,143.0,60.375,155.75,19.0,19.0,35.25,72.5,10.0,202.0,179.75,10.0,11.0,38.0,1.0,1.0,2.0,6.0,1.0,0.0,0.0,0.0,40.0,40.0,0.4925,0.47619047619047616,0.016,0.016,0.125,0.5681818181818182,0.4318181818181818,0.6,1.0,1.0,0.5583333333333333,0.6189473684210527,0.0
20260629_225103_bc53ce62,20260629_225103_bc53ce62_g0042,42,1812277110,4,40,40,40,1,3,YELLOW,champ_v3,2,3.0,[3],1,102,1,"{""1"": 69, ""2"": 98, ""3"": 102, ""4"": 69}",False,27.0,-37.0,0.0,32.0,17.0,0.0425,110.0,46.625,118.125,17.0,14.0,26.25,34.0,26.875,235.0,145.125,10.0,11.0,41.0,1.0,1.0,2.0,3.0,4.0,0.0,0.0,0.0,40.0,40.0,0.4925,0.47619047619047616,0.016,0.016,0.1175,0.5340909090909091,0.4659090909090909,0.675,1.0,1.0,0.5333333333333333,0.5890257558790594,0.0
20260629_225103_bc53ce62,20260629_225103_bc53ce62_g0042,42,1812277110,4,40,40,40,1,4,GREEN,pool_heuristic,3,3.0,[3],0,69,3,"{""1"": 69, ""2"": 98, ""3"": 102, ""4"": 69}",False,24.0,-43.0,3.0,14.0,17.0,0.0425,52.0,31.375,50.125,20.0,12.0,10.5,7.0,0.625,293.0,74.125,10.0,11.0,38.0,1.0,1.0,2.0,6.0,1.0,0.0,0.0,0.0,40.0,40.0,0.4925,0.47619047619047616,0.016,0.016,0.125,0.5681818181818182,0.4318181818181818,0.6,1.0,1.0,0.5583333333333333,0.4178947368421052,0.0
20260629_225103_bc53ce62,20260629_225103_bc53ce62_g0042,42,1812277110,5,48,48,48,1,1,RED,pool_l45_100ms,0,3.0,[3],0,69,3,"{""1"": 69, ""2"": 98, ""3"": 102, ""4"": 69}",False,11.0,-63.0,4.0,18.0,33.0,0.0825,9.0,7.25,8.75,6.0,2.0,0.75,0.0,0.0,164.0,19.75,12.0,9.0,30.0,1.0,1.0,2.0,4.0,1.0,0.0,0.0,0.0,48.0,48.0,0.575,0.5714285714285714,0.0192,0.0192,0.145,0.6590909090909091,0.3409090909090909,0.275,0.9333333333333333,1.0,0.6166666666666667,0.4137931034482759,0.0
20260629_225103_bc53ce62,20260629_225103_bc53ce62_g0042,42,1812277110,5,48,48,48,1,2,BLUE,pool_peer_500ms,1,3.0,[3],0,98,2,"{""1"": 69, ""2"": 98, ""3"": 102, ""4"": 69}",False,27.0,-31.0,0.0,41.0,33.0,0.0825,74.0,39.25,82.0,18.0,14.0,22.5,25.0,2.5,99.0,109.0,12.0,9.0,30.0,1.0,1.0,2.0,4.0,1.0,0.0,0.0,0.0,48.0,48.0,0.575,0.5714285714285714,0.0192,0.0192,0.145,0.6590909090909091,0.3409090909090909,0.675,1.0,1.0,0.4833333333333333,0.6043557168784028,0.0
20260629_225103_bc53ce62,20260629_225103_bc53ce62_g0042,42,1812277110,5,48,48,48,1,3,YELLOW,champ_v3,2,3.0,[3],1,102,1,"{""1"": 69, ""2"": 98, ""3"": 102, ""4"": 69}",False,27.0,-31.0,0.0,40.0,33.0,0.0825,65.0,34.5,75.0,15.0,13.0,21.75,14.0,11.25,108.0,102.0,12.0,9.0,32.0,1.0,1.0,2.0,2.0,3.0,0.0,0.0,0.0,48.0,48.0,0.575,0.5714285714285714,0.0192,0.0192,0.14,0.6363636363636364,0.36363636363636365,0.675,1.0,1.0,0.4833333333333333,0.575187969924812,0.0
20260629_225103_bc53ce62,20260629_225103_bc53ce62_g0042,42,1812277110,5,48,48,48,1,4,GREEN,pool_heuristic,3,3.0,[3],0,69,3,"{""1"": 69, ""2"": 98, ""3"": 102, ""4"": 69}",False,20.0,-45.0,3.0,22.0,33.0,0.0825,25.0,18.75,24.75,14.0,7.0,3.75,0.0,0.0,148.0,44.75,12.0,9.0,30.0,1.0,1.0,2.0,4.0,1.0,0.0,0.0,0.0,48.0,48.0,0.575,0.5714285714285714,0.0192,0.0192,0.145,0.6590909090909091,0.3409090909090909,0.5,1.0,1.0,0.5416666666666667,0.41833030852994557,0.0
20260629_225103_bc53ce62,20260629_225103_bc53ce62_g0042,42,1812277110,6,56,56,56,1,1,RED,pool_l45_100ms,0,3.0,[3],0,69,3,"{""1"": 69, ""2"": 98, ""3"": 102, ""4"": 69}",False,9.0,-64.0,4.0,34.0,46.0,0.115,5.0,5.0,5.0,5.0,0.0,0.0,0.0,0.0,129.0,14.0,14.0,7.0,25.0,1.0,0.0,1.0,4.0,1.0,0.0,0.0,0.0,56.0,56.0,0.64,0.6666666666666666,0.0224,0.0224,0.1575,0.7159090909090909,0.2840909090909091,0.225,0.38333333333333336,1.0,0.6083333333333333,0.4177109440267335,0.0
20260629_225103_bc53ce62,20260629_225103_bc53ce62_g0042,42,1812277110,6,56,56,56,1,2,BLUE,pool_peer_500ms,1,3.0,[3],0,98,2,"{""1"": 69, ""2"": 98, ""3"": 102, ""4"": 69}",False,30.0,-22.0,0.0,49.0,46.0,0.115,69.0,39.25,79.25,19.0,16.0,15.75,26.0,2.5,65.0,109.25,14.0,7.0,23.0,1.0,1.0,1.0,3.0,1.0,0.0,0.0,0.0,56.0,56.0,0.64,0.6666666666666666,0.0224,0.0224,0.1625,0.7386363636363636,0.26136363636363635,0.75,1.0,1.0,0.4333333333333333,0.5975708502024291,0.0
20260629_225103_bc53ce62,20260629_225103_bc53ce62_g0042,42,1812277110,6,56,56,56,1,3,YELLOW,champ_v3,2,3.0,[3],1,102,1,"{""1"": 69, ""2"": 98, ""3"": 102, ""4"": 69}",False,27.0,-28.0,0.0,49.0,46.0,0.115,51.0,28.25,55.75,14.0,11.0,16.5,8.0,6.25,83.0,82.75,14.0,7.0,23.0,1.0,1.0,2.0,1.0,2.0,0.0,0.0,0.0,56.0,56.0,0.64,0.6666666666666666,0.0224,0.0224,0.1625,0.7386363636363636,0.26136363636363635,0.675,1.0,1.0,0.4583333333333333,0.5643724696356275,0.0
20260629_225103_bc53ce62,20260629_225103_bc53ce62_g0042,42,1812277110,6,56,56,56,1,4,GREEN,pool_heuristic,3,3.0,[3],0,69,3,"{""1"": 69, ""2"": 98, ""3"": 102, ""4"": 69}",False,16.0,-50.0,3.0,32.0,46.0,0.115,9.0,9.0,9.0,9.0,0.0,0.0,0.0,0.0,125.0,25.0,14.0,7.0,25.0,1.0,0.0,1.0,4.0,1.0,0.0,0.0,0.0,56.0,56.0,0.64,0.6666666666666666,0.0224,0.0224,0.1575,0.7159090909090909,0.2840909090909091,0.4,0.75,1.0,0.55,0.42188805346700087,0.0
20260629_225103_bc53ce62,20260629_225103_bc53ce62_g0042,42,1812277110,7,64,64,67,4,1,RED,pool_l45_100ms,0,3.0,[3],0,69,3,"{""1"": 69, ""2"": 98, ""3"": 102, ""4"": 69}",False,7.0,-61.0,4.0,36.0,58.0,0.145,0.0,0.0,0.0,0.0,0.0,0.0,0.0,0.0,55.0,7.0,15.0,6.0,24.0,0.0,0.0,1.0,4.0,1.0,0.0,0.0,0.0,64.0,67.0,0.705,0.7142857142857143,0.0268,0.0256,0.16,0.7272727272727273,0.2727272727272727,0.175,0.26666666666666666,1.0,0.5666666666666667,0.42269736842105265,0.0
20260629_225103_bc53ce62,20260629_225103_bc53ce62_g0042,42,1812277110,7,64,64,67,4,2,BLUE,pool_peer_500ms,1,3.0,[3],0,98,2,"{""1"": 69, ""2"": 98, ""3"": 102, ""4"": 69}",False,28.0,-19.0,0.0,64.0,58.0,0.145,33.0,22.75,31.25,16.0,10.0,5.25,0.0,0.0,22.0,59.25,17.0,4.0,11.0,1.0,1.0,1.0,0.0,1.0,0.0,0.0,0.0,64.0,67.0,0.705,0.8095238095238095,0.0268,0.0256,0.1925,0.875,0.125,0.7,0.7,1.0,0.39166666666666666,0.5673274094326726,0.0
20260629_225103_bc53ce62,20260629_225103_bc53ce62_g0042,42,1812277110,7,64,64,67,4,3,YELLOW,champ_v3,2,3.0,[3],1,102,1,"{""1"": 69, ""2"": 98, ""3"": 102, ""4"": 69}",False,25.0,-25.0,0.0,62.0,58.0,0.145,22.0,16.5,21.0,13.0,5.0,3.0,0.0,0.0,33.0,46.0,17.0,4.0,11.0,1.0,1.0,1.0,0.0,1.0,0.0,0.0,0.0,64.0,67.0,0.705,0.8095238095238095,0.0268,0.0256,0.1925,0.875,0.125,0.625,0.65,1.0,0.4166666666666667,0.5386192754613808,0.0
20260629_225103_bc53ce62,20260629_225103_bc53ce62_g0042,42,1812277110,7,64,64,67,4,4,GREEN,pool_heuristic,3,3.0,[3],0,69,3,"{""1"": 69, ""2"": 98, ""3"": 102, ""4"": 69}",False,15.0,-45.0,3.0,41.0,58.0,0.145,0.0,0.0,0.0,0.0,0.0,0.0,0.0,0.0,55.0,15.0,15.0,6.0,24.0,0.0,0.0,1.0,4.0,1.0,0.0,0.0,0.0,64.0,67.0,0.705,0.7142857142857143,0.0268,0.0256,0.16,0.7272727272727273,0.2727272727272727,0.375,0.55,1.0,0.5,0.42269736842105265,0.0
20260629_225103_bc53ce62,20260629_225103_bc53ce62_g0043,43,7561104,0,8,8,8,1,1,RED,pool_peer_500ms,0,,"[1, 2]",1,99,1,"{""1"": 99, ""2"": 99, ""3"": 89, ""4"": 78}",True,9.0,-14.0,9.0,0.0,0.0,0.0,543.0,122.625,488.75,9.0,15.0,41.25,153.5,270.0,1402.0,497.75,2.0,19.0,78.0,1.0,1.0,2.0,6.0,9.0,1.0,0.0,0.0,8.0,8.0,0.1,0.09523809523809523,0.0032,0.0032,0.025,0.11363636363636363,0.8863636363636364,0.225,1.0,1.0,0.19166666666666668,0.23684210526315785,0.0
20260629_225103_bc53ce62,20260629_225103_bc53ce62_g0043,43,7561104,0,8,8,8,1,2,BLUE,champ_v3,1,,"[1, 2]",1,99,1,"{""1"": 99, ""2"": 99, ""3"": 89, ""4"": 78}",True,9.0,-14.0,9.0,0.0,0.0,0.0,543.0,122.625,488.75,9.0,15.0,41.25,153.5,270.0,1402.0,497.75,2.0,19.0,78.0,1.0,1.0,2.0,6.0,9.0,1.0,0.0,0.0,8.0,8.0,0.1,0.09523809523809523,0.0032,0.0032,0.025,0.11363636363636363,0.8863636363636364,0.225,1.0,1.0,0.19166666666666668,0.23684210526315785,0.0
20260629_225103_bc53ce62,20260629_225103_bc53ce62_g0043,43,7561104,0,8,8,8,1,3,YELLOW,pool_heuristic,2,,"[1, 2]",0,89,2,"{""1"": 99, ""2"": 99, ""3"": 89, ""4"": 78}",True,7.0,-18.0,9.0,0.0,0.0,0.0,415.0,106.875,432.125,7.0,12.0,34.5,133.0,245.625,1530.0,439.125,2.0,19.0,78.0,1.0,1.0,2.0,6.0,9.0,1.0,1.0,1.0,8.0,8.0,0.1,0.09523809523809523,0.0032,0.0032,0.025,0.11363636363636363,0.8863636363636364,0.175,1.0,1.0,0.20833333333333334,0.2421052631578947,0.0
20260629_225103_bc53ce62,20260629_225103_bc53ce62_g0043,43,7561104,0,8,8,8,1,4,GREEN,pool_l45_100ms,3,,"[1, 2]",0,78,3,"{""1"": 99, ""2"": 99, ""3"": 89, ""4"": 78}",True,7.0,-18.0,9.0,0.0,0.0,0.0,444.0,103.25,415.125,7.0,12.0,33.75,130.5,231.875,1501.0,422.125,2.0,19.0,78.0,1.0,1.0,2.0,6.0,9.0,1.0,1.0,0.0,8.0,8.0,0.1,0.09523809523809523,0.0032,0.0032,0.025,0.11363636363636363,0.8863636363636364,0.175,1.0,1.0,0.20833333333333334,0.20526315789473681,0.0
20260629_225103_bc53ce62,20260629_225103_bc53ce62_g0043,43,7561104,1,16,16,16,1,1,RED,pool_peer_500ms,0,,"[1, 2]",1,99,1,"{""1"": 99, ""2"": 99, ""3"": 89, ""4"": 78}",True,16.0,-21.0,0.0,2.0,4.0,0.01,689.0,172.125,666.875,14.0,23.0,64.5,241.0,324.375,1720.0,682.875,4.0,17.0,68.0,1.0,1.0,2.0,6.0,7.0,1.0,0.0,0.0,16.0,16.0,0.2,0.19047619047619047,0.0064,0.0064,0.05,0.22727272727272727,0.7727272727272727,0.4,1.0,1.0,0.30833333333333335,0.49473684210526314,0.0
20260629_225103_bc53ce62,20260629_225103_bc53ce62_g0043,43,7561104,1,16,16,16,1,2,BLUE,champ_v3,1,,"[1, 2]",1,99,1,"{""1"": 99, ""2"": 99, ""3"": 89, ""4"": 78}",True,15.0,-23.0,1.0,2.0,4.0,0.01,815.0,202.0,786.125,15.0,27.0,77.25,287.5,379.375,1594.0,801.125,4.0,17.0,68.0,1.0,1.0,2.0,6.0,7.0,1.0,0.0,0.0,16.0,16.0,0.2,0.19047619047619047,0.0064,0.0064,0.05,0.22727272727272727,0.7727272727272727,0.375,1.0,1.0,0.31666666666666665,0.4894736842105264,0.0
20260629_225103_bc53ce62,20260629_225103_bc53ce62_g0043,43,7561104,1,16,16,16,1,3,YELLOW,pool_heuristic,2,,"[1, 2]",0,89,2,"{""1"": 99, ""2"": 99, ""3"": 89, ""4"": 78}",True,13.0,-27.0,4.0,2.0,4.0,0.01,485.0,142.625,546.625,12.0,21.0,55.5,200.0,258.125,1924.0,559.625,4.0,17.0,68.0,1.0,1.0,2.0,6.0,7.0,1.0,1.0,1.0,16.0,16.0,0.2,0.19047619047619047,0.0064,0.0064,0.05,0.22727272727272727,0.7727272727272727,0.325,1.0,1.0,0.33333333333333337,0.4236842105263158,0.0
20260629_225103_bc53ce62,20260629_225103_bc53ce62_g0043,43,7561104,1,16,16,16,1,4,GREEN,pool_l45_100ms,3,,"[1, 2]",0,78,3,"{""1"": 99, ""2"": 99, ""3"": 89, ""4"": 78}",True,9.0,-35.0,7.0,1.0,4.0,0.01,420.0,99.625,378.75,9.0,15.0,38.25,141.5,175.0,1989.0,387.75,4.0,17.0,68.0,1.0,1.0,2.0,6.0,7.0,1.0,0.0,0.0,16.0,16.0,0.2,0.19047619047619047,0.0064,0.0064,0.05,0.22727272727272727,0.7727272727272727,0.225,1.0,1.0,0.36666666666666664,0.3131578947368421,0.0
20260629_225103_bc53ce62,20260629_225103_bc53ce62_g0043,43,7561104,2,24,24,24,1,1,RED,pool_peer_500ms,0,,"[1, 2]",1,99,1,"{""1"": 99, ""2"": 99, ""3"": 89, ""4"": 78}",True,21.0,-29.0,0.0,9.0,6.0,0.015,564.0,147.375,531.25,18.0,27.0,69.0,188.5,228.75,1141.0,552.25,6.0,15.0,59.0,1.0,1.0,2.0,5.0,6.0,1.0,0.0,0.0,24.0,24.0,0.295,0.2857142857142857,0.0096,0.0096,0.0725,0.32954545454545453,0.6704545454545454,0.525,1.0,1.0,0.4166666666666667,0.5862068965517242,0.0
20260629_225103_bc53ce62,20260629_225103_bc53ce62_g0043,43,7561104,2,24,24,24,1,2,BLUE,champ_v3,1,,"[1, 2]",1,99,1,"{""1"": 99, ""2"": 99, ""3"": 89, ""4"": 78}",True,21.0,-29.0,1.0,9.0,6.0,0.015,602.0,157.625,571.25,20.0,28.0,68.25,197.5,257.5,1103.0,592.25,6.0,15.0,59.0,1.0,1.0,2.0,5.0,6.0,1.0,0.0,0.0,24.0,24.0,0.295,0.2857142857142857,0.0096,0.0096,0.0725,0.32954545454545453,0.6704545454545454,0.525,1.0,1.0,0.4166666666666667,0.5825771324863884,0.0
20260629_225103_bc53ce62,20260629_225103_bc53ce62_g0043,43,7561104,2,24,24,24,1,3,YELLOW,pool_heuristic,2,,"[1, 2]",0,89,2,"{""1"": 99, ""2"": 99, ""3"": 89, ""4"": 78}",True,17.0,-37.0,4.0,7.0,6.0,0.015,367.0,109.875,396.625,13.0,19.0,47.25,163.0,154.375,1338.0,413.625,6.0,15.0,58.0,1.0,1.0,2.0,6.0,5.0,1.0,1.0,1.0,24.0,24.0,0.295,0.2857142857142857,0.0096,0.0096,0.075,0.3409090909090909,0.6590909090909091,0.425,1.0,1.0,0.45,0.4877192982456141,0.0
20260629_225103_bc53ce62,20260629_225103_bc53ce62_g0043,43,7561104,2,24,24,24,1,4,GREEN,pool_l45_100ms,3,,"[1, 2]",0,78,3,"{""1"": 99, ""2"": 99, ""3"": 89, ""4"": 78}",True,12.0,-47.0,7.0,3.0,6.0,0.015,172.0,48.75,149.0,12.0,12.0,22.5,55.0,47.5,1533.0,161.0,6.0,15.0,58.0,1.0,1.0,2.0,6.0,5.0,0.0,0.0,0.0,24.0,24.0,0.295,0.2857142857142857,0.0096,0.0096,0.075,0.3409090909090909,0.6590909090909091,0.3,1.0,1.0,0.4916666666666667,0.38245614035087727,0.0
20260629_225103_bc53ce62,20260629_225103_bc53ce62_g0043,43,7561104,3,32,32,32,1,1,RED,pool_peer_500ms,0,,"[1, 2]",1,99,1,"{""1"": 99, ""2"": 99, ""3"": 89, ""4"": 78}",True,24.0,-36.0,0.0,21.0,7.0,0.0175,388.0,113.25,372.25,19.0,27.0,59.25,152.0,115.0,702.0,396.25,8.0,13.0,49.0,1.0,1.0,2.0,5.0,4.0,0.0,0.0,0.0,32.0,32.0,0.395,0.38095238095238093,0.0128,0.0128,0.0975,0.4431818181818182,0.5568181818181818,0.6,1.0,1.0,0.5,0.6167341430499325,0.0
20260629_225103_bc53ce62,20260629_225103_bc53ce62_g0043,43,7561104,3,32,32,32,1,2,BLUE,champ_v3,1,,"[1, 2]",1,99,1,"{""1"": 99, ""2"": 99, ""3"": 89, ""4"": 78}",True,25.0,-34.0,1.0,20.0,7.0,0.0175,475.0,136.875,458.125,22.0,29.0,69.75,193.0,144.375,615.0,483.125,8.0,13.0,49.0,1.0,1.0,2.0,5.0,4.0,0.0,0.0,0.0,32.0,32.0,0.395,0.38095238095238093,0.0128,0.0128,0.0975,0.4431818181818182,0.5568181818181818,0.625,1.0,1.0,0.4916666666666667,0.5897435897435898,0.0
20260629_225103_bc53ce62,20260629_225103_bc53ce62_g0043,43,7561104,3,32,32,32,1,3,YELLOW,pool_heuristic,2,,"[1, 2]",0,89,2,"{""1"": 99, ""2"": 99, ""3"": 89, ""4"": 78}",True,21.0,-42.0,4.0,19.0,7.0,0.0175,135.0,47.5,136.75,14.0,10.0,21.0,63.0,28.75,955.0,157.75,8.0,13.0,48.0,1.0,1.0,2.0,6.0,3.0,1.0,1.0,0.0,32.0,32.0,0.395,0.38095238095238093,0.0128,0.0128,0.1,0.45454545454545453,0.5454545454545454,0.525,1.0,1.0,0.525,0.48684210526315785,0.0
20260629_225103_bc53ce62,20260629_225103_bc53ce62_g0043,43,7561104,3,32,32,32,1,4,GREEN,pool_l45_100ms,3,,"[1, 2]",0,78,3,"{""1"": 99, ""2"": 99, ""3"": 89, ""4"": 78}",True,14.0,-56.0,4.0,8.0,7.0,0.0175,92.0,35.125,85.0,14.0,11.0,16.5,28.5,15.0,998.0,99.0,8.0,13.0,48.0,1.0,1.0,2.0,6.0,3.0,0.0,0.0,0.0,32.0,32.0,0.395,0.38095238095238093,0.0128,0.0128,0.1,0.45454545454545453,0.5454545454545454,0.35,1.0,1.0,0.5833333333333333,0.4328947368421052,0.0
20260629_225103_bc53ce62,20260629_225103_bc53ce62_g0043,43,7561104,4,40,40,40,1,1,RED,pool_peer_500ms,0,,"[1, 2]",1,99,1,"{""1"": 99, ""2"": 99, ""3"": 89, ""4"": 78}",True,30.0,-33.0,0.0,32.0,8.0,0.02,229.0,78.5,218.5,22.0,25.0,45.0,74.0,52.5,423.0,248.5,10.0,11.0,40.0,1.0,1.0,2.0,4.0,3.0,0.0,0.0,0.0,40.0,40.0,0.485,0.47619047619047616,0.016,0.016,0.12,0.5454545454545454,0.45454545454545453,0.75,1.0,1.0,0.525,0.611842105263158,0.0
20260629_225103_bc53ce62,20260629_225103_bc53ce62_g0043,43,7561104,4,40,40,40,1,2,BLUE,champ_v3,1,,"[1, 2]",1,99,1,"{""1"": 99, ""2"": 99, ""3"": 89, ""4"": 78}",True,30.0,-33.0,1.0,24.0,8.0,0.02,336.0,108.75,323.0,27.0,32.0,64.5,87.0,112.5,316.0,353.0,10.0,11.0,41.0,1.0,1.0,2.0,3.0,4.0,0.0,0.0,0.0,40.0,40.0,0.485,0.47619047619047616,0.016,0.016,0.1175,0.5340909090909091,0.4659090909090909,0.75,1.0,1.0,0.525,0.5711086226203808,0.0
20260629_225103_bc53ce62,20260629_225103_bc53ce62_g0043,43,7561104,4,40,40,40,1,3,YELLOW,pool_heuristic,2,,"[1, 2]",0,89,2,"{""1"": 99, ""2"": 99, ""3"": 89, ""4"": 78}",True,19.0,-55.0,4.0,29.0,8.0,0.02,25.0,15.875,26.25,11.0,3.0,3.75,8.5,0.0,627.0,45.25,10.0,11.0,39.0,1.0,1.0,2.0,5.0,2.0,1.0,1.0,0.0,40.0,40.0,0.485,0.47619047619047616,0.016,0.016,0.1225,0.5568181818181818,0.4431818181818182,0.475,1.0,1.0,0.6166666666666667,0.4693877551020409,0.0
20260629_225103_bc53ce62,20260629_225103_bc53ce62_g0043,43,7561104,4,40,40,40,1,4,GREEN,pool_l45_100ms,3,,"[1, 2]",0,78,3,"{""1"": 99, ""2"": 99, ""3"": 89, ""4"": 78}",True,14.0,-65.0,4.0,18.0,8.0,0.02,62.0,28.0,62.25,12.0,10.0,12.0,27.0,1.25,590.0,76.25,10.0,11.0,38.0,1.0,1.0,2.0,6.0,1.0,0.0,0.0,0.0,40.0,40.0,0.485,0.47619047619047616,0.016,0.016,0.125,0.5681818181818182,0.4318181818181818,0.35,1.0,1.0,0.6583333333333333,0.39368421052631586,0.0
20260629_225103_bc53ce62,20260629_225103_bc53ce62_g0043,43,7561104,5,48,48,48,1,1,RED,pool_peer_500ms,0,,"[1, 2]",1,99,1,"{""1"": 99, ""2"": 99, ""3"": 89, ""4"": 78}",True,34.0,-28.0,0.0,44.0,13.0,0.0325,113.0,53.0,123.75,22.0,17.0,26.25,41.0,17.5,238.0,157.75,12.0,9.0,30.0,1.0,1.0,2.0,4.0,1.0,0.0,0.0,0.0,48.0,48.0,0.5775,0.5714285714285714,0.0192,0.0192,0.145,0.6590909090909091,0.3409090909090909,0.85,1.0,1.0,0.5166666666666667,0.5889292196007259,0.0
20260629_225103_bc53ce62,20260629_225103_bc53ce62_g0043,43,7561104,5,48,48,48,1,2,BLUE,champ_v3,1,,"[1, 2]",1,99,1,"{""1"": 99, ""2"": 99, ""3"": 89, ""4"": 78}",True,31.0,-34.0,1.0,33.0,13.0,0.0325,178.0,74.625,187.75,24.0,27.0,51.75,57.5,27.5,173.0,218.75,12.0,9.0,31.0,1.0,1.0,2.0,3.0,2.0,0.0,0.0,0.0,48.0,48.0,0.5775,0.5714285714285714,0.0192,0.0192,0.1425,0.6477272727272727,0.3522727272727273,0.775,1.0,1.0,0.5416666666666667,0.58264081255771,0.0
20260629_225103_bc53ce62,20260629_225103_bc53ce62_g0043,43,7561104,5,48,48,48,1,3,YELLOW,pool_heuristic,2,,"[1, 2]",0,89,2,"{""1"": 99, ""2"": 99, ""3"": 89, ""4"": 78}",True,16.0,-64.0,4.0,42.0,13.0,0.0325,16.0,11.375,16.5,9.0,1.0,3.0,3.5,0.0,335.0,32.5,12.0,9.0,31.0,1.0,1.0,2.0,3.0,2.0,1.0,1.0,0.0,48.0,48.0,0.5775,0.5714285714285714,0.0192,0.0192,0.1425,0.6477272727272727,0.3522727272727273,0.4,1.0,1.0,0.6666666666666667,0.4607571560480148,0.0
20260629_225103_bc53ce62,20260629_225103_bc53ce62_g0043,43,7561104,5,48,48,48,1,4,GREEN,pool_l45_100ms,3,,"[1, 2]",0,78,3,"{""1"": 99, ""2"": 99, ""3"": 89, ""4"": 78}",True,15.0,-66.0,4.0,31.0,13.0,0.0325,44.0,22.875,44.25,12.0,8.0,9.75,14.5,0.0,307.0,59.25,12.0,9.0,29.0,1.0,1.0,2.0,5.0,0.0,0.0,0.0,0.0,48.0,48.0,0.5775,0.5714285714285714,0.0192,0.0192,0.1475,0.6704545454545454,0.32954545454545453,0.375,0.8333333333333334,0.8,0.675,0.3657448706512042,0.0
20260629_225103_bc53ce62,20260629_225103_bc53ce62_g0043,43,7561104,6,56,56,56,1,1,RED,pool_peer_500ms,0,,"[1, 2]",1,99,1,"{""1"": 99, ""2"": 99, ""3"": 89, ""4"": 78}",True,33.0,-21.0,0.0,55.0,24.0,0.06,50.0,32.5,54.25,20.0,12.0,11.25,11.0,0.0,81.0,87.25,14.0,7.0,21.0,1.0,1.0,2.0,3.0,0.0,0.0,0.0,0.0,56.0,56.0,0.6575,0.6666666666666666,0.0224,0.0224,0.1675,0.7613636363636364,0.23863636363636365,0.825,1.0,0.8,0.45,0.5805184603299293,0.0
20260629_225103_bc53ce62,20260629_225103_bc53ce62_g0043,43,7561104,6,56,56,56,1,2,BLUE,champ_v3,1,,"[1, 2]",1,99,1,"{""1"": 99, ""2"": 99, ""3"": 89, ""4"": 78}",True,26.0,-35.0,1.0,44.0,24.0,0.06,64.0,35.75,64.75,19.0,15.0,18.75,12.0,0.0,67.0,90.75,14.0,7.0,21.0,1.0,1.0,2.0,3.0,0.0,0.0,0.0,0.0,56.0,56.0,0.6575,0.6666666666666666,0.0224,0.0224,0.1675,0.7613636363636364,0.23863636363636365,0.65,1.0,0.8,0.5083333333333333,0.558523173605656,0.0
20260629_225103_bc53ce62,20260629_225103_bc53ce62_g0043,43,7561104,6,56,56,56,1,3,YELLOW,pool_heuristic,2,,"[1, 2]",0,89,2,"{""1"": 99, ""2"": 99, ""3"": 89, ""4"": 78}",True,16.0,-55.0,4.0,46.0,24.0,0.06,2.0,1.0,2.0,0.0,2.0,0.0,0.0,0.0,129.0,18.0,14.0,7.0,26.0,0.0,1.0,2.0,2.0,2.0,1.0,1.0,0.0,56.0,56.0,0.6575,0.6666666666666666,0.0224,0.0224,0.155,0.7045454545454546,0.29545454545454547,0.4,0.8666666666666667,1.0,0.5916666666666667,0.45331069609507646,0.0
20260629_225103_bc53ce62,20260629_225103_bc53ce62_g0043,43,7561104,6,56,56,56,1,4,GREEN,pool_l45_100ms,3,,"[1, 2]",0,78,3,"{""1"": 99, ""2"": 99, ""3"": 89, ""4"": 78}",True,12.0,-63.0,4.0,38.0,24.0,0.06,15.0,11.5,14.5,9.0,4.0,1.5,0.0,0.0,116.0,26.5,14.0,7.0,21.0,1.0,1.0,2.0,3.0,0.0,0.0,0.0,0.0,56.0,56.0,0.6575,0.6666666666666666,0.0224,0.0224,0.1675,0.7613636363636364,0.23863636363636365,0.3,0.5166666666666667,0.8,0.625,0.35978004713275735,0.0
20260629_225103_bc53ce62,20260629_225103_bc53ce62_g0043,43,7561104,7,64,64,64,1,1,RED,pool_peer_500ms,0,,"[1, 2]",1,99,1,"{""1"": 99, ""2"": 99, ""3"": 89, ""4"": 78}",True,31.0,-18.0,0.0,62.0,24.0,0.06,24.0,20.0,25.0,16.0,6.0,3.0,0.0,0.0,45.0,56.0,16.0,5.0,14.0,1.0,1.0,1.0,2.0,0.0,0.0,0.0,0.0,64.0,64.0,0.725,0.7619047619047619,0.0256,0.0256,0.185,0.8409090909090909,0.1590909090909091,0.775,0.9,0.8,0.4083333333333333,0.5647226173541964,0.0
20260629_225103_bc53ce62,20260629_225103_bc53ce62_g0043,43,7561104,7,64,64,64,1,2,BLUE,champ_v3,1,,"[1, 2]",1,99,1,"{""1"": 99, ""2"": 99, ""3"": 89, ""4"": 78}",True,23.0,-34.0,1.0,58.0,24.0,0.06,37.0,23.25,36.75,14.0,10.0,12.75,0.0,0.0,32.0,59.75,16.0,5.0,13.0,1.0,1.0,2.0,1.0,0.0,0.0,0.0,0.0,64.0,64.0,0.725,0.7619047619047619,0.0256,0.0256,0.1875,0.8522727272727273,0.14772727272727273,0.575,0.9,0.8,0.475,0.5368421052631578,0.0
20260629_225103_bc53ce62,20260629_225103_bc53ce62_g0043,43,7561104,7,64,64,64,1,3,YELLOW,pool_heuristic,2,,"[1, 2]",0,89,2,"{""1"": 99, ""2"": 99, ""3"": 89, ""4"": 78}",True,15.0,-50.0,0.0,56.0,24.0,0.06,2.0,0.625,2.0,0.0,0.0,1.5,0.5,0.0,67.0,17.0,16.0,5.0,19.0,0.0,0.0,2.0,2.0,1.0,1.0,0.0,0.0,64.0,64.0,0.725,0.7619047619047619,0.0256,0.0256,0.1725,0.7840909090909091,0.2159090909090909,0.375,0.5166666666666667,1.0,0.5416666666666667,0.49504195270785656,0.0
20260629_225103_bc53ce62,20260629_225103_bc53ce62_g0043,43,7561104,7,64,64,64,1,4,GREEN,pool_l45_100ms,3,,"[1, 2]",0,78,3,"{""1"": 99, ""2"": 99, ""3"": 89, ""4"": 78}",True,11.0,-58.0,4.0,47.0,24.0,0.06,6.0,6.0,6.0,6.0,0.0,0.0,0.0,0.0,63.0,17.0,16.0,5.0,16.0,1.0,0.0,1.0,3.0,0.0,0.0,0.0,0.0,64.0,64.0,0.725,0.7619047619047619,0.0256,0.0256,0.18,0.8181818181818182,0.18181818181818182,0.275,0.31666666666666665,0.8,0.575,0.3735380116959064,0.0
20260629_225103_bc53ce62,20260629_225103_bc53ce62_g0044,44,1658448164,0,8,8,8,1,1,RED,champ_v3,0,4.0,[4],0,89,2,"{""1"": 89, ""2"": 64, ""3"": 82, ""4"": 90}",False,9.0,-13.0,9.0,0.0,0.0,0.0,543.0,122.625,488.75,9.0,15.0,41.25,153.5,270.0,1280.0,497.75,2.0,19.0,78.0,1.0,1.0,2.0,6.0,9.0,1.0,0.0,0.0,8.0,8.0,0.1,0.09523809523809523,0.0032,0.0032,0.025,0.11363636363636363,0.8863636363636364,0.225,1.0,1.0,0.18333333333333332,0.23684210526315785,0.0
20260629_225103_bc53ce62,20260629_225103_bc53ce62_g0044,44,1658448164,0,8,8,8,1,2,BLUE,pool_heuristic,1,4.0,[4],0,64,4,"{""1"": 89, ""2"": 64, ""3"": 82, ""4"": 90}",False,6.0,-19.0,9.0,0.0,0.0,0.0,373.0,92.375,373.875,6.0,10.0,29.25,118.0,210.625,1450.0,379.875,2.0,19.0,78.0,1.0,1.0,2.0,6.0,9.0,1.0,1.0,1.0,8.0,8.0,0.1,0.09523809523809523,0.0032,0.0032,0.025,0.11363636363636363,0.8863636363636364,0.15,1.0,1.0,0.20833333333333334,0.2315789473684211,0.0
20260629_225103_bc53ce62,20260629_225103_bc53ce62_g0044,44,1658448164,0,8,8,8,1,3,YELLOW,pool_l45_100ms,2,4.0,[4],0,82,3,"{""1"": 89, ""2"": 64, ""3"": 82, ""4"": 90}",False,7.0,-17.0,9.0,0.0,0.0,0.0,364.0,86.0,341.875,7.0,10.0,27.0,108.5,189.375,1459.0,348.875,2.0,19.0,78.0,1.0,1.0,2.0,6.0,9.0,1.0,1.0,0.0,8.0,8.0,0.1,0.09523809523809523,0.0032,0.0032,0.025,0.11363636363636363,0.8863636363636364,0.175,1.0,1.0,0.2,0.17368421052631577,0.0
20260629_225103_bc53ce62,20260629_225103_bc53ce62_g0044,44,1658448164,0,8,8,8,1,4,GREEN,pool_peer_500ms,3,4.0,[4],1,90,1,"{""1"": 89, ""2"": 64, ""3"": 82, ""4"": 90}",False,9.0,-13.0,9.0,0.0,0.0,0.0,543.0,122.625,488.75,9.0,15.0,41.25,153.5,270.0,1280.0,497.75,2.0,19.0,78.0,1.0,1.0,2.0,6.0,9.0,1.0,0.0,0.0,8.0,8.0,0.1,0.09523809523809523,0.0032,0.0032,0.025,0.11363636363636363,0.8863636363636364,0.225,1.0,1.0,0.18333333333333332,0.23684210526315785,0.0
20260629_225103_bc53ce62,20260629_225103_bc53ce62_g0044,44,1658448164,1,16,16,16,1,1,RED,champ_v3,0,4.0,[4],0,89,2,"{""1"": 89, ""2"": 64, ""3"": 82, ""4"": 90}",False,14.0,-26.0,3.0,2.0,0.0,0.0,586.0,147.875,562.5,14.0,21.0,55.5,209.5,262.5,1554.0,576.5,4.0,17.0,68.0,1.0,1.0,2.0,6.0,7.0,1.0,0.0,0.0,16.0,16.0,0.2,0.19047619047619047,0.0064,0.0064,0.05,0.22727272727272727,0.7727272727272727,0.35,1.0,1.0,0.33333333333333337,0.45789473684210524,0.0
20260629_225103_bc53ce62,20260629_225103_bc53ce62_g0044,44,1658448164,1,16,16,16,1,2,BLUE,pool_heuristic,1,4.0,[4],0,64,4,"{""1"": 89, ""2"": 64, ""3"": 82, ""4"": 90}",False,14.0,-26.0,5.0,2.0,0.0,0.0,428.0,116.625,437.0,12.0,18.0,45.75,162.5,198.75,1712.0,451.0,4.0,17.0,68.0,1.0,1.0,2.0,6.0,7.0,1.0,1.0,1.0,16.0,16.0,0.2,0.19047619047619047,0.0064,0.0064,0.05,0.22727272727272727,0.7727272727272727,0.35,1.0,1.0,0.33333333333333337,0.41315789473684206,0.0
20260629_225103_bc53ce62,20260629_225103_bc53ce62_g0044,44,1658448164,1,16,16,16,1,3,YELLOW,pool_l45_100ms,2,4.0,[4],0,82,3,"{""1"": 89, ""2"": 64, ""3"": 82, ""4"": 90}",False,11.0,-32.0,5.0,2.0,0.0,0.0,419.0,100.875,379.0,11.0,15.0,36.0,139.5,177.5,1721.0,390.0,4.0,17.0,68.0,1.0,1.0,2.0,6.0,7.0,1.0,0.0,0.0,16.0,16.0,0.2,0.19047619047619047,0.0064,0.0064,0.05,0.22727272727272727,0.7727272727272727,0.275,1.0,1.0,0.35833333333333334,0.3526315789473684,0.0
20260629_225103_bc53ce62,20260629_225103_bc53ce62_g0044,44,1658448164,1,16,16,16,1,4,GREEN,pool_peer_500ms,3,4.0,[4],1,90,1,"{""1"": 89, ""2"": 64, ""3"": 82, ""4"": 90}",False,15.0,-24.0,4.0,2.0,0.0,0.0,707.0,176.875,681.625,15.0,25.0,66.0,245.0,330.625,1433.0,696.625,4.0,17.0,68.0,1.0,1.0,2.0,6.0,7.0,1.0,0.0,0.0,16.0,16.0,0.2,0.19047619047619047,0.0064,0.0064,0.05,0.22727272727272727,0.7727272727272727,0.375,1.0,1.0,0.325,0.4526315789473684,0.0
20260629_225103_bc53ce62,20260629_225103_bc53ce62_g0044,44,1658448164,2,24,24,24,1,1,RED,champ_v3,0,4.0,[4],0,89,2,"{""1"": 89, ""2"": 64, ""3"": 82, ""4"": 90}",False,19.0,-31.0,0.0,3.0,0.0,0.0,349.0,103.5,343.375,19.0,22.0,42.75,146.5,113.125,905.0,362.375,6.0,15.0,58.0,1.0,1.0,2.0,6.0,5.0,1.0,0.0,0.0,24.0,24.0,0.3,0.2857142857142857,0.0096,0.0096,0.075,0.3409090909090909,0.6590909090909091,0.475,1.0,1.0,0.4166666666666667,0.5947368421052632,0.0
20260629_225103_bc53ce62,20260629_225103_bc53ce62_g0044,44,1658448164,2,24,24,24,1,2,BLUE,pool_heuristic,1,4.0,[4],0,64,4,"{""1"": 89, ""2"": 64, ""3"": 82, ""4"": 90}",False,17.0,-35.0,4.0,6.0,0.0,0.0,405.0,118.25,423.375,15.0,20.0,51.0,175.5,161.875,849.0,440.375,6.0,15.0,58.0,1.0,1.0,2.0,6.0,5.0,1.0,1.0,1.0,24.0,24.0,0.3,0.2857142857142857,0.0096,0.0096,0.075,0.3409090909090909,0.6590909090909091,0.425,1.0,1.0,0.4333333333333333,0.48245614035087714,0.0
20260629_225103_bc53ce62,20260629_225103_bc53ce62_g0044,44,1658448164,2,24,24,24,1,3,YELLOW,pool_l45_100ms,2,4.0,[4],0,82,3,"{""1"": 89, ""2"": 64, ""3"": 82, ""4"": 90}",False,13.0,-43.0,5.0,4.0,0.0,0.0,175.0,53.625,165.625,13.0,12.0,23.25,68.0,49.375,1079.0,178.625,6.0,15.0,58.0,1.0,1.0,2.0,6.0,5.0,0.0,0.0,0.0,24.0,24.0,0.3,0.2857142857142857,0.0096,0.0096,0.075,0.3409090909090909,0.6590909090909091,0.325,1.0,1.0,0.4666666666666667,0.4035087719298245,0.0
20260629_225103_bc53ce62,20260629_225103_bc53ce62_g0044,44,1658448164,2,24,24,24,1,4,GREEN,pool_peer_500ms,3,4.0,[4],1,90,1,"{""1"": 89, ""2"": 64, ""3"": 82, ""4"": 90}",False,20.0,-29.0,2.0,10.0,0.0,0.0,325.0,102.0,342.5,17.0,22.0,46.5,142.0,115.0,929.0,362.5,6.0,15.0,58.0,1.0,1.0,2.0,6.0,5.0,1.0,0.0,0.0,24.0,24.0,0.3,0.2857142857142857,0.0096,0.0096,0.075,0.3409090909090909,0.6590909090909091,0.5,1.0,1.0,0.4083333333333333,0.5508771929824561,0.0
20260629_225103_bc53ce62,20260629_225103_bc53ce62_g0044,44,1658448164,3,32,32,32,1,1,RED,champ_v3,0,4.0,[4],0,89,2,"{""1"": 89, ""2"": 64, ""3"": 82, ""4"": 90}",False,24.0,-35.0,0.0,10.0,0.0,0.0,119.0,52.375,125.125,21.0,19.0,21.75,39.0,24.375,418.0,149.125,8.0,13.0,49.0,1.0,1.0,2.0,5.0,4.0,0.0,0.0,0.0,32.0,32.0,0.3975,0.38095238095238093,0.0128,0.0128,0.0975,0.4431818181818182,0.5568181818181818,0.6,1.0,1.0,0.4916666666666667,0.5964912280701754,0.0
20260629_225103_bc53ce62,20260629_225103_bc53ce62_g0044,44,1658448164,3,32,32,32,1,2,BLUE,pool_heuristic,1,4.0,[4],0,64,4,"{""1"": 89, ""2"": 64, ""3"": 82, ""4"": 90}",False,21.0,-41.0,4.0,7.0,0.0,0.0,185.0,71.0,204.5,19.0,19.0,34.5,92.0,40.0,352.0,225.5,8.0,13.0,48.0,1.0,1.0,2.0,6.0,3.0,1.0,1.0,1.0,32.0,32.0,0.3975,0.38095238095238093,0.0128,0.0128,0.1,0.45454545454545453,0.5454545454545454,0.525,1.0,1.0,0.5166666666666667,0.4631578947368421,0.0
20260629_225103_bc53ce62,20260629_225103_bc53ce62_g0044,44,1658448164,3,32,32,32,1,3,YELLOW,pool_l45_100ms,2,4.0,[4],0,82,3,"{""1"": 89, ""2"": 64, ""3"": 82, ""4"": 90}",False,15.0,-53.0,5.0,6.0,0.0,0.0,67.0,31.0,65.25,15.0,10.0,14.25,21.0,5.0,470.0,80.25,8.0,13.0,48.0,1.0,1.0,2.0,6.0,3.0,0.0,0.0,0.0,32.0,32.0,0.3975,0.38095238095238093,0.0128,0.0128,0.1,0.45454545454545453,0.5454545454545454,0.375,1.0,1.0,0.5666666666666667,0.3907894736842106,0.0
20260629_225103_bc53ce62,20260629_225103_bc53ce62_g0044,44,1658448164,3,32,32,32,1,4,GREEN,pool_peer_500ms,3,4.0,[4],1,90,1,"{""1"": 89, ""2"": 64, ""3"": 82, ""4"": 90}",False,23.0,-37.0,1.0,20.0,0.0,0.0,166.0,62.5,175.5,17.0,18.0,31.5,84.0,25.0,371.0,198.5,8.0,13.0,48.0,1.0,1.0,2.0,6.0,3.0,1.0,0.0,0.0,32.0,32.0,0.3975,0.38095238095238093,0.0128,0.0128,0.1,0.45454545454545453,0.5454545454545454,0.575,1.0,1.0,0.5,0.5894736842105264,0.0
20260629_225103_bc53ce62,20260629_225103_bc53ce62_g0044,44,1658448164,4,40,40,40,1,1,RED,champ_v3,0,4.0,[4],0,89,2,"{""1"": 89, ""2"": 64, ""3"": 82, ""4"": 90}",False,28.0,-32.0,0.0,23.0,14.0,0.035,81.0,43.875,85.375,23.0,17.0,19.5,14.0,11.875,196.0,113.375,10.0,11.0,41.0,1.0,1.0,2.0,3.0,4.0,0.0,0.0,0.0,40.0,40.0,0.485,0.47619047619047616,0.016,0.016,0.1175,0.5340909090909091,0.4659090909090909,0.7,1.0,1.0,0.5,0.5655095184770437,0.0
20260629_225103_bc53ce62,20260629_225103_bc53ce62_g0044,44,1658448164,4,40,40,40,1,2,BLUE,pool_heuristic,1,4.0,[4],0,64,4,"{""1"": 89, ""2"": 64, ""3"": 82, ""4"": 90}",False,20.0,-48.0,4.0,10.0,14.0,0.035,48.0,27.875,50.0,16.0,10.0,10.5,13.5,0.0,229.0,70.0,10.0,11.0,39.0,1.0,1.0,2.0,5.0,2.0,1.0,0.0,1.0,40.0,40.0,0.485,0.47619047619047616,0.016,0.016,0.1225,0.5568181818181818,0.4431818181818182,0.5,1.0,1.0,0.5666666666666667,0.44897959183673475,0.0
20260629_225103_bc53ce62,20260629_225103_bc53ce62_g0044,44,1658448164,4,40,40,40,1,3,YELLOW,pool_l45_100ms,2,4.0,[4],0,82,3,"{""1"": 89, ""2"": 64, ""3"": 82, ""4"": 90}",False,13.0,-62.0,5.0,11.0,14.0,0.035,45.0,24.25,48.0,13.0,7.0,10.5,15.0,2.5,232.0,61.0,10.0,11.0,39.0,1.0,1.0,2.0,5.0,2.0,0.0,0.0,0.0,40.0,40.0,0.485,0.47619047619047616,0.016,0.016,0.1225,0.5568181818181818,0.4431818181818182,0.325,0.9,1.0,0.625,0.42320085929108486,0.0
20260629_225103_bc53ce62,20260629_225103_bc53ce62_g0044,44,1658448164,4,40,40,40,1,4,GREEN,pool_peer_500ms,3,4.0,[4],1,90,1,"{""1"": 89, ""2"": 64, ""3"": 82, ""4"": 90}",False,27.0,-34.0,1.0,34.0,14.0,0.035,103.0,44.5,108.25,17.0,14.0,22.5,41.0,13.75,174.0,135.25,10.0,11.0,39.0,1.0,1.0,2.0,5.0,2.0,0.0,0.0,0.0,40.0,40.0,0.485,0.47619047619047616,0.016,0.016,0.1225,0.5568181818181818,0.4431818181818182,0.675,1.0,1.0,0.5083333333333333,0.5950590762620838,0.0
20260629_225103_bc53ce62,20260629_225103_bc53ce62_g0044,44,1658448164,5,48,48,48,1,1,RED,champ_v3,0,4.0,[4],0,89,2,"{""1"": 89, ""2"": 64, ""3"": 82, ""4"": 90}",False,23.0,-33.0,0.0,27.0,40.0,0.1,31.0,23.25,32.5,17.0,8.0,4.5,3.0,0.0,90.0,55.5,12.0,9.0,33.0,1.0,1.0,1.0,3.0,3.0,0.0,0.0,0.0,48.0,48.0,0.5675,0.5714285714285714,0.0192,0.0192,0.1375,0.625,0.375,0.575,0.85,1.0,0.4666666666666667,0.5550239234449761,0.0
20260629_225103_bc53ce62,20260629_225103_bc53ce62_g0044,44,1658448164,5,48,48,48,1,2,BLUE,pool_heuristic,1,4.0,[4],0,64,4,"{""1"": 89, ""2"": 64, ""3"": 82, ""4"": 90}",False,16.0,-47.0,4.0,22.0,40.0,0.1,9.0,8.5,9.0,8.0,1.0,0.0,0.0,0.0,112.0,25.0,12.0,9.0,32.0,1.0,1.0,1.0,4.0,2.0,1.0,0.0,1.0,48.0,48.0,0.5675,0.5714285714285714,0.0192,0.0192,0.14,0.6363636363636364,0.36363636363636365,0.4,0.9333333333333333,1.0,0.525,0.4398496240601504,0.0
20260629_225103_bc53ce62,20260629_225103_bc53ce62_g0044,44,1658448164,5,48,48,48,1,3,YELLOW,pool_l45_100ms,2,4.0,[4],0,82,3,"{""1"": 89, ""2"": 64, ""3"": 82, ""4"": 90}",False,11.0,-57.0,5.0,17.0,40.0,0.1,20.0,14.125,20.0,11.0,2.0,4.5,2.5,0.0,101.0,31.0,12.0,9.0,30.0,1.0,1.0,2.0,4.0,1.0,0.0,0.0,0.0,48.0,48.0,0.5675,0.5714285714285714,0.0192,0.0192,0.145,0.6590909090909091,0.3409090909090909,0.275,0.6666666666666666,1.0,0.5666666666666667,0.42286751361161523,0.0
20260629_225103_bc53ce62,20260629_225103_bc53ce62_g0044,44,1658448164,5,48,48,48,1,4,GREEN,pool_peer_500ms,3,4.0,[4],1,90,1,"{""1"": 89, ""2"": 64, ""3"": 82, ""4"": 90}",False,29.0,-21.0,1.0,42.0,40.0,0.1,61.0,33.625,65.0,18.0,11.0,16.5,14.5,5.0,60.0,94.0,12.0,9.0,30.0,1.0,1.0,2.0,4.0,1.0,0.0,0.0,0.0,48.0,48.0,0.5675,0.5714285714285714,0.0192,0.0192,0.145,0.6590909090909091,0.3409090909090909,0.725,1.0,1.0,0.4166666666666667,0.5753176043557169,0.0
20260629_225103_bc53ce62,20260629_225103_bc53ce62_g0044,44,1658448164,6,56,56,56,1,1,RED,champ_v3,0,4.0,[4],0,89,2,"{""1"": 89, ""2"": 64, ""3"": 82, ""4"": 90}",False,21.0,-34.0,0.0,35.0,44.0,0.11,17.0,14.5,18.0,12.0,4.0,0.0,2.0,0.0,27.0,39.0,14.0,7.0,26.0,1.0,1.0,0.0,2.0,3.0,0.0,0.0,0.0,56.0,56.0,0.625,0.6666666666666666,0.0224,0.0224,0.155,0.7045454545454546,0.29545454545454547,0.525,0.7666666666666667,1.0,0.4583333333333333,0.5161290322580645,0.0
20260629_225103_bc53ce62,20260629_225103_bc53ce62_g0044,44,1658448164,6,56,56,56,1,2,BLUE,pool_heuristic,1,4.0,[4],0,64,4,"{""1"": 89, ""2"": 64, ""3"": 82, ""4"": 90}",False,15.0,-46.0,4.0,31.0,44.0,0.11,0.0,0.0,0.0,0.0,0.0,0.0,0.0,0.0,44.0,15.0,14.0,7.0,29.0,0.0,0.0,1.0,4.0,2.0,1.0,0.0,1.0,56.0,56.0,0.625,0.6666666666666666,0.0224,0.0224,0.1475,0.6704545454545454,0.32954545454545453,0.375,0.7,1.0,0.5083333333333333,0.43710972346119537,0.0
20260629_225103_bc53ce62,20260629_225103_bc53ce62_g0044,44,1658448164,6,56,56,56,1,3,YELLOW,pool_l45_100ms,2,4.0,[4],0,82,3,"{""1"": 89, ""2"": 64, ""3"": 82, ""4"": 90}",False,10.0,-56.0,3.0,23.0,44.0,0.11,2.0,0.75,1.75,0.0,1.0,0.75,0.0,0.0,42.0,11.75,14.0,7.0,25.0,0.0,1.0,2.0,3.0,1.0,0.0,0.0,0.0,56.0,56.0,0.625,0.6666666666666666,0.0224,0.0224,0.1575,0.7159090909090909,0.2840909090909091,0.25,0.5,1.0,0.55,0.41687552213868007,0.0
20260629_225103_bc53ce62,20260629_225103_bc53ce62_g0044,44,1658448164,6,56,56,56,1,4,GREEN,pool_peer_500ms,3,4.0,[4],1,90,1,"{""1"": 89, ""2"": 64, ""3"": 82, ""4"": 90}",False,30.0,-16.0,1.0,49.0,44.0,0.11,25.0,20.25,25.75,16.0,6.0,3.75,0.0,0.0,19.0,55.75,14.0,7.0,22.0,1.0,1.0,2.0,2.0,1.0,0.0,0.0,0.0,56.0,56.0,0.625,0.6666666666666666,0.0224,0.0224,0.165,0.75,0.25,0.75,1.0,1.0,0.38333333333333336,0.569377990430622,0.0
20260629_225103_bc53ce62,20260629_225103_bc53ce62_g0044,44,1658448164,7,64,64,67,4,1,RED,champ_v3,0,4.0,[4],0,89,2,"{""1"": 89, ""2"": 64, ""3"": 82, ""4"": 90}",False,18.0,-35.0,0.0,52.0,41.0,0.1025,1.0,0.125,0.625,0.0,0.0,0.0,0.0,0.625,2.0,18.625,17.0,4.0,19.0,0.0,0.0,0.0,1.0,3.0,0.0,0.0,0.0,64.0,67.0,0.6725,0.8095238095238095,0.0268,0.0256,0.1725,0.7840909090909091,0.2159090909090909,0.45,0.6666666666666666,1.0,0.4416666666666667,0.49427917620137307,0.0
20260629_225103_bc53ce62,20260629_225103_bc53ce62_g0044,44,1658448164,7,64,64,67,4,2,BLUE,pool_heuristic,1,4.0,[4],0,64,4,"{""1"": 89, ""2"": 64, ""3"": 82, ""4"": 90}",False,15.0,-41.0,4.0,33.0,41.0,0.1025,0.0,0.0,0.0,0.0,0.0,0.0,0.0,0.0,3.0,15.0,14.0,7.0,29.0,0.0,0.0,1.0,4.0,2.0,1.0,0.0,1.0,64.0,67.0,0.6725,0.6666666666666666,0.0268,0.0256,0.1475,0.6704545454545454,0.32954545454545453,0.375,0.5166666666666667,1.0,0.4666666666666667,0.43710972346119537,0.0
20260629_225103_bc53ce62,20260629_225103_bc53ce62_g0044,44,1658448164,7,64,64,67,4,3,YELLOW,pool_l45_100ms,2,4.0,[4],0,82,3,"{""1"": 89, ""2"": 64, ""3"": 82, ""4"": 90}",False,11.0,-49.0,0.0,32.0,41.0,0.1025,0.0,0.0,0.0,0.0,0.0,0.0,0.0,0.0,3.0,11.0,17.0,4.0,17.0,0.0,0.0,0.0,3.0,1.0,0.0,0.0,0.0,64.0,67.0,0.6725,0.8095238095238095,0.0268,0.0256,0.1775,0.8068181818181818,0.19318181818181818,0.275,0.5166666666666667,1.0,0.5,0.46404744255003705,0.0
20260629_225103_bc53ce62,20260629_225103_bc53ce62_g0044,44,1658448164,7,64,64,67,4,4,GREEN,pool_peer_500ms,3,4.0,[4],1,90,1,"{""1"": 89, ""2"": 64, ""3"": 82, ""4"": 90}",False,27.0,-17.0,1.0,56.0,41.0,0.1025,2.0,1.0,2.0,0.0,2.0,0.0,0.0,0.0,1.0,29.0,16.0,5.0,18.0,0.0,1.0,1.0,2.0,1.0,0.0,0.0,0.0,64.0,67.0,0.6725,0.7619047619047619,0.0268,0.0256,0.175,0.7954545454545454,0.20454545454545456,0.675,0.8333333333333334,1.0,0.36666666666666664,0.5586466165413533,0.0
20260629_225103_bc53ce62,20260629_225103_bc53ce62_g0045,45,2145260439,0,8,8,8,1,1,RED,pool_heuristic,0,3.0,[3],0,77,3,"{""1"": 77, ""2"": 77, ""3"": 118, ""4"": 101}",False,7.0,-16.0,9.0,0.0,3.0,0.0075,448.0,109.0,441.75,7.0,12.0,34.5,137.0,251.25,1413.0,448.75,2.0,19.0,78.0,1.0,1.0,2.0,6.0,9.0,1.0,1.0,1.0,8.0,8.0,0.1,0.09523809523809523,0.0032,0.0032,0.025,0.11363636363636363,0.8863636363636364,0.175,1.0,1.0,0.19166666666666668,0.25263157894736843,0.0
20260629_225103_bc53ce62,20260629_225103_bc53ce62_g0045,45,2145260439,0,8,8,8,1,2,BLUE,pool_l45_100ms,1,3.0,[3],0,77,3,"{""1"": 77, ""2"": 77, ""3"": 118, ""4"": 101}",False,5.0,-20.0,9.0,0.0,3.0,0.0075,327.0,76.25,309.5,5.0,8.0,24.0,95.0,177.5,1534.0,314.5,2.0,19.0,78.0,1.0,1.0,2.0,6.0,9.0,1.0,1.0,0.0,8.0,8.0,0.1,0.09523809523809523,0.0032,0.0032,0.025,0.11363636363636363,0.8863636363636364,0.125,1.0,1.0,0.20833333333333334,0.15263157894736834,0.0
20260629_225103_bc53ce62,20260629_225103_bc53ce62_g0045,45,2145260439,0,8,8,8,1,3,YELLOW,pool_peer_500ms,2,3.0,[3],1,118,1,"{""1"": 77, ""2"": 77, ""3"": 118, ""4"": 101}",False,9.0,-12.0,9.0,0.0,3.0,0.0075,543.0,122.625,488.75,9.0,15.0,41.25,153.5,270.0,1318.0,497.75,2.0,19.0,78.0,1.0,1.0,2.0,6.0,9.0,1.0,0.0,0.0,8.0,8.0,0.1,0.09523809523809523,0.0032,0.0032,0.025,0.11363636363636363,0.8863636363636364,0.225,1.0,1.0,0.175,0.23684210526315785,0.0
20260629_225103_bc53ce62,20260629_225103_bc53ce62_g0045,45,2145260439,0,8,8,8,1,4,GREEN,champ_v3,3,3.0,[3],0,101,2,"{""1"": 77, ""2"": 77, ""3"": 118, ""4"": 101}",False,9.0,-12.0,9.0,0.0,3.0,0.0075,543.0,122.625,488.75,9.0,15.0,41.25,153.5,270.0,1318.0,497.75,2.0,19.0,78.0,1.0,1.0,2.0,6.0,9.0,1.0,0.0,0.0,8.0,8.0,0.1,0.09523809523809523,0.0032,0.0032,0.025,0.11363636363636363,0.8863636363636364,0.225,1.0,1.0,0.175,0.23684210526315785,0.0
20260629_225103_bc53ce62,20260629_225103_bc53ce62_g0045,45,2145260439,1,16,16,16,1,1,RED,pool_heuristic,0,3.0,[3],0,77,3,"{""1"": 77, ""2"": 77, ""3"": 118, ""4"": 101}",False,13.0,-27.0,5.0,0.0,3.0,0.0075,638.0,166.125,646.25,13.0,22.0,61.5,233.5,316.25,2101.0,659.25,4.0,17.0,68.0,1.0,1.0,2.0,6.0,7.0,1.0,1.0,1.0,16.0,16.0,0.2,0.19047619047619047,0.0064,0.0064,0.05,0.22727272727272727,0.7727272727272727,0.325,1.0,1.0,0.33333333333333337,0.41315789473684206,0.0
20260629_225103_bc53ce62,20260629_225103_bc53ce62_g0045,45,2145260439,1,16,16,16,1,2,BLUE,pool_l45_100ms,1,3.0,[3],0,77,3,"{""1"": 77, ""2"": 77, ""3"": 118, ""4"": 101}",False,9.0,-35.0,6.0,0.0,3.0,0.0075,523.0,121.0,471.125,9.0,16.0,45.0,175.5,225.625,2216.0,480.125,4.0,17.0,68.0,1.0,1.0,2.0,6.0,7.0,1.0,0.0,0.0,16.0,16.0,0.2,0.19047619047619047,0.0064,0.0064,0.05,0.22727272727272727,0.7727272727272727,0.225,1.0,1.0,0.36666666666666664,0.3263157894736842,0.0
20260629_225103_bc53ce62,20260629_225103_bc53ce62_g0045,45,2145260439,1,16,16,16,1,3,YELLOW,pool_peer_500ms,2,3.0,[3],1,118,1,"{""1"": 77, ""2"": 77, ""3"": 118, ""4"": 101}",False,16.0,-21.0,0.0,3.0,3.0,0.0075,828.0,204.875,800.375,15.0,27.0,76.5,290.0,391.875,1911.0,816.375,4.0,17.0,68.0,1.0,1.0,2.0,6.0,7.0,1.0,0.0,0.0,16.0,16.0,0.2,0.19047619047619047,0.0064,0.0064,0.05,0.22727272727272727,0.7727272727272727,0.4,1.0,1.0,0.30833333333333335,0.49473684210526314,0.0
20260629_225103_bc53ce62,20260629_225103_bc53ce62_g0045,45,2145260439,1,16,16,16,1,4,GREEN,champ_v3,3,3.0,[3],0,101,2,"{""1"": 77, ""2"": 77, ""3"": 118, ""4"": 101}",False,15.0,-23.0,1.0,3.0,3.0,0.0075,750.0,187.625,726.125,15.0,26.0,70.5,264.0,350.625,1989.0,741.125,4.0,17.0,68.0,1.0,1.0,2.0,6.0,7.0,1.0,0.0,0.0,16.0,16.0,0.2,0.19047619047619047,0.0064,0.0064,0.05,0.22727272727272727,0.7727272727272727,0.375,1.0,1.0,0.31666666666666665,0.4894736842105264,0.0
20260629_225103_bc53ce62,20260629_225103_bc53ce62_g0045,45,2145260439,2,24,24,24,1,1,RED,pool_heuristic,0,3.0,[3],0,77,3,"{""1"": 77, ""2"": 77, ""3"": 118, ""4"": 101}",False,17.0,-36.0,1.0,6.0,5.0,0.0125,338.0,103.125,354.875,15.0,20.0,48.75,153.0,118.125,1453.0,371.875,6.0,15.0,58.0,1.0,1.0,2.0,6.0,5.0,0.0,1.0,1.0,24.0,24.0,0.3,0.2857142857142857,0.0096,0.0096,0.075,0.3409090909090909,0.6590909090909091,0.425,1.0,1.0,0.4416666666666667,0.531578947368421,0.0
20260629_225103_bc53ce62,20260629_225103_bc53ce62_g0045,45,2145260439,2,24,24,24,1,2,BLUE,pool_l45_100ms,1,3.0,[3],0,77,3,"{""1"": 77, ""2"": 77, ""3"": 118, ""4"": 101}",False,13.0,-44.0,6.0,0.0,5.0,0.0125,338.0,88.875,304.625,13.0,18.0,40.5,135.0,98.125,1453.0,317.625,6.0,15.0,58.0,1.0,1.0,2.0,6.0,5.0,0.0,0.0,0.0,24.0,24.0,0.3,0.2857142857142857,0.0096,0.0096,0.075,0.3409090909090909,0.6590909090909091,0.325,1.0,1.0,0.475,0.38596491228070173,0.0
20260629_225103_bc53ce62,20260629_225103_bc53ce62_g0045,45,2145260439,2,24,24,24,1,3,YELLOW,pool_peer_500ms,2,3.0,[3],1,118,1,"{""1"": 77, ""2"": 77, ""3"": 118, ""4"": 101}",False,19.0,-32.0,0.0,13.0,5.0,0.0125,634.0,162.75,591.375,18.0,26.0,70.5,257.5,219.375,1157.0,610.375,6.0,15.0,58.0,1.0,1.0,2.0,6.0,5.0,0.0,0.0,0.0,24.0,24.0,0.3,0.2857142857142857,0.0096,0.0096,0.075,0.3409090909090909,0.6590909090909091,0.475,1.0,1.0,0.425,0.5982456140350877,0.0
20260629_225103_bc53ce62,20260629_225103_bc53ce62_g0045,45,2145260439,2,24,24,24,1,4,GREEN,champ_v3,3,3.0,[3],0,101,2,"{""1"": 77, ""2"": 77, ""3"": 118, ""4"": 101}",False,21.0,-28.0,0.0,14.0,5.0,0.0125,481.0,134.875,472.25,18.0,25.0,60.0,210.5,158.75,1310.0,493.25,6.0,15.0,58.0,1.0,1.0,2.0,6.0,5.0,1.0,0.0,0.0,24.0,24.0,0.3,0.2857142857142857,0.0096,0.0096,0.075,0.3409090909090909,0.6590909090909091,0.525,1.0,1.0,0.4083333333333333,0.5929824561403509,0.0
20260629_225103_bc53ce62,20260629_225103_bc53ce62_g0045,45,2145260439,3,32,32,32,1,1,RED,pool_heuristic,0,3.0,[3],0,77,3,"{""1"": 77, ""2"": 77, ""3"": 118, ""4"": 101}",False,18.0,-46.0,1.0,10.0,7.0,0.0175,203.0,67.625,203.25,15.0,18.0,33.75,101.5,35.0,675.0,221.25,8.0,13.0,48.0,1.0,1.0,2.0,6.0,3.0,0.0,1.0,0.0,32.0,32.0,0.3975,0.38095238095238093,0.0128,0.0128,0.1,0.45454545454545453,0.5454545454545454,0.45,1.0,1.0,0.5333333333333333,0.531578947368421,0.0
20260629_225103_bc53ce62,20260629_225103_bc53ce62_g0045,45,2145260439,3,32,32,32,1,2,BLUE,pool_l45_100ms,1,3.0,[3],0,77,3,"{""1"": 77, ""2"": 77, ""3"": 118, ""4"": 101}",False,15.0,-52.0,3.0,9.0,7.0,0.0175,145.0,53.25,146.875,14.0,16.0,31.5,73.5,11.875,733.0,161.875,8.0,13.0,48.0,1.0,1.0,2.0,6.0,3.0,0.0,0.0,0.0,32.0,32.0,0.3975,0.38095238095238093,0.0128,0.0128,0.1,0.45454545454545453,0.5454545454545454,0.375,1.0,1.0,0.5583333333333333,0.43157894736842106,0.0
20260629_225103_bc53ce62,20260629_225103_bc53ce62_g0045,45,2145260439,3,32,32,32,1,3,YELLOW,pool_peer_500ms,2,3.0,[3],1,118,1,"{""1"": 77, ""2"": 77, ""3"": 118, ""4"": 101}",False,22.0,-38.0,0.0,18.0,7.0,0.0175,259.0,83.625,256.25,18.0,19.0,42.75,131.5,45.0,619.0,278.25,8.0,13.0,48.0,1.0,1.0,2.0,6.0,3.0,0.0,0.0,0.0,32.0,32.0,0.3975,0.38095238095238093,0.0128,0.0128,0.1,0.45454545454545453,0.5454545454545454,0.55,1.0,1.0,0.5,0.5960526315789474,0.0
20260629_225103_bc53ce62,20260629_225103_bc53ce62_g0045,45,2145260439,3,32,32,32,1,4,GREEN,champ_v3,3,3.0,[3],0,101,2,"{""1"": 77, ""2"": 77, ""3"": 118, ""4"": 101}",False,27.0,-28.0,0.0,26.0,7.0,0.0175,271.0,88.75,269.0,21.0,23.0,45.0,105.0,75.0,607.0,296.0,8.0,13.0,49.0,1.0,1.0,2.0,5.0,4.0,0.0,0.0,0.0,32.0,32.0,0.3975,0.38095238095238093,0.0128,0.0128,0.0975,0.4431818181818182,0.5568181818181818,0.675,1.0,1.0,0.4583333333333333,0.5991902834008098,0.0
20260629_225103_bc53ce62,20260629_225103_bc53ce62_g0045,45,2145260439,4,40,40,40,1,1,RED,pool_heuristic,0,3.0,[3],0,77,3,"{""1"": 77, ""2"": 77, ""3"": 118, ""4"": 101}",False,17.0,-54.0,1.0,14.0,11.0,0.0275,58.0,28.875,61.5,13.0,11.0,12.75,23.5,1.25,266.0,78.5,10.0,11.0,38.0,1.0,1.0,2.0,6.0,1.0,0.0,0.0,0.0,40.0,40.0,0.495,0.47619047619047616,0.016,0.016,0.125,0.5681818181818182,0.4318181818181818,0.425,0.9,1.0,0.5916666666666667,0.5,0.0
20260629_225103_bc53ce62,20260629_225103_bc53ce62_g0045,45,2145260439,4,40,40,40,1,2,BLUE,pool_l45_100ms,1,3.0,[3],0,77,3,"{""1"": 77, ""2"": 77, ""3"": 118, ""4"": 101}",False,16.0,-56.0,3.0,16.0,11.0,0.0275,68.0,30.75,71.25,12.0,11.0,14.25,34.0,0.0,256.0,87.25,10.0,11.0,38.0,1.0,1.0,2.0,6.0,1.0,0.0,0.0,0.0,40.0,40.0,0.495,0.47619047619047616,0.016,0.016,0.125,0.5681818181818182,0.4318181818181818,0.4,1.0,1.0,0.6,0.41368421052631577,0.0
20260629_225103_bc53ce62,20260629_225103_bc53ce62_g0045,45,2145260439,4,40,40,40,1,3,YELLOW,pool_peer_500ms,2,3.0,[3],1,118,1,"{""1"": 77, ""2"": 77, ""3"": 118, ""4"": 101}",False,23.0,-42.0,0.0,25.0,11.0,0.0275,110.0,48.25,115.25,19.0,14.0,24.75,50.0,7.5,214.0,138.25,10.0,11.0,39.0,1.0,1.0,2.0,5.0,2.0,0.0,0.0,0.0,40.0,40.0,0.495,0.47619047619047616,0.016,0.016,0.1225,0.5568181818181818,0.4431818181818182,0.575,1.0,1.0,0.5416666666666667,0.6186895810955961,0.0
20260629_225103_bc53ce62,20260629_225103_bc53ce62_g0045,45,2145260439,4,40,40,40,1,4,GREEN,champ_v3,3,3.0,[3],0,101,2,"{""1"": 77, ""2"": 77, ""3"": 118, ""4"": 101}",False,32.0,-24.0,0.0,30.0,11.0,0.0275,88.0,45.5,92.0,23.0,17.0,17.25,26.0,8.75,236.0,124.0,10.0,11.0,39.0,1.0,1.0,2.0,5.0,2.0,0.0,0.0,0.0,40.0,40.0,0.495,0.47619047619047616,0.016,0.016,0.1225,0.5568181818181818,0.4431818181818182,0.8,1.0,1.0,0.4666666666666667,0.5628356605800215,0.0
20260629_225103_bc53ce62,20260629_225103_bc53ce62_g0045,45,2145260439,5,48,48,48,1,1,RED,pool_heuristic,0,3.0,[3],0,77,3,"{""1"": 77, ""2"": 77, ""3"": 118, ""4"": 101}",False,17.0,-51.0,1.0,22.0,20.0,0.05,22.0,16.125,21.5,12.0,6.0,3.0,0.5,0.0,129.0,38.5,12.0,9.0,30.0,1.0,1.0,2.0,4.0,1.0,0.0,0.0,0.0,48.0,48.0,0.58,0.5714285714285714,0.0192,0.0192,0.145,0.6590909090909091,0.3409090909090909,0.425,0.9166666666666666,1.0,0.5666666666666667,0.4627949183303085,0.0
20260629_225103_bc53ce62,20260629_225103_bc53ce62_g0045,45,2145260439,5,48,48,48,1,2,BLUE,pool_l45_100ms,1,3.0,[3],0,77,3,"{""1"": 77, ""2"": 77, ""3"": 118, ""4"": 101}",False,15.0,-55.0,3.0,21.0,20.0,0.05,50.0,25.375,55.25,11.0,9.0,12.75,22.5,0.0,101.0,70.25,12.0,9.0,30.0,1.0,1.0,2.0,4.0,1.0,0.0,0.0,0.0,48.0,48.0,0.58,0.5714285714285714,0.0192,0.0192,0.145,0.6590909090909091,0.3409090909090909,0.375,1.0,1.0,0.5833333333333333,0.4001814882032668,0.0
20260629_225103_bc53ce62,20260629_225103_bc53ce62_g0045,45,2145260439,5,48,48,48,1,3,YELLOW,pool_peer_500ms,2,3.0,[3],1,118,1,"{""1"": 77, ""2"": 77, ""3"": 118, ""4"": 101}",False,24.0,-37.0,0.0,34.0,20.0,0.05,50.0,30.375,50.75,19.0,10.0,12.0,8.5,1.25,101.0,74.75,12.0,9.0,30.0,1.0,1.0,2.0,4.0,1.0,0.0,0.0,0.0,48.0,48.0,0.58,0.5714285714285714,0.0192,0.0192,0.145,0.6590909090909091,0.3409090909090909,0.6,1.0,1.0,0.5083333333333333,0.5970961887477314,0.0
20260629_225103_bc53ce62,20260629_225103_bc53ce62_g0045,45,2145260439,5,48,48,48,1,4,GREEN,champ_v3,3,3.0,[3],0,101,2,"{""1"": 77, ""2"": 77, ""3"": 118, ""4"": 101}",False,29.0,-27.0,0.0,44.0,20.0,0.05,29.0,22.25,28.25,17.0,9.0,2.25,0.0,0.0,122.0,57.25,12.0,9.0,30.0,1.0,1.0,2.0,4.0,1.0,0.0,0.0,0.0,48.0,48.0,0.58,0.5714285714285714,0.0192,0.0192,0.145,0.6590909090909091,0.3409090909090909,0.725,1.0,1.0,0.4666666666666667,0.5499092558983667,0.0
20260629_225103_bc53ce62,20260629_225103_bc53ce62_g0045,45,2145260439,6,56,56,56,1,1,RED,pool_heuristic,0,3.0,[3],0,77,3,"{""1"": 77, ""2"": 77, ""3"": 118, ""4"": 101}",False,13.0,-60.0,1.0,37.0,20.0,0.05,12.0,10.5,12.0,9.0,3.0,0.0,0.0,0.0,78.0,25.0,14.0,7.0,23.0,1.0,1.0,1.0,3.0,1.0,0.0,0.0,0.0,56.0,56.0,0.65,0.6666666666666666,0.0224,0.0224,0.1625,0.7386363636363636,0.26136363636363635,0.325,0.5833333333333334,1.0,0.6083333333333333,0.4631578947368421,0.0
20260629_225103_bc53ce62,20260629_225103_bc53ce62_g0045,45,2145260439,6,56,56,56,1,2,BLUE,pool_l45_100ms,1,3.0,[3],0,77,3,"{""1"": 77, ""2"": 77, ""3"": 118, ""4"": 101}",False,17.0,-52.0,3.0,36.0,20.0,0.05,17.0,13.5,16.5,11.0,4.0,1.5,0.0,0.0,73.0,33.5,14.0,7.0,22.0,1.0,1.0,2.0,2.0,1.0,0.0,0.0,0.0,56.0,56.0,0.65,0.6666666666666666,0.0224,0.0224,0.165,0.75,0.25,0.425,0.5666666666666667,1.0,0.575,0.39473684210526316,0.0
20260629_225103_bc53ce62,20260629_225103_bc53ce62_g0045,45,2145260439,6,56,56,56,1,3,YELLOW,pool_peer_500ms,2,3.0,[3],1,118,1,"{""1"": 77, ""2"": 77, ""3"": 118, ""4"": 101}",False,25.0,-36.0,0.0,44.0,20.0,0.05,38.0,27.25,43.75,18.0,10.0,4.5,10.0,1.25,52.0,68.75,14.0,7.0,23.0,1.0,1.0,1.0,3.0,1.0,0.0,0.0,0.0,56.0,56.0,0.65,0.6666666666666666,0.0224,0.0224,0.1625,0.7386363636363636,0.26136363636363635,0.625,1.0,1.0,0.5083333333333333,0.594331983805668,0.0
20260629_225103_bc53ce62,20260629_225103_bc53ce62_g0045,45,2145260439,6,56,56,56,1,4,GREEN,champ_v3,3,3.0,[3],0,101,2,"{""1"": 77, ""2"": 77, ""3"": 118, ""4"": 101}",False,31.0,-24.0,0.0,52.0,20.0,0.05,23.0,18.5,21.875,17.0,0.0,3.75,0.5,0.625,67.0,52.875,14.0,7.0,24.0,1.0,0.0,2.0,3.0,1.0,0.0,0.0,0.0,56.0,56.0,0.65,0.6666666666666666,0.0224,0.0224,0.16,0.7272727272727273,0.2727272727272727,0.775,0.9833333333333333,1.0,0.4583333333333333,0.5271381578947368,0.0
20260629_225103_bc53ce62,20260629_225103_bc53ce62_g0045,45,2145260439,7,64,64,64,1,1,RED,pool_heuristic,0,3.0,[3],0,77,3,"{""1"": 77, ""2"": 77, ""3"": 118, ""4"": 101}",False,12.0,-58.0,1.0,45.0,26.0,0.065,0.0,0.0,0.0,0.0,0.0,0.0,0.0,0.0,44.0,12.0,16.0,5.0,20.0,0.0,0.0,1.0,3.0,1.0,0.0,0.0,0.0,64.0,64.0,0.7075,0.7619047619047619,0.0256,0.0256,0.17,0.7727272727272727,0.22727272727272727,0.3,0.26666666666666666,1.0,0.5833333333333333,0.45123839009287925,0.0
20260629_225103_bc53ce62,20260629_225103_bc53ce62_g0045,45,2145260439,7,64,64,64,1,2,BLUE,pool_l45_100ms,1,3.0,[3],0,77,3,"{""1"": 77, ""2"": 77, ""3"": 118, ""4"": 101}",False,17.0,-48.0,3.0,42.0,26.0,0.065,11.0,11.0,11.0,11.0,0.0,0.0,0.0,0.0,33.0,28.0,16.0,5.0,17.0,1.0,0.0,1.0,2.0,1.0,0.0,0.0,0.0,64.0,64.0,0.7075,0.7619047619047619,0.0256,0.0256,0.1775,0.8068181818181818,0.19318181818181818,0.425,0.45,1.0,0.5416666666666667,0.39288361749444034,0.0
20260629_225103_bc53ce62,20260629_225103_bc53ce62_g0045,45,2145260439,7,64,64,64,1,3,YELLOW,pool_peer_500ms,2,3.0,[3],1,118,1,"{""1"": 77, ""2"": 77, ""3"": 118, ""4"": 101}",False,24.0,-34.0,0.0,55.0,26.0,0.065,27.0,21.0,28.0,16.0,7.0,3.0,2.0,0.0,17.0,52.0,16.0,5.0,14.0,1.0,1.0,1.0,2.0,0.0,0.0,0.0,0.0,64.0,64.0,0.7075,0.7619047619047619,0.0256,0.0256,0.185,0.8409090909090909,0.1590909090909091,0.6,0.7833333333333333,0.8,0.4833333333333333,0.569701280227596,0.0
20260629_225103_bc53ce62,20260629_225103_bc53ce62_g0045,45,2145260439,7,64,64,64,1,4,GREEN,champ_v3,3,3.0,[3],0,101,2,"{""1"": 77, ""2"": 77, ""3"": 118, ""4"": 101}",False,29.0,-24.0,0.0,62.0,26.0,0.065,6.0,1.625,5.0,0.0,0.0,4.5,0.5,0.0,38.0,34.0,16.0,5.0,18.0,0.0,0.0,2.0,3.0,0.0,0.0,0.0,0.0,64.0,64.0,0.7075,0.7619047619047619,0.0256,0.0256,0.175,0.7954545454545454,0.20454545454545456,0.725,0.7833333333333333,0.8,0.4416666666666667,0.5278195488721804,0.0
20260629_225103_bc53ce62,20260629_225103_bc53ce62_g0046,46,559922517,0,8,8,8,1,1,RED,pool_l45_100ms,0,3.0,[3],0,80,2,"{""1"": 80, ""2"": 80, ""3"": 105, ""4"": 66}",False,6.0,-19.0,9.0,0.0,1.0,0.0025,388.0,90.5,366.25,6.0,10.0,28.5,113.0,208.75,1513.0,372.25,2.0,19.0,78.0,1.0,1.0,2.0,6.0,9.0,1.0,1.0,0.0,8.0,8.0,0.1,0.09523809523809523,0.0032,0.0032,0.025,0.11363636363636363,0.8863636363636364,0.15,1.0,1.0,0.20833333333333334,0.20526315789473681,0.0
20260629_225103_bc53ce62,20260629_225103_bc53ce62_g0046,46,559922517,0,8,8,8,1,2,BLUE,pool_peer_500ms,1,3.0,[3],0,80,2,"{""1"": 80, ""2"": 80, ""3"": 105, ""4"": 66}",False,9.0,-13.0,9.0,0.0,1.0,0.0025,543.0,122.625,488.75,9.0,15.0,41.25,153.5,270.0,1358.0,497.75,2.0,19.0,78.0,1.0,1.0,2.0,6.0,9.0,1.0,0.0,0.0,8.0,8.0,0.1,0.09523809523809523,0.0032,0.0032,0.025,0.11363636363636363,0.8863636363636364,0.225,1.0,1.0,0.18333333333333332,0.23684210526315785,0.0
20260629_225103_bc53ce62,20260629_225103_bc53ce62_g0046,46,559922517,0,8,8,8,1,3,YELLOW,champ_v3,2,3.0,[3],1,105,1,"{""1"": 80, ""2"": 80, ""3"": 105, ""4"": 66}",False,9.0,-13.0,9.0,0.0,1.0,0.0025,543.0,122.625,488.75,9.0,15.0,41.25,153.5,270.0,1358.0,497.75,2.0,19.0,78.0,1.0,1.0,2.0,6.0,9.0,1.0,0.0,0.0,8.0,8.0,0.1,0.09523809523809523,0.0032,0.0032,0.025,0.11363636363636363,0.8863636363636364,0.225,1.0,1.0,0.18333333333333332,0.23684210526315785,0.0
20260629_225103_bc53ce62,20260629_225103_bc53ce62_g0046,46,559922517,0,8,8,8,1,4,GREEN,pool_heuristic,3,3.0,[3],0,66,3,"{""1"": 80, ""2"": 80, ""3"": 105, ""4"": 66}",False,7.0,-17.0,9.0,0.0,1.0,0.0025,427.0,109.375,443.625,7.0,12.0,34.5,137.0,253.125,1474.0,450.625,2.0,19.0,78.0,1.0,1.0,2.0,6.0,9.0,1.0,1.0,1.0,8.0,8.0,0.1,0.09523809523809523,0.0032,0.0032,0.025,0.11363636363636363,0.8863636363636364,0.175,1.0,1.0,0.2,0.25263157894736843,0.0
20260629_225103_bc53ce62,20260629_225103_bc53ce62_g0046,46,559922517,1,16,16,16,1,1,RED,pool_l45_100ms,0,3.0,[3],0,80,2,"{""1"": 80, ""2"": 80, ""3"": 105, ""4"": 66}",False,10.0,-35.0,7.0,0.0,1.0,0.0025,491.0,115.5,441.0,10.0,17.0,43.5,168.0,202.5,1895.0,451.0,4.0,17.0,68.0,1.0,1.0,2.0,6.0,7.0,1.0,0.0,0.0,16.0,16.0,0.2,0.19047619047619047,0.0064,0.0064,0.05,0.22727272727272727,0.7727272727272727,0.25,1.0,1.0,0.375,0.3236842105263158,0.0
20260629_225103_bc53ce62,20260629_225103_bc53ce62_g0046,46,559922517,1,16,16,16,1,2,BLUE,pool_peer_500ms,1,3.0,[3],0,80,2,"{""1"": 80, ""2"": 80, ""3"": 105, ""4"": 66}",False,16.0,-23.0,0.0,2.0,1.0,0.0025,721.0,179.875,699.375,14.0,24.0,67.5,252.0,341.875,1665.0,715.375,4.0,17.0,68.0,1.0,1.0,2.0,6.0,7.0,1.0,0.0,0.0,16.0,16.0,0.2,0.19047619047619047,0.0064,0.0064,0.05,0.22727272727272727,0.7727272727272727,0.4,1.0,1.0,0.325,0.49473684210526314,0.0
20260629_225103_bc53ce62,20260629_225103_bc53ce62_g0046,46,559922517,1,16,16,16,1,3,YELLOW,champ_v3,2,3.0,[3],1,105,1,"{""1"": 80, ""2"": 80, ""3"": 105, ""4"": 66}",False,15.0,-25.0,1.0,2.0,1.0,0.0025,711.0,179.75,689.875,15.0,26.0,69.75,253.5,325.625,1675.0,704.875,4.0,17.0,68.0,1.0,1.0,2.0,6.0,7.0,1.0,0.0,0.0,16.0,16.0,0.2,0.19047619047619047,0.0064,0.0064,0.05,0.22727272727272727,0.7727272727272727,0.375,1.0,1.0,0.33333333333333337,0.4894736842105264,0.0
20260629_225103_bc53ce62,20260629_225103_bc53ce62_g0046,46,559922517,1,16,16,16,1,4,GREEN,pool_heuristic,3,3.0,[3],0,66,3,"{""1"": 80, ""2"": 80, ""3"": 105, ""4"": 66}",False,14.0,-27.0,3.0,0.0,1.0,0.0025,463.0,138.5,522.375,14.0,21.0,51.0,194.5,241.875,1923.0,536.375,4.0,17.0,68.0,1.0,1.0,2.0,6.0,7.0,1.0,1.0,1.0,16.0,16.0,0.2,0.19047619047619047,0.0064,0.0064,0.05,0.22727272727272727,0.7727272727272727,0.35,1.0,1.0,0.3416666666666667,0.46842105263157896,0.0
20260629_225103_bc53ce62,20260629_225103_bc53ce62_g0046,46,559922517,2,24,24,24,1,1,RED,pool_l45_100ms,0,3.0,[3],0,80,2,"{""1"": 80, ""2"": 80, ""3"": 105, ""4"": 66}",False,14.0,-46.0,6.0,2.0,8.0,0.02,274.0,76.5,251.875,13.0,18.0,36.0,110.5,74.375,1347.0,265.875,6.0,15.0,58.0,1.0,1.0,2.0,6.0,5.0,0.0,0.0,0.0,24.0,24.0,0.295,0.2857142857142857,0.0096,0.0096,0.075,0.3409090909090909,0.6590909090909091,0.35,1.0,1.0,0.5,0.4017543859649123,0.0
20260629_225103_bc53ce62,20260629_225103_bc53ce62_g0046,46,559922517,2,24,24,24,1,2,BLUE,pool_peer_500ms,1,3.0,[3],0,80,2,"{""1"": 80, ""2"": 80, ""3"": 105, ""4"": 66}",False,21.0,-32.0,0.0,10.0,8.0,0.02,466.0,132.25,466.25,18.0,26.0,62.25,170.0,190.0,1155.0,487.25,6.0,15.0,59.0,1.0,1.0,2.0,5.0,6.0,1.0,0.0,0.0,24.0,24.0,0.295,0.2857142857142857,0.0096,0.0096,0.0725,0.32954545454545453,0.6704545454545454,0.525,1.0,1.0,0.4416666666666667,0.5535390199637024,0.0
20260629_225103_bc53ce62,20260629_225103_bc53ce62_g0046,46,559922517,2,24,24,24,1,3,YELLOW,champ_v3,2,3.0,[3],1,105,1,"{""1"": 80, ""2"": 80, ""3"": 105, ""4"": 66}",False,20.0,-34.0,0.0,12.0,8.0,0.02,491.0,139.375,490.625,19.0,29.0,62.25,181.0,199.375,1130.0,510.625,6.0,15.0,59.0,1.0,1.0,2.0,5.0,6.0,1.0,0.0,0.0,24.0,24.0,0.295,0.2857142857142857,0.0096,0.0096,0.0725,0.32954545454545453,0.6704545454545454,0.5,1.0,1.0,0.45,0.588021778584392,0.0
20260629_225103_bc53ce62,20260629_225103_bc53ce62_g0046,46,559922517,2,24,24,24,1,4,GREEN,pool_heuristic,3,3.0,[3],0,66,3,"{""1"": 80, ""2"": 80, ""3"": 105, ""4"": 66}",False,19.0,-36.0,2.0,4.0,8.0,0.02,390.0,130.375,456.5,19.0,24.0,55.5,185.5,172.5,1231.0,475.5,6.0,15.0,58.0,1.0,1.0,2.0,6.0,5.0,0.0,1.0,1.0,24.0,24.0,0.295,0.2857142857142857,0.0096,0.0096,0.075,0.3409090909090909,0.6590909090909091,0.475,1.0,1.0,0.4583333333333333,0.5421052631578948,0.0
20260629_225103_bc53ce62,20260629_225103_bc53ce62_g0046,46,559922517,3,32,32,32,1,1,RED,pool_l45_100ms,0,3.0,[3],0,80,2,"{""1"": 80, ""2"": 80, ""3"": 105, ""4"": 66}",False,17.0,-45.0,4.0,10.0,4.0,0.01,125.0,45.125,121.125,13.0,15.0,24.75,54.0,14.375,714.0,138.125,8.0,13.0,48.0,1.0,1.0,2.0,6.0,3.0,0.0,0.0,0.0,32.0,32.0,0.395,0.38095238095238093,0.0128,0.0128,0.1,0.45454545454545453,0.5454545454545454,0.425,1.0,1.0,0.5166666666666667,0.4328947368421052,0.0
20260629_225103_bc53ce62,20260629_225103_bc53ce62_g0046,46,559922517,3,32,32,32,1,2,BLUE,pool_peer_500ms,1,3.0,[3],0,80,2,"{""1"": 80, ""2"": 80, ""3"": 105, ""4"": 66}",False,21.0,-37.0,0.0,18.0,4.0,0.01,285.0,89.125,285.25,17.0,21.0,48.75,113.5,85.0,554.0,306.25,8.0,13.0,49.0,1.0,1.0,2.0,5.0,4.0,1.0,0.0,0.0,32.0,32.0,0.395,0.38095238095238093,0.0128,0.0128,0.0975,0.4431818181818182,0.5568181818181818,0.525,1.0,1.0,0.4833333333333333,0.5789473684210527,0.0
20260629_225103_bc53ce62,20260629_225103_bc53ce62_g0046,46,559922517,3,32,32,32,1,3,YELLOW,champ_v3,2,3.0,[3],1,105,1,"{""1"": 80, ""2"": 80, ""3"": 105, ""4"": 66}",False,20.0,-39.0,0.0,23.0,4.0,0.01,271.0,90.25,281.75,18.0,24.0,48.0,118.0,73.75,568.0,301.75,8.0,13.0,49.0,1.0,1.0,2.0,5.0,4.0,0.0,0.0,0.0,32.0,32.0,0.395,0.38095238095238093,0.0128,0.0128,0.0975,0.4431818181818182,0.5568181818181818,0.5,1.0,1.0,0.4916666666666667,0.6248313090418354,0.0
20260629_225103_bc53ce62,20260629_225103_bc53ce62_g0046,46,559922517,3,32,32,32,1,4,GREEN,pool_heuristic,3,3.0,[3],0,66,3,"{""1"": 80, ""2"": 80, ""3"": 105, ""4"": 66}",False,21.0,-37.0,2.0,8.0,4.0,0.01,158.0,63.5,179.25,18.0,17.0,33.0,75.0,36.25,681.0,200.25,8.0,13.0,48.0,1.0,1.0,2.0,6.0,3.0,0.0,0.0,1.0,32.0,32.0,0.395,0.38095238095238093,0.0128,0.0128,0.1,0.45454545454545453,0.5454545454545454,0.525,1.0,1.0,0.4833333333333333,0.5289473684210526,0.0
20260629_225103_bc53ce62,20260629_225103_bc53ce62_g0046,46,559922517,4,40,40,40,1,1,RED,pool_l45_100ms,0,3.0,[3],0,80,2,"{""1"": 80, ""2"": 80, ""3"": 105, ""4"": 66}",False,15.0,-55.0,4.0,24.0,7.0,0.0175,50.0,22.5,49.5,9.0,9.0,13.5,18.0,0.0,418.0,64.5,10.0,11.0,38.0,1.0,1.0,2.0,6.0,1.0,0.0,0.0,0.0,40.0,40.0,0.4875,0.47619047619047616,0.016,0.016,0.125,0.5681818181818182,0.4318181818181818,0.375,0.85,1.0,0.5833333333333333,0.4347368421052632,0.0
20260629_225103_bc53ce62,20260629_225103_bc53ce62_g0046,46,559922517,4,40,40,40,1,2,BLUE,pool_peer_500ms,1,3.0,[3],0,80,2,"{""1"": 80, ""2"": 80, ""3"": 105, ""4"": 66}",False,23.0,-39.0,0.0,29.0,7.0,0.0175,130.0,54.0,148.5,18.0,14.0,28.5,38.0,50.0,338.0,171.5,10.0,11.0,41.0,1.0,1.0,2.0,3.0,4.0,1.0,0.0,0.0,40.0,40.0,0.4875,0.47619047619047616,0.016,0.016,0.1175,0.5340909090909091,0.4659090909090909,0.575,1.0,1.0,0.5166666666666667,0.5475923852183651,0.0
20260629_225103_bc53ce62,20260629_225103_bc53ce62_g0046,46,559922517,4,40,40,40,1,3,YELLOW,champ_v3,2,3.0,[3],1,105,1,"{""1"": 80, ""2"": 80, ""3"": 105, ""4"": 66}",False,25.0,-35.0,0.0,27.0,7.0,0.0175,185.0,72.0,196.75,21.0,23.0,41.25,69.0,42.5,283.0,221.75,10.0,11.0,40.0,1.0,1.0,2.0,4.0,3.0,0.0,0.0,0.0,40.0,40.0,0.4875,0.47619047619047616,0.016,0.016,0.12,0.5454545454545454,0.45454545454545453,0.625,1.0,1.0,0.5,0.5910087719298246,0.0
20260629_225103_bc53ce62,20260629_225103_bc53ce62_g0046,46,559922517,4,40,40,40,1,4,GREEN,pool_heuristic,3,3.0,[3],0,66,3,"{""1"": 80, ""2"": 80, ""3"": 105, ""4"": 66}",False,22.0,-41.0,2.0,16.0,7.0,0.0175,103.0,46.125,107.0,18.0,16.0,24.0,46.5,2.5,365.0,129.0,10.0,11.0,38.0,1.0,1.0,2.0,6.0,1.0,0.0,0.0,0.0,40.0,40.0,0.4875,0.47619047619047616,0.016,0.016,0.125,0.5681818181818182,0.4318181818181818,0.55,1.0,1.0,0.525,0.5084210526315789,0.0
20260629_225103_bc53ce62,20260629_225103_bc53ce62_g0046,46,559922517,5,48,48,48,1,1,RED,pool_l45_100ms,0,3.0,[3],0,80,2,"{""1"": 80, ""2"": 80, ""3"": 105, ""4"": 66}",False,13.0,-52.0,3.0,34.0,19.0,0.0475,38.0,16.5,36.25,7.0,6.0,9.75,11.0,2.5,185.0,49.25,12.0,9.0,30.0,1.0,1.0,2.0,4.0,1.0,0.0,0.0,0.0,48.0,48.0,0.575,0.5714285714285714,0.0192,0.0192,0.145,0.6590909090909091,0.3409090909090909,0.325,0.5666666666666667,1.0,0.5416666666666667,0.4401088929219601,0.0
20260629_225103_bc53ce62,20260629_225103_bc53ce62_g0046,46,559922517,5,48,48,48,1,2,BLUE,pool_peer_500ms,1,3.0,[3],0,80,2,"{""1"": 80, ""2"": 80, ""3"": 105, ""4"": 66}",False,24.0,-30.0,0.0,39.0,19.0,0.0475,70.0,35.625,74.625,18.0,12.0,16.5,10.0,18.125,153.0,98.625,12.0,9.0,32.0,1.0,1.0,2.0,2.0,3.0,1.0,0.0,0.0,48.0,48.0,0.575,0.5714285714285714,0.0192,0.0192,0.14,0.6363636363636364,0.36363636363636365,0.6,1.0,1.0,0.45,0.5554511278195489,0.0
20260629_225103_bc53ce62,20260629_225103_bc53ce62_g0046,46,559922517,5,48,48,48,1,3,YELLOW,champ_v3,2,3.0,[3],1,105,1,"{""1"": 80, ""2"": 80, ""3"": 105, ""4"": 66}",False,23.0,-32.0,0.0,39.0,19.0,0.0475,96.0,44.375,105.0,17.0,15.0,25.5,37.5,10.0,127.0,128.0,12.0,9.0,30.0,1.0,1.0,2.0,4.0,1.0,0.0,0.0,0.0,48.0,48.0,0.575,0.5714285714285714,0.0192,0.0192,0.145,0.6590909090909091,0.3409090909090909,0.575,1.0,1.0,0.4583333333333333,0.5834845735027223,0.0
20260629_225103_bc53ce62,20260629_225103_bc53ce62_g0046,46,559922517,5,48,48,48,1,4,GREEN,pool_heuristic,3,3.0,[3],0,66,3,"{""1"": 80, ""2"": 80, ""3"": 105, ""4"": 66}",False,18.0,-42.0,2.0,19.0,19.0,0.0475,19.0,16.0,19.5,13.0,5.0,1.5,0.0,0.0,204.0,37.5,12.0,9.0,30.0,1.0,1.0,2.0,4.0,1.0,0.0,0.0,0.0,48.0,48.0,0.575,0.5714285714285714,0.0192,0.0192,0.145,0.6590909090909091,0.3409090909090909,0.45,0.9,1.0,0.5,0.48094373865698725,0.0
20260629_225103_bc53ce62,20260629_225103_bc53ce62_g0046,46,559922517,6,56,56,56,1,1,RED,pool_l45_100ms,0,3.0,[3],0,80,2,"{""1"": 80, ""2"": 80, ""3"": 105, ""4"": 66}",False,11.0,-54.0,3.0,43.0,33.0,0.0825,16.0,9.75,18.0,5.0,4.0,6.0,3.0,0.0,67.0,29.0,14.0,7.0,21.0,1.0,1.0,2.0,3.0,0.0,0.0,0.0,0.0,56.0,56.0,0.6475,0.6666666666666666,0.0224,0.0224,0.1675,0.7613636363636364,0.23863636363636365,0.275,0.31666666666666665,0.8,0.5416666666666667,0.45483110761979584,0.0
20260629_225103_bc53ce62,20260629_225103_bc53ce62_g0046,46,559922517,6,56,56,56,1,2,BLUE,pool_peer_500ms,1,3.0,[3],0,80,2,"{""1"": 80, ""2"": 80, ""3"": 105, ""4"": 66}",False,24.0,-28.0,0.0,44.0,33.0,0.0825,29.0,23.5,32.0,17.0,11.0,0.0,4.0,0.0,54.0,56.0,14.0,7.0,24.0,1.0,1.0,1.0,2.0,2.0,1.0,0.0,0.0,56.0,56.0,0.6475,0.6666666666666666,0.0224,0.0224,0.16,0.7272727272727273,0.2727272727272727,0.6,0.9166666666666666,1.0,0.4333333333333333,0.5485197368421053,0.0
20260629_225103_bc53ce62,20260629_225103_bc53ce62_g0046,46,559922517,6,56,56,56,1,3,YELLOW,champ_v3,2,3.0,[3],1,105,1,"{""1"": 80, ""2"": 80, ""3"": 105, ""4"": 66}",False,23.0,-30.0,0.0,48.0,33.0,0.0825,38.0,22.375,36.5,14.0,8.0,9.0,5.5,0.0,45.0,59.5,14.0,7.0,21.0,1.0,1.0,2.0,3.0,0.0,0.0,0.0,0.0,56.0,56.0,0.6475,0.6666666666666666,0.0224,0.0224,0.1675,0.7613636363636364,0.23863636363636365,0.575,1.0,0.8,0.4416666666666667,0.5498821681068342,0.0
20260629_225103_bc53ce62,20260629_225103_bc53ce62_g0046,46,559922517,6,56,56,56,1,4,GREEN,pool_heuristic,3,3.0,[3],0,66,3,"{""1"": 80, ""2"": 80, ""3"": 105, ""4"": 66}",False,18.0,-40.0,2.0,33.0,33.0,0.0825,0.0,0.0,0.0,0.0,0.0,0.0,0.0,0.0,83.0,18.0,14.0,7.0,27.0,0.0,0.0,2.0,4.0,1.0,0.0,0.0,0.0,56.0,56.0,0.6475,0.6666666666666666,0.0224,0.0224,0.1525,0.6931818181818182,0.3068181818181818,0.45,0.6166666666666667,1.0,0.4833333333333333,0.4667817083692839,0.0
20260629_225103_bc53ce62,20260629_225103_bc53ce62_g0046,46,559922517,7,64,64,67,4,1,RED,pool_l45_100ms,0,3.0,[3],0,80,2,"{""1"": 80, ""2"": 80, ""3"": 105, ""4"": 66}",False,6.0,-56.0,3.0,52.0,41.0,0.1025,0.0,0.0,0.0,0.0,0.0,0.0,0.0,0.0,10.0,6.0,17.0,4.0,13.0,0.0,1.0,1.0,2.0,0.0,0.0,0.0,0.0,64.0,67.0,0.6975,0.8095238095238095,0.0268,0.0256,0.1875,0.8522727272727273,0.14772727272727273,0.15,0.03333333333333333,0.8,0.5166666666666667,0.43719298245614036,0.0
20260629_225103_bc53ce62,20260629_225103_bc53ce62_g0046,46,559922517,7,64,64,67,4,2,BLUE,pool_peer_500ms,1,3.0,[3],0,80,2,"{""1"": 80, ""2"": 80, ""3"": 105, ""4"": 66}",False,23.0,-22.0,0.0,54.0,41.0,0.1025,0.0,0.0,0.0,0.0,0.0,0.0,0.0,0.0,10.0,23.0,16.0,5.0,21.0,0.0,0.0,1.0,2.0,2.0,1.0,0.0,0.0,64.0,67.0,0.6975,0.7619047619047619,0.0268,0.0256,0.1675,0.7613636363636364,0.23863636363636365,0.575,0.7166666666666667,1.0,0.375,0.5396700706991359,0.0
20260629_225103_bc53ce62,20260629_225103_bc53ce62_g0046,46,559922517,7,64,64,67,4,3,YELLOW,champ_v3,2,3.0,[3],1,105,1,"{""1"": 80, ""2"": 80, ""3"": 105, ""4"": 66}",False,21.0,-26.0,0.0,54.0,41.0,0.1025,10.0,4.25,9.75,0.0,6.0,3.75,0.0,0.0,0.0,30.75,17.0,4.0,12.0,0.0,1.0,2.0,1.0,0.0,0.0,0.0,0.0,64.0,67.0,0.6975,0.8095238095238095,0.0268,0.0256,0.19,0.8636363636363636,0.13636363636363635,0.525,0.7833333333333333,0.8,0.39166666666666666,0.538781163434903,0.0
20260629_225103_bc53ce62,20260629_225103_bc53ce62_g0046,46,559922517,7,64,64,67,4,4,GREEN,pool_heuristic,3,3.0,[3],0,66,3,"{""1"": 80, ""2"": 80, ""3"": 105, ""4"": 66}",False,18.0,-32.0,2.0,33.0,41.0,0.1025,0.0,0.0,0.0,0.0,0.0,0.0,0.0,0.0,10.0,18.0,14.0,7.0,27.0,0.0,0.0,2.0,4.0,1.0,0.0,0.0,0.0,64.0,67.0,0.6975,0.6666666666666666,0.0268,0.0256,0.1525,0.6931818181818182,0.3068181818181818,0.45,0.6166666666666667,1.0,0.4166666666666667,0.4667817083692839,0.0
20260629_225103_bc53ce62,20260629_225103_bc53ce62_g0047,47,972105540,0,8,8,8,1,1,RED,pool_peer_500ms,0,,"[1, 3]",1,88,1,"{""1"": 88, ""2"": 79, ""3"": 88, ""4"": 73}",True,9.0,-13.0,9.0,0.0,0.0,0.0,543.0,122.625,488.75,9.0,15.0,41.25,153.5,270.0,1357.0,497.75,2.0,19.0,78.0,1.0,1.0,2.0,6.0,9.0,1.0,0.0,0.0,8.0,8.0,0.1,0.09523809523809523,0.0032,0.0032,0.025,0.11363636363636363,0.8863636363636364,0.225,1.0,1.0,0.18333333333333332,0.23684210526315785,0.0
20260629_225103_bc53ce62,20260629_225103_bc53ce62_g0047,47,972105540,0,8,8,8,1,2,BLUE,champ_v3,1,,"[1, 3]",0,79,2,"{""1"": 88, ""2"": 79, ""3"": 88, ""4"": 73}",True,9.0,-13.0,9.0,0.0,0.0,0.0,543.0,122.625,488.75,9.0,15.0,41.25,153.5,270.0,1357.0,497.75,2.0,19.0,78.0,1.0,1.0,2.0,6.0,9.0,1.0,0.0,0.0,8.0,8.0,0.1,0.09523809523809523,0.0032,0.0032,0.025,0.11363636363636363,0.8863636363636364,0.225,1.0,1.0,0.18333333333333332,0.23684210526315785,0.0
20260629_225103_bc53ce62,20260629_225103_bc53ce62_g0047,47,972105540,0,8,8,8,1,3,YELLOW,pool_heuristic,2,,"[1, 3]",1,88,1,"{""1"": 88, ""2"": 79, ""3"": 88, ""4"": 73}",True,6.0,-19.0,9.0,0.0,0.0,0.0,370.0,89.5,361.75,6.0,10.0,28.5,111.0,206.25,1530.0,367.75,2.0,19.0,78.0,1.0,1.0,2.0,6.0,9.0,1.0,1.0,1.0,8.0,8.0,0.1,0.09523809523809523,0.0032,0.0032,0.025,0.11363636363636363,0.8863636363636364,0.15,1.0,1.0,0.20833333333333334,0.24736842105263157,0.0
20260629_225103_bc53ce62,20260629_225103_bc53ce62_g0047,47,972105540,0,8,8,8,1,4,GREEN,pool_l45_100ms,3,,"[1, 3]",0,73,3,"{""1"": 88, ""2"": 79, ""3"": 88, ""4"": 73}",True,7.0,-17.0,9.0,0.0,0.0,0.0,444.0,103.25,415.125,7.0,12.0,33.75,130.5,231.875,1456.0,422.125,2.0,19.0,78.0,1.0,1.0,2.0,6.0,9.0,1.0,1.0,0.0,8.0,8.0,0.1,0.09523809523809523,0.0032,0.0032,0.025,0.11363636363636363,0.8863636363636364,0.175,1.0,1.0,0.2,0.20526315789473681,0.0
20260629_225103_bc53ce62,20260629_225103_bc53ce62_g0047,47,972105540,1,16,16,16,1,1,RED,pool_peer_500ms,0,,"[1, 3]",1,88,1,"{""1"": 88, ""2"": 79, ""3"": 88, ""4"": 73}",True,16.0,-23.0,0.0,0.0,4.0,0.01,817.0,204.125,787.75,16.0,28.0,79.5,295.5,368.75,1815.0,803.75,4.0,17.0,68.0,1.0,1.0,2.0,6.0,7.0,1.0,0.0,0.0,16.0,16.0,0.2,0.19047619047619047,0.0064,0.0064,0.05,0.22727272727272727,0.7727272727272727,0.4,1.0,1.0,0.325,0.49473684210526314,0.0
20260629_225103_bc53ce62,20260629_225103_bc53ce62_g0047,47,972105540,1,16,16,16,1,2,BLUE,champ_v3,1,,"[1, 3]",0,79,2,"{""1"": 88, ""2"": 79, ""3"": 88, ""4"": 73}",True,16.0,-23.0,3.0,2.0,4.0,0.01,768.0,184.0,700.0,16.0,27.0,73.5,266.0,317.5,1864.0,716.0,4.0,17.0,68.0,1.0,1.0,2.0,6.0,7.0,1.0,0.0,0.0,16.0,16.0,0.2,0.19047619047619047,0.0064,0.0064,0.05,0.22727272727272727,0.7727272727272727,0.4,1.0,1.0,0.325,0.4552631578947368,0.0
20260629_225103_bc53ce62,20260629_225103_bc53ce62_g0047,47,972105540,1,16,16,16,1,3,YELLOW,pool_heuristic,2,,"[1, 3]",1,88,1,"{""1"": 88, ""2"": 79, ""3"": 88, ""4"": 73}",True,13.0,-29.0,4.0,2.0,4.0,0.01,567.0,147.5,571.0,12.0,20.0,55.5,206.0,277.5,2065.0,584.0,4.0,17.0,68.0,1.0,1.0,2.0,6.0,7.0,0.0,1.0,1.0,16.0,16.0,0.2,0.19047619047619047,0.0064,0.0064,0.05,0.22727272727272727,0.7727272727272727,0.325,1.0,1.0,0.35,0.4552631578947368,0.0
20260629_225103_bc53ce62,20260629_225103_bc53ce62_g0047,47,972105540,1,16,16,16,1,4,GREEN,pool_l45_100ms,3,,"[1, 3]",0,73,3,"{""1"": 88, ""2"": 79, ""3"": 88, ""4"": 73}",True,10.0,-35.0,7.0,0.0,4.0,0.01,480.0,113.0,430.625,10.0,17.0,43.5,159.5,200.625,2152.0,440.625,4.0,17.0,68.0,1.0,1.0,2.0,6.0,7.0,1.0,0.0,0.0,16.0,16.0,0.2,0.19047619047619047,0.0064,0.0064,0.05,0.22727272727272727,0.7727272727272727,0.25,1.0,1.0,0.375,0.3131578947368421,0.0
20260629_225103_bc53ce62,20260629_225103_bc53ce62_g0047,47,972105540,2,24,24,24,1,1,RED,pool_peer_500ms,0,,"[1, 3]",1,88,1,"{""1"": 88, ""2"": 79, ""3"": 88, ""4"": 73}",True,20.0,-33.0,0.0,9.0,8.0,0.02,340.0,100.75,336.25,17.0,21.0,47.25,146.0,105.0,1124.0,356.25,6.0,15.0,58.0,1.0,1.0,2.0,6.0,5.0,0.0,0.0,0.0,24.0,24.0,0.3,0.2857142857142857,0.0096,0.0096,0.075,0.3409090909090909,0.6590909090909091,0.5,1.0,1.0,0.4416666666666667,0.6017543859649124,0.0
20260629_225103_bc53ce62,20260629_225103_bc53ce62_g0047,47,972105540,2,24,24,24,1,2,BLUE,champ_v3,1,,"[1, 3]",0,79,2,"{""1"": 88, ""2"": 79, ""3"": 88, ""4"": 73}",True,20.0,-33.0,2.0,6.0,8.0,0.02,651.0,173.25,630.375,18.0,29.0,76.5,277.5,229.375,813.0,650.375,6.0,15.0,58.0,1.0,1.0,2.0,6.0,5.0,1.0,0.0,0.0,24.0,24.0,0.3,0.2857142857142857,0.0096,0.0096,0.075,0.3409090909090909,0.6590909090909091,0.5,1.0,1.0,0.4416666666666667,0.531578947368421,0.0
20260629_225103_bc53ce62,20260629_225103_bc53ce62_g0047,47,972105540,2,24,24,24,1,3,YELLOW,pool_heuristic,2,,"[1, 3]",1,88,1,"{""1"": 88, ""2"": 79, ""3"": 88, ""4"": 73}",True,19.0,-35.0,4.0,6.0,8.0,0.02,247.0,75.5,241.25,15.0,19.0,33.75,101.0,72.5,1217.0,260.25,6.0,15.0,58.0,1.0,1.0,2.0,6.0,5.0,0.0,1.0,0.0,24.0,24.0,0.3,0.2857142857142857,0.0096,0.0096,0.075,0.3409090909090909,0.6590909090909091,0.475,1.0,1.0,0.45,0.4894736842105264,0.0
20260629_225103_bc53ce62,20260629_225103_bc53ce62_g0047,47,972105540,2,24,24,24,1,4,GREEN,pool_l45_100ms,3,,"[1, 3]",0,73,3,"{""1"": 88, ""2"": 79, ""3"": 88, ""4"": 73}",True,14.0,-45.0,3.0,3.0,8.0,0.02,226.0,60.625,195.25,12.0,15.0,25.5,81.5,61.25,1238.0,209.25,6.0,15.0,58.0,1.0,1.0,2.0,6.0,5.0,0.0,0.0,0.0,24.0,24.0,0.3,0.2857142857142857,0.0096,0.0096,0.075,0.3409090909090909,0.6590909090909091,0.35,1.0,1.0,0.4916666666666667,0.4175438596491228,0.0
20260629_225103_bc53ce62,20260629_225103_bc53ce62_g0047,47,972105540,3,32,32,32,1,1,RED,pool_peer_500ms,0,,"[1, 3]",1,88,1,"{""1"": 88, ""2"": 79, ""3"": 88, ""4"": 73}",True,23.0,-37.0,0.0,17.0,12.0,0.03,219.0,74.625,220.5,20.0,16.0,33.0,106.5,45.0,689.0,243.5,8.0,13.0,48.0,1.0,1.0,2.0,6.0,3.0,0.0,0.0,0.0,32.0,32.0,0.395,0.38095238095238093,0.0128,0.0128,0.1,0.45454545454545453,0.5454545454545454,0.575,1.0,1.0,0.5,0.6197368421052631,0.0
20260629_225103_bc53ce62,20260629_225103_bc53ce62_g0047,47,972105540,3,32,32,32,1,2,BLUE,champ_v3,1,,"[1, 3]",0,79,2,"{""1"": 88, ""2"": 79, ""3"": 88, ""4"": 73}",True,26.0,-31.0,2.0,13.0,12.0,0.03,478.0,145.0,501.25,22.0,30.0,74.25,165.0,210.0,430.0,527.25,8.0,13.0,50.0,1.0,1.0,2.0,4.0,5.0,1.0,0.0,0.0,32.0,32.0,0.395,0.38095238095238093,0.0128,0.0128,0.095,0.4318181818181818,0.5681818181818182,0.65,1.0,1.0,0.475,0.5304709141274239,0.0
20260629_225103_bc53ce62,20260629_225103_bc53ce62_g0047,47,972105540,3,32,32,32,1,3,YELLOW,pool_heuristic,2,,"[1, 3]",1,88,1,"{""1"": 88, ""2"": 79, ""3"": 88, ""4"": 73}",True,19.0,-45.0,0.0,14.0,12.0,0.03,157.0,52.25,149.625,15.0,14.0,22.5,62.5,35.625,751.0,168.625,8.0,13.0,48.0,1.0,1.0,2.0,6.0,3.0,0.0,1.0,0.0,32.0,32.0,0.395,0.38095238095238093,0.0128,0.0128,0.1,0.45454545454545453,0.5454545454545454,0.475,1.0,1.0,0.5333333333333333,0.5276315789473685,0.0
20260629_225103_bc53ce62,20260629_225103_bc53ce62_g0047,47,972105540,3,32,32,32,1,4,GREEN,pool_l45_100ms,3,,"[1, 3]",0,73,3,"{""1"": 88, ""2"": 79, ""3"": 88, ""4"": 73}",True,15.0,-53.0,3.0,5.0,12.0,0.03,54.0,24.75,50.75,12.0,10.0,9.75,14.0,5.0,854.0,65.75,8.0,13.0,48.0,1.0,1.0,2.0,6.0,3.0,0.0,0.0,0.0,32.0,32.0,0.395,0.38095238095238093,0.0128,0.0128,0.1,0.45454545454545453,0.5454545454545454,0.375,1.0,1.0,0.5666666666666667,0.4302631578947369,0.0
20260629_225103_bc53ce62,20260629_225103_bc53ce62_g0047,47,972105540,4,40,40,40,1,1,RED,pool_peer_500ms,0,,"[1, 3]",1,88,1,"{""1"": 88, ""2"": 79, ""3"": 88, ""4"": 73}",True,26.0,-42.0,0.0,26.0,28.0,0.07,101.0,43.875,100.375,21.0,10.0,17.25,34.0,18.125,227.0,126.375,10.0,11.0,40.0,1.0,1.0,2.0,4.0,3.0,0.0,0.0,0.0,40.0,40.0,0.485,0.47619047619047616,0.016,0.016,0.12,0.5454545454545454,0.45454545454545453,0.65,1.0,1.0,0.5666666666666667,0.6140350877192983,0.0
20260629_225103_bc53ce62,20260629_225103_bc53ce62_g0047,47,972105540,4,40,40,40,1,2,BLUE,champ_v3,1,,"[1, 3]",0,79,2,"{""1"": 88, ""2"": 79, ""3"": 88, ""4"": 73}",True,31.0,-32.0,2.0,22.0,28.0,0.07,160.0,68.125,174.125,25.0,21.0,35.25,46.0,46.875,168.0,205.125,10.0,11.0,41.0,1.0,1.0,2.0,3.0,4.0,1.0,0.0,0.0,40.0,40.0,0.485,0.47619047619047616,0.016,0.016,0.1175,0.5340909090909091,0.4659090909090909,0.775,1.0,1.0,0.525,0.5050391937290033,0.0
20260629_225103_bc53ce62,20260629_225103_bc53ce62_g0047,47,972105540,4,40,40,40,1,3,YELLOW,pool_heuristic,2,,"[1, 3]",1,88,1,"{""1"": 88, ""2"": 79, ""3"": 88, ""4"": 73}",True,24.0,-46.0,0.0,18.0,28.0,0.07,54.0,30.75,54.5,18.0,11.0,10.5,15.0,0.0,274.0,78.5,10.0,11.0,38.0,1.0,1.0,2.0,6.0,1.0,0.0,0.0,0.0,40.0,40.0,0.485,0.47619047619047616,0.016,0.016,0.125,0.5681818181818182,0.4318181818181818,0.6,1.0,1.0,0.5833333333333333,0.5105263157894737,0.0
20260629_225103_bc53ce62,20260629_225103_bc53ce62_g0047,47,972105540,4,40,40,40,1,4,GREEN,pool_l45_100ms,3,,"[1, 3]",0,73,3,"{""1"": 88, ""2"": 79, ""3"": 88, ""4"": 73}",True,13.0,-68.0,3.0,8.0,28.0,0.07,13.0,10.75,12.75,9.0,3.0,0.75,0.0,0.0,315.0,25.75,10.0,11.0,39.0,1.0,1.0,2.0,5.0,2.0,0.0,0.0,0.0,40.0,40.0,0.485,0.47619047619047616,0.016,0.016,0.1225,0.5568181818181818,0.4431818181818182,0.325,0.6333333333333333,1.0,0.675,0.3845327604726101,0.0
20260629_225103_bc53ce62,20260629_225103_bc53ce62_g0047,47,972105540,5,48,48,48,1,1,RED,pool_peer_500ms,0,,"[1, 3]",1,88,1,"{""1"": 88, ""2"": 79, ""3"": 88, ""4"": 73}",True,28.0,-39.0,0.0,33.0,30.0,0.075,40.0,26.75,45.0,18.0,7.0,6.0,9.0,5.0,98.0,73.0,12.0,9.0,31.0,1.0,1.0,2.0,3.0,2.0,0.0,0.0,0.0,48.0,48.0,0.5675,0.5714285714285714,0.0192,0.0192,0.1425,0.6477272727272727,0.3522727272727273,0.7,0.9666666666666667,1.0,0.5583333333333333,0.5844875346260388,0.0
20260629_225103_bc53ce62,20260629_225103_bc53ce62_g0047,47,972105540,5,48,48,48,1,2,BLUE,champ_v3,1,,"[1, 3]",0,79,2,"{""1"": 88, ""2"": 79, ""3"": 88, ""4"": 73}",True,30.0,-35.0,2.0,31.0,30.0,0.075,46.0,31.5,46.0,21.0,13.0,12.0,0.0,0.0,92.0,76.0,12.0,9.0,32.0,1.0,1.0,2.0,2.0,3.0,0.0,0.0,0.0,48.0,48.0,0.5675,0.5714285714285714,0.0192,0.0192,0.14,0.6363636363636364,0.36363636363636365,0.75,1.0,1.0,0.5416666666666667,0.48966165413533835,0.0
20260629_225103_bc53ce62,20260629_225103_bc53ce62_g0047,47,972105540,5,48,48,48,1,3,YELLOW,pool_heuristic,2,,"[1, 3]",1,88,1,"{""1"": 88, ""2"": 79, ""3"": 88, ""4"": 73}",True,25.0,-45.0,0.0,32.0,30.0,0.075,42.0,27.75,44.5,18.0,9.0,10.5,7.0,0.0,96.0,69.5,12.0,9.0,30.0,1.0,1.0,2.0,4.0,1.0,0.0,0.0,0.0,48.0,48.0,0.5675,0.5714285714285714,0.0192,0.0192,0.145,0.6590909090909091,0.3409090909090909,0.625,1.0,1.0,0.5833333333333333,0.5272232304900182,0.0
20260629_225103_bc53ce62,20260629_225103_bc53ce62_g0047,47,972105540,5,48,48,48,1,4,GREEN,pool_l45_100ms,3,,"[1, 3]",0,73,3,"{""1"": 88, ""2"": 79, ""3"": 88, ""4"": 73}",True,12.0,-71.0,3.0,18.0,30.0,0.075,10.0,8.5,10.5,7.0,2.0,1.5,0.0,0.0,128.0,22.5,12.0,9.0,32.0,1.0,1.0,1.0,4.0,2.0,0.0,0.0,0.0,48.0,48.0,0.5675,0.5714285714285714,0.0192,0.0192,0.14,0.6363636363636364,0.36363636363636365,0.3,0.5666666666666667,1.0,0.6916666666666667,0.4229323308270677,0.0
20260629_225103_bc53ce62,20260629_225103_bc53ce62_g0047,47,972105540,6,56,56,56,1,1,RED,pool_peer_500ms,0,,"[1, 3]",1,88,1,"{""1"": 88, ""2"": 79, ""3"": 88, ""4"": 73}",True,28.0,-38.0,0.0,44.0,31.0,0.0775,12.0,5.25,12.25,0.0,7.0,5.25,0.0,0.0,60.0,40.25,14.0,7.0,25.0,0.0,1.0,2.0,3.0,1.0,0.0,0.0,0.0,56.0,56.0,0.6225,0.6666666666666666,0.0224,0.0224,0.1575,0.7159090909090909,0.2840909090909091,0.7,0.8,1.0,0.55,0.5722639933166249,0.0
20260629_225103_bc53ce62,20260629_225103_bc53ce62_g0047,47,972105540,6,56,56,56,1,2,BLUE,champ_v3,1,,"[1, 3]",0,79,2,"{""1"": 88, ""2"": 79, ""3"": 88, ""4"": 73}",True,29.0,-36.0,2.0,38.0,31.0,0.0775,20.0,6.75,22.75,0.0,0.0,14.25,6.0,2.5,52.0,51.75,14.0,7.0,29.0,0.0,0.0,2.0,2.0,3.0,0.0,0.0,0.0,56.0,56.0,0.6225,0.6666666666666666,0.0224,0.0224,0.1475,0.6704545454545454,0.32954545454545453,0.725,1.0,1.0,0.5416666666666667,0.49866190900981266,0.0
20260629_225103_bc53ce62,20260629_225103_bc53ce62_g0047,47,972105540,6,56,56,56,1,3,YELLOW,pool_heuristic,2,,"[1, 3]",1,88,1,"{""1"": 88, ""2"": 79, ""3"": 88, ""4"": 73}",True,26.0,-42.0,0.0,41.0,31.0,0.0775,35.0,26.25,38.0,19.0,8.0,6.0,5.0,0.0,37.0,64.0,14.0,7.0,23.0,1.0,1.0,1.0,3.0,1.0,0.0,0.0,0.0,56.0,56.0,0.6225,0.6666666666666666,0.0224,0.0224,0.1625,0.7386363636363636,0.26136363636363635,0.65,1.0,1.0,0.5666666666666667,0.49473684210526314,0.0
20260629_225103_bc53ce62,20260629_225103_bc53ce62_g0047,47,972105540,6,56,56,56,1,4,GREEN,pool_l45_100ms,3,,"[1, 3]",0,73,3,"{""1"": 88, ""2"": 79, ""3"": 88, ""4"": 73}",True,11.0,-72.0,3.0,32.0,31.0,0.0775,5.0,2.5,8.0,0.0,2.0,0.0,6.0,0.0,67.0,19.0,14.0,7.0,26.0,0.0,1.0,1.0,4.0,1.0,0.0,0.0,0.0,56.0,56.0,0.6225,0.6666666666666666,0.0224,0.0224,0.155,0.7045454545454546,0.29545454545454547,0.275,0.5166666666666667,1.0,0.6916666666666667,0.431239388794567,0.0
20260629_225103_bc53ce62,20260629_225103_bc53ce62_g0047,47,972105540,7,64,64,64,1,1,RED,pool_peer_500ms,0,,"[1, 3]",1,88,1,"{""1"": 88, ""2"": 79, ""3"": 88, ""4"": 73}",True,25.0,-41.0,0.0,51.0,37.0,0.0925,1.0,0.25,0.75,0.0,0.0,0.75,0.0,0.0,17.0,25.75,16.0,5.0,20.0,0.0,0.0,1.0,3.0,1.0,0.0,0.0,0.0,64.0,64.0,0.685,0.7619047619047619,0.0256,0.0256,0.17,0.7727272727272727,0.22727272727272727,0.625,0.5333333333333333,1.0,0.55,0.543343653250774,0.0
20260629_225103_bc53ce62,20260629_225103_bc53ce62_g0047,47,972105540,7,64,64,64,1,2,BLUE,champ_v3,1,,"[1, 3]",0,79,2,"{""1"": 88, ""2"": 79, ""3"": 88, ""4"": 73}",True,28.0,-35.0,2.0,52.0,37.0,0.0925,5.0,1.75,5.25,0.0,0.0,5.25,0.0,0.0,13.0,33.25,16.0,5.0,20.0,0.0,0.0,2.0,1.0,2.0,0.0,0.0,0.0,64.0,64.0,0.685,0.7619047619047619,0.0256,0.0256,0.17,0.7727272727272727,0.22727272727272727,0.7,0.8166666666666667,1.0,0.525,0.4860681114551083,0.0
20260629_225103_bc53ce62,20260629_225103_bc53ce62_g0047,47,972105540,7,64,64,64,1,3,YELLOW,pool_heuristic,2,,"[1, 3]",1,88,1,"{""1"": 88, ""2"": 79, ""3"": 88, ""4"": 73}",True,27.0,-37.0,0.0,53.0,37.0,0.0925,12.0,6.0,15.5,0.0,7.0,4.5,4.0,0.0,6.0,42.5,16.0,5.0,18.0,0.0,1.0,1.0,2.0,1.0,0.0,0.0,0.0,64.0,64.0,0.685,0.7619047619047619,0.0256,0.0256,0.175,0.7954545454545454,0.20454545454545456,0.675,0.9166666666666666,1.0,0.5333333333333333,0.5060150375939849,0.0
20260629_225103_bc53ce62,20260629_225103_bc53ce62_g0047,47,972105540,7,64,64,64,1,4,GREEN,pool_l45_100ms,3,,"[1, 3]",0,73,3,"{""1"": 88, ""2"": 79, ""3"": 88, ""4"": 73}",True,11.0,-69.0,3.0,38.0,37.0,0.0925,0.0,0.0,0.0,0.0,0.0,0.0,0.0,0.0,18.0,11.0,16.0,5.0,20.0,0.0,0.0,1.0,3.0,1.0,0.0,0.0,0.0,64.0,64.0,0.685,0.7619047619047619,0.0256,0.0256,0.17,0.7727272727272727,0.22727272727272727,0.275,0.45,1.0,0.6666666666666667,0.42647058823529416,0.0
20260629_225103_bc53ce62,20260629_225103_bc53ce62_g0048,48,433476779,0,8,8,8,1,1,RED,champ_v3,0,4.0,[4],0,97,2,"{""1"": 97, ""2"": 71, ""3"": 62, ""4"": 101}",False,9.0,-15.0,9.0,0.0,0.0,0.0,543.0,122.625,488.75,9.0,15.0,41.25,153.5,270.0,1437.0,497.75,2.0,19.0,78.0,1.0,1.0,2.0,6.0,9.0,1.0,0.0,0.0,8.0,8.0,0.1,0.09523809523809523,0.0032,0.0032,0.025,0.11363636363636363,0.8863636363636364,0.225,1.0,1.0,0.2,0.23684210526315785,0.0
20260629_225103_bc53ce62,20260629_225103_bc53ce62_g0048,48,433476779,0,8,8,8,1,2,BLUE,pool_heuristic,1,4.0,[4],0,71,3,"{""1"": 97, ""2"": 71, ""3"": 62, ""4"": 101}",False,8.0,-17.0,9.0,0.0,0.0,0.0,530.0,123.875,499.875,8.0,14.0,40.5,158.0,279.375,1450.0,507.875,2.0,19.0,78.0,1.0,1.0,2.0,6.0,9.0,1.0,1.0,0.0,8.0,8.0,0.1,0.09523809523809523,0.0032,0.0032,0.025,0.11363636363636363,0.8863636363636364,0.2,1.0,1.0,0.20833333333333334,0.23684210526315785,0.0
20260629_225103_bc53ce62,20260629_225103_bc53ce62_g0048,48,433476779,0,8,8,8,1,3,YELLOW,pool_l45_100ms,2,4.0,[4],0,62,4,"{""1"": 97, ""2"": 71, ""3"": 62, ""4"": 101}",False,7.0,-19.0,9.0,0.0,0.0,0.0,364.0,86.0,341.875,7.0,10.0,27.0,108.5,189.375,1616.0,348.875,2.0,19.0,78.0,1.0,1.0,2.0,6.0,9.0,1.0,1.0,0.0,8.0,8.0,0.1,0.09523809523809523,0.0032,0.0032,0.025,0.11363636363636363,0.8863636363636364,0.175,1.0,1.0,0.21666666666666665,0.17368421052631577,0.0
20260629_225103_bc53ce62,20260629_225103_bc53ce62_g0048,48,433476779,0,8,8,8,1,4,GREEN,pool_peer_500ms,3,4.0,[4],1,101,1,"{""1"": 97, ""2"": 71, ""3"": 62, ""4"": 101}",False,9.0,-15.0,9.0,0.0,0.0,0.0,543.0,122.625,488.75,9.0,15.0,41.25,153.5,270.0,1437.0,497.75,2.0,19.0,78.0,1.0,1.0,2.0,6.0,9.0,1.0,0.0,0.0,8.0,8.0,0.1,0.09523809523809523,0.0032,0.0032,0.025,0.11363636363636363,0.8863636363636364,0.225,1.0,1.0,0.2,0.23684210526315785,0.0
20260629_225103_bc53ce62,20260629_225103_bc53ce62_g0048,48,433476779,1,16,16,16,1,1,RED,champ_v3,0,4.0,[4],0,97,2,"{""1"": 97, ""2"": 71, ""3"": 62, ""4"": 101}",False,16.0,-26.0,0.0,2.0,0.0,0.0,787.0,195.5,758.375,15.0,26.0,75.0,280.5,361.875,1841.0,774.375,4.0,17.0,68.0,1.0,1.0,2.0,6.0,7.0,1.0,0.0,0.0,16.0,16.0,0.2,0.19047619047619047,0.0064,0.0064,0.05,0.22727272727272727,0.7727272727272727,0.4,1.0,1.0,0.35,0.49473684210526314,0.0
20260629_225103_bc53ce62,20260629_225103_bc53ce62_g0048,48,433476779,1,16,16,16,1,2,BLUE,pool_heuristic,1,4.0,[4],0,71,3,"{""1"": 97, ""2"": 71, ""3"": 62, ""4"": 101}",False,16.0,-26.0,5.0,0.0,0.0,0.0,738.0,193.75,746.5,15.0,27.0,77.25,281.0,346.25,1890.0,762.5,4.0,17.0,68.0,1.0,1.0,2.0,6.0,7.0,1.0,1.0,0.0,16.0,16.0,0.2,0.19047619047619047,0.0064,0.0064,0.05,0.22727272727272727,0.7727272727272727,0.4,1.0,1.0,0.35,0.43157894736842106,0.0
20260629_225103_bc53ce62,20260629_225103_bc53ce62_g0048,48,433476779,1,16,16,16,1,3,YELLOW,pool_l45_100ms,2,4.0,[4],0,62,4,"{""1"": 97, ""2"": 71, ""3"": 62, ""4"": 101}",False,10.0,-38.0,5.0,0.0,0.0,0.0,305.0,76.5,277.375,10.0,13.0,29.25,104.5,120.625,2323.0,287.375,4.0,17.0,68.0,1.0,1.0,2.0,6.0,7.0,1.0,0.0,0.0,16.0,16.0,0.2,0.19047619047619047,0.0064,0.0064,0.05,0.22727272727272727,0.7727272727272727,0.25,1.0,1.0,0.4,0.3526315789473684,0.0
20260629_225103_bc53ce62,20260629_225103_bc53ce62_g0048,48,433476779,1,16,16,16,1,4,GREEN,pool_peer_500ms,3,4.0,[4],1,101,1,"{""1"": 97, ""2"": 71, ""3"": 62, ""4"": 101}",False,16.0,-26.0,0.0,2.0,0.0,0.0,798.0,199.125,769.125,16.0,27.0,76.5,284.0,365.625,1830.0,785.125,4.0,17.0,68.0,1.0,1.0,2.0,6.0,7.0,1.0,0.0,0.0,16.0,16.0,0.2,0.19047619047619047,0.0064,0.0064,0.05,0.22727272727272727,0.7727272727272727,0.4,1.0,1.0,0.35,0.49473684210526314,0.0
20260629_225103_bc53ce62,20260629_225103_bc53ce62_g0048,48,433476779,2,24,24,24,1,1,RED,champ_v3,0,4.0,[4],0,97,2,"{""1"": 97, ""2"": 71, ""3"": 62, ""4"": 101}",False,20.0,-27.0,0.0,9.0,8.0,0.02,529.0,133.0,481.625,15.0,22.0,59.25,203.5,181.875,1006.0,501.625,6.0,15.0,58.0,1.0,1.0,2.0,6.0,5.0,1.0,0.0,0.0,24.0,24.0,0.3,0.2857142857142857,0.0096,0.0096,0.075,0.3409090909090909,0.6590909090909091,0.5,1.0,1.0,0.39166666666666666,0.5859649122807018,0.0
20260629_225103_bc53ce62,20260629_225103_bc53ce62_g0048,48,433476779,2,24,24,24,1,2,BLUE,pool_heuristic,1,4.0,[4],0,71,3,"{""1"": 97, ""2"": 71, ""3"": 62, ""4"": 101}",False,16.0,-35.0,1.0,3.0,8.0,0.02,345.0,99.625,355.0,13.0,16.0,43.5,152.5,130.0,1190.0,371.0,6.0,15.0,58.0,1.0,1.0,2.0,6.0,5.0,1.0,1.0,0.0,24.0,24.0,0.3,0.2857142857142857,0.0096,0.0096,0.075,0.3409090909090909,0.6590909090909091,0.4,1.0,1.0,0.425,0.5070175438596491,0.0
20260629_225103_bc53ce62,20260629_225103_bc53ce62_g0048,48,433476779,2,24,24,24,1,3,YELLOW,pool_l45_100ms,2,4.0,[4],0,62,4,"{""1"": 97, ""2"": 71, ""3"": 62, ""4"": 101}",False,11.0,-45.0,5.0,2.0,8.0,0.02,169.0,46.0,150.125,10.0,9.0,18.0,57.5,55.625,1366.0,161.125,6.0,15.0,58.0,1.0,1.0,2.0,6.0,5.0,0.0,0.0,0.0,24.0,24.0,0.3,0.2857142857142857,0.0096,0.0096,0.075,0.3409090909090909,0.6590909090909091,0.275,1.0,1.0,0.4666666666666667,0.39473684210526316,0.0
20260629_225103_bc53ce62,20260629_225103_bc53ce62_g0048,48,433476779,2,24,24,24,1,4,GREEN,pool_peer_500ms,3,4.0,[4],1,101,1,"{""1"": 97, ""2"": 71, ""3"": 62, ""4"": 101}",False,20.0,-27.0,0.0,10.0,8.0,0.02,492.0,136.125,479.5,17.0,25.0,62.25,216.5,158.75,1043.0,499.5,6.0,15.0,58.0,1.0,1.0,2.0,6.0,5.0,0.0,0.0,0.0,24.0,24.0,0.3,0.2857142857142857,0.0096,0.0096,0.075,0.3409090909090909,0.6590909090909091,0.5,1.0,1.0,0.39166666666666666,0.5684210526315789,0.0
20260629_225103_bc53ce62,20260629_225103_bc53ce62_g0048,48,433476779,3,32,32,32,1,1,RED,champ_v3,0,4.0,[4],0,97,2,"{""1"": 97, ""2"": 71, ""3"": 62, ""4"": 101}",False,26.0,-29.0,0.0,20.0,12.0,0.03,180.0,61.375,173.625,17.0,16.0,33.0,77.0,30.625,433.0,199.625,8.0,13.0,48.0,1.0,1.0,2.0,6.0,3.0,0.0,0.0,0.0,32.0,32.0,0.3975,0.38095238095238093,0.0128,0.0128,0.1,0.45454545454545453,0.5454545454545454,0.65,1.0,1.0,0.4583333333333333,0.5881578947368421,0.0
20260629_225103_bc53ce62,20260629_225103_bc53ce62_g0048,48,433476779,3,32,32,32,1,2,BLUE,pool_heuristic,1,4.0,[4],0,71,3,"{""1"": 97, ""2"": 71, ""3"": 62, ""4"": 101}",False,20.0,-41.0,1.0,7.0,12.0,0.03,127.0,48.375,134.0,15.0,12.0,23.25,57.5,26.25,486.0,154.0,8.0,13.0,48.0,1.0,1.0,2.0,6.0,3.0,0.0,1.0,0.0,32.0,32.0,0.3975,0.38095238095238093,0.0128,0.0128,0.1,0.45454545454545453,0.5454545454545454,0.5,1.0,1.0,0.5083333333333333,0.5105263157894737,0.0
20260629_225103_bc53ce62,20260629_225103_bc53ce62_g0048,48,433476779,3,32,32,32,1,3,YELLOW,pool_l45_100ms,2,4.0,[4],0,62,4,"{""1"": 97, ""2"": 71, ""3"": 62, ""4"": 101}",False,12.0,-57.0,5.0,6.0,12.0,0.03,47.0,21.75,48.625,10.0,7.0,8.25,16.5,6.875,566.0,60.625,8.0,13.0,48.0,1.0,1.0,2.0,6.0,3.0,0.0,0.0,0.0,32.0,32.0,0.3975,0.38095238095238093,0.0128,0.0128,0.1,0.45454545454545453,0.5454545454545454,0.3,1.0,1.0,0.575,0.4276315789473685,0.0
20260629_225103_bc53ce62,20260629_225103_bc53ce62_g0048,48,433476779,3,32,32,32,1,4,GREEN,pool_peer_500ms,3,4.0,[4],1,101,1,"{""1"": 97, ""2"": 71, ""3"": 62, ""4"": 101}",False,23.0,-35.0,0.0,16.0,12.0,0.03,259.0,86.0,261.125,19.0,22.0,48.0,111.5,60.625,354.0,284.125,8.0,13.0,49.0,1.0,1.0,2.0,5.0,4.0,0.0,0.0,0.0,32.0,32.0,0.3975,0.38095238095238093,0.0128,0.0128,0.0975,0.4431818181818182,0.5568181818181818,0.575,1.0,1.0,0.4833333333333333,0.5762483130904184,0.0
20260629_225103_bc53ce62,20260629_225103_bc53ce62_g0048,48,433476779,4,40,40,40,1,1,RED,champ_v3,0,4.0,[4],0,97,2,"{""1"": 97, ""2"": 71, ""3"": 62, ""4"": 101}",False,27.0,-30.0,0.0,30.0,14.0,0.035,115.0,47.25,112.125,18.0,16.0,25.5,44.5,8.125,179.0,139.125,10.0,11.0,39.0,1.0,1.0,2.0,5.0,2.0,0.0,0.0,0.0,40.0,40.0,0.4875,0.47619047619047616,0.016,0.016,0.1225,0.5568181818181818,0.4431818181818182,0.675,1.0,1.0,0.475,0.5961331901181526,0.0
20260629_225103_bc53ce62,20260629_225103_bc53ce62_g0048,48,433476779,4,40,40,40,1,2,BLUE,pool_heuristic,1,4.0,[4],0,71,3,"{""1"": 97, ""2"": 71, ""3"": 62, ""4"": 101}",False,21.0,-42.0,1.0,13.0,14.0,0.035,30.0,20.875,29.75,15.0,7.0,6.0,0.5,1.25,264.0,50.75,10.0,11.0,39.0,1.0,1.0,2.0,5.0,2.0,0.0,0.0,0.0,40.0,40.0,0.4875,0.47619047619047616,0.016,0.016,0.1225,0.5568181818181818,0.4431818181818182,0.525,1.0,1.0,0.525,0.49194414607948433,0.0
20260629_225103_bc53ce62,20260629_225103_bc53ce62_g0048,48,433476779,4,40,40,40,1,3,YELLOW,pool_l45_100ms,2,4.0,[4],0,62,4,"{""1"": 97, ""2"": 71, ""3"": 62, ""4"": 101}",False,12.0,-60.0,5.0,9.0,14.0,0.035,23.0,13.875,22.25,9.0,5.0,3.75,4.5,0.0,271.0,34.25,10.0,11.0,38.0,1.0,1.0,2.0,6.0,1.0,0.0,0.0,0.0,40.0,40.0,0.4875,0.47619047619047616,0.016,0.016,0.125,0.5681818181818182,0.4318181818181818,0.3,1.0,1.0,0.6,0.40210526315789474,0.0
20260629_225103_bc53ce62,20260629_225103_bc53ce62_g0048,48,433476779,4,40,40,40,1,4,GREEN,pool_peer_500ms,3,4.0,[4],1,101,1,"{""1"": 97, ""2"": 71, ""3"": 62, ""4"": 101}",False,24.0,-36.0,0.0,28.0,14.0,0.035,126.0,55.75,137.75,21.0,19.0,31.5,30.0,36.25,168.0,161.75,10.0,11.0,41.0,1.0,1.0,2.0,3.0,4.0,0.0,0.0,0.0,40.0,40.0,0.4875,0.47619047619047616,0.016,0.016,0.1175,0.5340909090909091,0.4659090909090909,0.6,1.0,1.0,0.5,0.5867861142217246,0.0
20260629_225103_bc53ce62,20260629_225103_bc53ce62_g0048,48,433476779,5,48,48,48,1,1,RED,champ_v3,0,4.0,[4],0,97,2,"{""1"": 97, ""2"": 71, ""3"": 62, ""4"": 101}",False,25.0,-29.0,0.0,40.0,34.0,0.085,41.0,22.875,39.75,14.0,7.0,8.25,10.5,0.0,102.0,64.75,12.0,9.0,29.0,1.0,1.0,2.0,5.0,0.0,0.0,0.0,0.0,48.0,48.0,0.5725,0.5714285714285714,0.0192,0.0192,0.1475,0.6704545454545454,0.32954545454545453,0.625,1.0,0.8,0.45,0.5450490633363069,0.0
20260629_225103_bc53ce62,20260629_225103_bc53ce62_g0048,48,433476779,5,48,48,48,1,2,BLUE,pool_heuristic,1,4.0,[4],0,71,3,"{""1"": 97, ""2"": 71, ""3"": 62, ""4"": 101}",False,20.0,-39.0,1.0,31.0,34.0,0.085,24.0,18.25,23.75,14.0,6.0,3.75,0.0,0.0,119.0,43.75,12.0,9.0,30.0,1.0,1.0,2.0,4.0,1.0,0.0,0.0,0.0,48.0,48.0,0.5725,0.5714285714285714,0.0192,0.0192,0.145,0.6590909090909091,0.3409090909090909,0.5,1.0,1.0,0.4916666666666667,0.4509981851179673,0.0
20260629_225103_bc53ce62,20260629_225103_bc53ce62_g0048,48,433476779,5,48,48,48,1,3,YELLOW,pool_l45_100ms,2,4.0,[4],0,62,4,"{""1"": 97, ""2"": 71, ""3"": 62, ""4"": 101}",False,7.0,-65.0,5.0,9.0,34.0,0.085,4.0,4.0,4.0,4.0,0.0,0.0,0.0,0.0,139.0,11.0,12.0,9.0,32.0,1.0,0.0,2.0,5.0,1.0,0.0,0.0,0.0,48.0,48.0,0.5725,0.5714285714285714,0.0192,0.0192,0.14,0.6363636363636364,0.36363636363636365,0.175,0.8,1.0,0.6,0.3956766917293233,0.0
20260629_225103_bc53ce62,20260629_225103_bc53ce62_g0048,48,433476779,5,48,48,48,1,4,GREEN,pool_peer_500ms,3,4.0,[4],1,101,1,"{""1"": 97, ""2"": 71, ""3"": 62, ""4"": 101}",False,27.0,-25.0,0.0,40.0,34.0,0.085,74.0,42.25,78.75,23.0,16.0,21.0,10.0,8.75,69.0,105.75,12.0,9.0,32.0,1.0,1.0,2.0,2.0,3.0,0.0,0.0,0.0,48.0,48.0,0.5725,0.5714285714285714,0.0192,0.0192,0.14,0.6363636363636364,0.36363636363636365,0.675,1.0,1.0,0.4333333333333333,0.5883458646616542,0.0
20260629_225103_bc53ce62,20260629_225103_bc53ce62_g0048,48,433476779,6,56,56,57,2,1,RED,champ_v3,0,4.0,[4],0,97,2,"{""1"": 97, ""2"": 71, ""3"": 62, ""4"": 101}",False,24.0,-21.0,0.0,48.0,39.0,0.0975,17.0,14.125,17.0,12.0,3.0,1.5,0.5,0.0,50.0,41.0,15.0,6.0,18.0,1.0,1.0,1.0,3.0,0.0,0.0,0.0,0.0,56.0,57.0,0.64,0.7142857142857143,0.0228,0.0224,0.175,0.7954545454545454,0.20454545454545456,0.6,0.9,0.8,0.375,0.5172932330827068,0.0
20260629_225103_bc53ce62,20260629_225103_bc53ce62_g0048,48,433476779,6,56,56,57,2,2,BLUE,pool_heuristic,1,4.0,[4],0,71,3,"{""1"": 97, ""2"": 71, ""3"": 62, ""4"": 101}",False,16.0,-37.0,1.0,35.0,39.0,0.0975,10.0,10.0,10.0,10.0,0.0,0.0,0.0,0.0,57.0,26.0,14.0,7.0,25.0,1.0,0.0,1.0,4.0,1.0,0.0,0.0,0.0,56.0,57.0,0.64,0.6666666666666666,0.0228,0.0224,0.1575,0.7159090909090909,0.2840909090909091,0.4,0.7666666666666667,1.0,0.4416666666666667,0.4494569757727652,0.0
20260629_225103_bc53ce62,20260629_225103_bc53ce62_g0048,48,433476779,6,56,56,57,2,3,YELLOW,pool_l45_100ms,2,4.0,[4],0,62,4,"{""1"": 97, ""2"": 71, ""3"": 62, ""4"": 101}",False,6.0,-57.0,5.0,18.0,39.0,0.0975,0.0,0.0,0.0,0.0,0.0,0.0,0.0,0.0,67.0,6.0,13.0,8.0,31.0,0.0,0.0,2.0,5.0,1.0,0.0,0.0,0.0,56.0,57.0,0.64,0.6190476190476191,0.0228,0.0224,0.1425,0.6477272727272727,0.3522727272727273,0.15,0.4166666666666667,1.0,0.525,0.3905817174515235,0.0
20260629_225103_bc53ce62,20260629_225103_bc53ce62_g0048,48,433476779,6,56,56,57,2,4,GREEN,pool_peer_500ms,3,4.0,[4],1,101,1,"{""1"": 97, ""2"": 71, ""3"": 62, ""4"": 101}",False,23.0,-23.0,0.0,51.0,39.0,0.0975,40.0,27.75,40.75,19.0,10.0,9.75,2.0,0.0,27.0,63.75,14.0,7.0,22.0,1.0,1.0,2.0,2.0,1.0,0.0,0.0,0.0,56.0,57.0,0.64,0.6666666666666666,0.0228,0.0224,0.165,0.75,0.25,0.575,1.0,1.0,0.38333333333333336,0.569377990430622,0.0
20260629_225103_bc53ce62,20260629_225103_bc53ce62_g0048,48,433476779,7,64,64,72,1,1,RED,champ_v3,0,4.0,[4],0,97,2,"{""1"": 97, ""2"": 71, ""3"": 62, ""4"": 101}",False,23.0,-21.0,0.0,54.0,39.0,0.0975,1.0,0.5,1.5,0.0,0.0,1.5,0.0,0.0,18.0,24.5,18.0,3.0,11.0,0.0,0.0,1.0,2.0,0.0,0.0,0.0,0.0,64.0,72.0,0.69,0.8571428571428571,0.0288,0.0256,0.1925,0.875,0.125,0.575,0.6833333333333333,0.8,0.36666666666666664,0.5051264524948735,0.0
20260629_225103_bc53ce62,20260629_225103_bc53ce62_g0048,48,433476779,7,64,64,72,1,2,BLUE,pool_heuristic,1,4.0,[4],0,71,3,"{""1"": 97, ""2"": 71, ""3"": 62, ""4"": 101}",False,15.0,-37.0,1.0,43.0,39.0,0.0975,0.0,0.0,0.0,0.0,0.0,0.0,0.0,0.0,19.0,15.0,15.0,6.0,24.0,0.0,0.0,1.0,4.0,1.0,0.0,0.0,0.0,64.0,72.0,0.69,0.7142857142857143,0.0288,0.0256,0.16,0.7272727272727273,0.2727272727272727,0.375,0.48333333333333334,1.0,0.4333333333333333,0.4498355263157895,0.0
20260629_225103_bc53ce62,20260629_225103_bc53ce62_g0048,48,433476779,7,64,64,72,1,3,YELLOW,pool_l45_100ms,2,4.0,[4],0,62,4,"{""1"": 97, ""2"": 71, ""3"": 62, ""4"": 101}",False,6.0,-55.0,5.0,29.0,39.0,0.0975,0.0,0.0,0.0,0.0,0.0,0.0,0.0,0.0,19.0,6.0,13.0,8.0,31.0,0.0,0.0,2.0,5.0,1.0,0.0,0.0,0.0,64.0,72.0,0.69,0.6190476190476191,0.0288,0.0256,0.1425,0.6477272727272727,0.3522727272727273,0.15,0.4166666666666667,1.0,0.5083333333333333,0.3905817174515235,0.0
20260629_225103_bc53ce62,20260629_225103_bc53ce62_g0048,48,433476779,7,64,64,72,1,4,GREEN,pool_peer_500ms,3,4.0,[4],1,101,1,"{""1"": 97, ""2"": 71, ""3"": 62, ""4"": 101}",False,23.0,-21.0,0.0,63.0,39.0,0.0975,18.0,17.5,19.5,17.0,0.0,0.0,0.0,2.5,1.0,42.5,18.0,3.0,10.0,1.0,0.0,0.0,1.0,1.0,0.0,0.0,0.0,64.0,72.0,0.69,0.8571428571428571,0.0288,0.0256,0.195,0.8863636363636364,0.11363636363636363,0.575,0.7166666666666667,1.0,0.36666666666666664,0.5553306342780027,0.0
20260629_225103_bc53ce62,20260629_225103_bc53ce62_g0049,49,2057737956,0,8,8,8,1,1,RED,pool_heuristic,0,4.0,[4],0,73,3,"{""1"": 73, ""2"": 58, ""3"": 93, ""4"": 99}",False,6.0,-17.0,8.0,0.0,3.0,0.0075,358.0,83.0,331.5,6.0,10.0,27.75,104.0,183.75,1413.0,337.5,2.0,19.0,78.0,1.0,1.0,2.0,6.0,9.0,1.0,0.0,1.0,8.0,8.0,0.1,0.09523809523809523,0.0032,0.0032,0.025,0.11363636363636363,0.8863636363636364,0.15,1.0,1.0,0.19166666666666668,0.26315789473684215,0.0
20260629_225103_bc53ce62,20260629_225103_bc53ce62_g0049,49,2057737956,0,8,8,8,1,2,BLUE,pool_l45_100ms,1,4.0,[4],0,58,4,"{""1"": 73, ""2"": 58, ""3"": 93, ""4"": 99}",False,5.0,-19.0,9.0,0.0,3.0,0.0075,327.0,76.25,309.5,5.0,8.0,24.0,95.0,177.5,1444.0,314.5,2.0,19.0,78.0,1.0,1.0,2.0,6.0,9.0,1.0,1.0,0.0,8.0,8.0,0.1,0.09523809523809523,0.0032,0.0032,0.025,0.11363636363636363,0.8863636363636364,0.125,1.0,1.0,0.2,0.15263157894736834,0.0
20260629_225103_bc53ce62,20260629_225103_bc53ce62_g0049,49,2057737956,0,8,8,8,1,3,YELLOW,pool_peer_500ms,2,4.0,[4],0,93,2,"{""1"": 73, ""2"": 58, ""3"": 93, ""4"": 99}",False,9.0,-11.0,9.0,0.0,3.0,0.0075,543.0,122.625,488.75,9.0,15.0,41.25,153.5,270.0,1228.0,497.75,2.0,19.0,78.0,1.0,1.0,2.0,6.0,9.0,1.0,0.0,0.0,8.0,8.0,0.1,0.09523809523809523,0.0032,0.0032,0.025,0.11363636363636363,0.8863636363636364,0.225,1.0,1.0,0.16666666666666669,0.23684210526315785,0.0
20260629_225103_bc53ce62,20260629_225103_bc53ce62_g0049,49,2057737956,0,8,8,8,1,4,GREEN,champ_v3,3,4.0,[4],1,99,1,"{""1"": 73, ""2"": 58, ""3"": 93, ""4"": 99}",False,9.0,-11.0,9.0,0.0,3.0,0.0075,543.0,122.625,488.75,9.0,15.0,41.25,153.5,270.0,1228.0,497.75,2.0,19.0,78.0,1.0,1.0,2.0,6.0,9.0,1.0,0.0,0.0,8.0,8.0,0.1,0.09523809523809523,0.0032,0.0032,0.025,0.11363636363636363,0.8863636363636364,0.225,1.0,1.0,0.16666666666666669,0.23684210526315785,0.0
20260629_225103_bc53ce62,20260629_225103_bc53ce62_g0049,49,2057737956,1,16,16,16,1,1,RED,pool_heuristic,0,4.0,[4],0,73,3,"{""1"": 73, ""2"": 58, ""3"": 93, ""4"": 99}",False,12.0,-26.0,2.0,3.0,3.0,0.0075,495.0,121.25,463.875,11.0,17.0,46.5,167.5,221.875,1721.0,475.875,4.0,17.0,68.0,1.0,1.0,2.0,6.0,7.0,1.0,0.0,1.0,16.0,16.0,0.2,0.19047619047619047,0.0064,0.0064,0.05,0.22727272727272727,0.7727272727272727,0.3,1.0,1.0,0.31666666666666665,0.49736842105263157,0.0
20260629_225103_bc53ce62,20260629_225103_bc53ce62_g0049,49,2057737956,1,16,16,16,1,2,BLUE,pool_l45_100ms,1,4.0,[4],0,58,4,"{""1"": 73, ""2"": 58, ""3"": 93, ""4"": 99}",False,8.0,-34.0,6.0,1.0,3.0,0.0075,409.0,97.0,372.5,8.0,14.0,36.75,140.0,173.75,1807.0,380.5,4.0,17.0,68.0,1.0,1.0,2.0,6.0,7.0,1.0,0.0,0.0,16.0,16.0,0.2,0.19047619047619047,0.0064,0.0064,0.05,0.22727272727272727,0.7727272727272727,0.2,1.0,1.0,0.35,0.3263157894736842,0.0
20260629_225103_bc53ce62,20260629_225103_bc53ce62_g0049,49,2057737956,1,16,16,16,1,3,YELLOW,pool_peer_500ms,2,4.0,[4],0,93,2,"{""1"": 73, ""2"": 58, ""3"": 93, ""4"": 99}",False,14.0,-22.0,2.0,2.0,3.0,0.0075,578.0,147.75,561.25,14.0,22.0,57.75,200.0,267.5,1638.0,575.25,4.0,17.0,68.0,1.0,1.0,2.0,6.0,7.0,1.0,0.0,0.0,16.0,16.0,0.2,0.19047619047619047,0.0064,0.0064,0.05,0.22727272727272727,0.7727272727272727,0.35,1.0,1.0,0.3,0.47894736842105257,0.0
20260629_225103_bc53ce62,20260629_225103_bc53ce62_g0049,49,2057737956,1,16,16,16,1,4,GREEN,champ_v3,3,4.0,[4],1,99,1,"{""1"": 73, ""2"": 58, ""3"": 93, ""4"": 99}",False,16.0,-18.0,0.0,0.0,3.0,0.0075,734.0,185.375,711.0,16.0,26.0,72.0,259.5,337.5,1482.0,727.0,4.0,17.0,68.0,1.0,1.0,2.0,6.0,7.0,1.0,0.0,0.0,16.0,16.0,0.2,0.19047619047619047,0.0064,0.0064,0.05,0.22727272727272727,0.7727272727272727,0.4,1.0,1.0,0.2833333333333333,0.49473684210526314,0.0
20260629_225103_bc53ce62,20260629_225103_bc53ce62_g0049,49,2057737956,2,24,24,24,1,1,RED,pool_heuristic,0,4.0,[4],0,73,3,"{""1"": 73, ""2"": 58, ""3"": 93, ""4"": 99}",False,19.0,-29.0,2.0,14.0,3.0,0.0075,501.0,145.125,526.875,16.0,24.0,63.75,225.0,198.125,1158.0,545.875,6.0,15.0,58.0,1.0,1.0,2.0,6.0,5.0,1.0,0.0,1.0,24.0,24.0,0.2975,0.2857142857142857,0.0096,0.0096,0.075,0.3409090909090909,0.6590909090909091,0.475,1.0,1.0,0.4,0.5649122807017544,0.0
20260629_225103_bc53ce62,20260629_225103_bc53ce62_g0049,49,2057737956,2,24,24,24,1,2,BLUE,pool_l45_100ms,1,4.0,[4],0,58,4,"{""1"": 73, ""2"": 58, ""3"": 93, ""4"": 99}",False,11.0,-45.0,6.0,1.0,3.0,0.0075,140.0,42.75,129.0,11.0,10.0,18.75,53.0,36.25,1519.0,140.0,6.0,15.0,58.0,1.0,1.0,2.0,6.0,5.0,0.0,0.0,0.0,24.0,24.0,0.2975,0.2857142857142857,0.0096,0.0096,0.075,0.3409090909090909,0.6590909090909091,0.275,1.0,1.0,0.4666666666666667,0.38596491228070173,0.0
20260629_225103_bc53ce62,20260629_225103_bc53ce62_g0049,49,2057737956,2,24,24,24,1,3,YELLOW,pool_peer_500ms,2,4.0,[4],0,93,2,"{""1"": 73, ""2"": 58, ""3"": 93, ""4"": 99}",False,17.0,-33.0,0.0,8.0,3.0,0.0075,538.0,143.875,519.75,17.0,24.0,61.5,218.5,198.75,1121.0,536.75,6.0,15.0,58.0,1.0,1.0,2.0,6.0,5.0,1.0,0.0,0.0,24.0,24.0,0.2975,0.2857142857142857,0.0096,0.0096,0.075,0.3409090909090909,0.6590909090909091,0.425,1.0,1.0,0.4166666666666667,0.5754385964912281,0.0
20260629_225103_bc53ce62,20260629_225103_bc53ce62_g0049,49,2057737956,2,24,24,24,1,4,GREEN,champ_v3,3,4.0,[4],1,99,1,"{""1"": 73, ""2"": 58, ""3"": 93, ""4"": 99}",False,20.0,-27.0,0.0,13.0,3.0,0.0075,480.0,134.5,481.75,18.0,24.0,60.0,171.0,208.75,1179.0,501.75,6.0,15.0,59.0,1.0,1.0,2.0,5.0,6.0,1.0,0.0,0.0,24.0,24.0,0.2975,0.2857142857142857,0.0096,0.0096,0.0725,0.32954545454545453,0.6704545454545454,0.5,1.0,1.0,0.39166666666666666,0.5807622504537204,0.0
20260629_225103_bc53ce62,20260629_225103_bc53ce62_g0049,49,2057737956,3,32,32,32,1,1,RED,pool_heuristic,0,4.0,[4],0,73,3,"{""1"": 73, ""2"": 58, ""3"": 93, ""4"": 99}",False,24.0,-26.0,2.0,26.0,20.0,0.05,331.0,112.5,378.25,16.0,23.0,57.0,191.0,91.25,666.0,402.25,8.0,13.0,48.0,1.0,1.0,2.0,6.0,3.0,1.0,0.0,1.0,32.0,32.0,0.395,0.38095238095238093,0.0128,0.0128,0.1,0.45454545454545453,0.5454545454545454,0.6,1.0,1.0,0.4166666666666667,0.5657894736842105,0.0
20260629_225103_bc53ce62,20260629_225103_bc53ce62_g0049,49,2057737956,3,32,32,32,1,2,BLUE,pool_l45_100ms,1,4.0,[4],0,58,4,"{""1"": 73, ""2"": 58, ""3"": 93, ""4"": 99}",False,8.0,-58.0,6.0,4.0,20.0,0.05,34.0,15.125,34.625,7.0,4.0,6.0,12.0,5.625,963.0,42.625,8.0,13.0,48.0,1.0,1.0,2.0,6.0,3.0,0.0,0.0,0.0,32.0,32.0,0.395,0.38095238095238093,0.0128,0.0128,0.1,0.45454545454545453,0.5454545454545454,0.2,1.0,1.0,0.55,0.3828947368421053,0.0
20260629_225103_bc53ce62,20260629_225103_bc53ce62_g0049,49,2057737956,3,32,32,32,1,3,YELLOW,pool_peer_500ms,2,4.0,[4],0,93,2,"{""1"": 73, ""2"": 58, ""3"": 93, ""4"": 99}",False,18.0,-38.0,0.0,15.0,20.0,0.05,322.0,93.25,305.5,17.0,21.0,45.0,125.0,97.5,675.0,323.5,8.0,13.0,49.0,1.0,1.0,2.0,5.0,4.0,0.0,0.0,0.0,32.0,32.0,0.395,0.38095238095238093,0.0128,0.0128,0.0975,0.4431818181818182,0.5568181818181818,0.45,1.0,1.0,0.4666666666666667,0.5681511470985156,0.0
20260629_225103_bc53ce62,20260629_225103_bc53ce62_g0049,49,2057737956,3,32,32,32,1,4,GREEN,champ_v3,3,4.0,[4],1,99,1,"{""1"": 73, ""2"": 58, ""3"": 93, ""4"": 99}",False,24.0,-26.0,0.0,19.0,20.0,0.05,310.0,99.25,311.625,22.0,22.0,48.75,124.5,94.375,687.0,335.625,8.0,13.0,49.0,1.0,1.0,2.0,5.0,4.0,0.0,0.0,0.0,32.0,32.0,0.395,0.38095238095238093,0.0128,0.0128,0.0975,0.4431818181818182,0.5568181818181818,0.6,1.0,1.0,0.4166666666666667,0.592442645074224,0.0
20260629_225103_bc53ce62,20260629_225103_bc53ce62_g0049,49,2057737956,4,40,40,40,1,1,RED,pool_heuristic,0,4.0,[4],0,73,3,"{""1"": 73, ""2"": 58, ""3"": 93, ""4"": 99}",False,27.0,-25.0,2.0,29.0,25.0,0.0625,96.0,44.75,105.5,18.0,14.0,21.75,43.0,8.75,212.0,132.5,10.0,11.0,39.0,1.0,1.0,2.0,5.0,2.0,1.0,0.0,1.0,40.0,40.0,0.4925,0.47619047619047616,0.016,0.016,0.1225,0.5568181818181818,0.4431818181818182,0.675,1.0,1.0,0.4333333333333333,0.5316863587540279,0.0
20260629_225103_bc53ce62,20260629_225103_bc53ce62_g0049,49,2057737956,4,40,40,40,1,2,BLUE,pool_l45_100ms,1,4.0,[4],0,58,4,"{""1"": 73, ""2"": 58, ""3"": 93, ""4"": 99}",False,7.0,-65.0,6.0,9.0,25.0,0.0625,6.0,5.5,6.0,5.0,1.0,0.0,0.0,0.0,302.0,13.0,10.0,11.0,38.0,1.0,1.0,2.0,6.0,1.0,0.0,0.0,0.0,40.0,40.0,0.4925,0.47619047619047616,0.016,0.016,0.125,0.5681818181818182,0.4318181818181818,0.175,0.4,1.0,0.6,0.38526315789473686,0.0
20260629_225103_bc53ce62,20260629_225103_bc53ce62_g0049,49,2057737956,4,40,40,40,1,3,YELLOW,pool_peer_500ms,2,4.0,[4],0,93,2,"{""1"": 73, ""2"": 58, ""3"": 93, ""4"": 99}",False,18.0,-43.0,0.0,30.0,25.0,0.0625,93.0,38.375,92.625,15.0,11.0,19.5,39.0,8.125,215.0,110.625,10.0,11.0,39.0,1.0,1.0,2.0,5.0,2.0,0.0,0.0,0.0,40.0,40.0,0.4925,0.47619047619047616,0.016,0.016,0.1225,0.5568181818181818,0.4431818181818182,0.45,1.0,1.0,0.5083333333333333,0.5757250268528464,0.0
20260629_225103_bc53ce62,20260629_225103_bc53ce62_g0049,49,2057737956,4,40,40,40,1,4,GREEN,champ_v3,3,4.0,[4],1,99,1,"{""1"": 73, ""2"": 58, ""3"": 93, ""4"": 99}",False,27.0,-25.0,0.0,27.0,25.0,0.0625,113.0,50.875,117.0,22.0,15.0,23.25,45.5,11.25,195.0,144.0,10.0,11.0,39.0,1.0,1.0,2.0,5.0,2.0,0.0,0.0,0.0,40.0,40.0,0.4925,0.47619047619047616,0.016,0.016,0.1225,0.5568181818181818,0.4431818181818182,0.675,1.0,1.0,0.4333333333333333,0.593984962406015,0.0
20260629_225103_bc53ce62,20260629_225103_bc53ce62_g0049,49,2057737956,5,48,48,48,1,1,RED,pool_heuristic,0,4.0,[4],0,73,3,"{""1"": 73, ""2"": 58, ""3"": 93, ""4"": 99}",False,26.0,-24.0,2.0,33.0,34.0,0.085,32.0,22.0,32.25,16.0,6.0,5.25,5.0,0.0,178.0,58.25,12.0,9.0,30.0,1.0,1.0,2.0,4.0,1.0,0.0,0.0,1.0,48.0,48.0,0.565,0.5714285714285714,0.0192,0.0192,0.145,0.6590909090909091,0.3409090909090909,0.65,1.0,1.0,0.4166666666666667,0.5254083484573502,0.0
20260629_225103_bc53ce62,20260629_225103_bc53ce62_g0049,49,2057737956,5,48,48,48,1,2,BLUE,pool_l45_100ms,1,4.0,[4],0,58,4,"{""1"": 73, ""2"": 58, ""3"": 93, ""4"": 99}",False,4.0,-68.0,6.0,20.0,34.0,0.085,0.0,0.0,0.0,0.0,0.0,0.0,0.0,0.0,210.0,4.0,12.0,9.0,35.0,0.0,0.0,2.0,6.0,1.0,0.0,0.0,0.0,48.0,48.0,0.565,0.5714285714285714,0.0192,0.0192,0.1325,0.6022727272727273,0.3977272727272727,0.1,0.18333333333333332,1.0,0.6,0.37636544190665344,0.0
20260629_225103_bc53ce62,20260629_225103_bc53ce62_g0049,49,2057737956,5,48,48,48,1,3,YELLOW,pool_peer_500ms,2,4.0,[4],0,93,2,"{""1"": 73, ""2"": 58, ""3"": 93, ""4"": 99}",False,19.0,-38.0,0.0,38.0,34.0,0.085,79.0,36.75,82.25,16.0,11.0,20.25,30.0,5.0,131.0,101.25,12.0,9.0,30.0,1.0,1.0,2.0,4.0,1.0,0.0,0.0,0.0,48.0,48.0,0.565,0.5714285714285714,0.0192,0.0192,0.145,0.6590909090909091,0.3409090909090909,0.475,0.7333333333333333,1.0,0.475,0.5544464609800364,0.0
20260629_225103_bc53ce62,20260629_225103_bc53ce62_g0049,49,2057737956,5,48,48,48,1,4,GREEN,champ_v3,3,4.0,[4],1,99,1,"{""1"": 73, ""2"": 58, ""3"": 93, ""4"": 99}",False,27.0,-22.0,0.0,37.0,34.0,0.085,99.0,46.0,104.0,21.0,15.0,12.0,46.0,10.0,111.0,131.0,12.0,9.0,31.0,1.0,1.0,1.0,5.0,1.0,0.0,0.0,0.0,48.0,48.0,0.565,0.5714285714285714,0.0192,0.0192,0.1425,0.6477272727272727,0.3522727272727273,0.675,1.0,1.0,0.4083333333333333,0.5844875346260388,0.0
20260629_225103_bc53ce62,20260629_225103_bc53ce62_g0049,49,2057737956,6,56,56,59,4,1,RED,pool_heuristic,0,4.0,[4],0,73,3,"{""1"": 73, ""2"": 58, ""3"": 93, ""4"": 99}",False,22.0,-24.0,2.0,40.0,40.0,0.1,1.0,0.5,1.0,0.0,1.0,0.0,0.0,0.0,57.0,23.0,15.0,6.0,22.0,0.0,1.0,1.0,3.0,1.0,0.0,0.0,1.0,56.0,59.0,0.6375,0.7142857142857143,0.0236,0.0224,0.165,0.75,0.25,0.55,0.6833333333333333,1.0,0.38333333333333336,0.5079744816586922,0.0
20260629_225103_bc53ce62,20260629_225103_bc53ce62_g0049,49,2057737956,6,56,56,59,4,2,BLUE,pool_l45_100ms,1,4.0,[4],0,58,4,"{""1"": 73, ""2"": 58, ""3"": 93, ""4"": 99}",False,4.0,-60.0,6.0,24.0,40.0,0.1,0.0,0.0,0.0,0.0,0.0,0.0,0.0,0.0,58.0,4.0,12.0,9.0,35.0,0.0,0.0,2.0,6.0,1.0,0.0,0.0,0.0,56.0,59.0,0.6375,0.5714285714285714,0.0236,0.0224,0.1325,0.6022727272727273,0.3977272727272727,0.1,0.11666666666666667,1.0,0.5333333333333333,0.37636544190665344,0.0
20260629_225103_bc53ce62,20260629_225103_bc53ce62_g0049,49,2057737956,6,56,56,59,4,3,YELLOW,pool_peer_500ms,2,4.0,[4],0,93,2,"{""1"": 73, ""2"": 58, ""3"": 93, ""4"": 99}",False,17.0,-34.0,0.0,42.0,40.0,0.1,25.0,19.25,27.5,14.0,6.0,4.5,3.0,0.0,33.0,44.5,15.0,6.0,18.0,1.0,1.0,1.0,3.0,0.0,0.0,0.0,0.0,56.0,59.0,0.6375,0.7142857142857143,0.0236,0.0224,0.175,0.7954545454545454,0.20454545454545456,0.425,0.6,0.8,0.425,0.5045112781954887,0.0
20260629_225103_bc53ce62,20260629_225103_bc53ce62_g0049,49,2057737956,6,56,56,59,4,4,GREEN,champ_v3,3,4.0,[4],1,99,1,"{""1"": 73, ""2"": 58, ""3"": 93, ""4"": 99}",False,25.0,-18.0,0.0,47.0,40.0,0.1,32.0,22.375,31.0,17.0,6.0,4.5,3.5,0.0,26.0,56.0,14.0,7.0,22.0,1.0,1.0,1.0,4.0,0.0,0.0,0.0,0.0,56.0,59.0,0.6375,0.6666666666666666,0.0236,0.0224,0.165,0.75,0.25,0.625,1.0,0.8,0.35833333333333334,0.5653907496012759,0.0
20260629_225103_bc53ce62,20260629_225103_bc53ce62_g0049,49,2057737956,7,64,64,72,1,1,RED,pool_heuristic,0,4.0,[4],0,73,3,"{""1"": 73, ""2"": 58, ""3"": 93, ""4"": 99}",False,20.0,-22.0,2.0,41.0,43.0,0.1075,0.0,0.0,0.0,0.0,0.0,0.0,0.0,0.0,6.0,20.0,16.0,5.0,20.0,0.0,0.0,1.0,3.0,1.0,0.0,0.0,1.0,64.0,72.0,0.6875,0.7619047619047619,0.0288,0.0256,0.17,0.7727272727272727,0.22727272727272727,0.5,0.6,1.0,0.35,0.4984520123839009,0.0
20260629_225103_bc53ce62,20260629_225103_bc53ce62_g0049,49,2057737956,7,64,64,72,1,2,BLUE,pool_l45_100ms,1,4.0,[4],0,58,4,"{""1"": 73, ""2"": 58, ""3"": 93, ""4"": 99}",False,4.0,-54.0,6.0,29.0,43.0,0.1075,0.0,0.0,0.0,0.0,0.0,0.0,0.0,0.0,6.0,4.0,12.0,9.0,35.0,0.0,0.0,2.0,6.0,1.0,0.0,0.0,0.0,64.0,72.0,0.6875,0.5714285714285714,0.0288,0.0256,0.1325,0.6022727272727273,0.3977272727272727,0.1,0.11666666666666667,1.0,0.4833333333333333,0.37636544190665344,0.0
20260629_225103_bc53ce62,20260629_225103_bc53ce62_g0049,49,2057737956,7,64,64,72,1,3,YELLOW,pool_peer_500ms,2,4.0,[4],0,93,2,"{""1"": 73, ""2"": 58, ""3"": 93, ""4"": 99}",False,12.0,-38.0,0.0,49.0,43.0,0.1075,1.0,0.5,1.5,0.0,0.0,1.5,0.0,0.0,5.0,13.5,18.0,3.0,11.0,0.0,0.0,1.0,2.0,0.0,0.0,0.0,0.0,64.0,72.0,0.6875,0.8571428571428571,0.0288,0.0256,0.1925,0.875,0.125,0.3,0.31666666666666665,0.8,0.4166666666666667,0.4859876965140123,0.0
20260629_225103_bc53ce62,20260629_225103_bc53ce62_g0049,49,2057737956,7,64,64,72,1,4,GREEN,champ_v3,3,4.0,[4],1,99,1,"{""1"": 73, ""2"": 58, ""3"": 93, ""4"": 99}",False,26.0,-10.0,0.0,59.0,43.0,0.1075,5.0,1.25,4.0,0.0,0.0,3.0,1.0,0.0,1.0,30.0,18.0,3.0,11.0,0.0,0.0,1.0,2.0,0.0,0.0,0.0,0.0,64.0,72.0,0.6875,0.8571428571428571,0.0288,0.0256,0.1925,0.875,0.125,0.65,0.9166666666666666,0.8,0.3,0.5365686944634314,0.0
20260629_225103_bc53ce62,20260629_225103_bc53ce62_g0050,50,1207929142,0,8,8,8,1,1,RED,pool_l45_100ms,0,2.0,[2],0,77,3,"{""1"": 77, ""2"": 94, ""3"": 76, ""4"": 79}",False,6.0,-20.0,9.0,0.0,1.0,0.0025,388.0,90.5,366.25,6.0,10.0,28.5,113.0,208.75,1605.0,372.25,2.0,19.0,78.0,1.0,1.0,2.0,6.0,9.0,1.0,1.0,0.0,8.0,8.0,0.1,0.09523809523809523,0.0032,0.0032,0.025,0.11363636363636363,0.8863636363636364,0.15,1.0,1.0,0.21666666666666665,0.20526315789473681,0.0
20260629_225103_bc53ce62,20260629_225103_bc53ce62_g0050,50,1207929142,0,8,8,8,1,2,BLUE,pool_peer_500ms,1,2.0,[2],1,94,1,"{""1"": 77, ""2"": 94, ""3"": 76, ""4"": 79}",False,9.0,-14.0,9.0,0.0,1.0,0.0025,543.0,122.625,488.75,9.0,15.0,41.25,153.5,270.0,1450.0,497.75,2.0,19.0,78.0,1.0,1.0,2.0,6.0,9.0,1.0,0.0,0.0,8.0,8.0,0.1,0.09523809523809523,0.0032,0.0032,0.025,0.11363636363636363,0.8863636363636364,0.225,1.0,1.0,0.19166666666666668,0.23684210526315785,0.0
20260629_225103_bc53ce62,20260629_225103_bc53ce62_g0050,50,1207929142,0,8,8,8,1,3,YELLOW,champ_v3,2,2.0,[2],0,76,4,"{""1"": 77, ""2"": 94, ""3"": 76, ""4"": 79}",False,9.0,-14.0,9.0,0.0,1.0,0.0025,543.0,122.625,488.75,9.0,15.0,41.25,153.5,270.0,1450.0,497.75,2.0,19.0,78.0,1.0,1.0,2.0,6.0,9.0,1.0,0.0,0.0,8.0,8.0,0.1,0.09523809523809523,0.0032,0.0032,0.025,0.11363636363636363,0.8863636363636364,0.225,1.0,1.0,0.19166666666666668,0.23684210526315785,0.0
20260629_225103_bc53ce62,20260629_225103_bc53ce62_g0050,50,1207929142,0,8,8,8,1,4,GREEN,pool_heuristic,3,2.0,[2],0,79,2,"{""1"": 77, ""2"": 94, ""3"": 76, ""4"": 79}",False,8.0,-16.0,8.0,0.0,1.0,0.0025,519.0,126.125,510.5,8.0,14.0,40.5,160.5,287.5,1474.0,518.5,2.0,19.0,78.0,1.0,1.0,2.0,6.0,9.0,1.0,0.0,1.0,8.0,8.0,0.1,0.09523809523809523,0.0032,0.0032,0.025,0.11363636363636363,0.8863636363636364,0.2,1.0,1.0,0.2,0.26315789473684215,0.0
20260629_225103_bc53ce62,20260629_225103_bc53ce62_g0050,50,1207929142,1,16,16,16,1,1,RED,pool_l45_100ms,0,2.0,[2],0,77,3,"{""1"": 77, ""2"": 94, ""3"": 76, ""4"": 79}",False,10.0,-35.0,7.0,0.0,1.0,0.0025,507.0,118.75,455.0,10.0,17.0,45.0,173.0,210.0,1998.0,465.0,4.0,17.0,68.0,1.0,1.0,2.0,6.0,7.0,1.0,0.0,0.0,16.0,16.0,0.2,0.19047619047619047,0.0064,0.0064,0.05,0.22727272727272727,0.7727272727272727,0.25,1.0,1.0,0.375,0.3236842105263158,0.0
20260629_225103_bc53ce62,20260629_225103_bc53ce62_g0050,50,1207929142,1,16,16,16,1,2,BLUE,pool_peer_500ms,1,2.0,[2],1,94,1,"{""1"": 77, ""2"": 94, ""3"": 76, ""4"": 79}",False,16.0,-23.0,0.0,0.0,1.0,0.0025,843.0,211.375,817.75,16.0,29.0,84.0,302.5,386.25,1662.0,833.75,4.0,17.0,68.0,1.0,1.0,2.0,6.0,7.0,1.0,0.0,0.0,16.0,16.0,0.2,0.19047619047619047,0.0064,0.0064,0.05,0.22727272727272727,0.7727272727272727,0.4,1.0,1.0,0.325,0.49473684210526314,0.0
20260629_225103_bc53ce62,20260629_225103_bc53ce62_g0050,50,1207929142,1,16,16,16,1,3,YELLOW,champ_v3,2,2.0,[2],0,76,4,"{""1"": 77, ""2"": 94, ""3"": 76, ""4"": 79}",False,15.0,-25.0,3.0,2.0,1.0,0.0025,657.0,168.0,636.875,15.0,25.0,69.0,238.5,289.375,1848.0,651.875,4.0,17.0,68.0,1.0,1.0,2.0,6.0,7.0,1.0,0.0,0.0,16.0,16.0,0.2,0.19047619047619047,0.0064,0.0064,0.05,0.22727272727272727,0.7727272727272727,0.375,1.0,1.0,0.33333333333333337,0.45000000000000007,0.0
20260629_225103_bc53ce62,20260629_225103_bc53ce62_g0050,50,1207929142,1,16,16,16,1,4,GREEN,pool_heuristic,3,2.0,[2],0,79,2,"{""1"": 77, ""2"": 94, ""3"": 76, ""4"": 79}",False,14.0,-27.0,4.0,2.0,1.0,0.0025,498.0,141.375,540.875,12.0,20.0,54.75,206.0,248.125,2007.0,554.875,4.0,17.0,68.0,1.0,1.0,2.0,6.0,7.0,1.0,0.0,1.0,16.0,16.0,0.2,0.19047619047619047,0.0064,0.0064,0.05,0.22727272727272727,0.7727272727272727,0.35,1.0,1.0,0.3416666666666667,0.4736842105263158,0.0
20260629_225103_bc53ce62,20260629_225103_bc53ce62_g0050,50,1207929142,2,24,24,24,1,1,RED,pool_l45_100ms,0,2.0,[2],0,77,3,"{""1"": 77, ""2"": 94, ""3"": 76, ""4"": 79}",False,14.0,-43.0,6.0,1.0,13.0,0.0325,272.0,74.0,245.75,12.0,17.0,35.25,109.0,72.5,1230.0,259.75,6.0,15.0,58.0,1.0,1.0,2.0,6.0,5.0,0.0,0.0,0.0,24.0,24.0,0.3,0.2857142857142857,0.0096,0.0096,0.075,0.3409090909090909,0.6590909090909091,0.35,1.0,1.0,0.475,0.4017543859649123,0.0
20260629_225103_bc53ce62,20260629_225103_bc53ce62_g0050,50,1207929142,2,24,24,24,1,2,BLUE,pool_peer_500ms,1,2.0,[2],1,94,1,"{""1"": 77, ""2"": 94, ""3"": 76, ""4"": 79}",False,20.0,-31.0,0.0,5.0,13.0,0.0325,313.0,93.5,310.25,17.0,18.0,42.75,135.0,97.5,1189.0,330.25,6.0,15.0,58.0,1.0,1.0,2.0,6.0,5.0,0.0,0.0,0.0,24.0,24.0,0.3,0.2857142857142857,0.0096,0.0096,0.075,0.3409090909090909,0.6590909090909091,0.5,1.0,1.0,0.425,0.5824561403508772,0.0
20260629_225103_bc53ce62,20260629_225103_bc53ce62_g0050,50,1207929142,2,24,24,24,1,3,YELLOW,champ_v3,2,2.0,[2],0,76,4,"{""1"": 77, ""2"": 94, ""3"": 76, ""4"": 79}",False,18.0,-35.0,2.0,5.0,13.0,0.0325,534.0,143.75,518.375,16.0,25.0,63.0,227.5,186.875,968.0,536.375,6.0,15.0,58.0,1.0,1.0,2.0,6.0,5.0,1.0,0.0,0.0,24.0,24.0,0.3,0.2857142857142857,0.0096,0.0096,0.075,0.3409090909090909,0.6590909090909091,0.45,1.0,1.0,0.4416666666666667,0.5385964912280701,0.0
20260629_225103_bc53ce62,20260629_225103_bc53ce62_g0050,50,1207929142,2,24,24,24,1,4,GREEN,pool_heuristic,3,2.0,[2],0,79,2,"{""1"": 77, ""2"": 94, ""3"": 76, ""4"": 79}",False,19.0,-33.0,1.0,3.0,13.0,0.0325,383.0,113.125,383.5,16.0,24.0,56.25,178.5,108.75,1119.0,402.5,6.0,15.0,58.0,1.0,1.0,2.0,6.0,5.0,1.0,0.0,0.0,24.0,24.0,0.3,0.2857142857142857,0.0096,0.0096,0.075,0.3409090909090909,0.6590909090909091,0.475,1.0,1.0,0.4333333333333333,0.5263157894736843,0.0
20260629_225103_bc53ce62,20260629_225103_bc53ce62_g0050,50,1207929142,3,32,32,32,1,1,RED,pool_l45_100ms,0,2.0,[2],0,77,3,"{""1"": 77, ""2"": 94, ""3"": 76, ""4"": 79}",False,17.0,-53.0,4.0,7.0,8.0,0.02,94.0,38.375,94.75,14.0,13.0,18.0,38.5,11.25,586.0,111.75,8.0,13.0,48.0,1.0,1.0,2.0,6.0,3.0,0.0,0.0,0.0,32.0,32.0,0.3975,0.38095238095238093,0.0128,0.0128,0.1,0.45454545454545453,0.5454545454545454,0.425,1.0,1.0,0.5833333333333333,0.4328947368421052,0.0
20260629_225103_bc53ce62,20260629_225103_bc53ce62_g0050,50,1207929142,3,32,32,32,1,2,BLUE,pool_peer_500ms,1,2.0,[2],1,94,1,"{""1"": 77, ""2"": 94, ""3"": 76, ""4"": 79}",False,24.0,-39.0,0.0,11.0,8.0,0.02,158.0,68.75,185.0,21.0,20.0,41.25,69.0,33.75,522.0,209.0,8.0,13.0,49.0,1.0,1.0,2.0,5.0,4.0,0.0,0.0,0.0,32.0,32.0,0.3975,0.38095238095238093,0.0128,0.0128,0.0975,0.4431818181818182,0.5568181818181818,0.6,1.0,1.0,0.525,0.5883940620782726,0.0
20260629_225103_bc53ce62,20260629_225103_bc53ce62_g0050,50,1207929142,3,32,32,32,1,3,YELLOW,champ_v3,2,2.0,[2],0,76,4,"{""1"": 77, ""2"": 94, ""3"": 76, ""4"": 79}",False,23.0,-41.0,2.0,13.0,8.0,0.02,318.0,102.375,319.5,20.0,25.0,54.0,155.5,65.0,362.0,342.5,8.0,13.0,48.0,1.0,1.0,2.0,6.0,3.0,0.0,0.0,0.0,32.0,32.0,0.3975,0.38095238095238093,0.0128,0.0128,0.1,0.45454545454545453,0.5454545454545454,0.575,1.0,1.0,0.5333333333333333,0.5355263157894737,0.0
20260629_225103_bc53ce62,20260629_225103_bc53ce62_g0050,50,1207929142,3,32,32,32,1,4,GREEN,pool_heuristic,3,2.0,[2],0,79,2,"{""1"": 77, ""2"": 94, ""3"": 76, ""4"": 79}",False,23.0,-41.0,1.0,13.0,8.0,0.02,110.0,47.875,123.5,17.0,14.0,21.0,51.5,20.0,570.0,146.5,8.0,13.0,48.0,1.0,1.0,2.0,6.0,3.0,1.0,0.0,0.0,32.0,32.0,0.3975,0.38095238095238093,0.0128,0.0128,0.1,0.45454545454545453,0.5454545454545454,0.575,1.0,1.0,0.5333333333333333,0.5144736842105264,0.0
20260629_225103_bc53ce62,20260629_225103_bc53ce62_g0050,50,1207929142,4,40,40,40,1,1,RED,pool_l45_100ms,0,2.0,[2],0,77,3,"{""1"": 77, ""2"": 94, ""3"": 76, ""4"": 79}",False,16.0,-62.0,4.0,20.0,18.0,0.045,67.0,31.125,69.25,13.0,11.0,15.75,29.5,0.0,377.0,85.25,10.0,11.0,38.0,1.0,1.0,2.0,6.0,1.0,0.0,0.0,0.0,40.0,40.0,0.485,0.47619047619047616,0.016,0.016,0.125,0.5681818181818182,0.4318181818181818,0.4,1.0,1.0,0.65,0.4347368421052632,0.0
20260629_225103_bc53ce62,20260629_225103_bc53ce62_g0050,50,1207929142,4,40,40,40,1,2,BLUE,pool_peer_500ms,1,2.0,[2],1,94,1,"{""1"": 77, ""2"": 94, ""3"": 76, ""4"": 79}",False,29.0,-36.0,0.0,27.0,18.0,0.045,150.0,67.0,173.0,22.0,22.0,41.25,54.0,33.75,294.0,202.0,10.0,11.0,40.0,1.0,1.0,2.0,4.0,3.0,0.0,0.0,0.0,40.0,40.0,0.485,0.47619047619047616,0.016,0.016,0.12,0.5454545454545454,0.45454545454545453,0.725,1.0,1.0,0.5416666666666667,0.5789473684210527,0.0
20260629_225103_bc53ce62,20260629_225103_bc53ce62_g0050,50,1207929142,4,40,40,40,1,3,YELLOW,champ_v3,2,2.0,[2],0,76,4,"{""1"": 77, ""2"": 94, ""3"": 76, ""4"": 79}",False,24.0,-46.0,2.0,22.0,18.0,0.045,149.0,55.625,153.375,21.0,0.0,36.0,67.0,29.375,295.0,177.375,10.0,11.0,42.0,1.0,0.0,2.0,5.0,3.0,0.0,0.0,0.0,40.0,40.0,0.485,0.47619047619047616,0.016,0.016,0.115,0.5227272727272727,0.4772727272727273,0.6,1.0,1.0,0.5833333333333333,0.5194508009153318,0.0
20260629_225103_bc53ce62,20260629_225103_bc53ce62_g0050,50,1207929142,4,40,40,40,1,4,GREEN,pool_heuristic,3,2.0,[2],0,79,2,"{""1"": 77, ""2"": 94, ""3"": 76, ""4"": 79}",False,25.0,-44.0,1.0,25.0,18.0,0.045,78.0,39.375,87.5,18.0,12.0,16.5,33.5,7.5,366.0,112.5,10.0,11.0,38.0,1.0,1.0,2.0,6.0,1.0,0.0,0.0,0.0,40.0,40.0,0.485,0.47619047619047616,0.016,0.016,0.125,0.5681818181818182,0.4318181818181818,0.625,1.0,1.0,0.575,0.5463157894736843,0.0
20260629_225103_bc53ce62,20260629_225103_bc53ce62_g0050,50,1207929142,5,48,48,48,1,1,RED,pool_l45_100ms,0,2.0,[2],0,77,3,"{""1"": 77, ""2"": 94, ""3"": 76, ""4"": 79}",False,13.0,-61.0,4.0,25.0,36.0,0.09,33.0,18.0,35.0,9.0,7.0,9.0,10.0,0.0,148.0,48.0,12.0,9.0,30.0,1.0,1.0,2.0,4.0,1.0,0.0,0.0,0.0,48.0,48.0,0.5675,0.5714285714285714,0.0192,0.0192,0.145,0.6590909090909091,0.3409090909090909,0.325,0.8166666666666667,1.0,0.6166666666666667,0.4255898366606171,0.0
20260629_225103_bc53ce62,20260629_225103_bc53ce62_g0050,50,1207929142,5,48,48,48,1,2,BLUE,pool_peer_500ms,1,2.0,[2],1,94,1,"{""1"": 77, ""2"": 94, ""3"": 76, ""4"": 79}",False,32.0,-23.0,0.0,32.0,36.0,0.09,85.0,48.375,95.375,24.0,19.0,27.75,14.0,10.625,96.0,127.375,12.0,9.0,31.0,1.0,1.0,2.0,3.0,2.0,0.0,0.0,0.0,48.0,48.0,0.5675,0.5714285714285714,0.0192,0.0192,0.1425,0.6477272727272727,0.3522727272727273,0.8,1.0,1.0,0.4583333333333333,0.5447830101569713,0.0
20260629_225103_bc53ce62,20260629_225103_bc53ce62_g0050,50,1207929142,5,48,48,48,1,3,YELLOW,champ_v3,2,2.0,[2],0,76,4,"{""1"": 77, ""2"": 94, ""3"": 76, ""4"": 79}",False,19.0,-49.0,2.0,32.0,36.0,0.09,32.0,20.75,35.375,15.0,0.0,11.25,3.5,5.625,149.0,54.375,12.0,9.0,34.0,1.0,0.0,2.0,3.0,3.0,0.0,0.0,0.0,48.0,48.0,0.5675,0.5714285714285714,0.0192,0.0192,0.135,0.6136363636363636,0.38636363636363635,0.475,1.0,1.0,0.5666666666666667,0.4970760233918129,0.0
20260629_225103_bc53ce62,20260629_225103_bc53ce62_g0050,50,1207929142,5,48,48,48,1,4,GREEN,pool_heuristic,3,2.0,[2],0,79,2,"{""1"": 77, ""2"": 94, ""3"": 76, ""4"": 79}",False,23.0,-41.0,1.0,33.0,36.0,0.09,31.0,21.625,30.0,16.0,7.0,4.5,2.5,0.0,150.0,53.0,12.0,9.0,30.0,1.0,1.0,2.0,4.0,1.0,0.0,0.0,0.0,48.0,48.0,0.5675,0.5714285714285714,0.0192,0.0192,0.145,0.6590909090909091,0.3409090909090909,0.575,0.65,1.0,0.5333333333333333,0.5281306715063521,0.0
20260629_225103_bc53ce62,20260629_225103_bc53ce62_g0050,50,1207929142,6,56,56,56,1,1,RED,pool_l45_100ms,0,2.0,[2],0,77,3,"{""1"": 77, ""2"": 94, ""3"": 76, ""4"": 79}",False,13.0,-55.0,4.0,35.0,44.0,0.11,9.0,7.5,10.5,6.0,1.0,1.5,2.0,0.0,67.0,23.5,14.0,7.0,21.0,1.0,1.0,2.0,3.0,0.0,0.0,0.0,0.0,56.0,56.0,0.645,0.6666666666666666,0.0224,0.0224,0.1675,0.7613636363636364,0.23863636363636365,0.325,0.5833333333333334,0.8,0.5666666666666667,0.394344069128044,0.0
20260629_225103_bc53ce62,20260629_225103_bc53ce62_g0050,50,1207929142,6,56,56,56,1,2,BLUE,pool_peer_500ms,1,2.0,[2],1,94,1,"{""1"": 77, ""2"": 94, ""3"": 76, ""4"": 79}",False,31.0,-19.0,0.0,44.0,44.0,0.11,34.0,24.5,33.5,18.0,9.0,4.5,2.0,0.0,42.0,64.5,14.0,7.0,23.0,1.0,1.0,1.0,3.0,1.0,0.0,0.0,0.0,56.0,56.0,0.645,0.6666666666666666,0.0224,0.0224,0.1625,0.7386363636363636,0.26136363636363635,0.775,1.0,1.0,0.4166666666666667,0.5246963562753036,0.0
20260629_225103_bc53ce62,20260629_225103_bc53ce62_g0050,50,1207929142,6,56,56,56,1,3,YELLOW,champ_v3,2,2.0,[2],0,76,4,"{""1"": 77, ""2"": 94, ""3"": 76, ""4"": 79}",False,15.0,-51.0,2.0,43.0,44.0,0.11,17.0,14.25,20.0,12.0,0.0,4.5,1.0,2.5,59.0,35.0,14.0,7.0,26.0,1.0,0.0,1.0,3.0,2.0,0.0,0.0,0.0,56.0,56.0,0.645,0.6666666666666666,0.0224,0.0224,0.155,0.7045454545454546,0.29545454545454547,0.375,0.6833333333333333,1.0,0.55,0.4898132427843803,0.0
20260629_225103_bc53ce62,20260629_225103_bc53ce62_g0050,50,1207929142,6,56,56,56,1,4,GREEN,pool_heuristic,3,2.0,[2],0,79,2,"{""1"": 77, ""2"": 94, ""3"": 76, ""4"": 79}",False,22.0,-37.0,1.0,39.0,44.0,0.11,16.0,15.5,16.5,15.0,0.0,1.5,0.0,0.0,60.0,38.5,14.0,7.0,24.0,1.0,0.0,2.0,3.0,1.0,0.0,0.0,0.0,56.0,56.0,0.645,0.6666666666666666,0.0224,0.0224,0.16,0.7272727272727273,0.2727272727272727,0.55,0.5666666666666667,1.0,0.4916666666666667,0.5353618421052632,0.0
20260629_225103_bc53ce62,20260629_225103_bc53ce62_g0050,50,1207929142,7,64,64,64,1,1,RED,pool_l45_100ms,0,2.0,[2],0,77,3,"{""1"": 77, ""2"": 94, ""3"": 76, ""4"": 79}",False,9.0,-55.0,4.0,42.0,49.0,0.1225,0.0,0.0,0.0,0.0,0.0,0.0,0.0,0.0,19.0,9.0,16.0,5.0,16.0,0.0,1.0,2.0,2.0,0.0,0.0,0.0,0.0,64.0,64.0,0.7,0.7619047619047619,0.0256,0.0256,0.18,0.8181818181818182,0.18181818181818182,0.225,0.35,0.8,0.5333333333333333,0.3808479532163742,0.0
20260629_225103_bc53ce62,20260629_225103_bc53ce62_g0050,50,1207929142,7,64,64,64,1,2,BLUE,pool_peer_500ms,1,2.0,[2],1,94,1,"{""1"": 77, ""2"": 94, ""3"": 76, ""4"": 79}",False,29.0,-15.0,0.0,58.0,49.0,0.1225,18.0,16.0,18.0,14.0,4.0,0.0,0.0,0.0,1.0,47.0,16.0,5.0,16.0,1.0,1.0,0.0,2.0,1.0,0.0,0.0,0.0,64.0,64.0,0.7,0.7619047619047619,0.0256,0.0256,0.18,0.8181818181818182,0.18181818181818182,0.725,0.6666666666666666,1.0,0.36666666666666664,0.5146198830409356,0.0
20260629_225103_bc53ce62,20260629_225103_bc53ce62_g0050,50,1207929142,7,64,64,64,1,3,YELLOW,champ_v3,2,2.0,[2],0,76,4,"{""1"": 77, ""2"": 94, ""3"": 76, ""4"": 79}",False,13.0,-47.0,2.0,51.0,49.0,0.1225,1.0,0.5,1.5,0.0,0.0,1.5,0.0,0.0,18.0,14.5,16.0,5.0,20.0,0.0,0.0,1.0,3.0,1.0,0.0,0.0,0.0,64.0,64.0,0.7,0.7619047619047619,0.0256,0.0256,0.17,0.7727272727272727,0.22727272727272727,0.325,0.5,1.0,0.5,0.4767801857585139,0.0
20260629_225103_bc53ce62,20260629_225103_bc53ce62_g0050,50,1207929142,7,64,64,64,1,4,GREEN,pool_heuristic,3,2.0,[2],0,79,2,"{""1"": 77, ""2"": 94, ""3"": 76, ""4"": 79}",False,22.0,-29.0,1.0,43.0,49.0,0.1225,0.0,0.0,0.0,0.0,0.0,0.0,0.0,0.0,19.0,22.0,16.0,5.0,20.0,0.0,0.0,1.0,3.0,1.0,0.0,0.0,0.0,64.0,64.0,0.7,0.7619047619047619,0.0256,0.0256,0.17,0.7727272727272727,0.22727272727272727,0.55,0.4666666666666667,1.0,0.425,0.531733746130031,0.0
20260629_225103_bc53ce62,20260629_225103_bc53ce62_g0051,51,1789980014,0,8,8,8,1,1,RED,pool_peer_500ms,0,2.0,[2],0,79,2,"{""1"": 79, ""2"": 100, ""3"": 70, ""4"": 74}",False,9.0,-13.0,9.0,0.0,0.0,0.0,543.0,122.625,488.75,9.0,15.0,41.25,153.5,270.0,1338.0,497.75,2.0,19.0,78.0,1.0,1.0,2.0,6.0,9.0,1.0,0.0,0.0,8.0,8.0,0.1,0.09523809523809523,0.0032,0.0032,0.025,0.11363636363636363,0.8863636363636364,0.225,1.0,1.0,0.18333333333333332,0.23684210526315785,0.0
20260629_225103_bc53ce62,20260629_225103_bc53ce62_g0051,51,1789980014,0,8,8,8,1,2,BLUE,champ_v3,1,2.0,[2],1,100,1,"{""1"": 79, ""2"": 100, ""3"": 70, ""4"": 74}",False,9.0,-13.0,9.0,0.0,0.0,0.0,543.0,122.625,488.75,9.0,15.0,41.25,153.5,270.0,1338.0,497.75,2.0,19.0,78.0,1.0,1.0,2.0,6.0,9.0,1.0,0.0,0.0,8.0,8.0,0.1,0.09523809523809523,0.0032,0.0032,0.025,0.11363636363636363,0.8863636363636364,0.225,1.0,1.0,0.18333333333333332,0.23684210526315785,0.0
20260629_225103_bc53ce62,20260629_225103_bc53ce62_g0051,51,1789980014,0,8,8,8,1,3,YELLOW,pool_heuristic,2,2.0,[2],0,70,4,"{""1"": 79, ""2"": 100, ""3"": 70, ""4"": 74}",False,6.0,-19.0,8.0,0.0,0.0,0.0,351.0,89.625,362.0,6.0,10.0,28.5,112.5,205.0,1530.0,368.0,2.0,19.0,78.0,1.0,1.0,2.0,6.0,9.0,1.0,1.0,1.0,8.0,8.0,0.1,0.09523809523809523,0.0032,0.0032,0.025,0.11363636363636363,0.8863636363636364,0.15,1.0,1.0,0.20833333333333334,0.26315789473684215,0.0
20260629_225103_bc53ce62,20260629_225103_bc53ce62_g0051,51,1789980014,0,8,8,8,1,4,GREEN,pool_l45_100ms,3,2.0,[2],0,74,3,"{""1"": 79, ""2"": 100, ""3"": 70, ""4"": 74}",False,7.0,-17.0,9.0,0.0,0.0,0.0,444.0,103.25,415.125,7.0,12.0,33.75,130.5,231.875,1437.0,422.125,2.0,19.0,78.0,1.0,1.0,2.0,6.0,9.0,1.0,1.0,0.0,8.0,8.0,0.1,0.09523809523809523,0.0032,0.0032,0.025,0.11363636363636363,0.8863636363636364,0.175,1.0,1.0,0.2,0.20526315789473681,0.0
20260629_225103_bc53ce62,20260629_225103_bc53ce62_g0051,51,1789980014,1,16,16,16,1,1,RED,pool_peer_500ms,0,2.0,[2],0,79,2,"{""1"": 79, ""2"": 100, ""3"": 70, ""4"": 74}",False,16.0,-21.0,0.0,1.0,4.0,0.01,702.0,176.0,681.25,14.0,24.0,67.5,247.0,328.75,1765.0,697.25,4.0,17.0,68.0,1.0,1.0,2.0,6.0,7.0,1.0,0.0,0.0,16.0,16.0,0.2,0.19047619047619047,0.0064,0.0064,0.05,0.22727272727272727,0.7727272727272727,0.4,1.0,1.0,0.30833333333333335,0.49473684210526314,0.0
20260629_225103_bc53ce62,20260629_225103_bc53ce62_g0051,51,1789980014,1,16,16,16,1,2,BLUE,champ_v3,1,2.0,[2],1,100,1,"{""1"": 79, ""2"": 100, ""3"": 70, ""4"": 74}",False,14.0,-25.0,1.0,2.0,4.0,0.01,650.0,157.5,600.875,14.0,23.0,62.25,218.5,283.125,1817.0,614.875,4.0,17.0,68.0,1.0,1.0,2.0,6.0,7.0,0.0,0.0,0.0,16.0,16.0,0.2,0.19047619047619047,0.0064,0.0064,0.05,0.22727272727272727,0.7727272727272727,0.35,1.0,1.0,0.325,0.48684210526315785,0.0
20260629_225103_bc53ce62,20260629_225103_bc53ce62_g0051,51,1789980014,1,16,16,16,1,3,YELLOW,pool_heuristic,2,2.0,[2],0,70,4,"{""1"": 79, ""2"": 100, ""3"": 70, ""4"": 74}",False,13.0,-27.0,2.0,2.0,4.0,0.01,609.0,165.875,653.625,12.0,20.0,60.0,231.0,330.625,1858.0,666.625,4.0,17.0,68.0,1.0,1.0,2.0,6.0,7.0,1.0,1.0,1.0,16.0,16.0,0.2,0.19047619047619047,0.0064,0.0064,0.05,0.22727272727272727,0.7727272727272727,0.325,1.0,1.0,0.33333333333333337,0.513157894736842,0.0
20260629_225103_bc53ce62,20260629_225103_bc53ce62_g0051,51,1789980014,1,16,16,16,1,4,GREEN,pool_l45_100ms,3,2.0,[2],0,74,3,"{""1"": 79, ""2"": 100, ""3"": 70, ""4"": 74}",False,10.0,-33.0,7.0,0.0,4.0,0.01,506.0,118.375,453.875,10.0,17.0,45.0,170.0,211.875,1961.0,463.875,4.0,17.0,68.0,1.0,1.0,2.0,6.0,7.0,1.0,0.0,0.0,16.0,16.0,0.2,0.19047619047619047,0.0064,0.0064,0.05,0.22727272727272727,0.7727272727272727,0.25,1.0,1.0,0.35833333333333334,0.3131578947368421,0.0
20260629_225103_bc53ce62,20260629_225103_bc53ce62_g0051,51,1789980014,2,24,24,24,1,1,RED,pool_peer_500ms,0,2.0,[2],0,79,2,"{""1"": 79, ""2"": 100, ""3"": 70, ""4"": 74}",False,20.0,-28.0,0.0,7.0,12.0,0.03,616.0,165.25,602.875,17.0,27.0,72.75,265.5,220.625,913.0,622.875,6.0,15.0,58.0,1.0,1.0,2.0,6.0,5.0,1.0,0.0,0.0,24.0,24.0,0.3,0.2857142857142857,0.0096,0.0096,0.075,0.3409090909090909,0.6590909090909091,0.5,1.0,1.0,0.4,0.5824561403508772,0.0
20260629_225103_bc53ce62,20260629_225103_bc53ce62_g0051,51,1789980014,2,24,24,24,1,2,BLUE,champ_v3,1,2.0,[2],1,100,1,"{""1"": 79, ""2"": 100, ""3"": 70, ""4"": 74}",False,18.0,-32.0,1.0,10.0,12.0,0.03,447.0,118.25,424.25,14.0,21.0,52.5,178.0,158.75,1082.0,442.25,6.0,15.0,58.0,1.0,1.0,2.0,6.0,5.0,0.0,0.0,0.0,24.0,24.0,0.3,0.2857142857142857,0.0096,0.0096,0.075,0.3409090909090909,0.6590909090909091,0.45,1.0,1.0,0.4166666666666667,0.5754385964912281,0.0
20260629_225103_bc53ce62,20260629_225103_bc53ce62_g0051,51,1789980014,2,24,24,24,1,3,YELLOW,pool_heuristic,2,2.0,[2],0,70,4,"{""1"": 79, ""2"": 100, ""3"": 70, ""4"": 74}",False,19.0,-30.0,2.0,6.0,12.0,0.03,229.0,75.75,249.625,13.0,17.0,39.0,102.5,78.125,1300.0,268.625,6.0,15.0,58.0,1.0,1.0,2.0,6.0,5.0,1.0,1.0,1.0,24.0,24.0,0.3,0.2857142857142857,0.0096,0.0096,0.075,0.3409090909090909,0.6590909090909091,0.475,1.0,1.0,0.4083333333333333,0.5105263157894737,0.0
20260629_225103_bc53ce62,20260629_225103_bc53ce62_g0051,51,1789980014,2,24,24,24,1,4,GREEN,pool_l45_100ms,3,2.0,[2],0,74,3,"{""1"": 79, ""2"": 100, ""3"": 70, ""4"": 74}",False,11.0,-46.0,3.0,5.0,12.0,0.03,237.0,59.5,207.125,9.0,10.0,25.5,89.5,73.125,1292.0,218.125,6.0,15.0,58.0,1.0,1.0,2.0,6.0,5.0,0.0,0.0,0.0,24.0,24.0,0.3,0.2857142857142857,0.0096,0.0096,0.075,0.3409090909090909,0.6590909090909091,0.275,1.0,1.0,0.475,0.4175438596491228,0.0
20260629_225103_bc53ce62,20260629_225103_bc53ce62_g0051,51,1789980014,3,32,32,32,1,1,RED,pool_peer_500ms,0,2.0,[2],0,79,2,"{""1"": 79, ""2"": 100, ""3"": 70, ""4"": 74}",False,25.0,-32.0,0.0,11.0,18.0,0.045,333.0,106.625,341.5,20.0,23.0,53.25,166.5,78.75,283.0,366.5,8.0,13.0,48.0,1.0,1.0,2.0,6.0,3.0,0.0,0.0,0.0,32.0,32.0,0.4,0.38095238095238093,0.0128,0.0128,0.1,0.45454545454545453,0.5454545454545454,0.625,1.0,1.0,0.475,0.5342105263157895,0.0
20260629_225103_bc53ce62,20260629_225103_bc53ce62_g0051,51,1789980014,3,32,32,32,1,2,BLUE,champ_v3,1,2.0,[2],1,100,1,"{""1"": 79, ""2"": 100, ""3"": 70, ""4"": 74}",False,23.0,-36.0,1.0,23.0,18.0,0.045,107.0,41.75,110.25,14.0,12.0,18.75,48.0,17.5,509.0,133.25,8.0,13.0,48.0,1.0,1.0,2.0,6.0,3.0,0.0,0.0,0.0,32.0,32.0,0.4,0.38095238095238093,0.0128,0.0128,0.1,0.45454545454545453,0.5454545454545454,0.575,1.0,1.0,0.4916666666666667,0.5855263157894737,0.0
20260629_225103_bc53ce62,20260629_225103_bc53ce62_g0051,51,1789980014,3,32,32,32,1,3,YELLOW,pool_heuristic,2,2.0,[2],0,70,4,"{""1"": 79, ""2"": 100, ""3"": 70, ""4"": 74}",False,22.0,-38.0,2.0,13.0,18.0,0.045,142.0,51.75,140.0,15.0,15.0,31.5,61.0,17.5,474.0,162.0,8.0,13.0,48.0,1.0,1.0,2.0,6.0,3.0,1.0,1.0,0.0,32.0,32.0,0.4,0.38095238095238093,0.0128,0.0128,0.1,0.45454545454545453,0.5454545454545454,0.55,1.0,1.0,0.5,0.493421052631579,0.0
20260629_225103_bc53ce62,20260629_225103_bc53ce62_g0051,51,1789980014,3,32,32,32,1,4,GREEN,pool_l45_100ms,3,2.0,[2],0,74,3,"{""1"": 79, ""2"": 100, ""3"": 70, ""4"": 74}",False,12.0,-58.0,3.0,10.0,18.0,0.045,34.0,16.5,33.875,9.0,4.0,6.0,10.5,4.375,582.0,45.875,8.0,13.0,48.0,1.0,1.0,2.0,6.0,3.0,0.0,0.0,0.0,32.0,32.0,0.4,0.38095238095238093,0.0128,0.0128,0.1,0.45454545454545453,0.5454545454545454,0.3,1.0,1.0,0.5833333333333333,0.4302631578947369,0.0
20260629_225103_bc53ce62,20260629_225103_bc53ce62_g0051,51,1789980014,4,40,40,40,1,1,RED,pool_peer_500ms,0,2.0,[2],0,79,2,"{""1"": 79, ""2"": 100, ""3"": 70, ""4"": 74}",False,28.0,-27.0,0.0,16.0,29.0,0.0725,174.0,65.5,174.125,22.0,17.0,35.25,65.5,34.375,106.0,202.125,10.0,11.0,40.0,1.0,1.0,2.0,4.0,3.0,0.0,0.0,0.0,40.0,40.0,0.49,0.47619047619047616,0.016,0.016,0.12,0.5454545454545454,0.45454545454545453,0.7,1.0,1.0,0.4583333333333333,0.5361842105263157,0.0
20260629_225103_bc53ce62,20260629_225103_bc53ce62_g0051,51,1789980014,4,40,40,40,1,2,BLUE,champ_v3,1,2.0,[2],1,100,1,"{""1"": 79, ""2"": 100, ""3"": 70, ""4"": 74}",False,27.0,-29.0,1.0,31.0,29.0,0.0725,44.0,25.5,45.5,15.0,9.0,9.75,8.0,3.75,236.0,72.5,10.0,11.0,39.0,1.0,1.0,2.0,5.0,2.0,0.0,0.0,0.0,40.0,40.0,0.49,0.47619047619047616,0.016,0.016,0.1225,0.5568181818181818,0.4431818181818182,0.675,1.0,1.0,0.4666666666666667,0.5886143931256713,0.0
20260629_225103_bc53ce62,20260629_225103_bc53ce62_g0051,51,1789980014,4,40,40,40,1,3,YELLOW,pool_heuristic,2,2.0,[2],0,70,4,"{""1"": 79, ""2"": 100, ""3"": 70, ""4"": 74}",False,18.0,-47.0,2.0,19.0,29.0,0.0725,54.0,25.75,54.75,11.0,10.0,15.75,18.0,0.0,226.0,72.75,10.0,11.0,38.0,1.0,1.0,2.0,6.0,1.0,1.0,0.0,0.0,40.0,40.0,0.49,0.47619047619047616,0.016,0.016,0.125,0.5681818181818182,0.4318181818181818,0.45,1.0,1.0,0.5416666666666667,0.5031578947368421,0.0
20260629_225103_bc53ce62,20260629_225103_bc53ce62_g0051,51,1789980014,4,40,40,40,1,4,GREEN,pool_l45_100ms,3,2.0,[2],0,74,3,"{""1"": 79, ""2"": 100, ""3"": 70, ""4"": 74}",False,10.0,-63.0,3.0,14.0,29.0,0.0725,8.0,7.5,8.0,7.0,1.0,0.0,0.0,0.0,272.0,18.0,10.0,11.0,39.0,1.0,1.0,2.0,5.0,2.0,0.0,0.0,0.0,40.0,40.0,0.49,0.47619047619047616,0.016,0.016,0.1225,0.5568181818181818,0.4431818181818182,0.25,0.5666666666666667,1.0,0.6083333333333333,0.3845327604726101,0.0
20260629_225103_bc53ce62,20260629_225103_bc53ce62_g0051,51,1789980014,5,48,48,48,1,1,RED,pool_peer_500ms,0,2.0,[2],0,79,2,"{""1"": 79, ""2"": 100, ""3"": 70, ""4"": 74}",False,30.0,-20.0,0.0,26.0,43.0,0.1075,62.0,35.25,67.625,21.0,10.0,7.5,18.5,10.625,93.0,97.625,12.0,9.0,33.0,1.0,1.0,1.0,3.0,3.0,0.0,0.0,0.0,48.0,48.0,0.57,0.5714285714285714,0.0192,0.0192,0.1375,0.625,0.375,0.75,1.0,1.0,0.4166666666666667,0.508133971291866,0.0
20260629_225103_bc53ce62,20260629_225103_bc53ce62_g0051,51,1789980014,5,48,48,48,1,2,BLUE,champ_v3,1,2.0,[2],1,100,1,"{""1"": 79, ""2"": 100, ""3"": 70, ""4"": 74}",False,27.0,-26.0,1.0,41.0,43.0,0.1075,53.0,25.875,54.0,13.0,7.0,10.5,23.5,0.0,102.0,81.0,12.0,9.0,29.0,1.0,1.0,2.0,5.0,0.0,0.0,0.0,0.0,48.0,48.0,0.57,0.5714285714285714,0.0192,0.0192,0.1475,0.6704545454545454,0.32954545454545453,0.675,1.0,0.8,0.4416666666666667,0.544157002676182,0.0
20260629_225103_bc53ce62,20260629_225103_bc53ce62_g0051,51,1789980014,5,48,48,48,1,3,YELLOW,pool_heuristic,2,2.0,[2],0,70,4,"{""1"": 79, ""2"": 100, ""3"": 70, ""4"": 74}",False,14.0,-52.0,2.0,21.0,43.0,0.1075,18.0,11.75,19.0,7.0,5.0,6.0,1.0,0.0,137.0,33.0,12.0,9.0,30.0,1.0,1.0,2.0,4.0,1.0,1.0,0.0,0.0,48.0,48.0,0.57,0.5714285714285714,0.0192,0.0192,0.145,0.6590909090909091,0.3409090909090909,0.35,0.8166666666666667,1.0,0.55,0.48457350272232314,0.0
20260629_225103_bc53ce62,20260629_225103_bc53ce62_g0051,51,1789980014,5,48,48,48,1,4,GREEN,pool_l45_100ms,3,2.0,[2],0,74,3,"{""1"": 79, ""2"": 100, ""3"": 70, ""4"": 74}",False,9.0,-62.0,3.0,27.0,43.0,0.1075,22.0,11.75,24.5,7.0,0.0,4.5,13.0,0.0,133.0,33.5,12.0,9.0,32.0,1.0,0.0,2.0,5.0,1.0,0.0,0.0,0.0,48.0,48.0,0.57,0.5714285714285714,0.0192,0.0192,0.14,0.6363636363636364,0.36363636363636365,0.225,1.0,1.0,0.5916666666666667,0.40601503759398494,0.0
20260629_225103_bc53ce62,20260629_225103_bc53ce62_g0051,51,1789980014,6,56,56,56,1,1,RED,pool_peer_500ms,0,2.0,[2],0,79,2,"{""1"": 79, ""2"": 100, ""3"": 70, ""4"": 74}",False,25.0,-20.0,0.0,33.0,50.0,0.125,13.0,12.5,13.0,12.0,1.0,0.0,0.0,0.0,35.0,38.0,14.0,7.0,25.0,1.0,1.0,0.0,3.0,2.0,0.0,0.0,0.0,56.0,56.0,0.6425,0.6666666666666666,0.0224,0.0224,0.1575,0.7159090909090909,0.2840909090909091,0.625,1.0,1.0,0.375,0.5071010860484544,0.0
20260629_225103_bc53ce62,20260629_225103_bc53ce62_g0051,51,1789980014,6,56,56,56,1,2,BLUE,champ_v3,1,2.0,[2],1,100,1,"{""1"": 79, ""2"": 100, ""3"": 70, ""4"": 74}",False,27.0,-16.0,1.0,51.0,50.0,0.125,27.0,18.75,29.5,13.0,5.0,4.5,7.0,0.0,21.0,56.5,14.0,7.0,21.0,1.0,1.0,2.0,3.0,0.0,0.0,0.0,0.0,56.0,56.0,0.6425,0.6666666666666666,0.0224,0.0224,0.1675,0.7613636363636364,0.23863636363636365,0.675,1.0,0.8,0.35833333333333334,0.5443833464257659,0.0
20260629_225103_bc53ce62,20260629_225103_bc53ce62_g0051,51,1789980014,6,56,56,56,1,3,YELLOW,pool_heuristic,2,2.0,[2],0,70,4,"{""1"": 79, ""2"": 100, ""3"": 70, ""4"": 74}",False,10.0,-50.0,2.0,34.0,50.0,0.125,2.0,1.0,2.5,0.0,1.0,1.5,0.0,0.0,46.0,12.5,14.0,7.0,25.0,0.0,1.0,2.0,3.0,1.0,1.0,0.0,0.0,56.0,56.0,0.6425,0.6666666666666666,0.0224,0.0224,0.1575,0.7159090909090909,0.2840909090909091,0.25,0.5166666666666667,1.0,0.5,0.4628237259816208,0.0
20260629_225103_bc53ce62,20260629_225103_bc53ce62_g0051,51,1789980014,6,56,56,56,1,4,GREEN,pool_l45_100ms,3,2.0,[2],0,74,3,"{""1"": 79, ""2"": 100, ""3"": 70, ""4"": 74}",False,8.0,-54.0,3.0,31.0,50.0,0.125,6.0,6.0,6.0,6.0,0.0,0.0,0.0,0.0,42.0,14.0,14.0,7.0,24.0,1.0,0.0,2.0,3.0,1.0,0.0,0.0,0.0,56.0,56.0,0.6425,0.6666666666666666,0.0224,0.0224,0.16,0.7272727272727273,0.2727272727272727,0.2,0.36666666666666664,1.0,0.5166666666666667,0.390625,0.0
20260629_225103_bc53ce62,20260629_225103_bc53ce62_g0051,51,1789980014,7,64,64,66,3,1,RED,pool_peer_500ms,0,2.0,[2],0,79,2,"{""1"": 79, ""2"": 100, ""3"": 70, ""4"": 74}",False,22.0,-20.0,0.0,34.0,55.0,0.1375,0.0,0.0,0.0,0.0,0.0,0.0,0.0,0.0,7.0,22.0,16.0,5.0,22.0,0.0,0.0,0.0,3.0,2.0,0.0,0.0,0.0,64.0,66.0,0.685,0.7619047619047619,0.0264,0.0256,0.165,0.75,0.25,0.55,0.8,1.0,0.35,0.5175438596491229,0.0
20260629_225103_bc53ce62,20260629_225103_bc53ce62_g0051,51,1789980014,7,64,64,66,3,2,BLUE,champ_v3,1,2.0,[2],1,100,1,"{""1"": 79, ""2"": 100, ""3"": 70, ""4"": 74}",False,27.0,-10.0,1.0,62.0,55.0,0.1375,7.0,1.75,5.75,0.0,0.0,3.75,2.0,0.0,0.0,32.75,17.0,4.0,14.0,0.0,0.0,2.0,2.0,0.0,0.0,0.0,0.0,64.0,66.0,0.685,0.8095238095238095,0.0264,0.0256,0.185,0.8409090909090909,0.1590909090909091,0.675,1.0,0.8,0.30833333333333335,0.5298719772403984,0.0
20260629_225103_bc53ce62,20260629_225103_bc53ce62_g0051,51,1789980014,7,64,64,66,3,3,YELLOW,pool_heuristic,2,2.0,[2],0,70,4,"{""1"": 79, ""2"": 100, ""3"": 70, ""4"": 74}",False,9.0,-46.0,2.0,43.0,55.0,0.1375,0.0,0.0,0.0,0.0,0.0,0.0,0.0,0.0,7.0,9.0,15.0,6.0,23.0,0.0,0.0,2.0,3.0,1.0,1.0,0.0,0.0,64.0,66.0,0.685,0.7142857142857143,0.0264,0.0256,0.1625,0.7386363636363636,0.26136363636363635,0.225,0.36666666666666664,1.0,0.4583333333333333,0.4526315789473684,0.0
20260629_225103_bc53ce62,20260629_225103_bc53ce62_g0051,51,1789980014,7,64,64,66,3,4,GREEN,pool_l45_100ms,3,2.0,[2],0,74,3,"{""1"": 79, ""2"": 100, ""3"": 70, ""4"": 74}",False,6.0,-52.0,3.0,37.0,55.0,0.1375,0.0,0.0,0.0,0.0,0.0,0.0,0.0,0.0,7.0,6.0,16.0,5.0,19.0,0.0,0.0,2.0,2.0,1.0,0.0,0.0,0.0,64.0,66.0,0.685,0.7619047619047619,0.0264,0.0256,0.1725,0.7840909090909091,0.2159090909090909,0.15,0.2,1.0,0.4833333333333333,0.4073226544622426,0.0
20260629_225103_bc53ce62,20260629_225103_bc53ce62_g0052,52,2085573036,0,8,8,8,1,1,RED,champ_v3,0,3.0,[3],0,90,2,"{""1"": 90, ""2"": 73, ""3"": 95, ""4"": 89}",False,9.0,-13.0,9.0,0.0,0.0,0.0,543.0,122.625,488.75,9.0,15.0,41.25,153.5,270.0,1229.0,497.75,2.0,19.0,78.0,1.0,1.0,2.0,6.0,9.0,1.0,0.0,0.0,8.0,8.0,0.1,0.09523809523809523,0.0032,0.0032,0.025,0.11363636363636363,0.8863636363636364,0.225,1.0,1.0,0.18333333333333332,0.23684210526315785,0.0
20260629_225103_bc53ce62,20260629_225103_bc53ce62_g0052,52,2085573036,0,8,8,8,1,2,BLUE,pool_heuristic,1,3.0,[3],0,73,4,"{""1"": 90, ""2"": 73, ""3"": 95, ""4"": 89}",False,6.0,-19.0,9.0,0.0,0.0,0.0,322.0,79.0,316.75,6.0,9.0,24.75,97.0,180.0,1450.0,322.75,2.0,19.0,78.0,1.0,1.0,2.0,6.0,9.0,0.0,1.0,1.0,8.0,8.0,0.1,0.09523809523809523,0.0032,0.0032,0.025,0.11363636363636363,0.8863636363636364,0.15,1.0,1.0,0.20833333333333334,0.25263157894736843,0.0
20260629_225103_bc53ce62,20260629_225103_bc53ce62_g0052,52,2085573036,0,8,8,8,1,3,YELLOW,pool_l45_100ms,2,3.0,[3],1,95,1,"{""1"": 90, ""2"": 73, ""3"": 95, ""4"": 89}",False,7.0,-17.0,9.0,0.0,0.0,0.0,364.0,86.0,341.875,7.0,10.0,27.0,108.5,189.375,1408.0,348.875,2.0,19.0,78.0,1.0,1.0,2.0,6.0,9.0,1.0,1.0,0.0,8.0,8.0,0.1,0.09523809523809523,0.0032,0.0032,0.025,0.11363636363636363,0.8863636363636364,0.175,1.0,1.0,0.2,0.17368421052631577,0.0
20260629_225103_bc53ce62,20260629_225103_bc53ce62_g0052,52,2085573036,0,8,8,8,1,4,GREEN,pool_peer_500ms,3,3.0,[3],0,89,3,"{""1"": 90, ""2"": 73, ""3"": 95, ""4"": 89}",False,9.0,-13.0,9.0,0.0,0.0,0.0,543.0,122.625,488.75,9.0,15.0,41.25,153.5,270.0,1229.0,497.75,2.0,19.0,78.0,1.0,1.0,2.0,6.0,9.0,1.0,0.0,0.0,8.0,8.0,0.1,0.09523809523809523,0.0032,0.0032,0.025,0.11363636363636363,0.8863636363636364,0.225,1.0,1.0,0.18333333333333332,0.23684210526315785,0.0
20260629_225103_bc53ce62,20260629_225103_bc53ce62_g0052,52,2085573036,1,16,16,16,1,1,RED,champ_v3,0,3.0,[3],0,90,2,"{""1"": 90, ""2"": 73, ""3"": 95, ""4"": 89}",False,15.0,-23.0,3.0,2.0,0.0,0.0,743.0,175.375,674.75,15.0,24.0,66.0,248.5,321.25,1541.0,689.75,4.0,17.0,68.0,1.0,1.0,2.0,6.0,7.0,1.0,0.0,0.0,16.0,16.0,0.2,0.19047619047619047,0.0064,0.0064,0.05,0.22727272727272727,0.7727272727272727,0.375,1.0,1.0,0.31666666666666665,0.4552631578947368,0.0
20260629_225103_bc53ce62,20260629_225103_bc53ce62_g0052,52,2085573036,1,16,16,16,1,2,BLUE,pool_heuristic,1,3.0,[3],0,73,4,"{""1"": 90, ""2"": 73, ""3"": 95, ""4"": 89}",False,12.0,-29.0,5.0,2.0,0.0,0.0,415.0,111.375,420.25,11.0,17.0,43.5,152.5,196.25,1869.0,432.25,4.0,17.0,68.0,1.0,1.0,2.0,6.0,7.0,0.0,1.0,1.0,16.0,16.0,0.2,0.19047619047619047,0.0064,0.0064,0.05,0.22727272727272727,0.7727272727272727,0.3,1.0,1.0,0.3416666666666667,0.4078947368421053,0.0
20260629_225103_bc53ce62,20260629_225103_bc53ce62_g0052,52,2085573036,1,16,16,16,1,3,YELLOW,pool_l45_100ms,2,3.0,[3],1,95,1,"{""1"": 90, ""2"": 73, ""3"": 95, ""4"": 89}",False,11.0,-31.0,5.0,2.0,0.0,0.0,419.0,100.875,379.0,11.0,15.0,36.0,139.5,177.5,1865.0,390.0,4.0,17.0,68.0,1.0,1.0,2.0,6.0,7.0,1.0,0.0,0.0,16.0,16.0,0.2,0.19047619047619047,0.0064,0.0064,0.05,0.22727272727272727,0.7727272727272727,0.275,1.0,1.0,0.35,0.3526315789473684,0.0
20260629_225103_bc53ce62,20260629_225103_bc53ce62_g0052,52,2085573036,1,16,16,16,1,4,GREEN,pool_peer_500ms,3,3.0,[3],0,89,3,"{""1"": 90, ""2"": 73, ""3"": 95, ""4"": 89}",False,15.0,-23.0,4.0,2.0,0.0,0.0,707.0,176.875,681.625,15.0,25.0,66.0,245.0,330.625,1577.0,696.625,4.0,17.0,68.0,1.0,1.0,2.0,6.0,7.0,1.0,0.0,0.0,16.0,16.0,0.2,0.19047619047619047,0.0064,0.0064,0.05,0.22727272727272727,0.7727272727272727,0.375,1.0,1.0,0.31666666666666665,0.4526315789473684,0.0
20260629_225103_bc53ce62,20260629_225103_bc53ce62_g0052,52,2085573036,2,24,24,24,1,1,RED,champ_v3,0,3.0,[3],0,90,2,"{""1"": 90, ""2"": 73, ""3"": 95, ""4"": 89}",False,21.0,-29.0,0.0,7.0,2.0,0.005,458.0,132.0,452.0,20.0,26.0,60.0,196.0,150.0,884.0,473.0,6.0,15.0,58.0,1.0,1.0,2.0,6.0,5.0,1.0,0.0,0.0,24.0,24.0,0.3,0.2857142857142857,0.0096,0.0096,0.075,0.3409090909090909,0.6590909090909091,0.525,1.0,1.0,0.4166666666666667,0.5719298245614035,0.0
20260629_225103_bc53ce62,20260629_225103_bc53ce62_g0052,52,2085573036,2,24,24,24,1,2,BLUE,pool_heuristic,1,3.0,[3],0,73,4,"{""1"": 90, ""2"": 73, ""3"": 95, ""4"": 89}",False,20.0,-31.0,5.0,6.0,2.0,0.005,280.0,94.0,311.625,16.0,21.0,45.0,131.5,98.125,1062.0,331.625,6.0,15.0,58.0,1.0,1.0,2.0,6.0,5.0,0.0,1.0,1.0,24.0,24.0,0.3,0.2857142857142857,0.0096,0.0096,0.075,0.3409090909090909,0.6590909090909091,0.5,1.0,1.0,0.425,0.4491228070175438,0.0
20260629_225103_bc53ce62,20260629_225103_bc53ce62_g0052,52,2085573036,2,24,24,24,1,3,YELLOW,pool_l45_100ms,2,3.0,[3],1,95,1,"{""1"": 90, ""2"": 73, ""3"": 95, ""4"": 89}",False,13.0,-45.0,5.0,4.0,2.0,0.005,163.0,51.5,157.875,12.0,13.0,24.75,62.5,45.625,1179.0,170.875,6.0,15.0,58.0,1.0,1.0,2.0,6.0,5.0,0.0,0.0,0.0,24.0,24.0,0.3,0.2857142857142857,0.0096,0.0096,0.075,0.3409090909090909,0.6590909090909091,0.325,1.0,1.0,0.4833333333333333,0.4035087719298245,0.0
20260629_225103_bc53ce62,20260629_225103_bc53ce62_g0052,52,2085573036,2,24,24,24,1,4,GREEN,pool_peer_500ms,3,3.0,[3],0,89,3,"{""1"": 90, ""2"": 73, ""3"": 95, ""4"": 89}",False,17.0,-37.0,0.0,7.0,2.0,0.005,441.0,124.75,436.125,17.0,23.0,57.75,186.5,151.875,901.0,453.125,6.0,15.0,58.0,1.0,1.0,2.0,6.0,5.0,0.0,0.0,0.0,24.0,24.0,0.3,0.2857142857142857,0.0096,0.0096,0.075,0.3409090909090909,0.6590909090909091,0.425,1.0,1.0,0.45,0.5736842105263158,0.0
20260629_225103_bc53ce62,20260629_225103_bc53ce62_g0052,52,2085573036,3,32,32,32,1,1,RED,champ_v3,0,3.0,[3],0,90,2,"{""1"": 90, ""2"": 73, ""3"": 95, ""4"": 89}",False,24.0,-36.0,0.0,19.0,8.0,0.02,163.0,59.25,167.75,18.0,15.0,27.0,64.0,43.75,581.0,191.75,8.0,13.0,49.0,1.0,1.0,2.0,5.0,4.0,1.0,0.0,0.0,32.0,32.0,0.3975,0.38095238095238093,0.0128,0.0128,0.0975,0.4431818181818182,0.5568181818181818,0.6,1.0,1.0,0.5,0.6126855600539811,0.0
20260629_225103_bc53ce62,20260629_225103_bc53ce62_g0052,52,2085573036,3,32,32,32,1,2,BLUE,pool_heuristic,1,3.0,[3],0,73,4,"{""1"": 90, ""2"": 73, ""3"": 95, ""4"": 89}",False,27.0,-30.0,5.0,7.0,8.0,0.02,255.0,92.375,265.75,23.0,26.0,49.5,128.5,38.75,489.0,292.75,8.0,13.0,48.0,1.0,1.0,2.0,6.0,3.0,0.0,0.0,0.0,32.0,32.0,0.3975,0.38095238095238093,0.0128,0.0128,0.1,0.45454545454545453,0.5454545454545454,0.675,1.0,1.0,0.475,0.46447368421052626,0.0
20260629_225103_bc53ce62,20260629_225103_bc53ce62_g0052,52,2085573036,3,32,32,32,1,3,YELLOW,pool_l45_100ms,2,3.0,[3],1,95,1,"{""1"": 90, ""2"": 73, ""3"": 95, ""4"": 89}",False,13.0,-58.0,5.0,10.0,8.0,0.02,53.0,25.625,55.0,12.0,9.0,12.0,14.5,7.5,691.0,68.0,8.0,13.0,48.0,1.0,1.0,2.0,6.0,3.0,0.0,0.0,0.0,32.0,32.0,0.3975,0.38095238095238093,0.0128,0.0128,0.1,0.45454545454545453,0.5454545454545454,0.325,1.0,1.0,0.5916666666666667,0.4236842105263158,0.0
20260629_225103_bc53ce62,20260629_225103_bc53ce62_g0052,52,2085573036,3,32,32,32,1,4,GREEN,pool_peer_500ms,3,3.0,[3],0,89,3,"{""1"": 90, ""2"": 73, ""3"": 95, ""4"": 89}",False,20.0,-44.0,0.0,22.0,8.0,0.02,273.0,84.875,269.625,17.0,17.0,40.5,137.0,58.125,471.0,289.625,8.0,13.0,48.0,1.0,1.0,2.0,6.0,3.0,0.0,0.0,0.0,32.0,32.0,0.3975,0.38095238095238093,0.0128,0.0128,0.1,0.45454545454545453,0.5454545454545454,0.5,1.0,1.0,0.5333333333333333,0.6131578947368421,0.0
20260629_225103_bc53ce62,20260629_225103_bc53ce62_g0052,52,2085573036,4,40,40,40,1,1,RED,champ_v3,0,3.0,[3],0,90,2,"{""1"": 90, ""2"": 73, ""3"": 95, ""4"": 89}",False,28.0,-33.0,0.0,29.0,12.0,0.03,93.0,39.5,95.75,17.0,13.0,9.75,31.0,25.0,306.0,123.75,10.0,11.0,42.0,1.0,1.0,1.0,4.0,4.0,1.0,0.0,0.0,40.0,40.0,0.485,0.47619047619047616,0.016,0.016,0.115,0.5227272727272727,0.4772727272727273,0.7,1.0,1.0,0.5083333333333333,0.5949656750572082,0.0
20260629_225103_bc53ce62,20260629_225103_bc53ce62_g0052,52,2085573036,4,40,40,40,1,2,BLUE,pool_heuristic,1,3.0,[3],0,73,4,"{""1"": 90, ""2"": 73, ""3"": 95, ""4"": 89}",False,26.0,-37.0,2.0,14.0,12.0,0.03,118.0,51.875,128.5,18.0,17.0,29.25,55.5,8.75,281.0,154.5,10.0,11.0,39.0,1.0,1.0,2.0,5.0,2.0,0.0,0.0,0.0,40.0,40.0,0.485,0.47619047619047616,0.016,0.016,0.1225,0.5568181818181818,0.4431818181818182,0.65,1.0,1.0,0.525,0.48012889366272826,0.0
20260629_225103_bc53ce62,20260629_225103_bc53ce62_g0052,52,2085573036,4,40,40,40,1,3,YELLOW,pool_l45_100ms,2,3.0,[3],1,95,1,"{""1"": 90, ""2"": 73, ""3"": 95, ""4"": 89}",False,11.0,-67.0,1.0,17.0,12.0,0.03,70.0,26.625,66.375,10.0,7.0,12.75,31.0,5.625,329.0,77.375,10.0,11.0,38.0,1.0,1.0,2.0,6.0,1.0,0.0,0.0,0.0,40.0,40.0,0.485,0.47619047619047616,0.016,0.016,0.125,0.5681818181818182,0.4318181818181818,0.275,1.0,1.0,0.65,0.4557894736842105,0.0
20260629_225103_bc53ce62,20260629_225103_bc53ce62_g0052,52,2085573036,4,40,40,40,1,4,GREEN,pool_peer_500ms,3,3.0,[3],0,89,3,"{""1"": 90, ""2"": 73, ""3"": 95, ""4"": 89}",False,24.0,-41.0,0.0,32.0,12.0,0.03,118.0,46.625,123.25,16.0,11.0,23.25,55.5,17.5,281.0,147.25,10.0,11.0,39.0,1.0,1.0,2.0,5.0,2.0,0.0,0.0,0.0,40.0,40.0,0.485,0.47619047619047616,0.016,0.016,0.1225,0.5568181818181818,0.4431818181818182,0.6,1.0,1.0,0.5416666666666667,0.5896885069817401,0.0
20260629_225103_bc53ce62,20260629_225103_bc53ce62_g0052,52,2085573036,5,48,48,48,1,1,RED,champ_v3,0,3.0,[3],0,90,2,"{""1"": 90, ""2"": 73, ""3"": 95, ""4"": 89}",False,30.0,-33.0,0.0,37.0,16.0,0.04,44.0,27.375,43.375,18.0,11.0,3.75,10.0,0.625,112.0,73.375,12.0,9.0,32.0,1.0,1.0,1.0,4.0,2.0,1.0,0.0,0.0,48.0,48.0,0.575,0.5714285714285714,0.0192,0.0192,0.14,0.6363636363636364,0.36363636363636365,0.75,0.9833333333333333,1.0,0.525,0.5460526315789473,0.0
20260629_225103_bc53ce62,20260629_225103_bc53ce62_g0052,52,2085573036,5,48,48,48,1,2,BLUE,pool_heuristic,1,3.0,[3],0,73,4,"{""1"": 90, ""2"": 73, ""3"": 95, ""4"": 89}",False,23.0,-47.0,2.0,24.0,16.0,0.04,18.0,13.5,19.0,10.0,4.0,3.0,2.0,0.0,138.0,42.0,12.0,9.0,30.0,1.0,1.0,2.0,4.0,1.0,0.0,0.0,0.0,48.0,48.0,0.575,0.5714285714285714,0.0192,0.0192,0.145,0.6590909090909091,0.3409090909090909,0.575,1.0,1.0,0.5833333333333333,0.4764065335753176,0.0
20260629_225103_bc53ce62,20260629_225103_bc53ce62_g0052,52,2085573036,5,48,48,48,1,3,YELLOW,pool_l45_100ms,2,3.0,[3],1,95,1,"{""1"": 90, ""2"": 73, ""3"": 95, ""4"": 89}",False,14.0,-65.0,1.0,26.0,16.0,0.04,52.0,27.125,54.5,13.0,10.0,15.0,16.5,0.0,104.0,68.5,12.0,9.0,29.0,1.0,1.0,2.0,5.0,0.0,0.0,0.0,0.0,48.0,48.0,0.575,0.5714285714285714,0.0192,0.0192,0.1475,0.6704545454545454,0.32954545454545453,0.35,0.9166666666666666,0.8,0.6583333333333333,0.45584299732381794,0.0
20260629_225103_bc53ce62,20260629_225103_bc53ce62_g0052,52,2085573036,5,48,48,48,1,4,GREEN,pool_peer_500ms,3,3.0,[3],0,89,3,"{""1"": 90, ""2"": 73, ""3"": 95, ""4"": 89}",False,26.0,-41.0,0.0,39.0,16.0,0.04,42.0,28.0,51.0,17.0,8.0,11.25,6.0,8.75,114.0,77.0,12.0,9.0,31.0,1.0,1.0,2.0,3.0,2.0,0.0,0.0,0.0,48.0,48.0,0.575,0.5714285714285714,0.0192,0.0192,0.1425,0.6477272727272727,0.3522727272727273,0.65,1.0,1.0,0.5583333333333333,0.5484764542936288,0.0
20260629_225103_bc53ce62,20260629_225103_bc53ce62_g0052,52,2085573036,6,56,56,56,1,1,RED,champ_v3,0,3.0,[3],0,90,2,"{""1"": 90, ""2"": 73, ""3"": 95, ""4"": 89}",False,28.0,-32.0,0.0,46.0,35.0,0.0875,17.0,15.5,17.0,14.0,3.0,0.0,0.0,0.0,79.0,45.0,14.0,7.0,24.0,1.0,1.0,0.0,4.0,1.0,1.0,0.0,0.0,56.0,56.0,0.6525,0.6666666666666666,0.0224,0.0224,0.16,0.7272727272727273,0.2727272727272727,0.7,0.6333333333333333,1.0,0.5,0.5254934210526316,0.0
20260629_225103_bc53ce62,20260629_225103_bc53ce62_g0052,52,2085573036,6,56,56,56,1,2,BLUE,pool_heuristic,1,3.0,[3],0,73,4,"{""1"": 90, ""2"": 73, ""3"": 95, ""4"": 89}",False,23.0,-42.0,2.0,36.0,35.0,0.0875,11.0,9.25,11.75,8.0,0.0,3.75,0.0,0.0,85.0,34.75,14.0,7.0,24.0,1.0,0.0,2.0,3.0,1.0,0.0,0.0,0.0,56.0,56.0,0.6525,0.6666666666666666,0.0224,0.0224,0.16,0.7272727272727273,0.2727272727272727,0.575,1.0,1.0,0.5416666666666667,0.48026315789473684,0.0
20260629_225103_bc53ce62,20260629_225103_bc53ce62_g0052,52,2085573036,6,56,56,56,1,3,YELLOW,pool_l45_100ms,2,3.0,[3],1,95,1,"{""1"": 90, ""2"": 73, ""3"": 95, ""4"": 89}",False,12.0,-64.0,1.0,33.0,35.0,0.0875,42.0,23.5,50.0,10.0,9.0,15.0,16.0,0.0,54.0,62.0,14.0,7.0,21.0,1.0,1.0,2.0,3.0,0.0,0.0,0.0,0.0,56.0,56.0,0.6525,0.6666666666666666,0.0224,0.0224,0.1675,0.7613636363636364,0.23863636363636365,0.3,0.9333333333333333,0.8,0.6333333333333333,0.43597800471327575,0.0
20260629_225103_bc53ce62,20260629_225103_bc53ce62_g0052,52,2085573036,6,56,56,56,1,4,GREEN,pool_peer_500ms,3,3.0,[3],0,89,3,"{""1"": 90, ""2"": 73, ""3"": 95, ""4"": 89}",False,25.0,-38.0,0.0,44.0,35.0,0.0875,26.0,20.25,26.75,16.0,5.0,3.75,2.0,0.0,70.0,51.75,14.0,7.0,22.0,1.0,1.0,2.0,2.0,1.0,0.0,0.0,0.0,56.0,56.0,0.6525,0.6666666666666666,0.0224,0.0224,0.165,0.75,0.25,0.625,0.7833333333333333,1.0,0.525,0.5231259968102073,0.0
20260629_225103_bc53ce62,20260629_225103_bc53ce62_g0052,52,2085573036,7,64,64,64,1,1,RED,champ_v3,0,3.0,[3],0,90,2,"{""1"": 90, ""2"": 73, ""3"": 95, ""4"": 89}",False,29.0,-26.0,0.0,51.0,47.0,0.1175,3.0,1.375,5.5,0.0,0.0,0.0,5.5,0.0,17.0,34.5,16.0,5.0,21.0,0.0,0.0,0.0,4.0,1.0,1.0,0.0,0.0,64.0,64.0,0.695,0.7619047619047619,0.0256,0.0256,0.1675,0.7613636363636364,0.23863636363636365,0.725,0.7666666666666667,1.0,0.4583333333333333,0.5278868813825609,0.0
20260629_225103_bc53ce62,20260629_225103_bc53ce62_g0052,52,2085573036,7,64,64,64,1,2,BLUE,pool_heuristic,1,3.0,[3],0,73,4,"{""1"": 90, ""2"": 73, ""3"": 95, ""4"": 89}",False,23.0,-38.0,2.0,48.0,47.0,0.1175,0.0,0.0,0.0,0.0,0.0,0.0,0.0,0.0,20.0,23.0,16.0,5.0,20.0,0.0,0.0,1.0,3.0,1.0,0.0,0.0,0.0,64.0,64.0,0.695,0.7619047619047619,0.0256,0.0256,0.17,0.7727272727272727,0.22727272727272727,0.575,0.75,1.0,0.5083333333333333,0.4852941176470589,0.0
20260629_225103_bc53ce62,20260629_225103_bc53ce62_g0052,52,2085573036,7,64,64,64,1,3,YELLOW,pool_l45_100ms,2,3.0,[3],1,95,1,"{""1"": 90, ""2"": 73, ""3"": 95, ""4"": 89}",False,9.0,-66.0,1.0,41.0,47.0,0.1175,16.0,12.0,21.0,7.0,5.0,3.0,6.0,0.0,4.0,30.0,16.0,5.0,14.0,1.0,1.0,1.0,2.0,0.0,0.0,0.0,0.0,64.0,64.0,0.695,0.7619047619047619,0.0256,0.0256,0.185,0.8409090909090909,0.1590909090909091,0.225,0.55,0.8,0.625,0.4246088193456615,0.0
20260629_225103_bc53ce62,20260629_225103_bc53ce62_g0052,52,2085573036,7,64,64,64,1,4,GREEN,pool_peer_500ms,3,3.0,[3],0,89,3,"{""1"": 90, ""2"": 73, ""3"": 95, ""4"": 89}",False,23.0,-38.0,0.0,50.0,47.0,0.1175,1.0,0.25,0.75,0.0,0.0,0.75,0.0,0.0,19.0,23.75,16.0,5.0,19.0,0.0,0.0,2.0,2.0,1.0,0.0,0.0,0.0,64.0,64.0,0.695,0.7619047619047619,0.0256,0.0256,0.1725,0.7840909090909091,0.2159090909090909,0.575,0.5833333333333334,1.0,0.5083333333333333,0.5301296720061022,0.0
20260629_225103_bc53ce62,20260629_225103_bc53ce62_g0053,53,208706448,0,8,8,8,1,1,RED,pool_heuristic,0,4.0,[4],0,84,3,"{""1"": 84, ""2"": 66, ""3"": 97, ""4"": 99}",False,7.0,-16.0,9.0,0.0,3.0,0.0075,409.0,100.625,402.625,7.0,12.0,33.75,128.0,221.875,1413.0,409.625,2.0,19.0,78.0,1.0,1.0,2.0,6.0,9.0,1.0,0.0,1.0,8.0,8.0,0.1,0.09523809523809523,0.0032,0.0032,0.025,0.11363636363636363,0.8863636363636364,0.175,1.0,1.0,0.19166666666666668,0.25263157894736843,0.0
20260629_225103_bc53ce62,20260629_225103_bc53ce62_g0053,53,208706448,0,8,8,8,1,2,BLUE,pool_l45_100ms,1,4.0,[4],0,66,4,"{""1"": 84, ""2"": 66, ""3"": 97, ""4"": 99}",False,5.0,-20.0,9.0,0.0,3.0,0.0075,327.0,76.25,309.5,5.0,8.0,24.0,95.0,177.5,1495.0,314.5,2.0,19.0,78.0,1.0,1.0,2.0,6.0,9.0,1.0,1.0,0.0,8.0,8.0,0.1,0.09523809523809523,0.0032,0.0032,0.025,0.11363636363636363,0.8863636363636364,0.125,1.0,1.0,0.20833333333333334,0.15263157894736834,0.0
20260629_225103_bc53ce62,20260629_225103_bc53ce62_g0053,53,208706448,0,8,8,8,1,3,YELLOW,pool_peer_500ms,2,4.0,[4],0,97,2,"{""1"": 84, ""2"": 66, ""3"": 97, ""4"": 99}",False,9.0,-12.0,9.0,0.0,3.0,0.0075,543.0,122.625,488.75,9.0,15.0,41.25,153.5,270.0,1279.0,497.75,2.0,19.0,78.0,1.0,1.0,2.0,6.0,9.0,1.0,0.0,0.0,8.0,8.0,0.1,0.09523809523809523,0.0032,0.0032,0.025,0.11363636363636363,0.8863636363636364,0.225,1.0,1.0,0.175,0.23684210526315785,0.0
20260629_225103_bc53ce62,20260629_225103_bc53ce62_g0053,53,208706448,0,8,8,8,1,4,GREEN,champ_v3,3,4.0,[4],1,99,1,"{""1"": 84, ""2"": 66, ""3"": 97, ""4"": 99}",False,9.0,-12.0,9.0,0.0,3.0,0.0075,543.0,122.625,488.75,9.0,15.0,41.25,153.5,270.0,1279.0,497.75,2.0,19.0,78.0,1.0,1.0,2.0,6.0,9.0,1.0,0.0,0.0,8.0,8.0,0.1,0.09523809523809523,0.0032,0.0032,0.025,0.11363636363636363,0.8863636363636364,0.225,1.0,1.0,0.175,0.23684210526315785,0.0
20260629_225103_bc53ce62,20260629_225103_bc53ce62_g0053,53,208706448,1,16,16,16,1,1,RED,pool_heuristic,0,4.0,[4],0,84,3,"{""1"": 84, ""2"": 66, ""3"": 97, ""4"": 99}",False,11.0,-29.0,3.0,0.0,3.0,0.0075,488.0,125.25,482.125,11.0,17.0,47.25,172.5,234.375,1974.0,493.125,4.0,17.0,68.0,1.0,1.0,2.0,6.0,7.0,1.0,0.0,1.0,16.0,16.0,0.2,0.19047619047619047,0.0064,0.0064,0.05,0.22727272727272727,0.7727272727272727,0.275,1.0,1.0,0.33333333333333337,0.42894736842105263,0.0
20260629_225103_bc53ce62,20260629_225103_bc53ce62_g0053,53,208706448,1,16,16,16,1,2,BLUE,pool_l45_100ms,1,4.0,[4],0,66,4,"{""1"": 84, ""2"": 66, ""3"": 97, ""4"": 99}",False,9.0,-33.0,6.0,0.0,3.0,0.0075,528.0,122.375,477.5,9.0,16.0,45.0,177.5,230.0,1934.0,486.5,4.0,17.0,68.0,1.0,1.0,2.0,6.0,7.0,1.0,0.0,0.0,16.0,16.0,0.2,0.19047619047619047,0.0064,0.0064,0.05,0.22727272727272727,0.7727272727272727,0.225,1.0,1.0,0.35,0.3263157894736842,0.0
20260629_225103_bc53ce62,20260629_225103_bc53ce62_g0053,53,208706448,1,16,16,16,1,3,YELLOW,pool_peer_500ms,2,4.0,[4],0,97,2,"{""1"": 84, ""2"": 66, ""3"": 97, ""4"": 99}",False,16.0,-19.0,0.0,3.0,3.0,0.0075,791.0,197.5,767.875,15.0,27.0,75.0,276.5,374.375,1671.0,783.875,4.0,17.0,68.0,1.0,1.0,2.0,6.0,7.0,1.0,0.0,0.0,16.0,16.0,0.2,0.19047619047619047,0.0064,0.0064,0.05,0.22727272727272727,0.7727272727272727,0.4,1.0,1.0,0.29166666666666663,0.49473684210526314,0.0
20260629_225103_bc53ce62,20260629_225103_bc53ce62_g0053,53,208706448,1,16,16,16,1,4,GREEN,champ_v3,3,4.0,[4],1,99,1,"{""1"": 84, ""2"": 66, ""3"": 97, ""4"": 99}",False,15.0,-21.0,1.0,3.0,3.0,0.0075,655.0,167.25,637.125,15.0,25.0,64.5,234.5,298.125,1807.0,652.125,4.0,17.0,68.0,1.0,1.0,2.0,6.0,7.0,1.0,0.0,0.0,16.0,16.0,0.2,0.19047619047619047,0.0064,0.0064,0.05,0.22727272727272727,0.7727272727272727,0.375,1.0,1.0,0.3,0.4894736842105264,0.0
20260629_225103_bc53ce62,20260629_225103_bc53ce62_g0053,53,208706448,2,24,24,24,1,1,RED,pool_heuristic,0,4.0,[4],0,84,3,"{""1"": 84, ""2"": 66, ""3"": 97, ""4"": 99}",False,15.0,-38.0,1.0,4.0,6.0,0.015,289.0,76.5,265.0,11.0,14.0,36.0,114.0,90.0,1466.0,280.0,6.0,15.0,58.0,1.0,1.0,2.0,6.0,5.0,0.0,0.0,0.0,24.0,24.0,0.3,0.2857142857142857,0.0096,0.0096,0.075,0.3409090909090909,0.6590909090909091,0.375,1.0,1.0,0.4416666666666667,0.524561403508772,0.0
20260629_225103_bc53ce62,20260629_225103_bc53ce62_g0053,53,208706448,2,24,24,24,1,2,BLUE,pool_l45_100ms,1,4.0,[4],0,66,4,"{""1"": 84, ""2"": 66, ""3"": 97, ""4"": 99}",False,13.0,-42.0,6.0,0.0,6.0,0.015,281.0,75.375,252.0,13.0,16.0,33.0,107.5,82.5,1474.0,265.0,6.0,15.0,58.0,1.0,1.0,2.0,6.0,5.0,0.0,0.0,0.0,24.0,24.0,0.3,0.2857142857142857,0.0096,0.0096,0.075,0.3409090909090909,0.6590909090909091,0.325,1.0,1.0,0.4583333333333333,0.38596491228070173,0.0
20260629_225103_bc53ce62,20260629_225103_bc53ce62_g0053,53,208706448,2,24,24,24,1,3,YELLOW,pool_peer_500ms,2,4.0,[4],0,97,2,"{""1"": 84, ""2"": 66, ""3"": 97, ""4"": 99}",False,18.0,-32.0,0.0,13.0,6.0,0.015,603.0,163.375,597.375,17.0,27.0,72.0,252.0,229.375,1152.0,615.375,6.0,15.0,58.0,1.0,1.0,2.0,6.0,5.0,0.0,0.0,0.0,24.0,24.0,0.3,0.2857142857142857,0.0096,0.0096,0.075,0.3409090909090909,0.6590909090909091,0.45,1.0,1.0,0.4166666666666667,0.6000000000000001,0.0
20260629_225103_bc53ce62,20260629_225103_bc53ce62_g0053,53,208706448,2,24,24,24,1,4,GREEN,champ_v3,3,4.0,[4],1,99,1,"{""1"": 84, ""2"": 66, ""3"": 97, ""4"": 99}",False,22.0,-24.0,0.0,10.0,6.0,0.015,582.0,162.0,575.25,20.0,30.0,72.0,247.0,206.25,1173.0,597.25,6.0,15.0,58.0,1.0,1.0,2.0,6.0,5.0,1.0,0.0,0.0,24.0,24.0,0.3,0.2857142857142857,0.0096,0.0096,0.075,0.3409090909090909,0.6590909090909091,0.55,1.0,1.0,0.38333333333333336,0.5894736842105264,0.0
20260629_225103_bc53ce62,20260629_225103_bc53ce62_g0053,53,208706448,3,32,32,32,1,1,RED,pool_heuristic,0,4.0,[4],0,84,3,"{""1"": 84, ""2"": 66, ""3"": 97, ""4"": 99}",False,17.0,-45.0,1.0,13.0,12.0,0.03,232.0,70.25,230.375,12.0,14.0,36.0,111.5,56.875,615.0,247.375,8.0,13.0,48.0,1.0,1.0,2.0,6.0,3.0,0.0,0.0,0.0,32.0,32.0,0.395,0.38095238095238093,0.0128,0.0128,0.1,0.45454545454545453,0.5454545454545454,0.425,1.0,1.0,0.5166666666666667,0.55,0.0
20260629_225103_bc53ce62,20260629_225103_bc53ce62_g0053,53,208706448,3,32,32,32,1,2,BLUE,pool_l45_100ms,1,4.0,[4],0,66,4,"{""1"": 84, ""2"": 66, ""3"": 97, ""4"": 99}",False,15.0,-49.0,3.0,10.0,12.0,0.03,108.0,41.0,106.625,14.0,11.0,19.5,51.5,10.625,739.0,121.625,8.0,13.0,48.0,1.0,1.0,2.0,6.0,3.0,0.0,0.0,0.0,32.0,32.0,0.395,0.38095238095238093,0.0128,0.0128,0.1,0.45454545454545453,0.5454545454545454,0.375,1.0,1.0,0.5333333333333333,0.43157894736842106,0.0
20260629_225103_bc53ce62,20260629_225103_bc53ce62_g0053,53,208706448,3,32,32,32,1,3,YELLOW,pool_peer_500ms,2,4.0,[4],0,97,2,"{""1"": 84, ""2"": 66, ""3"": 97, ""4"": 99}",False,22.0,-35.0,0.0,21.0,12.0,0.03,204.0,70.875,211.125,17.0,18.0,36.0,97.0,43.125,643.0,233.125,8.0,13.0,48.0,1.0,1.0,2.0,6.0,3.0,0.0,0.0,0.0,32.0,32.0,0.395,0.38095238095238093,0.0128,0.0128,0.1,0.45454545454545453,0.5454545454545454,0.55,1.0,1.0,0.475,0.6105263157894736,0.0
20260629_225103_bc53ce62,20260629_225103_bc53ce62_g0053,53,208706448,3,32,32,32,1,4,GREEN,champ_v3,3,4.0,[4],1,99,1,"{""1"": 84, ""2"": 66, ""3"": 97, ""4"": 99}",False,25.0,-29.0,0.0,15.0,12.0,0.03,303.0,95.25,293.25,22.0,26.0,48.75,94.0,102.5,544.0,318.25,8.0,13.0,50.0,1.0,1.0,2.0,4.0,5.0,1.0,0.0,0.0,32.0,32.0,0.395,0.38095238095238093,0.0128,0.0128,0.095,0.4318181818181818,0.5681818181818182,0.625,1.0,1.0,0.45,0.5969529085872576,0.0
20260629_225103_bc53ce62,20260629_225103_bc53ce62_g0053,53,208706448,4,40,40,40,1,1,RED,pool_heuristic,0,4.0,[4],0,84,3,"{""1"": 84, ""2"": 66, ""3"": 97, ""4"": 99}",False,19.0,-51.0,1.0,18.0,20.0,0.05,85.0,34.25,82.625,13.0,11.0,16.5,36.5,5.625,274.0,101.625,10.0,11.0,38.0,1.0,1.0,2.0,6.0,1.0,0.0,0.0,0.0,40.0,40.0,0.4925,0.47619047619047616,0.016,0.016,0.125,0.5681818181818182,0.4318181818181818,0.475,1.0,1.0,0.5833333333333333,0.5263157894736843,0.0
20260629_225103_bc53ce62,20260629_225103_bc53ce62_g0053,53,208706448,4,40,40,40,1,2,BLUE,pool_l45_100ms,1,4.0,[4],0,66,4,"{""1"": 84, ""2"": 66, ""3"": 97, ""4"": 99}",False,16.0,-57.0,3.0,12.0,20.0,0.05,51.0,26.25,51.25,14.0,9.0,8.25,20.0,0.0,308.0,67.25,10.0,11.0,38.0,1.0,1.0,2.0,6.0,1.0,0.0,0.0,0.0,40.0,40.0,0.4925,0.47619047619047616,0.016,0.016,0.125,0.5681818181818182,0.4318181818181818,0.4,1.0,1.0,0.6083333333333333,0.41368421052631577,0.0
20260629_225103_bc53ce62,20260629_225103_bc53ce62_g0053,53,208706448,4,40,40,40,1,3,YELLOW,pool_peer_500ms,2,4.0,[4],0,97,2,"{""1"": 84, ""2"": 66, ""3"": 97, ""4"": 99}",False,26.0,-37.0,0.0,29.0,20.0,0.05,96.0,44.5,101.5,19.0,14.0,22.5,36.0,10.0,263.0,127.5,10.0,11.0,38.0,1.0,1.0,2.0,6.0,1.0,0.0,0.0,0.0,40.0,40.0,0.4925,0.47619047619047616,0.016,0.016,0.125,0.5681818181818182,0.4318181818181818,0.65,1.0,1.0,0.525,0.5989473684210527,0.0
20260629_225103_bc53ce62,20260629_225103_bc53ce62_g0053,53,208706448,4,40,40,40,1,4,GREEN,champ_v3,3,4.0,[4],1,99,1,"{""1"": 84, ""2"": 66, ""3"": 97, ""4"": 99}",False,28.0,-33.0,0.0,24.0,20.0,0.05,127.0,53.75,132.625,20.0,19.0,29.25,32.5,31.875,232.0,160.625,10.0,11.0,41.0,1.0,1.0,2.0,3.0,4.0,1.0,0.0,0.0,40.0,40.0,0.4925,0.47619047619047616,0.016,0.016,0.1175,0.5340909090909091,0.4659090909090909,0.7,1.0,1.0,0.5083333333333333,0.5632698768197089,0.0
20260629_225103_bc53ce62,20260629_225103_bc53ce62_g0053,53,208706448,5,48,48,48,1,1,RED,pool_heuristic,0,4.0,[4],0,84,3,"{""1"": 84, ""2"": 66, ""3"": 97, ""4"": 99}",False,17.0,-48.0,1.0,25.0,34.0,0.085,38.0,19.75,39.25,10.0,7.0,8.25,14.0,0.0,125.0,56.25,12.0,9.0,29.0,1.0,1.0,2.0,5.0,0.0,0.0,0.0,0.0,48.0,48.0,0.5775,0.5714285714285714,0.0192,0.0192,0.1475,0.6704545454545454,0.32954545454545453,0.425,1.0,0.8,0.5416666666666667,0.4888492417484389,0.0
20260629_225103_bc53ce62,20260629_225103_bc53ce62_g0053,53,208706448,5,48,48,48,1,2,BLUE,pool_l45_100ms,1,4.0,[4],0,66,4,"{""1"": 84, ""2"": 66, ""3"": 97, ""4"": 99}",False,14.0,-54.0,3.0,23.0,34.0,0.085,20.0,13.75,20.25,10.0,4.0,2.25,4.0,0.0,143.0,34.25,12.0,9.0,30.0,1.0,1.0,2.0,4.0,1.0,0.0,0.0,0.0,48.0,48.0,0.5775,0.5714285714285714,0.0192,0.0192,0.145,0.6590909090909091,0.3409090909090909,0.35,0.8333333333333334,1.0,0.5666666666666667,0.4038112522686026,0.0
20260629_225103_bc53ce62,20260629_225103_bc53ce62_g0053,53,208706448,5,48,48,48,1,3,YELLOW,pool_peer_500ms,2,4.0,[4],0,97,2,"{""1"": 84, ""2"": 66, ""3"": 97, ""4"": 99}",False,25.0,-32.0,0.0,38.0,34.0,0.085,43.0,28.25,47.25,18.0,9.0,9.75,8.0,2.5,120.0,72.25,12.0,9.0,30.0,1.0,1.0,2.0,4.0,1.0,0.0,0.0,0.0,48.0,48.0,0.5775,0.5714285714285714,0.0192,0.0192,0.145,0.6590909090909091,0.3409090909090909,0.625,1.0,1.0,0.475,0.5626134301270418,0.0
20260629_225103_bc53ce62,20260629_225103_bc53ce62_g0053,53,208706448,5,48,48,48,1,4,GREEN,champ_v3,3,4.0,[4],1,99,1,"{""1"": 84, ""2"": 66, ""3"": 97, ""4"": 99}",False,26.0,-30.0,0.0,33.0,34.0,0.085,62.0,31.5,63.5,16.0,12.0,15.0,8.0,12.5,101.0,89.5,12.0,9.0,32.0,1.0,1.0,2.0,2.0,3.0,1.0,0.0,0.0,48.0,48.0,0.5775,0.5714285714285714,0.0192,0.0192,0.14,0.6363636363636364,0.36363636363636365,0.65,1.0,1.0,0.4666666666666667,0.5592105263157895,0.0
20260629_225103_bc53ce62,20260629_225103_bc53ce62_g0053,53,208706448,6,56,56,56,1,1,RED,pool_heuristic,0,4.0,[4],0,84,3,"{""1"": 84, ""2"": 66, ""3"": 97, ""4"": 99}",False,19.0,-37.0,1.0,35.0,48.0,0.12,22.0,15.75,21.5,12.0,5.0,1.5,3.0,0.0,47.0,40.5,14.0,7.0,22.0,1.0,1.0,1.0,4.0,0.0,0.0,0.0,0.0,56.0,56.0,0.6425,0.6666666666666666,0.0224,0.0224,0.165,0.75,0.25,0.475,0.7333333333333333,0.8,0.4666666666666667,0.46650717703349276,0.0
20260629_225103_bc53ce62,20260629_225103_bc53ce62_g0053,53,208706448,6,56,56,56,1,2,BLUE,pool_l45_100ms,1,4.0,[4],0,66,4,"{""1"": 84, ""2"": 66, ""3"": 97, ""4"": 99}",False,11.0,-53.0,3.0,30.0,48.0,0.12,0.0,0.0,0.0,0.0,0.0,0.0,0.0,0.0,69.0,11.0,14.0,7.0,27.0,0.0,0.0,2.0,4.0,1.0,0.0,0.0,0.0,56.0,56.0,0.6425,0.6666666666666666,0.0224,0.0224,0.1525,0.6931818181818182,0.3068181818181818,0.275,0.4666666666666667,1.0,0.5333333333333333,0.4020707506471095,0.0
20260629_225103_bc53ce62,20260629_225103_bc53ce62_g0053,53,208706448,6,56,56,56,1,3,YELLOW,pool_peer_500ms,2,4.0,[4],0,97,2,"{""1"": 84, ""2"": 66, ""3"": 97, ""4"": 99}",False,22.0,-31.0,0.0,46.0,48.0,0.12,22.0,17.5,23.0,14.0,4.0,3.0,2.0,0.0,47.0,45.0,14.0,7.0,21.0,1.0,1.0,2.0,3.0,0.0,0.0,0.0,0.0,56.0,56.0,0.6425,0.6666666666666666,0.0224,0.0224,0.1675,0.7613636363636364,0.23863636363636365,0.55,0.7166666666666667,0.8,0.4416666666666667,0.5388845247446976,0.0
20260629_225103_bc53ce62,20260629_225103_bc53ce62_g0053,53,208706448,6,56,56,56,1,4,GREEN,champ_v3,3,4.0,[4],1,99,1,"{""1"": 84, ""2"": 66, ""3"": 97, ""4"": 99}",False,23.0,-29.0,0.0,40.0,48.0,0.12,25.0,18.75,24.5,14.0,8.0,1.5,1.0,0.0,44.0,47.5,14.0,7.0,25.0,1.0,1.0,1.0,1.0,3.0,1.0,0.0,0.0,56.0,56.0,0.6425,0.6666666666666666,0.0224,0.0224,0.1575,0.7159090909090909,0.2840909090909091,0.575,0.9,1.0,0.4333333333333333,0.543859649122807,0.0
20260629_225103_bc53ce62,20260629_225103_bc53ce62_g0053,53,208706448,7,64,64,67,4,1,RED,pool_heuristic,0,4.0,[4],0,84,3,"{""1"": 84, ""2"": 66, ""3"": 97, ""4"": 99}",False,19.0,-35.0,1.0,46.0,50.0,0.125,1.0,0.5,1.0,0.0,1.0,0.0,0.0,0.0,14.0,20.0,17.0,4.0,13.0,0.0,1.0,1.0,2.0,0.0,0.0,0.0,0.0,64.0,67.0,0.7,0.8095238095238095,0.0268,0.0256,0.1875,0.8522727272727273,0.14772727272727273,0.475,0.36666666666666664,0.8,0.45,0.45894736842105266,0.0
20260629_225103_bc53ce62,20260629_225103_bc53ce62_g0053,53,208706448,7,64,64,67,4,2,BLUE,pool_l45_100ms,1,4.0,[4],0,66,4,"{""1"": 84, ""2"": 66, ""3"": 97, ""4"": 99}",False,11.0,-51.0,3.0,41.0,50.0,0.125,0.0,0.0,0.0,0.0,0.0,0.0,0.0,0.0,15.0,11.0,14.0,7.0,27.0,0.0,0.0,2.0,4.0,1.0,0.0,0.0,0.0,64.0,67.0,0.7,0.6666666666666666,0.0268,0.0256,0.1525,0.6931818181818182,0.3068181818181818,0.275,0.3333333333333333,1.0,0.5166666666666667,0.4020707506471095,0.0
20260629_225103_bc53ce62,20260629_225103_bc53ce62_g0053,53,208706448,7,64,64,67,4,3,YELLOW,pool_peer_500ms,2,4.0,[4],0,97,2,"{""1"": 84, ""2"": 66, ""3"": 97, ""4"": 99}",False,21.0,-31.0,0.0,54.0,50.0,0.125,4.0,1.75,3.75,0.0,3.0,0.75,0.0,0.0,11.0,24.75,17.0,4.0,13.0,0.0,1.0,1.0,2.0,0.0,0.0,0.0,0.0,64.0,67.0,0.7,0.8095238095238095,0.0268,0.0256,0.1875,0.8522727272727273,0.14772727272727273,0.525,0.5833333333333334,0.8,0.4333333333333333,0.5375438596491228,0.0
20260629_225103_bc53ce62,20260629_225103_bc53ce62_g0053,53,208706448,7,64,64,67,4,4,GREEN,champ_v3,3,4.0,[4],1,99,1,"{""1"": 84, ""2"": 66, ""3"": 97, ""4"": 99}",False,22.0,-29.0,0.0,46.0,50.0,0.125,10.0,4.25,9.5,0.0,7.0,1.5,1.0,0.0,5.0,31.5,16.0,5.0,19.0,0.0,1.0,1.0,1.0,2.0,1.0,0.0,0.0,64.0,67.0,0.7,0.7619047619047619,0.0268,0.0256,0.1725,0.7840909090909091,0.2159090909090909,0.55,0.5833333333333334,1.0,0.425,0.5430968726163234,0.0
20260629_225103_bc53ce62,20260629_225103_bc53ce62_g0054,54,1857557926,0,8,8,8,1,1,RED,pool_l45_100ms,0,2.0,[2],0,74,3,"{""1"": 74, ""2"": 97, ""3"": 95, ""4"": 61}",False,6.0,-19.0,9.0,0.0,1.0,0.0025,388.0,90.5,366.25,6.0,10.0,28.5,113.0,208.75,1498.0,372.25,2.0,19.0,78.0,1.0,1.0,2.0,6.0,9.0,1.0,1.0,0.0,8.0,8.0,0.1,0.09523809523809523,0.0032,0.0032,0.025,0.11363636363636363,0.8863636363636364,0.15,1.0,1.0,0.20833333333333334,0.20526315789473681,0.0
20260629_225103_bc53ce62,20260629_225103_bc53ce62_g0054,54,1857557926,0,8,8,8,1,2,BLUE,pool_peer_500ms,1,2.0,[2],1,97,1,"{""1"": 74, ""2"": 97, ""3"": 95, ""4"": 61}",False,9.0,-13.0,9.0,0.0,1.0,0.0025,543.0,122.625,488.75,9.0,15.0,41.25,153.5,270.0,1343.0,497.75,2.0,19.0,78.0,1.0,1.0,2.0,6.0,9.0,1.0,0.0,0.0,8.0,8.0,0.1,0.09523809523809523,0.0032,0.0032,0.025,0.11363636363636363,0.8863636363636364,0.225,1.0,1.0,0.18333333333333332,0.23684210526315785,0.0
20260629_225103_bc53ce62,20260629_225103_bc53ce62_g0054,54,1857557926,0,8,8,8,1,3,YELLOW,champ_v3,2,2.0,[2],0,95,2,"{""1"": 74, ""2"": 97, ""3"": 95, ""4"": 61}",False,9.0,-13.0,9.0,0.0,1.0,0.0025,543.0,122.625,488.75,9.0,15.0,41.25,153.5,270.0,1343.0,497.75,2.0,19.0,78.0,1.0,1.0,2.0,6.0,9.0,1.0,0.0,0.0,8.0,8.0,0.1,0.09523809523809523,0.0032,0.0032,0.025,0.11363636363636363,0.8863636363636364,0.225,1.0,1.0,0.18333333333333332,0.23684210526315785,0.0
20260629_225103_bc53ce62,20260629_225103_bc53ce62_g0054,54,1857557926,0,8,8,8,1,4,GREEN,pool_heuristic,3,2.0,[2],0,61,4,"{""1"": 74, ""2"": 97, ""3"": 95, ""4"": 61}",False,7.0,-17.0,9.0,0.0,1.0,0.0025,412.0,106.625,430.125,7.0,12.0,34.5,136.0,240.625,1474.0,437.125,2.0,19.0,78.0,1.0,1.0,2.0,6.0,9.0,1.0,1.0,1.0,8.0,8.0,0.1,0.09523809523809523,0.0032,0.0032,0.025,0.11363636363636363,0.8863636363636364,0.175,1.0,1.0,0.2,0.2315789473684211,0.0
20260629_225103_bc53ce62,20260629_225103_bc53ce62_g0054,54,1857557926,1,16,16,16,1,1,RED,pool_l45_100ms,0,2.0,[2],0,74,3,"{""1"": 74, ""2"": 97, ""3"": 95, ""4"": 61}",False,10.0,-33.0,7.0,0.0,1.0,0.0025,406.0,96.875,366.25,9.0,15.0,37.5,138.5,166.25,2003.0,376.25,4.0,17.0,68.0,1.0,1.0,2.0,6.0,7.0,1.0,0.0,0.0,16.0,16.0,0.2,0.19047619047619047,0.0064,0.0064,0.05,0.22727272727272727,0.7727272727272727,0.25,1.0,1.0,0.35833333333333334,0.3236842105263158,0.0
20260629_225103_bc53ce62,20260629_225103_bc53ce62_g0054,54,1857557926,1,16,16,16,1,2,BLUE,pool_peer_500ms,1,2.0,[2],1,97,1,"{""1"": 74, ""2"": 97, ""3"": 95, ""4"": 61}",False,16.0,-21.0,0.0,2.0,1.0,0.0025,721.0,179.875,699.375,14.0,24.0,67.5,252.0,341.875,1688.0,715.375,4.0,17.0,68.0,1.0,1.0,2.0,6.0,7.0,1.0,0.0,0.0,16.0,16.0,0.2,0.19047619047619047,0.0064,0.0064,0.05,0.22727272727272727,0.7727272727272727,0.4,1.0,1.0,0.30833333333333335,0.49473684210526314,0.0
20260629_225103_bc53ce62,20260629_225103_bc53ce62_g0054,54,1857557926,1,16,16,16,1,3,YELLOW,champ_v3,2,2.0,[2],0,95,2,"{""1"": 74, ""2"": 97, ""3"": 95, ""4"": 61}",False,15.0,-23.0,1.0,2.0,1.0,0.0025,781.0,194.875,754.125,15.0,27.0,75.75,277.0,359.375,1628.0,769.125,4.0,17.0,68.0,1.0,1.0,2.0,6.0,7.0,1.0,0.0,0.0,16.0,16.0,0.2,0.19047619047619047,0.0064,0.0064,0.05,0.22727272727272727,0.7727272727272727,0.375,1.0,1.0,0.31666666666666665,0.4894736842105264,0.0
20260629_225103_bc53ce62,20260629_225103_bc53ce62_g0054,54,1857557926,1,16,16,16,1,4,GREEN,pool_heuristic,3,2.0,[2],0,61,4,"{""1"": 74, ""2"": 97, ""3"": 95, ""4"": 61}",False,12.0,-29.0,4.0,0.0,1.0,0.0025,501.0,150.625,580.0,12.0,21.0,58.5,218.5,270.0,1908.0,592.0,4.0,17.0,68.0,1.0,1.0,2.0,6.0,7.0,1.0,1.0,1.0,16.0,16.0,0.2,0.19047619047619047,0.0064,0.0064,0.05,0.22727272727272727,0.7727272727272727,0.3,1.0,1.0,0.3416666666666667,0.43947368421052635,0.0
20260629_225103_bc53ce62,20260629_225103_bc53ce62_g0054,54,1857557926,2,24,24,24,1,1,RED,pool_l45_100ms,0,2.0,[2],0,74,3,"{""1"": 74, ""2"": 97, ""3"": 95, ""4"": 61}",False,14.0,-39.0,6.0,1.0,9.0,0.0225,237.0,68.625,218.75,13.0,17.0,34.5,95.5,58.75,1332.0,232.75,6.0,15.0,58.0,1.0,1.0,2.0,6.0,5.0,0.0,0.0,0.0,24.0,24.0,0.295,0.2857142857142857,0.0096,0.0096,0.075,0.3409090909090909,0.6590909090909091,0.35,1.0,1.0,0.4416666666666667,0.4017543859649123,0.0
20260629_225103_bc53ce62,20260629_225103_bc53ce62_g0054,54,1857557926,2,24,24,24,1,2,BLUE,pool_peer_500ms,1,2.0,[2],1,97,1,"{""1"": 74, ""2"": 97, ""3"": 95, ""4"": 61}",False,20.0,-27.0,0.0,11.0,9.0,0.0225,563.0,155.75,567.5,18.0,28.0,70.5,201.0,250.0,1006.0,587.5,6.0,15.0,59.0,1.0,1.0,2.0,5.0,6.0,1.0,0.0,0.0,24.0,24.0,0.295,0.2857142857142857,0.0096,0.0096,0.0725,0.32954545454545453,0.6704545454545454,0.5,1.0,1.0,0.39166666666666666,0.5843920145190562,0.0
20260629_225103_bc53ce62,20260629_225103_bc53ce62_g0054,54,1857557926,2,24,24,24,1,3,YELLOW,champ_v3,2,2.0,[2],0,95,2,"{""1"": 74, ""2"": 97, ""3"": 95, ""4"": 61}",False,19.0,-29.0,1.0,11.0,9.0,0.0225,408.0,125.5,447.5,16.0,25.0,59.25,156.0,191.25,1161.0,466.5,6.0,15.0,59.0,1.0,1.0,2.0,5.0,6.0,1.0,0.0,0.0,24.0,24.0,0.295,0.2857142857142857,0.0096,0.0096,0.0725,0.32954545454545453,0.6704545454545454,0.475,1.0,1.0,0.4,0.5989110707803993,0.0
20260629_225103_bc53ce62,20260629_225103_bc53ce62_g0054,54,1857557926,2,24,24,24,1,4,GREEN,pool_heuristic,3,2.0,[2],0,61,4,"{""1"": 74, ""2"": 97, ""3"": 95, ""4"": 61}",False,14.0,-39.0,3.0,3.0,9.0,0.0225,361.0,112.5,407.5,13.0,18.0,48.75,174.0,153.75,1208.0,421.5,6.0,15.0,58.0,1.0,1.0,2.0,6.0,5.0,1.0,1.0,1.0,24.0,24.0,0.295,0.2857142857142857,0.0096,0.0096,0.075,0.3409090909090909,0.6590909090909091,0.35,1.0,1.0,0.4416666666666667,0.5210526315789474,0.0
20260629_225103_bc53ce62,20260629_225103_bc53ce62_g0054,54,1857557926,3,32,32,32,1,1,RED,pool_l45_100ms,0,2.0,[2],0,74,3,"{""1"": 74, ""2"": 97, ""3"": 95, ""4"": 61}",False,14.0,-50.0,6.0,5.0,16.0,0.04,85.0,33.5,89.0,11.0,10.0,15.0,38.0,15.0,682.0,103.0,8.0,13.0,48.0,1.0,1.0,2.0,6.0,3.0,0.0,0.0,0.0,32.0,32.0,0.39,0.38095238095238093,0.0128,0.0128,0.1,0.45454545454545453,0.5454545454545454,0.35,1.0,1.0,0.5333333333333333,0.40921052631578947,0.0
20260629_225103_bc53ce62,20260629_225103_bc53ce62_g0054,54,1857557926,3,32,32,32,1,2,BLUE,pool_peer_500ms,1,2.0,[2],1,97,1,"{""1"": 74, ""2"": 97, ""3"": 95, ""4"": 61}",False,23.0,-32.0,0.0,20.0,16.0,0.04,194.0,67.125,196.625,18.0,20.0,34.5,56.0,68.125,573.0,219.625,8.0,13.0,50.0,1.0,1.0,2.0,4.0,5.0,1.0,0.0,0.0,32.0,32.0,0.39,0.38095238095238093,0.0128,0.0128,0.095,0.4318181818181818,0.5681818181818182,0.575,1.0,1.0,0.4583333333333333,0.5734072022160666,0.0
20260629_225103_bc53ce62,20260629_225103_bc53ce62_g0054,54,1857557926,3,32,32,32,1,3,YELLOW,champ_v3,2,2.0,[2],0,95,2,"{""1"": 74, ""2"": 97, ""3"": 95, ""4"": 61}",False,22.0,-34.0,1.0,17.0,16.0,0.04,286.0,95.375,306.875,19.0,23.0,50.25,104.0,110.625,481.0,328.875,8.0,13.0,50.0,1.0,1.0,2.0,4.0,5.0,1.0,0.0,0.0,32.0,32.0,0.39,0.38095238095238093,0.0128,0.0128,0.095,0.4318181818181818,0.5681818181818182,0.55,1.0,1.0,0.4666666666666667,0.6177285318559557,0.0
20260629_225103_bc53ce62,20260629_225103_bc53ce62_g0054,54,1857557926,3,32,32,32,1,4,GREEN,pool_heuristic,3,2.0,[2],0,61,4,"{""1"": 74, ""2"": 97, ""3"": 95, ""4"": 61}",False,19.0,-40.0,3.0,4.0,16.0,0.04,202.0,74.875,230.0,18.0,16.0,34.5,101.5,60.0,565.0,249.0,8.0,13.0,48.0,1.0,1.0,2.0,6.0,3.0,0.0,1.0,1.0,32.0,32.0,0.39,0.38095238095238093,0.0128,0.0128,0.1,0.45454545454545453,0.5454545454545454,0.475,1.0,1.0,0.4916666666666667,0.4960526315789474,0.0
20260629_225103_bc53ce62,20260629_225103_bc53ce62_g0054,54,1857557926,4,40,40,40,1,1,RED,pool_l45_100ms,0,2.0,[2],0,74,3,"{""1"": 74, ""2"": 97, ""3"": 95, ""4"": 61}",False,15.0,-50.0,6.0,10.0,25.0,0.0625,35.0,19.25,35.375,11.0,7.0,5.25,11.5,0.625,263.0,50.375,10.0,11.0,38.0,1.0,1.0,2.0,6.0,1.0,0.0,0.0,0.0,40.0,40.0,0.4825,0.47619047619047616,0.016,0.016,0.125,0.5681818181818182,0.4318181818181818,0.375,1.0,1.0,0.5416666666666667,0.3989473684210526,0.0
20260629_225103_bc53ce62,20260629_225103_bc53ce62_g0054,54,1857557926,4,40,40,40,1,2,BLUE,pool_peer_500ms,1,2.0,[2],1,97,1,"{""1"": 74, ""2"": 97, ""3"": 95, ""4"": 61}",False,23.0,-34.0,0.0,25.0,25.0,0.0625,131.0,51.625,130.625,18.0,17.0,29.25,42.0,24.375,167.0,153.625,10.0,11.0,40.0,1.0,1.0,2.0,4.0,3.0,0.0,0.0,0.0,40.0,40.0,0.4825,0.47619047619047616,0.016,0.016,0.12,0.5454545454545454,0.45454545454545453,0.575,1.0,1.0,0.475,0.5668859649122807,0.0
20260629_225103_bc53ce62,20260629_225103_bc53ce62_g0054,54,1857557926,4,40,40,40,1,3,YELLOW,champ_v3,2,2.0,[2],0,95,2,"{""1"": 74, ""2"": 97, ""3"": 95, ""4"": 61}",False,23.0,-34.0,1.0,29.0,25.0,0.0625,70.0,32.875,72.875,16.0,11.0,9.75,18.0,18.125,228.0,95.875,10.0,11.0,43.0,1.0,1.0,1.0,3.0,5.0,1.0,0.0,0.0,40.0,40.0,0.4825,0.47619047619047616,0.016,0.016,0.1125,0.5113636363636364,0.48863636363636365,0.575,1.0,1.0,0.475,0.6339181286549708,0.0
20260629_225103_bc53ce62,20260629_225103_bc53ce62_g0054,54,1857557926,4,40,40,40,1,4,GREEN,pool_heuristic,3,2.0,[2],0,61,4,"{""1"": 74, ""2"": 97, ""3"": 95, ""4"": 61}",False,19.0,-42.0,3.0,15.0,25.0,0.0625,62.0,30.375,65.75,15.0,8.0,11.25,26.5,5.0,236.0,84.75,10.0,11.0,38.0,1.0,1.0,2.0,6.0,1.0,0.0,0.0,1.0,40.0,40.0,0.4825,0.47619047619047616,0.016,0.016,0.125,0.5681818181818182,0.4318181818181818,0.475,1.0,1.0,0.5083333333333333,0.4557894736842105,0.0
20260629_225103_bc53ce62,20260629_225103_bc53ce62_g0054,54,1857557926,5,48,48,48,1,1,RED,pool_l45_100ms,0,2.0,[2],0,74,3,"{""1"": 74, ""2"": 97, ""3"": 95, ""4"": 61}",False,15.0,-49.0,6.0,16.0,38.0,0.095,26.0,16.75,26.0,11.0,7.0,3.0,5.0,0.0,103.0,41.0,12.0,9.0,29.0,1.0,1.0,2.0,5.0,0.0,0.0,0.0,0.0,48.0,48.0,0.5525,0.5714285714285714,0.0192,0.0192,0.1475,0.6704545454545454,0.32954545454545453,0.375,0.85,0.8,0.5333333333333333,0.40588760035682425,0.0
20260629_225103_bc53ce62,20260629_225103_bc53ce62_g0054,54,1857557926,5,48,48,48,1,2,BLUE,pool_peer_500ms,1,2.0,[2],1,97,1,"{""1"": 74, ""2"": 97, ""3"": 95, ""4"": 61}",False,24.0,-31.0,0.0,34.0,38.0,0.095,80.0,40.25,83.5,19.0,15.0,21.75,19.0,8.75,49.0,107.5,12.0,9.0,31.0,1.0,1.0,2.0,3.0,2.0,0.0,0.0,0.0,48.0,48.0,0.5525,0.5714285714285714,0.0192,0.0192,0.1425,0.6477272727272727,0.3522727272727273,0.6,1.0,1.0,0.4583333333333333,0.5447830101569713,0.0
20260629_225103_bc53ce62,20260629_225103_bc53ce62_g0054,54,1857557926,5,48,48,48,1,3,YELLOW,champ_v3,2,2.0,[2],0,95,2,"{""1"": 74, ""2"": 97, ""3"": 95, ""4"": 61}",False,24.0,-31.0,1.0,36.0,38.0,0.095,19.0,8.0,23.5,0.0,9.0,3.0,4.0,7.5,110.0,47.5,12.0,9.0,37.0,0.0,1.0,1.0,3.0,4.0,1.0,0.0,0.0,48.0,48.0,0.5525,0.5714285714285714,0.0192,0.0192,0.1275,0.5795454545454546,0.42045454545454547,0.6,1.0,1.0,0.4583333333333333,0.6253869969040248,0.0
20260629_225103_bc53ce62,20260629_225103_bc53ce62_g0054,54,1857557926,5,48,48,48,1,4,GREEN,pool_heuristic,3,2.0,[2],0,61,4,"{""1"": 74, ""2"": 97, ""3"": 95, ""4"": 61}",False,16.0,-47.0,3.0,24.0,38.0,0.095,4.0,2.0,5.5,0.0,2.0,1.5,2.0,0.0,125.0,21.5,12.0,9.0,34.0,0.0,1.0,1.0,6.0,1.0,0.0,0.0,1.0,48.0,48.0,0.5525,0.5714285714285714,0.0192,0.0192,0.135,0.6136363636363636,0.38636363636363635,0.4,0.9,1.0,0.525,0.4571150097465887,0.0
20260629_225103_bc53ce62,20260629_225103_bc53ce62_g0054,54,1857557926,6,56,56,57,2,1,RED,pool_l45_100ms,0,2.0,[2],0,74,3,"{""1"": 74, ""2"": 97, ""3"": 95, ""4"": 61}",False,11.0,-55.0,6.0,20.0,60.0,0.15,7.0,7.0,7.0,7.0,0.0,0.0,0.0,0.0,47.0,18.0,15.0,6.0,20.0,1.0,0.0,1.0,4.0,0.0,0.0,0.0,0.0,56.0,57.0,0.6225,0.7142857142857143,0.0228,0.0224,0.17,0.7727272727272727,0.22727272727272727,0.275,0.4166666666666667,0.8,0.55,0.3846749226006192,0.0
20260629_225103_bc53ce62,20260629_225103_bc53ce62_g0054,54,1857557926,6,56,56,57,2,2,BLUE,pool_peer_500ms,1,2.0,[2],1,97,1,"{""1"": 74, ""2"": 97, ""3"": 95, ""4"": 61}",False,25.0,-27.0,0.0,48.0,60.0,0.15,32.0,23.25,33.25,17.0,8.0,3.75,2.0,2.5,22.0,58.25,14.0,7.0,24.0,1.0,1.0,1.0,2.0,2.0,0.0,0.0,0.0,56.0,57.0,0.6225,0.6666666666666666,0.0228,0.0224,0.16,0.7272727272727273,0.2727272727272727,0.625,0.8333333333333334,1.0,0.4333333333333333,0.5370065789473684,0.0
20260629_225103_bc53ce62,20260629_225103_bc53ce62_g0054,54,1857557926,6,56,56,57,2,3,YELLOW,champ_v3,2,2.0,[2],0,95,2,"{""1"": 74, ""2"": 97, ""3"": 95, ""4"": 61}",False,26.0,-25.0,1.0,43.0,60.0,0.15,15.0,6.75,19.25,0.0,8.0,2.25,4.0,5.0,39.0,45.25,14.0,7.0,27.0,0.0,1.0,1.0,3.0,2.0,0.0,0.0,0.0,56.0,57.0,0.6225,0.6666666666666666,0.0228,0.0224,0.1525,0.6931818181818182,0.3068181818181818,0.65,0.8166666666666667,1.0,0.425,0.5746333045729076,0.0
20260629_225103_bc53ce62,20260629_225103_bc53ce62_g0054,54,1857557926,6,56,56,57,2,4,GREEN,pool_heuristic,3,2.0,[2],0,61,4,"{""1"": 74, ""2"": 97, ""3"": 95, ""4"": 61}",False,15.0,-47.0,3.0,31.0,60.0,0.15,0.0,0.0,0.0,0.0,0.0,0.0,0.0,0.0,54.0,15.0,13.0,8.0,32.0,0.0,0.0,1.0,6.0,1.0,0.0,0.0,1.0,56.0,57.0,0.6225,0.6190476190476191,0.0228,0.0224,0.14,0.6363636363636364,0.36363636363636365,0.375,0.7333333333333333,1.0,0.5166666666666667,0.4548872180451128,0.0
20260629_225103_bc53ce62,20260629_225103_bc53ce62_g0054,54,1857557926,7,64,64,70,3,1,RED,pool_l45_100ms,0,2.0,[2],0,74,3,"{""1"": 74, ""2"": 97, ""3"": 95, ""4"": 61}",False,10.0,-51.0,6.0,28.0,59.0,0.1475,0.0,0.0,0.0,0.0,0.0,0.0,0.0,0.0,4.0,10.0,16.0,5.0,19.0,0.0,0.0,1.0,4.0,0.0,0.0,0.0,0.0,64.0,70.0,0.6775,0.7619047619047619,0.028,0.0256,0.1725,0.7840909090909091,0.2159090909090909,0.25,0.26666666666666666,0.8,0.5083333333333333,0.38062547673531655,0.0
20260629_225103_bc53ce62,20260629_225103_bc53ce62_g0054,54,1857557926,7,64,64,70,3,2,BLUE,pool_peer_500ms,1,2.0,[2],1,97,1,"{""1"": 74, ""2"": 97, ""3"": 95, ""4"": 61}",False,24.0,-23.0,0.0,62.0,59.0,0.1475,2.0,1.25,5.25,0.0,0.0,0.0,4.0,1.25,2.0,29.25,18.0,3.0,13.0,0.0,0.0,0.0,2.0,1.0,0.0,0.0,0.0,64.0,70.0,0.6775,0.8571428571428571,0.028,0.0256,0.1875,0.8522727272727273,0.14772727272727273,0.6,0.7333333333333333,1.0,0.39166666666666666,0.5249122807017543,0.0
20260629_225103_bc53ce62,20260629_225103_bc53ce62_g0054,54,1857557926,7,64,64,70,3,3,YELLOW,champ_v3,2,2.0,[2],0,95,2,"{""1"": 74, ""2"": 97, ""3"": 95, ""4"": 61}",False,22.0,-27.0,1.0,51.0,59.0,0.1475,2.0,0.5,1.5,0.0,0.0,1.5,0.0,0.0,2.0,23.5,17.0,4.0,17.0,0.0,0.0,1.0,1.0,2.0,0.0,0.0,0.0,64.0,70.0,0.6775,0.8095238095238095,0.028,0.0256,0.1775,0.8068181818181818,0.19318181818181818,0.55,0.5333333333333333,1.0,0.4083333333333333,0.5656041512231282,0.0
20260629_225103_bc53ce62,20260629_225103_bc53ce62_g0054,54,1857557926,7,64,64,70,3,4,GREEN,pool_heuristic,3,2.0,[2],0,61,4,"{""1"": 74, ""2"": 97, ""3"": 95, ""4"": 61}",False,15.0,-41.0,3.0,37.0,59.0,0.1475,0.0,0.0,0.0,0.0,0.0,0.0,0.0,0.0,4.0,15.0,13.0,8.0,32.0,0.0,0.0,1.0,6.0,1.0,0.0,0.0,1.0,64.0,70.0,0.6775,0.6190476190476191,0.028,0.0256,0.14,0.6363636363636364,0.36363636363636365,0.375,0.5333333333333333,1.0,0.4666666666666667,0.4548872180451128,0.0
20260629_225103_bc53ce62,20260629_225103_bc53ce62_g0055,55,2002082819,0,8,8,8,1,1,RED,pool_peer_500ms,0,2.0,[2],0,92,2,"{""1"": 92, ""2"": 95, ""3"": 83, ""4"": 75}",False,9.0,-13.0,9.0,0.0,0.0,0.0,543.0,122.625,488.75,9.0,15.0,41.25,153.5,270.0,1335.0,497.75,2.0,19.0,78.0,1.0,1.0,2.0,6.0,9.0,1.0,0.0,0.0,8.0,8.0,0.1,0.09523809523809523,0.0032,0.0032,0.025,0.11363636363636363,0.8863636363636364,0.225,1.0,1.0,0.18333333333333332,0.23684210526315785,0.0
20260629_225103_bc53ce62,20260629_225103_bc53ce62_g0055,55,2002082819,0,8,8,8,1,2,BLUE,champ_v3,1,2.0,[2],1,95,1,"{""1"": 92, ""2"": 95, ""3"": 83, ""4"": 75}",False,9.0,-13.0,9.0,0.0,0.0,0.0,543.0,122.625,488.75,9.0,15.0,41.25,153.5,270.0,1335.0,497.75,2.0,19.0,78.0,1.0,1.0,2.0,6.0,9.0,1.0,0.0,0.0,8.0,8.0,0.1,0.09523809523809523,0.0032,0.0032,0.025,0.11363636363636363,0.8863636363636364,0.225,1.0,1.0,0.18333333333333332,0.23684210526315785,0.0
20260629_225103_bc53ce62,20260629_225103_bc53ce62_g0055,55,2002082819,0,8,8,8,1,3,YELLOW,pool_heuristic,2,2.0,[2],0,83,3,"{""1"": 92, ""2"": 95, ""3"": 83, ""4"": 75}",False,6.0,-19.0,9.0,0.0,0.0,0.0,348.0,89.75,362.625,6.0,10.0,28.5,112.5,205.625,1530.0,368.625,2.0,19.0,78.0,1.0,1.0,2.0,6.0,9.0,1.0,1.0,1.0,8.0,8.0,0.1,0.09523809523809523,0.0032,0.0032,0.025,0.11363636363636363,0.8863636363636364,0.15,1.0,1.0,0.20833333333333334,0.2315789473684211,0.0
20260629_225103_bc53ce62,20260629_225103_bc53ce62_g0055,55,2002082819,0,8,8,8,1,4,GREEN,pool_l45_100ms,3,2.0,[2],0,75,4,"{""1"": 92, ""2"": 95, ""3"": 83, ""4"": 75}",False,7.0,-17.0,9.0,0.0,0.0,0.0,444.0,103.25,415.125,7.0,12.0,33.75,130.5,231.875,1434.0,422.125,2.0,19.0,78.0,1.0,1.0,2.0,6.0,9.0,1.0,1.0,0.0,8.0,8.0,0.1,0.09523809523809523,0.0032,0.0032,0.025,0.11363636363636363,0.8863636363636364,0.175,1.0,1.0,0.2,0.20526315789473681,0.0
20260629_225103_bc53ce62,20260629_225103_bc53ce62_g0055,55,2002082819,1,16,16,16,1,1,RED,pool_peer_500ms,0,2.0,[2],0,92,2,"{""1"": 92, ""2"": 95, ""3"": 83, ""4"": 75}",False,16.0,-22.0,0.0,2.0,4.0,0.01,689.0,172.125,666.875,14.0,23.0,64.5,241.0,324.375,1777.0,682.875,4.0,17.0,68.0,1.0,1.0,2.0,6.0,7.0,1.0,0.0,0.0,16.0,16.0,0.2,0.19047619047619047,0.0064,0.0064,0.05,0.22727272727272727,0.7727272727272727,0.4,1.0,1.0,0.31666666666666665,0.49473684210526314,0.0
20260629_225103_bc53ce62,20260629_225103_bc53ce62_g0055,55,2002082819,1,16,16,16,1,2,BLUE,champ_v3,1,2.0,[2],1,95,1,"{""1"": 92, ""2"": 95, ""3"": 83, ""4"": 75}",False,15.0,-24.0,1.0,2.0,4.0,0.01,744.0,186.75,720.25,15.0,26.0,72.75,264.0,342.5,1722.0,735.25,4.0,17.0,68.0,1.0,1.0,2.0,6.0,7.0,1.0,0.0,0.0,16.0,16.0,0.2,0.19047619047619047,0.0064,0.0064,0.05,0.22727272727272727,0.7727272727272727,0.375,1.0,1.0,0.325,0.4894736842105264,0.0
20260629_225103_bc53ce62,20260629_225103_bc53ce62_g0055,55,2002082819,1,16,16,16,1,3,YELLOW,pool_heuristic,2,2.0,[2],0,83,3,"{""1"": 92, ""2"": 95, ""3"": 83, ""4"": 75}",False,13.0,-28.0,4.0,0.0,4.0,0.01,558.0,155.75,597.875,13.0,22.0,60.0,223.5,279.375,1908.0,610.875,4.0,17.0,68.0,1.0,1.0,2.0,6.0,7.0,0.0,1.0,1.0,16.0,16.0,0.2,0.19047619047619047,0.0064,0.0064,0.05,0.22727272727272727,0.7727272727272727,0.325,1.0,1.0,0.3416666666666667,0.4421052631578948,0.0
20260629_225103_bc53ce62,20260629_225103_bc53ce62_g0055,55,2002082819,1,16,16,16,1,4,GREEN,pool_l45_100ms,3,2.0,[2],0,75,4,"{""1"": 92, ""2"": 95, ""3"": 83, ""4"": 75}",False,10.0,-34.0,7.0,0.0,4.0,0.01,475.0,112.625,428.5,10.0,17.0,43.5,160.5,197.5,1991.0,438.5,4.0,17.0,68.0,1.0,1.0,2.0,6.0,7.0,1.0,0.0,0.0,16.0,16.0,0.2,0.19047619047619047,0.0064,0.0064,0.05,0.22727272727272727,0.7727272727272727,0.25,1.0,1.0,0.36666666666666664,0.3131578947368421,0.0
20260629_225103_bc53ce62,20260629_225103_bc53ce62_g0055,55,2002082819,2,24,24,24,1,1,RED,pool_peer_500ms,0,2.0,[2],0,92,2,"{""1"": 92, ""2"": 95, ""3"": 83, ""4"": 75}",False,20.0,-28.0,0.0,10.0,5.0,0.0125,537.0,147.25,540.25,16.0,26.0,68.25,190.0,240.0,1189.0,560.25,6.0,15.0,59.0,1.0,1.0,2.0,5.0,6.0,1.0,0.0,0.0,24.0,24.0,0.295,0.2857142857142857,0.0096,0.0096,0.0725,0.32954545454545453,0.6704545454545454,0.5,1.0,1.0,0.4,0.5843920145190562,0.0
20260629_225103_bc53ce62,20260629_225103_bc53ce62_g0055,55,2002082819,2,24,24,24,1,2,BLUE,champ_v3,1,2.0,[2],1,95,1,"{""1"": 92, ""2"": 95, ""3"": 83, ""4"": 75}",False,20.0,-28.0,1.0,13.0,5.0,0.0125,622.0,170.625,625.5,19.0,30.0,76.5,222.5,277.5,1104.0,645.5,6.0,15.0,59.0,1.0,1.0,2.0,5.0,6.0,1.0,0.0,0.0,24.0,24.0,0.295,0.2857142857142857,0.0096,0.0096,0.0725,0.32954545454545453,0.6704545454545454,0.5,1.0,1.0,0.4,0.5680580762250453,0.0
20260629_225103_bc53ce62,20260629_225103_bc53ce62_g0055,55,2002082819,2,24,24,24,1,3,YELLOW,pool_heuristic,2,2.0,[2],0,83,3,"{""1"": 92, ""2"": 95, ""3"": 83, ""4"": 75}",False,16.0,-36.0,1.0,7.0,5.0,0.0125,293.0,103.0,355.75,15.0,19.0,47.25,157.0,117.5,1433.0,371.75,6.0,15.0,58.0,1.0,1.0,2.0,6.0,5.0,0.0,1.0,1.0,24.0,24.0,0.295,0.2857142857142857,0.0096,0.0096,0.075,0.3409090909090909,0.6590909090909091,0.4,1.0,1.0,0.4333333333333333,0.5263157894736843,0.0
20260629_225103_bc53ce62,20260629_225103_bc53ce62_g0055,55,2002082819,2,24,24,24,1,4,GREEN,pool_l45_100ms,3,2.0,[2],0,75,4,"{""1"": 92, ""2"": 95, ""3"": 83, ""4"": 75}",False,12.0,-44.0,3.0,3.0,5.0,0.0125,274.0,70.375,239.0,11.0,14.0,32.25,105.5,76.25,1452.0,251.0,6.0,15.0,58.0,1.0,1.0,2.0,6.0,5.0,0.0,0.0,0.0,24.0,24.0,0.295,0.2857142857142857,0.0096,0.0096,0.075,0.3409090909090909,0.6590909090909091,0.3,1.0,1.0,0.4666666666666667,0.43157894736842106,0.0
20260629_225103_bc53ce62,20260629_225103_bc53ce62_g0055,55,2002082819,3,32,32,32,1,1,RED,pool_peer_500ms,0,2.0,[2],0,92,2,"{""1"": 92, ""2"": 95, ""3"": 83, ""4"": 75}",False,24.0,-30.0,0.0,16.0,16.0,0.04,421.0,118.25,401.625,18.0,23.0,60.0,172.5,128.125,572.0,425.625,8.0,13.0,49.0,1.0,1.0,2.0,5.0,4.0,0.0,0.0,0.0,32.0,32.0,0.3925,0.38095238095238093,0.0128,0.0128,0.0975,0.4431818181818182,0.5568181818181818,0.6,1.0,1.0,0.45,0.5951417004048583,0.0
20260629_225103_bc53ce62,20260629_225103_bc53ce62_g0055,55,2002082819,3,32,32,32,1,2,BLUE,champ_v3,1,2.0,[2],1,95,1,"{""1"": 92, ""2"": 95, ""3"": 83, ""4"": 75}",False,23.0,-32.0,0.0,21.0,16.0,0.04,406.0,117.5,402.0,20.0,23.0,57.75,130.0,171.25,587.0,425.0,8.0,13.0,50.0,1.0,1.0,2.0,4.0,5.0,1.0,0.0,0.0,32.0,32.0,0.3925,0.38095238095238093,0.0128,0.0128,0.095,0.4318181818181818,0.5681818181818182,0.575,1.0,1.0,0.4583333333333333,0.6329639889196677,0.0
20260629_225103_bc53ce62,20260629_225103_bc53ce62_g0055,55,2002082819,3,32,32,32,1,3,YELLOW,pool_heuristic,2,2.0,[2],0,83,3,"{""1"": 92, ""2"": 95, ""3"": 83, ""4"": 75}",False,20.0,-38.0,1.0,11.0,16.0,0.04,93.0,41.5,100.25,17.0,11.0,18.0,43.0,11.25,900.0,120.25,8.0,13.0,48.0,1.0,1.0,2.0,6.0,3.0,0.0,1.0,0.0,32.0,32.0,0.3925,0.38095238095238093,0.0128,0.0128,0.1,0.45454545454545453,0.5454545454545454,0.5,1.0,1.0,0.4833333333333333,0.5078947368421053,0.0
20260629_225103_bc53ce62,20260629_225103_bc53ce62_g0055,55,2002082819,3,32,32,32,1,4,GREEN,pool_l45_100ms,3,2.0,[2],0,75,4,"{""1"": 92, ""2"": 95, ""3"": 83, ""4"": 75}",False,11.0,-56.0,3.0,7.0,16.0,0.04,73.0,26.5,73.125,8.0,8.0,12.0,29.5,15.625,920.0,84.125,8.0,13.0,48.0,1.0,1.0,2.0,6.0,3.0,0.0,0.0,0.0,32.0,32.0,0.3925,0.38095238095238093,0.0128,0.0128,0.1,0.45454545454545453,0.5454545454545454,0.275,0.9,1.0,0.5583333333333333,0.4447368421052631,0.0
20260629_225103_bc53ce62,20260629_225103_bc53ce62_g0055,55,2002082819,4,40,40,40,1,1,RED,pool_peer_500ms,0,2.0,[2],0,92,2,"{""1"": 92, ""2"": 95, ""3"": 83, ""4"": 75}",False,25.0,-33.0,0.0,26.0,28.0,0.07,260.0,81.25,242.125,19.0,22.0,47.25,94.5,59.375,358.0,267.125,10.0,11.0,40.0,1.0,1.0,2.0,4.0,3.0,0.0,0.0,0.0,40.0,40.0,0.49,0.47619047619047616,0.016,0.016,0.12,0.5454545454545454,0.45454545454545453,0.625,1.0,1.0,0.4833333333333333,0.5975877192982456,0.0
20260629_225103_bc53ce62,20260629_225103_bc53ce62_g0055,55,2002082819,4,40,40,40,1,2,BLUE,champ_v3,1,2.0,[2],1,95,1,"{""1"": 92, ""2"": 95, ""3"": 83, ""4"": 75}",False,29.0,-25.0,0.0,35.0,28.0,0.07,245.0,79.625,227.375,23.0,20.0,41.25,85.0,58.125,373.0,256.375,10.0,11.0,40.0,1.0,1.0,2.0,4.0,3.0,0.0,0.0,0.0,40.0,40.0,0.49,0.47619047619047616,0.016,0.016,0.12,0.5454545454545454,0.45454545454545453,0.725,1.0,1.0,0.45,0.611842105263158,0.0
20260629_225103_bc53ce62,20260629_225103_bc53ce62_g0055,55,2002082819,4,40,40,40,1,3,YELLOW,pool_heuristic,2,2.0,[2],0,83,3,"{""1"": 92, ""2"": 95, ""3"": 83, ""4"": 75}",False,22.0,-39.0,1.0,21.0,28.0,0.07,80.0,37.25,83.75,17.0,10.0,15.75,36.0,5.0,538.0,105.75,10.0,11.0,38.0,1.0,1.0,2.0,6.0,1.0,0.0,0.0,0.0,40.0,40.0,0.49,0.47619047619047616,0.016,0.016,0.125,0.5681818181818182,0.4318181818181818,0.55,1.0,1.0,0.5083333333333333,0.47684210526315796,0.0
20260629_225103_bc53ce62,20260629_225103_bc53ce62_g0055,55,2002082819,4,40,40,40,1,4,GREEN,pool_l45_100ms,3,2.0,[2],0,75,4,"{""1"": 92, ""2"": 95, ""3"": 83, ""4"": 75}",False,7.0,-69.0,3.0,7.0,28.0,0.07,33.0,11.875,30.125,4.0,4.0,5.25,15.0,1.875,585.0,37.125,10.0,11.0,38.0,1.0,1.0,2.0,6.0,1.0,0.0,0.0,0.0,40.0,40.0,0.49,0.47619047619047616,0.016,0.016,0.125,0.5681818181818182,0.4318181818181818,0.175,0.6166666666666667,1.0,0.6333333333333333,0.42000000000000004,0.0
20260629_225103_bc53ce62,20260629_225103_bc53ce62_g0055,55,2002082819,5,48,48,48,1,1,RED,pool_peer_500ms,0,2.0,[2],0,92,2,"{""1"": 92, ""2"": 95, ""3"": 83, ""4"": 75}",False,28.0,-30.0,0.0,35.0,47.0,0.1175,37.0,23.875,36.625,16.0,8.0,9.0,3.0,0.625,83.0,64.625,12.0,9.0,31.0,1.0,1.0,2.0,3.0,2.0,0.0,0.0,0.0,48.0,48.0,0.5825,0.5714285714285714,0.0192,0.0192,0.1425,0.6477272727272727,0.3522727272727273,0.7,1.0,1.0,0.4833333333333333,0.5752539242843953,0.0
20260629_225103_bc53ce62,20260629_225103_bc53ce62_g0055,55,2002082819,5,48,48,48,1,2,BLUE,champ_v3,1,2.0,[2],1,95,1,"{""1"": 92, ""2"": 95, ""3"": 83, ""4"": 75}",False,29.0,-28.0,0.0,40.0,47.0,0.1175,51.0,29.75,50.625,19.0,9.0,9.0,10.5,3.125,69.0,79.625,12.0,9.0,30.0,1.0,1.0,2.0,4.0,1.0,0.0,0.0,0.0,48.0,48.0,0.5825,0.5714285714285714,0.0192,0.0192,0.145,0.6590909090909091,0.3409090909090909,0.725,1.0,1.0,0.475,0.5889292196007259,0.0
20260629_225103_bc53ce62,20260629_225103_bc53ce62_g0055,55,2002082819,5,48,48,48,1,3,YELLOW,pool_heuristic,2,2.0,[2],0,83,3,"{""1"": 92, ""2"": 95, ""3"": 83, ""4"": 75}",False,20.0,-46.0,1.0,23.0,47.0,0.1175,21.0,16.25,21.0,13.0,4.0,3.0,1.0,0.0,99.0,41.0,12.0,9.0,29.0,1.0,1.0,2.0,5.0,0.0,0.0,0.0,0.0,48.0,48.0,0.5825,0.5714285714285714,0.0192,0.0192,0.1475,0.6704545454545454,0.32954545454545453,0.5,1.0,0.8,0.55,0.4460303300624443,0.0
20260629_225103_bc53ce62,20260629_225103_bc53ce62_g0055,55,2002082819,5,48,48,48,1,4,GREEN,pool_l45_100ms,3,2.0,[2],0,75,4,"{""1"": 92, ""2"": 95, ""3"": 83, ""4"": 75}",False,9.0,-68.0,3.0,11.0,47.0,0.1175,11.0,7.75,10.5,6.0,2.0,1.5,1.0,0.0,109.0,19.5,12.0,9.0,29.0,1.0,1.0,2.0,5.0,0.0,0.0,0.0,0.0,48.0,48.0,0.5825,0.5714285714285714,0.0192,0.0192,0.1475,0.6704545454545454,0.32954545454545453,0.225,0.2833333333333333,0.8,0.6416666666666667,0.41302408563782333,0.0
20260629_225103_bc53ce62,20260629_225103_bc53ce62_g0055,55,2002082819,6,56,56,56,1,1,RED,pool_peer_500ms,0,2.0,[2],0,92,2,"{""1"": 92, ""2"": 95, ""3"": 83, ""4"": 75}",False,26.0,-26.0,0.0,47.0,50.0,0.125,21.0,16.125,24.0,12.0,3.0,4.5,4.5,0.0,26.0,50.0,14.0,7.0,23.0,1.0,1.0,1.0,3.0,1.0,0.0,0.0,0.0,56.0,56.0,0.6475,0.6666666666666666,0.0224,0.0224,0.1625,0.7386363636363636,0.26136363636363635,0.65,0.9,1.0,0.4333333333333333,0.5635627530364372,0.0
20260629_225103_bc53ce62,20260629_225103_bc53ce62_g0055,55,2002082819,6,56,56,56,1,2,BLUE,champ_v3,1,2.0,[2],1,95,1,"{""1"": 92, ""2"": 95, ""3"": 83, ""4"": 75}",False,27.0,-24.0,0.0,46.0,50.0,0.125,20.0,16.5,19.5,14.0,4.0,1.5,0.0,0.0,27.0,46.5,14.0,7.0,22.0,1.0,1.0,1.0,4.0,0.0,0.0,0.0,0.0,56.0,56.0,0.6475,0.6666666666666666,0.0224,0.0224,0.165,0.75,0.25,0.675,0.75,0.8,0.425,0.5606060606060607,0.0
20260629_225103_bc53ce62,20260629_225103_bc53ce62_g0055,55,2002082819,6,56,56,56,1,3,YELLOW,pool_heuristic,2,2.0,[2],0,83,3,"{""1"": 92, ""2"": 95, ""3"": 83, ""4"": 75}",False,18.0,-42.0,1.0,31.0,50.0,0.125,3.0,1.5,3.5,0.0,2.0,1.5,0.0,0.0,44.0,21.5,14.0,7.0,24.0,0.0,1.0,2.0,4.0,0.0,0.0,0.0,0.0,56.0,56.0,0.6475,0.6666666666666666,0.0224,0.0224,0.16,0.7272727272727273,0.2727272727272727,0.45,0.8833333333333333,0.8,0.5,0.4317434210526315,0.0
20260629_225103_bc53ce62,20260629_225103_bc53ce62_g0055,55,2002082819,6,56,56,56,1,4,GREEN,pool_l45_100ms,3,2.0,[2],0,75,4,"{""1"": 92, ""2"": 95, ""3"": 83, ""4"": 75}",False,7.0,-64.0,2.0,18.0,50.0,0.125,3.0,1.125,3.0,0.0,1.0,1.5,0.5,0.0,44.0,10.0,14.0,7.0,24.0,0.0,1.0,2.0,4.0,0.0,0.0,0.0,0.0,56.0,56.0,0.6475,0.6666666666666666,0.0224,0.0224,0.16,0.7272727272727273,0.2727272727272727,0.175,0.21666666666666667,0.8,0.5916666666666667,0.4325657894736842,0.0
20260629_225103_bc53ce62,20260629_225103_bc53ce62_g0055,55,2002082819,7,64,64,65,2,1,RED,pool_peer_500ms,0,2.0,[2],0,92,2,"{""1"": 92, ""2"": 95, ""3"": 83, ""4"": 75}",False,24.0,-27.0,0.0,57.0,35.0,0.0875,5.0,2.5,5.5,0.0,4.0,1.5,0.0,0.0,8.0,29.5,17.0,4.0,14.0,0.0,1.0,1.0,1.0,1.0,0.0,0.0,0.0,64.0,65.0,0.7025,0.8095238095238095,0.026,0.0256,0.185,0.8409090909090909,0.1590909090909091,0.6,0.7166666666666667,1.0,0.425,0.5405405405405406,0.0
20260629_225103_bc53ce62,20260629_225103_bc53ce62_g0055,55,2002082819,7,64,64,65,2,2,BLUE,champ_v3,1,2.0,[2],1,95,1,"{""1"": 92, ""2"": 95, ""3"": 83, ""4"": 75}",False,26.0,-23.0,0.0,52.0,35.0,0.0875,3.0,0.625,2.0,0.0,0.0,1.5,0.5,0.0,10.0,28.0,16.0,5.0,19.0,0.0,0.0,1.0,4.0,0.0,0.0,0.0,0.0,64.0,65.0,0.7025,0.7619047619047619,0.026,0.0256,0.1725,0.7840909090909091,0.2159090909090909,0.65,0.7,0.8,0.4083333333333333,0.5621662852784135,0.0
20260629_225103_bc53ce62,20260629_225103_bc53ce62_g0055,55,2002082819,7,64,64,65,2,3,YELLOW,pool_heuristic,2,2.0,[2],0,83,3,"{""1"": 92, ""2"": 95, ""3"": 83, ""4"": 75}",False,19.0,-37.0,1.0,45.0,35.0,0.0875,5.0,1.625,4.5,0.0,2.0,0.0,2.5,0.0,8.0,23.5,16.0,5.0,18.0,0.0,1.0,0.0,4.0,0.0,0.0,0.0,0.0,64.0,65.0,0.7025,0.7619047619047619,0.026,0.0256,0.175,0.7954545454545454,0.20454545454545456,0.475,0.8166666666666667,0.8,0.4666666666666667,0.4263157894736842,0.0
20260629_225103_bc53ce62,20260629_225103_bc53ce62_g0055,55,2002082819,7,64,64,65,2,4,GREEN,pool_l45_100ms,3,2.0,[2],0,75,4,"{""1"": 92, ""2"": 95, ""3"": 83, ""4"": 75}",False,6.0,-63.0,2.0,32.0,35.0,0.0875,0.0,0.0,0.0,0.0,0.0,0.0,0.0,0.0,13.0,6.0,15.0,6.0,20.0,0.0,1.0,2.0,3.0,0.0,0.0,0.0,0.0,64.0,65.0,0.7025,0.7142857142857143,0.026,0.0256,0.17,0.7727272727272727,0.22727272727272727,0.15,0.15,0.8,0.575,0.4179566563467493,0.0
20260629_225103_bc53ce62,20260629_225103_bc53ce62_g0056,56,172687191,0,8,8,8,1,1,RED,champ_v3,0,1.0,[1],1,114,1,"{""1"": 114, ""2"": 80, ""3"": 84, ""4"": 91}",False,9.0,-13.0,9.0,0.0,0.0,0.0,543.0,122.625,488.75,9.0,15.0,41.25,153.5,270.0,1259.0,497.75,2.0,19.0,78.0,1.0,1.0,2.0,6.0,9.0,1.0,0.0,0.0,8.0,8.0,0.1,0.09523809523809523,0.0032,0.0032,0.025,0.11363636363636363,0.8863636363636364,0.225,1.0,1.0,0.18333333333333332,0.23684210526315785,0.0
20260629_225103_bc53ce62,20260629_225103_bc53ce62_g0056,56,172687191,0,8,8,8,1,2,BLUE,pool_heuristic,1,1.0,[1],0,80,4,"{""1"": 114, ""2"": 80, ""3"": 84, ""4"": 91}",False,6.0,-19.0,9.0,0.0,0.0,0.0,352.0,90.125,364.375,6.0,10.0,28.5,113.0,206.875,1450.0,370.375,2.0,19.0,78.0,1.0,1.0,2.0,6.0,9.0,1.0,1.0,1.0,8.0,8.0,0.1,0.09523809523809523,0.0032,0.0032,0.025,0.11363636363636363,0.8863636363636364,0.15,1.0,1.0,0.20833333333333334,0.25263157894736843,0.0
20260629_225103_bc53ce62,20260629_225103_bc53ce62_g0056,56,172687191,0,8,8,8,1,3,YELLOW,pool_l45_100ms,2,1.0,[1],0,84,3,"{""1"": 114, ""2"": 80, ""3"": 84, ""4"": 91}",False,7.0,-17.0,9.0,0.0,0.0,0.0,364.0,86.0,341.875,7.0,10.0,27.0,108.5,189.375,1438.0,348.875,2.0,19.0,78.0,1.0,1.0,2.0,6.0,9.0,1.0,1.0,0.0,8.0,8.0,0.1,0.09523809523809523,0.0032,0.0032,0.025,0.11363636363636363,0.8863636363636364,0.175,1.0,1.0,0.2,0.17368421052631577,0.0
20260629_225103_bc53ce62,20260629_225103_bc53ce62_g0056,56,172687191,0,8,8,8,1,4,GREEN,pool_peer_500ms,3,1.0,[1],0,91,2,"{""1"": 114, ""2"": 80, ""3"": 84, ""4"": 91}",False,9.0,-13.0,9.0,0.0,0.0,0.0,543.0,122.625,488.75,9.0,15.0,41.25,153.5,270.0,1259.0,497.75,2.0,19.0,78.0,1.0,1.0,2.0,6.0,9.0,1.0,0.0,0.0,8.0,8.0,0.1,0.09523809523809523,0.0032,0.0032,0.025,0.11363636363636363,0.8863636363636364,0.225,1.0,1.0,0.18333333333333332,0.23684210526315785,0.0
20260629_225103_bc53ce62,20260629_225103_bc53ce62_g0056,56,172687191,1,16,16,16,1,1,RED,champ_v3,0,1.0,[1],1,114,1,"{""1"": 114, ""2"": 80, ""3"": 84, ""4"": 91}",False,15.0,-23.0,1.0,4.0,0.0,0.0,541.0,138.0,521.625,14.0,20.0,52.5,189.5,245.625,1571.0,536.625,4.0,17.0,68.0,1.0,1.0,2.0,6.0,7.0,1.0,0.0,0.0,16.0,16.0,0.2,0.19047619047619047,0.0064,0.0064,0.05,0.22727272727272727,0.7727272727272727,0.375,1.0,1.0,0.31666666666666665,0.4815789473684211,0.0
20260629_225103_bc53ce62,20260629_225103_bc53ce62_g0056,56,172687191,1,16,16,16,1,2,BLUE,pool_heuristic,1,1.0,[1],0,80,4,"{""1"": 114, ""2"": 80, ""3"": 84, ""4"": 91}",False,12.0,-29.0,3.0,2.0,0.0,0.0,482.0,132.875,518.625,11.0,16.0,47.25,185.0,259.375,1630.0,530.625,4.0,17.0,68.0,1.0,1.0,2.0,6.0,7.0,1.0,1.0,1.0,16.0,16.0,0.2,0.19047619047619047,0.0064,0.0064,0.05,0.22727272727272727,0.7727272727272727,0.3,1.0,1.0,0.3416666666666667,0.4631578947368421,0.0
20260629_225103_bc53ce62,20260629_225103_bc53ce62_g0056,56,172687191,1,16,16,16,1,3,YELLOW,pool_l45_100ms,2,1.0,[1],0,84,3,"{""1"": 114, ""2"": 80, ""3"": 84, ""4"": 91}",False,11.0,-31.0,5.0,0.0,0.0,0.0,429.0,102.375,386.25,11.0,15.0,36.0,140.5,183.75,1683.0,397.25,4.0,17.0,68.0,1.0,1.0,2.0,6.0,7.0,1.0,0.0,0.0,16.0,16.0,0.2,0.19047619047619047,0.0064,0.0064,0.05,0.22727272727272727,0.7727272727272727,0.275,1.0,1.0,0.35,0.3526315789473684,0.0
20260629_225103_bc53ce62,20260629_225103_bc53ce62_g0056,56,172687191,1,16,16,16,1,4,GREEN,pool_peer_500ms,3,1.0,[1],0,91,2,"{""1"": 114, ""2"": 80, ""3"": 84, ""4"": 91}",False,15.0,-23.0,1.0,1.0,0.0,0.0,660.0,166.125,636.875,15.0,23.0,62.25,231.0,305.625,1452.0,651.875,4.0,17.0,68.0,1.0,1.0,2.0,6.0,7.0,1.0,0.0,0.0,16.0,16.0,0.2,0.19047619047619047,0.0064,0.0064,0.05,0.22727272727272727,0.7727272727272727,0.375,1.0,1.0,0.31666666666666665,0.48684210526315785,0.0
20260629_225103_bc53ce62,20260629_225103_bc53ce62_g0056,56,172687191,2,24,24,24,1,1,RED,champ_v3,0,1.0,[1],1,114,1,"{""1"": 114, ""2"": 80, ""3"": 84, ""4"": 91}",False,21.0,-27.0,1.0,10.0,0.0,0.0,311.0,97.875,322.5,19.0,20.0,42.0,131.5,110.0,966.0,343.5,6.0,15.0,58.0,1.0,1.0,2.0,6.0,5.0,1.0,0.0,0.0,24.0,24.0,0.3,0.2857142857142857,0.0096,0.0096,0.075,0.3409090909090909,0.6590909090909091,0.525,1.0,1.0,0.4,0.5807017543859649,0.0
20260629_225103_bc53ce62,20260629_225103_bc53ce62_g0056,56,172687191,2,24,24,24,1,2,BLUE,pool_heuristic,1,1.0,[1],0,80,4,"{""1"": 114, ""2"": 80, ""3"": 84, ""4"": 91}",False,17.0,-35.0,2.0,3.0,0.0,0.0,465.0,146.875,536.75,16.0,25.0,64.5,212.5,218.75,812.0,553.75,6.0,15.0,58.0,1.0,1.0,2.0,6.0,5.0,1.0,1.0,1.0,24.0,24.0,0.3,0.2857142857142857,0.0096,0.0096,0.075,0.3409090909090909,0.6590909090909091,0.425,1.0,1.0,0.4333333333333333,0.5456140350877193,0.0
20260629_225103_bc53ce62,20260629_225103_bc53ce62_g0056,56,172687191,2,24,24,24,1,3,YELLOW,pool_l45_100ms,2,1.0,[1],0,84,3,"{""1"": 114, ""2"": 80, ""3"": 84, ""4"": 91}",False,12.0,-45.0,5.0,3.0,0.0,0.0,89.0,31.125,82.5,11.0,9.0,13.5,26.5,22.5,1188.0,94.5,6.0,15.0,58.0,1.0,1.0,2.0,6.0,5.0,0.0,0.0,0.0,24.0,24.0,0.3,0.2857142857142857,0.0096,0.0096,0.075,0.3409090909090909,0.6590909090909091,0.3,1.0,1.0,0.475,0.39473684210526316,0.0
20260629_225103_bc53ce62,20260629_225103_bc53ce62_g0056,56,172687191,2,24,24,24,1,4,GREEN,pool_peer_500ms,3,1.0,[1],0,91,2,"{""1"": 114, ""2"": 80, ""3"": 84, ""4"": 91}",False,19.0,-31.0,1.0,9.0,0.0,0.0,412.0,121.5,421.875,18.0,22.0,54.0,178.5,149.375,865.0,440.875,6.0,15.0,58.0,1.0,1.0,2.0,6.0,5.0,1.0,0.0,0.0,24.0,24.0,0.3,0.2857142857142857,0.0096,0.0096,0.075,0.3409090909090909,0.6590909090909091,0.475,1.0,1.0,0.4166666666666667,0.5421052631578948,0.0
20260629_225103_bc53ce62,20260629_225103_bc53ce62_g0056,56,172687191,3,32,32,32,1,1,RED,champ_v3,0,1.0,[1],1,114,1,"{""1"": 114, ""2"": 80, ""3"": 84, ""4"": 91}",False,26.0,-33.0,1.0,17.0,4.0,0.01,143.0,58.875,148.625,22.0,18.0,27.75,49.0,31.875,533.0,174.625,8.0,13.0,49.0,1.0,1.0,2.0,5.0,4.0,1.0,0.0,0.0,32.0,32.0,0.3975,0.38095238095238093,0.0128,0.0128,0.0975,0.4431818181818182,0.5568181818181818,0.65,1.0,1.0,0.4916666666666667,0.5897435897435898,0.0
20260629_225103_bc53ce62,20260629_225103_bc53ce62_g0056,56,172687191,3,32,32,32,1,2,BLUE,pool_heuristic,1,1.0,[1],0,80,4,"{""1"": 114, ""2"": 80, ""3"": 84, ""4"": 91}",False,22.0,-41.0,2.0,9.0,4.0,0.01,232.0,86.375,250.25,21.0,25.0,48.75,110.5,45.0,444.0,272.25,8.0,13.0,48.0,1.0,1.0,2.0,6.0,3.0,0.0,1.0,1.0,32.0,32.0,0.3975,0.38095238095238093,0.0128,0.0128,0.1,0.45454545454545453,0.5454545454545454,0.55,1.0,1.0,0.525,0.513157894736842,0.0
20260629_225103_bc53ce62,20260629_225103_bc53ce62_g0056,56,172687191,3,32,32,32,1,3,YELLOW,pool_l45_100ms,2,1.0,[1],0,84,3,"{""1"": 114, ""2"": 80, ""3"": 84, ""4"": 91}",False,13.0,-59.0,5.0,6.0,4.0,0.01,31.0,18.375,32.875,11.0,6.0,6.75,6.0,3.125,645.0,45.875,8.0,13.0,48.0,1.0,1.0,2.0,6.0,3.0,0.0,0.0,0.0,32.0,32.0,0.3975,0.38095238095238093,0.0128,0.0128,0.1,0.45454545454545453,0.5454545454545454,0.325,1.0,1.0,0.6,0.41052631578947374,0.0
20260629_225103_bc53ce62,20260629_225103_bc53ce62_g0056,56,172687191,3,32,32,32,1,4,GREEN,pool_peer_500ms,3,1.0,[1],0,91,2,"{""1"": 114, ""2"": 80, ""3"": 84, ""4"": 91}",False,24.0,-37.0,1.0,14.0,4.0,0.01,270.0,91.375,268.125,23.0,24.0,44.25,125.0,51.875,406.0,292.125,8.0,13.0,48.0,1.0,1.0,2.0,6.0,3.0,1.0,0.0,0.0,32.0,32.0,0.3975,0.38095238095238093,0.0128,0.0128,0.1,0.45454545454545453,0.5454545454545454,0.6,1.0,1.0,0.5083333333333333,0.5223684210526316,0.0
20260629_225103_bc53ce62,20260629_225103_bc53ce62_g0056,56,172687191,4,40,40,40,1,1,RED,champ_v3,0,1.0,[1],1,114,1,"{""1"": 114, ""2"": 80, ""3"": 84, ""4"": 91}",False,31.0,-27.0,1.0,31.0,12.0,0.03,119.0,53.75,126.5,22.0,18.0,26.25,39.0,21.25,295.0,157.5,10.0,11.0,40.0,1.0,1.0,2.0,4.0,3.0,1.0,0.0,0.0,40.0,40.0,0.485,0.47619047619047616,0.016,0.016,0.12,0.5454545454545454,0.45454545454545453,0.775,1.0,1.0,0.4833333333333333,0.5855263157894737,0.0
20260629_225103_bc53ce62,20260629_225103_bc53ce62_g0056,56,172687191,4,40,40,40,1,2,BLUE,pool_heuristic,1,1.0,[1],0,80,4,"{""1"": 114, ""2"": 80, ""3"": 84, ""4"": 91}",False,21.0,-47.0,0.0,26.0,12.0,0.03,86.0,39.25,86.25,18.0,11.0,20.25,32.0,5.0,328.0,107.25,10.0,11.0,39.0,1.0,1.0,2.0,5.0,2.0,0.0,0.0,1.0,40.0,40.0,0.485,0.47619047619047616,0.016,0.016,0.1225,0.5568181818181818,0.4431818181818182,0.525,1.0,1.0,0.5666666666666667,0.5435016111707841,0.0
20260629_225103_bc53ce62,20260629_225103_bc53ce62_g0056,56,172687191,4,40,40,40,1,3,YELLOW,pool_l45_100ms,2,1.0,[1],0,84,3,"{""1"": 114, ""2"": 80, ""3"": 84, ""4"": 91}",False,12.0,-65.0,5.0,12.0,12.0,0.03,19.0,13.5,19.0,10.0,4.0,3.0,2.0,0.0,395.0,31.0,10.0,11.0,39.0,1.0,1.0,2.0,5.0,2.0,0.0,0.0,0.0,40.0,40.0,0.485,0.47619047619047616,0.016,0.016,0.1225,0.5568181818181818,0.4431818181818182,0.3,0.9,1.0,0.6416666666666667,0.4006444683136412,0.0
20260629_225103_bc53ce62,20260629_225103_bc53ce62_g0056,56,172687191,4,40,40,40,1,4,GREEN,pool_peer_500ms,3,1.0,[1],0,91,2,"{""1"": 114, ""2"": 80, ""3"": 84, ""4"": 91}",False,25.0,-39.0,1.0,22.0,12.0,0.03,190.0,74.625,208.625,22.0,21.0,38.25,78.0,49.375,224.0,233.625,10.0,11.0,40.0,1.0,1.0,2.0,4.0,3.0,1.0,0.0,0.0,40.0,40.0,0.485,0.47619047619047616,0.016,0.016,0.12,0.5454545454545454,0.45454545454545453,0.625,1.0,1.0,0.5333333333333333,0.4978070175438597,0.0
20260629_225103_bc53ce62,20260629_225103_bc53ce62_g0056,56,172687191,5,48,48,48,1,1,RED,champ_v3,0,1.0,[1],1,114,1,"{""1"": 114, ""2"": 80, ""3"": 84, ""4"": 91}",False,32.0,-25.0,1.0,44.0,15.0,0.0375,61.0,34.375,64.0,19.0,13.0,13.5,13.5,5.0,152.0,96.0,12.0,9.0,31.0,1.0,1.0,2.0,3.0,2.0,1.0,0.0,0.0,48.0,48.0,0.5675,0.5714285714285714,0.0192,0.0192,0.1425,0.6477272727272727,0.3522727272727273,0.8,1.0,1.0,0.475,0.5512465373961218,0.0
20260629_225103_bc53ce62,20260629_225103_bc53ce62_g0056,56,172687191,5,48,48,48,1,2,BLUE,pool_heuristic,1,1.0,[1],0,80,4,"{""1"": 114, ""2"": 80, ""3"": 84, ""4"": 91}",False,18.0,-53.0,0.0,42.0,15.0,0.0375,13.0,12.0,13.5,11.0,1.0,1.5,0.0,0.0,200.0,31.5,12.0,9.0,31.0,1.0,1.0,2.0,3.0,2.0,0.0,0.0,1.0,48.0,48.0,0.5675,0.5714285714285714,0.0192,0.0192,0.1425,0.6477272727272727,0.3522727272727273,0.45,0.9,1.0,0.5916666666666667,0.5189289012003693,0.0
20260629_225103_bc53ce62,20260629_225103_bc53ce62_g0056,56,172687191,5,48,48,48,1,3,YELLOW,pool_l45_100ms,2,1.0,[1],0,84,3,"{""1"": 114, ""2"": 80, ""3"": 84, ""4"": 91}",False,12.0,-65.0,2.0,24.0,15.0,0.0375,12.0,10.5,12.5,9.0,2.0,1.5,0.0,0.0,201.0,24.5,12.0,9.0,32.0,1.0,1.0,1.0,4.0,2.0,0.0,0.0,0.0,48.0,48.0,0.5675,0.5714285714285714,0.0192,0.0192,0.14,0.6363636363636364,0.36363636363636365,0.3,0.5333333333333333,1.0,0.6416666666666667,0.43796992481203,0.0
20260629_225103_bc53ce62,20260629_225103_bc53ce62_g0056,56,172687191,5,48,48,48,1,4,GREEN,pool_peer_500ms,3,1.0,[1],0,91,2,"{""1"": 114, ""2"": 80, ""3"": 84, ""4"": 91}",False,27.0,-35.0,1.0,30.0,15.0,0.0375,127.0,64.0,158.0,24.0,20.0,35.25,50.0,28.75,86.0,185.0,12.0,9.0,31.0,1.0,1.0,2.0,3.0,2.0,1.0,0.0,0.0,48.0,48.0,0.5675,0.5714285714285714,0.0192,0.0192,0.1425,0.6477272727272727,0.3522727272727273,0.675,1.0,1.0,0.5166666666666667,0.4644506001846722,0.0
20260629_225103_bc53ce62,20260629_225103_bc53ce62_g0056,56,172687191,6,56,56,56,1,1,RED,champ_v3,0,1.0,[1],1,114,1,"{""1"": 114, ""2"": 80, ""3"": 84, ""4"": 91}",False,30.0,-27.0,1.0,54.0,13.0,0.0325,59.0,34.25,63.5,19.0,14.0,9.0,19.0,2.5,66.0,93.5,14.0,7.0,23.0,1.0,1.0,1.0,3.0,1.0,1.0,0.0,0.0,56.0,56.0,0.63,0.6666666666666666,0.0224,0.0224,0.1625,0.7386363636363636,0.26136363636363635,0.75,1.0,1.0,0.475,0.5327935222672064,0.0
20260629_225103_bc53ce62,20260629_225103_bc53ce62_g0056,56,172687191,6,56,56,56,1,2,BLUE,pool_heuristic,1,1.0,[1],0,80,4,"{""1"": 114, ""2"": 80, ""3"": 84, ""4"": 91}",False,17.0,-53.0,0.0,46.0,13.0,0.0325,1.0,0.5,1.5,0.0,0.0,1.5,0.0,0.0,124.0,18.5,14.0,7.0,28.0,0.0,0.0,2.0,3.0,2.0,0.0,0.0,1.0,56.0,56.0,0.63,0.6666666666666666,0.0224,0.0224,0.15,0.6818181818181818,0.3181818181818182,0.425,0.6,1.0,0.5833333333333333,0.5201754385964912,0.0
20260629_225103_bc53ce62,20260629_225103_bc53ce62_g0056,56,172687191,6,56,56,56,1,3,YELLOW,pool_l45_100ms,2,1.0,[1],0,84,3,"{""1"": 114, ""2"": 80, ""3"": 84, ""4"": 91}",False,11.0,-65.0,1.0,35.0,13.0,0.0325,9.0,9.0,9.0,9.0,0.0,0.0,0.0,0.0,116.0,20.0,14.0,7.0,27.0,1.0,0.0,0.0,4.0,2.0,0.0,0.0,0.0,56.0,56.0,0.63,0.6666666666666666,0.0224,0.0224,0.1525,0.6931818181818182,0.3068181818181818,0.275,0.4166666666666667,1.0,0.6333333333333333,0.446074201898188,0.0
20260629_225103_bc53ce62,20260629_225103_bc53ce62_g0056,56,172687191,6,56,56,56,1,4,GREEN,pool_peer_500ms,3,1.0,[1],0,91,2,"{""1"": 114, ""2"": 80, ""3"": 84, ""4"": 91}",False,29.0,-29.0,1.0,37.0,13.0,0.0325,56.0,38.25,65.25,23.0,14.0,15.75,10.0,2.5,69.0,94.25,14.0,7.0,22.0,1.0,1.0,2.0,2.0,1.0,0.0,0.0,0.0,56.0,56.0,0.63,0.6666666666666666,0.0224,0.0224,0.165,0.75,0.25,0.725,1.0,1.0,0.4833333333333333,0.46251993620414666,0.0
20260629_225103_bc53ce62,20260629_225103_bc53ce62_g0056,56,172687191,7,64,64,65,2,1,RED,champ_v3,0,1.0,[1],1,114,1,"{""1"": 114, ""2"": 80, ""3"": 84, ""4"": 91}",False,29.0,-26.0,1.0,64.0,18.0,0.045,35.0,27.0,40.5,18.0,11.0,7.5,4.0,0.0,21.0,69.5,17.0,4.0,10.0,1.0,1.0,1.0,1.0,0.0,0.0,0.0,0.0,64.0,65.0,0.6975,0.8095238095238095,0.026,0.0256,0.195,0.8863636363636364,0.11363636363636363,0.725,0.8,0.8,0.4583333333333333,0.5060728744939271,0.0
20260629_225103_bc53ce62,20260629_225103_bc53ce62_g0056,56,172687191,7,64,64,65,2,2,BLUE,pool_heuristic,1,1.0,[1],0,80,4,"{""1"": 114, ""2"": 80, ""3"": 84, ""4"": 91}",False,16.0,-52.0,0.0,53.0,18.0,0.045,0.0,0.0,0.0,0.0,0.0,0.0,0.0,0.0,56.0,16.0,15.0,6.0,25.0,0.0,0.0,1.0,3.0,2.0,0.0,0.0,1.0,64.0,65.0,0.6975,0.7142857142857143,0.026,0.0256,0.1575,0.7159090909090909,0.2840909090909091,0.4,0.43333333333333335,1.0,0.5666666666666667,0.5029239766081871,0.0
20260629_225103_bc53ce62,20260629_225103_bc53ce62_g0056,56,172687191,7,64,64,65,2,3,YELLOW,pool_l45_100ms,2,1.0,[1],0,84,3,"{""1"": 114, ""2"": 80, ""3"": 84, ""4"": 91}",False,10.0,-64.0,1.0,40.0,18.0,0.045,5.0,1.75,7.25,0.0,0.0,0.0,6.0,1.25,51.0,17.25,16.0,5.0,22.0,0.0,0.0,0.0,3.0,2.0,0.0,0.0,0.0,64.0,65.0,0.6975,0.7619047619047619,0.026,0.0256,0.165,0.75,0.25,0.25,0.31666666666666665,1.0,0.6166666666666667,0.47049441786283897,0.0
20260629_225103_bc53ce62,20260629_225103_bc53ce62_g0056,56,172687191,7,64,64,65,2,4,GREEN,pool_peer_500ms,3,1.0,[1],0,91,2,"{""1"": 114, ""2"": 80, ""3"": 84, ""4"": 91}",False,29.0,-26.0,1.0,49.0,18.0,0.045,16.0,7.25,16.75,0.0,10.0,6.75,0.0,0.0,40.0,45.75,16.0,5.0,16.0,0.0,1.0,2.0,2.0,0.0,0.0,0.0,0.0,64.0,65.0,0.6975,0.7619047619047619,0.026,0.0256,0.18,0.8181818181818182,0.18181818181818182,0.725,0.85,0.8,0.4583333333333333,0.45979532163742687,0.0
20260629_225103_bc53ce62,20260629_225103_bc53ce62_g0057,57,1306217926,0,8,8,8,1,1,RED,pool_heuristic,0,1.0,[1],1,94,1,"{""1"": 94, ""2"": 80, ""3"": 92, ""4"": 86}",False,8.0,-15.0,9.0,0.0,3.0,0.0075,514.0,120.0,482.5,8.0,14.0,39.75,152.0,268.75,1413.0,490.5,2.0,19.0,78.0,1.0,1.0,2.0,6.0,9.0,1.0,0.0,1.0,8.0,8.0,0.1,0.09523809523809523,0.0032,0.0032,0.025,0.11363636363636363,0.8863636363636364,0.2,1.0,1.0,0.19166666666666668,0.25263157894736843,0.0
20260629_225103_bc53ce62,20260629_225103_bc53ce62_g0057,57,1306217926,0,8,8,8,1,2,BLUE,pool_l45_100ms,1,1.0,[1],0,80,4,"{""1"": 94, ""2"": 80, ""3"": 92, ""4"": 86}",False,5.0,-21.0,9.0,0.0,3.0,0.0075,327.0,76.25,309.5,5.0,8.0,24.0,95.0,177.5,1600.0,314.5,2.0,19.0,78.0,1.0,1.0,2.0,6.0,9.0,1.0,1.0,0.0,8.0,8.0,0.1,0.09523809523809523,0.0032,0.0032,0.025,0.11363636363636363,0.8863636363636364,0.125,1.0,1.0,0.21666666666666665,0.15263157894736834,0.0
20260629_225103_bc53ce62,20260629_225103_bc53ce62_g0057,57,1306217926,0,8,8,8,1,3,YELLOW,pool_peer_500ms,2,1.0,[1],0,92,2,"{""1"": 94, ""2"": 80, ""3"": 92, ""4"": 86}",False,9.0,-13.0,9.0,0.0,3.0,0.0075,543.0,122.625,488.75,9.0,15.0,41.25,153.5,270.0,1384.0,497.75,2.0,19.0,78.0,1.0,1.0,2.0,6.0,9.0,1.0,0.0,0.0,8.0,8.0,0.1,0.09523809523809523,0.0032,0.0032,0.025,0.11363636363636363,0.8863636363636364,0.225,1.0,1.0,0.18333333333333332,0.23684210526315785,0.0
20260629_225103_bc53ce62,20260629_225103_bc53ce62_g0057,57,1306217926,0,8,8,8,1,4,GREEN,champ_v3,3,1.0,[1],0,86,3,"{""1"": 94, ""2"": 80, ""3"": 92, ""4"": 86}",False,9.0,-13.0,9.0,0.0,3.0,0.0075,543.0,122.625,488.75,9.0,15.0,41.25,153.5,270.0,1384.0,497.75,2.0,19.0,78.0,1.0,1.0,2.0,6.0,9.0,1.0,0.0,0.0,8.0,8.0,0.1,0.09523809523809523,0.0032,0.0032,0.025,0.11363636363636363,0.8863636363636364,0.225,1.0,1.0,0.18333333333333332,0.23684210526315785,0.0
20260629_225103_bc53ce62,20260629_225103_bc53ce62_g0057,57,1306217926,1,16,16,16,1,1,RED,pool_heuristic,0,1.0,[1],1,94,1,"{""1"": 94, ""2"": 80, ""3"": 92, ""4"": 86}",False,14.0,-26.0,1.0,3.0,3.0,0.0075,457.0,121.5,464.375,11.0,17.0,46.5,170.5,219.375,1873.0,478.375,4.0,17.0,68.0,1.0,1.0,2.0,6.0,7.0,1.0,0.0,1.0,16.0,16.0,0.2,0.19047619047619047,0.0064,0.0064,0.05,0.22727272727272727,0.7727272727272727,0.35,1.0,1.0,0.33333333333333337,0.5052631578947369,0.0
20260629_225103_bc53ce62,20260629_225103_bc53ce62_g0057,57,1306217926,1,16,16,16,1,2,BLUE,pool_l45_100ms,1,1.0,[1],0,80,4,"{""1"": 94, ""2"": 80, ""3"": 92, ""4"": 86}",False,9.0,-36.0,6.0,0.0,3.0,0.0075,472.0,111.125,426.75,9.0,16.0,43.5,159.5,198.75,1858.0,435.75,4.0,17.0,68.0,1.0,1.0,2.0,6.0,7.0,1.0,0.0,0.0,16.0,16.0,0.2,0.19047619047619047,0.0064,0.0064,0.05,0.22727272727272727,0.7727272727272727,0.225,1.0,1.0,0.375,0.3263157894736842,0.0
20260629_225103_bc53ce62,20260629_225103_bc53ce62_g0057,57,1306217926,1,16,16,16,1,3,YELLOW,pool_peer_500ms,2,1.0,[1],0,92,2,"{""1"": 94, ""2"": 80, ""3"": 92, ""4"": 86}",False,16.0,-22.0,1.0,1.0,3.0,0.0075,780.0,196.625,757.5,16.0,28.0,77.25,272.5,363.75,1550.0,773.5,4.0,17.0,68.0,1.0,1.0,2.0,6.0,7.0,1.0,0.0,0.0,16.0,16.0,0.2,0.19047619047619047,0.0064,0.0064,0.05,0.22727272727272727,0.7727272727272727,0.4,1.0,1.0,0.31666666666666665,0.48684210526315785,0.0
20260629_225103_bc53ce62,20260629_225103_bc53ce62_g0057,57,1306217926,1,16,16,16,1,4,GREEN,champ_v3,3,1.0,[1],0,86,3,"{""1"": 94, ""2"": 80, ""3"": 92, ""4"": 86}",False,15.0,-24.0,0.0,2.0,3.0,0.0075,621.0,157.5,600.0,15.0,22.0,59.25,220.0,283.75,1709.0,615.0,4.0,17.0,68.0,1.0,1.0,2.0,6.0,7.0,1.0,0.0,0.0,16.0,16.0,0.2,0.19047619047619047,0.0064,0.0064,0.05,0.22727272727272727,0.7727272727272727,0.375,1.0,1.0,0.325,0.48684210526315785,0.0
20260629_225103_bc53ce62,20260629_225103_bc53ce62_g0057,57,1306217926,2,24,24,24,1,1,RED,pool_heuristic,0,1.0,[1],1,94,1,"{""1"": 94, ""2"": 80, ""3"": 92, ""4"": 86}",False,17.0,-35.0,1.0,5.0,4.0,0.01,370.0,104.5,374.625,13.0,19.0,42.75,155.5,144.375,1113.0,391.625,6.0,15.0,58.0,1.0,1.0,2.0,6.0,5.0,1.0,0.0,1.0,24.0,24.0,0.3,0.2857142857142857,0.0096,0.0096,0.075,0.3409090909090909,0.6590909090909091,0.425,1.0,1.0,0.4333333333333333,0.5578947368421052,0.0
20260629_225103_bc53ce62,20260629_225103_bc53ce62_g0057,57,1306217926,2,24,24,24,1,2,BLUE,pool_l45_100ms,1,1.0,[1],0,80,4,"{""1"": 94, ""2"": 80, ""3"": 92, ""4"": 86}",False,12.0,-45.0,6.0,1.0,4.0,0.01,275.0,73.125,246.875,12.0,15.0,33.0,105.0,81.875,1208.0,258.875,6.0,15.0,58.0,1.0,1.0,2.0,6.0,5.0,0.0,0.0,0.0,24.0,24.0,0.3,0.2857142857142857,0.0096,0.0096,0.075,0.3409090909090909,0.6590909090909091,0.3,1.0,1.0,0.475,0.38596491228070173,0.0
20260629_225103_bc53ce62,20260629_225103_bc53ce62_g0057,57,1306217926,2,24,24,24,1,3,YELLOW,pool_peer_500ms,2,1.0,[1],0,92,2,"{""1"": 94, ""2"": 80, ""3"": 92, ""4"": 86}",False,17.0,-35.0,1.0,7.0,4.0,0.01,438.0,115.25,408.25,15.0,20.0,52.5,172.0,148.75,1045.0,425.25,6.0,15.0,58.0,1.0,1.0,2.0,6.0,5.0,0.0,0.0,0.0,24.0,24.0,0.3,0.2857142857142857,0.0096,0.0096,0.075,0.3409090909090909,0.6590909090909091,0.425,1.0,1.0,0.4333333333333333,0.5684210526315789,0.0
20260629_225103_bc53ce62,20260629_225103_bc53ce62_g0057,57,1306217926,2,24,24,24,1,4,GREEN,champ_v3,3,1.0,[1],0,86,3,"{""1"": 94, ""2"": 80, ""3"": 92, ""4"": 86}",False,23.0,-23.0,0.0,10.0,4.0,0.01,400.0,120.625,402.25,21.0,25.0,56.25,167.5,132.5,1083.0,425.25,6.0,15.0,58.0,1.0,1.0,2.0,6.0,5.0,1.0,0.0,0.0,24.0,24.0,0.3,0.2857142857142857,0.0096,0.0096,0.075,0.3409090909090909,0.6590909090909091,0.575,1.0,1.0,0.38333333333333336,0.5192982456140351,0.0
20260629_225103_bc53ce62,20260629_225103_bc53ce62_g0057,57,1306217926,3,32,32,32,1,1,RED,pool_heuristic,0,1.0,[1],1,94,1,"{""1"": 94, ""2"": 80, ""3"": 92, ""4"": 86}",False,19.0,-40.0,1.0,11.0,9.0,0.0225,209.0,70.75,222.25,14.0,18.0,36.0,98.0,56.25,552.0,241.25,8.0,13.0,48.0,1.0,1.0,2.0,6.0,3.0,1.0,0.0,1.0,32.0,32.0,0.3925,0.38095238095238093,0.0128,0.0128,0.1,0.45454545454545453,0.5454545454545454,0.475,1.0,1.0,0.4916666666666667,0.5447368421052632,0.0
20260629_225103_bc53ce62,20260629_225103_bc53ce62_g0057,57,1306217926,3,32,32,32,1,2,BLUE,pool_l45_100ms,1,1.0,[1],0,80,4,"{""1"": 94, ""2"": 80, ""3"": 92, ""4"": 86}",False,14.0,-50.0,3.0,8.0,9.0,0.0225,104.0,39.0,103.25,12.0,12.0,20.25,49.0,10.0,657.0,117.25,8.0,13.0,48.0,1.0,1.0,2.0,6.0,3.0,0.0,0.0,0.0,32.0,32.0,0.3925,0.38095238095238093,0.0128,0.0128,0.1,0.45454545454545453,0.5454545454545454,0.35,1.0,1.0,0.5333333333333333,0.43157894736842106,0.0
20260629_225103_bc53ce62,20260629_225103_bc53ce62_g0057,57,1306217926,3,32,32,32,1,3,YELLOW,pool_peer_500ms,2,1.0,[1],0,92,2,"{""1"": 94, ""2"": 80, ""3"": 92, ""4"": 86}",False,21.0,-36.0,1.0,18.0,9.0,0.0225,206.0,68.25,202.625,17.0,16.0,34.5,94.5,40.625,555.0,223.625,8.0,13.0,48.0,1.0,1.0,2.0,6.0,3.0,0.0,0.0,0.0,32.0,32.0,0.3925,0.38095238095238093,0.0128,0.0128,0.1,0.45454545454545453,0.5454545454545454,0.525,1.0,1.0,0.475,0.5828947368421054,0.0
20260629_225103_bc53ce62,20260629_225103_bc53ce62_g0057,57,1306217926,3,32,32,32,1,4,GREEN,champ_v3,3,1.0,[1],0,86,3,"{""1"": 94, ""2"": 80, ""3"": 92, ""4"": 86}",False,24.0,-30.0,0.0,16.0,9.0,0.0225,242.0,80.75,250.5,21.0,21.0,19.5,99.0,90.0,519.0,274.5,8.0,13.0,51.0,1.0,1.0,1.0,5.0,5.0,1.0,0.0,0.0,32.0,32.0,0.3925,0.38095238095238093,0.0128,0.0128,0.0925,0.42045454545454547,0.5795454545454546,0.6,1.0,1.0,0.45,0.5590327169274538,0.0
20260629_225103_bc53ce62,20260629_225103_bc53ce62_g0057,57,1306217926,4,40,40,40,1,1,RED,pool_heuristic,0,1.0,[1],1,94,1,"{""1"": 94, ""2"": 80, ""3"": 92, ""4"": 86}",False,24.0,-40.0,1.0,21.0,16.0,0.04,106.0,46.375,111.75,17.0,15.0,26.25,48.5,5.0,163.0,135.75,10.0,11.0,38.0,1.0,1.0,2.0,6.0,1.0,0.0,0.0,1.0,40.0,40.0,0.48,0.47619047619047616,0.016,0.016,0.125,0.5681818181818182,0.4318181818181818,0.6,1.0,1.0,0.5333333333333333,0.5157894736842106,0.0
20260629_225103_bc53ce62,20260629_225103_bc53ce62_g0057,57,1306217926,4,40,40,40,1,2,BLUE,pool_l45_100ms,1,1.0,[1],0,80,4,"{""1"": 94, ""2"": 80, ""3"": 92, ""4"": 86}",False,14.0,-60.0,3.0,14.0,16.0,0.04,47.0,23.875,46.75,12.0,10.0,8.25,16.5,0.0,222.0,60.75,10.0,11.0,38.0,1.0,1.0,2.0,6.0,1.0,0.0,0.0,0.0,40.0,40.0,0.48,0.47619047619047616,0.016,0.016,0.125,0.5681818181818182,0.4318181818181818,0.35,0.8666666666666667,1.0,0.6166666666666667,0.4242105263157895,0.0
20260629_225103_bc53ce62,20260629_225103_bc53ce62_g0057,57,1306217926,4,40,40,40,1,3,YELLOW,pool_peer_500ms,2,1.0,[1],0,92,2,"{""1"": 94, ""2"": 80, ""3"": 92, ""4"": 86}",False,26.0,-36.0,1.0,26.0,16.0,0.04,65.0,35.75,62.0,21.0,14.0,13.5,11.0,2.5,204.0,88.0,10.0,11.0,39.0,1.0,1.0,2.0,5.0,2.0,0.0,0.0,0.0,40.0,40.0,0.48,0.47619047619047616,0.016,0.016,0.1225,0.5568181818181818,0.4431818181818182,0.65,1.0,1.0,0.5166666666666667,0.5918367346938775,0.0
20260629_225103_bc53ce62,20260629_225103_bc53ce62_g0057,57,1306217926,4,40,40,40,1,4,GREEN,champ_v3,3,1.0,[1],0,86,3,"{""1"": 94, ""2"": 80, ""3"": 92, ""4"": 86}",False,24.0,-40.0,0.0,20.0,16.0,0.04,51.0,31.375,60.375,22.0,0.0,7.5,14.0,16.875,218.0,84.375,10.0,11.0,45.0,1.0,0.0,1.0,4.0,5.0,1.0,0.0,0.0,40.0,40.0,0.48,0.47619047619047616,0.016,0.016,0.1075,0.48863636363636365,0.5113636363636364,0.6,1.0,1.0,0.5333333333333333,0.5569155446756426,0.0
20260629_225103_bc53ce62,20260629_225103_bc53ce62_g0057,57,1306217926,5,48,48,48,1,1,RED,pool_heuristic,0,1.0,[1],1,94,1,"{""1"": 94, ""2"": 80, ""3"": 92, ""4"": 86}",False,28.0,-37.0,1.0,37.0,21.0,0.0525,91.0,43.75,94.25,19.0,16.0,23.25,36.0,0.0,122.0,122.25,12.0,9.0,29.0,1.0,1.0,2.0,5.0,0.0,0.0,0.0,0.0,48.0,48.0,0.56,0.5714285714285714,0.0192,0.0192,0.1475,0.6704545454545454,0.32954545454545453,0.7,1.0,0.8,0.5416666666666667,0.48260481712756464,0.0
20260629_225103_bc53ce62,20260629_225103_bc53ce62_g0057,57,1306217926,5,48,48,48,1,2,BLUE,pool_l45_100ms,1,1.0,[1],0,80,4,"{""1"": 94, ""2"": 80, ""3"": 92, ""4"": 86}",False,13.0,-67.0,3.0,28.0,21.0,0.0525,29.0,16.75,32.0,9.0,6.0,6.0,11.0,0.0,184.0,45.0,12.0,9.0,30.0,1.0,1.0,2.0,4.0,1.0,0.0,0.0,0.0,48.0,48.0,0.56,0.5714285714285714,0.0192,0.0192,0.145,0.6590909090909091,0.3409090909090909,0.325,0.7833333333333333,1.0,0.6666666666666667,0.4482758620689655,0.0
20260629_225103_bc53ce62,20260629_225103_bc53ce62_g0057,57,1306217926,5,48,48,48,1,3,YELLOW,pool_peer_500ms,2,1.0,[1],0,92,2,"{""1"": 94, ""2"": 80, ""3"": 92, ""4"": 86}",False,27.0,-39.0,1.0,32.0,21.0,0.0525,39.0,24.75,39.0,19.0,0.0,10.5,7.0,2.5,174.0,66.0,12.0,9.0,33.0,1.0,0.0,2.0,4.0,2.0,0.0,0.0,0.0,48.0,48.0,0.56,0.5714285714285714,0.0192,0.0192,0.1375,0.625,0.375,0.675,1.0,1.0,0.55,0.5684210526315789,0.0
20260629_225103_bc53ce62,20260629_225103_bc53ce62_g0057,57,1306217926,5,48,48,48,1,4,GREEN,champ_v3,3,1.0,[1],0,86,3,"{""1"": 94, ""2"": 80, ""3"": 92, ""4"": 86}",False,25.0,-43.0,0.0,32.0,21.0,0.0525,54.0,29.75,57.375,21.0,0.0,6.0,13.5,16.875,159.0,82.375,12.0,9.0,36.0,1.0,0.0,1.0,3.0,4.0,1.0,0.0,0.0,48.0,48.0,0.56,0.5714285714285714,0.0192,0.0192,0.13,0.5909090909090909,0.4090909090909091,0.625,1.0,1.0,0.5666666666666667,0.5506072874493928,0.0
20260629_225103_bc53ce62,20260629_225103_bc53ce62_g0057,57,1306217926,6,56,56,56,1,1,RED,pool_heuristic,0,1.0,[1],1,94,1,"{""1"": 94, ""2"": 80, ""3"": 92, ""4"": 86}",False,27.0,-40.0,1.0,47.0,26.0,0.065,27.0,19.75,29.25,14.0,6.0,5.25,4.0,0.0,69.0,56.25,14.0,7.0,21.0,1.0,1.0,2.0,3.0,0.0,0.0,0.0,0.0,56.0,56.0,0.645,0.6666666666666666,0.0224,0.0224,0.1675,0.7613636363636364,0.23863636363636365,0.675,1.0,0.8,0.5583333333333333,0.47839748625294576,0.0
20260629_225103_bc53ce62,20260629_225103_bc53ce62_g0057,57,1306217926,6,56,56,56,1,2,BLUE,pool_l45_100ms,1,1.0,[1],0,80,4,"{""1"": 94, ""2"": 80, ""3"": 92, ""4"": 86}",False,16.0,-62.0,3.0,39.0,26.0,0.065,21.0,15.25,20.75,11.0,6.0,3.75,0.0,0.0,75.0,36.75,14.0,7.0,22.0,1.0,1.0,2.0,2.0,1.0,0.0,0.0,0.0,56.0,56.0,0.645,0.6666666666666666,0.0224,0.0224,0.165,0.75,0.25,0.4,0.5,1.0,0.65,0.4425837320574162,0.0
20260629_225103_bc53ce62,20260629_225103_bc53ce62_g0057,57,1306217926,6,56,56,56,1,3,YELLOW,pool_peer_500ms,2,1.0,[1],0,92,2,"{""1"": 94, ""2"": 80, ""3"": 92, ""4"": 86}",False,27.0,-40.0,1.0,41.0,26.0,0.065,23.0,19.75,23.25,18.0,0.0,5.25,0.0,0.0,73.0,50.25,14.0,7.0,25.0,1.0,0.0,2.0,2.0,2.0,0.0,0.0,0.0,56.0,56.0,0.645,0.6666666666666666,0.0224,0.0224,0.1575,0.7159090909090909,0.2840909090909091,0.675,0.9666666666666667,1.0,0.5583333333333333,0.5480367585630743,0.0
20260629_225103_bc53ce62,20260629_225103_bc53ce62_g0057,57,1306217926,6,56,56,56,1,4,GREEN,champ_v3,3,1.0,[1],0,86,3,"{""1"": 94, ""2"": 80, ""3"": 92, ""4"": 86}",False,24.0,-46.0,0.0,40.0,26.0,0.065,25.0,21.625,28.0,19.0,0.0,4.5,4.5,0.0,71.0,52.0,14.0,7.0,26.0,1.0,0.0,1.0,3.0,2.0,1.0,0.0,0.0,56.0,56.0,0.645,0.6666666666666666,0.0224,0.0224,0.155,0.7045454545454546,0.29545454545454547,0.6,0.8166666666666667,1.0,0.5833333333333333,0.5,0.0
20260629_225103_bc53ce62,20260629_225103_bc53ce62_g0057,57,1306217926,7,64,64,64,1,1,RED,pool_heuristic,0,1.0,[1],1,94,1,"{""1"": 94, ""2"": 80, ""3"": 92, ""4"": 86}",False,26.0,-40.0,1.0,64.0,31.0,0.0775,20.0,15.25,19.25,12.0,5.0,2.25,0.0,0.0,29.0,45.25,16.0,5.0,13.0,1.0,1.0,2.0,1.0,0.0,0.0,0.0,0.0,64.0,64.0,0.7175,0.7619047619047619,0.0256,0.0256,0.1875,0.8522727272727273,0.14772727272727273,0.65,0.7166666666666667,0.8,0.55,0.4989473684210527,0.0
20260629_225103_bc53ce62,20260629_225103_bc53ce62_g0057,57,1306217926,7,64,64,64,1,2,BLUE,pool_l45_100ms,1,1.0,[1],0,80,4,"{""1"": 94, ""2"": 80, ""3"": 92, ""4"": 86}",False,15.0,-62.0,3.0,50.0,31.0,0.0775,7.0,6.5,7.0,6.0,1.0,0.0,0.0,0.0,42.0,22.0,16.0,5.0,16.0,1.0,1.0,0.0,2.0,1.0,0.0,0.0,0.0,64.0,64.0,0.7175,0.7619047619047619,0.0256,0.0256,0.18,0.8181818181818182,0.18181818181818182,0.375,0.35,1.0,0.6416666666666667,0.44956140350877194,0.0
20260629_225103_bc53ce62,20260629_225103_bc53ce62_g0057,57,1306217926,7,64,64,64,1,3,YELLOW,pool_peer_500ms,2,1.0,[1],0,92,2,"{""1"": 94, ""2"": 80, ""3"": 92, ""4"": 86}",False,26.0,-40.0,1.0,46.0,31.0,0.0775,4.0,1.5,4.5,0.0,0.0,4.5,0.0,0.0,45.0,30.5,16.0,5.0,19.0,0.0,0.0,2.0,2.0,1.0,0.0,0.0,0.0,64.0,64.0,0.7175,0.7619047619047619,0.0256,0.0256,0.1725,0.7840909090909091,0.2159090909090909,0.65,0.6833333333333333,1.0,0.55,0.5347063310450038,0.0
20260629_225103_bc53ce62,20260629_225103_bc53ce62_g0057,57,1306217926,7,64,64,64,1,4,GREEN,champ_v3,3,1.0,[1],0,86,3,"{""1"": 94, ""2"": 80, ""3"": 92, ""4"": 86}",False,25.0,-42.0,0.0,52.0,31.0,0.0775,18.0,17.0,19.0,16.0,0.0,3.0,0.0,0.0,31.0,44.0,16.0,5.0,17.0,1.0,0.0,1.0,2.0,1.0,0.0,0.0,0.0,64.0,64.0,0.7175,0.7619047619047619,0.0256,0.0256,0.1775,0.8068181818181818,0.19318181818181818,0.625,0.6333333333333333,1.0,0.5583333333333333,0.4722016308376574,0.0
20260629_225103_bc53ce62,20260629_225103_bc53ce62_g0058,58,4721493,0,8,8,8,1,1,RED,pool_l45_100ms,0,3.0,[3],0,75,4,"{""1"": 75, ""2"": 116, ""3"": 124, ""4"": 77}",False,6.0,-18.0,9.0,0.0,1.0,0.0025,388.0,90.5,366.25,6.0,10.0,28.5,113.0,208.75,1507.0,372.25,2.0,19.0,78.0,1.0,1.0,2.0,6.0,9.0,1.0,1.0,0.0,8.0,8.0,0.1,0.09523809523809523,0.0032,0.0032,0.025,0.11363636363636363,0.8863636363636364,0.15,1.0,1.0,0.2,0.20526315789473681,0.0
20260629_225103_bc53ce62,20260629_225103_bc53ce62_g0058,58,4721493,0,8,8,8,1,2,BLUE,pool_peer_500ms,1,3.0,[3],0,116,2,"{""1"": 75, ""2"": 116, ""3"": 124, ""4"": 77}",False,9.0,-12.0,9.0,0.0,1.0,0.0025,543.0,122.625,488.75,9.0,15.0,41.25,153.5,270.0,1352.0,497.75,2.0,19.0,78.0,1.0,1.0,2.0,6.0,9.0,1.0,0.0,0.0,8.0,8.0,0.1,0.09523809523809523,0.0032,0.0032,0.025,0.11363636363636363,0.8863636363636364,0.225,1.0,1.0,0.175,0.23684210526315785,0.0
20260629_225103_bc53ce62,20260629_225103_bc53ce62_g0058,58,4721493,0,8,8,8,1,3,YELLOW,champ_v3,2,3.0,[3],1,124,1,"{""1"": 75, ""2"": 116, ""3"": 124, ""4"": 77}",False,9.0,-12.0,9.0,0.0,1.0,0.0025,543.0,122.625,488.75,9.0,15.0,41.25,153.5,270.0,1352.0,497.75,2.0,19.0,78.0,1.0,1.0,2.0,6.0,9.0,1.0,0.0,0.0,8.0,8.0,0.1,0.09523809523809523,0.0032,0.0032,0.025,0.11363636363636363,0.8863636363636364,0.225,1.0,1.0,0.175,0.23684210526315785,0.0
20260629_225103_bc53ce62,20260629_225103_bc53ce62_g0058,58,4721493,0,8,8,8,1,4,GREEN,pool_heuristic,3,3.0,[3],0,77,3,"{""1"": 75, ""2"": 116, ""3"": 124, ""4"": 77}",False,6.0,-18.0,9.0,0.0,1.0,0.0025,421.0,105.875,434.125,6.0,11.0,32.25,133.0,251.875,1474.0,440.125,2.0,19.0,78.0,1.0,1.0,2.0,6.0,9.0,1.0,1.0,1.0,8.0,8.0,0.1,0.09523809523809523,0.0032,0.0032,0.025,0.11363636363636363,0.8863636363636364,0.15,1.0,1.0,0.2,0.2578947368421053,0.0
20260629_225103_bc53ce62,20260629_225103_bc53ce62_g0058,58,4721493,1,16,16,16,1,1,RED,pool_l45_100ms,0,3.0,[3],0,75,4,"{""1"": 75, ""2"": 116, ""3"": 124, ""4"": 77}",False,10.0,-33.0,7.0,0.0,1.0,0.0025,526.0,122.25,471.75,10.0,17.0,45.0,176.0,223.75,1912.0,481.75,4.0,17.0,68.0,1.0,1.0,2.0,6.0,7.0,1.0,0.0,0.0,16.0,16.0,0.2,0.19047619047619047,0.0064,0.0064,0.05,0.22727272727272727,0.7727272727272727,0.25,1.0,1.0,0.35833333333333334,0.3236842105263158,0.0
20260629_225103_bc53ce62,20260629_225103_bc53ce62_g0058,58,4721493,1,16,16,16,1,2,BLUE,pool_peer_500ms,1,3.0,[3],0,116,2,"{""1"": 75, ""2"": 116, ""3"": 124, ""4"": 77}",False,16.0,-21.0,0.0,2.0,1.0,0.0025,721.0,179.875,699.375,14.0,24.0,67.5,252.0,341.875,1717.0,715.375,4.0,17.0,68.0,1.0,1.0,2.0,6.0,7.0,1.0,0.0,0.0,16.0,16.0,0.2,0.19047619047619047,0.0064,0.0064,0.05,0.22727272727272727,0.7727272727272727,0.4,1.0,1.0,0.30833333333333335,0.49473684210526314,0.0
20260629_225103_bc53ce62,20260629_225103_bc53ce62_g0058,58,4721493,1,16,16,16,1,3,YELLOW,champ_v3,2,3.0,[3],1,124,1,"{""1"": 75, ""2"": 116, ""3"": 124, ""4"": 77}",False,15.0,-23.0,1.0,2.0,1.0,0.0025,674.0,171.0,651.75,15.0,26.0,66.75,239.0,305.0,1764.0,666.75,4.0,17.0,68.0,1.0,1.0,2.0,6.0,7.0,1.0,0.0,0.0,16.0,16.0,0.2,0.19047619047619047,0.0064,0.0064,0.05,0.22727272727272727,0.7727272727272727,0.375,1.0,1.0,0.31666666666666665,0.4894736842105264,0.0
20260629_225103_bc53ce62,20260629_225103_bc53ce62_g0058,58,4721493,1,16,16,16,1,4,GREEN,pool_heuristic,3,3.0,[3],0,77,3,"{""1"": 75, ""2"": 116, ""3"": 124, ""4"": 77}",False,12.0,-29.0,4.0,0.0,1.0,0.0025,517.0,143.375,550.5,12.0,21.0,54.0,203.5,260.0,1921.0,562.5,4.0,17.0,68.0,1.0,1.0,2.0,6.0,7.0,1.0,1.0,1.0,16.0,16.0,0.2,0.19047619047619047,0.0064,0.0064,0.05,0.22727272727272727,0.7727272727272727,0.3,1.0,1.0,0.3416666666666667,0.4605263157894737,0.0
20260629_225103_bc53ce62,20260629_225103_bc53ce62_g0058,58,4721493,2,24,24,24,1,1,RED,pool_l45_100ms,0,3.0,[3],0,75,4,"{""1"": 75, ""2"": 116, ""3"": 124, ""4"": 77}",False,14.0,-42.0,4.0,2.0,3.0,0.0075,369.0,94.0,325.125,13.0,19.0,42.75,143.5,106.875,1289.0,339.125,6.0,15.0,58.0,1.0,1.0,2.0,6.0,5.0,0.0,0.0,0.0,24.0,24.0,0.2975,0.2857142857142857,0.0096,0.0096,0.075,0.3409090909090909,0.6590909090909091,0.35,1.0,1.0,0.4666666666666667,0.4035087719298245,0.0
20260629_225103_bc53ce62,20260629_225103_bc53ce62_g0058,58,4721493,2,24,24,24,1,2,BLUE,pool_peer_500ms,1,3.0,[3],0,116,2,"{""1"": 75, ""2"": 116, ""3"": 124, ""4"": 77}",False,19.0,-32.0,0.0,12.0,3.0,0.0075,577.0,156.5,578.25,17.0,27.0,69.0,199.0,266.25,1081.0,597.25,6.0,15.0,59.0,1.0,1.0,2.0,5.0,6.0,1.0,0.0,0.0,24.0,24.0,0.2975,0.2857142857142857,0.0096,0.0096,0.0725,0.32954545454545453,0.6704545454545454,0.475,1.0,1.0,0.425,0.5843920145190562,0.0
20260629_225103_bc53ce62,20260629_225103_bc53ce62_g0058,58,4721493,2,24,24,24,1,3,YELLOW,champ_v3,2,3.0,[3],1,124,1,"{""1"": 75, ""2"": 116, ""3"": 124, ""4"": 77}",False,21.0,-28.0,0.0,13.0,3.0,0.0075,520.0,148.375,521.125,19.0,30.0,68.25,217.0,186.875,1138.0,542.125,6.0,15.0,58.0,1.0,1.0,2.0,6.0,5.0,1.0,0.0,0.0,24.0,24.0,0.2975,0.2857142857142857,0.0096,0.0096,0.075,0.3409090909090909,0.6590909090909091,0.525,1.0,1.0,0.4083333333333333,0.6070175438596491,0.0
20260629_225103_bc53ce62,20260629_225103_bc53ce62_g0058,58,4721493,2,24,24,24,1,4,GREEN,pool_heuristic,3,3.0,[3],0,77,3,"{""1"": 75, ""2"": 116, ""3"": 124, ""4"": 77}",False,16.0,-38.0,4.0,4.0,3.0,0.0075,192.0,65.625,210.125,14.0,15.0,27.75,84.0,69.375,1466.0,226.125,6.0,15.0,58.0,1.0,1.0,2.0,6.0,5.0,1.0,1.0,1.0,24.0,24.0,0.2975,0.2857142857142857,0.0096,0.0096,0.075,0.3409090909090909,0.6590909090909091,0.4,1.0,1.0,0.45,0.4631578947368421,0.0
20260629_225103_bc53ce62,20260629_225103_bc53ce62_g0058,58,4721493,3,32,32,32,1,1,RED,pool_l45_100ms,0,3.0,[3],0,75,4,"{""1"": 75, ""2"": 116, ""3"": 124, ""4"": 77}",False,15.0,-55.0,4.0,10.0,5.0,0.0125,89.0,37.0,89.0,14.0,13.0,18.75,32.0,11.25,904.0,104.0,8.0,13.0,48.0,1.0,1.0,2.0,6.0,3.0,0.0,0.0,0.0,32.0,32.0,0.3925,0.38095238095238093,0.0128,0.0128,0.1,0.45454545454545453,0.5454545454545454,0.375,1.0,1.0,0.5833333333333333,0.4447368421052631,0.0
20260629_225103_bc53ce62,20260629_225103_bc53ce62_g0058,58,4721493,3,32,32,32,1,2,BLUE,pool_peer_500ms,1,3.0,[3],0,116,2,"{""1"": 75, ""2"": 116, ""3"": 124, ""4"": 77}",False,25.0,-35.0,0.0,24.0,5.0,0.0125,403.0,119.625,391.0,22.0,29.0,67.5,122.5,150.0,590.0,416.0,8.0,13.0,50.0,1.0,1.0,2.0,4.0,5.0,0.0,0.0,0.0,32.0,32.0,0.3925,0.38095238095238093,0.0128,0.0128,0.095,0.4318181818181818,0.5681818181818182,0.625,1.0,1.0,0.5,0.610803324099723,0.0
20260629_225103_bc53ce62,20260629_225103_bc53ce62_g0058,58,4721493,3,32,32,32,1,3,YELLOW,champ_v3,2,3.0,[3],1,124,1,"{""1"": 75, ""2"": 116, ""3"": 124, ""4"": 77}",False,25.0,-35.0,0.0,22.0,5.0,0.0125,405.0,120.375,400.125,20.0,27.0,60.75,163.0,129.375,588.0,425.125,8.0,13.0,49.0,1.0,1.0,2.0,5.0,4.0,1.0,0.0,0.0,32.0,32.0,0.3925,0.38095238095238093,0.0128,0.0128,0.0975,0.4431818181818182,0.5568181818181818,0.625,1.0,1.0,0.5,0.611336032388664,0.0
20260629_225103_bc53ce62,20260629_225103_bc53ce62_g0058,58,4721493,3,32,32,32,1,4,GREEN,pool_heuristic,3,3.0,[3],0,77,3,"{""1"": 75, ""2"": 116, ""3"": 124, ""4"": 77}",False,20.0,-45.0,4.0,10.0,5.0,0.0125,96.0,40.25,96.25,17.0,13.0,13.5,34.0,18.75,897.0,116.25,8.0,13.0,48.0,1.0,1.0,2.0,6.0,3.0,0.0,1.0,0.0,32.0,32.0,0.3925,0.38095238095238093,0.0128,0.0128,0.1,0.45454545454545453,0.5454545454545454,0.5,1.0,1.0,0.5416666666666667,0.43552631578947365,0.0
20260629_225103_bc53ce62,20260629_225103_bc53ce62_g0058,58,4721493,4,40,40,40,1,1,RED,pool_l45_100ms,0,3.0,[3],0,75,4,"{""1"": 75, ""2"": 116, ""3"": 124, ""4"": 77}",False,15.0,-68.0,4.0,24.0,8.0,0.02,59.0,28.25,58.75,13.0,11.0,13.5,20.0,1.25,457.0,73.75,10.0,11.0,38.0,1.0,1.0,2.0,6.0,1.0,0.0,0.0,0.0,40.0,40.0,0.49,0.47619047619047616,0.016,0.016,0.125,0.5681818181818182,0.4318181818181818,0.375,1.0,1.0,0.6916666666666667,0.4357894736842105,0.0
20260629_225103_bc53ce62,20260629_225103_bc53ce62_g0058,58,4721493,4,40,40,40,1,2,BLUE,pool_peer_500ms,1,3.0,[3],0,116,2,"{""1"": 75, ""2"": 116, ""3"": 124, ""4"": 77}",False,27.0,-44.0,0.0,32.0,8.0,0.02,202.0,75.375,196.75,23.0,27.0,51.75,52.5,42.5,314.0,223.75,10.0,11.0,41.0,1.0,1.0,2.0,3.0,4.0,0.0,0.0,0.0,40.0,40.0,0.49,0.47619047619047616,0.016,0.016,0.1175,0.5340909090909091,0.4659090909090909,0.675,1.0,1.0,0.5916666666666667,0.6024636058230683,0.0
20260629_225103_bc53ce62,20260629_225103_bc53ce62_g0058,58,4721493,4,40,40,40,1,3,YELLOW,champ_v3,2,3.0,[3],1,124,1,"{""1"": 75, ""2"": 116, ""3"": 124, ""4"": 77}",False,30.0,-38.0,0.0,34.0,8.0,0.02,186.0,73.75,193.125,23.0,23.0,39.75,90.5,16.875,330.0,223.125,10.0,11.0,39.0,1.0,1.0,2.0,5.0,2.0,0.0,0.0,0.0,40.0,40.0,0.49,0.47619047619047616,0.016,0.016,0.1225,0.5568181818181818,0.4431818181818182,0.75,1.0,1.0,0.5666666666666667,0.5907626208378087,0.0
20260629_225103_bc53ce62,20260629_225103_bc53ce62_g0058,58,4721493,4,40,40,40,1,4,GREEN,pool_heuristic,3,3.0,[3],0,77,3,"{""1"": 75, ""2"": 116, ""3"": 124, ""4"": 77}",False,26.0,-46.0,4.0,18.0,8.0,0.02,69.0,38.625,71.0,22.0,15.0,10.5,18.5,5.0,447.0,97.0,10.0,11.0,38.0,1.0,1.0,2.0,6.0,1.0,0.0,0.0,0.0,40.0,40.0,0.49,0.47619047619047616,0.016,0.016,0.125,0.5681818181818182,0.4318181818181818,0.65,1.0,1.0,0.6,0.4284210526315789,0.0
20260629_225103_bc53ce62,20260629_225103_bc53ce62_g0058,58,4721493,5,48,48,48,1,1,RED,pool_l45_100ms,0,3.0,[3],0,75,4,"{""1"": 75, ""2"": 116, ""3"": 124, ""4"": 77}",False,10.0,-75.0,2.0,30.0,22.0,0.055,18.0,11.875,18.0,8.0,4.0,4.5,1.5,0.0,241.0,28.0,12.0,9.0,29.0,1.0,1.0,2.0,5.0,0.0,0.0,0.0,0.0,48.0,48.0,0.58,0.5714285714285714,0.0192,0.0192,0.1475,0.6704545454545454,0.32954545454545453,0.25,0.75,0.8,0.7083333333333333,0.4495985727029438,0.0
20260629_225103_bc53ce62,20260629_225103_bc53ce62_g0058,58,4721493,5,48,48,48,1,2,BLUE,pool_peer_500ms,1,3.0,[3],0,116,2,"{""1"": 75, ""2"": 116, ""3"": 124, ""4"": 77}",False,28.0,-39.0,0.0,46.0,22.0,0.055,99.0,50.875,112.875,21.0,20.0,33.75,20.0,18.125,160.0,140.875,12.0,9.0,32.0,1.0,1.0,2.0,2.0,3.0,0.0,0.0,0.0,48.0,48.0,0.58,0.5714285714285714,0.0192,0.0192,0.14,0.6363636363636364,0.36363636363636365,0.7,1.0,1.0,0.5583333333333333,0.5892857142857142,0.0
20260629_225103_bc53ce62,20260629_225103_bc53ce62_g0058,58,4721493,5,48,48,48,1,3,YELLOW,champ_v3,2,3.0,[3],1,124,1,"{""1"": 75, ""2"": 116, ""3"": 124, ""4"": 77}",False,32.0,-31.0,0.0,45.0,22.0,0.055,100.0,49.75,107.75,21.0,20.0,24.75,42.0,0.0,159.0,139.75,12.0,9.0,29.0,1.0,1.0,2.0,5.0,0.0,0.0,0.0,0.0,48.0,48.0,0.58,0.5714285714285714,0.0192,0.0192,0.1475,0.6704545454545454,0.32954545454545453,0.8,1.0,0.8,0.525,0.5486173059768065,0.0
20260629_225103_bc53ce62,20260629_225103_bc53ce62_g0058,58,4721493,5,48,48,48,1,4,GREEN,pool_heuristic,3,3.0,[3],0,77,3,"{""1"": 75, ""2"": 116, ""3"": 124, ""4"": 77}",False,25.0,-45.0,4.0,26.0,22.0,0.055,42.0,29.25,47.25,19.0,12.0,5.25,6.0,5.0,217.0,72.25,12.0,9.0,30.0,1.0,1.0,2.0,4.0,1.0,0.0,0.0,0.0,48.0,48.0,0.58,0.5714285714285714,0.0192,0.0192,0.145,0.6590909090909091,0.3409090909090909,0.625,1.0,1.0,0.5833333333333333,0.426497277676951,0.0
20260629_225103_bc53ce62,20260629_225103_bc53ce62_g0058,58,4721493,6,56,56,56,1,1,RED,pool_l45_100ms,0,3.0,[3],0,75,4,"{""1"": 75, ""2"": 116, ""3"": 124, ""4"": 77}",False,6.0,-75.0,2.0,42.0,20.0,0.05,3.0,3.0,3.0,3.0,0.0,0.0,0.0,0.0,139.0,9.0,14.0,7.0,21.0,1.0,1.0,2.0,3.0,0.0,0.0,0.0,0.0,56.0,56.0,0.655,0.6666666666666666,0.0224,0.0224,0.1675,0.7613636363636364,0.23863636363636365,0.15,0.4166666666666667,0.8,0.675,0.44854673998428907,0.0
20260629_225103_bc53ce62,20260629_225103_bc53ce62_g0058,58,4721493,6,56,56,56,1,2,BLUE,pool_peer_500ms,1,3.0,[3],0,116,2,"{""1"": 75, ""2"": 116, ""3"": 124, ""4"": 77}",False,27.0,-33.0,0.0,55.0,20.0,0.05,70.0,40.25,81.75,19.0,16.0,26.25,8.0,12.5,72.0,108.75,14.0,7.0,23.0,1.0,1.0,2.0,1.0,2.0,0.0,0.0,0.0,56.0,56.0,0.655,0.6666666666666666,0.0224,0.0224,0.1625,0.7386363636363636,0.26136363636363635,0.675,1.0,1.0,0.5,0.5773279352226721,0.0
20260629_225103_bc53ce62,20260629_225103_bc53ce62_g0058,58,4721493,6,56,56,56,1,3,YELLOW,champ_v3,2,3.0,[3],1,124,1,"{""1"": 75, ""2"": 116, ""3"": 124, ""4"": 77}",False,30.0,-27.0,0.0,52.0,20.0,0.05,58.0,31.5,59.5,16.0,13.0,16.5,14.0,0.0,84.0,89.5,14.0,7.0,21.0,1.0,1.0,2.0,3.0,0.0,0.0,0.0,0.0,56.0,56.0,0.655,0.6666666666666666,0.0224,0.0224,0.1675,0.7613636363636364,0.23863636363636365,0.75,1.0,0.8,0.475,0.5483110761979576,0.0
20260629_225103_bc53ce62,20260629_225103_bc53ce62_g0058,58,4721493,6,56,56,56,1,4,GREEN,pool_heuristic,3,3.0,[3],0,77,3,"{""1"": 75, ""2"": 116, ""3"": 124, ""4"": 77}",False,24.0,-39.0,3.0,37.0,20.0,0.05,11.0,5.5,11.5,0.0,10.0,1.5,0.0,0.0,131.0,35.5,14.0,7.0,25.0,0.0,1.0,2.0,3.0,1.0,0.0,0.0,0.0,56.0,56.0,0.655,0.6666666666666666,0.0224,0.0224,0.1575,0.7159090909090909,0.2840909090909091,0.6,1.0,1.0,0.525,0.4477861319966583,0.0
20260629_225103_bc53ce62,20260629_225103_bc53ce62_g0058,58,4721493,7,64,64,66,3,1,RED,pool_l45_100ms,0,3.0,[3],0,75,4,"{""1"": 75, ""2"": 116, ""3"": 124, ""4"": 77}",False,5.0,-75.0,2.0,48.0,21.0,0.0525,0.0,0.0,0.0,0.0,0.0,0.0,0.0,0.0,69.0,5.0,15.0,6.0,20.0,0.0,1.0,2.0,3.0,0.0,0.0,0.0,0.0,64.0,66.0,0.7275,0.7142857142857143,0.0264,0.0256,0.17,0.7727272727272727,0.22727272727272727,0.125,0.06666666666666667,0.8,0.6666666666666667,0.4504643962848297,0.0
20260629_225103_bc53ce62,20260629_225103_bc53ce62_g0058,58,4721493,7,64,64,66,3,2,BLUE,pool_peer_500ms,1,3.0,[3],0,116,2,"{""1"": 75, ""2"": 116, ""3"": 124, ""4"": 77}",False,25.0,-35.0,0.0,68.0,21.0,0.0525,35.0,24.5,35.0,17.0,9.0,9.0,0.0,0.0,34.0,60.0,17.0,4.0,9.0,1.0,1.0,2.0,0.0,0.0,0.0,0.0,0.0,64.0,66.0,0.7275,0.8095238095238095,0.0264,0.0256,0.1975,0.8977272727272727,0.10227272727272728,0.625,0.7166666666666667,0.6,0.5,0.5403064623584277,0.0
20260629_225103_bc53ce62,20260629_225103_bc53ce62_g0058,58,4721493,7,64,64,66,3,3,YELLOW,champ_v3,2,3.0,[3],1,124,1,"{""1"": 75, ""2"": 116, ""3"": 124, ""4"": 77}",False,30.0,-25.0,0.0,62.0,21.0,0.0525,33.0,23.0,36.0,15.0,8.0,9.0,4.0,0.0,36.0,66.0,16.0,5.0,13.0,1.0,1.0,2.0,1.0,0.0,0.0,0.0,0.0,64.0,66.0,0.7275,0.7619047619047619,0.0264,0.0256,0.1875,0.8522727272727273,0.14772727272727273,0.75,0.8666666666666667,0.8,0.4583333333333333,0.5340350877192983,0.0
20260629_225103_bc53ce62,20260629_225103_bc53ce62_g0058,58,4721493,7,64,64,66,3,4,GREEN,pool_heuristic,3,3.0,[3],0,77,3,"{""1"": 75, ""2"": 116, ""3"": 124, ""4"": 77}",False,25.0,-35.0,3.0,49.0,21.0,0.0525,1.0,0.5,1.5,0.0,0.0,1.5,0.0,0.0,68.0,26.5,16.0,5.0,19.0,0.0,0.0,2.0,2.0,1.0,0.0,0.0,0.0,64.0,66.0,0.7275,0.7619047619047619,0.0264,0.0256,0.1725,0.7840909090909091,0.2159090909090909,0.625,0.7166666666666667,1.0,0.5,0.45385202135774216,0.0
20260629_225103_bc53ce62,20260629_225103_bc53ce62_g0059,59,1078352139,0,8,8,8,1,1,RED,pool_peer_500ms,0,,"[1, 3, 4]",1,84,1,"{""1"": 84, ""2"": 78, ""3"": 84, ""4"": 84}",True,9.0,-14.0,9.0,0.0,0.0,0.0,543.0,122.625,488.75,9.0,15.0,41.25,153.5,270.0,1378.0,497.75,2.0,19.0,78.0,1.0,1.0,2.0,6.0,9.0,1.0,0.0,0.0,8.0,8.0,0.1,0.09523809523809523,0.0032,0.0032,0.025,0.11363636363636363,0.8863636363636364,0.225,1.0,1.0,0.19166666666666668,0.23684210526315785,0.0
20260629_225103_bc53ce62,20260629_225103_bc53ce62_g0059,59,1078352139,0,8,8,8,1,2,BLUE,champ_v3,1,,"[1, 3, 4]",0,78,2,"{""1"": 84, ""2"": 78, ""3"": 84, ""4"": 84}",True,9.0,-14.0,9.0,0.0,0.0,0.0,543.0,122.625,488.75,9.0,15.0,41.25,153.5,270.0,1378.0,497.75,2.0,19.0,78.0,1.0,1.0,2.0,6.0,9.0,1.0,0.0,0.0,8.0,8.0,0.1,0.09523809523809523,0.0032,0.0032,0.025,0.11363636363636363,0.8863636363636364,0.225,1.0,1.0,0.19166666666666668,0.23684210526315785,0.0
20260629_225103_bc53ce62,20260629_225103_bc53ce62_g0059,59,1078352139,0,8,8,8,1,3,YELLOW,pool_heuristic,2,,"[1, 3, 4]",1,84,1,"{""1"": 84, ""2"": 78, ""3"": 84, ""4"": 84}",True,7.0,-18.0,9.0,0.0,0.0,0.0,391.0,101.625,407.625,7.0,12.0,33.75,128.0,226.875,1530.0,414.625,2.0,19.0,78.0,1.0,1.0,2.0,6.0,9.0,1.0,1.0,1.0,8.0,8.0,0.1,0.09523809523809523,0.0032,0.0032,0.025,0.11363636363636363,0.8863636363636364,0.175,1.0,1.0,0.20833333333333334,0.2315789473684211,0.0
20260629_225103_bc53ce62,20260629_225103_bc53ce62_g0059,59,1078352139,0,8,8,8,1,4,GREEN,pool_l45_100ms,3,,"[1, 3, 4]",1,84,1,"{""1"": 84, ""2"": 78, ""3"": 84, ""4"": 84}",True,7.0,-18.0,9.0,0.0,0.0,0.0,444.0,103.25,415.125,7.0,12.0,33.75,130.5,231.875,1477.0,422.125,2.0,19.0,78.0,1.0,1.0,2.0,6.0,9.0,1.0,1.0,0.0,8.0,8.0,0.1,0.09523809523809523,0.0032,0.0032,0.025,0.11363636363636363,0.8863636363636364,0.175,1.0,1.0,0.20833333333333334,0.20526315789473681,0.0
20260629_225103_bc53ce62,20260629_225103_bc53ce62_g0059,59,1078352139,1,16,16,16,1,1,RED,pool_peer_500ms,0,,"[1, 3, 4]",1,84,1,"{""1"": 84, ""2"": 78, ""3"": 84, ""4"": 84}",True,16.0,-22.0,0.0,0.0,4.0,0.01,824.0,205.5,794.0,16.0,28.0,79.5,298.0,372.5,1767.0,810.0,4.0,17.0,68.0,1.0,1.0,2.0,6.0,7.0,1.0,0.0,0.0,16.0,16.0,0.2,0.19047619047619047,0.0064,0.0064,0.05,0.22727272727272727,0.7727272727272727,0.4,1.0,1.0,0.31666666666666665,0.49473684210526314,0.0
20260629_225103_bc53ce62,20260629_225103_bc53ce62_g0059,59,1078352139,1,16,16,16,1,2,BLUE,champ_v3,1,,"[1, 3, 4]",0,78,2,"{""1"": 84, ""2"": 78, ""3"": 84, ""4"": 84}",True,15.0,-24.0,3.0,2.0,4.0,0.01,690.0,167.125,632.75,15.0,25.0,67.5,241.5,283.75,1901.0,647.75,4.0,17.0,68.0,1.0,1.0,2.0,6.0,7.0,1.0,0.0,0.0,16.0,16.0,0.2,0.19047619047619047,0.0064,0.0064,0.05,0.22727272727272727,0.7727272727272727,0.375,1.0,1.0,0.325,0.4552631578947368,0.0
20260629_225103_bc53ce62,20260629_225103_bc53ce62_g0059,59,1078352139,1,16,16,16,1,3,YELLOW,pool_heuristic,2,,"[1, 3, 4]",1,84,1,"{""1"": 84, ""2"": 78, ""3"": 84, ""4"": 84}",True,13.0,-28.0,4.0,2.0,4.0,0.01,552.0,152.625,592.875,12.0,20.0,57.75,215.0,288.125,2039.0,605.875,4.0,17.0,68.0,1.0,1.0,2.0,6.0,7.0,1.0,1.0,1.0,16.0,16.0,0.2,0.19047619047619047,0.0064,0.0064,0.05,0.22727272727272727,0.7727272727272727,0.325,1.0,1.0,0.3416666666666667,0.43157894736842106,0.0
20260629_225103_bc53ce62,20260629_225103_bc53ce62_g0059,59,1078352139,1,16,16,16,1,4,GREEN,pool_l45_100ms,3,,"[1, 3, 4]",1,84,1,"{""1"": 84, ""2"": 78, ""3"": 84, ""4"": 84}",True,10.0,-34.0,7.0,0.0,4.0,0.01,525.0,121.875,470.625,10.0,17.0,45.0,173.0,225.625,2066.0,480.625,4.0,17.0,68.0,1.0,1.0,2.0,6.0,7.0,1.0,0.0,0.0,16.0,16.0,0.2,0.19047619047619047,0.0064,0.0064,0.05,0.22727272727272727,0.7727272727272727,0.25,1.0,1.0,0.36666666666666664,0.3131578947368421,0.0
20260629_225103_bc53ce62,20260629_225103_bc53ce62_g0059,59,1078352139,2,24,24,24,1,1,RED,pool_peer_500ms,0,,"[1, 3, 4]",1,84,1,"{""1"": 84, ""2"": 78, ""3"": 84, ""4"": 84}",True,18.0,-33.0,0.0,6.0,9.0,0.0225,287.0,90.875,302.25,15.0,20.0,45.0,128.5,93.75,1280.0,320.25,6.0,15.0,58.0,1.0,1.0,2.0,6.0,5.0,1.0,0.0,0.0,24.0,24.0,0.3,0.2857142857142857,0.0096,0.0096,0.075,0.3409090909090909,0.6590909090909091,0.45,1.0,1.0,0.425,0.6105263157894736,0.0
20260629_225103_bc53ce62,20260629_225103_bc53ce62_g0059,59,1078352139,2,24,24,24,1,2,BLUE,champ_v3,1,,"[1, 3, 4]",0,78,2,"{""1"": 84, ""2"": 78, ""3"": 84, ""4"": 84}",True,19.0,-31.0,1.0,5.0,9.0,0.0225,554.0,148.875,541.875,16.0,24.0,65.25,236.0,200.625,1013.0,560.875,6.0,15.0,58.0,1.0,1.0,2.0,6.0,5.0,1.0,0.0,0.0,24.0,24.0,0.3,0.2857142857142857,0.0096,0.0096,0.075,0.3409090909090909,0.6590909090909091,0.475,1.0,1.0,0.4166666666666667,0.5508771929824561,0.0
20260629_225103_bc53ce62,20260629_225103_bc53ce62_g0059,59,1078352139,2,24,24,24,1,3,YELLOW,pool_heuristic,2,,"[1, 3, 4]",1,84,1,"{""1"": 84, ""2"": 78, ""3"": 84, ""4"": 84}",True,19.0,-31.0,3.0,6.0,9.0,0.0225,433.0,132.125,477.75,15.0,22.0,59.25,201.5,180.0,1134.0,496.75,6.0,15.0,58.0,1.0,1.0,2.0,6.0,5.0,1.0,1.0,1.0,24.0,24.0,0.3,0.2857142857142857,0.0096,0.0096,0.075,0.3409090909090909,0.6590909090909091,0.475,1.0,1.0,0.4166666666666667,0.5210526315789474,0.0
20260629_225103_bc53ce62,20260629_225103_bc53ce62_g0059,59,1078352139,2,24,24,24,1,4,GREEN,pool_l45_100ms,3,,"[1, 3, 4]",1,84,1,"{""1"": 84, ""2"": 78, ""3"": 84, ""4"": 84}",True,13.0,-43.0,4.0,3.0,9.0,0.0225,293.0,75.875,254.25,12.0,17.0,36.0,110.5,78.75,1274.0,267.25,6.0,15.0,58.0,1.0,1.0,2.0,6.0,5.0,0.0,0.0,0.0,24.0,24.0,0.3,0.2857142857142857,0.0096,0.0096,0.075,0.3409090909090909,0.6590909090909091,0.325,1.0,1.0,0.4666666666666667,0.40701754385964906,0.0
20260629_225103_bc53ce62,20260629_225103_bc53ce62_g0059,59,1078352139,3,32,32,32,1,1,RED,pool_peer_500ms,0,,"[1, 3, 4]",1,84,1,"{""1"": 84, ""2"": 78, ""3"": 84, ""4"": 84}",True,19.0,-40.0,0.0,13.0,16.0,0.04,179.0,64.25,186.375,15.0,20.0,37.5,79.5,34.375,476.0,205.375,8.0,13.0,49.0,1.0,1.0,2.0,5.0,4.0,1.0,0.0,0.0,32.0,32.0,0.3925,0.38095238095238093,0.0128,0.0128,0.0975,0.4431818181818182,0.5568181818181818,0.475,1.0,1.0,0.4916666666666667,0.6045883940620782,0.0
20260629_225103_bc53ce62,20260629_225103_bc53ce62_g0059,59,1078352139,3,32,32,32,1,2,BLUE,champ_v3,1,,"[1, 3, 4]",0,78,2,"{""1"": 84, ""2"": 78, ""3"": 84, ""4"": 84}",True,25.0,-28.0,1.0,7.0,16.0,0.04,257.0,85.5,251.875,20.0,26.0,52.5,86.5,66.875,398.0,276.875,8.0,13.0,50.0,1.0,1.0,2.0,4.0,5.0,1.0,0.0,0.0,32.0,32.0,0.3925,0.38095238095238093,0.0128,0.0128,0.095,0.4318181818181818,0.5681818181818182,0.625,1.0,1.0,0.4416666666666667,0.5498614958448753,0.0
20260629_225103_bc53ce62,20260629_225103_bc53ce62_g0059,59,1078352139,3,32,32,32,1,3,YELLOW,pool_heuristic,2,,"[1, 3, 4]",1,84,1,"{""1"": 84, ""2"": 78, ""3"": 84, ""4"": 84}",True,21.0,-36.0,3.0,7.0,16.0,0.04,113.0,46.25,122.25,15.0,14.0,23.25,50.0,20.0,542.0,143.25,8.0,13.0,48.0,1.0,1.0,2.0,6.0,3.0,0.0,0.0,1.0,32.0,32.0,0.3925,0.38095238095238093,0.0128,0.0128,0.1,0.45454545454545453,0.5454545454545454,0.525,1.0,1.0,0.475,0.4960526315789474,0.0
20260629_225103_bc53ce62,20260629_225103_bc53ce62_g0059,59,1078352139,3,32,32,32,1,4,GREEN,pool_l45_100ms,3,,"[1, 3, 4]",1,84,1,"{""1"": 84, ""2"": 78, ""3"": 84, ""4"": 84}",True,13.0,-52.0,4.0,6.0,16.0,0.04,106.0,38.0,101.25,11.0,13.0,21.0,45.0,11.25,549.0,114.25,8.0,13.0,48.0,1.0,1.0,2.0,6.0,3.0,0.0,0.0,0.0,32.0,32.0,0.3925,0.38095238095238093,0.0128,0.0128,0.1,0.45454545454545453,0.5454545454545454,0.325,1.0,1.0,0.5416666666666667,0.4157894736842106,0.0
20260629_225103_bc53ce62,20260629_225103_bc53ce62_g0059,59,1078352139,4,40,40,40,1,1,RED,pool_peer_500ms,0,,"[1, 3, 4]",1,84,1,"{""1"": 84, ""2"": 78, ""3"": 84, ""4"": 84}",True,20.0,-40.0,0.0,23.0,17.0,0.0425,30.0,19.5,34.5,12.0,7.0,4.5,6.0,5.0,310.0,54.5,10.0,11.0,42.0,1.0,1.0,1.0,4.0,4.0,1.0,0.0,0.0,40.0,40.0,0.48,0.47619047619047616,0.016,0.016,0.115,0.5227272727272727,0.4772727272727273,0.5,1.0,1.0,0.5,0.6178489702517163,0.0
20260629_225103_bc53ce62,20260629_225103_bc53ce62_g0059,59,1078352139,4,40,40,40,1,2,BLUE,champ_v3,1,,"[1, 3, 4]",0,78,2,"{""1"": 84, ""2"": 78, ""3"": 84, ""4"": 84}",True,27.0,-26.0,1.0,12.0,17.0,0.0425,214.0,77.0,204.75,23.0,27.0,54.0,47.0,53.75,126.0,231.75,10.0,11.0,42.0,1.0,1.0,2.0,2.0,5.0,1.0,0.0,0.0,40.0,40.0,0.48,0.47619047619047616,0.016,0.016,0.115,0.5227272727272727,0.4772727272727273,0.675,1.0,1.0,0.4416666666666667,0.528604118993135,0.0
20260629_225103_bc53ce62,20260629_225103_bc53ce62_g0059,59,1078352139,4,40,40,40,1,3,YELLOW,pool_heuristic,2,,"[1, 3, 4]",1,84,1,"{""1"": 84, ""2"": 78, ""3"": 84, ""4"": 84}",True,23.0,-34.0,3.0,21.0,17.0,0.0425,64.0,31.375,65.5,15.0,10.0,15.0,25.5,0.0,276.0,88.5,10.0,11.0,38.0,1.0,1.0,2.0,6.0,1.0,0.0,0.0,0.0,40.0,40.0,0.48,0.47619047619047616,0.016,0.016,0.125,0.5681818181818182,0.4318181818181818,0.575,1.0,1.0,0.475,0.4926315789473684,0.0
20260629_225103_bc53ce62,20260629_225103_bc53ce62_g0059,59,1078352139,4,40,40,40,1,4,GREEN,pool_l45_100ms,3,,"[1, 3, 4]",1,84,1,"{""1"": 84, ""2"": 78, ""3"": 84, ""4"": 84}",True,10.0,-60.0,4.0,15.0,17.0,0.0425,32.0,13.375,28.25,6.0,5.0,6.75,10.5,0.0,308.0,38.25,10.0,11.0,38.0,1.0,1.0,2.0,6.0,1.0,0.0,0.0,0.0,40.0,40.0,0.48,0.47619047619047616,0.016,0.016,0.125,0.5681818181818182,0.4318181818181818,0.25,0.8333333333333334,1.0,0.5833333333333333,0.4147368421052632,0.0
20260629_225103_bc53ce62,20260629_225103_bc53ce62_g0059,59,1078352139,5,48,48,48,1,1,RED,pool_peer_500ms,0,,"[1, 3, 4]",1,84,1,"{""1"": 84, ""2"": 78, ""3"": 84, ""4"": 84}",True,19.0,-39.0,0.0,34.0,28.0,0.07,15.0,11.75,15.75,9.0,4.0,1.5,0.0,1.25,94.0,34.75,12.0,9.0,33.0,1.0,1.0,1.0,3.0,3.0,0.0,0.0,0.0,48.0,48.0,0.565,0.5714285714285714,0.0192,0.0192,0.1375,0.625,0.375,0.475,1.0,1.0,0.4833333333333333,0.5885167464114833,0.0
20260629_225103_bc53ce62,20260629_225103_bc53ce62_g0059,59,1078352139,5,48,48,48,1,2,BLUE,champ_v3,1,,"[1, 3, 4]",0,78,2,"{""1"": 84, ""2"": 78, ""3"": 84, ""4"": 84}",True,23.0,-31.0,1.0,22.0,28.0,0.07,32.0,20.25,36.25,13.0,5.0,6.75,4.0,7.5,77.0,59.25,12.0,9.0,33.0,1.0,1.0,2.0,1.0,4.0,1.0,0.0,0.0,48.0,48.0,0.565,0.5714285714285714,0.0192,0.0192,0.1375,0.625,0.375,0.575,1.0,1.0,0.45,0.5205741626794258,0.0
20260629_225103_bc53ce62,20260629_225103_bc53ce62_g0059,59,1078352139,5,48,48,48,1,3,YELLOW,pool_heuristic,2,,"[1, 3, 4]",1,84,1,"{""1"": 84, ""2"": 78, ""3"": 84, ""4"": 84}",True,26.0,-25.0,3.0,27.0,28.0,0.07,51.0,30.5,54.25,17.0,12.0,14.25,11.0,0.0,58.0,80.25,12.0,9.0,30.0,1.0,1.0,2.0,4.0,1.0,0.0,0.0,0.0,48.0,48.0,0.565,0.5714285714285714,0.0192,0.0192,0.145,0.6590909090909091,0.3409090909090909,0.65,1.0,1.0,0.425,0.4736842105263158,0.0
20260629_225103_bc53ce62,20260629_225103_bc53ce62_g0059,59,1078352139,5,48,48,48,1,4,GREEN,pool_l45_100ms,3,,"[1, 3, 4]",1,84,1,"{""1"": 84, ""2"": 78, ""3"": 84, ""4"": 84}",True,9.0,-59.0,3.0,23.0,28.0,0.07,11.0,7.0,10.25,5.0,2.0,2.25,1.0,0.0,98.0,19.25,12.0,9.0,30.0,1.0,1.0,2.0,4.0,1.0,0.0,0.0,0.0,48.0,48.0,0.565,0.5714285714285714,0.0192,0.0192,0.145,0.6590909090909091,0.3409090909090909,0.225,0.6,1.0,0.5666666666666667,0.42286751361161523,0.0
20260629_225103_bc53ce62,20260629_225103_bc53ce62_g0059,59,1078352139,6,56,56,56,1,1,RED,pool_peer_500ms,0,,"[1, 3, 4]",1,84,1,"{""1"": 84, ""2"": 78, ""3"": 84, ""4"": 84}",True,18.0,-35.0,0.0,37.0,31.0,0.0775,2.0,0.75,2.75,0.0,0.0,1.5,0.0,1.25,47.0,20.75,14.0,7.0,30.0,0.0,0.0,1.0,3.0,3.0,0.0,0.0,0.0,56.0,56.0,0.6275,0.6666666666666666,0.0224,0.0224,0.145,0.6590909090909091,0.3409090909090909,0.45,1.0,1.0,0.4416666666666667,0.5961887477313974,0.0
20260629_225103_bc53ce62,20260629_225103_bc53ce62_g0059,59,1078352139,6,56,56,56,1,2,BLUE,champ_v3,1,,"[1, 3, 4]",0,78,2,"{""1"": 84, ""2"": 78, ""3"": 84, ""4"": 84}",True,20.0,-31.0,1.0,26.0,31.0,0.0775,8.0,3.75,8.75,0.0,5.0,3.75,0.0,0.0,41.0,28.75,14.0,7.0,27.0,0.0,1.0,2.0,1.0,3.0,0.0,0.0,0.0,56.0,56.0,0.6275,0.6666666666666666,0.0224,0.0224,0.1525,0.6931818181818182,0.3068181818181818,0.5,1.0,1.0,0.425,0.5133735979292493,0.0
20260629_225103_bc53ce62,20260629_225103_bc53ce62_g0059,59,1078352139,6,56,56,56,1,3,YELLOW,pool_heuristic,2,,"[1, 3, 4]",1,84,1,"{""1"": 84, ""2"": 78, ""3"": 84, ""4"": 84}",True,23.0,-25.0,3.0,41.0,31.0,0.0775,24.0,16.25,24.0,11.0,6.0,6.0,1.0,0.0,25.0,47.0,14.0,7.0,22.0,1.0,1.0,2.0,2.0,1.0,0.0,0.0,0.0,56.0,56.0,0.6275,0.6666666666666666,0.0224,0.0224,0.165,0.75,0.25,0.575,1.0,1.0,0.4,0.44896331738437,0.0
20260629_225103_bc53ce62,20260629_225103_bc53ce62_g0059,59,1078352139,6,56,56,56,1,4,GREEN,pool_l45_100ms,3,,"[1, 3, 4]",1,84,1,"{""1"": 84, ""2"": 78, ""3"": 84, ""4"": 84}",True,10.0,-51.0,3.0,35.0,31.0,0.0775,15.0,9.5,18.0,5.0,3.0,6.0,4.0,0.0,34.0,28.0,14.0,7.0,22.0,1.0,1.0,2.0,2.0,1.0,0.0,0.0,0.0,56.0,56.0,0.6275,0.6666666666666666,0.0224,0.0224,0.165,0.75,0.25,0.25,0.43333333333333335,1.0,0.5083333333333333,0.43141945773524726,0.0
20260629_225103_bc53ce62,20260629_225103_bc53ce62_g0059,59,1078352139,7,64,64,66,3,1,RED,pool_peer_500ms,0,,"[1, 3, 4]",1,84,1,"{""1"": 84, ""2"": 78, ""3"": 84, ""4"": 84}",True,18.0,-35.0,0.0,49.0,31.0,0.0775,0.0,0.0,0.0,0.0,0.0,0.0,0.0,0.0,20.0,18.0,15.0,6.0,25.0,0.0,0.0,1.0,3.0,2.0,0.0,0.0,0.0,64.0,66.0,0.695,0.7142857142857143,0.0264,0.0256,0.1575,0.7159090909090909,0.2840909090909091,0.45,0.9833333333333333,1.0,0.4416666666666667,0.5914786967418546,0.0
20260629_225103_bc53ce62,20260629_225103_bc53ce62_g0059,59,1078352139,7,64,64,66,3,2,BLUE,champ_v3,1,,"[1, 3, 4]",0,78,2,"{""1"": 84, ""2"": 78, ""3"": 84, ""4"": 84}",True,20.0,-31.0,1.0,37.0,31.0,0.0775,0.0,0.0,0.0,0.0,0.0,0.0,0.0,0.0,20.0,20.0,17.0,4.0,19.0,0.0,0.0,0.0,1.0,3.0,0.0,0.0,0.0,64.0,66.0,0.695,0.8095238095238095,0.0264,0.0256,0.1725,0.7840909090909091,0.2159090909090909,0.5,0.8,1.0,0.425,0.5049580472921433,0.0
20260629_225103_bc53ce62,20260629_225103_bc53ce62_g0059,59,1078352139,7,64,64,66,3,3,YELLOW,pool_heuristic,2,,"[1, 3, 4]",1,84,1,"{""1"": 84, ""2"": 78, ""3"": 84, ""4"": 84}",True,22.0,-27.0,3.0,54.0,31.0,0.0775,10.0,9.0,10.0,8.0,2.0,0.0,0.0,0.0,10.0,32.0,16.0,5.0,15.0,1.0,1.0,1.0,1.0,1.0,0.0,0.0,0.0,64.0,66.0,0.695,0.7619047619047619,0.0264,0.0256,0.1825,0.8295454545454546,0.17045454545454544,0.55,0.5666666666666667,1.0,0.4083333333333333,0.4383561643835616,0.0
20260629_225103_bc53ce62,20260629_225103_bc53ce62_g0059,59,1078352139,7,64,64,66,3,4,GREEN,pool_l45_100ms,3,,"[1, 3, 4]",1,84,1,"{""1"": 84, ""2"": 78, ""3"": 84, ""4"": 84}",True,11.0,-49.0,3.0,50.0,31.0,0.0775,10.0,7.75,9.75,6.0,3.0,0.75,0.0,0.0,10.0,20.75,16.0,5.0,15.0,1.0,1.0,1.0,1.0,1.0,0.0,0.0,0.0,64.0,66.0,0.695,0.7619047619047619,0.0264,0.0256,0.1825,0.8295454545454546,0.17045454545454544,0.275,0.3,1.0,0.5,0.4174477289113194,0.0
