run_id,game_id,game_index,game_seed,checkpoint_index,checkpoint_ply,ply,turn_index,current_player_id,player_id,player_name,agent_name,seat_index,winner_id,winner_ids_json,label_is_winner,final_score,final_rank,final_scores_json,is_tie,frontier_size,corner_differential,center_proximity,opponent_adjacency,deadzone_count,deadzone_fraction,mobility_total_placements,mobility_total_orientation_normalized,mobility_total_cell_weighted,mobility_bucket_1,mobility_bucket_2,mobility_bucket_3,mobility_bucket_4,mobility_bucket_5,blocking_exposure_legal_moves_opp_sum,utility_frontier_plus_mobility,pieces_used_count,pieces_remaining_count,remaining_squares,remaining_size_1_count,remaining_size_2_count,remaining_size_3_count,remaining_size_4_count,remaining_size_5_count,remaining_key_piece_17,remaining_key_piece_19,remaining_key_piece_20,phase_ply,phase_turn_index,phase_board_occupancy,phase_piece_usage_ratio,phase_progress_turn_ratio,phase_progress_placement_ratio,player_board_occupancy,se_squares_placed,se_remaining_piece_area,se_accessible_corners,se_reachable_empty_squares,se_largest_remaining_piece_size,se_opponent_avg_mobility,se_center_proximity,se_territory_enclosure_area
20260629_202157_89a44e2f,20260629_202157_89a44e2f_g0006,6,1639577208,0,8,8,8,1,1,RED,pool_l45_100ms,0,2,[2],0,67,4,"{""1"": 67, ""2"": 120, ""3"": 99, ""4"": 79}",False,6.0,-19.0,9.0,0.0,1.0,0.0025,388.0,90.5,366.25,6.0,10.0,28.5,113.0,208.75,1467.0,372.25,2.0,19.0,78.0,1.0,1.0,2.0,6.0,9.0,1.0,1.0,0.0,8.0,8.0,0.1,0.09523809523809523,0.0032,0.0032,0.025,0.11363636363636363,0.8863636363636364,0.15,1.0,1.0,0.20833333333333334,0.20526315789473681,0.0
20260629_202157_89a44e2f,20260629_202157_89a44e2f_g0006,6,1639577208,0,8,8,8,1,2,BLUE,pool_peer_500ms,1,2,[2],1,120,1,"{""1"": 67, ""2"": 120, ""3"": 99, ""4"": 79}",False,9.0,-13.0,9.0,0.0,1.0,0.0025,543.0,122.625,488.75,9.0,15.0,41.25,153.5,270.0,1312.0,497.75,2.0,19.0,78.0,1.0,1.0,2.0,6.0,9.0,1.0,0.0,0.0,8.0,8.0,0.1,0.09523809523809523,0.0032,0.0032,0.025,0.11363636363636363,0.8863636363636364,0.225,1.0,1.0,0.18333333333333332,0.23684210526315785,0.0
20260629_202157_89a44e2f,20260629_202157_89a44e2f_g0006,6,1639577208,0,8,8,8,1,3,YELLOW,champ_v3,2,2,[2],0,99,2,"{""1"": 67, ""2"": 120, ""3"": 99, ""4"": 79}",False,9.0,-13.0,9.0,0.0,1.0,0.0025,543.0,122.625,488.75,9.0,15.0,41.25,153.5,270.0,1312.0,497.75,2.0,19.0,78.0,1.0,1.0,2.0,6.0,9.0,1.0,0.0,0.0,8.0,8.0,0.1,0.09523809523809523,0.0032,0.0032,0.025,0.11363636363636363,0.8863636363636364,0.225,1.0,1.0,0.18333333333333332,0.23684210526315785,0.0
20260629_202157_89a44e2f,20260629_202157_89a44e2f_g0006,6,1639577208,0,8,8,8,1,4,GREEN,pool_heuristic,3,2,[2],0,79,3,"{""1"": 67, ""2"": 120, ""3"": 99, ""4"": 79}",False,7.0,-17.0,9.0,0.0,1.0,0.0025,381.0,93.75,374.5,7.0,11.0,30.75,117.0,208.75,1474.0,381.5,2.0,19.0,78.0,1.0,1.0,2.0,6.0,9.0,1.0,1.0,1.0,8.0,8.0,0.1,0.09523809523809523,0.0032,0.0032,0.025,0.11363636363636363,0.8863636363636364,0.175,1.0,1.0,0.2,0.24736842105263157,0.0
20260629_202157_89a44e2f,20260629_202157_89a44e2f_g0006,6,1639577208,1,16,16,16,1,1,RED,pool_l45_100ms,0,2,[2],0,67,4,"{""1"": 67, ""2"": 120, ""3"": 99, ""4"": 79}",False,10.0,-36.0,7.0,0.0,1.0,0.0025,434.0,103.875,391.25,10.0,16.0,40.5,148.5,176.25,2151.0,401.25,4.0,17.0,68.0,1.0,1.0,2.0,6.0,7.0,1.0,0.0,0.0,16.0,16.0,0.2,0.19047619047619047,0.0064,0.0064,0.05,0.22727272727272727,0.7727272727272727,0.25,1.0,1.0,0.38333333333333336,0.3236842105263158,0.0
20260629_202157_89a44e2f,20260629_202157_89a44e2f_g0006,6,1639577208,1,16,16,16,1,2,BLUE,pool_peer_500ms,1,2,[2],1,120,1,"{""1"": 67, ""2"": 120, ""3"": 99, ""4"": 79}",False,16.0,-24.0,0.0,0.0,1.0,0.0025,846.0,211.5,818.25,16.0,29.0,82.5,307.0,383.75,1739.0,834.25,4.0,17.0,68.0,1.0,1.0,2.0,6.0,7.0,1.0,0.0,0.0,16.0,16.0,0.2,0.19047619047619047,0.0064,0.0064,0.05,0.22727272727272727,0.7727272727272727,0.4,1.0,1.0,0.33333333333333337,0.49473684210526314,0.0
20260629_202157_89a44e2f,20260629_202157_89a44e2f_g0006,6,1639577208,1,16,16,16,1,3,YELLOW,champ_v3,2,2,[2],0,99,2,"{""1"": 67, ""2"": 120, ""3"": 99, ""4"": 79}",False,16.0,-24.0,3.0,2.0,1.0,0.0025,748.0,180.125,682.875,16.0,27.0,72.0,261.0,306.875,1837.0,698.875,4.0,17.0,68.0,1.0,1.0,2.0,6.0,7.0,1.0,0.0,0.0,16.0,16.0,0.2,0.19047619047619047,0.0064,0.0064,0.05,0.22727272727272727,0.7727272727272727,0.4,1.0,1.0,0.33333333333333337,0.4552631578947368,0.0
20260629_202157_89a44e2f,20260629_202157_89a44e2f_g0006,6,1639577208,1,16,16,16,1,4,GREEN,pool_heuristic,3,2,[2],0,79,3,"{""1"": 67, ""2"": 120, ""3"": 99, ""4"": 79}",False,14.0,-28.0,3.0,2.0,1.0,0.0025,557.0,147.0,564.125,13.0,20.0,55.5,207.5,268.125,2028.0,578.125,4.0,17.0,68.0,1.0,1.0,2.0,6.0,7.0,1.0,1.0,1.0,16.0,16.0,0.2,0.19047619047619047,0.0064,0.0064,0.05,0.22727272727272727,0.7727272727272727,0.35,1.0,1.0,0.35,0.46578947368421053,0.0
20260629_202157_89a44e2f,20260629_202157_89a44e2f_g0006,6,1639577208,2,24,24,24,1,1,RED,pool_l45_100ms,0,2,[2],0,67,4,"{""1"": 67, ""2"": 120, ""3"": 99, ""4"": 79}",False,14.0,-45.0,6.0,1.0,10.0,0.025,283.0,77.125,254.875,13.0,18.0,36.0,111.0,76.875,1506.0,268.875,6.0,15.0,58.0,1.0,1.0,2.0,6.0,5.0,0.0,0.0,0.0,24.0,24.0,0.3,0.2857142857142857,0.0096,0.0096,0.075,0.3409090909090909,0.6590909090909091,0.35,1.0,1.0,0.4916666666666667,0.4017543859649123,0.0
20260629_202157_89a44e2f,20260629_202157_89a44e2f_g0006,6,1639577208,2,24,24,24,1,2,BLUE,pool_peer_500ms,1,2,[2],1,120,1,"{""1"": 67, ""2"": 120, ""3"": 99, ""4"": 79}",False,24.0,-25.0,0.0,12.0,10.0,0.025,583.0,163.75,580.5,20.0,30.0,75.75,251.0,203.75,1206.0,604.5,6.0,15.0,58.0,1.0,1.0,2.0,6.0,5.0,1.0,0.0,0.0,24.0,24.0,0.3,0.2857142857142857,0.0096,0.0096,0.075,0.3409090909090909,0.6590909090909091,0.6,1.0,1.0,0.4083333333333333,0.5842105263157895,0.0
20260629_202157_89a44e2f,20260629_202157_89a44e2f_g0006,6,1639577208,2,24,24,24,1,3,YELLOW,champ_v3,2,2,[2],0,99,2,"{""1"": 67, ""2"": 120, ""3"": 99, ""4"": 79}",False,17.0,-39.0,1.0,6.0,10.0,0.025,499.0,136.375,490.625,16.0,22.0,60.75,215.0,176.875,1290.0,507.625,6.0,15.0,58.0,1.0,1.0,2.0,6.0,5.0,1.0,0.0,0.0,24.0,24.0,0.3,0.2857142857142857,0.0096,0.0096,0.075,0.3409090909090909,0.6590909090909091,0.425,1.0,1.0,0.4666666666666667,0.5631578947368421,0.0
20260629_202157_89a44e2f,20260629_202157_89a44e2f_g0006,6,1639577208,2,24,24,24,1,4,GREEN,pool_heuristic,3,2,[2],0,79,3,"{""1"": 67, ""2"": 120, ""3"": 99, ""4"": 79}",False,18.0,-37.0,1.0,12.0,10.0,0.025,424.0,124.125,443.875,16.0,21.0,54.0,181.0,171.875,1365.0,461.875,6.0,15.0,58.0,1.0,1.0,2.0,6.0,5.0,1.0,1.0,1.0,24.0,24.0,0.3,0.2857142857142857,0.0096,0.0096,0.075,0.3409090909090909,0.6590909090909091,0.45,1.0,1.0,0.4583333333333333,0.5473684210526316,0.0
20260629_202157_89a44e2f,20260629_202157_89a44e2f_g0006,6,1639577208,3,32,32,32,1,1,RED,pool_l45_100ms,0,2,[2],0,67,4,"{""1"": 67, ""2"": 120, ""3"": 99, ""4"": 79}",False,15.0,-55.0,6.0,8.0,8.0,0.02,115.0,38.5,112.25,9.0,11.0,21.0,55.0,16.25,607.0,127.25,8.0,13.0,48.0,1.0,1.0,2.0,6.0,3.0,0.0,0.0,0.0,32.0,32.0,0.3975,0.38095238095238093,0.0128,0.0128,0.1,0.45454545454545453,0.5454545454545454,0.375,1.0,1.0,0.5833333333333333,0.4144736842105263,0.0
20260629_202157_89a44e2f,20260629_202157_89a44e2f_g0006,6,1639577208,3,32,32,32,1,2,BLUE,pool_peer_500ms,1,2,[2],1,120,1,"{""1"": 67, ""2"": 120, ""3"": 99, ""4"": 79}",False,27.0,-31.0,0.0,19.0,8.0,0.02,222.0,80.875,244.875,20.0,18.0,41.25,100.0,65.625,500.0,271.875,8.0,13.0,49.0,1.0,1.0,2.0,5.0,4.0,1.0,0.0,0.0,32.0,32.0,0.3975,0.38095238095238093,0.0128,0.0128,0.0975,0.4431818181818182,0.5568181818181818,0.675,1.0,1.0,0.4833333333333333,0.5668016194331984,0.0
20260629_202157_89a44e2f,20260629_202157_89a44e2f_g0006,6,1639577208,3,32,32,32,1,3,YELLOW,champ_v3,2,2,[2],0,99,2,"{""1"": 67, ""2"": 120, ""3"": 99, ""4"": 79}",False,23.0,-39.0,1.0,7.0,8.0,0.02,283.0,96.75,288.5,22.0,25.0,51.0,143.0,47.5,439.0,311.5,8.0,13.0,48.0,1.0,1.0,2.0,6.0,3.0,0.0,0.0,0.0,32.0,32.0,0.3975,0.38095238095238093,0.0128,0.0128,0.1,0.45454545454545453,0.5454545454545454,0.575,1.0,1.0,0.5166666666666667,0.5552631578947369,0.0
20260629_202157_89a44e2f,20260629_202157_89a44e2f_g0006,6,1639577208,3,32,32,32,1,4,GREEN,pool_heuristic,3,2,[2],0,79,3,"{""1"": 67, ""2"": 120, ""3"": 99, ""4"": 79}",False,20.0,-45.0,1.0,14.0,8.0,0.02,102.0,41.75,105.875,15.0,12.0,21.75,41.5,15.625,620.0,125.875,8.0,13.0,48.0,1.0,1.0,2.0,6.0,3.0,0.0,1.0,1.0,32.0,32.0,0.3975,0.38095238095238093,0.0128,0.0128,0.1,0.45454545454545453,0.5454545454545454,0.5,1.0,1.0,0.5416666666666667,0.5526315789473684,0.0
20260629_202157_89a44e2f,20260629_202157_89a44e2f_g0006,6,1639577208,4,40,40,40,1,1,RED,pool_l45_100ms,0,2,[2],0,67,4,"{""1"": 67, ""2"": 120, ""3"": 99, ""4"": 79}",False,11.0,-66.0,6.0,9.0,14.0,0.035,11.0,7.125,10.75,5.0,2.0,2.25,1.5,0.0,312.0,21.75,10.0,11.0,38.0,1.0,1.0,2.0,6.0,1.0,0.0,0.0,0.0,40.0,40.0,0.4875,0.47619047619047616,0.016,0.016,0.125,0.5681818181818182,0.4318181818181818,0.275,0.8166666666666667,1.0,0.6416666666666667,0.4010526315789473,0.0
20260629_202157_89a44e2f,20260629_202157_89a44e2f_g0006,6,1639577208,4,40,40,40,1,2,BLUE,pool_peer_500ms,1,2,[2],1,120,1,"{""1"": 67, ""2"": 120, ""3"": 99, ""4"": 79}",False,30.0,-28.0,0.0,28.0,14.0,0.035,124.0,56.375,140.875,21.0,17.0,30.75,44.0,28.125,199.0,170.875,10.0,11.0,40.0,1.0,1.0,2.0,4.0,3.0,0.0,0.0,0.0,40.0,40.0,0.4875,0.47619047619047616,0.016,0.016,0.12,0.5454545454545454,0.45454545454545453,0.75,1.0,1.0,0.4833333333333333,0.5635964912280702,0.0
20260629_202157_89a44e2f,20260629_202157_89a44e2f_g0006,6,1639577208,4,40,40,40,1,3,YELLOW,champ_v3,2,2,[2],0,99,2,"{""1"": 67, ""2"": 120, ""3"": 99, ""4"": 79}",False,27.0,-34.0,1.0,16.0,14.0,0.035,150.0,62.125,149.75,24.0,20.0,33.75,49.5,22.5,173.0,176.75,10.0,11.0,40.0,1.0,1.0,2.0,4.0,3.0,0.0,0.0,0.0,40.0,40.0,0.4875,0.47619047619047616,0.016,0.016,0.12,0.5454545454545454,0.45454545454545453,0.675,1.0,1.0,0.5083333333333333,0.5427631578947368,0.0
20260629_202157_89a44e2f,20260629_202157_89a44e2f_g0006,6,1639577208,4,40,40,40,1,4,GREEN,pool_heuristic,3,2,[2],0,79,3,"{""1"": 67, ""2"": 120, ""3"": 99, ""4"": 79}",False,20.0,-48.0,1.0,25.0,14.0,0.035,38.0,23.125,42.125,13.0,8.0,11.25,8.0,1.875,285.0,62.125,10.0,11.0,39.0,1.0,1.0,2.0,5.0,2.0,0.0,1.0,0.0,40.0,40.0,0.4875,0.47619047619047616,0.016,0.016,0.1225,0.5568181818181818,0.4431818181818182,0.5,1.0,1.0,0.5666666666666667,0.5155746509129968,0.0
20260629_202157_89a44e2f,20260629_202157_89a44e2f_g0006,6,1639577208,5,48,48,48,1,1,RED,pool_l45_100ms,0,2,[2],0,67,4,"{""1"": 67, ""2"": 120, ""3"": 99, ""4"": 79}",False,11.0,-64.0,6.0,27.0,21.0,0.0525,7.0,6.5,7.0,6.0,1.0,0.0,0.0,0.0,141.0,18.0,12.0,9.0,29.0,1.0,1.0,2.0,5.0,0.0,0.0,0.0,0.0,48.0,48.0,0.5775,0.5714285714285714,0.0192,0.0192,0.1475,0.6704545454545454,0.32954545454545453,0.275,0.6666666666666666,0.8,0.625,0.37109723461195365,0.0
20260629_202157_89a44e2f,20260629_202157_89a44e2f_g0006,6,1639577208,5,48,48,48,1,2,BLUE,pool_peer_500ms,1,2,[2],1,120,1,"{""1"": 67, ""2"": 120, ""3"": 99, ""4"": 79}",False,34.0,-18.0,0.0,44.0,21.0,0.0525,64.0,38.625,74.125,21.0,14.0,15.75,14.0,9.375,84.0,108.125,12.0,9.0,31.0,1.0,1.0,2.0,3.0,2.0,0.0,0.0,0.0,48.0,48.0,0.5775,0.5714285714285714,0.0192,0.0192,0.1425,0.6477272727272727,0.3522727272727273,0.85,1.0,1.0,0.4333333333333333,0.5466297322253001,0.0
20260629_202157_89a44e2f,20260629_202157_89a44e2f_g0006,6,1639577208,5,48,48,48,1,3,YELLOW,champ_v3,2,2,[2],0,99,2,"{""1"": 67, ""2"": 120, ""3"": 99, ""4"": 79}",False,23.0,-40.0,1.0,24.0,21.0,0.0525,51.0,27.375,52.75,15.0,8.0,12.75,14.5,2.5,97.0,75.75,12.0,9.0,31.0,1.0,1.0,2.0,3.0,2.0,0.0,0.0,0.0,48.0,48.0,0.5775,0.5714285714285714,0.0192,0.0192,0.1425,0.6477272727272727,0.3522727272727273,0.575,1.0,1.0,0.525,0.5244690674053556,0.0
20260629_202157_89a44e2f,20260629_202157_89a44e2f_g0006,6,1639577208,5,48,48,48,1,4,GREEN,pool_heuristic,3,2,[2],0,79,3,"{""1"": 67, ""2"": 120, ""3"": 99, ""4"": 79}",False,18.0,-50.0,1.0,31.0,21.0,0.0525,26.0,18.5,29.5,12.0,6.0,7.5,4.0,0.0,122.0,47.5,12.0,9.0,30.0,1.0,1.0,2.0,4.0,1.0,0.0,1.0,0.0,48.0,48.0,0.5775,0.5714285714285714,0.0192,0.0192,0.145,0.6590909090909091,0.3409090909090909,0.45,0.9166666666666666,1.0,0.5666666666666667,0.5127041742286751,0.0
20260629_202157_89a44e2f,20260629_202157_89a44e2f_g0006,6,1639577208,6,56,56,56,1,1,RED,pool_l45_100ms,0,2,[2],0,67,4,"{""1"": 67, ""2"": 120, ""3"": 99, ""4"": 79}",False,9.0,-60.0,6.0,30.0,33.0,0.0825,0.0,0.0,0.0,0.0,0.0,0.0,0.0,0.0,83.0,9.0,14.0,7.0,26.0,0.0,0.0,2.0,5.0,0.0,0.0,0.0,0.0,56.0,56.0,0.6475,0.6666666666666666,0.0224,0.0224,0.155,0.7045454545454546,0.29545454545454547,0.225,0.55,0.8,0.575,0.368421052631579,0.0
20260629_202157_89a44e2f,20260629_202157_89a44e2f_g0006,6,1639577208,6,56,56,56,1,2,BLUE,pool_peer_500ms,1,2,[2],1,120,1,"{""1"": 67, ""2"": 120, ""3"": 99, ""4"": 79}",False,35.0,-8.0,0.0,54.0,33.0,0.0825,56.0,36.25,64.0,21.0,13.0,15.0,15.0,0.0,27.0,99.0,14.0,7.0,21.0,1.0,1.0,2.0,3.0,0.0,0.0,0.0,0.0,56.0,56.0,0.6475,0.6666666666666666,0.0224,0.0224,0.1675,0.7613636363636364,0.23863636363636365,0.875,1.0,0.8,0.35833333333333334,0.5373134328358209,0.0
20260629_202157_89a44e2f,20260629_202157_89a44e2f_g0006,6,1639577208,6,56,56,56,1,3,YELLOW,champ_v3,2,2,[2],0,99,2,"{""1"": 67, ""2"": 120, ""3"": 99, ""4"": 79}",False,20.0,-38.0,1.0,37.0,33.0,0.0825,18.0,12.75,19.5,9.0,3.0,4.5,3.0,0.0,65.0,39.5,14.0,7.0,23.0,1.0,1.0,1.0,3.0,1.0,0.0,0.0,0.0,56.0,56.0,0.6475,0.6666666666666666,0.0224,0.0224,0.1625,0.7386363636363636,0.26136363636363635,0.5,0.75,1.0,0.4833333333333333,0.5004048582995951,0.0
20260629_202157_89a44e2f,20260629_202157_89a44e2f_g0006,6,1639577208,6,56,56,56,1,4,GREEN,pool_heuristic,3,2,[2],0,79,3,"{""1"": 67, ""2"": 120, ""3"": 99, ""4"": 79}",False,14.0,-50.0,1.0,33.0,33.0,0.0825,9.0,8.5,9.0,8.0,1.0,0.0,0.0,0.0,74.0,23.0,14.0,7.0,23.0,1.0,1.0,1.0,3.0,1.0,0.0,1.0,0.0,56.0,56.0,0.6475,0.6666666666666666,0.0224,0.0224,0.1625,0.7386363636363636,0.26136363636363635,0.35,0.85,1.0,0.5333333333333333,0.49149797570850207,0.0
20260629_202157_89a44e2f,20260629_202157_89a44e2f_g0006,6,1639577208,7,64,64,67,4,1,RED,pool_l45_100ms,0,2,[2],0,67,4,"{""1"": 67, ""2"": 120, ""3"": 99, ""4"": 79}",False,9.0,-57.0,6.0,43.0,39.0,0.0975,0.0,0.0,0.0,0.0,0.0,0.0,0.0,0.0,32.0,9.0,14.0,7.0,26.0,0.0,0.0,2.0,5.0,0.0,0.0,0.0,0.0,64.0,67.0,0.705,0.6666666666666666,0.0268,0.0256,0.155,0.7045454545454546,0.29545454545454547,0.225,0.23333333333333334,0.8,0.55,0.368421052631579,0.0
20260629_202157_89a44e2f,20260629_202157_89a44e2f_g0006,6,1639577208,7,64,64,67,4,2,BLUE,pool_peer_500ms,1,2,[2],1,120,1,"{""1"": 67, ""2"": 120, ""3"": 99, ""4"": 79}",False,33.0,-9.0,0.0,69.0,39.0,0.0975,24.0,20.0,27.0,16.0,4.0,3.0,4.0,0.0,8.0,60.0,17.0,4.0,10.0,1.0,1.0,1.0,1.0,0.0,0.0,0.0,0.0,64.0,67.0,0.705,0.8095238095238095,0.0268,0.0256,0.195,0.8863636363636364,0.11363636363636363,0.825,0.85,0.8,0.35,0.5053981106612686,0.0
20260629_202157_89a44e2f,20260629_202157_89a44e2f_g0006,6,1639577208,7,64,64,67,4,3,YELLOW,champ_v3,2,2,[2],0,99,2,"{""1"": 67, ""2"": 120, ""3"": 99, ""4"": 79}",False,21.0,-33.0,1.0,45.0,39.0,0.0975,8.0,4.125,11.625,0.0,4.0,3.0,4.0,0.625,24.0,32.625,17.0,4.0,14.0,0.0,1.0,1.0,1.0,1.0,0.0,0.0,0.0,64.0,67.0,0.705,0.8095238095238095,0.0268,0.0256,0.185,0.8409090909090909,0.1590909090909091,0.525,0.75,1.0,0.45,0.4971550497866287,0.0
20260629_202157_89a44e2f,20260629_202157_89a44e2f_g0006,6,1639577208,7,64,64,67,4,4,GREEN,pool_heuristic,3,2,[2],0,79,3,"{""1"": 67, ""2"": 120, ""3"": 99, ""4"": 79}",False,12.0,-51.0,1.0,40.0,39.0,0.0975,0.0,0.0,0.0,0.0,0.0,0.0,0.0,0.0,32.0,12.0,16.0,5.0,20.0,0.0,0.0,1.0,3.0,1.0,0.0,1.0,0.0,64.0,67.0,0.705,0.7619047619047619,0.0268,0.0256,0.17,0.7727272727272727,0.22727272727272727,0.3,0.6,1.0,0.525,0.4930340557275542,0.0
20260629_202157_89a44e2f,20260629_202157_89a44e2f_g0007,7,506414399,0,8,8,8,1,1,RED,pool_peer_500ms,0,2,[2],0,92,2,"{""1"": 92, ""2"": 105, ""3"": 84, ""4"": 70}",False,9.0,-12.0,9.0,0.0,0.0,0.0,543.0,122.625,488.75,9.0,15.0,41.25,153.5,270.0,1328.0,497.75,2.0,19.0,78.0,1.0,1.0,2.0,6.0,9.0,1.0,0.0,0.0,8.0,8.0,0.1,0.09523809523809523,0.0032,0.0032,0.025,0.11363636363636363,0.8863636363636364,0.225,1.0,1.0,0.175,0.23684210526315785,0.0
20260629_202157_89a44e2f,20260629_202157_89a44e2f_g0007,7,506414399,0,8,8,8,1,2,BLUE,champ_v3,1,2,[2],1,105,1,"{""1"": 92, ""2"": 105, ""3"": 84, ""4"": 70}",False,9.0,-12.0,9.0,0.0,0.0,0.0,543.0,122.625,488.75,9.0,15.0,41.25,153.5,270.0,1328.0,497.75,2.0,19.0,78.0,1.0,1.0,2.0,6.0,9.0,1.0,0.0,0.0,8.0,8.0,0.1,0.09523809523809523,0.0032,0.0032,0.025,0.11363636363636363,0.8863636363636364,0.225,1.0,1.0,0.175,0.23684210526315785,0.0
20260629_202157_89a44e2f,20260629_202157_89a44e2f_g0007,7,506414399,0,8,8,8,1,3,YELLOW,pool_heuristic,2,2,[2],0,84,3,"{""1"": 92, ""2"": 105, ""3"": 84, ""4"": 70}",False,5.0,-20.0,9.0,0.0,0.0,0.0,341.0,86.0,352.25,5.0,9.0,26.25,107.0,205.0,1530.0,357.25,2.0,19.0,78.0,1.0,1.0,2.0,6.0,9.0,1.0,1.0,1.0,8.0,8.0,0.1,0.09523809523809523,0.0032,0.0032,0.025,0.11363636363636363,0.8863636363636364,0.125,1.0,1.0,0.20833333333333334,0.22105263157894728,0.0
20260629_202157_89a44e2f,20260629_202157_89a44e2f_g0007,7,506414399,0,8,8,8,1,4,GREEN,pool_l45_100ms,3,2,[2],0,70,4,"{""1"": 92, ""2"": 105, ""3"": 84, ""4"": 70}",False,7.0,-16.0,9.0,0.0,0.0,0.0,444.0,103.25,415.125,7.0,12.0,33.75,130.5,231.875,1427.0,422.125,2.0,19.0,78.0,1.0,1.0,2.0,6.0,9.0,1.0,1.0,0.0,8.0,8.0,0.1,0.09523809523809523,0.0032,0.0032,0.025,0.11363636363636363,0.8863636363636364,0.175,1.0,1.0,0.19166666666666668,0.20526315789473681,0.0
20260629_202157_89a44e2f,20260629_202157_89a44e2f_g0007,7,506414399,1,16,16,16,1,1,RED,pool_peer_500ms,0,2,[2],0,92,2,"{""1"": 92, ""2"": 105, ""3"": 84, ""4"": 70}",False,16.0,-23.0,0.0,2.0,4.0,0.01,688.0,171.625,664.375,14.0,23.0,64.5,241.0,321.875,1826.0,680.375,4.0,17.0,68.0,1.0,1.0,2.0,6.0,7.0,1.0,0.0,0.0,16.0,16.0,0.2,0.19047619047619047,0.0064,0.0064,0.05,0.22727272727272727,0.7727272727272727,0.4,1.0,1.0,0.325,0.49473684210526314,0.0
20260629_202157_89a44e2f,20260629_202157_89a44e2f_g0007,7,506414399,1,16,16,16,1,2,BLUE,champ_v3,1,2,[2],1,105,1,"{""1"": 92, ""2"": 105, ""3"": 84, ""4"": 70}",False,15.0,-25.0,1.0,2.0,4.0,0.01,769.0,192.125,742.625,15.0,27.0,74.25,272.0,354.375,1745.0,757.625,4.0,17.0,68.0,1.0,1.0,2.0,6.0,7.0,1.0,0.0,0.0,16.0,16.0,0.2,0.19047619047619047,0.0064,0.0064,0.05,0.22727272727272727,0.7727272727272727,0.375,1.0,1.0,0.33333333333333337,0.4894736842105264,0.0
20260629_202157_89a44e2f,20260629_202157_89a44e2f_g0007,7,506414399,1,16,16,16,1,3,YELLOW,pool_heuristic,2,2,[2],0,84,3,"{""1"": 92, ""2"": 105, ""3"": 84, ""4"": 70}",False,14.0,-27.0,4.0,0.0,4.0,0.01,605.0,176.625,682.375,14.0,25.0,66.75,251.0,325.625,1909.0,696.375,4.0,17.0,68.0,1.0,1.0,2.0,6.0,7.0,1.0,1.0,1.0,16.0,16.0,0.2,0.19047619047619047,0.0064,0.0064,0.05,0.22727272727272727,0.7727272727272727,0.35,1.0,1.0,0.3416666666666667,0.4421052631578948,0.0
20260629_202157_89a44e2f,20260629_202157_89a44e2f_g0007,7,506414399,1,16,16,16,1,4,GREEN,pool_l45_100ms,3,2,[2],0,70,4,"{""1"": 92, ""2"": 105, ""3"": 84, ""4"": 70}",False,10.0,-35.0,7.0,0.0,4.0,0.01,452.0,107.5,405.25,10.0,17.0,42.0,155.0,181.25,2062.0,415.25,4.0,17.0,68.0,1.0,1.0,2.0,6.0,7.0,1.0,0.0,0.0,16.0,16.0,0.2,0.19047619047619047,0.0064,0.0064,0.05,0.22727272727272727,0.7727272727272727,0.25,1.0,1.0,0.375,0.3131578947368421,0.0
20260629_202157_89a44e2f,20260629_202157_89a44e2f_g0007,7,506414399,2,24,24,24,1,1,RED,pool_peer_500ms,0,2,[2],0,92,2,"{""1"": 92, ""2"": 105, ""3"": 84, ""4"": 70}",False,20.0,-32.0,0.0,13.0,5.0,0.0125,530.0,146.875,533.0,19.0,24.0,63.75,187.5,238.75,1189.0,553.0,6.0,15.0,59.0,1.0,1.0,2.0,5.0,6.0,1.0,0.0,0.0,24.0,24.0,0.2975,0.2857142857142857,0.0096,0.0096,0.0725,0.32954545454545453,0.6704545454545454,0.5,1.0,1.0,0.4333333333333333,0.5843920145190562,0.0
20260629_202157_89a44e2f,20260629_202157_89a44e2f_g0007,7,506414399,2,24,24,24,1,2,BLUE,champ_v3,1,2,[2],1,105,1,"{""1"": 92, ""2"": 105, ""3"": 84, ""4"": 70}",False,18.0,-36.0,1.0,14.0,5.0,0.0125,458.0,136.875,485.625,17.0,25.0,62.25,207.0,174.375,1261.0,503.625,6.0,15.0,58.0,1.0,1.0,2.0,6.0,5.0,1.0,0.0,0.0,24.0,24.0,0.2975,0.2857142857142857,0.0096,0.0096,0.075,0.3409090909090909,0.6590909090909091,0.45,1.0,1.0,0.45,0.5877192982456141,0.0
20260629_202157_89a44e2f,20260629_202157_89a44e2f_g0007,7,506414399,2,24,24,24,1,3,YELLOW,pool_heuristic,2,2,[2],0,84,3,"{""1"": 92, ""2"": 105, ""3"": 84, ""4"": 70}",False,22.0,-28.0,2.0,4.0,5.0,0.0125,416.0,141.625,493.25,20.0,26.0,63.0,215.5,168.75,1303.0,515.25,6.0,15.0,58.0,1.0,1.0,2.0,6.0,5.0,1.0,0.0,1.0,24.0,24.0,0.2975,0.2857142857142857,0.0096,0.0096,0.075,0.3409090909090909,0.6590909090909091,0.55,1.0,1.0,0.4166666666666667,0.5333333333333333,0.0
20260629_202157_89a44e2f,20260629_202157_89a44e2f_g0007,7,506414399,2,24,24,24,1,4,GREEN,pool_l45_100ms,3,2,[2],0,70,4,"{""1"": 92, ""2"": 105, ""3"": 84, ""4"": 70}",False,12.0,-48.0,3.0,1.0,5.0,0.0125,315.0,80.25,274.625,12.0,16.0,35.25,124.5,86.875,1404.0,286.625,6.0,15.0,58.0,1.0,1.0,2.0,6.0,5.0,0.0,0.0,0.0,24.0,24.0,0.2975,0.2857142857142857,0.0096,0.0096,0.075,0.3409090909090909,0.6590909090909091,0.3,1.0,1.0,0.5,0.4175438596491228,0.0
20260629_202157_89a44e2f,20260629_202157_89a44e2f_g0007,7,506414399,3,32,32,32,1,1,RED,pool_peer_500ms,0,2,[2],0,92,2,"{""1"": 92, ""2"": 105, ""3"": 84, ""4"": 70}",False,24.0,-36.0,0.0,18.0,3.0,0.0075,397.0,124.0,410.25,23.0,24.0,59.25,169.0,135.0,554.0,434.25,8.0,13.0,49.0,1.0,1.0,2.0,5.0,4.0,1.0,0.0,0.0,32.0,32.0,0.3925,0.38095238095238093,0.0128,0.0128,0.0975,0.4431818181818182,0.5568181818181818,0.6,1.0,1.0,0.5,0.5978407557354926,0.0
20260629_202157_89a44e2f,20260629_202157_89a44e2f_g0007,7,506414399,3,32,32,32,1,2,BLUE,champ_v3,1,2,[2],1,105,1,"{""1"": 92, ""2"": 105, ""3"": 84, ""4"": 70}",False,24.0,-36.0,1.0,21.0,3.0,0.0075,410.0,129.375,438.0,21.0,29.0,68.25,143.5,176.25,541.0,462.0,8.0,13.0,50.0,1.0,1.0,2.0,4.0,5.0,1.0,0.0,0.0,32.0,32.0,0.3925,0.38095238095238093,0.0128,0.0128,0.095,0.4318181818181818,0.5681818181818182,0.6,1.0,1.0,0.5,0.5734072022160666,0.0
20260629_202157_89a44e2f,20260629_202157_89a44e2f_g0007,7,506414399,3,32,32,32,1,3,YELLOW,pool_heuristic,2,2,[2],0,84,3,"{""1"": 92, ""2"": 105, ""3"": 84, ""4"": 70}",False,23.0,-38.0,2.0,12.0,3.0,0.0075,106.0,46.125,118.5,18.0,11.0,17.25,48.5,23.75,845.0,141.5,8.0,13.0,48.0,1.0,1.0,2.0,6.0,3.0,0.0,0.0,1.0,32.0,32.0,0.3925,0.38095238095238093,0.0128,0.0128,0.1,0.45454545454545453,0.5454545454545454,0.575,1.0,1.0,0.5083333333333333,0.5184210526315789,0.0
20260629_202157_89a44e2f,20260629_202157_89a44e2f_g0007,7,506414399,3,32,32,32,1,4,GREEN,pool_l45_100ms,3,2,[2],0,70,4,"{""1"": 92, ""2"": 105, ""3"": 84, ""4"": 70}",False,13.0,-58.0,3.0,5.0,3.0,0.0075,38.0,19.25,36.75,11.0,6.0,6.0,10.0,3.75,913.0,49.75,8.0,13.0,48.0,1.0,1.0,2.0,6.0,3.0,0.0,0.0,0.0,32.0,32.0,0.3925,0.38095238095238093,0.0128,0.0128,0.1,0.45454545454545453,0.5454545454545454,0.325,1.0,1.0,0.5916666666666667,0.4302631578947369,0.0
20260629_202157_89a44e2f,20260629_202157_89a44e2f_g0007,7,506414399,4,40,40,40,1,1,RED,pool_peer_500ms,0,2,[2],0,92,2,"{""1"": 92, ""2"": 105, ""3"": 84, ""4"": 70}",False,29.0,-39.0,0.0,25.0,16.0,0.04,217.0,81.5,225.25,25.0,19.0,40.5,107.0,33.75,267.0,254.25,10.0,11.0,39.0,1.0,1.0,2.0,5.0,2.0,0.0,0.0,0.0,40.0,40.0,0.4875,0.47619047619047616,0.016,0.016,0.1225,0.5568181818181818,0.4431818181818182,0.725,1.0,1.0,0.5666666666666667,0.5789473684210527,0.0
20260629_202157_89a44e2f,20260629_202157_89a44e2f_g0007,7,506414399,4,40,40,40,1,2,BLUE,champ_v3,1,2,[2],1,105,1,"{""1"": 92, ""2"": 105, ""3"": 84, ""4"": 70}",False,28.0,-41.0,1.0,31.0,16.0,0.04,181.0,67.75,195.5,18.0,18.0,39.75,71.0,48.75,303.0,223.5,10.0,11.0,40.0,1.0,1.0,2.0,4.0,3.0,1.0,0.0,0.0,40.0,40.0,0.4875,0.47619047619047616,0.016,0.016,0.12,0.5454545454545454,0.45454545454545453,0.7,1.0,1.0,0.575,0.575657894736842,0.0
20260629_202157_89a44e2f,20260629_202157_89a44e2f_g0007,7,506414399,4,40,40,40,1,3,YELLOW,pool_heuristic,2,2,[2],0,84,3,"{""1"": 92, ""2"": 105, ""3"": 84, ""4"": 70}",False,27.0,-43.0,2.0,24.0,16.0,0.04,56.0,34.0,62.0,20.0,11.0,11.25,16.0,3.75,428.0,89.0,10.0,11.0,39.0,1.0,1.0,2.0,5.0,2.0,0.0,0.0,0.0,40.0,40.0,0.4875,0.47619047619047616,0.016,0.016,0.1225,0.5568181818181818,0.4431818181818182,0.675,1.0,1.0,0.5833333333333333,0.49301825993555315,0.0
20260629_202157_89a44e2f,20260629_202157_89a44e2f_g0007,7,506414399,4,40,40,40,1,4,GREEN,pool_l45_100ms,3,2,[2],0,70,4,"{""1"": 92, ""2"": 105, ""3"": 84, ""4"": 70}",False,13.0,-71.0,3.0,11.0,16.0,0.04,30.0,14.625,28.625,8.0,4.0,6.0,10.0,0.625,454.0,41.625,10.0,11.0,39.0,1.0,1.0,2.0,5.0,2.0,0.0,0.0,0.0,40.0,40.0,0.4875,0.47619047619047616,0.016,0.016,0.1225,0.5568181818181818,0.4431818181818182,0.325,1.0,1.0,0.7,0.41890440386680994,0.0
20260629_202157_89a44e2f,20260629_202157_89a44e2f_g0007,7,506414399,5,48,48,48,1,1,RED,pool_peer_500ms,0,2,[2],0,92,2,"{""1"": 92, ""2"": 105, ""3"": 84, ""4"": 70}",False,28.0,-43.0,0.0,34.0,33.0,0.0825,51.0,32.375,56.0,21.0,9.0,9.0,9.5,7.5,119.0,84.0,12.0,9.0,30.0,1.0,1.0,2.0,4.0,1.0,0.0,0.0,0.0,48.0,48.0,0.575,0.5714285714285714,0.0192,0.0192,0.145,0.6590909090909091,0.3409090909090909,0.7,1.0,1.0,0.5916666666666667,0.5707803992740472,0.0
20260629_202157_89a44e2f,20260629_202157_89a44e2f_g0007,7,506414399,5,48,48,48,1,2,BLUE,champ_v3,1,2,[2],1,105,1,"{""1"": 92, ""2"": 105, ""3"": 84, ""4"": 70}",False,31.0,-37.0,0.0,43.0,33.0,0.0825,74.0,37.75,87.25,16.0,11.0,21.0,28.0,11.25,96.0,118.25,12.0,9.0,31.0,1.0,1.0,2.0,3.0,2.0,0.0,0.0,0.0,48.0,48.0,0.575,0.5714285714285714,0.0192,0.0192,0.1425,0.6477272727272727,0.3522727272727273,0.775,1.0,1.0,0.5666666666666667,0.5937211449676824,0.0
20260629_202157_89a44e2f,20260629_202157_89a44e2f_g0007,7,506414399,5,48,48,48,1,3,YELLOW,pool_heuristic,2,2,[2],0,84,3,"{""1"": 92, ""2"": 105, ""3"": 84, ""4"": 70}",False,30.0,-39.0,2.0,34.0,33.0,0.0825,40.0,28.75,46.25,19.0,10.0,8.25,4.0,5.0,130.0,76.25,12.0,9.0,31.0,1.0,1.0,2.0,3.0,2.0,0.0,0.0,0.0,48.0,48.0,0.575,0.5714285714285714,0.0192,0.0192,0.1425,0.6477272727272727,0.3522727272727273,0.75,1.0,1.0,0.575,0.47645429362880887,0.0
20260629_202157_89a44e2f,20260629_202157_89a44e2f_g0007,7,506414399,5,48,48,48,1,4,GREEN,pool_l45_100ms,3,2,[2],0,70,4,"{""1"": 92, ""2"": 105, ""3"": 84, ""4"": 70}",False,10.0,-79.0,2.0,17.0,33.0,0.0825,5.0,5.0,5.0,5.0,0.0,0.0,0.0,0.0,165.0,15.0,12.0,9.0,30.0,1.0,1.0,2.0,4.0,1.0,0.0,0.0,0.0,48.0,48.0,0.575,0.5714285714285714,0.0192,0.0192,0.145,0.6590909090909091,0.3409090909090909,0.25,0.8166666666666667,1.0,0.7416666666666667,0.43375680580762255,0.0
20260629_202157_89a44e2f,20260629_202157_89a44e2f_g0007,7,506414399,6,56,56,56,1,1,RED,pool_peer_500ms,0,2,[2],0,92,2,"{""1"": 92, ""2"": 105, ""3"": 84, ""4"": 70}",False,29.0,-39.0,0.0,45.0,39.0,0.0975,34.0,26.25,35.75,20.0,7.0,6.75,2.0,0.0,57.0,64.75,14.0,7.0,22.0,1.0,1.0,2.0,2.0,1.0,0.0,0.0,0.0,56.0,56.0,0.655,0.6666666666666666,0.0224,0.0224,0.165,0.75,0.25,0.725,0.7333333333333333,1.0,0.5666666666666667,0.5446570972886762,0.0
20260629_202157_89a44e2f,20260629_202157_89a44e2f_g0007,7,506414399,6,56,56,56,1,2,BLUE,champ_v3,1,2,[2],1,105,1,"{""1"": 92, ""2"": 105, ""3"": 84, ""4"": 70}",False,26.0,-45.0,0.0,51.0,39.0,0.0975,28.0,17.0,29.0,11.0,4.0,6.75,6.0,1.25,63.0,55.0,14.0,7.0,22.0,1.0,1.0,2.0,2.0,1.0,0.0,0.0,0.0,56.0,56.0,0.655,0.6666666666666666,0.0224,0.0224,0.165,0.75,0.25,0.65,0.9,1.0,0.5916666666666667,0.543859649122807,0.0
20260629_202157_89a44e2f,20260629_202157_89a44e2f_g0007,7,506414399,6,56,56,56,1,3,YELLOW,pool_heuristic,2,2,[2],0,84,3,"{""1"": 92, ""2"": 105, ""3"": 84, ""4"": 70}",False,31.0,-35.0,2.0,46.0,39.0,0.0975,28.0,20.75,28.25,15.0,8.0,5.25,0.0,0.0,63.0,59.25,14.0,7.0,21.0,1.0,1.0,2.0,3.0,0.0,0.0,0.0,0.0,56.0,56.0,0.655,0.6666666666666666,0.0224,0.0224,0.1675,0.7613636363636364,0.23863636363636365,0.775,1.0,0.8,0.55,0.46190102120974075,0.0
20260629_202157_89a44e2f,20260629_202157_89a44e2f_g0007,7,506414399,6,56,56,56,1,4,GREEN,pool_l45_100ms,3,2,[2],0,70,4,"{""1"": 92, ""2"": 105, ""3"": 84, ""4"": 70}",False,11.0,-75.0,2.0,21.0,39.0,0.0975,1.0,0.5,1.0,0.0,1.0,0.0,0.0,0.0,90.0,12.0,14.0,7.0,25.0,0.0,1.0,2.0,3.0,1.0,0.0,0.0,0.0,56.0,56.0,0.655,0.6666666666666666,0.0224,0.0224,0.1575,0.7159090909090909,0.2840909090909091,0.275,0.75,1.0,0.7166666666666667,0.4369256474519633,0.0
20260629_202157_89a44e2f,20260629_202157_89a44e2f_g0007,7,506414399,7,64,64,65,2,1,RED,pool_peer_500ms,0,2,[2],0,92,2,"{""1"": 92, ""2"": 105, ""3"": 84, ""4"": 70}",False,22.0,-45.0,0.0,54.0,40.0,0.1,18.0,16.5,18.0,15.0,3.0,0.0,0.0,0.0,27.0,40.0,17.0,4.0,12.0,1.0,1.0,0.0,1.0,1.0,0.0,0.0,0.0,64.0,65.0,0.725,0.8095238095238095,0.026,0.0256,0.19,0.8636363636363636,0.13636363636363635,0.55,0.5166666666666667,1.0,0.5583333333333333,0.5228531855955678,0.0
20260629_202157_89a44e2f,20260629_202157_89a44e2f_g0007,7,506414399,7,64,64,65,2,2,BLUE,champ_v3,1,2,[2],1,105,1,"{""1"": 92, ""2"": 105, ""3"": 84, ""4"": 70}",False,27.0,-35.0,0.0,60.0,40.0,0.1,12.0,10.75,11.75,10.0,1.0,0.75,0.0,0.0,33.0,38.75,16.0,5.0,13.0,1.0,1.0,2.0,1.0,0.0,0.0,0.0,0.0,64.0,65.0,0.725,0.7619047619047619,0.026,0.0256,0.1875,0.8522727272727273,0.14772727272727273,0.675,0.6333333333333333,0.8,0.5166666666666667,0.5207017543859649,0.0
20260629_202157_89a44e2f,20260629_202157_89a44e2f_g0007,7,506414399,7,64,64,65,2,3,YELLOW,pool_heuristic,2,2,[2],0,84,3,"{""1"": 92, ""2"": 105, ""3"": 84, ""4"": 70}",False,30.0,-29.0,2.0,62.0,40.0,0.1,15.0,12.5,15.5,10.0,4.0,1.5,0.0,0.0,30.0,45.5,16.0,5.0,14.0,1.0,1.0,1.0,2.0,0.0,0.0,0.0,0.0,64.0,65.0,0.725,0.7619047619047619,0.026,0.0256,0.185,0.8409090909090909,0.1590909090909091,0.75,0.75,0.8,0.4916666666666667,0.4359886201991465,0.0
20260629_202157_89a44e2f,20260629_202157_89a44e2f_g0007,7,506414399,7,64,64,65,2,4,GREEN,pool_l45_100ms,3,2,[2],0,70,4,"{""1"": 92, ""2"": 105, ""3"": 84, ""4"": 70}",False,10.0,-69.0,2.0,33.0,40.0,0.1,0.0,0.0,0.0,0.0,0.0,0.0,0.0,0.0,45.0,10.0,15.0,6.0,23.0,0.0,0.0,2.0,3.0,1.0,0.0,0.0,0.0,64.0,65.0,0.725,0.7142857142857143,0.026,0.0256,0.1625,0.7386363636363636,0.26136363636363635,0.25,0.45,1.0,0.6583333333333333,0.4388663967611336,0.0
20260629_202157_89a44e2f,20260629_202157_89a44e2f_g0008,8,976865354,0,8,8,8,1,1,RED,champ_v3,0,1,[1],1,103,1,"{""1"": 103, ""2"": 75, ""3"": 59, ""4"": 88}",False,9.0,-14.0,9.0,0.0,0.0,0.0,543.0,122.625,488.75,9.0,15.0,41.25,153.5,270.0,1288.0,497.75,2.0,19.0,78.0,1.0,1.0,2.0,6.0,9.0,1.0,0.0,0.0,8.0,8.0,0.1,0.09523809523809523,0.0032,0.0032,0.025,0.11363636363636363,0.8863636363636364,0.225,1.0,1.0,0.19166666666666668,0.23684210526315785,0.0
20260629_202157_89a44e2f,20260629_202157_89a44e2f_g0008,8,976865354,0,8,8,8,1,2,BLUE,pool_heuristic,1,1,[1],0,75,3,"{""1"": 103, ""2"": 75, ""3"": 59, ""4"": 88}",False,7.0,-18.0,9.0,0.0,0.0,0.0,381.0,93.75,374.5,7.0,11.0,30.75,117.0,208.75,1450.0,381.5,2.0,19.0,78.0,1.0,1.0,2.0,6.0,9.0,1.0,1.0,1.0,8.0,8.0,0.1,0.09523809523809523,0.0032,0.0032,0.025,0.11363636363636363,0.8863636363636364,0.175,1.0,1.0,0.20833333333333334,0.24736842105263157,0.0
20260629_202157_89a44e2f,20260629_202157_89a44e2f_g0008,8,976865354,0,8,8,8,1,3,YELLOW,pool_l45_100ms,2,1,[1],0,59,4,"{""1"": 103, ""2"": 75, ""3"": 59, ""4"": 88}",False,7.0,-18.0,9.0,0.0,0.0,0.0,364.0,86.0,341.875,7.0,10.0,27.0,108.5,189.375,1467.0,348.875,2.0,19.0,78.0,1.0,1.0,2.0,6.0,9.0,1.0,1.0,0.0,8.0,8.0,0.1,0.09523809523809523,0.0032,0.0032,0.025,0.11363636363636363,0.8863636363636364,0.175,1.0,1.0,0.20833333333333334,0.17368421052631577,0.0
20260629_202157_89a44e2f,20260629_202157_89a44e2f_g0008,8,976865354,0,8,8,8,1,4,GREEN,pool_peer_500ms,3,1,[1],0,88,2,"{""1"": 103, ""2"": 75, ""3"": 59, ""4"": 88}",False,9.0,-14.0,9.0,0.0,0.0,0.0,543.0,122.625,488.75,9.0,15.0,41.25,153.5,270.0,1288.0,497.75,2.0,19.0,78.0,1.0,1.0,2.0,6.0,9.0,1.0,0.0,0.0,8.0,8.0,0.1,0.09523809523809523,0.0032,0.0032,0.025,0.11363636363636363,0.8863636363636364,0.225,1.0,1.0,0.19166666666666668,0.23684210526315785,0.0
20260629_202157_89a44e2f,20260629_202157_89a44e2f_g0008,8,976865354,1,16,16,16,1,1,RED,champ_v3,0,1,[1],1,103,1,"{""1"": 103, ""2"": 75, ""3"": 59, ""4"": 88}",False,16.0,-25.0,0.0,2.0,0.0,0.0,684.0,172.125,662.0,15.0,23.0,65.25,242.5,316.25,1714.0,678.0,4.0,17.0,68.0,1.0,1.0,2.0,6.0,7.0,1.0,0.0,0.0,16.0,16.0,0.2,0.19047619047619047,0.0064,0.0064,0.05,0.22727272727272727,0.7727272727272727,0.4,1.0,1.0,0.3416666666666667,0.49473684210526314,0.0
20260629_202157_89a44e2f,20260629_202157_89a44e2f_g0008,8,976865354,1,16,16,16,1,2,BLUE,pool_heuristic,1,1,[1],0,75,3,"{""1"": 103, ""2"": 75, ""3"": 59, ""4"": 88}",False,14.0,-29.0,3.0,0.0,0.0,0.0,558.0,133.25,503.75,14.0,18.0,50.25,184.0,237.5,1840.0,517.75,4.0,17.0,68.0,1.0,1.0,2.0,6.0,7.0,1.0,0.0,0.0,16.0,16.0,0.2,0.19047619047619047,0.0064,0.0064,0.05,0.22727272727272727,0.7727272727272727,0.35,1.0,1.0,0.35833333333333334,0.4526315789473684,0.0
20260629_202157_89a44e2f,20260629_202157_89a44e2f_g0008,8,976865354,1,16,16,16,1,3,YELLOW,pool_l45_100ms,2,1,[1],0,59,4,"{""1"": 103, ""2"": 75, ""3"": 59, ""4"": 88}",False,11.0,-35.0,5.0,0.0,0.0,0.0,406.0,98.375,367.0,11.0,15.0,36.0,137.5,167.5,1992.0,378.0,4.0,17.0,68.0,1.0,1.0,2.0,6.0,7.0,1.0,0.0,0.0,16.0,16.0,0.2,0.19047619047619047,0.0064,0.0064,0.05,0.22727272727272727,0.7727272727272727,0.275,1.0,1.0,0.38333333333333336,0.3526315789473684,0.0
20260629_202157_89a44e2f,20260629_202157_89a44e2f_g0008,8,976865354,1,16,16,16,1,4,GREEN,pool_peer_500ms,3,1,[1],0,88,2,"{""1"": 103, ""2"": 75, ""3"": 59, ""4"": 88}",False,16.0,-25.0,0.0,2.0,0.0,0.0,750.0,189.5,727.375,16.0,27.0,73.5,266.5,344.375,1648.0,743.375,4.0,17.0,68.0,1.0,1.0,2.0,6.0,7.0,1.0,0.0,0.0,16.0,16.0,0.2,0.19047619047619047,0.0064,0.0064,0.05,0.22727272727272727,0.7727272727272727,0.4,1.0,1.0,0.3416666666666667,0.49473684210526314,0.0
20260629_202157_89a44e2f,20260629_202157_89a44e2f_g0008,8,976865354,2,24,24,24,1,1,RED,champ_v3,0,1,[1],1,103,1,"{""1"": 103, ""2"": 75, ""3"": 59, ""4"": 88}",False,21.0,-32.0,0.0,8.0,4.0,0.01,482.0,129.0,451.5,18.0,24.0,56.25,192.0,161.25,914.0,472.5,6.0,15.0,58.0,1.0,1.0,2.0,6.0,5.0,1.0,0.0,0.0,24.0,24.0,0.3,0.2857142857142857,0.0096,0.0096,0.075,0.3409090909090909,0.6590909090909091,0.525,1.0,1.0,0.4416666666666667,0.5842105263157895,0.0
20260629_202157_89a44e2f,20260629_202157_89a44e2f_g0008,8,976865354,2,24,24,24,1,2,BLUE,pool_heuristic,1,1,[1],0,75,3,"{""1"": 103, ""2"": 75, ""3"": 59, ""4"": 88}",False,21.0,-32.0,3.0,4.0,4.0,0.01,419.0,119.0,406.625,18.0,23.0,54.0,183.5,128.125,977.0,427.625,6.0,15.0,58.0,1.0,1.0,2.0,6.0,5.0,1.0,0.0,0.0,24.0,24.0,0.3,0.2857142857142857,0.0096,0.0096,0.075,0.3409090909090909,0.6590909090909091,0.525,1.0,1.0,0.4416666666666667,0.5157894736842106,0.0
20260629_202157_89a44e2f,20260629_202157_89a44e2f_g0008,8,976865354,2,24,24,24,1,3,YELLOW,pool_l45_100ms,2,1,[1],0,59,4,"{""1"": 103, ""2"": 75, ""3"": 59, ""4"": 88}",False,12.0,-50.0,5.0,5.0,4.0,0.01,68.0,26.0,67.0,10.0,7.0,10.5,22.0,17.5,1328.0,79.0,6.0,15.0,58.0,1.0,1.0,2.0,6.0,5.0,0.0,0.0,0.0,24.0,24.0,0.3,0.2857142857142857,0.0096,0.0096,0.075,0.3409090909090909,0.6590909090909091,0.3,1.0,1.0,0.5166666666666667,0.39473684210526316,0.0
20260629_202157_89a44e2f,20260629_202157_89a44e2f_g0008,8,976865354,2,24,24,24,1,4,GREEN,pool_peer_500ms,3,1,[1],0,88,2,"{""1"": 103, ""2"": 75, ""3"": 59, ""4"": 88}",False,20.0,-34.0,0.0,7.0,4.0,0.01,427.0,122.875,422.5,19.0,23.0,56.25,175.5,148.75,969.0,442.5,6.0,15.0,58.0,1.0,1.0,2.0,6.0,5.0,1.0,0.0,0.0,24.0,24.0,0.3,0.2857142857142857,0.0096,0.0096,0.075,0.3409090909090909,0.6590909090909091,0.5,1.0,1.0,0.45,0.5631578947368421,0.0
20260629_202157_89a44e2f,20260629_202157_89a44e2f_g0008,8,976865354,3,32,32,32,1,1,RED,champ_v3,0,1,[1],1,103,1,"{""1"": 103, ""2"": 75, ""3"": 59, ""4"": 88}",False,24.0,-35.0,0.0,19.0,9.0,0.0225,178.0,59.25,167.375,17.0,17.0,29.25,63.5,40.625,437.0,191.375,8.0,13.0,49.0,1.0,1.0,2.0,5.0,4.0,0.0,0.0,0.0,32.0,32.0,0.3975,0.38095238095238093,0.0128,0.0128,0.0975,0.4431818181818182,0.5568181818181818,0.6,1.0,1.0,0.4916666666666667,0.6167341430499325,0.0
20260629_202157_89a44e2f,20260629_202157_89a44e2f_g0008,8,976865354,3,32,32,32,1,2,BLUE,pool_heuristic,1,1,[1],0,75,3,"{""1"": 103, ""2"": 75, ""3"": 59, ""4"": 88}",False,24.0,-35.0,3.0,5.0,9.0,0.0225,152.0,59.375,152.0,19.0,20.0,33.75,65.5,13.75,463.0,176.0,8.0,13.0,48.0,1.0,1.0,2.0,6.0,3.0,1.0,0.0,0.0,32.0,32.0,0.3975,0.38095238095238093,0.0128,0.0128,0.1,0.45454545454545453,0.5454545454545454,0.6,1.0,1.0,0.4916666666666667,0.49868421052631573,0.0
20260629_202157_89a44e2f,20260629_202157_89a44e2f_g0008,8,976865354,3,32,32,32,1,3,YELLOW,pool_l45_100ms,2,1,[1],0,59,4,"{""1"": 103, ""2"": 75, ""3"": 59, ""4"": 88}",False,13.0,-57.0,5.0,7.0,9.0,0.0225,53.0,23.375,51.75,11.0,7.0,9.0,18.5,6.25,562.0,64.75,8.0,13.0,48.0,1.0,1.0,2.0,6.0,3.0,0.0,0.0,0.0,32.0,32.0,0.3975,0.38095238095238093,0.0128,0.0128,0.1,0.45454545454545453,0.5454545454545454,0.325,1.0,1.0,0.5833333333333333,0.41052631578947374,0.0
20260629_202157_89a44e2f,20260629_202157_89a44e2f_g0008,8,976865354,3,32,32,32,1,4,GREEN,pool_peer_500ms,3,1,[1],0,88,2,"{""1"": 103, ""2"": 75, ""3"": 59, ""4"": 88}",False,22.0,-39.0,0.0,16.0,9.0,0.0225,232.0,71.125,215.125,18.0,14.0,33.75,100.0,49.375,383.0,237.125,8.0,13.0,48.0,1.0,1.0,2.0,6.0,3.0,0.0,0.0,0.0,32.0,32.0,0.3975,0.38095238095238093,0.0128,0.0128,0.1,0.45454545454545453,0.5454545454545454,0.55,1.0,1.0,0.5083333333333333,0.5710526315789474,0.0
20260629_202157_89a44e2f,20260629_202157_89a44e2f_g0008,8,976865354,4,40,40,40,1,1,RED,champ_v3,0,1,[1],1,103,1,"{""1"": 103, ""2"": 75, ""3"": 59, ""4"": 88}",False,27.0,-28.0,0.0,29.0,25.0,0.0625,149.0,58.0,150.375,20.0,18.0,30.75,48.5,33.125,277.0,177.375,10.0,11.0,40.0,1.0,1.0,2.0,4.0,3.0,0.0,0.0,0.0,40.0,40.0,0.4925,0.47619047619047616,0.016,0.016,0.12,0.5454545454545454,0.45454545454545453,0.675,1.0,1.0,0.4583333333333333,0.6074561403508771,0.0
20260629_202157_89a44e2f,20260629_202157_89a44e2f_g0008,8,976865354,4,40,40,40,1,2,BLUE,pool_heuristic,1,1,[1],0,75,3,"{""1"": 103, ""2"": 75, ""3"": 59, ""4"": 88}",False,22.0,-38.0,2.0,22.0,25.0,0.0625,66.0,30.25,64.0,14.0,10.0,15.0,25.0,0.0,360.0,86.0,10.0,11.0,38.0,1.0,1.0,2.0,6.0,1.0,0.0,0.0,0.0,40.0,40.0,0.4925,0.47619047619047616,0.016,0.016,0.125,0.5681818181818182,0.4318181818181818,0.55,1.0,1.0,0.5,0.5105263157894737,0.0
20260629_202157_89a44e2f,20260629_202157_89a44e2f_g0008,8,976865354,4,40,40,40,1,3,YELLOW,pool_l45_100ms,2,1,[1],0,59,4,"{""1"": 103, ""2"": 75, ""3"": 59, ""4"": 88}",False,9.0,-64.0,5.0,8.0,25.0,0.0625,14.0,9.5,14.25,7.0,2.0,2.25,3.0,0.0,412.0,23.25,10.0,11.0,39.0,1.0,1.0,2.0,5.0,2.0,0.0,0.0,0.0,40.0,40.0,0.4925,0.47619047619047616,0.016,0.016,0.1225,0.5568181818181818,0.4431818181818182,0.225,0.75,1.0,0.6083333333333333,0.37701396348012894,0.0
20260629_202157_89a44e2f,20260629_202157_89a44e2f_g0008,8,976865354,4,40,40,40,1,4,GREEN,pool_peer_500ms,3,1,[1],0,88,2,"{""1"": 103, ""2"": 75, ""3"": 59, ""4"": 88}",False,24.0,-34.0,0.0,25.0,25.0,0.0625,197.0,64.375,183.75,18.0,13.0,32.25,100.5,20.0,229.0,207.75,10.0,11.0,38.0,1.0,1.0,2.0,6.0,1.0,0.0,0.0,0.0,40.0,40.0,0.4925,0.47619047619047616,0.016,0.016,0.125,0.5681818181818182,0.4318181818181818,0.6,1.0,1.0,0.4833333333333333,0.5684210526315789,0.0
20260629_202157_89a44e2f,20260629_202157_89a44e2f_g0008,8,976865354,5,48,48,48,1,1,RED,champ_v3,0,1,[1],1,103,1,"{""1"": 103, ""2"": 75, ""3"": 59, ""4"": 88}",False,27.0,-28.0,0.0,38.0,39.0,0.0975,78.0,39.25,79.875,19.0,15.0,19.5,19.5,6.875,119.0,106.875,12.0,9.0,31.0,1.0,1.0,2.0,3.0,2.0,0.0,0.0,0.0,48.0,48.0,0.57,0.5714285714285714,0.0192,0.0192,0.1425,0.6477272727272727,0.3522727272727273,0.675,1.0,1.0,0.4583333333333333,0.5964912280701754,0.0
20260629_202157_89a44e2f,20260629_202157_89a44e2f_g0008,8,976865354,5,48,48,48,1,2,BLUE,pool_heuristic,1,1,[1],0,75,3,"{""1"": 103, ""2"": 75, ""3"": 59, ""4"": 88}",False,22.0,-38.0,2.0,33.0,39.0,0.0975,30.0,19.125,30.75,12.0,7.0,8.25,3.5,0.0,167.0,52.75,12.0,9.0,30.0,1.0,1.0,2.0,4.0,1.0,0.0,0.0,0.0,48.0,48.0,0.57,0.5714285714285714,0.0192,0.0192,0.145,0.6590909090909091,0.3409090909090909,0.55,0.9,1.0,0.5,0.4900181488203267,0.0
20260629_202157_89a44e2f,20260629_202157_89a44e2f_g0008,8,976865354,5,48,48,48,1,3,YELLOW,pool_l45_100ms,2,1,[1],0,59,4,"{""1"": 103, ""2"": 75, ""3"": 59, ""4"": 88}",False,8.0,-66.0,5.0,14.0,39.0,0.0975,0.0,0.0,0.0,0.0,0.0,0.0,0.0,0.0,197.0,8.0,12.0,9.0,34.0,0.0,1.0,2.0,4.0,2.0,0.0,0.0,0.0,48.0,48.0,0.57,0.5714285714285714,0.0192,0.0192,0.135,0.6136363636363636,0.38636363636363635,0.2,0.43333333333333335,1.0,0.6166666666666667,0.384990253411306,0.0
20260629_202157_89a44e2f,20260629_202157_89a44e2f_g0008,8,976865354,5,48,48,48,1,4,GREEN,pool_peer_500ms,3,1,[1],0,88,2,"{""1"": 103, ""2"": 75, ""3"": 59, ""4"": 88}",False,25.0,-32.0,0.0,32.0,39.0,0.0975,89.0,41.125,90.5,19.0,10.0,21.0,40.5,0.0,108.0,115.5,12.0,9.0,29.0,1.0,1.0,2.0,5.0,0.0,0.0,0.0,0.0,48.0,48.0,0.57,0.5714285714285714,0.0192,0.0192,0.1475,0.6704545454545454,0.32954545454545453,0.625,1.0,0.8,0.475,0.5325602140945584,0.0
20260629_202157_89a44e2f,20260629_202157_89a44e2f_g0008,8,976865354,6,56,56,58,3,1,RED,champ_v3,0,1,[1],1,103,1,"{""1"": 103, ""2"": 75, ""3"": 59, ""4"": 88}",False,21.0,-33.0,0.0,50.0,52.0,0.13,29.0,20.0,31.5,13.0,7.0,7.5,4.0,0.0,27.0,52.5,15.0,6.0,17.0,1.0,1.0,2.0,2.0,0.0,0.0,0.0,0.0,56.0,58.0,0.64,0.7142857142857143,0.0232,0.0224,0.1775,0.8068181818181818,0.19318181818181818,0.525,0.7833333333333333,0.8,0.45,0.5530022238695329,0.0
20260629_202157_89a44e2f,20260629_202157_89a44e2f_g0008,8,976865354,6,56,56,58,3,2,BLUE,pool_heuristic,1,1,[1],0,75,3,"{""1"": 103, ""2"": 75, ""3"": 59, ""4"": 88}",False,19.0,-37.0,1.0,46.0,52.0,0.13,10.0,9.5,10.5,9.0,0.0,1.5,0.0,0.0,46.0,29.5,15.0,6.0,21.0,1.0,0.0,1.0,3.0,1.0,0.0,0.0,0.0,56.0,58.0,0.64,0.7142857142857143,0.0232,0.0224,0.1675,0.7613636363636364,0.23863636363636365,0.475,0.65,1.0,0.4666666666666667,0.5106048703849175,0.0
20260629_202157_89a44e2f,20260629_202157_89a44e2f_g0008,8,976865354,6,56,56,58,3,3,YELLOW,pool_l45_100ms,2,1,[1],0,59,4,"{""1"": 103, ""2"": 75, ""3"": 59, ""4"": 88}",False,8.0,-59.0,5.0,16.0,52.0,0.13,0.0,0.0,0.0,0.0,0.0,0.0,0.0,0.0,56.0,8.0,12.0,9.0,34.0,0.0,1.0,2.0,4.0,2.0,0.0,0.0,0.0,56.0,58.0,0.64,0.5714285714285714,0.0232,0.0224,0.135,0.6136363636363636,0.38636363636363635,0.2,0.4166666666666667,1.0,0.5583333333333333,0.384990253411306,0.0
20260629_202157_89a44e2f,20260629_202157_89a44e2f_g0008,8,976865354,6,56,56,58,3,4,GREEN,pool_peer_500ms,3,1,[1],0,88,2,"{""1"": 103, ""2"": 75, ""3"": 59, ""4"": 88}",False,27.0,-21.0,0.0,39.0,52.0,0.13,17.0,6.625,16.75,0.0,7.0,8.25,1.5,0.0,39.0,43.75,14.0,7.0,24.0,0.0,1.0,2.0,4.0,0.0,0.0,0.0,0.0,56.0,58.0,0.64,0.6666666666666666,0.0232,0.0224,0.16,0.7272727272727273,0.2727272727272727,0.675,0.9166666666666666,0.8,0.4,0.5172697368421053,0.0
20260629_202157_89a44e2f,20260629_202157_89a44e2f_g0008,8,976865354,7,64,64,73,2,1,RED,champ_v3,0,1,[1],1,103,1,"{""1"": 103, ""2"": 75, ""3"": 59, ""4"": 88}",False,17.0,-34.0,0.0,68.0,58.0,0.145,2.0,1.0,2.0,0.0,2.0,0.0,0.0,0.0,0.0,19.0,19.0,2.0,6.0,0.0,1.0,0.0,1.0,0.0,0.0,0.0,0.0,64.0,73.0,0.6925,0.9047619047619048,0.0292,0.0256,0.205,0.9318181818181818,0.06818181818181818,0.425,0.4666666666666667,0.8,0.425,0.5539152759948651,0.0
20260629_202157_89a44e2f,20260629_202157_89a44e2f_g0008,8,976865354,7,64,64,73,2,2,BLUE,pool_heuristic,1,1,[1],0,75,3,"{""1"": 103, ""2"": 75, ""3"": 59, ""4"": 88}",False,20.0,-28.0,1.0,54.0,58.0,0.145,0.0,0.0,0.0,0.0,0.0,0.0,0.0,0.0,2.0,20.0,16.0,5.0,20.0,0.0,0.0,1.0,3.0,1.0,0.0,0.0,0.0,64.0,73.0,0.6925,0.7619047619047619,0.0292,0.0256,0.17,0.7727272727272727,0.22727272727272727,0.5,0.48333333333333334,1.0,0.4,0.510061919504644,0.0
20260629_202157_89a44e2f,20260629_202157_89a44e2f_g0008,8,976865354,7,64,64,73,2,3,YELLOW,pool_l45_100ms,2,1,[1],0,59,4,"{""1"": 103, ""2"": 75, ""3"": 59, ""4"": 88}",False,8.0,-52.0,5.0,20.0,58.0,0.145,0.0,0.0,0.0,0.0,0.0,0.0,0.0,0.0,2.0,8.0,12.0,9.0,34.0,0.0,1.0,2.0,4.0,2.0,0.0,0.0,0.0,64.0,73.0,0.6925,0.5714285714285714,0.0292,0.0256,0.135,0.6136363636363636,0.38636363636363635,0.2,0.4166666666666667,1.0,0.5,0.384990253411306,0.0
20260629_202157_89a44e2f,20260629_202157_89a44e2f_g0008,8,976865354,7,64,64,73,2,4,GREEN,pool_peer_500ms,3,1,[1],0,88,2,"{""1"": 103, ""2"": 75, ""3"": 59, ""4"": 88}",False,23.0,-22.0,0.0,45.0,58.0,0.145,0.0,0.0,0.0,0.0,0.0,0.0,0.0,0.0,2.0,23.0,17.0,4.0,15.0,0.0,0.0,1.0,3.0,0.0,0.0,0.0,0.0,64.0,73.0,0.6925,0.8095238095238095,0.0292,0.0256,0.1825,0.8295454545454546,0.17045454545454544,0.575,0.55,0.8,0.375,0.4931506849315068,0.0
20260629_202157_89a44e2f,20260629_202157_89a44e2f_g0009,9,1132165153,0,8,8,8,1,1,RED,pool_heuristic,0,3,[3],0,76,3,"{""1"": 76, ""2"": 75, ""3"": 101, ""4"": 96}",False,5.0,-18.0,9.0,0.0,3.0,0.0075,290.0,70.625,284.0,5.0,8.0,22.5,88.5,160.0,1413.0,289.0,2.0,19.0,78.0,1.0,1.0,2.0,6.0,9.0,1.0,1.0,1.0,8.0,8.0,0.1,0.09523809523809523,0.0032,0.0032,0.025,0.11363636363636363,0.8863636363636364,0.125,1.0,1.0,0.19166666666666668,0.2315789473684211,0.0
20260629_202157_89a44e2f,20260629_202157_89a44e2f_g0009,9,1132165153,0,8,8,8,1,2,BLUE,pool_l45_100ms,1,3,[3],0,75,4,"{""1"": 76, ""2"": 75, ""3"": 101, ""4"": 96}",False,5.0,-18.0,9.0,0.0,3.0,0.0075,327.0,76.25,309.5,5.0,8.0,24.0,95.0,177.5,1376.0,314.5,2.0,19.0,78.0,1.0,1.0,2.0,6.0,9.0,1.0,1.0,0.0,8.0,8.0,0.1,0.09523809523809523,0.0032,0.0032,0.025,0.11363636363636363,0.8863636363636364,0.125,1.0,1.0,0.19166666666666668,0.15263157894736834,0.0
20260629_202157_89a44e2f,20260629_202157_89a44e2f_g0009,9,1132165153,0,8,8,8,1,3,YELLOW,pool_peer_500ms,2,3,[3],1,101,1,"{""1"": 76, ""2"": 75, ""3"": 101, ""4"": 96}",False,9.0,-10.0,9.0,0.0,3.0,0.0075,543.0,122.625,488.75,9.0,15.0,41.25,153.5,270.0,1160.0,497.75,2.0,19.0,78.0,1.0,1.0,2.0,6.0,9.0,1.0,0.0,0.0,8.0,8.0,0.1,0.09523809523809523,0.0032,0.0032,0.025,0.11363636363636363,0.8863636363636364,0.225,1.0,1.0,0.15833333333333333,0.23684210526315785,0.0
20260629_202157_89a44e2f,20260629_202157_89a44e2f_g0009,9,1132165153,0,8,8,8,1,4,GREEN,champ_v3,3,3,[3],0,96,2,"{""1"": 76, ""2"": 75, ""3"": 101, ""4"": 96}",False,9.0,-10.0,9.0,0.0,3.0,0.0075,543.0,122.625,488.75,9.0,15.0,41.25,153.5,270.0,1160.0,497.75,2.0,19.0,78.0,1.0,1.0,2.0,6.0,9.0,1.0,0.0,0.0,8.0,8.0,0.1,0.09523809523809523,0.0032,0.0032,0.025,0.11363636363636363,0.8863636363636364,0.225,1.0,1.0,0.15833333333333333,0.23684210526315785,0.0
20260629_202157_89a44e2f,20260629_202157_89a44e2f_g0009,9,1132165153,1,16,16,16,1,1,RED,pool_heuristic,0,3,[3],0,76,3,"{""1"": 76, ""2"": 75, ""3"": 101, ""4"": 96}",False,11.0,-29.0,4.0,0.0,3.0,0.0075,468.0,118.0,455.875,11.0,15.0,42.0,158.5,229.375,2031.0,466.875,4.0,17.0,68.0,1.0,1.0,2.0,6.0,7.0,0.0,1.0,1.0,16.0,16.0,0.2,0.19047619047619047,0.0064,0.0064,0.05,0.22727272727272727,0.7727272727272727,0.275,1.0,1.0,0.33333333333333337,0.4368421052631579,0.0
20260629_202157_89a44e2f,20260629_202157_89a44e2f_g0009,9,1132165153,1,16,16,16,1,2,BLUE,pool_l45_100ms,1,3,[3],0,75,4,"{""1"": 76, ""2"": 75, ""3"": 101, ""4"": 96}",False,9.0,-33.0,6.0,0.0,3.0,0.0075,461.0,108.875,419.125,9.0,15.0,41.25,157.0,196.875,2038.0,428.125,4.0,17.0,68.0,1.0,1.0,2.0,6.0,7.0,1.0,0.0,0.0,16.0,16.0,0.2,0.19047619047619047,0.0064,0.0064,0.05,0.22727272727272727,0.7727272727272727,0.225,1.0,1.0,0.35,0.3263157894736842,0.0
20260629_202157_89a44e2f,20260629_202157_89a44e2f_g0009,9,1132165153,1,16,16,16,1,3,YELLOW,pool_peer_500ms,2,3,[3],1,101,1,"{""1"": 76, ""2"": 75, ""3"": 101, ""4"": 96}",False,16.0,-19.0,0.0,3.0,3.0,0.0075,819.0,203.375,793.375,15.0,27.0,76.5,288.0,386.875,1680.0,809.375,4.0,17.0,68.0,1.0,1.0,2.0,6.0,7.0,1.0,0.0,0.0,16.0,16.0,0.2,0.19047619047619047,0.0064,0.0064,0.05,0.22727272727272727,0.7727272727272727,0.4,1.0,1.0,0.29166666666666663,0.49473684210526314,0.0
20260629_202157_89a44e2f,20260629_202157_89a44e2f_g0009,9,1132165153,1,16,16,16,1,4,GREEN,champ_v3,3,3,[3],0,96,2,"{""1"": 76, ""2"": 75, ""3"": 101, ""4"": 96}",False,15.0,-21.0,1.0,3.0,3.0,0.0075,751.0,187.625,726.625,15.0,26.0,70.5,262.0,353.125,1748.0,741.625,4.0,17.0,68.0,1.0,1.0,2.0,6.0,7.0,1.0,0.0,0.0,16.0,16.0,0.2,0.19047619047619047,0.0064,0.0064,0.05,0.22727272727272727,0.7727272727272727,0.375,1.0,1.0,0.3,0.4894736842105264,0.0
20260629_202157_89a44e2f,20260629_202157_89a44e2f_g0009,9,1132165153,2,24,24,24,1,1,RED,pool_heuristic,0,3,[3],0,76,3,"{""1"": 76, ""2"": 75, ""3"": 101, ""4"": 96}",False,17.0,-36.0,2.0,7.0,6.0,0.015,318.0,89.0,318.25,12.0,14.0,37.5,131.0,123.75,1241.0,335.25,6.0,15.0,58.0,1.0,1.0,2.0,6.0,5.0,0.0,0.0,1.0,24.0,24.0,0.3,0.2857142857142857,0.0096,0.0096,0.075,0.3409090909090909,0.6590909090909091,0.425,1.0,1.0,0.4416666666666667,0.5333333333333333,0.0
20260629_202157_89a44e2f,20260629_202157_89a44e2f_g0009,9,1132165153,2,24,24,24,1,2,BLUE,pool_l45_100ms,1,3,[3],0,75,4,"{""1"": 76, ""2"": 75, ""3"": 101, ""4"": 96}",False,13.0,-44.0,6.0,4.0,6.0,0.015,238.0,67.75,217.375,13.0,16.0,32.25,95.5,60.625,1321.0,230.375,6.0,15.0,58.0,1.0,1.0,2.0,6.0,5.0,0.0,0.0,0.0,24.0,24.0,0.3,0.2857142857142857,0.0096,0.0096,0.075,0.3409090909090909,0.6590909090909091,0.325,1.0,1.0,0.475,0.4,0.0
20260629_202157_89a44e2f,20260629_202157_89a44e2f_g0009,9,1132165153,2,24,24,24,1,3,YELLOW,pool_peer_500ms,2,3,[3],1,101,1,"{""1"": 76, ""2"": 75, ""3"": 101, ""4"": 96}",False,21.0,-28.0,0.0,12.0,6.0,0.015,461.0,132.75,457.125,19.0,27.0,62.25,194.5,154.375,1098.0,478.125,6.0,15.0,58.0,1.0,1.0,2.0,6.0,5.0,0.0,0.0,0.0,24.0,24.0,0.3,0.2857142857142857,0.0096,0.0096,0.075,0.3409090909090909,0.6590909090909091,0.525,1.0,1.0,0.4083333333333333,0.5912280701754387,0.0
20260629_202157_89a44e2f,20260629_202157_89a44e2f_g0009,9,1132165153,2,24,24,24,1,4,GREEN,champ_v3,3,3,[3],0,96,2,"{""1"": 76, ""2"": 75, ""3"": 101, ""4"": 96}",False,19.0,-32.0,0.0,10.0,6.0,0.015,542.0,153.625,561.375,16.0,25.0,69.0,237.0,214.375,1017.0,580.375,6.0,15.0,58.0,1.0,1.0,2.0,6.0,5.0,1.0,0.0,0.0,24.0,24.0,0.3,0.2857142857142857,0.0096,0.0096,0.075,0.3409090909090909,0.6590909090909091,0.475,1.0,1.0,0.425,0.5982456140350877,0.0
20260629_202157_89a44e2f,20260629_202157_89a44e2f_g0009,9,1132165153,3,32,32,32,1,1,RED,pool_heuristic,0,3,[3],0,76,3,"{""1"": 76, ""2"": 75, ""3"": 101, ""4"": 96}",False,22.0,-40.0,2.0,14.0,8.0,0.02,74.0,34.375,71.625,17.0,11.0,15.0,23.0,5.625,749.0,93.625,8.0,13.0,48.0,1.0,1.0,2.0,6.0,3.0,0.0,0.0,0.0,32.0,32.0,0.395,0.38095238095238093,0.0128,0.0128,0.1,0.45454545454545453,0.5454545454545454,0.55,1.0,1.0,0.5166666666666667,0.5210526315789474,0.0
20260629_202157_89a44e2f,20260629_202157_89a44e2f_g0009,9,1132165153,3,32,32,32,1,2,BLUE,pool_l45_100ms,1,3,[3],0,75,4,"{""1"": 76, ""2"": 75, ""3"": 101, ""4"": 96}",False,16.0,-52.0,6.0,9.0,8.0,0.02,113.0,43.125,111.25,15.0,13.0,18.75,49.5,15.0,710.0,127.25,8.0,13.0,48.0,1.0,1.0,2.0,6.0,3.0,0.0,0.0,0.0,32.0,32.0,0.395,0.38095238095238093,0.0128,0.0128,0.1,0.45454545454545453,0.5454545454545454,0.4,1.0,1.0,0.5666666666666667,0.3973684210526316,0.0
20260629_202157_89a44e2f,20260629_202157_89a44e2f_g0009,9,1132165153,3,32,32,32,1,3,YELLOW,pool_peer_500ms,2,3,[3],1,101,1,"{""1"": 76, ""2"": 75, ""3"": 101, ""4"": 96}",False,24.0,-36.0,0.0,22.0,8.0,0.02,252.0,81.75,245.125,19.0,22.0,45.0,98.5,60.625,571.0,269.125,8.0,13.0,49.0,1.0,1.0,2.0,5.0,4.0,0.0,0.0,0.0,32.0,32.0,0.395,0.38095238095238093,0.0128,0.0128,0.0975,0.4431818181818182,0.5568181818181818,0.6,1.0,1.0,0.5,0.5897435897435898,0.0
20260629_202157_89a44e2f,20260629_202157_89a44e2f_g0009,9,1132165153,3,32,32,32,1,4,GREEN,champ_v3,3,3,[3],0,96,2,"{""1"": 76, ""2"": 75, ""3"": 101, ""4"": 96}",False,22.0,-40.0,0.0,15.0,8.0,0.02,384.0,116.5,388.25,19.0,25.0,59.25,165.0,120.0,439.0,410.25,8.0,13.0,49.0,1.0,1.0,2.0,5.0,4.0,1.0,0.0,0.0,32.0,32.0,0.395,0.38095238095238093,0.0128,0.0128,0.0975,0.4431818181818182,0.5568181818181818,0.55,1.0,1.0,0.5166666666666667,0.5991902834008098,0.0
20260629_202157_89a44e2f,20260629_202157_89a44e2f_g0009,9,1132165153,4,40,40,40,1,1,RED,pool_heuristic,0,3,[3],0,76,3,"{""1"": 76, ""2"": 75, ""3"": 101, ""4"": 96}",False,27.0,-38.0,2.0,24.0,10.0,0.025,107.0,46.625,108.625,19.0,14.0,21.75,52.0,1.875,274.0,135.625,10.0,11.0,38.0,1.0,1.0,2.0,6.0,1.0,0.0,0.0,0.0,40.0,40.0,0.49,0.47619047619047616,0.016,0.016,0.125,0.5681818181818182,0.4318181818181818,0.675,1.0,1.0,0.5416666666666667,0.5210526315789474,0.0
20260629_202157_89a44e2f,20260629_202157_89a44e2f_g0009,9,1132165153,4,40,40,40,1,2,BLUE,pool_l45_100ms,1,3,[3],0,75,4,"{""1"": 76, ""2"": 75, ""3"": 101, ""4"": 96}",False,13.0,-66.0,6.0,10.0,10.0,0.025,45.0,22.875,44.625,12.0,8.0,9.0,15.0,0.625,336.0,57.625,10.0,11.0,38.0,1.0,1.0,2.0,6.0,1.0,0.0,0.0,0.0,40.0,40.0,0.49,0.47619047619047616,0.016,0.016,0.125,0.5681818181818182,0.4318181818181818,0.325,0.9833333333333333,1.0,0.6583333333333333,0.39473684210526316,0.0
20260629_202157_89a44e2f,20260629_202157_89a44e2f_g0009,9,1132165153,4,40,40,40,1,3,YELLOW,pool_peer_500ms,2,3,[3],1,101,1,"{""1"": 76, ""2"": 75, ""3"": 101, ""4"": 96}",False,25.0,-42.0,0.0,31.0,10.0,0.025,105.0,48.875,111.0,20.0,18.0,27.75,31.5,13.75,276.0,136.0,10.0,11.0,39.0,1.0,1.0,2.0,5.0,2.0,0.0,0.0,0.0,40.0,40.0,0.49,0.47619047619047616,0.016,0.016,0.1225,0.5568181818181818,0.4431818181818182,0.625,1.0,1.0,0.5583333333333333,0.5445757250268528,0.0
20260629_202157_89a44e2f,20260629_202157_89a44e2f_g0009,9,1132165153,4,40,40,40,1,4,GREEN,champ_v3,3,3,[3],0,96,2,"{""1"": 76, ""2"": 75, ""3"": 101, ""4"": 96}",False,27.0,-38.0,0.0,25.0,10.0,0.025,124.0,55.25,143.25,19.0,18.0,31.5,36.0,38.75,257.0,170.25,10.0,11.0,41.0,1.0,1.0,2.0,3.0,4.0,1.0,0.0,0.0,40.0,40.0,0.49,0.47619047619047616,0.016,0.016,0.1175,0.5340909090909091,0.4659090909090909,0.675,1.0,1.0,0.5416666666666667,0.5823068309070549,0.0
20260629_202157_89a44e2f,20260629_202157_89a44e2f_g0009,9,1132165153,5,48,48,48,1,1,RED,pool_heuristic,0,3,[3],0,76,3,"{""1"": 76, ""2"": 75, ""3"": 101, ""4"": 96}",False,29.0,-31.0,2.0,30.0,23.0,0.0575,42.0,29.75,45.0,20.0,11.0,9.0,5.0,0.0,120.0,74.0,12.0,9.0,29.0,1.0,1.0,2.0,5.0,0.0,0.0,0.0,0.0,48.0,48.0,0.58,0.5714285714285714,0.0192,0.0192,0.1475,0.6704545454545454,0.32954545454545453,0.725,1.0,0.8,0.5,0.48706512042818917,0.0
20260629_202157_89a44e2f,20260629_202157_89a44e2f_g0009,9,1132165153,5,48,48,48,1,2,BLUE,pool_l45_100ms,1,3,[3],0,75,4,"{""1"": 76, ""2"": 75, ""3"": 101, ""4"": 96}",False,10.0,-69.0,6.0,15.0,23.0,0.0575,22.0,13.25,22.0,9.0,3.0,3.0,7.0,0.0,140.0,32.0,12.0,9.0,29.0,1.0,1.0,2.0,5.0,0.0,0.0,0.0,0.0,48.0,48.0,0.58,0.5714285714285714,0.0192,0.0192,0.1475,0.6704545454545454,0.32954545454545453,0.25,0.7333333333333333,0.8,0.6583333333333333,0.376449598572703,0.0
20260629_202157_89a44e2f,20260629_202157_89a44e2f_g0009,9,1132165153,5,48,48,48,1,3,YELLOW,pool_peer_500ms,2,3,[3],1,101,1,"{""1"": 76, ""2"": 75, ""3"": 101, ""4"": 96}",False,27.0,-35.0,0.0,47.0,23.0,0.0575,65.0,39.0,75.0,20.0,15.0,21.0,14.0,5.0,97.0,102.0,12.0,9.0,30.0,1.0,1.0,2.0,4.0,1.0,0.0,0.0,0.0,48.0,48.0,0.58,0.5714285714285714,0.0192,0.0192,0.145,0.6590909090909091,0.3409090909090909,0.675,1.0,1.0,0.5166666666666667,0.574410163339383,0.0
20260629_202157_89a44e2f,20260629_202157_89a44e2f_g0009,9,1132165153,5,48,48,48,1,4,GREEN,champ_v3,3,3,[3],0,96,2,"{""1"": 76, ""2"": 75, ""3"": 101, ""4"": 96}",False,23.0,-43.0,0.0,35.0,23.0,0.0575,33.0,21.5,44.5,11.0,8.0,7.5,8.0,10.0,129.0,67.5,12.0,9.0,32.0,1.0,1.0,2.0,2.0,3.0,1.0,0.0,0.0,48.0,48.0,0.58,0.5714285714285714,0.0192,0.0192,0.14,0.6363636363636364,0.36363636363636365,0.575,1.0,1.0,0.55,0.5845864661654134,0.0
20260629_202157_89a44e2f,20260629_202157_89a44e2f_g0009,9,1132165153,6,56,56,56,1,1,RED,pool_heuristic,0,3,[3],0,76,3,"{""1"": 76, ""2"": 75, ""3"": 101, ""4"": 96}",False,30.0,-29.0,2.0,35.0,31.0,0.0775,5.0,2.125,7.0,0.0,0.0,4.5,2.5,0.0,68.0,37.0,14.0,7.0,26.0,0.0,0.0,2.0,5.0,0.0,0.0,0.0,0.0,56.0,56.0,0.645,0.6666666666666666,0.0224,0.0224,0.155,0.7045454545454546,0.29545454545454547,0.75,1.0,0.8,0.4916666666666667,0.4940577249575552,0.0
20260629_202157_89a44e2f,20260629_202157_89a44e2f_g0009,9,1132165153,6,56,56,56,1,2,BLUE,pool_l45_100ms,1,3,[3],0,75,4,"{""1"": 76, ""2"": 75, ""3"": 101, ""4"": 96}",False,9.0,-71.0,6.0,30.0,31.0,0.0775,7.0,6.5,7.0,6.0,1.0,0.0,0.0,0.0,66.0,16.0,14.0,7.0,21.0,1.0,1.0,2.0,3.0,0.0,0.0,0.0,0.0,56.0,56.0,0.645,0.6666666666666666,0.0224,0.0224,0.1675,0.7613636363636364,0.23863636363636365,0.225,0.4666666666666667,0.8,0.6666666666666667,0.35978004713275735,0.0
20260629_202157_89a44e2f,20260629_202157_89a44e2f_g0009,9,1132165153,6,56,56,56,1,3,YELLOW,pool_peer_500ms,2,3,[3],1,101,1,"{""1"": 76, ""2"": 75, ""3"": 101, ""4"": 96}",False,28.0,-33.0,0.0,57.0,31.0,0.0775,36.0,26.75,44.5,17.0,10.0,6.0,9.0,2.5,37.0,72.5,14.0,7.0,23.0,1.0,1.0,1.0,3.0,1.0,0.0,0.0,0.0,56.0,56.0,0.645,0.6666666666666666,0.0224,0.0224,0.1625,0.7386363636363636,0.26136363636363635,0.7,1.0,1.0,0.5083333333333333,0.5789473684210527,0.0
20260629_202157_89a44e2f,20260629_202157_89a44e2f_g0009,9,1132165153,6,56,56,56,1,4,GREEN,champ_v3,3,3,[3],0,96,2,"{""1"": 76, ""2"": 75, ""3"": 101, ""4"": 96}",False,22.0,-45.0,0.0,47.0,31.0,0.0775,25.0,17.5,34.0,10.0,6.0,4.5,6.0,7.5,48.0,56.0,14.0,7.0,24.0,1.0,1.0,1.0,2.0,2.0,1.0,0.0,0.0,56.0,56.0,0.645,0.6666666666666666,0.0224,0.0224,0.16,0.7272727272727273,0.2727272727272727,0.55,0.9833333333333333,1.0,0.5583333333333333,0.580592105263158,0.0
20260629_202157_89a44e2f,20260629_202157_89a44e2f_g0009,9,1132165153,7,64,64,64,1,1,RED,pool_heuristic,0,3,[3],0,76,3,"{""1"": 76, ""2"": 75, ""3"": 101, ""4"": 96}",False,29.0,-23.0,2.0,49.0,41.0,0.1025,0.0,0.0,0.0,0.0,0.0,0.0,0.0,0.0,34.0,29.0,16.0,5.0,19.0,0.0,0.0,1.0,4.0,0.0,0.0,0.0,0.0,64.0,64.0,0.71,0.7619047619047619,0.0256,0.0256,0.1725,0.7840909090909091,0.2159090909090909,0.725,0.7666666666666667,0.8,0.4333333333333333,0.479023646071701,0.0
20260629_202157_89a44e2f,20260629_202157_89a44e2f_g0009,9,1132165153,7,64,64,64,1,2,BLUE,pool_l45_100ms,1,3,[3],0,75,4,"{""1"": 76, ""2"": 75, ""3"": 101, ""4"": 96}",False,7.0,-67.0,6.0,38.0,41.0,0.1025,0.0,0.0,0.0,0.0,0.0,0.0,0.0,0.0,34.0,7.0,16.0,5.0,18.0,0.0,0.0,2.0,3.0,0.0,0.0,0.0,0.0,64.0,64.0,0.71,0.7619047619047619,0.0256,0.0256,0.175,0.7954545454545454,0.20454545454545456,0.175,0.2,0.8,0.6166666666666667,0.3526315789473684,0.0
20260629_202157_89a44e2f,20260629_202157_89a44e2f_g0009,9,1132165153,7,64,64,64,1,3,YELLOW,pool_peer_500ms,2,3,[3],1,101,1,"{""1"": 76, ""2"": 75, ""3"": 101, ""4"": 96}",False,29.0,-23.0,0.0,64.0,41.0,0.1025,25.0,21.0,25.5,17.0,7.0,1.5,0.0,0.0,9.0,54.5,16.0,5.0,14.0,1.0,1.0,1.0,2.0,0.0,0.0,0.0,0.0,64.0,64.0,0.71,0.7619047619047619,0.0256,0.0256,0.185,0.8409090909090909,0.1590909090909091,0.725,0.95,0.8,0.4333333333333333,0.5547652916073968,0.0
20260629_202157_89a44e2f,20260629_202157_89a44e2f_g0009,9,1132165153,7,64,64,64,1,4,GREEN,champ_v3,3,3,[3],0,96,2,"{""1"": 76, ""2"": 75, ""3"": 101, ""4"": 96}",False,16.0,-49.0,0.0,56.0,41.0,0.1025,9.0,8.0,10.5,7.0,0.0,1.5,2.0,0.0,25.0,26.5,16.0,5.0,17.0,1.0,0.0,1.0,2.0,1.0,1.0,0.0,0.0,64.0,64.0,0.71,0.7619047619047619,0.0256,0.0256,0.1775,0.8068181818181818,0.19318181818181818,0.4,0.5833333333333334,1.0,0.5416666666666667,0.5596738324684951,0.0
20260629_202157_89a44e2f,20260629_202157_89a44e2f_g0010,10,1454291970,0,8,8,8,1,1,RED,pool_l45_100ms,0,2,[2],0,80,3,"{""1"": 80, ""2"": 122, ""3"": 74, ""4"": 82}",False,6.0,-17.0,9.0,0.0,1.0,0.0025,388.0,90.5,366.25,6.0,10.0,28.5,113.0,208.75,1375.0,372.25,2.0,19.0,78.0,1.0,1.0,2.0,6.0,9.0,1.0,1.0,0.0,8.0,8.0,0.1,0.09523809523809523,0.0032,0.0032,0.025,0.11363636363636363,0.8863636363636364,0.15,1.0,1.0,0.19166666666666668,0.20526315789473681,0.0
20260629_202157_89a44e2f,20260629_202157_89a44e2f_g0010,10,1454291970,0,8,8,8,1,2,BLUE,pool_peer_500ms,1,2,[2],1,122,1,"{""1"": 80, ""2"": 122, ""3"": 74, ""4"": 82}",False,9.0,-11.0,9.0,0.0,1.0,0.0025,543.0,122.625,488.75,9.0,15.0,41.25,153.5,270.0,1220.0,497.75,2.0,19.0,78.0,1.0,1.0,2.0,6.0,9.0,1.0,0.0,0.0,8.0,8.0,0.1,0.09523809523809523,0.0032,0.0032,0.025,0.11363636363636363,0.8863636363636364,0.225,1.0,1.0,0.16666666666666669,0.23684210526315785,0.0
20260629_202157_89a44e2f,20260629_202157_89a44e2f_g0010,10,1454291970,0,8,8,8,1,3,YELLOW,champ_v3,2,2,[2],0,74,4,"{""1"": 80, ""2"": 122, ""3"": 74, ""4"": 82}",False,9.0,-11.0,9.0,0.0,1.0,0.0025,543.0,122.625,488.75,9.0,15.0,41.25,153.5,270.0,1220.0,497.75,2.0,19.0,78.0,1.0,1.0,2.0,6.0,9.0,1.0,0.0,0.0,8.0,8.0,0.1,0.09523809523809523,0.0032,0.0032,0.025,0.11363636363636363,0.8863636363636364,0.225,1.0,1.0,0.16666666666666669,0.23684210526315785,0.0
20260629_202157_89a44e2f,20260629_202157_89a44e2f_g0010,10,1454291970,0,8,8,8,1,4,GREEN,pool_heuristic,3,2,[2],0,82,2,"{""1"": 80, ""2"": 122, ""3"": 74, ""4"": 82}",False,5.0,-19.0,9.0,0.0,1.0,0.0025,289.0,70.0,282.0,5.0,8.0,21.75,86.0,161.25,1474.0,287.0,2.0,19.0,78.0,1.0,1.0,2.0,6.0,9.0,0.0,1.0,1.0,8.0,8.0,0.1,0.09523809523809523,0.0032,0.0032,0.025,0.11363636363636363,0.8863636363636364,0.125,1.0,1.0,0.2,0.25263157894736843,0.0
20260629_202157_89a44e2f,20260629_202157_89a44e2f_g0010,10,1454291970,1,16,16,16,1,1,RED,pool_l45_100ms,0,2,[2],0,80,3,"{""1"": 80, ""2"": 122, ""3"": 74, ""4"": 82}",False,10.0,-31.0,7.0,0.0,1.0,0.0025,525.0,121.75,469.25,10.0,17.0,45.0,176.0,221.25,1886.0,479.25,4.0,17.0,68.0,1.0,1.0,2.0,6.0,7.0,1.0,0.0,0.0,16.0,16.0,0.2,0.19047619047619047,0.0064,0.0064,0.05,0.22727272727272727,0.7727272727272727,0.25,1.0,1.0,0.3416666666666667,0.3236842105263158,0.0
20260629_202157_89a44e2f,20260629_202157_89a44e2f_g0010,10,1454291970,1,16,16,16,1,2,BLUE,pool_peer_500ms,1,2,[2],1,122,1,"{""1"": 80, ""2"": 122, ""3"": 74, ""4"": 82}",False,16.0,-19.0,0.0,0.0,1.0,0.0025,842.0,211.0,817.875,16.0,29.0,82.5,298.5,391.875,1569.0,833.875,4.0,17.0,68.0,1.0,1.0,2.0,6.0,7.0,1.0,0.0,0.0,16.0,16.0,0.2,0.19047619047619047,0.0064,0.0064,0.05,0.22727272727272727,0.7727272727272727,0.4,1.0,1.0,0.29166666666666663,0.49473684210526314,0.0
20260629_202157_89a44e2f,20260629_202157_89a44e2f_g0010,10,1454291970,1,16,16,16,1,3,YELLOW,champ_v3,2,2,[2],0,74,4,"{""1"": 80, ""2"": 122, ""3"": 74, ""4"": 82}",False,14.0,-23.0,2.0,2.0,1.0,0.0025,636.0,154.125,586.375,14.0,23.0,60.0,215.0,274.375,1775.0,600.375,4.0,17.0,68.0,1.0,1.0,2.0,6.0,7.0,1.0,0.0,0.0,16.0,16.0,0.2,0.19047619047619047,0.0064,0.0064,0.05,0.22727272727272727,0.7727272727272727,0.35,1.0,1.0,0.30833333333333335,0.4631578947368421,0.0
20260629_202157_89a44e2f,20260629_202157_89a44e2f_g0010,10,1454291970,1,16,16,16,1,4,GREEN,pool_heuristic,3,2,[2],0,82,2,"{""1"": 80, ""2"": 122, ""3"": 74, ""4"": 82}",False,11.0,-29.0,5.0,2.0,1.0,0.0025,408.0,105.5,405.375,10.0,14.0,39.0,140.5,201.875,2003.0,416.375,4.0,17.0,68.0,1.0,1.0,2.0,6.0,7.0,0.0,1.0,1.0,16.0,16.0,0.2,0.19047619047619047,0.0064,0.0064,0.05,0.22727272727272727,0.7727272727272727,0.275,1.0,1.0,0.33333333333333337,0.40526315789473677,0.0
20260629_202157_89a44e2f,20260629_202157_89a44e2f_g0010,10,1454291970,2,24,24,24,1,1,RED,pool_l45_100ms,0,2,[2],0,80,3,"{""1"": 80, ""2"": 122, ""3"": 74, ""4"": 82}",False,15.0,-38.0,4.0,2.0,3.0,0.0075,330.0,86.25,295.5,13.0,17.0,39.75,127.0,98.75,1109.0,310.5,6.0,15.0,58.0,1.0,1.0,2.0,6.0,5.0,0.0,0.0,0.0,24.0,24.0,0.3,0.2857142857142857,0.0096,0.0096,0.075,0.3409090909090909,0.6590909090909091,0.375,1.0,1.0,0.4416666666666667,0.4035087719298245,0.0
20260629_202157_89a44e2f,20260629_202157_89a44e2f_g0010,10,1454291970,2,24,24,24,1,2,BLUE,pool_peer_500ms,1,2,[2],1,122,1,"{""1"": 80, ""2"": 122, ""3"": 74, ""4"": 82}",False,21.0,-26.0,0.0,8.0,3.0,0.0075,554.0,155.5,554.0,19.0,28.0,70.5,234.0,202.5,885.0,575.0,6.0,15.0,58.0,1.0,1.0,2.0,6.0,5.0,0.0,0.0,0.0,24.0,24.0,0.3,0.2857142857142857,0.0096,0.0096,0.075,0.3409090909090909,0.6590909090909091,0.525,1.0,1.0,0.39166666666666666,0.5964912280701754,0.0
20260629_202157_89a44e2f,20260629_202157_89a44e2f_g0010,10,1454291970,2,24,24,24,1,3,YELLOW,champ_v3,2,2,[2],0,74,4,"{""1"": 80, ""2"": 122, ""3"": 74, ""4"": 82}",False,16.0,-36.0,2.0,8.0,3.0,0.0075,401.0,107.25,370.5,14.0,23.0,51.75,163.0,118.75,1038.0,386.5,6.0,15.0,58.0,1.0,1.0,2.0,6.0,5.0,1.0,0.0,0.0,24.0,24.0,0.3,0.2857142857142857,0.0096,0.0096,0.075,0.3409090909090909,0.6590909090909091,0.4,1.0,1.0,0.4333333333333333,0.5403508771929826,0.0
20260629_202157_89a44e2f,20260629_202157_89a44e2f_g0010,10,1454291970,2,24,24,24,1,4,GREEN,pool_heuristic,3,2,[2],0,82,2,"{""1"": 80, ""2"": 122, ""3"": 74, ""4"": 82}",False,16.0,-36.0,5.0,2.0,3.0,0.0075,154.0,56.875,161.125,15.0,17.0,32.25,65.0,31.875,1285.0,177.125,6.0,15.0,58.0,1.0,1.0,2.0,6.0,5.0,0.0,1.0,1.0,24.0,24.0,0.3,0.2857142857142857,0.0096,0.0096,0.075,0.3409090909090909,0.6590909090909091,0.4,1.0,1.0,0.4333333333333333,0.4403508771929825,0.0
20260629_202157_89a44e2f,20260629_202157_89a44e2f_g0010,10,1454291970,3,32,32,32,1,1,RED,pool_l45_100ms,0,2,[2],0,80,3,"{""1"": 80, ""2"": 122, ""3"": 74, ""4"": 82}",False,17.0,-46.0,4.0,6.0,6.0,0.015,191.0,60.875,184.5,14.0,13.0,31.5,93.5,32.5,543.0,201.5,8.0,13.0,48.0,1.0,1.0,2.0,6.0,3.0,0.0,0.0,0.0,32.0,32.0,0.395,0.38095238095238093,0.0128,0.0128,0.1,0.45454545454545453,0.5454545454545454,0.425,1.0,1.0,0.525,0.4565789473684211,0.0
20260629_202157_89a44e2f,20260629_202157_89a44e2f_g0010,10,1454291970,3,32,32,32,1,2,BLUE,pool_peer_500ms,1,2,[2],1,122,1,"{""1"": 80, ""2"": 122, ""3"": 74, ""4"": 82}",False,26.0,-28.0,0.0,18.0,6.0,0.015,279.0,96.625,290.125,22.0,27.0,56.25,108.0,76.875,455.0,316.125,8.0,13.0,49.0,1.0,1.0,2.0,5.0,4.0,0.0,0.0,0.0,32.0,32.0,0.395,0.38095238095238093,0.0128,0.0128,0.0975,0.4431818181818182,0.5568181818181818,0.65,1.0,1.0,0.45,0.5951417004048583,0.0
20260629_202157_89a44e2f,20260629_202157_89a44e2f_g0010,10,1454291970,3,32,32,32,1,3,YELLOW,champ_v3,2,2,[2],0,74,4,"{""1"": 80, ""2"": 122, ""3"": 74, ""4"": 82}",False,19.0,-42.0,2.0,18.0,6.0,0.015,128.0,47.25,124.75,14.0,17.0,28.5,44.0,21.25,606.0,143.75,8.0,13.0,49.0,1.0,1.0,2.0,5.0,4.0,0.0,0.0,0.0,32.0,32.0,0.395,0.38095238095238093,0.0128,0.0128,0.0975,0.4431818181818182,0.5568181818181818,0.475,1.0,1.0,0.5083333333333333,0.5263157894736843,0.0
20260629_202157_89a44e2f,20260629_202157_89a44e2f_g0010,10,1454291970,3,32,32,32,1,4,GREEN,pool_heuristic,3,2,[2],0,82,2,"{""1"": 80, ""2"": 122, ""3"": 74, ""4"": 82}",False,18.0,-44.0,3.0,9.0,6.0,0.015,136.0,53.25,141.125,17.0,15.0,27.75,64.5,16.875,598.0,159.125,8.0,13.0,48.0,1.0,1.0,2.0,6.0,3.0,0.0,0.0,0.0,32.0,32.0,0.395,0.38095238095238093,0.0128,0.0128,0.1,0.45454545454545453,0.5454545454545454,0.45,1.0,1.0,0.5166666666666667,0.46842105263157896,0.0
20260629_202157_89a44e2f,20260629_202157_89a44e2f_g0010,10,1454291970,4,40,40,40,1,1,RED,pool_l45_100ms,0,2,[2],0,80,3,"{""1"": 80, ""2"": 122, ""3"": 74, ""4"": 82}",False,18.0,-53.0,4.0,13.0,13.0,0.0325,62.0,28.625,62.75,13.0,9.0,12.75,25.5,2.5,306.0,80.75,10.0,11.0,38.0,1.0,1.0,2.0,6.0,1.0,0.0,0.0,0.0,40.0,40.0,0.485,0.47619047619047616,0.016,0.016,0.125,0.5681818181818182,0.4318181818181818,0.45,1.0,1.0,0.5916666666666667,0.44842105263157894,0.0
20260629_202157_89a44e2f,20260629_202157_89a44e2f_g0010,10,1454291970,4,40,40,40,1,2,BLUE,pool_peer_500ms,1,2,[2],1,122,1,"{""1"": 80, ""2"": 122, ""3"": 74, ""4"": 82}",False,31.0,-27.0,0.0,29.0,13.0,0.0325,129.0,58.5,139.0,22.0,20.0,35.25,48.0,13.75,239.0,170.0,10.0,11.0,39.0,1.0,1.0,2.0,5.0,2.0,0.0,0.0,0.0,40.0,40.0,0.485,0.47619047619047616,0.016,0.016,0.1225,0.5568181818181818,0.4431818181818182,0.775,1.0,1.0,0.4833333333333333,0.5853920515574651,0.0
20260629_202157_89a44e2f,20260629_202157_89a44e2f_g0010,10,1454291970,4,40,40,40,1,3,YELLOW,champ_v3,2,2,[2],0,74,4,"{""1"": 80, ""2"": 122, ""3"": 74, ""4"": 82}",False,19.0,-51.0,2.0,23.0,13.0,0.0325,85.0,32.875,75.375,14.0,13.0,11.25,24.0,13.125,283.0,94.375,10.0,11.0,42.0,1.0,1.0,1.0,4.0,4.0,0.0,0.0,0.0,40.0,40.0,0.485,0.47619047619047616,0.016,0.016,0.115,0.5227272727272727,0.4772727272727273,0.475,1.0,1.0,0.5833333333333333,0.505720823798627,0.0
20260629_202157_89a44e2f,20260629_202157_89a44e2f_g0010,10,1454291970,4,40,40,40,1,4,GREEN,pool_heuristic,3,2,[2],0,82,2,"{""1"": 80, ""2"": 122, ""3"": 74, ""4"": 82}",False,21.0,-47.0,0.0,20.0,13.0,0.0325,92.0,42.375,98.375,18.0,12.0,21.75,36.0,10.625,276.0,119.375,10.0,11.0,39.0,1.0,1.0,2.0,5.0,2.0,0.0,0.0,0.0,40.0,40.0,0.485,0.47619047619047616,0.016,0.016,0.1225,0.5568181818181818,0.4431818181818182,0.525,1.0,1.0,0.5666666666666667,0.5370569280343716,0.0
20260629_202157_89a44e2f,20260629_202157_89a44e2f_g0010,10,1454291970,5,48,48,48,1,1,RED,pool_l45_100ms,0,2,[2],0,80,3,"{""1"": 80, ""2"": 122, ""3"": 74, ""4"": 82}",False,17.0,-51.0,4.0,23.0,18.0,0.045,39.0,20.625,41.25,10.0,8.0,9.75,13.5,0.0,129.0,58.25,12.0,9.0,29.0,1.0,1.0,2.0,5.0,0.0,0.0,0.0,0.0,48.0,48.0,0.5725,0.5714285714285714,0.0192,0.0192,0.1475,0.6704545454545454,0.32954545454545453,0.425,1.0,0.8,0.5666666666666667,0.4228367528991971,0.0
20260629_202157_89a44e2f,20260629_202157_89a44e2f_g0010,10,1454291970,5,48,48,48,1,2,BLUE,pool_peer_500ms,1,2,[2],1,122,1,"{""1"": 80, ""2"": 122, ""3"": 74, ""4"": 82}",False,34.0,-17.0,0.0,38.0,18.0,0.045,98.0,54.75,119.0,24.0,20.0,33.0,27.0,15.0,70.0,153.0,12.0,9.0,31.0,1.0,1.0,2.0,3.0,2.0,0.0,0.0,0.0,48.0,48.0,0.5725,0.5714285714285714,0.0192,0.0192,0.1425,0.6477272727272727,0.3522727272727273,0.85,1.0,1.0,0.425,0.577100646352724,0.0
20260629_202157_89a44e2f,20260629_202157_89a44e2f_g0010,10,1454291970,5,48,48,48,1,3,YELLOW,champ_v3,2,2,[2],0,74,4,"{""1"": 80, ""2"": 122, ""3"": 74, ""4"": 82}",False,13.0,-59.0,2.0,31.0,18.0,0.045,13.0,9.75,12.5,8.0,2.0,1.5,1.0,0.0,155.0,25.5,12.0,9.0,32.0,1.0,1.0,1.0,4.0,2.0,0.0,0.0,0.0,48.0,48.0,0.5725,0.5714285714285714,0.0192,0.0192,0.14,0.6363636363636364,0.36363636363636365,0.325,0.9833333333333333,1.0,0.6,0.46240601503759404,0.0
20260629_202157_89a44e2f,20260629_202157_89a44e2f_g0010,10,1454291970,5,48,48,48,1,4,GREEN,pool_heuristic,3,2,[2],0,82,2,"{""1"": 80, ""2"": 122, ""3"": 74, ""4"": 82}",False,21.0,-43.0,0.0,28.0,18.0,0.045,18.0,16.75,17.75,16.0,1.0,0.75,0.0,0.0,150.0,38.75,12.0,9.0,31.0,1.0,1.0,2.0,3.0,2.0,0.0,0.0,0.0,48.0,48.0,0.5725,0.5714285714285714,0.0192,0.0192,0.1425,0.6477272727272727,0.3522727272727273,0.525,1.0,1.0,0.5333333333333333,0.5281625115420129,0.0
20260629_202157_89a44e2f,20260629_202157_89a44e2f_g0010,10,1454291970,6,56,56,56,1,1,RED,pool_l45_100ms,0,2,[2],0,80,3,"{""1"": 80, ""2"": 122, ""3"": 74, ""4"": 82}",False,15.0,-53.0,2.0,32.0,21.0,0.0525,11.0,8.75,10.75,7.0,3.0,0.75,0.0,0.0,73.0,25.75,14.0,7.0,21.0,1.0,1.0,2.0,3.0,0.0,0.0,0.0,0.0,56.0,56.0,0.64,0.6666666666666666,0.0224,0.0224,0.1675,0.7613636363636364,0.23863636363636365,0.375,0.9,0.8,0.5666666666666667,0.4336213668499608,0.0
20260629_202157_89a44e2f,20260629_202157_89a44e2f_g0010,10,1454291970,6,56,56,56,1,2,BLUE,pool_peer_500ms,1,2,[2],1,122,1,"{""1"": 80, ""2"": 122, ""3"": 74, ""4"": 82}",False,34.0,-15.0,0.0,51.0,21.0,0.0525,59.0,36.5,65.0,20.0,15.0,18.0,12.0,0.0,25.0,99.0,14.0,7.0,21.0,1.0,1.0,2.0,3.0,0.0,0.0,0.0,0.0,56.0,56.0,0.64,0.6666666666666666,0.0224,0.0224,0.1675,0.7613636363636364,0.23863636363636365,0.85,1.0,0.8,0.4083333333333333,0.5365278868813825,0.0
20260629_202157_89a44e2f,20260629_202157_89a44e2f_g0010,10,1454291970,6,56,56,56,1,3,YELLOW,champ_v3,2,2,[2],0,74,4,"{""1"": 80, ""2"": 122, ""3"": 74, ""4"": 82}",False,12.0,-59.0,2.0,37.0,21.0,0.0525,5.0,2.25,7.25,0.0,2.0,0.75,2.0,2.5,79.0,19.25,14.0,7.0,27.0,0.0,1.0,1.0,3.0,2.0,0.0,0.0,0.0,56.0,56.0,0.64,0.6666666666666666,0.0224,0.0224,0.1525,0.6931818181818182,0.3068181818181818,0.3,0.8,1.0,0.5916666666666667,0.43830888697152715,0.0
20260629_202157_89a44e2f,20260629_202157_89a44e2f_g0010,10,1454291970,6,56,56,56,1,4,GREEN,pool_heuristic,3,2,[2],0,82,2,"{""1"": 80, ""2"": 122, ""3"": 74, ""4"": 82}",False,22.0,-39.0,0.0,35.0,21.0,0.0525,9.0,4.75,14.5,0.0,4.0,1.5,9.0,0.0,75.0,36.5,14.0,7.0,27.0,0.0,1.0,1.0,3.0,2.0,0.0,0.0,0.0,56.0,56.0,0.64,0.6666666666666666,0.0224,0.0224,0.1525,0.6931818181818182,0.3068181818181818,0.55,0.9333333333333333,1.0,0.5083333333333333,0.5280414150129422,0.0
20260629_202157_89a44e2f,20260629_202157_89a44e2f_g0010,10,1454291970,7,64,64,64,1,1,RED,pool_l45_100ms,0,2,[2],0,80,3,"{""1"": 80, ""2"": 122, ""3"": 74, ""4"": 82}",False,12.0,-53.0,2.0,38.0,30.0,0.075,4.0,4.0,4.0,4.0,0.0,0.0,0.0,0.0,46.0,16.0,16.0,5.0,16.0,1.0,0.0,1.0,3.0,0.0,0.0,0.0,0.0,64.0,64.0,0.7125,0.7619047619047619,0.0256,0.0256,0.18,0.8181818181818182,0.18181818181818182,0.3,0.3,0.8,0.5416666666666667,0.42690058479532167,0.0
20260629_202157_89a44e2f,20260629_202157_89a44e2f_g0010,10,1454291970,7,64,64,64,1,2,BLUE,pool_peer_500ms,1,2,[2],1,122,1,"{""1"": 80, ""2"": 122, ""3"": 74, ""4"": 82}",False,36.0,-5.0,0.0,64.0,30.0,0.075,46.0,32.0,47.5,21.0,13.0,13.5,0.0,0.0,4.0,83.5,16.0,5.0,13.0,1.0,1.0,2.0,1.0,0.0,0.0,0.0,0.0,64.0,64.0,0.7125,0.7619047619047619,0.0256,0.0256,0.1875,0.8522727272727273,0.14772727272727273,0.9,0.95,0.8,0.3416666666666667,0.5368421052631578,0.0
20260629_202157_89a44e2f,20260629_202157_89a44e2f_g0010,10,1454291970,7,64,64,64,1,3,YELLOW,champ_v3,2,2,[2],0,74,4,"{""1"": 80, ""2"": 122, ""3"": 74, ""4"": 82}",False,8.0,-61.0,2.0,44.0,30.0,0.075,0.0,0.0,0.0,0.0,0.0,0.0,0.0,0.0,50.0,8.0,16.0,5.0,19.0,0.0,1.0,0.0,3.0,1.0,0.0,0.0,0.0,64.0,64.0,0.7125,0.7619047619047619,0.0256,0.0256,0.1725,0.7840909090909091,0.2159090909090909,0.2,0.4166666666666667,1.0,0.575,0.4462242562929062,0.0
20260629_202157_89a44e2f,20260629_202157_89a44e2f_g0010,10,1454291970,7,64,64,64,1,4,GREEN,pool_heuristic,3,2,[2],0,82,2,"{""1"": 80, ""2"": 122, ""3"": 74, ""4"": 82}",False,21.0,-35.0,0.0,54.0,30.0,0.075,0.0,0.0,0.0,0.0,0.0,0.0,0.0,0.0,50.0,21.0,16.0,5.0,19.0,0.0,1.0,1.0,1.0,2.0,0.0,0.0,0.0,64.0,64.0,0.7125,0.7619047619047619,0.0256,0.0256,0.1725,0.7840909090909091,0.2159090909090909,0.525,0.6,1.0,0.4666666666666667,0.5308924485125859,0.0
20260629_202157_89a44e2f,20260629_202157_89a44e2f_g0011,11,943168173,0,8,8,8,1,1,RED,pool_peer_500ms,0,2,[2],0,92,2,"{""1"": 92, ""2"": 103, ""3"": 72, ""4"": 75}",False,9.0,-13.0,9.0,0.0,0.0,0.0,543.0,122.625,488.75,9.0,15.0,41.25,153.5,270.0,1407.0,497.75,2.0,19.0,78.0,1.0,1.0,2.0,6.0,9.0,1.0,0.0,0.0,8.0,8.0,0.1,0.09523809523809523,0.0032,0.0032,0.025,0.11363636363636363,0.8863636363636364,0.225,1.0,1.0,0.18333333333333332,0.23684210526315785,0.0
20260629_202157_89a44e2f,20260629_202157_89a44e2f_g0011,11,943168173,0,8,8,8,1,2,BLUE,champ_v3,1,2,[2],1,103,1,"{""1"": 92, ""2"": 103, ""3"": 72, ""4"": 75}",False,9.0,-13.0,9.0,0.0,0.0,0.0,543.0,122.625,488.75,9.0,15.0,41.25,153.5,270.0,1407.0,497.75,2.0,19.0,78.0,1.0,1.0,2.0,6.0,9.0,1.0,0.0,0.0,8.0,8.0,0.1,0.09523809523809523,0.0032,0.0032,0.025,0.11363636363636363,0.8863636363636364,0.225,1.0,1.0,0.18333333333333332,0.23684210526315785,0.0
20260629_202157_89a44e2f,20260629_202157_89a44e2f_g0011,11,943168173,0,8,8,8,1,3,YELLOW,pool_heuristic,2,2,[2],0,72,4,"{""1"": 92, ""2"": 103, ""3"": 72, ""4"": 75}",False,6.0,-19.0,8.0,0.0,0.0,0.0,420.0,105.625,432.875,6.0,11.0,32.25,133.0,250.625,1530.0,438.875,2.0,19.0,78.0,1.0,1.0,2.0,6.0,9.0,1.0,1.0,1.0,8.0,8.0,0.1,0.09523809523809523,0.0032,0.0032,0.025,0.11363636363636363,0.8863636363636364,0.15,1.0,1.0,0.20833333333333334,0.26315789473684215,0.0
20260629_202157_89a44e2f,20260629_202157_89a44e2f_g0011,11,943168173,0,8,8,8,1,4,GREEN,pool_l45_100ms,3,2,[2],0,75,3,"{""1"": 92, ""2"": 103, ""3"": 72, ""4"": 75}",False,7.0,-17.0,9.0,0.0,0.0,0.0,444.0,103.25,415.125,7.0,12.0,33.75,130.5,231.875,1506.0,422.125,2.0,19.0,78.0,1.0,1.0,2.0,6.0,9.0,1.0,1.0,0.0,8.0,8.0,0.1,0.09523809523809523,0.0032,0.0032,0.025,0.11363636363636363,0.8863636363636364,0.175,1.0,1.0,0.2,0.20526315789473681,0.0
20260629_202157_89a44e2f,20260629_202157_89a44e2f_g0011,11,943168173,1,16,16,16,1,1,RED,pool_peer_500ms,0,2,[2],0,92,2,"{""1"": 92, ""2"": 103, ""3"": 72, ""4"": 75}",False,16.0,-22.0,0.0,1.0,4.0,0.01,708.0,177.25,686.875,14.0,24.0,67.5,249.5,331.875,1802.0,702.875,4.0,17.0,68.0,1.0,1.0,2.0,6.0,7.0,1.0,0.0,0.0,16.0,16.0,0.2,0.19047619047619047,0.0064,0.0064,0.05,0.22727272727272727,0.7727272727272727,0.4,1.0,1.0,0.31666666666666665,0.49473684210526314,0.0
20260629_202157_89a44e2f,20260629_202157_89a44e2f_g0011,11,943168173,1,16,16,16,1,2,BLUE,champ_v3,1,2,[2],1,103,1,"{""1"": 92, ""2"": 103, ""3"": 72, ""4"": 75}",False,15.0,-24.0,1.0,2.0,4.0,0.01,741.0,178.75,685.75,15.0,26.0,69.0,252.0,323.75,1769.0,700.75,4.0,17.0,68.0,1.0,1.0,2.0,6.0,7.0,0.0,0.0,0.0,16.0,16.0,0.2,0.19047619047619047,0.0064,0.0064,0.05,0.22727272727272727,0.7727272727272727,0.375,1.0,1.0,0.325,0.48684210526315785,0.0
20260629_202157_89a44e2f,20260629_202157_89a44e2f_g0011,11,943168173,1,16,16,16,1,3,YELLOW,pool_heuristic,2,2,[2],0,72,4,"{""1"": 92, ""2"": 103, ""3"": 72, ""4"": 75}",False,13.0,-28.0,2.0,1.0,4.0,0.01,587.0,150.125,581.25,12.0,20.0,56.25,215.5,277.5,1923.0,594.25,4.0,17.0,68.0,1.0,1.0,2.0,6.0,7.0,0.0,0.0,1.0,16.0,16.0,0.2,0.19047619047619047,0.0064,0.0064,0.05,0.22727272727272727,0.7727272727272727,0.325,1.0,1.0,0.3416666666666667,0.5,0.0
20260629_202157_89a44e2f,20260629_202157_89a44e2f_g0011,11,943168173,1,16,16,16,1,4,GREEN,pool_l45_100ms,3,2,[2],0,75,3,"{""1"": 92, ""2"": 103, ""3"": 72, ""4"": 75}",False,10.0,-34.0,7.0,0.0,4.0,0.01,474.0,111.625,423.875,10.0,17.0,43.5,159.0,194.375,2036.0,433.875,4.0,17.0,68.0,1.0,1.0,2.0,6.0,7.0,1.0,0.0,0.0,16.0,16.0,0.2,0.19047619047619047,0.0064,0.0064,0.05,0.22727272727272727,0.7727272727272727,0.25,1.0,1.0,0.36666666666666664,0.3131578947368421,0.0
20260629_202157_89a44e2f,20260629_202157_89a44e2f_g0011,11,943168173,2,24,24,24,1,1,RED,pool_peer_500ms,0,2,[2],0,92,2,"{""1"": 92, ""2"": 103, ""3"": 72, ""4"": 75}",False,20.0,-34.0,0.0,8.0,7.0,0.0175,552.0,144.75,515.125,18.0,25.0,66.0,220.5,185.625,1090.0,535.125,6.0,15.0,58.0,1.0,1.0,2.0,6.0,5.0,0.0,0.0,0.0,24.0,24.0,0.3,0.2857142857142857,0.0096,0.0096,0.075,0.3409090909090909,0.6590909090909091,0.5,1.0,1.0,0.45,0.5807017543859649,0.0
20260629_202157_89a44e2f,20260629_202157_89a44e2f_g0011,11,943168173,2,24,24,24,1,2,BLUE,champ_v3,1,2,[2],1,103,1,"{""1"": 92, ""2"": 103, ""3"": 72, ""4"": 75}",False,21.0,-32.0,1.0,12.0,7.0,0.0175,396.0,111.75,388.0,16.0,21.0,50.25,167.0,133.75,1246.0,409.0,6.0,15.0,58.0,1.0,1.0,2.0,6.0,5.0,0.0,0.0,0.0,24.0,24.0,0.3,0.2857142857142857,0.0096,0.0096,0.075,0.3409090909090909,0.6590909090909091,0.525,1.0,1.0,0.4416666666666667,0.5666666666666667,0.0
20260629_202157_89a44e2f,20260629_202157_89a44e2f_g0011,11,943168173,2,24,24,24,1,3,YELLOW,pool_heuristic,2,2,[2],0,72,4,"{""1"": 92, ""2"": 103, ""3"": 72, ""4"": 75}",False,20.0,-34.0,2.0,9.0,7.0,0.0175,363.0,103.75,352.25,16.0,21.0,47.25,158.0,110.0,1279.0,372.25,6.0,15.0,58.0,1.0,1.0,2.0,6.0,5.0,0.0,0.0,0.0,24.0,24.0,0.3,0.2857142857142857,0.0096,0.0096,0.075,0.3409090909090909,0.6590909090909091,0.5,1.0,1.0,0.45,0.5368421052631578,0.0
20260629_202157_89a44e2f,20260629_202157_89a44e2f_g0011,11,943168173,2,24,24,24,1,4,GREEN,pool_l45_100ms,3,2,[2],0,75,3,"{""1"": 92, ""2"": 103, ""3"": 72, ""4"": 75}",False,13.0,-48.0,3.0,0.0,7.0,0.0175,331.0,84.625,289.25,13.0,16.0,38.25,129.5,92.5,1311.0,302.25,6.0,15.0,58.0,1.0,1.0,2.0,6.0,5.0,0.0,0.0,0.0,24.0,24.0,0.3,0.2857142857142857,0.0096,0.0096,0.075,0.3409090909090909,0.6590909090909091,0.325,1.0,1.0,0.5083333333333333,0.4175438596491228,0.0
20260629_202157_89a44e2f,20260629_202157_89a44e2f_g0011,11,943168173,3,32,32,32,1,1,RED,pool_peer_500ms,0,2,[2],0,92,2,"{""1"": 92, ""2"": 103, ""3"": 72, ""4"": 75}",False,24.0,-32.0,0.0,19.0,15.0,0.0375,306.0,98.375,312.25,18.0,24.0,51.0,150.5,68.75,489.0,336.25,8.0,13.0,48.0,1.0,1.0,2.0,6.0,3.0,0.0,0.0,0.0,32.0,32.0,0.3975,0.38095238095238093,0.0128,0.0128,0.1,0.45454545454545453,0.5454545454545454,0.6,1.0,1.0,0.4666666666666667,0.5960526315789474,0.0
20260629_202157_89a44e2f,20260629_202157_89a44e2f_g0011,11,943168173,3,32,32,32,1,2,BLUE,champ_v3,1,2,[2],1,103,1,"{""1"": 92, ""2"": 103, ""3"": 72, ""4"": 75}",False,24.0,-32.0,0.0,18.0,15.0,0.0375,325.0,98.875,326.25,18.0,20.0,49.5,132.5,106.25,470.0,350.25,8.0,13.0,49.0,1.0,1.0,2.0,5.0,4.0,0.0,0.0,0.0,32.0,32.0,0.3975,0.38095238095238093,0.0128,0.0128,0.0975,0.4431818181818182,0.5568181818181818,0.6,1.0,1.0,0.4666666666666667,0.6045883940620782,0.0
20260629_202157_89a44e2f,20260629_202157_89a44e2f_g0011,11,943168173,3,32,32,32,1,3,YELLOW,pool_heuristic,2,2,[2],0,72,4,"{""1"": 92, ""2"": 103, ""3"": 72, ""4"": 75}",False,21.0,-38.0,2.0,11.0,15.0,0.0375,116.0,44.375,117.5,16.0,9.0,18.75,57.5,16.25,679.0,138.5,8.0,13.0,48.0,1.0,1.0,2.0,6.0,3.0,0.0,0.0,0.0,32.0,32.0,0.3975,0.38095238095238093,0.0128,0.0128,0.1,0.45454545454545453,0.5454545454545454,0.525,1.0,1.0,0.4916666666666667,0.4960526315789474,0.0
20260629_202157_89a44e2f,20260629_202157_89a44e2f_g0011,11,943168173,3,32,32,32,1,4,GREEN,pool_l45_100ms,3,2,[2],0,75,3,"{""1"": 92, ""2"": 103, ""3"": 72, ""4"": 75}",False,11.0,-58.0,3.0,9.0,15.0,0.0375,48.0,19.125,43.875,9.0,5.0,6.75,15.0,8.125,747.0,54.875,8.0,13.0,48.0,1.0,1.0,2.0,6.0,3.0,0.0,0.0,0.0,32.0,32.0,0.3975,0.38095238095238093,0.0128,0.0128,0.1,0.45454545454545453,0.5454545454545454,0.275,1.0,1.0,0.575,0.45000000000000007,0.0
20260629_202157_89a44e2f,20260629_202157_89a44e2f_g0011,11,943168173,4,40,40,40,1,1,RED,pool_peer_500ms,0,2,[2],0,92,2,"{""1"": 92, ""2"": 103, ""3"": 72, ""4"": 75}",False,29.0,-32.0,0.0,28.0,22.0,0.055,146.0,58.0,147.875,20.0,19.0,32.25,48.5,28.125,186.0,176.875,10.0,11.0,40.0,1.0,1.0,2.0,4.0,3.0,0.0,0.0,0.0,40.0,40.0,0.49,0.47619047619047616,0.016,0.016,0.12,0.5454545454545454,0.45454545454545453,0.725,1.0,1.0,0.5083333333333333,0.5723684210526316,0.0
20260629_202157_89a44e2f,20260629_202157_89a44e2f_g0011,11,943168173,4,40,40,40,1,2,BLUE,champ_v3,1,2,[2],1,103,1,"{""1"": 92, ""2"": 103, ""3"": 72, ""4"": 75}",False,31.0,-28.0,0.0,26.0,22.0,0.055,137.0,55.5,140.125,21.0,16.0,27.0,45.5,30.625,195.0,171.125,10.0,11.0,40.0,1.0,1.0,2.0,4.0,3.0,0.0,0.0,0.0,40.0,40.0,0.49,0.47619047619047616,0.016,0.016,0.12,0.5454545454545454,0.45454545454545453,0.775,1.0,1.0,0.4916666666666667,0.5953947368421053,0.0
20260629_202157_89a44e2f,20260629_202157_89a44e2f_g0011,11,943168173,4,40,40,40,1,3,YELLOW,pool_heuristic,2,2,[2],0,72,4,"{""1"": 92, ""2"": 103, ""3"": 72, ""4"": 75}",False,19.0,-52.0,2.0,13.0,22.0,0.055,17.0,14.5,17.25,13.0,1.0,2.25,1.0,0.0,315.0,36.25,10.0,11.0,38.0,1.0,1.0,2.0,6.0,1.0,0.0,0.0,0.0,40.0,40.0,0.49,0.47619047619047616,0.016,0.016,0.125,0.5681818181818182,0.4318181818181818,0.475,1.0,1.0,0.5916666666666667,0.48,0.0
20260629_202157_89a44e2f,20260629_202157_89a44e2f_g0011,11,943168173,4,40,40,40,1,4,GREEN,pool_l45_100ms,3,2,[2],0,75,3,"{""1"": 92, ""2"": 103, ""3"": 72, ""4"": 75}",False,11.0,-68.0,3.0,12.0,22.0,0.055,32.0,16.0,28.5,10.0,4.0,5.25,8.0,1.25,300.0,39.5,10.0,11.0,38.0,1.0,1.0,2.0,6.0,1.0,0.0,0.0,0.0,40.0,40.0,0.49,0.47619047619047616,0.016,0.016,0.125,0.5681818181818182,0.4318181818181818,0.275,1.0,1.0,0.6583333333333333,0.4515789473684211,0.0
20260629_202157_89a44e2f,20260629_202157_89a44e2f_g0011,11,943168173,5,48,48,48,1,1,RED,pool_peer_500ms,0,2,[2],0,92,2,"{""1"": 92, ""2"": 103, ""3"": 72, ""4"": 75}",False,30.0,-32.0,0.0,40.0,28.0,0.07,68.0,37.5,76.5,18.0,14.0,19.5,20.0,5.0,87.0,106.5,12.0,9.0,31.0,1.0,1.0,2.0,3.0,2.0,0.0,0.0,0.0,48.0,48.0,0.5725,0.5714285714285714,0.0192,0.0192,0.1425,0.6477272727272727,0.3522727272727273,0.75,1.0,1.0,0.5166666666666667,0.5632502308402585,0.0
20260629_202157_89a44e2f,20260629_202157_89a44e2f_g0011,11,943168173,5,48,48,48,1,2,BLUE,champ_v3,1,2,[2],1,103,1,"{""1"": 92, ""2"": 103, ""3"": 72, ""4"": 75}",False,30.0,-32.0,0.0,43.0,28.0,0.07,41.0,24.5,39.5,16.0,8.0,8.25,6.0,1.25,114.0,69.5,12.0,9.0,30.0,1.0,1.0,2.0,4.0,1.0,0.0,0.0,0.0,48.0,48.0,0.5725,0.5714285714285714,0.0192,0.0192,0.145,0.6590909090909091,0.3409090909090909,0.75,0.95,1.0,0.5166666666666667,0.5662431941923776,0.0
20260629_202157_89a44e2f,20260629_202157_89a44e2f_g0011,11,943168173,5,48,48,48,1,3,YELLOW,pool_heuristic,2,2,[2],0,72,4,"{""1"": 92, ""2"": 103, ""3"": 72, ""4"": 75}",False,18.0,-56.0,0.0,18.0,28.0,0.07,3.0,1.125,3.0,0.0,1.0,1.5,0.5,0.0,152.0,21.0,12.0,9.0,33.0,0.0,1.0,2.0,5.0,1.0,0.0,0.0,0.0,48.0,48.0,0.5725,0.5714285714285714,0.0192,0.0192,0.1375,0.625,0.375,0.45,0.9833333333333333,1.0,0.6166666666666667,0.46220095693779906,0.0
20260629_202157_89a44e2f,20260629_202157_89a44e2f_g0011,11,943168173,5,48,48,48,1,4,GREEN,pool_l45_100ms,3,2,[2],0,75,3,"{""1"": 92, ""2"": 103, ""3"": 72, ""4"": 75}",False,14.0,-64.0,3.0,22.0,28.0,0.07,43.0,23.0,43.0,13.0,7.0,9.0,14.0,0.0,112.0,57.0,12.0,9.0,29.0,1.0,1.0,2.0,5.0,0.0,0.0,0.0,0.0,48.0,48.0,0.5725,0.5714285714285714,0.0192,0.0192,0.1475,0.6704545454545454,0.32954545454545453,0.35,0.9,0.8,0.65,0.4192685102586976,0.0
20260629_202157_89a44e2f,20260629_202157_89a44e2f_g0011,11,943168173,6,56,56,57,2,1,RED,pool_peer_500ms,0,2,[2],0,92,2,"{""1"": 92, ""2"": 103, ""3"": 72, ""4"": 75}",False,29.0,-25.0,0.0,53.0,49.0,0.1225,19.0,17.0,19.0,15.0,4.0,0.0,0.0,0.0,23.0,48.0,15.0,6.0,19.0,1.0,1.0,1.0,2.0,1.0,0.0,0.0,0.0,56.0,57.0,0.6475,0.7142857142857143,0.0228,0.0224,0.1725,0.7840909090909091,0.2159090909090909,0.725,0.7166666666666667,1.0,0.45,0.528604118993135,0.0
20260629_202157_89a44e2f,20260629_202157_89a44e2f_g0011,11,943168173,6,56,56,57,2,2,BLUE,champ_v3,1,2,[2],1,103,1,"{""1"": 92, ""2"": 103, ""3"": 72, ""4"": 75}",False,27.0,-29.0,0.0,52.0,49.0,0.1225,11.0,4.375,11.5,0.0,5.0,3.0,3.5,0.0,31.0,38.5,14.0,7.0,24.0,0.0,1.0,2.0,4.0,0.0,0.0,0.0,0.0,56.0,57.0,0.6475,0.6666666666666666,0.0228,0.0224,0.16,0.7272727272727273,0.2727272727272727,0.675,1.0,0.8,0.4666666666666667,0.544407894736842,0.0
20260629_202157_89a44e2f,20260629_202157_89a44e2f_g0011,11,943168173,6,56,56,57,2,3,YELLOW,pool_heuristic,2,2,[2],0,72,4,"{""1"": 92, ""2"": 103, ""3"": 72, ""4"": 75}",False,16.0,-51.0,0.0,24.0,49.0,0.1225,0.0,0.0,0.0,0.0,0.0,0.0,0.0,0.0,42.0,16.0,13.0,8.0,29.0,0.0,1.0,2.0,4.0,1.0,0.0,0.0,0.0,56.0,57.0,0.6475,0.6190476190476191,0.0228,0.0224,0.1475,0.6704545454545454,0.32954545454545453,0.4,0.6666666666666666,1.0,0.5583333333333333,0.487957181088314,0.0
20260629_202157_89a44e2f,20260629_202157_89a44e2f_g0011,11,943168173,6,56,56,57,2,4,GREEN,pool_l45_100ms,3,2,[2],0,75,3,"{""1"": 92, ""2"": 103, ""3"": 72, ""4"": 75}",False,11.0,-61.0,3.0,34.0,49.0,0.1225,12.0,9.5,12.25,8.0,1.0,2.25,1.0,0.0,30.0,23.25,14.0,7.0,21.0,1.0,1.0,2.0,3.0,0.0,0.0,0.0,0.0,56.0,57.0,0.6475,0.6666666666666666,0.0228,0.0224,0.1675,0.7613636363636364,0.23863636363636365,0.275,0.35,0.8,0.6,0.3974862529457973,0.0
20260629_202157_89a44e2f,20260629_202157_89a44e2f_g0011,11,943168173,7,64,64,69,2,1,RED,pool_peer_500ms,0,2,[2],0,92,2,"{""1"": 92, ""2"": 103, ""3"": 72, ""4"": 75}",False,29.0,-27.0,0.0,61.0,42.0,0.105,1.0,0.5,1.5,0.0,0.0,1.5,0.0,0.0,7.0,30.5,18.0,3.0,12.0,0.0,0.0,1.0,1.0,1.0,0.0,0.0,0.0,64.0,69.0,0.6975,0.8571428571428571,0.0276,0.0256,0.19,0.8636363636363636,0.13636363636363635,0.725,0.6833333333333333,1.0,0.4666666666666667,0.5138504155124655,0.0
20260629_202157_89a44e2f,20260629_202157_89a44e2f_g0011,11,943168173,7,64,64,69,2,2,BLUE,champ_v3,1,2,[2],1,103,1,"{""1"": 92, ""2"": 103, ""3"": 72, ""4"": 75}",False,30.0,-25.0,0.0,60.0,42.0,0.105,7.0,3.125,7.5,0.0,5.0,0.0,2.5,0.0,1.0,37.5,17.0,4.0,14.0,0.0,1.0,0.0,3.0,0.0,0.0,0.0,0.0,64.0,69.0,0.6975,0.8095238095238095,0.0276,0.0256,0.185,0.8409090909090909,0.1590909090909091,0.75,0.8833333333333333,0.8,0.4583333333333333,0.5320056899004268,0.0
20260629_202157_89a44e2f,20260629_202157_89a44e2f_g0011,11,943168173,7,64,64,69,2,3,YELLOW,pool_heuristic,2,2,[2],0,72,4,"{""1"": 92, ""2"": 103, ""3"": 72, ""4"": 75}",False,16.0,-53.0,0.0,33.0,42.0,0.105,0.0,0.0,0.0,0.0,0.0,0.0,0.0,0.0,8.0,16.0,13.0,8.0,29.0,0.0,1.0,2.0,4.0,1.0,0.0,0.0,0.0,64.0,69.0,0.6975,0.6190476190476191,0.0276,0.0256,0.1475,0.6704545454545454,0.32954545454545453,0.4,0.48333333333333334,1.0,0.575,0.487957181088314,0.0
20260629_202157_89a44e2f,20260629_202157_89a44e2f_g0011,11,943168173,7,64,64,69,2,4,GREEN,pool_l45_100ms,3,2,[2],0,75,3,"{""1"": 92, ""2"": 103, ""3"": 72, ""4"": 75}",False,10.0,-65.0,3.0,45.0,42.0,0.105,0.0,0.0,0.0,0.0,0.0,0.0,0.0,0.0,8.0,10.0,16.0,5.0,18.0,0.0,0.0,2.0,3.0,0.0,0.0,0.0,0.0,64.0,69.0,0.6975,0.7619047619047619,0.0276,0.0256,0.175,0.7954545454545454,0.20454545454545456,0.25,0.21666666666666667,0.8,0.625,0.4,0.0
20260629_202157_89a44e2f,20260629_202157_89a44e2f_g0012,12,1855161822,0,8,8,8,1,1,RED,champ_v3,0,1,[1],1,96,1,"{""1"": 96, ""2"": 75, ""3"": 80, ""4"": 92}",False,9.0,-14.0,9.0,0.0,0.0,0.0,543.0,122.625,488.75,9.0,15.0,41.25,153.5,270.0,1298.0,497.75,2.0,19.0,78.0,1.0,1.0,2.0,6.0,9.0,1.0,0.0,0.0,8.0,8.0,0.1,0.09523809523809523,0.0032,0.0032,0.025,0.11363636363636363,0.8863636363636364,0.225,1.0,1.0,0.19166666666666668,0.23684210526315785,0.0
20260629_202157_89a44e2f,20260629_202157_89a44e2f_g0012,12,1855161822,0,8,8,8,1,2,BLUE,pool_heuristic,1,1,[1],0,75,4,"{""1"": 96, ""2"": 75, ""3"": 80, ""4"": 92}",False,7.0,-18.0,9.0,0.0,0.0,0.0,391.0,101.625,407.625,7.0,12.0,33.75,128.0,226.875,1450.0,414.625,2.0,19.0,78.0,1.0,1.0,2.0,6.0,9.0,1.0,1.0,1.0,8.0,8.0,0.1,0.09523809523809523,0.0032,0.0032,0.025,0.11363636363636363,0.8863636363636364,0.175,1.0,1.0,0.20833333333333334,0.2315789473684211,0.0
20260629_202157_89a44e2f,20260629_202157_89a44e2f_g0012,12,1855161822,0,8,8,8,1,3,YELLOW,pool_l45_100ms,2,1,[1],0,80,3,"{""1"": 96, ""2"": 75, ""3"": 80, ""4"": 92}",False,7.0,-18.0,9.0,0.0,0.0,0.0,364.0,86.0,341.875,7.0,10.0,27.0,108.5,189.375,1477.0,348.875,2.0,19.0,78.0,1.0,1.0,2.0,6.0,9.0,1.0,1.0,0.0,8.0,8.0,0.1,0.09523809523809523,0.0032,0.0032,0.025,0.11363636363636363,0.8863636363636364,0.175,1.0,1.0,0.20833333333333334,0.17368421052631577,0.0
20260629_202157_89a44e2f,20260629_202157_89a44e2f_g0012,12,1855161822,0,8,8,8,1,4,GREEN,pool_peer_500ms,3,1,[1],0,92,2,"{""1"": 96, ""2"": 75, ""3"": 80, ""4"": 92}",False,9.0,-14.0,9.0,0.0,0.0,0.0,543.0,122.625,488.75,9.0,15.0,41.25,153.5,270.0,1298.0,497.75,2.0,19.0,78.0,1.0,1.0,2.0,6.0,9.0,1.0,0.0,0.0,8.0,8.0,0.1,0.09523809523809523,0.0032,0.0032,0.025,0.11363636363636363,0.8863636363636364,0.225,1.0,1.0,0.19166666666666668,0.23684210526315785,0.0
20260629_202157_89a44e2f,20260629_202157_89a44e2f_g0012,12,1855161822,1,16,16,16,1,1,RED,champ_v3,0,1,[1],1,96,1,"{""1"": 96, ""2"": 75, ""3"": 80, ""4"": 92}",False,15.0,-25.0,1.0,3.0,0.0,0.0,572.0,146.5,553.5,14.0,23.0,57.0,202.0,257.5,1630.0,568.5,4.0,17.0,68.0,1.0,1.0,2.0,6.0,7.0,1.0,0.0,0.0,16.0,16.0,0.2,0.19047619047619047,0.0064,0.0064,0.05,0.22727272727272727,0.7727272727272727,0.375,1.0,1.0,0.33333333333333337,0.4815789473684211,0.0
20260629_202157_89a44e2f,20260629_202157_89a44e2f_g0012,12,1855161822,1,16,16,16,1,2,BLUE,pool_heuristic,1,1,[1],0,75,4,"{""1"": 96, ""2"": 75, ""3"": 80, ""4"": 92}",False,14.0,-27.0,2.0,1.0,0.0,0.0,555.0,156.25,600.0,13.0,22.0,60.75,223.0,281.25,1647.0,614.0,4.0,17.0,68.0,1.0,1.0,2.0,6.0,7.0,1.0,0.0,1.0,16.0,16.0,0.2,0.19047619047619047,0.0064,0.0064,0.05,0.22727272727272727,0.7727272727272727,0.35,1.0,1.0,0.3416666666666667,0.4736842105263158,0.0
20260629_202157_89a44e2f,20260629_202157_89a44e2f_g0012,12,1855161822,1,16,16,16,1,3,YELLOW,pool_l45_100ms,2,1,[1],0,80,3,"{""1"": 96, ""2"": 75, ""3"": 80, ""4"": 92}",False,11.0,-33.0,5.0,0.0,0.0,0.0,416.0,100.375,376.875,11.0,15.0,36.0,138.0,176.875,1786.0,387.875,4.0,17.0,68.0,1.0,1.0,2.0,6.0,7.0,1.0,0.0,0.0,16.0,16.0,0.2,0.19047619047619047,0.0064,0.0064,0.05,0.22727272727272727,0.7727272727272727,0.275,1.0,1.0,0.36666666666666664,0.3526315789473684,0.0
20260629_202157_89a44e2f,20260629_202157_89a44e2f_g0012,12,1855161822,1,16,16,16,1,4,GREEN,pool_peer_500ms,3,1,[1],0,92,2,"{""1"": 96, ""2"": 75, ""3"": 80, ""4"": 92}",False,15.0,-25.0,1.0,1.0,0.0,0.0,659.0,166.0,636.25,15.0,23.0,62.25,231.0,305.0,1543.0,651.25,4.0,17.0,68.0,1.0,1.0,2.0,6.0,7.0,1.0,0.0,0.0,16.0,16.0,0.2,0.19047619047619047,0.0064,0.0064,0.05,0.22727272727272727,0.7727272727272727,0.375,1.0,1.0,0.33333333333333337,0.48684210526315785,0.0
20260629_202157_89a44e2f,20260629_202157_89a44e2f_g0012,12,1855161822,2,24,24,24,1,1,RED,champ_v3,0,1,[1],1,96,1,"{""1"": 96, ""2"": 75, ""3"": 80, ""4"": 92}",False,20.0,-30.0,0.0,10.0,0.0,0.0,373.0,102.5,352.75,18.0,20.0,42.0,119.0,153.75,1005.0,372.75,6.0,15.0,59.0,1.0,1.0,2.0,5.0,6.0,0.0,0.0,0.0,24.0,24.0,0.2975,0.2857142857142857,0.0096,0.0096,0.0725,0.32954545454545453,0.6704545454545454,0.5,1.0,1.0,0.4166666666666667,0.5825771324863884,0.0
20260629_202157_89a44e2f,20260629_202157_89a44e2f_g0012,12,1855161822,2,24,24,24,1,2,BLUE,pool_heuristic,1,1,[1],0,75,4,"{""1"": 96, ""2"": 75, ""3"": 80, ""4"": 92}",False,20.0,-30.0,2.0,3.0,0.0,0.0,473.0,143.625,520.875,17.0,23.0,61.5,215.0,204.375,905.0,540.875,6.0,15.0,58.0,1.0,1.0,2.0,6.0,5.0,1.0,0.0,1.0,24.0,24.0,0.2975,0.2857142857142857,0.0096,0.0096,0.075,0.3409090909090909,0.6590909090909091,0.5,1.0,1.0,0.4166666666666667,0.524561403508772,0.0
20260629_202157_89a44e2f,20260629_202157_89a44e2f_g0012,12,1855161822,2,24,24,24,1,3,YELLOW,pool_l45_100ms,2,1,[1],0,80,3,"{""1"": 96, ""2"": 75, ""3"": 80, ""4"": 92}",False,13.0,-44.0,5.0,7.0,0.0,0.0,175.0,51.375,162.5,11.0,12.0,22.5,69.5,47.5,1203.0,175.5,6.0,15.0,58.0,1.0,1.0,2.0,6.0,5.0,0.0,0.0,0.0,24.0,24.0,0.2975,0.2857142857142857,0.0096,0.0096,0.075,0.3409090909090909,0.6590909090909091,0.325,1.0,1.0,0.475,0.4035087719298245,0.0
20260629_202157_89a44e2f,20260629_202157_89a44e2f_g0012,12,1855161822,2,24,24,24,1,4,GREEN,pool_peer_500ms,3,1,[1],0,92,2,"{""1"": 96, ""2"": 75, ""3"": 80, ""4"": 92}",False,17.0,-36.0,1.0,7.0,0.0,0.0,357.0,104.875,357.125,17.0,20.0,47.25,151.0,121.875,1021.0,374.125,6.0,15.0,58.0,1.0,1.0,2.0,6.0,5.0,1.0,0.0,0.0,24.0,24.0,0.2975,0.2857142857142857,0.0096,0.0096,0.075,0.3409090909090909,0.6590909090909091,0.425,1.0,1.0,0.4416666666666667,0.5771929824561404,0.0
20260629_202157_89a44e2f,20260629_202157_89a44e2f_g0012,12,1855161822,3,32,32,32,1,1,RED,champ_v3,0,1,[1],1,96,1,"{""1"": 96, ""2"": 75, ""3"": 80, ""4"": 92}",False,24.0,-37.0,0.0,18.0,3.0,0.0075,184.0,69.0,188.5,22.0,20.0,31.5,70.0,45.0,544.0,212.5,8.0,13.0,49.0,1.0,1.0,2.0,5.0,4.0,0.0,0.0,0.0,32.0,32.0,0.3975,0.38095238095238093,0.0128,0.0128,0.0975,0.4431818181818182,0.5568181818181818,0.6,1.0,1.0,0.5083333333333333,0.6194331983805668,0.0
20260629_202157_89a44e2f,20260629_202157_89a44e2f_g0012,12,1855161822,3,32,32,32,1,2,BLUE,pool_heuristic,1,1,[1],0,75,4,"{""1"": 96, ""2"": 75, ""3"": 80, ""4"": 92}",False,24.0,-37.0,2.0,3.0,3.0,0.0075,205.0,74.375,213.625,21.0,18.0,35.25,95.0,44.375,523.0,237.625,8.0,13.0,48.0,1.0,1.0,2.0,6.0,3.0,0.0,0.0,1.0,32.0,32.0,0.3975,0.38095238095238093,0.0128,0.0128,0.1,0.45454545454545453,0.5454545454545454,0.6,1.0,1.0,0.5083333333333333,0.5026315789473685,0.0
20260629_202157_89a44e2f,20260629_202157_89a44e2f_g0012,12,1855161822,3,32,32,32,1,3,YELLOW,pool_l45_100ms,2,1,[1],0,80,3,"{""1"": 96, ""2"": 75, ""3"": 80, ""4"": 92}",False,15.0,-55.0,5.0,12.0,3.0,0.0075,68.0,28.375,67.25,12.0,8.0,12.0,26.5,8.75,660.0,82.25,8.0,13.0,48.0,1.0,1.0,2.0,6.0,3.0,0.0,0.0,0.0,32.0,32.0,0.3975,0.38095238095238093,0.0128,0.0128,0.1,0.45454545454545453,0.5454545454545454,0.375,1.0,1.0,0.5833333333333333,0.3907894736842106,0.0
20260629_202157_89a44e2f,20260629_202157_89a44e2f_g0012,12,1855161822,3,32,32,32,1,4,GREEN,pool_peer_500ms,3,1,[1],0,92,2,"{""1"": 96, ""2"": 75, ""3"": 80, ""4"": 92}",False,22.0,-41.0,1.0,22.0,3.0,0.0075,271.0,87.625,269.0,19.0,21.0,41.25,136.5,51.25,457.0,291.0,8.0,13.0,48.0,1.0,1.0,2.0,6.0,3.0,1.0,0.0,0.0,32.0,32.0,0.3975,0.38095238095238093,0.0128,0.0128,0.1,0.45454545454545453,0.5454545454545454,0.55,1.0,1.0,0.525,0.5657894736842105,0.0
20260629_202157_89a44e2f,20260629_202157_89a44e2f_g0012,12,1855161822,4,40,40,40,1,1,RED,champ_v3,0,1,[1],1,96,1,"{""1"": 96, ""2"": 75, ""3"": 80, ""4"": 92}",False,28.0,-33.0,0.0,24.0,6.0,0.015,98.0,48.375,99.125,23.0,19.0,23.25,27.0,6.875,189.0,127.125,10.0,11.0,40.0,1.0,1.0,2.0,4.0,3.0,0.0,0.0,0.0,40.0,40.0,0.49,0.47619047619047616,0.016,0.016,0.12,0.5454545454545454,0.45454545454545453,0.7,1.0,1.0,0.5083333333333333,0.5942982456140351,0.0
20260629_202157_89a44e2f,20260629_202157_89a44e2f_g0012,12,1855161822,4,40,40,40,1,2,BLUE,pool_heuristic,1,1,[1],0,75,4,"{""1"": 96, ""2"": 75, ""3"": 80, ""4"": 92}",False,22.0,-45.0,2.0,9.0,6.0,0.015,54.0,30.375,56.5,17.0,10.0,12.0,17.5,0.0,233.0,78.5,10.0,11.0,39.0,1.0,1.0,2.0,5.0,2.0,0.0,0.0,1.0,40.0,40.0,0.49,0.47619047619047616,0.016,0.016,0.1225,0.5568181818181818,0.4431818181818182,0.55,1.0,1.0,0.5583333333333333,0.4994629430719657,0.0
20260629_202157_89a44e2f,20260629_202157_89a44e2f_g0012,12,1855161822,4,40,40,40,1,3,YELLOW,pool_l45_100ms,2,1,[1],0,80,3,"{""1"": 96, ""2"": 75, ""3"": 80, ""4"": 92}",False,15.0,-59.0,5.0,19.0,6.0,0.015,65.0,27.25,61.875,12.0,8.0,12.0,25.5,4.375,222.0,76.875,10.0,11.0,38.0,1.0,1.0,2.0,6.0,1.0,0.0,0.0,0.0,40.0,40.0,0.49,0.47619047619047616,0.016,0.016,0.125,0.5681818181818182,0.4318181818181818,0.375,1.0,1.0,0.6166666666666667,0.3978947368421053,0.0
20260629_202157_89a44e2f,20260629_202157_89a44e2f_g0012,12,1855161822,4,40,40,40,1,4,GREEN,pool_peer_500ms,3,1,[1],0,92,2,"{""1"": 96, ""2"": 75, ""3"": 80, ""4"": 92}",False,24.0,-41.0,1.0,27.0,6.0,0.015,70.0,35.5,70.0,19.0,12.0,12.75,20.0,6.25,217.0,94.0,10.0,11.0,39.0,1.0,1.0,2.0,5.0,2.0,1.0,0.0,0.0,40.0,40.0,0.49,0.47619047619047616,0.016,0.016,0.1225,0.5568181818181818,0.4431818181818182,0.6,1.0,1.0,0.5416666666666667,0.5402792696025779,0.0
20260629_202157_89a44e2f,20260629_202157_89a44e2f_g0012,12,1855161822,5,48,48,48,1,1,RED,champ_v3,0,1,[1],1,96,1,"{""1"": 96, ""2"": 75, ""3"": 80, ""4"": 92}",False,30.0,-33.0,0.0,36.0,16.0,0.04,48.0,31.875,54.875,19.0,12.0,12.0,10.0,1.875,132.0,84.875,12.0,9.0,32.0,1.0,1.0,2.0,2.0,3.0,0.0,0.0,0.0,48.0,48.0,0.575,0.5714285714285714,0.0192,0.0192,0.14,0.6363636363636364,0.36363636363636365,0.75,1.0,1.0,0.525,0.575187969924812,0.0
20260629_202157_89a44e2f,20260629_202157_89a44e2f_g0012,12,1855161822,5,48,48,48,1,2,BLUE,pool_heuristic,1,1,[1],0,75,4,"{""1"": 96, ""2"": 75, ""3"": 80, ""4"": 92}",False,19.0,-55.0,2.0,20.0,16.0,0.04,17.0,13.75,17.25,11.0,4.0,2.25,0.0,0.0,163.0,36.25,12.0,9.0,31.0,1.0,1.0,2.0,3.0,2.0,0.0,0.0,1.0,48.0,48.0,0.575,0.5714285714285714,0.0192,0.0192,0.1425,0.6477272727272727,0.3522727272727273,0.475,0.75,1.0,0.6166666666666667,0.4644506001846722,0.0
20260629_202157_89a44e2f,20260629_202157_89a44e2f_g0012,12,1855161822,5,48,48,48,1,3,YELLOW,pool_l45_100ms,2,1,[1],0,80,3,"{""1"": 96, ""2"": 75, ""3"": 80, ""4"": 92}",False,17.0,-59.0,4.0,34.0,16.0,0.04,58.0,28.5,63.75,12.0,9.0,15.75,27.0,0.0,122.0,80.75,12.0,9.0,29.0,1.0,1.0,2.0,5.0,0.0,0.0,0.0,0.0,48.0,48.0,0.575,0.5714285714285714,0.0192,0.0192,0.1475,0.6704545454545454,0.32954545454545453,0.425,1.0,0.8,0.6333333333333333,0.431757359500446,0.0
20260629_202157_89a44e2f,20260629_202157_89a44e2f_g0012,12,1855161822,5,48,48,48,1,4,GREEN,pool_peer_500ms,3,1,[1],0,92,2,"{""1"": 96, ""2"": 75, ""3"": 80, ""4"": 92}",False,27.0,-39.0,1.0,34.0,16.0,0.04,57.0,36.0,63.25,22.0,13.0,9.75,11.0,7.5,123.0,90.25,12.0,9.0,30.0,1.0,1.0,2.0,4.0,1.0,0.0,0.0,0.0,48.0,48.0,0.575,0.5714285714285714,0.0192,0.0192,0.145,0.6590909090909091,0.3409090909090909,0.675,1.0,1.0,0.55,0.5045372050816697,0.0
20260629_202157_89a44e2f,20260629_202157_89a44e2f_g0012,12,1855161822,6,56,56,56,1,1,RED,champ_v3,0,1,[1],1,96,1,"{""1"": 96, ""2"": 75, ""3"": 80, ""4"": 92}",False,30.0,-33.0,0.0,45.0,28.0,0.07,41.0,28.5,50.0,17.0,10.0,10.5,10.0,2.5,73.0,80.0,14.0,7.0,24.0,1.0,1.0,1.0,2.0,2.0,0.0,0.0,0.0,56.0,56.0,0.645,0.6666666666666666,0.0224,0.0224,0.16,0.7272727272727273,0.2727272727272727,0.75,1.0,1.0,0.525,0.5452302631578947,0.0
20260629_202157_89a44e2f,20260629_202157_89a44e2f_g0012,12,1855161822,6,56,56,56,1,2,BLUE,pool_heuristic,1,1,[1],0,75,4,"{""1"": 96, ""2"": 75, ""3"": 80, ""4"": 92}",False,18.0,-57.0,2.0,35.0,28.0,0.07,4.0,2.0,4.5,0.0,3.0,1.5,0.0,0.0,110.0,22.5,14.0,7.0,27.0,0.0,1.0,1.0,3.0,2.0,0.0,0.0,1.0,56.0,56.0,0.645,0.6666666666666666,0.0224,0.0224,0.1525,0.6931818181818182,0.3068181818181818,0.45,0.5666666666666667,1.0,0.625,0.4659188955996548,0.0
20260629_202157_89a44e2f,20260629_202157_89a44e2f_g0012,12,1855161822,6,56,56,56,1,3,YELLOW,pool_l45_100ms,2,1,[1],0,80,3,"{""1"": 96, ""2"": 75, ""3"": 80, ""4"": 92}",False,15.0,-63.0,4.0,45.0,28.0,0.07,22.0,13.25,23.75,8.0,3.0,6.75,6.0,0.0,92.0,38.75,14.0,7.0,21.0,1.0,1.0,2.0,3.0,0.0,0.0,0.0,0.0,56.0,56.0,0.645,0.6666666666666666,0.0224,0.0224,0.1675,0.7613636363636364,0.23863636363636365,0.375,0.6833333333333333,0.8,0.65,0.4351924587588374,0.0
20260629_202157_89a44e2f,20260629_202157_89a44e2f_g0012,12,1855161822,6,56,56,56,1,4,GREEN,pool_peer_500ms,3,1,[1],0,92,2,"{""1"": 96, ""2"": 75, ""3"": 80, ""4"": 92}",False,30.0,-33.0,1.0,46.0,28.0,0.07,47.0,34.0,55.0,23.0,11.0,7.5,6.0,7.5,67.0,85.0,14.0,7.0,22.0,1.0,1.0,2.0,2.0,1.0,0.0,0.0,0.0,56.0,56.0,0.645,0.6666666666666666,0.0224,0.0224,0.165,0.75,0.25,0.75,1.0,1.0,0.525,0.5135566188197767,0.0
20260629_202157_89a44e2f,20260629_202157_89a44e2f_g0012,12,1855161822,7,64,64,64,1,1,RED,champ_v3,0,1,[1],1,96,1,"{""1"": 96, ""2"": 75, ""3"": 80, ""4"": 92}",False,25.0,-32.0,0.0,57.0,40.0,0.1,18.0,14.5,19.0,11.0,5.0,3.0,0.0,0.0,26.0,44.0,16.0,5.0,15.0,1.0,1.0,1.0,1.0,1.0,0.0,0.0,0.0,64.0,64.0,0.7125,0.7619047619047619,0.0256,0.0256,0.1825,0.8295454545454546,0.17045454545454544,0.625,0.65,1.0,0.475,0.5032444124008653,0.0
20260629_202157_89a44e2f,20260629_202157_89a44e2f_g0012,12,1855161822,7,64,64,64,1,2,BLUE,pool_heuristic,1,1,[1],0,75,4,"{""1"": 96, ""2"": 75, ""3"": 80, ""4"": 92}",False,16.0,-50.0,1.0,40.0,40.0,0.1,0.0,0.0,0.0,0.0,0.0,0.0,0.0,0.0,44.0,16.0,16.0,5.0,22.0,0.0,0.0,0.0,3.0,2.0,0.0,0.0,1.0,64.0,64.0,0.7125,0.7619047619047619,0.0256,0.0256,0.165,0.75,0.25,0.4,0.4666666666666667,1.0,0.55,0.4840510366826156,0.0
20260629_202157_89a44e2f,20260629_202157_89a44e2f_g0012,12,1855161822,7,64,64,64,1,3,YELLOW,pool_l45_100ms,2,1,[1],0,80,3,"{""1"": 96, ""2"": 75, ""3"": 80, ""4"": 92}",False,12.0,-58.0,4.0,50.0,40.0,0.1,6.0,6.0,6.0,6.0,0.0,0.0,0.0,0.0,38.0,18.0,16.0,5.0,14.0,1.0,1.0,1.0,2.0,0.0,0.0,0.0,0.0,64.0,64.0,0.7125,0.7619047619047619,0.0256,0.0256,0.185,0.8409090909090909,0.1590909090909091,0.3,0.43333333333333335,0.8,0.5833333333333333,0.4132290184921764,0.0
20260629_202157_89a44e2f,20260629_202157_89a44e2f_g0012,12,1855161822,7,64,64,64,1,4,GREEN,pool_peer_500ms,3,1,[1],0,92,2,"{""1"": 96, ""2"": 75, ""3"": 80, ""4"": 92}",False,29.0,-24.0,1.0,58.0,40.0,0.1,20.0,18.75,20.25,18.0,0.0,2.25,0.0,0.0,24.0,49.25,16.0,5.0,16.0,1.0,0.0,2.0,1.0,1.0,0.0,0.0,0.0,64.0,64.0,0.7125,0.7619047619047619,0.0256,0.0256,0.18,0.8181818181818182,0.18181818181818182,0.725,0.7,1.0,0.4416666666666667,0.5175438596491229,0.0
20260629_202157_89a44e2f,20260629_202157_89a44e2f_g0013,13,1937887573,0,8,8,8,1,1,RED,pool_heuristic,0,3,[3],0,86,2,"{""1"": 86, ""2"": 69, ""3"": 102, ""4"": 76}",False,7.0,-16.0,9.0,0.0,3.0,0.0075,236.0,58.5,221.0,7.0,9.0,20.25,66.0,118.75,1413.0,228.0,2.0,19.0,78.0,1.0,1.0,2.0,6.0,9.0,1.0,0.0,1.0,8.0,8.0,0.1,0.09523809523809523,0.0032,0.0032,0.025,0.11363636363636363,0.8863636363636364,0.175,1.0,1.0,0.19166666666666668,0.2315789473684211,0.0
20260629_202157_89a44e2f,20260629_202157_89a44e2f_g0013,13,1937887573,0,8,8,8,1,2,BLUE,pool_l45_100ms,1,3,[3],0,69,4,"{""1"": 86, ""2"": 69, ""3"": 102, ""4"": 76}",False,5.0,-20.0,9.0,0.0,3.0,0.0075,327.0,76.25,309.5,5.0,8.0,24.0,95.0,177.5,1322.0,314.5,2.0,19.0,78.0,1.0,1.0,2.0,6.0,9.0,1.0,1.0,0.0,8.0,8.0,0.1,0.09523809523809523,0.0032,0.0032,0.025,0.11363636363636363,0.8863636363636364,0.125,1.0,1.0,0.20833333333333334,0.15263157894736834,0.0
20260629_202157_89a44e2f,20260629_202157_89a44e2f_g0013,13,1937887573,0,8,8,8,1,3,YELLOW,pool_peer_500ms,2,3,[3],1,102,1,"{""1"": 86, ""2"": 69, ""3"": 102, ""4"": 76}",False,9.0,-12.0,9.0,0.0,3.0,0.0075,543.0,122.625,488.75,9.0,15.0,41.25,153.5,270.0,1106.0,497.75,2.0,19.0,78.0,1.0,1.0,2.0,6.0,9.0,1.0,0.0,0.0,8.0,8.0,0.1,0.09523809523809523,0.0032,0.0032,0.025,0.11363636363636363,0.8863636363636364,0.225,1.0,1.0,0.175,0.23684210526315785,0.0
20260629_202157_89a44e2f,20260629_202157_89a44e2f_g0013,13,1937887573,0,8,8,8,1,4,GREEN,champ_v3,3,3,[3],0,76,3,"{""1"": 86, ""2"": 69, ""3"": 102, ""4"": 76}",False,9.0,-12.0,9.0,0.0,3.0,0.0075,543.0,122.625,488.75,9.0,15.0,41.25,153.5,270.0,1106.0,497.75,2.0,19.0,78.0,1.0,1.0,2.0,6.0,9.0,1.0,0.0,0.0,8.0,8.0,0.1,0.09523809523809523,0.0032,0.0032,0.025,0.11363636363636363,0.8863636363636364,0.225,1.0,1.0,0.175,0.23684210526315785,0.0
20260629_202157_89a44e2f,20260629_202157_89a44e2f_g0013,13,1937887573,1,16,16,16,1,1,RED,pool_heuristic,0,3,[3],0,86,2,"{""1"": 86, ""2"": 69, ""3"": 102, ""4"": 76}",False,13.0,-25.0,0.0,2.0,3.0,0.0075,518.0,135.375,520.875,12.0,19.0,49.5,186.0,254.375,1839.0,533.875,4.0,17.0,68.0,1.0,1.0,2.0,6.0,7.0,1.0,0.0,1.0,16.0,16.0,0.2,0.19047619047619047,0.0064,0.0064,0.05,0.22727272727272727,0.7727272727272727,0.325,1.0,1.0,0.31666666666666665,0.4894736842105264,0.0
20260629_202157_89a44e2f,20260629_202157_89a44e2f_g0013,13,1937887573,1,16,16,16,1,2,BLUE,pool_l45_100ms,1,3,[3],0,69,4,"{""1"": 86, ""2"": 69, ""3"": 102, ""4"": 76}",False,9.0,-33.0,6.0,0.0,3.0,0.0075,528.0,122.375,477.5,9.0,16.0,45.0,177.5,230.0,1829.0,486.5,4.0,17.0,68.0,1.0,1.0,2.0,6.0,7.0,1.0,0.0,0.0,16.0,16.0,0.2,0.19047619047619047,0.0064,0.0064,0.05,0.22727272727272727,0.7727272727272727,0.225,1.0,1.0,0.35,0.3263157894736842,0.0
20260629_202157_89a44e2f,20260629_202157_89a44e2f_g0013,13,1937887573,1,16,16,16,1,3,YELLOW,pool_peer_500ms,2,3,[3],1,102,1,"{""1"": 86, ""2"": 69, ""3"": 102, ""4"": 76}",False,15.0,-21.0,0.0,3.0,3.0,0.0075,692.0,172.125,670.625,13.0,23.0,64.5,242.0,328.125,1665.0,685.625,4.0,17.0,68.0,1.0,1.0,2.0,6.0,7.0,1.0,0.0,0.0,16.0,16.0,0.2,0.19047619047619047,0.0064,0.0064,0.05,0.22727272727272727,0.7727272727272727,0.375,1.0,1.0,0.3,0.49473684210526314,0.0
20260629_202157_89a44e2f,20260629_202157_89a44e2f_g0013,13,1937887573,1,16,16,16,1,4,GREEN,champ_v3,3,3,[3],0,76,3,"{""1"": 86, ""2"": 69, ""3"": 102, ""4"": 76}",False,14.0,-23.0,1.0,2.0,3.0,0.0075,619.0,149.0,568.625,14.0,21.0,57.0,203.5,273.125,1738.0,582.625,4.0,17.0,68.0,1.0,1.0,2.0,6.0,7.0,0.0,0.0,0.0,16.0,16.0,0.2,0.19047619047619047,0.0064,0.0064,0.05,0.22727272727272727,0.7727272727272727,0.35,1.0,1.0,0.30833333333333335,0.48684210526315785,0.0
20260629_202157_89a44e2f,20260629_202157_89a44e2f_g0013,13,1937887573,2,24,24,24,1,1,RED,pool_heuristic,0,3,[3],0,86,2,"{""1"": 86, ""2"": 69, ""3"": 102, ""4"": 76}",False,19.0,-30.0,0.0,5.0,5.0,0.0125,393.0,118.5,408.75,16.0,24.0,57.75,181.0,130.0,1127.0,427.75,6.0,15.0,58.0,1.0,1.0,2.0,6.0,5.0,1.0,0.0,1.0,24.0,24.0,0.2975,0.2857142857142857,0.0096,0.0096,0.075,0.3409090909090909,0.6590909090909091,0.475,1.0,1.0,0.4083333333333333,0.5403508771929826,0.0
20260629_202157_89a44e2f,20260629_202157_89a44e2f_g0013,13,1937887573,2,24,24,24,1,2,BLUE,pool_l45_100ms,1,3,[3],0,69,4,"{""1"": 86, ""2"": 69, ""3"": 102, ""4"": 76}",False,13.0,-42.0,6.0,3.0,5.0,0.0125,220.0,61.25,200.125,12.0,13.0,27.0,82.5,65.625,1300.0,213.125,6.0,15.0,58.0,1.0,1.0,2.0,6.0,5.0,0.0,0.0,0.0,24.0,24.0,0.2975,0.2857142857142857,0.0096,0.0096,0.075,0.3409090909090909,0.6590909090909091,0.325,1.0,1.0,0.4583333333333333,0.38596491228070173,0.0
20260629_202157_89a44e2f,20260629_202157_89a44e2f_g0013,13,1937887573,2,24,24,24,1,3,YELLOW,pool_peer_500ms,2,3,[3],1,102,1,"{""1"": 86, ""2"": 69, ""3"": 102, ""4"": 76}",False,18.0,-32.0,0.0,9.0,5.0,0.0125,400.0,118.875,423.125,15.0,21.0,54.0,175.0,158.125,1120.0,441.125,6.0,15.0,58.0,1.0,1.0,2.0,6.0,5.0,1.0,0.0,0.0,24.0,24.0,0.2975,0.2857142857142857,0.0096,0.0096,0.075,0.3409090909090909,0.6590909090909091,0.45,1.0,1.0,0.4166666666666667,0.5824561403508772,0.0
20260629_202157_89a44e2f,20260629_202157_89a44e2f_g0013,13,1937887573,2,24,24,24,1,4,GREEN,champ_v3,3,3,[3],0,76,3,"{""1"": 86, ""2"": 69, ""3"": 102, ""4"": 76}",False,18.0,-32.0,1.0,6.0,5.0,0.0125,507.0,132.625,473.25,18.0,24.0,60.0,167.5,203.75,1013.0,491.25,6.0,15.0,59.0,1.0,1.0,2.0,5.0,6.0,0.0,0.0,0.0,24.0,24.0,0.2975,0.2857142857142857,0.0096,0.0096,0.0725,0.32954545454545453,0.6704545454545454,0.45,1.0,1.0,0.4166666666666667,0.558983666061706,0.0
20260629_202157_89a44e2f,20260629_202157_89a44e2f_g0013,13,1937887573,3,32,32,32,1,1,RED,pool_heuristic,0,3,[3],0,86,2,"{""1"": 86, ""2"": 69, ""3"": 102, ""4"": 76}",False,20.0,-41.0,0.0,8.0,7.0,0.0175,121.0,49.125,122.625,17.0,18.0,25.5,44.0,18.125,413.0,142.625,8.0,13.0,49.0,1.0,1.0,2.0,5.0,4.0,1.0,0.0,1.0,32.0,32.0,0.3925,0.38095238095238093,0.0128,0.0128,0.0975,0.4431818181818182,0.5568181818181818,0.5,1.0,1.0,0.5083333333333333,0.5465587044534412,0.0
20260629_202157_89a44e2f,20260629_202157_89a44e2f_g0013,13,1937887573,3,32,32,32,1,2,BLUE,pool_l45_100ms,1,3,[3],0,69,4,"{""1"": 86, ""2"": 69, ""3"": 102, ""4"": 76}",False,18.0,-45.0,6.0,10.0,7.0,0.0175,79.0,36.875,80.0,17.0,12.0,16.5,29.5,5.0,455.0,98.0,8.0,13.0,48.0,1.0,1.0,2.0,6.0,3.0,0.0,0.0,0.0,32.0,32.0,0.3925,0.38095238095238093,0.0128,0.0128,0.1,0.45454545454545453,0.5454545454545454,0.45,1.0,1.0,0.525,0.4078947368421053,0.0
20260629_202157_89a44e2f,20260629_202157_89a44e2f_g0013,13,1937887573,3,32,32,32,1,3,YELLOW,pool_peer_500ms,2,3,[3],1,102,1,"{""1"": 86, ""2"": 69, ""3"": 102, ""4"": 76}",False,20.0,-41.0,0.0,18.0,7.0,0.0175,97.0,39.625,99.875,14.0,12.0,20.25,43.0,10.625,437.0,119.875,8.0,13.0,48.0,1.0,1.0,2.0,6.0,3.0,0.0,0.0,0.0,32.0,32.0,0.3925,0.38095238095238093,0.0128,0.0128,0.1,0.45454545454545453,0.5454545454545454,0.5,1.0,1.0,0.5083333333333333,0.5671052631578948,0.0
20260629_202157_89a44e2f,20260629_202157_89a44e2f_g0013,13,1937887573,3,32,32,32,1,4,GREEN,champ_v3,3,3,[3],0,76,3,"{""1"": 86, ""2"": 69, ""3"": 102, ""4"": 76}",False,23.0,-35.0,1.0,12.0,7.0,0.0175,237.0,83.25,241.5,22.0,25.0,45.0,77.0,72.5,297.0,264.5,8.0,13.0,50.0,1.0,1.0,2.0,4.0,5.0,0.0,0.0,0.0,32.0,32.0,0.3925,0.38095238095238093,0.0128,0.0128,0.095,0.4318181818181818,0.5681818181818182,0.575,1.0,1.0,0.4833333333333333,0.5595567867036011,0.0
20260629_202157_89a44e2f,20260629_202157_89a44e2f_g0013,13,1937887573,4,40,40,40,1,1,RED,pool_heuristic,0,3,[3],0,86,2,"{""1"": 86, ""2"": 69, ""3"": 102, ""4"": 76}",False,24.0,-40.0,0.0,26.0,14.0,0.035,98.0,43.375,97.75,19.0,13.0,21.75,36.5,7.5,235.0,121.75,10.0,11.0,39.0,1.0,1.0,2.0,5.0,2.0,1.0,0.0,0.0,40.0,40.0,0.48,0.47619047619047616,0.016,0.016,0.1225,0.5568181818181818,0.4431818181818182,0.6,1.0,1.0,0.5333333333333333,0.547798066595059,0.0
20260629_202157_89a44e2f,20260629_202157_89a44e2f_g0013,13,1937887573,4,40,40,40,1,2,BLUE,pool_l45_100ms,1,3,[3],0,69,4,"{""1"": 86, ""2"": 69, ""3"": 102, ""4"": 76}",False,14.0,-60.0,6.0,11.0,14.0,0.035,30.0,19.125,29.5,13.0,6.0,6.0,4.5,0.0,303.0,43.5,10.0,11.0,38.0,1.0,1.0,2.0,6.0,1.0,0.0,0.0,0.0,40.0,40.0,0.48,0.47619047619047616,0.016,0.016,0.125,0.5681818181818182,0.4318181818181818,0.35,0.8333333333333334,1.0,0.6166666666666667,0.41052631578947374,0.0
20260629_202157_89a44e2f,20260629_202157_89a44e2f_g0013,13,1937887573,4,40,40,40,1,3,YELLOW,pool_peer_500ms,2,3,[3],1,102,1,"{""1"": 86, ""2"": 69, ""3"": 102, ""4"": 76}",False,25.0,-38.0,0.0,23.0,14.0,0.035,95.0,41.625,90.0,19.0,14.0,22.5,24.5,10.0,238.0,115.0,10.0,11.0,40.0,1.0,1.0,2.0,4.0,3.0,0.0,0.0,0.0,40.0,40.0,0.48,0.47619047619047616,0.016,0.016,0.12,0.5454545454545454,0.45454545454545453,0.625,1.0,1.0,0.525,0.5767543859649122,0.0
20260629_202157_89a44e2f,20260629_202157_89a44e2f_g0013,13,1937887573,4,40,40,40,1,4,GREEN,champ_v3,3,3,[3],0,76,3,"{""1"": 86, ""2"": 69, ""3"": 102, ""4"": 76}",False,25.0,-38.0,1.0,22.0,14.0,0.035,110.0,53.125,126.125,23.0,20.0,13.5,34.0,35.625,223.0,151.125,10.0,11.0,43.0,1.0,1.0,1.0,3.0,5.0,0.0,0.0,0.0,40.0,40.0,0.48,0.47619047619047616,0.016,0.016,0.1125,0.5113636363636364,0.48863636363636365,0.625,1.0,1.0,0.525,0.5508771929824561,0.0
20260629_202157_89a44e2f,20260629_202157_89a44e2f_g0013,13,1937887573,5,48,48,48,1,1,RED,pool_heuristic,0,3,[3],0,86,2,"{""1"": 86, ""2"": 69, ""3"": 102, ""4"": 76}",False,27.0,-31.0,0.0,38.0,17.0,0.0425,46.0,30.75,48.75,20.0,12.0,8.25,6.0,2.5,121.0,75.75,12.0,9.0,30.0,1.0,1.0,2.0,4.0,1.0,0.0,0.0,0.0,48.0,48.0,0.5675,0.5714285714285714,0.0192,0.0192,0.145,0.6590909090909091,0.3409090909090909,0.675,0.9666666666666667,1.0,0.4833333333333333,0.5471869328493648,0.0
20260629_202157_89a44e2f,20260629_202157_89a44e2f_g0013,13,1937887573,5,48,48,48,1,2,BLUE,pool_l45_100ms,1,3,[3],0,69,4,"{""1"": 86, ""2"": 69, ""3"": 102, ""4"": 76}",False,10.0,-65.0,3.0,16.0,17.0,0.0425,13.0,11.5,13.0,10.0,3.0,0.0,0.0,0.0,154.0,23.0,12.0,9.0,30.0,1.0,1.0,2.0,4.0,1.0,0.0,0.0,0.0,48.0,48.0,0.5675,0.5714285714285714,0.0192,0.0192,0.145,0.6590909090909091,0.3409090909090909,0.25,0.7,1.0,0.625,0.41833030852994557,0.0
20260629_202157_89a44e2f,20260629_202157_89a44e2f_g0013,13,1937887573,5,48,48,48,1,3,YELLOW,pool_peer_500ms,2,3,[3],1,102,1,"{""1"": 86, ""2"": 69, ""3"": 102, ""4"": 76}",False,28.0,-29.0,0.0,36.0,17.0,0.0425,57.0,32.625,58.0,19.0,14.0,6.0,16.5,2.5,110.0,86.0,12.0,9.0,32.0,1.0,1.0,1.0,4.0,2.0,0.0,0.0,0.0,48.0,48.0,0.5675,0.5714285714285714,0.0192,0.0192,0.14,0.6363636363636364,0.36363636363636365,0.7,1.0,1.0,0.475,0.5347744360902256,0.0
20260629_202157_89a44e2f,20260629_202157_89a44e2f_g0013,13,1937887573,5,48,48,48,1,4,GREEN,champ_v3,3,3,[3],0,76,3,"{""1"": 86, ""2"": 69, ""3"": 102, ""4"": 76}",False,20.0,-45.0,1.0,31.0,17.0,0.0425,51.0,26.75,52.375,15.0,9.0,6.0,15.5,6.875,116.0,72.375,12.0,9.0,33.0,1.0,1.0,1.0,3.0,3.0,0.0,0.0,0.0,48.0,48.0,0.5675,0.5714285714285714,0.0192,0.0192,0.1375,0.625,0.375,0.5,0.9833333333333333,1.0,0.5416666666666667,0.5157894736842106,0.0
20260629_202157_89a44e2f,20260629_202157_89a44e2f_g0013,13,1937887573,6,56,56,56,1,1,RED,pool_heuristic,0,3,[3],0,86,2,"{""1"": 86, ""2"": 69, ""3"": 102, ""4"": 76}",False,27.0,-29.0,0.0,43.0,22.0,0.055,35.0,26.75,35.25,20.0,10.0,5.25,0.0,0.0,39.0,62.25,14.0,7.0,22.0,1.0,1.0,2.0,2.0,1.0,0.0,0.0,0.0,56.0,56.0,0.6275,0.6666666666666666,0.0224,0.0224,0.165,0.75,0.25,0.675,0.7833333333333333,1.0,0.4666666666666667,0.5191387559808612,0.0
20260629_202157_89a44e2f,20260629_202157_89a44e2f_g0013,13,1937887573,6,56,56,56,1,2,BLUE,pool_l45_100ms,1,3,[3],0,69,4,"{""1"": 86, ""2"": 69, ""3"": 102, ""4"": 76}",False,10.0,-63.0,3.0,21.0,22.0,0.055,1.0,0.25,0.75,0.0,0.0,0.75,0.0,0.0,73.0,10.75,14.0,7.0,27.0,0.0,0.0,2.0,4.0,1.0,0.0,0.0,0.0,56.0,56.0,0.6275,0.6666666666666666,0.0224,0.0224,0.1525,0.6931818181818182,0.3068181818181818,0.25,0.65,1.0,0.6083333333333333,0.4253666954270924,0.0
20260629_202157_89a44e2f,20260629_202157_89a44e2f_g0013,13,1937887573,6,56,56,56,1,3,YELLOW,pool_peer_500ms,2,3,[3],1,102,1,"{""1"": 86, ""2"": 69, ""3"": 102, ""4"": 76}",False,27.0,-29.0,0.0,45.0,22.0,0.055,33.0,25.125,35.5,18.0,9.0,6.0,2.5,0.0,41.0,62.5,14.0,7.0,24.0,1.0,1.0,1.0,2.0,2.0,0.0,0.0,0.0,56.0,56.0,0.6275,0.6666666666666666,0.0224,0.0224,0.16,0.7272727272727273,0.2727272727272727,0.675,0.9666666666666667,1.0,0.4666666666666667,0.5164473684210527,0.0
20260629_202157_89a44e2f,20260629_202157_89a44e2f_g0013,13,1937887573,6,56,56,56,1,4,GREEN,champ_v3,3,3,[3],0,76,3,"{""1"": 86, ""2"": 69, ""3"": 102, ""4"": 76}",False,19.0,-45.0,1.0,37.0,22.0,0.055,5.0,2.5,5.0,0.0,5.0,0.0,0.0,0.0,69.0,24.0,14.0,7.0,28.0,0.0,1.0,1.0,2.0,3.0,0.0,0.0,0.0,56.0,56.0,0.6275,0.6666666666666666,0.0224,0.0224,0.15,0.6818181818181818,0.3181818181818182,0.475,0.6,1.0,0.5333333333333333,0.5149122807017543,0.0
20260629_202157_89a44e2f,20260629_202157_89a44e2f_g0013,13,1937887573,7,64,64,65,2,1,RED,pool_heuristic,0,3,[3],0,86,2,"{""1"": 86, ""2"": 69, ""3"": 102, ""4"": 76}",False,20.0,-37.0,0.0,51.0,24.0,0.06,1.0,0.5,1.5,0.0,0.0,1.5,0.0,0.0,24.0,21.5,17.0,4.0,16.0,0.0,0.0,1.0,2.0,1.0,0.0,0.0,0.0,64.0,65.0,0.68,0.8095238095238095,0.026,0.0256,0.18,0.8181818181818182,0.18181818181818182,0.5,0.5833333333333334,1.0,0.475,0.513157894736842,0.0
20260629_202157_89a44e2f,20260629_202157_89a44e2f_g0013,13,1937887573,7,64,64,65,2,2,BLUE,pool_l45_100ms,1,3,[3],0,69,4,"{""1"": 86, ""2"": 69, ""3"": 102, ""4"": 76}",False,11.0,-55.0,3.0,31.0,24.0,0.06,0.0,0.0,0.0,0.0,0.0,0.0,0.0,0.0,25.0,11.0,15.0,6.0,24.0,0.0,0.0,1.0,4.0,1.0,0.0,0.0,0.0,64.0,65.0,0.68,0.7142857142857143,0.026,0.0256,0.16,0.7272727272727273,0.2727272727272727,0.275,0.5166666666666667,1.0,0.55,0.428453947368421,0.0
20260629_202157_89a44e2f,20260629_202157_89a44e2f_g0013,13,1937887573,7,64,64,65,2,3,YELLOW,pool_peer_500ms,2,3,[3],1,102,1,"{""1"": 86, ""2"": 69, ""3"": 102, ""4"": 76}",False,26.0,-25.0,0.0,56.0,24.0,0.06,24.0,17.875,22.5,14.0,7.0,0.0,1.5,0.0,1.0,48.5,16.0,5.0,17.0,1.0,1.0,0.0,1.0,2.0,0.0,0.0,0.0,64.0,65.0,0.68,0.7619047619047619,0.026,0.0256,0.1775,0.8068181818181818,0.19318181818181818,0.65,0.8333333333333334,1.0,0.425,0.5114899925871016,0.0
20260629_202157_89a44e2f,20260629_202157_89a44e2f_g0013,13,1937887573,7,64,64,65,2,4,GREEN,champ_v3,3,3,[3],0,76,3,"{""1"": 86, ""2"": 69, ""3"": 102, ""4"": 76}",False,20.0,-37.0,1.0,44.0,24.0,0.06,0.0,0.0,0.0,0.0,0.0,0.0,0.0,0.0,25.0,20.0,16.0,5.0,23.0,0.0,0.0,0.0,2.0,3.0,0.0,0.0,0.0,64.0,65.0,0.68,0.7619047619047619,0.026,0.0256,0.1625,0.7386363636363636,0.26136363636363635,0.5,0.6666666666666666,1.0,0.475,0.5279352226720648,0.0
20260629_202157_89a44e2f,20260629_202157_89a44e2f_g0014,14,207308786,0,8,8,8,1,1,RED,pool_l45_100ms,0,2,[2],0,90,3,"{""1"": 90, ""2"": 103, ""3"": 97, ""4"": 72}",False,6.0,-19.0,9.0,0.0,1.0,0.0025,388.0,90.5,366.25,6.0,10.0,28.5,113.0,208.75,1503.0,372.25,2.0,19.0,78.0,1.0,1.0,2.0,6.0,9.0,1.0,1.0,0.0,8.0,8.0,0.1,0.09523809523809523,0.0032,0.0032,0.025,0.11363636363636363,0.8863636363636364,0.15,1.0,1.0,0.20833333333333334,0.20526315789473681,0.0
20260629_202157_89a44e2f,20260629_202157_89a44e2f_g0014,14,207308786,0,8,8,8,1,2,BLUE,pool_peer_500ms,1,2,[2],1,103,1,"{""1"": 90, ""2"": 103, ""3"": 97, ""4"": 72}",False,9.0,-13.0,9.0,0.0,1.0,0.0025,543.0,122.625,488.75,9.0,15.0,41.25,153.5,270.0,1348.0,497.75,2.0,19.0,78.0,1.0,1.0,2.0,6.0,9.0,1.0,0.0,0.0,8.0,8.0,0.1,0.09523809523809523,0.0032,0.0032,0.025,0.11363636363636363,0.8863636363636364,0.225,1.0,1.0,0.18333333333333332,0.23684210526315785,0.0
20260629_202157_89a44e2f,20260629_202157_89a44e2f_g0014,14,207308786,0,8,8,8,1,3,YELLOW,champ_v3,2,2,[2],0,97,2,"{""1"": 90, ""2"": 103, ""3"": 97, ""4"": 72}",False,9.0,-13.0,9.0,0.0,1.0,0.0025,543.0,122.625,488.75,9.0,15.0,41.25,153.5,270.0,1348.0,497.75,2.0,19.0,78.0,1.0,1.0,2.0,6.0,9.0,1.0,0.0,0.0,8.0,8.0,0.1,0.09523809523809523,0.0032,0.0032,0.025,0.11363636363636363,0.8863636363636364,0.225,1.0,1.0,0.18333333333333332,0.23684210526315785,0.0
20260629_202157_89a44e2f,20260629_202157_89a44e2f_g0014,14,207308786,0,8,8,8,1,4,GREEN,pool_heuristic,3,2,[2],0,72,4,"{""1"": 90, ""2"": 103, ""3"": 97, ""4"": 72}",False,7.0,-17.0,9.0,0.0,1.0,0.0025,417.0,107.875,436.25,7.0,12.0,34.5,136.5,246.25,1474.0,443.25,2.0,19.0,78.0,1.0,1.0,2.0,6.0,9.0,1.0,1.0,1.0,8.0,8.0,0.1,0.09523809523809523,0.0032,0.0032,0.025,0.11363636363636363,0.8863636363636364,0.175,1.0,1.0,0.2,0.22631578947368425,0.0
20260629_202157_89a44e2f,20260629_202157_89a44e2f_g0014,14,207308786,1,16,16,16,1,1,RED,pool_l45_100ms,0,2,[2],0,90,3,"{""1"": 90, ""2"": 103, ""3"": 97, ""4"": 72}",False,10.0,-34.0,7.0,0.0,1.0,0.0025,513.0,119.875,460.375,10.0,17.0,45.0,174.0,214.375,2036.0,470.375,4.0,17.0,68.0,1.0,1.0,2.0,6.0,7.0,1.0,0.0,0.0,16.0,16.0,0.2,0.19047619047619047,0.0064,0.0064,0.05,0.22727272727272727,0.7727272727272727,0.25,1.0,1.0,0.36666666666666664,0.3236842105263158,0.0
20260629_202157_89a44e2f,20260629_202157_89a44e2f_g0014,14,207308786,1,16,16,16,1,2,BLUE,pool_peer_500ms,1,2,[2],1,103,1,"{""1"": 90, ""2"": 103, ""3"": 97, ""4"": 72}",False,16.0,-22.0,0.0,2.0,1.0,0.0025,721.0,179.875,699.375,14.0,24.0,67.5,252.0,341.875,1828.0,715.375,4.0,17.0,68.0,1.0,1.0,2.0,6.0,7.0,1.0,0.0,0.0,16.0,16.0,0.2,0.19047619047619047,0.0064,0.0064,0.05,0.22727272727272727,0.7727272727272727,0.4,1.0,1.0,0.31666666666666665,0.49473684210526314,0.0
20260629_202157_89a44e2f,20260629_202157_89a44e2f_g0014,14,207308786,1,16,16,16,1,3,YELLOW,champ_v3,2,2,[2],0,97,2,"{""1"": 90, ""2"": 103, ""3"": 97, ""4"": 72}",False,15.0,-24.0,1.0,2.0,1.0,0.0025,769.0,192.25,741.125,15.0,27.0,75.75,276.5,346.875,1780.0,756.125,4.0,17.0,68.0,1.0,1.0,2.0,6.0,7.0,1.0,0.0,0.0,16.0,16.0,0.2,0.19047619047619047,0.0064,0.0064,0.05,0.22727272727272727,0.7727272727272727,0.375,1.0,1.0,0.325,0.4894736842105264,0.0
20260629_202157_89a44e2f,20260629_202157_89a44e2f_g0014,14,207308786,1,16,16,16,1,4,GREEN,pool_heuristic,3,2,[2],0,72,4,"{""1"": 90, ""2"": 103, ""3"": 97, ""4"": 72}",False,13.0,-28.0,5.0,0.0,1.0,0.0025,546.0,144.0,548.75,13.0,20.0,55.5,209.0,251.25,2003.0,561.75,4.0,17.0,68.0,1.0,1.0,2.0,6.0,7.0,1.0,1.0,0.0,16.0,16.0,0.2,0.19047619047619047,0.0064,0.0064,0.05,0.22727272727272727,0.7727272727272727,0.325,1.0,1.0,0.3416666666666667,0.41052631578947374,0.0
20260629_202157_89a44e2f,20260629_202157_89a44e2f_g0014,14,207308786,2,24,24,24,1,1,RED,pool_l45_100ms,0,2,[2],0,90,3,"{""1"": 90, ""2"": 103, ""3"": 97, ""4"": 72}",False,13.0,-43.0,4.0,3.0,3.0,0.0075,301.0,77.5,268.875,11.0,15.0,34.5,116.5,91.875,1259.0,281.875,6.0,15.0,58.0,1.0,1.0,2.0,6.0,5.0,0.0,0.0,0.0,24.0,24.0,0.2975,0.2857142857142857,0.0096,0.0096,0.075,0.3409090909090909,0.6590909090909091,0.325,1.0,1.0,0.4666666666666667,0.4035087719298245,0.0
20260629_202157_89a44e2f,20260629_202157_89a44e2f_g0014,14,207308786,2,24,24,24,1,2,BLUE,pool_peer_500ms,1,2,[2],1,103,1,"{""1"": 90, ""2"": 103, ""3"": 97, ""4"": 72}",False,19.0,-31.0,0.0,9.0,3.0,0.0075,683.0,186.25,690.25,19.0,33.0,81.75,244.0,312.5,877.0,709.25,6.0,15.0,59.0,1.0,1.0,2.0,5.0,6.0,1.0,0.0,0.0,24.0,24.0,0.2975,0.2857142857142857,0.0096,0.0096,0.0725,0.32954545454545453,0.6704545454545454,0.475,1.0,1.0,0.4166666666666667,0.5843920145190562,0.0
20260629_202157_89a44e2f,20260629_202157_89a44e2f_g0014,14,207308786,2,24,24,24,1,3,YELLOW,champ_v3,2,2,[2],0,97,2,"{""1"": 90, ""2"": 103, ""3"": 97, ""4"": 72}",False,20.0,-29.0,1.0,12.0,3.0,0.0075,342.0,105.0,356.25,17.0,23.0,45.75,143.0,127.5,1218.0,376.25,6.0,15.0,58.0,1.0,1.0,2.0,6.0,5.0,1.0,0.0,0.0,24.0,24.0,0.2975,0.2857142857142857,0.0096,0.0096,0.075,0.3409090909090909,0.6590909090909091,0.5,1.0,1.0,0.4083333333333333,0.5789473684210527,0.0
20260629_202157_89a44e2f,20260629_202157_89a44e2f_g0014,14,207308786,2,24,24,24,1,4,GREEN,pool_heuristic,3,2,[2],0,72,4,"{""1"": 90, ""2"": 103, ""3"": 97, ""4"": 72}",False,17.0,-35.0,4.0,7.0,3.0,0.0075,234.0,75.125,245.875,15.0,14.0,33.0,107.0,76.875,1326.0,262.875,6.0,15.0,58.0,1.0,1.0,2.0,6.0,5.0,1.0,1.0,0.0,24.0,24.0,0.2975,0.2857142857142857,0.0096,0.0096,0.075,0.3409090909090909,0.6590909090909091,0.425,1.0,1.0,0.4333333333333333,0.45438596491228067,0.0
20260629_202157_89a44e2f,20260629_202157_89a44e2f_g0014,14,207308786,3,32,32,32,1,1,RED,pool_l45_100ms,0,2,[2],0,90,3,"{""1"": 90, ""2"": 103, ""3"": 97, ""4"": 72}",False,16.0,-47.0,4.0,10.0,3.0,0.0075,110.0,42.75,116.875,11.0,14.0,26.25,57.5,8.125,683.0,132.875,8.0,13.0,48.0,1.0,1.0,2.0,6.0,3.0,0.0,0.0,0.0,32.0,32.0,0.3975,0.38095238095238093,0.0128,0.0128,0.1,0.45454545454545453,0.5454545454545454,0.4,1.0,1.0,0.525,0.4276315789473685,0.0
20260629_202157_89a44e2f,20260629_202157_89a44e2f_g0014,14,207308786,3,32,32,32,1,2,BLUE,pool_peer_500ms,1,2,[2],1,103,1,"{""1"": 90, ""2"": 103, ""3"": 97, ""4"": 72}",False,21.0,-37.0,0.0,20.0,3.0,0.0075,304.0,92.5,297.25,18.0,22.0,45.0,121.0,91.25,489.0,318.25,8.0,13.0,49.0,1.0,1.0,2.0,5.0,4.0,0.0,0.0,0.0,32.0,32.0,0.3975,0.38095238095238093,0.0128,0.0128,0.0975,0.4431818181818182,0.5568181818181818,0.525,1.0,1.0,0.4833333333333333,0.573549257759784,0.0
20260629_202157_89a44e2f,20260629_202157_89a44e2f_g0014,14,207308786,3,32,32,32,1,3,YELLOW,champ_v3,2,2,[2],0,97,2,"{""1"": 90, ""2"": 103, ""3"": 97, ""4"": 72}",False,25.0,-29.0,1.0,20.0,3.0,0.0075,291.0,103.0,318.25,22.0,26.0,49.5,147.0,73.75,502.0,343.25,8.0,13.0,48.0,1.0,1.0,2.0,6.0,3.0,1.0,0.0,0.0,32.0,32.0,0.3975,0.38095238095238093,0.0128,0.0128,0.1,0.45454545454545453,0.5454545454545454,0.625,1.0,1.0,0.45,0.6144736842105263,0.0
20260629_202157_89a44e2f,20260629_202157_89a44e2f_g0014,14,207308786,3,32,32,32,1,4,GREEN,pool_heuristic,3,2,[2],0,72,4,"{""1"": 90, ""2"": 103, ""3"": 97, ""4"": 72}",False,17.0,-45.0,4.0,7.0,3.0,0.0075,88.0,36.5,93.0,15.0,7.0,15.0,36.0,20.0,705.0,110.0,8.0,13.0,48.0,1.0,1.0,2.0,6.0,3.0,0.0,1.0,0.0,32.0,32.0,0.3975,0.38095238095238093,0.0128,0.0128,0.1,0.45454545454545453,0.5454545454545454,0.425,1.0,1.0,0.5166666666666667,0.4447368421052631,0.0
20260629_202157_89a44e2f,20260629_202157_89a44e2f_g0014,14,207308786,4,40,40,40,1,1,RED,pool_l45_100ms,0,2,[2],0,90,3,"{""1"": 90, ""2"": 103, ""3"": 97, ""4"": 72}",False,13.0,-56.0,4.0,14.0,23.0,0.0575,53.0,21.875,55.0,7.0,8.0,12.0,25.5,2.5,442.0,68.0,10.0,11.0,38.0,1.0,1.0,2.0,6.0,1.0,0.0,0.0,0.0,40.0,40.0,0.495,0.47619047619047616,0.016,0.016,0.125,0.5681818181818182,0.4318181818181818,0.325,0.9666666666666667,1.0,0.575,0.40315789473684216,0.0
20260629_202157_89a44e2f,20260629_202157_89a44e2f_g0014,14,207308786,4,40,40,40,1,2,BLUE,pool_peer_500ms,1,2,[2],1,103,1,"{""1"": 90, ""2"": 103, ""3"": 97, ""4"": 72}",False,22.0,-38.0,0.0,32.0,23.0,0.0575,154.0,62.0,166.0,19.0,18.0,33.0,76.0,20.0,341.0,188.0,10.0,11.0,39.0,1.0,1.0,2.0,5.0,2.0,0.0,0.0,0.0,40.0,40.0,0.495,0.47619047619047616,0.016,0.016,0.1225,0.5568181818181818,0.4431818181818182,0.55,1.0,1.0,0.5,0.6058002148227712,0.0
20260629_202157_89a44e2f,20260629_202157_89a44e2f_g0014,14,207308786,4,40,40,40,1,3,YELLOW,champ_v3,2,2,[2],0,97,2,"{""1"": 90, ""2"": 103, ""3"": 97, ""4"": 72}",False,29.0,-24.0,1.0,29.0,23.0,0.0575,229.0,85.25,238.0,23.0,24.0,48.0,113.0,30.0,266.0,267.0,10.0,11.0,39.0,1.0,1.0,2.0,5.0,2.0,0.0,0.0,0.0,40.0,40.0,0.495,0.47619047619047616,0.016,0.016,0.1225,0.5568181818181818,0.4431818181818182,0.725,1.0,1.0,0.4416666666666667,0.6079484425349087,0.0
20260629_202157_89a44e2f,20260629_202157_89a44e2f_g0014,14,207308786,4,40,40,40,1,4,GREEN,pool_heuristic,3,2,[2],0,72,4,"{""1"": 90, ""2"": 103, ""3"": 97, ""4"": 72}",False,18.0,-46.0,4.0,12.0,23.0,0.0575,59.0,28.75,60.0,15.0,7.0,10.5,25.0,2.5,436.0,78.0,10.0,11.0,38.0,1.0,1.0,2.0,6.0,1.0,0.0,0.0,0.0,40.0,40.0,0.495,0.47619047619047616,0.016,0.016,0.125,0.5681818181818182,0.4318181818181818,0.45,1.0,1.0,0.5333333333333333,0.4178947368421052,0.0
20260629_202157_89a44e2f,20260629_202157_89a44e2f_g0014,14,207308786,5,48,48,48,1,1,RED,pool_l45_100ms,0,2,[2],0,90,3,"{""1"": 90, ""2"": 103, ""3"": 97, ""4"": 72}",False,14.0,-56.0,4.0,21.0,28.0,0.07,35.0,17.0,35.0,8.0,6.0,9.0,12.0,0.0,166.0,49.0,12.0,9.0,29.0,1.0,1.0,2.0,5.0,0.0,0.0,0.0,0.0,48.0,48.0,0.585,0.5714285714285714,0.0192,0.0192,0.1475,0.6704545454545454,0.32954545454545453,0.35,0.8333333333333334,0.8,0.5833333333333333,0.41391614629794826,0.0
20260629_202157_89a44e2f,20260629_202157_89a44e2f_g0014,14,207308786,5,48,48,48,1,2,BLUE,pool_peer_500ms,1,2,[2],1,103,1,"{""1"": 90, ""2"": 103, ""3"": 97, ""4"": 72}",False,23.0,-38.0,0.0,42.0,28.0,0.07,70.0,40.25,84.75,19.0,14.0,20.25,24.0,7.5,131.0,107.75,12.0,9.0,30.0,1.0,1.0,2.0,4.0,1.0,0.0,0.0,0.0,48.0,48.0,0.585,0.5714285714285714,0.0192,0.0192,0.145,0.6590909090909091,0.3409090909090909,0.575,1.0,1.0,0.5083333333333333,0.5925589836660616,0.0
20260629_202157_89a44e2f,20260629_202157_89a44e2f_g0014,14,207308786,5,48,48,48,1,3,YELLOW,champ_v3,2,2,[2],0,97,2,"{""1"": 90, ""2"": 103, ""3"": 97, ""4"": 72}",False,28.0,-28.0,1.0,43.0,28.0,0.07,74.0,36.25,76.5,17.0,12.0,19.5,23.0,5.0,127.0,104.5,12.0,9.0,30.0,1.0,1.0,2.0,4.0,1.0,0.0,0.0,0.0,48.0,48.0,0.585,0.5714285714285714,0.0192,0.0192,0.145,0.6590909090909091,0.3409090909090909,0.7,1.0,1.0,0.4666666666666667,0.6016333938294012,0.0
20260629_202157_89a44e2f,20260629_202157_89a44e2f_g0014,14,207308786,5,48,48,48,1,4,GREEN,pool_heuristic,3,2,[2],0,72,4,"{""1"": 90, ""2"": 103, ""3"": 97, ""4"": 72}",False,19.0,-46.0,4.0,25.0,28.0,0.07,22.0,15.75,21.5,12.0,4.0,4.5,1.0,0.0,179.0,40.5,12.0,9.0,29.0,1.0,1.0,2.0,5.0,0.0,0.0,0.0,0.0,48.0,48.0,0.585,0.5714285714285714,0.0192,0.0192,0.1475,0.6704545454545454,0.32954545454545453,0.475,1.0,0.8,0.5416666666666667,0.4264049955396967,0.0
20260629_202157_89a44e2f,20260629_202157_89a44e2f_g0014,14,207308786,6,56,56,56,1,1,RED,pool_l45_100ms,0,2,[2],0,90,3,"{""1"": 90, ""2"": 103, ""3"": 97, ""4"": 72}",False,15.0,-55.0,1.0,37.0,25.0,0.0625,16.0,11.75,16.0,9.0,3.0,3.0,1.0,0.0,96.0,31.0,14.0,7.0,21.0,1.0,1.0,2.0,3.0,0.0,0.0,0.0,0.0,56.0,56.0,0.66,0.6666666666666666,0.0224,0.0224,0.1675,0.7613636363636364,0.23863636363636365,0.375,0.95,0.8,0.5833333333333333,0.43047918303220734,0.0
20260629_202157_89a44e2f,20260629_202157_89a44e2f_g0014,14,207308786,6,56,56,56,1,2,BLUE,pool_peer_500ms,1,2,[2],1,103,1,"{""1"": 90, ""2"": 103, ""3"": 97, ""4"": 72}",False,25.0,-35.0,0.0,59.0,25.0,0.0625,54.0,34.75,65.25,19.0,13.0,15.75,10.0,7.5,58.0,90.25,14.0,7.0,22.0,1.0,1.0,2.0,2.0,1.0,0.0,0.0,0.0,56.0,56.0,0.66,0.6666666666666666,0.0224,0.0224,0.165,0.75,0.25,0.625,0.9833333333333333,1.0,0.5,0.5789473684210527,0.0
20260629_202157_89a44e2f,20260629_202157_89a44e2f_g0014,14,207308786,6,56,56,56,1,3,YELLOW,champ_v3,2,2,[2],0,97,2,"{""1"": 90, ""2"": 103, ""3"": 97, ""4"": 72}",False,28.0,-29.0,1.0,53.0,25.0,0.0625,40.0,25.5,44.5,15.0,8.0,13.5,8.0,0.0,72.0,72.5,14.0,7.0,21.0,1.0,1.0,2.0,3.0,0.0,0.0,0.0,0.0,56.0,56.0,0.66,0.6666666666666666,0.0224,0.0224,0.1675,0.7613636363636364,0.23863636363636365,0.7,1.0,0.8,0.475,0.5765907305577376,0.0
20260629_202157_89a44e2f,20260629_202157_89a44e2f_g0014,14,207308786,6,56,56,56,1,4,GREEN,pool_heuristic,3,2,[2],0,72,4,"{""1"": 90, ""2"": 103, ""3"": 97, ""4"": 72}",False,17.0,-51.0,4.0,28.0,25.0,0.0625,2.0,0.75,1.75,0.0,1.0,0.75,0.0,0.0,110.0,18.75,14.0,7.0,24.0,0.0,1.0,2.0,4.0,0.0,0.0,0.0,0.0,56.0,56.0,0.66,0.6666666666666666,0.0224,0.0224,0.16,0.7272727272727273,0.2727272727272727,0.425,1.0,0.8,0.5666666666666667,0.4185855263157895,0.0
20260629_202157_89a44e2f,20260629_202157_89a44e2f_g0014,14,207308786,7,64,64,65,2,1,RED,pool_l45_100ms,0,2,[2],0,90,3,"{""1"": 90, ""2"": 103, ""3"": 97, ""4"": 72}",False,13.0,-53.0,0.0,47.0,32.0,0.08,7.0,7.0,7.0,7.0,0.0,0.0,0.0,0.0,39.0,20.0,17.0,4.0,12.0,1.0,0.0,1.0,2.0,0.0,0.0,0.0,0.0,64.0,65.0,0.7225,0.8095238095238095,0.026,0.0256,0.19,0.8636363636363636,0.13636363636363635,0.325,0.31666666666666665,0.8,0.55,0.43282548476454286,0.0
20260629_202157_89a44e2f,20260629_202157_89a44e2f_g0014,14,207308786,7,64,64,65,2,2,BLUE,pool_peer_500ms,1,2,[2],1,103,1,"{""1"": 90, ""2"": 103, ""3"": 97, ""4"": 72}",False,24.0,-31.0,0.0,67.0,32.0,0.08,16.0,7.25,20.25,0.0,6.0,9.75,2.0,2.5,30.0,44.25,16.0,5.0,17.0,0.0,1.0,2.0,1.0,1.0,0.0,0.0,0.0,64.0,65.0,0.7225,0.7619047619047619,0.026,0.0256,0.1775,0.8068181818181818,0.19318181818181818,0.6,0.75,1.0,0.4583333333333333,0.5841363973313566,0.0
20260629_202157_89a44e2f,20260629_202157_89a44e2f_g0014,14,207308786,7,64,64,65,2,3,YELLOW,champ_v3,2,2,[2],0,97,2,"{""1"": 90, ""2"": 103, ""3"": 97, ""4"": 72}",False,27.0,-25.0,1.0,61.0,32.0,0.08,23.0,15.5,24.0,10.0,5.0,9.0,0.0,0.0,23.0,51.0,16.0,5.0,13.0,1.0,1.0,2.0,1.0,0.0,0.0,0.0,0.0,64.0,65.0,0.7225,0.7619047619047619,0.026,0.0256,0.1875,0.8522727272727273,0.14772727272727273,0.675,0.8333333333333334,0.8,0.4333333333333333,0.5677192982456141,0.0
20260629_202157_89a44e2f,20260629_202157_89a44e2f_g0014,14,207308786,7,64,64,65,2,4,GREEN,pool_heuristic,3,2,[2],0,72,4,"{""1"": 90, ""2"": 103, ""3"": 97, ""4"": 72}",False,15.0,-49.0,4.0,31.0,32.0,0.08,0.0,0.0,0.0,0.0,0.0,0.0,0.0,0.0,46.0,15.0,15.0,6.0,21.0,0.0,1.0,1.0,4.0,0.0,0.0,0.0,0.0,64.0,65.0,0.7225,0.7142857142857143,0.026,0.0256,0.1675,0.7613636363636364,0.23863636363636365,0.375,0.65,0.8,0.5333333333333333,0.42105263157894735,0.0
20260629_202157_89a44e2f,20260629_202157_89a44e2f_g0015,15,656397881,0,8,8,8,1,1,RED,pool_peer_500ms,0,1,[1],1,101,1,"{""1"": 101, ""2"": 100, ""3"": 81, ""4"": 68}",False,9.0,-11.0,9.0,0.0,0.0,0.0,543.0,122.625,488.75,9.0,15.0,41.25,153.5,270.0,1283.0,497.75,2.0,19.0,78.0,1.0,1.0,2.0,6.0,9.0,1.0,0.0,0.0,8.0,8.0,0.1,0.09523809523809523,0.0032,0.0032,0.025,0.11363636363636363,0.8863636363636364,0.225,1.0,1.0,0.16666666666666669,0.23684210526315785,0.0
20260629_202157_89a44e2f,20260629_202157_89a44e2f_g0015,15,656397881,0,8,8,8,1,2,BLUE,champ_v3,1,1,[1],0,100,2,"{""1"": 101, ""2"": 100, ""3"": 81, ""4"": 68}",False,9.0,-11.0,9.0,0.0,0.0,0.0,543.0,122.625,488.75,9.0,15.0,41.25,153.5,270.0,1283.0,497.75,2.0,19.0,78.0,1.0,1.0,2.0,6.0,9.0,1.0,0.0,0.0,8.0,8.0,0.1,0.09523809523809523,0.0032,0.0032,0.025,0.11363636363636363,0.8863636363636364,0.225,1.0,1.0,0.16666666666666669,0.23684210526315785,0.0
20260629_202157_89a44e2f,20260629_202157_89a44e2f_g0015,15,656397881,0,8,8,8,1,3,YELLOW,pool_heuristic,2,1,[1],0,81,3,"{""1"": 101, ""2"": 100, ""3"": 81, ""4"": 68}",False,4.0,-21.0,8.0,0.0,0.0,0.0,296.0,69.25,285.0,4.0,7.0,20.25,85.0,168.75,1530.0,289.0,2.0,19.0,78.0,1.0,1.0,2.0,6.0,9.0,1.0,1.0,1.0,8.0,8.0,0.1,0.09523809523809523,0.0032,0.0032,0.025,0.11363636363636363,0.8863636363636364,0.1,1.0,1.0,0.20833333333333334,0.26315789473684215,0.0
20260629_202157_89a44e2f,20260629_202157_89a44e2f_g0015,15,656397881,0,8,8,8,1,4,GREEN,pool_l45_100ms,3,1,[1],0,68,4,"{""1"": 101, ""2"": 100, ""3"": 81, ""4"": 68}",False,7.0,-15.0,9.0,0.0,0.0,0.0,444.0,103.25,415.125,7.0,12.0,33.75,130.5,231.875,1382.0,422.125,2.0,19.0,78.0,1.0,1.0,2.0,6.0,9.0,1.0,1.0,0.0,8.0,8.0,0.1,0.09523809523809523,0.0032,0.0032,0.025,0.11363636363636363,0.8863636363636364,0.175,1.0,1.0,0.18333333333333332,0.20526315789473681,0.0
20260629_202157_89a44e2f,20260629_202157_89a44e2f_g0015,15,656397881,1,16,16,16,1,1,RED,pool_peer_500ms,0,1,[1],1,101,1,"{""1"": 101, ""2"": 100, ""3"": 81, ""4"": 68}",False,16.0,-18.0,0.0,2.0,4.0,0.01,689.0,172.125,666.875,14.0,23.0,64.5,241.0,324.375,1624.0,682.875,4.0,17.0,68.0,1.0,1.0,2.0,6.0,7.0,1.0,0.0,0.0,16.0,16.0,0.2,0.19047619047619047,0.0064,0.0064,0.05,0.22727272727272727,0.7727272727272727,0.4,1.0,1.0,0.2833333333333333,0.49473684210526314,0.0
20260629_202157_89a44e2f,20260629_202157_89a44e2f_g0015,15,656397881,1,16,16,16,1,2,BLUE,champ_v3,1,1,[1],0,100,2,"{""1"": 101, ""2"": 100, ""3"": 81, ""4"": 68}",False,15.0,-20.0,1.0,2.0,4.0,0.01,747.0,187.125,722.125,15.0,26.0,72.75,264.0,344.375,1566.0,737.125,4.0,17.0,68.0,1.0,1.0,2.0,6.0,7.0,1.0,0.0,0.0,16.0,16.0,0.2,0.19047619047619047,0.0064,0.0064,0.05,0.22727272727272727,0.7727272727272727,0.375,1.0,1.0,0.29166666666666663,0.4894736842105264,0.0
20260629_202157_89a44e2f,20260629_202157_89a44e2f_g0015,15,656397881,1,16,16,16,1,3,YELLOW,pool_heuristic,2,1,[1],0,81,3,"{""1"": 101, ""2"": 100, ""3"": 81, ""4"": 68}",False,10.0,-30.0,4.0,0.0,4.0,0.01,457.0,115.375,453.625,9.0,14.0,40.5,157.0,233.125,1856.0,463.625,4.0,17.0,68.0,1.0,1.0,2.0,6.0,7.0,1.0,1.0,1.0,16.0,16.0,0.2,0.19047619047619047,0.0064,0.0064,0.05,0.22727272727272727,0.7727272727272727,0.25,1.0,1.0,0.33333333333333337,0.45789473684210524,0.0
20260629_202157_89a44e2f,20260629_202157_89a44e2f_g0015,15,656397881,1,16,16,16,1,4,GREEN,pool_l45_100ms,3,1,[1],0,68,4,"{""1"": 101, ""2"": 100, ""3"": 81, ""4"": 68}",False,9.0,-32.0,7.0,0.0,4.0,0.01,420.0,99.625,378.75,9.0,15.0,38.25,141.5,175.0,1893.0,387.75,4.0,17.0,68.0,1.0,1.0,2.0,6.0,7.0,1.0,0.0,0.0,16.0,16.0,0.2,0.19047619047619047,0.0064,0.0064,0.05,0.22727272727272727,0.7727272727272727,0.225,1.0,1.0,0.3416666666666667,0.3131578947368421,0.0
20260629_202157_89a44e2f,20260629_202157_89a44e2f_g0015,15,656397881,2,24,24,24,1,1,RED,pool_peer_500ms,0,1,[1],1,101,1,"{""1"": 101, ""2"": 100, ""3"": 81, ""4"": 68}",False,20.0,-28.0,0.0,7.0,9.0,0.0225,540.0,138.875,510.25,16.0,23.0,61.5,178.5,231.25,1008.0,530.25,6.0,15.0,59.0,1.0,1.0,2.0,5.0,6.0,0.0,0.0,0.0,24.0,24.0,0.295,0.2857142857142857,0.0096,0.0096,0.0725,0.32954545454545453,0.6704545454545454,0.5,1.0,1.0,0.4,0.5862068965517242,0.0
20260629_202157_89a44e2f,20260629_202157_89a44e2f_g0015,15,656397881,2,24,24,24,1,2,BLUE,champ_v3,1,1,[1],0,100,2,"{""1"": 101, ""2"": 100, ""3"": 81, ""4"": 68}",False,20.0,-28.0,1.0,10.0,9.0,0.0225,459.0,129.25,465.125,17.0,23.0,57.75,160.5,206.875,1089.0,485.125,6.0,15.0,59.0,1.0,1.0,2.0,5.0,6.0,1.0,0.0,0.0,24.0,24.0,0.295,0.2857142857142857,0.0096,0.0096,0.0725,0.32954545454545453,0.6704545454545454,0.5,1.0,1.0,0.4,0.5825771324863884,0.0
20260629_202157_89a44e2f,20260629_202157_89a44e2f_g0015,15,656397881,2,24,24,24,1,3,YELLOW,pool_heuristic,2,1,[1],0,81,3,"{""1"": 101, ""2"": 100, ""3"": 81, ""4"": 68}",False,16.0,-36.0,4.0,8.0,9.0,0.0225,299.0,89.75,308.5,13.0,18.0,42.0,133.0,102.5,1249.0,324.5,6.0,15.0,58.0,1.0,1.0,2.0,6.0,5.0,1.0,1.0,1.0,24.0,24.0,0.295,0.2857142857142857,0.0096,0.0096,0.075,0.3409090909090909,0.6590909090909091,0.4,1.0,1.0,0.4333333333333333,0.5228070175438597,0.0
20260629_202157_89a44e2f,20260629_202157_89a44e2f_g0015,15,656397881,2,24,24,24,1,4,GREEN,pool_l45_100ms,3,1,[1],0,68,4,"{""1"": 101, ""2"": 100, ""3"": 81, ""4"": 68}",False,12.0,-44.0,3.0,2.0,9.0,0.0225,250.0,64.875,220.25,10.0,13.0,30.75,96.5,70.0,1298.0,232.25,6.0,15.0,58.0,1.0,1.0,2.0,6.0,5.0,0.0,0.0,0.0,24.0,24.0,0.295,0.2857142857142857,0.0096,0.0096,0.075,0.3409090909090909,0.6590909090909091,0.3,1.0,1.0,0.4666666666666667,0.4175438596491228,0.0
20260629_202157_89a44e2f,20260629_202157_89a44e2f_g0015,15,656397881,3,32,32,32,1,1,RED,pool_peer_500ms,0,1,[1],1,101,1,"{""1"": 101, ""2"": 100, ""3"": 81, ""4"": 68}",False,22.0,-36.0,0.0,20.0,12.0,0.03,292.0,88.5,280.25,18.0,20.0,46.5,117.0,78.75,668.0,302.25,8.0,13.0,49.0,1.0,1.0,2.0,5.0,4.0,0.0,0.0,0.0,32.0,32.0,0.3925,0.38095238095238093,0.0128,0.0128,0.0975,0.4431818181818182,0.5568181818181818,0.55,1.0,1.0,0.4833333333333333,0.6207827260458839,0.0
20260629_202157_89a44e2f,20260629_202157_89a44e2f_g0015,15,656397881,3,32,32,32,1,2,BLUE,champ_v3,1,1,[1],0,100,2,"{""1"": 101, ""2"": 100, ""3"": 81, ""4"": 68}",False,26.0,-28.0,1.0,18.0,12.0,0.03,466.0,136.625,455.0,24.0,30.0,74.25,150.5,176.25,494.0,481.0,8.0,13.0,50.0,1.0,1.0,2.0,4.0,5.0,1.0,0.0,0.0,32.0,32.0,0.3925,0.38095238095238093,0.0128,0.0128,0.095,0.4318181818181818,0.5681818181818182,0.65,1.0,1.0,0.45,0.5900277008310248,0.0
20260629_202157_89a44e2f,20260629_202157_89a44e2f_g0015,15,656397881,3,32,32,32,1,3,YELLOW,pool_heuristic,2,1,[1],0,81,3,"{""1"": 101, ""2"": 100, ""3"": 81, ""4"": 68}",False,18.0,-44.0,4.0,10.0,12.0,0.03,96.0,40.5,106.875,14.0,11.0,18.0,44.5,19.375,864.0,124.875,8.0,13.0,48.0,1.0,1.0,2.0,6.0,3.0,1.0,0.0,1.0,32.0,32.0,0.3925,0.38095238095238093,0.0128,0.0128,0.1,0.45454545454545453,0.5454545454545454,0.45,1.0,1.0,0.5166666666666667,0.5052631578947369,0.0
20260629_202157_89a44e2f,20260629_202157_89a44e2f_g0015,15,656397881,3,32,32,32,1,4,GREEN,pool_l45_100ms,3,1,[1],0,68,4,"{""1"": 101, ""2"": 100, ""3"": 81, ""4"": 68}",False,14.0,-52.0,3.0,6.0,12.0,0.03,106.0,36.875,99.125,11.0,11.0,20.25,45.0,11.875,854.0,113.125,8.0,13.0,48.0,1.0,1.0,2.0,6.0,3.0,0.0,0.0,0.0,32.0,32.0,0.3925,0.38095238095238093,0.0128,0.0128,0.1,0.45454545454545453,0.5454545454545454,0.35,1.0,1.0,0.55,0.43552631578947365,0.0
20260629_202157_89a44e2f,20260629_202157_89a44e2f_g0015,15,656397881,4,40,40,40,1,1,RED,pool_peer_500ms,0,1,[1],1,101,1,"{""1"": 101, ""2"": 100, ""3"": 81, ""4"": 68}",False,24.0,-38.0,0.0,30.0,13.0,0.0325,197.0,67.125,192.25,18.0,17.0,36.0,87.5,33.75,373.0,216.25,10.0,11.0,39.0,1.0,1.0,2.0,5.0,2.0,0.0,0.0,0.0,40.0,40.0,0.4925,0.47619047619047616,0.016,0.016,0.1225,0.5568181818181818,0.4431818181818182,0.6,1.0,1.0,0.5166666666666667,0.6100966702470463,0.0
20260629_202157_89a44e2f,20260629_202157_89a44e2f_g0015,15,656397881,4,40,40,40,1,2,BLUE,champ_v3,1,1,[1],0,100,2,"{""1"": 101, ""2"": 100, ""3"": 81, ""4"": 68}",False,30.0,-26.0,1.0,32.0,13.0,0.0325,276.0,96.0,285.75,24.0,23.0,54.75,109.0,75.0,294.0,315.75,10.0,11.0,40.0,1.0,1.0,2.0,4.0,3.0,0.0,0.0,0.0,40.0,40.0,0.4925,0.47619047619047616,0.016,0.016,0.12,0.5454545454545454,0.45454545454545453,0.75,1.0,1.0,0.4666666666666667,0.5701754385964912,0.0
20260629_202157_89a44e2f,20260629_202157_89a44e2f_g0015,15,656397881,4,40,40,40,1,3,YELLOW,pool_heuristic,2,1,[1],0,81,3,"{""1"": 101, ""2"": 100, ""3"": 81, ""4"": 68}",False,19.0,-48.0,4.0,20.0,13.0,0.0325,39.0,21.125,36.75,13.0,7.0,6.0,9.5,1.25,531.0,55.75,10.0,11.0,38.0,1.0,1.0,2.0,6.0,1.0,1.0,0.0,0.0,40.0,40.0,0.4925,0.47619047619047616,0.016,0.016,0.125,0.5681818181818182,0.4318181818181818,0.475,1.0,1.0,0.5583333333333333,0.4821052631578947,0.0
20260629_202157_89a44e2f,20260629_202157_89a44e2f_g0015,15,656397881,4,40,40,40,1,4,GREEN,pool_l45_100ms,3,1,[1],0,68,4,"{""1"": 101, ""2"": 100, ""3"": 81, ""4"": 68}",False,13.0,-60.0,3.0,11.0,13.0,0.0325,58.0,23.0,54.125,9.0,7.0,12.75,23.5,1.875,512.0,67.125,10.0,11.0,38.0,1.0,1.0,2.0,6.0,1.0,0.0,0.0,0.0,40.0,40.0,0.4925,0.47619047619047616,0.016,0.016,0.125,0.5681818181818182,0.4318181818181818,0.325,1.0,1.0,0.6083333333333333,0.4168421052631579,0.0
20260629_202157_89a44e2f,20260629_202157_89a44e2f_g0015,15,656397881,5,48,48,48,1,1,RED,pool_peer_500ms,0,1,[1],1,101,1,"{""1"": 101, ""2"": 100, ""3"": 81, ""4"": 68}",False,27.0,-32.0,0.0,38.0,24.0,0.06,63.0,31.25,65.0,16.0,10.0,12.75,15.0,11.25,161.0,92.0,12.0,9.0,31.0,1.0,1.0,2.0,3.0,2.0,0.0,0.0,0.0,48.0,48.0,0.5825,0.5714285714285714,0.0192,0.0192,0.1425,0.6477272727272727,0.3522727272727273,0.675,1.0,1.0,0.4916666666666667,0.6112650046168051,0.0
20260629_202157_89a44e2f,20260629_202157_89a44e2f_g0015,15,656397881,5,48,48,48,1,2,BLUE,champ_v3,1,1,[1],0,100,2,"{""1"": 101, ""2"": 100, ""3"": 81, ""4"": 68}",False,28.0,-30.0,1.0,41.0,24.0,0.06,129.0,56.375,132.75,22.0,16.0,33.75,58.5,2.5,95.0,160.75,12.0,9.0,30.0,1.0,1.0,2.0,4.0,1.0,0.0,0.0,0.0,48.0,48.0,0.5825,0.5714285714285714,0.0192,0.0192,0.145,0.6590909090909091,0.3409090909090909,0.7,1.0,1.0,0.4833333333333333,0.5780399274047187,0.0
20260629_202157_89a44e2f,20260629_202157_89a44e2f_g0015,15,656397881,5,48,48,48,1,3,YELLOW,pool_heuristic,2,1,[1],0,81,3,"{""1"": 101, ""2"": 100, ""3"": 81, ""4"": 68}",False,20.0,-46.0,4.0,34.0,24.0,0.06,25.0,17.625,24.25,13.0,6.0,3.75,1.5,0.0,199.0,44.25,12.0,9.0,29.0,1.0,1.0,2.0,5.0,0.0,0.0,0.0,0.0,48.0,48.0,0.5825,0.5714285714285714,0.0192,0.0192,0.1475,0.6704545454545454,0.32954545454545453,0.5,1.0,0.8,0.55,0.45138269402319364,0.0
20260629_202157_89a44e2f,20260629_202157_89a44e2f_g0015,15,656397881,5,48,48,48,1,4,GREEN,pool_l45_100ms,3,1,[1],0,68,4,"{""1"": 101, ""2"": 100, ""3"": 81, ""4"": 68}",False,11.0,-64.0,3.0,20.0,24.0,0.06,7.0,5.75,6.75,5.0,1.0,0.75,0.0,0.0,217.0,17.75,12.0,9.0,29.0,1.0,1.0,2.0,5.0,0.0,0.0,0.0,0.0,48.0,48.0,0.5825,0.5714285714285714,0.0192,0.0192,0.1475,0.6704545454545454,0.32954545454545453,0.275,0.6333333333333333,0.8,0.625,0.3889384478144514,0.0
20260629_202157_89a44e2f,20260629_202157_89a44e2f_g0015,15,656397881,6,56,56,56,1,1,RED,pool_peer_500ms,0,1,[1],1,101,1,"{""1"": 101, ""2"": 100, ""3"": 81, ""4"": 68}",False,25.0,-28.0,0.0,47.0,20.0,0.05,24.0,18.125,24.625,14.0,5.0,3.0,2.0,0.625,71.0,49.625,14.0,7.0,22.0,1.0,1.0,2.0,2.0,1.0,0.0,0.0,0.0,56.0,56.0,0.655,0.6666666666666666,0.0224,0.0224,0.165,0.75,0.25,0.625,1.0,1.0,0.4416666666666667,0.5885167464114833,0.0
20260629_202157_89a44e2f,20260629_202157_89a44e2f_g0015,15,656397881,6,56,56,56,1,2,BLUE,champ_v3,1,1,[1],0,100,2,"{""1"": 101, ""2"": 100, ""3"": 81, ""4"": 68}",False,26.0,-26.0,1.0,47.0,20.0,0.05,57.0,31.375,59.5,18.0,8.0,15.0,13.5,5.0,38.0,85.5,14.0,7.0,22.0,1.0,1.0,2.0,2.0,1.0,0.0,0.0,0.0,56.0,56.0,0.655,0.6666666666666666,0.0224,0.0224,0.165,0.75,0.25,0.65,1.0,1.0,0.4333333333333333,0.5685805422647527,0.0
20260629_202157_89a44e2f,20260629_202157_89a44e2f_g0015,15,656397881,6,56,56,56,1,3,YELLOW,pool_heuristic,2,1,[1],0,81,3,"{""1"": 101, ""2"": 100, ""3"": 81, ""4"": 68}",False,18.0,-42.0,4.0,47.0,20.0,0.05,14.0,12.0,14.5,10.0,3.0,1.5,0.0,0.0,81.0,32.5,14.0,7.0,21.0,1.0,1.0,2.0,3.0,0.0,0.0,0.0,0.0,56.0,56.0,0.655,0.6666666666666666,0.0224,0.0224,0.1675,0.7613636363636364,0.23863636363636365,0.45,0.8333333333333334,0.8,0.5,0.4406912804399057,0.0
20260629_202157_89a44e2f,20260629_202157_89a44e2f_g0015,15,656397881,6,56,56,56,1,4,GREEN,pool_l45_100ms,3,1,[1],0,68,4,"{""1"": 101, ""2"": 100, ""3"": 81, ""4"": 68}",False,9.0,-60.0,3.0,40.0,20.0,0.05,0.0,0.0,0.0,0.0,0.0,0.0,0.0,0.0,95.0,9.0,14.0,7.0,25.0,0.0,1.0,1.0,5.0,0.0,0.0,0.0,0.0,56.0,56.0,0.655,0.6666666666666666,0.0224,0.0224,0.1575,0.7159090909090909,0.2840909090909091,0.225,0.4666666666666667,0.8,0.575,0.3984962406015038,0.0
20260629_202157_89a44e2f,20260629_202157_89a44e2f_g0015,15,656397881,7,64,64,66,3,1,RED,pool_peer_500ms,0,1,[1],1,101,1,"{""1"": 101, ""2"": 100, ""3"": 81, ""4"": 68}",False,25.0,-24.0,0.0,62.0,25.0,0.0625,14.0,13.0,14.0,12.0,2.0,0.0,0.0,0.0,19.0,39.0,17.0,4.0,11.0,1.0,1.0,0.0,2.0,0.0,0.0,0.0,0.0,64.0,66.0,0.72,0.8095238095238095,0.0264,0.0256,0.1925,0.875,0.125,0.625,0.6833333333333333,0.8,0.4083333333333333,0.5666438824333562,0.0
20260629_202157_89a44e2f,20260629_202157_89a44e2f_g0015,15,656397881,7,64,64,66,3,2,BLUE,champ_v3,1,1,[1],0,100,2,"{""1"": 101, ""2"": 100, ""3"": 81, ""4"": 68}",False,22.0,-30.0,1.0,57.0,25.0,0.0625,18.0,17.0,18.0,16.0,2.0,0.0,0.0,0.0,15.0,40.0,17.0,4.0,10.0,1.0,1.0,1.0,1.0,0.0,0.0,0.0,0.0,64.0,66.0,0.72,0.8095238095238095,0.0264,0.0256,0.195,0.8863636363636364,0.11363636363636363,0.55,0.7166666666666667,0.8,0.4333333333333333,0.5303643724696356,0.0
20260629_202157_89a44e2f,20260629_202157_89a44e2f_g0015,15,656397881,7,64,64,66,3,3,YELLOW,pool_heuristic,2,1,[1],0,81,3,"{""1"": 101, ""2"": 100, ""3"": 81, ""4"": 68}",False,18.0,-38.0,4.0,52.0,25.0,0.0625,1.0,0.25,0.75,0.0,0.0,0.75,0.0,0.0,32.0,18.75,16.0,5.0,18.0,0.0,0.0,2.0,3.0,0.0,0.0,0.0,0.0,64.0,66.0,0.72,0.7619047619047619,0.0264,0.0256,0.175,0.7954545454545454,0.20454545454545456,0.45,0.8833333333333333,0.8,0.4666666666666667,0.44060150375939855,0.0
20260629_202157_89a44e2f,20260629_202157_89a44e2f_g0015,15,656397881,7,64,64,66,3,4,GREEN,pool_l45_100ms,3,1,[1],0,68,4,"{""1"": 101, ""2"": 100, ""3"": 81, ""4"": 68}",False,9.0,-56.0,3.0,46.0,25.0,0.0625,0.0,0.0,0.0,0.0,0.0,0.0,0.0,0.0,33.0,9.0,14.0,7.0,25.0,0.0,1.0,1.0,5.0,0.0,0.0,0.0,0.0,64.0,66.0,0.72,0.6666666666666666,0.0264,0.0256,0.1575,0.7159090909090909,0.2840909090909091,0.225,0.45,0.8,0.5416666666666667,0.3984962406015038,0.0
20260629_202157_89a44e2f,20260629_202157_89a44e2f_g0016,16,2002739213,0,8,8,8,1,1,RED,champ_v3,0,1,[1],1,120,1,"{""1"": 120, ""2"": 77, ""3"": 64, ""4"": 90}",False,9.0,-14.0,9.0,0.0,0.0,0.0,543.0,122.625,488.75,9.0,15.0,41.25,153.5,270.0,1322.0,497.75,2.0,19.0,78.0,1.0,1.0,2.0,6.0,9.0,1.0,0.0,0.0,8.0,8.0,0.1,0.09523809523809523,0.0032,0.0032,0.025,0.11363636363636363,0.8863636363636364,0.225,1.0,1.0,0.19166666666666668,0.23684210526315785,0.0
20260629_202157_89a44e2f,20260629_202157_89a44e2f_g0016,16,2002739213,0,8,8,8,1,2,BLUE,pool_heuristic,1,1,[1],0,77,3,"{""1"": 120, ""2"": 77, ""3"": 64, ""4"": 90}",False,7.0,-18.0,9.0,0.0,0.0,0.0,415.0,106.875,432.125,7.0,12.0,34.5,133.0,245.625,1450.0,439.125,2.0,19.0,78.0,1.0,1.0,2.0,6.0,9.0,1.0,1.0,1.0,8.0,8.0,0.1,0.09523809523809523,0.0032,0.0032,0.025,0.11363636363636363,0.8863636363636364,0.175,1.0,1.0,0.20833333333333334,0.2421052631578947,0.0
20260629_202157_89a44e2f,20260629_202157_89a44e2f_g0016,16,2002739213,0,8,8,8,1,3,YELLOW,pool_l45_100ms,2,1,[1],0,64,4,"{""1"": 120, ""2"": 77, ""3"": 64, ""4"": 90}",False,7.0,-18.0,9.0,0.0,0.0,0.0,364.0,86.0,341.875,7.0,10.0,27.0,108.5,189.375,1501.0,348.875,2.0,19.0,78.0,1.0,1.0,2.0,6.0,9.0,1.0,1.0,0.0,8.0,8.0,0.1,0.09523809523809523,0.0032,0.0032,0.025,0.11363636363636363,0.8863636363636364,0.175,1.0,1.0,0.20833333333333334,0.17368421052631577,0.0
20260629_202157_89a44e2f,20260629_202157_89a44e2f_g0016,16,2002739213,0,8,8,8,1,4,GREEN,pool_peer_500ms,3,1,[1],0,90,2,"{""1"": 120, ""2"": 77, ""3"": 64, ""4"": 90}",False,9.0,-14.0,9.0,0.0,0.0,0.0,543.0,122.625,488.75,9.0,15.0,41.25,153.5,270.0,1322.0,497.75,2.0,19.0,78.0,1.0,1.0,2.0,6.0,9.0,1.0,0.0,0.0,8.0,8.0,0.1,0.09523809523809523,0.0032,0.0032,0.025,0.11363636363636363,0.8863636363636364,0.225,1.0,1.0,0.19166666666666668,0.23684210526315785,0.0
20260629_202157_89a44e2f,20260629_202157_89a44e2f_g0016,16,2002739213,1,16,16,16,1,1,RED,champ_v3,0,1,[1],1,120,1,"{""1"": 120, ""2"": 77, ""3"": 64, ""4"": 90}",False,14.0,-22.0,4.0,2.0,0.0,0.0,659.0,164.75,634.5,14.0,23.0,62.25,229.0,306.25,1595.0,648.5,4.0,17.0,68.0,1.0,1.0,2.0,6.0,7.0,1.0,0.0,0.0,16.0,16.0,0.2,0.19047619047619047,0.0064,0.0064,0.05,0.22727272727272727,0.7727272727272727,0.35,1.0,1.0,0.3,0.4473684210526315,0.0
20260629_202157_89a44e2f,20260629_202157_89a44e2f_g0016,16,2002739213,1,16,16,16,1,2,BLUE,pool_heuristic,1,1,[1],0,77,3,"{""1"": 120, ""2"": 77, ""3"": 64, ""4"": 90}",False,10.0,-30.0,5.0,2.0,0.0,0.0,470.0,130.875,509.375,10.0,17.0,49.5,186.0,246.875,1784.0,519.375,4.0,17.0,68.0,1.0,1.0,2.0,6.0,7.0,1.0,1.0,1.0,16.0,16.0,0.2,0.19047619047619047,0.0064,0.0064,0.05,0.22727272727272727,0.7727272727272727,0.25,1.0,1.0,0.33333333333333337,0.4184210526315789,0.0
20260629_202157_89a44e2f,20260629_202157_89a44e2f_g0016,16,2002739213,1,16,16,16,1,3,YELLOW,pool_l45_100ms,2,1,[1],0,64,4,"{""1"": 120, ""2"": 77, ""3"": 64, ""4"": 90}",False,11.0,-28.0,5.0,2.0,0.0,0.0,418.0,100.375,376.5,11.0,15.0,36.0,139.5,175.0,1836.0,387.5,4.0,17.0,68.0,1.0,1.0,2.0,6.0,7.0,1.0,0.0,0.0,16.0,16.0,0.2,0.19047619047619047,0.0064,0.0064,0.05,0.22727272727272727,0.7727272727272727,0.275,1.0,1.0,0.325,0.3526315789473684,0.0
20260629_202157_89a44e2f,20260629_202157_89a44e2f_g0016,16,2002739213,1,16,16,16,1,4,GREEN,pool_peer_500ms,3,1,[1],0,90,2,"{""1"": 120, ""2"": 77, ""3"": 64, ""4"": 90}",False,15.0,-20.0,4.0,2.0,0.0,0.0,707.0,176.875,681.625,15.0,25.0,66.0,245.0,330.625,1547.0,696.625,4.0,17.0,68.0,1.0,1.0,2.0,6.0,7.0,1.0,0.0,0.0,16.0,16.0,0.2,0.19047619047619047,0.0064,0.0064,0.05,0.22727272727272727,0.7727272727272727,0.375,1.0,1.0,0.29166666666666663,0.4526315789473684,0.0
20260629_202157_89a44e2f,20260629_202157_89a44e2f_g0016,16,2002739213,2,24,24,24,1,1,RED,champ_v3,0,1,[1],1,120,1,"{""1"": 120, ""2"": 77, ""3"": 64, ""4"": 90}",False,19.0,-28.0,0.0,12.0,3.0,0.0075,335.0,104.75,355.125,17.0,22.0,47.25,144.5,124.375,859.0,374.125,6.0,15.0,58.0,1.0,1.0,2.0,6.0,5.0,1.0,0.0,0.0,24.0,24.0,0.3,0.2857142857142857,0.0096,0.0096,0.075,0.3409090909090909,0.6590909090909091,0.475,1.0,1.0,0.39166666666666666,0.5877192982456141,0.0
20260629_202157_89a44e2f,20260629_202157_89a44e2f_g0016,16,2002739213,2,24,24,24,1,2,BLUE,pool_heuristic,1,1,[1],0,77,3,"{""1"": 120, ""2"": 77, ""3"": 64, ""4"": 90}",False,15.0,-36.0,1.0,6.0,3.0,0.0075,341.0,100.875,357.375,13.0,18.0,45.0,152.0,129.375,853.0,372.375,6.0,15.0,58.0,1.0,1.0,2.0,6.0,5.0,1.0,1.0,1.0,24.0,24.0,0.3,0.2857142857142857,0.0096,0.0096,0.075,0.3409090909090909,0.6590909090909091,0.375,1.0,1.0,0.425,0.5017543859649123,0.0
20260629_202157_89a44e2f,20260629_202157_89a44e2f_g0016,16,2002739213,2,24,24,24,1,3,YELLOW,pool_l45_100ms,2,1,[1],0,64,4,"{""1"": 120, ""2"": 77, ""3"": 64, ""4"": 90}",False,13.0,-40.0,0.0,5.0,3.0,0.0075,96.0,34.5,91.75,12.0,10.0,14.25,33.0,22.5,1098.0,104.75,6.0,15.0,58.0,1.0,1.0,2.0,6.0,5.0,0.0,0.0,0.0,24.0,24.0,0.3,0.2857142857142857,0.0096,0.0096,0.075,0.3409090909090909,0.6590909090909091,0.325,1.0,1.0,0.4416666666666667,0.47192982456140353,0.0
20260629_202157_89a44e2f,20260629_202157_89a44e2f_g0016,16,2002739213,2,24,24,24,1,4,GREEN,pool_peer_500ms,3,1,[1],0,90,2,"{""1"": 120, ""2"": 77, ""3"": 64, ""4"": 90}",False,19.0,-28.0,3.0,8.0,3.0,0.0075,422.0,118.375,410.375,18.0,22.0,51.0,170.0,149.375,772.0,429.375,6.0,15.0,58.0,1.0,1.0,2.0,6.0,5.0,0.0,0.0,0.0,24.0,24.0,0.3,0.2857142857142857,0.0096,0.0096,0.075,0.3409090909090909,0.6590909090909091,0.475,1.0,1.0,0.39166666666666666,0.5175438596491229,0.0
20260629_202157_89a44e2f,20260629_202157_89a44e2f_g0016,16,2002739213,3,32,32,32,1,1,RED,champ_v3,0,1,[1],1,120,1,"{""1"": 120, ""2"": 77, ""3"": 64, ""4"": 90}",False,22.0,-35.0,0.0,21.0,14.0,0.035,208.0,73.75,231.75,18.0,16.0,34.5,72.0,91.25,601.0,253.75,8.0,13.0,50.0,1.0,1.0,2.0,4.0,5.0,1.0,0.0,0.0,32.0,32.0,0.395,0.38095238095238093,0.0128,0.0128,0.095,0.4318181818181818,0.5681818181818182,0.55,1.0,1.0,0.475,0.5983379501385042,0.0
20260629_202157_89a44e2f,20260629_202157_89a44e2f_g0016,16,2002739213,3,32,32,32,1,2,BLUE,pool_heuristic,1,1,[1],0,77,3,"{""1"": 120, ""2"": 77, ""3"": 64, ""4"": 90}",False,23.0,-33.0,1.0,11.0,14.0,0.035,254.0,85.375,256.25,20.0,21.0,42.0,124.5,48.75,555.0,279.25,8.0,13.0,48.0,1.0,1.0,2.0,6.0,3.0,1.0,1.0,0.0,32.0,32.0,0.395,0.38095238095238093,0.0128,0.0128,0.1,0.45454545454545453,0.5454545454545454,0.575,1.0,1.0,0.4666666666666667,0.5013157894736842,0.0
20260629_202157_89a44e2f,20260629_202157_89a44e2f_g0016,16,2002739213,3,32,32,32,1,3,YELLOW,pool_l45_100ms,2,1,[1],0,64,4,"{""1"": 120, ""2"": 77, ""3"": 64, ""4"": 90}",False,12.0,-55.0,0.0,10.0,14.0,0.035,81.0,30.375,78.875,11.0,8.0,12.75,34.0,13.125,728.0,90.875,8.0,13.0,48.0,1.0,1.0,2.0,6.0,3.0,0.0,0.0,0.0,32.0,32.0,0.395,0.38095238095238093,0.0128,0.0128,0.1,0.45454545454545453,0.5454545454545454,0.3,1.0,1.0,0.5583333333333333,0.475,0.0
20260629_202157_89a44e2f,20260629_202157_89a44e2f_g0016,16,2002739213,3,32,32,32,1,4,GREEN,pool_peer_500ms,3,1,[1],0,90,2,"{""1"": 120, ""2"": 77, ""3"": 64, ""4"": 90}",False,22.0,-35.0,1.0,22.0,14.0,0.035,266.0,85.125,265.0,18.0,20.0,39.75,128.5,58.75,543.0,287.0,8.0,13.0,48.0,1.0,1.0,2.0,6.0,3.0,0.0,0.0,0.0,32.0,32.0,0.395,0.38095238095238093,0.0128,0.0128,0.1,0.45454545454545453,0.5454545454545454,0.55,1.0,1.0,0.475,0.581578947368421,0.0
20260629_202157_89a44e2f,20260629_202157_89a44e2f_g0016,16,2002739213,4,40,40,40,1,1,RED,champ_v3,0,1,[1],1,120,1,"{""1"": 120, ""2"": 77, ""3"": 64, ""4"": 90}",False,26.0,-33.0,0.0,32.0,19.0,0.0475,124.0,54.0,134.0,21.0,15.0,26.25,48.0,23.75,262.0,160.0,10.0,11.0,40.0,1.0,1.0,2.0,4.0,3.0,0.0,0.0,0.0,40.0,40.0,0.4925,0.47619047619047616,0.016,0.016,0.12,0.5454545454545454,0.45454545454545453,0.65,1.0,1.0,0.4916666666666667,0.5625,0.0
20260629_202157_89a44e2f,20260629_202157_89a44e2f_g0016,16,2002739213,4,40,40,40,1,2,BLUE,pool_heuristic,1,1,[1],0,77,3,"{""1"": 120, ""2"": 77, ""3"": 64, ""4"": 90}",False,25.0,-35.0,1.0,17.0,19.0,0.0475,111.0,48.5,112.75,20.0,14.0,24.0,51.0,3.75,275.0,137.75,10.0,11.0,38.0,1.0,1.0,2.0,6.0,1.0,1.0,0.0,0.0,40.0,40.0,0.4925,0.47619047619047616,0.016,0.016,0.125,0.5681818181818182,0.4318181818181818,0.625,1.0,1.0,0.5,0.4705263157894737,0.0
20260629_202157_89a44e2f,20260629_202157_89a44e2f_g0016,16,2002739213,4,40,40,40,1,3,YELLOW,pool_l45_100ms,2,1,[1],0,64,4,"{""1"": 120, ""2"": 77, ""3"": 64, ""4"": 90}",False,10.0,-65.0,0.0,16.0,19.0,0.0475,21.0,12.375,20.25,8.0,4.0,3.75,4.5,0.0,365.0,30.25,10.0,11.0,38.0,1.0,1.0,2.0,6.0,1.0,0.0,0.0,0.0,40.0,40.0,0.4925,0.47619047619047616,0.016,0.016,0.125,0.5681818181818182,0.4318181818181818,0.25,1.0,1.0,0.625,0.4621052631578947,0.0
20260629_202157_89a44e2f,20260629_202157_89a44e2f_g0016,16,2002739213,4,40,40,40,1,4,GREEN,pool_peer_500ms,3,1,[1],0,90,2,"{""1"": 120, ""2"": 77, ""3"": 64, ""4"": 90}",False,24.0,-37.0,1.0,32.0,19.0,0.0475,130.0,51.875,135.5,17.0,15.0,27.0,61.5,15.0,256.0,159.5,10.0,11.0,39.0,1.0,1.0,2.0,5.0,2.0,0.0,0.0,0.0,40.0,40.0,0.4925,0.47619047619047616,0.016,0.016,0.1225,0.5568181818181818,0.4431818181818182,0.6,1.0,1.0,0.5083333333333333,0.5746509129967776,0.0
20260629_202157_89a44e2f,20260629_202157_89a44e2f_g0016,16,2002739213,5,48,48,48,1,1,RED,champ_v3,0,1,[1],1,120,1,"{""1"": 120, ""2"": 77, ""3"": 64, ""4"": 90}",False,25.0,-28.0,0.0,44.0,37.0,0.0925,71.0,36.625,80.875,18.0,11.0,9.0,31.0,11.875,103.0,105.875,12.0,9.0,32.0,1.0,1.0,1.0,4.0,2.0,0.0,0.0,0.0,48.0,48.0,0.57,0.5714285714285714,0.0192,0.0192,0.14,0.6363636363636364,0.36363636363636365,0.625,1.0,1.0,0.4416666666666667,0.5676691729323309,0.0
20260629_202157_89a44e2f,20260629_202157_89a44e2f_g0016,16,2002739213,5,48,48,48,1,2,BLUE,pool_heuristic,1,1,[1],0,77,3,"{""1"": 120, ""2"": 77, ""3"": 64, ""4"": 90}",False,23.0,-32.0,1.0,25.0,37.0,0.0925,44.0,27.75,48.5,17.0,8.0,10.5,13.0,0.0,130.0,71.5,12.0,9.0,29.0,1.0,1.0,2.0,5.0,0.0,0.0,0.0,0.0,48.0,48.0,0.57,0.5714285714285714,0.0192,0.0192,0.1475,0.6704545454545454,0.32954545454545453,0.575,1.0,0.8,0.4583333333333333,0.4460303300624443,0.0
20260629_202157_89a44e2f,20260629_202157_89a44e2f_g0016,16,2002739213,5,48,48,48,1,3,YELLOW,pool_l45_100ms,2,1,[1],0,64,4,"{""1"": 120, ""2"": 77, ""3"": 64, ""4"": 90}",False,5.0,-68.0,0.0,23.0,37.0,0.0925,0.0,0.0,0.0,0.0,0.0,0.0,0.0,0.0,174.0,5.0,12.0,9.0,33.0,0.0,1.0,2.0,5.0,1.0,0.0,0.0,0.0,48.0,48.0,0.57,0.5714285714285714,0.0192,0.0192,0.1375,0.625,0.375,0.125,0.7166666666666667,1.0,0.6083333333333333,0.4430622009569378,0.0
20260629_202157_89a44e2f,20260629_202157_89a44e2f_g0016,16,2002739213,5,48,48,48,1,4,GREEN,pool_peer_500ms,3,1,[1],0,90,2,"{""1"": 120, ""2"": 77, ""3"": 64, ""4"": 90}",False,25.0,-28.0,1.0,38.0,37.0,0.0925,59.0,32.0,57.75,18.0,12.0,12.75,15.0,0.0,115.0,82.75,12.0,9.0,30.0,1.0,1.0,2.0,4.0,1.0,0.0,0.0,0.0,48.0,48.0,0.57,0.5714285714285714,0.0192,0.0192,0.145,0.6590909090909091,0.3409090909090909,0.625,1.0,1.0,0.4416666666666667,0.5372050816696915,0.0
20260629_202157_89a44e2f,20260629_202157_89a44e2f_g0016,16,2002739213,6,56,56,58,3,1,RED,champ_v3,0,1,[1],1,120,1,"{""1"": 120, ""2"": 77, ""3"": 64, ""4"": 90}",False,23.0,-24.0,0.0,57.0,50.0,0.125,43.0,28.75,47.5,19.0,9.0,4.5,15.0,0.0,21.0,70.5,15.0,6.0,18.0,1.0,1.0,1.0,3.0,0.0,0.0,0.0,0.0,56.0,58.0,0.64,0.7142857142857143,0.0232,0.0224,0.175,0.7954545454545454,0.20454545454545456,0.575,1.0,0.8,0.39166666666666666,0.5466165413533834,0.0
20260629_202157_89a44e2f,20260629_202157_89a44e2f_g0016,16,2002739213,6,56,56,58,3,2,BLUE,pool_heuristic,1,1,[1],0,77,3,"{""1"": 120, ""2"": 77, ""3"": 64, ""4"": 90}",False,19.0,-32.0,1.0,34.0,50.0,0.125,2.0,1.0,2.0,0.0,2.0,0.0,0.0,0.0,62.0,21.0,15.0,6.0,20.0,0.0,1.0,2.0,3.0,0.0,0.0,0.0,0.0,56.0,58.0,0.64,0.7142857142857143,0.0232,0.0224,0.17,0.7727272727272727,0.22727272727272727,0.475,0.65,0.8,0.425,0.4326625386996904,0.0
20260629_202157_89a44e2f,20260629_202157_89a44e2f_g0016,16,2002739213,6,56,56,58,3,3,YELLOW,pool_l45_100ms,2,1,[1],0,64,4,"{""1"": 120, ""2"": 77, ""3"": 64, ""4"": 90}",False,5.0,-60.0,0.0,23.0,50.0,0.125,0.0,0.0,0.0,0.0,0.0,0.0,0.0,0.0,64.0,5.0,12.0,9.0,33.0,0.0,1.0,2.0,5.0,1.0,0.0,0.0,0.0,56.0,58.0,0.64,0.5714285714285714,0.0232,0.0224,0.1375,0.625,0.375,0.125,0.4666666666666667,1.0,0.5416666666666667,0.4430622009569378,0.0
20260629_202157_89a44e2f,20260629_202157_89a44e2f_g0016,16,2002739213,6,56,56,58,3,4,GREEN,pool_peer_500ms,3,1,[1],0,90,2,"{""1"": 120, ""2"": 77, ""3"": 64, ""4"": 90}",False,23.0,-24.0,1.0,47.0,50.0,0.125,19.0,6.625,16.5,0.0,8.0,6.0,2.5,0.0,45.0,39.5,14.0,7.0,25.0,0.0,1.0,2.0,3.0,1.0,0.0,0.0,0.0,56.0,58.0,0.64,0.6666666666666666,0.0232,0.0224,0.1575,0.7159090909090909,0.2840909090909091,0.575,0.8,1.0,0.39166666666666666,0.5288220551378446,0.0
20260629_202157_89a44e2f,20260629_202157_89a44e2f_g0016,16,2002739213,7,64,64,72,1,1,RED,champ_v3,0,1,[1],1,120,1,"{""1"": 120, ""2"": 77, ""3"": 64, ""4"": 90}",False,20.0,-26.0,0.0,67.0,47.0,0.1175,20.0,17.5,21.0,15.0,3.0,3.0,0.0,0.0,2.0,41.0,18.0,3.0,6.0,1.0,1.0,1.0,0.0,0.0,0.0,0.0,0.0,64.0,72.0,0.705,0.8571428571428571,0.0288,0.0256,0.205,0.9318181818181818,0.06818181818181818,0.5,0.6166666666666667,0.6,0.38333333333333336,0.5134788189987163,0.0
20260629_202157_89a44e2f,20260629_202157_89a44e2f_g0016,16,2002739213,7,64,64,72,1,2,BLUE,pool_heuristic,1,1,[1],0,77,3,"{""1"": 120, ""2"": 77, ""3"": 64, ""4"": 90}",False,19.0,-28.0,1.0,44.0,47.0,0.1175,0.0,0.0,0.0,0.0,0.0,0.0,0.0,0.0,22.0,19.0,16.0,5.0,18.0,0.0,0.0,2.0,3.0,0.0,0.0,0.0,0.0,64.0,72.0,0.705,0.7619047619047619,0.0288,0.0256,0.175,0.7954545454545454,0.20454545454545456,0.475,0.5,0.8,0.39166666666666666,0.4375939849624061,0.0
20260629_202157_89a44e2f,20260629_202157_89a44e2f_g0016,16,2002739213,7,64,64,72,1,3,YELLOW,pool_l45_100ms,2,1,[1],0,64,4,"{""1"": 120, ""2"": 77, ""3"": 64, ""4"": 90}",False,5.0,-56.0,0.0,26.0,47.0,0.1175,0.0,0.0,0.0,0.0,0.0,0.0,0.0,0.0,22.0,5.0,12.0,9.0,33.0,0.0,1.0,2.0,5.0,1.0,0.0,0.0,0.0,64.0,72.0,0.705,0.5714285714285714,0.0288,0.0256,0.1375,0.625,0.375,0.125,0.25,1.0,0.5083333333333333,0.4430622009569378,0.0
20260629_202157_89a44e2f,20260629_202157_89a44e2f_g0016,16,2002739213,7,64,64,72,1,4,GREEN,pool_peer_500ms,3,1,[1],0,90,2,"{""1"": 120, ""2"": 77, ""3"": 64, ""4"": 90}",False,22.0,-22.0,1.0,61.0,47.0,0.1175,2.0,0.5,2.0,0.0,0.0,0.0,2.0,0.0,20.0,24.0,18.0,3.0,13.0,0.0,0.0,0.0,2.0,1.0,0.0,0.0,0.0,64.0,72.0,0.705,0.8571428571428571,0.0288,0.0256,0.1875,0.8522727272727273,0.14772727272727273,0.55,0.6833333333333333,1.0,0.36666666666666664,0.5101754385964912,0.0
20260629_202157_89a44e2f,20260629_202157_89a44e2f_g0017,17,1627425241,0,8,8,8,1,1,RED,pool_heuristic,0,4,[4],0,83,3,"{""1"": 83, ""2"": 82, ""3"": 84, ""4"": 107}",False,7.0,-16.0,9.0,0.0,3.0,0.0075,424.0,105.375,424.375,7.0,12.0,34.5,134.0,236.875,1413.0,431.375,2.0,19.0,78.0,1.0,1.0,2.0,6.0,9.0,1.0,1.0,1.0,8.0,8.0,0.1,0.09523809523809523,0.0032,0.0032,0.025,0.11363636363636363,0.8863636363636364,0.175,1.0,1.0,0.19166666666666668,0.22105263157894728,0.0
20260629_202157_89a44e2f,20260629_202157_89a44e2f_g0017,17,1627425241,0,8,8,8,1,2,BLUE,pool_l45_100ms,1,4,[4],0,82,4,"{""1"": 83, ""2"": 82, ""3"": 84, ""4"": 107}",False,5.0,-20.0,9.0,0.0,3.0,0.0075,327.0,76.25,309.5,5.0,8.0,24.0,95.0,177.5,1510.0,314.5,2.0,19.0,78.0,1.0,1.0,2.0,6.0,9.0,1.0,1.0,0.0,8.0,8.0,0.1,0.09523809523809523,0.0032,0.0032,0.025,0.11363636363636363,0.8863636363636364,0.125,1.0,1.0,0.20833333333333334,0.15263157894736834,0.0
20260629_202157_89a44e2f,20260629_202157_89a44e2f_g0017,17,1627425241,0,8,8,8,1,3,YELLOW,pool_peer_500ms,2,4,[4],0,84,2,"{""1"": 83, ""2"": 82, ""3"": 84, ""4"": 107}",False,9.0,-12.0,9.0,0.0,3.0,0.0075,543.0,122.625,488.75,9.0,15.0,41.25,153.5,270.0,1294.0,497.75,2.0,19.0,78.0,1.0,1.0,2.0,6.0,9.0,1.0,0.0,0.0,8.0,8.0,0.1,0.09523809523809523,0.0032,0.0032,0.025,0.11363636363636363,0.8863636363636364,0.225,1.0,1.0,0.175,0.23684210526315785,0.0
20260629_202157_89a44e2f,20260629_202157_89a44e2f_g0017,17,1627425241,0,8,8,8,1,4,GREEN,champ_v3,3,4,[4],1,107,1,"{""1"": 83, ""2"": 82, ""3"": 84, ""4"": 107}",False,9.0,-12.0,9.0,0.0,3.0,0.0075,543.0,122.625,488.75,9.0,15.0,41.25,153.5,270.0,1294.0,497.75,2.0,19.0,78.0,1.0,1.0,2.0,6.0,9.0,1.0,0.0,0.0,8.0,8.0,0.1,0.09523809523809523,0.0032,0.0032,0.025,0.11363636363636363,0.8863636363636364,0.225,1.0,1.0,0.175,0.23684210526315785,0.0
20260629_202157_89a44e2f,20260629_202157_89a44e2f_g0017,17,1627425241,1,16,16,16,1,1,RED,pool_heuristic,0,4,[4],0,83,3,"{""1"": 83, ""2"": 82, ""3"": 84, ""4"": 107}",False,13.0,-27.0,2.0,0.0,3.0,0.0075,550.0,154.125,590.875,13.0,22.0,58.5,223.0,274.375,2047.0,603.875,4.0,17.0,68.0,1.0,1.0,2.0,6.0,7.0,1.0,1.0,1.0,16.0,16.0,0.2,0.19047619047619047,0.0064,0.0064,0.05,0.22727272727272727,0.7727272727272727,0.325,1.0,1.0,0.33333333333333337,0.45000000000000007,0.0
20260629_202157_89a44e2f,20260629_202157_89a44e2f_g0017,17,1627425241,1,16,16,16,1,2,BLUE,pool_l45_100ms,1,4,[4],0,82,4,"{""1"": 83, ""2"": 82, ""3"": 84, ""4"": 107}",False,9.0,-35.0,6.0,0.0,3.0,0.0075,498.0,116.375,450.375,9.0,16.0,43.5,170.0,211.875,2099.0,459.375,4.0,17.0,68.0,1.0,1.0,2.0,6.0,7.0,1.0,0.0,0.0,16.0,16.0,0.2,0.19047619047619047,0.0064,0.0064,0.05,0.22727272727272727,0.7727272727272727,0.225,1.0,1.0,0.36666666666666664,0.3263157894736842,0.0
20260629_202157_89a44e2f,20260629_202157_89a44e2f_g0017,17,1627425241,1,16,16,16,1,3,YELLOW,pool_peer_500ms,2,4,[4],0,84,2,"{""1"": 83, ""2"": 82, ""3"": 84, ""4"": 107}",False,16.0,-21.0,0.0,3.0,3.0,0.0075,820.0,203.625,794.75,15.0,27.0,76.5,287.5,388.75,1777.0,810.75,4.0,17.0,68.0,1.0,1.0,2.0,6.0,7.0,1.0,0.0,0.0,16.0,16.0,0.2,0.19047619047619047,0.0064,0.0064,0.05,0.22727272727272727,0.7727272727272727,0.4,1.0,1.0,0.30833333333333335,0.49473684210526314,0.0
20260629_202157_89a44e2f,20260629_202157_89a44e2f_g0017,17,1627425241,1,16,16,16,1,4,GREEN,champ_v3,3,4,[4],1,107,1,"{""1"": 83, ""2"": 82, ""3"": 84, ""4"": 107}",False,15.0,-23.0,1.0,3.0,3.0,0.0075,729.0,182.75,704.75,15.0,26.0,69.0,256.0,338.75,1868.0,719.75,4.0,17.0,68.0,1.0,1.0,2.0,6.0,7.0,1.0,0.0,0.0,16.0,16.0,0.2,0.19047619047619047,0.0064,0.0064,0.05,0.22727272727272727,0.7727272727272727,0.375,1.0,1.0,0.31666666666666665,0.4894736842105264,0.0
20260629_202157_89a44e2f,20260629_202157_89a44e2f_g0017,17,1627425241,2,24,24,24,1,1,RED,pool_heuristic,0,4,[4],0,83,3,"{""1"": 83, ""2"": 82, ""3"": 84, ""4"": 107}",False,18.0,-34.0,2.0,3.0,5.0,0.0125,358.0,113.375,388.625,17.0,23.0,51.0,167.0,130.625,1174.0,406.625,6.0,15.0,58.0,1.0,1.0,2.0,6.0,5.0,1.0,1.0,1.0,24.0,24.0,0.3,0.2857142857142857,0.0096,0.0096,0.075,0.3409090909090909,0.6590909090909091,0.45,1.0,1.0,0.4333333333333333,0.5175438596491229,0.0
20260629_202157_89a44e2f,20260629_202157_89a44e2f_g0017,17,1627425241,2,24,24,24,1,2,BLUE,pool_l45_100ms,1,4,[4],0,82,4,"{""1"": 83, ""2"": 82, ""3"": 84, ""4"": 107}",False,13.0,-44.0,6.0,1.0,5.0,0.0125,267.0,71.875,240.625,12.0,16.0,31.5,103.0,78.125,1265.0,253.625,6.0,15.0,58.0,1.0,1.0,2.0,6.0,5.0,0.0,0.0,0.0,24.0,24.0,0.3,0.2857142857142857,0.0096,0.0096,0.075,0.3409090909090909,0.6590909090909091,0.325,1.0,1.0,0.475,0.38596491228070173,0.0
20260629_202157_89a44e2f,20260629_202157_89a44e2f_g0017,17,1627425241,2,24,24,24,1,3,YELLOW,pool_peer_500ms,2,4,[4],0,84,2,"{""1"": 83, ""2"": 82, ""3"": 84, ""4"": 107}",False,17.0,-36.0,0.0,12.0,5.0,0.0125,485.0,128.0,455.875,16.0,23.0,56.25,192.5,168.125,1047.0,472.875,6.0,15.0,58.0,1.0,1.0,2.0,6.0,5.0,0.0,0.0,0.0,24.0,24.0,0.3,0.2857142857142857,0.0096,0.0096,0.075,0.3409090909090909,0.6590909090909091,0.425,1.0,1.0,0.4416666666666667,0.5912280701754387,0.0
20260629_202157_89a44e2f,20260629_202157_89a44e2f_g0017,17,1627425241,2,24,24,24,1,4,GREEN,champ_v3,3,4,[4],1,107,1,"{""1"": 83, ""2"": 82, ""3"": 84, ""4"": 107}",False,22.0,-26.0,0.0,12.0,5.0,0.0125,422.0,131.25,443.0,20.0,28.0,62.25,199.0,133.75,1110.0,465.0,6.0,15.0,58.0,1.0,1.0,2.0,6.0,5.0,1.0,0.0,0.0,24.0,24.0,0.3,0.2857142857142857,0.0096,0.0096,0.075,0.3409090909090909,0.6590909090909091,0.55,1.0,1.0,0.4,0.5947368421052632,0.0
20260629_202157_89a44e2f,20260629_202157_89a44e2f_g0017,17,1627425241,3,32,32,32,1,1,RED,pool_heuristic,0,4,[4],0,83,3,"{""1"": 83, ""2"": 82, ""3"": 84, ""4"": 107}",False,19.0,-42.0,2.0,10.0,7.0,0.0175,156.0,57.875,161.875,16.0,17.0,28.5,76.0,24.375,616.0,180.875,8.0,13.0,48.0,1.0,1.0,2.0,6.0,3.0,1.0,0.0,1.0,32.0,32.0,0.4,0.38095238095238093,0.0128,0.0128,0.1,0.45454545454545453,0.5454545454545454,0.475,1.0,1.0,0.5083333333333333,0.506578947368421,0.0
20260629_202157_89a44e2f,20260629_202157_89a44e2f_g0017,17,1627425241,3,32,32,32,1,2,BLUE,pool_l45_100ms,1,4,[4],0,82,4,"{""1"": 83, ""2"": 82, ""3"": 84, ""4"": 107}",False,14.0,-52.0,3.0,6.0,7.0,0.0175,96.0,36.0,96.625,11.0,10.0,18.75,47.5,9.375,676.0,110.625,8.0,13.0,48.0,1.0,1.0,2.0,6.0,3.0,0.0,0.0,0.0,32.0,32.0,0.4,0.38095238095238093,0.0128,0.0128,0.1,0.45454545454545453,0.5454545454545454,0.35,1.0,1.0,0.55,0.43157894736842106,0.0
20260629_202157_89a44e2f,20260629_202157_89a44e2f_g0017,17,1627425241,3,32,32,32,1,3,YELLOW,pool_peer_500ms,2,4,[4],0,84,2,"{""1"": 83, ""2"": 82, ""3"": 84, ""4"": 107}",False,20.0,-40.0,0.0,17.0,7.0,0.0175,226.0,74.875,226.375,17.0,18.0,38.25,110.0,43.125,546.0,246.375,8.0,13.0,48.0,1.0,1.0,2.0,6.0,3.0,0.0,0.0,0.0,32.0,32.0,0.4,0.38095238095238093,0.0128,0.0128,0.1,0.45454545454545453,0.5454545454545454,0.5,1.0,1.0,0.5,0.5907894736842105,0.0
20260629_202157_89a44e2f,20260629_202157_89a44e2f_g0017,17,1627425241,3,32,32,32,1,4,GREEN,champ_v3,3,4,[4],1,107,1,"{""1"": 83, ""2"": 82, ""3"": 84, ""4"": 107}",False,27.0,-26.0,0.0,22.0,7.0,0.0175,294.0,106.75,323.25,23.0,29.0,54.75,154.0,62.5,478.0,350.25,8.0,13.0,48.0,1.0,1.0,2.0,6.0,3.0,1.0,0.0,0.0,32.0,32.0,0.4,0.38095238095238093,0.0128,0.0128,0.1,0.45454545454545453,0.5454545454545454,0.675,1.0,1.0,0.4416666666666667,0.611842105263158,0.0
20260629_202157_89a44e2f,20260629_202157_89a44e2f_g0017,17,1627425241,4,40,40,40,1,1,RED,pool_heuristic,0,4,[4],0,83,3,"{""1"": 83, ""2"": 82, ""3"": 84, ""4"": 107}",False,23.0,-38.0,2.0,21.0,8.0,0.02,74.0,37.25,77.25,17.0,15.0,17.25,28.0,0.0,294.0,100.25,10.0,11.0,38.0,1.0,1.0,2.0,6.0,1.0,0.0,0.0,1.0,40.0,40.0,0.4925,0.47619047619047616,0.016,0.016,0.125,0.5681818181818182,0.4318181818181818,0.575,1.0,1.0,0.5083333333333333,0.46631578947368413,0.0
20260629_202157_89a44e2f,20260629_202157_89a44e2f_g0017,17,1627425241,4,40,40,40,1,2,BLUE,pool_l45_100ms,1,4,[4],0,82,4,"{""1"": 83, ""2"": 82, ""3"": 84, ""4"": 107}",False,13.0,-58.0,3.0,15.0,8.0,0.02,98.0,34.125,93.125,10.0,9.0,18.0,48.0,8.125,270.0,106.125,10.0,11.0,38.0,1.0,1.0,2.0,6.0,1.0,0.0,0.0,0.0,40.0,40.0,0.4925,0.47619047619047616,0.016,0.016,0.125,0.5681818181818182,0.4318181818181818,0.325,1.0,1.0,0.5916666666666667,0.4147368421052632,0.0
20260629_202157_89a44e2f,20260629_202157_89a44e2f_g0017,17,1627425241,4,40,40,40,1,3,YELLOW,pool_peer_500ms,2,4,[4],0,84,2,"{""1"": 83, ""2"": 82, ""3"": 84, ""4"": 107}",False,18.0,-48.0,0.0,25.0,8.0,0.02,78.0,35.375,83.875,15.0,10.0,18.75,22.0,18.125,290.0,101.875,10.0,11.0,40.0,1.0,1.0,2.0,4.0,3.0,0.0,0.0,0.0,40.0,40.0,0.4925,0.47619047619047616,0.016,0.016,0.12,0.5454545454545454,0.45454545454545453,0.45,1.0,1.0,0.55,0.5723684210526316,0.0
20260629_202157_89a44e2f,20260629_202157_89a44e2f_g0017,17,1627425241,4,40,40,40,1,4,GREEN,champ_v3,3,4,[4],1,107,1,"{""1"": 83, ""2"": 82, ""3"": 84, ""4"": 107}",False,30.0,-24.0,0.0,32.0,8.0,0.02,118.0,56.0,138.75,21.0,18.0,27.0,49.0,23.75,250.0,168.75,10.0,11.0,39.0,1.0,1.0,2.0,5.0,2.0,1.0,0.0,0.0,40.0,40.0,0.4925,0.47619047619047616,0.016,0.016,0.1225,0.5568181818181818,0.4431818181818182,0.75,1.0,1.0,0.45,0.6133190118152524,0.0
20260629_202157_89a44e2f,20260629_202157_89a44e2f_g0017,17,1627425241,5,48,48,48,1,1,RED,pool_heuristic,0,4,[4],0,83,3,"{""1"": 83, ""2"": 82, ""3"": 84, ""4"": 107}",False,26.0,-34.0,2.0,31.0,18.0,0.045,56.0,31.125,62.0,16.0,11.0,13.5,16.5,5.0,149.0,88.0,12.0,9.0,30.0,1.0,1.0,2.0,4.0,1.0,0.0,0.0,1.0,48.0,48.0,0.5775,0.5714285714285714,0.0192,0.0192,0.145,0.6590909090909091,0.3409090909090909,0.65,1.0,1.0,0.5,0.4664246823956443,0.0
20260629_202157_89a44e2f,20260629_202157_89a44e2f_g0017,17,1627425241,5,48,48,48,1,2,BLUE,pool_l45_100ms,1,4,[4],0,82,4,"{""1"": 83, ""2"": 82, ""3"": 84, ""4"": 107}",False,16.0,-54.0,3.0,21.0,18.0,0.045,52.0,26.375,52.25,13.0,10.0,12.75,16.5,0.0,153.0,68.25,12.0,9.0,29.0,1.0,1.0,2.0,5.0,0.0,0.0,0.0,0.0,48.0,48.0,0.5775,0.5714285714285714,0.0192,0.0192,0.1475,0.6704545454545454,0.32954545454545453,0.4,1.0,0.8,0.5833333333333333,0.42105263157894735,0.0
20260629_202157_89a44e2f,20260629_202157_89a44e2f_g0017,17,1627425241,5,48,48,48,1,3,YELLOW,pool_peer_500ms,2,4,[4],0,84,2,"{""1"": 83, ""2"": 82, ""3"": 84, ""4"": 107}",False,19.0,-48.0,0.0,36.0,18.0,0.045,45.0,26.5,50.75,15.0,10.0,6.0,11.0,8.75,160.0,69.75,12.0,9.0,33.0,1.0,1.0,1.0,3.0,3.0,0.0,0.0,0.0,48.0,48.0,0.5775,0.5714285714285714,0.0192,0.0192,0.1375,0.625,0.375,0.475,0.9833333333333333,1.0,0.5583333333333333,0.5942583732057416,0.0
20260629_202157_89a44e2f,20260629_202157_89a44e2f_g0017,17,1627425241,5,48,48,48,1,4,GREEN,champ_v3,3,4,[4],1,107,1,"{""1"": 83, ""2"": 82, ""3"": 84, ""4"": 107}",False,25.0,-36.0,0.0,43.0,18.0,0.045,52.0,29.25,58.5,14.0,12.0,13.5,19.0,0.0,153.0,83.5,12.0,9.0,29.0,1.0,1.0,2.0,5.0,0.0,0.0,0.0,0.0,48.0,48.0,0.5775,0.5714285714285714,0.0192,0.0192,0.1475,0.6704545454545454,0.32954545454545453,0.625,1.0,0.8,0.5083333333333333,0.5825156110615521,0.0
20260629_202157_89a44e2f,20260629_202157_89a44e2f_g0017,17,1627425241,6,56,56,56,1,1,RED,pool_heuristic,0,4,[4],0,83,3,"{""1"": 83, ""2"": 82, ""3"": 84, ""4"": 107}",False,28.0,-25.0,2.0,43.0,31.0,0.0775,19.0,16.0,20.5,13.0,4.0,1.5,2.0,0.0,72.0,48.5,14.0,7.0,22.0,1.0,1.0,1.0,4.0,0.0,0.0,0.0,0.0,56.0,56.0,0.65,0.6666666666666666,0.0224,0.0224,0.165,0.75,0.25,0.7,1.0,0.8,0.4416666666666667,0.46411483253588515,0.0
20260629_202157_89a44e2f,20260629_202157_89a44e2f_g0017,17,1627425241,6,56,56,56,1,2,BLUE,pool_l45_100ms,1,4,[4],0,82,4,"{""1"": 83, ""2"": 82, ""3"": 84, ""4"": 107}",False,13.0,-55.0,3.0,26.0,31.0,0.0775,14.0,11.75,13.75,10.0,3.0,0.75,0.0,0.0,77.0,26.75,14.0,7.0,21.0,1.0,1.0,2.0,3.0,0.0,0.0,0.0,0.0,56.0,56.0,0.65,0.6666666666666666,0.0224,0.0224,0.1675,0.7613636363636364,0.23863636363636365,0.325,0.7333333333333333,0.8,0.5666666666666667,0.3982717989002357,0.0
20260629_202157_89a44e2f,20260629_202157_89a44e2f_g0017,17,1627425241,6,56,56,56,1,3,YELLOW,pool_peer_500ms,2,4,[4],0,84,2,"{""1"": 83, ""2"": 82, ""3"": 84, ""4"": 107}",False,17.0,-47.0,0.0,42.0,31.0,0.0775,6.0,2.75,6.5,0.0,4.0,1.5,1.0,0.0,85.0,23.5,14.0,7.0,28.0,0.0,1.0,1.0,2.0,3.0,0.0,0.0,0.0,56.0,56.0,0.65,0.6666666666666666,0.0224,0.0224,0.15,0.6818181818181818,0.3181818181818182,0.425,0.6,1.0,0.5333333333333333,0.5675438596491228,0.0
20260629_202157_89a44e2f,20260629_202157_89a44e2f_g0017,17,1627425241,6,56,56,56,1,4,GREEN,champ_v3,3,4,[4],1,107,1,"{""1"": 83, ""2"": 82, ""3"": 84, ""4"": 107}",False,23.0,-35.0,0.0,51.0,31.0,0.0775,52.0,29.5,62.75,13.0,11.0,15.75,23.0,0.0,39.0,85.75,14.0,7.0,21.0,1.0,1.0,2.0,3.0,0.0,0.0,0.0,0.0,56.0,56.0,0.65,0.6666666666666666,0.0224,0.0224,0.1675,0.7613636363636364,0.23863636363636365,0.575,1.0,0.8,0.4833333333333333,0.582089552238806,0.0
20260629_202157_89a44e2f,20260629_202157_89a44e2f_g0017,17,1627425241,7,64,64,64,1,1,RED,pool_heuristic,0,4,[4],0,83,3,"{""1"": 83, ""2"": 82, ""3"": 84, ""4"": 107}",False,27.0,-24.0,2.0,49.0,39.0,0.0975,5.0,2.25,5.0,0.0,4.0,0.0,1.0,0.0,19.0,32.0,16.0,5.0,18.0,0.0,1.0,0.0,4.0,0.0,0.0,0.0,0.0,64.0,64.0,0.6975,0.7619047619047619,0.0256,0.0256,0.175,0.7954545454545454,0.20454545454545456,0.675,0.7666666666666667,0.8,0.425,0.4593984962406015,0.0
20260629_202157_89a44e2f,20260629_202157_89a44e2f_g0017,17,1627425241,7,64,64,64,1,2,BLUE,pool_l45_100ms,1,4,[4],0,82,4,"{""1"": 83, ""2"": 82, ""3"": 84, ""4"": 107}",False,10.0,-58.0,3.0,36.0,39.0,0.0975,6.0,6.0,6.0,6.0,0.0,0.0,0.0,0.0,18.0,16.0,16.0,5.0,16.0,1.0,0.0,1.0,3.0,0.0,0.0,0.0,0.0,64.0,64.0,0.6975,0.7619047619047619,0.0256,0.0256,0.18,0.8181818181818182,0.18181818181818182,0.25,0.26666666666666666,0.8,0.5666666666666667,0.4005847953216374,0.0
20260629_202157_89a44e2f,20260629_202157_89a44e2f_g0017,17,1627425241,7,64,64,64,1,3,YELLOW,pool_peer_500ms,2,4,[4],0,84,2,"{""1"": 83, ""2"": 82, ""3"": 84, ""4"": 107}",False,17.0,-44.0,0.0,49.0,39.0,0.0975,1.0,0.25,1.0,0.0,0.0,0.0,1.0,0.0,23.0,18.0,16.0,5.0,23.0,0.0,0.0,0.0,2.0,3.0,0.0,0.0,0.0,64.0,64.0,0.6975,0.7619047619047619,0.0256,0.0256,0.1625,0.7386363636363636,0.26136363636363635,0.425,0.55,1.0,0.5083333333333333,0.5635627530364372,0.0
20260629_202157_89a44e2f,20260629_202157_89a44e2f_g0017,17,1627425241,7,64,64,64,1,4,GREEN,champ_v3,3,4,[4],1,107,1,"{""1"": 83, ""2"": 82, ""3"": 84, ""4"": 107}",False,24.0,-30.0,0.0,57.0,39.0,0.0975,12.0,5.5,14.5,0.0,6.0,4.5,4.0,0.0,12.0,38.5,16.0,5.0,16.0,0.0,1.0,2.0,2.0,0.0,0.0,0.0,0.0,64.0,64.0,0.6975,0.7619047619047619,0.0256,0.0256,0.18,0.8181818181818182,0.18181818181818182,0.6,0.8,0.8,0.45,0.5730994152046784,0.0
20260629_202157_89a44e2f,20260629_202157_89a44e2f_g0018,18,1854889437,0,8,8,8,1,1,RED,pool_l45_100ms,0,3,[3],0,75,4,"{""1"": 75, ""2"": 85, ""3"": 100, ""4"": 79}",False,6.0,-20.0,9.0,0.0,1.0,0.0025,388.0,90.5,366.25,6.0,10.0,28.5,113.0,208.75,1578.0,372.25,2.0,19.0,78.0,1.0,1.0,2.0,6.0,9.0,1.0,1.0,0.0,8.0,8.0,0.1,0.09523809523809523,0.0032,0.0032,0.025,0.11363636363636363,0.8863636363636364,0.15,1.0,1.0,0.21666666666666665,0.20526315789473681,0.0
20260629_202157_89a44e2f,20260629_202157_89a44e2f_g0018,18,1854889437,0,8,8,8,1,2,BLUE,pool_peer_500ms,1,3,[3],0,85,2,"{""1"": 75, ""2"": 85, ""3"": 100, ""4"": 79}",False,9.0,-14.0,9.0,0.0,1.0,0.0025,543.0,122.625,488.75,9.0,15.0,41.25,153.5,270.0,1423.0,497.75,2.0,19.0,78.0,1.0,1.0,2.0,6.0,9.0,1.0,0.0,0.0,8.0,8.0,0.1,0.09523809523809523,0.0032,0.0032,0.025,0.11363636363636363,0.8863636363636364,0.225,1.0,1.0,0.19166666666666668,0.23684210526315785,0.0
20260629_202157_89a44e2f,20260629_202157_89a44e2f_g0018,18,1854889437,0,8,8,8,1,3,YELLOW,champ_v3,2,3,[3],1,100,1,"{""1"": 75, ""2"": 85, ""3"": 100, ""4"": 79}",False,9.0,-14.0,9.0,0.0,1.0,0.0025,543.0,122.625,488.75,9.0,15.0,41.25,153.5,270.0,1423.0,497.75,2.0,19.0,78.0,1.0,1.0,2.0,6.0,9.0,1.0,0.0,0.0,8.0,8.0,0.1,0.09523809523809523,0.0032,0.0032,0.025,0.11363636363636363,0.8863636363636364,0.225,1.0,1.0,0.19166666666666668,0.23684210526315785,0.0
20260629_202157_89a44e2f,20260629_202157_89a44e2f_g0018,18,1854889437,0,8,8,8,1,4,GREEN,pool_heuristic,3,3,[3],0,79,3,"{""1"": 75, ""2"": 85, ""3"": 100, ""4"": 79}",False,8.0,-16.0,9.0,0.0,1.0,0.0025,492.0,126.875,514.25,8.0,14.0,40.5,160.5,291.25,1474.0,522.25,2.0,19.0,78.0,1.0,1.0,2.0,6.0,9.0,1.0,1.0,1.0,8.0,8.0,0.1,0.09523809523809523,0.0032,0.0032,0.025,0.11363636363636363,0.8863636363636364,0.2,1.0,1.0,0.2,0.2578947368421053,0.0
20260629_202157_89a44e2f,20260629_202157_89a44e2f_g0018,18,1854889437,1,16,16,16,1,1,RED,pool_l45_100ms,0,3,[3],0,75,4,"{""1"": 75, ""2"": 85, ""3"": 100, ""4"": 79}",False,10.0,-32.0,7.0,0.0,1.0,0.0025,440.0,105.25,398.0,10.0,16.0,40.5,149.0,182.5,1970.0,408.0,4.0,17.0,68.0,1.0,1.0,2.0,6.0,7.0,1.0,0.0,0.0,16.0,16.0,0.2,0.19047619047619047,0.0064,0.0064,0.05,0.22727272727272727,0.7727272727272727,0.25,1.0,1.0,0.35,0.3236842105263158,0.0
20260629_202157_89a44e2f,20260629_202157_89a44e2f_g0018,18,1854889437,1,16,16,16,1,2,BLUE,pool_peer_500ms,1,3,[3],0,85,2,"{""1"": 75, ""2"": 85, ""3"": 100, ""4"": 79}",False,16.0,-20.0,0.0,2.0,1.0,0.0025,721.0,179.875,699.375,14.0,24.0,67.5,252.0,341.875,1689.0,715.375,4.0,17.0,68.0,1.0,1.0,2.0,6.0,7.0,1.0,0.0,0.0,16.0,16.0,0.2,0.19047619047619047,0.0064,0.0064,0.05,0.22727272727272727,0.7727272727272727,0.4,1.0,1.0,0.3,0.49473684210526314,0.0
20260629_202157_89a44e2f,20260629_202157_89a44e2f_g0018,18,1854889437,1,16,16,16,1,3,YELLOW,champ_v3,2,3,[3],1,100,1,"{""1"": 75, ""2"": 85, ""3"": 100, ""4"": 79}",False,15.0,-22.0,1.0,2.0,1.0,0.0025,820.0,203.0,790.625,15.0,27.0,77.25,289.5,381.875,1590.0,805.625,4.0,17.0,68.0,1.0,1.0,2.0,6.0,7.0,1.0,0.0,0.0,16.0,16.0,0.2,0.19047619047619047,0.0064,0.0064,0.05,0.22727272727272727,0.7727272727272727,0.375,1.0,1.0,0.30833333333333335,0.4894736842105264,0.0
20260629_202157_89a44e2f,20260629_202157_89a44e2f_g0018,18,1854889437,1,16,16,16,1,4,GREEN,pool_heuristic,3,3,[3],0,79,3,"{""1"": 75, ""2"": 85, ""3"": 100, ""4"": 79}",False,11.0,-30.0,5.0,0.0,1.0,0.0025,429.0,123.375,473.125,11.0,17.0,47.25,171.0,226.875,1981.0,484.125,4.0,17.0,68.0,1.0,1.0,2.0,6.0,7.0,0.0,1.0,1.0,16.0,16.0,0.2,0.19047619047619047,0.0064,0.0064,0.05,0.22727272727272727,0.7727272727272727,0.275,1.0,1.0,0.3416666666666667,0.4078947368421053,0.0
20260629_202157_89a44e2f,20260629_202157_89a44e2f_g0018,18,1854889437,2,24,24,24,1,1,RED,pool_l45_100ms,0,3,[3],0,75,4,"{""1"": 75, ""2"": 85, ""3"": 100, ""4"": 79}",False,14.0,-42.0,6.0,0.0,8.0,0.02,319.0,86.375,287.625,14.0,19.0,41.25,129.0,84.375,1495.0,301.625,6.0,15.0,58.0,1.0,1.0,2.0,6.0,5.0,0.0,0.0,0.0,24.0,24.0,0.295,0.2857142857142857,0.0096,0.0096,0.075,0.3409090909090909,0.6590909090909091,0.35,1.0,1.0,0.4666666666666667,0.4017543859649123,0.0
20260629_202157_89a44e2f,20260629_202157_89a44e2f_g0018,18,1854889437,2,24,24,24,1,2,BLUE,pool_peer_500ms,1,3,[3],0,85,2,"{""1"": 75, ""2"": 85, ""3"": 100, ""4"": 79}",False,20.0,-30.0,0.0,11.0,8.0,0.02,567.0,155.25,572.5,17.0,26.0,69.0,203.0,257.5,1247.0,592.5,6.0,15.0,59.0,1.0,1.0,2.0,5.0,6.0,1.0,0.0,0.0,24.0,24.0,0.295,0.2857142857142857,0.0096,0.0096,0.0725,0.32954545454545453,0.6704545454545454,0.5,1.0,1.0,0.4166666666666667,0.5843920145190562,0.0
20260629_202157_89a44e2f,20260629_202157_89a44e2f_g0018,18,1854889437,2,24,24,24,1,3,YELLOW,champ_v3,2,3,[3],1,100,1,"{""1"": 75, ""2"": 85, ""3"": 100, ""4"": 79}",False,19.0,-32.0,0.0,13.0,8.0,0.02,601.0,164.0,600.25,18.0,29.0,74.25,219.0,260.0,1213.0,619.25,6.0,15.0,59.0,1.0,1.0,2.0,5.0,6.0,1.0,0.0,0.0,24.0,24.0,0.295,0.2857142857142857,0.0096,0.0096,0.0725,0.32954545454545453,0.6704545454545454,0.475,1.0,1.0,0.425,0.58983666061706,0.0
20260629_202157_89a44e2f,20260629_202157_89a44e2f_g0018,18,1854889437,2,24,24,24,1,4,GREEN,pool_heuristic,3,3,[3],0,79,3,"{""1"": 75, ""2"": 85, ""3"": 100, ""4"": 79}",False,17.0,-36.0,2.0,2.0,8.0,0.02,327.0,103.75,350.125,17.0,22.0,47.25,144.5,119.375,1487.0,367.125,6.0,15.0,58.0,1.0,1.0,2.0,6.0,5.0,0.0,0.0,1.0,24.0,24.0,0.295,0.2857142857142857,0.0096,0.0096,0.075,0.3409090909090909,0.6590909090909091,0.425,1.0,1.0,0.4416666666666667,0.5192982456140351,0.0
20260629_202157_89a44e2f,20260629_202157_89a44e2f_g0018,18,1854889437,3,32,32,32,1,1,RED,pool_l45_100ms,0,3,[3],0,75,4,"{""1"": 75, ""2"": 85, ""3"": 100, ""4"": 79}",False,15.0,-53.0,6.0,7.0,8.0,0.02,141.0,49.75,142.75,12.0,15.0,27.75,68.0,20.0,877.0,157.75,8.0,13.0,48.0,1.0,1.0,2.0,6.0,3.0,0.0,0.0,0.0,32.0,32.0,0.3925,0.38095238095238093,0.0128,0.0128,0.1,0.45454545454545453,0.5454545454545454,0.375,1.0,1.0,0.5666666666666667,0.4144736842105263,0.0
20260629_202157_89a44e2f,20260629_202157_89a44e2f_g0018,18,1854889437,3,32,32,32,1,2,BLUE,pool_peer_500ms,1,3,[3],0,85,2,"{""1"": 75, ""2"": 85, ""3"": 100, ""4"": 79}",False,23.0,-37.0,0.0,19.0,8.0,0.02,288.0,90.75,295.5,18.0,19.0,42.75,117.0,98.75,730.0,318.5,8.0,13.0,49.0,1.0,1.0,2.0,5.0,4.0,0.0,0.0,0.0,32.0,32.0,0.3925,0.38095238095238093,0.0128,0.0128,0.0975,0.4431818181818182,0.5568181818181818,0.575,1.0,1.0,0.5,0.5600539811066126,0.0
20260629_202157_89a44e2f,20260629_202157_89a44e2f_g0018,18,1854889437,3,32,32,32,1,3,YELLOW,champ_v3,2,3,[3],1,100,1,"{""1"": 75, ""2"": 85, ""3"": 100, ""4"": 79}",False,24.0,-35.0,0.0,23.0,8.0,0.02,359.0,108.375,356.625,20.0,24.0,58.5,121.0,133.125,659.0,380.625,8.0,13.0,50.0,1.0,1.0,2.0,4.0,5.0,1.0,0.0,0.0,32.0,32.0,0.3925,0.38095238095238093,0.0128,0.0128,0.095,0.4318181818181818,0.5681818181818182,0.6,1.0,1.0,0.4916666666666667,0.6232686980609419,0.0
20260629_202157_89a44e2f,20260629_202157_89a44e2f_g0018,18,1854889437,3,32,32,32,1,4,GREEN,pool_heuristic,3,3,[3],0,79,3,"{""1"": 75, ""2"": 85, ""3"": 100, ""4"": 79}",False,21.0,-41.0,2.0,13.0,8.0,0.02,230.0,86.375,261.25,19.0,23.0,45.75,118.5,55.0,788.0,282.25,8.0,13.0,48.0,1.0,1.0,2.0,6.0,3.0,0.0,0.0,1.0,32.0,32.0,0.3925,0.38095238095238093,0.0128,0.0128,0.1,0.45454545454545453,0.5454545454545454,0.525,1.0,1.0,0.5166666666666667,0.5394736842105263,0.0
20260629_202157_89a44e2f,20260629_202157_89a44e2f_g0018,18,1854889437,4,40,40,40,1,1,RED,pool_l45_100ms,0,3,[3],0,75,4,"{""1"": 75, ""2"": 85, ""3"": 100, ""4"": 79}",False,16.0,-54.0,6.0,11.0,13.0,0.0325,57.0,27.375,58.5,12.0,11.0,12.0,23.5,0.0,345.0,74.5,10.0,11.0,38.0,1.0,1.0,2.0,6.0,1.0,0.0,0.0,0.0,40.0,40.0,0.4875,0.47619047619047616,0.016,0.016,0.125,0.5681818181818182,0.4318181818181818,0.4,1.0,1.0,0.5833333333333333,0.40315789473684216,0.0
20260629_202157_89a44e2f,20260629_202157_89a44e2f_g0018,18,1854889437,4,40,40,40,1,2,BLUE,pool_peer_500ms,1,3,[3],0,85,2,"{""1"": 75, ""2"": 85, ""3"": 100, ""4"": 79}",False,22.0,-42.0,0.0,25.0,13.0,0.0325,116.0,46.0,114.25,17.0,15.0,21.75,43.0,17.5,286.0,136.25,10.0,11.0,39.0,1.0,1.0,2.0,5.0,2.0,0.0,0.0,0.0,40.0,40.0,0.4875,0.47619047619047616,0.016,0.016,0.1225,0.5568181818181818,0.4431818181818182,0.55,1.0,1.0,0.5333333333333333,0.5886143931256713,0.0
20260629_202157_89a44e2f,20260629_202157_89a44e2f_g0018,18,1854889437,4,40,40,40,1,3,YELLOW,champ_v3,2,3,[3],1,100,1,"{""1"": 75, ""2"": 85, ""3"": 100, ""4"": 79}",False,29.0,-28.0,0.0,28.0,13.0,0.0325,202.0,75.25,206.125,24.0,22.0,41.25,54.5,64.375,200.0,235.125,10.0,11.0,41.0,1.0,1.0,2.0,3.0,4.0,0.0,0.0,0.0,40.0,40.0,0.4875,0.47619047619047616,0.016,0.016,0.1175,0.5340909090909091,0.4659090909090909,0.725,1.0,1.0,0.475,0.6013437849944009,0.0
20260629_202157_89a44e2f,20260629_202157_89a44e2f_g0018,18,1854889437,4,40,40,40,1,4,GREEN,pool_heuristic,3,3,[3],0,79,3,"{""1"": 75, ""2"": 85, ""3"": 100, ""4"": 79}",False,19.0,-48.0,2.0,20.0,13.0,0.0325,27.0,17.75,27.0,13.0,4.0,3.75,5.0,1.25,375.0,46.0,10.0,11.0,39.0,1.0,1.0,2.0,5.0,2.0,0.0,0.0,0.0,40.0,40.0,0.4875,0.47619047619047616,0.016,0.016,0.1225,0.5568181818181818,0.4431818181818182,0.475,1.0,1.0,0.5583333333333333,0.5091299677765844,0.0
20260629_202157_89a44e2f,20260629_202157_89a44e2f_g0018,18,1854889437,5,48,48,48,1,1,RED,pool_l45_100ms,0,3,[3],0,75,4,"{""1"": 75, ""2"": 85, ""3"": 100, ""4"": 79}",False,11.0,-63.0,6.0,11.0,38.0,0.095,15.0,10.125,14.75,7.0,4.0,2.25,1.5,0.0,139.0,25.75,12.0,9.0,30.0,1.0,1.0,2.0,4.0,1.0,0.0,0.0,0.0,48.0,48.0,0.575,0.5714285714285714,0.0192,0.0192,0.145,0.6590909090909091,0.3409090909090909,0.275,0.65,1.0,0.6166666666666667,0.38747731397459173,0.0
20260629_202157_89a44e2f,20260629_202157_89a44e2f_g0018,18,1854889437,5,48,48,48,1,2,BLUE,pool_peer_500ms,1,3,[3],0,85,2,"{""1"": 75, ""2"": 85, ""3"": 100, ""4"": 79}",False,24.0,-37.0,0.0,32.0,38.0,0.095,44.0,27.375,45.5,17.0,10.0,9.0,9.5,0.0,110.0,69.5,12.0,9.0,30.0,1.0,1.0,2.0,4.0,1.0,0.0,0.0,0.0,48.0,48.0,0.575,0.5714285714285714,0.0192,0.0192,0.145,0.6590909090909091,0.3409090909090909,0.6,1.0,1.0,0.5083333333333333,0.5762250453720508,0.0
20260629_202157_89a44e2f,20260629_202157_89a44e2f_g0018,18,1854889437,5,48,48,48,1,3,YELLOW,champ_v3,2,3,[3],1,100,1,"{""1"": 75, ""2"": 85, ""3"": 100, ""4"": 79}",False,28.0,-29.0,0.0,37.0,38.0,0.095,66.0,33.625,65.0,18.0,12.0,16.5,8.5,10.0,88.0,93.0,12.0,9.0,32.0,1.0,1.0,2.0,2.0,3.0,0.0,0.0,0.0,48.0,48.0,0.575,0.5714285714285714,0.0192,0.0192,0.14,0.6363636363636364,0.36363636363636365,0.7,1.0,1.0,0.475,0.6033834586466165,0.0
20260629_202157_89a44e2f,20260629_202157_89a44e2f_g0018,18,1854889437,5,48,48,48,1,4,GREEN,pool_heuristic,3,3,[3],0,79,3,"{""1"": 75, ""2"": 85, ""3"": 100, ""4"": 79}",False,22.0,-41.0,2.0,28.0,38.0,0.095,29.0,21.125,29.25,16.0,6.0,3.75,3.5,0.0,125.0,51.25,12.0,9.0,30.0,1.0,1.0,2.0,4.0,1.0,0.0,0.0,0.0,48.0,48.0,0.575,0.5714285714285714,0.0192,0.0192,0.145,0.6590909090909091,0.3409090909090909,0.55,1.0,1.0,0.525,0.4664246823956443,0.0
20260629_202157_89a44e2f,20260629_202157_89a44e2f_g0018,18,1854889437,6,56,56,56,1,1,RED,pool_l45_100ms,0,3,[3],0,75,4,"{""1"": 75, ""2"": 85, ""3"": 100, ""4"": 79}",False,12.0,-64.0,6.0,29.0,32.0,0.08,9.0,8.0,9.0,7.0,2.0,0.0,0.0,0.0,72.0,21.0,14.0,7.0,21.0,1.0,1.0,2.0,3.0,0.0,0.0,0.0,0.0,56.0,56.0,0.6525,0.6666666666666666,0.0224,0.0224,0.1675,0.7613636363636364,0.23863636363636365,0.3,0.5166666666666667,0.8,0.6333333333333333,0.36292223095051057,0.0
20260629_202157_89a44e2f,20260629_202157_89a44e2f_g0018,18,1854889437,6,56,56,56,1,2,BLUE,pool_peer_500ms,1,3,[3],0,85,2,"{""1"": 75, ""2"": 85, ""3"": 100, ""4"": 79}",False,24.0,-40.0,0.0,43.0,32.0,0.08,18.0,14.375,17.5,13.0,0.0,3.0,1.5,0.0,63.0,41.5,14.0,7.0,24.0,1.0,0.0,2.0,3.0,1.0,0.0,0.0,0.0,56.0,56.0,0.6525,0.6666666666666666,0.0224,0.0224,0.16,0.7272727272727273,0.2727272727272727,0.6,0.7666666666666667,1.0,0.5333333333333333,0.5592105263157895,0.0
20260629_202157_89a44e2f,20260629_202157_89a44e2f_g0018,18,1854889437,6,56,56,56,1,3,YELLOW,champ_v3,2,3,[3],1,100,1,"{""1"": 75, ""2"": 85, ""3"": 100, ""4"": 79}",False,29.0,-30.0,0.0,49.0,32.0,0.08,31.0,24.0,31.5,18.0,9.0,4.5,0.0,0.0,50.0,60.5,14.0,7.0,23.0,1.0,1.0,2.0,1.0,2.0,0.0,0.0,0.0,56.0,56.0,0.6525,0.6666666666666666,0.0224,0.0224,0.1625,0.7386363636363636,0.26136363636363635,0.725,1.0,1.0,0.4916666666666667,0.5813765182186235,0.0
20260629_202157_89a44e2f,20260629_202157_89a44e2f_g0018,18,1854889437,6,56,56,56,1,4,GREEN,pool_heuristic,3,3,[3],0,79,3,"{""1"": 75, ""2"": 85, ""3"": 100, ""4"": 79}",False,23.0,-42.0,2.0,36.0,32.0,0.08,23.0,20.0,23.0,17.0,6.0,0.0,0.0,0.0,58.0,46.0,14.0,7.0,23.0,1.0,1.0,1.0,3.0,1.0,0.0,0.0,0.0,56.0,56.0,0.6525,0.6666666666666666,0.0224,0.0224,0.1625,0.7386363636363636,0.26136363636363635,0.575,1.0,1.0,0.5416666666666667,0.46963562753036436,0.0
20260629_202157_89a44e2f,20260629_202157_89a44e2f_g0018,18,1854889437,7,64,64,64,1,1,RED,pool_l45_100ms,0,3,[3],0,75,4,"{""1"": 75, ""2"": 85, ""3"": 100, ""4"": 79}",False,11.0,-63.0,5.0,39.0,33.0,0.0825,0.0,0.0,0.0,0.0,0.0,0.0,0.0,0.0,18.0,11.0,16.0,5.0,18.0,0.0,0.0,2.0,3.0,0.0,0.0,0.0,0.0,64.0,64.0,0.69,0.7619047619047619,0.0256,0.0256,0.175,0.7954545454545454,0.20454545454545456,0.275,0.4166666666666667,0.8,0.6166666666666667,0.368421052631579,0.0
20260629_202157_89a44e2f,20260629_202157_89a44e2f_g0018,18,1854889437,7,64,64,64,1,2,BLUE,pool_peer_500ms,1,3,[3],0,85,2,"{""1"": 75, ""2"": 85, ""3"": 100, ""4"": 79}",False,22.0,-41.0,0.0,49.0,33.0,0.0825,1.0,0.25,0.75,0.0,0.0,0.75,0.0,0.0,17.0,22.75,16.0,5.0,19.0,0.0,0.0,2.0,2.0,1.0,0.0,0.0,0.0,64.0,64.0,0.69,0.7619047619047619,0.0256,0.0256,0.1725,0.7840909090909091,0.2159090909090909,0.55,0.6166666666666667,1.0,0.525,0.5522501906941266,0.0
20260629_202157_89a44e2f,20260629_202157_89a44e2f_g0018,18,1854889437,7,64,64,64,1,3,YELLOW,champ_v3,2,3,[3],1,100,1,"{""1"": 75, ""2"": 85, ""3"": 100, ""4"": 79}",False,29.0,-27.0,0.0,55.0,33.0,0.0825,14.0,5.625,12.625,0.0,9.0,3.0,0.0,0.625,4.0,41.625,16.0,5.0,19.0,0.0,1.0,1.0,1.0,2.0,0.0,0.0,0.0,64.0,64.0,0.69,0.7619047619047619,0.0256,0.0256,0.1725,0.7840909090909091,0.2159090909090909,0.725,0.8833333333333333,1.0,0.4666666666666667,0.5652173913043479,0.0
20260629_202157_89a44e2f,20260629_202157_89a44e2f_g0018,18,1854889437,7,64,64,64,1,4,GREEN,pool_heuristic,3,3,[3],0,79,3,"{""1"": 75, ""2"": 85, ""3"": 100, ""4"": 79}",False,23.0,-39.0,2.0,45.0,33.0,0.0825,3.0,1.5,6.0,0.0,0.0,1.5,2.0,2.5,15.0,29.0,16.0,5.0,20.0,0.0,0.0,1.0,3.0,1.0,0.0,0.0,0.0,64.0,64.0,0.69,0.7619047619047619,0.0256,0.0256,0.17,0.7727272727272727,0.22727272727272727,0.575,0.8333333333333334,1.0,0.5166666666666667,0.4674922600619196,0.0
20260629_202157_89a44e2f,20260629_202157_89a44e2f_g0019,19,1785879528,0,8,8,8,1,1,RED,pool_peer_500ms,0,2,[2],0,94,2,"{""1"": 94, ""2"": 120, ""3"": 88, ""4"": 75}",False,9.0,-13.0,9.0,0.0,0.0,0.0,543.0,122.625,488.75,9.0,15.0,41.25,153.5,270.0,1267.0,497.75,2.0,19.0,78.0,1.0,1.0,2.0,6.0,9.0,1.0,0.0,0.0,8.0,8.0,0.1,0.09523809523809523,0.0032,0.0032,0.025,0.11363636363636363,0.8863636363636364,0.225,1.0,1.0,0.18333333333333332,0.23684210526315785,0.0
20260629_202157_89a44e2f,20260629_202157_89a44e2f_g0019,19,1785879528,0,8,8,8,1,2,BLUE,champ_v3,1,2,[2],1,120,1,"{""1"": 94, ""2"": 120, ""3"": 88, ""4"": 75}",False,9.0,-13.0,9.0,0.0,0.0,0.0,543.0,122.625,488.75,9.0,15.0,41.25,153.5,270.0,1267.0,497.75,2.0,19.0,78.0,1.0,1.0,2.0,6.0,9.0,1.0,0.0,0.0,8.0,8.0,0.1,0.09523809523809523,0.0032,0.0032,0.025,0.11363636363636363,0.8863636363636364,0.225,1.0,1.0,0.18333333333333332,0.23684210526315785,0.0
20260629_202157_89a44e2f,20260629_202157_89a44e2f_g0019,19,1785879528,0,8,8,8,1,3,YELLOW,pool_heuristic,2,2,[2],0,88,3,"{""1"": 94, ""2"": 120, ""3"": 88, ""4"": 75}",False,6.0,-19.0,9.0,0.0,0.0,0.0,280.0,70.875,281.375,6.0,8.0,22.5,88.0,156.875,1530.0,287.375,2.0,19.0,78.0,1.0,1.0,2.0,6.0,9.0,0.0,1.0,1.0,8.0,8.0,0.1,0.09523809523809523,0.0032,0.0032,0.025,0.11363636363636363,0.8863636363636364,0.15,1.0,1.0,0.20833333333333334,0.22105263157894728,0.0
20260629_202157_89a44e2f,20260629_202157_89a44e2f_g0019,19,1785879528,0,8,8,8,1,4,GREEN,pool_l45_100ms,3,2,[2],0,75,4,"{""1"": 94, ""2"": 120, ""3"": 88, ""4"": 75}",False,7.0,-17.0,9.0,0.0,0.0,0.0,444.0,103.25,415.125,7.0,12.0,33.75,130.5,231.875,1366.0,422.125,2.0,19.0,78.0,1.0,1.0,2.0,6.0,9.0,1.0,1.0,0.0,8.0,8.0,0.1,0.09523809523809523,0.0032,0.0032,0.025,0.11363636363636363,0.8863636363636364,0.175,1.0,1.0,0.2,0.20526315789473681,0.0
20260629_202157_89a44e2f,20260629_202157_89a44e2f_g0019,19,1785879528,1,16,16,16,1,1,RED,pool_peer_500ms,0,2,[2],0,94,2,"{""1"": 94, ""2"": 120, ""3"": 88, ""4"": 75}",False,16.0,-21.0,0.0,2.0,4.0,0.01,689.0,172.125,666.875,14.0,23.0,64.5,241.0,324.375,1694.0,682.875,4.0,17.0,68.0,1.0,1.0,2.0,6.0,7.0,1.0,0.0,0.0,16.0,16.0,0.2,0.19047619047619047,0.0064,0.0064,0.05,0.22727272727272727,0.7727272727272727,0.4,1.0,1.0,0.30833333333333335,0.49473684210526314,0.0
20260629_202157_89a44e2f,20260629_202157_89a44e2f_g0019,19,1785879528,1,16,16,16,1,2,BLUE,champ_v3,1,2,[2],1,120,1,"{""1"": 94, ""2"": 120, ""3"": 88, ""4"": 75}",False,15.0,-23.0,1.0,2.0,4.0,0.01,703.0,177.875,680.5,15.0,26.0,70.5,251.5,317.5,1680.0,695.5,4.0,17.0,68.0,1.0,1.0,2.0,6.0,7.0,1.0,0.0,0.0,16.0,16.0,0.2,0.19047619047619047,0.0064,0.0064,0.05,0.22727272727272727,0.7727272727272727,0.375,1.0,1.0,0.31666666666666665,0.4894736842105264,0.0
20260629_202157_89a44e2f,20260629_202157_89a44e2f_g0019,19,1785879528,1,16,16,16,1,3,YELLOW,pool_heuristic,2,2,[2],0,88,3,"{""1"": 94, ""2"": 120, ""3"": 88, ""4"": 75}",False,12.0,-29.0,4.0,0.0,4.0,0.01,466.0,132.5,507.75,12.0,18.0,48.75,189.0,240.0,1917.0,519.75,4.0,17.0,68.0,1.0,1.0,2.0,6.0,7.0,0.0,1.0,1.0,16.0,16.0,0.2,0.19047619047619047,0.0064,0.0064,0.05,0.22727272727272727,0.7727272727272727,0.3,1.0,1.0,0.3416666666666667,0.4342105263157895,0.0
20260629_202157_89a44e2f,20260629_202157_89a44e2f_g0019,19,1785879528,1,16,16,16,1,4,GREEN,pool_l45_100ms,3,2,[2],0,75,4,"{""1"": 94, ""2"": 120, ""3"": 88, ""4"": 75}",False,10.0,-33.0,7.0,0.0,4.0,0.01,525.0,121.875,470.625,10.0,17.0,45.0,173.0,225.625,1858.0,480.625,4.0,17.0,68.0,1.0,1.0,2.0,6.0,7.0,1.0,0.0,0.0,16.0,16.0,0.2,0.19047619047619047,0.0064,0.0064,0.05,0.22727272727272727,0.7727272727272727,0.25,1.0,1.0,0.35833333333333334,0.3131578947368421,0.0
20260629_202157_89a44e2f,20260629_202157_89a44e2f_g0019,19,1785879528,2,24,24,24,1,1,RED,pool_peer_500ms,0,2,[2],0,94,2,"{""1"": 94, ""2"": 120, ""3"": 88, ""4"": 75}",False,21.0,-31.0,0.0,9.0,7.0,0.0175,567.0,146.5,535.25,17.0,25.0,66.75,189.0,237.5,1086.0,556.25,6.0,15.0,59.0,1.0,1.0,2.0,5.0,6.0,0.0,0.0,0.0,24.0,24.0,0.2975,0.2857142857142857,0.0096,0.0096,0.0725,0.32954545454545453,0.6704545454545454,0.525,1.0,1.0,0.4333333333333333,0.5862068965517242,0.0
20260629_202157_89a44e2f,20260629_202157_89a44e2f_g0019,19,1785879528,2,24,24,24,1,2,BLUE,champ_v3,1,2,[2],1,120,1,"{""1"": 94, ""2"": 120, ""3"": 88, ""4"": 75}",False,20.0,-33.0,1.0,10.0,7.0,0.0175,433.0,122.25,430.0,17.0,22.0,54.0,177.0,160.0,1220.0,450.0,6.0,15.0,58.0,1.0,1.0,2.0,6.0,5.0,1.0,0.0,0.0,24.0,24.0,0.2975,0.2857142857142857,0.0096,0.0096,0.075,0.3409090909090909,0.6590909090909091,0.5,1.0,1.0,0.4416666666666667,0.5842105263157895,0.0
20260629_202157_89a44e2f,20260629_202157_89a44e2f_g0019,19,1785879528,2,24,24,24,1,3,YELLOW,pool_heuristic,2,2,[2],0,88,3,"{""1"": 94, ""2"": 120, ""3"": 88, ""4"": 75}",False,18.0,-37.0,4.0,3.0,7.0,0.0175,342.0,110.625,380.0,17.0,21.0,48.75,164.5,128.75,1311.0,398.0,6.0,15.0,58.0,1.0,1.0,2.0,6.0,5.0,0.0,1.0,1.0,24.0,24.0,0.2975,0.2857142857142857,0.0096,0.0096,0.075,0.3409090909090909,0.6590909090909091,0.45,1.0,1.0,0.4583333333333333,0.4842105263157894,0.0
20260629_202157_89a44e2f,20260629_202157_89a44e2f_g0019,19,1785879528,2,24,24,24,1,4,GREEN,pool_l45_100ms,3,2,[2],0,75,4,"{""1"": 94, ""2"": 120, ""3"": 88, ""4"": 75}",False,14.0,-45.0,3.0,1.0,7.0,0.0175,311.0,79.0,272.0,12.0,15.0,33.75,120.0,91.25,1342.0,286.0,6.0,15.0,58.0,1.0,1.0,2.0,6.0,5.0,0.0,0.0,0.0,24.0,24.0,0.2975,0.2857142857142857,0.0096,0.0096,0.075,0.3409090909090909,0.6590909090909091,0.35,1.0,1.0,0.4916666666666667,0.4175438596491228,0.0
20260629_202157_89a44e2f,20260629_202157_89a44e2f_g0019,19,1785879528,3,32,32,32,1,1,RED,pool_peer_500ms,0,2,[2],0,94,2,"{""1"": 94, ""2"": 120, ""3"": 88, ""4"": 75}",False,24.0,-35.0,0.0,16.0,17.0,0.0425,309.0,93.5,297.75,19.0,21.0,47.25,123.0,87.5,533.0,321.75,8.0,13.0,49.0,1.0,1.0,2.0,5.0,4.0,0.0,0.0,0.0,32.0,32.0,0.3975,0.38095238095238093,0.0128,0.0128,0.0975,0.4431818181818182,0.5568181818181818,0.6,1.0,1.0,0.4916666666666667,0.611336032388664,0.0
20260629_202157_89a44e2f,20260629_202157_89a44e2f_g0019,19,1785879528,3,32,32,32,1,2,BLUE,champ_v3,1,2,[2],1,120,1,"{""1"": 94, ""2"": 120, ""3"": 88, ""4"": 75}",False,24.0,-35.0,1.0,15.0,17.0,0.0425,386.0,111.75,359.625,19.0,27.0,57.0,178.5,78.125,456.0,383.625,8.0,13.0,48.0,1.0,1.0,2.0,6.0,3.0,0.0,0.0,0.0,32.0,32.0,0.3975,0.38095238095238093,0.0128,0.0128,0.1,0.45454545454545453,0.5454545454545454,0.6,1.0,1.0,0.4916666666666667,0.5960526315789474,0.0
20260629_202157_89a44e2f,20260629_202157_89a44e2f_g0019,19,1785879528,3,32,32,32,1,3,YELLOW,pool_heuristic,2,2,[2],0,88,3,"{""1"": 94, ""2"": 120, ""3"": 88, ""4"": 75}",False,20.0,-43.0,4.0,9.0,17.0,0.0425,75.0,35.875,79.25,16.0,12.0,16.5,28.5,6.25,767.0,99.25,8.0,13.0,48.0,1.0,1.0,2.0,6.0,3.0,0.0,1.0,0.0,32.0,32.0,0.3975,0.38095238095238093,0.0128,0.0128,0.1,0.45454545454545453,0.5454545454545454,0.5,1.0,1.0,0.525,0.4710526315789473,0.0
20260629_202157_89a44e2f,20260629_202157_89a44e2f_g0019,19,1785879528,3,32,32,32,1,4,GREEN,pool_l45_100ms,3,2,[2],0,75,4,"{""1"": 94, ""2"": 120, ""3"": 88, ""4"": 75}",False,15.0,-53.0,3.0,8.0,17.0,0.0425,72.0,28.5,72.625,11.0,8.0,10.5,27.5,15.625,770.0,87.625,8.0,13.0,48.0,1.0,1.0,2.0,6.0,3.0,0.0,0.0,0.0,32.0,32.0,0.3975,0.38095238095238093,0.0128,0.0128,0.1,0.45454545454545453,0.5454545454545454,0.375,1.0,1.0,0.5666666666666667,0.4447368421052631,0.0
20260629_202157_89a44e2f,20260629_202157_89a44e2f_g0019,19,1785879528,4,40,40,40,1,1,RED,pool_peer_500ms,0,2,[2],0,94,2,"{""1"": 94, ""2"": 120, ""3"": 88, ""4"": 75}",False,27.0,-34.0,0.0,25.0,29.0,0.0725,173.0,68.0,181.25,21.0,19.0,39.0,81.0,21.25,286.0,208.25,10.0,11.0,39.0,1.0,1.0,2.0,5.0,2.0,0.0,0.0,0.0,40.0,40.0,0.4875,0.47619047619047616,0.016,0.016,0.1225,0.5568181818181818,0.4431818181818182,0.675,1.0,1.0,0.5083333333333333,0.6090225563909775,0.0
20260629_202157_89a44e2f,20260629_202157_89a44e2f_g0019,19,1785879528,4,40,40,40,1,2,BLUE,champ_v3,1,2,[2],1,120,1,"{""1"": 94, ""2"": 120, ""3"": 88, ""4"": 75}",False,26.0,-36.0,1.0,24.0,29.0,0.0725,191.0,61.75,185.375,15.0,20.0,16.5,89.5,44.375,268.0,211.375,10.0,11.0,41.0,1.0,1.0,1.0,5.0,3.0,0.0,0.0,0.0,40.0,40.0,0.4875,0.47619047619047616,0.016,0.016,0.1175,0.5340909090909091,0.4659090909090909,0.65,1.0,1.0,0.5166666666666667,0.5879059350503919,0.0
20260629_202157_89a44e2f,20260629_202157_89a44e2f_g0019,19,1785879528,4,40,40,40,1,3,YELLOW,pool_heuristic,2,2,[2],0,88,3,"{""1"": 94, ""2"": 120, ""3"": 88, ""4"": 75}",False,22.0,-44.0,4.0,22.0,29.0,0.0725,67.0,35.125,70.75,17.0,13.0,18.75,19.5,2.5,392.0,92.75,10.0,11.0,39.0,1.0,1.0,2.0,5.0,2.0,0.0,0.0,0.0,40.0,40.0,0.4875,0.47619047619047616,0.016,0.016,0.1225,0.5568181818181818,0.4431818181818182,0.55,0.9666666666666667,1.0,0.55,0.4543501611170784,0.0
20260629_202157_89a44e2f,20260629_202157_89a44e2f_g0019,19,1785879528,4,40,40,40,1,4,GREEN,pool_l45_100ms,3,2,[2],0,75,4,"{""1"": 94, ""2"": 120, ""3"": 88, ""4"": 75}",False,13.0,-62.0,3.0,15.0,29.0,0.0725,28.0,13.25,27.5,7.0,3.0,5.25,11.0,1.25,431.0,40.5,10.0,11.0,38.0,1.0,1.0,2.0,6.0,1.0,0.0,0.0,0.0,40.0,40.0,0.4875,0.47619047619047616,0.016,0.016,0.125,0.5681818181818182,0.4318181818181818,0.325,1.0,1.0,0.625,0.41368421052631577,0.0
20260629_202157_89a44e2f,20260629_202157_89a44e2f_g0019,19,1785879528,5,48,48,48,1,1,RED,pool_peer_500ms,0,2,[2],0,94,2,"{""1"": 94, ""2"": 120, ""3"": 88, ""4"": 75}",False,31.0,-28.0,0.0,36.0,25.0,0.0625,120.0,54.0,131.0,21.0,16.0,30.75,42.0,21.25,169.0,162.0,12.0,9.0,31.0,1.0,1.0,2.0,3.0,2.0,0.0,0.0,0.0,48.0,48.0,0.575,0.5714285714285714,0.0192,0.0192,0.1425,0.6477272727272727,0.3522727272727273,0.775,1.0,1.0,0.4916666666666667,0.5983379501385042,0.0
20260629_202157_89a44e2f,20260629_202157_89a44e2f_g0019,19,1785879528,5,48,48,48,1,2,BLUE,champ_v3,1,2,[2],1,120,1,"{""1"": 94, ""2"": 120, ""3"": 88, ""4"": 75}",False,25.0,-40.0,1.0,41.0,25.0,0.0625,96.0,39.375,105.25,12.0,14.0,12.0,58.5,8.75,193.0,130.25,12.0,9.0,31.0,1.0,1.0,1.0,5.0,1.0,0.0,0.0,0.0,48.0,48.0,0.575,0.5714285714285714,0.0192,0.0192,0.1425,0.6477272727272727,0.3522727272727273,0.625,1.0,1.0,0.5416666666666667,0.5678670360110802,0.0
20260629_202157_89a44e2f,20260629_202157_89a44e2f_g0019,19,1785879528,5,48,48,48,1,3,YELLOW,pool_heuristic,2,2,[2],0,88,3,"{""1"": 94, ""2"": 120, ""3"": 88, ""4"": 75}",False,18.0,-54.0,4.0,32.0,25.0,0.0625,26.0,17.125,27.0,11.0,6.0,7.5,2.5,0.0,263.0,45.0,12.0,9.0,31.0,1.0,1.0,2.0,3.0,2.0,0.0,0.0,0.0,48.0,48.0,0.575,0.5714285714285714,0.0192,0.0192,0.1425,0.6477272727272727,0.3522727272727273,0.45,0.7166666666666667,1.0,0.6,0.43582640812557716,0.0
20260629_202157_89a44e2f,20260629_202157_89a44e2f_g0019,19,1785879528,5,48,48,48,1,4,GREEN,pool_l45_100ms,3,2,[2],0,75,4,"{""1"": 94, ""2"": 120, ""3"": 88, ""4"": 75}",False,16.0,-58.0,3.0,25.0,25.0,0.0625,47.0,21.0,47.75,9.0,6.0,9.75,23.0,0.0,242.0,63.75,12.0,9.0,29.0,1.0,1.0,2.0,5.0,0.0,0.0,0.0,0.0,48.0,48.0,0.575,0.5714285714285714,0.0192,0.0192,0.1475,0.6704545454545454,0.32954545454545453,0.4,1.0,0.8,0.6166666666666667,0.38715432649420156,0.0
20260629_202157_89a44e2f,20260629_202157_89a44e2f_g0019,19,1785879528,6,56,56,56,1,1,RED,pool_peer_500ms,0,2,[2],0,94,2,"{""1"": 94, ""2"": 120, ""3"": 88, ""4"": 75}",False,30.0,-25.0,0.0,47.0,28.0,0.07,27.0,20.0,27.5,15.0,6.0,4.5,2.0,0.0,57.0,57.5,14.0,7.0,22.0,1.0,1.0,2.0,2.0,1.0,0.0,0.0,0.0,56.0,56.0,0.6575,0.6666666666666666,0.0224,0.0224,0.165,0.75,0.25,0.75,1.0,1.0,0.4583333333333333,0.5717703349282297,0.0
20260629_202157_89a44e2f,20260629_202157_89a44e2f_g0019,19,1785879528,6,56,56,56,1,2,BLUE,champ_v3,1,2,[2],1,120,1,"{""1"": 94, ""2"": 120, ""3"": 88, ""4"": 75}",False,22.0,-41.0,1.0,49.0,28.0,0.07,23.0,15.0,23.5,9.0,8.0,4.5,2.0,0.0,61.0,45.5,14.0,7.0,22.0,1.0,1.0,1.0,4.0,0.0,0.0,0.0,0.0,56.0,56.0,0.6575,0.6666666666666666,0.0224,0.0224,0.165,0.75,0.25,0.55,0.9333333333333333,0.8,0.525,0.5494417862838916,0.0
20260629_202157_89a44e2f,20260629_202157_89a44e2f_g0019,19,1785879528,6,56,56,56,1,3,YELLOW,pool_heuristic,2,2,[2],0,88,3,"{""1"": 94, ""2"": 120, ""3"": 88, ""4"": 75}",False,19.0,-47.0,4.0,43.0,28.0,0.07,26.0,17.5,29.25,11.0,6.0,6.0,5.0,1.25,58.0,48.25,14.0,7.0,24.0,1.0,1.0,1.0,2.0,2.0,0.0,0.0,0.0,56.0,56.0,0.6575,0.6666666666666666,0.0224,0.0224,0.16,0.7272727272727273,0.2727272727272727,0.475,0.7833333333333333,1.0,0.55,0.45723684210526316,0.0
20260629_202157_89a44e2f,20260629_202157_89a44e2f_g0019,19,1785879528,6,56,56,56,1,4,GREEN,pool_l45_100ms,3,2,[2],0,75,4,"{""1"": 94, ""2"": 120, ""3"": 88, ""4"": 75}",False,14.0,-57.0,3.0,35.0,28.0,0.07,8.0,7.0,8.0,6.0,2.0,0.0,0.0,0.0,76.0,22.0,14.0,7.0,21.0,1.0,1.0,2.0,3.0,0.0,0.0,0.0,0.0,56.0,56.0,0.6575,0.6666666666666666,0.0224,0.0224,0.1675,0.7613636363636364,0.23863636363636365,0.35,0.9166666666666666,0.8,0.5916666666666667,0.3959151610369207,0.0
20260629_202157_89a44e2f,20260629_202157_89a44e2f_g0019,19,1785879528,7,64,64,64,1,1,RED,pool_peer_500ms,0,2,[2],0,94,2,"{""1"": 94, ""2"": 120, ""3"": 88, ""4"": 75}",False,28.0,-20.0,0.0,56.0,43.0,0.1075,8.0,3.5,8.0,0.0,5.0,3.0,0.0,0.0,31.0,36.0,16.0,5.0,17.0,0.0,1.0,2.0,1.0,1.0,0.0,0.0,0.0,64.0,64.0,0.715,0.7619047619047619,0.0256,0.0256,0.1775,0.8068181818181818,0.19318181818181818,0.7,0.6333333333333333,1.0,0.4,0.5522609340252038,0.0
20260629_202157_89a44e2f,20260629_202157_89a44e2f_g0019,19,1785879528,7,64,64,64,1,2,BLUE,champ_v3,1,2,[2],1,120,1,"{""1"": 94, ""2"": 120, ""3"": 88, ""4"": 75}",False,20.0,-36.0,1.0,56.0,43.0,0.1075,20.0,11.25,22.0,7.0,0.0,6.0,9.0,0.0,19.0,42.0,16.0,5.0,16.0,1.0,0.0,1.0,3.0,0.0,0.0,0.0,0.0,64.0,64.0,0.715,0.7619047619047619,0.0256,0.0256,0.18,0.8181818181818182,0.18181818181818182,0.5,0.85,0.8,0.4666666666666667,0.5285087719298245,0.0
20260629_202157_89a44e2f,20260629_202157_89a44e2f_g0019,19,1785879528,7,64,64,64,1,3,YELLOW,pool_heuristic,2,2,[2],0,88,3,"{""1"": 94, ""2"": 120, ""3"": 88, ""4"": 75}",False,16.0,-44.0,1.0,49.0,43.0,0.1075,11.0,9.5,11.5,8.0,2.0,1.5,0.0,0.0,28.0,27.5,16.0,5.0,15.0,1.0,1.0,1.0,1.0,1.0,0.0,0.0,0.0,64.0,64.0,0.715,0.7619047619047619,0.0256,0.0256,0.1825,0.8295454545454546,0.17045454545454544,0.4,0.45,1.0,0.5,0.46791636625811106,0.0
20260629_202157_89a44e2f,20260629_202157_89a44e2f_g0019,19,1785879528,7,64,64,64,1,4,GREEN,pool_l45_100ms,3,2,[2],0,75,4,"{""1"": 94, ""2"": 120, ""3"": 88, ""4"": 75}",False,12.0,-52.0,3.0,41.0,43.0,0.1075,0.0,0.0,0.0,0.0,0.0,0.0,0.0,0.0,39.0,12.0,16.0,5.0,18.0,0.0,0.0,2.0,3.0,0.0,0.0,0.0,0.0,64.0,64.0,0.715,0.7619047619047619,0.0256,0.0256,0.175,0.7954545454545454,0.20454545454545456,0.3,0.5,0.8,0.5333333333333333,0.40150375939849625,0.0
20260629_202157_89a44e2f,20260629_202157_89a44e2f_g0020,20,1876697018,0,8,8,8,1,1,RED,champ_v3,0,1,[1],1,124,1,"{""1"": 124, ""2"": 93, ""3"": 65, ""4"": 77}",False,9.0,-14.0,9.0,0.0,0.0,0.0,543.0,122.625,488.75,9.0,15.0,41.25,153.5,270.0,1336.0,497.75,2.0,19.0,78.0,1.0,1.0,2.0,6.0,9.0,1.0,0.0,0.0,8.0,8.0,0.1,0.09523809523809523,0.0032,0.0032,0.025,0.11363636363636363,0.8863636363636364,0.225,1.0,1.0,0.19166666666666668,0.23684210526315785,0.0
20260629_202157_89a44e2f,20260629_202157_89a44e2f_g0020,20,1876697018,0,8,8,8,1,2,BLUE,pool_heuristic,1,1,[1],0,93,2,"{""1"": 124, ""2"": 93, ""3"": 65, ""4"": 77}",False,7.0,-18.0,9.0,0.0,0.0,0.0,429.0,105.125,423.0,7.0,12.0,34.5,134.5,235.0,1450.0,430.0,2.0,19.0,78.0,1.0,1.0,2.0,6.0,9.0,1.0,0.0,1.0,8.0,8.0,0.1,0.09523809523809523,0.0032,0.0032,0.025,0.11363636363636363,0.8863636363636364,0.175,1.0,1.0,0.20833333333333334,0.25263157894736843,0.0
20260629_202157_89a44e2f,20260629_202157_89a44e2f_g0020,20,1876697018,0,8,8,8,1,3,YELLOW,pool_l45_100ms,2,1,[1],0,65,4,"{""1"": 124, ""2"": 93, ""3"": 65, ""4"": 77}",False,7.0,-18.0,9.0,0.0,0.0,0.0,364.0,86.0,341.875,7.0,10.0,27.0,108.5,189.375,1515.0,348.875,2.0,19.0,78.0,1.0,1.0,2.0,6.0,9.0,1.0,1.0,0.0,8.0,8.0,0.1,0.09523809523809523,0.0032,0.0032,0.025,0.11363636363636363,0.8863636363636364,0.175,1.0,1.0,0.20833333333333334,0.17368421052631577,0.0
20260629_202157_89a44e2f,20260629_202157_89a44e2f_g0020,20,1876697018,0,8,8,8,1,4,GREEN,pool_peer_500ms,3,1,[1],0,77,3,"{""1"": 124, ""2"": 93, ""3"": 65, ""4"": 77}",False,9.0,-14.0,9.0,0.0,0.0,0.0,543.0,122.625,488.75,9.0,15.0,41.25,153.5,270.0,1336.0,497.75,2.0,19.0,78.0,1.0,1.0,2.0,6.0,9.0,1.0,0.0,0.0,8.0,8.0,0.1,0.09523809523809523,0.0032,0.0032,0.025,0.11363636363636363,0.8863636363636364,0.225,1.0,1.0,0.19166666666666668,0.23684210526315785,0.0
20260629_202157_89a44e2f,20260629_202157_89a44e2f_g0020,20,1876697018,1,16,16,16,1,1,RED,champ_v3,0,1,[1],1,124,1,"{""1"": 124, ""2"": 93, ""3"": 65, ""4"": 77}",False,16.0,-24.0,1.0,1.0,0.0,0.0,804.0,190.0,731.625,16.0,26.0,71.25,271.5,346.875,1587.0,747.625,4.0,17.0,68.0,1.0,1.0,2.0,6.0,7.0,1.0,0.0,0.0,16.0,16.0,0.2,0.19047619047619047,0.0064,0.0064,0.05,0.22727272727272727,0.7727272727272727,0.4,1.0,1.0,0.33333333333333337,0.4815789473684211,0.0
20260629_202157_89a44e2f,20260629_202157_89a44e2f_g0020,20,1876697018,1,16,16,16,1,2,BLUE,pool_heuristic,1,1,[1],0,93,2,"{""1"": 124, ""2"": 93, ""3"": 65, ""4"": 77}",False,14.0,-28.0,3.0,1.0,0.0,0.0,463.0,125.25,471.0,12.0,19.0,50.25,181.0,208.75,1928.0,485.0,4.0,17.0,68.0,1.0,1.0,2.0,6.0,7.0,1.0,0.0,1.0,16.0,16.0,0.2,0.19047619047619047,0.0064,0.0064,0.05,0.22727272727272727,0.7727272727272727,0.35,1.0,1.0,0.35,0.4421052631578948,0.0
20260629_202157_89a44e2f,20260629_202157_89a44e2f_g0020,20,1876697018,1,16,16,16,1,3,YELLOW,pool_l45_100ms,2,1,[1],0,65,4,"{""1"": 124, ""2"": 93, ""3"": 65, ""4"": 77}",False,11.0,-34.0,5.0,2.0,0.0,0.0,418.0,100.375,376.5,11.0,15.0,36.0,139.5,175.0,1973.0,387.5,4.0,17.0,68.0,1.0,1.0,2.0,6.0,7.0,1.0,0.0,0.0,16.0,16.0,0.2,0.19047619047619047,0.0064,0.0064,0.05,0.22727272727272727,0.7727272727272727,0.275,1.0,1.0,0.375,0.3526315789473684,0.0
20260629_202157_89a44e2f,20260629_202157_89a44e2f_g0020,20,1876697018,1,16,16,16,1,4,GREEN,pool_peer_500ms,3,1,[1],0,77,3,"{""1"": 124, ""2"": 93, ""3"": 65, ""4"": 77}",False,15.0,-26.0,4.0,2.0,0.0,0.0,706.0,176.375,679.125,15.0,25.0,66.0,245.0,328.125,1685.0,694.125,4.0,17.0,68.0,1.0,1.0,2.0,6.0,7.0,1.0,0.0,0.0,16.0,16.0,0.2,0.19047619047619047,0.0064,0.0064,0.05,0.22727272727272727,0.7727272727272727,0.375,1.0,1.0,0.3416666666666667,0.4526315789473684,0.0
20260629_202157_89a44e2f,20260629_202157_89a44e2f_g0020,20,1876697018,2,24,24,24,1,1,RED,champ_v3,0,1,[1],1,124,1,"{""1"": 124, ""2"": 93, ""3"": 65, ""4"": 77}",False,20.0,-31.0,0.0,7.0,6.0,0.015,571.0,148.5,534.75,17.0,26.0,65.25,229.0,197.5,839.0,554.75,6.0,15.0,58.0,1.0,1.0,2.0,6.0,5.0,0.0,0.0,0.0,24.0,24.0,0.3,0.2857142857142857,0.0096,0.0096,0.075,0.3409090909090909,0.6590909090909091,0.5,1.0,1.0,0.425,0.5789473684210527,0.0
20260629_202157_89a44e2f,20260629_202157_89a44e2f_g0020,20,1876697018,2,24,24,24,1,2,BLUE,pool_heuristic,1,1,[1],0,93,2,"{""1"": 124, ""2"": 93, ""3"": 65, ""4"": 77}",False,20.0,-31.0,2.0,7.0,6.0,0.015,281.0,91.5,297.75,16.0,22.0,44.25,133.0,82.5,1129.0,317.75,6.0,15.0,58.0,1.0,1.0,2.0,6.0,5.0,1.0,0.0,1.0,24.0,24.0,0.3,0.2857142857142857,0.0096,0.0096,0.075,0.3409090909090909,0.6590909090909091,0.5,1.0,1.0,0.425,0.5070175438596491,0.0
20260629_202157_89a44e2f,20260629_202157_89a44e2f_g0020,20,1876697018,2,24,24,24,1,3,YELLOW,pool_l45_100ms,2,1,[1],0,65,4,"{""1"": 124, ""2"": 93, ""3"": 65, ""4"": 77}",False,13.0,-45.0,0.0,8.0,6.0,0.015,109.0,39.0,108.125,12.0,12.0,16.5,39.5,28.125,1301.0,121.125,6.0,15.0,58.0,1.0,1.0,2.0,6.0,5.0,0.0,0.0,0.0,24.0,24.0,0.3,0.2857142857142857,0.0096,0.0096,0.075,0.3409090909090909,0.6590909090909091,0.325,1.0,1.0,0.4833333333333333,0.47192982456140353,0.0
20260629_202157_89a44e2f,20260629_202157_89a44e2f_g0020,20,1876697018,2,24,24,24,1,4,GREEN,pool_peer_500ms,3,1,[1],0,77,3,"{""1"": 124, ""2"": 93, ""3"": 65, ""4"": 77}",False,18.0,-35.0,2.0,9.0,6.0,0.015,449.0,131.25,468.125,16.0,24.0,57.0,200.5,170.625,961.0,486.125,6.0,15.0,58.0,1.0,1.0,2.0,6.0,5.0,1.0,0.0,0.0,24.0,24.0,0.3,0.2857142857142857,0.0096,0.0096,0.075,0.3409090909090909,0.6590909090909091,0.45,1.0,1.0,0.4416666666666667,0.5596491228070175,0.0
20260629_202157_89a44e2f,20260629_202157_89a44e2f_g0020,20,1876697018,3,32,32,32,1,1,RED,champ_v3,0,1,[1],1,124,1,"{""1"": 124, ""2"": 93, ""3"": 65, ""4"": 77}",False,26.0,-28.0,0.0,10.0,9.0,0.0225,456.0,135.625,440.875,23.0,33.0,73.5,187.0,124.375,361.0,466.875,8.0,13.0,49.0,1.0,1.0,2.0,5.0,4.0,0.0,0.0,0.0,32.0,32.0,0.395,0.38095238095238093,0.0128,0.0128,0.0975,0.4431818181818182,0.5568181818181818,0.65,1.0,1.0,0.45,0.5910931174089069,0.0
20260629_202157_89a44e2f,20260629_202157_89a44e2f_g0020,20,1876697018,3,32,32,32,1,2,BLUE,pool_heuristic,1,1,[1],0,93,2,"{""1"": 124, ""2"": 93, ""3"": 65, ""4"": 77}",False,21.0,-38.0,2.0,15.0,9.0,0.0225,86.0,39.75,97.25,15.0,13.0,18.75,38.0,12.5,731.0,118.25,8.0,13.0,48.0,1.0,1.0,2.0,6.0,3.0,1.0,0.0,1.0,32.0,32.0,0.395,0.38095238095238093,0.0128,0.0128,0.1,0.45454545454545453,0.5454545454545454,0.525,1.0,1.0,0.4916666666666667,0.4710526315789473,0.0
20260629_202157_89a44e2f,20260629_202157_89a44e2f_g0020,20,1876697018,3,32,32,32,1,3,YELLOW,pool_l45_100ms,2,1,[1],0,65,4,"{""1"": 124, ""2"": 93, ""3"": 65, ""4"": 77}",False,13.0,-54.0,0.0,13.0,9.0,0.0225,68.0,30.125,72.625,12.0,10.0,12.75,26.0,11.875,749.0,85.625,8.0,13.0,48.0,1.0,1.0,2.0,6.0,3.0,0.0,0.0,0.0,32.0,32.0,0.395,0.38095238095238093,0.0128,0.0128,0.1,0.45454545454545453,0.5454545454545454,0.325,1.0,1.0,0.5583333333333333,0.45000000000000007,0.0
20260629_202157_89a44e2f,20260629_202157_89a44e2f_g0020,20,1876697018,3,32,32,32,1,4,GREEN,pool_peer_500ms,3,1,[1],0,77,3,"{""1"": 124, ""2"": 93, ""3"": 65, ""4"": 77}",False,20.0,-40.0,2.0,18.0,9.0,0.0225,207.0,67.0,209.125,15.0,15.0,33.75,83.5,61.875,610.0,229.125,8.0,13.0,49.0,1.0,1.0,2.0,5.0,4.0,1.0,0.0,0.0,32.0,32.0,0.395,0.38095238095238093,0.0128,0.0128,0.0975,0.4431818181818182,0.5568181818181818,0.5,1.0,1.0,0.5,0.5668016194331984,0.0
20260629_202157_89a44e2f,20260629_202157_89a44e2f_g0020,20,1876697018,4,40,40,40,1,1,RED,champ_v3,0,1,[1],1,124,1,"{""1"": 124, ""2"": 93, ""3"": 65, ""4"": 77}",False,29.0,-24.0,0.0,18.0,19.0,0.0475,303.0,97.25,303.125,22.0,29.0,31.5,122.5,98.125,132.0,332.125,10.0,11.0,42.0,1.0,1.0,1.0,4.0,4.0,0.0,0.0,0.0,40.0,40.0,0.48,0.47619047619047616,0.016,0.016,0.115,0.5227272727272727,0.4772727272727273,0.725,1.0,1.0,0.4416666666666667,0.602974828375286,0.0
20260629_202157_89a44e2f,20260629_202157_89a44e2f_g0020,20,1876697018,4,40,40,40,1,2,BLUE,pool_heuristic,1,1,[1],0,93,2,"{""1"": 124, ""2"": 93, ""3"": 65, ""4"": 77}",False,20.0,-42.0,2.0,20.0,19.0,0.0475,37.0,22.0,41.0,13.0,6.0,7.5,12.0,2.5,398.0,61.0,10.0,11.0,39.0,1.0,1.0,2.0,5.0,2.0,1.0,0.0,0.0,40.0,40.0,0.48,0.47619047619047616,0.016,0.016,0.1225,0.5568181818181818,0.4431818181818182,0.5,1.0,1.0,0.5166666666666667,0.4736842105263158,0.0
20260629_202157_89a44e2f,20260629_202157_89a44e2f_g0020,20,1876697018,4,40,40,40,1,3,YELLOW,pool_l45_100ms,2,1,[1],0,65,4,"{""1"": 124, ""2"": 93, ""3"": 65, ""4"": 77}",False,12.0,-58.0,0.0,22.0,19.0,0.0475,23.0,13.875,22.25,9.0,5.0,3.75,4.5,0.0,412.0,34.25,10.0,11.0,38.0,1.0,1.0,2.0,6.0,1.0,0.0,0.0,0.0,40.0,40.0,0.48,0.47619047619047616,0.016,0.016,0.125,0.5681818181818182,0.4318181818181818,0.3,0.5666666666666667,1.0,0.5833333333333333,0.4357894736842105,0.0
20260629_202157_89a44e2f,20260629_202157_89a44e2f_g0020,20,1876697018,4,40,40,40,1,4,GREEN,pool_peer_500ms,3,1,[1],0,77,3,"{""1"": 124, ""2"": 93, ""3"": 65, ""4"": 77}",False,21.0,-40.0,2.0,33.0,19.0,0.0475,72.0,30.125,71.75,14.0,7.0,7.5,29.5,13.75,363.0,92.75,10.0,11.0,41.0,1.0,1.0,1.0,5.0,3.0,0.0,0.0,0.0,40.0,40.0,0.48,0.47619047619047616,0.016,0.016,0.1175,0.5340909090909091,0.4659090909090909,0.525,1.0,1.0,0.5083333333333333,0.5677491601343785,0.0
20260629_202157_89a44e2f,20260629_202157_89a44e2f_g0020,20,1876697018,5,48,48,48,1,1,RED,champ_v3,0,1,[1],1,124,1,"{""1"": 124, ""2"": 93, ""3"": 65, ""4"": 77}",False,30.0,-23.0,0.0,24.0,28.0,0.07,151.0,66.75,169.75,22.0,26.0,24.0,84.0,13.75,59.0,199.75,12.0,9.0,32.0,1.0,1.0,1.0,4.0,2.0,0.0,0.0,0.0,48.0,48.0,0.5575,0.5714285714285714,0.0192,0.0192,0.14,0.6363636363636364,0.36363636363636365,0.75,1.0,1.0,0.4416666666666667,0.5883458646616542,0.0
20260629_202157_89a44e2f,20260629_202157_89a44e2f_g0020,20,1876697018,5,48,48,48,1,2,BLUE,pool_heuristic,1,1,[1],0,93,2,"{""1"": 124, ""2"": 93, ""3"": 65, ""4"": 77}",False,22.0,-39.0,2.0,29.0,28.0,0.07,35.0,19.5,37.25,11.0,5.0,8.25,13.0,0.0,175.0,59.25,12.0,9.0,30.0,1.0,1.0,2.0,4.0,1.0,1.0,0.0,0.0,48.0,48.0,0.5575,0.5714285714285714,0.0192,0.0192,0.145,0.6590909090909091,0.3409090909090909,0.55,1.0,1.0,0.5083333333333333,0.45553539019963696,0.0
20260629_202157_89a44e2f,20260629_202157_89a44e2f_g0020,20,1876697018,5,48,48,48,1,3,YELLOW,pool_l45_100ms,2,1,[1],0,65,4,"{""1"": 124, ""2"": 93, ""3"": 65, ""4"": 77}",False,9.0,-65.0,0.0,26.0,28.0,0.07,5.0,5.0,5.0,5.0,0.0,0.0,0.0,0.0,205.0,14.0,12.0,9.0,33.0,1.0,0.0,1.0,6.0,1.0,0.0,0.0,0.0,48.0,48.0,0.5575,0.5714285714285714,0.0192,0.0192,0.1375,0.625,0.375,0.225,0.3333333333333333,1.0,0.6166666666666667,0.42966507177033497,0.0
20260629_202157_89a44e2f,20260629_202157_89a44e2f_g0020,20,1876697018,5,48,48,48,1,4,GREEN,pool_peer_500ms,3,1,[1],0,77,3,"{""1"": 124, ""2"": 93, ""3"": 65, ""4"": 77}",False,22.0,-39.0,2.0,40.0,28.0,0.07,19.0,15.625,20.5,14.0,0.0,1.5,2.5,2.5,191.0,42.5,12.0,9.0,34.0,1.0,0.0,1.0,5.0,2.0,0.0,0.0,0.0,48.0,48.0,0.5575,0.5714285714285714,0.0192,0.0192,0.135,0.6136363636363636,0.38636363636363635,0.55,1.0,1.0,0.5083333333333333,0.5633528265107213,0.0
20260629_202157_89a44e2f,20260629_202157_89a44e2f_g0020,20,1876697018,6,56,56,57,2,1,RED,champ_v3,0,1,[1],1,124,1,"{""1"": 124, ""2"": 93, ""3"": 65, ""4"": 77}",False,21.0,-31.0,0.0,37.0,36.0,0.09,23.0,16.0,27.0,10.0,6.0,3.0,8.0,0.0,31.0,48.0,15.0,6.0,18.0,1.0,1.0,1.0,3.0,0.0,0.0,0.0,0.0,56.0,57.0,0.6325,0.7142857142857143,0.0228,0.0224,0.175,0.7954545454545454,0.20454545454545456,0.525,1.0,0.8,0.4333333333333333,0.5556390977443608,0.0
20260629_202157_89a44e2f,20260629_202157_89a44e2f_g0020,20,1876697018,6,56,56,57,2,2,BLUE,pool_heuristic,1,1,[1],0,93,2,"{""1"": 124, ""2"": 93, ""3"": 65, ""4"": 77}",False,26.0,-21.0,2.0,39.0,36.0,0.09,30.0,19.0,32.0,12.0,6.0,6.0,8.0,0.0,24.0,58.0,14.0,7.0,21.0,1.0,1.0,2.0,3.0,0.0,0.0,0.0,0.0,56.0,57.0,0.6325,0.6666666666666666,0.0228,0.0224,0.1675,0.7613636363636364,0.23863636363636365,0.65,1.0,0.8,0.39166666666666666,0.4336213668499608,0.0
20260629_202157_89a44e2f,20260629_202157_89a44e2f_g0020,20,1876697018,6,56,56,57,2,3,YELLOW,pool_l45_100ms,2,1,[1],0,65,4,"{""1"": 124, ""2"": 93, ""3"": 65, ""4"": 77}",False,7.0,-59.0,0.0,27.0,36.0,0.09,0.0,0.0,0.0,0.0,0.0,0.0,0.0,0.0,54.0,7.0,13.0,8.0,32.0,0.0,0.0,1.0,6.0,1.0,0.0,0.0,0.0,56.0,57.0,0.6325,0.6190476190476191,0.0228,0.0224,0.14,0.6363636363636364,0.36363636363636365,0.175,0.26666666666666666,1.0,0.55,0.42669172932330834,0.0
20260629_202157_89a44e2f,20260629_202157_89a44e2f_g0020,20,1876697018,6,56,56,57,2,4,GREEN,pool_peer_500ms,3,1,[1],0,77,3,"{""1"": 124, ""2"": 93, ""3"": 65, ""4"": 77}",False,19.0,-35.0,2.0,43.0,36.0,0.09,1.0,0.5,2.0,0.0,0.0,0.0,2.0,0.0,53.0,21.0,14.0,7.0,28.0,0.0,0.0,1.0,5.0,1.0,0.0,0.0,0.0,56.0,57.0,0.6325,0.6666666666666666,0.0228,0.0224,0.15,0.6818181818181818,0.3181818181818182,0.475,0.7166666666666667,1.0,0.45,0.5394736842105263,0.0
20260629_202157_89a44e2f,20260629_202157_89a44e2f_g0020,20,1876697018,7,64,64,69,2,1,RED,champ_v3,0,1,[1],1,124,1,"{""1"": 124, ""2"": 93, ""3"": 65, ""4"": 77}",False,23.0,-27.0,0.0,65.0,47.0,0.1175,15.0,12.0,15.5,9.0,5.0,1.5,0.0,0.0,19.0,38.5,18.0,3.0,6.0,1.0,1.0,1.0,0.0,0.0,0.0,0.0,0.0,64.0,69.0,0.71,0.8571428571428571,0.0276,0.0256,0.205,0.9318181818181818,0.06818181818181818,0.575,0.9333333333333333,0.6,0.4166666666666667,0.517971758664955,0.0
20260629_202157_89a44e2f,20260629_202157_89a44e2f_g0020,20,1876697018,7,64,64,69,2,2,BLUE,pool_heuristic,1,1,[1],0,93,2,"{""1"": 124, ""2"": 93, ""3"": 65, ""4"": 77}",False,27.0,-19.0,2.0,58.0,47.0,0.1175,19.0,15.75,18.75,13.0,5.0,0.75,0.0,0.0,15.0,45.75,17.0,4.0,10.0,1.0,1.0,1.0,1.0,0.0,0.0,0.0,0.0,64.0,69.0,0.71,0.8095238095238095,0.0276,0.0256,0.195,0.8863636363636364,0.11363636363636363,0.675,0.9833333333333333,0.8,0.38333333333333336,0.45614035087719296,0.0
20260629_202157_89a44e2f,20260629_202157_89a44e2f_g0020,20,1876697018,7,64,64,69,2,3,YELLOW,pool_l45_100ms,2,1,[1],0,65,4,"{""1"": 124, ""2"": 93, ""3"": 65, ""4"": 77}",False,7.0,-59.0,0.0,27.0,47.0,0.1175,0.0,0.0,0.0,0.0,0.0,0.0,0.0,0.0,34.0,7.0,13.0,8.0,32.0,0.0,0.0,1.0,6.0,1.0,0.0,0.0,0.0,64.0,69.0,0.71,0.6190476190476191,0.0276,0.0256,0.14,0.6363636363636364,0.36363636363636365,0.175,0.26666666666666666,1.0,0.55,0.42669172932330834,0.0
20260629_202157_89a44e2f,20260629_202157_89a44e2f_g0020,20,1876697018,7,64,64,69,2,4,GREEN,pool_peer_500ms,3,1,[1],0,77,3,"{""1"": 124, ""2"": 93, ""3"": 65, ""4"": 77}",False,16.0,-41.0,2.0,55.0,47.0,0.1175,0.0,0.0,0.0,0.0,0.0,0.0,0.0,0.0,34.0,16.0,16.0,5.0,20.0,0.0,0.0,1.0,3.0,1.0,0.0,0.0,0.0,64.0,69.0,0.71,0.7619047619047619,0.0276,0.0256,0.17,0.7727272727272727,0.22727272727272727,0.4,0.36666666666666664,1.0,0.475,0.5456656346749226,0.0
20260629_202157_89a44e2f,20260629_202157_89a44e2f_g0021,21,1755416275,0,8,8,8,1,1,RED,pool_heuristic,0,4,[4],0,75,3,"{""1"": 75, ""2"": 73, ""3"": 88, ""4"": 96}",False,8.0,-15.0,9.0,0.0,3.0,0.0075,491.0,120.25,483.75,8.0,14.0,39.75,152.0,270.0,1413.0,491.75,2.0,19.0,78.0,1.0,1.0,2.0,6.0,9.0,1.0,0.0,1.0,8.0,8.0,0.1,0.09523809523809523,0.0032,0.0032,0.025,0.11363636363636363,0.8863636363636364,0.2,1.0,1.0,0.19166666666666668,0.25263157894736843,0.0
20260629_202157_89a44e2f,20260629_202157_89a44e2f_g0021,21,1755416275,0,8,8,8,1,2,BLUE,pool_l45_100ms,1,4,[4],0,73,4,"{""1"": 75, ""2"": 73, ""3"": 88, ""4"": 96}",False,5.0,-21.0,9.0,0.0,3.0,0.0075,327.0,76.25,309.5,5.0,8.0,24.0,95.0,177.5,1577.0,314.5,2.0,19.0,78.0,1.0,1.0,2.0,6.0,9.0,1.0,1.0,0.0,8.0,8.0,0.1,0.09523809523809523,0.0032,0.0032,0.025,0.11363636363636363,0.8863636363636364,0.125,1.0,1.0,0.21666666666666665,0.15263157894736834,0.0
20260629_202157_89a44e2f,20260629_202157_89a44e2f_g0021,21,1755416275,0,8,8,8,1,3,YELLOW,pool_peer_500ms,2,4,[4],0,88,2,"{""1"": 75, ""2"": 73, ""3"": 88, ""4"": 96}",False,9.0,-13.0,9.0,0.0,3.0,0.0075,543.0,122.625,488.75,9.0,15.0,41.25,153.5,270.0,1361.0,497.75,2.0,19.0,78.0,1.0,1.0,2.0,6.0,9.0,1.0,0.0,0.0,8.0,8.0,0.1,0.09523809523809523,0.0032,0.0032,0.025,0.11363636363636363,0.8863636363636364,0.225,1.0,1.0,0.18333333333333332,0.23684210526315785,0.0
20260629_202157_89a44e2f,20260629_202157_89a44e2f_g0021,21,1755416275,0,8,8,8,1,4,GREEN,champ_v3,3,4,[4],1,96,1,"{""1"": 75, ""2"": 73, ""3"": 88, ""4"": 96}",False,9.0,-13.0,9.0,0.0,3.0,0.0075,543.0,122.625,488.75,9.0,15.0,41.25,153.5,270.0,1361.0,497.75,2.0,19.0,78.0,1.0,1.0,2.0,6.0,9.0,1.0,0.0,0.0,8.0,8.0,0.1,0.09523809523809523,0.0032,0.0032,0.025,0.11363636363636363,0.8863636363636364,0.225,1.0,1.0,0.18333333333333332,0.23684210526315785,0.0
20260629_202157_89a44e2f,20260629_202157_89a44e2f_g0021,21,1755416275,1,16,16,16,1,1,RED,pool_heuristic,0,4,[4],0,75,3,"{""1"": 75, ""2"": 73, ""3"": 88, ""4"": 96}",False,15.0,-25.0,2.0,1.0,3.0,0.0075,511.0,136.375,517.625,13.0,20.0,52.5,189.0,243.125,1885.0,532.625,4.0,17.0,68.0,1.0,1.0,2.0,6.0,7.0,1.0,0.0,1.0,16.0,16.0,0.2,0.19047619047619047,0.0064,0.0064,0.05,0.22727272727272727,0.7727272727272727,0.375,1.0,1.0,0.33333333333333337,0.4894736842105264,0.0
20260629_202157_89a44e2f,20260629_202157_89a44e2f_g0021,21,1755416275,1,16,16,16,1,2,BLUE,pool_l45_100ms,1,4,[4],0,73,4,"{""1"": 75, ""2"": 73, ""3"": 88, ""4"": 96}",False,9.0,-37.0,6.0,0.0,3.0,0.0075,416.0,99.375,376.875,9.0,15.0,39.0,142.0,171.875,1980.0,385.875,4.0,17.0,68.0,1.0,1.0,2.0,6.0,7.0,1.0,0.0,0.0,16.0,16.0,0.2,0.19047619047619047,0.0064,0.0064,0.05,0.22727272727272727,0.7727272727272727,0.225,1.0,1.0,0.38333333333333336,0.3263157894736842,0.0
20260629_202157_89a44e2f,20260629_202157_89a44e2f_g0021,21,1755416275,1,16,16,16,1,3,YELLOW,pool_peer_500ms,2,4,[4],0,88,2,"{""1"": 75, ""2"": 73, ""3"": 88, ""4"": 96}",False,15.0,-25.0,0.0,2.0,3.0,0.0075,704.0,168.625,647.75,14.0,24.0,66.0,237.5,306.25,1692.0,662.75,4.0,17.0,68.0,1.0,1.0,2.0,6.0,7.0,1.0,0.0,0.0,16.0,16.0,0.2,0.19047619047619047,0.0064,0.0064,0.05,0.22727272727272727,0.7727272727272727,0.375,1.0,1.0,0.33333333333333337,0.4894736842105264,0.0
20260629_202157_89a44e2f,20260629_202157_89a44e2f_g0021,21,1755416275,1,16,16,16,1,4,GREEN,champ_v3,3,4,[4],1,96,1,"{""1"": 75, ""2"": 73, ""3"": 88, ""4"": 96}",False,16.0,-23.0,0.0,1.0,3.0,0.0075,765.0,192.0,740.625,16.0,26.0,73.5,269.5,355.625,1631.0,756.625,4.0,17.0,68.0,1.0,1.0,2.0,6.0,7.0,1.0,0.0,0.0,16.0,16.0,0.2,0.19047619047619047,0.0064,0.0064,0.05,0.22727272727272727,0.7727272727272727,0.4,1.0,1.0,0.325,0.49473684210526314,0.0
20260629_202157_89a44e2f,20260629_202157_89a44e2f_g0021,21,1755416275,2,24,24,24,1,1,RED,pool_heuristic,0,4,[4],0,75,3,"{""1"": 75, ""2"": 73, ""3"": 88, ""4"": 96}",False,22.0,-31.0,2.0,5.0,9.0,0.0225,310.0,102.75,338.75,18.0,22.0,49.5,148.0,101.25,1286.0,360.75,6.0,15.0,58.0,1.0,1.0,2.0,6.0,5.0,1.0,0.0,1.0,24.0,24.0,0.3,0.2857142857142857,0.0096,0.0096,0.075,0.3409090909090909,0.6590909090909091,0.55,1.0,1.0,0.4416666666666667,0.5210526315789474,0.0
20260629_202157_89a44e2f,20260629_202157_89a44e2f_g0021,21,1755416275,2,24,24,24,1,2,BLUE,pool_l45_100ms,1,4,[4],0,73,4,"{""1"": 75, ""2"": 73, ""3"": 88, ""4"": 96}",False,13.0,-49.0,6.0,4.0,9.0,0.0225,205.0,58.5,187.25,12.0,14.0,25.5,77.0,58.75,1391.0,200.25,6.0,15.0,58.0,1.0,1.0,2.0,6.0,5.0,0.0,0.0,0.0,24.0,24.0,0.3,0.2857142857142857,0.0096,0.0096,0.075,0.3409090909090909,0.6590909090909091,0.325,1.0,1.0,0.5166666666666667,0.38596491228070173,0.0
20260629_202157_89a44e2f,20260629_202157_89a44e2f_g0021,21,1755416275,2,24,24,24,1,3,YELLOW,pool_peer_500ms,2,4,[4],0,88,2,"{""1"": 75, ""2"": 73, ""3"": 88, ""4"": 96}",False,21.0,-33.0,0.0,12.0,9.0,0.0225,540.0,135.625,481.0,17.0,25.0,60.75,204.5,173.75,1056.0,502.0,6.0,15.0,58.0,1.0,1.0,2.0,6.0,5.0,0.0,0.0,0.0,24.0,24.0,0.3,0.2857142857142857,0.0096,0.0096,0.075,0.3409090909090909,0.6590909090909091,0.525,1.0,1.0,0.45,0.5719298245614035,0.0
20260629_202157_89a44e2f,20260629_202157_89a44e2f_g0021,21,1755416275,2,24,24,24,1,4,GREEN,champ_v3,3,4,[4],1,96,1,"{""1"": 75, ""2"": 73, ""3"": 88, ""4"": 96}",False,19.0,-37.0,0.0,5.0,9.0,0.0225,541.0,142.5,504.125,19.0,24.0,63.0,217.5,180.625,1055.0,523.125,6.0,15.0,58.0,1.0,1.0,2.0,6.0,5.0,0.0,0.0,0.0,24.0,24.0,0.3,0.2857142857142857,0.0096,0.0096,0.075,0.3409090909090909,0.6590909090909091,0.475,1.0,1.0,0.4666666666666667,0.5894736842105264,0.0
20260629_202157_89a44e2f,20260629_202157_89a44e2f_g0021,21,1755416275,3,32,32,32,1,1,RED,pool_heuristic,0,4,[4],0,75,3,"{""1"": 75, ""2"": 73, ""3"": 88, ""4"": 96}",False,24.0,-37.0,2.0,19.0,12.0,0.03,164.0,62.375,172.5,19.0,16.0,30.0,77.5,30.0,690.0,196.5,8.0,13.0,48.0,1.0,1.0,2.0,6.0,3.0,1.0,0.0,0.0,32.0,32.0,0.4,0.38095238095238093,0.0128,0.0128,0.1,0.45454545454545453,0.5454545454545454,0.6,1.0,1.0,0.5083333333333333,0.5157894736842106,0.0
20260629_202157_89a44e2f,20260629_202157_89a44e2f_g0021,21,1755416275,3,32,32,32,1,2,BLUE,pool_l45_100ms,1,4,[4],0,73,4,"{""1"": 75, ""2"": 73, ""3"": 88, ""4"": 96}",False,13.0,-59.0,3.0,13.0,12.0,0.03,106.0,38.25,104.375,11.0,11.0,20.25,51.5,10.625,748.0,117.375,8.0,13.0,48.0,1.0,1.0,2.0,6.0,3.0,0.0,0.0,0.0,32.0,32.0,0.4,0.38095238095238093,0.0128,0.0128,0.1,0.45454545454545453,0.5454545454545454,0.325,1.0,1.0,0.6,0.43157894736842106,0.0
20260629_202157_89a44e2f,20260629_202157_89a44e2f_g0021,21,1755416275,3,32,32,32,1,3,YELLOW,pool_peer_500ms,2,4,[4],0,88,2,"{""1"": 75, ""2"": 73, ""3"": 88, ""4"": 96}",False,24.0,-37.0,0.0,22.0,12.0,0.03,256.0,81.125,246.375,19.0,18.0,39.75,119.0,50.625,598.0,270.375,8.0,13.0,48.0,1.0,1.0,2.0,6.0,3.0,0.0,0.0,0.0,32.0,32.0,0.4,0.38095238095238093,0.0128,0.0128,0.1,0.45454545454545453,0.5454545454545454,0.6,1.0,1.0,0.5083333333333333,0.5842105263157895,0.0
20260629_202157_89a44e2f,20260629_202157_89a44e2f_g0021,21,1755416275,3,32,32,32,1,4,GREEN,champ_v3,3,4,[4],1,96,1,"{""1"": 75, ""2"": 73, ""3"": 88, ""4"": 96}",False,24.0,-37.0,0.0,14.0,12.0,0.03,328.0,109.0,342.375,23.0,23.0,51.75,166.5,78.125,526.0,366.375,8.0,13.0,48.0,1.0,1.0,2.0,6.0,3.0,0.0,0.0,0.0,32.0,32.0,0.4,0.38095238095238093,0.0128,0.0128,0.1,0.45454545454545453,0.5454545454545454,0.6,1.0,1.0,0.5083333333333333,0.5868421052631578,0.0
20260629_202157_89a44e2f,20260629_202157_89a44e2f_g0021,21,1755416275,4,40,40,40,1,1,RED,pool_heuristic,0,4,[4],0,75,3,"{""1"": 75, ""2"": 73, ""3"": 88, ""4"": 96}",False,23.0,-50.0,2.0,23.0,19.0,0.0475,76.0,36.375,81.25,17.0,10.0,15.75,28.5,10.0,356.0,104.25,10.0,11.0,39.0,1.0,1.0,2.0,5.0,2.0,0.0,0.0,0.0,40.0,40.0,0.49,0.47619047619047616,0.016,0.016,0.1225,0.5568181818181818,0.4431818181818182,0.575,1.0,1.0,0.6083333333333333,0.49409237379162196,0.0
20260629_202157_89a44e2f,20260629_202157_89a44e2f_g0021,21,1755416275,4,40,40,40,1,2,BLUE,pool_l45_100ms,1,4,[4],0,73,4,"{""1"": 75, ""2"": 73, ""3"": 88, ""4"": 96}",False,13.0,-70.0,3.0,22.0,19.0,0.0475,45.0,22.75,46.25,11.0,9.0,8.25,18.0,0.0,387.0,59.25,10.0,11.0,38.0,1.0,1.0,2.0,6.0,1.0,0.0,0.0,0.0,40.0,40.0,0.49,0.47619047619047616,0.016,0.016,0.125,0.5681818181818182,0.4318181818181818,0.325,0.8833333333333333,1.0,0.6916666666666667,0.41368421052631577,0.0
20260629_202157_89a44e2f,20260629_202157_89a44e2f_g0021,21,1755416275,4,40,40,40,1,3,YELLOW,pool_peer_500ms,2,4,[4],0,88,2,"{""1"": 75, ""2"": 73, ""3"": 88, ""4"": 96}",False,30.0,-36.0,0.0,30.0,19.0,0.0475,93.0,44.75,92.75,22.0,16.0,18.0,28.0,8.75,339.0,122.75,10.0,11.0,39.0,1.0,1.0,2.0,5.0,2.0,0.0,0.0,0.0,40.0,40.0,0.49,0.47619047619047616,0.016,0.016,0.1225,0.5568181818181818,0.4431818181818182,0.75,1.0,1.0,0.55,0.5531686358754028,0.0
20260629_202157_89a44e2f,20260629_202157_89a44e2f_g0021,21,1755416275,4,40,40,40,1,4,GREEN,champ_v3,3,4,[4],1,96,1,"{""1"": 75, ""2"": 73, ""3"": 88, ""4"": 96}",False,30.0,-36.0,0.0,18.0,19.0,0.0475,218.0,83.5,221.0,27.0,25.0,46.5,80.0,42.5,214.0,251.0,10.0,11.0,40.0,1.0,1.0,2.0,4.0,3.0,0.0,0.0,0.0,40.0,40.0,0.49,0.47619047619047616,0.016,0.016,0.12,0.5454545454545454,0.45454545454545453,0.75,1.0,1.0,0.55,0.5833333333333333,0.0
20260629_202157_89a44e2f,20260629_202157_89a44e2f_g0021,21,1755416275,5,48,48,48,1,1,RED,pool_heuristic,0,4,[4],0,75,3,"{""1"": 75, ""2"": 73, ""3"": 88, ""4"": 96}",False,21.0,-50.0,2.0,31.0,27.0,0.0675,35.0,22.125,36.25,15.0,6.0,6.75,3.5,5.0,182.0,57.25,12.0,9.0,30.0,1.0,1.0,2.0,4.0,1.0,0.0,0.0,0.0,48.0,48.0,0.575,0.5714285714285714,0.0192,0.0192,0.145,0.6590909090909091,0.3409090909090909,0.525,0.8833333333333333,1.0,0.5916666666666667,0.4736842105263158,0.0
20260629_202157_89a44e2f,20260629_202157_89a44e2f_g0021,21,1755416275,5,48,48,48,1,2,BLUE,pool_l45_100ms,1,4,[4],0,73,4,"{""1"": 75, ""2"": 73, ""3"": 88, ""4"": 96}",False,10.0,-72.0,3.0,27.0,27.0,0.0675,14.0,9.25,15.0,6.0,3.0,3.0,3.0,0.0,203.0,25.0,12.0,9.0,30.0,1.0,1.0,2.0,4.0,1.0,0.0,0.0,0.0,48.0,48.0,0.575,0.5714285714285714,0.0192,0.0192,0.145,0.6590909090909091,0.3409090909090909,0.25,0.5333333333333333,1.0,0.6833333333333333,0.411070780399274,0.0
20260629_202157_89a44e2f,20260629_202157_89a44e2f_g0021,21,1755416275,5,48,48,48,1,3,YELLOW,pool_peer_500ms,2,4,[4],0,88,2,"{""1"": 75, ""2"": 73, ""3"": 88, ""4"": 96}",False,35.0,-22.0,0.0,38.0,27.0,0.0675,82.0,39.5,79.875,20.0,14.0,18.0,18.5,9.375,135.0,114.875,12.0,9.0,31.0,1.0,1.0,2.0,3.0,2.0,0.0,0.0,0.0,48.0,48.0,0.575,0.5714285714285714,0.0192,0.0192,0.1425,0.6477272727272727,0.3522727272727273,0.875,1.0,1.0,0.475,0.5484764542936288,0.0
20260629_202157_89a44e2f,20260629_202157_89a44e2f_g0021,21,1755416275,5,48,48,48,1,4,GREEN,champ_v3,3,4,[4],1,96,1,"{""1"": 75, ""2"": 73, ""3"": 88, ""4"": 96}",False,26.0,-40.0,0.0,29.0,27.0,0.0675,86.0,47.5,100.25,22.0,18.0,24.0,25.0,11.25,131.0,126.25,12.0,9.0,31.0,1.0,1.0,2.0,3.0,2.0,0.0,0.0,0.0,48.0,48.0,0.575,0.5714285714285714,0.0192,0.0192,0.1425,0.6477272727272727,0.3522727272727273,0.65,1.0,1.0,0.55,0.5660203139427515,0.0
20260629_202157_89a44e2f,20260629_202157_89a44e2f_g0021,21,1755416275,6,56,56,56,1,1,RED,pool_heuristic,0,4,[4],0,75,3,"{""1"": 75, ""2"": 73, ""3"": 88, ""4"": 96}",False,20.0,-44.0,2.0,45.0,32.0,0.08,14.0,13.0,14.0,12.0,2.0,0.0,0.0,0.0,45.0,34.0,14.0,7.0,23.0,1.0,1.0,1.0,3.0,1.0,0.0,0.0,0.0,56.0,56.0,0.65,0.6666666666666666,0.0224,0.0224,0.1625,0.7386363636363636,0.26136363636363635,0.5,0.6333333333333333,1.0,0.5333333333333333,0.4842105263157894,0.0
20260629_202157_89a44e2f,20260629_202157_89a44e2f_g0021,21,1755416275,6,56,56,56,1,2,BLUE,pool_l45_100ms,1,4,[4],0,73,4,"{""1"": 75, ""2"": 73, ""3"": 88, ""4"": 96}",False,9.0,-66.0,3.0,35.0,32.0,0.08,7.0,6.0,7.0,5.0,2.0,0.0,0.0,0.0,52.0,16.0,14.0,7.0,23.0,1.0,1.0,1.0,3.0,1.0,0.0,0.0,0.0,56.0,56.0,0.65,0.6666666666666666,0.0224,0.0224,0.1625,0.7386363636363636,0.26136363636363635,0.225,0.36666666666666664,1.0,0.625,0.42105263157894735,0.0
20260629_202157_89a44e2f,20260629_202157_89a44e2f_g0021,21,1755416275,6,56,56,56,1,3,YELLOW,pool_peer_500ms,2,4,[4],0,88,2,"{""1"": 75, ""2"": 73, ""3"": 88, ""4"": 96}",False,34.0,-16.0,0.0,41.0,32.0,0.08,17.0,6.875,15.75,0.0,10.0,5.25,0.5,0.0,42.0,49.75,14.0,7.0,25.0,0.0,1.0,2.0,3.0,1.0,0.0,0.0,0.0,56.0,56.0,0.65,0.6666666666666666,0.0224,0.0224,0.1575,0.7159090909090909,0.2840909090909091,0.85,1.0,1.0,0.4166666666666667,0.5588972431077694,0.0
20260629_202157_89a44e2f,20260629_202157_89a44e2f_g0021,21,1755416275,6,56,56,56,1,4,GREEN,champ_v3,3,4,[4],1,96,1,"{""1"": 75, ""2"": 73, ""3"": 88, ""4"": 96}",False,21.0,-42.0,0.0,41.0,32.0,0.08,21.0,16.25,22.0,13.0,3.0,3.0,3.0,0.0,38.0,43.0,14.0,7.0,21.0,1.0,1.0,2.0,3.0,0.0,0.0,0.0,0.0,56.0,56.0,0.65,0.6666666666666666,0.0224,0.0224,0.1675,0.7613636363636364,0.23863636363636365,0.525,0.9166666666666666,0.8,0.525,0.532600157109191,0.0
20260629_202157_89a44e2f,20260629_202157_89a44e2f_g0021,21,1755416275,7,64,64,64,1,1,RED,pool_heuristic,0,4,[4],0,75,3,"{""1"": 75, ""2"": 73, ""3"": 88, ""4"": 96}",False,19.0,-40.0,2.0,55.0,48.0,0.12,0.0,0.0,0.0,0.0,0.0,0.0,0.0,0.0,22.0,19.0,16.0,5.0,20.0,0.0,0.0,1.0,3.0,1.0,0.0,0.0,0.0,64.0,64.0,0.7025,0.7619047619047619,0.0256,0.0256,0.17,0.7727272727272727,0.22727272727272727,0.475,0.43333333333333335,1.0,0.4916666666666667,0.48297213622291013,0.0
20260629_202157_89a44e2f,20260629_202157_89a44e2f_g0021,21,1755416275,7,64,64,64,1,2,BLUE,pool_l45_100ms,1,4,[4],0,73,4,"{""1"": 75, ""2"": 73, ""3"": 88, ""4"": 96}",False,6.0,-66.0,3.0,36.0,48.0,0.12,0.0,0.0,0.0,0.0,0.0,0.0,0.0,0.0,22.0,6.0,16.0,5.0,20.0,0.0,0.0,1.0,3.0,1.0,0.0,0.0,0.0,64.0,64.0,0.7025,0.7619047619047619,0.0256,0.0256,0.17,0.7727272727272727,0.22727272727272727,0.15,0.2,1.0,0.6,0.41253869969040247,0.0
20260629_202157_89a44e2f,20260629_202157_89a44e2f_g0021,21,1755416275,7,64,64,64,1,3,YELLOW,pool_peer_500ms,2,4,[4],0,88,2,"{""1"": 75, ""2"": 73, ""3"": 88, ""4"": 96}",False,31.0,-16.0,0.0,45.0,48.0,0.12,8.0,3.5,7.5,0.0,6.0,1.5,0.0,0.0,14.0,38.5,16.0,5.0,18.0,0.0,1.0,1.0,2.0,1.0,0.0,0.0,0.0,64.0,64.0,0.7025,0.7619047619047619,0.0256,0.0256,0.175,0.7954545454545454,0.20454545454545456,0.775,0.8166666666666667,1.0,0.39166666666666666,0.5263157894736843,0.0
20260629_202157_89a44e2f,20260629_202157_89a44e2f_g0021,21,1755416275,7,64,64,64,1,4,GREEN,champ_v3,3,4,[4],1,96,1,"{""1"": 75, ""2"": 73, ""3"": 88, ""4"": 96}",False,22.0,-34.0,0.0,54.0,48.0,0.12,14.0,13.5,14.0,13.0,1.0,0.0,0.0,0.0,8.0,36.0,16.0,5.0,13.0,1.0,1.0,2.0,1.0,0.0,0.0,0.0,0.0,64.0,64.0,0.7025,0.7619047619047619,0.0256,0.0256,0.1875,0.8522727272727273,0.14772727272727273,0.55,0.5833333333333334,0.8,0.4666666666666667,0.5038596491228071,0.0
20260629_202157_89a44e2f,20260629_202157_89a44e2f_g0022,22,1505631000,0,8,8,8,1,1,RED,pool_l45_100ms,0,3,[3],0,89,3,"{""1"": 89, ""2"": 92, ""3"": 106, ""4"": 74}",False,6.0,-19.0,9.0,0.0,1.0,0.0025,388.0,90.5,366.25,6.0,10.0,28.5,113.0,208.75,1495.0,372.25,2.0,19.0,78.0,1.0,1.0,2.0,6.0,9.0,1.0,1.0,0.0,8.0,8.0,0.1,0.09523809523809523,0.0032,0.0032,0.025,0.11363636363636363,0.8863636363636364,0.15,1.0,1.0,0.20833333333333334,0.20526315789473681,0.0
20260629_202157_89a44e2f,20260629_202157_89a44e2f_g0022,22,1505631000,0,8,8,8,1,2,BLUE,pool_peer_500ms,1,3,[3],0,92,2,"{""1"": 89, ""2"": 92, ""3"": 106, ""4"": 74}",False,9.0,-13.0,9.0,0.0,1.0,0.0025,543.0,122.625,488.75,9.0,15.0,41.25,153.5,270.0,1340.0,497.75,2.0,19.0,78.0,1.0,1.0,2.0,6.0,9.0,1.0,0.0,0.0,8.0,8.0,0.1,0.09523809523809523,0.0032,0.0032,0.025,0.11363636363636363,0.8863636363636364,0.225,1.0,1.0,0.18333333333333332,0.23684210526315785,0.0
20260629_202157_89a44e2f,20260629_202157_89a44e2f_g0022,22,1505631000,0,8,8,8,1,3,YELLOW,champ_v3,2,3,[3],1,106,1,"{""1"": 89, ""2"": 92, ""3"": 106, ""4"": 74}",False,9.0,-13.0,9.0,0.0,1.0,0.0025,543.0,122.625,488.75,9.0,15.0,41.25,153.5,270.0,1340.0,497.75,2.0,19.0,78.0,1.0,1.0,2.0,6.0,9.0,1.0,0.0,0.0,8.0,8.0,0.1,0.09523809523809523,0.0032,0.0032,0.025,0.11363636363636363,0.8863636363636364,0.225,1.0,1.0,0.18333333333333332,0.23684210526315785,0.0
20260629_202157_89a44e2f,20260629_202157_89a44e2f_g0022,22,1505631000,0,8,8,8,1,4,GREEN,pool_heuristic,3,3,[3],0,74,4,"{""1"": 89, ""2"": 92, ""3"": 106, ""4"": 74}",False,7.0,-17.0,9.0,0.0,1.0,0.0025,409.0,100.625,402.625,7.0,12.0,33.75,128.0,221.875,1474.0,409.625,2.0,19.0,78.0,1.0,1.0,2.0,6.0,9.0,1.0,0.0,1.0,8.0,8.0,0.1,0.09523809523809523,0.0032,0.0032,0.025,0.11363636363636363,0.8863636363636364,0.175,1.0,1.0,0.2,0.25263157894736843,0.0
20260629_202157_89a44e2f,20260629_202157_89a44e2f_g0022,22,1505631000,1,16,16,16,1,1,RED,pool_l45_100ms,0,3,[3],0,89,3,"{""1"": 89, ""2"": 92, ""3"": 106, ""4"": 74}",False,10.0,-32.0,7.0,0.0,1.0,0.0025,497.0,116.625,446.0,10.0,17.0,43.5,170.5,205.0,1903.0,456.0,4.0,17.0,68.0,1.0,1.0,2.0,6.0,7.0,1.0,0.0,0.0,16.0,16.0,0.2,0.19047619047619047,0.0064,0.0064,0.05,0.22727272727272727,0.7727272727272727,0.25,1.0,1.0,0.35,0.3236842105263158,0.0
20260629_202157_89a44e2f,20260629_202157_89a44e2f_g0022,22,1505631000,1,16,16,16,1,2,BLUE,pool_peer_500ms,1,3,[3],0,92,2,"{""1"": 89, ""2"": 92, ""3"": 106, ""4"": 74}",False,16.0,-20.0,0.0,2.0,1.0,0.0025,721.0,179.875,699.375,14.0,24.0,67.5,252.0,341.875,1679.0,715.375,4.0,17.0,68.0,1.0,1.0,2.0,6.0,7.0,1.0,0.0,0.0,16.0,16.0,0.2,0.19047619047619047,0.0064,0.0064,0.05,0.22727272727272727,0.7727272727272727,0.4,1.0,1.0,0.3,0.49473684210526314,0.0
20260629_202157_89a44e2f,20260629_202157_89a44e2f_g0022,22,1505631000,1,16,16,16,1,3,YELLOW,champ_v3,2,3,[3],1,106,1,"{""1"": 89, ""2"": 92, ""3"": 106, ""4"": 74}",False,15.0,-22.0,1.0,2.0,1.0,0.0025,733.0,184.0,708.125,15.0,26.0,72.0,259.5,335.625,1667.0,723.125,4.0,17.0,68.0,1.0,1.0,2.0,6.0,7.0,1.0,0.0,0.0,16.0,16.0,0.2,0.19047619047619047,0.0064,0.0064,0.05,0.22727272727272727,0.7727272727272727,0.375,1.0,1.0,0.30833333333333335,0.4894736842105264,0.0
20260629_202157_89a44e2f,20260629_202157_89a44e2f_g0022,22,1505631000,1,16,16,16,1,4,GREEN,pool_heuristic,3,3,[3],0,74,4,"{""1"": 89, ""2"": 92, ""3"": 106, ""4"": 74}",False,11.0,-30.0,4.0,0.0,1.0,0.0025,449.0,116.375,444.25,11.0,16.0,43.5,162.5,211.25,1951.0,455.25,4.0,17.0,68.0,1.0,1.0,2.0,6.0,7.0,1.0,0.0,1.0,16.0,16.0,0.2,0.19047619047619047,0.0064,0.0064,0.05,0.22727272727272727,0.7727272727272727,0.275,1.0,1.0,0.3416666666666667,0.4263157894736842,0.0
20260629_202157_89a44e2f,20260629_202157_89a44e2f_g0022,22,1505631000,2,24,24,24,1,1,RED,pool_l45_100ms,0,3,[3],0,89,3,"{""1"": 89, ""2"": 92, ""3"": 106, ""4"": 74}",False,14.0,-44.0,6.0,2.0,8.0,0.02,256.0,73.0,236.5,13.0,18.0,34.5,106.0,65.0,1218.0,250.5,6.0,15.0,58.0,1.0,1.0,2.0,6.0,5.0,0.0,0.0,0.0,24.0,24.0,0.2975,0.2857142857142857,0.0096,0.0096,0.075,0.3409090909090909,0.6590909090909091,0.35,1.0,1.0,0.4833333333333333,0.4017543859649123,0.0
20260629_202157_89a44e2f,20260629_202157_89a44e2f_g0022,22,1505631000,2,24,24,24,1,2,BLUE,pool_peer_500ms,1,3,[3],0,92,2,"{""1"": 89, ""2"": 92, ""3"": 106, ""4"": 74}",False,21.0,-30.0,0.0,8.0,8.0,0.02,532.0,148.0,530.625,18.0,28.0,69.75,195.5,219.375,942.0,551.625,6.0,15.0,59.0,1.0,1.0,2.0,5.0,6.0,1.0,0.0,0.0,24.0,24.0,0.2975,0.2857142857142857,0.0096,0.0096,0.0725,0.32954545454545453,0.6704545454545454,0.525,1.0,1.0,0.425,0.5535390199637024,0.0
20260629_202157_89a44e2f,20260629_202157_89a44e2f_g0022,22,1505631000,2,24,24,24,1,3,YELLOW,champ_v3,2,3,[3],1,106,1,"{""1"": 89, ""2"": 92, ""3"": 106, ""4"": 74}",False,18.0,-36.0,0.0,11.0,8.0,0.02,315.0,93.75,315.0,16.0,18.0,44.25,133.0,103.75,1159.0,333.0,6.0,15.0,58.0,1.0,1.0,2.0,6.0,5.0,0.0,0.0,0.0,24.0,24.0,0.2975,0.2857142857142857,0.0096,0.0096,0.075,0.3409090909090909,0.6590909090909091,0.45,1.0,1.0,0.45,0.5929824561403509,0.0
20260629_202157_89a44e2f,20260629_202157_89a44e2f_g0022,22,1505631000,2,24,24,24,1,4,GREEN,pool_heuristic,3,3,[3],0,74,4,"{""1"": 89, ""2"": 92, ""3"": 106, ""4"": 74}",False,19.0,-34.0,2.0,6.0,8.0,0.02,371.0,111.375,381.5,18.0,20.0,48.75,163.5,131.25,1103.0,400.5,6.0,15.0,58.0,1.0,1.0,2.0,6.0,5.0,0.0,0.0,1.0,24.0,24.0,0.2975,0.2857142857142857,0.0096,0.0096,0.075,0.3409090909090909,0.6590909090909091,0.475,1.0,1.0,0.4416666666666667,0.5052631578947369,0.0
20260629_202157_89a44e2f,20260629_202157_89a44e2f_g0022,22,1505631000,3,32,32,32,1,1,RED,pool_l45_100ms,0,3,[3],0,89,3,"{""1"": 89, ""2"": 92, ""3"": 106, ""4"": 74}",False,15.0,-57.0,3.0,5.0,8.0,0.02,141.0,50.0,136.0,14.0,17.0,25.5,62.0,17.5,709.0,151.0,8.0,13.0,48.0,1.0,1.0,2.0,6.0,3.0,0.0,0.0,0.0,32.0,32.0,0.3975,0.38095238095238093,0.0128,0.0128,0.1,0.45454545454545453,0.5454545454545454,0.375,1.0,1.0,0.6,0.4368421052631579,0.0
20260629_202157_89a44e2f,20260629_202157_89a44e2f_g0022,22,1505631000,3,32,32,32,1,2,BLUE,pool_peer_500ms,1,3,[3],0,92,2,"{""1"": 89, ""2"": 92, ""3"": 106, ""4"": 74}",False,24.0,-39.0,0.0,19.0,8.0,0.02,276.0,89.0,265.75,21.0,24.0,49.5,105.0,66.25,574.0,289.75,8.0,13.0,49.0,1.0,1.0,2.0,5.0,4.0,0.0,0.0,0.0,32.0,32.0,0.3975,0.38095238095238093,0.0128,0.0128,0.0975,0.4431818181818182,0.5568181818181818,0.6,1.0,1.0,0.525,0.5910931174089069,0.0
20260629_202157_89a44e2f,20260629_202157_89a44e2f_g0022,22,1505631000,3,32,32,32,1,3,YELLOW,champ_v3,2,3,[3],1,106,1,"{""1"": 89, ""2"": 92, ""3"": 106, ""4"": 74}",False,24.0,-39.0,0.0,17.0,8.0,0.02,295.0,97.75,300.625,21.0,22.0,50.25,150.5,56.875,555.0,324.625,8.0,13.0,48.0,1.0,1.0,2.0,6.0,3.0,0.0,0.0,0.0,32.0,32.0,0.3975,0.38095238095238093,0.0128,0.0128,0.1,0.45454545454545453,0.5454545454545454,0.6,1.0,1.0,0.525,0.6105263157894736,0.0
20260629_202157_89a44e2f,20260629_202157_89a44e2f_g0022,22,1505631000,3,32,32,32,1,4,GREEN,pool_heuristic,3,3,[3],0,74,4,"{""1"": 89, ""2"": 92, ""3"": 106, ""4"": 74}",False,24.0,-39.0,2.0,12.0,8.0,0.02,138.0,58.875,144.75,22.0,19.0,27.0,60.5,16.25,712.0,168.75,8.0,13.0,48.0,1.0,1.0,2.0,6.0,3.0,0.0,0.0,1.0,32.0,32.0,0.3975,0.38095238095238093,0.0128,0.0128,0.1,0.45454545454545453,0.5454545454545454,0.6,1.0,1.0,0.525,0.4921052631578947,0.0
20260629_202157_89a44e2f,20260629_202157_89a44e2f_g0022,22,1505631000,4,40,40,40,1,1,RED,pool_l45_100ms,0,3,[3],0,89,3,"{""1"": 89, ""2"": 92, ""3"": 106, ""4"": 74}",False,14.0,-61.0,3.0,20.0,9.0,0.0225,95.0,36.375,93.875,11.0,13.0,19.5,46.0,4.375,426.0,107.875,10.0,11.0,38.0,1.0,1.0,2.0,6.0,1.0,0.0,0.0,0.0,40.0,40.0,0.4875,0.47619047619047616,0.016,0.016,0.125,0.5681818181818182,0.4318181818181818,0.35,1.0,1.0,0.625,0.4378947368421052,0.0
20260629_202157_89a44e2f,20260629_202157_89a44e2f_g0022,22,1505631000,4,40,40,40,1,2,BLUE,pool_peer_500ms,1,3,[3],0,92,2,"{""1"": 89, ""2"": 92, ""3"": 106, ""4"": 74}",False,28.0,-33.0,0.0,29.0,9.0,0.0225,196.0,73.625,192.375,23.0,24.0,41.25,81.0,23.125,325.0,220.375,10.0,11.0,39.0,1.0,1.0,2.0,5.0,2.0,0.0,0.0,0.0,40.0,40.0,0.4875,0.47619047619047616,0.016,0.016,0.1225,0.5568181818181818,0.4431818181818182,0.7,1.0,1.0,0.5083333333333333,0.5961331901181526,0.0
20260629_202157_89a44e2f,20260629_202157_89a44e2f_g0022,22,1505631000,4,40,40,40,1,3,YELLOW,champ_v3,2,3,[3],1,106,1,"{""1"": 89, ""2"": 92, ""3"": 106, ""4"": 74}",False,26.0,-37.0,0.0,27.0,9.0,0.0225,171.0,60.75,177.0,19.0,16.0,0.0,107.0,35.0,350.0,203.0,10.0,11.0,42.0,1.0,1.0,0.0,6.0,3.0,0.0,0.0,0.0,40.0,40.0,0.4875,0.47619047619047616,0.016,0.016,0.115,0.5227272727272727,0.4772727272727273,0.65,1.0,1.0,0.525,0.6235697940503433,0.0
20260629_202157_89a44e2f,20260629_202157_89a44e2f_g0022,22,1505631000,4,40,40,40,1,4,GREEN,pool_heuristic,3,3,[3],0,74,4,"{""1"": 89, ""2"": 92, ""3"": 106, ""4"": 74}",False,21.0,-47.0,2.0,19.0,9.0,0.0225,59.0,31.875,59.5,18.0,10.0,12.75,17.5,1.25,462.0,80.5,10.0,11.0,38.0,1.0,1.0,2.0,6.0,1.0,0.0,0.0,0.0,40.0,40.0,0.4875,0.47619047619047616,0.016,0.016,0.125,0.5681818181818182,0.4318181818181818,0.525,1.0,1.0,0.5666666666666667,0.4747368421052631,0.0
20260629_202157_89a44e2f,20260629_202157_89a44e2f_g0022,22,1505631000,5,48,48,48,1,1,RED,pool_l45_100ms,0,3,[3],0,89,3,"{""1"": 89, ""2"": 92, ""3"": 106, ""4"": 74}",False,13.0,-65.0,3.0,36.0,12.0,0.03,53.0,23.75,54.0,9.0,9.0,15.0,21.0,0.0,236.0,67.0,12.0,9.0,29.0,1.0,1.0,2.0,5.0,0.0,0.0,0.0,0.0,48.0,48.0,0.57,0.5714285714285714,0.0192,0.0192,0.1475,0.6704545454545454,0.32954545454545453,0.325,0.75,0.8,0.65,0.45138269402319364,0.0
20260629_202157_89a44e2f,20260629_202157_89a44e2f_g0022,22,1505631000,5,48,48,48,1,2,BLUE,pool_peer_500ms,1,3,[3],0,92,2,"{""1"": 89, ""2"": 92, ""3"": 106, ""4"": 74}",False,33.0,-25.0,0.0,38.0,12.0,0.03,136.0,60.875,139.25,25.0,22.0,35.25,34.5,22.5,153.0,172.25,12.0,9.0,31.0,1.0,1.0,2.0,3.0,2.0,0.0,0.0,0.0,48.0,48.0,0.57,0.5714285714285714,0.0192,0.0192,0.1425,0.6477272727272727,0.3522727272727273,0.825,1.0,1.0,0.4833333333333333,0.5650969529085872,0.0
20260629_202157_89a44e2f,20260629_202157_89a44e2f_g0022,22,1505631000,5,48,48,48,1,3,YELLOW,champ_v3,2,3,[3],1,106,1,"{""1"": 89, ""2"": 92, ""3"": 106, ""4"": 74}",False,25.0,-41.0,0.0,36.0,12.0,0.03,75.0,37.375,84.625,19.0,10.0,0.0,45.0,10.625,214.0,109.625,12.0,9.0,33.0,1.0,1.0,0.0,5.0,2.0,0.0,0.0,0.0,48.0,48.0,0.57,0.5714285714285714,0.0192,0.0192,0.1375,0.625,0.375,0.625,1.0,1.0,0.55,0.5904306220095694,0.0
20260629_202157_89a44e2f,20260629_202157_89a44e2f_g0022,22,1505631000,5,48,48,48,1,4,GREEN,pool_heuristic,3,3,[3],0,74,4,"{""1"": 89, ""2"": 92, ""3"": 106, ""4"": 74}",False,20.0,-51.0,2.0,30.0,12.0,0.03,25.0,20.0,26.0,16.0,5.0,3.0,2.0,0.0,264.0,46.0,12.0,9.0,31.0,1.0,1.0,1.0,5.0,1.0,0.0,0.0,0.0,48.0,48.0,0.57,0.5714285714285714,0.0192,0.0192,0.1425,0.6477272727272727,0.3522727272727273,0.5,0.8,1.0,0.5916666666666667,0.46906740535549396,0.0
20260629_202157_89a44e2f,20260629_202157_89a44e2f_g0022,22,1505631000,6,56,56,56,1,1,RED,pool_l45_100ms,0,3,[3],0,89,3,"{""1"": 89, ""2"": 92, ""3"": 106, ""4"": 74}",False,13.0,-68.0,3.0,47.0,13.0,0.0325,33.0,18.0,35.75,9.0,6.0,9.75,11.0,0.0,110.0,48.75,14.0,7.0,21.0,1.0,1.0,2.0,3.0,0.0,0.0,0.0,0.0,56.0,56.0,0.64,0.6666666666666666,0.0224,0.0224,0.1675,0.7613636363636364,0.23863636363636365,0.325,1.0,0.8,0.675,0.45090337784760404,0.0
20260629_202157_89a44e2f,20260629_202157_89a44e2f_g0022,22,1505631000,6,56,56,56,1,2,BLUE,pool_peer_500ms,1,3,[3],0,92,2,"{""1"": 89, ""2"": 92, ""3"": 106, ""4"": 74}",False,33.0,-28.0,0.0,48.0,13.0,0.0325,72.0,45.0,82.0,25.0,18.0,19.5,12.0,7.5,71.0,115.0,14.0,7.0,22.0,1.0,1.0,2.0,2.0,1.0,0.0,0.0,0.0,56.0,56.0,0.64,0.6666666666666666,0.0224,0.0224,0.165,0.75,0.25,0.825,1.0,1.0,0.5083333333333333,0.5494417862838916,0.0
20260629_202157_89a44e2f,20260629_202157_89a44e2f_g0022,22,1505631000,6,56,56,56,1,3,YELLOW,champ_v3,2,3,[3],1,106,1,"{""1"": 89, ""2"": 92, ""3"": 106, ""4"": 74}",False,27.0,-40.0,0.0,49.0,13.0,0.0325,33.0,21.75,37.25,17.0,0.0,0.0,14.0,6.25,110.0,64.25,14.0,7.0,27.0,1.0,0.0,0.0,4.0,2.0,0.0,0.0,0.0,56.0,56.0,0.64,0.6666666666666666,0.0224,0.0224,0.1525,0.6931818181818182,0.3068181818181818,0.675,1.0,1.0,0.5583333333333333,0.5832614322691976,0.0
20260629_202157_89a44e2f,20260629_202157_89a44e2f_g0022,22,1505631000,6,56,56,56,1,4,GREEN,pool_heuristic,3,3,[3],0,74,4,"{""1"": 89, ""2"": 92, ""3"": 106, ""4"": 74}",False,21.0,-52.0,2.0,38.0,13.0,0.0325,5.0,2.5,5.5,0.0,4.0,1.5,0.0,0.0,138.0,26.5,14.0,7.0,26.0,0.0,1.0,1.0,4.0,1.0,0.0,0.0,0.0,56.0,56.0,0.64,0.6666666666666666,0.0224,0.0224,0.155,0.7045454545454546,0.29545454545454547,0.525,0.5666666666666667,1.0,0.6083333333333333,0.4524617996604414,0.0
20260629_202157_89a44e2f,20260629_202157_89a44e2f_g0022,22,1505631000,7,64,64,64,1,1,RED,pool_l45_100ms,0,3,[3],0,89,3,"{""1"": 89, ""2"": 92, ""3"": 106, ""4"": 74}",False,15.0,-61.0,3.0,54.0,22.0,0.055,14.0,11.25,14.25,9.0,3.0,2.25,0.0,0.0,44.0,29.25,16.0,5.0,13.0,1.0,1.0,2.0,1.0,0.0,0.0,0.0,0.0,64.0,64.0,0.705,0.7619047619047619,0.0256,0.0256,0.1875,0.8522727272727273,0.14772727272727273,0.375,0.5833333333333334,0.8,0.6333333333333333,0.4329824561403509,0.0
20260629_202157_89a44e2f,20260629_202157_89a44e2f_g0022,22,1505631000,7,64,64,64,1,2,BLUE,pool_peer_500ms,1,3,[3],0,92,2,"{""1"": 89, ""2"": 92, ""3"": 106, ""4"": 74}",False,33.0,-25.0,0.0,56.0,22.0,0.055,36.0,29.0,37.0,22.0,12.0,3.0,0.0,0.0,22.0,70.0,16.0,5.0,15.0,1.0,1.0,1.0,1.0,1.0,0.0,0.0,0.0,64.0,64.0,0.705,0.7619047619047619,0.0256,0.0256,0.1825,0.8295454545454546,0.17045454545454544,0.825,0.8166666666666667,1.0,0.4833333333333333,0.5270367700072098,0.0
20260629_202157_89a44e2f,20260629_202157_89a44e2f_g0022,22,1505631000,7,64,64,64,1,3,YELLOW,champ_v3,2,3,[3],1,106,1,"{""1"": 89, ""2"": 92, ""3"": 106, ""4"": 74}",False,26.0,-39.0,0.0,52.0,22.0,0.055,8.0,2.0,8.0,0.0,0.0,0.0,8.0,0.0,50.0,34.0,16.0,5.0,21.0,0.0,0.0,0.0,4.0,1.0,0.0,0.0,0.0,64.0,64.0,0.705,0.7619047619047619,0.0256,0.0256,0.1675,0.7613636363636364,0.23863636363636365,0.65,0.8166666666666667,1.0,0.5416666666666667,0.5545954438334644,0.0
20260629_202157_89a44e2f,20260629_202157_89a44e2f_g0022,22,1505631000,7,64,64,64,1,4,GREEN,pool_heuristic,3,3,[3],0,74,4,"{""1"": 89, ""2"": 92, ""3"": 106, ""4"": 74}",False,17.0,-57.0,2.0,42.0,22.0,0.055,0.0,0.0,0.0,0.0,0.0,0.0,0.0,0.0,58.0,17.0,16.0,5.0,21.0,0.0,0.0,0.0,4.0,1.0,0.0,0.0,0.0,64.0,64.0,0.705,0.7619047619047619,0.0256,0.0256,0.1675,0.7613636363636364,0.23863636363636365,0.425,0.36666666666666664,1.0,0.6166666666666667,0.4391201885310291,0.0
20260629_202157_89a44e2f,20260629_202157_89a44e2f_g0023,23,1951389983,0,8,8,8,1,1,RED,pool_peer_500ms,0,2,[2],0,92,2,"{""1"": 92, ""2"": 120, ""3"": 77, ""4"": 66}",False,9.0,-14.0,9.0,0.0,0.0,0.0,543.0,122.625,488.75,9.0,15.0,41.25,153.5,270.0,1368.0,497.75,2.0,19.0,78.0,1.0,1.0,2.0,6.0,9.0,1.0,0.0,0.0,8.0,8.0,0.1,0.09523809523809523,0.0032,0.0032,0.025,0.11363636363636363,0.8863636363636364,0.225,1.0,1.0,0.19166666666666668,0.23684210526315785,0.0
20260629_202157_89a44e2f,20260629_202157_89a44e2f_g0023,23,1951389983,0,8,8,8,1,2,BLUE,champ_v3,1,2,[2],1,120,1,"{""1"": 92, ""2"": 120, ""3"": 77, ""4"": 66}",False,9.0,-14.0,9.0,0.0,0.0,0.0,543.0,122.625,488.75,9.0,15.0,41.25,153.5,270.0,1368.0,497.75,2.0,19.0,78.0,1.0,1.0,2.0,6.0,9.0,1.0,0.0,0.0,8.0,8.0,0.1,0.09523809523809523,0.0032,0.0032,0.025,0.11363636363636363,0.8863636363636364,0.225,1.0,1.0,0.19166666666666668,0.23684210526315785,0.0
20260629_202157_89a44e2f,20260629_202157_89a44e2f_g0023,23,1951389983,0,8,8,8,1,3,YELLOW,pool_heuristic,2,2,[2],0,77,3,"{""1"": 92, ""2"": 120, ""3"": 77, ""4"": 66}",False,7.0,-18.0,9.0,0.0,0.0,0.0,381.0,93.75,374.5,7.0,11.0,30.75,117.0,208.75,1530.0,381.5,2.0,19.0,78.0,1.0,1.0,2.0,6.0,9.0,1.0,1.0,1.0,8.0,8.0,0.1,0.09523809523809523,0.0032,0.0032,0.025,0.11363636363636363,0.8863636363636364,0.175,1.0,1.0,0.20833333333333334,0.24736842105263157,0.0
20260629_202157_89a44e2f,20260629_202157_89a44e2f_g0023,23,1951389983,0,8,8,8,1,4,GREEN,pool_l45_100ms,3,2,[2],0,66,4,"{""1"": 92, ""2"": 120, ""3"": 77, ""4"": 66}",False,7.0,-18.0,9.0,0.0,0.0,0.0,444.0,103.25,415.125,7.0,12.0,33.75,130.5,231.875,1467.0,422.125,2.0,19.0,78.0,1.0,1.0,2.0,6.0,9.0,1.0,1.0,0.0,8.0,8.0,0.1,0.09523809523809523,0.0032,0.0032,0.025,0.11363636363636363,0.8863636363636364,0.175,1.0,1.0,0.20833333333333334,0.20526315789473681,0.0
20260629_202157_89a44e2f,20260629_202157_89a44e2f_g0023,23,1951389983,1,16,16,16,1,1,RED,pool_peer_500ms,0,2,[2],0,92,2,"{""1"": 92, ""2"": 120, ""3"": 77, ""4"": 66}",False,16.0,-23.0,0.0,2.0,4.0,0.01,688.0,172.0,666.25,14.0,23.0,64.5,241.0,323.75,1768.0,682.25,4.0,17.0,68.0,1.0,1.0,2.0,6.0,7.0,1.0,0.0,0.0,16.0,16.0,0.2,0.19047619047619047,0.0064,0.0064,0.05,0.22727272727272727,0.7727272727272727,0.4,1.0,1.0,0.325,0.49473684210526314,0.0
20260629_202157_89a44e2f,20260629_202157_89a44e2f_g0023,23,1951389983,1,16,16,16,1,2,BLUE,champ_v3,1,2,[2],1,120,1,"{""1"": 92, ""2"": 120, ""3"": 77, ""4"": 66}",False,15.0,-25.0,1.0,2.0,4.0,0.01,735.0,185.375,713.625,15.0,26.0,73.5,261.0,338.125,1721.0,728.625,4.0,17.0,68.0,1.0,1.0,2.0,6.0,7.0,1.0,0.0,0.0,16.0,16.0,0.2,0.19047619047619047,0.0064,0.0064,0.05,0.22727272727272727,0.7727272727272727,0.375,1.0,1.0,0.33333333333333337,0.4894736842105264,0.0
20260629_202157_89a44e2f,20260629_202157_89a44e2f_g0023,23,1951389983,1,16,16,16,1,3,YELLOW,pool_heuristic,2,2,[2],0,77,3,"{""1"": 92, ""2"": 120, ""3"": 77, ""4"": 66}",False,14.0,-27.0,3.0,0.0,4.0,0.01,559.0,156.25,596.5,14.0,22.0,60.75,221.0,278.75,1897.0,610.5,4.0,17.0,68.0,1.0,1.0,2.0,6.0,7.0,1.0,1.0,1.0,16.0,16.0,0.2,0.19047619047619047,0.0064,0.0064,0.05,0.22727272727272727,0.7727272727272727,0.35,1.0,1.0,0.3416666666666667,0.4736842105263158,0.0
20260629_202157_89a44e2f,20260629_202157_89a44e2f_g0023,23,1951389983,1,16,16,16,1,4,GREEN,pool_l45_100ms,3,2,[2],0,66,4,"{""1"": 92, ""2"": 120, ""3"": 77, ""4"": 66}",False,10.0,-35.0,7.0,0.0,4.0,0.01,474.0,111.625,423.875,10.0,17.0,43.5,159.0,194.375,1982.0,433.875,4.0,17.0,68.0,1.0,1.0,2.0,6.0,7.0,1.0,0.0,0.0,16.0,16.0,0.2,0.19047619047619047,0.0064,0.0064,0.05,0.22727272727272727,0.7727272727272727,0.25,1.0,1.0,0.375,0.3131578947368421,0.0
20260629_202157_89a44e2f,20260629_202157_89a44e2f_g0023,23,1951389983,2,24,24,24,1,1,RED,pool_peer_500ms,0,2,[2],0,92,2,"{""1"": 92, ""2"": 120, ""3"": 77, ""4"": 66}",False,20.0,-33.0,0.0,14.0,4.0,0.01,467.0,129.875,469.875,16.0,24.0,57.75,164.0,208.125,1413.0,489.875,6.0,15.0,59.0,1.0,1.0,2.0,5.0,6.0,1.0,0.0,0.0,24.0,24.0,0.2975,0.2857142857142857,0.0096,0.0096,0.0725,0.32954545454545453,0.6704545454545454,0.5,1.0,1.0,0.4416666666666667,0.5825771324863884,0.0
20260629_202157_89a44e2f,20260629_202157_89a44e2f_g0023,23,1951389983,2,24,24,24,1,2,BLUE,champ_v3,1,2,[2],1,120,1,"{""1"": 92, ""2"": 120, ""3"": 77, ""4"": 66}",False,19.0,-35.0,1.0,13.0,4.0,0.01,629.0,168.625,609.875,18.0,30.0,77.25,259.0,225.625,1251.0,628.875,6.0,15.0,58.0,1.0,1.0,2.0,6.0,5.0,1.0,0.0,0.0,24.0,24.0,0.2975,0.2857142857142857,0.0096,0.0096,0.075,0.3409090909090909,0.6590909090909091,0.475,1.0,1.0,0.45,0.5649122807017544,0.0
20260629_202157_89a44e2f,20260629_202157_89a44e2f_g0023,23,1951389983,2,24,24,24,1,3,YELLOW,pool_heuristic,2,2,[2],0,77,3,"{""1"": 92, ""2"": 120, ""3"": 77, ""4"": 66}",False,20.0,-33.0,1.0,1.0,4.0,0.01,470.0,133.875,463.25,20.0,23.0,59.25,208.5,152.5,1410.0,483.25,6.0,15.0,58.0,1.0,1.0,2.0,6.0,5.0,1.0,1.0,0.0,24.0,24.0,0.2975,0.2857142857142857,0.0096,0.0096,0.075,0.3409090909090909,0.6590909090909091,0.5,1.0,1.0,0.4416666666666667,0.5684210526315789,0.0
20260629_202157_89a44e2f,20260629_202157_89a44e2f_g0023,23,1951389983,2,24,24,24,1,4,GREEN,pool_l45_100ms,3,2,[2],0,66,4,"{""1"": 92, ""2"": 120, ""3"": 77, ""4"": 66}",False,14.0,-45.0,3.0,3.0,4.0,0.01,314.0,80.875,273.0,13.0,16.0,37.5,121.5,85.0,1566.0,287.0,6.0,15.0,58.0,1.0,1.0,2.0,6.0,5.0,0.0,0.0,0.0,24.0,24.0,0.2975,0.2857142857142857,0.0096,0.0096,0.075,0.3409090909090909,0.6590909090909091,0.35,1.0,1.0,0.4916666666666667,0.4175438596491228,0.0
20260629_202157_89a44e2f,20260629_202157_89a44e2f_g0023,23,1951389983,3,32,32,32,1,1,RED,pool_peer_500ms,0,2,[2],0,92,2,"{""1"": 92, ""2"": 120, ""3"": 77, ""4"": 66}",False,23.0,-42.0,0.0,20.0,4.0,0.01,465.0,129.5,459.75,19.0,27.0,68.25,103.0,242.5,744.0,482.75,8.0,13.0,51.0,1.0,1.0,2.0,3.0,6.0,1.0,0.0,0.0,32.0,32.0,0.3875,0.38095238095238093,0.0128,0.0128,0.0925,0.42045454545454547,0.5795454545454546,0.575,1.0,1.0,0.5416666666666667,0.5832147937411095,0.0
20260629_202157_89a44e2f,20260629_202157_89a44e2f_g0023,23,1951389983,3,32,32,32,1,2,BLUE,champ_v3,1,2,[2],1,120,1,"{""1"": 92, ""2"": 120, ""3"": 77, ""4"": 66}",False,24.0,-40.0,1.0,23.0,4.0,0.01,467.0,133.875,452.0,23.0,30.0,68.25,139.5,191.25,742.0,476.0,8.0,13.0,50.0,1.0,1.0,2.0,4.0,5.0,1.0,0.0,0.0,32.0,32.0,0.3875,0.38095238095238093,0.0128,0.0128,0.095,0.4318181818181818,0.5681818181818182,0.6,1.0,1.0,0.5333333333333333,0.6038781163434903,0.0
20260629_202157_89a44e2f,20260629_202157_89a44e2f_g0023,23,1951389983,3,32,32,32,1,3,YELLOW,pool_heuristic,2,2,[2],0,77,3,"{""1"": 92, ""2"": 120, ""3"": 77, ""4"": 66}",False,24.0,-40.0,1.0,18.0,4.0,0.01,145.0,55.375,153.25,18.0,12.0,24.0,70.5,28.75,1064.0,177.25,8.0,13.0,48.0,1.0,1.0,2.0,6.0,3.0,0.0,1.0,0.0,32.0,32.0,0.3875,0.38095238095238093,0.0128,0.0128,0.1,0.45454545454545453,0.5454545454545454,0.6,1.0,1.0,0.5333333333333333,0.5447368421052632,0.0
20260629_202157_89a44e2f,20260629_202157_89a44e2f_g0023,23,1951389983,3,32,32,32,1,4,GREEN,pool_l45_100ms,3,2,[2],0,66,4,"{""1"": 92, ""2"": 120, ""3"": 77, ""4"": 66}",False,17.0,-54.0,3.0,10.0,4.0,0.01,132.0,45.625,123.0,15.0,12.0,20.25,54.5,21.25,1077.0,140.0,8.0,13.0,48.0,1.0,1.0,2.0,6.0,3.0,0.0,0.0,0.0,32.0,32.0,0.3875,0.38095238095238093,0.0128,0.0128,0.1,0.45454545454545453,0.5454545454545454,0.425,1.0,1.0,0.5916666666666667,0.4513157894736842,0.0
20260629_202157_89a44e2f,20260629_202157_89a44e2f_g0023,23,1951389983,4,40,40,40,1,1,RED,pool_peer_500ms,0,2,[2],0,92,2,"{""1"": 92, ""2"": 120, ""3"": 77, ""4"": 66}",False,25.0,-45.0,0.0,25.0,7.0,0.0175,277.0,83.125,256.25,19.0,22.0,49.5,69.5,96.25,276.0,281.25,10.0,11.0,41.0,1.0,1.0,2.0,3.0,4.0,0.0,0.0,0.0,40.0,40.0,0.4825,0.47619047619047616,0.016,0.016,0.1175,0.5340909090909091,0.4659090909090909,0.625,1.0,1.0,0.5833333333333333,0.5811870100783875,0.0
20260629_202157_89a44e2f,20260629_202157_89a44e2f_g0023,23,1951389983,4,40,40,40,1,2,BLUE,champ_v3,1,2,[2],1,120,1,"{""1"": 92, ""2"": 120, ""3"": 77, ""4"": 66}",False,28.0,-39.0,1.0,33.0,7.0,0.0175,215.0,77.5,215.25,22.0,24.0,44.25,75.0,50.0,338.0,243.25,10.0,11.0,40.0,1.0,1.0,2.0,4.0,3.0,0.0,0.0,0.0,40.0,40.0,0.4825,0.47619047619047616,0.016,0.016,0.12,0.5454545454545454,0.45454545454545453,0.7,1.0,1.0,0.5583333333333333,0.5975877192982456,0.0
20260629_202157_89a44e2f,20260629_202157_89a44e2f_g0023,23,1951389983,4,40,40,40,1,3,YELLOW,pool_heuristic,2,2,[2],0,77,3,"{""1"": 92, ""2"": 120, ""3"": 77, ""4"": 66}",False,27.0,-41.0,1.0,23.0,7.0,0.0175,45.0,29.75,51.75,20.0,6.0,7.5,12.0,6.25,508.0,78.75,10.0,11.0,39.0,1.0,1.0,2.0,5.0,2.0,0.0,1.0,0.0,40.0,40.0,0.4825,0.47619047619047616,0.016,0.016,0.1225,0.5568181818181818,0.4431818181818182,0.675,1.0,1.0,0.5666666666666667,0.5241675617615467,0.0
20260629_202157_89a44e2f,20260629_202157_89a44e2f_g0023,23,1951389983,4,40,40,40,1,4,GREEN,pool_l45_100ms,3,2,[2],0,66,4,"{""1"": 92, ""2"": 120, ""3"": 77, ""4"": 66}",False,15.0,-65.0,2.0,20.0,7.0,0.0175,16.0,13.25,15.75,11.0,4.0,0.75,0.0,0.0,537.0,30.75,10.0,11.0,39.0,1.0,1.0,2.0,5.0,2.0,0.0,0.0,0.0,40.0,40.0,0.4825,0.47619047619047616,0.016,0.016,0.1225,0.5568181818181818,0.4431818181818182,0.375,1.0,1.0,0.6666666666666667,0.46294307196562834,0.0
20260629_202157_89a44e2f,20260629_202157_89a44e2f_g0023,23,1951389983,5,48,48,48,1,1,RED,pool_peer_500ms,0,2,[2],0,92,2,"{""1"": 92, ""2"": 120, ""3"": 77, ""4"": 66}",False,28.0,-43.0,0.0,34.0,8.0,0.02,69.0,39.5,68.0,22.0,18.0,18.0,10.0,0.0,121.0,96.0,12.0,9.0,31.0,1.0,1.0,2.0,3.0,2.0,0.0,0.0,0.0,48.0,48.0,0.5675,0.5714285714285714,0.0192,0.0192,0.1425,0.6477272727272727,0.3522727272727273,0.7,1.0,1.0,0.5916666666666667,0.5632502308402585,0.0
20260629_202157_89a44e2f,20260629_202157_89a44e2f_g0023,23,1951389983,5,48,48,48,1,2,BLUE,champ_v3,1,2,[2],1,120,1,"{""1"": 92, ""2"": 120, ""3"": 77, ""4"": 66}",False,28.0,-43.0,1.0,41.0,8.0,0.02,74.0,37.5,75.5,18.0,15.0,18.0,22.0,2.5,116.0,103.5,12.0,9.0,30.0,1.0,1.0,2.0,4.0,1.0,0.0,0.0,0.0,48.0,48.0,0.5675,0.5714285714285714,0.0192,0.0192,0.145,0.6590909090909091,0.3409090909090909,0.7,1.0,1.0,0.5916666666666667,0.572595281306715,0.0
20260629_202157_89a44e2f,20260629_202157_89a44e2f_g0023,23,1951389983,5,48,48,48,1,3,YELLOW,pool_heuristic,2,2,[2],0,77,3,"{""1"": 92, ""2"": 120, ""3"": 77, ""4"": 66}",False,30.0,-39.0,1.0,33.0,8.0,0.02,37.0,27.125,41.25,20.0,6.0,5.25,7.5,2.5,153.0,71.25,12.0,9.0,30.0,1.0,1.0,2.0,4.0,1.0,0.0,0.0,0.0,48.0,48.0,0.5675,0.5714285714285714,0.0192,0.0192,0.145,0.6590909090909091,0.3409090909090909,0.75,1.0,1.0,0.575,0.48003629764065336,0.0
20260629_202157_89a44e2f,20260629_202157_89a44e2f_g0023,23,1951389983,5,48,48,48,1,4,GREEN,pool_l45_100ms,3,2,[2],0,66,4,"{""1"": 92, ""2"": 120, ""3"": 77, ""4"": 66}",False,13.0,-73.0,0.0,25.0,8.0,0.02,10.0,10.0,10.0,10.0,0.0,0.0,0.0,0.0,180.0,23.0,12.0,9.0,34.0,1.0,0.0,1.0,5.0,2.0,0.0,0.0,0.0,48.0,48.0,0.5675,0.5714285714285714,0.0192,0.0192,0.135,0.6136363636363636,0.38636363636363635,0.325,1.0,1.0,0.7166666666666667,0.49317738791423005,0.0
20260629_202157_89a44e2f,20260629_202157_89a44e2f_g0023,23,1951389983,6,56,56,57,2,1,RED,pool_peer_500ms,0,2,[2],0,92,2,"{""1"": 92, ""2"": 120, ""3"": 77, ""4"": 66}",False,23.0,-46.0,0.0,41.0,24.0,0.06,25.0,19.5,27.0,14.0,9.0,0.0,4.0,0.0,42.0,50.0,15.0,6.0,21.0,1.0,1.0,0.0,2.0,2.0,0.0,0.0,0.0,56.0,57.0,0.6325,0.7142857142857143,0.0228,0.0224,0.1675,0.7613636363636364,0.23863636363636365,0.575,1.0,1.0,0.575,0.5380989787902593,0.0
20260629_202157_89a44e2f,20260629_202157_89a44e2f_g0023,23,1951389983,6,56,56,57,2,2,BLUE,champ_v3,1,2,[2],1,120,1,"{""1"": 92, ""2"": 120, ""3"": 77, ""4"": 66}",False,27.0,-38.0,1.0,51.0,24.0,0.06,36.0,23.0,36.5,15.0,8.0,7.5,6.0,0.0,31.0,63.5,14.0,7.0,21.0,1.0,1.0,2.0,3.0,0.0,0.0,0.0,0.0,56.0,57.0,0.6325,0.6666666666666666,0.0228,0.0224,0.1675,0.7613636363636364,0.23863636363636365,0.675,1.0,0.8,0.5416666666666667,0.5695208169677926,0.0
20260629_202157_89a44e2f,20260629_202157_89a44e2f_g0023,23,1951389983,6,56,56,57,2,3,YELLOW,pool_heuristic,2,2,[2],0,77,3,"{""1"": 92, ""2"": 120, ""3"": 77, ""4"": 66}",False,30.0,-32.0,1.0,39.0,24.0,0.06,6.0,3.0,6.5,0.0,5.0,1.5,0.0,0.0,61.0,36.5,14.0,7.0,24.0,0.0,1.0,2.0,4.0,0.0,0.0,0.0,0.0,56.0,57.0,0.6325,0.6666666666666666,0.0228,0.0224,0.16,0.7272727272727273,0.2727272727272727,0.75,0.85,0.8,0.5166666666666667,0.4827302631578947,0.0
20260629_202157_89a44e2f,20260629_202157_89a44e2f_g0023,23,1951389983,6,56,56,57,2,4,GREEN,pool_l45_100ms,3,2,[2],0,66,4,"{""1"": 92, ""2"": 120, ""3"": 77, ""4"": 66}",False,12.0,-68.0,0.0,32.0,24.0,0.06,0.0,0.0,0.0,0.0,0.0,0.0,0.0,0.0,67.0,12.0,13.0,8.0,33.0,0.0,0.0,1.0,5.0,2.0,0.0,0.0,0.0,56.0,57.0,0.6325,0.6190476190476191,0.0228,0.0224,0.1375,0.625,0.375,0.3,0.6333333333333333,1.0,0.6666666666666667,0.49665071770334923,0.0
20260629_202157_89a44e2f,20260629_202157_89a44e2f_g0023,23,1951389983,7,64,64,70,3,1,RED,pool_peer_500ms,0,2,[2],0,92,2,"{""1"": 92, ""2"": 120, ""3"": 77, ""4"": 66}",False,23.0,-43.0,0.0,50.0,27.0,0.0675,3.0,0.5,2.5,0.0,0.0,0.0,0.0,2.5,16.0,25.5,18.0,3.0,14.0,0.0,0.0,0.0,1.0,2.0,0.0,0.0,0.0,64.0,70.0,0.6875,0.8571428571428571,0.028,0.0256,0.185,0.8409090909090909,0.1590909090909091,0.575,1.0,1.0,0.55,0.5256045519203414,0.0
20260629_202157_89a44e2f,20260629_202157_89a44e2f_g0023,23,1951389983,7,64,64,70,3,2,BLUE,champ_v3,1,2,[2],1,120,1,"{""1"": 92, ""2"": 120, ""3"": 77, ""4"": 66}",False,26.0,-37.0,1.0,63.0,27.0,0.0675,16.0,15.5,19.5,14.0,0.0,1.5,4.0,0.0,3.0,45.5,18.0,3.0,8.0,1.0,0.0,1.0,1.0,0.0,0.0,0.0,0.0,64.0,70.0,0.6875,0.8571428571428571,0.028,0.0256,0.2,0.9090909090909091,0.09090909090909091,0.65,0.8666666666666667,0.8,0.525,0.5460526315789473,0.0
20260629_202157_89a44e2f,20260629_202157_89a44e2f_g0023,23,1951389983,7,64,64,70,3,3,YELLOW,pool_heuristic,2,2,[2],0,77,3,"{""1"": 92, ""2"": 120, ""3"": 77, ""4"": 66}",False,28.0,-33.0,1.0,51.0,27.0,0.0675,0.0,0.0,0.0,0.0,0.0,0.0,0.0,0.0,19.0,28.0,15.0,6.0,22.0,0.0,0.0,2.0,4.0,0.0,0.0,0.0,0.0,64.0,70.0,0.6875,0.7142857142857143,0.028,0.0256,0.165,0.75,0.25,0.7,0.5833333333333334,0.8,0.5083333333333333,0.4832535885167464,0.0
20260629_202157_89a44e2f,20260629_202157_89a44e2f_g0023,23,1951389983,7,64,64,70,3,4,GREEN,pool_l45_100ms,3,2,[2],0,66,4,"{""1"": 92, ""2"": 120, ""3"": 77, ""4"": 66}",False,12.0,-65.0,0.0,36.0,27.0,0.0675,0.0,0.0,0.0,0.0,0.0,0.0,0.0,0.0,19.0,12.0,13.0,8.0,33.0,0.0,0.0,1.0,5.0,2.0,0.0,0.0,0.0,64.0,70.0,0.6875,0.6190476190476191,0.028,0.0256,0.1375,0.625,0.375,0.3,0.5333333333333333,1.0,0.6416666666666667,0.49665071770334923,0.0
20260629_202157_89a44e2f,20260629_202157_89a44e2f_g0024,24,2085550189,0,8,8,8,1,1,RED,champ_v3,0,1,[1],1,96,1,"{""1"": 96, ""2"": 69, ""3"": 83, ""4"": 82}",False,9.0,-13.0,9.0,0.0,0.0,0.0,543.0,122.625,488.75,9.0,15.0,41.25,153.5,270.0,1258.0,497.75,2.0,19.0,78.0,1.0,1.0,2.0,6.0,9.0,1.0,0.0,0.0,8.0,8.0,0.1,0.09523809523809523,0.0032,0.0032,0.025,0.11363636363636363,0.8863636363636364,0.225,1.0,1.0,0.18333333333333332,0.23684210526315785,0.0
20260629_202157_89a44e2f,20260629_202157_89a44e2f_g0024,24,2085550189,0,8,8,8,1,2,BLUE,pool_heuristic,1,1,[1],0,69,4,"{""1"": 96, ""2"": 69, ""3"": 83, ""4"": 82}",False,6.0,-19.0,8.0,0.0,0.0,0.0,351.0,89.625,362.0,6.0,10.0,28.5,112.5,205.0,1450.0,368.0,2.0,19.0,78.0,1.0,1.0,2.0,6.0,9.0,1.0,1.0,1.0,8.0,8.0,0.1,0.09523809523809523,0.0032,0.0032,0.025,0.11363636363636363,0.8863636363636364,0.15,1.0,1.0,0.20833333333333334,0.26315789473684215,0.0
20260629_202157_89a44e2f,20260629_202157_89a44e2f_g0024,24,2085550189,0,8,8,8,1,3,YELLOW,pool_l45_100ms,2,1,[1],0,83,2,"{""1"": 96, ""2"": 69, ""3"": 83, ""4"": 82}",False,7.0,-17.0,9.0,0.0,0.0,0.0,364.0,86.0,341.875,7.0,10.0,27.0,108.5,189.375,1437.0,348.875,2.0,19.0,78.0,1.0,1.0,2.0,6.0,9.0,1.0,1.0,0.0,8.0,8.0,0.1,0.09523809523809523,0.0032,0.0032,0.025,0.11363636363636363,0.8863636363636364,0.175,1.0,1.0,0.2,0.17368421052631577,0.0
20260629_202157_89a44e2f,20260629_202157_89a44e2f_g0024,24,2085550189,0,8,8,8,1,4,GREEN,pool_peer_500ms,3,1,[1],0,82,3,"{""1"": 96, ""2"": 69, ""3"": 83, ""4"": 82}",False,9.0,-13.0,9.0,0.0,0.0,0.0,543.0,122.625,488.75,9.0,15.0,41.25,153.5,270.0,1258.0,497.75,2.0,19.0,78.0,1.0,1.0,2.0,6.0,9.0,1.0,0.0,0.0,8.0,8.0,0.1,0.09523809523809523,0.0032,0.0032,0.025,0.11363636363636363,0.8863636363636364,0.225,1.0,1.0,0.18333333333333332,0.23684210526315785,0.0
20260629_202157_89a44e2f,20260629_202157_89a44e2f_g0024,24,2085550189,1,16,16,16,1,1,RED,champ_v3,0,1,[1],1,96,1,"{""1"": 96, ""2"": 69, ""3"": 83, ""4"": 82}",False,15.0,-24.0,2.0,1.0,0.0,0.0,676.0,168.5,643.375,15.0,24.0,64.5,240.5,299.375,1553.0,658.375,4.0,17.0,68.0,1.0,1.0,2.0,6.0,7.0,1.0,0.0,0.0,16.0,16.0,0.2,0.19047619047619047,0.0064,0.0064,0.05,0.22727272727272727,0.7727272727272727,0.375,1.0,1.0,0.325,0.4605263157894737,0.0
20260629_202157_89a44e2f,20260629_202157_89a44e2f_g0024,24,2085550189,1,16,16,16,1,2,BLUE,pool_heuristic,1,1,[1],0,69,4,"{""1"": 96, ""2"": 69, ""3"": 83, ""4"": 82}",False,13.0,-28.0,4.0,1.0,0.0,0.0,427.0,126.0,487.875,11.0,16.0,45.75,174.5,240.625,1802.0,500.875,4.0,17.0,68.0,1.0,1.0,2.0,6.0,7.0,1.0,1.0,1.0,16.0,16.0,0.2,0.19047619047619047,0.0064,0.0064,0.05,0.22727272727272727,0.7727272727272727,0.325,1.0,1.0,0.3416666666666667,0.4710526315789473,0.0
20260629_202157_89a44e2f,20260629_202157_89a44e2f_g0024,24,2085550189,1,16,16,16,1,3,YELLOW,pool_l45_100ms,2,1,[1],0,83,2,"{""1"": 96, ""2"": 69, ""3"": 83, ""4"": 82}",False,11.0,-32.0,5.0,2.0,0.0,0.0,419.0,100.875,379.0,11.0,15.0,36.0,139.5,177.5,1810.0,390.0,4.0,17.0,68.0,1.0,1.0,2.0,6.0,7.0,1.0,0.0,0.0,16.0,16.0,0.2,0.19047619047619047,0.0064,0.0064,0.05,0.22727272727272727,0.7727272727272727,0.275,1.0,1.0,0.35833333333333334,0.3526315789473684,0.0
20260629_202157_89a44e2f,20260629_202157_89a44e2f_g0024,24,2085550189,1,16,16,16,1,4,GREEN,pool_peer_500ms,3,1,[1],0,82,3,"{""1"": 96, ""2"": 69, ""3"": 83, ""4"": 82}",False,15.0,-24.0,4.0,2.0,0.0,0.0,707.0,176.875,681.625,15.0,25.0,66.0,245.0,330.625,1522.0,696.625,4.0,17.0,68.0,1.0,1.0,2.0,6.0,7.0,1.0,0.0,0.0,16.0,16.0,0.2,0.19047619047619047,0.0064,0.0064,0.05,0.22727272727272727,0.7727272727272727,0.375,1.0,1.0,0.325,0.4526315789473684,0.0
20260629_202157_89a44e2f,20260629_202157_89a44e2f_g0024,24,2085550189,2,24,24,24,1,1,RED,champ_v3,0,1,[1],1,96,1,"{""1"": 96, ""2"": 69, ""3"": 83, ""4"": 82}",False,19.0,-28.0,0.0,6.0,2.0,0.005,496.0,137.625,484.5,18.0,26.0,61.5,206.5,172.5,738.0,503.5,6.0,15.0,58.0,1.0,1.0,2.0,6.0,5.0,1.0,0.0,0.0,24.0,24.0,0.3,0.2857142857142857,0.0096,0.0096,0.075,0.3409090909090909,0.6590909090909091,0.475,1.0,1.0,0.39166666666666666,0.5456140350877193,0.0
20260629_202157_89a44e2f,20260629_202157_89a44e2f_g0024,24,2085550189,2,24,24,24,1,2,BLUE,pool_heuristic,1,1,[1],0,69,4,"{""1"": 96, ""2"": 69, ""3"": 83, ""4"": 82}",False,17.0,-32.0,4.0,4.0,2.0,0.005,109.0,43.125,127.0,12.0,10.0,18.0,54.5,32.5,1125.0,144.0,6.0,15.0,58.0,1.0,1.0,2.0,6.0,5.0,0.0,1.0,1.0,24.0,24.0,0.3,0.2857142857142857,0.0096,0.0096,0.075,0.3409090909090909,0.6590909090909091,0.425,1.0,1.0,0.4083333333333333,0.47017543859649125,0.0
20260629_202157_89a44e2f,20260629_202157_89a44e2f_g0024,24,2085550189,2,24,24,24,1,3,YELLOW,pool_l45_100ms,2,1,[1],0,83,2,"{""1"": 96, ""2"": 69, ""3"": 83, ""4"": 82}",False,12.0,-42.0,5.0,4.0,2.0,0.005,122.0,40.625,117.875,12.0,10.0,17.25,43.0,35.625,1112.0,129.875,6.0,15.0,58.0,1.0,1.0,2.0,6.0,5.0,0.0,0.0,0.0,24.0,24.0,0.3,0.2857142857142857,0.0096,0.0096,0.075,0.3409090909090909,0.6590909090909091,0.3,1.0,1.0,0.45,0.39473684210526316,0.0
20260629_202157_89a44e2f,20260629_202157_89a44e2f_g0024,24,2085550189,2,24,24,24,1,4,GREEN,pool_peer_500ms,3,1,[1],0,82,3,"{""1"": 96, ""2"": 69, ""3"": 83, ""4"": 82}",False,18.0,-30.0,0.0,9.0,2.0,0.005,507.0,132.375,470.5,17.0,23.0,58.5,199.5,172.5,727.0,488.5,6.0,15.0,58.0,1.0,1.0,2.0,6.0,5.0,0.0,0.0,0.0,24.0,24.0,0.3,0.2857142857142857,0.0096,0.0096,0.075,0.3409090909090909,0.6590909090909091,0.45,1.0,1.0,0.4,0.5666666666666667,0.0
20260629_202157_89a44e2f,20260629_202157_89a44e2f_g0024,24,2085550189,3,32,32,32,1,1,RED,champ_v3,0,1,[1],1,96,1,"{""1"": 96, ""2"": 69, ""3"": 83, ""4"": 82}",False,24.0,-25.0,0.0,16.0,7.0,0.0175,339.0,109.625,352.125,21.0,27.0,54.75,140.0,109.375,425.0,376.125,8.0,13.0,49.0,1.0,1.0,2.0,5.0,4.0,1.0,0.0,0.0,32.0,32.0,0.395,0.38095238095238093,0.0128,0.0128,0.0975,0.4431818181818182,0.5568181818181818,0.6,1.0,1.0,0.4083333333333333,0.5897435897435898,0.0
20260629_202157_89a44e2f,20260629_202157_89a44e2f_g0024,24,2085550189,3,32,32,32,1,2,BLUE,pool_heuristic,1,1,[1],0,69,4,"{""1"": 96, ""2"": 69, ""3"": 83, ""4"": 82}",False,16.0,-41.0,4.0,12.0,7.0,0.0175,58.0,25.5,64.5,11.0,5.0,7.5,26.0,15.0,706.0,80.5,8.0,13.0,48.0,1.0,1.0,2.0,6.0,3.0,0.0,1.0,1.0,32.0,32.0,0.395,0.38095238095238093,0.0128,0.0128,0.1,0.45454545454545453,0.5454545454545454,0.4,1.0,1.0,0.475,0.4605263157894737,0.0
20260629_202157_89a44e2f,20260629_202157_89a44e2f_g0024,24,2085550189,3,32,32,32,1,3,YELLOW,pool_l45_100ms,2,1,[1],0,83,2,"{""1"": 96, ""2"": 69, ""3"": 83, ""4"": 82}",False,13.0,-47.0,1.0,11.0,7.0,0.0175,64.0,28.375,64.0,13.0,8.0,12.75,21.5,8.75,700.0,77.0,8.0,13.0,48.0,1.0,1.0,2.0,6.0,3.0,0.0,0.0,0.0,32.0,32.0,0.395,0.38095238095238093,0.0128,0.0128,0.1,0.45454545454545453,0.5454545454545454,0.325,1.0,1.0,0.5,0.4552631578947368,0.0
20260629_202157_89a44e2f,20260629_202157_89a44e2f_g0024,24,2085550189,3,32,32,32,1,4,GREEN,pool_peer_500ms,3,1,[1],0,82,3,"{""1"": 96, ""2"": 69, ""3"": 83, ""4"": 82}",False,20.0,-33.0,0.0,17.0,7.0,0.0175,303.0,87.0,284.125,16.0,18.0,45.75,117.5,86.875,461.0,304.125,8.0,13.0,49.0,1.0,1.0,2.0,5.0,4.0,0.0,0.0,0.0,32.0,32.0,0.395,0.38095238095238093,0.0128,0.0128,0.0975,0.4431818181818182,0.5568181818181818,0.5,1.0,1.0,0.4416666666666667,0.5681511470985156,0.0
20260629_202157_89a44e2f,20260629_202157_89a44e2f_g0024,24,2085550189,4,40,40,40,1,1,RED,champ_v3,0,1,[1],1,96,1,"{""1"": 96, ""2"": 69, ""3"": 83, ""4"": 82}",False,29.0,-26.0,0.0,33.0,20.0,0.05,126.0,59.0,152.0,20.0,20.0,30.75,50.0,31.25,288.0,181.0,10.0,11.0,40.0,1.0,1.0,2.0,4.0,3.0,1.0,0.0,0.0,40.0,40.0,0.4925,0.47619047619047616,0.016,0.016,0.12,0.5454545454545454,0.45454545454545453,0.725,1.0,1.0,0.4583333333333333,0.5833333333333333,0.0
20260629_202157_89a44e2f,20260629_202157_89a44e2f_g0024,24,2085550189,4,40,40,40,1,2,BLUE,pool_heuristic,1,1,[1],0,69,4,"{""1"": 96, ""2"": 69, ""3"": 83, ""4"": 82}",False,20.0,-44.0,4.0,19.0,20.0,0.05,29.0,19.375,28.0,14.0,6.0,4.5,3.5,0.0,385.0,48.0,10.0,11.0,38.0,1.0,1.0,2.0,6.0,1.0,0.0,1.0,0.0,40.0,40.0,0.4925,0.47619047619047616,0.016,0.016,0.125,0.5681818181818182,0.4318181818181818,0.5,1.0,1.0,0.5333333333333333,0.4536842105263158,0.0
20260629_202157_89a44e2f,20260629_202157_89a44e2f_g0024,24,2085550189,4,40,40,40,1,3,YELLOW,pool_l45_100ms,2,1,[1],0,83,2,"{""1"": 96, ""2"": 69, ""3"": 83, ""4"": 82}",False,13.0,-58.0,1.0,17.0,20.0,0.05,64.0,26.75,61.375,12.0,7.0,10.5,27.5,4.375,350.0,74.375,10.0,11.0,38.0,1.0,1.0,2.0,6.0,1.0,0.0,0.0,0.0,40.0,40.0,0.4925,0.47619047619047616,0.016,0.016,0.125,0.5681818181818182,0.4318181818181818,0.325,1.0,1.0,0.5916666666666667,0.43999999999999995,0.0
20260629_202157_89a44e2f,20260629_202157_89a44e2f_g0024,24,2085550189,4,40,40,40,1,4,GREEN,pool_peer_500ms,3,1,[1],0,82,3,"{""1"": 96, ""2"": 69, ""3"": 83, ""4"": 82}",False,22.0,-40.0,0.0,29.0,20.0,0.05,195.0,67.625,201.0,16.0,15.0,38.25,100.5,31.25,219.0,223.0,10.0,11.0,39.0,1.0,1.0,2.0,5.0,2.0,0.0,0.0,0.0,40.0,40.0,0.4925,0.47619047619047616,0.016,0.016,0.1225,0.5568181818181818,0.4431818181818182,0.55,1.0,1.0,0.5166666666666667,0.5864661654135339,0.0
20260629_202157_89a44e2f,20260629_202157_89a44e2f_g0024,24,2085550189,5,48,48,48,1,1,RED,champ_v3,0,1,[1],1,96,1,"{""1"": 96, ""2"": 69, ""3"": 83, ""4"": 82}",False,32.0,-27.0,0.0,41.0,23.0,0.0575,83.0,47.5,100.5,22.0,19.0,24.0,18.0,17.5,112.0,132.5,12.0,9.0,32.0,1.0,1.0,2.0,2.0,3.0,1.0,0.0,0.0,48.0,48.0,0.5725,0.5714285714285714,0.0192,0.0192,0.14,0.6363636363636364,0.36363636363636365,0.8,1.0,1.0,0.4916666666666667,0.5874060150375939,0.0
20260629_202157_89a44e2f,20260629_202157_89a44e2f_g0024,24,2085550189,5,48,48,48,1,2,BLUE,pool_heuristic,1,1,[1],0,69,4,"{""1"": 96, ""2"": 69, ""3"": 83, ""4"": 82}",False,17.0,-57.0,1.0,24.0,23.0,0.0575,13.0,12.0,13.0,11.0,2.0,0.0,0.0,0.0,182.0,30.0,12.0,9.0,31.0,1.0,1.0,1.0,5.0,1.0,0.0,1.0,0.0,48.0,48.0,0.5725,0.5714285714285714,0.0192,0.0192,0.1425,0.6477272727272727,0.3522727272727273,0.425,0.7666666666666667,1.0,0.6166666666666667,0.48199445983379496,0.0
20260629_202157_89a44e2f,20260629_202157_89a44e2f_g0024,24,2085550189,5,48,48,48,1,3,YELLOW,pool_l45_100ms,2,1,[1],0,83,2,"{""1"": 96, ""2"": 69, ""3"": 83, ""4"": 82}",False,18.0,-55.0,1.0,28.0,23.0,0.0575,64.0,31.25,64.25,15.0,11.0,14.25,24.0,0.0,131.0,82.25,12.0,9.0,29.0,1.0,1.0,2.0,5.0,0.0,0.0,0.0,0.0,48.0,48.0,0.5725,0.5714285714285714,0.0192,0.0192,0.1475,0.6704545454545454,0.32954545454545453,0.45,1.0,0.8,0.6083333333333333,0.4469223907225691,0.0
20260629_202157_89a44e2f,20260629_202157_89a44e2f_g0024,24,2085550189,5,48,48,48,1,4,GREEN,pool_peer_500ms,3,1,[1],0,82,3,"{""1"": 96, ""2"": 69, ""3"": 83, ""4"": 82}",False,24.0,-43.0,0.0,44.0,23.0,0.0575,35.0,22.0,37.0,15.0,5.0,4.5,10.0,2.5,160.0,61.0,12.0,9.0,31.0,1.0,1.0,1.0,5.0,1.0,0.0,0.0,0.0,48.0,48.0,0.5725,0.5714285714285714,0.0192,0.0192,0.1425,0.6477272727272727,0.3522727272727273,0.6,0.9166666666666666,1.0,0.5583333333333333,0.5660203139427515,0.0
20260629_202157_89a44e2f,20260629_202157_89a44e2f_g0024,24,2085550189,6,56,56,56,1,1,RED,champ_v3,0,1,[1],1,96,1,"{""1"": 96, ""2"": 69, ""3"": 83, ""4"": 82}",False,29.0,-26.0,0.0,51.0,27.0,0.0675,43.0,31.0,53.5,19.0,13.0,6.0,8.0,7.5,42.0,82.5,14.0,7.0,24.0,1.0,1.0,1.0,2.0,2.0,0.0,0.0,0.0,56.0,56.0,0.6325,0.6666666666666666,0.0224,0.0224,0.16,0.7272727272727273,0.2727272727272727,0.725,1.0,1.0,0.4583333333333333,0.5978618421052632,0.0
20260629_202157_89a44e2f,20260629_202157_89a44e2f_g0024,24,2085550189,6,56,56,56,1,2,BLUE,pool_heuristic,1,1,[1],0,69,4,"{""1"": 96, ""2"": 69, ""3"": 83, ""4"": 82}",False,13.0,-58.0,1.0,31.0,27.0,0.0675,0.0,0.0,0.0,0.0,0.0,0.0,0.0,0.0,85.0,13.0,14.0,7.0,28.0,0.0,0.0,1.0,5.0,1.0,0.0,1.0,0.0,56.0,56.0,0.6325,0.6666666666666666,0.0224,0.0224,0.15,0.6818181818181818,0.3181818181818182,0.325,0.6333333333333333,1.0,0.5916666666666667,0.4912280701754387,0.0
20260629_202157_89a44e2f,20260629_202157_89a44e2f_g0024,24,2085550189,6,56,56,56,1,3,YELLOW,pool_l45_100ms,2,1,[1],0,83,2,"{""1"": 96, ""2"": 69, ""3"": 83, ""4"": 82}",False,16.0,-52.0,1.0,36.0,27.0,0.0675,31.0,20.25,32.25,13.0,7.0,8.25,4.0,0.0,54.0,48.25,14.0,7.0,21.0,1.0,1.0,2.0,3.0,0.0,0.0,0.0,0.0,56.0,56.0,0.6325,0.6666666666666666,0.0224,0.0224,0.1675,0.7613636363636364,0.23863636363636365,0.4,0.8,0.8,0.5666666666666667,0.4351924587588374,0.0
20260629_202157_89a44e2f,20260629_202157_89a44e2f_g0024,24,2085550189,6,56,56,56,1,4,GREEN,pool_peer_500ms,3,1,[1],0,82,3,"{""1"": 96, ""2"": 69, ""3"": 83, ""4"": 82}",False,26.0,-32.0,0.0,52.0,27.0,0.0675,11.0,4.5,12.0,0.0,5.0,3.0,4.0,0.0,74.0,38.0,14.0,7.0,26.0,0.0,1.0,1.0,4.0,1.0,0.0,0.0,0.0,56.0,56.0,0.6325,0.6666666666666666,0.0224,0.0224,0.155,0.7045454545454546,0.29545454545454547,0.65,0.9166666666666666,1.0,0.4833333333333333,0.5577249575551784,0.0
20260629_202157_89a44e2f,20260629_202157_89a44e2f_g0024,24,2085550189,7,64,64,67,4,1,RED,champ_v3,0,1,[1],1,96,1,"{""1"": 96, ""2"": 69, ""3"": 83, ""4"": 82}",False,24.0,-26.0,0.0,56.0,40.0,0.1,5.0,2.5,5.5,0.0,4.0,1.5,0.0,0.0,0.0,29.5,17.0,4.0,14.0,0.0,1.0,1.0,1.0,1.0,0.0,0.0,0.0,64.0,67.0,0.6875,0.8095238095238095,0.0268,0.0256,0.185,0.8409090909090909,0.1590909090909091,0.6,0.7833333333333333,1.0,0.4166666666666667,0.5583214793741109,0.0
20260629_202157_89a44e2f,20260629_202157_89a44e2f_g0024,24,2085550189,7,64,64,67,4,2,BLUE,pool_heuristic,1,1,[1],0,69,4,"{""1"": 96, ""2"": 69, ""3"": 83, ""4"": 82}",False,13.0,-48.0,1.0,35.0,40.0,0.1,0.0,0.0,0.0,0.0,0.0,0.0,0.0,0.0,5.0,13.0,14.0,7.0,28.0,0.0,0.0,1.0,5.0,1.0,0.0,1.0,0.0,64.0,67.0,0.6875,0.6666666666666666,0.0268,0.0256,0.15,0.6818181818181818,0.3181818181818182,0.325,0.6166666666666667,1.0,0.5083333333333333,0.4912280701754387,0.0
20260629_202157_89a44e2f,20260629_202157_89a44e2f_g0024,24,2085550189,7,64,64,67,4,3,YELLOW,pool_l45_100ms,2,1,[1],0,83,2,"{""1"": 96, ""2"": 69, ""3"": 83, ""4"": 82}",False,12.0,-50.0,1.0,45.0,40.0,0.1,0.0,0.0,0.0,0.0,0.0,0.0,0.0,0.0,5.0,12.0,17.0,4.0,14.0,0.0,0.0,2.0,2.0,0.0,0.0,0.0,0.0,64.0,67.0,0.6875,0.8095238095238095,0.0268,0.0256,0.185,0.8409090909090909,0.1590909090909091,0.3,0.4,0.8,0.5166666666666667,0.44167852062588897,0.0
20260629_202157_89a44e2f,20260629_202157_89a44e2f_g0024,24,2085550189,7,64,64,67,4,4,GREEN,pool_peer_500ms,3,1,[1],0,82,3,"{""1"": 96, ""2"": 69, ""3"": 83, ""4"": 82}",False,25.0,-24.0,0.0,56.0,40.0,0.1,0.0,0.0,0.0,0.0,0.0,0.0,0.0,0.0,5.0,25.0,16.0,5.0,21.0,0.0,0.0,0.0,4.0,1.0,0.0,0.0,0.0,64.0,67.0,0.6875,0.7619047619047619,0.0268,0.0256,0.1675,0.7613636363636364,0.23863636363636365,0.625,0.7,1.0,0.4083333333333333,0.5420267085624508,0.0
20260629_202157_89a44e2f,20260629_202157_89a44e2f_g0025,25,1268348214,0,8,8,8,1,1,RED,pool_heuristic,0,3,[3],0,99,2,"{""1"": 99, ""2"": 78, ""3"": 103, ""4"": 90}",False,8.0,-15.0,8.0,0.0,3.0,0.0075,511.0,124.75,504.125,8.0,14.0,40.5,158.5,283.125,1413.0,512.125,2.0,19.0,78.0,1.0,1.0,2.0,6.0,9.0,1.0,0.0,1.0,8.0,8.0,0.1,0.09523809523809523,0.0032,0.0032,0.025,0.11363636363636363,0.8863636363636364,0.2,1.0,1.0,0.19166666666666668,0.26315789473684215,0.0
20260629_202157_89a44e2f,20260629_202157_89a44e2f_g0025,25,1268348214,0,8,8,8,1,2,BLUE,pool_l45_100ms,1,3,[3],0,78,4,"{""1"": 99, ""2"": 78, ""3"": 103, ""4"": 90}",False,5.0,-21.0,9.0,0.0,3.0,0.0075,327.0,76.25,309.5,5.0,8.0,24.0,95.0,177.5,1597.0,314.5,2.0,19.0,78.0,1.0,1.0,2.0,6.0,9.0,1.0,1.0,0.0,8.0,8.0,0.1,0.09523809523809523,0.0032,0.0032,0.025,0.11363636363636363,0.8863636363636364,0.125,1.0,1.0,0.21666666666666665,0.15263157894736834,0.0
20260629_202157_89a44e2f,20260629_202157_89a44e2f_g0025,25,1268348214,0,8,8,8,1,3,YELLOW,pool_peer_500ms,2,3,[3],1,103,1,"{""1"": 99, ""2"": 78, ""3"": 103, ""4"": 90}",False,9.0,-13.0,9.0,0.0,3.0,0.0075,543.0,122.625,488.75,9.0,15.0,41.25,153.5,270.0,1381.0,497.75,2.0,19.0,78.0,1.0,1.0,2.0,6.0,9.0,1.0,0.0,0.0,8.0,8.0,0.1,0.09523809523809523,0.0032,0.0032,0.025,0.11363636363636363,0.8863636363636364,0.225,1.0,1.0,0.18333333333333332,0.23684210526315785,0.0
20260629_202157_89a44e2f,20260629_202157_89a44e2f_g0025,25,1268348214,0,8,8,8,1,4,GREEN,champ_v3,3,3,[3],0,90,3,"{""1"": 99, ""2"": 78, ""3"": 103, ""4"": 90}",False,9.0,-13.0,9.0,0.0,3.0,0.0075,543.0,122.625,488.75,9.0,15.0,41.25,153.5,270.0,1381.0,497.75,2.0,19.0,78.0,1.0,1.0,2.0,6.0,9.0,1.0,0.0,0.0,8.0,8.0,0.1,0.09523809523809523,0.0032,0.0032,0.025,0.11363636363636363,0.8863636363636364,0.225,1.0,1.0,0.18333333333333332,0.23684210526315785,0.0
20260629_202157_89a44e2f,20260629_202157_89a44e2f_g0025,25,1268348214,1,16,16,16,1,1,RED,pool_heuristic,0,3,[3],0,99,2,"{""1"": 99, ""2"": 78, ""3"": 103, ""4"": 90}",False,14.0,-25.0,0.0,5.0,3.0,0.0075,685.0,177.125,688.0,14.0,24.0,65.25,248.5,336.25,1898.0,702.0,4.0,17.0,68.0,1.0,1.0,2.0,6.0,7.0,0.0,0.0,1.0,16.0,16.0,0.2,0.19047619047619047,0.0064,0.0064,0.05,0.22727272727272727,0.7727272727272727,0.35,1.0,1.0,0.325,0.5368421052631578,0.0
20260629_202157_89a44e2f,20260629_202157_89a44e2f_g0025,25,1268348214,1,16,16,16,1,2,BLUE,pool_l45_100ms,1,3,[3],0,78,4,"{""1"": 99, ""2"": 78, ""3"": 103, ""4"": 90}",False,9.0,-35.0,6.0,0.0,3.0,0.0075,474.0,111.375,427.5,9.0,16.0,43.5,161.5,197.5,2109.0,436.5,4.0,17.0,68.0,1.0,1.0,2.0,6.0,7.0,1.0,0.0,0.0,16.0,16.0,0.2,0.19047619047619047,0.0064,0.0064,0.05,0.22727272727272727,0.7727272727272727,0.225,1.0,1.0,0.36666666666666664,0.3263157894736842,0.0
20260629_202157_89a44e2f,20260629_202157_89a44e2f_g0025,25,1268348214,1,16,16,16,1,3,YELLOW,pool_peer_500ms,2,3,[3],1,103,1,"{""1"": 99, ""2"": 78, ""3"": 103, ""4"": 90}",False,15.0,-23.0,1.0,4.0,3.0,0.0075,738.0,185.625,715.125,15.0,27.0,71.25,260.0,341.875,1845.0,730.125,4.0,17.0,68.0,1.0,1.0,2.0,6.0,7.0,1.0,0.0,0.0,16.0,16.0,0.2,0.19047619047619047,0.0064,0.0064,0.05,0.22727272727272727,0.7727272727272727,0.375,1.0,1.0,0.31666666666666665,0.48684210526315785,0.0
20260629_202157_89a44e2f,20260629_202157_89a44e2f_g0025,25,1268348214,1,16,16,16,1,4,GREEN,champ_v3,3,3,[3],0,90,3,"{""1"": 99, ""2"": 78, ""3"": 103, ""4"": 90}",False,15.0,-23.0,0.0,3.0,3.0,0.0075,686.0,174.125,667.875,15.0,25.0,68.25,239.0,320.625,1897.0,682.875,4.0,17.0,68.0,1.0,1.0,2.0,6.0,7.0,1.0,0.0,0.0,16.0,16.0,0.2,0.19047619047619047,0.0064,0.0064,0.05,0.22727272727272727,0.7727272727272727,0.375,1.0,1.0,0.31666666666666665,0.49473684210526314,0.0
20260629_202157_89a44e2f,20260629_202157_89a44e2f_g0025,25,1268348214,2,24,24,24,1,1,RED,pool_heuristic,0,3,[3],0,99,2,"{""1"": 99, ""2"": 78, ""3"": 103, ""4"": 90}",False,20.0,-33.0,0.0,12.0,4.0,0.01,511.0,153.625,560.75,16.0,26.0,66.75,239.5,212.5,1237.0,580.75,6.0,15.0,58.0,1.0,1.0,2.0,6.0,5.0,0.0,0.0,1.0,24.0,24.0,0.3,0.2857142857142857,0.0096,0.0096,0.075,0.3409090909090909,0.6590909090909091,0.5,1.0,1.0,0.4416666666666667,0.5947368421052632,0.0
20260629_202157_89a44e2f,20260629_202157_89a44e2f_g0025,25,1268348214,2,24,24,24,1,2,BLUE,pool_l45_100ms,1,3,[3],0,78,4,"{""1"": 99, ""2"": 78, ""3"": 103, ""4"": 90}",False,13.0,-47.0,6.0,1.0,4.0,0.01,154.0,49.0,145.75,12.0,13.0,24.75,61.0,35.0,1594.0,158.75,6.0,15.0,58.0,1.0,1.0,2.0,6.0,5.0,0.0,0.0,0.0,24.0,24.0,0.3,0.2857142857142857,0.0096,0.0096,0.075,0.3409090909090909,0.6590909090909091,0.325,1.0,1.0,0.5,0.38596491228070173,0.0
20260629_202157_89a44e2f,20260629_202157_89a44e2f_g0025,25,1268348214,2,24,24,24,1,3,YELLOW,pool_peer_500ms,2,3,[3],1,103,1,"{""1"": 99, ""2"": 78, ""3"": 103, ""4"": 90}",False,20.0,-33.0,1.0,14.0,4.0,0.01,438.0,124.375,440.625,15.0,25.0,55.5,187.0,158.125,1310.0,460.625,6.0,15.0,58.0,1.0,1.0,2.0,6.0,5.0,0.0,0.0,0.0,24.0,24.0,0.3,0.2857142857142857,0.0096,0.0096,0.075,0.3409090909090909,0.6590909090909091,0.5,1.0,1.0,0.4416666666666667,0.5982456140350877,0.0
20260629_202157_89a44e2f,20260629_202157_89a44e2f_g0025,25,1268348214,2,24,24,24,1,4,GREEN,champ_v3,3,3,[3],0,90,3,"{""1"": 99, ""2"": 78, ""3"": 103, ""4"": 90}",False,20.0,-33.0,0.0,9.0,4.0,0.01,645.0,166.25,599.875,19.0,28.0,72.75,259.5,220.625,1103.0,619.875,6.0,15.0,58.0,1.0,1.0,2.0,6.0,5.0,0.0,0.0,0.0,24.0,24.0,0.3,0.2857142857142857,0.0096,0.0096,0.075,0.3409090909090909,0.6590909090909091,0.5,1.0,1.0,0.4416666666666667,0.5736842105263158,0.0
20260629_202157_89a44e2f,20260629_202157_89a44e2f_g0025,25,1268348214,3,32,32,32,1,1,RED,pool_heuristic,0,3,[3],0,99,2,"{""1"": 99, ""2"": 78, ""3"": 103, ""4"": 90}",False,22.0,-39.0,0.0,19.0,18.0,0.045,362.0,112.125,383.625,15.0,23.0,54.0,186.0,105.625,758.0,405.625,8.0,13.0,48.0,1.0,1.0,2.0,6.0,3.0,0.0,0.0,1.0,32.0,32.0,0.3975,0.38095238095238093,0.0128,0.0128,0.1,0.45454545454545453,0.5454545454545454,0.55,1.0,1.0,0.5083333333333333,0.6105263157894736,0.0
20260629_202157_89a44e2f,20260629_202157_89a44e2f_g0025,25,1268348214,3,32,32,32,1,2,BLUE,pool_l45_100ms,1,3,[3],0,78,4,"{""1"": 99, ""2"": 78, ""3"": 103, ""4"": 90}",False,11.0,-61.0,5.0,3.0,18.0,0.045,104.0,36.125,103.125,10.0,9.0,18.75,46.0,19.375,1016.0,114.125,8.0,13.0,48.0,1.0,1.0,2.0,6.0,3.0,0.0,0.0,0.0,32.0,32.0,0.3975,0.38095238095238093,0.0128,0.0128,0.1,0.45454545454545453,0.5454545454545454,0.275,1.0,1.0,0.6,0.40921052631578947,0.0
20260629_202157_89a44e2f,20260629_202157_89a44e2f_g0025,25,1268348214,3,32,32,32,1,3,YELLOW,pool_peer_500ms,2,3,[3],1,103,1,"{""1"": 99, ""2"": 78, ""3"": 103, ""4"": 90}",False,25.0,-33.0,1.0,26.0,18.0,0.045,320.0,106.625,338.25,19.0,26.0,55.5,171.5,66.25,800.0,363.25,8.0,13.0,48.0,1.0,1.0,2.0,6.0,3.0,0.0,0.0,0.0,32.0,32.0,0.3975,0.38095238095238093,0.0128,0.0128,0.1,0.45454545454545453,0.5454545454545454,0.625,1.0,1.0,0.4833333333333333,0.5947368421052632,0.0
20260629_202157_89a44e2f,20260629_202157_89a44e2f_g0025,25,1268348214,3,32,32,32,1,4,GREEN,champ_v3,3,3,[3],0,90,3,"{""1"": 99, ""2"": 78, ""3"": 103, ""4"": 90}",False,25.0,-33.0,0.0,19.0,18.0,0.045,334.0,103.5,320.875,22.0,26.0,55.5,130.5,86.875,786.0,345.875,8.0,13.0,49.0,1.0,1.0,2.0,5.0,4.0,0.0,0.0,0.0,32.0,32.0,0.3975,0.38095238095238093,0.0128,0.0128,0.0975,0.4431818181818182,0.5568181818181818,0.625,1.0,1.0,0.4833333333333333,0.5708502024291497,0.0
20260629_202157_89a44e2f,20260629_202157_89a44e2f_g0025,25,1268348214,4,40,40,40,1,1,RED,pool_heuristic,0,3,[3],0,99,2,"{""1"": 99, ""2"": 78, ""3"": 103, ""4"": 90}",False,24.0,-48.0,0.0,27.0,18.0,0.045,112.0,45.125,119.5,14.0,15.0,23.25,48.5,18.75,465.0,143.5,10.0,11.0,39.0,1.0,1.0,2.0,5.0,2.0,0.0,0.0,1.0,40.0,40.0,0.485,0.47619047619047616,0.016,0.016,0.1225,0.5568181818181818,0.4431818181818182,0.6,1.0,1.0,0.6,0.564983888292159,0.0
20260629_202157_89a44e2f,20260629_202157_89a44e2f_g0025,25,1268348214,4,40,40,40,1,2,BLUE,pool_l45_100ms,1,3,[3],0,78,4,"{""1"": 99, ""2"": 78, ""3"": 103, ""4"": 90}",False,14.0,-68.0,5.0,11.0,18.0,0.045,92.0,36.75,93.625,12.0,11.0,21.0,46.5,3.125,485.0,107.625,10.0,11.0,38.0,1.0,1.0,2.0,6.0,1.0,0.0,0.0,0.0,40.0,40.0,0.485,0.47619047619047616,0.016,0.016,0.125,0.5681818181818182,0.4318181818181818,0.35,1.0,1.0,0.6833333333333333,0.39578947368421047,0.0
20260629_202157_89a44e2f,20260629_202157_89a44e2f_g0025,25,1268348214,4,40,40,40,1,3,YELLOW,pool_peer_500ms,2,3,[3],1,103,1,"{""1"": 99, ""2"": 78, ""3"": 103, ""4"": 90}",False,29.0,-38.0,1.0,35.0,18.0,0.045,189.0,72.125,192.25,21.0,24.0,40.5,85.5,21.25,388.0,221.25,10.0,11.0,39.0,1.0,1.0,2.0,5.0,2.0,0.0,0.0,0.0,40.0,40.0,0.485,0.47619047619047616,0.016,0.016,0.1225,0.5568181818181818,0.4431818181818182,0.725,1.0,1.0,0.5583333333333333,0.593984962406015,0.0
20260629_202157_89a44e2f,20260629_202157_89a44e2f_g0025,25,1268348214,4,40,40,40,1,4,GREEN,champ_v3,3,3,[3],0,90,3,"{""1"": 99, ""2"": 78, ""3"": 103, ""4"": 90}",False,29.0,-38.0,0.0,30.0,18.0,0.045,184.0,69.5,188.625,23.0,24.0,19.5,71.5,50.625,393.0,217.625,10.0,11.0,42.0,1.0,1.0,1.0,4.0,4.0,0.0,0.0,0.0,40.0,40.0,0.485,0.47619047619047616,0.016,0.016,0.115,0.5227272727272727,0.4772727272727273,0.725,1.0,1.0,0.5583333333333333,0.5617848970251716,0.0
20260629_202157_89a44e2f,20260629_202157_89a44e2f_g0025,25,1268348214,5,48,48,48,1,1,RED,pool_heuristic,0,3,[3],0,99,2,"{""1"": 99, ""2"": 78, ""3"": 103, ""4"": 90}",False,28.0,-48.0,0.0,41.0,19.0,0.0475,57.0,31.5,62.75,16.0,11.0,15.75,15.0,5.0,196.0,90.75,12.0,9.0,30.0,1.0,1.0,2.0,4.0,1.0,0.0,0.0,1.0,48.0,48.0,0.5725,0.5714285714285714,0.0192,0.0192,0.145,0.6590909090909091,0.3409090909090909,0.7,1.0,1.0,0.6333333333333333,0.5535390199637024,0.0
20260629_202157_89a44e2f,20260629_202157_89a44e2f_g0025,25,1268348214,5,48,48,48,1,2,BLUE,pool_l45_100ms,1,3,[3],0,78,4,"{""1"": 99, ""2"": 78, ""3"": 103, ""4"": 90}",False,16.0,-72.0,5.0,19.0,19.0,0.0475,43.0,21.75,44.75,11.0,6.0,9.75,18.0,0.0,210.0,60.75,12.0,9.0,29.0,1.0,1.0,2.0,5.0,0.0,0.0,0.0,0.0,48.0,48.0,0.5725,0.5714285714285714,0.0192,0.0192,0.1475,0.6704545454545454,0.32954545454545453,0.4,0.9166666666666666,0.8,0.7333333333333333,0.37198929527207847,0.0
20260629_202157_89a44e2f,20260629_202157_89a44e2f_g0025,25,1268348214,5,48,48,48,1,3,YELLOW,pool_peer_500ms,2,3,[3],1,103,1,"{""1"": 99, ""2"": 78, ""3"": 103, ""4"": 90}",False,32.0,-40.0,1.0,44.0,19.0,0.0475,78.0,43.25,86.25,21.0,18.0,22.5,16.0,8.75,175.0,118.25,12.0,9.0,31.0,1.0,1.0,2.0,3.0,2.0,0.0,0.0,0.0,48.0,48.0,0.5725,0.5714285714285714,0.0192,0.0192,0.1425,0.6477272727272727,0.3522727272727273,0.8,1.0,1.0,0.6,0.592797783933518,0.0
20260629_202157_89a44e2f,20260629_202157_89a44e2f_g0025,25,1268348214,5,48,48,48,1,4,GREEN,champ_v3,3,3,[3],0,90,3,"{""1"": 99, ""2"": 78, ""3"": 103, ""4"": 90}",False,28.0,-48.0,0.0,41.0,19.0,0.0475,75.0,38.5,81.0,20.0,14.0,6.0,26.0,15.0,178.0,109.0,12.0,9.0,33.0,1.0,1.0,1.0,3.0,3.0,0.0,0.0,0.0,48.0,48.0,0.5725,0.5714285714285714,0.0192,0.0192,0.1375,0.625,0.375,0.7,1.0,1.0,0.6333333333333333,0.5435406698564593,0.0
20260629_202157_89a44e2f,20260629_202157_89a44e2f_g0025,25,1268348214,6,56,56,56,1,1,RED,pool_heuristic,0,3,[3],0,99,2,"{""1"": 99, ""2"": 78, ""3"": 103, ""4"": 90}",False,28.0,-49.0,0.0,50.0,12.0,0.03,31.0,21.0,32.25,14.0,7.0,8.25,3.0,0.0,91.0,60.25,14.0,7.0,21.0,1.0,1.0,2.0,3.0,0.0,0.0,0.0,0.0,56.0,56.0,0.6575,0.6666666666666666,0.0224,0.0224,0.1675,0.7613636363636364,0.23863636363636365,0.7,1.0,0.8,0.6416666666666667,0.5357423409269442,0.0
20260629_202157_89a44e2f,20260629_202157_89a44e2f_g0025,25,1268348214,6,56,56,56,1,2,BLUE,pool_l45_100ms,1,3,[3],0,78,4,"{""1"": 99, ""2"": 78, ""3"": 103, ""4"": 90}",False,15.0,-75.0,5.0,33.0,12.0,0.03,13.0,11.25,12.75,10.0,2.0,0.75,0.0,0.0,109.0,27.75,14.0,7.0,21.0,1.0,1.0,2.0,3.0,0.0,0.0,0.0,0.0,56.0,56.0,0.6575,0.6666666666666666,0.0224,0.0224,0.1675,0.7613636363636364,0.23863636363636365,0.375,0.7,0.8,0.75,0.377847604084839,0.0
20260629_202157_89a44e2f,20260629_202157_89a44e2f_g0025,25,1268348214,6,56,56,56,1,3,YELLOW,pool_peer_500ms,2,3,[3],1,103,1,"{""1"": 99, ""2"": 78, ""3"": 103, ""4"": 90}",False,35.0,-35.0,1.0,53.0,12.0,0.03,43.0,31.0,47.75,21.0,11.0,9.0,3.0,3.75,79.0,82.75,14.0,7.0,24.0,1.0,1.0,1.0,2.0,2.0,0.0,0.0,0.0,56.0,56.0,0.6575,0.6666666666666666,0.0224,0.0224,0.16,0.7272727272727273,0.2727272727272727,0.875,1.0,1.0,0.5833333333333333,0.5814144736842105,0.0
20260629_202157_89a44e2f,20260629_202157_89a44e2f_g0025,25,1268348214,6,56,56,56,1,4,GREEN,champ_v3,3,3,[3],0,90,3,"{""1"": 99, ""2"": 78, ""3"": 103, ""4"": 90}",False,27.0,-51.0,0.0,48.0,12.0,0.03,35.0,24.75,38.5,17.0,9.0,3.0,7.0,2.5,87.0,65.5,14.0,7.0,23.0,1.0,1.0,1.0,3.0,1.0,0.0,0.0,0.0,56.0,56.0,0.6575,0.6666666666666666,0.0224,0.0224,0.1625,0.7386363636363636,0.26136363636363635,0.675,1.0,1.0,0.65,0.5149797570850203,0.0
20260629_202157_89a44e2f,20260629_202157_89a44e2f_g0025,25,1268348214,7,64,64,64,1,1,RED,pool_heuristic,0,3,[3],0,99,2,"{""1"": 99, ""2"": 78, ""3"": 103, ""4"": 90}",False,28.0,-40.0,0.0,61.0,21.0,0.0525,15.0,12.5,15.5,10.0,4.0,1.5,0.0,0.0,44.0,43.5,16.0,5.0,14.0,1.0,1.0,1.0,2.0,0.0,0.0,0.0,0.0,64.0,64.0,0.725,0.7619047619047619,0.0256,0.0256,0.185,0.8409090909090909,0.1590909090909091,0.7,0.8,0.8,0.5666666666666667,0.5184921763869133,0.0
20260629_202157_89a44e2f,20260629_202157_89a44e2f_g0025,25,1268348214,7,64,64,64,1,2,BLUE,pool_l45_100ms,1,3,[3],0,78,4,"{""1"": 99, ""2"": 78, ""3"": 103, ""4"": 90}",False,12.0,-72.0,3.0,41.0,21.0,0.0525,6.0,6.0,6.0,6.0,0.0,0.0,0.0,0.0,53.0,18.0,16.0,5.0,16.0,1.0,0.0,1.0,3.0,0.0,0.0,0.0,0.0,64.0,64.0,0.725,0.7619047619047619,0.0256,0.0256,0.18,0.8181818181818182,0.18181818181818182,0.3,0.4,0.8,0.7,0.39546783625730997,0.0
20260629_202157_89a44e2f,20260629_202157_89a44e2f_g0025,25,1268348214,7,64,64,64,1,3,YELLOW,pool_peer_500ms,2,3,[3],1,103,1,"{""1"": 99, ""2"": 78, ""3"": 103, ""4"": 90}",False,33.0,-30.0,1.0,58.0,21.0,0.0525,20.0,19.0,21.0,18.0,0.0,3.0,0.0,0.0,39.0,54.0,16.0,5.0,18.0,1.0,0.0,1.0,1.0,2.0,0.0,0.0,0.0,64.0,64.0,0.725,0.7619047619047619,0.0256,0.0256,0.175,0.7954545454545454,0.20454545454545456,0.825,0.8833333333333333,1.0,0.525,0.5616541353383459,0.0
20260629_202157_89a44e2f,20260629_202157_89a44e2f_g0025,25,1268348214,7,64,64,64,1,4,GREEN,champ_v3,3,3,[3],0,90,3,"{""1"": 99, ""2"": 78, ""3"": 103, ""4"": 90}",False,23.0,-50.0,0.0,55.0,21.0,0.0525,18.0,16.0,18.0,14.0,4.0,0.0,0.0,0.0,41.0,41.0,16.0,5.0,14.0,1.0,1.0,1.0,2.0,0.0,0.0,0.0,0.0,64.0,64.0,0.725,0.7619047619047619,0.0256,0.0256,0.185,0.8409090909090909,0.1590909090909091,0.575,0.6833333333333333,0.8,0.6083333333333333,0.4900426742532006,0.0
20260629_202157_89a44e2f,20260629_202157_89a44e2f_g0026,26,1136749849,0,8,8,8,1,1,RED,pool_l45_100ms,0,3,[3],0,82,3,"{""1"": 82, ""2"": 99, ""3"": 103, ""4"": 69}",False,6.0,-18.0,9.0,0.0,1.0,0.0025,388.0,90.5,366.25,6.0,10.0,28.5,113.0,208.75,1407.0,372.25,2.0,19.0,78.0,1.0,1.0,2.0,6.0,9.0,1.0,1.0,0.0,8.0,8.0,0.1,0.09523809523809523,0.0032,0.0032,0.025,0.11363636363636363,0.8863636363636364,0.15,1.0,1.0,0.2,0.20526315789473681,0.0
20260629_202157_89a44e2f,20260629_202157_89a44e2f_g0026,26,1136749849,0,8,8,8,1,2,BLUE,pool_peer_500ms,1,3,[3],0,99,2,"{""1"": 82, ""2"": 99, ""3"": 103, ""4"": 69}",False,9.0,-12.0,9.0,0.0,1.0,0.0025,543.0,122.625,488.75,9.0,15.0,41.25,153.5,270.0,1252.0,497.75,2.0,19.0,78.0,1.0,1.0,2.0,6.0,9.0,1.0,0.0,0.0,8.0,8.0,0.1,0.09523809523809523,0.0032,0.0032,0.025,0.11363636363636363,0.8863636363636364,0.225,1.0,1.0,0.175,0.23684210526315785,0.0
20260629_202157_89a44e2f,20260629_202157_89a44e2f_g0026,26,1136749849,0,8,8,8,1,3,YELLOW,champ_v3,2,3,[3],1,103,1,"{""1"": 82, ""2"": 99, ""3"": 103, ""4"": 69}",False,9.0,-12.0,9.0,0.0,1.0,0.0025,543.0,122.625,488.75,9.0,15.0,41.25,153.5,270.0,1252.0,497.75,2.0,19.0,78.0,1.0,1.0,2.0,6.0,9.0,1.0,0.0,0.0,8.0,8.0,0.1,0.09523809523809523,0.0032,0.0032,0.025,0.11363636363636363,0.8863636363636364,0.225,1.0,1.0,0.175,0.23684210526315785,0.0
20260629_202157_89a44e2f,20260629_202157_89a44e2f_g0026,26,1136749849,0,8,8,8,1,4,GREEN,pool_heuristic,3,3,[3],0,69,4,"{""1"": 82, ""2"": 99, ""3"": 103, ""4"": 69}",False,6.0,-18.0,9.0,0.0,1.0,0.0025,321.0,83.375,333.375,6.0,10.0,27.75,104.0,185.625,1474.0,339.375,2.0,19.0,78.0,1.0,1.0,2.0,6.0,9.0,1.0,1.0,1.0,8.0,8.0,0.1,0.09523809523809523,0.0032,0.0032,0.025,0.11363636363636363,0.8863636363636364,0.15,1.0,1.0,0.2,0.2315789473684211,0.0
20260629_202157_89a44e2f,20260629_202157_89a44e2f_g0026,26,1136749849,1,16,16,16,1,1,RED,pool_l45_100ms,0,3,[3],0,82,3,"{""1"": 82, ""2"": 99, ""3"": 103, ""4"": 69}",False,10.0,-34.0,7.0,0.0,1.0,0.0025,475.0,112.5,427.125,10.0,17.0,43.5,163.5,193.125,1939.0,437.125,4.0,17.0,68.0,1.0,1.0,2.0,6.0,7.0,1.0,0.0,0.0,16.0,16.0,0.2,0.19047619047619047,0.0064,0.0064,0.05,0.22727272727272727,0.7727272727272727,0.25,1.0,1.0,0.36666666666666664,0.3236842105263158,0.0
20260629_202157_89a44e2f,20260629_202157_89a44e2f_g0026,26,1136749849,1,16,16,16,1,2,BLUE,pool_peer_500ms,1,3,[3],0,99,2,"{""1"": 82, ""2"": 99, ""3"": 103, ""4"": 69}",False,16.0,-22.0,0.0,2.0,1.0,0.0025,721.0,179.875,699.375,14.0,24.0,67.5,252.0,341.875,1693.0,715.375,4.0,17.0,68.0,1.0,1.0,2.0,6.0,7.0,1.0,0.0,0.0,16.0,16.0,0.2,0.19047619047619047,0.0064,0.0064,0.05,0.22727272727272727,0.7727272727272727,0.4,1.0,1.0,0.31666666666666665,0.49473684210526314,0.0
20260629_202157_89a44e2f,20260629_202157_89a44e2f_g0026,26,1136749849,1,16,16,16,1,3,YELLOW,champ_v3,2,3,[3],1,103,1,"{""1"": 82, ""2"": 99, ""3"": 103, ""4"": 69}",False,15.0,-24.0,1.0,2.0,1.0,0.0025,721.0,181.625,697.625,15.0,26.0,71.25,256.0,329.375,1693.0,712.625,4.0,17.0,68.0,1.0,1.0,2.0,6.0,7.0,1.0,0.0,0.0,16.0,16.0,0.2,0.19047619047619047,0.0064,0.0064,0.05,0.22727272727272727,0.7727272727272727,0.375,1.0,1.0,0.325,0.4894736842105264,0.0
20260629_202157_89a44e2f,20260629_202157_89a44e2f_g0026,26,1136749849,1,16,16,16,1,4,GREEN,pool_heuristic,3,3,[3],0,69,4,"{""1"": 82, ""2"": 99, ""3"": 103, ""4"": 69}",False,13.0,-28.0,4.0,0.0,1.0,0.0025,497.0,147.375,564.625,13.0,21.0,57.0,203.0,270.625,1917.0,577.625,4.0,17.0,68.0,1.0,1.0,2.0,6.0,7.0,1.0,1.0,1.0,16.0,16.0,0.2,0.19047619047619047,0.0064,0.0064,0.05,0.22727272727272727,0.7727272727272727,0.325,1.0,1.0,0.3416666666666667,0.4447368421052631,0.0
20260629_202157_89a44e2f,20260629_202157_89a44e2f_g0026,26,1136749849,2,24,24,24,1,1,RED,pool_l45_100ms,0,3,[3],0,82,3,"{""1"": 82, ""2"": 99, ""3"": 103, ""4"": 69}",False,14.0,-42.0,6.0,0.0,8.0,0.02,322.0,87.25,290.0,14.0,20.0,42.0,129.0,85.0,1401.0,304.0,6.0,15.0,58.0,1.0,1.0,2.0,6.0,5.0,0.0,0.0,0.0,24.0,24.0,0.2975,0.2857142857142857,0.0096,0.0096,0.075,0.3409090909090909,0.6590909090909091,0.35,1.0,1.0,0.4666666666666667,0.4017543859649123,0.0
20260629_202157_89a44e2f,20260629_202157_89a44e2f_g0026,26,1136749849,2,24,24,24,1,2,BLUE,pool_peer_500ms,1,3,[3],0,99,2,"{""1"": 82, ""2"": 99, ""3"": 103, ""4"": 69}",False,20.0,-30.0,0.0,11.0,8.0,0.02,539.0,149.25,541.625,18.0,27.0,66.0,192.5,238.125,1184.0,561.625,6.0,15.0,59.0,1.0,1.0,2.0,5.0,6.0,1.0,0.0,0.0,24.0,24.0,0.2975,0.2857142857142857,0.0096,0.0096,0.0725,0.32954545454545453,0.6704545454545454,0.5,1.0,1.0,0.4166666666666667,0.5843920145190562,0.0
20260629_202157_89a44e2f,20260629_202157_89a44e2f_g0026,26,1136749849,2,24,24,24,1,3,YELLOW,champ_v3,2,3,[3],1,103,1,"{""1"": 82, ""2"": 99, ""3"": 103, ""4"": 69}",False,19.0,-32.0,0.0,15.0,8.0,0.02,448.0,134.75,470.625,18.0,25.0,61.5,210.5,155.625,1275.0,489.625,6.0,15.0,58.0,1.0,1.0,2.0,6.0,5.0,1.0,0.0,0.0,24.0,24.0,0.2975,0.2857142857142857,0.0096,0.0096,0.075,0.3409090909090909,0.6590909090909091,0.475,1.0,1.0,0.425,0.5982456140350877,0.0
20260629_202157_89a44e2f,20260629_202157_89a44e2f_g0026,26,1136749849,2,24,24,24,1,4,GREEN,pool_heuristic,3,3,[3],0,69,4,"{""1"": 82, ""2"": 99, ""3"": 103, ""4"": 69}",False,17.0,-36.0,2.0,4.0,8.0,0.02,414.0,125.875,451.375,17.0,20.0,53.25,178.0,183.125,1309.0,468.375,6.0,15.0,58.0,1.0,1.0,2.0,6.0,5.0,1.0,1.0,1.0,24.0,24.0,0.2975,0.2857142857142857,0.0096,0.0096,0.075,0.3409090909090909,0.6590909090909091,0.425,1.0,1.0,0.4416666666666667,0.5210526315789474,0.0
20260629_202157_89a44e2f,20260629_202157_89a44e2f_g0026,26,1136749849,3,32,32,32,1,1,RED,pool_l45_100ms,0,3,[3],0,82,3,"{""1"": 82, ""2"": 99, ""3"": 103, ""4"": 69}",False,16.0,-48.0,4.0,5.0,14.0,0.035,121.0,45.375,122.5,13.0,15.0,24.75,53.5,16.25,717.0,138.5,8.0,13.0,48.0,1.0,1.0,2.0,6.0,3.0,0.0,0.0,0.0,32.0,32.0,0.395,0.38095238095238093,0.0128,0.0128,0.1,0.45454545454545453,0.5454545454545454,0.4,1.0,1.0,0.5333333333333333,0.4328947368421052,0.0
20260629_202157_89a44e2f,20260629_202157_89a44e2f_g0026,26,1136749849,3,32,32,32,1,2,BLUE,pool_peer_500ms,1,3,[3],0,99,2,"{""1"": 82, ""2"": 99, ""3"": 103, ""4"": 69}",False,21.0,-38.0,0.0,21.0,14.0,0.035,284.0,87.125,272.75,17.0,23.0,48.0,113.5,71.25,554.0,293.75,8.0,13.0,49.0,1.0,1.0,2.0,5.0,4.0,0.0,0.0,0.0,32.0,32.0,0.395,0.38095238095238093,0.0128,0.0128,0.0975,0.4431818181818182,0.5568181818181818,0.525,1.0,1.0,0.4916666666666667,0.6059379217273955,0.0
20260629_202157_89a44e2f,20260629_202157_89a44e2f_g0026,26,1136749849,3,32,32,32,1,3,YELLOW,champ_v3,2,3,[3],1,103,1,"{""1"": 82, ""2"": 99, ""3"": 103, ""4"": 69}",False,23.0,-34.0,0.0,23.0,14.0,0.035,315.0,105.25,329.125,21.0,27.0,57.75,136.5,86.875,523.0,352.125,8.0,13.0,49.0,1.0,1.0,2.0,5.0,4.0,1.0,0.0,0.0,32.0,32.0,0.395,0.38095238095238093,0.0128,0.0128,0.0975,0.4431818181818182,0.5568181818181818,0.575,1.0,1.0,0.475,0.611336032388664,0.0
20260629_202157_89a44e2f,20260629_202157_89a44e2f_g0026,26,1136749849,3,32,32,32,1,4,GREEN,pool_heuristic,3,3,[3],0,69,4,"{""1"": 82, ""2"": 99, ""3"": 103, ""4"": 69}",False,20.0,-40.0,2.0,9.0,14.0,0.035,118.0,50.875,125.75,19.0,16.0,24.75,48.5,17.5,720.0,145.75,8.0,13.0,48.0,1.0,1.0,2.0,6.0,3.0,0.0,1.0,1.0,32.0,32.0,0.395,0.38095238095238093,0.0128,0.0128,0.1,0.45454545454545453,0.5454545454545454,0.5,1.0,1.0,0.5,0.513157894736842,0.0
20260629_202157_89a44e2f,20260629_202157_89a44e2f_g0026,26,1136749849,4,40,40,40,1,1,RED,pool_l45_100ms,0,3,[3],0,82,3,"{""1"": 82, ""2"": 99, ""3"": 103, ""4"": 69}",False,16.0,-54.0,4.0,12.0,13.0,0.0325,33.0,19.625,38.0,10.0,7.0,10.5,10.5,0.0,424.0,54.0,10.0,11.0,38.0,1.0,1.0,2.0,6.0,1.0,0.0,0.0,0.0,40.0,40.0,0.49,0.47619047619047616,0.016,0.016,0.125,0.5681818181818182,0.4318181818181818,0.4,0.9833333333333333,1.0,0.5833333333333333,0.4252631578947369,0.0
20260629_202157_89a44e2f,20260629_202157_89a44e2f_g0026,26,1136749849,4,40,40,40,1,2,BLUE,pool_peer_500ms,1,3,[3],0,99,2,"{""1"": 82, ""2"": 99, ""3"": 103, ""4"": 69}",False,22.0,-42.0,0.0,30.0,13.0,0.0325,186.0,63.25,183.625,17.0,16.0,36.75,64.5,49.375,271.0,205.625,10.0,11.0,40.0,1.0,1.0,2.0,4.0,3.0,0.0,0.0,0.0,40.0,40.0,0.49,0.47619047619047616,0.016,0.016,0.12,0.5454545454545454,0.45454545454545453,0.55,1.0,1.0,0.5333333333333333,0.5888157894736843,0.0
20260629_202157_89a44e2f,20260629_202157_89a44e2f_g0026,26,1136749849,4,40,40,40,1,3,YELLOW,champ_v3,2,3,[3],1,103,1,"{""1"": 82, ""2"": 99, ""3"": 103, ""4"": 69}",False,26.0,-34.0,0.0,32.0,13.0,0.0325,187.0,68.5,185.5,21.0,19.0,35.25,84.0,26.25,270.0,211.5,10.0,11.0,39.0,1.0,1.0,2.0,5.0,2.0,0.0,0.0,0.0,40.0,40.0,0.49,0.47619047619047616,0.016,0.016,0.1225,0.5568181818181818,0.4431818181818182,0.65,1.0,1.0,0.5,0.6111707841031149,0.0
20260629_202157_89a44e2f,20260629_202157_89a44e2f_g0026,26,1136749849,4,40,40,40,1,4,GREEN,pool_heuristic,3,3,[3],0,69,4,"{""1"": 82, ""2"": 99, ""3"": 103, ""4"": 69}",False,22.0,-42.0,2.0,19.0,13.0,0.0325,51.0,32.625,53.75,20.0,13.0,12.0,7.5,1.25,406.0,75.75,10.0,11.0,39.0,1.0,1.0,2.0,5.0,2.0,0.0,0.0,1.0,40.0,40.0,0.49,0.47619047619047616,0.016,0.016,0.1225,0.5568181818181818,0.4431818181818182,0.55,1.0,1.0,0.5333333333333333,0.47798066595059074,0.0
20260629_202157_89a44e2f,20260629_202157_89a44e2f_g0026,26,1136749849,5,48,48,48,1,1,RED,pool_l45_100ms,0,3,[3],0,82,3,"{""1"": 82, ""2"": 99, ""3"": 103, ""4"": 69}",False,17.0,-51.0,4.0,24.0,29.0,0.0725,45.0,24.25,51.75,11.0,8.0,12.75,20.0,0.0,215.0,68.75,12.0,9.0,29.0,1.0,1.0,2.0,5.0,0.0,0.0,0.0,0.0,48.0,48.0,0.5825,0.5714285714285714,0.0192,0.0192,0.1475,0.6704545454545454,0.32954545454545453,0.425,1.0,0.8,0.5666666666666667,0.3916146297948261,0.0
20260629_202157_89a44e2f,20260629_202157_89a44e2f_g0026,26,1136749849,5,48,48,48,1,2,BLUE,pool_peer_500ms,1,3,[3],0,99,2,"{""1"": 82, ""2"": 99, ""3"": 103, ""4"": 69}",False,25.0,-35.0,0.0,45.0,29.0,0.0725,117.0,49.75,128.0,16.0,15.0,31.5,53.0,12.5,143.0,153.0,12.0,9.0,30.0,1.0,1.0,2.0,4.0,1.0,0.0,0.0,0.0,48.0,48.0,0.5825,0.5714285714285714,0.0192,0.0192,0.145,0.6590909090909091,0.3409090909090909,0.625,1.0,1.0,0.5,0.5617059891107078,0.0
20260629_202157_89a44e2f,20260629_202157_89a44e2f_g0026,26,1136749849,5,48,48,48,1,3,YELLOW,champ_v3,2,3,[3],1,103,1,"{""1"": 82, ""2"": 99, ""3"": 103, ""4"": 69}",False,26.0,-33.0,0.0,38.0,29.0,0.0725,76.0,39.25,76.5,20.0,15.0,18.0,21.0,2.5,184.0,102.5,12.0,9.0,30.0,1.0,1.0,2.0,4.0,1.0,0.0,0.0,0.0,48.0,48.0,0.5825,0.5714285714285714,0.0192,0.0192,0.145,0.6590909090909091,0.3409090909090909,0.65,1.0,1.0,0.4916666666666667,0.6043557168784028,0.0
20260629_202157_89a44e2f,20260629_202157_89a44e2f_g0026,26,1136749849,5,48,48,48,1,4,GREEN,pool_heuristic,3,3,[3],0,69,4,"{""1"": 82, ""2"": 99, ""3"": 103, ""4"": 69}",False,17.0,-51.0,2.0,23.0,29.0,0.0725,22.0,18.5,22.5,15.0,6.0,1.5,0.0,0.0,238.0,39.5,12.0,9.0,30.0,1.0,1.0,2.0,4.0,1.0,0.0,0.0,1.0,48.0,48.0,0.5825,0.5714285714285714,0.0192,0.0192,0.145,0.6590909090909091,0.3409090909090909,0.425,0.8,1.0,0.5666666666666667,0.4401088929219601,0.0
20260629_202157_89a44e2f,20260629_202157_89a44e2f_g0026,26,1136749849,6,56,56,56,1,1,RED,pool_l45_100ms,0,3,[3],0,82,3,"{""1"": 82, ""2"": 99, ""3"": 103, ""4"": 69}",False,20.0,-46.0,4.0,35.0,34.0,0.085,18.0,14.0,20.5,10.0,4.0,4.5,2.0,0.0,74.0,40.5,14.0,7.0,21.0,1.0,1.0,2.0,3.0,0.0,0.0,0.0,0.0,56.0,56.0,0.655,0.6666666666666666,0.0224,0.0224,0.1675,0.7613636363636364,0.23863636363636365,0.5,0.8833333333333333,0.8,0.55,0.3974862529457973,0.0
20260629_202157_89a44e2f,20260629_202157_89a44e2f_g0026,26,1136749849,6,56,56,56,1,2,BLUE,pool_peer_500ms,1,3,[3],0,99,2,"{""1"": 82, ""2"": 99, ""3"": 103, ""4"": 69}",False,23.0,-40.0,0.0,53.0,34.0,0.085,25.0,15.0,24.75,9.0,6.0,6.75,3.0,0.0,67.0,47.75,14.0,7.0,21.0,1.0,1.0,2.0,3.0,0.0,0.0,0.0,0.0,56.0,56.0,0.655,0.6666666666666666,0.0224,0.0224,0.1675,0.7613636363636364,0.23863636363636365,0.575,0.8666666666666667,0.8,0.525,0.5318146111547526,0.0
20260629_202157_89a44e2f,20260629_202157_89a44e2f_g0026,26,1136749849,6,56,56,56,1,3,YELLOW,champ_v3,2,3,[3],1,103,1,"{""1"": 82, ""2"": 99, ""3"": 103, ""4"": 69}",False,26.0,-34.0,0.0,46.0,34.0,0.085,48.0,30.75,49.5,19.0,13.0,10.5,7.0,0.0,44.0,75.5,14.0,7.0,21.0,1.0,1.0,2.0,3.0,0.0,0.0,0.0,0.0,56.0,56.0,0.655,0.6666666666666666,0.0224,0.0224,0.1675,0.7613636363636364,0.23863636363636365,0.65,1.0,0.8,0.5,0.5805184603299293,0.0
20260629_202157_89a44e2f,20260629_202157_89a44e2f_g0026,26,1136749849,6,56,56,56,1,4,GREEN,pool_heuristic,3,3,[3],0,69,4,"{""1"": 82, ""2"": 99, ""3"": 103, ""4"": 69}",False,17.0,-52.0,2.0,26.0,34.0,0.085,1.0,0.5,1.5,0.0,0.0,1.5,0.0,0.0,91.0,18.5,14.0,7.0,27.0,0.0,0.0,2.0,4.0,1.0,0.0,0.0,1.0,56.0,56.0,0.655,0.6666666666666666,0.0224,0.0224,0.1525,0.6931818181818182,0.3068181818181818,0.425,0.7666666666666667,1.0,0.575,0.44779982743744606,0.0
20260629_202157_89a44e2f,20260629_202157_89a44e2f_g0026,26,1136749849,7,64,64,65,2,1,RED,pool_l45_100ms,0,3,[3],0,82,3,"{""1"": 82, ""2"": 99, ""3"": 103, ""4"": 69}",False,15.0,-49.0,4.0,48.0,35.0,0.0875,5.0,5.0,5.0,5.0,0.0,0.0,0.0,0.0,48.0,20.0,17.0,4.0,12.0,1.0,0.0,1.0,2.0,0.0,0.0,0.0,0.0,64.0,65.0,0.7175,0.8095238095238095,0.026,0.0256,0.19,0.8636363636363636,0.13636363636363635,0.375,0.48333333333333334,0.8,0.5333333333333333,0.39473684210526316,0.0
20260629_202157_89a44e2f,20260629_202157_89a44e2f_g0026,26,1136749849,7,64,64,65,2,2,BLUE,pool_peer_500ms,1,3,[3],0,99,2,"{""1"": 82, ""2"": 99, ""3"": 103, ""4"": 69}",False,22.0,-35.0,0.0,60.0,35.0,0.0875,16.0,11.0,18.0,8.0,0.0,6.0,4.0,0.0,37.0,40.0,16.0,5.0,15.0,1.0,0.0,2.0,2.0,0.0,0.0,0.0,0.0,64.0,65.0,0.7175,0.7619047619047619,0.026,0.0256,0.1825,0.8295454545454546,0.17045454545454544,0.55,0.7666666666666667,0.8,0.475,0.5277577505407354,0.0
20260629_202157_89a44e2f,20260629_202157_89a44e2f_g0026,26,1136749849,7,64,64,65,2,3,YELLOW,champ_v3,2,3,[3],1,103,1,"{""1"": 82, ""2"": 99, ""3"": 103, ""4"": 69}",False,27.0,-25.0,0.0,55.0,35.0,0.0875,32.0,23.75,30.75,18.0,9.0,3.75,0.0,0.0,21.0,57.75,16.0,5.0,14.0,1.0,1.0,1.0,2.0,0.0,0.0,0.0,0.0,64.0,65.0,0.7175,0.7619047619047619,0.026,0.0256,0.185,0.8409090909090909,0.1590909090909091,0.675,0.7166666666666667,0.8,0.4333333333333333,0.5647226173541964,0.0
20260629_202157_89a44e2f,20260629_202157_89a44e2f_g0026,26,1136749849,7,64,64,65,2,4,GREEN,pool_heuristic,3,3,[3],0,69,4,"{""1"": 82, ""2"": 99, ""3"": 103, ""4"": 69}",False,15.0,-49.0,2.0,38.0,35.0,0.0875,0.0,0.0,0.0,0.0,0.0,0.0,0.0,0.0,53.0,15.0,15.0,6.0,24.0,0.0,0.0,1.0,4.0,1.0,0.0,0.0,1.0,64.0,65.0,0.7175,0.7142857142857143,0.026,0.0256,0.16,0.7272727272727273,0.2727272727272727,0.375,0.5833333333333334,1.0,0.5333333333333333,0.4481907894736842,0.0
20260629_202157_89a44e2f,20260629_202157_89a44e2f_g0027,27,924657764,0,8,8,8,1,1,RED,pool_peer_500ms,0,1,[1],1,103,1,"{""1"": 103, ""2"": 98, ""3"": 69, ""4"": 76}",False,9.0,-13.0,9.0,0.0,0.0,0.0,543.0,122.625,488.75,9.0,15.0,41.25,153.5,270.0,1225.0,497.75,2.0,19.0,78.0,1.0,1.0,2.0,6.0,9.0,1.0,0.0,0.0,8.0,8.0,0.1,0.09523809523809523,0.0032,0.0032,0.025,0.11363636363636363,0.8863636363636364,0.225,1.0,1.0,0.18333333333333332,0.23684210526315785,0.0
20260629_202157_89a44e2f,20260629_202157_89a44e2f_g0027,27,924657764,0,8,8,8,1,2,BLUE,champ_v3,1,1,[1],0,98,2,"{""1"": 103, ""2"": 98, ""3"": 69, ""4"": 76}",False,9.0,-13.0,9.0,0.0,0.0,0.0,543.0,122.625,488.75,9.0,15.0,41.25,153.5,270.0,1225.0,497.75,2.0,19.0,78.0,1.0,1.0,2.0,6.0,9.0,1.0,0.0,0.0,8.0,8.0,0.1,0.09523809523809523,0.0032,0.0032,0.025,0.11363636363636363,0.8863636363636364,0.225,1.0,1.0,0.18333333333333332,0.23684210526315785,0.0
20260629_202157_89a44e2f,20260629_202157_89a44e2f_g0027,27,924657764,0,8,8,8,1,3,YELLOW,pool_heuristic,2,1,[1],0,69,4,"{""1"": 103, ""2"": 98, ""3"": 69, ""4"": 76}",False,6.0,-19.0,9.0,0.0,0.0,0.0,238.0,63.75,247.125,6.0,9.0,21.75,78.5,131.875,1530.0,253.125,2.0,19.0,78.0,1.0,1.0,2.0,6.0,9.0,1.0,1.0,1.0,8.0,8.0,0.1,0.09523809523809523,0.0032,0.0032,0.025,0.11363636363636363,0.8863636363636364,0.15,1.0,1.0,0.20833333333333334,0.22105263157894728,0.0
20260629_202157_89a44e2f,20260629_202157_89a44e2f_g0027,27,924657764,0,8,8,8,1,4,GREEN,pool_l45_100ms,3,1,[1],0,76,3,"{""1"": 103, ""2"": 98, ""3"": 69, ""4"": 76}",False,7.0,-17.0,9.0,0.0,0.0,0.0,444.0,103.25,415.125,7.0,12.0,33.75,130.5,231.875,1324.0,422.125,2.0,19.0,78.0,1.0,1.0,2.0,6.0,9.0,1.0,1.0,0.0,8.0,8.0,0.1,0.09523809523809523,0.0032,0.0032,0.025,0.11363636363636363,0.8863636363636364,0.175,1.0,1.0,0.2,0.20526315789473681,0.0
20260629_202157_89a44e2f,20260629_202157_89a44e2f_g0027,27,924657764,1,16,16,16,1,1,RED,pool_peer_500ms,0,1,[1],1,103,1,"{""1"": 103, ""2"": 98, ""3"": 69, ""4"": 76}",False,16.0,-20.0,0.0,2.0,4.0,0.01,689.0,172.125,666.875,14.0,23.0,64.5,241.0,324.375,1544.0,682.875,4.0,17.0,68.0,1.0,1.0,2.0,6.0,7.0,1.0,0.0,0.0,16.0,16.0,0.2,0.19047619047619047,0.0064,0.0064,0.05,0.22727272727272727,0.7727272727272727,0.4,1.0,1.0,0.3,0.49473684210526314,0.0
20260629_202157_89a44e2f,20260629_202157_89a44e2f_g0027,27,924657764,1,16,16,16,1,2,BLUE,champ_v3,1,1,[1],0,98,2,"{""1"": 103, ""2"": 98, ""3"": 69, ""4"": 76}",False,15.0,-22.0,1.0,2.0,4.0,0.01,673.0,171.0,654.0,15.0,25.0,66.75,236.0,311.25,1560.0,669.0,4.0,17.0,68.0,1.0,1.0,2.0,6.0,7.0,1.0,0.0,0.0,16.0,16.0,0.2,0.19047619047619047,0.0064,0.0064,0.05,0.22727272727272727,0.7727272727272727,0.375,1.0,1.0,0.30833333333333335,0.4894736842105264,0.0
20260629_202157_89a44e2f,20260629_202157_89a44e2f_g0027,27,924657764,1,16,16,16,1,3,YELLOW,pool_heuristic,2,1,[1],0,69,4,"{""1"": 103, ""2"": 98, ""3"": 69, ""4"": 76}",False,11.0,-30.0,3.0,0.0,4.0,0.01,346.0,97.875,366.625,11.0,15.0,35.25,131.0,174.375,1887.0,377.625,4.0,17.0,68.0,1.0,1.0,2.0,6.0,7.0,1.0,1.0,1.0,16.0,16.0,0.2,0.19047619047619047,0.0064,0.0064,0.05,0.22727272727272727,0.7727272727272727,0.275,1.0,1.0,0.3416666666666667,0.45000000000000007,0.0
20260629_202157_89a44e2f,20260629_202157_89a44e2f_g0027,27,924657764,1,16,16,16,1,4,GREEN,pool_l45_100ms,3,1,[1],0,76,3,"{""1"": 103, ""2"": 98, ""3"": 69, ""4"": 76}",False,10.0,-32.0,7.0,0.0,4.0,0.01,525.0,121.875,470.625,10.0,17.0,45.0,173.0,225.625,1708.0,480.625,4.0,17.0,68.0,1.0,1.0,2.0,6.0,7.0,1.0,0.0,0.0,16.0,16.0,0.2,0.19047619047619047,0.0064,0.0064,0.05,0.22727272727272727,0.7727272727272727,0.25,1.0,1.0,0.35,0.3131578947368421,0.0
20260629_202157_89a44e2f,20260629_202157_89a44e2f_g0027,27,924657764,2,24,24,24,1,1,RED,pool_peer_500ms,0,1,[1],1,103,1,"{""1"": 103, ""2"": 98, ""3"": 69, ""4"": 76}",False,22.0,-30.0,0.0,7.0,6.0,0.015,610.0,158.625,575.375,19.0,28.0,73.5,203.0,251.875,1123.0,597.375,6.0,15.0,59.0,1.0,1.0,2.0,5.0,6.0,0.0,0.0,0.0,24.0,24.0,0.295,0.2857142857142857,0.0096,0.0096,0.0725,0.32954545454545453,0.6704545454545454,0.55,1.0,1.0,0.4333333333333333,0.5335753176043556,0.0
20260629_202157_89a44e2f,20260629_202157_89a44e2f_g0027,27,924657764,2,24,24,24,1,2,BLUE,champ_v3,1,1,[1],0,98,2,"{""1"": 103, ""2"": 98, ""3"": 69, ""4"": 76}",False,20.0,-34.0,1.0,13.0,6.0,0.015,396.0,113.25,396.5,17.0,23.0,51.0,133.0,172.5,1337.0,416.5,6.0,15.0,59.0,1.0,1.0,2.0,5.0,6.0,1.0,0.0,0.0,24.0,24.0,0.295,0.2857142857142857,0.0096,0.0096,0.0725,0.32954545454545453,0.6704545454545454,0.5,1.0,1.0,0.45,0.5644283121597096,0.0
20260629_202157_89a44e2f,20260629_202157_89a44e2f_g0027,27,924657764,2,24,24,24,1,3,YELLOW,pool_heuristic,2,1,[1],0,69,4,"{""1"": 103, ""2"": 98, ""3"": 69, ""4"": 76}",False,16.0,-42.0,3.0,4.0,6.0,0.015,249.0,75.375,244.75,15.0,16.0,34.5,100.5,78.75,1484.0,260.75,6.0,15.0,58.0,1.0,1.0,2.0,6.0,5.0,1.0,1.0,1.0,24.0,24.0,0.295,0.2857142857142857,0.0096,0.0096,0.075,0.3409090909090909,0.6590909090909091,0.4,1.0,1.0,0.4833333333333333,0.44385964912280707,0.0
20260629_202157_89a44e2f,20260629_202157_89a44e2f_g0027,27,924657764,2,24,24,24,1,4,GREEN,pool_l45_100ms,3,1,[1],0,76,3,"{""1"": 103, ""2"": 98, ""3"": 69, ""4"": 76}",False,16.0,-42.0,4.0,0.0,6.0,0.015,478.0,122.125,421.5,16.0,25.0,60.0,190.5,130.0,1255.0,437.5,6.0,15.0,58.0,1.0,1.0,2.0,6.0,5.0,0.0,0.0,0.0,24.0,24.0,0.295,0.2857142857142857,0.0096,0.0096,0.075,0.3409090909090909,0.6590909090909091,0.4,1.0,1.0,0.4833333333333333,0.43333333333333324,0.0
20260629_202157_89a44e2f,20260629_202157_89a44e2f_g0027,27,924657764,3,32,32,32,1,1,RED,pool_peer_500ms,0,1,[1],1,103,1,"{""1"": 103, ""2"": 98, ""3"": 69, ""4"": 76}",False,25.0,-36.0,0.0,17.0,13.0,0.0325,287.0,89.375,277.75,20.0,21.0,45.0,110.5,81.25,528.0,302.75,8.0,13.0,49.0,1.0,1.0,2.0,5.0,4.0,0.0,0.0,0.0,32.0,32.0,0.3925,0.38095238095238093,0.0128,0.0128,0.0975,0.4431818181818182,0.5568181818181818,0.625,1.0,1.0,0.5083333333333333,0.5708502024291497,0.0
20260629_202157_89a44e2f,20260629_202157_89a44e2f_g0027,27,924657764,3,32,32,32,1,2,BLUE,champ_v3,1,1,[1],0,98,2,"{""1"": 103, ""2"": 98, ""3"": 69, ""4"": 76}",False,26.0,-34.0,1.0,20.0,13.0,0.0325,370.0,109.375,356.125,22.0,25.0,57.0,109.0,143.125,445.0,382.125,8.0,13.0,50.0,1.0,1.0,2.0,4.0,5.0,1.0,0.0,0.0,32.0,32.0,0.3925,0.38095238095238093,0.0128,0.0128,0.095,0.4318181818181818,0.5681818181818182,0.65,1.0,1.0,0.5,0.5886426592797784,0.0
20260629_202157_89a44e2f,20260629_202157_89a44e2f_g0027,27,924657764,3,32,32,32,1,3,YELLOW,pool_heuristic,2,1,[1],0,69,4,"{""1"": 103, ""2"": 98, ""3"": 69, ""4"": 76}",False,17.0,-52.0,3.0,7.0,13.0,0.0325,48.0,27.0,46.75,17.0,8.0,8.25,11.0,2.5,767.0,63.75,8.0,13.0,48.0,1.0,1.0,2.0,6.0,3.0,1.0,0.0,1.0,32.0,32.0,0.3925,0.38095238095238093,0.0128,0.0128,0.1,0.45454545454545453,0.5454545454545454,0.425,1.0,1.0,0.575,0.46578947368421053,0.0
20260629_202157_89a44e2f,20260629_202157_89a44e2f_g0027,27,924657764,3,32,32,32,1,4,GREEN,pool_l45_100ms,3,1,[1],0,76,3,"{""1"": 103, ""2"": 98, ""3"": 69, ""4"": 76}",False,18.0,-50.0,4.0,7.0,13.0,0.0325,110.0,40.375,103.625,14.0,13.0,18.0,43.0,15.625,705.0,121.625,8.0,13.0,48.0,1.0,1.0,2.0,6.0,3.0,0.0,0.0,0.0,32.0,32.0,0.3925,0.38095238095238093,0.0128,0.0128,0.1,0.45454545454545453,0.5454545454545454,0.45,1.0,1.0,0.5666666666666667,0.4473684210526315,0.0
20260629_202157_89a44e2f,20260629_202157_89a44e2f_g0027,27,924657764,4,40,40,40,1,1,RED,pool_peer_500ms,0,1,[1],1,103,1,"{""1"": 103, ""2"": 98, ""3"": 69, ""4"": 76}",False,26.0,-37.0,0.0,30.0,17.0,0.0425,115.0,50.0,123.5,19.0,15.0,24.0,48.0,17.5,266.0,149.5,10.0,11.0,39.0,1.0,1.0,2.0,5.0,2.0,0.0,0.0,0.0,40.0,40.0,0.49,0.47619047619047616,0.016,0.016,0.1225,0.5568181818181818,0.4431818181818182,0.65,1.0,1.0,0.525,0.5993555316863588,0.0
20260629_202157_89a44e2f,20260629_202157_89a44e2f_g0027,27,924657764,4,40,40,40,1,2,BLUE,champ_v3,1,1,[1],0,98,2,"{""1"": 103, ""2"": 98, ""3"": 69, ""4"": 76}",False,28.0,-33.0,1.0,32.0,17.0,0.0425,201.0,72.125,201.375,21.0,23.0,42.0,51.0,64.375,180.0,229.375,10.0,11.0,41.0,1.0,1.0,2.0,3.0,4.0,1.0,0.0,0.0,40.0,40.0,0.49,0.47619047619047616,0.016,0.016,0.1175,0.5340909090909091,0.4659090909090909,0.7,1.0,1.0,0.5083333333333333,0.5856662933930571,0.0
20260629_202157_89a44e2f,20260629_202157_89a44e2f_g0027,27,924657764,4,40,40,40,1,3,YELLOW,pool_heuristic,2,1,[1],0,69,4,"{""1"": 103, ""2"": 98, ""3"": 69, ""4"": 76}",False,20.0,-49.0,3.0,18.0,17.0,0.0425,37.0,25.375,37.75,18.0,8.0,5.25,6.5,0.0,344.0,57.75,10.0,11.0,38.0,1.0,1.0,2.0,6.0,1.0,0.0,0.0,1.0,40.0,40.0,0.49,0.47619047619047616,0.016,0.016,0.125,0.5681818181818182,0.4318181818181818,0.5,1.0,1.0,0.575,0.43157894736842106,0.0
20260629_202157_89a44e2f,20260629_202157_89a44e2f_g0027,27,924657764,4,40,40,40,1,4,GREEN,pool_l45_100ms,3,1,[1],0,76,3,"{""1"": 103, ""2"": 98, ""3"": 69, ""4"": 76}",False,15.0,-59.0,4.0,7.0,17.0,0.0425,28.0,16.75,25.75,11.0,7.0,3.75,4.0,0.0,353.0,40.75,10.0,11.0,38.0,1.0,1.0,2.0,6.0,1.0,0.0,0.0,0.0,40.0,40.0,0.49,0.47619047619047616,0.016,0.016,0.125,0.5681818181818182,0.4318181818181818,0.375,1.0,1.0,0.6166666666666667,0.4242105263157895,0.0
20260629_202157_89a44e2f,20260629_202157_89a44e2f_g0027,27,924657764,5,48,48,48,1,1,RED,pool_peer_500ms,0,1,[1],1,103,1,"{""1"": 103, ""2"": 98, ""3"": 69, ""4"": 76}",False,25.0,-35.0,0.0,44.0,25.0,0.0625,47.0,28.5,46.75,18.0,10.0,9.75,9.0,0.0,87.0,71.75,12.0,9.0,30.0,1.0,1.0,2.0,4.0,1.0,0.0,0.0,0.0,48.0,48.0,0.575,0.5714285714285714,0.0192,0.0192,0.145,0.6590909090909091,0.3409090909090909,0.625,1.0,1.0,0.5,0.6243194192377495,0.0
20260629_202157_89a44e2f,20260629_202157_89a44e2f_g0027,27,924657764,5,48,48,48,1,2,BLUE,champ_v3,1,1,[1],0,98,2,"{""1"": 103, ""2"": 98, ""3"": 69, ""4"": 76}",False,28.0,-29.0,1.0,43.0,25.0,0.0625,49.0,31.5,55.5,18.0,13.0,12.75,8.0,3.75,85.0,83.5,12.0,9.0,32.0,1.0,1.0,2.0,2.0,3.0,1.0,0.0,0.0,48.0,48.0,0.575,0.5714285714285714,0.0192,0.0192,0.14,0.6363636363636364,0.36363636363636365,0.7,1.0,1.0,0.475,0.5601503759398496,0.0
20260629_202157_89a44e2f,20260629_202157_89a44e2f_g0027,27,924657764,5,48,48,48,1,3,YELLOW,pool_heuristic,2,1,[1],0,69,4,"{""1"": 103, ""2"": 98, ""3"": 69, ""4"": 76}",False,21.0,-43.0,3.0,23.0,25.0,0.0625,29.0,22.75,29.0,18.0,7.0,3.0,1.0,0.0,105.0,50.0,12.0,9.0,30.0,1.0,1.0,2.0,4.0,1.0,0.0,0.0,1.0,48.0,48.0,0.575,0.5714285714285714,0.0192,0.0192,0.145,0.6590909090909091,0.3409090909090909,0.525,1.0,1.0,0.5333333333333333,0.43194192377495466,0.0
20260629_202157_89a44e2f,20260629_202157_89a44e2f_g0027,27,924657764,5,48,48,48,1,4,GREEN,pool_l45_100ms,3,1,[1],0,76,3,"{""1"": 103, ""2"": 98, ""3"": 69, ""4"": 76}",False,11.0,-63.0,4.0,10.0,25.0,0.0625,9.0,8.0,9.0,7.0,2.0,0.0,0.0,0.0,125.0,20.0,12.0,9.0,30.0,1.0,1.0,2.0,4.0,1.0,0.0,0.0,0.0,48.0,48.0,0.575,0.5714285714285714,0.0192,0.0192,0.145,0.6590909090909091,0.3409090909090909,0.275,0.8833333333333333,1.0,0.6166666666666667,0.4165154264972777,0.0
20260629_202157_89a44e2f,20260629_202157_89a44e2f_g0027,27,924657764,6,56,56,56,1,1,RED,pool_peer_500ms,0,1,[1],1,103,1,"{""1"": 103, ""2"": 98, ""3"": 69, ""4"": 76}",False,25.0,-28.0,0.0,55.0,34.0,0.085,33.0,23.75,37.25,16.0,8.0,6.75,4.0,2.5,41.0,62.25,14.0,7.0,22.0,1.0,1.0,2.0,2.0,1.0,0.0,0.0,0.0,56.0,56.0,0.635,0.6666666666666666,0.0224,0.0224,0.165,0.75,0.25,0.625,0.7833333333333333,1.0,0.4416666666666667,0.6084529505582137,0.0
20260629_202157_89a44e2f,20260629_202157_89a44e2f_g0027,27,924657764,6,56,56,56,1,2,BLUE,champ_v3,1,1,[1],0,98,2,"{""1"": 103, ""2"": 98, ""3"": 69, ""4"": 76}",False,26.0,-26.0,1.0,54.0,34.0,0.085,32.0,22.75,32.75,16.0,8.0,6.75,2.0,0.0,42.0,58.75,14.0,7.0,23.0,1.0,1.0,2.0,1.0,2.0,1.0,0.0,0.0,56.0,56.0,0.635,0.6666666666666666,0.0224,0.0224,0.1625,0.7386363636363636,0.26136363636363635,0.65,0.7,1.0,0.4333333333333333,0.5384615384615384,0.0
20260629_202157_89a44e2f,20260629_202157_89a44e2f_g0027,27,924657764,6,56,56,56,1,3,YELLOW,pool_heuristic,2,1,[1],0,69,4,"{""1"": 103, ""2"": 98, ""3"": 69, ""4"": 76}",False,17.0,-44.0,3.0,32.0,34.0,0.085,4.0,2.0,4.0,0.0,4.0,0.0,0.0,0.0,70.0,21.0,14.0,7.0,26.0,0.0,1.0,1.0,4.0,1.0,0.0,0.0,1.0,56.0,56.0,0.635,0.6666666666666666,0.0224,0.0224,0.155,0.7045454545454546,0.29545454545454547,0.425,0.7666666666666667,1.0,0.5083333333333333,0.42699490662139217,0.0
20260629_202157_89a44e2f,20260629_202157_89a44e2f_g0027,27,924657764,6,56,56,56,1,4,GREEN,pool_l45_100ms,3,1,[1],0,76,3,"{""1"": 103, ""2"": 98, ""3"": 69, ""4"": 76}",False,10.0,-58.0,4.0,13.0,34.0,0.085,5.0,2.0,7.25,0.0,0.0,2.25,5.0,0.0,69.0,17.25,14.0,7.0,27.0,0.0,0.0,2.0,4.0,1.0,0.0,0.0,0.0,56.0,56.0,0.635,0.6666666666666666,0.0224,0.0224,0.1525,0.6931818181818182,0.3068181818181818,0.25,0.9,1.0,0.5666666666666667,0.42795513373597927,0.0
20260629_202157_89a44e2f,20260629_202157_89a44e2f_g0027,27,924657764,7,64,64,66,3,1,RED,pool_peer_500ms,0,1,[1],1,103,1,"{""1"": 103, ""2"": 98, ""3"": 69, ""4"": 76}",False,24.0,-23.0,0.0,66.0,33.0,0.0825,8.0,3.5,8.0,0.0,5.0,3.0,0.0,0.0,14.0,32.0,17.0,4.0,12.0,0.0,1.0,2.0,1.0,0.0,0.0,0.0,0.0,64.0,66.0,0.7,0.8095238095238095,0.0264,0.0256,0.19,0.8636363636363636,0.13636363636363635,0.6,0.6,0.8,0.39166666666666666,0.5886426592797784,0.0
20260629_202157_89a44e2f,20260629_202157_89a44e2f_g0027,27,924657764,7,64,64,66,3,2,BLUE,champ_v3,1,1,[1],0,98,2,"{""1"": 103, ""2"": 98, ""3"": 69, ""4"": 76}",False,22.0,-27.0,1.0,63.0,33.0,0.0825,14.0,12.5,14.0,11.0,3.0,0.0,0.0,0.0,8.0,36.0,17.0,4.0,13.0,1.0,1.0,0.0,0.0,2.0,1.0,0.0,0.0,64.0,66.0,0.7,0.8095238095238095,0.0264,0.0256,0.1875,0.8522727272727273,0.14772727272727273,0.55,0.5333333333333333,1.0,0.4083333333333333,0.5101754385964912,0.0
20260629_202157_89a44e2f,20260629_202157_89a44e2f_g0027,27,924657764,7,64,64,66,3,3,YELLOW,pool_heuristic,2,1,[1],0,69,4,"{""1"": 103, ""2"": 98, ""3"": 69, ""4"": 76}",False,16.0,-39.0,3.0,48.0,33.0,0.0825,0.0,0.0,0.0,0.0,0.0,0.0,0.0,0.0,22.0,16.0,15.0,6.0,24.0,0.0,0.0,1.0,4.0,1.0,0.0,0.0,1.0,64.0,66.0,0.7,0.7142857142857143,0.0264,0.0256,0.16,0.7272727272727273,0.2727272727272727,0.4,0.45,1.0,0.4583333333333333,0.4276315789473685,0.0
20260629_202157_89a44e2f,20260629_202157_89a44e2f_g0027,27,924657764,7,64,64,66,3,4,GREEN,pool_l45_100ms,3,1,[1],0,76,3,"{""1"": 103, ""2"": 98, ""3"": 69, ""4"": 76}",False,9.0,-53.0,0.0,17.0,33.0,0.0825,0.0,0.0,0.0,0.0,0.0,0.0,0.0,0.0,22.0,9.0,15.0,6.0,23.0,0.0,0.0,2.0,3.0,1.0,0.0,0.0,0.0,64.0,66.0,0.7,0.7142857142857143,0.0264,0.0256,0.1625,0.7386363636363636,0.26136363636363635,0.225,0.65,1.0,0.5166666666666667,0.45668016194331984,0.0
20260629_202157_89a44e2f,20260629_202157_89a44e2f_g0028,28,1435546721,0,8,8,8,1,1,RED,champ_v3,0,4,[4],0,100,2,"{""1"": 100, ""2"": 81, ""3"": 57, ""4"": 101}",False,9.0,-14.0,9.0,0.0,0.0,0.0,543.0,122.625,488.75,9.0,15.0,41.25,153.5,270.0,1387.0,497.75,2.0,19.0,78.0,1.0,1.0,2.0,6.0,9.0,1.0,0.0,0.0,8.0,8.0,0.1,0.09523809523809523,0.0032,0.0032,0.025,0.11363636363636363,0.8863636363636364,0.225,1.0,1.0,0.19166666666666668,0.23684210526315785,0.0
20260629_202157_89a44e2f,20260629_202157_89a44e2f_g0028,28,1435546721,0,8,8,8,1,2,BLUE,pool_heuristic,1,4,[4],0,81,3,"{""1"": 100, ""2"": 81, ""3"": 57, ""4"": 101}",False,7.0,-18.0,9.0,0.0,0.0,0.0,480.0,122.125,499.0,7.0,13.0,38.25,154.5,286.25,1450.0,506.0,2.0,19.0,78.0,1.0,1.0,2.0,6.0,9.0,1.0,1.0,1.0,8.0,8.0,0.1,0.09523809523809523,0.0032,0.0032,0.025,0.11363636363636363,0.8863636363636364,0.175,1.0,1.0,0.20833333333333334,0.2578947368421053,0.0
20260629_202157_89a44e2f,20260629_202157_89a44e2f_g0028,28,1435546721,0,8,8,8,1,3,YELLOW,pool_l45_100ms,2,4,[4],0,57,4,"{""1"": 100, ""2"": 81, ""3"": 57, ""4"": 101}",False,7.0,-18.0,9.0,0.0,0.0,0.0,364.0,86.0,341.875,7.0,10.0,27.0,108.5,189.375,1566.0,348.875,2.0,19.0,78.0,1.0,1.0,2.0,6.0,9.0,1.0,1.0,0.0,8.0,8.0,0.1,0.09523809523809523,0.0032,0.0032,0.025,0.11363636363636363,0.8863636363636364,0.175,1.0,1.0,0.20833333333333334,0.17368421052631577,0.0
20260629_202157_89a44e2f,20260629_202157_89a44e2f_g0028,28,1435546721,0,8,8,8,1,4,GREEN,pool_peer_500ms,3,4,[4],1,101,1,"{""1"": 100, ""2"": 81, ""3"": 57, ""4"": 101}",False,9.0,-14.0,9.0,0.0,0.0,0.0,543.0,122.625,488.75,9.0,15.0,41.25,153.5,270.0,1387.0,497.75,2.0,19.0,78.0,1.0,1.0,2.0,6.0,9.0,1.0,0.0,0.0,8.0,8.0,0.1,0.09523809523809523,0.0032,0.0032,0.025,0.11363636363636363,0.8863636363636364,0.225,1.0,1.0,0.19166666666666668,0.23684210526315785,0.0
20260629_202157_89a44e2f,20260629_202157_89a44e2f_g0028,28,1435546721,1,16,16,16,1,1,RED,champ_v3,0,4,[4],0,100,2,"{""1"": 100, ""2"": 81, ""3"": 57, ""4"": 101}",False,16.0,-22.0,0.0,2.0,0.0,0.0,810.0,200.125,779.75,15.0,26.0,75.0,287.5,376.25,1663.0,795.75,4.0,17.0,68.0,1.0,1.0,2.0,6.0,7.0,1.0,0.0,0.0,16.0,16.0,0.2,0.19047619047619047,0.0064,0.0064,0.05,0.22727272727272727,0.7727272727272727,0.4,1.0,1.0,0.31666666666666665,0.49473684210526314,0.0
20260629_202157_89a44e2f,20260629_202157_89a44e2f_g0028,28,1435546721,1,16,16,16,1,2,BLUE,pool_heuristic,1,4,[4],0,81,3,"{""1"": 100, ""2"": 81, ""3"": 57, ""4"": 101}",False,11.0,-32.0,4.0,0.0,0.0,0.0,471.0,130.875,505.625,11.0,17.0,48.0,189.0,240.625,2002.0,516.625,4.0,17.0,68.0,1.0,1.0,2.0,6.0,7.0,1.0,1.0,1.0,16.0,16.0,0.2,0.19047619047619047,0.0064,0.0064,0.05,0.22727272727272727,0.7727272727272727,0.275,1.0,1.0,0.35833333333333334,0.43157894736842106,0.0
20260629_202157_89a44e2f,20260629_202157_89a44e2f_g0028,28,1435546721,1,16,16,16,1,3,YELLOW,pool_l45_100ms,2,4,[4],0,57,4,"{""1"": 100, ""2"": 81, ""3"": 57, ""4"": 101}",False,11.0,-32.0,5.0,0.0,0.0,0.0,397.0,96.875,360.0,11.0,15.0,36.0,135.5,162.5,2076.0,371.0,4.0,17.0,68.0,1.0,1.0,2.0,6.0,7.0,1.0,0.0,0.0,16.0,16.0,0.2,0.19047619047619047,0.0064,0.0064,0.05,0.22727272727272727,0.7727272727272727,0.275,1.0,1.0,0.35833333333333334,0.3526315789473684,0.0
20260629_202157_89a44e2f,20260629_202157_89a44e2f_g0028,28,1435546721,1,16,16,16,1,4,GREEN,pool_peer_500ms,3,4,[4],1,101,1,"{""1"": 100, ""2"": 81, ""3"": 57, ""4"": 101}",False,16.0,-22.0,0.0,2.0,0.0,0.0,795.0,199.0,769.0,16.0,27.0,76.5,282.0,367.5,1678.0,785.0,4.0,17.0,68.0,1.0,1.0,2.0,6.0,7.0,1.0,0.0,0.0,16.0,16.0,0.2,0.19047619047619047,0.0064,0.0064,0.05,0.22727272727272727,0.7727272727272727,0.4,1.0,1.0,0.31666666666666665,0.49473684210526314,0.0
20260629_202157_89a44e2f,20260629_202157_89a44e2f_g0028,28,1435546721,2,24,24,24,1,1,RED,champ_v3,0,4,[4],0,100,2,"{""1"": 100, ""2"": 81, ""3"": 57, ""4"": 101}",False,21.0,-32.0,0.0,7.0,4.0,0.01,370.0,115.0,387.125,19.0,26.0,50.25,157.5,134.375,959.0,408.125,6.0,15.0,58.0,1.0,1.0,2.0,6.0,5.0,1.0,0.0,0.0,24.0,24.0,0.3,0.2857142857142857,0.0096,0.0096,0.075,0.3409090909090909,0.6590909090909091,0.525,1.0,1.0,0.4416666666666667,0.6017543859649124,0.0
20260629_202157_89a44e2f,20260629_202157_89a44e2f_g0028,28,1435546721,2,24,24,24,1,2,BLUE,pool_heuristic,1,4,[4],0,81,3,"{""1"": 100, ""2"": 81, ""3"": 57, ""4"": 101}",False,17.0,-40.0,4.0,4.0,4.0,0.01,323.0,101.875,351.5,15.0,20.0,46.5,147.5,122.5,1006.0,368.5,6.0,15.0,58.0,1.0,1.0,2.0,6.0,5.0,1.0,1.0,1.0,24.0,24.0,0.3,0.2857142857142857,0.0096,0.0096,0.075,0.3409090909090909,0.6590909090909091,0.425,1.0,1.0,0.475,0.47192982456140353,0.0
20260629_202157_89a44e2f,20260629_202157_89a44e2f_g0028,28,1435546721,2,24,24,24,1,3,YELLOW,pool_l45_100ms,2,4,[4],0,57,4,"{""1"": 100, ""2"": 81, ""3"": 57, ""4"": 101}",False,15.0,-44.0,3.0,2.0,4.0,0.01,155.0,49.875,144.75,14.0,14.0,21.0,54.5,41.25,1174.0,159.75,6.0,15.0,58.0,1.0,1.0,2.0,6.0,5.0,0.0,0.0,0.0,24.0,24.0,0.3,0.2857142857142857,0.0096,0.0096,0.075,0.3409090909090909,0.6590909090909091,0.375,1.0,1.0,0.4916666666666667,0.44561403508771935,0.0
20260629_202157_89a44e2f,20260629_202157_89a44e2f_g0028,28,1435546721,2,24,24,24,1,4,GREEN,pool_peer_500ms,3,4,[4],1,101,1,"{""1"": 100, ""2"": 81, ""3"": 57, ""4"": 101}",False,21.0,-32.0,0.0,12.0,4.0,0.01,481.0,133.625,473.625,17.0,25.0,60.75,194.0,176.875,848.0,494.625,6.0,15.0,58.0,1.0,1.0,2.0,6.0,5.0,0.0,0.0,0.0,24.0,24.0,0.3,0.2857142857142857,0.0096,0.0096,0.075,0.3409090909090909,0.6590909090909091,0.525,1.0,1.0,0.4416666666666667,0.5719298245614035,0.0
20260629_202157_89a44e2f,20260629_202157_89a44e2f_g0028,28,1435546721,3,32,32,32,1,1,RED,champ_v3,0,4,[4],0,100,2,"{""1"": 100, ""2"": 81, ""3"": 57, ""4"": 101}",False,27.0,-34.0,0.0,17.0,8.0,0.02,198.0,73.625,205.5,21.0,23.0,37.5,76.5,47.5,479.0,232.5,8.0,13.0,49.0,1.0,1.0,2.0,5.0,4.0,1.0,0.0,0.0,32.0,32.0,0.3975,0.38095238095238093,0.0128,0.0128,0.0975,0.4431818181818182,0.5568181818181818,0.675,1.0,1.0,0.5083333333333333,0.6180836707152497,0.0
20260629_202157_89a44e2f,20260629_202157_89a44e2f_g0028,28,1435546721,3,32,32,32,1,2,BLUE,pool_heuristic,1,4,[4],0,81,3,"{""1"": 100, ""2"": 81, ""3"": 57, ""4"": 101}",False,21.0,-46.0,4.0,5.0,8.0,0.02,218.0,78.0,228.875,19.0,20.0,41.25,110.5,38.125,459.0,249.875,8.0,13.0,48.0,1.0,1.0,2.0,6.0,3.0,1.0,0.0,1.0,32.0,32.0,0.3975,0.38095238095238093,0.0128,0.0128,0.1,0.45454545454545453,0.5454545454545454,0.525,1.0,1.0,0.5583333333333333,0.44342105263157894,0.0
20260629_202157_89a44e2f,20260629_202157_89a44e2f_g0028,28,1435546721,3,32,32,32,1,3,YELLOW,pool_l45_100ms,2,4,[4],0,57,4,"{""1"": 100, ""2"": 81, ""3"": 57, ""4"": 101}",False,15.0,-58.0,3.0,3.0,8.0,0.02,68.0,31.5,70.375,14.0,12.0,10.5,24.5,9.375,609.0,85.375,8.0,13.0,48.0,1.0,1.0,2.0,6.0,3.0,0.0,0.0,0.0,32.0,32.0,0.3975,0.38095238095238093,0.0128,0.0128,0.1,0.45454545454545453,0.5454545454545454,0.375,1.0,1.0,0.6083333333333333,0.43157894736842106,0.0
20260629_202157_89a44e2f,20260629_202157_89a44e2f_g0028,28,1435546721,3,32,32,32,1,4,GREEN,pool_peer_500ms,3,4,[4],1,101,1,"{""1"": 100, ""2"": 81, ""3"": 57, ""4"": 101}",False,25.0,-38.0,0.0,21.0,8.0,0.02,193.0,64.25,189.625,15.0,17.0,35.25,90.5,31.875,484.0,214.625,8.0,13.0,48.0,1.0,1.0,2.0,6.0,3.0,0.0,0.0,0.0,32.0,32.0,0.3975,0.38095238095238093,0.0128,0.0128,0.1,0.45454545454545453,0.5454545454545454,0.625,1.0,1.0,0.525,0.5881578947368421,0.0
20260629_202157_89a44e2f,20260629_202157_89a44e2f_g0028,28,1435546721,4,40,40,40,1,1,RED,champ_v3,0,4,[4],0,100,2,"{""1"": 100, ""2"": 81, ""3"": 57, ""4"": 101}",False,29.0,-28.0,0.0,31.0,16.0,0.04,112.0,52.75,136.5,19.0,19.0,13.5,55.0,30.0,260.0,165.5,10.0,11.0,42.0,1.0,1.0,1.0,4.0,4.0,1.0,0.0,0.0,40.0,40.0,0.485,0.47619047619047616,0.016,0.016,0.115,0.5227272727272727,0.4772727272727273,0.725,1.0,1.0,0.475,0.6075514874141876,0.0
20260629_202157_89a44e2f,20260629_202157_89a44e2f_g0028,28,1435546721,4,40,40,40,1,2,BLUE,pool_heuristic,1,4,[4],0,81,3,"{""1"": 100, ""2"": 81, ""3"": 57, ""4"": 101}",False,19.0,-48.0,2.0,17.0,16.0,0.04,79.0,36.0,83.25,15.0,10.0,17.25,41.0,0.0,293.0,102.25,10.0,11.0,38.0,1.0,1.0,2.0,6.0,1.0,0.0,0.0,1.0,40.0,40.0,0.485,0.47619047619047616,0.016,0.016,0.125,0.5681818181818182,0.4318181818181818,0.475,1.0,1.0,0.5583333333333333,0.4747368421052631,0.0
20260629_202157_89a44e2f,20260629_202157_89a44e2f_g0028,28,1435546721,4,40,40,40,1,3,YELLOW,pool_l45_100ms,2,4,[4],0,57,4,"{""1"": 100, ""2"": 81, ""3"": 57, ""4"": 101}",False,10.0,-66.0,3.0,7.0,16.0,0.04,14.0,11.5,14.0,9.0,5.0,0.0,0.0,0.0,358.0,24.0,10.0,11.0,39.0,1.0,1.0,2.0,5.0,2.0,0.0,0.0,0.0,40.0,40.0,0.485,0.47619047619047616,0.016,0.016,0.1225,0.5568181818181818,0.4431818181818182,0.25,0.8333333333333334,1.0,0.6333333333333333,0.4167561761546724,0.0
20260629_202157_89a44e2f,20260629_202157_89a44e2f_g0028,28,1435546721,4,40,40,40,1,4,GREEN,pool_peer_500ms,3,4,[4],1,101,1,"{""1"": 100, ""2"": 81, ""3"": 57, ""4"": 101}",False,28.0,-30.0,0.0,32.0,16.0,0.04,167.0,64.75,174.75,18.0,20.0,39.0,84.0,13.75,205.0,202.75,10.0,11.0,39.0,1.0,1.0,2.0,5.0,2.0,0.0,0.0,0.0,40.0,40.0,0.485,0.47619047619047616,0.016,0.016,0.1225,0.5568181818181818,0.4431818181818182,0.7,1.0,1.0,0.4833333333333333,0.5918367346938775,0.0
20260629_202157_89a44e2f,20260629_202157_89a44e2f_g0028,28,1435546721,5,48,48,48,1,1,RED,champ_v3,0,4,[4],0,100,2,"{""1"": 100, ""2"": 81, ""3"": 57, ""4"": 101}",False,29.0,-28.0,0.0,42.0,19.0,0.0475,62.0,31.5,71.0,15.0,11.0,9.0,16.0,20.0,158.0,100.0,12.0,9.0,34.0,1.0,1.0,1.0,2.0,4.0,1.0,0.0,0.0,48.0,48.0,0.5525,0.5714285714285714,0.0192,0.0192,0.135,0.6136363636363636,0.38636363636363635,0.725,1.0,1.0,0.475,0.6062378167641325,0.0
20260629_202157_89a44e2f,20260629_202157_89a44e2f_g0028,28,1435546721,5,48,48,48,1,2,BLUE,pool_heuristic,1,4,[4],0,81,3,"{""1"": 100, ""2"": 81, ""3"": 57, ""4"": 101}",False,18.0,-50.0,2.0,38.0,19.0,0.0475,31.0,20.5,35.5,13.0,5.0,7.5,10.0,0.0,189.0,53.5,12.0,9.0,30.0,1.0,1.0,2.0,4.0,1.0,0.0,0.0,1.0,48.0,48.0,0.5525,0.5714285714285714,0.0192,0.0192,0.145,0.6590909090909091,0.3409090909090909,0.45,1.0,1.0,0.5666666666666667,0.4727767695099818,0.0
20260629_202157_89a44e2f,20260629_202157_89a44e2f_g0028,28,1435546721,5,48,48,48,1,3,YELLOW,pool_l45_100ms,2,4,[4],0,57,4,"{""1"": 100, ""2"": 81, ""3"": 57, ""4"": 101}",False,7.0,-72.0,3.0,14.0,19.0,0.0475,0.0,0.0,0.0,0.0,0.0,0.0,0.0,0.0,220.0,7.0,12.0,9.0,36.0,0.0,0.0,2.0,5.0,2.0,0.0,0.0,0.0,48.0,48.0,0.5525,0.5714285714285714,0.0192,0.0192,0.13,0.5909090909090909,0.4090909090909091,0.175,0.6833333333333333,1.0,0.6583333333333333,0.43724696356275305,0.0
20260629_202157_89a44e2f,20260629_202157_89a44e2f_g0028,28,1435546721,5,48,48,48,1,4,GREEN,pool_peer_500ms,3,4,[4],1,101,1,"{""1"": 100, ""2"": 81, ""3"": 57, ""4"": 101}",False,32.0,-22.0,0.0,39.0,19.0,0.0475,127.0,57.875,144.5,21.0,20.0,18.0,75.5,10.0,93.0,176.5,12.0,9.0,31.0,1.0,1.0,1.0,5.0,1.0,0.0,0.0,0.0,48.0,48.0,0.5525,0.5714285714285714,0.0192,0.0192,0.1425,0.6477272727272727,0.3522727272727273,0.8,1.0,1.0,0.45,0.5854108956602031,0.0
20260629_202157_89a44e2f,20260629_202157_89a44e2f_g0028,28,1435546721,6,56,56,58,3,1,RED,champ_v3,0,4,[4],0,100,2,"{""1"": 100, ""2"": 81, ""3"": 57, ""4"": 101}",False,26.0,-28.0,0.0,47.0,57.0,0.1425,25.0,19.25,26.25,14.0,8.0,3.0,0.0,1.25,42.0,52.25,15.0,6.0,20.0,1.0,1.0,1.0,1.0,2.0,1.0,0.0,0.0,56.0,58.0,0.64,0.7142857142857143,0.0232,0.0224,0.17,0.7727272727272727,0.22727272727272727,0.65,1.0,1.0,0.45,0.565015479876161,0.0
20260629_202157_89a44e2f,20260629_202157_89a44e2f_g0028,28,1435546721,6,56,56,58,3,2,BLUE,pool_heuristic,1,4,[4],0,81,3,"{""1"": 100, ""2"": 81, ""3"": 57, ""4"": 101}",False,16.0,-48.0,2.0,46.0,57.0,0.1425,13.0,11.5,13.5,10.0,2.0,1.5,0.0,0.0,54.0,29.5,15.0,6.0,18.0,1.0,1.0,2.0,1.0,1.0,0.0,0.0,1.0,56.0,58.0,0.64,0.7142857142857143,0.0232,0.0224,0.175,0.7954545454545454,0.20454545454545456,0.4,0.95,1.0,0.5333333333333333,0.4736842105263158,0.0
20260629_202157_89a44e2f,20260629_202157_89a44e2f_g0028,28,1435546721,6,56,56,58,3,3,YELLOW,pool_l45_100ms,2,4,[4],0,57,4,"{""1"": 100, ""2"": 81, ""3"": 57, ""4"": 101}",False,7.0,-66.0,3.0,20.0,57.0,0.1425,0.0,0.0,0.0,0.0,0.0,0.0,0.0,0.0,67.0,7.0,12.0,9.0,36.0,0.0,0.0,2.0,5.0,2.0,0.0,0.0,0.0,56.0,58.0,0.64,0.5714285714285714,0.0232,0.0224,0.13,0.5909090909090909,0.4090909090909091,0.175,0.5666666666666667,1.0,0.6083333333333333,0.43724696356275305,0.0
20260629_202157_89a44e2f,20260629_202157_89a44e2f_g0028,28,1435546721,6,56,56,58,3,4,GREEN,pool_peer_500ms,3,4,[4],1,101,1,"{""1"": 100, ""2"": 81, ""3"": 57, ""4"": 101}",False,31.0,-18.0,0.0,49.0,57.0,0.1425,29.0,21.25,31.0,15.0,8.0,3.0,5.0,0.0,38.0,62.0,14.0,7.0,22.0,1.0,1.0,1.0,4.0,0.0,0.0,0.0,0.0,56.0,58.0,0.64,0.6666666666666666,0.0232,0.0224,0.165,0.75,0.25,0.775,0.9833333333333333,0.8,0.4083333333333333,0.5470494417862839,0.0
20260629_202157_89a44e2f,20260629_202157_89a44e2f_g0028,28,1435546721,7,64,64,69,2,1,RED,champ_v3,0,4,[4],0,100,2,"{""1"": 100, ""2"": 81, ""3"": 57, ""4"": 101}",False,21.0,-31.0,0.0,54.0,57.0,0.1425,4.0,2.0,4.0,0.0,4.0,0.0,0.0,0.0,11.0,25.0,18.0,3.0,11.0,0.0,1.0,0.0,1.0,1.0,0.0,0.0,0.0,64.0,69.0,0.6925,0.8571428571428571,0.0276,0.0256,0.1925,0.875,0.125,0.525,0.6666666666666666,1.0,0.4333333333333333,0.5379357484620643,0.0
20260629_202157_89a44e2f,20260629_202157_89a44e2f_g0028,28,1435546721,7,64,64,69,2,2,BLUE,pool_heuristic,1,4,[4],0,81,3,"{""1"": 100, ""2"": 81, ""3"": 57, ""4"": 101}",False,15.0,-43.0,2.0,54.0,57.0,0.1425,1.0,0.5,1.0,0.0,1.0,0.0,0.0,0.0,14.0,16.0,17.0,4.0,14.0,0.0,1.0,1.0,1.0,1.0,0.0,0.0,1.0,64.0,69.0,0.6925,0.8095238095238095,0.0276,0.0256,0.185,0.8409090909090909,0.1590909090909091,0.375,0.7333333333333333,1.0,0.4833333333333333,0.4765291607396871,0.0
20260629_202157_89a44e2f,20260629_202157_89a44e2f_g0028,28,1435546721,7,64,64,69,2,3,YELLOW,pool_l45_100ms,2,4,[4],0,57,4,"{""1"": 100, ""2"": 81, ""3"": 57, ""4"": 101}",False,7.0,-59.0,3.0,29.0,57.0,0.1425,0.0,0.0,0.0,0.0,0.0,0.0,0.0,0.0,15.0,7.0,12.0,9.0,36.0,0.0,0.0,2.0,5.0,2.0,0.0,0.0,0.0,64.0,69.0,0.6925,0.5714285714285714,0.0276,0.0256,0.13,0.5909090909090909,0.4090909090909091,0.175,0.4166666666666667,1.0,0.55,0.43724696356275305,0.0
20260629_202157_89a44e2f,20260629_202157_89a44e2f_g0028,28,1435546721,7,64,64,69,2,4,GREEN,pool_peer_500ms,3,4,[4],1,101,1,"{""1"": 100, ""2"": 81, ""3"": 57, ""4"": 101}",False,30.0,-13.0,0.0,56.0,57.0,0.1425,10.0,5.0,13.0,0.0,7.0,0.0,6.0,0.0,5.0,43.0,17.0,4.0,14.0,0.0,1.0,0.0,3.0,0.0,0.0,0.0,0.0,64.0,69.0,0.6925,0.8095238095238095,0.0276,0.0256,0.185,0.8409090909090909,0.1590909090909091,0.75,1.0,0.8,0.35833333333333334,0.5213371266002844,0.0
20260629_202157_89a44e2f,20260629_202157_89a44e2f_g0029,29,1826324622,0,8,8,8,1,1,RED,pool_heuristic,0,3,[3],0,86,3,"{""1"": 86, ""2"": 74, ""3"": 92, ""4"": 89}",False,8.0,-15.0,9.0,0.0,3.0,0.0075,514.0,120.0,482.5,8.0,14.0,39.75,152.0,268.75,1413.0,490.5,2.0,19.0,78.0,1.0,1.0,2.0,6.0,9.0,1.0,0.0,1.0,8.0,8.0,0.1,0.09523809523809523,0.0032,0.0032,0.025,0.11363636363636363,0.8863636363636364,0.2,1.0,1.0,0.19166666666666668,0.25263157894736843,0.0
20260629_202157_89a44e2f,20260629_202157_89a44e2f_g0029,29,1826324622,0,8,8,8,1,2,BLUE,pool_l45_100ms,1,3,[3],0,74,4,"{""1"": 86, ""2"": 74, ""3"": 92, ""4"": 89}",False,5.0,-21.0,9.0,0.0,3.0,0.0075,327.0,76.25,309.5,5.0,8.0,24.0,95.0,177.5,1600.0,314.5,2.0,19.0,78.0,1.0,1.0,2.0,6.0,9.0,1.0,1.0,0.0,8.0,8.0,0.1,0.09523809523809523,0.0032,0.0032,0.025,0.11363636363636363,0.8863636363636364,0.125,1.0,1.0,0.21666666666666665,0.15263157894736834,0.0
20260629_202157_89a44e2f,20260629_202157_89a44e2f_g0029,29,1826324622,0,8,8,8,1,3,YELLOW,pool_peer_500ms,2,3,[3],1,92,1,"{""1"": 86, ""2"": 74, ""3"": 92, ""4"": 89}",False,9.0,-13.0,9.0,0.0,3.0,0.0075,543.0,122.625,488.75,9.0,15.0,41.25,153.5,270.0,1384.0,497.75,2.0,19.0,78.0,1.0,1.0,2.0,6.0,9.0,1.0,0.0,0.0,8.0,8.0,0.1,0.09523809523809523,0.0032,0.0032,0.025,0.11363636363636363,0.8863636363636364,0.225,1.0,1.0,0.18333333333333332,0.23684210526315785,0.0
20260629_202157_89a44e2f,20260629_202157_89a44e2f_g0029,29,1826324622,0,8,8,8,1,4,GREEN,champ_v3,3,3,[3],0,89,2,"{""1"": 86, ""2"": 74, ""3"": 92, ""4"": 89}",False,9.0,-13.0,9.0,0.0,3.0,0.0075,543.0,122.625,488.75,9.0,15.0,41.25,153.5,270.0,1384.0,497.75,2.0,19.0,78.0,1.0,1.0,2.0,6.0,9.0,1.0,0.0,0.0,8.0,8.0,0.1,0.09523809523809523,0.0032,0.0032,0.025,0.11363636363636363,0.8863636363636364,0.225,1.0,1.0,0.18333333333333332,0.23684210526315785,0.0
20260629_202157_89a44e2f,20260629_202157_89a44e2f_g0029,29,1826324622,1,16,16,16,1,1,RED,pool_heuristic,0,3,[3],0,86,3,"{""1"": 86, ""2"": 74, ""3"": 92, ""4"": 89}",False,15.0,-25.0,3.0,0.0,3.0,0.0075,663.0,166.375,636.375,15.0,23.0,63.75,234.0,300.625,2015.0,651.375,4.0,17.0,68.0,1.0,1.0,2.0,6.0,7.0,0.0,0.0,1.0,16.0,16.0,0.2,0.19047619047619047,0.0064,0.0064,0.05,0.22727272727272727,0.7727272727272727,0.375,1.0,1.0,0.33333333333333337,0.46578947368421053,0.0
20260629_202157_89a44e2f,20260629_202157_89a44e2f_g0029,29,1826324622,1,16,16,16,1,2,BLUE,pool_l45_100ms,1,3,[3],0,74,4,"{""1"": 86, ""2"": 74, ""3"": 92, ""4"": 89}",False,9.0,-37.0,6.0,0.0,3.0,0.0075,525.0,122.0,475.625,9.0,16.0,45.0,177.5,228.125,2153.0,484.625,4.0,17.0,68.0,1.0,1.0,2.0,6.0,7.0,1.0,0.0,0.0,16.0,16.0,0.2,0.19047619047619047,0.0064,0.0064,0.05,0.22727272727272727,0.7727272727272727,0.225,1.0,1.0,0.38333333333333336,0.3263157894736842,0.0
20260629_202157_89a44e2f,20260629_202157_89a44e2f_g0029,29,1826324622,1,16,16,16,1,3,YELLOW,pool_peer_500ms,2,3,[3],1,92,1,"{""1"": 86, ""2"": 74, ""3"": 92, ""4"": 89}",False,16.0,-23.0,0.0,3.0,3.0,0.0075,811.0,201.75,785.5,15.0,27.0,76.5,287.0,380.0,1867.0,801.5,4.0,17.0,68.0,1.0,1.0,2.0,6.0,7.0,1.0,0.0,0.0,16.0,16.0,0.2,0.19047619047619047,0.0064,0.0064,0.05,0.22727272727272727,0.7727272727272727,0.4,1.0,1.0,0.325,0.49473684210526314,0.0
20260629_202157_89a44e2f,20260629_202157_89a44e2f_g0029,29,1826324622,1,16,16,16,1,4,GREEN,champ_v3,3,3,[3],0,89,2,"{""1"": 86, ""2"": 74, ""3"": 92, ""4"": 89}",False,15.0,-25.0,1.0,3.0,3.0,0.0075,679.0,171.625,654.375,15.0,26.0,67.5,239.0,306.875,1999.0,669.375,4.0,17.0,68.0,1.0,1.0,2.0,6.0,7.0,1.0,0.0,0.0,16.0,16.0,0.2,0.19047619047619047,0.0064,0.0064,0.05,0.22727272727272727,0.7727272727272727,0.375,1.0,1.0,0.33333333333333337,0.4894736842105264,0.0
20260629_202157_89a44e2f,20260629_202157_89a44e2f_g0029,29,1826324622,2,24,24,24,1,1,RED,pool_heuristic,0,3,[3],0,86,3,"{""1"": 86, ""2"": 74, ""3"": 92, ""4"": 89}",False,21.0,-30.0,1.0,6.0,5.0,0.0125,541.0,149.125,532.0,18.0,27.0,66.75,226.5,193.75,1106.0,553.0,6.0,15.0,58.0,1.0,1.0,2.0,6.0,5.0,0.0,0.0,1.0,24.0,24.0,0.3,0.2857142857142857,0.0096,0.0096,0.075,0.3409090909090909,0.6590909090909091,0.525,1.0,1.0,0.425,0.5561403508771929,0.0
20260629_202157_89a44e2f,20260629_202157_89a44e2f_g0029,29,1826324622,2,24,24,24,1,2,BLUE,pool_l45_100ms,1,3,[3],0,74,4,"{""1"": 86, ""2"": 74, ""3"": 92, ""4"": 89}",False,12.0,-48.0,6.0,1.0,5.0,0.0125,132.0,42.875,122.75,12.0,12.0,19.5,50.5,28.75,1515.0,134.75,6.0,15.0,58.0,1.0,1.0,2.0,6.0,5.0,0.0,0.0,0.0,24.0,24.0,0.3,0.2857142857142857,0.0096,0.0096,0.075,0.3409090909090909,0.6590909090909091,0.3,1.0,1.0,0.5,0.38596491228070173,0.0
20260629_202157_89a44e2f,20260629_202157_89a44e2f_g0029,29,1826324622,2,24,24,24,1,3,YELLOW,pool_peer_500ms,2,3,[3],1,92,1,"{""1"": 86, ""2"": 74, ""3"": 92, ""4"": 89}",False,19.0,-34.0,0.0,13.0,5.0,0.0125,493.0,136.375,483.625,17.0,25.0,60.75,209.0,171.875,1154.0,502.625,6.0,15.0,58.0,1.0,1.0,2.0,6.0,5.0,0.0,0.0,0.0,24.0,24.0,0.3,0.2857142857142857,0.0096,0.0096,0.075,0.3409090909090909,0.6590909090909091,0.475,1.0,1.0,0.4416666666666667,0.6000000000000001,0.0
20260629_202157_89a44e2f,20260629_202157_89a44e2f_g0029,29,1826324622,2,24,24,24,1,4,GREEN,champ_v3,3,3,[3],0,89,2,"{""1"": 86, ""2"": 74, ""3"": 92, ""4"": 89}",False,20.0,-32.0,0.0,12.0,5.0,0.0125,481.0,143.125,502.375,19.0,28.0,62.25,215.0,178.125,1166.0,522.375,6.0,15.0,58.0,1.0,1.0,2.0,6.0,5.0,1.0,0.0,0.0,24.0,24.0,0.3,0.2857142857142857,0.0096,0.0096,0.075,0.3409090909090909,0.6590909090909091,0.5,1.0,1.0,0.4333333333333333,0.5929824561403509,0.0
20260629_202157_89a44e2f,20260629_202157_89a44e2f_g0029,29,1826324622,3,32,32,32,1,1,RED,pool_heuristic,0,3,[3],0,86,3,"{""1"": 86, ""2"": 74, ""3"": 92, ""4"": 89}",False,26.0,-33.0,1.0,21.0,18.0,0.045,238.0,81.5,256.5,15.0,19.0,45.75,128.0,48.75,840.0,282.5,8.0,13.0,48.0,1.0,1.0,2.0,6.0,3.0,0.0,0.0,1.0,32.0,32.0,0.3975,0.38095238095238093,0.0128,0.0128,0.1,0.45454545454545453,0.5454545454545454,0.65,1.0,1.0,0.4916666666666667,0.5565789473684211,0.0
20260629_202157_89a44e2f,20260629_202157_89a44e2f_g0029,29,1826324622,3,32,32,32,1,2,BLUE,pool_l45_100ms,1,3,[3],0,74,4,"{""1"": 86, ""2"": 74, ""3"": 92, ""4"": 89}",False,11.0,-63.0,5.0,3.0,18.0,0.045,86.0,32.75,86.875,11.0,9.0,15.0,37.5,14.375,992.0,97.875,8.0,13.0,48.0,1.0,1.0,2.0,6.0,3.0,0.0,0.0,0.0,32.0,32.0,0.3975,0.38095238095238093,0.0128,0.0128,0.1,0.45454545454545453,0.5454545454545454,0.275,1.0,1.0,0.6166666666666667,0.40921052631578947,0.0
20260629_202157_89a44e2f,20260629_202157_89a44e2f_g0029,29,1826324622,3,32,32,32,1,3,YELLOW,pool_peer_500ms,2,3,[3],1,92,1,"{""1"": 86, ""2"": 74, ""3"": 92, ""4"": 89}",False,24.0,-37.0,0.0,24.0,18.0,0.045,418.0,125.25,414.0,19.0,27.0,62.25,217.0,88.75,660.0,438.0,8.0,13.0,48.0,1.0,1.0,2.0,6.0,3.0,0.0,0.0,0.0,32.0,32.0,0.3975,0.38095238095238093,0.0128,0.0128,0.1,0.45454545454545453,0.5454545454545454,0.6,1.0,1.0,0.5083333333333333,0.5921052631578947,0.0
20260629_202157_89a44e2f,20260629_202157_89a44e2f_g0029,29,1826324622,3,32,32,32,1,4,GREEN,champ_v3,3,3,[3],0,89,2,"{""1"": 86, ""2"": 74, ""3"": 92, ""4"": 89}",False,24.0,-37.0,0.0,19.0,18.0,0.045,336.0,109.625,347.0,22.0,28.0,53.25,142.5,101.25,742.0,371.0,8.0,13.0,49.0,1.0,1.0,2.0,5.0,4.0,0.0,0.0,0.0,32.0,32.0,0.3975,0.38095238095238093,0.0128,0.0128,0.0975,0.4431818181818182,0.5568181818181818,0.6,1.0,1.0,0.5083333333333333,0.5991902834008098,0.0
20260629_202157_89a44e2f,20260629_202157_89a44e2f_g0029,29,1826324622,4,40,40,40,1,1,RED,pool_heuristic,0,3,[3],0,86,3,"{""1"": 86, ""2"": 74, ""3"": 92, ""4"": 89}",False,31.0,-38.0,1.0,34.0,21.0,0.0525,106.0,46.0,114.5,16.0,14.0,27.0,50.0,7.5,462.0,145.5,10.0,11.0,38.0,1.0,1.0,2.0,6.0,1.0,0.0,0.0,0.0,40.0,40.0,0.49,0.47619047619047616,0.016,0.016,0.125,0.5681818181818182,0.4318181818181818,0.775,1.0,1.0,0.575,0.5084210526315789,0.0
20260629_202157_89a44e2f,20260629_202157_89a44e2f_g0029,29,1826324622,4,40,40,40,1,2,BLUE,pool_l45_100ms,1,3,[3],0,74,4,"{""1"": 86, ""2"": 74, ""3"": 92, ""4"": 89}",False,13.0,-74.0,5.0,8.0,21.0,0.0525,98.0,38.875,99.125,13.0,12.0,19.5,49.0,5.625,470.0,112.125,10.0,11.0,38.0,1.0,1.0,2.0,6.0,1.0,0.0,0.0,0.0,40.0,40.0,0.49,0.47619047619047616,0.016,0.016,0.125,0.5681818181818182,0.4318181818181818,0.325,1.0,1.0,0.725,0.39578947368421047,0.0
20260629_202157_89a44e2f,20260629_202157_89a44e2f_g0029,29,1826324622,4,40,40,40,1,3,YELLOW,pool_peer_500ms,2,3,[3],1,92,1,"{""1"": 86, ""2"": 74, ""3"": 92, ""4"": 89}",False,28.0,-44.0,0.0,31.0,21.0,0.0525,207.0,78.75,220.5,21.0,22.0,43.5,109.0,25.0,361.0,248.5,10.0,11.0,39.0,1.0,1.0,2.0,5.0,2.0,0.0,0.0,0.0,40.0,40.0,0.49,0.47619047619047616,0.016,0.016,0.1225,0.5568181818181818,0.4431818181818182,0.7,1.0,1.0,0.6,0.5853920515574651,0.0
20260629_202157_89a44e2f,20260629_202157_89a44e2f_g0029,29,1826324622,4,40,40,40,1,4,GREEN,champ_v3,3,3,[3],0,89,2,"{""1"": 86, ""2"": 74, ""3"": 92, ""4"": 89}",False,28.0,-44.0,0.0,26.0,21.0,0.0525,157.0,63.125,167.75,22.0,21.0,15.0,73.5,36.25,411.0,195.75,10.0,11.0,41.0,1.0,1.0,1.0,5.0,3.0,0.0,0.0,0.0,40.0,40.0,0.49,0.47619047619047616,0.016,0.016,0.1175,0.5340909090909091,0.4659090909090909,0.7,1.0,1.0,0.6,0.5979843225083987,0.0
20260629_202157_89a44e2f,20260629_202157_89a44e2f_g0029,29,1826324622,5,48,48,48,1,1,RED,pool_heuristic,0,3,[3],0,86,3,"{""1"": 86, ""2"": 74, ""3"": 92, ""4"": 89}",False,31.0,-33.0,1.0,41.0,34.0,0.085,58.0,30.0,61.75,15.0,10.0,14.25,15.0,7.5,147.0,92.75,12.0,9.0,30.0,1.0,1.0,2.0,4.0,1.0,0.0,0.0,0.0,48.0,48.0,0.58,0.5714285714285714,0.0192,0.0192,0.145,0.6590909090909091,0.3409090909090909,0.775,1.0,1.0,0.5333333333333333,0.5136116152450091,0.0
20260629_202157_89a44e2f,20260629_202157_89a44e2f_g0029,29,1826324622,5,48,48,48,1,2,BLUE,pool_l45_100ms,1,3,[3],0,74,4,"{""1"": 86, ""2"": 74, ""3"": 92, ""4"": 89}",False,11.0,-73.0,3.0,12.0,34.0,0.085,22.0,14.5,21.75,10.0,5.0,3.75,3.0,0.0,183.0,32.75,12.0,9.0,29.0,1.0,1.0,2.0,5.0,0.0,0.0,0.0,0.0,48.0,48.0,0.58,0.5714285714285714,0.0192,0.0192,0.1475,0.6704545454545454,0.32954545454545453,0.275,1.0,0.8,0.7,0.42908117752007136,0.0
20260629_202157_89a44e2f,20260629_202157_89a44e2f_g0029,29,1826324622,5,48,48,48,1,3,YELLOW,pool_peer_500ms,2,3,[3],1,92,1,"{""1"": 86, ""2"": 74, ""3"": 92, ""4"": 89}",False,27.0,-41.0,0.0,37.0,34.0,0.085,89.0,43.625,92.75,20.0,15.0,20.25,37.5,0.0,116.0,119.75,12.0,9.0,29.0,1.0,1.0,2.0,5.0,0.0,0.0,0.0,0.0,48.0,48.0,0.58,0.5714285714285714,0.0192,0.0192,0.1475,0.6704545454545454,0.32954545454545453,0.675,1.0,0.8,0.5666666666666667,0.5575379125780553,0.0
20260629_202157_89a44e2f,20260629_202157_89a44e2f_g0029,29,1826324622,5,48,48,48,1,4,GREEN,champ_v3,3,3,[3],0,89,2,"{""1"": 86, ""2"": 74, ""3"": 92, ""4"": 89}",False,26.0,-43.0,0.0,40.0,34.0,0.085,36.0,24.25,44.0,15.0,8.0,4.5,9.0,7.5,169.0,70.0,12.0,9.0,32.0,1.0,1.0,1.0,4.0,2.0,0.0,0.0,0.0,48.0,48.0,0.58,0.5714285714285714,0.0192,0.0192,0.14,0.6363636363636364,0.36363636363636365,0.65,1.0,1.0,0.575,0.5836466165413534,0.0
20260629_202157_89a44e2f,20260629_202157_89a44e2f_g0029,29,1826324622,6,56,56,56,1,1,RED,pool_heuristic,0,3,[3],0,86,3,"{""1"": 86, ""2"": 74, ""3"": 92, ""4"": 89}",False,30.0,-27.0,1.0,52.0,41.0,0.1025,19.0,14.75,20.75,11.0,4.0,3.75,2.0,0.0,52.0,50.75,14.0,7.0,21.0,1.0,1.0,2.0,3.0,0.0,0.0,0.0,0.0,56.0,56.0,0.6625,0.6666666666666666,0.0224,0.0224,0.1675,0.7613636363636364,0.23863636363636365,0.75,1.0,0.8,0.475,0.5082482325216024,0.0
20260629_202157_89a44e2f,20260629_202157_89a44e2f_g0029,29,1826324622,6,56,56,56,1,2,BLUE,pool_l45_100ms,1,3,[3],0,74,4,"{""1"": 86, ""2"": 74, ""3"": 92, ""4"": 89}",False,11.0,-65.0,3.0,18.0,41.0,0.1025,14.0,12.0,14.0,10.0,4.0,0.0,0.0,0.0,57.0,25.0,14.0,7.0,22.0,1.0,1.0,1.0,4.0,0.0,0.0,0.0,0.0,56.0,56.0,0.6625,0.6666666666666666,0.0224,0.0224,0.165,0.75,0.25,0.275,0.6666666666666666,0.8,0.6333333333333333,0.41706539074960125,0.0
20260629_202157_89a44e2f,20260629_202157_89a44e2f_g0029,29,1826324622,6,56,56,56,1,3,YELLOW,pool_peer_500ms,2,3,[3],1,92,1,"{""1"": 86, ""2"": 74, ""3"": 92, ""4"": 89}",False,23.0,-41.0,0.0,47.0,41.0,0.1025,22.0,16.25,21.25,13.0,4.0,2.25,2.0,0.0,49.0,44.25,14.0,7.0,21.0,1.0,1.0,2.0,3.0,0.0,0.0,0.0,0.0,56.0,56.0,0.6625,0.6666666666666666,0.0224,0.0224,0.1675,0.7613636363636364,0.23863636363636365,0.575,0.5333333333333333,0.8,0.5333333333333333,0.5318146111547526,0.0
20260629_202157_89a44e2f,20260629_202157_89a44e2f_g0029,29,1826324622,6,56,56,56,1,4,GREEN,champ_v3,3,3,[3],0,89,2,"{""1"": 86, ""2"": 74, ""3"": 92, ""4"": 89}",False,23.0,-41.0,0.0,51.0,41.0,0.1025,16.0,13.5,16.0,11.0,5.0,0.0,0.0,0.0,55.0,39.0,14.0,7.0,23.0,1.0,1.0,1.0,3.0,1.0,0.0,0.0,0.0,56.0,56.0,0.6625,0.6666666666666666,0.0224,0.0224,0.1625,0.7386363636363636,0.26136363636363635,0.575,0.7333333333333333,1.0,0.5333333333333333,0.5336032388663967,0.0
20260629_202157_89a44e2f,20260629_202157_89a44e2f_g0029,29,1826324622,7,64,64,64,1,1,RED,pool_heuristic,0,3,[3],0,86,3,"{""1"": 86, ""2"": 74, ""3"": 92, ""4"": 89}",False,28.0,-20.0,1.0,58.0,54.0,0.135,10.0,9.5,10.5,9.0,0.0,1.5,0.0,0.0,10.0,38.5,16.0,5.0,15.0,1.0,0.0,2.0,2.0,0.0,0.0,0.0,0.0,64.0,64.0,0.71,0.7619047619047619,0.0256,0.0256,0.1825,0.8295454545454546,0.17045454545454544,0.7,0.9,0.8,0.4,0.4974765681326604,0.0
20260629_202157_89a44e2f,20260629_202157_89a44e2f_g0029,29,1826324622,7,64,64,64,1,2,BLUE,pool_l45_100ms,1,3,[3],0,74,4,"{""1"": 86, ""2"": 74, ""3"": 92, ""4"": 89}",False,8.0,-60.0,2.0,20.0,54.0,0.135,0.0,0.0,0.0,0.0,0.0,0.0,0.0,0.0,20.0,8.0,16.0,5.0,19.0,0.0,0.0,1.0,4.0,0.0,0.0,0.0,0.0,64.0,64.0,0.71,0.7619047619047619,0.0256,0.0256,0.1725,0.7840909090909091,0.2159090909090909,0.2,0.48333333333333334,0.8,0.5666666666666667,0.41952707856598015,0.0
20260629_202157_89a44e2f,20260629_202157_89a44e2f_g0029,29,1826324622,7,64,64,64,1,3,YELLOW,pool_peer_500ms,2,3,[3],1,92,1,"{""1"": 86, ""2"": 74, ""3"": 92, ""4"": 89}",False,20.0,-36.0,0.0,56.0,54.0,0.135,10.0,10.0,10.0,10.0,0.0,0.0,0.0,0.0,10.0,30.0,16.0,5.0,14.0,1.0,1.0,1.0,2.0,0.0,0.0,0.0,0.0,64.0,64.0,0.71,0.7619047619047619,0.0256,0.0256,0.185,0.8409090909090909,0.1590909090909091,0.5,0.3,0.8,0.4666666666666667,0.5177809388335705,0.0
20260629_202157_89a44e2f,20260629_202157_89a44e2f_g0029,29,1826324622,7,64,64,64,1,4,GREEN,champ_v3,3,3,[3],0,89,2,"{""1"": 86, ""2"": 74, ""3"": 92, ""4"": 89}",False,20.0,-36.0,0.0,57.0,54.0,0.135,0.0,0.0,0.0,0.0,0.0,0.0,0.0,0.0,20.0,20.0,16.0,5.0,20.0,0.0,0.0,1.0,3.0,1.0,0.0,0.0,0.0,64.0,64.0,0.71,0.7619047619047619,0.0256,0.0256,0.17,0.7727272727272727,0.22727272727272727,0.5,0.48333333333333334,1.0,0.4666666666666667,0.5394736842105263,0.0
20260629_202157_89a44e2f,20260629_202157_89a44e2f_g0030,30,1422327631,0,8,8,8,1,1,RED,pool_l45_100ms,0,3,[3],0,83,3,"{""1"": 83, ""2"": 94, ""3"": 102, ""4"": 69}",False,6.0,-19.0,9.0,0.0,1.0,0.0025,388.0,90.5,366.25,6.0,10.0,28.5,113.0,208.75,1503.0,372.25,2.0,19.0,78.0,1.0,1.0,2.0,6.0,9.0,1.0,1.0,0.0,8.0,8.0,0.1,0.09523809523809523,0.0032,0.0032,0.025,0.11363636363636363,0.8863636363636364,0.15,1.0,1.0,0.20833333333333334,0.20526315789473681,0.0
20260629_202157_89a44e2f,20260629_202157_89a44e2f_g0030,30,1422327631,0,8,8,8,1,2,BLUE,pool_peer_500ms,1,3,[3],0,94,2,"{""1"": 83, ""2"": 94, ""3"": 102, ""4"": 69}",False,9.0,-13.0,9.0,0.0,1.0,0.0025,543.0,122.625,488.75,9.0,15.0,41.25,153.5,270.0,1348.0,497.75,2.0,19.0,78.0,1.0,1.0,2.0,6.0,9.0,1.0,0.0,0.0,8.0,8.0,0.1,0.09523809523809523,0.0032,0.0032,0.025,0.11363636363636363,0.8863636363636364,0.225,1.0,1.0,0.18333333333333332,0.23684210526315785,0.0
20260629_202157_89a44e2f,20260629_202157_89a44e2f_g0030,30,1422327631,0,8,8,8,1,3,YELLOW,champ_v3,2,3,[3],1,102,1,"{""1"": 83, ""2"": 94, ""3"": 102, ""4"": 69}",False,9.0,-13.0,9.0,0.0,1.0,0.0025,543.0,122.625,488.75,9.0,15.0,41.25,153.5,270.0,1348.0,497.75,2.0,19.0,78.0,1.0,1.0,2.0,6.0,9.0,1.0,0.0,0.0,8.0,8.0,0.1,0.09523809523809523,0.0032,0.0032,0.025,0.11363636363636363,0.8863636363636364,0.225,1.0,1.0,0.18333333333333332,0.23684210526315785,0.0
20260629_202157_89a44e2f,20260629_202157_89a44e2f_g0030,30,1422327631,0,8,8,8,1,4,GREEN,pool_heuristic,3,3,[3],0,69,4,"{""1"": 83, ""2"": 94, ""3"": 102, ""4"": 69}",False,7.0,-17.0,9.0,0.0,1.0,0.0025,417.0,107.875,436.25,7.0,12.0,34.5,136.5,246.25,1474.0,443.25,2.0,19.0,78.0,1.0,1.0,2.0,6.0,9.0,1.0,1.0,1.0,8.0,8.0,0.1,0.09523809523809523,0.0032,0.0032,0.025,0.11363636363636363,0.8863636363636364,0.175,1.0,1.0,0.2,0.22631578947368425,0.0
20260629_202157_89a44e2f,20260629_202157_89a44e2f_g0030,30,1422327631,1,16,16,16,1,1,RED,pool_l45_100ms,0,3,[3],0,83,3,"{""1"": 83, ""2"": 94, ""3"": 102, ""4"": 69}",False,10.0,-33.0,7.0,0.0,1.0,0.0025,457.0,108.375,409.375,10.0,17.0,42.0,156.0,184.375,1916.0,419.375,4.0,17.0,68.0,1.0,1.0,2.0,6.0,7.0,1.0,0.0,0.0,16.0,16.0,0.2,0.19047619047619047,0.0064,0.0064,0.05,0.22727272727272727,0.7727272727272727,0.25,1.0,1.0,0.35833333333333334,0.3236842105263158,0.0
20260629_202157_89a44e2f,20260629_202157_89a44e2f_g0030,30,1422327631,1,16,16,16,1,2,BLUE,pool_peer_500ms,1,3,[3],0,94,2,"{""1"": 83, ""2"": 94, ""3"": 102, ""4"": 69}",False,16.0,-21.0,0.0,2.0,1.0,0.0025,721.0,179.875,699.375,14.0,24.0,67.5,252.0,341.875,1652.0,715.375,4.0,17.0,68.0,1.0,1.0,2.0,6.0,7.0,1.0,0.0,0.0,16.0,16.0,0.2,0.19047619047619047,0.0064,0.0064,0.05,0.22727272727272727,0.7727272727272727,0.4,1.0,1.0,0.30833333333333335,0.49473684210526314,0.0
20260629_202157_89a44e2f,20260629_202157_89a44e2f_g0030,30,1422327631,1,16,16,16,1,3,YELLOW,champ_v3,2,3,[3],1,102,1,"{""1"": 83, ""2"": 94, ""3"": 102, ""4"": 69}",False,15.0,-23.0,1.0,2.0,1.0,0.0025,721.0,181.875,698.75,15.0,26.0,71.25,256.5,330.0,1652.0,713.75,4.0,17.0,68.0,1.0,1.0,2.0,6.0,7.0,1.0,0.0,0.0,16.0,16.0,0.2,0.19047619047619047,0.0064,0.0064,0.05,0.22727272727272727,0.7727272727272727,0.375,1.0,1.0,0.31666666666666665,0.4894736842105264,0.0
20260629_202157_89a44e2f,20260629_202157_89a44e2f_g0030,30,1422327631,1,16,16,16,1,4,GREEN,pool_heuristic,3,3,[3],0,69,4,"{""1"": 83, ""2"": 94, ""3"": 102, ""4"": 69}",False,12.0,-29.0,3.0,0.0,1.0,0.0025,474.0,137.875,527.75,12.0,20.0,52.5,194.5,248.75,1899.0,539.75,4.0,17.0,68.0,1.0,1.0,2.0,6.0,7.0,1.0,1.0,1.0,16.0,16.0,0.2,0.19047619047619047,0.0064,0.0064,0.05,0.22727272727272727,0.7727272727272727,0.3,1.0,1.0,0.3416666666666667,0.45000000000000007,0.0
20260629_202157_89a44e2f,20260629_202157_89a44e2f_g0030,30,1422327631,2,24,24,24,1,1,RED,pool_l45_100ms,0,3,[3],0,83,3,"{""1"": 83, ""2"": 94, ""3"": 102, ""4"": 69}",False,14.0,-44.0,6.0,0.0,10.0,0.025,254.0,73.25,229.0,14.0,20.0,38.25,103.0,53.75,1289.0,243.0,6.0,15.0,58.0,1.0,1.0,2.0,6.0,5.0,0.0,0.0,0.0,24.0,24.0,0.2975,0.2857142857142857,0.0096,0.0096,0.075,0.3409090909090909,0.6590909090909091,0.35,1.0,1.0,0.4833333333333333,0.4017543859649123,0.0
20260629_202157_89a44e2f,20260629_202157_89a44e2f_g0030,30,1422327631,2,24,24,24,1,2,BLUE,pool_peer_500ms,1,3,[3],0,94,2,"{""1"": 83, ""2"": 94, ""3"": 102, ""4"": 69}",False,20.0,-32.0,0.0,11.0,10.0,0.025,614.0,169.375,618.625,19.0,31.0,76.5,219.0,273.125,929.0,638.625,6.0,15.0,59.0,1.0,1.0,2.0,5.0,6.0,1.0,0.0,0.0,24.0,24.0,0.2975,0.2857142857142857,0.0096,0.0096,0.0725,0.32954545454545453,0.6704545454545454,0.5,1.0,1.0,0.4333333333333333,0.5843920145190562,0.0
20260629_202157_89a44e2f,20260629_202157_89a44e2f_g0030,30,1422327631,2,24,24,24,1,3,YELLOW,champ_v3,2,3,[3],1,102,1,"{""1"": 83, ""2"": 94, ""3"": 102, ""4"": 69}",False,19.0,-34.0,1.0,12.0,10.0,0.025,410.0,125.25,434.25,17.0,25.0,60.75,184.0,147.5,1133.0,453.25,6.0,15.0,58.0,1.0,1.0,2.0,6.0,5.0,1.0,0.0,0.0,24.0,24.0,0.2975,0.2857142857142857,0.0096,0.0096,0.075,0.3409090909090909,0.6590909090909091,0.475,1.0,1.0,0.4416666666666667,0.6070175438596491,0.0
20260629_202157_89a44e2f,20260629_202157_89a44e2f_g0030,30,1422327631,2,24,24,24,1,4,GREEN,pool_heuristic,3,3,[3],0,69,4,"{""1"": 83, ""2"": 94, ""3"": 102, ""4"": 69}",False,19.0,-34.0,3.0,2.0,10.0,0.025,265.0,91.625,293.75,18.0,22.0,42.0,125.5,86.25,1278.0,312.75,6.0,15.0,58.0,1.0,1.0,2.0,6.0,5.0,1.0,1.0,1.0,24.0,24.0,0.2975,0.2857142857142857,0.0096,0.0096,0.075,0.3409090909090909,0.6590909090909091,0.475,1.0,1.0,0.4416666666666667,0.4859649122807017,0.0
20260629_202157_89a44e2f,20260629_202157_89a44e2f_g0030,30,1422327631,3,32,32,32,1,1,RED,pool_l45_100ms,0,3,[3],0,83,3,"{""1"": 83, ""2"": 94, ""3"": 102, ""4"": 69}",False,15.0,-51.0,6.0,8.0,14.0,0.035,98.0,35.875,96.875,10.0,12.0,20.25,44.0,10.625,728.0,111.875,8.0,13.0,48.0,1.0,1.0,2.0,6.0,3.0,0.0,0.0,0.0,32.0,32.0,0.395,0.38095238095238093,0.0128,0.0128,0.1,0.45454545454545453,0.5454545454545454,0.375,1.0,1.0,0.55,0.4144736842105263,0.0
20260629_202157_89a44e2f,20260629_202157_89a44e2f_g0030,30,1422327631,3,32,32,32,1,2,BLUE,pool_peer_500ms,1,3,[3],0,94,2,"{""1"": 83, ""2"": 94, ""3"": 102, ""4"": 69}",False,22.0,-37.0,0.0,20.0,14.0,0.035,257.0,82.125,263.375,18.0,16.0,37.5,105.0,86.875,569.0,285.375,8.0,13.0,49.0,1.0,1.0,2.0,5.0,4.0,0.0,0.0,0.0,32.0,32.0,0.395,0.38095238095238093,0.0128,0.0128,0.0975,0.4431818181818182,0.5568181818181818,0.55,1.0,1.0,0.4916666666666667,0.5762483130904184,0.0
20260629_202157_89a44e2f,20260629_202157_89a44e2f_g0030,30,1422327631,3,32,32,32,1,3,YELLOW,champ_v3,2,3,[3],1,102,1,"{""1"": 83, ""2"": 94, ""3"": 102, ""4"": 69}",False,22.0,-37.0,1.0,22.0,14.0,0.035,313.0,105.0,344.75,19.0,23.0,53.25,137.0,112.5,513.0,366.75,8.0,13.0,49.0,1.0,1.0,2.0,5.0,4.0,1.0,0.0,0.0,32.0,32.0,0.395,0.38095238095238093,0.0128,0.0128,0.0975,0.4431818181818182,0.5568181818181818,0.55,1.0,1.0,0.4916666666666667,0.6369770580296896,0.0
20260629_202157_89a44e2f,20260629_202157_89a44e2f_g0030,30,1422327631,3,32,32,32,1,4,GREEN,pool_heuristic,3,3,[3],0,69,4,"{""1"": 83, ""2"": 94, ""3"": 102, ""4"": 69}",False,22.0,-37.0,3.0,14.0,14.0,0.035,158.0,64.75,174.75,21.0,17.0,30.0,78.0,28.75,668.0,196.75,8.0,13.0,48.0,1.0,1.0,2.0,6.0,3.0,0.0,0.0,1.0,32.0,32.0,0.395,0.38095238095238093,0.0128,0.0128,0.1,0.45454545454545453,0.5454545454545454,0.55,1.0,1.0,0.4916666666666667,0.5026315789473685,0.0
20260629_202157_89a44e2f,20260629_202157_89a44e2f_g0030,30,1422327631,4,40,40,40,1,1,RED,pool_l45_100ms,0,3,[3],0,83,3,"{""1"": 83, ""2"": 94, ""3"": 102, ""4"": 69}",False,11.0,-65.0,6.0,23.0,11.0,0.0275,11.0,7.125,10.75,5.0,2.0,2.25,1.5,0.0,537.0,21.75,10.0,11.0,38.0,1.0,1.0,2.0,6.0,1.0,0.0,0.0,0.0,40.0,40.0,0.4825,0.47619047619047616,0.016,0.016,0.125,0.5681818181818182,0.4318181818181818,0.275,0.75,1.0,0.6333333333333333,0.4010526315789473,0.0
20260629_202157_89a44e2f,20260629_202157_89a44e2f_g0030,30,1422327631,4,40,40,40,1,2,BLUE,pool_peer_500ms,1,3,[3],0,94,2,"{""1"": 83, ""2"": 94, ""3"": 102, ""4"": 69}",False,25.0,-37.0,0.0,29.0,11.0,0.0275,225.0,77.375,228.875,21.0,18.0,39.0,84.0,66.875,323.0,253.875,10.0,11.0,40.0,1.0,1.0,2.0,4.0,3.0,0.0,0.0,0.0,40.0,40.0,0.4825,0.47619047619047616,0.016,0.016,0.12,0.5454545454545454,0.45454545454545453,0.625,1.0,1.0,0.5166666666666667,0.575657894736842,0.0
20260629_202157_89a44e2f,20260629_202157_89a44e2f_g0030,30,1422327631,4,40,40,40,1,3,YELLOW,champ_v3,2,3,[3],1,102,1,"{""1"": 83, ""2"": 94, ""3"": 102, ""4"": 69}",False,28.0,-31.0,1.0,29.0,11.0,0.0275,243.0,91.125,285.5,23.0,23.0,27.0,102.5,110.0,305.0,313.5,10.0,11.0,42.0,1.0,1.0,1.0,4.0,4.0,1.0,0.0,0.0,40.0,40.0,0.4825,0.47619047619047616,0.016,0.016,0.115,0.5227272727272727,0.4772727272727273,0.7,1.0,1.0,0.4916666666666667,0.6189931350114417,0.0
20260629_202157_89a44e2f,20260629_202157_89a44e2f_g0030,30,1422327631,4,40,40,40,1,4,GREEN,pool_heuristic,3,3,[3],0,69,4,"{""1"": 83, ""2"": 94, ""3"": 102, ""4"": 69}",False,23.0,-41.0,3.0,25.0,11.0,0.0275,69.0,38.0,75.5,20.0,12.0,15.75,24.0,3.75,479.0,98.5,10.0,11.0,39.0,1.0,1.0,2.0,5.0,2.0,0.0,0.0,0.0,40.0,40.0,0.4825,0.47619047619047616,0.016,0.016,0.1225,0.5568181818181818,0.4431818181818182,0.575,1.0,1.0,0.5333333333333333,0.4887218045112782,0.0
20260629_202157_89a44e2f,20260629_202157_89a44e2f_g0030,30,1422327631,5,48,48,48,1,1,RED,pool_l45_100ms,0,3,[3],0,83,3,"{""1"": 83, ""2"": 94, ""3"": 102, ""4"": 69}",False,12.0,-63.0,6.0,28.0,23.0,0.0575,17.0,10.75,17.75,7.0,3.0,3.75,4.0,0.0,227.0,29.75,12.0,9.0,29.0,1.0,1.0,2.0,5.0,0.0,0.0,0.0,0.0,48.0,48.0,0.575,0.5714285714285714,0.0192,0.0192,0.1475,0.6704545454545454,0.32954545454545453,0.3,1.0,0.8,0.625,0.37109723461195365,0.0
20260629_202157_89a44e2f,20260629_202157_89a44e2f_g0030,30,1422327631,5,48,48,48,1,2,BLUE,pool_peer_500ms,1,3,[3],0,94,2,"{""1"": 83, ""2"": 94, ""3"": 102, ""4"": 69}",False,26.0,-35.0,0.0,40.0,23.0,0.0575,120.0,50.875,121.0,19.0,16.0,30.0,53.5,2.5,124.0,147.0,12.0,9.0,30.0,1.0,1.0,2.0,4.0,1.0,0.0,0.0,0.0,48.0,48.0,0.575,0.5714285714285714,0.0192,0.0192,0.145,0.6590909090909091,0.3409090909090909,0.65,1.0,1.0,0.5083333333333333,0.5753176043557169,0.0
20260629_202157_89a44e2f,20260629_202157_89a44e2f_g0030,30,1422327631,5,48,48,48,1,3,YELLOW,champ_v3,2,3,[3],1,102,1,"{""1"": 83, ""2"": 94, ""3"": 102, ""4"": 69}",False,29.0,-29.0,1.0,38.0,23.0,0.0575,82.0,40.375,89.75,19.0,13.0,13.5,30.5,13.75,162.0,118.75,12.0,9.0,32.0,1.0,1.0,1.0,4.0,2.0,1.0,0.0,0.0,48.0,48.0,0.575,0.5714285714285714,0.0192,0.0192,0.14,0.6363636363636364,0.36363636363636365,0.725,1.0,1.0,0.4833333333333333,0.6015037593984962,0.0
20260629_202157_89a44e2f,20260629_202157_89a44e2f_g0030,30,1422327631,5,48,48,48,1,4,GREEN,pool_heuristic,3,3,[3],0,69,4,"{""1"": 83, ""2"": 94, ""3"": 102, ""4"": 69}",False,20.0,-47.0,3.0,28.0,23.0,0.0575,25.0,19.375,26.25,15.0,5.0,3.75,2.5,0.0,219.0,46.25,12.0,9.0,31.0,1.0,1.0,2.0,3.0,2.0,0.0,0.0,0.0,48.0,48.0,0.575,0.5714285714285714,0.0192,0.0192,0.1425,0.6477272727272727,0.3522727272727273,0.5,0.9666666666666667,1.0,0.5583333333333333,0.45798707294552177,0.0
20260629_202157_89a44e2f,20260629_202157_89a44e2f_g0030,30,1422327631,6,56,56,56,1,1,RED,pool_l45_100ms,0,3,[3],0,83,3,"{""1"": 83, ""2"": 94, ""3"": 102, ""4"": 69}",False,13.0,-61.0,6.0,38.0,24.0,0.06,36.0,18.75,42.25,8.0,5.0,11.25,18.0,0.0,111.0,55.25,14.0,7.0,21.0,1.0,1.0,2.0,3.0,0.0,0.0,0.0,0.0,56.0,56.0,0.6525,0.6666666666666666,0.0224,0.0224,0.1675,0.7613636363636364,0.23863636363636365,0.325,0.8666666666666667,0.8,0.6166666666666667,0.375490966221524,0.0
20260629_202157_89a44e2f,20260629_202157_89a44e2f_g0030,30,1422327631,6,56,56,56,1,2,BLUE,pool_peer_500ms,1,3,[3],0,94,2,"{""1"": 83, ""2"": 94, ""3"": 102, ""4"": 69}",False,29.0,-29.0,0.0,50.0,24.0,0.06,54.0,33.0,56.5,20.0,12.0,10.5,14.0,0.0,93.0,85.5,14.0,7.0,23.0,1.0,1.0,1.0,3.0,1.0,0.0,0.0,0.0,56.0,56.0,0.6525,0.6666666666666666,0.0224,0.0224,0.1625,0.7386363636363636,0.26136363636363635,0.725,1.0,1.0,0.4833333333333333,0.5489878542510122,0.0
20260629_202157_89a44e2f,20260629_202157_89a44e2f_g0030,30,1422327631,6,56,56,56,1,3,YELLOW,champ_v3,2,3,[3],1,102,1,"{""1"": 83, ""2"": 94, ""3"": 102, ""4"": 69}",False,28.0,-31.0,1.0,46.0,24.0,0.06,46.0,27.625,48.5,17.0,9.0,6.0,16.5,0.0,101.0,76.5,14.0,7.0,22.0,1.0,1.0,1.0,4.0,0.0,0.0,0.0,0.0,56.0,56.0,0.6525,0.6666666666666666,0.0224,0.0224,0.165,0.75,0.25,0.7,1.0,0.8,0.4916666666666667,0.5574162679425838,0.0
20260629_202157_89a44e2f,20260629_202157_89a44e2f_g0030,30,1422327631,6,56,56,56,1,4,GREEN,pool_heuristic,3,3,[3],0,69,4,"{""1"": 83, ""2"": 94, ""3"": 102, ""4"": 69}",False,17.0,-53.0,3.0,36.0,24.0,0.06,11.0,11.0,11.0,11.0,0.0,0.0,0.0,0.0,136.0,28.0,14.0,7.0,25.0,1.0,0.0,2.0,2.0,2.0,0.0,0.0,0.0,56.0,56.0,0.6525,0.6666666666666666,0.0224,0.0224,0.1575,0.7159090909090909,0.2840909090909091,0.425,0.8333333333333334,1.0,0.5833333333333333,0.468671679197995,0.0
20260629_202157_89a44e2f,20260629_202157_89a44e2f_g0030,30,1422327631,7,64,64,65,2,1,RED,pool_l45_100ms,0,3,[3],0,83,3,"{""1"": 83, ""2"": 94, ""3"": 102, ""4"": 69}",False,11.0,-60.0,6.0,42.0,34.0,0.085,1.0,0.5,1.0,0.0,1.0,0.0,0.0,0.0,37.0,12.0,17.0,4.0,12.0,0.0,1.0,2.0,1.0,0.0,0.0,0.0,0.0,64.0,65.0,0.7125,0.8095238095238095,0.026,0.0256,0.19,0.8636363636363636,0.13636363636363635,0.275,0.45,0.8,0.5916666666666667,0.381578947368421,0.0
20260629_202157_89a44e2f,20260629_202157_89a44e2f_g0030,30,1422327631,7,64,64,65,2,2,BLUE,pool_peer_500ms,1,3,[3],0,94,2,"{""1"": 83, ""2"": 94, ""3"": 102, ""4"": 69}",False,28.0,-26.0,0.0,58.0,34.0,0.085,19.0,17.5,20.5,16.0,0.0,4.5,0.0,0.0,19.0,48.5,16.0,5.0,17.0,1.0,0.0,1.0,2.0,1.0,0.0,0.0,0.0,64.0,65.0,0.7125,0.7619047619047619,0.026,0.0256,0.1775,0.8068181818181818,0.19318181818181818,0.7,0.7833333333333333,1.0,0.45,0.5611564121571535,0.0
20260629_202157_89a44e2f,20260629_202157_89a44e2f_g0030,30,1422327631,7,64,64,65,2,3,YELLOW,champ_v3,2,3,[3],1,102,1,"{""1"": 83, ""2"": 94, ""3"": 102, ""4"": 69}",False,26.0,-30.0,1.0,59.0,34.0,0.085,18.0,14.25,17.0,12.0,4.0,0.0,1.0,0.0,20.0,43.0,16.0,5.0,14.0,1.0,1.0,1.0,2.0,0.0,0.0,0.0,0.0,64.0,65.0,0.7125,0.7619047619047619,0.026,0.0256,0.185,0.8409090909090909,0.1590909090909091,0.65,0.75,0.8,0.4666666666666667,0.5654338549075392,0.0
20260629_202157_89a44e2f,20260629_202157_89a44e2f_g0030,30,1422327631,7,64,64,65,2,4,GREEN,pool_heuristic,3,3,[3],0,69,4,"{""1"": 83, ""2"": 94, ""3"": 102, ""4"": 69}",False,17.0,-48.0,3.0,41.0,34.0,0.085,0.0,0.0,0.0,0.0,0.0,0.0,0.0,0.0,38.0,17.0,15.0,6.0,24.0,0.0,0.0,2.0,2.0,2.0,0.0,0.0,0.0,64.0,65.0,0.7125,0.7142857142857143,0.026,0.0256,0.16,0.7272727272727273,0.2727272727272727,0.425,0.5666666666666667,1.0,0.5416666666666667,0.47121710526315785,0.0
20260629_202157_89a44e2f,20260629_202157_89a44e2f_g0031,31,659641332,0,8,8,8,1,1,RED,pool_peer_500ms,0,2,[2],0,87,2,"{""1"": 87, ""2"": 124, ""3"": 80, ""4"": 66}",False,9.0,-15.0,9.0,0.0,0.0,0.0,543.0,122.625,488.75,9.0,15.0,41.25,153.5,270.0,1478.0,497.75,2.0,19.0,78.0,1.0,1.0,2.0,6.0,9.0,1.0,0.0,0.0,8.0,8.0,0.1,0.09523809523809523,0.0032,0.0032,0.025,0.11363636363636363,0.8863636363636364,0.225,1.0,1.0,0.2,0.23684210526315785,0.0
20260629_202157_89a44e2f,20260629_202157_89a44e2f_g0031,31,659641332,0,8,8,8,1,2,BLUE,champ_v3,1,2,[2],1,124,1,"{""1"": 87, ""2"": 124, ""3"": 80, ""4"": 66}",False,9.0,-15.0,9.0,0.0,0.0,0.0,543.0,122.625,488.75,9.0,15.0,41.25,153.5,270.0,1478.0,497.75,2.0,19.0,78.0,1.0,1.0,2.0,6.0,9.0,1.0,0.0,0.0,8.0,8.0,0.1,0.09523809523809523,0.0032,0.0032,0.025,0.11363636363636363,0.8863636363636364,0.225,1.0,1.0,0.2,0.23684210526315785,0.0
20260629_202157_89a44e2f,20260629_202157_89a44e2f_g0031,31,659641332,0,8,8,8,1,3,YELLOW,pool_heuristic,2,2,[2],0,80,3,"{""1"": 87, ""2"": 124, ""3"": 80, ""4"": 66}",False,8.0,-17.0,8.0,0.0,0.0,0.0,491.0,120.25,483.75,8.0,14.0,39.75,152.0,270.0,1530.0,491.75,2.0,19.0,78.0,1.0,1.0,2.0,6.0,9.0,1.0,0.0,1.0,8.0,8.0,0.1,0.09523809523809523,0.0032,0.0032,0.025,0.11363636363636363,0.8863636363636364,0.2,1.0,1.0,0.20833333333333334,0.26315789473684215,0.0
20260629_202157_89a44e2f,20260629_202157_89a44e2f_g0031,31,659641332,0,8,8,8,1,4,GREEN,pool_l45_100ms,3,2,[2],0,66,4,"{""1"": 87, ""2"": 124, ""3"": 80, ""4"": 66}",False,7.0,-19.0,9.0,0.0,0.0,0.0,444.0,103.25,415.125,7.0,12.0,33.75,130.5,231.875,1577.0,422.125,2.0,19.0,78.0,1.0,1.0,2.0,6.0,9.0,1.0,1.0,0.0,8.0,8.0,0.1,0.09523809523809523,0.0032,0.0032,0.025,0.11363636363636363,0.8863636363636364,0.175,1.0,1.0,0.21666666666666665,0.20526315789473681,0.0
20260629_202157_89a44e2f,20260629_202157_89a44e2f_g0031,31,659641332,1,16,16,16,1,1,RED,pool_peer_500ms,0,2,[2],0,87,2,"{""1"": 87, ""2"": 124, ""3"": 80, ""4"": 66}",False,16.0,-22.0,0.0,2.0,4.0,0.01,689.0,172.125,666.875,14.0,23.0,64.5,241.0,324.375,1734.0,682.875,4.0,17.0,68.0,1.0,1.0,2.0,6.0,7.0,1.0,0.0,0.0,16.0,16.0,0.2,0.19047619047619047,0.0064,0.0064,0.05,0.22727272727272727,0.7727272727272727,0.4,1.0,1.0,0.31666666666666665,0.49473684210526314,0.0
20260629_202157_89a44e2f,20260629_202157_89a44e2f_g0031,31,659641332,1,16,16,16,1,2,BLUE,champ_v3,1,2,[2],1,124,1,"{""1"": 87, ""2"": 124, ""3"": 80, ""4"": 66}",False,15.0,-24.0,1.0,2.0,4.0,0.01,741.0,186.125,719.0,15.0,26.0,72.0,258.5,347.5,1682.0,734.0,4.0,17.0,68.0,1.0,1.0,2.0,6.0,7.0,1.0,0.0,0.0,16.0,16.0,0.2,0.19047619047619047,0.0064,0.0064,0.05,0.22727272727272727,0.7727272727272727,0.375,1.0,1.0,0.325,0.4894736842105264,0.0
20260629_202157_89a44e2f,20260629_202157_89a44e2f_g0031,31,659641332,1,16,16,16,1,3,YELLOW,pool_heuristic,2,2,[2],0,80,3,"{""1"": 87, ""2"": 124, ""3"": 80, ""4"": 66}",False,13.0,-28.0,3.0,0.0,4.0,0.01,540.0,144.0,552.5,13.0,20.0,54.75,196.0,268.75,1883.0,565.5,4.0,17.0,68.0,1.0,1.0,2.0,6.0,7.0,1.0,0.0,1.0,16.0,16.0,0.2,0.19047619047619047,0.0064,0.0064,0.05,0.22727272727272727,0.7727272727272727,0.325,1.0,1.0,0.3416666666666667,0.4605263157894737,0.0
20260629_202157_89a44e2f,20260629_202157_89a44e2f_g0031,31,659641332,1,16,16,16,1,4,GREEN,pool_l45_100ms,3,2,[2],0,66,4,"{""1"": 87, ""2"": 124, ""3"": 80, ""4"": 66}",False,10.0,-34.0,7.0,0.0,4.0,0.01,453.0,107.5,408.0,10.0,16.0,41.25,152.0,188.75,1970.0,418.0,4.0,17.0,68.0,1.0,1.0,2.0,6.0,7.0,1.0,0.0,0.0,16.0,16.0,0.2,0.19047619047619047,0.0064,0.0064,0.05,0.22727272727272727,0.7727272727272727,0.25,1.0,1.0,0.36666666666666664,0.3131578947368421,0.0
20260629_202157_89a44e2f,20260629_202157_89a44e2f_g0031,31,659641332,2,24,24,24,1,1,RED,pool_peer_500ms,0,2,[2],0,87,2,"{""1"": 87, ""2"": 124, ""3"": 80, ""4"": 66}",False,20.0,-30.0,0.0,12.0,6.0,0.015,521.0,144.125,523.875,18.0,24.0,64.5,183.0,234.375,1066.0,543.875,6.0,15.0,59.0,1.0,1.0,2.0,5.0,6.0,1.0,0.0,0.0,24.0,24.0,0.2975,0.2857142857142857,0.0096,0.0096,0.0725,0.32954545454545453,0.6704545454545454,0.5,1.0,1.0,0.4166666666666667,0.5843920145190562,0.0
20260629_202157_89a44e2f,20260629_202157_89a44e2f_g0031,31,659641332,2,24,24,24,1,2,BLUE,champ_v3,1,2,[2],1,124,1,"{""1"": 87, ""2"": 124, ""3"": 80, ""4"": 66}",False,19.0,-32.0,0.0,13.0,6.0,0.015,489.0,145.375,515.625,18.0,28.0,65.25,215.0,189.375,1098.0,534.625,6.0,15.0,58.0,1.0,1.0,2.0,6.0,5.0,1.0,0.0,0.0,24.0,24.0,0.2975,0.2857142857142857,0.0096,0.0096,0.075,0.3409090909090909,0.6590909090909091,0.475,1.0,1.0,0.425,0.6017543859649124,0.0
20260629_202157_89a44e2f,20260629_202157_89a44e2f_g0031,31,659641332,2,24,24,24,1,3,YELLOW,pool_heuristic,2,2,[2],0,80,3,"{""1"": 87, ""2"": 124, ""3"": 80, ""4"": 66}",False,19.0,-32.0,3.0,2.0,6.0,0.015,315.0,97.125,330.125,17.0,17.0,41.25,138.0,116.875,1272.0,349.125,6.0,15.0,58.0,1.0,1.0,2.0,6.0,5.0,0.0,0.0,1.0,24.0,24.0,0.2975,0.2857142857142857,0.0096,0.0096,0.075,0.3409090909090909,0.6590909090909091,0.475,1.0,1.0,0.425,0.5228070175438597,0.0
20260629_202157_89a44e2f,20260629_202157_89a44e2f_g0031,31,659641332,2,24,24,24,1,4,GREEN,pool_l45_100ms,3,2,[2],0,66,4,"{""1"": 87, ""2"": 124, ""3"": 80, ""4"": 66}",False,12.0,-46.0,3.0,1.0,6.0,0.015,262.0,69.5,229.5,12.0,15.0,33.0,102.0,67.5,1325.0,241.5,6.0,15.0,58.0,1.0,1.0,2.0,6.0,5.0,0.0,0.0,0.0,24.0,24.0,0.2975,0.2857142857142857,0.0096,0.0096,0.075,0.3409090909090909,0.6590909090909091,0.3,1.0,1.0,0.4833333333333333,0.4175438596491228,0.0
20260629_202157_89a44e2f,20260629_202157_89a44e2f_g0031,31,659641332,3,32,32,32,1,1,RED,pool_peer_500ms,0,2,[2],0,87,2,"{""1"": 87, ""2"": 124, ""3"": 80, ""4"": 66}",False,26.0,-29.0,0.0,21.0,8.0,0.02,212.0,75.875,222.875,22.0,18.0,38.25,64.0,80.625,443.0,248.875,8.0,13.0,50.0,1.0,1.0,2.0,4.0,5.0,1.0,0.0,0.0,32.0,32.0,0.395,0.38095238095238093,0.0128,0.0128,0.095,0.4318181818181818,0.5681818181818182,0.65,1.0,1.0,0.4583333333333333,0.6121883656509695,0.0
20260629_202157_89a44e2f,20260629_202157_89a44e2f_g0031,31,659641332,3,32,32,32,1,2,BLUE,champ_v3,1,2,[2],1,124,1,"{""1"": 87, ""2"": 124, ""3"": 80, ""4"": 66}",False,23.0,-35.0,0.0,17.0,8.0,0.02,358.0,120.125,381.0,21.0,31.0,61.5,192.5,75.0,297.0,404.0,8.0,13.0,48.0,1.0,1.0,2.0,6.0,3.0,1.0,0.0,0.0,32.0,32.0,0.395,0.38095238095238093,0.0128,0.0128,0.1,0.45454545454545453,0.5454545454545454,0.575,1.0,1.0,0.4833333333333333,0.611842105263158,0.0
20260629_202157_89a44e2f,20260629_202157_89a44e2f_g0031,31,659641332,3,32,32,32,1,3,YELLOW,pool_heuristic,2,2,[2],0,80,3,"{""1"": 87, ""2"": 124, ""3"": 80, ""4"": 66}",False,18.0,-45.0,3.0,8.0,8.0,0.02,42.0,22.875,41.0,14.0,6.0,8.25,11.5,1.25,613.0,59.0,8.0,13.0,48.0,1.0,1.0,2.0,6.0,3.0,0.0,0.0,1.0,32.0,32.0,0.395,0.38095238095238093,0.0128,0.0128,0.1,0.45454545454545453,0.5454545454545454,0.45,1.0,1.0,0.525,0.4855263157894737,0.0
20260629_202157_89a44e2f,20260629_202157_89a44e2f_g0031,31,659641332,3,32,32,32,1,4,GREEN,pool_l45_100ms,3,2,[2],0,66,4,"{""1"": 87, ""2"": 124, ""3"": 80, ""4"": 66}",False,14.0,-53.0,3.0,2.0,8.0,0.02,43.0,22.0,40.875,13.0,7.0,6.0,10.5,4.375,612.0,54.875,8.0,13.0,48.0,1.0,1.0,2.0,6.0,3.0,0.0,0.0,0.0,32.0,32.0,0.395,0.38095238095238093,0.0128,0.0128,0.1,0.45454545454545453,0.5454545454545454,0.35,1.0,1.0,0.5583333333333333,0.4421052631578948,0.0
20260629_202157_89a44e2f,20260629_202157_89a44e2f_g0031,31,659641332,4,40,40,40,1,1,RED,pool_peer_500ms,0,2,[2],0,87,2,"{""1"": 87, ""2"": 124, ""3"": 80, ""4"": 66}",False,30.0,-29.0,0.0,32.0,12.0,0.03,113.0,49.75,113.0,23.0,14.0,23.25,29.0,23.75,221.0,143.0,10.0,11.0,40.0,1.0,1.0,2.0,4.0,3.0,0.0,0.0,0.0,40.0,40.0,0.4875,0.47619047619047616,0.016,0.016,0.12,0.5454545454545454,0.45454545454545453,0.75,1.0,1.0,0.4916666666666667,0.5723684210526316,0.0
20260629_202157_89a44e2f,20260629_202157_89a44e2f_g0031,31,659641332,4,40,40,40,1,2,BLUE,champ_v3,1,2,[2],1,124,1,"{""1"": 87, ""2"": 124, ""3"": 80, ""4"": 66}",False,26.0,-37.0,0.0,29.0,12.0,0.03,119.0,51.375,126.5,19.0,19.0,24.0,39.5,25.0,215.0,152.5,10.0,11.0,40.0,1.0,1.0,2.0,4.0,3.0,1.0,0.0,0.0,40.0,40.0,0.4875,0.47619047619047616,0.016,0.016,0.12,0.5454545454545454,0.45454545454545453,0.65,1.0,1.0,0.525,0.6162280701754386,0.0
20260629_202157_89a44e2f,20260629_202157_89a44e2f_g0031,31,659641332,4,40,40,40,1,3,YELLOW,pool_heuristic,2,2,[2],0,80,3,"{""1"": 87, ""2"": 124, ""3"": 80, ""4"": 66}",False,21.0,-47.0,3.0,11.0,12.0,0.03,71.0,35.0,70.5,18.0,11.0,14.25,26.0,1.25,263.0,91.5,10.0,11.0,38.0,1.0,1.0,2.0,6.0,1.0,0.0,0.0,0.0,40.0,40.0,0.4875,0.47619047619047616,0.016,0.016,0.125,0.5681818181818182,0.4318181818181818,0.525,1.0,1.0,0.5666666666666667,0.47789473684210526,0.0
20260629_202157_89a44e2f,20260629_202157_89a44e2f_g0031,31,659641332,4,40,40,40,1,4,GREEN,pool_l45_100ms,3,2,[2],0,66,4,"{""1"": 87, ""2"": 124, ""3"": 80, ""4"": 66}",False,12.0,-65.0,3.0,7.0,12.0,0.03,31.0,16.5,29.75,10.0,5.0,5.25,7.0,2.5,303.0,41.75,10.0,11.0,39.0,1.0,1.0,2.0,5.0,2.0,0.0,0.0,0.0,40.0,40.0,0.4875,0.47619047619047616,0.016,0.016,0.1225,0.5568181818181818,0.4431818181818182,0.3,0.85,1.0,0.6416666666666667,0.4296455424274973,0.0
20260629_202157_89a44e2f,20260629_202157_89a44e2f_g0031,31,659641332,5,48,48,48,1,1,RED,pool_peer_500ms,0,2,[2],0,87,2,"{""1"": 87, ""2"": 124, ""3"": 80, ""4"": 66}",False,32.0,-23.0,0.0,42.0,26.0,0.065,30.0,22.5,29.75,18.0,5.0,3.75,3.0,0.0,71.0,61.75,12.0,9.0,31.0,1.0,1.0,2.0,3.0,2.0,0.0,0.0,0.0,48.0,48.0,0.5775,0.5714285714285714,0.0192,0.0192,0.1425,0.6477272727272727,0.3522727272727273,0.8,0.8666666666666667,1.0,0.4583333333333333,0.5835641735918744,0.0
20260629_202157_89a44e2f,20260629_202157_89a44e2f_g0031,31,659641332,5,48,48,48,1,2,BLUE,champ_v3,1,2,[2],1,124,1,"{""1"": 87, ""2"": 124, ""3"": 80, ""4"": 66}",False,22.0,-43.0,0.0,40.0,26.0,0.065,19.0,13.375,17.75,10.0,5.0,2.25,0.5,0.0,82.0,39.75,12.0,9.0,30.0,1.0,1.0,2.0,4.0,1.0,0.0,0.0,0.0,48.0,48.0,0.5775,0.5714285714285714,0.0192,0.0192,0.145,0.6590909090909091,0.3409090909090909,0.55,0.95,1.0,0.5416666666666667,0.5762250453720508,0.0
20260629_202157_89a44e2f,20260629_202157_89a44e2f_g0031,31,659641332,5,48,48,48,1,3,YELLOW,pool_heuristic,2,2,[2],0,80,3,"{""1"": 87, ""2"": 124, ""3"": 80, ""4"": 66}",False,22.0,-43.0,3.0,21.0,26.0,0.065,43.0,27.0,41.5,18.0,9.0,10.5,4.0,0.0,58.0,63.5,12.0,9.0,30.0,1.0,1.0,2.0,4.0,1.0,0.0,0.0,0.0,48.0,48.0,0.5775,0.5714285714285714,0.0192,0.0192,0.145,0.6590909090909091,0.3409090909090909,0.55,1.0,1.0,0.5416666666666667,0.45825771324863884,0.0
20260629_202157_89a44e2f,20260629_202157_89a44e2f_g0031,31,659641332,5,48,48,48,1,4,GREEN,pool_l45_100ms,3,2,[2],0,66,4,"{""1"": 87, ""2"": 124, ""3"": 80, ""4"": 66}",False,11.0,-65.0,3.0,15.0,26.0,0.065,9.0,8.5,9.0,8.0,1.0,0.0,0.0,0.0,92.0,20.0,12.0,9.0,30.0,1.0,1.0,2.0,4.0,1.0,0.0,0.0,0.0,48.0,48.0,0.5775,0.5714285714285714,0.0192,0.0192,0.145,0.6590909090909091,0.3409090909090909,0.275,0.4166666666666667,1.0,0.6333333333333333,0.4255898366606171,0.0
20260629_202157_89a44e2f,20260629_202157_89a44e2f_g0031,31,659641332,6,56,56,56,1,1,RED,pool_peer_500ms,0,2,[2],0,87,2,"{""1"": 87, ""2"": 124, ""3"": 80, ""4"": 66}",False,33.0,-19.0,0.0,45.0,26.0,0.065,10.0,3.5,8.25,0.0,5.0,2.25,1.0,0.0,54.0,41.25,14.0,7.0,27.0,0.0,1.0,1.0,3.0,2.0,0.0,0.0,0.0,56.0,56.0,0.635,0.6666666666666666,0.0224,0.0224,0.1525,0.6931818181818182,0.3068181818181818,0.825,1.0,1.0,0.4333333333333333,0.5806729939603106,0.0
20260629_202157_89a44e2f,20260629_202157_89a44e2f_g0031,31,659641332,6,56,56,56,1,2,BLUE,champ_v3,1,2,[2],1,124,1,"{""1"": 87, ""2"": 124, ""3"": 80, ""4"": 66}",False,21.0,-43.0,0.0,47.0,26.0,0.065,22.0,12.875,23.0,8.0,4.0,1.5,9.5,0.0,42.0,44.0,14.0,7.0,22.0,1.0,1.0,1.0,4.0,0.0,0.0,0.0,0.0,56.0,56.0,0.635,0.6666666666666666,0.0224,0.0224,0.165,0.75,0.25,0.525,1.0,0.8,0.5333333333333333,0.5813397129186604,0.0
20260629_202157_89a44e2f,20260629_202157_89a44e2f_g0031,31,659641332,6,56,56,56,1,3,YELLOW,pool_heuristic,2,2,[2],0,80,3,"{""1"": 87, ""2"": 124, ""3"": 80, ""4"": 66}",False,23.0,-39.0,3.0,37.0,26.0,0.065,32.0,21.75,33.25,14.0,8.0,11.25,0.0,0.0,32.0,56.25,14.0,7.0,22.0,1.0,1.0,2.0,2.0,1.0,0.0,0.0,0.0,56.0,56.0,0.635,0.6666666666666666,0.0224,0.0224,0.165,0.75,0.25,0.575,1.0,1.0,0.5166666666666667,0.4768740031897927,0.0
20260629_202157_89a44e2f,20260629_202157_89a44e2f_g0031,31,659641332,6,56,56,56,1,4,GREEN,pool_l45_100ms,3,2,[2],0,66,4,"{""1"": 87, ""2"": 124, ""3"": 80, ""4"": 66}",False,8.0,-69.0,3.0,23.0,26.0,0.065,0.0,0.0,0.0,0.0,0.0,0.0,0.0,0.0,64.0,8.0,14.0,7.0,27.0,0.0,0.0,2.0,4.0,1.0,0.0,0.0,0.0,56.0,56.0,0.635,0.6666666666666666,0.0224,0.0224,0.1525,0.6931818181818182,0.3068181818181818,0.2,0.11666666666666667,1.0,0.6416666666666667,0.4288179465056082,0.0
20260629_202157_89a44e2f,20260629_202157_89a44e2f_g0031,31,659641332,7,64,64,66,3,1,RED,pool_peer_500ms,0,2,[2],0,87,2,"{""1"": 87, ""2"": 124, ""3"": 80, ""4"": 66}",False,31.0,-24.0,0.0,53.0,32.0,0.08,0.0,0.0,0.0,0.0,0.0,0.0,0.0,0.0,24.0,31.0,17.0,4.0,18.0,0.0,0.0,0.0,2.0,2.0,0.0,0.0,0.0,64.0,66.0,0.6925,0.8095238095238095,0.0264,0.0256,0.175,0.7954545454545454,0.20454545454545456,0.775,0.6833333333333333,1.0,0.4583333333333333,0.5571428571428572,0.0
20260629_202157_89a44e2f,20260629_202157_89a44e2f_g0031,31,659641332,7,64,64,66,3,2,BLUE,champ_v3,1,2,[2],1,124,1,"{""1"": 87, ""2"": 124, ""3"": 80, ""4"": 66}",False,24.0,-38.0,0.0,54.0,32.0,0.08,10.0,5.125,13.0,0.0,7.0,1.5,4.5,0.0,14.0,37.0,17.0,4.0,13.0,0.0,1.0,1.0,2.0,0.0,0.0,0.0,0.0,64.0,66.0,0.6925,0.8095238095238095,0.0264,0.0256,0.1875,0.8522727272727273,0.14772727272727273,0.6,0.9833333333333333,0.8,0.5166666666666667,0.552280701754386,0.0
20260629_202157_89a44e2f,20260629_202157_89a44e2f_g0031,31,659641332,7,64,64,66,3,3,YELLOW,pool_heuristic,2,2,[2],0,80,3,"{""1"": 87, ""2"": 124, ""3"": 80, ""4"": 66}",False,23.0,-40.0,3.0,57.0,32.0,0.08,14.0,12.5,15.5,11.0,0.0,4.5,0.0,0.0,10.0,38.5,16.0,5.0,17.0,1.0,0.0,1.0,2.0,1.0,0.0,0.0,0.0,64.0,66.0,0.6925,0.7619047619047619,0.0264,0.0256,0.1775,0.8068181818181818,0.19318181818181818,0.575,0.8333333333333334,1.0,0.525,0.4684951816160119,0.0
20260629_202157_89a44e2f,20260629_202157_89a44e2f_g0031,31,659641332,7,64,64,66,3,4,GREEN,pool_l45_100ms,3,2,[2],0,66,4,"{""1"": 87, ""2"": 124, ""3"": 80, ""4"": 66}",False,8.0,-70.0,3.0,32.0,32.0,0.08,0.0,0.0,0.0,0.0,0.0,0.0,0.0,0.0,24.0,8.0,14.0,7.0,27.0,0.0,0.0,2.0,4.0,1.0,0.0,0.0,0.0,64.0,66.0,0.6925,0.6666666666666666,0.0264,0.0256,0.1525,0.6931818181818182,0.3068181818181818,0.2,0.11666666666666667,1.0,0.65,0.4288179465056082,0.0
20260629_202157_89a44e2f,20260629_202157_89a44e2f_g0032,32,1399597192,0,8,8,8,1,1,RED,champ_v3,0,1,[1],1,118,1,"{""1"": 118, ""2"": 77, ""3"": 86, ""4"": 90}",False,9.0,-14.0,9.0,0.0,0.0,0.0,543.0,122.625,488.75,9.0,15.0,41.25,153.5,270.0,1311.0,497.75,2.0,19.0,78.0,1.0,1.0,2.0,6.0,9.0,1.0,0.0,0.0,8.0,8.0,0.1,0.09523809523809523,0.0032,0.0032,0.025,0.11363636363636363,0.8863636363636364,0.225,1.0,1.0,0.19166666666666668,0.23684210526315785,0.0
20260629_202157_89a44e2f,20260629_202157_89a44e2f_g0032,32,1399597192,0,8,8,8,1,2,BLUE,pool_heuristic,1,1,[1],0,77,4,"{""1"": 118, ""2"": 77, ""3"": 86, ""4"": 90}",False,7.0,-18.0,9.0,0.0,0.0,0.0,404.0,105.5,425.0,7.0,12.0,34.5,134.0,237.5,1450.0,432.0,2.0,19.0,78.0,1.0,1.0,2.0,6.0,9.0,1.0,1.0,1.0,8.0,8.0,0.1,0.09523809523809523,0.0032,0.0032,0.025,0.11363636363636363,0.8863636363636364,0.175,1.0,1.0,0.20833333333333334,0.2421052631578947,0.0
20260629_202157_89a44e2f,20260629_202157_89a44e2f_g0032,32,1399597192,0,8,8,8,1,3,YELLOW,pool_l45_100ms,2,1,[1],0,86,3,"{""1"": 118, ""2"": 77, ""3"": 86, ""4"": 90}",False,7.0,-18.0,9.0,0.0,0.0,0.0,364.0,86.0,341.875,7.0,10.0,27.0,108.5,189.375,1490.0,348.875,2.0,19.0,78.0,1.0,1.0,2.0,6.0,9.0,1.0,1.0,0.0,8.0,8.0,0.1,0.09523809523809523,0.0032,0.0032,0.025,0.11363636363636363,0.8863636363636364,0.175,1.0,1.0,0.20833333333333334,0.17368421052631577,0.0
20260629_202157_89a44e2f,20260629_202157_89a44e2f_g0032,32,1399597192,0,8,8,8,1,4,GREEN,pool_peer_500ms,3,1,[1],0,90,2,"{""1"": 118, ""2"": 77, ""3"": 86, ""4"": 90}",False,9.0,-14.0,9.0,0.0,0.0,0.0,543.0,122.625,488.75,9.0,15.0,41.25,153.5,270.0,1311.0,497.75,2.0,19.0,78.0,1.0,1.0,2.0,6.0,9.0,1.0,0.0,0.0,8.0,8.0,0.1,0.09523809523809523,0.0032,0.0032,0.025,0.11363636363636363,0.8863636363636364,0.225,1.0,1.0,0.19166666666666668,0.23684210526315785,0.0
20260629_202157_89a44e2f,20260629_202157_89a44e2f_g0032,32,1399597192,1,16,16,16,1,1,RED,champ_v3,0,1,[1],1,118,1,"{""1"": 118, ""2"": 77, ""3"": 86, ""4"": 90}",False,15.0,-24.0,2.0,2.0,0.0,0.0,713.0,175.875,676.0,15.0,24.0,66.75,251.5,318.75,1582.0,691.0,4.0,17.0,68.0,1.0,1.0,2.0,6.0,7.0,1.0,0.0,0.0,16.0,16.0,0.2,0.19047619047619047,0.0064,0.0064,0.05,0.22727272727272727,0.7727272727272727,0.375,1.0,1.0,0.325,0.4605263157894737,0.0
20260629_202157_89a44e2f,20260629_202157_89a44e2f_g0032,32,1399597192,1,16,16,16,1,2,BLUE,pool_heuristic,1,1,[1],0,77,4,"{""1"": 118, ""2"": 77, ""3"": 86, ""4"": 90}",False,13.0,-28.0,3.0,2.0,0.0,0.0,457.0,126.375,487.125,11.0,17.0,46.5,177.0,235.625,1838.0,500.125,4.0,17.0,68.0,1.0,1.0,2.0,6.0,7.0,1.0,1.0,1.0,16.0,16.0,0.2,0.19047619047619047,0.0064,0.0064,0.05,0.22727272727272727,0.7727272727272727,0.325,1.0,1.0,0.3416666666666667,0.4552631578947368,0.0
20260629_202157_89a44e2f,20260629_202157_89a44e2f_g0032,32,1399597192,1,16,16,16,1,3,YELLOW,pool_l45_100ms,2,1,[1],0,86,3,"{""1"": 118, ""2"": 77, ""3"": 86, ""4"": 90}",False,11.0,-32.0,5.0,2.0,0.0,0.0,418.0,100.375,376.5,11.0,15.0,36.0,139.5,175.0,1877.0,387.5,4.0,17.0,68.0,1.0,1.0,2.0,6.0,7.0,1.0,0.0,0.0,16.0,16.0,0.2,0.19047619047619047,0.0064,0.0064,0.05,0.22727272727272727,0.7727272727272727,0.275,1.0,1.0,0.35833333333333334,0.3526315789473684,0.0
20260629_202157_89a44e2f,20260629_202157_89a44e2f_g0032,32,1399597192,1,16,16,16,1,4,GREEN,pool_peer_500ms,3,1,[1],0,90,2,"{""1"": 118, ""2"": 77, ""3"": 86, ""4"": 90}",False,15.0,-24.0,4.0,2.0,0.0,0.0,707.0,176.875,681.625,15.0,25.0,66.0,245.0,330.625,1588.0,696.625,4.0,17.0,68.0,1.0,1.0,2.0,6.0,7.0,1.0,0.0,0.0,16.0,16.0,0.2,0.19047619047619047,0.0064,0.0064,0.05,0.22727272727272727,0.7727272727272727,0.375,1.0,1.0,0.325,0.4526315789473684,0.0
20260629_202157_89a44e2f,20260629_202157_89a44e2f_g0032,32,1399597192,2,24,24,24,1,1,RED,champ_v3,0,1,[1],1,118,1,"{""1"": 118, ""2"": 77, ""3"": 86, ""4"": 90}",False,22.0,-28.0,0.0,4.0,1.0,0.0025,574.0,160.25,562.125,22.0,29.0,70.5,242.5,198.125,715.0,584.125,6.0,15.0,58.0,1.0,1.0,2.0,6.0,5.0,0.0,0.0,0.0,24.0,24.0,0.3,0.2857142857142857,0.0096,0.0096,0.075,0.3409090909090909,0.6590909090909091,0.55,1.0,1.0,0.4166666666666667,0.5912280701754387,0.0
20260629_202157_89a44e2f,20260629_202157_89a44e2f_g0032,32,1399597192,2,24,24,24,1,2,BLUE,pool_heuristic,1,1,[1],0,77,4,"{""1"": 118, ""2"": 77, ""3"": 86, ""4"": 90}",False,17.0,-38.0,3.0,7.0,1.0,0.0025,136.0,45.25,138.125,12.0,10.0,17.25,54.5,44.375,1153.0,155.125,6.0,15.0,58.0,1.0,1.0,2.0,6.0,5.0,0.0,1.0,1.0,24.0,24.0,0.3,0.2857142857142857,0.0096,0.0096,0.075,0.3409090909090909,0.6590909090909091,0.425,1.0,1.0,0.4583333333333333,0.45438596491228067,0.0
20260629_202157_89a44e2f,20260629_202157_89a44e2f_g0032,32,1399597192,2,24,24,24,1,3,YELLOW,pool_l45_100ms,2,1,[1],0,86,3,"{""1"": 118, ""2"": 77, ""3"": 86, ""4"": 90}",False,13.0,-46.0,4.0,12.0,1.0,0.0025,153.0,46.75,141.375,12.0,12.0,20.25,51.5,45.625,1136.0,154.375,6.0,15.0,58.0,1.0,1.0,2.0,6.0,5.0,0.0,0.0,0.0,24.0,24.0,0.3,0.2857142857142857,0.0096,0.0096,0.075,0.3409090909090909,0.6590909090909091,0.325,1.0,1.0,0.4916666666666667,0.4385964912280702,0.0
20260629_202157_89a44e2f,20260629_202157_89a44e2f_g0032,32,1399597192,2,24,24,24,1,4,GREEN,pool_peer_500ms,3,1,[1],0,90,2,"{""1"": 118, ""2"": 77, ""3"": 86, ""4"": 90}",False,20.0,-32.0,2.0,12.0,1.0,0.0025,426.0,128.5,447.25,18.0,25.0,57.0,191.0,156.25,863.0,467.25,6.0,15.0,58.0,1.0,1.0,2.0,6.0,5.0,1.0,0.0,0.0,24.0,24.0,0.3,0.2857142857142857,0.0096,0.0096,0.075,0.3409090909090909,0.6590909090909091,0.5,1.0,1.0,0.4333333333333333,0.5017543859649123,0.0
20260629_202157_89a44e2f,20260629_202157_89a44e2f_g0032,32,1399597192,3,32,32,32,1,1,RED,champ_v3,0,1,[1],1,118,1,"{""1"": 118, ""2"": 77, ""3"": 86, ""4"": 90}",False,26.0,-31.0,0.0,17.0,1.0,0.0025,287.0,96.5,294.25,21.0,24.0,48.0,145.0,56.25,440.0,320.25,8.0,13.0,48.0,1.0,1.0,2.0,6.0,3.0,0.0,0.0,0.0,32.0,32.0,0.3975,0.38095238095238093,0.0128,0.0128,0.1,0.45454545454545453,0.5454545454545454,0.65,1.0,1.0,0.475,0.6131578947368421,0.0
20260629_202157_89a44e2f,20260629_202157_89a44e2f_g0032,32,1399597192,3,32,32,32,1,2,BLUE,pool_heuristic,1,1,[1],0,77,4,"{""1"": 118, ""2"": 77, ""3"": 86, ""4"": 90}",False,19.0,-45.0,3.0,8.0,1.0,0.0025,21.0,15.75,21.625,12.0,5.0,1.5,2.5,0.625,706.0,40.625,8.0,13.0,48.0,1.0,1.0,2.0,6.0,3.0,0.0,0.0,1.0,32.0,32.0,0.3975,0.38095238095238093,0.0128,0.0128,0.1,0.45454545454545453,0.5454545454545454,0.475,1.0,1.0,0.5333333333333333,0.45789473684210524,0.0
20260629_202157_89a44e2f,20260629_202157_89a44e2f_g0032,32,1399597192,3,32,32,32,1,3,YELLOW,pool_l45_100ms,2,1,[1],0,86,3,"{""1"": 118, ""2"": 77, ""3"": 86, ""4"": 90}",False,14.0,-55.0,1.0,18.0,1.0,0.0025,63.0,28.25,62.25,13.0,10.0,11.25,18.0,10.0,664.0,76.25,8.0,13.0,48.0,1.0,1.0,2.0,6.0,3.0,0.0,0.0,0.0,32.0,32.0,0.3975,0.38095238095238093,0.0128,0.0128,0.1,0.45454545454545453,0.5454545454545454,0.35,1.0,1.0,0.575,0.4776315789473684,0.0
20260629_202157_89a44e2f,20260629_202157_89a44e2f_g0032,32,1399597192,3,32,32,32,1,4,GREEN,pool_peer_500ms,3,1,[1],0,90,2,"{""1"": 118, ""2"": 77, ""3"": 86, ""4"": 90}",False,24.0,-35.0,2.0,21.0,1.0,0.0025,356.0,109.875,363.0,19.0,24.0,54.75,151.5,113.75,371.0,387.0,8.0,13.0,49.0,1.0,1.0,2.0,5.0,4.0,1.0,0.0,0.0,32.0,32.0,0.3975,0.38095238095238093,0.0128,0.0128,0.0975,0.4431818181818182,0.5568181818181818,0.6,1.0,1.0,0.4916666666666667,0.5398110661268556,0.0
20260629_202157_89a44e2f,20260629_202157_89a44e2f_g0032,32,1399597192,4,40,40,40,1,1,RED,champ_v3,0,1,[1],1,118,1,"{""1"": 118, ""2"": 77, ""3"": 86, ""4"": 90}",False,30.0,-25.0,0.0,28.0,23.0,0.0575,149.0,57.25,151.5,17.0,18.0,30.0,79.0,7.5,208.0,181.5,10.0,11.0,38.0,1.0,1.0,2.0,6.0,1.0,0.0,0.0,0.0,40.0,40.0,0.495,0.47619047619047616,0.016,0.016,0.125,0.5681818181818182,0.4318181818181818,0.75,1.0,1.0,0.4583333333333333,0.6052631578947368,0.0
20260629_202157_89a44e2f,20260629_202157_89a44e2f_g0032,32,1399597192,4,40,40,40,1,2,BLUE,pool_heuristic,1,1,[1],0,77,4,"{""1"": 118, ""2"": 77, ""3"": 86, ""4"": 90}",False,19.0,-47.0,3.0,10.0,23.0,0.0575,33.0,20.5,36.25,13.0,6.0,5.25,7.0,5.0,324.0,55.25,10.0,11.0,38.0,1.0,1.0,2.0,6.0,1.0,0.0,0.0,1.0,40.0,40.0,0.495,0.47619047619047616,0.016,0.016,0.125,0.5681818181818182,0.4318181818181818,0.475,1.0,1.0,0.55,0.45052631578947366,0.0
20260629_202157_89a44e2f,20260629_202157_89a44e2f_g0032,32,1399597192,4,40,40,40,1,3,YELLOW,pool_l45_100ms,2,1,[1],0,86,3,"{""1"": 118, ""2"": 77, ""3"": 86, ""4"": 90}",False,10.0,-65.0,1.0,18.0,23.0,0.0575,20.0,13.125,19.25,9.0,5.0,3.75,1.5,0.0,337.0,29.25,10.0,11.0,39.0,1.0,1.0,2.0,5.0,2.0,0.0,0.0,0.0,40.0,40.0,0.495,0.47619047619047616,0.016,0.016,0.1225,0.5568181818181818,0.4431818181818182,0.25,0.7166666666666667,1.0,0.625,0.4532760472610097,0.0
20260629_202157_89a44e2f,20260629_202157_89a44e2f_g0032,32,1399597192,4,40,40,40,1,4,GREEN,pool_peer_500ms,3,1,[1],0,90,2,"{""1"": 118, ""2"": 77, ""3"": 86, ""4"": 90}",False,26.0,-33.0,0.0,30.0,23.0,0.0575,155.0,61.0,162.0,19.0,18.0,32.25,74.0,18.75,202.0,188.0,10.0,11.0,39.0,1.0,1.0,2.0,5.0,2.0,1.0,0.0,0.0,40.0,40.0,0.495,0.47619047619047616,0.016,0.016,0.1225,0.5568181818181818,0.4431818181818182,0.65,1.0,1.0,0.4916666666666667,0.5735767991407089,0.0
20260629_202157_89a44e2f,20260629_202157_89a44e2f_g0032,32,1399597192,5,48,48,48,1,1,RED,champ_v3,0,1,[1],1,118,1,"{""1"": 118, ""2"": 77, ""3"": 86, ""4"": 90}",False,29.0,-24.0,0.0,42.0,23.0,0.0575,98.0,40.875,96.5,15.0,14.0,24.0,43.5,0.0,117.0,125.5,12.0,9.0,29.0,1.0,1.0,2.0,5.0,0.0,0.0,0.0,0.0,48.0,48.0,0.58,0.5714285714285714,0.0192,0.0192,0.1475,0.6704545454545454,0.32954545454545453,0.725,1.0,0.8,0.4416666666666667,0.5985727029438002,0.0
20260629_202157_89a44e2f,20260629_202157_89a44e2f_g0032,32,1399597192,5,48,48,48,1,2,BLUE,pool_heuristic,1,1,[1],0,77,4,"{""1"": 118, ""2"": 77, ""3"": 86, ""4"": 90}",False,18.0,-46.0,3.0,23.0,23.0,0.0575,19.0,14.875,19.0,12.0,4.0,1.5,1.5,0.0,196.0,37.0,12.0,9.0,30.0,1.0,1.0,1.0,6.0,0.0,0.0,0.0,0.0,48.0,48.0,0.58,0.5714285714285714,0.0192,0.0192,0.145,0.6590909090909091,0.3409090909090909,0.45,0.95,0.8,0.5333333333333333,0.4773139745916515,0.0
20260629_202157_89a44e2f,20260629_202157_89a44e2f_g0032,32,1399597192,5,48,48,48,1,3,YELLOW,pool_l45_100ms,2,1,[1],0,86,3,"{""1"": 118, ""2"": 77, ""3"": 86, ""4"": 90}",False,9.0,-64.0,1.0,30.0,23.0,0.0575,18.0,10.25,19.5,6.0,3.0,3.75,3.0,3.75,197.0,28.5,12.0,9.0,31.0,1.0,1.0,2.0,3.0,2.0,0.0,0.0,0.0,48.0,48.0,0.58,0.5714285714285714,0.0192,0.0192,0.1425,0.6477272727272727,0.3522727272727273,0.225,0.7666666666666667,1.0,0.6083333333333333,0.47091412742382277,0.0
20260629_202157_89a44e2f,20260629_202157_89a44e2f_g0032,32,1399597192,5,48,48,48,1,4,GREEN,pool_peer_500ms,3,1,[1],0,90,2,"{""1"": 118, ""2"": 77, ""3"": 86, ""4"": 90}",False,26.0,-30.0,0.0,42.0,23.0,0.0575,80.0,37.375,80.75,17.0,12.0,18.75,30.5,2.5,135.0,106.75,12.0,9.0,30.0,1.0,1.0,2.0,4.0,1.0,0.0,0.0,0.0,48.0,48.0,0.58,0.5714285714285714,0.0192,0.0192,0.145,0.6590909090909091,0.3409090909090909,0.65,1.0,1.0,0.4666666666666667,0.5535390199637024,0.0
20260629_202157_89a44e2f,20260629_202157_89a44e2f_g0032,32,1399597192,6,56,56,56,1,1,RED,champ_v3,0,1,[1],1,118,1,"{""1"": 118, ""2"": 77, ""3"": 86, ""4"": 90}",False,31.0,-23.0,0.0,54.0,21.0,0.0525,53.0,28.25,55.25,14.0,11.0,14.25,16.0,0.0,48.0,86.25,14.0,7.0,21.0,1.0,1.0,2.0,3.0,0.0,0.0,0.0,0.0,56.0,56.0,0.6625,0.6666666666666666,0.0224,0.0224,0.1675,0.7613636363636364,0.23863636363636365,0.775,1.0,0.8,0.45,0.5805184603299293,0.0
20260629_202157_89a44e2f,20260629_202157_89a44e2f_g0032,32,1399597192,6,56,56,56,1,2,BLUE,pool_heuristic,1,1,[1],0,77,4,"{""1"": 118, ""2"": 77, ""3"": 86, ""4"": 90}",False,19.0,-47.0,3.0,32.0,21.0,0.0525,16.0,13.0,18.0,10.0,3.0,3.0,2.0,0.0,85.0,37.0,14.0,7.0,22.0,1.0,1.0,1.0,4.0,0.0,0.0,0.0,0.0,56.0,56.0,0.6625,0.6666666666666666,0.0224,0.0224,0.165,0.75,0.25,0.475,0.9333333333333333,0.8,0.55,0.44577352472089304,0.0
20260629_202157_89a44e2f,20260629_202157_89a44e2f_g0032,32,1399597192,6,56,56,56,1,3,YELLOW,pool_l45_100ms,2,1,[1],0,86,3,"{""1"": 118, ""2"": 77, ""3"": 86, ""4"": 90}",False,10.0,-65.0,1.0,46.0,21.0,0.0525,10.0,8.25,9.75,7.0,2.0,0.75,0.0,0.0,91.0,19.75,14.0,7.0,21.0,1.0,1.0,2.0,3.0,0.0,0.0,0.0,0.0,56.0,56.0,0.6625,0.6666666666666666,0.0224,0.0224,0.1675,0.7613636363636364,0.23863636363636365,0.25,0.38333333333333336,0.8,0.625,0.45090337784760404,0.0
20260629_202157_89a44e2f,20260629_202157_89a44e2f_g0032,32,1399597192,6,56,56,56,1,4,GREEN,pool_peer_500ms,3,1,[1],0,90,2,"{""1"": 118, ""2"": 77, ""3"": 86, ""4"": 90}",False,25.0,-35.0,0.0,48.0,21.0,0.0525,22.0,18.5,23.5,15.0,5.0,1.5,2.0,0.0,79.0,48.5,14.0,7.0,23.0,1.0,1.0,1.0,3.0,1.0,0.0,0.0,0.0,56.0,56.0,0.6625,0.6666666666666666,0.0224,0.0224,0.1625,0.7386363636363636,0.26136363636363635,0.625,0.85,1.0,0.5,0.5182186234817814,0.0
20260629_202157_89a44e2f,20260629_202157_89a44e2f_g0032,32,1399597192,7,64,64,64,1,1,RED,champ_v3,0,1,[1],1,118,1,"{""1"": 118, ""2"": 77, ""3"": 86, ""4"": 90}",False,27.0,-23.0,0.0,65.0,30.0,0.075,35.0,21.5,37.0,12.0,9.0,12.0,4.0,0.0,7.0,64.0,16.0,5.0,13.0,1.0,1.0,2.0,1.0,0.0,0.0,0.0,0.0,64.0,64.0,0.71,0.7619047619047619,0.0256,0.0256,0.1875,0.8522727272727273,0.14772727272727273,0.675,1.0,0.8,0.4166666666666667,0.583859649122807,0.0
20260629_202157_89a44e2f,20260629_202157_89a44e2f_g0032,32,1399597192,7,64,64,64,1,2,BLUE,pool_heuristic,1,1,[1],0,77,4,"{""1"": 118, ""2"": 77, ""3"": 86, ""4"": 90}",False,19.0,-39.0,3.0,41.0,30.0,0.075,3.0,1.5,4.0,0.0,2.0,0.0,2.0,0.0,39.0,23.0,16.0,5.0,18.0,0.0,1.0,0.0,4.0,0.0,0.0,0.0,0.0,64.0,64.0,0.71,0.7619047619047619,0.0256,0.0256,0.175,0.7954545454545454,0.20454545454545456,0.475,0.6833333333333333,0.8,0.4833333333333333,0.44511278195488724,0.0
20260629_202157_89a44e2f,20260629_202157_89a44e2f_g0032,32,1399597192,7,64,64,64,1,3,YELLOW,pool_l45_100ms,2,1,[1],0,86,3,"{""1"": 118, ""2"": 77, ""3"": 86, ""4"": 90}",False,8.0,-61.0,1.0,53.0,30.0,0.075,0.0,0.0,0.0,0.0,0.0,0.0,0.0,0.0,42.0,8.0,16.0,5.0,17.0,0.0,1.0,1.0,3.0,0.0,0.0,0.0,0.0,64.0,64.0,0.71,0.7619047619047619,0.0256,0.0256,0.1775,0.8068181818181818,0.19318181818181818,0.2,0.3,0.8,0.575,0.46330615270570785,0.0
20260629_202157_89a44e2f,20260629_202157_89a44e2f_g0032,32,1399597192,7,64,64,64,1,4,GREEN,pool_peer_500ms,3,1,[1],0,90,2,"{""1"": 118, ""2"": 77, ""3"": 86, ""4"": 90}",False,23.0,-31.0,0.0,56.0,30.0,0.075,4.0,2.0,7.0,0.0,0.0,3.0,4.0,0.0,38.0,30.0,16.0,5.0,20.0,0.0,0.0,1.0,3.0,1.0,0.0,0.0,0.0,64.0,64.0,0.71,0.7619047619047619,0.0256,0.0256,0.17,0.7727272727272727,0.22727272727272727,0.575,0.8166666666666667,1.0,0.45,0.5162538699690402,0.0
20260629_202157_89a44e2f,20260629_202157_89a44e2f_g0033,33,700788431,0,8,8,8,1,1,RED,pool_heuristic,0,4,[4],0,71,4,"{""1"": 71, ""2"": 77, ""3"": 93, ""4"": 106}",False,6.0,-17.0,9.0,0.0,3.0,0.0075,238.0,63.75,247.125,6.0,9.0,21.75,78.5,131.875,1413.0,253.125,2.0,19.0,78.0,1.0,1.0,2.0,6.0,9.0,1.0,1.0,1.0,8.0,8.0,0.1,0.09523809523809523,0.0032,0.0032,0.025,0.11363636363636363,0.8863636363636364,0.15,1.0,1.0,0.19166666666666668,0.22105263157894728,0.0
20260629_202157_89a44e2f,20260629_202157_89a44e2f_g0033,33,700788431,0,8,8,8,1,2,BLUE,pool_l45_100ms,1,4,[4],0,77,3,"{""1"": 71, ""2"": 77, ""3"": 93, ""4"": 106}",False,5.0,-19.0,9.0,0.0,3.0,0.0075,327.0,76.25,309.5,5.0,8.0,24.0,95.0,177.5,1324.0,314.5,2.0,19.0,78.0,1.0,1.0,2.0,6.0,9.0,1.0,1.0,0.0,8.0,8.0,0.1,0.09523809523809523,0.0032,0.0032,0.025,0.11363636363636363,0.8863636363636364,0.125,1.0,1.0,0.2,0.15263157894736834,0.0
20260629_202157_89a44e2f,20260629_202157_89a44e2f_g0033,33,700788431,0,8,8,8,1,3,YELLOW,pool_peer_500ms,2,4,[4],0,93,2,"{""1"": 71, ""2"": 77, ""3"": 93, ""4"": 106}",False,9.0,-11.0,9.0,0.0,3.0,0.0075,543.0,122.625,488.75,9.0,15.0,41.25,153.5,270.0,1108.0,497.75,2.0,19.0,78.0,1.0,1.0,2.0,6.0,9.0,1.0,0.0,0.0,8.0,8.0,0.1,0.09523809523809523,0.0032,0.0032,0.025,0.11363636363636363,0.8863636363636364,0.225,1.0,1.0,0.16666666666666669,0.23684210526315785,0.0
20260629_202157_89a44e2f,20260629_202157_89a44e2f_g0033,33,700788431,0,8,8,8,1,4,GREEN,champ_v3,3,4,[4],1,106,1,"{""1"": 71, ""2"": 77, ""3"": 93, ""4"": 106}",False,9.0,-11.0,9.0,0.0,3.0,0.0075,543.0,122.625,488.75,9.0,15.0,41.25,153.5,270.0,1108.0,497.75,2.0,19.0,78.0,1.0,1.0,2.0,6.0,9.0,1.0,0.0,0.0,8.0,8.0,0.1,0.09523809523809523,0.0032,0.0032,0.025,0.11363636363636363,0.8863636363636364,0.225,1.0,1.0,0.16666666666666669,0.23684210526315785,0.0
20260629_202157_89a44e2f,20260629_202157_89a44e2f_g0033,33,700788431,1,16,16,16,1,1,RED,pool_heuristic,0,4,[4],0,71,4,"{""1"": 71, ""2"": 77, ""3"": 93, ""4"": 106}",False,14.0,-26.0,3.0,0.0,3.0,0.0075,517.0,154.0,585.875,14.0,23.0,59.25,216.5,273.125,2013.0,599.875,4.0,17.0,68.0,1.0,1.0,2.0,6.0,7.0,1.0,1.0,1.0,16.0,16.0,0.2,0.19047619047619047,0.0064,0.0064,0.05,0.22727272727272727,0.7727272727272727,0.35,1.0,1.0,0.33333333333333337,0.45789473684210524,0.0
20260629_202157_89a44e2f,20260629_202157_89a44e2f_g0033,33,700788431,1,16,16,16,1,2,BLUE,pool_l45_100ms,1,4,[4],0,77,3,"{""1"": 71, ""2"": 77, ""3"": 93, ""4"": 106}",False,9.0,-36.0,6.0,0.0,3.0,0.0075,502.0,118.0,457.875,9.0,16.0,44.25,170.5,218.125,2028.0,466.875,4.0,17.0,68.0,1.0,1.0,2.0,6.0,7.0,1.0,0.0,0.0,16.0,16.0,0.2,0.19047619047619047,0.0064,0.0064,0.05,0.22727272727272727,0.7727272727272727,0.225,1.0,1.0,0.375,0.3263157894736842,0.0
20260629_202157_89a44e2f,20260629_202157_89a44e2f_g0033,33,700788431,1,16,16,16,1,3,YELLOW,pool_peer_500ms,2,4,[4],0,93,2,"{""1"": 71, ""2"": 77, ""3"": 93, ""4"": 106}",False,16.0,-22.0,0.0,3.0,3.0,0.0075,805.0,200.625,780.375,15.0,27.0,76.5,285.0,376.875,1725.0,796.375,4.0,17.0,68.0,1.0,1.0,2.0,6.0,7.0,1.0,0.0,0.0,16.0,16.0,0.2,0.19047619047619047,0.0064,0.0064,0.05,0.22727272727272727,0.7727272727272727,0.4,1.0,1.0,0.31666666666666665,0.49473684210526314,0.0
20260629_202157_89a44e2f,20260629_202157_89a44e2f_g0033,33,700788431,1,16,16,16,1,4,GREEN,champ_v3,3,4,[4],1,106,1,"{""1"": 71, ""2"": 77, ""3"": 93, ""4"": 106}",False,15.0,-24.0,1.0,3.0,3.0,0.0075,706.0,177.875,681.375,15.0,26.0,69.0,252.0,319.375,1824.0,696.375,4.0,17.0,68.0,1.0,1.0,2.0,6.0,7.0,1.0,0.0,0.0,16.0,16.0,0.2,0.19047619047619047,0.0064,0.0064,0.05,0.22727272727272727,0.7727272727272727,0.375,1.0,1.0,0.325,0.4894736842105264,0.0
20260629_202157_89a44e2f,20260629_202157_89a44e2f_g0033,33,700788431,2,24,24,24,1,1,RED,pool_heuristic,0,4,[4],0,71,4,"{""1"": 71, ""2"": 77, ""3"": 93, ""4"": 106}",False,16.0,-38.0,3.0,3.0,3.0,0.0075,270.0,92.5,315.5,14.0,20.0,42.75,130.0,108.75,1233.0,331.5,6.0,15.0,58.0,1.0,1.0,2.0,6.0,5.0,0.0,1.0,1.0,24.0,24.0,0.2975,0.2857142857142857,0.0096,0.0096,0.075,0.3409090909090909,0.6590909090909091,0.4,1.0,1.0,0.45,0.5052631578947369,0.0
20260629_202157_89a44e2f,20260629_202157_89a44e2f_g0033,33,700788431,2,24,24,24,1,2,BLUE,pool_l45_100ms,1,4,[4],0,77,3,"{""1"": 71, ""2"": 77, ""3"": 93, ""4"": 106}",False,13.0,-44.0,6.0,1.0,3.0,0.0075,191.0,55.75,172.75,12.0,15.0,27.0,70.0,48.75,1312.0,185.75,6.0,15.0,58.0,1.0,1.0,2.0,6.0,5.0,0.0,0.0,0.0,24.0,24.0,0.2975,0.2857142857142857,0.0096,0.0096,0.075,0.3409090909090909,0.6590909090909091,0.325,1.0,1.0,0.475,0.38596491228070173,0.0
20260629_202157_89a44e2f,20260629_202157_89a44e2f_g0033,33,700788431,2,24,24,24,1,3,YELLOW,pool_peer_500ms,2,4,[4],0,93,2,"{""1"": 71, ""2"": 77, ""3"": 93, ""4"": 106}",False,20.0,-30.0,0.0,12.0,3.0,0.0075,521.0,145.5,519.0,18.0,26.0,64.5,218.0,192.5,982.0,539.0,6.0,15.0,58.0,1.0,1.0,2.0,6.0,5.0,0.0,0.0,0.0,24.0,24.0,0.2975,0.2857142857142857,0.0096,0.0096,0.075,0.3409090909090909,0.6590909090909091,0.5,1.0,1.0,0.4166666666666667,0.5912280701754387,0.0
20260629_202157_89a44e2f,20260629_202157_89a44e2f_g0033,33,700788431,2,24,24,24,1,4,GREEN,champ_v3,3,4,[4],1,106,1,"{""1"": 71, ""2"": 77, ""3"": 93, ""4"": 106}",False,21.0,-28.0,0.0,9.0,3.0,0.0075,521.0,146.0,520.0,20.0,27.0,64.5,186.0,222.5,982.0,541.0,6.0,15.0,59.0,1.0,1.0,2.0,5.0,6.0,1.0,0.0,0.0,24.0,24.0,0.2975,0.2857142857142857,0.0096,0.0096,0.0725,0.32954545454545453,0.6704545454545454,0.525,1.0,1.0,0.4083333333333333,0.6025408348457351,0.0
20260629_202157_89a44e2f,20260629_202157_89a44e2f_g0033,33,700788431,3,32,32,32,1,1,RED,pool_heuristic,0,4,[4],0,71,4,"{""1"": 71, ""2"": 77, ""3"": 93, ""4"": 106}",False,19.0,-43.0,3.0,3.0,9.0,0.0225,148.0,58.125,157.75,17.0,19.0,30.75,63.5,27.5,591.0,176.75,8.0,13.0,48.0,1.0,1.0,2.0,6.0,3.0,0.0,1.0,0.0,32.0,32.0,0.395,0.38095238095238093,0.0128,0.0128,0.1,0.45454545454545453,0.5454545454545454,0.475,1.0,1.0,0.5166666666666667,0.4881578947368421,0.0
20260629_202157_89a44e2f,20260629_202157_89a44e2f_g0033,33,700788431,3,32,32,32,1,2,BLUE,pool_l45_100ms,1,4,[4],0,77,3,"{""1"": 71, ""2"": 77, ""3"": 93, ""4"": 106}",False,16.0,-49.0,6.0,11.0,9.0,0.0225,82.0,35.375,81.25,14.0,14.0,16.5,30.5,6.25,657.0,97.25,8.0,13.0,48.0,1.0,1.0,2.0,6.0,3.0,0.0,0.0,0.0,32.0,32.0,0.395,0.38095238095238093,0.0128,0.0128,0.1,0.45454545454545453,0.5454545454545454,0.4,1.0,1.0,0.5416666666666667,0.4078947368421053,0.0
20260629_202157_89a44e2f,20260629_202157_89a44e2f_g0033,33,700788431,3,32,32,32,1,3,YELLOW,pool_peer_500ms,2,4,[4],0,93,2,"{""1"": 71, ""2"": 77, ""3"": 93, ""4"": 106}",False,21.0,-39.0,0.0,21.0,9.0,0.0225,210.0,75.75,232.25,16.0,19.0,38.25,114.0,45.0,529.0,253.25,8.0,13.0,48.0,1.0,1.0,2.0,6.0,3.0,0.0,0.0,0.0,32.0,32.0,0.395,0.38095238095238093,0.0128,0.0128,0.1,0.45454545454545453,0.5454545454545454,0.525,1.0,1.0,0.5,0.6078947368421053,0.0
20260629_202157_89a44e2f,20260629_202157_89a44e2f_g0033,33,700788431,3,32,32,32,1,4,GREEN,champ_v3,3,4,[4],1,106,1,"{""1"": 71, ""2"": 77, ""3"": 93, ""4"": 106}",False,25.0,-31.0,0.0,19.0,9.0,0.0225,299.0,109.625,343.625,23.0,29.0,60.0,116.0,115.625,440.0,368.625,8.0,13.0,50.0,1.0,1.0,2.0,4.0,5.0,1.0,0.0,0.0,32.0,32.0,0.395,0.38095238095238093,0.0128,0.0128,0.095,0.4318181818181818,0.5681818181818182,0.625,1.0,1.0,0.4666666666666667,0.6218836565096952,0.0
20260629_202157_89a44e2f,20260629_202157_89a44e2f_g0033,33,700788431,4,40,40,40,1,1,RED,pool_heuristic,0,4,[4],0,71,4,"{""1"": 71, ""2"": 77, ""3"": 93, ""4"": 106}",False,21.0,-47.0,3.0,10.0,10.0,0.025,66.0,34.75,68.75,17.0,13.0,19.5,18.0,1.25,246.0,89.75,10.0,11.0,39.0,1.0,1.0,2.0,5.0,2.0,0.0,0.0,0.0,40.0,40.0,0.485,0.47619047619047616,0.016,0.016,0.1225,0.5568181818181818,0.4431818181818182,0.525,1.0,1.0,0.5666666666666667,0.46616541353383456,0.0
20260629_202157_89a44e2f,20260629_202157_89a44e2f_g0033,33,700788431,4,40,40,40,1,2,BLUE,pool_l45_100ms,1,4,[4],0,77,3,"{""1"": 71, ""2"": 77, ""3"": 93, ""4"": 106}",False,14.0,-61.0,4.0,14.0,10.0,0.025,46.0,23.875,48.875,12.0,9.0,9.0,12.0,6.875,266.0,62.875,10.0,11.0,39.0,1.0,1.0,2.0,5.0,2.0,0.0,0.0,0.0,40.0,40.0,0.485,0.47619047619047616,0.016,0.016,0.1225,0.5568181818181818,0.4431818181818182,0.35,1.0,1.0,0.625,0.41997851772287864,0.0
20260629_202157_89a44e2f,20260629_202157_89a44e2f_g0033,33,700788431,4,40,40,40,1,3,YELLOW,pool_peer_500ms,2,4,[4],0,93,2,"{""1"": 71, ""2"": 77, ""3"": 93, ""4"": 106}",False,23.0,-43.0,0.0,28.0,10.0,0.025,102.0,46.125,107.5,18.0,17.0,22.5,42.5,7.5,210.0,130.5,10.0,11.0,39.0,1.0,1.0,2.0,5.0,2.0,0.0,0.0,0.0,40.0,40.0,0.485,0.47619047619047616,0.016,0.016,0.1225,0.5568181818181818,0.4431818181818182,0.575,1.0,1.0,0.55,0.619763694951665,0.0
20260629_202157_89a44e2f,20260629_202157_89a44e2f_g0033,33,700788431,4,40,40,40,1,4,GREEN,champ_v3,3,4,[4],1,106,1,"{""1"": 71, ""2"": 77, ""3"": 93, ""4"": 106}",False,31.0,-27.0,0.0,23.0,10.0,0.025,98.0,53.0,105.25,26.0,22.0,28.5,15.0,13.75,214.0,136.25,10.0,11.0,41.0,1.0,1.0,2.0,3.0,4.0,1.0,0.0,0.0,40.0,40.0,0.485,0.47619047619047616,0.016,0.016,0.1175,0.5340909090909091,0.4659090909090909,0.775,1.0,1.0,0.4833333333333333,0.593505039193729,0.0
20260629_202157_89a44e2f,20260629_202157_89a44e2f_g0033,33,700788431,5,48,48,48,1,1,RED,pool_heuristic,0,4,[4],0,71,4,"{""1"": 71, ""2"": 77, ""3"": 93, ""4"": 106}",False,17.0,-53.0,3.0,20.0,17.0,0.0425,36.0,22.5,39.25,13.0,9.0,9.0,7.0,1.25,149.0,56.25,12.0,9.0,32.0,1.0,1.0,1.0,4.0,2.0,0.0,0.0,0.0,48.0,48.0,0.5675,0.5714285714285714,0.0192,0.0192,0.14,0.6363636363636364,0.36363636363636365,0.425,1.0,1.0,0.5833333333333333,0.46240601503759404,0.0
20260629_202157_89a44e2f,20260629_202157_89a44e2f_g0033,33,700788431,5,48,48,48,1,2,BLUE,pool_l45_100ms,1,4,[4],0,77,3,"{""1"": 71, ""2"": 77, ""3"": 93, ""4"": 106}",False,13.0,-61.0,4.0,28.0,17.0,0.0425,21.0,14.0,20.75,9.0,7.0,3.75,1.0,0.0,164.0,33.75,12.0,9.0,30.0,1.0,1.0,2.0,4.0,1.0,0.0,0.0,0.0,48.0,48.0,0.5675,0.5714285714285714,0.0192,0.0192,0.145,0.6590909090909091,0.3409090909090909,0.325,0.8666666666666667,1.0,0.6166666666666667,0.43557168784029043,0.0
20260629_202157_89a44e2f,20260629_202157_89a44e2f_g0033,33,700788431,5,48,48,48,1,3,YELLOW,pool_peer_500ms,2,4,[4],0,93,2,"{""1"": 71, ""2"": 77, ""3"": 93, ""4"": 106}",False,26.0,-35.0,0.0,36.0,17.0,0.0425,62.0,35.375,70.75,19.0,12.0,12.0,16.5,11.25,123.0,96.75,12.0,9.0,32.0,1.0,1.0,1.0,4.0,2.0,0.0,0.0,0.0,48.0,48.0,0.5675,0.5714285714285714,0.0192,0.0192,0.14,0.6363636363636364,0.36363636363636365,0.65,1.0,1.0,0.5083333333333333,0.606203007518797,0.0
20260629_202157_89a44e2f,20260629_202157_89a44e2f_g0033,33,700788431,5,48,48,48,1,4,GREEN,champ_v3,3,4,[4],1,106,1,"{""1"": 71, ""2"": 77, ""3"": 93, ""4"": 106}",False,31.0,-25.0,0.0,37.0,17.0,0.0425,66.0,41.0,69.0,24.0,17.0,19.5,6.0,2.5,119.0,100.0,12.0,9.0,31.0,1.0,1.0,2.0,3.0,2.0,0.0,0.0,0.0,48.0,48.0,0.5675,0.5714285714285714,0.0192,0.0192,0.1425,0.6477272727272727,0.3522727272727273,0.775,1.0,1.0,0.4666666666666667,0.5512465373961218,0.0
20260629_202157_89a44e2f,20260629_202157_89a44e2f_g0033,33,700788431,6,56,56,56,1,1,RED,pool_heuristic,0,4,[4],0,71,4,"{""1"": 71, ""2"": 77, ""3"": 93, ""4"": 106}",False,19.0,-43.0,3.0,28.0,23.0,0.0575,7.0,3.5,8.0,0.0,5.0,3.0,0.0,0.0,77.0,27.0,14.0,7.0,27.0,0.0,1.0,1.0,3.0,2.0,0.0,0.0,0.0,56.0,56.0,0.6375,0.6666666666666666,0.0224,0.0224,0.1525,0.6931818181818182,0.3068181818181818,0.475,0.95,1.0,0.5166666666666667,0.4590163934426229,0.0
20260629_202157_89a44e2f,20260629_202157_89a44e2f_g0033,33,700788431,6,56,56,56,1,2,BLUE,pool_l45_100ms,1,4,[4],0,77,3,"{""1"": 71, ""2"": 77, ""3"": 93, ""4"": 106}",False,9.0,-63.0,3.0,37.0,23.0,0.0575,10.0,8.0,10.0,6.0,4.0,0.0,0.0,0.0,74.0,19.0,14.0,7.0,23.0,1.0,1.0,1.0,3.0,1.0,0.0,0.0,0.0,56.0,56.0,0.6375,0.6666666666666666,0.0224,0.0224,0.1625,0.7386363636363636,0.26136363636363635,0.225,0.5833333333333334,1.0,0.6,0.4331983805668016,0.0
20260629_202157_89a44e2f,20260629_202157_89a44e2f_g0033,33,700788431,6,56,56,56,1,3,YELLOW,pool_peer_500ms,2,4,[4],0,93,2,"{""1"": 71, ""2"": 77, ""3"": 93, ""4"": 106}",False,26.0,-29.0,0.0,47.0,23.0,0.0575,33.0,23.25,41.75,14.0,8.0,7.5,6.0,6.25,51.0,67.75,14.0,7.0,24.0,1.0,1.0,1.0,2.0,2.0,0.0,0.0,0.0,56.0,56.0,0.6375,0.6666666666666666,0.0224,0.0224,0.16,0.7272727272727273,0.2727272727272727,0.65,0.7833333333333333,1.0,0.4583333333333333,0.5764802631578947,0.0
20260629_202157_89a44e2f,20260629_202157_89a44e2f_g0033,33,700788431,6,56,56,56,1,4,GREEN,champ_v3,3,4,[4],1,106,1,"{""1"": 71, ""2"": 77, ""3"": 93, ""4"": 106}",False,27.0,-27.0,0.0,48.0,23.0,0.0575,34.0,26.25,35.5,19.0,11.0,4.5,1.0,0.0,50.0,62.5,14.0,7.0,23.0,1.0,1.0,1.0,3.0,1.0,0.0,0.0,0.0,56.0,56.0,0.6375,0.6666666666666666,0.0224,0.0224,0.1625,0.7386363636363636,0.26136363636363635,0.675,1.0,1.0,0.45,0.5255060728744939,0.0
20260629_202157_89a44e2f,20260629_202157_89a44e2f_g0033,33,700788431,7,64,64,64,1,1,RED,pool_heuristic,0,4,[4],0,71,4,"{""1"": 71, ""2"": 77, ""3"": 93, ""4"": 106}",False,16.0,-39.0,3.0,30.0,36.0,0.09,0.0,0.0,0.0,0.0,0.0,0.0,0.0,0.0,19.0,16.0,16.0,5.0,22.0,0.0,0.0,0.0,3.0,2.0,0.0,0.0,0.0,64.0,64.0,0.6875,0.7619047619047619,0.0256,0.0256,0.165,0.75,0.25,0.4,0.6833333333333333,1.0,0.4583333333333333,0.4505582137161085,0.0
20260629_202157_89a44e2f,20260629_202157_89a44e2f_g0033,33,700788431,7,64,64,64,1,2,BLUE,pool_l45_100ms,1,4,[4],0,77,3,"{""1"": 71, ""2"": 77, ""3"": 93, ""4"": 106}",False,9.0,-53.0,3.0,45.0,36.0,0.09,3.0,1.125,4.0,0.0,0.0,1.5,2.5,0.0,16.0,13.0,16.0,5.0,20.0,0.0,0.0,1.0,3.0,1.0,0.0,0.0,0.0,64.0,64.0,0.6875,0.7619047619047619,0.0256,0.0256,0.17,0.7727272727272727,0.22727272727272727,0.225,0.48333333333333334,1.0,0.5166666666666667,0.43885448916408665,0.0
20260629_202157_89a44e2f,20260629_202157_89a44e2f_g0033,33,700788431,7,64,64,64,1,3,YELLOW,pool_peer_500ms,2,4,[4],0,93,2,"{""1"": 71, ""2"": 77, ""3"": 93, ""4"": 106}",False,20.0,-31.0,0.0,57.0,36.0,0.09,12.0,10.5,12.0,9.0,3.0,0.0,0.0,0.0,7.0,32.0,16.0,5.0,15.0,1.0,1.0,1.0,1.0,1.0,0.0,0.0,0.0,64.0,64.0,0.6875,0.7619047619047619,0.0256,0.0256,0.1825,0.8295454545454546,0.17045454545454544,0.5,0.6166666666666667,1.0,0.425,0.5529920692141312,0.0
20260629_202157_89a44e2f,20260629_202157_89a44e2f_g0033,33,700788431,7,64,64,64,1,4,GREEN,champ_v3,3,4,[4],1,106,1,"{""1"": 71, ""2"": 77, ""3"": 93, ""4"": 106}",False,26.0,-19.0,0.0,55.0,36.0,0.09,4.0,2.0,7.5,0.0,0.0,1.5,6.0,0.0,15.0,33.5,16.0,5.0,20.0,0.0,0.0,1.0,3.0,1.0,0.0,0.0,0.0,64.0,64.0,0.6875,0.7619047619047619,0.0256,0.0256,0.17,0.7727272727272727,0.22727272727272727,0.65,0.8833333333333333,1.0,0.375,0.5263157894736843,0.0
20260629_202157_89a44e2f,20260629_202157_89a44e2f_g0034,34,1809337619,0,8,8,8,1,1,RED,pool_l45_100ms,0,2,[2],0,75,4,"{""1"": 75, ""2"": 96, ""3"": 85, ""4"": 82}",False,6.0,-20.0,9.0,0.0,1.0,0.0025,388.0,90.5,366.25,6.0,10.0,28.5,113.0,208.75,1457.0,372.25,2.0,19.0,78.0,1.0,1.0,2.0,6.0,9.0,1.0,1.0,0.0,8.0,8.0,0.1,0.09523809523809523,0.0032,0.0032,0.025,0.11363636363636363,0.8863636363636364,0.15,1.0,1.0,0.21666666666666665,0.20526315789473681,0.0
20260629_202157_89a44e2f,20260629_202157_89a44e2f_g0034,34,1809337619,0,8,8,8,1,2,BLUE,pool_peer_500ms,1,2,[2],1,96,1,"{""1"": 75, ""2"": 96, ""3"": 85, ""4"": 82}",False,9.0,-14.0,9.0,0.0,1.0,0.0025,543.0,122.625,488.75,9.0,15.0,41.25,153.5,270.0,1302.0,497.75,2.0,19.0,78.0,1.0,1.0,2.0,6.0,9.0,1.0,0.0,0.0,8.0,8.0,0.1,0.09523809523809523,0.0032,0.0032,0.025,0.11363636363636363,0.8863636363636364,0.225,1.0,1.0,0.19166666666666668,0.23684210526315785,0.0
20260629_202157_89a44e2f,20260629_202157_89a44e2f_g0034,34,1809337619,0,8,8,8,1,3,YELLOW,champ_v3,2,2,[2],0,85,2,"{""1"": 75, ""2"": 96, ""3"": 85, ""4"": 82}",False,9.0,-14.0,9.0,0.0,1.0,0.0025,543.0,122.625,488.75,9.0,15.0,41.25,153.5,270.0,1302.0,497.75,2.0,19.0,78.0,1.0,1.0,2.0,6.0,9.0,1.0,0.0,0.0,8.0,8.0,0.1,0.09523809523809523,0.0032,0.0032,0.025,0.11363636363636363,0.8863636363636364,0.225,1.0,1.0,0.19166666666666668,0.23684210526315785,0.0
20260629_202157_89a44e2f,20260629_202157_89a44e2f_g0034,34,1809337619,0,8,8,8,1,4,GREEN,pool_heuristic,3,2,[2],0,82,3,"{""1"": 75, ""2"": 96, ""3"": 85, ""4"": 82}",False,8.0,-16.0,9.0,0.0,1.0,0.0025,371.0,93.375,364.5,8.0,13.0,32.25,117.5,193.75,1474.0,372.5,2.0,19.0,78.0,1.0,1.0,2.0,6.0,9.0,1.0,0.0,1.0,8.0,8.0,0.1,0.09523809523809523,0.0032,0.0032,0.025,0.11363636363636363,0.8863636363636364,0.2,1.0,1.0,0.2,0.2421052631578947,0.0
20260629_202157_89a44e2f,20260629_202157_89a44e2f_g0034,34,1809337619,1,16,16,16,1,1,RED,pool_l45_100ms,0,2,[2],0,75,4,"{""1"": 75, ""2"": 96, ""3"": 85, ""4"": 82}",False,10.0,-36.0,7.0,0.0,1.0,0.0025,482.0,113.75,431.75,10.0,17.0,45.0,166.0,193.75,2109.0,441.75,4.0,17.0,68.0,1.0,1.0,2.0,6.0,7.0,1.0,0.0,0.0,16.0,16.0,0.2,0.19047619047619047,0.0064,0.0064,0.05,0.22727272727272727,0.7727272727272727,0.25,1.0,1.0,0.38333333333333336,0.3236842105263158,0.0
20260629_202157_89a44e2f,20260629_202157_89a44e2f_g0034,34,1809337619,1,16,16,16,1,2,BLUE,pool_peer_500ms,1,2,[2],1,96,1,"{""1"": 75, ""2"": 96, ""3"": 85, ""4"": 82}",False,16.0,-24.0,0.0,0.0,1.0,0.0025,812.0,204.625,788.125,16.0,29.0,81.0,294.0,368.125,1779.0,804.125,4.0,17.0,68.0,1.0,1.0,2.0,6.0,7.0,1.0,0.0,0.0,16.0,16.0,0.2,0.19047619047619047,0.0064,0.0064,0.05,0.22727272727272727,0.7727272727272727,0.4,1.0,1.0,0.33333333333333337,0.49473684210526314,0.0
20260629_202157_89a44e2f,20260629_202157_89a44e2f_g0034,34,1809337619,1,16,16,16,1,3,YELLOW,champ_v3,2,2,[2],0,85,2,"{""1"": 75, ""2"": 96, ""3"": 85, ""4"": 82}",False,16.0,-24.0,3.0,3.0,1.0,0.0025,686.0,167.875,630.875,16.0,26.0,69.0,238.0,281.875,1905.0,646.875,4.0,17.0,68.0,1.0,1.0,2.0,6.0,7.0,1.0,0.0,0.0,16.0,16.0,0.2,0.19047619047619047,0.0064,0.0064,0.05,0.22727272727272727,0.7727272727272727,0.4,1.0,1.0,0.33333333333333337,0.4552631578947368,0.0
20260629_202157_89a44e2f,20260629_202157_89a44e2f_g0034,34,1809337619,1,16,16,16,1,4,GREEN,pool_heuristic,3,2,[2],0,82,3,"{""1"": 75, ""2"": 96, ""3"": 85, ""4"": 82}",False,14.0,-28.0,2.0,3.0,1.0,0.0025,611.0,164.125,626.25,14.0,24.0,66.0,233.5,288.75,1980.0,640.25,4.0,17.0,68.0,1.0,1.0,2.0,6.0,7.0,1.0,0.0,1.0,16.0,16.0,0.2,0.19047619047619047,0.0064,0.0064,0.05,0.22727272727272727,0.7727272727272727,0.35,1.0,1.0,0.35,0.47894736842105257,0.0
20260629_202157_89a44e2f,20260629_202157_89a44e2f_g0034,34,1809337619,2,24,24,24,1,1,RED,pool_l45_100ms,0,2,[2],0,75,4,"{""1"": 75, ""2"": 96, ""3"": 85, ""4"": 82}",False,14.0,-43.0,4.0,2.0,4.0,0.01,305.0,78.375,273.125,11.0,15.0,34.5,117.0,95.625,1432.0,287.125,6.0,15.0,58.0,1.0,1.0,2.0,6.0,5.0,0.0,0.0,0.0,24.0,24.0,0.3,0.2857142857142857,0.0096,0.0096,0.075,0.3409090909090909,0.6590909090909091,0.35,1.0,1.0,0.475,0.4035087719298245,0.0
20260629_202157_89a44e2f,20260629_202157_89a44e2f_g0034,34,1809337619,2,24,24,24,1,2,BLUE,pool_peer_500ms,1,2,[2],1,96,1,"{""1"": 75, ""2"": 96, ""3"": 85, ""4"": 82}",False,21.0,-29.0,0.0,11.0,4.0,0.01,562.0,157.125,557.125,19.0,29.0,73.5,240.0,195.625,1175.0,578.125,6.0,15.0,58.0,1.0,1.0,2.0,6.0,5.0,1.0,0.0,0.0,24.0,24.0,0.3,0.2857142857142857,0.0096,0.0096,0.075,0.3409090909090909,0.6590909090909091,0.525,1.0,1.0,0.4166666666666667,0.5912280701754387,0.0
20260629_202157_89a44e2f,20260629_202157_89a44e2f_g0034,34,1809337619,2,24,24,24,1,3,YELLOW,champ_v3,2,2,[2],0,85,2,"{""1"": 75, ""2"": 96, ""3"": 85, ""4"": 82}",False,20.0,-31.0,2.0,8.0,4.0,0.01,537.0,149.25,530.375,18.0,28.0,67.5,227.5,189.375,1200.0,550.375,6.0,15.0,58.0,1.0,1.0,2.0,6.0,5.0,1.0,0.0,0.0,24.0,24.0,0.3,0.2857142857142857,0.0096,0.0096,0.075,0.3409090909090909,0.6590909090909091,0.5,1.0,1.0,0.425,0.5298245614035088,0.0
20260629_202157_89a44e2f,20260629_202157_89a44e2f_g0034,34,1809337619,2,24,24,24,1,4,GREEN,pool_heuristic,3,2,[2],0,82,3,"{""1"": 75, ""2"": 96, ""3"": 85, ""4"": 82}",False,16.0,-39.0,2.0,9.0,4.0,0.01,333.0,95.75,339.5,13.0,17.0,42.0,135.0,132.5,1404.0,355.5,6.0,15.0,58.0,1.0,1.0,2.0,6.0,5.0,1.0,0.0,1.0,24.0,24.0,0.3,0.2857142857142857,0.0096,0.0096,0.075,0.3409090909090909,0.6590909090909091,0.4,1.0,1.0,0.4583333333333333,0.5052631578947369,0.0
20260629_202157_89a44e2f,20260629_202157_89a44e2f_g0034,34,1809337619,3,32,32,32,1,1,RED,pool_l45_100ms,0,2,[2],0,75,4,"{""1"": 75, ""2"": 96, ""3"": 85, ""4"": 82}",False,16.0,-52.0,4.0,8.0,7.0,0.0175,129.0,42.125,124.375,11.0,9.0,20.25,61.0,23.125,1015.0,140.375,8.0,13.0,48.0,1.0,1.0,2.0,6.0,3.0,0.0,0.0,0.0,32.0,32.0,0.395,0.38095238095238093,0.0128,0.0128,0.1,0.45454545454545453,0.5454545454545454,0.4,1.0,1.0,0.5666666666666667,0.4565789473684211,0.0
20260629_202157_89a44e2f,20260629_202157_89a44e2f_g0034,34,1809337619,3,32,32,32,1,2,BLUE,pool_peer_500ms,1,2,[2],1,96,1,"{""1"": 75, ""2"": 96, ""3"": 85, ""4"": 82}",False,24.0,-36.0,0.0,19.0,7.0,0.0175,342.0,103.375,330.875,19.0,24.0,59.25,138.0,90.625,802.0,354.875,8.0,13.0,49.0,1.0,1.0,2.0,5.0,4.0,0.0,0.0,0.0,32.0,32.0,0.395,0.38095238095238093,0.0128,0.0128,0.0975,0.4431818181818182,0.5568181818181818,0.6,1.0,1.0,0.5,0.6167341430499325,0.0
20260629_202157_89a44e2f,20260629_202157_89a44e2f_g0034,34,1809337619,3,32,32,32,1,3,YELLOW,champ_v3,2,2,[2],0,85,2,"{""1"": 75, ""2"": 96, ""3"": 85, ""4"": 82}",False,26.0,-32.0,2.0,18.0,7.0,0.0175,516.0,157.625,532.0,23.0,36.0,81.75,222.5,168.75,628.0,558.0,8.0,13.0,49.0,1.0,1.0,2.0,5.0,4.0,1.0,0.0,0.0,32.0,32.0,0.395,0.38095238095238093,0.0128,0.0128,0.0975,0.4431818181818182,0.5568181818181818,0.65,1.0,1.0,0.4833333333333333,0.5128205128205128,0.0
20260629_202157_89a44e2f,20260629_202157_89a44e2f_g0034,34,1809337619,3,32,32,32,1,4,GREEN,pool_heuristic,3,2,[2],0,82,3,"{""1"": 75, ""2"": 96, ""3"": 85, ""4"": 82}",False,18.0,-48.0,0.0,19.0,7.0,0.0175,157.0,55.375,164.375,14.0,13.0,28.5,72.0,36.875,987.0,182.375,8.0,13.0,48.0,1.0,1.0,2.0,6.0,3.0,0.0,0.0,1.0,32.0,32.0,0.395,0.38095238095238093,0.0128,0.0128,0.1,0.45454545454545453,0.5454545454545454,0.45,1.0,1.0,0.55,0.5526315789473684,0.0
20260629_202157_89a44e2f,20260629_202157_89a44e2f_g0034,34,1809337619,4,40,40,40,1,1,RED,pool_l45_100ms,0,2,[2],0,75,4,"{""1"": 75, ""2"": 96, ""3"": 85, ""4"": 82}",False,17.0,-61.0,4.0,16.0,10.0,0.025,60.0,28.25,63.875,12.0,9.0,13.5,27.5,1.875,465.0,80.875,10.0,11.0,38.0,1.0,1.0,2.0,6.0,1.0,0.0,0.0,0.0,40.0,40.0,0.49,0.47619047619047616,0.016,0.016,0.125,0.5681818181818182,0.4318181818181818,0.425,1.0,1.0,0.65,0.44842105263157894,0.0
20260629_202157_89a44e2f,20260629_202157_89a44e2f_g0034,34,1809337619,4,40,40,40,1,2,BLUE,pool_peer_500ms,1,2,[2],1,96,1,"{""1"": 75, ""2"": 96, ""3"": 85, ""4"": 82}",False,28.0,-39.0,0.0,27.0,10.0,0.025,159.0,60.875,157.375,20.0,19.0,38.25,52.0,28.125,366.0,185.375,10.0,11.0,40.0,1.0,1.0,2.0,4.0,3.0,0.0,0.0,0.0,40.0,40.0,0.49,0.47619047619047616,0.016,0.016,0.12,0.5454545454545454,0.45454545454545453,0.7,1.0,1.0,0.5583333333333333,0.6052631578947368,0.0
20260629_202157_89a44e2f,20260629_202157_89a44e2f_g0034,34,1809337619,4,40,40,40,1,3,YELLOW,champ_v3,2,2,[2],0,85,2,"{""1"": 75, ""2"": 96, ""3"": 85, ""4"": 82}",False,29.0,-37.0,2.0,27.0,10.0,0.025,202.0,76.0,205.75,22.0,25.0,45.0,75.0,38.75,323.0,234.75,10.0,11.0,40.0,1.0,1.0,2.0,4.0,3.0,0.0,0.0,0.0,40.0,40.0,0.49,0.47619047619047616,0.016,0.016,0.12,0.5454545454545454,0.45454545454545453,0.725,1.0,1.0,0.55,0.5175438596491229,0.0
20260629_202157_89a44e2f,20260629_202157_89a44e2f_g0034,34,1809337619,4,40,40,40,1,4,GREEN,pool_heuristic,3,2,[2],0,82,3,"{""1"": 75, ""2"": 96, ""3"": 85, ""4"": 82}",False,21.0,-53.0,0.0,28.0,10.0,0.025,104.0,43.75,107.75,16.0,12.0,24.0,52.0,3.75,421.0,128.75,10.0,11.0,38.0,1.0,1.0,2.0,6.0,1.0,0.0,0.0,0.0,40.0,40.0,0.49,0.47619047619047616,0.016,0.016,0.125,0.5681818181818182,0.4318181818181818,0.525,1.0,1.0,0.6166666666666667,0.5557894736842106,0.0
20260629_202157_89a44e2f,20260629_202157_89a44e2f_g0034,34,1809337619,5,48,48,48,1,1,RED,pool_l45_100ms,0,2,[2],0,75,4,"{""1"": 75, ""2"": 96, ""3"": 85, ""4"": 82}",False,16.0,-60.0,4.0,28.0,19.0,0.0475,36.0,20.375,38.75,11.0,7.0,8.25,12.5,0.0,174.0,54.75,12.0,9.0,29.0,1.0,1.0,2.0,5.0,0.0,0.0,0.0,0.0,48.0,48.0,0.58,0.5714285714285714,0.0192,0.0192,0.1475,0.6704545454545454,0.32954545454545453,0.4,0.95,0.8,0.6333333333333333,0.4264049955396967,0.0
20260629_202157_89a44e2f,20260629_202157_89a44e2f_g0034,34,1809337619,5,48,48,48,1,2,BLUE,pool_peer_500ms,1,2,[2],1,96,1,"{""1"": 75, ""2"": 96, ""3"": 85, ""4"": 82}",False,30.0,-32.0,0.0,36.0,19.0,0.0475,104.0,49.625,112.5,21.0,16.0,30.0,30.5,15.0,106.0,142.5,12.0,9.0,31.0,1.0,1.0,2.0,3.0,2.0,0.0,0.0,0.0,48.0,48.0,0.58,0.5714285714285714,0.0192,0.0192,0.1425,0.6477272727272727,0.3522727272727273,0.75,1.0,1.0,0.5166666666666667,0.5918744228993537,0.0
20260629_202157_89a44e2f,20260629_202157_89a44e2f_g0034,34,1809337619,5,48,48,48,1,3,YELLOW,champ_v3,2,2,[2],0,85,2,"{""1"": 75, ""2"": 96, ""3"": 85, ""4"": 82}",False,28.0,-36.0,2.0,33.0,19.0,0.0475,54.0,32.75,59.5,19.0,12.0,10.5,13.0,5.0,156.0,87.5,12.0,9.0,30.0,1.0,1.0,2.0,4.0,1.0,0.0,0.0,0.0,48.0,48.0,0.58,0.5714285714285714,0.0192,0.0192,0.145,0.6590909090909091,0.3409090909090909,0.7,1.0,1.0,0.5333333333333333,0.49274047186932857,0.0
20260629_202157_89a44e2f,20260629_202157_89a44e2f_g0034,34,1809337619,5,48,48,48,1,4,GREEN,pool_heuristic,3,2,[2],0,82,3,"{""1"": 75, ""2"": 96, ""3"": 85, ""4"": 82}",False,18.0,-56.0,0.0,34.0,19.0,0.0475,16.0,12.75,16.75,10.0,3.0,3.75,0.0,0.0,194.0,34.75,12.0,9.0,30.0,1.0,1.0,2.0,4.0,1.0,0.0,0.0,0.0,48.0,48.0,0.58,0.5714285714285714,0.0192,0.0192,0.145,0.6590909090909091,0.3409090909090909,0.45,0.6166666666666667,1.0,0.6166666666666667,0.5235934664246824,0.0
20260629_202157_89a44e2f,20260629_202157_89a44e2f_g0034,34,1809337619,6,56,56,56,1,1,RED,pool_l45_100ms,0,2,[2],0,75,4,"{""1"": 75, ""2"": 96, ""3"": 85, ""4"": 82}",False,11.0,-63.0,4.0,29.0,33.0,0.0825,7.0,6.5,7.0,6.0,1.0,0.0,0.0,0.0,75.0,18.0,14.0,7.0,21.0,1.0,1.0,2.0,3.0,0.0,0.0,0.0,0.0,56.0,56.0,0.65,0.6666666666666666,0.0224,0.0224,0.1675,0.7613636363636364,0.23863636363636365,0.275,0.65,0.8,0.6166666666666667,0.39905734485467403,0.0
20260629_202157_89a44e2f,20260629_202157_89a44e2f_g0034,34,1809337619,6,56,56,56,1,2,BLUE,pool_peer_500ms,1,2,[2],1,96,1,"{""1"": 75, ""2"": 96, ""3"": 85, ""4"": 82}",False,30.0,-25.0,0.0,42.0,33.0,0.0825,34.0,24.875,34.0,18.0,10.0,4.5,1.5,0.0,48.0,64.0,14.0,7.0,23.0,1.0,1.0,1.0,3.0,1.0,0.0,0.0,0.0,56.0,56.0,0.65,0.6666666666666666,0.0224,0.0224,0.1625,0.7386363636363636,0.26136363636363635,0.75,1.0,1.0,0.4583333333333333,0.5724696356275304,0.0
20260629_202157_89a44e2f,20260629_202157_89a44e2f_g0034,34,1809337619,6,56,56,56,1,3,YELLOW,champ_v3,2,2,[2],0,85,2,"{""1"": 75, ""2"": 96, ""3"": 85, ""4"": 82}",False,27.0,-31.0,2.0,44.0,33.0,0.0825,27.0,19.625,27.0,14.0,9.0,1.5,2.5,0.0,55.0,54.0,14.0,7.0,22.0,1.0,1.0,1.0,4.0,0.0,0.0,0.0,0.0,56.0,56.0,0.65,0.6666666666666666,0.0224,0.0224,0.165,0.75,0.25,0.675,0.9,0.8,0.4833333333333333,0.485645933014354,0.0
20260629_202157_89a44e2f,20260629_202157_89a44e2f_g0034,34,1809337619,6,56,56,56,1,4,GREEN,pool_heuristic,3,2,[2],0,82,3,"{""1"": 75, ""2"": 96, ""3"": 85, ""4"": 82}",False,17.0,-51.0,0.0,37.0,33.0,0.0825,14.0,5.25,16.25,0.0,4.0,3.0,8.0,1.25,68.0,33.25,14.0,7.0,26.0,0.0,1.0,1.0,4.0,1.0,0.0,0.0,0.0,56.0,56.0,0.65,0.6666666666666666,0.0224,0.0224,0.155,0.7045454545454546,0.29545454545454547,0.425,0.6666666666666666,1.0,0.5666666666666667,0.5008488964346349,0.0
20260629_202157_89a44e2f,20260629_202157_89a44e2f_g0034,34,1809337619,7,64,64,64,1,1,RED,pool_l45_100ms,0,2,[2],0,75,4,"{""1"": 75, ""2"": 96, ""3"": 85, ""4"": 82}",False,9.0,-67.0,4.0,40.0,35.0,0.0875,0.0,0.0,0.0,0.0,0.0,0.0,0.0,0.0,26.0,9.0,16.0,5.0,18.0,0.0,0.0,2.0,3.0,0.0,0.0,0.0,0.0,64.0,64.0,0.7,0.7619047619047619,0.0256,0.0256,0.175,0.7954545454545454,0.20454545454545456,0.225,0.4166666666666667,0.8,0.6333333333333333,0.40150375939849625,0.0
20260629_202157_89a44e2f,20260629_202157_89a44e2f_g0034,34,1809337619,7,64,64,64,1,2,BLUE,pool_peer_500ms,1,2,[2],1,96,1,"{""1"": 75, ""2"": 96, ""3"": 85, ""4"": 82}",False,30.0,-25.0,0.0,45.0,35.0,0.0875,5.0,1.75,5.5,0.0,0.0,4.5,1.0,0.0,21.0,35.5,16.0,5.0,20.0,0.0,0.0,1.0,3.0,1.0,0.0,0.0,0.0,64.0,64.0,0.7,0.7619047619047619,0.0256,0.0256,0.17,0.7727272727272727,0.22727272727272727,0.75,0.9666666666666667,1.0,0.4583333333333333,0.5588235294117647,0.0
20260629_202157_89a44e2f,20260629_202157_89a44e2f_g0034,34,1809337619,7,64,64,64,1,3,YELLOW,champ_v3,2,2,[2],0,85,2,"{""1"": 75, ""2"": 96, ""3"": 85, ""4"": 82}",False,30.0,-25.0,2.0,54.0,35.0,0.0875,21.0,18.0,24.0,14.0,6.0,0.0,4.0,0.0,5.0,54.0,16.0,5.0,15.0,1.0,1.0,0.0,3.0,0.0,0.0,0.0,0.0,64.0,64.0,0.7,0.7619047619047619,0.0256,0.0256,0.1825,0.8295454545454546,0.17045454545454544,0.75,0.8333333333333334,0.8,0.4583333333333333,0.5003604902667628,0.0
20260629_202157_89a44e2f,20260629_202157_89a44e2f_g0034,34,1809337619,7,64,64,64,1,4,GREEN,pool_heuristic,3,2,[2],0,82,3,"{""1"": 75, ""2"": 96, ""3"": 85, ""4"": 82}",False,16.0,-53.0,0.0,48.0,35.0,0.0875,0.0,0.0,0.0,0.0,0.0,0.0,0.0,0.0,26.0,16.0,16.0,5.0,19.0,0.0,1.0,0.0,3.0,1.0,0.0,0.0,0.0,64.0,64.0,0.7,0.7619047619047619,0.0256,0.0256,0.1725,0.7840909090909091,0.2159090909090909,0.4,0.35,1.0,0.575,0.4820747520976354,0.0
20260629_202157_89a44e2f,20260629_202157_89a44e2f_g0035,35,579251608,0,8,8,8,1,1,RED,pool_peer_500ms,0,4,[4],0,95,2,"{""1"": 95, ""2"": 91, ""3"": 63, ""4"": 103}",False,9.0,-14.0,9.0,0.0,0.0,0.0,543.0,122.625,488.75,9.0,15.0,41.25,153.5,270.0,1378.0,497.75,2.0,19.0,78.0,1.0,1.0,2.0,6.0,9.0,1.0,0.0,0.0,8.0,8.0,0.1,0.09523809523809523,0.0032,0.0032,0.025,0.11363636363636363,0.8863636363636364,0.225,1.0,1.0,0.19166666666666668,0.23684210526315785,0.0
20260629_202157_89a44e2f,20260629_202157_89a44e2f_g0035,35,579251608,0,8,8,8,1,2,BLUE,champ_v3,1,4,[4],0,91,3,"{""1"": 95, ""2"": 91, ""3"": 63, ""4"": 103}",False,9.0,-14.0,9.0,0.0,0.0,0.0,543.0,122.625,488.75,9.0,15.0,41.25,153.5,270.0,1378.0,497.75,2.0,19.0,78.0,1.0,1.0,2.0,6.0,9.0,1.0,0.0,0.0,8.0,8.0,0.1,0.09523809523809523,0.0032,0.0032,0.025,0.11363636363636363,0.8863636363636364,0.225,1.0,1.0,0.19166666666666668,0.23684210526315785,0.0
20260629_202157_89a44e2f,20260629_202157_89a44e2f_g0035,35,579251608,0,8,8,8,1,3,YELLOW,pool_heuristic,2,4,[4],0,63,4,"{""1"": 95, ""2"": 91, ""3"": 63, ""4"": 103}",False,7.0,-18.0,9.0,0.0,0.0,0.0,391.0,101.625,407.625,7.0,12.0,33.75,128.0,226.875,1530.0,414.625,2.0,19.0,78.0,1.0,1.0,2.0,6.0,9.0,1.0,1.0,1.0,8.0,8.0,0.1,0.09523809523809523,0.0032,0.0032,0.025,0.11363636363636363,0.8863636363636364,0.175,1.0,1.0,0.20833333333333334,0.2315789473684211,0.0
20260629_202157_89a44e2f,20260629_202157_89a44e2f_g0035,35,579251608,0,8,8,8,1,4,GREEN,pool_l45_100ms,3,4,[4],1,103,1,"{""1"": 95, ""2"": 91, ""3"": 63, ""4"": 103}",False,7.0,-18.0,9.0,0.0,0.0,0.0,444.0,103.25,415.125,7.0,12.0,33.75,130.5,231.875,1477.0,422.125,2.0,19.0,78.0,1.0,1.0,2.0,6.0,9.0,1.0,1.0,0.0,8.0,8.0,0.1,0.09523809523809523,0.0032,0.0032,0.025,0.11363636363636363,0.8863636363636364,0.175,1.0,1.0,0.20833333333333334,0.20526315789473681,0.0
20260629_202157_89a44e2f,20260629_202157_89a44e2f_g0035,35,579251608,1,16,16,16,1,1,RED,pool_peer_500ms,0,4,[4],0,95,2,"{""1"": 95, ""2"": 91, ""3"": 63, ""4"": 103}",False,16.0,-20.0,0.0,0.0,4.0,0.01,776.0,195.125,752.5,16.0,27.0,75.0,274.5,360.0,1498.0,768.5,4.0,17.0,68.0,1.0,1.0,2.0,6.0,7.0,1.0,0.0,0.0,16.0,16.0,0.2,0.19047619047619047,0.0064,0.0064,0.05,0.22727272727272727,0.7727272727272727,0.4,1.0,1.0,0.3,0.49473684210526314,0.0
20260629_202157_89a44e2f,20260629_202157_89a44e2f_g0035,35,579251608,1,16,16,16,1,2,BLUE,champ_v3,1,4,[4],0,91,3,"{""1"": 95, ""2"": 91, ""3"": 63, ""4"": 103}",False,14.0,-24.0,2.0,3.0,4.0,0.01,569.0,146.375,554.75,14.0,22.0,57.75,198.5,262.5,1705.0,568.75,4.0,17.0,68.0,1.0,1.0,2.0,6.0,7.0,1.0,0.0,0.0,16.0,16.0,0.2,0.19047619047619047,0.0064,0.0064,0.05,0.22727272727272727,0.7727272727272727,0.35,1.0,1.0,0.31666666666666665,0.4710526315789473,0.0
20260629_202157_89a44e2f,20260629_202157_89a44e2f_g0035,35,579251608,1,16,16,16,1,3,YELLOW,pool_heuristic,2,4,[4],0,63,4,"{""1"": 95, ""2"": 91, ""3"": 63, ""4"": 103}",False,12.0,-28.0,4.0,3.0,4.0,0.01,404.0,112.375,427.5,11.0,16.0,42.75,151.5,206.25,1870.0,439.5,4.0,17.0,68.0,1.0,1.0,2.0,6.0,7.0,1.0,1.0,1.0,16.0,16.0,0.2,0.19047619047619047,0.0064,0.0064,0.05,0.22727272727272727,0.7727272727272727,0.3,1.0,1.0,0.33333333333333337,0.42105263157894735,0.0
20260629_202157_89a44e2f,20260629_202157_89a44e2f_g0035,35,579251608,1,16,16,16,1,4,GREEN,pool_l45_100ms,3,4,[4],1,103,1,"{""1"": 95, ""2"": 91, ""3"": 63, ""4"": 103}",False,10.0,-32.0,7.0,0.0,4.0,0.01,525.0,121.875,470.625,10.0,17.0,45.0,173.0,225.625,1749.0,480.625,4.0,17.0,68.0,1.0,1.0,2.0,6.0,7.0,1.0,0.0,0.0,16.0,16.0,0.2,0.19047619047619047,0.0064,0.0064,0.05,0.22727272727272727,0.7727272727272727,0.25,1.0,1.0,0.35,0.3131578947368421,0.0
20260629_202157_89a44e2f,20260629_202157_89a44e2f_g0035,35,579251608,2,24,24,24,1,1,RED,pool_peer_500ms,0,4,[4],0,95,2,"{""1"": 95, ""2"": 91, ""3"": 63, ""4"": 103}",False,20.0,-30.0,0.0,4.0,4.0,0.01,462.0,134.125,456.0,20.0,27.0,65.25,202.5,141.25,983.0,476.0,6.0,15.0,58.0,1.0,1.0,2.0,6.0,5.0,0.0,0.0,0.0,24.0,24.0,0.3,0.2857142857142857,0.0096,0.0096,0.075,0.3409090909090909,0.6590909090909091,0.5,1.0,1.0,0.4166666666666667,0.5929824561403509,0.0
20260629_202157_89a44e2f,20260629_202157_89a44e2f_g0035,35,579251608,2,24,24,24,1,2,BLUE,champ_v3,1,4,[4],0,91,3,"{""1"": 95, ""2"": 91, ""3"": 63, ""4"": 103}",False,20.0,-30.0,2.0,8.0,4.0,0.01,376.0,110.875,374.125,18.0,24.0,48.75,159.0,124.375,1069.0,394.125,6.0,15.0,58.0,1.0,1.0,2.0,6.0,5.0,1.0,0.0,0.0,24.0,24.0,0.3,0.2857142857142857,0.0096,0.0096,0.075,0.3409090909090909,0.6590909090909091,0.5,1.0,1.0,0.4166666666666667,0.5175438596491229,0.0
20260629_202157_89a44e2f,20260629_202157_89a44e2f_g0035,35,579251608,2,24,24,24,1,3,YELLOW,pool_heuristic,2,4,[4],0,63,4,"{""1"": 95, ""2"": 91, ""3"": 63, ""4"": 103}",False,14.0,-42.0,4.0,6.0,4.0,0.01,226.0,69.25,236.875,12.0,12.0,29.25,95.5,88.125,1219.0,250.875,6.0,15.0,58.0,1.0,1.0,2.0,6.0,5.0,1.0,1.0,1.0,24.0,24.0,0.3,0.2857142857142857,0.0096,0.0096,0.075,0.3409090909090909,0.6590909090909091,0.35,1.0,1.0,0.4666666666666667,0.4508771929824561,0.0
20260629_202157_89a44e2f,20260629_202157_89a44e2f_g0035,35,579251608,2,24,24,24,1,4,GREEN,pool_l45_100ms,3,4,[4],1,103,1,"{""1"": 95, ""2"": 91, ""3"": 63, ""4"": 103}",False,16.0,-38.0,4.0,2.0,4.0,0.01,381.0,98.0,334.75,14.0,20.0,47.25,151.0,102.5,1064.0,350.75,6.0,15.0,58.0,1.0,1.0,2.0,6.0,5.0,0.0,0.0,0.0,24.0,24.0,0.3,0.2857142857142857,0.0096,0.0096,0.075,0.3409090909090909,0.6590909090909091,0.4,1.0,1.0,0.45,0.43333333333333324,0.0
20260629_202157_89a44e2f,20260629_202157_89a44e2f_g0035,35,579251608,3,32,32,32,1,1,RED,pool_peer_500ms,0,4,[4],0,95,2,"{""1"": 95, ""2"": 91, ""3"": 63, ""4"": 103}",False,25.0,-34.0,0.0,16.0,2.0,0.005,243.0,81.625,237.25,20.0,24.0,48.0,91.5,53.75,455.0,262.25,8.0,13.0,49.0,1.0,1.0,2.0,5.0,4.0,0.0,0.0,0.0,32.0,32.0,0.3975,0.38095238095238093,0.0128,0.0128,0.0975,0.4431818181818182,0.5568181818181818,0.625,1.0,1.0,0.4916666666666667,0.5883940620782726,0.0
20260629_202157_89a44e2f,20260629_202157_89a44e2f_g0035,35,579251608,3,32,32,32,1,2,BLUE,champ_v3,1,4,[4],0,91,3,"{""1"": 95, ""2"": 91, ""3"": 63, ""4"": 103}",False,24.0,-36.0,2.0,10.0,2.0,0.005,234.0,83.0,237.625,21.0,25.0,42.75,109.5,39.375,464.0,261.625,8.0,13.0,48.0,1.0,1.0,2.0,6.0,3.0,0.0,0.0,0.0,32.0,32.0,0.3975,0.38095238095238093,0.0128,0.0128,0.1,0.45454545454545453,0.5454545454545454,0.6,1.0,1.0,0.5,0.5157894736842106,0.0
20260629_202157_89a44e2f,20260629_202157_89a44e2f_g0035,35,579251608,3,32,32,32,1,3,YELLOW,pool_heuristic,2,4,[4],0,63,4,"{""1"": 95, ""2"": 91, ""3"": 63, ""4"": 103}",False,18.0,-48.0,4.0,9.0,2.0,0.005,75.0,35.0,77.125,16.0,10.0,17.25,29.5,4.375,623.0,95.125,8.0,13.0,48.0,1.0,1.0,2.0,6.0,3.0,1.0,1.0,0.0,32.0,32.0,0.3975,0.38095238095238093,0.0128,0.0128,0.1,0.45454545454545453,0.5454545454545454,0.45,1.0,1.0,0.55,0.4381578947368421,0.0
20260629_202157_89a44e2f,20260629_202157_89a44e2f_g0035,35,579251608,3,32,32,32,1,4,GREEN,pool_l45_100ms,3,4,[4],1,103,1,"{""1"": 95, ""2"": 91, ""3"": 63, ""4"": 103}",False,17.0,-50.0,2.0,15.0,2.0,0.005,146.0,51.0,134.875,16.0,16.0,25.5,60.5,16.875,552.0,151.875,8.0,13.0,48.0,1.0,1.0,2.0,6.0,3.0,0.0,0.0,0.0,32.0,32.0,0.3975,0.38095238095238093,0.0128,0.0128,0.1,0.45454545454545453,0.5454545454545454,0.425,1.0,1.0,0.5583333333333333,0.4881578947368421,0.0
20260629_202157_89a44e2f,20260629_202157_89a44e2f_g0035,35,579251608,4,40,40,40,1,1,RED,pool_peer_500ms,0,4,[4],0,95,2,"{""1"": 95, ""2"": 91, ""3"": 63, ""4"": 103}",False,26.0,-33.0,0.0,26.0,17.0,0.0425,109.0,48.625,115.5,19.0,17.0,24.0,40.5,15.0,232.0,141.5,10.0,11.0,39.0,1.0,1.0,2.0,5.0,2.0,0.0,0.0,0.0,40.0,40.0,0.4875,0.47619047619047616,0.016,0.016,0.1225,0.5568181818181818,0.4431818181818182,0.65,1.0,1.0,0.4916666666666667,0.5993555316863588,0.0
20260629_202157_89a44e2f,20260629_202157_89a44e2f_g0035,35,579251608,4,40,40,40,1,2,BLUE,champ_v3,1,4,[4],0,91,3,"{""1"": 95, ""2"": 91, ""3"": 63, ""4"": 103}",False,29.0,-27.0,2.0,23.0,17.0,0.0425,151.0,67.125,177.125,23.0,22.0,21.0,78.0,33.125,190.0,206.125,10.0,11.0,41.0,1.0,1.0,1.0,5.0,3.0,0.0,0.0,0.0,40.0,40.0,0.4875,0.47619047619047616,0.016,0.016,0.1175,0.5340909090909091,0.4659090909090909,0.725,1.0,1.0,0.4666666666666667,0.5005599104143337,0.0
20260629_202157_89a44e2f,20260629_202157_89a44e2f_g0035,35,579251608,4,40,40,40,1,3,YELLOW,pool_heuristic,2,4,[4],0,63,4,"{""1"": 95, ""2"": 91, ""3"": 63, ""4"": 103}",False,13.0,-59.0,4.0,17.0,17.0,0.0425,18.0,12.75,20.0,9.0,3.0,3.0,5.0,0.0,323.0,33.0,10.0,11.0,39.0,1.0,1.0,2.0,5.0,2.0,1.0,1.0,0.0,40.0,40.0,0.4875,0.47619047619047616,0.016,0.016,0.1225,0.5568181818181818,0.4431818181818182,0.325,1.0,1.0,0.6,0.3963480128893663,0.0
20260629_202157_89a44e2f,20260629_202157_89a44e2f_g0035,35,579251608,4,40,40,40,1,4,GREEN,pool_l45_100ms,3,4,[4],1,103,1,"{""1"": 95, ""2"": 91, ""3"": 63, ""4"": 103}",False,17.0,-51.0,2.0,22.0,17.0,0.0425,63.0,30.25,63.25,14.0,12.0,12.75,22.0,2.5,278.0,80.25,10.0,11.0,38.0,1.0,1.0,2.0,6.0,1.0,0.0,0.0,0.0,40.0,40.0,0.4875,0.47619047619047616,0.016,0.016,0.125,0.5681818181818182,0.4318181818181818,0.425,1.0,1.0,0.5666666666666667,0.4631578947368421,0.0
20260629_202157_89a44e2f,20260629_202157_89a44e2f_g0035,35,579251608,5,48,48,48,1,1,RED,pool_peer_500ms,0,4,[4],0,95,2,"{""1"": 95, ""2"": 91, ""3"": 63, ""4"": 103}",False,31.0,-21.0,0.0,35.0,18.0,0.045,85.0,44.0,88.75,21.0,18.0,23.25,19.0,7.5,111.0,119.75,12.0,9.0,30.0,1.0,1.0,2.0,4.0,1.0,0.0,0.0,0.0,48.0,48.0,0.57,0.5714285714285714,0.0192,0.0192,0.145,0.6590909090909091,0.3409090909090909,0.775,1.0,1.0,0.4333333333333333,0.5807622504537204,0.0
20260629_202157_89a44e2f,20260629_202157_89a44e2f_g0035,35,579251608,5,48,48,48,1,2,BLUE,champ_v3,1,4,[4],0,91,3,"{""1"": 95, ""2"": 91, ""3"": 63, ""4"": 103}",False,28.0,-27.0,2.0,38.0,18.0,0.045,74.0,41.5,91.75,18.0,16.0,15.0,39.0,3.75,122.0,119.75,12.0,9.0,31.0,1.0,1.0,1.0,5.0,1.0,0.0,0.0,0.0,48.0,48.0,0.57,0.5714285714285714,0.0192,0.0192,0.1425,0.6477272727272727,0.3522727272727273,0.7,1.0,1.0,0.4583333333333333,0.4847645429362881,0.0
20260629_202157_89a44e2f,20260629_202157_89a44e2f_g0035,35,579251608,5,48,48,48,1,3,YELLOW,pool_heuristic,2,4,[4],0,63,4,"{""1"": 95, ""2"": 91, ""3"": 63, ""4"": 103}",False,12.0,-59.0,4.0,22.0,18.0,0.045,6.0,2.75,8.25,0.0,2.0,2.25,4.0,0.0,190.0,20.25,12.0,9.0,34.0,0.0,1.0,2.0,4.0,2.0,1.0,1.0,0.0,48.0,48.0,0.57,0.5714285714285714,0.0192,0.0192,0.135,0.6136363636363636,0.38636363636363635,0.3,1.0,1.0,0.5916666666666667,0.40253411306042886,0.0
20260629_202157_89a44e2f,20260629_202157_89a44e2f_g0035,35,579251608,5,48,48,48,1,4,GREEN,pool_l45_100ms,3,4,[4],1,103,1,"{""1"": 95, ""2"": 91, ""3"": 63, ""4"": 103}",False,12.0,-59.0,2.0,29.0,18.0,0.045,31.0,17.125,28.5,10.0,8.0,6.0,4.5,0.0,165.0,40.5,12.0,9.0,29.0,1.0,1.0,2.0,5.0,0.0,0.0,0.0,0.0,48.0,48.0,0.57,0.5714285714285714,0.0192,0.0192,0.1475,0.6704545454545454,0.32954545454545453,0.3,0.7,0.8,0.5916666666666667,0.4576271186440678,0.0
20260629_202157_89a44e2f,20260629_202157_89a44e2f_g0035,35,579251608,6,56,56,57,2,1,RED,pool_peer_500ms,0,4,[4],0,95,2,"{""1"": 95, ""2"": 91, ""3"": 63, ""4"": 103}",False,32.0,-19.0,0.0,48.0,28.0,0.07,45.0,29.875,46.5,19.0,14.0,6.0,7.5,0.0,63.0,78.5,15.0,6.0,18.0,1.0,1.0,1.0,3.0,0.0,0.0,0.0,0.0,56.0,57.0,0.6475,0.7142857142857143,0.0228,0.0224,0.175,0.7954545454545454,0.20454545454545456,0.8,1.0,0.8,0.425,0.5706766917293233,0.0
20260629_202157_89a44e2f,20260629_202157_89a44e2f_g0035,35,579251608,6,56,56,57,2,2,BLUE,champ_v3,1,4,[4],0,91,3,"{""1"": 95, ""2"": 91, ""3"": 63, ""4"": 103}",False,30.0,-23.0,1.0,49.0,28.0,0.07,48.0,30.75,64.5,18.0,0.0,13.5,33.0,0.0,60.0,94.5,14.0,7.0,24.0,1.0,0.0,1.0,5.0,0.0,0.0,0.0,0.0,56.0,57.0,0.6475,0.6666666666666666,0.0228,0.0224,0.16,0.7272727272727273,0.2727272727272727,0.75,1.0,0.8,0.4416666666666667,0.5123355263157895,0.0
20260629_202157_89a44e2f,20260629_202157_89a44e2f_g0035,35,579251608,6,56,56,57,2,3,YELLOW,pool_heuristic,2,4,[4],0,63,4,"{""1"": 95, ""2"": 91, ""3"": 63, ""4"": 103}",False,10.0,-63.0,4.0,30.0,28.0,0.07,0.0,0.0,0.0,0.0,0.0,0.0,0.0,0.0,108.0,10.0,13.0,8.0,30.0,0.0,1.0,2.0,3.0,2.0,1.0,1.0,0.0,56.0,57.0,0.6475,0.6190476190476191,0.0228,0.0224,0.145,0.6590909090909091,0.3409090909090909,0.25,0.6666666666666666,1.0,0.6083333333333333,0.4001814882032668,0.0
20260629_202157_89a44e2f,20260629_202157_89a44e2f_g0035,35,579251608,6,56,56,57,2,4,GREEN,pool_l45_100ms,3,4,[4],1,103,1,"{""1"": 95, ""2"": 91, ""3"": 63, ""4"": 103}",False,11.0,-61.0,0.0,41.0,28.0,0.07,15.0,10.75,15.25,7.0,6.0,2.25,0.0,0.0,93.0,26.25,14.0,7.0,21.0,1.0,1.0,2.0,3.0,0.0,0.0,0.0,0.0,56.0,57.0,0.6475,0.6666666666666666,0.0228,0.0224,0.1675,0.7613636363636364,0.23863636363636365,0.275,0.3333333333333333,0.8,0.6,0.4681853888452474,0.0
20260629_202157_89a44e2f,20260629_202157_89a44e2f_g0035,35,579251608,7,64,64,68,1,1,RED,pool_peer_500ms,0,4,[4],0,95,2,"{""1"": 95, ""2"": 91, ""3"": 63, ""4"": 103}",False,31.0,-12.0,0.0,60.0,43.0,0.1075,12.0,6.0,13.0,0.0,10.0,3.0,0.0,0.0,22.0,44.0,17.0,4.0,13.0,0.0,1.0,1.0,2.0,0.0,0.0,0.0,0.0,64.0,68.0,0.715,0.8095238095238095,0.0272,0.0256,0.1875,0.8522727272727273,0.14772727272727273,0.775,0.8333333333333334,0.8,0.35833333333333334,0.5536842105263158,0.0
20260629_202157_89a44e2f,20260629_202157_89a44e2f_g0035,35,579251608,7,64,64,68,1,2,BLUE,champ_v3,1,4,[4],0,91,3,"{""1"": 95, ""2"": 91, ""3"": 63, ""4"": 103}",False,25.0,-24.0,1.0,58.0,43.0,0.1075,13.0,12.25,19.0,10.0,0.0,0.0,9.0,0.0,21.0,44.0,17.0,4.0,12.0,1.0,0.0,1.0,2.0,0.0,0.0,0.0,0.0,64.0,68.0,0.715,0.8095238095238095,0.0272,0.0256,0.19,0.8636363636363636,0.13636363636363635,0.625,0.6,0.8,0.4083333333333333,0.5034626038781164,0.0
20260629_202157_89a44e2f,20260629_202157_89a44e2f_g0035,35,579251608,7,64,64,68,1,3,YELLOW,pool_heuristic,2,4,[4],0,63,4,"{""1"": 95, ""2"": 91, ""3"": 63, ""4"": 103}",False,10.0,-54.0,4.0,32.0,43.0,0.1075,0.0,0.0,0.0,0.0,0.0,0.0,0.0,0.0,34.0,10.0,13.0,8.0,30.0,0.0,1.0,2.0,3.0,2.0,1.0,1.0,0.0,64.0,68.0,0.715,0.6190476190476191,0.0272,0.0256,0.145,0.6590909090909091,0.3409090909090909,0.25,0.5166666666666667,1.0,0.5333333333333333,0.4001814882032668,0.0
20260629_202157_89a44e2f,20260629_202157_89a44e2f_g0035,35,579251608,7,64,64,68,1,4,GREEN,pool_l45_100ms,3,4,[4],1,103,1,"{""1"": 95, ""2"": 91, ""3"": 63, ""4"": 103}",False,8.0,-58.0,0.0,50.0,43.0,0.1075,9.0,7.0,9.0,5.0,4.0,0.0,0.0,0.0,25.0,17.0,17.0,4.0,11.0,1.0,1.0,0.0,2.0,0.0,0.0,0.0,0.0,64.0,68.0,0.715,0.8095238095238095,0.0272,0.0256,0.1925,0.875,0.125,0.2,0.26666666666666666,0.8,0.55,0.5023923444976076,0.0
20260629_202157_89a44e2f,20260629_202157_89a44e2f_g0036,36,444600815,0,8,8,8,1,1,RED,champ_v3,0,4,[4],0,100,2,"{""1"": 100, ""2"": 71, ""3"": 56, ""4"": 102}",False,9.0,-15.0,9.0,0.0,0.0,0.0,543.0,122.625,488.75,9.0,15.0,41.25,153.5,270.0,1399.0,497.75,2.0,19.0,78.0,1.0,1.0,2.0,6.0,9.0,1.0,0.0,0.0,8.0,8.0,0.1,0.09523809523809523,0.0032,0.0032,0.025,0.11363636363636363,0.8863636363636364,0.225,1.0,1.0,0.2,0.23684210526315785,0.0
20260629_202157_89a44e2f,20260629_202157_89a44e2f_g0036,36,444600815,0,8,8,8,1,2,BLUE,pool_heuristic,1,4,[4],0,71,3,"{""1"": 100, ""2"": 71, ""3"": 56, ""4"": 102}",False,8.0,-17.0,9.0,0.0,0.0,0.0,492.0,126.875,514.25,8.0,14.0,40.5,160.5,291.25,1450.0,522.25,2.0,19.0,78.0,1.0,1.0,2.0,6.0,9.0,1.0,1.0,1.0,8.0,8.0,0.1,0.09523809523809523,0.0032,0.0032,0.025,0.11363636363636363,0.8863636363636364,0.2,1.0,1.0,0.20833333333333334,0.2578947368421053,0.0
20260629_202157_89a44e2f,20260629_202157_89a44e2f_g0036,36,444600815,0,8,8,8,1,3,YELLOW,pool_l45_100ms,2,4,[4],0,56,4,"{""1"": 100, ""2"": 71, ""3"": 56, ""4"": 102}",False,7.0,-19.0,9.0,0.0,0.0,0.0,364.0,86.0,341.875,7.0,10.0,27.0,108.5,189.375,1578.0,348.875,2.0,19.0,78.0,1.0,1.0,2.0,6.0,9.0,1.0,1.0,0.0,8.0,8.0,0.1,0.09523809523809523,0.0032,0.0032,0.025,0.11363636363636363,0.8863636363636364,0.175,1.0,1.0,0.21666666666666665,0.17368421052631577,0.0
20260629_202157_89a44e2f,20260629_202157_89a44e2f_g0036,36,444600815,0,8,8,8,1,4,GREEN,pool_peer_500ms,3,4,[4],1,102,1,"{""1"": 100, ""2"": 71, ""3"": 56, ""4"": 102}",False,9.0,-15.0,9.0,0.0,0.0,0.0,543.0,122.625,488.75,9.0,15.0,41.25,153.5,270.0,1399.0,497.75,2.0,19.0,78.0,1.0,1.0,2.0,6.0,9.0,1.0,0.0,0.0,8.0,8.0,0.1,0.09523809523809523,0.0032,0.0032,0.025,0.11363636363636363,0.8863636363636364,0.225,1.0,1.0,0.2,0.23684210526315785,0.0
20260629_202157_89a44e2f,20260629_202157_89a44e2f_g0036,36,444600815,1,16,16,16,1,1,RED,champ_v3,0,4,[4],0,100,2,"{""1"": 100, ""2"": 71, ""3"": 56, ""4"": 102}",False,15.0,-23.0,3.0,2.0,0.0,0.0,715.0,178.375,686.5,15.0,24.0,68.25,255.5,323.75,1433.0,701.5,4.0,17.0,68.0,1.0,1.0,2.0,6.0,7.0,1.0,0.0,0.0,16.0,16.0,0.2,0.19047619047619047,0.0064,0.0064,0.05,0.22727272727272727,0.7727272727272727,0.375,1.0,1.0,0.31666666666666665,0.45000000000000007,0.0
20260629_202157_89a44e2f,20260629_202157_89a44e2f_g0036,36,444600815,1,16,16,16,1,2,BLUE,pool_heuristic,1,4,[4],0,71,3,"{""1"": 100, ""2"": 71, ""3"": 56, ""4"": 102}",False,12.0,-29.0,4.0,2.0,0.0,0.0,307.0,85.625,314.75,10.0,14.0,35.25,115.5,140.0,1841.0,326.75,4.0,17.0,68.0,1.0,1.0,2.0,6.0,7.0,0.0,1.0,1.0,16.0,16.0,0.2,0.19047619047619047,0.0064,0.0064,0.05,0.22727272727272727,0.7727272727272727,0.3,1.0,1.0,0.3416666666666667,0.3973684210526316,0.0
20260629_202157_89a44e2f,20260629_202157_89a44e2f_g0036,36,444600815,1,16,16,16,1,3,YELLOW,pool_l45_100ms,2,4,[4],0,56,4,"{""1"": 100, ""2"": 71, ""3"": 56, ""4"": 102}",False,11.0,-31.0,5.0,2.0,0.0,0.0,419.0,100.875,379.0,11.0,15.0,36.0,139.5,177.5,1729.0,390.0,4.0,17.0,68.0,1.0,1.0,2.0,6.0,7.0,1.0,0.0,0.0,16.0,16.0,0.2,0.19047619047619047,0.0064,0.0064,0.05,0.22727272727272727,0.7727272727272727,0.275,1.0,1.0,0.35,0.3526315789473684,0.0
20260629_202157_89a44e2f,20260629_202157_89a44e2f_g0036,36,444600815,1,16,16,16,1,4,GREEN,pool_peer_500ms,3,4,[4],1,102,1,"{""1"": 100, ""2"": 71, ""3"": 56, ""4"": 102}",False,15.0,-23.0,4.0,2.0,0.0,0.0,707.0,176.875,681.625,15.0,25.0,66.0,245.0,330.625,1441.0,696.625,4.0,17.0,68.0,1.0,1.0,2.0,6.0,7.0,1.0,0.0,0.0,16.0,16.0,0.2,0.19047619047619047,0.0064,0.0064,0.05,0.22727272727272727,0.7727272727272727,0.375,1.0,1.0,0.31666666666666665,0.4526315789473684,0.0
20260629_202157_89a44e2f,20260629_202157_89a44e2f_g0036,36,444600815,2,24,24,24,1,1,RED,champ_v3,0,4,[4],0,100,2,"{""1"": 100, ""2"": 71, ""3"": 56, ""4"": 102}",False,20.0,-31.0,0.0,8.0,0.0,0.0,452.0,135.75,471.75,19.0,26.0,61.5,204.0,161.25,799.0,491.75,6.0,15.0,58.0,1.0,1.0,2.0,6.0,5.0,1.0,0.0,0.0,24.0,24.0,0.3,0.2857142857142857,0.0096,0.0096,0.075,0.3409090909090909,0.6590909090909091,0.5,1.0,1.0,0.425,0.5877192982456141,0.0
20260629_202157_89a44e2f,20260629_202157_89a44e2f_g0036,36,444600815,2,24,24,24,1,2,BLUE,pool_heuristic,1,4,[4],0,71,3,"{""1"": 100, ""2"": 71, ""3"": 56, ""4"": 102}",False,20.0,-31.0,4.0,4.0,0.0,0.0,289.0,88.375,284.5,16.0,22.0,45.75,119.5,81.25,962.0,304.5,6.0,15.0,58.0,1.0,1.0,2.0,6.0,5.0,0.0,1.0,0.0,24.0,24.0,0.3,0.2857142857142857,0.0096,0.0096,0.075,0.3409090909090909,0.6590909090909091,0.5,1.0,1.0,0.425,0.4631578947368421,0.0
20260629_202157_89a44e2f,20260629_202157_89a44e2f_g0036,36,444600815,2,24,24,24,1,3,YELLOW,pool_l45_100ms,2,4,[4],0,56,4,"{""1"": 100, ""2"": 71, ""3"": 56, ""4"": 102}",False,11.0,-49.0,5.0,4.0,0.0,0.0,77.0,27.625,72.875,10.0,8.0,11.25,23.0,20.625,1174.0,83.875,6.0,15.0,58.0,1.0,1.0,2.0,6.0,5.0,0.0,0.0,0.0,24.0,24.0,0.3,0.2857142857142857,0.0096,0.0096,0.075,0.3409090909090909,0.6590909090909091,0.275,1.0,1.0,0.5,0.39473684210526316,0.0
20260629_202157_89a44e2f,20260629_202157_89a44e2f_g0036,36,444600815,2,24,24,24,1,4,GREEN,pool_peer_500ms,3,4,[4],1,102,1,"{""1"": 100, ""2"": 71, ""3"": 56, ""4"": 102}",False,20.0,-31.0,1.0,6.0,0.0,0.0,433.0,121.125,419.625,18.0,23.0,51.0,182.0,145.625,818.0,439.625,6.0,15.0,58.0,1.0,1.0,2.0,6.0,5.0,0.0,0.0,0.0,24.0,24.0,0.3,0.2857142857142857,0.0096,0.0096,0.075,0.3409090909090909,0.6590909090909091,0.5,1.0,1.0,0.425,0.5614035087719298,0.0
20260629_202157_89a44e2f,20260629_202157_89a44e2f_g0036,36,444600815,3,32,32,32,1,1,RED,champ_v3,0,4,[4],0,100,2,"{""1"": 100, ""2"": 71, ""3"": 56, ""4"": 102}",False,24.0,-32.0,0.0,17.0,18.0,0.045,149.0,58.25,154.875,20.0,17.0,25.5,55.5,36.875,450.0,178.875,8.0,13.0,49.0,1.0,1.0,2.0,5.0,4.0,1.0,0.0,0.0,32.0,32.0,0.395,0.38095238095238093,0.0128,0.0128,0.0975,0.4431818181818182,0.5568181818181818,0.6,1.0,1.0,0.4666666666666667,0.611336032388664,0.0
20260629_202157_89a44e2f,20260629_202157_89a44e2f_g0036,36,444600815,3,32,32,32,1,2,BLUE,pool_heuristic,1,4,[4],0,71,3,"{""1"": 100, ""2"": 71, ""3"": 56, ""4"": 102}",False,23.0,-34.0,4.0,10.0,18.0,0.045,107.0,44.875,109.875,17.0,14.0,22.5,42.0,14.375,492.0,132.875,8.0,13.0,48.0,1.0,1.0,2.0,6.0,3.0,0.0,1.0,0.0,32.0,32.0,0.395,0.38095238095238093,0.0128,0.0128,0.1,0.45454545454545453,0.5454545454545454,0.575,1.0,1.0,0.475,0.4671052631578947,0.0
20260629_202157_89a44e2f,20260629_202157_89a44e2f_g0036,36,444600815,3,32,32,32,1,3,YELLOW,pool_l45_100ms,2,4,[4],0,56,4,"{""1"": 100, ""2"": 71, ""3"": 56, ""4"": 102}",False,8.0,-64.0,5.0,8.0,18.0,0.045,23.0,11.875,27.25,6.0,2.0,4.5,8.5,6.25,576.0,35.25,8.0,13.0,48.0,1.0,1.0,2.0,6.0,3.0,0.0,0.0,0.0,32.0,32.0,0.395,0.38095238095238093,0.0128,0.0128,0.1,0.45454545454545453,0.5454545454545454,0.2,1.0,1.0,0.6,0.40921052631578947,0.0
20260629_202157_89a44e2f,20260629_202157_89a44e2f_g0036,36,444600815,3,32,32,32,1,4,GREEN,pool_peer_500ms,3,4,[4],1,102,1,"{""1"": 100, ""2"": 71, ""3"": 56, ""4"": 102}",False,25.0,-30.0,1.0,12.0,18.0,0.045,320.0,105.0,330.875,22.0,25.0,52.5,134.5,96.875,279.0,355.875,8.0,13.0,49.0,1.0,1.0,2.0,5.0,4.0,0.0,0.0,0.0,32.0,32.0,0.395,0.38095238095238093,0.0128,0.0128,0.0975,0.4431818181818182,0.5568181818181818,0.625,1.0,1.0,0.4583333333333333,0.543859649122807,0.0
20260629_202157_89a44e2f,20260629_202157_89a44e2f_g0036,36,444600815,4,40,40,40,1,1,RED,champ_v3,0,4,[4],0,100,2,"{""1"": 100, ""2"": 71, ""3"": 56, ""4"": 102}",False,26.0,-31.0,0.0,29.0,33.0,0.0825,54.0,29.375,57.5,17.0,9.0,7.5,11.5,12.5,263.0,83.5,10.0,11.0,41.0,1.0,1.0,2.0,3.0,4.0,1.0,0.0,0.0,40.0,40.0,0.4875,0.47619047619047616,0.016,0.016,0.1175,0.5340909090909091,0.4659090909090909,0.65,1.0,1.0,0.475,0.6226203807390818,0.0
20260629_202157_89a44e2f,20260629_202157_89a44e2f_g0036,36,444600815,4,40,40,40,1,2,BLUE,pool_heuristic,1,4,[4],0,71,3,"{""1"": 100, ""2"": 71, ""3"": 56, ""4"": 102}",False,23.0,-37.0,4.0,16.0,33.0,0.0825,31.0,20.25,33.25,13.0,7.0,6.75,4.0,2.5,286.0,56.25,10.0,11.0,38.0,1.0,1.0,2.0,6.0,1.0,0.0,0.0,0.0,40.0,40.0,0.4875,0.47619047619047616,0.016,0.016,0.125,0.5681818181818182,0.4318181818181818,0.575,1.0,1.0,0.5,0.4378947368421052,0.0
20260629_202157_89a44e2f,20260629_202157_89a44e2f_g0036,36,444600815,4,40,40,40,1,3,YELLOW,pool_l45_100ms,2,4,[4],0,56,4,"{""1"": 100, ""2"": 71, ""3"": 56, ""4"": 102}",False,6.0,-71.0,5.0,11.0,33.0,0.0825,5.0,5.0,5.0,5.0,0.0,0.0,0.0,0.0,312.0,11.0,10.0,11.0,38.0,1.0,1.0,2.0,6.0,1.0,0.0,0.0,0.0,40.0,40.0,0.4875,0.47619047619047616,0.016,0.016,0.125,0.5681818181818182,0.4318181818181818,0.15,0.5333333333333333,1.0,0.6416666666666667,0.4094736842105263,0.0
20260629_202157_89a44e2f,20260629_202157_89a44e2f_g0036,36,444600815,4,40,40,40,1,4,GREEN,pool_peer_500ms,3,4,[4],1,102,1,"{""1"": 100, ""2"": 71, ""3"": 56, ""4"": 102}",False,28.0,-27.0,1.0,22.0,33.0,0.0825,227.0,87.375,259.875,22.0,23.0,45.0,98.0,71.875,90.0,287.875,10.0,11.0,40.0,1.0,1.0,2.0,4.0,3.0,0.0,0.0,0.0,40.0,40.0,0.4875,0.47619047619047616,0.016,0.016,0.12,0.5454545454545454,0.45454545454545453,0.7,1.0,1.0,0.4583333333333333,0.48903508771929827,0.0
20260629_202157_89a44e2f,20260629_202157_89a44e2f_g0036,36,444600815,5,48,48,49,2,1,RED,champ_v3,0,4,[4],0,100,2,"{""1"": 100, ""2"": 71, ""3"": 56, ""4"": 102}",False,31.0,-21.0,0.0,39.0,38.0,0.095,43.0,30.125,42.25,22.0,10.0,6.75,3.5,0.0,61.0,73.25,13.0,8.0,26.0,1.0,1.0,2.0,3.0,1.0,0.0,0.0,0.0,48.0,49.0,0.575,0.6190476190476191,0.0196,0.0192,0.155,0.7045454545454546,0.29545454545454547,0.775,1.0,1.0,0.4333333333333333,0.601867572156197,0.0
20260629_202157_89a44e2f,20260629_202157_89a44e2f_g0036,36,444600815,5,48,48,49,2,2,BLUE,pool_heuristic,1,4,[4],0,71,3,"{""1"": 100, ""2"": 71, ""3"": 56, ""4"": 102}",False,22.0,-39.0,4.0,24.0,38.0,0.095,19.0,16.5,19.5,14.0,4.0,1.5,0.0,0.0,85.0,41.5,12.0,9.0,29.0,1.0,1.0,2.0,5.0,0.0,0.0,0.0,0.0,48.0,49.0,0.575,0.5714285714285714,0.0196,0.0192,0.1475,0.6704545454545454,0.32954545454545453,0.55,1.0,0.8,0.5083333333333333,0.42908117752007136,0.0
20260629_202157_89a44e2f,20260629_202157_89a44e2f_g0036,36,444600815,5,48,48,49,2,3,YELLOW,pool_l45_100ms,2,4,[4],0,56,4,"{""1"": 100, ""2"": 71, ""3"": 56, ""4"": 102}",False,5.0,-73.0,5.0,19.0,38.0,0.095,0.0,0.0,0.0,0.0,0.0,0.0,0.0,0.0,104.0,5.0,11.0,10.0,37.0,0.0,1.0,2.0,6.0,1.0,0.0,0.0,0.0,48.0,49.0,0.575,0.5238095238095238,0.0196,0.0192,0.1275,0.5795454545454546,0.42045454545454547,0.125,0.3,1.0,0.65,0.4035087719298245,0.0
20260629_202157_89a44e2f,20260629_202157_89a44e2f_g0036,36,444600815,5,48,48,49,2,4,GREEN,pool_peer_500ms,3,4,[4],1,102,1,"{""1"": 100, ""2"": 71, ""3"": 56, ""4"": 102}",False,25.0,-33.0,1.0,32.0,38.0,0.095,42.0,28.0,48.5,17.0,10.0,10.5,6.0,5.0,62.0,73.5,12.0,9.0,30.0,1.0,1.0,2.0,4.0,1.0,0.0,0.0,0.0,48.0,49.0,0.575,0.5714285714285714,0.0196,0.0192,0.145,0.6590909090909091,0.3409090909090909,0.625,1.0,1.0,0.4833333333333333,0.4900181488203267,0.0
20260629_202157_89a44e2f,20260629_202157_89a44e2f_g0036,36,444600815,6,56,56,60,1,1,RED,champ_v3,0,4,[4],0,100,2,"{""1"": 100, ""2"": 71, ""3"": 56, ""4"": 102}",False,29.0,-16.0,0.0,53.0,47.0,0.1175,34.0,26.0,33.5,20.0,9.0,4.5,0.0,0.0,11.0,62.5,15.0,6.0,18.0,1.0,1.0,2.0,1.0,1.0,0.0,0.0,0.0,56.0,60.0,0.6425,0.7142857142857143,0.024,0.0224,0.175,0.7954545454545454,0.20454545454545456,0.725,0.9666666666666667,1.0,0.375,0.575187969924812,0.0
20260629_202157_89a44e2f,20260629_202157_89a44e2f_g0036,36,444600815,6,56,56,60,1,2,BLUE,pool_heuristic,1,4,[4],0,71,3,"{""1"": 100, ""2"": 71, ""3"": 56, ""4"": 102}",False,19.0,-36.0,2.0,33.0,47.0,0.1175,0.0,0.0,0.0,0.0,0.0,0.0,0.0,0.0,45.0,19.0,15.0,6.0,22.0,0.0,0.0,2.0,4.0,0.0,0.0,0.0,0.0,56.0,60.0,0.6425,0.7142857142857143,0.024,0.0224,0.165,0.75,0.25,0.475,0.95,0.8,0.4583333333333333,0.4553429027113238,0.0
20260629_202157_89a44e2f,20260629_202157_89a44e2f_g0036,36,444600815,6,56,56,60,1,3,YELLOW,pool_l45_100ms,2,4,[4],0,56,4,"{""1"": 100, ""2"": 71, ""3"": 56, ""4"": 102}",False,5.0,-64.0,5.0,22.0,47.0,0.1175,0.0,0.0,0.0,0.0,0.0,0.0,0.0,0.0,45.0,5.0,11.0,10.0,37.0,0.0,1.0,2.0,6.0,1.0,0.0,0.0,0.0,56.0,60.0,0.6425,0.5238095238095238,0.024,0.0224,0.1275,0.5795454545454546,0.42045454545454547,0.125,0.16666666666666666,1.0,0.575,0.4035087719298245,0.0
20260629_202157_89a44e2f,20260629_202157_89a44e2f_g0036,36,444600815,6,56,56,60,1,4,GREEN,pool_peer_500ms,3,4,[4],1,102,1,"{""1"": 100, ""2"": 71, ""3"": 56, ""4"": 102}",False,21.0,-32.0,1.0,42.0,47.0,0.1175,11.0,10.0,11.0,9.0,2.0,0.0,0.0,0.0,34.0,32.0,15.0,6.0,18.0,1.0,1.0,1.0,3.0,0.0,0.0,0.0,0.0,56.0,60.0,0.6425,0.7142857142857143,0.024,0.0224,0.175,0.7954545454545454,0.20454545454545456,0.525,0.9666666666666667,0.8,0.4416666666666667,0.45563909774436084,0.0
20260629_202157_89a44e2f,20260629_202157_89a44e2f_g0036,36,444600815,7,64,64,76,1,1,RED,champ_v3,0,4,[4],0,100,2,"{""1"": 100, ""2"": 71, ""3"": 56, ""4"": 102}",False,27.0,-18.0,0.0,70.0,54.0,0.135,8.0,2.0,6.0,0.0,0.0,6.0,0.0,0.0,0.0,33.0,19.0,2.0,8.0,0.0,0.0,1.0,0.0,1.0,0.0,0.0,0.0,64.0,76.0,0.695,0.9047619047619048,0.0304,0.0256,0.2,0.9090909090909091,0.09090909090909091,0.675,0.8333333333333334,1.0,0.375,0.5467105263157894,0.0
20260629_202157_89a44e2f,20260629_202157_89a44e2f_g0036,36,444600815,7,64,64,76,1,2,BLUE,pool_heuristic,1,4,[4],0,71,3,"{""1"": 100, ""2"": 71, ""3"": 56, ""4"": 102}",False,19.0,-34.0,2.0,43.0,54.0,0.135,0.0,0.0,0.0,0.0,0.0,0.0,0.0,0.0,8.0,19.0,15.0,6.0,22.0,0.0,0.0,2.0,4.0,0.0,0.0,0.0,0.0,64.0,76.0,0.695,0.7142857142857143,0.0304,0.0256,0.165,0.75,0.25,0.475,0.7,0.8,0.4416666666666667,0.4553429027113238,0.0
20260629_202157_89a44e2f,20260629_202157_89a44e2f_g0036,36,444600815,7,64,64,76,1,3,YELLOW,pool_l45_100ms,2,4,[4],0,56,4,"{""1"": 100, ""2"": 71, ""3"": 56, ""4"": 102}",False,5.0,-62.0,5.0,23.0,54.0,0.135,0.0,0.0,0.0,0.0,0.0,0.0,0.0,0.0,8.0,5.0,11.0,10.0,37.0,0.0,1.0,2.0,6.0,1.0,0.0,0.0,0.0,64.0,76.0,0.695,0.5238095238095238,0.0304,0.0256,0.1275,0.5795454545454546,0.42045454545454547,0.125,0.06666666666666667,1.0,0.5583333333333333,0.4035087719298245,0.0
20260629_202157_89a44e2f,20260629_202157_89a44e2f_g0036,36,444600815,7,64,64,76,1,4,GREEN,pool_peer_500ms,3,4,[4],1,102,1,"{""1"": 100, ""2"": 71, ""3"": 56, ""4"": 102}",False,21.0,-30.0,0.0,53.0,54.0,0.135,0.0,0.0,0.0,0.0,0.0,0.0,0.0,0.0,8.0,21.0,19.0,2.0,7.0,0.0,0.0,1.0,1.0,0.0,0.0,0.0,0.0,64.0,76.0,0.695,0.9047619047619048,0.0304,0.0256,0.2025,0.9204545454545454,0.07954545454545454,0.525,0.5333333333333333,0.8,0.425,0.5035737491877843,0.0
20260629_202157_89a44e2f,20260629_202157_89a44e2f_g0037,37,215136642,0,8,8,8,1,1,RED,pool_heuristic,0,4,[4],0,85,3,"{""1"": 85, ""2"": 74, ""3"": 88, ""4"": 99}",False,6.0,-17.0,9.0,0.0,3.0,0.0075,321.0,83.375,333.375,6.0,10.0,27.75,104.0,185.625,1413.0,339.375,2.0,19.0,78.0,1.0,1.0,2.0,6.0,9.0,1.0,1.0,1.0,8.0,8.0,0.1,0.09523809523809523,0.0032,0.0032,0.025,0.11363636363636363,0.8863636363636364,0.15,1.0,1.0,0.19166666666666668,0.2315789473684211,0.0
20260629_202157_89a44e2f,20260629_202157_89a44e2f_g0037,37,215136642,0,8,8,8,1,2,BLUE,pool_l45_100ms,1,4,[4],0,74,4,"{""1"": 85, ""2"": 74, ""3"": 88, ""4"": 99}",False,5.0,-19.0,9.0,0.0,3.0,0.0075,327.0,76.25,309.5,5.0,8.0,24.0,95.0,177.5,1407.0,314.5,2.0,19.0,78.0,1.0,1.0,2.0,6.0,9.0,1.0,1.0,0.0,8.0,8.0,0.1,0.09523809523809523,0.0032,0.0032,0.025,0.11363636363636363,0.8863636363636364,0.125,1.0,1.0,0.2,0.15263157894736834,0.0
20260629_202157_89a44e2f,20260629_202157_89a44e2f_g0037,37,215136642,0,8,8,8,1,3,YELLOW,pool_peer_500ms,2,4,[4],0,88,2,"{""1"": 85, ""2"": 74, ""3"": 88, ""4"": 99}",False,9.0,-11.0,9.0,0.0,3.0,0.0075,543.0,122.625,488.75,9.0,15.0,41.25,153.5,270.0,1191.0,497.75,2.0,19.0,78.0,1.0,1.0,2.0,6.0,9.0,1.0,0.0,0.0,8.0,8.0,0.1,0.09523809523809523,0.0032,0.0032,0.025,0.11363636363636363,0.8863636363636364,0.225,1.0,1.0,0.16666666666666669,0.23684210526315785,0.0
20260629_202157_89a44e2f,20260629_202157_89a44e2f_g0037,37,215136642,0,8,8,8,1,4,GREEN,champ_v3,3,4,[4],1,99,1,"{""1"": 85, ""2"": 74, ""3"": 88, ""4"": 99}",False,9.0,-11.0,9.0,0.0,3.0,0.0075,543.0,122.625,488.75,9.0,15.0,41.25,153.5,270.0,1191.0,497.75,2.0,19.0,78.0,1.0,1.0,2.0,6.0,9.0,1.0,0.0,0.0,8.0,8.0,0.1,0.09523809523809523,0.0032,0.0032,0.025,0.11363636363636363,0.8863636363636364,0.225,1.0,1.0,0.16666666666666669,0.23684210526315785,0.0
20260629_202157_89a44e2f,20260629_202157_89a44e2f_g0037,37,215136642,1,16,16,16,1,1,RED,pool_heuristic,0,4,[4],0,85,3,"{""1"": 85, ""2"": 74, ""3"": 88, ""4"": 99}",False,13.0,-31.0,3.0,0.0,3.0,0.0075,601.0,165.375,641.625,13.0,22.0,63.0,233.0,310.625,1970.0,654.625,4.0,17.0,68.0,1.0,1.0,2.0,6.0,7.0,1.0,1.0,1.0,16.0,16.0,0.2,0.19047619047619047,0.0064,0.0064,0.05,0.22727272727272727,0.7727272727272727,0.325,1.0,1.0,0.36666666666666664,0.4473684210526315,0.0
20260629_202157_89a44e2f,20260629_202157_89a44e2f_g0037,37,215136642,1,16,16,16,1,2,BLUE,pool_l45_100ms,1,4,[4],0,74,4,"{""1"": 85, ""2"": 74, ""3"": 88, ""4"": 99}",False,11.0,-35.0,6.0,4.0,3.0,0.0075,366.0,90.5,330.875,11.0,15.0,36.75,122.5,145.625,2205.0,341.875,4.0,17.0,68.0,1.0,1.0,2.0,6.0,7.0,1.0,0.0,0.0,16.0,16.0,0.2,0.19047619047619047,0.0064,0.0064,0.05,0.22727272727272727,0.7727272727272727,0.275,1.0,1.0,0.38333333333333336,0.33684210526315794,0.0
20260629_202157_89a44e2f,20260629_202157_89a44e2f_g0037,37,215136642,1,16,16,16,1,3,YELLOW,pool_peer_500ms,2,4,[4],0,88,2,"{""1"": 85, ""2"": 74, ""3"": 88, ""4"": 99}",False,17.0,-23.0,4.0,3.0,3.0,0.0075,788.0,198.875,759.0,17.0,29.0,79.5,283.5,350.0,1783.0,776.0,4.0,17.0,68.0,1.0,1.0,2.0,6.0,7.0,1.0,0.0,0.0,16.0,16.0,0.2,0.19047619047619047,0.0064,0.0064,0.05,0.22727272727272727,0.7727272727272727,0.425,1.0,1.0,0.33333333333333337,0.4447368421052631,0.0
20260629_202157_89a44e2f,20260629_202157_89a44e2f_g0037,37,215136642,1,16,16,16,1,4,GREEN,champ_v3,3,4,[4],1,99,1,"{""1"": 85, ""2"": 74, ""3"": 88, ""4"": 99}",False,16.0,-25.0,0.0,0.0,3.0,0.0075,816.0,203.5,786.75,16.0,28.0,78.75,289.0,375.0,1755.0,802.75,4.0,17.0,68.0,1.0,1.0,2.0,6.0,7.0,1.0,0.0,0.0,16.0,16.0,0.2,0.19047619047619047,0.0064,0.0064,0.05,0.22727272727272727,0.7727272727272727,0.4,1.0,1.0,0.3416666666666667,0.49473684210526314,0.0
20260629_202157_89a44e2f,20260629_202157_89a44e2f_g0037,37,215136642,2,24,24,24,1,1,RED,pool_heuristic,0,4,[4],0,85,3,"{""1"": 85, ""2"": 74, ""3"": 88, ""4"": 99}",False,21.0,-35.0,3.0,4.0,7.0,0.0175,623.0,188.875,691.25,20.0,30.0,81.75,294.5,265.0,1022.0,712.25,6.0,15.0,58.0,1.0,1.0,2.0,6.0,5.0,1.0,1.0,1.0,24.0,24.0,0.2975,0.2857142857142857,0.0096,0.0096,0.075,0.3409090909090909,0.6590909090909091,0.525,1.0,1.0,0.4666666666666667,0.5052631578947369,0.0
20260629_202157_89a44e2f,20260629_202157_89a44e2f_g0037,37,215136642,2,24,24,24,1,2,BLUE,pool_l45_100ms,1,4,[4],0,74,4,"{""1"": 85, ""2"": 74, ""3"": 88, ""4"": 99}",False,13.0,-51.0,6.0,4.0,7.0,0.0175,218.0,60.75,193.125,13.0,14.0,26.25,80.5,59.375,1427.0,206.125,6.0,15.0,58.0,1.0,1.0,2.0,6.0,5.0,0.0,0.0,0.0,24.0,24.0,0.2975,0.2857142857142857,0.0096,0.0096,0.075,0.3409090909090909,0.6590909090909091,0.325,1.0,1.0,0.5333333333333333,0.3403508771929825,0.0
20260629_202157_89a44e2f,20260629_202157_89a44e2f_g0037,37,215136642,2,24,24,24,1,3,YELLOW,pool_peer_500ms,2,4,[4],0,88,2,"{""1"": 85, ""2"": 74, ""3"": 88, ""4"": 99}",False,22.0,-33.0,0.0,13.0,7.0,0.0175,364.0,110.0,363.625,18.0,26.0,56.25,151.5,111.875,1281.0,385.625,6.0,15.0,58.0,1.0,1.0,2.0,6.0,5.0,0.0,0.0,0.0,24.0,24.0,0.2975,0.2857142857142857,0.0096,0.0096,0.075,0.3409090909090909,0.6590909090909091,0.55,1.0,1.0,0.4583333333333333,0.5789473684210527,0.0
20260629_202157_89a44e2f,20260629_202157_89a44e2f_g0037,37,215136642,2,24,24,24,1,4,GREEN,champ_v3,3,4,[4],1,99,1,"{""1"": 85, ""2"": 74, ""3"": 88, ""4"": 99}",False,21.0,-35.0,0.0,8.0,7.0,0.0175,440.0,121.75,414.375,20.0,26.0,57.75,147.5,163.125,1205.0,435.375,6.0,15.0,59.0,1.0,1.0,2.0,5.0,6.0,1.0,0.0,0.0,24.0,24.0,0.2975,0.2857142857142857,0.0096,0.0096,0.0725,0.32954545454545453,0.6704545454545454,0.525,1.0,1.0,0.4666666666666667,0.5952813067150635,0.0
20260629_202157_89a44e2f,20260629_202157_89a44e2f_g0037,37,215136642,3,32,32,32,1,1,RED,pool_heuristic,0,4,[4],0,85,3,"{""1"": 85, ""2"": 74, ""3"": 88, ""4"": 99}",False,25.0,-39.0,3.0,19.0,8.0,0.02,255.0,94.5,295.25,20.0,21.0,45.0,143.0,66.25,879.0,320.25,8.0,13.0,48.0,1.0,1.0,2.0,6.0,3.0,1.0,0.0,1.0,32.0,32.0,0.3925,0.38095238095238093,0.0128,0.0128,0.1,0.45454545454545453,0.5454545454545454,0.625,1.0,1.0,0.5333333333333333,0.49736842105263157,0.0
20260629_202157_89a44e2f,20260629_202157_89a44e2f_g0037,37,215136642,3,32,32,32,1,2,BLUE,pool_l45_100ms,1,4,[4],0,74,4,"{""1"": 85, ""2"": 74, ""3"": 88, ""4"": 99}",False,15.0,-59.0,6.0,10.0,8.0,0.02,108.0,39.5,102.125,14.0,11.0,17.25,45.5,14.375,1026.0,117.125,8.0,13.0,48.0,1.0,1.0,2.0,6.0,3.0,0.0,0.0,0.0,32.0,32.0,0.3925,0.38095238095238093,0.0128,0.0128,0.1,0.45454545454545453,0.5454545454545454,0.375,1.0,1.0,0.6166666666666667,0.35394736842105257,0.0
20260629_202157_89a44e2f,20260629_202157_89a44e2f_g0037,37,215136642,3,32,32,32,1,3,YELLOW,pool_peer_500ms,2,4,[4],0,88,2,"{""1"": 85, ""2"": 74, ""3"": 88, ""4"": 99}",False,27.0,-35.0,0.0,22.0,8.0,0.02,311.0,104.0,322.125,22.0,28.0,53.25,129.5,89.375,823.0,349.125,8.0,13.0,49.0,1.0,1.0,2.0,5.0,4.0,0.0,0.0,0.0,32.0,32.0,0.3925,0.38095238095238093,0.0128,0.0128,0.0975,0.4431818181818182,0.5568181818181818,0.675,1.0,1.0,0.5166666666666667,0.5951417004048583,0.0
20260629_202157_89a44e2f,20260629_202157_89a44e2f_g0037,37,215136642,3,32,32,32,1,4,GREEN,champ_v3,3,4,[4],1,99,1,"{""1"": 85, ""2"": 74, ""3"": 88, ""4"": 99}",False,22.0,-45.0,0.0,15.0,8.0,0.02,460.0,130.875,446.375,21.0,28.0,69.0,144.0,184.375,674.0,468.375,8.0,13.0,50.0,1.0,1.0,2.0,4.0,5.0,1.0,0.0,0.0,32.0,32.0,0.3925,0.38095238095238093,0.0128,0.0128,0.095,0.4318181818181818,0.5681818181818182,0.55,1.0,1.0,0.5583333333333333,0.6274238227146814,0.0
20260629_202157_89a44e2f,20260629_202157_89a44e2f_g0037,37,215136642,4,40,40,40,1,1,RED,pool_heuristic,0,4,[4],0,85,3,"{""1"": 85, ""2"": 74, ""3"": 88, ""4"": 99}",False,31.0,-42.0,3.0,24.0,9.0,0.0225,96.0,49.25,99.75,25.0,17.0,18.75,34.0,5.0,489.0,130.75,10.0,11.0,38.0,1.0,1.0,2.0,6.0,1.0,0.0,0.0,0.0,40.0,40.0,0.49,0.47619047619047616,0.016,0.016,0.125,0.5681818181818182,0.4318181818181818,0.775,1.0,1.0,0.6083333333333333,0.46842105263157896,0.0
20260629_202157_89a44e2f,20260629_202157_89a44e2f_g0037,37,215136642,4,40,40,40,1,2,BLUE,pool_l45_100ms,1,4,[4],0,74,4,"{""1"": 85, ""2"": 74, ""3"": 88, ""4"": 99}",False,16.0,-72.0,2.0,20.0,9.0,0.0225,56.0,27.5,55.5,14.0,9.0,10.5,22.0,0.0,529.0,71.5,10.0,11.0,38.0,1.0,1.0,2.0,6.0,1.0,0.0,0.0,0.0,40.0,40.0,0.49,0.47619047619047616,0.016,0.016,0.125,0.5681818181818182,0.4318181818181818,0.4,0.9666666666666667,1.0,0.7333333333333333,0.3968421052631579,0.0
20260629_202157_89a44e2f,20260629_202157_89a44e2f_g0037,37,215136642,4,40,40,40,1,3,YELLOW,pool_peer_500ms,2,4,[4],0,88,2,"{""1"": 85, ""2"": 74, ""3"": 88, ""4"": 99}",False,31.0,-42.0,0.0,33.0,9.0,0.0225,236.0,85.0,231.875,24.0,27.0,46.5,102.5,31.875,349.0,262.875,10.0,11.0,39.0,1.0,1.0,2.0,5.0,2.0,0.0,0.0,0.0,40.0,40.0,0.49,0.47619047619047616,0.016,0.016,0.1225,0.5568181818181818,0.4431818181818182,0.775,1.0,1.0,0.6083333333333333,0.5832438238453277,0.0
20260629_202157_89a44e2f,20260629_202157_89a44e2f_g0037,37,215136642,4,40,40,40,1,4,GREEN,champ_v3,3,4,[4],1,99,1,"{""1"": 85, ""2"": 74, ""3"": 88, ""4"": 99}",False,26.0,-52.0,0.0,25.0,9.0,0.0225,197.0,74.375,207.125,23.0,21.0,42.0,53.0,68.125,388.0,233.125,10.0,11.0,41.0,1.0,1.0,2.0,3.0,4.0,1.0,0.0,0.0,40.0,40.0,0.49,0.47619047619047616,0.016,0.016,0.1175,0.5340909090909091,0.4659090909090909,0.65,1.0,1.0,0.65,0.606942889137738,0.0
20260629_202157_89a44e2f,20260629_202157_89a44e2f_g0037,37,215136642,5,48,48,48,1,1,RED,pool_heuristic,0,4,[4],0,85,3,"{""1"": 85, ""2"": 74, ""3"": 88, ""4"": 99}",False,34.0,-36.0,3.0,37.0,17.0,0.0425,64.0,40.25,77.75,22.0,14.0,15.75,16.0,10.0,210.0,111.75,12.0,9.0,30.0,1.0,1.0,2.0,4.0,1.0,0.0,0.0,0.0,48.0,48.0,0.575,0.5714285714285714,0.0192,0.0192,0.145,0.6590909090909091,0.3409090909090909,0.85,1.0,1.0,0.5833333333333333,0.4500907441016334,0.0
20260629_202157_89a44e2f,20260629_202157_89a44e2f_g0037,37,215136642,5,48,48,48,1,2,BLUE,pool_l45_100ms,1,4,[4],0,74,4,"{""1"": 85, ""2"": 74, ""3"": 88, ""4"": 99}",False,15.0,-74.0,2.0,29.0,17.0,0.0425,19.0,14.75,19.25,11.0,6.0,2.25,0.0,0.0,255.0,34.25,12.0,9.0,30.0,1.0,1.0,2.0,4.0,1.0,0.0,0.0,0.0,48.0,48.0,0.575,0.5714285714285714,0.0192,0.0192,0.145,0.6590909090909091,0.3409090909090909,0.375,0.5833333333333334,1.0,0.7416666666666667,0.43103448275862066,0.0
20260629_202157_89a44e2f,20260629_202157_89a44e2f_g0037,37,215136642,5,48,48,48,1,3,YELLOW,pool_peer_500ms,2,4,[4],0,88,2,"{""1"": 85, ""2"": 74, ""3"": 88, ""4"": 99}",False,30.0,-44.0,0.0,40.0,17.0,0.0425,100.0,50.5,124.0,18.0,18.0,27.0,46.0,15.0,174.0,154.0,12.0,9.0,30.0,1.0,1.0,2.0,4.0,1.0,0.0,0.0,0.0,48.0,48.0,0.575,0.5714285714285714,0.0192,0.0192,0.145,0.6590909090909091,0.3409090909090909,0.75,1.0,1.0,0.6166666666666667,0.5753176043557169,0.0
20260629_202157_89a44e2f,20260629_202157_89a44e2f_g0037,37,215136642,5,48,48,48,1,4,GREEN,champ_v3,3,4,[4],1,99,1,"{""1"": 85, ""2"": 74, ""3"": 88, ""4"": 99}",False,25.0,-54.0,0.0,35.0,17.0,0.0425,91.0,48.5,113.0,19.0,18.0,30.0,26.0,20.0,183.0,138.0,12.0,9.0,32.0,1.0,1.0,2.0,2.0,3.0,1.0,0.0,0.0,48.0,48.0,0.575,0.5714285714285714,0.0192,0.0192,0.14,0.6363636363636364,0.36363636363636365,0.625,1.0,1.0,0.6583333333333333,0.6043233082706767,0.0
20260629_202157_89a44e2f,20260629_202157_89a44e2f_g0037,37,215136642,6,56,56,56,1,1,RED,pool_heuristic,0,4,[4],0,85,3,"{""1"": 85, ""2"": 74, ""3"": 88, ""4"": 99}",False,35.0,-28.0,3.0,41.0,26.0,0.065,40.0,28.0,42.25,19.0,10.0,8.25,5.0,0.0,54.0,77.25,14.0,7.0,21.0,1.0,1.0,2.0,3.0,0.0,0.0,0.0,0.0,56.0,56.0,0.6475,0.6666666666666666,0.0224,0.0224,0.1675,0.7613636363636364,0.23863636363636365,0.875,1.0,0.8,0.525,0.4461901021209741,0.0
20260629_202157_89a44e2f,20260629_202157_89a44e2f_g0037,37,215136642,6,56,56,56,1,2,BLUE,pool_l45_100ms,1,4,[4],0,74,4,"{""1"": 85, ""2"": 74, ""3"": 88, ""4"": 99}",False,11.0,-76.0,2.0,35.0,26.0,0.065,10.0,9.0,10.0,8.0,2.0,0.0,0.0,0.0,84.0,21.0,14.0,7.0,24.0,1.0,1.0,0.0,4.0,1.0,0.0,0.0,0.0,56.0,56.0,0.6475,0.6666666666666666,0.0224,0.0224,0.16,0.7272727272727273,0.2727272727272727,0.275,0.4,1.0,0.725,0.4424342105263158,0.0
20260629_202157_89a44e2f,20260629_202157_89a44e2f_g0037,37,215136642,6,56,56,56,1,3,YELLOW,pool_peer_500ms,2,4,[4],0,88,2,"{""1"": 85, ""2"": 74, ""3"": 88, ""4"": 99}",False,29.0,-40.0,0.0,48.0,26.0,0.065,13.0,5.75,14.25,0.0,7.0,5.25,2.0,0.0,81.0,43.25,14.0,7.0,25.0,0.0,1.0,2.0,3.0,1.0,0.0,0.0,0.0,56.0,56.0,0.6475,0.6666666666666666,0.0224,0.0224,0.1575,0.7159090909090909,0.2840909090909091,0.725,1.0,1.0,0.575,0.5714285714285714,0.0
20260629_202157_89a44e2f,20260629_202157_89a44e2f_g0037,37,215136642,6,56,56,56,1,4,GREEN,champ_v3,3,4,[4],1,99,1,"{""1"": 85, ""2"": 74, ""3"": 88, ""4"": 99}",False,23.0,-52.0,0.0,40.0,26.0,0.065,31.0,19.75,32.75,12.0,7.0,9.75,4.0,0.0,63.0,55.75,14.0,7.0,23.0,1.0,1.0,2.0,1.0,2.0,1.0,0.0,0.0,56.0,56.0,0.6475,0.6666666666666666,0.0224,0.0224,0.1625,0.7386363636363636,0.26136363636363635,0.575,1.0,1.0,0.625,0.5684210526315789,0.0
20260629_202157_89a44e2f,20260629_202157_89a44e2f_g0037,37,215136642,7,64,64,64,1,1,RED,pool_heuristic,0,4,[4],0,85,3,"{""1"": 85, ""2"": 74, ""3"": 88, ""4"": 99}",False,33.0,-27.0,3.0,49.0,30.0,0.075,25.0,21.0,25.5,17.0,7.0,1.5,0.0,0.0,15.0,58.5,16.0,5.0,14.0,1.0,1.0,1.0,2.0,0.0,0.0,0.0,0.0,64.0,64.0,0.7025,0.7619047619047619,0.0256,0.0256,0.185,0.8409090909090909,0.1590909090909091,0.825,0.9666666666666667,0.8,0.5,0.4366998577524893,0.0
20260629_202157_89a44e2f,20260629_202157_89a44e2f_g0037,37,215136642,7,64,64,64,1,2,BLUE,pool_l45_100ms,1,4,[4],0,74,4,"{""1"": 85, ""2"": 74, ""3"": 88, ""4"": 99}",False,9.0,-75.0,2.0,38.0,30.0,0.075,0.0,0.0,0.0,0.0,0.0,0.0,0.0,0.0,40.0,9.0,16.0,5.0,21.0,0.0,0.0,0.0,4.0,1.0,0.0,0.0,0.0,64.0,64.0,0.7025,0.7619047619047619,0.0256,0.0256,0.1675,0.7613636363636364,0.23863636363636365,0.225,0.4,1.0,0.7,0.4461901021209741,0.0
20260629_202157_89a44e2f,20260629_202157_89a44e2f_g0037,37,215136642,7,64,64,64,1,3,YELLOW,pool_peer_500ms,2,4,[4],0,88,2,"{""1"": 85, ""2"": 74, ""3"": 88, ""4"": 99}",False,30.0,-33.0,0.0,57.0,30.0,0.075,1.0,0.5,1.5,0.0,0.0,1.5,0.0,0.0,39.0,31.5,16.0,5.0,20.0,0.0,0.0,1.0,3.0,1.0,0.0,0.0,0.0,64.0,64.0,0.7025,0.7619047619047619,0.0256,0.0256,0.17,0.7727272727272727,0.22727272727272727,0.75,0.7666666666666667,1.0,0.525,0.5890092879256966,0.0
20260629_202157_89a44e2f,20260629_202157_89a44e2f_g0037,37,215136642,7,64,64,64,1,4,GREEN,champ_v3,3,4,[4],1,99,1,"{""1"": 85, ""2"": 74, ""3"": 88, ""4"": 99}",False,21.0,-51.0,0.0,52.0,30.0,0.075,14.0,11.75,13.75,10.0,3.0,0.75,0.0,0.0,26.0,34.75,16.0,5.0,16.0,1.0,1.0,1.0,0.0,2.0,1.0,0.0,0.0,64.0,64.0,0.7025,0.7619047619047619,0.0256,0.0256,0.18,0.8181818181818182,0.18181818181818182,0.525,0.7,1.0,0.6,0.5423976608187134,0.0
20260629_202157_89a44e2f,20260629_202157_89a44e2f_g0038,38,1742589677,0,8,8,8,1,1,RED,pool_l45_100ms,0,2,[2],0,78,4,"{""1"": 78, ""2"": 102, ""3"": 101, ""4"": 82}",False,6.0,-20.0,9.0,0.0,1.0,0.0025,388.0,90.5,366.25,6.0,10.0,28.5,113.0,208.75,1600.0,372.25,2.0,19.0,78.0,1.0,1.0,2.0,6.0,9.0,1.0,1.0,0.0,8.0,8.0,0.1,0.09523809523809523,0.0032,0.0032,0.025,0.11363636363636363,0.8863636363636364,0.15,1.0,1.0,0.21666666666666665,0.20526315789473681,0.0
20260629_202157_89a44e2f,20260629_202157_89a44e2f_g0038,38,1742589677,0,8,8,8,1,2,BLUE,pool_peer_500ms,1,2,[2],1,102,1,"{""1"": 78, ""2"": 102, ""3"": 101, ""4"": 82}",False,9.0,-14.0,9.0,0.0,1.0,0.0025,543.0,122.625,488.75,9.0,15.0,41.25,153.5,270.0,1445.0,497.75,2.0,19.0,78.0,1.0,1.0,2.0,6.0,9.0,1.0,0.0,0.0,8.0,8.0,0.1,0.09523809523809523,0.0032,0.0032,0.025,0.11363636363636363,0.8863636363636364,0.225,1.0,1.0,0.19166666666666668,0.23684210526315785,0.0
20260629_202157_89a44e2f,20260629_202157_89a44e2f_g0038,38,1742589677,0,8,8,8,1,3,YELLOW,champ_v3,2,2,[2],0,101,2,"{""1"": 78, ""2"": 102, ""3"": 101, ""4"": 82}",False,9.0,-14.0,9.0,0.0,1.0,0.0025,543.0,122.625,488.75,9.0,15.0,41.25,153.5,270.0,1445.0,497.75,2.0,19.0,78.0,1.0,1.0,2.0,6.0,9.0,1.0,0.0,0.0,8.0,8.0,0.1,0.09523809523809523,0.0032,0.0032,0.025,0.11363636363636363,0.8863636363636364,0.225,1.0,1.0,0.19166666666666668,0.23684210526315785,0.0
20260629_202157_89a44e2f,20260629_202157_89a44e2f_g0038,38,1742589677,0,8,8,8,1,4,GREEN,pool_heuristic,3,2,[2],0,82,3,"{""1"": 78, ""2"": 102, ""3"": 101, ""4"": 82}",False,8.0,-16.0,9.0,0.0,1.0,0.0025,514.0,120.0,482.5,8.0,14.0,39.75,152.0,268.75,1474.0,490.5,2.0,19.0,78.0,1.0,1.0,2.0,6.0,9.0,1.0,0.0,1.0,8.0,8.0,0.1,0.09523809523809523,0.0032,0.0032,0.025,0.11363636363636363,0.8863636363636364,0.2,1.0,1.0,0.2,0.25263157894736843,0.0
20260629_202157_89a44e2f,20260629_202157_89a44e2f_g0038,38,1742589677,1,16,16,16,1,1,RED,pool_l45_100ms,0,2,[2],0,78,4,"{""1"": 78, ""2"": 102, ""3"": 101, ""4"": 82}",False,10.0,-37.0,7.0,0.0,1.0,0.0025,450.0,108.125,406.125,10.0,17.0,43.5,160.0,175.625,2051.0,416.125,4.0,17.0,68.0,1.0,1.0,2.0,6.0,7.0,1.0,0.0,0.0,16.0,16.0,0.2,0.19047619047619047,0.0064,0.0064,0.05,0.22727272727272727,0.7727272727272727,0.25,1.0,1.0,0.39166666666666666,0.3236842105263158,0.0
20260629_202157_89a44e2f,20260629_202157_89a44e2f_g0038,38,1742589677,1,16,16,16,1,2,BLUE,pool_peer_500ms,1,2,[2],1,102,1,"{""1"": 78, ""2"": 102, ""3"": 101, ""4"": 82}",False,16.0,-25.0,0.0,2.0,1.0,0.0025,669.0,168.25,649.75,14.0,23.0,63.75,234.0,315.0,1832.0,665.75,4.0,17.0,68.0,1.0,1.0,2.0,6.0,7.0,1.0,0.0,0.0,16.0,16.0,0.2,0.19047619047619047,0.0064,0.0064,0.05,0.22727272727272727,0.7727272727272727,0.4,1.0,1.0,0.3416666666666667,0.49473684210526314,0.0
20260629_202157_89a44e2f,20260629_202157_89a44e2f_g0038,38,1742589677,1,16,16,16,1,3,YELLOW,champ_v3,2,2,[2],0,101,2,"{""1"": 78, ""2"": 102, ""3"": 101, ""4"": 82}",False,15.0,-27.0,1.0,2.0,1.0,0.0025,701.0,177.125,680.625,15.0,25.0,68.25,248.0,324.375,1800.0,695.625,4.0,17.0,68.0,1.0,1.0,2.0,6.0,7.0,1.0,0.0,0.0,16.0,16.0,0.2,0.19047619047619047,0.0064,0.0064,0.05,0.22727272727272727,0.7727272727272727,0.375,1.0,1.0,0.35,0.4894736842105264,0.0
20260629_202157_89a44e2f,20260629_202157_89a44e2f_g0038,38,1742589677,1,16,16,16,1,4,GREEN,pool_heuristic,3,2,[2],0,82,3,"{""1"": 78, ""2"": 102, ""3"": 101, ""4"": 82}",False,16.0,-25.0,1.0,0.0,1.0,0.0025,681.0,181.375,691.5,16.0,26.0,69.75,263.5,316.25,1820.0,707.5,4.0,17.0,68.0,1.0,1.0,2.0,6.0,7.0,1.0,0.0,1.0,16.0,16.0,0.2,0.19047619047619047,0.0064,0.0064,0.05,0.22727272727272727,0.7727272727272727,0.4,1.0,1.0,0.3416666666666667,0.49736842105263157,0.0
20260629_202157_89a44e2f,20260629_202157_89a44e2f_g0038,38,1742589677,2,24,24,24,1,1,RED,pool_l45_100ms,0,2,[2],0,78,4,"{""1"": 78, ""2"": 102, ""3"": 101, ""4"": 82}",False,14.0,-46.0,6.0,0.0,7.0,0.0175,212.0,63.0,193.5,14.0,17.0,29.25,82.0,51.25,1411.0,207.5,6.0,15.0,58.0,1.0,1.0,2.0,6.0,5.0,0.0,0.0,0.0,24.0,24.0,0.3,0.2857142857142857,0.0096,0.0096,0.075,0.3409090909090909,0.6590909090909091,0.35,1.0,1.0,0.5,0.4017543859649123,0.0
20260629_202157_89a44e2f,20260629_202157_89a44e2f_g0038,38,1742589677,2,24,24,24,1,2,BLUE,pool_peer_500ms,1,2,[2],1,102,1,"{""1"": 78, ""2"": 102, ""3"": 101, ""4"": 82}",False,20.0,-34.0,0.0,16.0,7.0,0.0175,489.0,127.375,458.25,15.0,22.0,56.25,192.5,172.5,1134.0,478.25,6.0,15.0,58.0,1.0,1.0,2.0,6.0,5.0,0.0,0.0,0.0,24.0,24.0,0.3,0.2857142857142857,0.0096,0.0096,0.075,0.3409090909090909,0.6590909090909091,0.5,1.0,1.0,0.45,0.5894736842105264,0.0
20260629_202157_89a44e2f,20260629_202157_89a44e2f_g0038,38,1742589677,2,24,24,24,1,3,YELLOW,champ_v3,2,2,[2],0,101,2,"{""1"": 78, ""2"": 102, ""3"": 101, ""4"": 82}",False,20.0,-34.0,1.0,9.0,7.0,0.0175,555.0,155.375,549.625,20.0,27.0,69.75,241.0,191.875,1068.0,569.625,6.0,15.0,58.0,1.0,1.0,2.0,6.0,5.0,1.0,0.0,0.0,24.0,24.0,0.3,0.2857142857142857,0.0096,0.0096,0.075,0.3409090909090909,0.6590909090909091,0.5,1.0,1.0,0.45,0.5842105263157895,0.0
20260629_202157_89a44e2f,20260629_202157_89a44e2f_g0038,38,1742589677,2,24,24,24,1,4,GREEN,pool_heuristic,3,2,[2],0,82,3,"{""1"": 78, ""2"": 102, ""3"": 101, ""4"": 82}",False,20.0,-34.0,1.0,7.0,7.0,0.0175,367.0,119.125,406.125,18.0,23.0,54.75,186.0,124.375,1256.0,426.125,6.0,15.0,58.0,1.0,1.0,2.0,6.0,5.0,1.0,0.0,1.0,24.0,24.0,0.3,0.2857142857142857,0.0096,0.0096,0.075,0.3409090909090909,0.6590909090909091,0.5,1.0,1.0,0.45,0.543859649122807,0.0
20260629_202157_89a44e2f,20260629_202157_89a44e2f_g0038,38,1742589677,3,32,32,32,1,1,RED,pool_l45_100ms,0,2,[2],0,78,4,"{""1"": 78, ""2"": 102, ""3"": 101, ""4"": 82}",False,15.0,-58.0,6.0,3.0,11.0,0.0275,84.0,36.625,86.375,14.0,14.0,17.25,33.0,8.125,982.0,101.375,8.0,13.0,48.0,1.0,1.0,2.0,6.0,3.0,0.0,0.0,0.0,32.0,32.0,0.39,0.38095238095238093,0.0128,0.0128,0.1,0.45454545454545453,0.5454545454545454,0.375,1.0,1.0,0.6083333333333333,0.4144736842105263,0.0
20260629_202157_89a44e2f,20260629_202157_89a44e2f_g0038,38,1742589677,3,32,32,32,1,2,BLUE,pool_peer_500ms,1,2,[2],1,102,1,"{""1"": 78, ""2"": 102, ""3"": 101, ""4"": 82}",False,27.0,-34.0,0.0,26.0,11.0,0.0275,352.0,102.25,333.375,19.0,26.0,56.25,101.5,130.625,714.0,360.375,8.0,13.0,50.0,1.0,1.0,2.0,4.0,5.0,0.0,0.0,0.0,32.0,32.0,0.39,0.38095238095238093,0.0128,0.0128,0.095,0.4318181818181818,0.5681818181818182,0.675,1.0,1.0,0.5083333333333333,0.5997229916897506,0.0
20260629_202157_89a44e2f,20260629_202157_89a44e2f_g0038,38,1742589677,3,32,32,32,1,3,YELLOW,champ_v3,2,2,[2],0,101,2,"{""1"": 78, ""2"": 102, ""3"": 101, ""4"": 82}",False,24.0,-40.0,1.0,18.0,11.0,0.0275,443.0,126.75,435.375,21.0,25.0,63.75,137.5,188.125,623.0,459.375,8.0,13.0,50.0,1.0,1.0,2.0,4.0,5.0,1.0,0.0,0.0,32.0,32.0,0.39,0.38095238095238093,0.0128,0.0128,0.095,0.4318181818181818,0.5681818181818182,0.6,1.0,1.0,0.5333333333333333,0.5900277008310248,0.0
20260629_202157_89a44e2f,20260629_202157_89a44e2f_g0038,38,1742589677,3,32,32,32,1,4,GREEN,pool_heuristic,3,2,[2],0,82,3,"{""1"": 78, ""2"": 102, ""3"": 101, ""4"": 82}",False,22.0,-44.0,1.0,11.0,11.0,0.0275,187.0,72.125,198.625,20.0,21.0,40.5,94.0,23.125,879.0,220.625,8.0,13.0,48.0,1.0,1.0,2.0,6.0,3.0,0.0,0.0,1.0,32.0,32.0,0.39,0.38095238095238093,0.0128,0.0128,0.1,0.45454545454545453,0.5454545454545454,0.55,1.0,1.0,0.55,0.5328947368421053,0.0
20260629_202157_89a44e2f,20260629_202157_89a44e2f_g0038,38,1742589677,4,40,40,40,1,1,RED,pool_l45_100ms,0,2,[2],0,78,4,"{""1"": 78, ""2"": 102, ""3"": 101, ""4"": 82}",False,12.0,-66.0,6.0,11.0,15.0,0.0375,30.0,16.25,29.5,10.0,4.0,5.25,9.0,1.25,562.0,41.5,10.0,11.0,38.0,1.0,1.0,2.0,6.0,1.0,0.0,0.0,0.0,40.0,40.0,0.4875,0.47619047619047616,0.016,0.016,0.125,0.5681818181818182,0.4318181818181818,0.3,0.8333333333333334,1.0,0.65,0.4010526315789473,0.0
20260629_202157_89a44e2f,20260629_202157_89a44e2f_g0038,38,1742589677,4,40,40,40,1,2,BLUE,pool_peer_500ms,1,2,[2],1,102,1,"{""1"": 78, ""2"": 102, ""3"": 101, ""4"": 82}",False,28.0,-34.0,0.0,32.0,15.0,0.0375,205.0,70.25,211.125,18.0,16.0,39.0,72.5,65.625,387.0,239.125,10.0,11.0,40.0,1.0,1.0,2.0,4.0,3.0,0.0,0.0,0.0,40.0,40.0,0.4875,0.47619047619047616,0.016,0.016,0.12,0.5454545454545454,0.45454545454545453,0.7,1.0,1.0,0.5166666666666667,0.5537280701754386,0.0
20260629_202157_89a44e2f,20260629_202157_89a44e2f_g0038,38,1742589677,4,40,40,40,1,3,YELLOW,champ_v3,2,2,[2],0,101,2,"{""1"": 78, ""2"": 102, ""3"": 101, ""4"": 82}",False,28.0,-34.0,1.0,25.0,15.0,0.0375,303.0,93.75,295.125,22.0,21.0,51.0,80.5,120.625,289.0,323.125,10.0,11.0,41.0,1.0,1.0,2.0,3.0,4.0,1.0,0.0,0.0,40.0,40.0,0.4875,0.47619047619047616,0.016,0.016,0.1175,0.5340909090909091,0.4659090909090909,0.7,1.0,1.0,0.5166666666666667,0.5923852183650615,0.0
20260629_202157_89a44e2f,20260629_202157_89a44e2f_g0038,38,1742589677,4,40,40,40,1,4,GREEN,pool_heuristic,3,2,[2],0,82,3,"{""1"": 78, ""2"": 102, ""3"": 101, ""4"": 82}",False,22.0,-46.0,1.0,27.0,15.0,0.0375,54.0,30.0,61.5,15.0,10.0,13.5,18.0,5.0,538.0,83.5,10.0,11.0,38.0,1.0,1.0,2.0,6.0,1.0,0.0,0.0,0.0,40.0,40.0,0.4875,0.47619047619047616,0.016,0.016,0.125,0.5681818181818182,0.4318181818181818,0.55,1.0,1.0,0.5666666666666667,0.5263157894736843,0.0
20260629_202157_89a44e2f,20260629_202157_89a44e2f_g0038,38,1742589677,5,48,48,48,1,1,RED,pool_l45_100ms,0,2,[2],0,78,4,"{""1"": 78, ""2"": 102, ""3"": 101, ""4"": 82}",False,12.0,-67.0,6.0,25.0,17.0,0.0425,19.0,13.375,18.5,10.0,4.0,3.0,1.5,0.0,288.0,30.5,12.0,9.0,29.0,1.0,1.0,2.0,5.0,0.0,0.0,0.0,0.0,48.0,48.0,0.5775,0.5714285714285714,0.0192,0.0192,0.1475,0.6704545454545454,0.32954545454545453,0.3,0.5833333333333334,0.8,0.6583333333333333,0.38269402319357715,0.0
20260629_202157_89a44e2f,20260629_202157_89a44e2f_g0038,38,1742589677,5,48,48,48,1,2,BLUE,pool_peer_500ms,1,2,[2],1,102,1,"{""1"": 78, ""2"": 102, ""3"": 101, ""4"": 82}",False,27.0,-37.0,0.0,43.0,17.0,0.0425,88.0,37.5,85.75,17.0,10.0,19.5,23.0,16.25,219.0,112.75,12.0,9.0,31.0,1.0,1.0,2.0,3.0,2.0,0.0,0.0,0.0,48.0,48.0,0.5775,0.5714285714285714,0.0192,0.0192,0.1425,0.6477272727272727,0.3522727272727273,0.675,1.0,1.0,0.5333333333333333,0.5660203139427515,0.0
20260629_202157_89a44e2f,20260629_202157_89a44e2f_g0038,38,1742589677,5,48,48,48,1,3,YELLOW,champ_v3,2,2,[2],0,101,2,"{""1"": 78, ""2"": 102, ""3"": 101, ""4"": 82}",False,29.0,-33.0,1.0,36.0,17.0,0.0425,163.0,64.125,168.5,21.0,19.0,38.25,56.5,33.75,144.0,197.5,12.0,9.0,31.0,1.0,1.0,2.0,3.0,2.0,0.0,0.0,0.0,48.0,48.0,0.5775,0.5714285714285714,0.0192,0.0192,0.1425,0.6477272727272727,0.3522727272727273,0.725,1.0,1.0,0.5166666666666667,0.5909510618651893,0.0
20260629_202157_89a44e2f,20260629_202157_89a44e2f_g0038,38,1742589677,5,48,48,48,1,4,GREEN,pool_heuristic,3,2,[2],0,82,3,"{""1"": 78, ""2"": 102, ""3"": 101, ""4"": 82}",False,23.0,-45.0,1.0,40.0,17.0,0.0425,37.0,24.125,43.5,14.0,9.0,9.0,6.5,5.0,270.0,66.5,12.0,9.0,30.0,1.0,1.0,2.0,4.0,1.0,0.0,0.0,0.0,48.0,48.0,0.5775,0.5714285714285714,0.0192,0.0192,0.145,0.6590909090909091,0.3409090909090909,0.575,0.95,1.0,0.5666666666666667,0.5163339382940109,0.0
20260629_202157_89a44e2f,20260629_202157_89a44e2f_g0038,38,1742589677,6,56,56,56,1,1,RED,pool_l45_100ms,0,2,[2],0,78,4,"{""1"": 78, ""2"": 102, ""3"": 101, ""4"": 82}",False,13.0,-60.0,6.0,35.0,26.0,0.065,16.0,13.25,15.75,11.0,4.0,0.75,0.0,0.0,146.0,28.75,14.0,7.0,21.0,1.0,1.0,2.0,3.0,0.0,0.0,0.0,0.0,56.0,56.0,0.665,0.6666666666666666,0.0224,0.0224,0.1675,0.7613636363636364,0.23863636363636365,0.325,0.45,0.8,0.6083333333333333,0.36370777690494893,0.0
20260629_202157_89a44e2f,20260629_202157_89a44e2f_g0038,38,1742589677,6,56,56,56,1,2,BLUE,pool_peer_500ms,1,2,[2],1,102,1,"{""1"": 78, ""2"": 102, ""3"": 101, ""4"": 82}",False,28.0,-30.0,0.0,58.0,26.0,0.065,44.0,27.75,52.75,15.0,8.0,15.75,14.0,0.0,118.0,80.75,14.0,7.0,22.0,1.0,1.0,2.0,2.0,1.0,0.0,0.0,0.0,56.0,56.0,0.665,0.6666666666666666,0.0224,0.0224,0.165,0.75,0.25,0.7,0.9833333333333333,1.0,0.4833333333333333,0.5757575757575757,0.0
20260629_202157_89a44e2f,20260629_202157_89a44e2f_g0038,38,1742589677,6,56,56,56,1,3,YELLOW,champ_v3,2,2,[2],0,101,2,"{""1"": 78, ""2"": 102, ""3"": 101, ""4"": 82}",False,26.0,-34.0,1.0,47.0,26.0,0.065,83.0,40.375,86.75,17.0,15.0,26.25,28.5,0.0,79.0,112.75,14.0,7.0,21.0,1.0,1.0,2.0,3.0,0.0,0.0,0.0,0.0,56.0,56.0,0.665,0.6666666666666666,0.0224,0.0224,0.1675,0.7613636363636364,0.23863636363636365,0.65,1.0,0.8,0.5,0.5608798114689708,0.0
20260629_202157_89a44e2f,20260629_202157_89a44e2f_g0038,38,1742589677,6,56,56,56,1,4,GREEN,pool_heuristic,3,2,[2],0,82,3,"{""1"": 78, ""2"": 102, ""3"": 101, ""4"": 82}",False,19.0,-48.0,1.0,47.0,26.0,0.065,19.0,14.5,22.0,10.0,5.0,3.0,4.0,0.0,143.0,41.0,14.0,7.0,22.0,1.0,1.0,1.0,4.0,0.0,0.0,0.0,0.0,56.0,56.0,0.665,0.6666666666666666,0.0224,0.0224,0.165,0.75,0.25,0.475,0.6666666666666666,0.8,0.5583333333333333,0.4768740031897927,0.0
20260629_202157_89a44e2f,20260629_202157_89a44e2f_g0038,38,1742589677,7,64,64,64,1,1,RED,pool_l45_100ms,0,2,[2],0,78,4,"{""1"": 78, ""2"": 102, ""3"": 101, ""4"": 82}",False,11.0,-53.0,6.0,41.0,41.0,0.1025,9.0,9.0,9.0,9.0,0.0,0.0,0.0,0.0,28.0,20.0,16.0,5.0,16.0,1.0,0.0,1.0,3.0,0.0,0.0,0.0,0.0,64.0,64.0,0.7225,0.7619047619047619,0.0256,0.0256,0.18,0.8181818181818182,0.18181818181818182,0.275,0.36666666666666664,0.8,0.5333333333333333,0.36330409356725146,0.0
20260629_202157_89a44e2f,20260629_202157_89a44e2f_g0038,38,1742589677,7,64,64,64,1,2,BLUE,pool_peer_500ms,1,2,[2],1,102,1,"{""1"": 78, ""2"": 102, ""3"": 101, ""4"": 82}",False,26.0,-23.0,0.0,63.0,41.0,0.1025,6.0,2.75,6.75,0.0,3.0,3.75,0.0,0.0,31.0,32.75,16.0,5.0,17.0,0.0,1.0,2.0,1.0,1.0,0.0,0.0,0.0,64.0,64.0,0.7225,0.7619047619047619,0.0256,0.0256,0.1775,0.8068181818181818,0.19318181818181818,0.65,0.8666666666666667,1.0,0.4083333333333333,0.570051890289103,0.0
20260629_202157_89a44e2f,20260629_202157_89a44e2f_g0038,38,1742589677,7,64,64,64,1,3,YELLOW,champ_v3,2,2,[2],0,101,2,"{""1"": 78, ""2"": 102, ""3"": 101, ""4"": 82}",False,21.0,-33.0,1.0,57.0,41.0,0.1025,16.0,12.5,16.5,10.0,3.0,1.5,2.0,0.0,21.0,37.5,16.0,5.0,14.0,1.0,1.0,1.0,2.0,0.0,0.0,0.0,0.0,64.0,64.0,0.7225,0.7619047619047619,0.0256,0.0256,0.185,0.8409090909090909,0.1590909090909091,0.525,0.8833333333333333,0.8,0.45,0.531294452347084,0.0
20260629_202157_89a44e2f,20260629_202157_89a44e2f_g0038,38,1742589677,7,64,64,64,1,4,GREEN,pool_heuristic,3,2,[2],0,82,3,"{""1"": 78, ""2"": 102, ""3"": 101, ""4"": 82}",False,17.0,-41.0,1.0,53.0,41.0,0.1025,6.0,6.0,6.0,6.0,0.0,0.0,0.0,0.0,31.0,23.0,16.0,5.0,16.0,1.0,0.0,1.0,3.0,0.0,0.0,0.0,0.0,64.0,64.0,0.7225,0.7619047619047619,0.0256,0.0256,0.18,0.8181818181818182,0.18181818181818182,0.425,0.43333333333333335,0.8,0.4833333333333333,0.4751461988304094,0.0
20260629_202157_89a44e2f,20260629_202157_89a44e2f_g0039,39,1268396034,0,8,8,8,1,1,RED,pool_peer_500ms,0,1,[1],1,98,1,"{""1"": 98, ""2"": 95, ""3"": 70, ""4"": 78}",False,9.0,-13.0,9.0,0.0,0.0,0.0,543.0,122.625,488.75,9.0,15.0,41.25,153.5,270.0,1406.0,497.75,2.0,19.0,78.0,1.0,1.0,2.0,6.0,9.0,1.0,0.0,0.0,8.0,8.0,0.1,0.09523809523809523,0.0032,0.0032,0.025,0.11363636363636363,0.8863636363636364,0.225,1.0,1.0,0.18333333333333332,0.23684210526315785,0.0
20260629_202157_89a44e2f,20260629_202157_89a44e2f_g0039,39,1268396034,0,8,8,8,1,2,BLUE,champ_v3,1,1,[1],0,95,2,"{""1"": 98, ""2"": 95, ""3"": 70, ""4"": 78}",False,9.0,-13.0,9.0,0.0,0.0,0.0,543.0,122.625,488.75,9.0,15.0,41.25,153.5,270.0,1406.0,497.75,2.0,19.0,78.0,1.0,1.0,2.0,6.0,9.0,1.0,0.0,0.0,8.0,8.0,0.1,0.09523809523809523,0.0032,0.0032,0.025,0.11363636363636363,0.8863636363636364,0.225,1.0,1.0,0.18333333333333332,0.23684210526315785,0.0
20260629_202157_89a44e2f,20260629_202157_89a44e2f_g0039,39,1268396034,0,8,8,8,1,3,YELLOW,pool_heuristic,2,1,[1],0,70,4,"{""1"": 98, ""2"": 95, ""3"": 70, ""4"": 78}",False,6.0,-19.0,9.0,0.0,0.0,0.0,419.0,101.875,415.125,6.0,11.0,32.25,129.0,236.875,1530.0,421.125,2.0,19.0,78.0,1.0,1.0,2.0,6.0,9.0,1.0,1.0,1.0,8.0,8.0,0.1,0.09523809523809523,0.0032,0.0032,0.025,0.11363636363636363,0.8863636363636364,0.15,1.0,1.0,0.20833333333333334,0.21052631578947367,0.0
20260629_202157_89a44e2f,20260629_202157_89a44e2f_g0039,39,1268396034,0,8,8,8,1,4,GREEN,pool_l45_100ms,3,1,[1],0,78,3,"{""1"": 98, ""2"": 95, ""3"": 70, ""4"": 78}",False,7.0,-17.0,9.0,0.0,0.0,0.0,444.0,103.25,415.125,7.0,12.0,33.75,130.5,231.875,1505.0,422.125,2.0,19.0,78.0,1.0,1.0,2.0,6.0,9.0,1.0,1.0,0.0,8.0,8.0,0.1,0.09523809523809523,0.0032,0.0032,0.025,0.11363636363636363,0.8863636363636364,0.175,1.0,1.0,0.2,0.20526315789473681,0.0
20260629_202157_89a44e2f,20260629_202157_89a44e2f_g0039,39,1268396034,1,16,16,16,1,1,RED,pool_peer_500ms,0,1,[1],1,98,1,"{""1"": 98, ""2"": 95, ""3"": 70, ""4"": 78}",False,16.0,-19.0,0.0,2.0,4.0,0.01,689.0,172.125,666.875,14.0,23.0,64.5,241.0,324.375,1782.0,682.875,4.0,17.0,68.0,1.0,1.0,2.0,6.0,7.0,1.0,0.0,0.0,16.0,16.0,0.2,0.19047619047619047,0.0064,0.0064,0.05,0.22727272727272727,0.7727272727272727,0.4,1.0,1.0,0.29166666666666663,0.49473684210526314,0.0
20260629_202157_89a44e2f,20260629_202157_89a44e2f_g0039,39,1268396034,1,16,16,16,1,2,BLUE,champ_v3,1,1,[1],0,95,2,"{""1"": 98, ""2"": 95, ""3"": 70, ""4"": 78}",False,15.0,-21.0,1.0,2.0,4.0,0.01,821.0,203.125,791.75,15.0,27.0,77.25,287.5,385.0,1650.0,806.75,4.0,17.0,68.0,1.0,1.0,2.0,6.0,7.0,1.0,0.0,0.0,16.0,16.0,0.2,0.19047619047619047,0.0064,0.0064,0.05,0.22727272727272727,0.7727272727272727,0.375,1.0,1.0,0.3,0.4894736842105264,0.0
20260629_202157_89a44e2f,20260629_202157_89a44e2f_g0039,39,1268396034,1,16,16,16,1,3,YELLOW,pool_heuristic,2,1,[1],0,70,4,"{""1"": 98, ""2"": 95, ""3"": 70, ""4"": 78}",False,11.0,-29.0,6.0,2.0,4.0,0.01,541.0,138.5,540.75,10.0,19.0,51.75,195.0,265.0,1930.0,551.75,4.0,17.0,68.0,1.0,1.0,2.0,6.0,7.0,1.0,1.0,1.0,16.0,16.0,0.2,0.19047619047619047,0.0064,0.0064,0.05,0.22727272727272727,0.7727272727272727,0.275,1.0,1.0,0.33333333333333337,0.3894736842105263,0.0
20260629_202157_89a44e2f,20260629_202157_89a44e2f_g0039,39,1268396034,1,16,16,16,1,4,GREEN,pool_l45_100ms,3,1,[1],0,78,3,"{""1"": 98, ""2"": 95, ""3"": 70, ""4"": 78}",False,9.0,-33.0,7.0,2.0,4.0,0.01,420.0,99.625,378.75,9.0,15.0,38.25,141.5,175.0,2051.0,387.75,4.0,17.0,68.0,1.0,1.0,2.0,6.0,7.0,1.0,0.0,0.0,16.0,16.0,0.2,0.19047619047619047,0.0064,0.0064,0.05,0.22727272727272727,0.7727272727272727,0.225,1.0,1.0,0.35,0.3131578947368421,0.0
20260629_202157_89a44e2f,20260629_202157_89a44e2f_g0039,39,1268396034,2,24,24,24,1,1,RED,pool_peer_500ms,0,1,[1],1,98,1,"{""1"": 98, ""2"": 95, ""3"": 70, ""4"": 78}",False,20.0,-28.0,0.0,13.0,6.0,0.015,523.0,145.375,526.0,17.0,27.0,67.5,189.5,225.0,1457.0,546.0,6.0,15.0,59.0,1.0,1.0,2.0,5.0,6.0,1.0,0.0,0.0,24.0,24.0,0.2975,0.2857142857142857,0.0096,0.0096,0.0725,0.32954545454545453,0.6704545454545454,0.5,1.0,1.0,0.4,0.5843920145190562,0.0
20260629_202157_89a44e2f,20260629_202157_89a44e2f_g0039,39,1268396034,2,24,24,24,1,2,BLUE,champ_v3,1,1,[1],0,95,2,"{""1"": 98, ""2"": 95, ""3"": 70, ""4"": 78}",False,20.0,-28.0,1.0,13.0,6.0,0.015,742.0,198.25,729.375,19.0,32.0,87.75,317.5,273.125,1238.0,749.375,6.0,15.0,58.0,1.0,1.0,2.0,6.0,5.0,1.0,0.0,0.0,24.0,24.0,0.2975,0.2857142857142857,0.0096,0.0096,0.075,0.3409090909090909,0.6590909090909091,0.5,1.0,1.0,0.4,0.5614035087719298,0.0
20260629_202157_89a44e2f,20260629_202157_89a44e2f_g0039,39,1268396034,2,24,24,24,1,3,YELLOW,pool_heuristic,2,1,[1],0,70,4,"{""1"": 98, ""2"": 95, ""3"": 70, ""4"": 78}",False,16.0,-36.0,2.0,3.0,6.0,0.015,433.0,129.125,463.625,15.0,24.0,57.0,192.0,175.625,1547.0,479.625,6.0,15.0,58.0,1.0,1.0,2.0,6.0,5.0,1.0,1.0,1.0,24.0,24.0,0.2975,0.2857142857142857,0.0096,0.0096,0.075,0.3409090909090909,0.6590909090909091,0.4,1.0,1.0,0.4333333333333333,0.4912280701754387,0.0
20260629_202157_89a44e2f,20260629_202157_89a44e2f_g0039,39,1268396034,2,24,24,24,1,4,GREEN,pool_l45_100ms,3,1,[1],0,78,3,"{""1"": 98, ""2"": 95, ""3"": 70, ""4"": 78}",False,12.0,-44.0,3.0,5.0,6.0,0.015,282.0,72.625,248.75,11.0,14.0,33.75,107.5,82.5,1698.0,260.75,6.0,15.0,58.0,1.0,1.0,2.0,6.0,5.0,0.0,0.0,0.0,24.0,24.0,0.2975,0.2857142857142857,0.0096,0.0096,0.075,0.3409090909090909,0.6590909090909091,0.3,1.0,1.0,0.4666666666666667,0.4175438596491228,0.0
20260629_202157_89a44e2f,20260629_202157_89a44e2f_g0039,39,1268396034,3,32,32,32,1,1,RED,pool_peer_500ms,0,1,[1],1,98,1,"{""1"": 98, ""2"": 95, ""3"": 70, ""4"": 78}",False,24.0,-33.0,0.0,20.0,8.0,0.02,278.0,98.375,313.5,21.0,22.0,46.5,121.5,102.5,582.0,337.5,8.0,13.0,49.0,1.0,1.0,2.0,5.0,4.0,1.0,0.0,0.0,32.0,32.0,0.395,0.38095238095238093,0.0128,0.0128,0.0975,0.4431818181818182,0.5568181818181818,0.6,1.0,1.0,0.475,0.5843454790823212,0.0
20260629_202157_89a44e2f,20260629_202157_89a44e2f_g0039,39,1268396034,3,32,32,32,1,2,BLUE,champ_v3,1,1,[1],0,95,2,"{""1"": 98, ""2"": 95, ""3"": 70, ""4"": 78}",False,25.0,-31.0,1.0,21.0,8.0,0.02,318.0,102.0,329.875,20.0,23.0,51.75,124.5,110.625,542.0,354.875,8.0,13.0,49.0,1.0,1.0,2.0,5.0,4.0,1.0,0.0,0.0,32.0,32.0,0.395,0.38095238095238093,0.0128,0.0128,0.0975,0.4431818181818182,0.5568181818181818,0.625,1.0,1.0,0.4666666666666667,0.6153846153846154,0.0
20260629_202157_89a44e2f,20260629_202157_89a44e2f_g0039,39,1268396034,3,32,32,32,1,3,YELLOW,pool_heuristic,2,1,[1],0,70,4,"{""1"": 98, ""2"": 95, ""3"": 70, ""4"": 78}",False,18.0,-45.0,2.0,15.0,8.0,0.02,177.0,65.125,201.0,15.0,14.0,30.0,94.5,47.5,683.0,219.0,8.0,13.0,48.0,1.0,1.0,2.0,6.0,3.0,1.0,1.0,1.0,32.0,32.0,0.395,0.38095238095238093,0.0128,0.0128,0.1,0.45454545454545453,0.5454545454545454,0.45,1.0,1.0,0.525,0.5184210526315789,0.0
20260629_202157_89a44e2f,20260629_202157_89a44e2f_g0039,39,1268396034,3,32,32,32,1,4,GREEN,pool_l45_100ms,3,1,[1],0,78,3,"{""1"": 98, ""2"": 95, ""3"": 70, ""4"": 78}",False,14.0,-53.0,3.0,11.0,8.0,0.02,87.0,32.625,85.5,11.0,10.0,15.0,34.5,15.0,773.0,99.5,8.0,13.0,48.0,1.0,1.0,2.0,6.0,3.0,0.0,0.0,0.0,32.0,32.0,0.395,0.38095238095238093,0.0128,0.0128,0.1,0.45454545454545453,0.5454545454545454,0.35,1.0,1.0,0.5583333333333333,0.43552631578947365,0.0
20260629_202157_89a44e2f,20260629_202157_89a44e2f_g0039,39,1268396034,4,40,40,40,1,1,RED,pool_peer_500ms,0,1,[1],1,98,1,"{""1"": 98, ""2"": 95, ""3"": 70, ""4"": 78}",False,27.0,-37.0,0.0,25.0,14.0,0.035,125.0,55.625,130.5,22.0,18.0,27.75,56.5,6.25,259.0,157.5,10.0,11.0,39.0,1.0,1.0,2.0,5.0,2.0,0.0,0.0,0.0,40.0,40.0,0.4925,0.47619047619047616,0.016,0.016,0.1225,0.5568181818181818,0.4431818181818182,0.675,1.0,1.0,0.5333333333333333,0.5671321160042964,0.0
20260629_202157_89a44e2f,20260629_202157_89a44e2f_g0039,39,1268396034,4,40,40,40,1,2,BLUE,champ_v3,1,1,[1],0,95,2,"{""1"": 98, ""2"": 95, ""3"": 70, ""4"": 78}",False,32.0,-27.0,1.0,29.0,14.0,0.035,116.0,53.875,118.625,24.0,19.0,28.5,29.0,18.125,268.0,150.625,10.0,11.0,40.0,1.0,1.0,2.0,4.0,3.0,1.0,0.0,0.0,40.0,40.0,0.4925,0.47619047619047616,0.016,0.016,0.12,0.5454545454545454,0.45454545454545453,0.8,1.0,1.0,0.4916666666666667,0.5997807017543859,0.0
20260629_202157_89a44e2f,20260629_202157_89a44e2f_g0039,39,1268396034,4,40,40,40,1,3,YELLOW,pool_heuristic,2,1,[1],0,70,4,"{""1"": 98, ""2"": 95, ""3"": 70, ""4"": 78}",False,19.0,-53.0,2.0,17.0,14.0,0.035,87.0,39.0,91.5,16.0,11.0,19.5,40.0,5.0,297.0,110.5,10.0,11.0,38.0,1.0,1.0,2.0,6.0,1.0,1.0,0.0,0.0,40.0,40.0,0.4925,0.47619047619047616,0.016,0.016,0.125,0.5681818181818182,0.4318181818181818,0.475,1.0,1.0,0.6,0.4831578947368421,0.0
20260629_202157_89a44e2f,20260629_202157_89a44e2f_g0039,39,1268396034,4,40,40,40,1,4,GREEN,pool_l45_100ms,3,1,[1],0,78,3,"{""1"": 98, ""2"": 95, ""3"": 70, ""4"": 78}",False,13.0,-65.0,3.0,12.0,14.0,0.035,56.0,24.625,55.5,10.0,9.0,12.75,22.5,1.25,328.0,68.5,10.0,11.0,38.0,1.0,1.0,2.0,6.0,1.0,0.0,0.0,0.0,40.0,40.0,0.4925,0.47619047619047616,0.016,0.016,0.125,0.5681818181818182,0.4318181818181818,0.325,1.0,1.0,0.65,0.4168421052631579,0.0
20260629_202157_89a44e2f,20260629_202157_89a44e2f_g0039,39,1268396034,5,48,48,48,1,1,RED,pool_peer_500ms,0,1,[1],1,98,1,"{""1"": 98, ""2"": 95, ""3"": 70, ""4"": 78}",False,29.0,-35.0,0.0,39.0,20.0,0.05,71.0,41.5,84.25,21.0,14.0,18.75,23.0,7.5,153.0,113.25,12.0,9.0,31.0,1.0,1.0,2.0,3.0,2.0,0.0,0.0,0.0,48.0,48.0,0.5775,0.5714285714285714,0.0192,0.0192,0.1425,0.6477272727272727,0.3522727272727273,0.725,1.0,1.0,0.5333333333333333,0.5586334256694367,0.0
20260629_202157_89a44e2f,20260629_202157_89a44e2f_g0039,39,1268396034,5,48,48,48,1,2,BLUE,champ_v3,1,1,[1],0,95,2,"{""1"": 98, ""2"": 95, ""3"": 70, ""4"": 78}",False,32.0,-29.0,1.0,43.0,20.0,0.05,80.0,40.5,79.0,21.0,14.0,20.25,20.0,3.75,144.0,111.0,12.0,9.0,30.0,1.0,1.0,2.0,4.0,1.0,1.0,0.0,0.0,48.0,48.0,0.5775,0.5714285714285714,0.0192,0.0192,0.145,0.6590909090909091,0.3409090909090909,0.8,1.0,1.0,0.5083333333333333,0.5961887477313974,0.0
20260629_202157_89a44e2f,20260629_202157_89a44e2f_g0039,39,1268396034,5,48,48,48,1,3,YELLOW,pool_heuristic,2,1,[1],0,70,4,"{""1"": 98, ""2"": 95, ""3"": 70, ""4"": 78}",False,15.0,-63.0,2.0,24.0,20.0,0.05,14.0,11.875,13.75,11.0,0.0,2.25,0.5,0.0,210.0,28.75,12.0,9.0,31.0,1.0,0.0,2.0,6.0,0.0,0.0,0.0,0.0,48.0,48.0,0.5775,0.5714285714285714,0.0192,0.0192,0.1425,0.6477272727272727,0.3522727272727273,0.375,1.0,0.8,0.65,0.4699907663896583,0.0
20260629_202157_89a44e2f,20260629_202157_89a44e2f_g0039,39,1268396034,5,48,48,48,1,4,GREEN,pool_l45_100ms,3,1,[1],0,78,3,"{""1"": 98, ""2"": 95, ""3"": 70, ""4"": 78}",False,17.0,-59.0,3.0,25.0,20.0,0.05,59.0,27.625,60.0,12.0,10.0,13.5,24.5,0.0,165.0,77.0,12.0,9.0,29.0,1.0,1.0,2.0,5.0,0.0,0.0,0.0,0.0,48.0,48.0,0.5775,0.5714285714285714,0.0192,0.0192,0.1475,0.6704545454545454,0.32954545454545453,0.425,1.0,0.8,0.6333333333333333,0.38983050847457634,0.0
20260629_202157_89a44e2f,20260629_202157_89a44e2f_g0039,39,1268396034,6,56,56,56,1,1,RED,pool_peer_500ms,0,1,[1],1,98,1,"{""1"": 98, ""2"": 95, ""3"": 70, ""4"": 78}",False,31.0,-28.0,0.0,44.0,33.0,0.0825,38.0,29.5,43.0,22.0,10.0,0.0,6.0,5.0,51.0,74.0,14.0,7.0,25.0,1.0,1.0,0.0,3.0,2.0,0.0,0.0,0.0,56.0,56.0,0.6475,0.6666666666666666,0.0224,0.0224,0.1575,0.7159090909090909,0.2840909090909091,0.775,0.8333333333333334,1.0,0.4916666666666667,0.5597326649958229,0.0
20260629_202157_89a44e2f,20260629_202157_89a44e2f_g0039,39,1268396034,6,56,56,56,1,2,BLUE,champ_v3,1,1,[1],0,95,2,"{""1"": 98, ""2"": 95, ""3"": 70, ""4"": 78}",False,31.0,-28.0,1.0,51.0,33.0,0.0825,37.0,25.125,36.25,18.0,7.0,9.75,1.5,0.0,52.0,67.25,14.0,7.0,21.0,1.0,1.0,2.0,3.0,0.0,0.0,0.0,0.0,56.0,56.0,0.6475,0.6666666666666666,0.0224,0.0224,0.1675,0.7613636363636364,0.23863636363636365,0.775,0.9333333333333333,0.8,0.4916666666666667,0.5648075412411626,0.0
20260629_202157_89a44e2f,20260629_202157_89a44e2f_g0039,39,1268396034,6,56,56,56,1,3,YELLOW,pool_heuristic,2,1,[1],0,70,4,"{""1"": 98, ""2"": 95, ""3"": 70, ""4"": 78}",False,14.0,-62.0,2.0,33.0,33.0,0.0825,1.0,0.5,1.5,0.0,0.0,1.5,0.0,0.0,88.0,15.5,14.0,7.0,26.0,0.0,0.0,2.0,5.0,0.0,0.0,0.0,0.0,56.0,56.0,0.6475,0.6666666666666666,0.0224,0.0224,0.155,0.7045454545454546,0.29545454545454547,0.35,0.8333333333333334,0.8,0.6333333333333333,0.4736842105263158,0.0
20260629_202157_89a44e2f,20260629_202157_89a44e2f_g0039,39,1268396034,6,56,56,56,1,4,GREEN,pool_l45_100ms,3,1,[1],0,78,3,"{""1"": 98, ""2"": 95, ""3"": 70, ""4"": 78}",False,14.0,-62.0,3.0,35.0,33.0,0.0825,13.0,10.0,12.5,8.0,3.0,1.5,0.0,0.0,76.0,26.5,14.0,7.0,21.0,1.0,1.0,2.0,3.0,0.0,0.0,0.0,0.0,56.0,56.0,0.6475,0.6666666666666666,0.0224,0.0224,0.1675,0.7613636363636364,0.23863636363636365,0.35,0.48333333333333334,0.8,0.6333333333333333,0.36527886881382565,0.0
20260629_202157_89a44e2f,20260629_202157_89a44e2f_g0039,39,1268396034,7,64,64,65,2,1,RED,pool_peer_500ms,0,1,[1],1,98,1,"{""1"": 98, ""2"": 95, ""3"": 70, ""4"": 78}",False,27.0,-30.0,0.0,55.0,38.0,0.095,5.0,2.25,9.0,0.0,0.0,0.0,9.0,0.0,26.0,36.0,17.0,4.0,17.0,0.0,0.0,0.0,3.0,1.0,0.0,0.0,0.0,64.0,65.0,0.705,0.8095238095238095,0.026,0.0256,0.1775,0.8068181818181818,0.19318181818181818,0.675,0.8333333333333334,1.0,0.475,0.5404002965159377,0.0
20260629_202157_89a44e2f,20260629_202157_89a44e2f_g0039,39,1268396034,7,64,64,65,2,2,BLUE,champ_v3,1,1,[1],0,95,2,"{""1"": 98, ""2"": 95, ""3"": 70, ""4"": 78}",False,30.0,-24.0,1.0,60.0,38.0,0.095,17.0,14.5,16.5,13.0,2.0,1.5,0.0,0.0,14.0,46.5,16.0,5.0,14.0,1.0,1.0,1.0,2.0,0.0,0.0,0.0,0.0,64.0,65.0,0.705,0.7619047619047619,0.026,0.0256,0.185,0.8409090909090909,0.1590909090909091,0.75,0.6833333333333333,0.8,0.45,0.5789473684210527,0.0
20260629_202157_89a44e2f,20260629_202157_89a44e2f_g0039,39,1268396034,7,64,64,65,2,3,YELLOW,pool_heuristic,2,1,[1],0,70,4,"{""1"": 98, ""2"": 95, ""3"": 70, ""4"": 78}",False,13.0,-58.0,2.0,42.0,38.0,0.095,0.0,0.0,0.0,0.0,0.0,0.0,0.0,0.0,31.0,13.0,15.0,6.0,23.0,0.0,0.0,1.0,5.0,0.0,0.0,0.0,0.0,64.0,65.0,0.705,0.7142857142857143,0.026,0.0256,0.1625,0.7386363636363636,0.26136363636363635,0.325,0.5833333333333334,0.8,0.5916666666666667,0.4663967611336033,0.0
20260629_202157_89a44e2f,20260629_202157_89a44e2f_g0039,39,1268396034,7,64,64,65,2,4,GREEN,pool_l45_100ms,3,1,[1],0,78,3,"{""1"": 98, ""2"": 95, ""3"": 70, ""4"": 78}",False,14.0,-56.0,3.0,45.0,38.0,0.095,9.0,8.25,9.0,8.0,0.0,0.0,1.0,0.0,22.0,23.0,16.0,5.0,16.0,1.0,0.0,1.0,3.0,0.0,0.0,0.0,0.0,64.0,65.0,0.705,0.7619047619047619,0.026,0.0256,0.18,0.8181818181818182,0.18181818181818182,0.35,0.5166666666666667,0.8,0.5833333333333333,0.3830409356725146,0.0
20260629_202157_89a44e2f,20260629_202157_89a44e2f_g0040,40,2100310594,0,8,8,8,1,1,RED,champ_v3,0,1,[1],1,100,1,"{""1"": 100, ""2"": 91, ""3"": 80, ""4"": 83}",False,9.0,-14.0,9.0,0.0,0.0,0.0,543.0,122.625,488.75,9.0,15.0,41.25,153.5,270.0,1324.0,497.75,2.0,19.0,78.0,1.0,1.0,2.0,6.0,9.0,1.0,0.0,0.0,8.0,8.0,0.1,0.09523809523809523,0.0032,0.0032,0.025,0.11363636363636363,0.8863636363636364,0.225,1.0,1.0,0.19166666666666668,0.23684210526315785,0.0
20260629_202157_89a44e2f,20260629_202157_89a44e2f_g0040,40,2100310594,0,8,8,8,1,2,BLUE,pool_heuristic,1,1,[1],0,91,2,"{""1"": 100, ""2"": 91, ""3"": 80, ""4"": 83}",False,7.0,-18.0,9.0,0.0,0.0,0.0,417.0,107.875,436.25,7.0,12.0,34.5,136.5,246.25,1450.0,443.25,2.0,19.0,78.0,1.0,1.0,2.0,6.0,9.0,1.0,1.0,1.0,8.0,8.0,0.1,0.09523809523809523,0.0032,0.0032,0.025,0.11363636363636363,0.8863636363636364,0.175,1.0,1.0,0.20833333333333334,0.22631578947368425,0.0
20260629_202157_89a44e2f,20260629_202157_89a44e2f_g0040,40,2100310594,0,8,8,8,1,3,YELLOW,pool_l45_100ms,2,1,[1],0,80,4,"{""1"": 100, ""2"": 91, ""3"": 80, ""4"": 83}",False,7.0,-18.0,9.0,0.0,0.0,0.0,364.0,86.0,341.875,7.0,10.0,27.0,108.5,189.375,1503.0,348.875,2.0,19.0,78.0,1.0,1.0,2.0,6.0,9.0,1.0,1.0,0.0,8.0,8.0,0.1,0.09523809523809523,0.0032,0.0032,0.025,0.11363636363636363,0.8863636363636364,0.175,1.0,1.0,0.20833333333333334,0.17368421052631577,0.0
20260629_202157_89a44e2f,20260629_202157_89a44e2f_g0040,40,2100310594,0,8,8,8,1,4,GREEN,pool_peer_500ms,3,1,[1],0,83,3,"{""1"": 100, ""2"": 91, ""3"": 80, ""4"": 83}",False,9.0,-14.0,9.0,0.0,0.0,0.0,543.0,122.625,488.75,9.0,15.0,41.25,153.5,270.0,1324.0,497.75,2.0,19.0,78.0,1.0,1.0,2.0,6.0,9.0,1.0,0.0,0.0,8.0,8.0,0.1,0.09523809523809523,0.0032,0.0032,0.025,0.11363636363636363,0.8863636363636364,0.225,1.0,1.0,0.19166666666666668,0.23684210526315785,0.0
20260629_202157_89a44e2f,20260629_202157_89a44e2f_g0040,40,2100310594,1,16,16,16,1,1,RED,champ_v3,0,1,[1],1,100,1,"{""1"": 100, ""2"": 91, ""3"": 80, ""4"": 83}",False,16.0,-26.0,0.0,0.0,0.0,0.0,883.0,217.0,846.875,16.0,28.0,81.0,312.5,409.375,1491.0,862.875,4.0,17.0,68.0,1.0,1.0,2.0,6.0,7.0,1.0,0.0,0.0,16.0,16.0,0.2,0.19047619047619047,0.0064,0.0064,0.05,0.22727272727272727,0.7727272727272727,0.4,1.0,1.0,0.35,0.49473684210526314,0.0
20260629_202157_89a44e2f,20260629_202157_89a44e2f_g0040,40,2100310594,1,16,16,16,1,2,BLUE,pool_heuristic,1,1,[1],0,91,2,"{""1"": 100, ""2"": 91, ""3"": 80, ""4"": 83}",False,13.0,-32.0,4.0,0.0,0.0,0.0,494.0,147.5,562.875,13.0,22.0,57.0,206.5,264.375,1880.0,575.875,4.0,17.0,68.0,1.0,1.0,2.0,6.0,7.0,1.0,1.0,1.0,16.0,16.0,0.2,0.19047619047619047,0.0064,0.0064,0.05,0.22727272727272727,0.7727272727272727,0.325,1.0,1.0,0.375,0.4263157894736842,0.0
20260629_202157_89a44e2f,20260629_202157_89a44e2f_g0040,40,2100310594,1,16,16,16,1,3,YELLOW,pool_l45_100ms,2,1,[1],0,80,4,"{""1"": 100, ""2"": 91, ""3"": 80, ""4"": 83}",False,12.0,-34.0,5.0,3.0,0.0,0.0,246.0,66.875,226.125,12.0,14.0,27.0,85.0,88.125,2128.0,238.125,4.0,17.0,68.0,1.0,1.0,2.0,6.0,7.0,1.0,0.0,0.0,16.0,16.0,0.2,0.19047619047619047,0.0064,0.0064,0.05,0.22727272727272727,0.7727272727272727,0.3,1.0,1.0,0.38333333333333336,0.3526315789473684,0.0
20260629_202157_89a44e2f,20260629_202157_89a44e2f_g0040,40,2100310594,1,16,16,16,1,4,GREEN,pool_peer_500ms,3,1,[1],0,83,3,"{""1"": 100, ""2"": 91, ""3"": 80, ""4"": 83}",False,17.0,-24.0,5.0,3.0,0.0,0.0,751.0,189.875,721.25,17.0,28.0,75.0,272.5,328.75,1623.0,738.25,4.0,17.0,68.0,1.0,1.0,2.0,6.0,7.0,1.0,0.0,0.0,16.0,16.0,0.2,0.19047619047619047,0.0064,0.0064,0.05,0.22727272727272727,0.7727272727272727,0.425,1.0,1.0,0.3416666666666667,0.4342105263157895,0.0
20260629_202157_89a44e2f,20260629_202157_89a44e2f_g0040,40,2100310594,2,24,24,24,1,1,RED,champ_v3,0,1,[1],1,100,1,"{""1"": 100, ""2"": 91, ""3"": 80, ""4"": 83}",False,18.0,-30.0,0.0,9.0,1.0,0.0025,515.0,152.125,550.125,17.0,26.0,66.75,236.0,204.375,926.0,568.125,6.0,15.0,58.0,1.0,1.0,2.0,6.0,5.0,1.0,0.0,0.0,24.0,24.0,0.3,0.2857142857142857,0.0096,0.0096,0.075,0.3409090909090909,0.6590909090909091,0.45,1.0,1.0,0.4,0.5894736842105264,0.0
20260629_202157_89a44e2f,20260629_202157_89a44e2f_g0040,40,2100310594,2,24,24,24,1,2,BLUE,pool_heuristic,1,1,[1],0,91,2,"{""1"": 100, ""2"": 91, ""3"": 80, ""4"": 83}",False,13.0,-40.0,1.0,3.0,1.0,0.0025,330.0,99.5,360.25,11.0,18.0,43.5,149.0,138.75,1111.0,373.25,6.0,15.0,58.0,1.0,1.0,2.0,6.0,5.0,1.0,1.0,1.0,24.0,24.0,0.3,0.2857142857142857,0.0096,0.0096,0.075,0.3409090909090909,0.6590909090909091,0.325,1.0,1.0,0.4416666666666667,0.5105263157894737,0.0
20260629_202157_89a44e2f,20260629_202157_89a44e2f_g0040,40,2100310594,2,24,24,24,1,3,YELLOW,pool_l45_100ms,2,1,[1],0,80,4,"{""1"": 100, ""2"": 91, ""3"": 80, ""4"": 83}",False,14.0,-38.0,5.0,8.0,1.0,0.0025,172.0,56.25,164.125,14.0,17.0,28.5,66.5,38.125,1269.0,178.125,6.0,15.0,58.0,1.0,1.0,2.0,6.0,5.0,0.0,0.0,0.0,24.0,24.0,0.3,0.2857142857142857,0.0096,0.0096,0.075,0.3409090909090909,0.6590909090909091,0.35,1.0,1.0,0.4333333333333333,0.3771929824561403,0.0
20260629_202157_89a44e2f,20260629_202157_89a44e2f_g0040,40,2100310594,2,24,24,24,1,4,GREEN,pool_peer_500ms,3,1,[1],0,83,3,"{""1"": 100, ""2"": 91, ""3"": 80, ""4"": 83}",False,21.0,-24.0,1.0,14.0,1.0,0.0025,424.0,116.5,398.75,19.0,22.0,49.5,167.0,141.25,1017.0,419.75,6.0,15.0,58.0,1.0,1.0,2.0,6.0,5.0,0.0,0.0,0.0,24.0,24.0,0.3,0.2857142857142857,0.0096,0.0096,0.075,0.3409090909090909,0.6590909090909091,0.525,1.0,1.0,0.375,0.5456140350877193,0.0
20260629_202157_89a44e2f,20260629_202157_89a44e2f_g0040,40,2100310594,3,32,32,32,1,1,RED,champ_v3,0,1,[1],1,100,1,"{""1"": 100, ""2"": 91, ""3"": 80, ""4"": 83}",False,24.0,-28.0,0.0,16.0,17.0,0.0425,236.0,84.375,249.75,21.0,22.0,45.0,100.5,61.25,551.0,273.75,8.0,13.0,49.0,1.0,1.0,2.0,5.0,4.0,1.0,0.0,0.0,32.0,32.0,0.3975,0.38095238095238093,0.0128,0.0128,0.0975,0.4431818181818182,0.5568181818181818,0.6,1.0,1.0,0.4333333333333333,0.5951417004048583,0.0
20260629_202157_89a44e2f,20260629_202157_89a44e2f_g0040,40,2100310594,3,32,32,32,1,2,BLUE,pool_heuristic,1,1,[1],0,91,2,"{""1"": 100, ""2"": 91, ""3"": 80, ""4"": 83}",False,18.0,-40.0,1.0,3.0,17.0,0.0425,320.0,109.625,369.25,16.0,23.0,54.0,177.5,98.75,467.0,387.25,8.0,13.0,48.0,1.0,1.0,2.0,6.0,3.0,1.0,1.0,1.0,32.0,32.0,0.3975,0.38095238095238093,0.0128,0.0128,0.1,0.45454545454545453,0.5454545454545454,0.45,1.0,1.0,0.4833333333333333,0.5460526315789473,0.0
20260629_202157_89a44e2f,20260629_202157_89a44e2f_g0040,40,2100310594,3,32,32,32,1,3,YELLOW,pool_l45_100ms,2,1,[1],0,80,4,"{""1"": 100, ""2"": 91, ""3"": 80, ""4"": 83}",False,11.0,-54.0,5.0,9.0,17.0,0.0425,92.0,35.5,93.625,11.0,12.0,18.0,39.5,13.125,695.0,104.625,8.0,13.0,48.0,1.0,1.0,2.0,6.0,3.0,0.0,0.0,0.0,32.0,32.0,0.3975,0.38095238095238093,0.0128,0.0128,0.1,0.45454545454545453,0.5454545454545454,0.275,1.0,1.0,0.5416666666666667,0.3710526315789474,0.0
20260629_202157_89a44e2f,20260629_202157_89a44e2f_g0040,40,2100310594,3,32,32,32,1,4,GREEN,pool_peer_500ms,3,1,[1],0,83,3,"{""1"": 100, ""2"": 91, ""3"": 80, ""4"": 83}",False,23.0,-30.0,1.0,22.0,17.0,0.0425,139.0,54.0,144.25,18.0,15.0,24.75,59.0,27.5,648.0,167.25,8.0,13.0,48.0,1.0,1.0,2.0,6.0,3.0,0.0,0.0,0.0,32.0,32.0,0.3975,0.38095238095238093,0.0128,0.0128,0.1,0.45454545454545453,0.5454545454545454,0.575,1.0,1.0,0.4416666666666667,0.5565789473684211,0.0
20260629_202157_89a44e2f,20260629_202157_89a44e2f_g0040,40,2100310594,4,40,40,40,1,1,RED,champ_v3,0,1,[1],1,100,1,"{""1"": 100, ""2"": 91, ""3"": 80, ""4"": 83}",False,26.0,-26.0,0.0,31.0,38.0,0.095,106.0,47.5,122.25,17.0,14.0,24.75,39.0,27.5,269.0,148.25,10.0,11.0,40.0,1.0,1.0,2.0,4.0,3.0,1.0,0.0,0.0,40.0,40.0,0.49,0.47619047619047616,0.016,0.016,0.12,0.5454545454545454,0.45454545454545453,0.65,1.0,1.0,0.4333333333333333,0.618421052631579,0.0
20260629_202157_89a44e2f,20260629_202157_89a44e2f_g0040,40,2100310594,4,40,40,40,1,2,BLUE,pool_heuristic,1,1,[1],0,91,2,"{""1"": 100, ""2"": 91, ""3"": 80, ""4"": 83}",False,22.0,-34.0,1.0,12.0,38.0,0.095,164.0,63.75,171.25,18.0,20.0,35.25,88.0,10.0,211.0,193.25,10.0,11.0,38.0,1.0,1.0,2.0,6.0,1.0,0.0,1.0,0.0,40.0,40.0,0.49,0.47619047619047616,0.016,0.016,0.125,0.5681818181818182,0.4318181818181818,0.55,1.0,1.0,0.4666666666666667,0.5136842105263157,0.0
20260629_202157_89a44e2f,20260629_202157_89a44e2f_g0040,40,2100310594,4,40,40,40,1,3,YELLOW,pool_l45_100ms,2,1,[1],0,80,4,"{""1"": 100, ""2"": 91, ""3"": 80, ""4"": 83}",False,6.0,-66.0,5.0,12.0,38.0,0.095,21.0,11.625,21.5,6.0,5.0,6.0,4.5,0.0,354.0,27.5,10.0,11.0,39.0,1.0,1.0,2.0,5.0,2.0,0.0,0.0,0.0,40.0,40.0,0.49,0.47619047619047616,0.016,0.016,0.1225,0.5568181818181818,0.4431818181818182,0.15,0.8333333333333334,1.0,0.6,0.38023630504833517,0.0
20260629_202157_89a44e2f,20260629_202157_89a44e2f_g0040,40,2100310594,4,40,40,40,1,4,GREEN,pool_peer_500ms,3,1,[1],0,83,3,"{""1"": 100, ""2"": 91, ""3"": 80, ""4"": 83}",False,24.0,-30.0,1.0,30.0,38.0,0.095,84.0,41.75,99.25,17.0,13.0,18.75,38.0,12.5,291.0,123.25,10.0,11.0,39.0,1.0,1.0,2.0,5.0,2.0,0.0,0.0,0.0,40.0,40.0,0.49,0.47619047619047616,0.016,0.016,0.1225,0.5568181818181818,0.4431818181818182,0.6,1.0,1.0,0.45,0.5295381310418905,0.0
20260629_202157_89a44e2f,20260629_202157_89a44e2f_g0040,40,2100310594,5,48,48,48,1,1,RED,champ_v3,0,1,[1],1,100,1,"{""1"": 100, ""2"": 91, ""3"": 80, ""4"": 83}",False,22.0,-28.0,0.0,43.0,46.0,0.115,26.0,18.625,28.0,13.0,6.0,4.5,4.5,0.0,103.0,50.0,12.0,9.0,30.0,1.0,1.0,2.0,4.0,1.0,0.0,0.0,0.0,48.0,48.0,0.5775,0.5714285714285714,0.0192,0.0192,0.145,0.6590909090909091,0.3409090909090909,0.55,1.0,1.0,0.4166666666666667,0.6143375680580763,0.0
20260629_202157_89a44e2f,20260629_202157_89a44e2f_g0040,40,2100310594,5,48,48,48,1,2,BLUE,pool_heuristic,1,1,[1],0,91,2,"{""1"": 100, ""2"": 91, ""3"": 80, ""4"": 83}",False,24.0,-24.0,1.0,20.0,46.0,0.115,64.0,35.375,64.75,19.0,15.0,14.25,16.5,0.0,65.0,88.75,12.0,9.0,29.0,1.0,1.0,2.0,5.0,0.0,0.0,0.0,0.0,48.0,48.0,0.5775,0.5714285714285714,0.0192,0.0192,0.1475,0.6704545454545454,0.32954545454545453,0.6,1.0,0.8,0.4,0.49866190900981266,0.0
20260629_202157_89a44e2f,20260629_202157_89a44e2f_g0040,40,2100310594,5,48,48,48,1,3,YELLOW,pool_l45_100ms,2,1,[1],0,80,4,"{""1"": 100, ""2"": 91, ""3"": 80, ""4"": 83}",False,6.0,-60.0,5.0,24.0,46.0,0.115,17.0,11.0,20.25,6.0,4.0,5.25,5.0,0.0,112.0,26.25,12.0,9.0,30.0,1.0,1.0,2.0,4.0,1.0,0.0,0.0,0.0,48.0,48.0,0.5775,0.5714285714285714,0.0192,0.0192,0.145,0.6590909090909091,0.3409090909090909,0.15,0.5166666666666667,1.0,0.55,0.4010889292196008,0.0
20260629_202157_89a44e2f,20260629_202157_89a44e2f_g0040,40,2100310594,5,48,48,48,1,4,GREEN,pool_peer_500ms,3,1,[1],0,83,3,"{""1"": 100, ""2"": 91, ""3"": 80, ""4"": 83}",False,20.0,-32.0,1.0,37.0,46.0,0.115,22.0,16.5,24.5,11.0,7.0,4.5,2.0,0.0,107.0,44.5,12.0,9.0,32.0,1.0,1.0,1.0,4.0,2.0,0.0,0.0,0.0,48.0,48.0,0.5775,0.5714285714285714,0.0192,0.0192,0.14,0.6363636363636364,0.36363636363636365,0.5,0.5166666666666667,1.0,0.4333333333333333,0.505639097744361,0.0
20260629_202157_89a44e2f,20260629_202157_89a44e2f_g0040,40,2100310594,6,56,56,56,1,1,RED,champ_v3,0,1,[1],1,100,1,"{""1"": 100, ""2"": 91, ""3"": 80, ""4"": 83}",False,19.0,-27.0,0.0,49.0,54.0,0.135,13.0,11.25,12.75,10.0,2.0,0.75,0.0,0.0,42.0,31.75,14.0,7.0,22.0,1.0,1.0,2.0,2.0,1.0,0.0,0.0,0.0,56.0,56.0,0.65,0.6666666666666666,0.0224,0.0224,0.165,0.75,0.25,0.475,0.9666666666666667,1.0,0.38333333333333336,0.5653907496012759,0.0
20260629_202157_89a44e2f,20260629_202157_89a44e2f_g0040,40,2100310594,6,56,56,56,1,2,BLUE,pool_heuristic,1,1,[1],0,91,2,"{""1"": 100, ""2"": 91, ""3"": 80, ""4"": 83}",False,19.0,-27.0,1.0,29.0,54.0,0.135,19.0,14.875,18.75,12.0,4.0,2.25,0.5,0.0,36.0,37.75,14.0,7.0,21.0,1.0,1.0,2.0,3.0,0.0,0.0,0.0,0.0,56.0,56.0,0.65,0.6666666666666666,0.0224,0.0224,0.1675,0.7613636363636364,0.23863636363636365,0.475,0.75,0.8,0.38333333333333336,0.47682639434406904,0.0
20260629_202157_89a44e2f,20260629_202157_89a44e2f_g0040,40,2100310594,6,56,56,56,1,3,YELLOW,pool_l45_100ms,2,1,[1],0,80,4,"{""1"": 100, ""2"": 91, ""3"": 80, ""4"": 83}",False,9.0,-47.0,5.0,33.0,54.0,0.135,16.0,12.25,16.75,9.0,4.0,3.75,0.0,0.0,39.0,25.75,14.0,7.0,22.0,1.0,1.0,2.0,2.0,1.0,0.0,0.0,0.0,56.0,56.0,0.65,0.6666666666666666,0.0224,0.0224,0.165,0.75,0.25,0.225,0.4166666666666667,1.0,0.4666666666666667,0.40271132376395535,0.0
20260629_202157_89a44e2f,20260629_202157_89a44e2f_g0040,40,2100310594,6,56,56,56,1,4,GREEN,pool_peer_500ms,3,1,[1],0,83,3,"{""1"": 100, ""2"": 91, ""3"": 80, ""4"": 83}",False,18.0,-29.0,1.0,41.0,54.0,0.135,7.0,4.0,10.5,0.0,5.0,1.5,4.0,0.0,48.0,28.5,14.0,7.0,27.0,0.0,1.0,1.0,3.0,2.0,0.0,0.0,0.0,56.0,56.0,0.65,0.6666666666666666,0.0224,0.0224,0.1525,0.6931818181818182,0.3068181818181818,0.45,0.4166666666666667,1.0,0.39166666666666666,0.5012942191544435,0.0
20260629_202157_89a44e2f,20260629_202157_89a44e2f_g0040,40,2100310594,7,64,64,64,1,1,RED,champ_v3,0,1,[1],1,100,1,"{""1"": 100, ""2"": 91, ""3"": 80, ""4"": 83}",False,18.0,-28.0,0.0,57.0,43.0,0.1075,1.0,0.5,1.0,0.0,1.0,0.0,0.0,0.0,19.0,19.0,16.0,5.0,18.0,0.0,1.0,1.0,2.0,1.0,0.0,0.0,0.0,64.0,64.0,0.7,0.7619047619047619,0.0256,0.0256,0.175,0.7954545454545454,0.20454545454545456,0.45,0.8333333333333334,1.0,0.38333333333333336,0.5593984962406016,0.0
20260629_202157_89a44e2f,20260629_202157_89a44e2f_g0040,40,2100310594,7,64,64,64,1,2,BLUE,pool_heuristic,1,1,[1],0,91,2,"{""1"": 100, ""2"": 91, ""3"": 80, ""4"": 83}",False,19.0,-26.0,1.0,37.0,43.0,0.1075,6.0,2.75,6.25,0.0,4.0,2.25,0.0,0.0,14.0,25.25,16.0,5.0,16.0,0.0,1.0,2.0,2.0,0.0,0.0,0.0,0.0,64.0,64.0,0.7,0.7619047619047619,0.0256,0.0256,0.18,0.8181818181818182,0.18181818181818182,0.475,0.55,0.8,0.375,0.45906432748538006,0.0
20260629_202157_89a44e2f,20260629_202157_89a44e2f_g0040,40,2100310594,7,64,64,64,1,3,YELLOW,pool_l45_100ms,2,1,[1],0,80,4,"{""1"": 100, ""2"": 91, ""3"": 80, ""4"": 83}",False,9.0,-46.0,2.0,46.0,43.0,0.1075,12.0,10.0,12.0,8.0,4.0,0.0,0.0,0.0,8.0,21.0,16.0,5.0,16.0,1.0,1.0,0.0,2.0,1.0,0.0,0.0,0.0,64.0,64.0,0.7,0.7619047619047619,0.0256,0.0256,0.18,0.8181818181818182,0.18181818181818182,0.225,0.35,1.0,0.4583333333333333,0.42251461988304095,0.0
20260629_202157_89a44e2f,20260629_202157_89a44e2f_g0040,40,2100310594,7,64,64,64,1,4,GREEN,pool_peer_500ms,3,1,[1],0,83,3,"{""1"": 100, ""2"": 91, ""3"": 80, ""4"": 83}",False,18.0,-28.0,0.0,46.0,43.0,0.1075,1.0,1.0,4.0,0.0,0.0,0.0,4.0,0.0,19.0,22.0,16.0,5.0,22.0,0.0,0.0,0.0,3.0,2.0,0.0,0.0,0.0,64.0,64.0,0.7,0.7619047619047619,0.0256,0.0256,0.165,0.75,0.25,0.45,0.5666666666666667,1.0,0.38333333333333336,0.5303030303030303,0.0
20260629_202157_89a44e2f,20260629_202157_89a44e2f_g0041,41,749619141,0,8,8,8,1,1,RED,pool_heuristic,0,3,[3],0,79,4,"{""1"": 79, ""2"": 85, ""3"": 95, ""4"": 81}",False,7.0,-16.0,9.0,0.0,3.0,0.0075,381.0,93.75,374.5,7.0,11.0,30.75,117.0,208.75,1413.0,381.5,2.0,19.0,78.0,1.0,1.0,2.0,6.0,9.0,1.0,1.0,1.0,8.0,8.0,0.1,0.09523809523809523,0.0032,0.0032,0.025,0.11363636363636363,0.8863636363636364,0.175,1.0,1.0,0.19166666666666668,0.24736842105263157,0.0
20260629_202157_89a44e2f,20260629_202157_89a44e2f_g0041,41,749619141,0,8,8,8,1,2,BLUE,pool_l45_100ms,1,3,[3],0,85,2,"{""1"": 79, ""2"": 85, ""3"": 95, ""4"": 81}",False,5.0,-20.0,9.0,0.0,3.0,0.0075,327.0,76.25,309.5,5.0,8.0,24.0,95.0,177.5,1467.0,314.5,2.0,19.0,78.0,1.0,1.0,2.0,6.0,9.0,1.0,1.0,0.0,8.0,8.0,0.1,0.09523809523809523,0.0032,0.0032,0.025,0.11363636363636363,0.8863636363636364,0.125,1.0,1.0,0.20833333333333334,0.15263157894736834,0.0
20260629_202157_89a44e2f,20260629_202157_89a44e2f_g0041,41,749619141,0,8,8,8,1,3,YELLOW,pool_peer_500ms,2,3,[3],1,95,1,"{""1"": 79, ""2"": 85, ""3"": 95, ""4"": 81}",False,9.0,-12.0,9.0,0.0,3.0,0.0075,543.0,122.625,488.75,9.0,15.0,41.25,153.5,270.0,1251.0,497.75,2.0,19.0,78.0,1.0,1.0,2.0,6.0,9.0,1.0,0.0,0.0,8.0,8.0,0.1,0.09523809523809523,0.0032,0.0032,0.025,0.11363636363636363,0.8863636363636364,0.225,1.0,1.0,0.175,0.23684210526315785,0.0
20260629_202157_89a44e2f,20260629_202157_89a44e2f_g0041,41,749619141,0,8,8,8,1,4,GREEN,champ_v3,3,3,[3],0,81,3,"{""1"": 79, ""2"": 85, ""3"": 95, ""4"": 81}",False,9.0,-12.0,9.0,0.0,3.0,0.0075,543.0,122.625,488.75,9.0,15.0,41.25,153.5,270.0,1251.0,497.75,2.0,19.0,78.0,1.0,1.0,2.0,6.0,9.0,1.0,0.0,0.0,8.0,8.0,0.1,0.09523809523809523,0.0032,0.0032,0.025,0.11363636363636363,0.8863636363636364,0.225,1.0,1.0,0.175,0.23684210526315785,0.0
20260629_202157_89a44e2f,20260629_202157_89a44e2f_g0041,41,749619141,1,16,16,16,1,1,RED,pool_heuristic,0,3,[3],0,79,4,"{""1"": 79, ""2"": 85, ""3"": 95, ""4"": 81}",False,15.0,-24.0,1.0,4.0,3.0,0.0075,533.0,143.5,548.0,13.0,20.0,55.5,202.0,257.5,1937.0,563.0,4.0,17.0,68.0,1.0,1.0,2.0,6.0,7.0,1.0,0.0,1.0,16.0,16.0,0.2,0.19047619047619047,0.0064,0.0064,0.05,0.22727272727272727,0.7727272727272727,0.375,1.0,1.0,0.325,0.47894736842105257,0.0
20260629_202157_89a44e2f,20260629_202157_89a44e2f_g0041,41,749619141,1,16,16,16,1,2,BLUE,pool_l45_100ms,1,3,[3],0,85,2,"{""1"": 79, ""2"": 85, ""3"": 95, ""4"": 81}",False,9.0,-36.0,6.0,0.0,3.0,0.0075,528.0,122.375,477.5,9.0,16.0,45.0,177.5,230.0,1942.0,486.5,4.0,17.0,68.0,1.0,1.0,2.0,6.0,7.0,1.0,0.0,0.0,16.0,16.0,0.2,0.19047619047619047,0.0064,0.0064,0.05,0.22727272727272727,0.7727272727272727,0.225,1.0,1.0,0.375,0.3263157894736842,0.0
20260629_202157_89a44e2f,20260629_202157_89a44e2f_g0041,41,749619141,1,16,16,16,1,3,YELLOW,pool_peer_500ms,2,3,[3],1,95,1,"{""1"": 79, ""2"": 85, ""3"": 95, ""4"": 81}",False,15.0,-24.0,0.0,0.0,3.0,0.0075,783.0,196.125,760.625,15.0,27.0,75.75,276.0,366.875,1687.0,775.625,4.0,17.0,68.0,1.0,1.0,2.0,6.0,7.0,1.0,0.0,0.0,16.0,16.0,0.2,0.19047619047619047,0.0064,0.0064,0.05,0.22727272727272727,0.7727272727272727,0.375,1.0,1.0,0.325,0.49473684210526314,0.0
20260629_202157_89a44e2f,20260629_202157_89a44e2f_g0041,41,749619141,1,16,16,16,1,4,GREEN,champ_v3,3,3,[3],0,81,3,"{""1"": 79, ""2"": 85, ""3"": 95, ""4"": 81}",False,15.0,-24.0,4.0,2.0,3.0,0.0075,626.0,158.75,601.125,15.0,23.0,63.75,222.5,276.875,1844.0,616.125,4.0,17.0,68.0,1.0,1.0,2.0,6.0,7.0,1.0,0.0,0.0,16.0,16.0,0.2,0.19047619047619047,0.0064,0.0064,0.05,0.22727272727272727,0.7727272727272727,0.375,1.0,1.0,0.325,0.45000000000000007,0.0
20260629_202157_89a44e2f,20260629_202157_89a44e2f_g0041,41,749619141,2,24,24,24,1,1,RED,pool_heuristic,0,3,[3],0,79,4,"{""1"": 79, ""2"": 85, ""3"": 95, ""4"": 81}",False,21.0,-32.0,1.0,9.0,7.0,0.0175,259.0,85.125,280.0,15.0,19.0,40.5,120.5,85.0,1311.0,301.0,6.0,15.0,58.0,1.0,1.0,2.0,6.0,5.0,1.0,0.0,1.0,24.0,24.0,0.3,0.2857142857142857,0.0096,0.0096,0.075,0.3409090909090909,0.6590909090909091,0.525,1.0,1.0,0.4416666666666667,0.5350877192982455,0.0
20260629_202157_89a44e2f,20260629_202157_89a44e2f_g0041,41,749619141,2,24,24,24,1,2,BLUE,pool_l45_100ms,1,3,[3],0,85,2,"{""1"": 79, ""2"": 85, ""3"": 95, ""4"": 81}",False,14.0,-46.0,1.0,5.0,7.0,0.0175,273.0,75.75,249.25,13.0,17.0,36.75,110.0,72.5,1297.0,263.25,6.0,15.0,58.0,1.0,1.0,2.0,6.0,5.0,0.0,0.0,0.0,24.0,24.0,0.3,0.2857142857142857,0.0096,0.0096,0.075,0.3409090909090909,0.6590909090909091,0.35,1.0,1.0,0.5,0.4385964912280702,0.0
20260629_202157_89a44e2f,20260629_202157_89a44e2f_g0041,41,749619141,2,24,24,24,1,3,YELLOW,pool_peer_500ms,2,3,[3],1,95,1,"{""1"": 79, ""2"": 85, ""3"": 95, ""4"": 81}",False,19.0,-36.0,0.0,7.0,7.0,0.0175,562.0,154.875,557.375,18.0,27.0,68.25,236.0,208.125,1008.0,576.375,6.0,15.0,58.0,1.0,1.0,2.0,6.0,5.0,1.0,0.0,0.0,24.0,24.0,0.3,0.2857142857142857,0.0096,0.0096,0.075,0.3409090909090909,0.6590909090909091,0.475,1.0,1.0,0.4583333333333333,0.5842105263157895,0.0
20260629_202157_89a44e2f,20260629_202157_89a44e2f_g0041,41,749619141,2,24,24,24,1,4,GREEN,champ_v3,3,3,[3],0,81,3,"{""1"": 79, ""2"": 85, ""3"": 95, ""4"": 81}",False,20.0,-34.0,2.0,11.0,7.0,0.0175,476.0,135.25,472.5,19.0,25.0,60.0,201.0,167.5,1094.0,492.5,6.0,15.0,58.0,1.0,1.0,2.0,6.0,5.0,1.0,0.0,0.0,24.0,24.0,0.3,0.2857142857142857,0.0096,0.0096,0.075,0.3409090909090909,0.6590909090909091,0.5,1.0,1.0,0.45,0.5385964912280701,0.0
20260629_202157_89a44e2f,20260629_202157_89a44e2f_g0041,41,749619141,3,32,32,32,1,1,RED,pool_heuristic,0,3,[3],0,79,4,"{""1"": 79, ""2"": 85, ""3"": 95, ""4"": 81}",False,27.0,-39.0,1.0,13.0,7.0,0.0175,184.0,72.75,212.0,19.0,18.0,36.75,97.0,41.25,821.0,239.0,8.0,13.0,48.0,1.0,1.0,2.0,6.0,3.0,0.0,0.0,1.0,32.0,32.0,0.4,0.38095238095238093,0.0128,0.0128,0.1,0.45454545454545453,0.5454545454545454,0.675,1.0,1.0,0.55,0.5276315789473685,0.0
20260629_202157_89a44e2f,20260629_202157_89a44e2f_g0041,41,749619141,3,32,32,32,1,2,BLUE,pool_l45_100ms,1,3,[3],0,85,2,"{""1"": 79, ""2"": 85, ""3"": 95, ""4"": 81}",False,16.0,-61.0,1.0,12.0,7.0,0.0175,130.0,45.0,123.875,14.0,13.0,18.75,52.5,25.625,875.0,139.875,8.0,13.0,48.0,1.0,1.0,2.0,6.0,3.0,0.0,0.0,0.0,32.0,32.0,0.4,0.38095238095238093,0.0128,0.0128,0.1,0.45454545454545453,0.5454545454545454,0.4,1.0,1.0,0.6416666666666667,0.4631578947368421,0.0
20260629_202157_89a44e2f,20260629_202157_89a44e2f_g0041,41,749619141,3,32,32,32,1,3,YELLOW,pool_peer_500ms,2,3,[3],1,95,1,"{""1"": 79, ""2"": 85, ""3"": 95, ""4"": 81}",False,26.0,-41.0,0.0,19.0,7.0,0.0175,356.0,110.625,343.125,24.0,26.0,51.75,162.0,79.375,649.0,369.125,8.0,13.0,48.0,1.0,1.0,2.0,6.0,3.0,0.0,0.0,0.0,32.0,32.0,0.4,0.38095238095238093,0.0128,0.0128,0.1,0.45454545454545453,0.5454545454545454,0.65,1.0,1.0,0.5583333333333333,0.5684210526315789,0.0
20260629_202157_89a44e2f,20260629_202157_89a44e2f_g0041,41,749619141,3,32,32,32,1,4,GREEN,champ_v3,3,3,[3],0,81,3,"{""1"": 79, ""2"": 85, ""3"": 95, ""4"": 81}",False,24.0,-45.0,2.0,19.0,7.0,0.0175,335.0,115.5,371.5,22.0,24.0,56.25,178.0,91.25,670.0,395.5,8.0,13.0,48.0,1.0,1.0,2.0,6.0,3.0,1.0,0.0,0.0,32.0,32.0,0.4,0.38095238095238093,0.0128,0.0128,0.1,0.45454545454545453,0.5454545454545454,0.6,1.0,1.0,0.575,0.5473684210526316,0.0
20260629_202157_89a44e2f,20260629_202157_89a44e2f_g0041,41,749619141,4,40,40,40,1,1,RED,pool_heuristic,0,3,[3],0,79,4,"{""1"": 79, ""2"": 85, ""3"": 95, ""4"": 81}",False,29.0,-40.0,1.0,19.0,14.0,0.035,137.0,58.125,152.25,19.0,16.0,29.25,75.5,12.5,249.0,181.25,10.0,11.0,38.0,1.0,1.0,2.0,6.0,1.0,0.0,0.0,0.0,40.0,40.0,0.5,0.47619047619047616,0.016,0.016,0.125,0.5681818181818182,0.4318181818181818,0.725,1.0,1.0,0.575,0.5,0.0
20260629_202157_89a44e2f,20260629_202157_89a44e2f_g0041,41,749619141,4,40,40,40,1,2,BLUE,pool_l45_100ms,1,3,[3],0,85,2,"{""1"": 79, ""2"": 85, ""3"": 95, ""4"": 81}",False,13.0,-72.0,1.0,19.0,14.0,0.035,36.0,19.875,35.375,11.0,9.0,6.75,8.0,0.625,350.0,48.375,10.0,11.0,38.0,1.0,1.0,2.0,6.0,1.0,0.0,0.0,0.0,40.0,40.0,0.5,0.47619047619047616,0.016,0.016,0.125,0.5681818181818182,0.4318181818181818,0.325,1.0,1.0,0.7083333333333333,0.4547368421052632,0.0
20260629_202157_89a44e2f,20260629_202157_89a44e2f_g0041,41,749619141,4,40,40,40,1,3,YELLOW,pool_peer_500ms,2,3,[3],1,95,1,"{""1"": 79, ""2"": 85, ""3"": 95, ""4"": 81}",False,29.0,-40.0,0.0,27.0,14.0,0.035,105.0,54.625,118.75,24.0,21.0,24.75,41.5,7.5,281.0,147.75,10.0,11.0,38.0,1.0,1.0,2.0,6.0,1.0,0.0,0.0,0.0,40.0,40.0,0.5,0.47619047619047616,0.016,0.016,0.125,0.5681818181818182,0.4318181818181818,0.725,1.0,1.0,0.575,0.5452631578947369,0.0
20260629_202157_89a44e2f,20260629_202157_89a44e2f_g0041,41,749619141,4,40,40,40,1,4,GREEN,champ_v3,3,3,[3],0,81,3,"{""1"": 79, ""2"": 85, ""3"": 95, ""4"": 81}",False,27.0,-44.0,2.0,28.0,14.0,0.035,108.0,50.375,116.0,21.0,15.0,25.5,49.5,5.0,278.0,143.0,10.0,11.0,38.0,1.0,1.0,2.0,6.0,1.0,0.0,0.0,0.0,40.0,40.0,0.5,0.47619047619047616,0.016,0.016,0.125,0.5681818181818182,0.4318181818181818,0.675,1.0,1.0,0.5916666666666667,0.5326315789473683,0.0
20260629_202157_89a44e2f,20260629_202157_89a44e2f_g0041,41,749619141,5,48,48,48,1,1,RED,pool_heuristic,0,3,[3],0,79,4,"{""1"": 79, ""2"": 85, ""3"": 95, ""4"": 81}",False,29.0,-35.0,1.0,30.0,30.0,0.075,50.0,27.5,55.25,14.0,9.0,11.25,21.0,0.0,151.0,84.25,12.0,9.0,29.0,1.0,1.0,2.0,5.0,0.0,0.0,0.0,0.0,48.0,48.0,0.585,0.5714285714285714,0.0192,0.0192,0.1475,0.6704545454545454,0.32954545454545453,0.725,1.0,0.8,0.5333333333333333,0.4611953612845674,0.0
20260629_202157_89a44e2f,20260629_202157_89a44e2f_g0041,41,749619141,5,48,48,48,1,2,BLUE,pool_l45_100ms,1,3,[3],0,85,2,"{""1"": 79, ""2"": 85, ""3"": 95, ""4"": 81}",False,8.0,-77.0,1.0,24.0,30.0,0.075,15.0,10.375,15.75,7.0,4.0,2.25,2.5,0.0,186.0,23.75,12.0,9.0,29.0,1.0,1.0,2.0,5.0,0.0,0.0,0.0,0.0,48.0,48.0,0.585,0.5714285714285714,0.0192,0.0192,0.1475,0.6704545454545454,0.32954545454545453,0.2,0.7166666666666667,0.8,0.7083333333333333,0.4692239072256913,0.0
20260629_202157_89a44e2f,20260629_202157_89a44e2f_g0041,41,749619141,5,48,48,48,1,3,YELLOW,pool_peer_500ms,2,3,[3],1,95,1,"{""1"": 79, ""2"": 85, ""3"": 95, ""4"": 81}",False,29.0,-35.0,0.0,39.0,30.0,0.075,87.0,51.25,106.25,24.0,20.0,24.75,30.0,7.5,114.0,135.25,12.0,9.0,30.0,1.0,1.0,2.0,4.0,1.0,0.0,0.0,0.0,48.0,48.0,0.585,0.5714285714285714,0.0192,0.0192,0.145,0.6590909090909091,0.3409090909090909,0.725,1.0,1.0,0.5333333333333333,0.5571687840290381,0.0
20260629_202157_89a44e2f,20260629_202157_89a44e2f_g0041,41,749619141,5,48,48,48,1,4,GREEN,champ_v3,3,3,[3],0,81,3,"{""1"": 79, ""2"": 85, ""3"": 95, ""4"": 81}",False,27.0,-39.0,2.0,42.0,30.0,0.075,49.0,29.5,58.0,16.0,9.0,9.0,24.0,0.0,152.0,85.0,12.0,9.0,30.0,1.0,1.0,1.0,6.0,0.0,0.0,0.0,0.0,48.0,48.0,0.585,0.5714285714285714,0.0192,0.0192,0.145,0.6590909090909091,0.3409090909090909,0.675,1.0,0.8,0.55,0.5399274047186933,0.0
20260629_202157_89a44e2f,20260629_202157_89a44e2f_g0041,41,749619141,6,56,56,56,1,1,RED,pool_heuristic,0,3,[3],0,79,4,"{""1"": 79, ""2"": 85, ""3"": 95, ""4"": 81}",False,26.0,-40.0,0.0,39.0,33.0,0.0825,13.0,12.0,14.5,11.0,0.0,1.5,2.0,0.0,76.0,40.5,14.0,7.0,23.0,1.0,0.0,2.0,4.0,0.0,0.0,0.0,0.0,56.0,56.0,0.655,0.6666666666666666,0.0224,0.0224,0.1625,0.7386363636363636,0.26136363636363635,0.65,0.75,0.8,0.55,0.4680161943319838,0.0
20260629_202157_89a44e2f,20260629_202157_89a44e2f_g0041,41,749619141,6,56,56,56,1,2,BLUE,pool_l45_100ms,1,3,[3],0,85,2,"{""1"": 79, ""2"": 85, ""3"": 95, ""4"": 81}",False,6.0,-80.0,1.0,32.0,33.0,0.0825,6.0,5.5,6.0,5.0,1.0,0.0,0.0,0.0,83.0,12.0,14.0,7.0,22.0,1.0,1.0,1.0,4.0,0.0,0.0,0.0,0.0,56.0,56.0,0.655,0.6666666666666666,0.0224,0.0224,0.165,0.75,0.25,0.15,0.26666666666666666,0.8,0.7166666666666667,0.46012759170653905,0.0
20260629_202157_89a44e2f,20260629_202157_89a44e2f_g0041,41,749619141,6,56,56,56,1,3,YELLOW,pool_peer_500ms,2,3,[3],1,95,1,"{""1"": 79, ""2"": 85, ""3"": 95, ""4"": 81}",False,31.0,-30.0,0.0,52.0,33.0,0.0825,43.0,33.0,50.5,23.0,11.0,7.5,4.0,5.0,46.0,81.5,14.0,7.0,23.0,1.0,1.0,1.0,3.0,1.0,0.0,0.0,0.0,56.0,56.0,0.655,0.6666666666666666,0.0224,0.0224,0.1625,0.7386363636363636,0.26136363636363635,0.775,1.0,1.0,0.5083333333333333,0.5489878542510122,0.0
20260629_202157_89a44e2f,20260629_202157_89a44e2f_g0041,41,749619141,6,56,56,56,1,4,GREEN,champ_v3,3,3,[3],0,81,3,"{""1"": 79, ""2"": 85, ""3"": 95, ""4"": 81}",False,29.0,-34.0,2.0,50.0,33.0,0.0825,27.0,19.625,28.0,15.0,4.0,4.5,4.5,0.0,62.0,57.0,14.0,7.0,22.0,1.0,1.0,1.0,4.0,0.0,0.0,0.0,0.0,56.0,56.0,0.655,0.6666666666666666,0.0224,0.0224,0.165,0.75,0.25,0.725,1.0,0.8,0.525,0.5191387559808612,0.0
20260629_202157_89a44e2f,20260629_202157_89a44e2f_g0041,41,749619141,7,64,64,66,3,1,RED,pool_heuristic,0,3,[3],0,79,4,"{""1"": 79, ""2"": 85, ""3"": 95, ""4"": 81}",False,26.0,-36.0,0.0,45.0,41.0,0.1025,0.0,0.0,0.0,0.0,0.0,0.0,0.0,0.0,31.0,26.0,15.0,6.0,22.0,0.0,0.0,2.0,4.0,0.0,0.0,0.0,0.0,64.0,66.0,0.7075,0.7142857142857143,0.0264,0.0256,0.165,0.75,0.25,0.65,0.5833333333333334,0.8,0.5166666666666667,0.4736842105263158,0.0
20260629_202157_89a44e2f,20260629_202157_89a44e2f_g0041,41,749619141,7,64,64,66,3,2,BLUE,pool_l45_100ms,1,3,[3],0,85,2,"{""1"": 79, ""2"": 85, ""3"": 95, ""4"": 81}",False,4.0,-80.0,0.0,38.0,41.0,0.1025,0.0,0.0,0.0,0.0,0.0,0.0,0.0,0.0,31.0,4.0,17.0,4.0,16.0,0.0,0.0,0.0,4.0,0.0,0.0,0.0,0.0,64.0,66.0,0.7075,0.8095238095238095,0.0264,0.0256,0.18,0.8181818181818182,0.18181818181818182,0.1,0.18333333333333332,0.8,0.7,0.4758771929824561,0.0
20260629_202157_89a44e2f,20260629_202157_89a44e2f_g0041,41,749619141,7,64,64,66,3,3,YELLOW,pool_peer_500ms,2,3,[3],1,95,1,"{""1"": 79, ""2"": 85, ""3"": 95, ""4"": 81}",False,29.0,-30.0,0.0,62.0,41.0,0.1025,26.0,22.5,26.5,19.0,6.0,1.5,0.0,0.0,5.0,55.5,16.0,5.0,14.0,1.0,1.0,1.0,2.0,0.0,0.0,0.0,0.0,64.0,66.0,0.7075,0.7619047619047619,0.0264,0.0256,0.185,0.8409090909090909,0.1590909090909091,0.725,0.7,0.8,0.4916666666666667,0.534850640113798,0.0
20260629_202157_89a44e2f,20260629_202157_89a44e2f_g0041,41,749619141,7,64,64,66,3,4,GREEN,champ_v3,3,3,[3],0,81,3,"{""1"": 79, ""2"": 85, ""3"": 95, ""4"": 81}",False,29.0,-30.0,2.0,57.0,41.0,0.1025,5.0,2.25,5.5,0.0,3.0,1.5,1.0,0.0,26.0,34.5,16.0,5.0,17.0,0.0,1.0,1.0,3.0,0.0,0.0,0.0,0.0,64.0,66.0,0.7075,0.7619047619047619,0.0264,0.0256,0.1775,0.8068181818181818,0.19318181818181818,0.725,0.8666666666666667,0.8,0.4916666666666667,0.5055596738324686,0.0
20260629_202157_89a44e2f,20260629_202157_89a44e2f_g0042,42,1338376085,0,8,8,8,1,1,RED,pool_l45_100ms,0,2,[2],0,67,3,"{""1"": 67, ""2"": 99, ""3"": 91, ""4"": 67}",False,6.0,-18.0,9.0,0.0,1.0,0.0025,388.0,90.5,366.25,6.0,10.0,28.5,113.0,208.75,1449.0,372.25,2.0,19.0,78.0,1.0,1.0,2.0,6.0,9.0,1.0,1.0,0.0,8.0,8.0,0.1,0.09523809523809523,0.0032,0.0032,0.025,0.11363636363636363,0.8863636363636364,0.15,1.0,1.0,0.2,0.20526315789473681,0.0
20260629_202157_89a44e2f,20260629_202157_89a44e2f_g0042,42,1338376085,0,8,8,8,1,2,BLUE,pool_peer_500ms,1,2,[2],1,99,1,"{""1"": 67, ""2"": 99, ""3"": 91, ""4"": 67}",False,9.0,-12.0,9.0,0.0,1.0,0.0025,543.0,122.625,488.75,9.0,15.0,41.25,153.5,270.0,1294.0,497.75,2.0,19.0,78.0,1.0,1.0,2.0,6.0,9.0,1.0,0.0,0.0,8.0,8.0,0.1,0.09523809523809523,0.0032,0.0032,0.025,0.11363636363636363,0.8863636363636364,0.225,1.0,1.0,0.175,0.23684210526315785,0.0
20260629_202157_89a44e2f,20260629_202157_89a44e2f_g0042,42,1338376085,0,8,8,8,1,3,YELLOW,champ_v3,2,2,[2],0,91,2,"{""1"": 67, ""2"": 99, ""3"": 91, ""4"": 67}",False,9.0,-12.0,9.0,0.0,1.0,0.0025,543.0,122.625,488.75,9.0,15.0,41.25,153.5,270.0,1294.0,497.75,2.0,19.0,78.0,1.0,1.0,2.0,6.0,9.0,1.0,0.0,0.0,8.0,8.0,0.1,0.09523809523809523,0.0032,0.0032,0.025,0.11363636363636363,0.8863636363636364,0.225,1.0,1.0,0.175,0.23684210526315785,0.0
20260629_202157_89a44e2f,20260629_202157_89a44e2f_g0042,42,1338376085,0,8,8,8,1,4,GREEN,pool_heuristic,3,2,[2],0,67,3,"{""1"": 67, ""2"": 99, ""3"": 91, ""4"": 67}",False,6.0,-18.0,8.0,0.0,1.0,0.0025,363.0,92.375,375.125,6.0,10.0,28.5,115.0,215.625,1474.0,381.125,2.0,19.0,78.0,1.0,1.0,2.0,6.0,9.0,1.0,1.0,1.0,8.0,8.0,0.1,0.09523809523809523,0.0032,0.0032,0.025,0.11363636363636363,0.8863636363636364,0.15,1.0,1.0,0.2,0.26315789473684215,0.0
20260629_202157_89a44e2f,20260629_202157_89a44e2f_g0042,42,1338376085,1,16,16,16,1,1,RED,pool_l45_100ms,0,2,[2],0,67,3,"{""1"": 67, ""2"": 99, ""3"": 91, ""4"": 67}",False,10.0,-31.0,7.0,0.0,1.0,0.0025,526.0,122.25,471.75,10.0,17.0,45.0,176.0,223.75,1799.0,481.75,4.0,17.0,68.0,1.0,1.0,2.0,6.0,7.0,1.0,0.0,0.0,16.0,16.0,0.2,0.19047619047619047,0.0064,0.0064,0.05,0.22727272727272727,0.7727272727272727,0.25,1.0,1.0,0.3416666666666667,0.3236842105263158,0.0
20260629_202157_89a44e2f,20260629_202157_89a44e2f_g0042,42,1338376085,1,16,16,16,1,2,BLUE,pool_peer_500ms,1,2,[2],1,99,1,"{""1"": 67, ""2"": 99, ""3"": 91, ""4"": 67}",False,16.0,-19.0,0.0,1.0,1.0,0.0025,742.0,185.25,720.625,14.0,25.0,70.5,260.5,350.625,1583.0,736.625,4.0,17.0,68.0,1.0,1.0,2.0,6.0,7.0,1.0,0.0,0.0,16.0,16.0,0.2,0.19047619047619047,0.0064,0.0064,0.05,0.22727272727272727,0.7727272727272727,0.4,1.0,1.0,0.29166666666666663,0.49473684210526314,0.0
20260629_202157_89a44e2f,20260629_202157_89a44e2f_g0042,42,1338376085,1,16,16,16,1,3,YELLOW,champ_v3,2,2,[2],0,91,2,"{""1"": 67, ""2"": 99, ""3"": 91, ""4"": 67}",False,14.0,-23.0,1.0,2.0,1.0,0.0025,674.0,163.5,624.625,14.0,24.0,64.5,231.5,290.625,1651.0,638.625,4.0,17.0,68.0,1.0,1.0,2.0,6.0,7.0,0.0,0.0,0.0,16.0,16.0,0.2,0.19047619047619047,0.0064,0.0064,0.05,0.22727272727272727,0.7727272727272727,0.35,1.0,1.0,0.30833333333333335,0.48684210526315785,0.0
20260629_202157_89a44e2f,20260629_202157_89a44e2f_g0042,42,1338376085,1,16,16,16,1,4,GREEN,pool_heuristic,3,2,[2],0,67,3,"{""1"": 67, ""2"": 99, ""3"": 91, ""4"": 67}",False,11.0,-29.0,3.0,1.0,1.0,0.0025,383.0,106.25,407.5,10.0,15.0,38.25,143.0,201.25,1942.0,418.5,4.0,17.0,68.0,1.0,1.0,2.0,6.0,7.0,1.0,1.0,1.0,16.0,16.0,0.2,0.19047619047619047,0.0064,0.0064,0.05,0.22727272727272727,0.7727272727272727,0.275,1.0,1.0,0.33333333333333337,0.46842105263157896,0.0
20260629_202157_89a44e2f,20260629_202157_89a44e2f_g0042,42,1338376085,2,24,24,24,1,1,RED,pool_l45_100ms,0,2,[2],0,67,3,"{""1"": 67, ""2"": 99, ""3"": 91, ""4"": 67}",False,15.0,-38.0,4.0,2.0,5.0,0.0125,268.0,73.375,240.625,13.0,16.0,35.25,107.0,69.375,1373.0,255.625,6.0,15.0,58.0,1.0,1.0,2.0,6.0,5.0,0.0,0.0,0.0,24.0,24.0,0.3,0.2857142857142857,0.0096,0.0096,0.075,0.3409090909090909,0.6590909090909091,0.375,1.0,1.0,0.4416666666666667,0.4035087719298245,0.0
20260629_202157_89a44e2f,20260629_202157_89a44e2f_g0042,42,1338376085,2,24,24,24,1,2,BLUE,pool_peer_500ms,1,2,[2],1,99,1,"{""1"": 67, ""2"": 99, ""3"": 91, ""4"": 67}",False,18.0,-32.0,0.0,9.0,5.0,0.0125,689.0,175.125,641.25,17.0,29.0,79.5,279.5,236.25,952.0,659.25,6.0,15.0,58.0,1.0,1.0,2.0,6.0,5.0,1.0,0.0,0.0,24.0,24.0,0.3,0.2857142857142857,0.0096,0.0096,0.075,0.3409090909090909,0.6590909090909091,0.45,1.0,1.0,0.4166666666666667,0.5877192982456141,0.0
20260629_202157_89a44e2f,20260629_202157_89a44e2f_g0042,42,1338376085,2,24,24,24,1,3,YELLOW,champ_v3,2,2,[2],0,91,2,"{""1"": 67, ""2"": 99, ""3"": 91, ""4"": 67}",False,18.0,-32.0,0.0,14.0,5.0,0.0125,403.0,108.5,380.125,14.0,21.0,49.5,167.5,128.125,1238.0,398.125,6.0,15.0,58.0,1.0,1.0,2.0,6.0,5.0,0.0,0.0,0.0,24.0,24.0,0.3,0.2857142857142857,0.0096,0.0096,0.075,0.3409090909090909,0.6590909090909091,0.45,1.0,1.0,0.4166666666666667,0.5947368421052632,0.0
20260629_202157_89a44e2f,20260629_202157_89a44e2f_g0042,42,1338376085,2,24,24,24,1,4,GREEN,pool_heuristic,3,2,[2],0,67,3,"{""1"": 67, ""2"": 99, ""3"": 91, ""4"": 67}",False,17.0,-34.0,3.0,2.0,5.0,0.0125,281.0,90.75,296.25,16.0,21.0,45.0,128.0,86.25,1360.0,313.25,6.0,15.0,58.0,1.0,1.0,2.0,6.0,5.0,1.0,0.0,1.0,24.0,24.0,0.3,0.2857142857142857,0.0096,0.0096,0.075,0.3409090909090909,0.6590909090909091,0.425,1.0,1.0,0.425,0.4877192982456141,0.0
20260629_202157_89a44e2f,20260629_202157_89a44e2f_g0042,42,1338376085,3,32,32,32,1,1,RED,pool_l45_100ms,0,2,[2],0,67,3,"{""1"": 67, ""2"": 99, ""3"": 91, ""4"": 67}",False,16.0,-39.0,4.0,6.0,19.0,0.0475,130.0,44.625,125.625,14.0,9.0,19.5,60.0,23.125,579.0,141.625,8.0,13.0,48.0,1.0,1.0,2.0,6.0,3.0,0.0,0.0,0.0,32.0,32.0,0.4,0.38095238095238093,0.0128,0.0128,0.1,0.45454545454545453,0.5454545454545454,0.4,1.0,1.0,0.4583333333333333,0.4565789473684211,0.0
20260629_202157_89a44e2f,20260629_202157_89a44e2f_g0042,42,1338376085,3,32,32,32,1,2,BLUE,pool_peer_500ms,1,2,[2],1,99,1,"{""1"": 67, ""2"": 99, ""3"": 91, ""4"": 67}",False,18.0,-35.0,0.0,17.0,19.0,0.0475,285.0,84.875,273.0,15.0,19.0,43.5,135.5,60.0,424.0,291.0,8.0,13.0,48.0,1.0,1.0,2.0,6.0,3.0,0.0,0.0,0.0,32.0,32.0,0.4,0.38095238095238093,0.0128,0.0128,0.1,0.45454545454545453,0.5454545454545454,0.45,1.0,1.0,0.4416666666666667,0.6236842105263158,0.0
20260629_202157_89a44e2f,20260629_202157_89a44e2f_g0042,42,1338376085,3,32,32,32,1,3,YELLOW,champ_v3,2,2,[2],0,91,2,"{""1"": 67, ""2"": 99, ""3"": 91, ""4"": 67}",False,18.0,-35.0,0.0,23.0,19.0,0.0475,164.0,50.625,163.875,9.0,11.0,25.5,79.0,39.375,545.0,181.875,8.0,13.0,48.0,1.0,1.0,2.0,6.0,3.0,0.0,0.0,0.0,32.0,32.0,0.4,0.38095238095238093,0.0128,0.0128,0.1,0.45454545454545453,0.5454545454545454,0.45,1.0,1.0,0.4416666666666667,0.6105263157894736,0.0
20260629_202157_89a44e2f,20260629_202157_89a44e2f_g0042,42,1338376085,3,32,32,32,1,4,GREEN,pool_heuristic,3,2,[2],0,67,3,"{""1"": 67, ""2"": 99, ""3"": 91, ""4"": 67}",False,19.0,-33.0,3.0,10.0,19.0,0.0475,130.0,51.25,142.125,15.0,13.0,27.0,66.5,20.625,579.0,161.125,8.0,13.0,48.0,1.0,1.0,2.0,6.0,3.0,0.0,0.0,1.0,32.0,32.0,0.4,0.38095238095238093,0.0128,0.0128,0.1,0.45454545454545453,0.5454545454545454,0.475,1.0,1.0,0.4333333333333333,0.4736842105263158,0.0
20260629_202157_89a44e2f,20260629_202157_89a44e2f_g0042,42,1338376085,4,40,40,40,1,1,RED,pool_l45_100ms,0,2,[2],0,67,3,"{""1"": 67, ""2"": 99, ""3"": 91, ""4"": 67}",False,16.0,-46.0,4.0,9.0,24.0,0.06,41.0,23.875,43.5,14.0,7.0,9.0,13.5,0.0,265.0,59.5,10.0,11.0,38.0,1.0,1.0,2.0,6.0,1.0,0.0,0.0,0.0,40.0,40.0,0.495,0.47619047619047616,0.016,0.016,0.125,0.5681818181818182,0.4318181818181818,0.4,1.0,1.0,0.5166666666666667,0.44842105263157894,0.0
20260629_202157_89a44e2f,20260629_202157_89a44e2f_g0042,42,1338376085,4,40,40,40,1,2,BLUE,pool_peer_500ms,1,2,[2],1,99,1,"{""1"": 67, ""2"": 99, ""3"": 91, ""4"": 67}",False,21.0,-36.0,0.0,26.0,24.0,0.06,160.0,56.375,150.25,17.0,17.0,33.0,64.5,18.75,146.0,171.25,10.0,11.0,39.0,1.0,1.0,2.0,5.0,2.0,0.0,0.0,0.0,40.0,40.0,0.495,0.47619047619047616,0.016,0.016,0.1225,0.5568181818181818,0.4431818181818182,0.525,1.0,1.0,0.475,0.619763694951665,0.0
20260629_202157_89a44e2f,20260629_202157_89a44e2f_g0042,42,1338376085,4,40,40,40,1,3,YELLOW,champ_v3,2,2,[2],0,91,2,"{""1"": 67, ""2"": 99, ""3"": 91, ""4"": 67}",False,24.0,-30.0,0.0,27.0,24.0,0.06,81.0,38.25,91.5,14.0,14.0,21.0,35.0,7.5,225.0,115.5,10.0,11.0,39.0,1.0,1.0,2.0,5.0,2.0,0.0,0.0,0.0,40.0,40.0,0.495,0.47619047619047616,0.016,0.016,0.1225,0.5568181818181818,0.4431818181818182,0.6,1.0,1.0,0.45,0.5853920515574651,0.0
20260629_202157_89a44e2f,20260629_202157_89a44e2f_g0042,42,1338376085,4,40,40,40,1,4,GREEN,pool_heuristic,3,2,[2],0,67,3,"{""1"": 67, ""2"": 99, ""3"": 91, ""4"": 67}",False,17.0,-44.0,3.0,24.0,24.0,0.06,24.0,15.375,25.25,10.0,4.0,6.75,4.5,0.0,282.0,42.25,10.0,11.0,38.0,1.0,1.0,2.0,6.0,1.0,0.0,0.0,0.0,40.0,40.0,0.495,0.47619047619047616,0.016,0.016,0.125,0.5681818181818182,0.4318181818181818,0.425,0.8666666666666667,1.0,0.5083333333333333,0.4431578947368421,0.0
20260629_202157_89a44e2f,20260629_202157_89a44e2f_g0042,42,1338376085,5,48,48,48,1,1,RED,pool_l45_100ms,0,2,[2],0,67,3,"{""1"": 67, ""2"": 99, ""3"": 91, ""4"": 67}",False,11.0,-46.0,4.0,10.0,50.0,0.125,11.0,9.75,10.75,9.0,1.0,0.75,0.0,0.0,78.0,21.75,12.0,9.0,30.0,1.0,1.0,2.0,4.0,1.0,0.0,0.0,0.0,48.0,48.0,0.5775,0.5714285714285714,0.0192,0.0192,0.145,0.6590909090909091,0.3409090909090909,0.275,0.7,1.0,0.475,0.4137931034482759,0.0
20260629_202157_89a44e2f,20260629_202157_89a44e2f_g0042,42,1338376085,5,48,48,48,1,2,BLUE,pool_peer_500ms,1,2,[2],1,99,1,"{""1"": 67, ""2"": 99, ""3"": 91, ""4"": 67}",False,21.0,-26.0,0.0,35.0,50.0,0.125,45.0,25.125,45.5,14.0,9.0,13.5,6.5,2.5,44.0,66.5,12.0,9.0,30.0,1.0,1.0,2.0,4.0,1.0,0.0,0.0,0.0,48.0,48.0,0.5775,0.5714285714285714,0.0192,0.0192,0.145,0.6590909090909091,0.3409090909090909,0.525,1.0,1.0,0.39166666666666666,0.5834845735027223,0.0
20260629_202157_89a44e2f,20260629_202157_89a44e2f_g0042,42,1338376085,5,48,48,48,1,3,YELLOW,champ_v3,2,2,[2],0,91,2,"{""1"": 67, ""2"": 99, ""3"": 91, ""4"": 67}",False,23.0,-22.0,0.0,37.0,50.0,0.125,28.0,16.875,26.25,11.0,6.0,6.75,2.5,0.0,61.0,49.25,12.0,9.0,30.0,1.0,1.0,2.0,4.0,1.0,0.0,0.0,0.0,48.0,48.0,0.5775,0.5714285714285714,0.0192,0.0192,0.145,0.6590909090909091,0.3409090909090909,0.575,1.0,1.0,0.375,0.5680580762250453,0.0
20260629_202157_89a44e2f,20260629_202157_89a44e2f_g0042,42,1338376085,5,48,48,48,1,4,GREEN,pool_heuristic,3,2,[2],0,67,3,"{""1"": 67, ""2"": 99, ""3"": 91, ""4"": 67}",False,13.0,-42.0,3.0,34.0,50.0,0.125,5.0,5.0,5.0,5.0,0.0,0.0,0.0,0.0,84.0,18.0,12.0,9.0,31.0,1.0,1.0,1.0,5.0,1.0,0.0,0.0,0.0,48.0,48.0,0.5775,0.5714285714285714,0.0192,0.0192,0.1425,0.6477272727272727,0.3522727272727273,0.325,0.5333333333333333,1.0,0.4583333333333333,0.42289935364727604,0.0
20260629_202157_89a44e2f,20260629_202157_89a44e2f_g0042,42,1338376085,6,56,56,56,1,1,RED,pool_l45_100ms,0,2,[2],0,67,3,"{""1"": 67, ""2"": 99, ""3"": 91, ""4"": 67}",False,9.0,-41.0,4.0,14.0,80.0,0.2,0.0,0.0,0.0,0.0,0.0,0.0,0.0,0.0,32.0,9.0,14.0,7.0,26.0,0.0,1.0,1.0,4.0,1.0,0.0,0.0,0.0,56.0,56.0,0.6375,0.6666666666666666,0.0224,0.0224,0.155,0.7045454545454546,0.29545454545454547,0.225,0.3333333333333333,1.0,0.4166666666666667,0.4176570458404075,0.0
20260629_202157_89a44e2f,20260629_202157_89a44e2f_g0042,42,1338376085,6,56,56,56,1,2,BLUE,pool_peer_500ms,1,2,[2],1,99,1,"{""1"": 67, ""2"": 99, ""3"": 91, ""4"": 67}",False,16.0,-27.0,0.0,37.0,80.0,0.2,15.0,10.5,14.0,8.0,3.0,3.0,0.0,0.0,17.0,30.0,14.0,7.0,22.0,1.0,1.0,1.0,4.0,0.0,0.0,0.0,0.0,56.0,56.0,0.6375,0.6666666666666666,0.0224,0.0224,0.165,0.75,0.25,0.4,0.8333333333333334,0.8,0.35833333333333334,0.5454545454545454,0.0
20260629_202157_89a44e2f,20260629_202157_89a44e2f_g0042,42,1338376085,6,56,56,56,1,3,YELLOW,champ_v3,2,2,[2],0,91,2,"{""1"": 67, ""2"": 99, ""3"": 91, ""4"": 67}",False,22.0,-15.0,0.0,43.0,80.0,0.2,17.0,12.25,17.0,9.0,4.0,3.0,1.0,0.0,15.0,39.0,14.0,7.0,23.0,1.0,1.0,1.0,3.0,1.0,0.0,0.0,0.0,56.0,56.0,0.6375,0.6666666666666666,0.0224,0.0224,0.1625,0.7386363636363636,0.26136363636363635,0.55,1.0,1.0,0.30833333333333335,0.5441295546558704,0.0
20260629_202157_89a44e2f,20260629_202157_89a44e2f_g0042,42,1338376085,6,56,56,56,1,4,GREEN,pool_heuristic,3,2,[2],0,67,3,"{""1"": 67, ""2"": 99, ""3"": 91, ""4"": 67}",False,12.0,-35.0,3.0,46.0,80.0,0.2,0.0,0.0,0.0,0.0,0.0,0.0,0.0,0.0,32.0,12.0,14.0,7.0,26.0,0.0,1.0,1.0,4.0,1.0,0.0,0.0,0.0,56.0,56.0,0.6375,0.6666666666666666,0.0224,0.0224,0.155,0.7045454545454546,0.29545454545454547,0.3,0.4166666666666667,1.0,0.39166666666666666,0.43972835314091685,0.0
20260629_202157_89a44e2f,20260629_202157_89a44e2f_g0042,42,1338376085,7,64,64,74,3,1,RED,pool_l45_100ms,0,2,[2],0,67,3,"{""1"": 67, ""2"": 99, ""3"": 91, ""4"": 67}",False,9.0,-40.0,4.0,33.0,65.0,0.1625,0.0,0.0,0.0,0.0,0.0,0.0,0.0,0.0,4.0,9.0,14.0,7.0,26.0,0.0,1.0,1.0,4.0,1.0,0.0,0.0,0.0,64.0,74.0,0.69,0.6666666666666666,0.0296,0.0256,0.155,0.7045454545454546,0.29545454545454547,0.225,0.23333333333333334,1.0,0.4083333333333333,0.4176570458404075,0.0
20260629_202157_89a44e2f,20260629_202157_89a44e2f_g0042,42,1338376085,7,64,64,74,3,2,BLUE,pool_peer_500ms,1,2,[2],1,99,1,"{""1"": 67, ""2"": 99, ""3"": 91, ""4"": 67}",False,20.0,-18.0,0.0,51.0,65.0,0.1625,4.0,1.0,4.0,0.0,0.0,0.0,4.0,0.0,0.0,24.0,19.0,2.0,8.0,0.0,0.0,0.0,2.0,0.0,0.0,0.0,0.0,64.0,74.0,0.69,0.9047619047619048,0.0296,0.0256,0.2,0.9090909090909091,0.09090909090909091,0.5,0.8333333333333334,0.8,0.31666666666666665,0.5381578947368422,0.0
20260629_202157_89a44e2f,20260629_202157_89a44e2f_g0042,42,1338376085,7,64,64,74,3,3,YELLOW,champ_v3,2,2,[2],0,91,2,"{""1"": 67, ""2"": 99, ""3"": 91, ""4"": 67}",False,17.0,-24.0,0.0,47.0,65.0,0.1625,0.0,0.0,0.0,0.0,0.0,0.0,0.0,0.0,4.0,17.0,17.0,4.0,16.0,0.0,0.0,1.0,2.0,1.0,0.0,0.0,0.0,64.0,74.0,0.69,0.8095238095238095,0.0296,0.0256,0.18,0.8181818181818182,0.18181818181818182,0.425,0.9,1.0,0.3416666666666667,0.5211988304093568,0.0
20260629_202157_89a44e2f,20260629_202157_89a44e2f_g0042,42,1338376085,7,64,64,74,3,4,GREEN,pool_heuristic,3,2,[2],0,67,3,"{""1"": 67, ""2"": 99, ""3"": 91, ""4"": 67}",False,12.0,-34.0,3.0,49.0,65.0,0.1625,0.0,0.0,0.0,0.0,0.0,0.0,0.0,0.0,4.0,12.0,14.0,7.0,26.0,0.0,1.0,1.0,4.0,1.0,0.0,0.0,0.0,64.0,74.0,0.69,0.6666666666666666,0.0296,0.0256,0.155,0.7045454545454546,0.29545454545454547,0.3,0.38333333333333336,1.0,0.38333333333333336,0.43972835314091685,0.0
20260629_202157_89a44e2f,20260629_202157_89a44e2f_g0043,43,1886859665,0,8,8,8,1,1,RED,pool_peer_500ms,0,2,[2],0,87,2,"{""1"": 87, ""2"": 105, ""3"": 81, ""4"": 76}",False,9.0,-15.0,9.0,0.0,0.0,0.0,543.0,122.625,488.75,9.0,15.0,41.25,153.5,270.0,1506.0,497.75,2.0,19.0,78.0,1.0,1.0,2.0,6.0,9.0,1.0,0.0,0.0,8.0,8.0,0.1,0.09523809523809523,0.0032,0.0032,0.025,0.11363636363636363,0.8863636363636364,0.225,1.0,1.0,0.2,0.23684210526315785,0.0
20260629_202157_89a44e2f,20260629_202157_89a44e2f_g0043,43,1886859665,0,8,8,8,1,2,BLUE,champ_v3,1,2,[2],1,105,1,"{""1"": 87, ""2"": 105, ""3"": 81, ""4"": 76}",False,9.0,-15.0,9.0,0.0,0.0,0.0,543.0,122.625,488.75,9.0,15.0,41.25,153.5,270.0,1506.0,497.75,2.0,19.0,78.0,1.0,1.0,2.0,6.0,9.0,1.0,0.0,0.0,8.0,8.0,0.1,0.09523809523809523,0.0032,0.0032,0.025,0.11363636363636363,0.8863636363636364,0.225,1.0,1.0,0.2,0.23684210526315785,0.0
20260629_202157_89a44e2f,20260629_202157_89a44e2f_g0043,43,1886859665,0,8,8,8,1,3,YELLOW,pool_heuristic,2,2,[2],0,81,3,"{""1"": 87, ""2"": 105, ""3"": 81, ""4"": 76}",False,8.0,-17.0,8.0,0.0,0.0,0.0,519.0,126.125,510.5,8.0,14.0,40.5,160.5,287.5,1530.0,518.5,2.0,19.0,78.0,1.0,1.0,2.0,6.0,9.0,1.0,0.0,1.0,8.0,8.0,0.1,0.09523809523809523,0.0032,0.0032,0.025,0.11363636363636363,0.8863636363636364,0.2,1.0,1.0,0.20833333333333334,0.26315789473684215,0.0
20260629_202157_89a44e2f,20260629_202157_89a44e2f_g0043,43,1886859665,0,8,8,8,1,4,GREEN,pool_l45_100ms,3,2,[2],0,76,4,"{""1"": 87, ""2"": 105, ""3"": 81, ""4"": 76}",False,7.0,-19.0,9.0,0.0,0.0,0.0,444.0,103.25,415.125,7.0,12.0,33.75,130.5,231.875,1605.0,422.125,2.0,19.0,78.0,1.0,1.0,2.0,6.0,9.0,1.0,1.0,0.0,8.0,8.0,0.1,0.09523809523809523,0.0032,0.0032,0.025,0.11363636363636363,0.8863636363636364,0.175,1.0,1.0,0.21666666666666665,0.20526315789473681,0.0
20260629_202157_89a44e2f,20260629_202157_89a44e2f_g0043,43,1886859665,1,16,16,16,1,1,RED,pool_peer_500ms,0,2,[2],0,87,2,"{""1"": 87, ""2"": 105, ""3"": 81, ""4"": 76}",False,16.0,-21.0,0.0,2.0,4.0,0.01,689.0,172.125,666.875,14.0,23.0,64.5,241.0,324.375,1749.0,682.875,4.0,17.0,68.0,1.0,1.0,2.0,6.0,7.0,1.0,0.0,0.0,16.0,16.0,0.2,0.19047619047619047,0.0064,0.0064,0.05,0.22727272727272727,0.7727272727272727,0.4,1.0,1.0,0.30833333333333335,0.49473684210526314,0.0
20260629_202157_89a44e2f,20260629_202157_89a44e2f_g0043,43,1886859665,1,16,16,16,1,2,BLUE,champ_v3,1,2,[2],1,105,1,"{""1"": 87, ""2"": 105, ""3"": 81, ""4"": 76}",False,15.0,-23.0,1.0,2.0,4.0,0.01,812.0,201.25,782.875,15.0,27.0,77.25,285.5,378.125,1626.0,797.875,4.0,17.0,68.0,1.0,1.0,2.0,6.0,7.0,1.0,0.0,0.0,16.0,16.0,0.2,0.19047619047619047,0.0064,0.0064,0.05,0.22727272727272727,0.7727272727272727,0.375,1.0,1.0,0.31666666666666665,0.4894736842105264,0.0
20260629_202157_89a44e2f,20260629_202157_89a44e2f_g0043,43,1886859665,1,16,16,16,1,3,YELLOW,pool_heuristic,2,2,[2],0,81,3,"{""1"": 87, ""2"": 105, ""3"": 81, ""4"": 76}",False,13.0,-27.0,4.0,2.0,4.0,0.01,562.0,155.875,604.625,12.0,21.0,60.0,221.0,290.625,1876.0,617.625,4.0,17.0,68.0,1.0,1.0,2.0,6.0,7.0,1.0,0.0,1.0,16.0,16.0,0.2,0.19047619047619047,0.0064,0.0064,0.05,0.22727272727272727,0.7727272727272727,0.325,1.0,1.0,0.33333333333333337,0.4368421052631579,0.0
20260629_202157_89a44e2f,20260629_202157_89a44e2f_g0043,43,1886859665,1,16,16,16,1,4,GREEN,pool_l45_100ms,3,2,[2],0,76,4,"{""1"": 87, ""2"": 105, ""3"": 81, ""4"": 76}",False,9.0,-35.0,7.0,2.0,4.0,0.01,375.0,89.75,336.875,9.0,14.0,35.25,125.5,153.125,2063.0,345.875,4.0,17.0,68.0,1.0,1.0,2.0,6.0,7.0,1.0,0.0,0.0,16.0,16.0,0.2,0.19047619047619047,0.0064,0.0064,0.05,0.22727272727272727,0.7727272727272727,0.225,1.0,1.0,0.36666666666666664,0.3131578947368421,0.0
20260629_202157_89a44e2f,20260629_202157_89a44e2f_g0043,43,1886859665,2,24,24,24,1,1,RED,pool_peer_500ms,0,2,[2],0,87,2,"{""1"": 87, ""2"": 105, ""3"": 81, ""4"": 76}",False,20.0,-29.0,0.0,11.0,10.0,0.025,569.0,156.75,569.5,18.0,29.0,71.25,205.0,246.25,1157.0,589.5,6.0,15.0,59.0,1.0,1.0,2.0,5.0,6.0,1.0,0.0,0.0,24.0,24.0,0.2975,0.2857142857142857,0.0096,0.0096,0.0725,0.32954545454545453,0.6704545454545454,0.5,1.0,1.0,0.4083333333333333,0.5843920145190562,0.0
20260629_202157_89a44e2f,20260629_202157_89a44e2f_g0043,43,1886859665,2,24,24,24,1,2,BLUE,champ_v3,1,2,[2],1,105,1,"{""1"": 87, ""2"": 105, ""3"": 81, ""4"": 76}",False,19.0,-31.0,1.0,12.0,10.0,0.025,478.0,136.375,479.75,17.0,26.0,65.25,206.5,165.0,1248.0,498.75,6.0,15.0,58.0,1.0,1.0,2.0,6.0,5.0,1.0,0.0,0.0,24.0,24.0,0.2975,0.2857142857142857,0.0096,0.0096,0.075,0.3409090909090909,0.6590909090909091,0.475,1.0,1.0,0.4166666666666667,0.6035087719298246,0.0
20260629_202157_89a44e2f,20260629_202157_89a44e2f_g0043,43,1886859665,2,24,24,24,1,3,YELLOW,pool_heuristic,2,2,[2],0,81,3,"{""1"": 87, ""2"": 105, ""3"": 81, ""4"": 76}",False,18.0,-33.0,4.0,5.0,10.0,0.025,380.0,116.25,413.25,15.0,21.0,53.25,164.0,160.0,1346.0,431.25,6.0,15.0,58.0,1.0,1.0,2.0,6.0,5.0,1.0,0.0,1.0,24.0,24.0,0.2975,0.2857142857142857,0.0096,0.0096,0.075,0.3409090909090909,0.6590909090909091,0.45,1.0,1.0,0.425,0.4754385964912281,0.0
20260629_202157_89a44e2f,20260629_202157_89a44e2f_g0043,43,1886859665,2,24,24,24,1,4,GREEN,pool_l45_100ms,3,2,[2],0,76,4,"{""1"": 87, ""2"": 105, ""3"": 81, ""4"": 76}",False,12.0,-45.0,3.0,3.0,10.0,0.025,299.0,76.125,259.625,12.0,14.0,35.25,114.0,84.375,1427.0,271.625,6.0,15.0,58.0,1.0,1.0,2.0,6.0,5.0,0.0,0.0,0.0,24.0,24.0,0.2975,0.2857142857142857,0.0096,0.0096,0.075,0.3409090909090909,0.6590909090909091,0.3,1.0,1.0,0.475,0.4175438596491228,0.0
20260629_202157_89a44e2f,20260629_202157_89a44e2f_g0043,43,1886859665,3,32,32,32,1,1,RED,pool_peer_500ms,0,2,[2],0,87,2,"{""1"": 87, ""2"": 105, ""3"": 81, ""4"": 76}",False,23.0,-36.0,0.0,20.0,13.0,0.0325,285.0,99.5,323.75,19.0,22.0,48.75,129.0,105.0,552.0,346.75,8.0,13.0,49.0,1.0,1.0,2.0,5.0,4.0,1.0,0.0,0.0,32.0,32.0,0.395,0.38095238095238093,0.0128,0.0128,0.0975,0.4431818181818182,0.5568181818181818,0.575,1.0,1.0,0.4916666666666667,0.5843454790823212,0.0
20260629_202157_89a44e2f,20260629_202157_89a44e2f_g0043,43,1886859665,3,32,32,32,1,2,BLUE,champ_v3,1,2,[2],1,105,1,"{""1"": 87, ""2"": 105, ""3"": 81, ""4"": 76}",False,24.0,-34.0,1.0,18.0,13.0,0.0325,395.0,123.625,411.375,21.0,26.0,63.75,165.0,135.625,442.0,435.375,8.0,13.0,49.0,1.0,1.0,2.0,5.0,4.0,1.0,0.0,0.0,32.0,32.0,0.395,0.38095238095238093,0.0128,0.0128,0.0975,0.4431818181818182,0.5568181818181818,0.6,1.0,1.0,0.4833333333333333,0.6234817813765182,0.0
20260629_202157_89a44e2f,20260629_202157_89a44e2f_g0043,43,1886859665,3,32,32,32,1,3,YELLOW,pool_heuristic,2,2,[2],0,81,3,"{""1"": 87, ""2"": 105, ""3"": 81, ""4"": 76}",False,22.0,-38.0,4.0,14.0,13.0,0.0325,103.0,42.75,105.5,17.0,12.0,18.0,41.0,17.5,734.0,127.5,8.0,13.0,48.0,1.0,1.0,2.0,6.0,3.0,1.0,0.0,0.0,32.0,32.0,0.395,0.38095238095238093,0.0128,0.0128,0.1,0.45454545454545453,0.5454545454545454,0.55,1.0,1.0,0.5,0.46973684210526323,0.0
20260629_202157_89a44e2f,20260629_202157_89a44e2f_g0043,43,1886859665,3,32,32,32,1,4,GREEN,pool_l45_100ms,3,2,[2],0,76,4,"{""1"": 87, ""2"": 105, ""3"": 81, ""4"": 76}",False,13.0,-56.0,3.0,12.0,13.0,0.0325,54.0,22.875,49.75,11.0,7.0,9.0,16.5,6.25,783.0,62.75,8.0,13.0,48.0,1.0,1.0,2.0,6.0,3.0,0.0,0.0,0.0,32.0,32.0,0.395,0.38095238095238093,0.0128,0.0128,0.1,0.45454545454545453,0.5454545454545454,0.325,1.0,1.0,0.575,0.43552631578947365,0.0
20260629_202157_89a44e2f,20260629_202157_89a44e2f_g0043,43,1886859665,4,40,40,40,1,1,RED,pool_peer_500ms,0,2,[2],0,87,2,"{""1"": 87, ""2"": 105, ""3"": 81, ""4"": 76}",False,28.0,-36.0,0.0,27.0,17.0,0.0425,209.0,79.375,224.0,21.0,22.0,43.5,107.5,30.0,264.0,252.0,10.0,11.0,39.0,1.0,1.0,2.0,5.0,2.0,0.0,0.0,0.0,40.0,40.0,0.4925,0.47619047619047616,0.016,0.016,0.1225,0.5568181818181818,0.4431818181818182,0.7,1.0,1.0,0.5333333333333333,0.5574650912996778,0.0
20260629_202157_89a44e2f,20260629_202157_89a44e2f_g0043,43,1886859665,4,40,40,40,1,2,BLUE,champ_v3,1,2,[2],1,105,1,"{""1"": 87, ""2"": 105, ""3"": 81, ""4"": 76}",False,29.0,-34.0,1.0,31.0,17.0,0.0425,186.0,71.25,207.5,19.0,18.0,40.5,75.0,55.0,287.0,236.5,10.0,11.0,40.0,1.0,1.0,2.0,4.0,3.0,1.0,0.0,0.0,40.0,40.0,0.4925,0.47619047619047616,0.016,0.016,0.12,0.5454545454545454,0.45454545454545453,0.725,1.0,1.0,0.525,0.6151315789473684,0.0
20260629_202157_89a44e2f,20260629_202157_89a44e2f_g0043,43,1886859665,4,40,40,40,1,3,YELLOW,pool_heuristic,2,2,[2],0,81,3,"{""1"": 87, ""2"": 105, ""3"": 81, ""4"": 76}",False,20.0,-52.0,4.0,21.0,17.0,0.0425,49.0,25.875,48.0,15.0,8.0,8.25,15.5,1.25,424.0,68.0,10.0,11.0,38.0,1.0,1.0,2.0,6.0,1.0,0.0,0.0,0.0,40.0,40.0,0.4925,0.47619047619047616,0.016,0.016,0.125,0.5681818181818182,0.4318181818181818,0.5,1.0,1.0,0.6,0.43894736842105264,0.0
20260629_202157_89a44e2f,20260629_202157_89a44e2f_g0043,43,1886859665,4,40,40,40,1,4,GREEN,pool_l45_100ms,3,2,[2],0,76,4,"{""1"": 87, ""2"": 105, ""3"": 81, ""4"": 76}",False,15.0,-62.0,3.0,23.0,17.0,0.0425,29.0,16.625,25.75,11.0,6.0,5.25,3.5,0.0,444.0,40.75,10.0,11.0,38.0,1.0,1.0,2.0,6.0,1.0,0.0,0.0,0.0,40.0,40.0,0.4925,0.47619047619047616,0.016,0.016,0.125,0.5681818181818182,0.4318181818181818,0.375,0.85,1.0,0.6416666666666667,0.4547368421052632,0.0
20260629_202157_89a44e2f,20260629_202157_89a44e2f_g0043,43,1886859665,5,48,48,48,1,1,RED,pool_peer_500ms,0,2,[2],0,87,2,"{""1"": 87, ""2"": 105, ""3"": 81, ""4"": 76}",False,25.0,-40.0,0.0,37.0,28.0,0.07,76.0,35.125,74.75,17.0,11.0,15.75,23.5,7.5,147.0,99.75,12.0,9.0,30.0,1.0,1.0,2.0,4.0,1.0,0.0,0.0,0.0,48.0,48.0,0.58,0.5714285714285714,0.0192,0.0192,0.145,0.6590909090909091,0.3409090909090909,0.625,1.0,1.0,0.5416666666666667,0.5680580762250453,0.0
20260629_202157_89a44e2f,20260629_202157_89a44e2f_g0043,43,1886859665,5,48,48,48,1,2,BLUE,champ_v3,1,2,[2],1,105,1,"{""1"": 87, ""2"": 105, ""3"": 81, ""4"": 76}",False,30.0,-30.0,1.0,40.0,28.0,0.07,97.0,44.0,99.25,19.0,13.0,24.75,35.0,7.5,126.0,129.25,12.0,9.0,30.0,1.0,1.0,2.0,4.0,1.0,1.0,0.0,0.0,48.0,48.0,0.58,0.5714285714285714,0.0192,0.0192,0.145,0.6590909090909091,0.3409090909090909,0.75,1.0,1.0,0.5,0.5989110707803993,0.0
20260629_202157_89a44e2f,20260629_202157_89a44e2f_g0043,43,1886859665,5,48,48,48,1,3,YELLOW,pool_heuristic,2,2,[2],0,81,3,"{""1"": 87, ""2"": 105, ""3"": 81, ""4"": 76}",False,18.0,-54.0,3.0,36.0,28.0,0.07,22.0,16.5,24.0,12.0,5.0,3.0,4.0,0.0,201.0,42.0,12.0,9.0,30.0,1.0,1.0,2.0,4.0,1.0,0.0,0.0,0.0,48.0,48.0,0.58,0.5714285714285714,0.0192,0.0192,0.145,0.6590909090909091,0.3409090909090909,0.45,0.8166666666666667,1.0,0.6,0.4637023593466424,0.0
20260629_202157_89a44e2f,20260629_202157_89a44e2f_g0043,43,1886859665,5,48,48,48,1,4,GREEN,pool_l45_100ms,3,2,[2],0,76,4,"{""1"": 87, ""2"": 105, ""3"": 81, ""4"": 76}",False,17.0,-56.0,3.0,30.0,28.0,0.07,28.0,19.0,27.25,13.0,8.0,5.25,1.0,0.0,195.0,44.25,12.0,9.0,30.0,1.0,1.0,2.0,4.0,1.0,0.0,0.0,0.0,48.0,48.0,0.58,0.5714285714285714,0.0192,0.0192,0.145,0.6590909090909091,0.3409090909090909,0.425,0.9166666666666666,1.0,0.6083333333333333,0.42105263157894735,0.0
20260629_202157_89a44e2f,20260629_202157_89a44e2f_g0043,43,1886859665,6,56,56,56,1,1,RED,pool_peer_500ms,0,2,[2],0,87,2,"{""1"": 87, ""2"": 105, ""3"": 81, ""4"": 76}",False,29.0,-30.0,0.0,48.0,33.0,0.0825,38.0,27.75,47.0,18.0,8.0,6.0,15.0,0.0,69.0,76.0,14.0,7.0,23.0,1.0,1.0,1.0,3.0,1.0,0.0,0.0,0.0,56.0,56.0,0.655,0.6666666666666666,0.0224,0.0224,0.1625,0.7386363636363636,0.26136363636363635,0.725,0.8,1.0,0.4916666666666667,0.5497975708502024,0.0
20260629_202157_89a44e2f,20260629_202157_89a44e2f_g0043,43,1886859665,6,56,56,56,1,2,BLUE,champ_v3,1,2,[2],1,105,1,"{""1"": 87, ""2"": 105, ""3"": 81, ""4"": 76}",False,28.0,-32.0,1.0,54.0,33.0,0.0825,42.0,26.5,49.75,15.0,7.0,12.75,15.0,0.0,65.0,77.75,14.0,7.0,21.0,1.0,1.0,2.0,3.0,0.0,0.0,0.0,0.0,56.0,56.0,0.655,0.6666666666666666,0.0224,0.0224,0.1675,0.7613636363636364,0.23863636363636365,0.7,1.0,0.8,0.5,0.5789473684210527,0.0
20260629_202157_89a44e2f,20260629_202157_89a44e2f_g0043,43,1886859665,6,56,56,56,1,3,YELLOW,pool_heuristic,2,2,[2],0,81,3,"{""1"": 87, ""2"": 105, ""3"": 81, ""4"": 76}",False,17.0,-54.0,0.0,49.0,33.0,0.0825,14.0,12.5,14.0,11.0,3.0,0.0,0.0,0.0,93.0,31.0,14.0,7.0,23.0,1.0,1.0,1.0,3.0,1.0,0.0,0.0,0.0,56.0,56.0,0.655,0.6666666666666666,0.0224,0.0224,0.1625,0.7386363636363636,0.26136363636363635,0.425,0.5833333333333334,1.0,0.5916666666666667,0.5052631578947369,0.0
20260629_202157_89a44e2f,20260629_202157_89a44e2f_g0043,43,1886859665,6,56,56,56,1,4,GREEN,pool_l45_100ms,3,2,[2],0,76,4,"{""1"": 87, ""2"": 105, ""3"": 81, ""4"": 76}",False,14.0,-60.0,3.0,37.0,33.0,0.0825,13.0,11.5,13.0,10.0,3.0,0.0,0.0,0.0,94.0,27.0,14.0,7.0,23.0,1.0,1.0,1.0,3.0,1.0,0.0,0.0,0.0,56.0,56.0,0.655,0.6666666666666666,0.0224,0.0224,0.1625,0.7386363636363636,0.26136363636363635,0.35,0.65,1.0,0.6166666666666667,0.42105263157894735,0.0
20260629_202157_89a44e2f,20260629_202157_89a44e2f_g0043,43,1886859665,7,64,64,64,1,1,RED,pool_peer_500ms,0,2,[2],0,87,2,"{""1"": 87, ""2"": 105, ""3"": 81, ""4"": 76}",False,23.0,-35.0,0.0,57.0,39.0,0.0975,11.0,11.0,11.0,11.0,0.0,0.0,0.0,0.0,24.0,34.0,16.0,5.0,15.0,1.0,1.0,1.0,1.0,1.0,0.0,0.0,0.0,64.0,64.0,0.71,0.7619047619047619,0.0256,0.0256,0.1825,0.8295454545454546,0.17045454545454544,0.575,0.48333333333333334,1.0,0.4833333333333333,0.5169430425378514,0.0
20260629_202157_89a44e2f,20260629_202157_89a44e2f_g0043,43,1886859665,7,64,64,64,1,2,BLUE,champ_v3,1,2,[2],1,105,1,"{""1"": 87, ""2"": 105, ""3"": 81, ""4"": 76}",False,27.0,-27.0,1.0,60.0,39.0,0.0975,22.0,17.25,21.75,14.0,4.0,3.75,0.0,0.0,13.0,48.75,16.0,5.0,13.0,1.0,1.0,2.0,1.0,0.0,0.0,0.0,0.0,64.0,64.0,0.71,0.7619047619047619,0.0256,0.0256,0.1875,0.8522727272727273,0.14772727272727273,0.675,0.8,0.8,0.45,0.5480701754385966,0.0
20260629_202157_89a44e2f,20260629_202157_89a44e2f_g0043,43,1886859665,7,64,64,64,1,3,YELLOW,pool_heuristic,2,2,[2],0,81,3,"{""1"": 87, ""2"": 105, ""3"": 81, ""4"": 76}",False,16.0,-49.0,0.0,54.0,39.0,0.0975,0.0,0.0,0.0,0.0,0.0,0.0,0.0,0.0,35.0,16.0,16.0,5.0,20.0,0.0,0.0,1.0,3.0,1.0,0.0,0.0,0.0,64.0,64.0,0.71,0.7619047619047619,0.0256,0.0256,0.17,0.7727272727272727,0.22727272727272727,0.4,0.5333333333333333,1.0,0.5416666666666667,0.513157894736842,0.0
20260629_202157_89a44e2f,20260629_202157_89a44e2f_g0043,43,1886859665,7,64,64,64,1,4,GREEN,pool_l45_100ms,3,2,[2],0,76,4,"{""1"": 87, ""2"": 105, ""3"": 81, ""4"": 76}",False,15.0,-51.0,3.0,42.0,39.0,0.0975,2.0,1.0,3.0,0.0,0.0,3.0,0.0,0.0,33.0,18.0,16.0,5.0,20.0,0.0,0.0,1.0,3.0,1.0,0.0,0.0,0.0,64.0,64.0,0.71,0.7619047619047619,0.0256,0.0256,0.17,0.7727272727272727,0.22727272727272727,0.375,0.5166666666666667,1.0,0.55,0.41950464396284826,0.0
20260629_202157_89a44e2f,20260629_202157_89a44e2f_g0044,44,981905884,0,8,8,8,1,1,RED,champ_v3,0,4,[4],0,100,2,"{""1"": 100, ""2"": 80, ""3"": 67, ""4"": 101}",False,9.0,-13.0,9.0,0.0,0.0,0.0,543.0,122.625,488.75,9.0,15.0,41.25,153.5,270.0,1179.0,497.75,2.0,19.0,78.0,1.0,1.0,2.0,6.0,9.0,1.0,0.0,0.0,8.0,8.0,0.1,0.09523809523809523,0.0032,0.0032,0.025,0.11363636363636363,0.8863636363636364,0.225,1.0,1.0,0.18333333333333332,0.23684210526315785,0.0
20260629_202157_89a44e2f,20260629_202157_89a44e2f_g0044,44,981905884,0,8,8,8,1,2,BLUE,pool_heuristic,1,4,[4],0,80,3,"{""1"": 100, ""2"": 80, ""3"": 67, ""4"": 101}",False,6.0,-19.0,9.0,0.0,0.0,0.0,272.0,68.0,266.125,6.0,9.0,23.25,83.5,144.375,1450.0,272.125,2.0,19.0,78.0,1.0,1.0,2.0,6.0,9.0,1.0,0.0,1.0,8.0,8.0,0.1,0.09523809523809523,0.0032,0.0032,0.025,0.11363636363636363,0.8863636363636364,0.15,1.0,1.0,0.20833333333333334,0.2315789473684211,0.0
20260629_202157_89a44e2f,20260629_202157_89a44e2f_g0044,44,981905884,0,8,8,8,1,3,YELLOW,pool_l45_100ms,2,4,[4],0,67,4,"{""1"": 100, ""2"": 80, ""3"": 67, ""4"": 101}",False,7.0,-17.0,9.0,0.0,0.0,0.0,364.0,86.0,341.875,7.0,10.0,27.0,108.5,189.375,1358.0,348.875,2.0,19.0,78.0,1.0,1.0,2.0,6.0,9.0,1.0,1.0,0.0,8.0,8.0,0.1,0.09523809523809523,0.0032,0.0032,0.025,0.11363636363636363,0.8863636363636364,0.175,1.0,1.0,0.2,0.17368421052631577,0.0
20260629_202157_89a44e2f,20260629_202157_89a44e2f_g0044,44,981905884,0,8,8,8,1,4,GREEN,pool_peer_500ms,3,4,[4],1,101,1,"{""1"": 100, ""2"": 80, ""3"": 67, ""4"": 101}",False,9.0,-13.0,9.0,0.0,0.0,0.0,543.0,122.625,488.75,9.0,15.0,41.25,153.5,270.0,1179.0,497.75,2.0,19.0,78.0,1.0,1.0,2.0,6.0,9.0,1.0,0.0,0.0,8.0,8.0,0.1,0.09523809523809523,0.0032,0.0032,0.025,0.11363636363636363,0.8863636363636364,0.225,1.0,1.0,0.18333333333333332,0.23684210526315785,0.0
20260629_202157_89a44e2f,20260629_202157_89a44e2f_g0044,44,981905884,1,16,16,16,1,1,RED,champ_v3,0,4,[4],0,100,2,"{""1"": 100, ""2"": 80, ""3"": 67, ""4"": 101}",False,16.0,-24.0,0.0,2.0,0.0,0.0,771.0,193.0,746.875,15.0,26.0,75.0,276.5,354.375,1745.0,762.875,4.0,17.0,68.0,1.0,1.0,2.0,6.0,7.0,1.0,0.0,0.0,16.0,16.0,0.2,0.19047619047619047,0.0064,0.0064,0.05,0.22727272727272727,0.7727272727272727,0.4,1.0,1.0,0.33333333333333337,0.49473684210526314,0.0
20260629_202157_89a44e2f,20260629_202157_89a44e2f_g0044,44,981905884,1,16,16,16,1,2,BLUE,pool_heuristic,1,4,[4],0,80,3,"{""1"": 100, ""2"": 80, ""3"": 67, ""4"": 101}",False,13.0,-30.0,3.0,0.0,0.0,0.0,570.0,143.75,547.75,13.0,21.0,56.25,200.0,257.5,1946.0,560.75,4.0,17.0,68.0,1.0,1.0,2.0,6.0,7.0,1.0,0.0,1.0,16.0,16.0,0.2,0.19047619047619047,0.0064,0.0064,0.05,0.22727272727272727,0.7727272727272727,0.325,1.0,1.0,0.35833333333333334,0.4368421052631579,0.0
20260629_202157_89a44e2f,20260629_202157_89a44e2f_g0044,44,981905884,1,16,16,16,1,3,YELLOW,pool_l45_100ms,2,4,[4],0,67,4,"{""1"": 100, ""2"": 80, ""3"": 67, ""4"": 101}",False,11.0,-34.0,5.0,0.0,0.0,0.0,400.0,97.25,361.875,11.0,15.0,36.0,135.5,164.375,2116.0,372.875,4.0,17.0,68.0,1.0,1.0,2.0,6.0,7.0,1.0,0.0,0.0,16.0,16.0,0.2,0.19047619047619047,0.0064,0.0064,0.05,0.22727272727272727,0.7727272727272727,0.275,1.0,1.0,0.375,0.3526315789473684,0.0
20260629_202157_89a44e2f,20260629_202157_89a44e2f_g0044,44,981905884,1,16,16,16,1,4,GREEN,pool_peer_500ms,3,4,[4],1,101,1,"{""1"": 100, ""2"": 80, ""3"": 67, ""4"": 101}",False,16.0,-24.0,0.0,2.0,0.0,0.0,775.0,194.75,749.625,16.0,27.0,75.0,278.5,353.125,1741.0,765.625,4.0,17.0,68.0,1.0,1.0,2.0,6.0,7.0,1.0,0.0,0.0,16.0,16.0,0.2,0.19047619047619047,0.0064,0.0064,0.05,0.22727272727272727,0.7727272727272727,0.4,1.0,1.0,0.33333333333333337,0.49473684210526314,0.0
20260629_202157_89a44e2f,20260629_202157_89a44e2f_g0044,44,981905884,2,24,24,24,1,1,RED,champ_v3,0,4,[4],0,100,2,"{""1"": 100, ""2"": 80, ""3"": 67, ""4"": 101}",False,20.0,-35.0,0.0,9.0,0.0,0.0,505.0,140.0,497.625,18.0,23.0,63.0,215.5,178.125,960.0,517.625,6.0,15.0,58.0,1.0,1.0,2.0,6.0,5.0,1.0,0.0,0.0,24.0,24.0,0.3,0.2857142857142857,0.0096,0.0096,0.075,0.3409090909090909,0.6590909090909091,0.5,1.0,1.0,0.4583333333333333,0.5771929824561404,0.0
20260629_202157_89a44e2f,20260629_202157_89a44e2f_g0044,44,981905884,2,24,24,24,1,2,BLUE,pool_heuristic,1,4,[4],0,80,3,"{""1"": 100, ""2"": 80, ""3"": 67, ""4"": 101}",False,21.0,-33.0,3.0,5.0,0.0,0.0,511.0,138.0,475.5,19.0,30.0,63.75,204.0,158.75,954.0,496.5,6.0,15.0,58.0,1.0,1.0,2.0,6.0,5.0,1.0,0.0,0.0,24.0,24.0,0.3,0.2857142857142857,0.0096,0.0096,0.075,0.3409090909090909,0.6590909090909091,0.525,1.0,1.0,0.45,0.5,0.0
20260629_202157_89a44e2f,20260629_202157_89a44e2f_g0044,44,981905884,2,24,24,24,1,3,YELLOW,pool_l45_100ms,2,4,[4],0,67,4,"{""1"": 100, ""2"": 80, ""3"": 67, ""4"": 101}",False,15.0,-45.0,3.0,3.0,0.0,0.0,157.0,51.25,147.25,14.0,16.0,23.25,54.0,40.0,1308.0,162.25,6.0,15.0,58.0,1.0,1.0,2.0,6.0,5.0,0.0,0.0,0.0,24.0,24.0,0.3,0.2857142857142857,0.0096,0.0096,0.075,0.3409090909090909,0.6590909090909091,0.375,1.0,1.0,0.5,0.44561403508771935,0.0
20260629_202157_89a44e2f,20260629_202157_89a44e2f_g0044,44,981905884,2,24,24,24,1,4,GREEN,pool_peer_500ms,3,4,[4],1,101,1,"{""1"": 100, ""2"": 80, ""3"": 67, ""4"": 101}",False,19.0,-37.0,0.0,12.0,0.0,0.0,292.0,86.75,288.125,16.0,17.0,39.75,118.5,96.875,1173.0,307.125,6.0,15.0,58.0,1.0,1.0,2.0,6.0,5.0,0.0,0.0,0.0,24.0,24.0,0.3,0.2857142857142857,0.0096,0.0096,0.075,0.3409090909090909,0.6590909090909091,0.475,1.0,1.0,0.4666666666666667,0.5947368421052632,0.0
20260629_202157_89a44e2f,20260629_202157_89a44e2f_g0044,44,981905884,3,32,32,32,1,1,RED,champ_v3,0,4,[4],0,100,2,"{""1"": 100, ""2"": 80, ""3"": 67, ""4"": 101}",False,22.0,-42.0,0.0,21.0,3.0,0.0075,300.0,95.625,308.375,19.0,20.0,48.0,127.0,94.375,575.0,330.375,8.0,13.0,49.0,1.0,1.0,2.0,5.0,4.0,1.0,0.0,0.0,32.0,32.0,0.3975,0.38095238095238093,0.0128,0.0128,0.0975,0.4431818181818182,0.5568181818181818,0.55,1.0,1.0,0.5333333333333333,0.6396761133603239,0.0
20260629_202157_89a44e2f,20260629_202157_89a44e2f_g0044,44,981905884,3,32,32,32,1,2,BLUE,pool_heuristic,1,4,[4],0,80,3,"{""1"": 100, ""2"": 80, ""3"": 67, ""4"": 101}",False,26.0,-34.0,3.0,11.0,3.0,0.0075,320.0,104.875,326.25,20.0,26.0,55.5,168.5,56.25,555.0,352.25,8.0,13.0,48.0,1.0,1.0,2.0,6.0,3.0,1.0,0.0,0.0,32.0,32.0,0.3975,0.38095238095238093,0.0128,0.0128,0.1,0.45454545454545453,0.5454545454545454,0.65,1.0,1.0,0.5,0.493421052631579,0.0
20260629_202157_89a44e2f,20260629_202157_89a44e2f_g0044,44,981905884,3,32,32,32,1,3,YELLOW,pool_l45_100ms,2,4,[4],0,67,4,"{""1"": 100, ""2"": 80, ""3"": 67, ""4"": 101}",False,15.0,-56.0,3.0,6.0,3.0,0.0075,59.0,28.0,62.375,12.0,12.0,9.75,20.5,8.125,816.0,77.375,8.0,13.0,48.0,1.0,1.0,2.0,6.0,3.0,0.0,0.0,0.0,32.0,32.0,0.3975,0.38095238095238093,0.0128,0.0128,0.1,0.45454545454545453,0.5454545454545454,0.375,1.0,1.0,0.5916666666666667,0.43157894736842106,0.0
20260629_202157_89a44e2f,20260629_202157_89a44e2f_g0044,44,981905884,3,32,32,32,1,4,GREEN,pool_peer_500ms,3,4,[4],1,101,1,"{""1"": 100, ""2"": 80, ""3"": 67, ""4"": 101}",False,23.0,-40.0,0.0,27.0,3.0,0.0075,196.0,64.625,200.125,14.0,15.0,33.0,90.0,48.125,679.0,223.125,8.0,13.0,48.0,1.0,1.0,2.0,6.0,3.0,0.0,0.0,0.0,32.0,32.0,0.3975,0.38095238095238093,0.0128,0.0128,0.1,0.45454545454545453,0.5454545454545454,0.575,1.0,1.0,0.525,0.6197368421052631,0.0
20260629_202157_89a44e2f,20260629_202157_89a44e2f_g0044,44,981905884,4,40,40,40,1,1,RED,champ_v3,0,4,[4],0,100,2,"{""1"": 100, ""2"": 80, ""3"": 67, ""4"": 101}",False,28.0,-40.0,0.0,34.0,9.0,0.0225,141.0,60.375,149.0,23.0,19.0,30.75,47.5,28.75,255.0,177.0,10.0,11.0,40.0,1.0,1.0,2.0,4.0,3.0,1.0,0.0,0.0,40.0,40.0,0.4925,0.47619047619047616,0.016,0.016,0.12,0.5454545454545454,0.45454545454545453,0.7,1.0,1.0,0.5666666666666667,0.631578947368421,0.0
20260629_202157_89a44e2f,20260629_202157_89a44e2f_g0044,44,981905884,4,40,40,40,1,2,BLUE,pool_heuristic,1,4,[4],0,80,3,"{""1"": 100, ""2"": 80, ""3"": 67, ""4"": 101}",False,27.0,-42.0,3.0,18.0,9.0,0.0225,57.0,29.875,57.75,16.0,10.0,12.75,16.5,2.5,339.0,84.75,10.0,11.0,38.0,1.0,1.0,2.0,6.0,1.0,0.0,0.0,0.0,40.0,40.0,0.4925,0.47619047619047616,0.016,0.016,0.125,0.5681818181818182,0.4318181818181818,0.675,1.0,1.0,0.575,0.46947368421052627,0.0
20260629_202157_89a44e2f,20260629_202157_89a44e2f_g0044,44,981905884,4,40,40,40,1,3,YELLOW,pool_l45_100ms,2,4,[4],0,67,4,"{""1"": 100, ""2"": 80, ""3"": 67, ""4"": 101}",False,15.0,-66.0,3.0,10.0,9.0,0.0225,34.0,20.875,36.25,12.0,10.0,5.25,6.5,2.5,362.0,51.25,10.0,11.0,38.0,1.0,1.0,2.0,6.0,1.0,0.0,0.0,0.0,40.0,40.0,0.4925,0.47619047619047616,0.016,0.016,0.125,0.5681818181818182,0.4318181818181818,0.375,1.0,1.0,0.675,0.44105263157894736,0.0
20260629_202157_89a44e2f,20260629_202157_89a44e2f_g0044,44,981905884,4,40,40,40,1,4,GREEN,pool_peer_500ms,3,4,[4],1,101,1,"{""1"": 100, ""2"": 80, ""3"": 67, ""4"": 101}",False,26.0,-44.0,0.0,34.0,9.0,0.0225,164.0,58.5,163.0,16.0,17.0,32.25,74.0,23.75,232.0,189.0,10.0,11.0,39.0,1.0,1.0,2.0,5.0,2.0,0.0,0.0,0.0,40.0,40.0,0.4925,0.47619047619047616,0.016,0.016,0.1225,0.5568181818181818,0.4431818181818182,0.65,1.0,1.0,0.5833333333333333,0.6208378088077336,0.0
20260629_202157_89a44e2f,20260629_202157_89a44e2f_g0044,44,981905884,5,48,48,48,1,1,RED,champ_v3,0,4,[4],0,100,2,"{""1"": 100, ""2"": 80, ""3"": 67, ""4"": 101}",False,29.0,-39.0,0.0,42.0,20.0,0.05,47.0,31.625,55.5,19.0,12.0,10.5,6.5,7.5,84.0,84.5,12.0,9.0,31.0,1.0,1.0,2.0,3.0,2.0,1.0,0.0,0.0,48.0,48.0,0.5825,0.5714285714285714,0.0192,0.0192,0.1425,0.6477272727272727,0.3522727272727273,0.725,1.0,1.0,0.5666666666666667,0.5909510618651893,0.0
20260629_202157_89a44e2f,20260629_202157_89a44e2f_g0044,44,981905884,5,48,48,48,1,2,BLUE,pool_heuristic,1,4,[4],0,80,3,"{""1"": 100, ""2"": 80, ""3"": 67, ""4"": 101}",False,29.0,-39.0,3.0,29.0,20.0,0.05,38.0,23.5,40.75,14.0,8.0,9.75,9.0,0.0,93.0,69.75,12.0,9.0,29.0,1.0,1.0,2.0,5.0,0.0,0.0,0.0,0.0,48.0,48.0,0.5825,0.5714285714285714,0.0192,0.0192,0.1475,0.6704545454545454,0.32954545454545453,0.725,1.0,0.8,0.5666666666666667,0.45227475468331846,0.0
20260629_202157_89a44e2f,20260629_202157_89a44e2f_g0044,44,981905884,5,48,48,48,1,3,YELLOW,pool_l45_100ms,2,4,[4],0,67,4,"{""1"": 100, ""2"": 80, ""3"": 67, ""4"": 101}",False,10.0,-77.0,3.0,16.0,20.0,0.05,10.0,8.0,10.0,6.0,4.0,0.0,0.0,0.0,121.0,20.0,12.0,9.0,29.0,1.0,1.0,2.0,5.0,0.0,0.0,0.0,0.0,48.0,48.0,0.5825,0.5714285714285714,0.0192,0.0192,0.1475,0.6704545454545454,0.32954545454545453,0.25,0.7166666666666667,0.8,0.725,0.415700267618198,0.0
20260629_202157_89a44e2f,20260629_202157_89a44e2f_g0044,44,981905884,5,48,48,48,1,4,GREEN,pool_peer_500ms,3,4,[4],1,101,1,"{""1"": 100, ""2"": 80, ""3"": 67, ""4"": 101}",False,29.0,-39.0,0.0,45.0,20.0,0.05,36.0,24.0,41.25,15.0,7.0,9.75,7.0,2.5,95.0,70.25,12.0,9.0,30.0,1.0,1.0,2.0,4.0,1.0,0.0,0.0,0.0,48.0,48.0,0.5825,0.5714285714285714,0.0192,0.0192,0.145,0.6590909090909091,0.3409090909090909,0.725,1.0,1.0,0.5666666666666667,0.5989110707803993,0.0
20260629_202157_89a44e2f,20260629_202157_89a44e2f_g0044,44,981905884,6,56,56,56,1,1,RED,champ_v3,0,4,[4],0,100,2,"{""1"": 100, ""2"": 80, ""3"": 67, ""4"": 101}",False,30.0,-35.0,0.0,50.0,29.0,0.0725,40.0,28.5,50.5,17.0,11.0,7.5,10.0,5.0,43.0,80.5,14.0,7.0,24.0,1.0,1.0,1.0,2.0,2.0,1.0,0.0,0.0,56.0,56.0,0.645,0.6666666666666666,0.0224,0.0224,0.16,0.7272727272727273,0.2727272727272727,0.75,1.0,1.0,0.5416666666666667,0.591282894736842,0.0
20260629_202157_89a44e2f,20260629_202157_89a44e2f_g0044,44,981905884,6,56,56,56,1,2,BLUE,pool_heuristic,1,4,[4],0,80,3,"{""1"": 100, ""2"": 80, ""3"": 67, ""4"": 101}",False,28.0,-39.0,3.0,42.0,29.0,0.0725,22.0,17.0,23.5,13.0,4.0,4.5,2.0,0.0,61.0,51.5,14.0,7.0,21.0,1.0,1.0,2.0,3.0,0.0,0.0,0.0,0.0,56.0,56.0,0.645,0.6666666666666666,0.0224,0.0224,0.1675,0.7613636363636364,0.23863636363636365,0.7,1.0,0.8,0.5583333333333333,0.44147682639434405,0.0
20260629_202157_89a44e2f,20260629_202157_89a44e2f_g0044,44,981905884,6,56,56,56,1,3,YELLOW,pool_l45_100ms,2,4,[4],0,67,4,"{""1"": 100, ""2"": 80, ""3"": 67, ""4"": 101}",False,8.0,-79.0,3.0,27.0,29.0,0.0725,0.0,0.0,0.0,0.0,0.0,0.0,0.0,0.0,83.0,8.0,14.0,7.0,26.0,0.0,0.0,2.0,5.0,0.0,0.0,0.0,0.0,56.0,56.0,0.645,0.6666666666666666,0.0224,0.0224,0.155,0.7045454545454546,0.29545454545454547,0.2,0.55,0.8,0.725,0.42190152801358227,0.0
20260629_202157_89a44e2f,20260629_202157_89a44e2f_g0044,44,981905884,6,56,56,56,1,4,GREEN,pool_peer_500ms,3,4,[4],1,101,1,"{""1"": 100, ""2"": 80, ""3"": 67, ""4"": 101}",False,29.0,-37.0,0.0,50.0,29.0,0.0725,21.0,16.0,26.0,11.0,4.0,4.5,4.0,2.5,62.0,55.0,14.0,7.0,23.0,1.0,1.0,1.0,3.0,1.0,0.0,0.0,0.0,56.0,56.0,0.645,0.6666666666666666,0.0224,0.0224,0.1625,0.7386363636363636,0.26136363636363635,0.725,1.0,1.0,0.55,0.5757085020242916,0.0
20260629_202157_89a44e2f,20260629_202157_89a44e2f_g0044,44,981905884,7,64,64,66,3,1,RED,champ_v3,0,4,[4],0,100,2,"{""1"": 100, ""2"": 80, ""3"": 67, ""4"": 101}",False,29.0,-31.0,0.0,61.0,42.0,0.105,18.0,16.0,21.0,14.0,0.0,3.0,4.0,0.0,15.0,50.0,17.0,4.0,12.0,1.0,0.0,1.0,2.0,0.0,0.0,0.0,0.0,64.0,66.0,0.715,0.8095238095238095,0.0264,0.0256,0.19,0.8636363636363636,0.13636363636363635,0.725,0.7333333333333333,0.8,0.5,0.5664819944598338,0.0
20260629_202157_89a44e2f,20260629_202157_89a44e2f_g0044,44,981905884,7,64,64,66,3,2,BLUE,pool_heuristic,1,4,[4],0,80,3,"{""1"": 100, ""2"": 80, ""3"": 67, ""4"": 101}",False,25.0,-39.0,3.0,57.0,42.0,0.105,0.0,0.0,0.0,0.0,0.0,0.0,0.0,0.0,33.0,25.0,17.0,4.0,13.0,0.0,1.0,1.0,2.0,0.0,0.0,0.0,0.0,64.0,66.0,0.715,0.8095238095238095,0.0264,0.0256,0.1875,0.8522727272727273,0.14772727272727273,0.625,0.6833333333333333,0.8,0.5333333333333333,0.43157894736842106,0.0
20260629_202157_89a44e2f,20260629_202157_89a44e2f_g0044,44,981905884,7,64,64,66,3,3,YELLOW,pool_l45_100ms,2,4,[4],0,67,4,"{""1"": 100, ""2"": 80, ""3"": 67, ""4"": 101}",False,8.0,-73.0,3.0,34.0,42.0,0.105,0.0,0.0,0.0,0.0,0.0,0.0,0.0,0.0,33.0,8.0,14.0,7.0,26.0,0.0,0.0,2.0,5.0,0.0,0.0,0.0,0.0,64.0,66.0,0.715,0.6666666666666666,0.0264,0.0256,0.155,0.7045454545454546,0.29545454545454547,0.2,0.4166666666666667,0.8,0.675,0.42190152801358227,0.0
20260629_202157_89a44e2f,20260629_202157_89a44e2f_g0044,44,981905884,7,64,64,66,3,4,GREEN,pool_peer_500ms,3,4,[4],1,101,1,"{""1"": 100, ""2"": 80, ""3"": 67, ""4"": 101}",False,27.0,-35.0,0.0,56.0,42.0,0.105,15.0,12.5,17.0,10.0,3.0,0.0,4.0,0.0,18.0,44.0,16.0,5.0,15.0,1.0,1.0,0.0,3.0,0.0,0.0,0.0,0.0,64.0,66.0,0.715,0.7619047619047619,0.0264,0.0256,0.1825,0.8295454545454546,0.17045454545454544,0.675,0.8833333333333333,0.8,0.5166666666666667,0.5508291276135544,0.0
20260629_202157_89a44e2f,20260629_202157_89a44e2f_g0045,45,538303188,0,8,8,8,1,1,RED,pool_heuristic,0,4,[4],0,84,3,"{""1"": 84, ""2"": 64, ""3"": 88, ""4"": 103}",False,7.0,-16.0,9.0,0.0,3.0,0.0075,424.0,105.375,424.375,7.0,12.0,34.5,134.0,236.875,1413.0,431.375,2.0,19.0,78.0,1.0,1.0,2.0,6.0,9.0,1.0,1.0,1.0,8.0,8.0,0.1,0.09523809523809523,0.0032,0.0032,0.025,0.11363636363636363,0.8863636363636364,0.175,1.0,1.0,0.19166666666666668,0.22105263157894728,0.0
20260629_202157_89a44e2f,20260629_202157_89a44e2f_g0045,45,538303188,0,8,8,8,1,2,BLUE,pool_l45_100ms,1,4,[4],0,64,4,"{""1"": 84, ""2"": 64, ""3"": 88, ""4"": 103}",False,5.0,-20.0,9.0,0.0,3.0,0.0075,327.0,76.25,309.5,5.0,8.0,24.0,95.0,177.5,1510.0,314.5,2.0,19.0,78.0,1.0,1.0,2.0,6.0,9.0,1.0,1.0,0.0,8.0,8.0,0.1,0.09523809523809523,0.0032,0.0032,0.025,0.11363636363636363,0.8863636363636364,0.125,1.0,1.0,0.20833333333333334,0.15263157894736834,0.0
20260629_202157_89a44e2f,20260629_202157_89a44e2f_g0045,45,538303188,0,8,8,8,1,3,YELLOW,pool_peer_500ms,2,4,[4],0,88,2,"{""1"": 84, ""2"": 64, ""3"": 88, ""4"": 103}",False,9.0,-12.0,9.0,0.0,3.0,0.0075,543.0,122.625,488.75,9.0,15.0,41.25,153.5,270.0,1294.0,497.75,2.0,19.0,78.0,1.0,1.0,2.0,6.0,9.0,1.0,0.0,0.0,8.0,8.0,0.1,0.09523809523809523,0.0032,0.0032,0.025,0.11363636363636363,0.8863636363636364,0.225,1.0,1.0,0.175,0.23684210526315785,0.0
20260629_202157_89a44e2f,20260629_202157_89a44e2f_g0045,45,538303188,0,8,8,8,1,4,GREEN,champ_v3,3,4,[4],1,103,1,"{""1"": 84, ""2"": 64, ""3"": 88, ""4"": 103}",False,9.0,-12.0,9.0,0.0,3.0,0.0075,543.0,122.625,488.75,9.0,15.0,41.25,153.5,270.0,1294.0,497.75,2.0,19.0,78.0,1.0,1.0,2.0,6.0,9.0,1.0,0.0,0.0,8.0,8.0,0.1,0.09523809523809523,0.0032,0.0032,0.025,0.11363636363636363,0.8863636363636364,0.225,1.0,1.0,0.175,0.23684210526315785,0.0
20260629_202157_89a44e2f,20260629_202157_89a44e2f_g0045,45,538303188,1,16,16,16,1,1,RED,pool_heuristic,0,4,[4],0,84,3,"{""1"": 84, ""2"": 64, ""3"": 88, ""4"": 103}",False,14.0,-26.0,1.0,0.0,3.0,0.0075,506.0,144.375,547.375,14.0,21.0,54.75,202.0,255.625,2001.0,561.375,4.0,17.0,68.0,1.0,1.0,2.0,6.0,7.0,1.0,1.0,1.0,16.0,16.0,0.2,0.19047619047619047,0.0064,0.0064,0.05,0.22727272727272727,0.7727272727272727,0.35,1.0,1.0,0.33333333333333337,0.4631578947368421,0.0
20260629_202157_89a44e2f,20260629_202157_89a44e2f_g0045,45,538303188,1,16,16,16,1,2,BLUE,pool_l45_100ms,1,4,[4],0,64,4,"{""1"": 84, ""2"": 64, ""3"": 88, ""4"": 103}",False,9.0,-36.0,6.0,0.0,3.0,0.0075,493.0,115.75,447.25,9.0,16.0,43.5,170.0,208.75,2014.0,456.25,4.0,17.0,68.0,1.0,1.0,2.0,6.0,7.0,1.0,0.0,0.0,16.0,16.0,0.2,0.19047619047619047,0.0064,0.0064,0.05,0.22727272727272727,0.7727272727272727,0.225,1.0,1.0,0.375,0.3263157894736842,0.0
20260629_202157_89a44e2f,20260629_202157_89a44e2f_g0045,45,538303188,1,16,16,16,1,3,YELLOW,pool_peer_500ms,2,4,[4],0,88,2,"{""1"": 84, ""2"": 64, ""3"": 88, ""4"": 103}",False,16.0,-22.0,0.0,3.0,3.0,0.0075,808.0,201.375,785.125,15.0,27.0,75.75,283.0,384.375,1699.0,801.125,4.0,17.0,68.0,1.0,1.0,2.0,6.0,7.0,1.0,0.0,0.0,16.0,16.0,0.2,0.19047619047619047,0.0064,0.0064,0.05,0.22727272727272727,0.7727272727272727,0.4,1.0,1.0,0.31666666666666665,0.49473684210526314,0.0
20260629_202157_89a44e2f,20260629_202157_89a44e2f_g0045,45,538303188,1,16,16,16,1,4,GREEN,champ_v3,3,4,[4],1,103,1,"{""1"": 84, ""2"": 64, ""3"": 88, ""4"": 103}",False,15.0,-24.0,1.0,3.0,3.0,0.0075,700.0,176.375,678.625,15.0,25.0,66.75,245.0,326.875,1807.0,693.625,4.0,17.0,68.0,1.0,1.0,2.0,6.0,7.0,1.0,0.0,0.0,16.0,16.0,0.2,0.19047619047619047,0.0064,0.0064,0.05,0.22727272727272727,0.7727272727272727,0.375,1.0,1.0,0.325,0.4894736842105264,0.0
20260629_202157_89a44e2f,20260629_202157_89a44e2f_g0045,45,538303188,2,24,24,24,1,1,RED,pool_heuristic,0,4,[4],0,84,3,"{""1"": 84, ""2"": 64, ""3"": 88, ""4"": 103}",False,19.0,-32.0,1.0,2.0,6.0,0.015,349.0,113.25,394.625,17.0,20.0,48.0,166.5,143.125,1051.0,413.625,6.0,15.0,58.0,1.0,1.0,2.0,6.0,5.0,1.0,1.0,1.0,24.0,24.0,0.3,0.2857142857142857,0.0096,0.0096,0.075,0.3409090909090909,0.6590909090909091,0.475,1.0,1.0,0.425,0.5491228070175438,0.0
20260629_202157_89a44e2f,20260629_202157_89a44e2f_g0045,45,538303188,2,24,24,24,1,2,BLUE,pool_l45_100ms,1,4,[4],0,64,4,"{""1"": 84, ""2"": 64, ""3"": 88, ""4"": 103}",False,13.0,-44.0,6.0,1.0,6.0,0.015,203.0,58.25,187.25,12.0,13.0,25.5,78.0,58.75,1197.0,200.25,6.0,15.0,58.0,1.0,1.0,2.0,6.0,5.0,0.0,0.0,0.0,24.0,24.0,0.3,0.2857142857142857,0.0096,0.0096,0.075,0.3409090909090909,0.6590909090909091,0.325,1.0,1.0,0.475,0.38596491228070173,0.0
20260629_202157_89a44e2f,20260629_202157_89a44e2f_g0045,45,538303188,2,24,24,24,1,3,YELLOW,pool_peer_500ms,2,4,[4],0,88,2,"{""1"": 84, ""2"": 64, ""3"": 88, ""4"": 103}",False,16.0,-38.0,0.0,12.0,6.0,0.015,422.0,116.75,417.5,14.0,21.0,52.5,175.0,155.0,978.0,433.5,6.0,15.0,58.0,1.0,1.0,2.0,6.0,5.0,0.0,0.0,0.0,24.0,24.0,0.3,0.2857142857142857,0.0096,0.0096,0.075,0.3409090909090909,0.6590909090909091,0.4,1.0,1.0,0.45,0.5877192982456141,0.0
20260629_202157_89a44e2f,20260629_202157_89a44e2f_g0045,45,538303188,2,24,24,24,1,4,GREEN,champ_v3,3,4,[4],1,103,1,"{""1"": 84, ""2"": 64, ""3"": 88, ""4"": 103}",False,22.0,-26.0,0.0,11.0,6.0,0.015,426.0,122.5,419.875,19.0,24.0,54.75,176.5,145.625,974.0,441.875,6.0,15.0,58.0,1.0,1.0,2.0,6.0,5.0,1.0,0.0,0.0,24.0,24.0,0.3,0.2857142857142857,0.0096,0.0096,0.075,0.3409090909090909,0.6590909090909091,0.55,1.0,1.0,0.4,0.5894736842105264,0.0
20260629_202157_89a44e2f,20260629_202157_89a44e2f_g0045,45,538303188,3,32,32,32,1,1,RED,pool_heuristic,0,4,[4],0,84,3,"{""1"": 84, ""2"": 64, ""3"": 88, ""4"": 103}",False,27.0,-34.0,1.0,11.0,15.0,0.0375,180.0,71.25,193.0,22.0,20.0,36.0,85.0,30.0,633.0,220.0,8.0,13.0,48.0,1.0,1.0,2.0,6.0,3.0,1.0,1.0,0.0,32.0,32.0,0.4,0.38095238095238093,0.0128,0.0128,0.1,0.45454545454545453,0.5454545454545454,0.675,1.0,1.0,0.5083333333333333,0.5105263157894737,0.0
20260629_202157_89a44e2f,20260629_202157_89a44e2f_g0045,45,538303188,3,32,32,32,1,2,BLUE,pool_l45_100ms,1,4,[4],0,64,4,"{""1"": 84, ""2"": 64, ""3"": 88, ""4"": 103}",False,17.0,-54.0,6.0,8.0,15.0,0.0375,77.0,35.375,78.125,15.0,14.0,16.5,27.0,5.625,736.0,95.125,8.0,13.0,48.0,1.0,1.0,2.0,6.0,3.0,0.0,0.0,0.0,32.0,32.0,0.4,0.38095238095238093,0.0128,0.0128,0.1,0.45454545454545453,0.5454545454545454,0.425,1.0,1.0,0.5916666666666667,0.4078947368421053,0.0
20260629_202157_89a44e2f,20260629_202157_89a44e2f_g0045,45,538303188,3,32,32,32,1,3,YELLOW,pool_peer_500ms,2,4,[4],0,88,2,"{""1"": 84, ""2"": 64, ""3"": 88, ""4"": 103}",False,19.0,-50.0,0.0,20.0,15.0,0.0375,278.0,88.5,287.75,14.0,21.0,45.75,147.0,60.0,535.0,306.75,8.0,13.0,48.0,1.0,1.0,2.0,6.0,3.0,0.0,0.0,0.0,32.0,32.0,0.4,0.38095238095238093,0.0128,0.0128,0.1,0.45454545454545453,0.5454545454545454,0.475,1.0,1.0,0.575,0.5881578947368421,0.0
20260629_202157_89a44e2f,20260629_202157_89a44e2f_g0045,45,538303188,3,32,32,32,1,4,GREEN,champ_v3,3,4,[4],1,103,1,"{""1"": 84, ""2"": 64, ""3"": 88, ""4"": 103}",False,25.0,-38.0,0.0,18.0,15.0,0.0375,278.0,96.25,288.625,22.0,24.0,50.25,140.5,51.875,535.0,313.625,8.0,13.0,48.0,1.0,1.0,2.0,6.0,3.0,1.0,0.0,0.0,32.0,32.0,0.4,0.38095238095238093,0.0128,0.0128,0.1,0.45454545454545453,0.5454545454545454,0.625,1.0,1.0,0.525,0.618421052631579,0.0
20260629_202157_89a44e2f,20260629_202157_89a44e2f_g0045,45,538303188,4,40,40,40,1,1,RED,pool_heuristic,0,4,[4],0,84,3,"{""1"": 84, ""2"": 64, ""3"": 88, ""4"": 103}",False,26.0,-42.0,1.0,12.0,14.0,0.035,46.0,31.125,48.5,20.0,12.0,12.0,4.5,0.0,345.0,74.5,10.0,11.0,39.0,1.0,1.0,2.0,5.0,2.0,1.0,0.0,0.0,40.0,40.0,0.4875,0.47619047619047616,0.016,0.016,0.1225,0.5568181818181818,0.4431818181818182,0.65,1.0,1.0,0.5666666666666667,0.5005370569280343,0.0
20260629_202157_89a44e2f,20260629_202157_89a44e2f_g0045,45,538303188,4,40,40,40,1,2,BLUE,pool_l45_100ms,1,4,[4],0,64,4,"{""1"": 84, ""2"": 64, ""3"": 88, ""4"": 103}",False,13.0,-68.0,6.0,15.0,14.0,0.035,27.0,17.5,27.0,11.0,8.0,6.0,2.0,0.0,364.0,40.0,10.0,11.0,39.0,1.0,1.0,2.0,5.0,2.0,0.0,0.0,0.0,40.0,40.0,0.4875,0.47619047619047616,0.016,0.016,0.1225,0.5568181818181818,0.4431818181818182,0.325,0.6833333333333333,1.0,0.675,0.4113856068743287,0.0
20260629_202157_89a44e2f,20260629_202157_89a44e2f_g0045,45,538303188,4,40,40,40,1,3,YELLOW,pool_peer_500ms,2,4,[4],0,88,2,"{""1"": 84, ""2"": 64, ""3"": 88, ""4"": 103}",False,25.0,-44.0,0.0,32.0,14.0,0.035,154.0,60.625,161.75,18.0,19.0,35.25,69.5,20.0,237.0,186.75,10.0,11.0,39.0,1.0,1.0,2.0,5.0,2.0,0.0,0.0,0.0,40.0,40.0,0.4875,0.47619047619047616,0.016,0.016,0.1225,0.5568181818181818,0.4431818181818182,0.625,1.0,1.0,0.575,0.5692803437164339,0.0
20260629_202157_89a44e2f,20260629_202157_89a44e2f_g0045,45,538303188,4,40,40,40,1,4,GREEN,champ_v3,3,4,[4],1,103,1,"{""1"": 84, ""2"": 64, ""3"": 88, ""4"": 103}",False,30.0,-34.0,0.0,23.0,14.0,0.035,164.0,70.625,179.125,26.0,22.0,19.5,96.0,15.625,227.0,209.125,10.0,11.0,40.0,1.0,1.0,1.0,6.0,2.0,0.0,0.0,0.0,40.0,40.0,0.4875,0.47619047619047616,0.016,0.016,0.12,0.5454545454545454,0.45454545454545453,0.75,1.0,1.0,0.5333333333333333,0.5986842105263157,0.0
20260629_202157_89a44e2f,20260629_202157_89a44e2f_g0045,45,538303188,5,48,48,48,1,1,RED,pool_heuristic,0,4,[4],0,84,3,"{""1"": 84, ""2"": 64, ""3"": 88, ""4"": 103}",False,27.0,-37.0,1.0,25.0,23.0,0.0575,72.0,35.125,66.5,19.0,11.0,18.0,18.5,0.0,144.0,93.5,12.0,9.0,30.0,1.0,1.0,2.0,4.0,1.0,0.0,0.0,0.0,48.0,48.0,0.575,0.5714285714285714,0.0192,0.0192,0.145,0.6590909090909091,0.3409090909090909,0.675,1.0,1.0,0.5333333333333333,0.49455535390199634,0.0
20260629_202157_89a44e2f,20260629_202157_89a44e2f_g0045,45,538303188,5,48,48,48,1,2,BLUE,pool_l45_100ms,1,4,[4],0,64,4,"{""1"": 84, ""2"": 64, ""3"": 88, ""4"": 103}",False,9.0,-73.0,4.0,19.0,23.0,0.0575,10.0,8.5,10.0,7.0,3.0,0.0,0.0,0.0,206.0,19.0,12.0,9.0,32.0,1.0,1.0,1.0,4.0,2.0,0.0,0.0,0.0,48.0,48.0,0.575,0.5714285714285714,0.0192,0.0192,0.14,0.6363636363636364,0.36363636363636365,0.225,0.45,1.0,0.6833333333333333,0.4107142857142857,0.0
20260629_202157_89a44e2f,20260629_202157_89a44e2f_g0045,45,538303188,5,48,48,48,1,3,YELLOW,pool_peer_500ms,2,4,[4],0,88,2,"{""1"": 84, ""2"": 64, ""3"": 88, ""4"": 103}",False,25.0,-41.0,0.0,48.0,23.0,0.0575,56.0,28.75,61.0,14.0,9.0,13.5,17.0,7.5,160.0,86.0,12.0,9.0,30.0,1.0,1.0,2.0,4.0,1.0,0.0,0.0,0.0,48.0,48.0,0.575,0.5714285714285714,0.0192,0.0192,0.145,0.6590909090909091,0.3409090909090909,0.625,1.0,1.0,0.55,0.5753176043557169,0.0
20260629_202157_89a44e2f,20260629_202157_89a44e2f_g0045,45,538303188,5,48,48,48,1,4,GREEN,champ_v3,3,4,[4],1,103,1,"{""1"": 84, ""2"": 64, ""3"": 88, ""4"": 103}",False,30.0,-31.0,0.0,40.0,23.0,0.0575,78.0,40.875,83.5,21.0,14.0,9.0,39.5,0.0,138.0,113.5,12.0,9.0,30.0,1.0,1.0,1.0,6.0,0.0,0.0,0.0,0.0,48.0,48.0,0.575,0.5714285714285714,0.0192,0.0192,0.145,0.6590909090909091,0.3409090909090909,0.75,1.0,0.8,0.5083333333333333,0.5408348457350273,0.0
20260629_202157_89a44e2f,20260629_202157_89a44e2f_g0045,45,538303188,6,56,56,56,1,1,RED,pool_heuristic,0,4,[4],0,84,3,"{""1"": 84, ""2"": 64, ""3"": 88, ""4"": 103}",False,28.0,-35.0,1.0,37.0,26.0,0.065,33.0,24.75,34.25,18.0,8.0,8.25,0.0,0.0,72.0,62.25,14.0,7.0,22.0,1.0,1.0,2.0,2.0,1.0,0.0,0.0,0.0,56.0,56.0,0.64,0.6666666666666666,0.0224,0.0224,0.165,0.75,0.25,0.7,0.95,1.0,0.525,0.4792663476874003,0.0
20260629_202157_89a44e2f,20260629_202157_89a44e2f_g0045,45,538303188,6,56,56,56,1,2,BLUE,pool_l45_100ms,1,4,[4],0,64,4,"{""1"": 84, ""2"": 64, ""3"": 88, ""4"": 103}",False,8.0,-75.0,4.0,24.0,26.0,0.065,0.0,0.0,0.0,0.0,0.0,0.0,0.0,0.0,105.0,8.0,14.0,7.0,29.0,0.0,0.0,1.0,4.0,2.0,0.0,0.0,0.0,56.0,56.0,0.64,0.6666666666666666,0.0224,0.0224,0.1475,0.6704545454545454,0.32954545454545453,0.2,0.35,1.0,0.6916666666666667,0.4183764495985727,0.0
20260629_202157_89a44e2f,20260629_202157_89a44e2f_g0045,45,538303188,6,56,56,56,1,3,YELLOW,pool_peer_500ms,2,4,[4],0,88,2,"{""1"": 84, ""2"": 64, ""3"": 88, ""4"": 103}",False,24.0,-43.0,0.0,57.0,26.0,0.065,19.0,14.5,19.5,11.0,5.0,1.5,2.0,0.0,86.0,43.5,14.0,7.0,23.0,1.0,1.0,1.0,3.0,1.0,0.0,0.0,0.0,56.0,56.0,0.64,0.6666666666666666,0.0224,0.0224,0.1625,0.7386363636363636,0.26136363636363635,0.6,1.0,1.0,0.5583333333333333,0.5578947368421052,0.0
20260629_202157_89a44e2f,20260629_202157_89a44e2f_g0045,45,538303188,6,56,56,56,1,4,GREEN,champ_v3,3,4,[4],1,103,1,"{""1"": 84, ""2"": 64, ""3"": 88, ""4"": 103}",False,31.0,-29.0,0.0,52.0,26.0,0.065,53.0,35.0,63.5,20.0,14.0,7.5,22.0,0.0,52.0,94.5,14.0,7.0,22.0,1.0,1.0,1.0,4.0,0.0,0.0,0.0,0.0,56.0,56.0,0.64,0.6666666666666666,0.0224,0.0224,0.165,0.75,0.25,0.775,1.0,0.8,0.5,0.5191387559808612,0.0
20260629_202157_89a44e2f,20260629_202157_89a44e2f_g0045,45,538303188,7,64,64,67,4,1,RED,pool_heuristic,0,4,[4],0,84,3,"{""1"": 84, ""2"": 64, ""3"": 88, ""4"": 103}",False,23.0,-38.0,1.0,44.0,38.0,0.095,3.0,1.5,3.0,0.0,3.0,0.0,0.0,0.0,28.0,26.0,17.0,4.0,15.0,0.0,1.0,0.0,2.0,1.0,0.0,0.0,0.0,64.0,67.0,0.695,0.8095238095238095,0.0268,0.0256,0.1825,0.8295454545454546,0.17045454545454544,0.575,0.6333333333333333,1.0,0.5083333333333333,0.4671953857245854,0.0
20260629_202157_89a44e2f,20260629_202157_89a44e2f_g0045,45,538303188,7,64,64,67,4,2,BLUE,pool_l45_100ms,1,4,[4],0,64,4,"{""1"": 84, ""2"": 64, ""3"": 88, ""4"": 103}",False,8.0,-68.0,4.0,30.0,38.0,0.095,0.0,0.0,0.0,0.0,0.0,0.0,0.0,0.0,31.0,8.0,14.0,7.0,29.0,0.0,0.0,1.0,4.0,2.0,0.0,0.0,0.0,64.0,67.0,0.695,0.6666666666666666,0.0268,0.0256,0.1475,0.6704545454545454,0.32954545454545453,0.2,0.3,1.0,0.6333333333333333,0.4183764495985727,0.0
20260629_202157_89a44e2f,20260629_202157_89a44e2f_g0045,45,538303188,7,64,64,67,4,3,YELLOW,pool_peer_500ms,2,4,[4],0,88,2,"{""1"": 84, ""2"": 64, ""3"": 88, ""4"": 103}",False,25.0,-34.0,0.0,64.0,38.0,0.095,2.0,0.5,1.5,0.0,0.0,1.5,0.0,0.0,29.0,26.5,17.0,4.0,16.0,0.0,0.0,1.0,2.0,1.0,0.0,0.0,0.0,64.0,67.0,0.695,0.8095238095238095,0.0268,0.0256,0.18,0.8181818181818182,0.18181818181818182,0.625,0.85,1.0,0.4916666666666667,0.5489766081871346,0.0
20260629_202157_89a44e2f,20260629_202157_89a44e2f_g0045,45,538303188,7,64,64,67,4,4,GREEN,champ_v3,3,4,[4],1,103,1,"{""1"": 84, ""2"": 64, ""3"": 88, ""4"": 103}",False,28.0,-28.0,0.0,58.0,38.0,0.095,26.0,21.5,27.0,17.0,7.0,3.0,0.0,0.0,5.0,55.0,16.0,5.0,14.0,1.0,1.0,1.0,2.0,0.0,0.0,0.0,0.0,64.0,67.0,0.695,0.7619047619047619,0.0268,0.0256,0.185,0.8409090909090909,0.1590909090909091,0.7,0.75,0.8,0.4666666666666667,0.5,0.0
20260629_202157_89a44e2f,20260629_202157_89a44e2f_g0046,46,1701208805,0,8,8,8,1,1,RED,pool_l45_100ms,0,3,[3],0,75,4,"{""1"": 75, ""2"": 96, ""3"": 100, ""4"": 82}",False,6.0,-19.0,9.0,0.0,1.0,0.0025,388.0,90.5,366.25,6.0,10.0,28.5,113.0,208.75,1566.0,372.25,2.0,19.0,78.0,1.0,1.0,2.0,6.0,9.0,1.0,1.0,0.0,8.0,8.0,0.1,0.09523809523809523,0.0032,0.0032,0.025,0.11363636363636363,0.8863636363636364,0.15,1.0,1.0,0.20833333333333334,0.20526315789473681,0.0
20260629_202157_89a44e2f,20260629_202157_89a44e2f_g0046,46,1701208805,0,8,8,8,1,2,BLUE,pool_peer_500ms,1,3,[3],0,96,2,"{""1"": 75, ""2"": 96, ""3"": 100, ""4"": 82}",False,9.0,-13.0,9.0,0.0,1.0,0.0025,543.0,122.625,488.75,9.0,15.0,41.25,153.5,270.0,1411.0,497.75,2.0,19.0,78.0,1.0,1.0,2.0,6.0,9.0,1.0,0.0,0.0,8.0,8.0,0.1,0.09523809523809523,0.0032,0.0032,0.025,0.11363636363636363,0.8863636363636364,0.225,1.0,1.0,0.18333333333333332,0.23684210526315785,0.0
20260629_202157_89a44e2f,20260629_202157_89a44e2f_g0046,46,1701208805,0,8,8,8,1,3,YELLOW,champ_v3,2,3,[3],1,100,1,"{""1"": 75, ""2"": 96, ""3"": 100, ""4"": 82}",False,9.0,-13.0,9.0,0.0,1.0,0.0025,543.0,122.625,488.75,9.0,15.0,41.25,153.5,270.0,1411.0,497.75,2.0,19.0,78.0,1.0,1.0,2.0,6.0,9.0,1.0,0.0,0.0,8.0,8.0,0.1,0.09523809523809523,0.0032,0.0032,0.025,0.11363636363636363,0.8863636363636364,0.225,1.0,1.0,0.18333333333333332,0.23684210526315785,0.0
20260629_202157_89a44e2f,20260629_202157_89a44e2f_g0046,46,1701208805,0,8,8,8,1,4,GREEN,pool_heuristic,3,3,[3],0,82,3,"{""1"": 75, ""2"": 96, ""3"": 100, ""4"": 82}",False,7.0,-17.0,9.0,0.0,1.0,0.0025,480.0,122.125,499.0,7.0,13.0,38.25,154.5,286.25,1474.0,506.0,2.0,19.0,78.0,1.0,1.0,2.0,6.0,9.0,1.0,1.0,1.0,8.0,8.0,0.1,0.09523809523809523,0.0032,0.0032,0.025,0.11363636363636363,0.8863636363636364,0.175,1.0,1.0,0.2,0.2578947368421053,0.0
20260629_202157_89a44e2f,20260629_202157_89a44e2f_g0046,46,1701208805,1,16,16,16,1,1,RED,pool_l45_100ms,0,3,[3],0,75,4,"{""1"": 75, ""2"": 96, ""3"": 100, ""4"": 82}",False,10.0,-34.0,7.0,0.0,1.0,0.0025,430.0,102.75,387.375,10.0,16.0,39.0,145.5,176.875,1994.0,397.375,4.0,17.0,68.0,1.0,1.0,2.0,6.0,7.0,1.0,0.0,0.0,16.0,16.0,0.2,0.19047619047619047,0.0064,0.0064,0.05,0.22727272727272727,0.7727272727272727,0.25,1.0,1.0,0.36666666666666664,0.3236842105263158,0.0
20260629_202157_89a44e2f,20260629_202157_89a44e2f_g0046,46,1701208805,1,16,16,16,1,2,BLUE,pool_peer_500ms,1,3,[3],0,96,2,"{""1"": 75, ""2"": 96, ""3"": 100, ""4"": 82}",False,16.0,-22.0,0.0,2.0,1.0,0.0025,721.0,179.875,699.375,14.0,24.0,67.5,252.0,341.875,1703.0,715.375,4.0,17.0,68.0,1.0,1.0,2.0,6.0,7.0,1.0,0.0,0.0,16.0,16.0,0.2,0.19047619047619047,0.0064,0.0064,0.05,0.22727272727272727,0.7727272727272727,0.4,1.0,1.0,0.31666666666666665,0.49473684210526314,0.0
20260629_202157_89a44e2f,20260629_202157_89a44e2f_g0046,46,1701208805,1,16,16,16,1,3,YELLOW,champ_v3,2,3,[3],1,100,1,"{""1"": 75, ""2"": 96, ""3"": 100, ""4"": 82}",False,15.0,-24.0,1.0,2.0,1.0,0.0025,796.0,198.375,768.75,15.0,27.0,77.25,284.5,365.0,1628.0,783.75,4.0,17.0,68.0,1.0,1.0,2.0,6.0,7.0,1.0,0.0,0.0,16.0,16.0,0.2,0.19047619047619047,0.0064,0.0064,0.05,0.22727272727272727,0.7727272727272727,0.375,1.0,1.0,0.325,0.4894736842105264,0.0
20260629_202157_89a44e2f,20260629_202157_89a44e2f_g0046,46,1701208805,1,16,16,16,1,4,GREEN,pool_heuristic,3,3,[3],0,82,3,"{""1"": 75, ""2"": 96, ""3"": 100, ""4"": 82}",False,13.0,-28.0,4.0,0.0,1.0,0.0025,477.0,134.25,509.0,13.0,20.0,50.25,187.0,238.75,1947.0,522.0,4.0,17.0,68.0,1.0,1.0,2.0,6.0,7.0,1.0,1.0,1.0,16.0,16.0,0.2,0.19047619047619047,0.0064,0.0064,0.05,0.22727272727272727,0.7727272727272727,0.325,1.0,1.0,0.3416666666666667,0.4342105263157895,0.0
20260629_202157_89a44e2f,20260629_202157_89a44e2f_g0046,46,1701208805,2,24,24,24,1,1,RED,pool_l45_100ms,0,3,[3],0,75,4,"{""1"": 75, ""2"": 96, ""3"": 100, ""4"": 82}",False,14.0,-47.0,6.0,5.0,2.0,0.005,225.0,65.25,207.125,13.0,16.0,30.75,90.5,56.875,1414.0,221.125,6.0,15.0,58.0,1.0,1.0,2.0,6.0,5.0,0.0,0.0,0.0,24.0,24.0,0.295,0.2857142857142857,0.0096,0.0096,0.075,0.3409090909090909,0.6590909090909091,0.35,1.0,1.0,0.5083333333333333,0.4017543859649123,0.0
20260629_202157_89a44e2f,20260629_202157_89a44e2f_g0046,46,1701208805,2,24,24,24,1,2,BLUE,pool_peer_500ms,1,3,[3],0,96,2,"{""1"": 75, ""2"": 96, ""3"": 100, ""4"": 82}",False,21.0,-33.0,0.0,10.0,2.0,0.005,523.0,146.125,522.5,18.0,28.0,69.75,190.5,216.25,1116.0,543.5,6.0,15.0,59.0,1.0,1.0,2.0,5.0,6.0,1.0,0.0,0.0,24.0,24.0,0.295,0.2857142857142857,0.0096,0.0096,0.0725,0.32954545454545453,0.6704545454545454,0.525,1.0,1.0,0.45,0.5535390199637024,0.0
20260629_202157_89a44e2f,20260629_202157_89a44e2f_g0046,46,1701208805,2,24,24,24,1,3,YELLOW,champ_v3,2,3,[3],1,100,1,"{""1"": 75, ""2"": 96, ""3"": 100, ""4"": 82}",False,21.0,-33.0,0.0,10.0,2.0,0.005,463.0,127.5,447.0,18.0,26.0,60.0,158.0,185.0,1176.0,468.0,6.0,15.0,59.0,1.0,1.0,2.0,5.0,6.0,1.0,0.0,0.0,24.0,24.0,0.295,0.2857142857142857,0.0096,0.0096,0.0725,0.32954545454545453,0.6704545454545454,0.525,1.0,1.0,0.45,0.6007259528130671,0.0
20260629_202157_89a44e2f,20260629_202157_89a44e2f_g0046,46,1701208805,2,24,24,24,1,4,GREEN,pool_heuristic,3,3,[3],0,82,3,"{""1"": 75, ""2"": 96, ""3"": 100, ""4"": 82}",False,19.0,-37.0,3.0,6.0,2.0,0.005,428.0,129.125,446.125,19.0,26.0,57.0,186.0,158.125,1211.0,465.125,6.0,15.0,58.0,1.0,1.0,2.0,6.0,5.0,0.0,1.0,1.0,24.0,24.0,0.295,0.2857142857142857,0.0096,0.0096,0.075,0.3409090909090909,0.6590909090909091,0.475,1.0,1.0,0.4666666666666667,0.5333333333333333,0.0
20260629_202157_89a44e2f,20260629_202157_89a44e2f_g0046,46,1701208805,3,32,32,32,1,1,RED,pool_l45_100ms,0,3,[3],0,75,4,"{""1"": 75, ""2"": 96, ""3"": 100, ""4"": 82}",False,17.0,-56.0,6.0,5.0,6.0,0.015,100.0,40.0,96.25,15.0,15.0,17.25,39.0,10.0,641.0,113.25,8.0,13.0,48.0,1.0,1.0,2.0,6.0,3.0,0.0,0.0,0.0,32.0,32.0,0.3925,0.38095238095238093,0.0128,0.0128,0.1,0.45454545454545453,0.5454545454545454,0.425,1.0,1.0,0.6083333333333333,0.41315789473684206,0.0
20260629_202157_89a44e2f,20260629_202157_89a44e2f_g0046,46,1701208805,3,32,32,32,1,2,BLUE,pool_peer_500ms,1,3,[3],0,96,2,"{""1"": 75, ""2"": 96, ""3"": 100, ""4"": 82}",False,24.0,-42.0,0.0,18.0,6.0,0.015,255.0,84.875,261.25,19.0,21.0,45.75,100.5,75.0,486.0,285.25,8.0,13.0,49.0,1.0,1.0,2.0,5.0,4.0,0.0,0.0,0.0,32.0,32.0,0.3925,0.38095238095238093,0.0128,0.0128,0.0975,0.4431818181818182,0.5568181818181818,0.6,1.0,1.0,0.55,0.573549257759784,0.0
20260629_202157_89a44e2f,20260629_202157_89a44e2f_g0046,46,1701208805,3,32,32,32,1,3,YELLOW,champ_v3,2,3,[3],1,100,1,"{""1"": 75, ""2"": 96, ""3"": 100, ""4"": 82}",False,25.0,-40.0,0.0,17.0,6.0,0.015,249.0,82.375,248.25,20.0,23.0,44.25,78.5,82.5,492.0,273.25,8.0,13.0,50.0,1.0,1.0,2.0,4.0,5.0,1.0,0.0,0.0,32.0,32.0,0.3925,0.38095238095238093,0.0128,0.0128,0.095,0.4318181818181818,0.5681818181818182,0.625,1.0,1.0,0.5416666666666667,0.6163434903047091,0.0
20260629_202157_89a44e2f,20260629_202157_89a44e2f_g0046,46,1701208805,3,32,32,32,1,4,GREEN,pool_heuristic,3,3,[3],0,82,3,"{""1"": 75, ""2"": 96, ""3"": 100, ""4"": 82}",False,24.0,-42.0,3.0,8.0,6.0,0.015,137.0,61.5,146.75,23.0,24.0,27.75,57.0,15.0,604.0,170.75,8.0,13.0,48.0,1.0,1.0,2.0,6.0,3.0,0.0,1.0,1.0,32.0,32.0,0.3925,0.38095238095238093,0.0128,0.0128,0.1,0.45454545454545453,0.5454545454545454,0.6,1.0,1.0,0.55,0.5118421052631579,0.0
20260629_202157_89a44e2f,20260629_202157_89a44e2f_g0046,46,1701208805,4,40,40,40,1,1,RED,pool_l45_100ms,0,3,[3],0,75,4,"{""1"": 75, ""2"": 96, ""3"": 100, ""4"": 82}",False,13.0,-64.0,6.0,10.0,7.0,0.0175,29.0,17.75,30.75,10.0,8.0,6.75,6.0,0.0,303.0,43.75,10.0,11.0,38.0,1.0,1.0,2.0,6.0,1.0,0.0,0.0,0.0,40.0,40.0,0.485,0.47619047619047616,0.016,0.016,0.125,0.5681818181818182,0.4318181818181818,0.325,0.85,1.0,0.6416666666666667,0.41263157894736846,0.0
20260629_202157_89a44e2f,20260629_202157_89a44e2f_g0046,46,1701208805,4,40,40,40,1,2,BLUE,pool_peer_500ms,1,3,[3],0,96,2,"{""1"": 75, ""2"": 96, ""3"": 100, ""4"": 82}",False,25.0,-40.0,0.0,28.0,7.0,0.0175,161.0,61.125,158.625,21.0,18.0,34.5,52.0,33.125,171.0,183.625,10.0,11.0,40.0,1.0,1.0,2.0,4.0,3.0,0.0,0.0,0.0,40.0,40.0,0.485,0.47619047619047616,0.016,0.016,0.12,0.5454545454545454,0.45454545454545453,0.625,1.0,1.0,0.5416666666666667,0.6041666666666667,0.0
20260629_202157_89a44e2f,20260629_202157_89a44e2f_g0046,46,1701208805,4,40,40,40,1,3,YELLOW,champ_v3,2,3,[3],1,100,1,"{""1"": 75, ""2"": 96, ""3"": 100, ""4"": 82}",False,28.0,-34.0,0.0,25.0,7.0,0.0175,89.0,44.125,94.875,21.0,16.0,19.5,19.0,19.375,243.0,122.875,10.0,11.0,41.0,1.0,1.0,2.0,3.0,4.0,0.0,0.0,0.0,40.0,40.0,0.485,0.47619047619047616,0.016,0.016,0.1175,0.5340909090909091,0.4659090909090909,0.7,1.0,1.0,0.5166666666666667,0.6091825307950728,0.0
20260629_202157_89a44e2f,20260629_202157_89a44e2f_g0046,46,1701208805,4,40,40,40,1,4,GREEN,pool_heuristic,3,3,[3],0,82,3,"{""1"": 75, ""2"": 96, ""3"": 100, ""4"": 82}",False,24.0,-42.0,3.0,16.0,7.0,0.0175,53.0,32.25,55.0,19.0,13.0,12.0,11.0,0.0,279.0,79.0,10.0,11.0,39.0,1.0,1.0,2.0,5.0,2.0,0.0,0.0,1.0,40.0,40.0,0.485,0.47619047619047616,0.016,0.016,0.1225,0.5568181818181818,0.4431818181818182,0.6,1.0,1.0,0.55,0.4822771213748658,0.0
20260629_202157_89a44e2f,20260629_202157_89a44e2f_g0046,46,1701208805,5,48,48,48,1,1,RED,pool_l45_100ms,0,3,[3],0,75,4,"{""1"": 75, ""2"": 96, ""3"": 100, ""4"": 82}",False,13.0,-65.0,6.0,25.0,12.0,0.03,24.0,14.75,24.75,9.0,6.0,3.75,6.0,0.0,204.0,37.75,12.0,9.0,29.0,1.0,1.0,2.0,5.0,0.0,0.0,0.0,0.0,48.0,48.0,0.575,0.5714285714285714,0.0192,0.0192,0.1475,0.6704545454545454,0.32954545454545453,0.325,1.0,0.8,0.65,0.37912578055307755,0.0
20260629_202157_89a44e2f,20260629_202157_89a44e2f_g0046,46,1701208805,5,48,48,48,1,2,BLUE,pool_peer_500ms,1,3,[3],0,96,2,"{""1"": 75, ""2"": 96, ""3"": 100, ""4"": 82}",False,28.0,-35.0,0.0,47.0,12.0,0.03,97.0,44.375,102.0,19.0,14.0,24.75,25.5,18.75,131.0,130.0,12.0,9.0,31.0,1.0,1.0,2.0,3.0,2.0,0.0,0.0,0.0,48.0,48.0,0.575,0.5714285714285714,0.0192,0.0192,0.1425,0.6477272727272727,0.3522727272727273,0.7,1.0,1.0,0.525,0.6075715604801477,0.0
20260629_202157_89a44e2f,20260629_202157_89a44e2f_g0046,46,1701208805,5,48,48,48,1,3,YELLOW,champ_v3,2,3,[3],1,100,1,"{""1"": 75, ""2"": 96, ""3"": 100, ""4"": 82}",False,25.0,-41.0,0.0,32.0,12.0,0.03,61.0,33.875,65.625,18.0,13.0,15.0,9.0,10.625,167.0,90.625,12.0,9.0,32.0,1.0,1.0,2.0,2.0,3.0,0.0,0.0,0.0,48.0,48.0,0.575,0.5714285714285714,0.0192,0.0192,0.14,0.6363636363636364,0.36363636363636365,0.625,1.0,1.0,0.55,0.6005639097744361,0.0
20260629_202157_89a44e2f,20260629_202157_89a44e2f_g0046,46,1701208805,5,48,48,48,1,4,GREEN,pool_heuristic,3,3,[3],0,82,3,"{""1"": 75, ""2"": 96, ""3"": 100, ""4"": 82}",False,25.0,-41.0,3.0,30.0,12.0,0.03,46.0,29.0,45.0,19.0,11.0,9.0,6.0,0.0,182.0,70.0,12.0,9.0,30.0,1.0,1.0,2.0,4.0,1.0,0.0,0.0,1.0,48.0,48.0,0.575,0.5714285714285714,0.0192,0.0192,0.145,0.6590909090909091,0.3409090909090909,0.625,1.0,1.0,0.55,0.45735027223230496,0.0
20260629_202157_89a44e2f,20260629_202157_89a44e2f_g0046,46,1701208805,6,56,56,56,1,1,RED,pool_l45_100ms,0,3,[3],0,75,4,"{""1"": 75, ""2"": 96, ""3"": 100, ""4"": 82}",False,11.0,-61.0,6.0,36.0,26.0,0.065,9.0,7.5,9.0,6.0,3.0,0.0,0.0,0.0,60.0,20.0,14.0,7.0,21.0,1.0,1.0,2.0,3.0,0.0,0.0,0.0,0.0,56.0,56.0,0.6575,0.6666666666666666,0.0224,0.0224,0.1675,0.7613636363636364,0.23863636363636365,0.275,0.45,0.8,0.6,0.3809897879025923,0.0
20260629_202157_89a44e2f,20260629_202157_89a44e2f_g0046,46,1701208805,6,56,56,56,1,2,BLUE,pool_peer_500ms,1,3,[3],0,96,2,"{""1"": 75, ""2"": 96, ""3"": 100, ""4"": 82}",False,25.0,-33.0,0.0,57.0,26.0,0.065,21.0,18.0,22.5,15.0,4.0,1.5,2.0,0.0,48.0,47.5,14.0,7.0,21.0,1.0,1.0,2.0,3.0,0.0,0.0,0.0,0.0,56.0,56.0,0.6575,0.6666666666666666,0.0224,0.0224,0.1675,0.7613636363636364,0.23863636363636365,0.625,1.0,0.8,0.4833333333333333,0.5773762765121759,0.0
20260629_202157_89a44e2f,20260629_202157_89a44e2f_g0046,46,1701208805,6,56,56,56,1,3,YELLOW,champ_v3,2,3,[3],1,100,1,"{""1"": 75, ""2"": 96, ""3"": 100, ""4"": 82}",False,23.0,-37.0,0.0,40.0,26.0,0.065,18.0,14.25,17.25,13.0,0.0,2.25,2.0,0.0,51.0,40.25,14.0,7.0,25.0,1.0,0.0,2.0,2.0,2.0,0.0,0.0,0.0,56.0,56.0,0.6575,0.6666666666666666,0.0224,0.0224,0.1575,0.7159090909090909,0.2840909090909091,0.575,0.8833333333333333,1.0,0.5,0.5797827903091062,0.0
20260629_202157_89a44e2f,20260629_202157_89a44e2f_g0046,46,1701208805,6,56,56,56,1,4,GREEN,pool_heuristic,3,3,[3],0,82,3,"{""1"": 75, ""2"": 96, ""3"": 100, ""4"": 82}",False,24.0,-35.0,3.0,37.0,26.0,0.065,21.0,18.25,20.75,16.0,4.0,0.75,0.0,0.0,48.0,44.75,14.0,7.0,22.0,1.0,1.0,2.0,2.0,1.0,0.0,0.0,1.0,56.0,56.0,0.6575,0.6666666666666666,0.0224,0.0224,0.165,0.75,0.25,0.6,0.9166666666666666,1.0,0.4916666666666667,0.4465709728867623,0.0
20260629_202157_89a44e2f,20260629_202157_89a44e2f_g0046,46,1701208805,7,64,64,64,1,1,RED,pool_l45_100ms,0,3,[3],0,75,4,"{""1"": 75, ""2"": 96, ""3"": 100, ""4"": 82}",False,7.0,-64.0,6.0,39.0,33.0,0.0825,0.0,0.0,0.0,0.0,0.0,0.0,0.0,0.0,26.0,7.0,16.0,5.0,18.0,0.0,0.0,2.0,3.0,0.0,0.0,0.0,0.0,64.0,64.0,0.71,0.7619047619047619,0.0256,0.0256,0.175,0.7954545454545454,0.20454545454545456,0.175,0.18333333333333332,0.8,0.5916666666666667,0.3789473684210526,0.0
20260629_202157_89a44e2f,20260629_202157_89a44e2f_g0046,46,1701208805,7,64,64,64,1,2,BLUE,pool_peer_500ms,1,3,[3],0,96,2,"{""1"": 75, ""2"": 96, ""3"": 100, ""4"": 82}",False,23.0,-32.0,0.0,61.0,33.0,0.0825,5.0,2.25,4.75,0.0,4.0,0.75,0.0,0.0,21.0,27.75,16.0,5.0,16.0,0.0,1.0,2.0,2.0,0.0,0.0,0.0,0.0,64.0,64.0,0.71,0.7619047619047619,0.0256,0.0256,0.18,0.8181818181818182,0.18181818181818182,0.575,0.7333333333333333,0.8,0.4583333333333333,0.5687134502923976,0.0
20260629_202157_89a44e2f,20260629_202157_89a44e2f_g0046,46,1701208805,7,64,64,64,1,3,YELLOW,champ_v3,2,3,[3],1,100,1,"{""1"": 75, ""2"": 96, ""3"": 100, ""4"": 82}",False,24.0,-30.0,0.0,55.0,33.0,0.0825,16.0,14.0,16.0,13.0,0.0,3.0,0.0,0.0,10.0,40.0,16.0,5.0,16.0,1.0,0.0,2.0,1.0,1.0,0.0,0.0,0.0,64.0,64.0,0.71,0.7619047619047619,0.0256,0.0256,0.18,0.8181818181818182,0.18181818181818182,0.6,0.7666666666666667,1.0,0.45,0.5409356725146199,0.0
20260629_202157_89a44e2f,20260629_202157_89a44e2f_g0046,46,1701208805,7,64,64,64,1,4,GREEN,pool_heuristic,3,3,[3],0,82,3,"{""1"": 75, ""2"": 96, ""3"": 100, ""4"": 82}",False,24.0,-30.0,2.0,57.0,33.0,0.0825,5.0,2.5,5.5,0.0,4.0,1.5,0.0,0.0,21.0,29.5,16.0,5.0,18.0,0.0,1.0,1.0,2.0,1.0,0.0,0.0,1.0,64.0,64.0,0.71,0.7619047619047619,0.0256,0.0256,0.175,0.7954545454545454,0.20454545454545456,0.6,0.7,1.0,0.45,0.4586466165413533,0.0
20260629_202157_89a44e2f,20260629_202157_89a44e2f_g0047,47,1586076854,0,8,8,8,1,1,RED,pool_peer_500ms,0,2,[2],0,91,2,"{""1"": 91, ""2"": 94, ""3"": 71, ""4"": 64}",False,9.0,-14.0,9.0,0.0,0.0,0.0,543.0,122.625,488.75,9.0,15.0,41.25,153.5,270.0,1402.0,497.75,2.0,19.0,78.0,1.0,1.0,2.0,6.0,9.0,1.0,0.0,0.0,8.0,8.0,0.1,0.09523809523809523,0.0032,0.0032,0.025,0.11363636363636363,0.8863636363636364,0.225,1.0,1.0,0.19166666666666668,0.23684210526315785,0.0
20260629_202157_89a44e2f,20260629_202157_89a44e2f_g0047,47,1586076854,0,8,8,8,1,2,BLUE,champ_v3,1,2,[2],1,94,1,"{""1"": 91, ""2"": 94, ""3"": 71, ""4"": 64}",False,9.0,-14.0,9.0,0.0,0.0,0.0,543.0,122.625,488.75,9.0,15.0,41.25,153.5,270.0,1402.0,497.75,2.0,19.0,78.0,1.0,1.0,2.0,6.0,9.0,1.0,0.0,0.0,8.0,8.0,0.1,0.09523809523809523,0.0032,0.0032,0.025,0.11363636363636363,0.8863636363636364,0.225,1.0,1.0,0.19166666666666668,0.23684210526315785,0.0
20260629_202157_89a44e2f,20260629_202157_89a44e2f_g0047,47,1586076854,0,8,8,8,1,3,YELLOW,pool_heuristic,2,2,[2],0,71,3,"{""1"": 91, ""2"": 94, ""3"": 71, ""4"": 64}",False,7.0,-18.0,9.0,0.0,0.0,0.0,415.0,106.875,432.125,7.0,12.0,34.5,133.0,245.625,1530.0,439.125,2.0,19.0,78.0,1.0,1.0,2.0,6.0,9.0,1.0,1.0,1.0,8.0,8.0,0.1,0.09523809523809523,0.0032,0.0032,0.025,0.11363636363636363,0.8863636363636364,0.175,1.0,1.0,0.20833333333333334,0.2421052631578947,0.0
20260629_202157_89a44e2f,20260629_202157_89a44e2f_g0047,47,1586076854,0,8,8,8,1,4,GREEN,pool_l45_100ms,3,2,[2],0,64,4,"{""1"": 91, ""2"": 94, ""3"": 71, ""4"": 64}",False,7.0,-18.0,9.0,0.0,0.0,0.0,444.0,103.25,415.125,7.0,12.0,33.75,130.5,231.875,1501.0,422.125,2.0,19.0,78.0,1.0,1.0,2.0,6.0,9.0,1.0,1.0,0.0,8.0,8.0,0.1,0.09523809523809523,0.0032,0.0032,0.025,0.11363636363636363,0.8863636363636364,0.175,1.0,1.0,0.20833333333333334,0.20526315789473681,0.0
20260629_202157_89a44e2f,20260629_202157_89a44e2f_g0047,47,1586076854,1,16,16,16,1,1,RED,pool_peer_500ms,0,2,[2],0,91,2,"{""1"": 91, ""2"": 94, ""3"": 71, ""4"": 64}",False,16.0,-21.0,0.0,2.0,4.0,0.01,681.0,170.625,660.0,14.0,23.0,64.5,238.5,320.0,1806.0,676.0,4.0,17.0,68.0,1.0,1.0,2.0,6.0,7.0,1.0,0.0,0.0,16.0,16.0,0.2,0.19047619047619047,0.0064,0.0064,0.05,0.22727272727272727,0.7727272727272727,0.4,1.0,1.0,0.30833333333333335,0.49473684210526314,0.0
20260629_202157_89a44e2f,20260629_202157_89a44e2f_g0047,47,1586076854,1,16,16,16,1,2,BLUE,champ_v3,1,2,[2],1,94,1,"{""1"": 91, ""2"": 94, ""3"": 71, ""4"": 64}",False,15.0,-23.0,1.0,2.0,4.0,0.01,715.0,180.875,695.5,15.0,26.0,70.5,251.5,332.5,1772.0,710.5,4.0,17.0,68.0,1.0,1.0,2.0,6.0,7.0,1.0,0.0,0.0,16.0,16.0,0.2,0.19047619047619047,0.0064,0.0064,0.05,0.22727272727272727,0.7727272727272727,0.375,1.0,1.0,0.31666666666666665,0.4894736842105264,0.0
20260629_202157_89a44e2f,20260629_202157_89a44e2f_g0047,47,1586076854,1,16,16,16,1,3,YELLOW,pool_heuristic,2,2,[2],0,71,3,"{""1"": 91, ""2"": 94, ""3"": 71, ""4"": 64}",False,12.0,-29.0,2.0,0.0,4.0,0.01,585.0,162.625,636.75,12.0,21.0,60.0,227.5,316.25,1902.0,648.75,4.0,17.0,68.0,1.0,1.0,2.0,6.0,7.0,1.0,1.0,1.0,16.0,16.0,0.2,0.19047619047619047,0.0064,0.0064,0.05,0.22727272727272727,0.7727272727272727,0.3,1.0,1.0,0.3416666666666667,0.4736842105263158,0.0
20260629_202157_89a44e2f,20260629_202157_89a44e2f_g0047,47,1586076854,1,16,16,16,1,4,GREEN,pool_l45_100ms,3,2,[2],0,64,4,"{""1"": 91, ""2"": 94, ""3"": 71, ""4"": 64}",False,10.0,-33.0,7.0,0.0,4.0,0.01,506.0,118.375,453.875,10.0,17.0,45.0,170.0,211.875,1981.0,463.875,4.0,17.0,68.0,1.0,1.0,2.0,6.0,7.0,1.0,0.0,0.0,16.0,16.0,0.2,0.19047619047619047,0.0064,0.0064,0.05,0.22727272727272727,0.7727272727272727,0.25,1.0,1.0,0.35833333333333334,0.3131578947368421,0.0
20260629_202157_89a44e2f,20260629_202157_89a44e2f_g0047,47,1586076854,2,24,24,24,1,1,RED,pool_peer_500ms,0,2,[2],0,91,2,"{""1"": 91, ""2"": 94, ""3"": 71, ""4"": 64}",False,20.0,-30.0,0.0,11.0,6.0,0.015,413.0,116.5,407.875,16.0,22.0,52.5,170.5,146.875,1176.0,427.875,6.0,15.0,58.0,1.0,1.0,2.0,6.0,5.0,0.0,0.0,0.0,24.0,24.0,0.3,0.2857142857142857,0.0096,0.0096,0.075,0.3409090909090909,0.6590909090909091,0.5,1.0,1.0,0.4166666666666667,0.5859649122807018,0.0
20260629_202157_89a44e2f,20260629_202157_89a44e2f_g0047,47,1586076854,2,24,24,24,1,2,BLUE,champ_v3,1,2,[2],1,94,1,"{""1"": 91, ""2"": 94, ""3"": 71, ""4"": 64}",False,19.0,-32.0,1.0,12.0,6.0,0.015,575.0,158.75,573.5,18.0,28.0,69.0,241.0,217.5,1014.0,592.5,6.0,15.0,58.0,1.0,1.0,2.0,6.0,5.0,1.0,0.0,0.0,24.0,24.0,0.3,0.2857142857142857,0.0096,0.0096,0.075,0.3409090909090909,0.6590909090909091,0.475,1.0,1.0,0.425,0.5771929824561404,0.0
20260629_202157_89a44e2f,20260629_202157_89a44e2f_g0047,47,1586076854,2,24,24,24,1,3,YELLOW,pool_heuristic,2,2,[2],0,71,3,"{""1"": 91, ""2"": 94, ""3"": 71, ""4"": 64}",False,18.0,-34.0,2.0,8.0,6.0,0.015,392.0,122.25,424.125,16.0,25.0,57.0,190.5,135.625,1197.0,442.125,6.0,15.0,58.0,1.0,1.0,2.0,6.0,5.0,1.0,0.0,1.0,24.0,24.0,0.3,0.2857142857142857,0.0096,0.0096,0.075,0.3409090909090909,0.6590909090909091,0.45,1.0,1.0,0.4333333333333333,0.5298245614035088,0.0
20260629_202157_89a44e2f,20260629_202157_89a44e2f_g0047,47,1586076854,2,24,24,24,1,4,GREEN,pool_l45_100ms,3,2,[2],0,64,4,"{""1"": 91, ""2"": 94, ""3"": 71, ""4"": 64}",False,13.0,-44.0,3.0,3.0,6.0,0.015,209.0,56.125,184.25,10.0,13.0,25.5,79.5,56.25,1380.0,197.25,6.0,15.0,58.0,1.0,1.0,2.0,6.0,5.0,0.0,0.0,0.0,24.0,24.0,0.3,0.2857142857142857,0.0096,0.0096,0.075,0.3409090909090909,0.6590909090909091,0.325,1.0,1.0,0.475,0.42105263157894735,0.0
20260629_202157_89a44e2f,20260629_202157_89a44e2f_g0047,47,1586076854,3,32,32,32,1,1,RED,pool_peer_500ms,0,2,[2],0,91,2,"{""1"": 91, ""2"": 94, ""3"": 71, ""4"": 64}",False,25.0,-34.0,0.0,20.0,19.0,0.0475,268.0,82.375,261.125,17.0,19.0,42.75,103.0,79.375,633.0,286.125,8.0,13.0,49.0,1.0,1.0,2.0,5.0,4.0,0.0,0.0,0.0,32.0,32.0,0.395,0.38095238095238093,0.0128,0.0128,0.0975,0.4431818181818182,0.5568181818181818,0.625,1.0,1.0,0.4916666666666667,0.592442645074224,0.0
20260629_202157_89a44e2f,20260629_202157_89a44e2f_g0047,47,1586076854,3,32,32,32,1,2,BLUE,champ_v3,1,2,[2],1,94,1,"{""1"": 91, ""2"": 94, ""3"": 71, ""4"": 64}",False,26.0,-32.0,1.0,21.0,19.0,0.0475,361.0,123.25,410.25,20.0,27.0,64.5,170.0,128.75,540.0,436.25,8.0,13.0,49.0,1.0,1.0,2.0,5.0,4.0,1.0,0.0,0.0,32.0,32.0,0.395,0.38095238095238093,0.0128,0.0128,0.0975,0.4431818181818182,0.5568181818181818,0.65,1.0,1.0,0.4833333333333333,0.5789473684210527,0.0
20260629_202157_89a44e2f,20260629_202157_89a44e2f_g0047,47,1586076854,3,32,32,32,1,3,YELLOW,pool_heuristic,2,2,[2],0,71,3,"{""1"": 91, ""2"": 94, ""3"": 71, ""4"": 64}",False,23.0,-38.0,2.0,11.0,19.0,0.0475,250.0,85.25,249.625,20.0,24.0,45.75,120.5,39.375,651.0,272.625,8.0,13.0,48.0,1.0,1.0,2.0,6.0,3.0,1.0,0.0,0.0,32.0,32.0,0.395,0.38095238095238093,0.0128,0.0128,0.1,0.45454545454545453,0.5454545454545454,0.575,1.0,1.0,0.5083333333333333,0.5236842105263158,0.0
20260629_202157_89a44e2f,20260629_202157_89a44e2f_g0047,47,1586076854,3,32,32,32,1,4,GREEN,pool_l45_100ms,3,2,[2],0,64,4,"{""1"": 91, ""2"": 94, ""3"": 71, ""4"": 64}",False,10.0,-64.0,3.0,9.0,19.0,0.0475,22.0,9.625,18.375,5.0,4.0,4.5,3.0,1.875,879.0,28.375,8.0,13.0,48.0,1.0,1.0,2.0,6.0,3.0,0.0,0.0,0.0,32.0,32.0,0.395,0.38095238095238093,0.0128,0.0128,0.1,0.45454545454545453,0.5454545454545454,0.25,0.8833333333333333,1.0,0.6166666666666667,0.43947368421052635,0.0
20260629_202157_89a44e2f,20260629_202157_89a44e2f_g0047,47,1586076854,4,40,40,40,1,1,RED,pool_peer_500ms,0,2,[2],0,91,2,"{""1"": 91, ""2"": 94, ""3"": 71, ""4"": 64}",False,24.0,-37.0,0.0,27.0,27.0,0.0675,181.0,65.625,186.125,17.0,19.0,37.5,82.0,30.625,340.0,210.125,10.0,11.0,39.0,1.0,1.0,2.0,5.0,2.0,0.0,0.0,0.0,40.0,40.0,0.485,0.47619047619047616,0.016,0.016,0.1225,0.5568181818181818,0.4431818181818182,0.6,1.0,1.0,0.5083333333333333,0.5767991407089152,0.0
20260629_202157_89a44e2f,20260629_202157_89a44e2f_g0047,47,1586076854,4,40,40,40,1,2,BLUE,champ_v3,1,2,[2],1,94,1,"{""1"": 91, ""2"": 94, ""3"": 71, ""4"": 64}",False,31.0,-23.0,1.0,33.0,27.0,0.0675,212.0,82.5,245.5,20.0,24.0,51.0,68.0,82.5,309.0,276.5,10.0,11.0,41.0,1.0,1.0,2.0,3.0,4.0,1.0,0.0,0.0,40.0,40.0,0.485,0.47619047619047616,0.016,0.016,0.1175,0.5340909090909091,0.4659090909090909,0.775,1.0,1.0,0.45,0.5823068309070549,0.0
20260629_202157_89a44e2f,20260629_202157_89a44e2f_g0047,47,1586076854,4,40,40,40,1,3,YELLOW,pool_heuristic,2,2,[2],0,71,3,"{""1"": 91, ""2"": 94, ""3"": 71, ""4"": 64}",False,23.0,-39.0,2.0,20.0,27.0,0.0675,120.0,48.375,120.25,18.0,14.0,21.75,56.5,10.0,401.0,143.25,10.0,11.0,38.0,1.0,1.0,2.0,6.0,1.0,0.0,0.0,0.0,40.0,40.0,0.485,0.47619047619047616,0.016,0.016,0.125,0.5681818181818182,0.4318181818181818,0.575,1.0,1.0,0.5166666666666667,0.48736842105263156,0.0
20260629_202157_89a44e2f,20260629_202157_89a44e2f_g0047,47,1586076854,4,40,40,40,1,4,GREEN,pool_l45_100ms,3,2,[2],0,64,4,"{""1"": 91, ""2"": 94, ""3"": 71, ""4"": 64}",False,7.0,-71.0,3.0,12.0,27.0,0.0675,8.0,4.75,7.75,3.0,2.0,0.75,2.0,0.0,513.0,14.75,10.0,11.0,40.0,1.0,1.0,1.0,6.0,2.0,0.0,0.0,0.0,40.0,40.0,0.485,0.47619047619047616,0.016,0.016,0.12,0.5454545454545454,0.45454545454545453,0.175,0.9,1.0,0.65,0.4451754385964912,0.0
20260629_202157_89a44e2f,20260629_202157_89a44e2f_g0047,47,1586076854,5,48,48,48,1,1,RED,pool_peer_500ms,0,2,[2],0,91,2,"{""1"": 91, ""2"": 94, ""3"": 71, ""4"": 64}",False,23.0,-39.0,0.0,37.0,31.0,0.0775,58.0,31.25,69.5,15.0,10.0,7.5,27.0,10.0,109.0,92.5,12.0,9.0,31.0,1.0,1.0,1.0,5.0,1.0,0.0,0.0,0.0,48.0,48.0,0.5725,0.5714285714285714,0.0192,0.0192,0.1425,0.6477272727272727,0.3522727272727273,0.575,1.0,1.0,0.5166666666666667,0.5974145891043399,0.0
20260629_202157_89a44e2f,20260629_202157_89a44e2f_g0047,47,1586076854,5,48,48,48,1,2,BLUE,champ_v3,1,2,[2],1,94,1,"{""1"": 91, ""2"": 94, ""3"": 71, ""4"": 64}",False,31.0,-23.0,1.0,42.0,31.0,0.0775,76.0,36.75,82.75,15.0,13.0,24.0,22.0,8.75,91.0,113.75,12.0,9.0,31.0,1.0,1.0,2.0,3.0,2.0,0.0,0.0,0.0,48.0,48.0,0.5725,0.5714285714285714,0.0192,0.0192,0.1425,0.6477272727272727,0.3522727272727273,0.775,1.0,1.0,0.45,0.5752539242843953,0.0
20260629_202157_89a44e2f,20260629_202157_89a44e2f_g0047,47,1586076854,5,48,48,48,1,3,YELLOW,pool_heuristic,2,2,[2],0,71,3,"{""1"": 91, ""2"": 94, ""3"": 71, ""4"": 64}",False,23.0,-39.0,2.0,31.0,31.0,0.0775,28.0,20.0,28.75,15.0,5.0,3.75,5.0,0.0,139.0,51.75,12.0,9.0,29.0,1.0,1.0,2.0,5.0,0.0,0.0,0.0,0.0,48.0,48.0,0.5725,0.5714285714285714,0.0192,0.0192,0.1475,0.6704545454545454,0.32954545454545453,0.575,1.0,0.8,0.5166666666666667,0.4611953612845674,0.0
20260629_202157_89a44e2f,20260629_202157_89a44e2f_g0047,47,1586076854,5,48,48,48,1,4,GREEN,pool_l45_100ms,3,2,[2],0,64,4,"{""1"": 91, ""2"": 94, ""3"": 71, ""4"": 64}",False,8.0,-69.0,3.0,23.0,31.0,0.0775,5.0,4.5,5.0,4.0,1.0,0.0,0.0,0.0,162.0,13.0,12.0,9.0,32.0,1.0,1.0,1.0,4.0,2.0,0.0,0.0,0.0,48.0,48.0,0.5725,0.5714285714285714,0.0192,0.0192,0.14,0.6363636363636364,0.36363636363636365,0.2,0.7166666666666667,1.0,0.6416666666666667,0.4642857142857143,0.0
20260629_202157_89a44e2f,20260629_202157_89a44e2f_g0047,47,1586076854,6,56,56,56,1,1,RED,pool_peer_500ms,0,2,[2],0,91,2,"{""1"": 91, ""2"": 94, ""3"": 71, ""4"": 64}",False,25.0,-34.0,0.0,42.0,43.0,0.1075,10.0,4.375,11.5,0.0,5.0,3.0,3.5,0.0,37.0,36.5,14.0,7.0,26.0,0.0,1.0,1.0,4.0,1.0,0.0,0.0,0.0,56.0,56.0,0.6275,0.6666666666666666,0.0224,0.0224,0.155,0.7045454545454546,0.29545454545454547,0.625,0.75,1.0,0.4916666666666667,0.5874363327674024,0.0
20260629_202157_89a44e2f,20260629_202157_89a44e2f_g0047,47,1586076854,6,56,56,56,1,2,BLUE,champ_v3,1,2,[2],1,94,1,"{""1"": 91, ""2"": 94, ""3"": 71, ""4"": 64}",False,30.0,-24.0,1.0,48.0,43.0,0.1075,32.0,21.0,33.5,13.0,8.0,10.5,2.0,0.0,15.0,63.5,14.0,7.0,22.0,1.0,1.0,2.0,2.0,1.0,0.0,0.0,0.0,56.0,56.0,0.6275,0.6666666666666666,0.0224,0.0224,0.165,0.75,0.25,0.75,1.0,1.0,0.45,0.5422647527910686,0.0
20260629_202157_89a44e2f,20260629_202157_89a44e2f_g0047,47,1586076854,6,56,56,56,1,3,YELLOW,pool_heuristic,2,2,[2],0,71,3,"{""1"": 91, ""2"": 94, ""3"": 71, ""4"": 64}",False,22.0,-40.0,2.0,36.0,43.0,0.1075,5.0,2.5,5.5,0.0,4.0,1.5,0.0,0.0,42.0,27.5,14.0,7.0,24.0,0.0,1.0,2.0,4.0,0.0,0.0,0.0,0.0,56.0,56.0,0.6275,0.6666666666666666,0.0224,0.0224,0.16,0.7272727272727273,0.2727272727272727,0.55,0.9,0.8,0.5166666666666667,0.4605263157894737,0.0
20260629_202157_89a44e2f,20260629_202157_89a44e2f_g0047,47,1586076854,6,56,56,56,1,4,GREEN,pool_l45_100ms,3,2,[2],0,64,4,"{""1"": 91, ""2"": 94, ""3"": 71, ""4"": 64}",False,7.0,-70.0,2.0,24.0,43.0,0.1075,0.0,0.0,0.0,0.0,0.0,0.0,0.0,0.0,47.0,7.0,14.0,7.0,29.0,0.0,0.0,1.0,4.0,2.0,0.0,0.0,0.0,56.0,56.0,0.6275,0.6666666666666666,0.0224,0.0224,0.1475,0.6704545454545454,0.32954545454545453,0.175,0.4666666666666667,1.0,0.6416666666666667,0.45941123996431765,0.0
20260629_202157_89a44e2f,20260629_202157_89a44e2f_g0047,47,1586076854,7,64,64,74,3,1,RED,pool_peer_500ms,0,2,[2],0,91,2,"{""1"": 91, ""2"": 94, ""3"": 71, ""4"": 64}",False,22.0,-31.0,0.0,45.0,55.0,0.1375,0.0,0.0,0.0,0.0,0.0,0.0,0.0,0.0,0.0,22.0,16.0,5.0,20.0,0.0,0.0,1.0,3.0,1.0,0.0,0.0,0.0,64.0,74.0,0.68,0.7619047619047619,0.0296,0.0256,0.17,0.7727272727272727,0.22727272727272727,0.55,0.6333333333333333,1.0,0.4416666666666667,0.5657894736842105,0.0
20260629_202157_89a44e2f,20260629_202157_89a44e2f_g0047,47,1586076854,7,64,64,74,3,2,BLUE,champ_v3,1,2,[2],1,94,1,"{""1"": 91, ""2"": 94, ""3"": 71, ""4"": 64}",False,25.0,-25.0,1.0,59.0,55.0,0.1375,0.0,0.0,0.0,0.0,0.0,0.0,0.0,0.0,0.0,25.0,19.0,2.0,9.0,0.0,0.0,0.0,1.0,1.0,0.0,0.0,0.0,64.0,74.0,0.68,0.9047619047619048,0.0296,0.0256,0.1975,0.8977272727272727,0.10227272727272728,0.625,0.6833333333333333,1.0,0.4166666666666667,0.5256495669553631,0.0
20260629_202157_89a44e2f,20260629_202157_89a44e2f_g0047,47,1586076854,7,64,64,74,3,3,YELLOW,pool_heuristic,2,2,[2],0,71,3,"{""1"": 91, ""2"": 94, ""3"": 71, ""4"": 64}",False,21.0,-33.0,2.0,45.0,55.0,0.1375,0.0,0.0,0.0,0.0,0.0,0.0,0.0,0.0,0.0,21.0,15.0,6.0,22.0,0.0,0.0,2.0,4.0,0.0,0.0,0.0,0.0,64.0,74.0,0.68,0.7142857142857143,0.0296,0.0256,0.165,0.75,0.25,0.525,0.6333333333333333,0.8,0.45,0.452153110047847,0.0
20260629_202157_89a44e2f,20260629_202157_89a44e2f_g0047,47,1586076854,7,64,64,74,3,4,GREEN,pool_l45_100ms,3,2,[2],0,64,4,"{""1"": 91, ""2"": 94, ""3"": 71, ""4"": 64}",False,7.0,-61.0,2.0,24.0,55.0,0.1375,0.0,0.0,0.0,0.0,0.0,0.0,0.0,0.0,0.0,7.0,14.0,7.0,29.0,0.0,0.0,1.0,4.0,2.0,0.0,0.0,0.0,64.0,74.0,0.68,0.6666666666666666,0.0296,0.0256,0.1475,0.6704545454545454,0.32954545454545453,0.175,0.26666666666666666,1.0,0.5666666666666667,0.45941123996431765,0.0
20260629_202157_89a44e2f,20260629_202157_89a44e2f_g0048,48,966933253,0,8,8,8,1,1,RED,champ_v3,0,1,[1],1,120,1,"{""1"": 120, ""2"": 78, ""3"": 64, ""4"": 95}",False,9.0,-14.0,9.0,0.0,0.0,0.0,543.0,122.625,488.75,9.0,15.0,41.25,153.5,270.0,1319.0,497.75,2.0,19.0,78.0,1.0,1.0,2.0,6.0,9.0,1.0,0.0,0.0,8.0,8.0,0.1,0.09523809523809523,0.0032,0.0032,0.025,0.11363636363636363,0.8863636363636364,0.225,1.0,1.0,0.19166666666666668,0.23684210526315785,0.0
20260629_202157_89a44e2f,20260629_202157_89a44e2f_g0048,48,966933253,0,8,8,8,1,2,BLUE,pool_heuristic,1,1,[1],0,78,3,"{""1"": 120, ""2"": 78, ""3"": 64, ""4"": 95}",False,7.0,-18.0,9.0,0.0,0.0,0.0,412.0,106.625,430.125,7.0,12.0,34.5,136.0,240.625,1450.0,437.125,2.0,19.0,78.0,1.0,1.0,2.0,6.0,9.0,1.0,1.0,1.0,8.0,8.0,0.1,0.09523809523809523,0.0032,0.0032,0.025,0.11363636363636363,0.8863636363636364,0.175,1.0,1.0,0.20833333333333334,0.2315789473684211,0.0
20260629_202157_89a44e2f,20260629_202157_89a44e2f_g0048,48,966933253,0,8,8,8,1,3,YELLOW,pool_l45_100ms,2,1,[1],0,64,4,"{""1"": 120, ""2"": 78, ""3"": 64, ""4"": 95}",False,7.0,-18.0,9.0,0.0,0.0,0.0,364.0,86.0,341.875,7.0,10.0,27.0,108.5,189.375,1498.0,348.875,2.0,19.0,78.0,1.0,1.0,2.0,6.0,9.0,1.0,1.0,0.0,8.0,8.0,0.1,0.09523809523809523,0.0032,0.0032,0.025,0.11363636363636363,0.8863636363636364,0.175,1.0,1.0,0.20833333333333334,0.17368421052631577,0.0
20260629_202157_89a44e2f,20260629_202157_89a44e2f_g0048,48,966933253,0,8,8,8,1,4,GREEN,pool_peer_500ms,3,1,[1],0,95,2,"{""1"": 120, ""2"": 78, ""3"": 64, ""4"": 95}",False,9.0,-14.0,9.0,0.0,0.0,0.0,543.0,122.625,488.75,9.0,15.0,41.25,153.5,270.0,1319.0,497.75,2.0,19.0,78.0,1.0,1.0,2.0,6.0,9.0,1.0,0.0,0.0,8.0,8.0,0.1,0.09523809523809523,0.0032,0.0032,0.025,0.11363636363636363,0.8863636363636364,0.225,1.0,1.0,0.19166666666666668,0.23684210526315785,0.0
20260629_202157_89a44e2f,20260629_202157_89a44e2f_g0048,48,966933253,1,16,16,16,1,1,RED,champ_v3,0,1,[1],1,120,1,"{""1"": 120, ""2"": 78, ""3"": 64, ""4"": 95}",False,15.0,-23.0,2.0,2.0,0.0,0.0,652.0,163.25,623.0,15.0,23.0,62.25,229.0,293.75,1557.0,638.0,4.0,17.0,68.0,1.0,1.0,2.0,6.0,7.0,1.0,0.0,0.0,16.0,16.0,0.2,0.19047619047619047,0.0064,0.0064,0.05,0.22727272727272727,0.7727272727272727,0.375,1.0,1.0,0.31666666666666665,0.4605263157894737,0.0
20260629_202157_89a44e2f,20260629_202157_89a44e2f_g0048,48,966933253,1,16,16,16,1,2,BLUE,pool_heuristic,1,1,[1],0,78,3,"{""1"": 120, ""2"": 78, ""3"": 64, ""4"": 95}",False,12.0,-29.0,1.0,2.0,0.0,0.0,448.0,131.5,513.125,10.0,17.0,48.75,185.5,251.875,1761.0,525.125,4.0,17.0,68.0,1.0,1.0,2.0,6.0,7.0,1.0,1.0,1.0,16.0,16.0,0.2,0.19047619047619047,0.0064,0.0064,0.05,0.22727272727272727,0.7727272727272727,0.3,1.0,1.0,0.3416666666666667,0.49473684210526314,0.0
20260629_202157_89a44e2f,20260629_202157_89a44e2f_g0048,48,966933253,1,16,16,16,1,3,YELLOW,pool_l45_100ms,2,1,[1],0,64,4,"{""1"": 120, ""2"": 78, ""3"": 64, ""4"": 95}",False,11.0,-31.0,5.0,2.0,0.0,0.0,412.0,99.25,371.375,11.0,15.0,36.0,137.5,171.875,1797.0,382.375,4.0,17.0,68.0,1.0,1.0,2.0,6.0,7.0,1.0,0.0,0.0,16.0,16.0,0.2,0.19047619047619047,0.0064,0.0064,0.05,0.22727272727272727,0.7727272727272727,0.275,1.0,1.0,0.35,0.3526315789473684,0.0
20260629_202157_89a44e2f,20260629_202157_89a44e2f_g0048,48,966933253,1,16,16,16,1,4,GREEN,pool_peer_500ms,3,1,[1],0,95,2,"{""1"": 120, ""2"": 78, ""3"": 64, ""4"": 95}",False,15.0,-23.0,4.0,2.0,0.0,0.0,697.0,174.875,672.125,15.0,25.0,66.0,243.0,323.125,1512.0,687.125,4.0,17.0,68.0,1.0,1.0,2.0,6.0,7.0,1.0,0.0,0.0,16.0,16.0,0.2,0.19047619047619047,0.0064,0.0064,0.05,0.22727272727272727,0.7727272727272727,0.375,1.0,1.0,0.31666666666666665,0.4526315789473684,0.0
20260629_202157_89a44e2f,20260629_202157_89a44e2f_g0048,48,966933253,2,24,24,24,1,1,RED,champ_v3,0,1,[1],1,120,1,"{""1"": 120, ""2"": 78, ""3"": 64, ""4"": 95}",False,19.0,-31.0,0.0,12.0,3.0,0.0075,508.0,130.25,465.875,16.0,24.0,55.5,193.5,176.875,948.0,484.875,6.0,15.0,58.0,1.0,1.0,2.0,6.0,5.0,1.0,0.0,0.0,24.0,24.0,0.3,0.2857142857142857,0.0096,0.0096,0.075,0.3409090909090909,0.6590909090909091,0.475,1.0,1.0,0.4166666666666667,0.5842105263157895,0.0
20260629_202157_89a44e2f,20260629_202157_89a44e2f_g0048,48,966933253,2,24,24,24,1,2,BLUE,pool_heuristic,1,1,[1],0,78,3,"{""1"": 120, ""2"": 78, ""3"": 64, ""4"": 95}",False,19.0,-31.0,1.0,9.0,3.0,0.0075,353.0,113.125,394.75,15.0,23.0,51.0,169.5,136.25,1103.0,413.75,6.0,15.0,58.0,1.0,1.0,2.0,6.0,5.0,1.0,1.0,1.0,24.0,24.0,0.3,0.2857142857142857,0.0096,0.0096,0.075,0.3409090909090909,0.6590909090909091,0.475,1.0,1.0,0.4166666666666667,0.531578947368421,0.0
20260629_202157_89a44e2f,20260629_202157_89a44e2f_g0048,48,966933253,2,24,24,24,1,3,YELLOW,pool_l45_100ms,2,1,[1],0,64,4,"{""1"": 120, ""2"": 78, ""3"": 64, ""4"": 95}",False,13.0,-43.0,5.0,3.0,3.0,0.0075,179.0,55.625,172.25,13.0,13.0,25.5,69.5,51.25,1277.0,185.25,6.0,15.0,58.0,1.0,1.0,2.0,6.0,5.0,0.0,0.0,0.0,24.0,24.0,0.3,0.2857142857142857,0.0096,0.0096,0.075,0.3409090909090909,0.6590909090909091,0.325,1.0,1.0,0.4666666666666667,0.4035087719298245,0.0
20260629_202157_89a44e2f,20260629_202157_89a44e2f_g0048,48,966933253,2,24,24,24,1,4,GREEN,pool_peer_500ms,3,1,[1],0,95,2,"{""1"": 120, ""2"": 78, ""3"": 64, ""4"": 95}",False,18.0,-33.0,1.0,7.0,3.0,0.0075,416.0,126.625,435.75,18.0,25.0,59.25,193.5,140.0,1040.0,453.75,6.0,15.0,58.0,1.0,1.0,2.0,6.0,5.0,1.0,0.0,0.0,24.0,24.0,0.3,0.2857142857142857,0.0096,0.0096,0.075,0.3409090909090909,0.6590909090909091,0.45,1.0,1.0,0.425,0.5491228070175438,0.0
20260629_202157_89a44e2f,20260629_202157_89a44e2f_g0048,48,966933253,3,32,32,32,1,1,RED,champ_v3,0,1,[1],1,120,1,"{""1"": 120, ""2"": 78, ""3"": 64, ""4"": 95}",False,26.0,-34.0,0.0,21.0,2.0,0.005,331.0,106.375,330.125,22.0,29.0,56.25,131.0,91.875,472.0,356.125,8.0,13.0,49.0,1.0,1.0,2.0,5.0,4.0,1.0,0.0,0.0,32.0,32.0,0.3925,0.38095238095238093,0.0128,0.0128,0.0975,0.4431818181818182,0.5568181818181818,0.65,1.0,1.0,0.5,0.5789473684210527,0.0
20260629_202157_89a44e2f,20260629_202157_89a44e2f_g0048,48,966933253,3,32,32,32,1,2,BLUE,pool_heuristic,1,1,[1],0,78,3,"{""1"": 120, ""2"": 78, ""3"": 64, ""4"": 95}",False,23.0,-40.0,1.0,17.0,2.0,0.005,102.0,47.375,114.75,18.0,17.0,23.25,36.5,20.0,701.0,137.75,8.0,13.0,48.0,1.0,1.0,2.0,6.0,3.0,0.0,1.0,1.0,32.0,32.0,0.3925,0.38095238095238093,0.0128,0.0128,0.1,0.45454545454545453,0.5454545454545454,0.575,1.0,1.0,0.525,0.5078947368421053,0.0
20260629_202157_89a44e2f,20260629_202157_89a44e2f_g0048,48,966933253,3,32,32,32,1,3,YELLOW,pool_l45_100ms,2,1,[1],0,64,4,"{""1"": 120, ""2"": 78, ""3"": 64, ""4"": 95}",False,15.0,-56.0,5.0,6.0,2.0,0.005,73.0,32.75,72.625,15.0,10.0,15.75,22.5,9.375,730.0,87.625,8.0,13.0,48.0,1.0,1.0,2.0,6.0,3.0,0.0,0.0,0.0,32.0,32.0,0.3925,0.38095238095238093,0.0128,0.0128,0.1,0.45454545454545453,0.5454545454545454,0.375,1.0,1.0,0.5916666666666667,0.3907894736842106,0.0
20260629_202157_89a44e2f,20260629_202157_89a44e2f_g0048,48,966933253,3,32,32,32,1,4,GREEN,pool_peer_500ms,3,1,[1],0,95,2,"{""1"": 120, ""2"": 78, ""3"": 64, ""4"": 95}",False,22.0,-42.0,0.0,13.0,2.0,0.005,297.0,98.5,323.625,20.0,23.0,25.5,149.5,105.625,506.0,345.625,8.0,13.0,50.0,1.0,1.0,1.0,6.0,4.0,0.0,0.0,0.0,32.0,32.0,0.3925,0.38095238095238093,0.0128,0.0128,0.095,0.4318181818181818,0.5681818181818182,0.55,1.0,1.0,0.5333333333333333,0.5637119113573408,0.0
20260629_202157_89a44e2f,20260629_202157_89a44e2f_g0048,48,966933253,4,40,40,40,1,1,RED,champ_v3,0,1,[1],1,120,1,"{""1"": 120, ""2"": 78, ""3"": 64, ""4"": 95}",False,28.0,-31.0,0.0,33.0,29.0,0.0725,125.0,57.75,135.5,22.0,21.0,32.25,49.0,11.25,268.0,163.5,10.0,11.0,40.0,1.0,1.0,2.0,4.0,3.0,1.0,0.0,0.0,40.0,40.0,0.485,0.47619047619047616,0.016,0.016,0.12,0.5454545454545454,0.45454545454545453,0.7,1.0,1.0,0.4916666666666667,0.6030701754385965,0.0
20260629_202157_89a44e2f,20260629_202157_89a44e2f_g0048,48,966933253,4,40,40,40,1,2,BLUE,pool_heuristic,1,1,[1],0,78,3,"{""1"": 120, ""2"": 78, ""3"": 64, ""4"": 95}",False,28.0,-31.0,1.0,22.0,29.0,0.0725,100.0,48.375,101.25,22.0,19.0,23.25,34.5,2.5,293.0,129.25,10.0,11.0,38.0,1.0,1.0,2.0,6.0,1.0,0.0,1.0,0.0,40.0,40.0,0.485,0.47619047619047616,0.016,0.016,0.125,0.5681818181818182,0.4318181818181818,0.7,1.0,1.0,0.4916666666666667,0.4842105263157894,0.0
20260629_202157_89a44e2f,20260629_202157_89a44e2f_g0048,48,966933253,4,40,40,40,1,3,YELLOW,pool_l45_100ms,2,1,[1],0,64,4,"{""1"": 120, ""2"": 78, ""3"": 64, ""4"": 95}",False,9.0,-69.0,5.0,9.0,29.0,0.0725,18.0,12.375,18.0,9.0,3.0,4.5,1.5,0.0,375.0,27.0,10.0,11.0,39.0,1.0,1.0,2.0,5.0,2.0,0.0,0.0,0.0,40.0,40.0,0.485,0.47619047619047616,0.016,0.016,0.1225,0.5568181818181818,0.4431818181818182,0.225,0.75,1.0,0.65,0.4038668098818474,0.0
20260629_202157_89a44e2f,20260629_202157_89a44e2f_g0048,48,966933253,4,40,40,40,1,4,GREEN,pool_peer_500ms,3,1,[1],0,95,2,"{""1"": 120, ""2"": 78, ""3"": 64, ""4"": 95}",False,22.0,-43.0,0.0,22.0,29.0,0.0725,150.0,55.375,159.0,17.0,14.0,16.5,71.5,40.0,243.0,181.0,10.0,11.0,41.0,1.0,1.0,1.0,5.0,3.0,0.0,0.0,0.0,40.0,40.0,0.485,0.47619047619047616,0.016,0.016,0.1175,0.5340909090909091,0.4659090909090909,0.55,1.0,1.0,0.5416666666666667,0.5834266517357223,0.0
20260629_202157_89a44e2f,20260629_202157_89a44e2f_g0048,48,966933253,5,48,48,48,1,1,RED,champ_v3,0,1,[1],1,120,1,"{""1"": 120, ""2"": 78, ""3"": 64, ""4"": 95}",False,27.0,-31.0,0.0,46.0,22.0,0.055,44.0,27.375,45.625,17.0,10.0,9.0,9.0,0.625,157.0,72.625,12.0,9.0,31.0,1.0,1.0,2.0,3.0,2.0,1.0,0.0,0.0,48.0,48.0,0.57,0.5714285714285714,0.0192,0.0192,0.1425,0.6477272727272727,0.3522727272727273,0.675,1.0,1.0,0.4833333333333333,0.5992613111726686,0.0
20260629_202157_89a44e2f,20260629_202157_89a44e2f_g0048,48,966933253,5,48,48,48,1,2,BLUE,pool_heuristic,1,1,[1],0,78,3,"{""1"": 120, ""2"": 78, ""3"": 64, ""4"": 95}",False,28.0,-29.0,1.0,32.0,22.0,0.055,28.0,21.5,29.25,18.0,0.0,8.25,3.0,0.0,173.0,57.25,12.0,9.0,31.0,1.0,0.0,2.0,6.0,0.0,0.0,0.0,0.0,48.0,48.0,0.57,0.5714285714285714,0.0192,0.0192,0.1425,0.6477272727272727,0.3522727272727273,0.7,1.0,0.8,0.475,0.46352723915050786,0.0
20260629_202157_89a44e2f,20260629_202157_89a44e2f_g0048,48,966933253,5,48,48,48,1,3,YELLOW,pool_l45_100ms,2,1,[1],0,64,4,"{""1"": 120, ""2"": 78, ""3"": 64, ""4"": 95}",False,8.0,-69.0,5.0,19.0,22.0,0.055,19.0,10.625,18.375,7.0,2.0,3.75,5.0,0.625,182.0,26.375,12.0,9.0,30.0,1.0,1.0,2.0,4.0,1.0,0.0,0.0,0.0,48.0,48.0,0.57,0.5714285714285714,0.0192,0.0192,0.145,0.6590909090909091,0.3409090909090909,0.2,0.43333333333333335,1.0,0.6416666666666667,0.40925589836660625,0.0
20260629_202157_89a44e2f,20260629_202157_89a44e2f_g0048,48,966933253,5,48,48,48,1,4,GREEN,pool_peer_500ms,3,1,[1],0,95,2,"{""1"": 120, ""2"": 78, ""3"": 64, ""4"": 95}",False,22.0,-41.0,0.0,28.0,22.0,0.055,110.0,43.25,111.625,17.0,11.0,13.5,44.5,25.625,91.0,133.625,12.0,9.0,32.0,1.0,1.0,1.0,4.0,2.0,0.0,0.0,0.0,48.0,48.0,0.57,0.5714285714285714,0.0192,0.0192,0.14,0.6363636363636364,0.36363636363636365,0.55,0.9333333333333333,1.0,0.525,0.5507518796992481,0.0
20260629_202157_89a44e2f,20260629_202157_89a44e2f_g0048,48,966933253,6,56,56,57,2,1,RED,champ_v3,0,1,[1],1,120,1,"{""1"": 120, ""2"": 78, ""3"": 64, ""4"": 95}",False,24.0,-34.0,0.0,59.0,13.0,0.0325,28.0,19.75,28.75,14.0,7.0,3.75,4.0,0.0,48.0,52.75,15.0,6.0,17.0,1.0,1.0,2.0,2.0,0.0,0.0,0.0,0.0,56.0,57.0,0.6475,0.7142857142857143,0.0228,0.0224,0.1775,0.8068181818181818,0.19318181818181818,0.6,1.0,0.8,0.4833333333333333,0.5522609340252038,0.0
20260629_202157_89a44e2f,20260629_202157_89a44e2f_g0048,48,966933253,6,56,56,57,2,2,BLUE,pool_heuristic,1,1,[1],0,78,3,"{""1"": 120, ""2"": 78, ""3"": 64, ""4"": 95}",False,30.0,-22.0,1.0,47.0,13.0,0.0325,21.0,18.75,22.5,17.0,0.0,4.5,1.0,0.0,55.0,52.5,14.0,7.0,24.0,1.0,0.0,1.0,5.0,0.0,0.0,0.0,0.0,56.0,57.0,0.6475,0.6666666666666666,0.0228,0.0224,0.16,0.7272727272727273,0.2727272727272727,0.75,1.0,0.8,0.4333333333333333,0.46628289473684215,0.0
20260629_202157_89a44e2f,20260629_202157_89a44e2f_g0048,48,966933253,6,56,56,57,2,3,YELLOW,pool_l45_100ms,2,1,[1],0,64,4,"{""1"": 120, ""2"": 78, ""3"": 64, ""4"": 95}",False,8.0,-66.0,3.0,33.0,13.0,0.0325,0.0,0.0,0.0,0.0,0.0,0.0,0.0,0.0,76.0,8.0,13.0,8.0,29.0,0.0,1.0,2.0,4.0,1.0,0.0,0.0,0.0,56.0,57.0,0.6475,0.6190476190476191,0.0228,0.0224,0.1475,0.6704545454545454,0.32954545454545453,0.2,0.2833333333333333,1.0,0.6166666666666667,0.415700267618198,0.0
20260629_202157_89a44e2f,20260629_202157_89a44e2f_g0048,48,966933253,6,56,56,57,2,4,GREEN,pool_peer_500ms,3,1,[1],0,95,2,"{""1"": 120, ""2"": 78, ""3"": 64, ""4"": 95}",False,20.0,-42.0,0.0,32.0,13.0,0.0325,27.0,22.0,29.0,17.0,7.0,3.0,2.0,0.0,49.0,49.0,14.0,7.0,23.0,1.0,1.0,1.0,3.0,1.0,0.0,0.0,0.0,56.0,57.0,0.6475,0.6666666666666666,0.0228,0.0224,0.1625,0.7386363636363636,0.26136363636363635,0.5,0.75,1.0,0.5166666666666667,0.5368421052631578,0.0
20260629_202157_89a44e2f,20260629_202157_89a44e2f_g0048,48,966933253,7,64,64,69,2,1,RED,champ_v3,0,1,[1],1,120,1,"{""1"": 120, ""2"": 78, ""3"": 64, ""4"": 95}",False,25.0,-32.0,0.0,66.0,14.0,0.035,10.0,3.25,12.0,0.0,0.0,3.0,9.0,0.0,2.0,37.0,18.0,3.0,11.0,0.0,0.0,1.0,2.0,0.0,0.0,0.0,0.0,64.0,69.0,0.6925,0.8571428571428571,0.0276,0.0256,0.1925,0.875,0.125,0.625,0.9666666666666667,0.8,0.475,0.5522898154477103,0.0
20260629_202157_89a44e2f,20260629_202157_89a44e2f_g0048,48,966933253,7,64,64,69,2,2,BLUE,pool_heuristic,1,1,[1],0,78,3,"{""1"": 120, ""2"": 78, ""3"": 64, ""4"": 95}",False,30.0,-22.0,1.0,52.0,14.0,0.035,0.0,0.0,0.0,0.0,0.0,0.0,0.0,0.0,12.0,30.0,16.0,5.0,19.0,0.0,0.0,1.0,4.0,0.0,0.0,0.0,0.0,64.0,69.0,0.6925,0.7619047619047619,0.0276,0.0256,0.1725,0.7840909090909091,0.2159090909090909,0.75,0.7,0.8,0.4333333333333333,0.45842868039664386,0.0
20260629_202157_89a44e2f,20260629_202157_89a44e2f_g0048,48,966933253,7,64,64,69,2,3,YELLOW,pool_l45_100ms,2,1,[1],0,64,4,"{""1"": 120, ""2"": 78, ""3"": 64, ""4"": 95}",False,8.0,-66.0,3.0,38.0,14.0,0.035,0.0,0.0,0.0,0.0,0.0,0.0,0.0,0.0,12.0,8.0,13.0,8.0,29.0,0.0,1.0,2.0,4.0,1.0,0.0,0.0,0.0,64.0,69.0,0.6925,0.6190476190476191,0.0276,0.0256,0.1475,0.6704545454545454,0.32954545454545453,0.2,0.23333333333333334,1.0,0.6166666666666667,0.415700267618198,0.0
20260629_202157_89a44e2f,20260629_202157_89a44e2f_g0048,48,966933253,7,64,64,69,2,4,GREEN,pool_peer_500ms,3,1,[1],0,95,2,"{""1"": 120, ""2"": 78, ""3"": 64, ""4"": 95}",False,19.0,-44.0,0.0,43.0,14.0,0.035,2.0,1.0,3.0,0.0,0.0,3.0,0.0,0.0,10.0,22.0,17.0,4.0,16.0,0.0,0.0,1.0,2.0,1.0,0.0,0.0,0.0,64.0,69.0,0.6925,0.8095238095238095,0.0276,0.0256,0.18,0.8181818181818182,0.18181818181818182,0.475,0.7,1.0,0.525,0.5482456140350878,0.0
20260629_202157_89a44e2f,20260629_202157_89a44e2f_g0049,49,1534667431,0,8,8,8,1,1,RED,pool_heuristic,0,3,[3],0,80,3,"{""1"": 80, ""2"": 70, ""3"": 104, ""4"": 101}",False,6.0,-17.0,8.0,0.0,3.0,0.0075,358.0,83.0,331.5,6.0,10.0,27.75,104.0,183.75,1413.0,337.5,2.0,19.0,78.0,1.0,1.0,2.0,6.0,9.0,1.0,0.0,1.0,8.0,8.0,0.1,0.09523809523809523,0.0032,0.0032,0.025,0.11363636363636363,0.8863636363636364,0.15,1.0,1.0,0.19166666666666668,0.26315789473684215,0.0
20260629_202157_89a44e2f,20260629_202157_89a44e2f_g0049,49,1534667431,0,8,8,8,1,2,BLUE,pool_l45_100ms,1,3,[3],0,70,4,"{""1"": 80, ""2"": 70, ""3"": 104, ""4"": 101}",False,5.0,-19.0,9.0,0.0,3.0,0.0075,327.0,76.25,309.5,5.0,8.0,24.0,95.0,177.5,1444.0,314.5,2.0,19.0,78.0,1.0,1.0,2.0,6.0,9.0,1.0,1.0,0.0,8.0,8.0,0.1,0.09523809523809523,0.0032,0.0032,0.025,0.11363636363636363,0.8863636363636364,0.125,1.0,1.0,0.2,0.15263157894736834,0.0
20260629_202157_89a44e2f,20260629_202157_89a44e2f_g0049,49,1534667431,0,8,8,8,1,3,YELLOW,pool_peer_500ms,2,3,[3],1,104,1,"{""1"": 80, ""2"": 70, ""3"": 104, ""4"": 101}",False,9.0,-11.0,9.0,0.0,3.0,0.0075,543.0,122.625,488.75,9.0,15.0,41.25,153.5,270.0,1228.0,497.75,2.0,19.0,78.0,1.0,1.0,2.0,6.0,9.0,1.0,0.0,0.0,8.0,8.0,0.1,0.09523809523809523,0.0032,0.0032,0.025,0.11363636363636363,0.8863636363636364,0.225,1.0,1.0,0.16666666666666669,0.23684210526315785,0.0
20260629_202157_89a44e2f,20260629_202157_89a44e2f_g0049,49,1534667431,0,8,8,8,1,4,GREEN,champ_v3,3,3,[3],0,101,2,"{""1"": 80, ""2"": 70, ""3"": 104, ""4"": 101}",False,9.0,-11.0,9.0,0.0,3.0,0.0075,543.0,122.625,488.75,9.0,15.0,41.25,153.5,270.0,1228.0,497.75,2.0,19.0,78.0,1.0,1.0,2.0,6.0,9.0,1.0,0.0,0.0,8.0,8.0,0.1,0.09523809523809523,0.0032,0.0032,0.025,0.11363636363636363,0.8863636363636364,0.225,1.0,1.0,0.16666666666666669,0.23684210526315785,0.0
20260629_202157_89a44e2f,20260629_202157_89a44e2f_g0049,49,1534667431,1,16,16,16,1,1,RED,pool_heuristic,0,3,[3],0,80,3,"{""1"": 80, ""2"": 70, ""3"": 104, ""4"": 101}",False,12.0,-28.0,2.0,2.0,3.0,0.0075,522.0,129.0,499.25,10.0,18.0,49.5,183.0,238.75,1949.0,511.25,4.0,17.0,68.0,1.0,1.0,2.0,6.0,7.0,1.0,0.0,1.0,16.0,16.0,0.2,0.19047619047619047,0.0064,0.0064,0.05,0.22727272727272727,0.7727272727272727,0.3,1.0,1.0,0.33333333333333337,0.5078947368421053,0.0
20260629_202157_89a44e2f,20260629_202157_89a44e2f_g0049,49,1534667431,1,16,16,16,1,2,BLUE,pool_l45_100ms,1,3,[3],0,70,4,"{""1"": 80, ""2"": 70, ""3"": 104, ""4"": 101}",False,9.0,-34.0,6.0,0.0,3.0,0.0075,517.0,120.625,469.375,9.0,16.0,45.0,175.0,224.375,1954.0,478.375,4.0,17.0,68.0,1.0,1.0,2.0,6.0,7.0,1.0,0.0,0.0,16.0,16.0,0.2,0.19047619047619047,0.0064,0.0064,0.05,0.22727272727272727,0.7727272727272727,0.225,1.0,1.0,0.35833333333333334,0.3263157894736842,0.0
20260629_202157_89a44e2f,20260629_202157_89a44e2f_g0049,49,1534667431,1,16,16,16,1,3,YELLOW,pool_peer_500ms,2,3,[3],1,104,1,"{""1"": 80, ""2"": 70, ""3"": 104, ""4"": 101}",False,16.0,-20.0,0.0,1.0,3.0,0.0075,779.0,195.625,755.75,16.0,27.0,75.0,271.5,366.25,1692.0,771.75,4.0,17.0,68.0,1.0,1.0,2.0,6.0,7.0,1.0,0.0,0.0,16.0,16.0,0.2,0.19047619047619047,0.0064,0.0064,0.05,0.22727272727272727,0.7727272727272727,0.4,1.0,1.0,0.3,0.49473684210526314,0.0
20260629_202157_89a44e2f,20260629_202157_89a44e2f_g0049,49,1534667431,1,16,16,16,1,4,GREEN,champ_v3,3,3,[3],0,101,2,"{""1"": 80, ""2"": 70, ""3"": 104, ""4"": 101}",False,15.0,-22.0,1.0,3.0,3.0,0.0075,653.0,165.875,632.125,15.0,24.0,63.75,235.0,294.375,1818.0,647.125,4.0,17.0,68.0,1.0,1.0,2.0,6.0,7.0,1.0,0.0,0.0,16.0,16.0,0.2,0.19047619047619047,0.0064,0.0064,0.05,0.22727272727272727,0.7727272727272727,0.375,1.0,1.0,0.30833333333333335,0.47631578947368425,0.0
20260629_202157_89a44e2f,20260629_202157_89a44e2f_g0049,49,1534667431,2,24,24,24,1,1,RED,pool_heuristic,0,3,[3],0,80,3,"{""1"": 80, ""2"": 70, ""3"": 104, ""4"": 101}",False,18.0,-38.0,2.0,2.0,6.0,0.015,272.0,84.75,269.125,16.0,21.0,44.25,118.5,69.375,1201.0,287.125,6.0,15.0,58.0,1.0,1.0,2.0,6.0,5.0,1.0,0.0,1.0,24.0,24.0,0.3,0.2857142857142857,0.0096,0.0096,0.075,0.3409090909090909,0.6590909090909091,0.45,1.0,1.0,0.4666666666666667,0.5210526315789474,0.0
20260629_202157_89a44e2f,20260629_202157_89a44e2f_g0049,49,1534667431,2,24,24,24,1,2,BLUE,pool_l45_100ms,1,3,[3],0,70,4,"{""1"": 80, ""2"": 70, ""3"": 104, ""4"": 101}",False,13.0,-48.0,6.0,0.0,6.0,0.015,179.0,55.75,168.375,13.0,16.0,24.75,71.5,43.125,1294.0,181.375,6.0,15.0,58.0,1.0,1.0,2.0,6.0,5.0,0.0,0.0,0.0,24.0,24.0,0.3,0.2857142857142857,0.0096,0.0096,0.075,0.3409090909090909,0.6590909090909091,0.325,1.0,1.0,0.5083333333333333,0.38596491228070173,0.0
20260629_202157_89a44e2f,20260629_202157_89a44e2f_g0049,49,1534667431,2,24,24,24,1,3,YELLOW,pool_peer_500ms,2,3,[3],1,104,1,"{""1"": 80, ""2"": 70, ""3"": 104, ""4"": 101}",False,21.0,-32.0,0.0,9.0,6.0,0.015,641.0,175.875,635.0,20.0,30.0,78.0,269.5,237.5,832.0,656.0,6.0,15.0,58.0,1.0,1.0,2.0,6.0,5.0,1.0,0.0,0.0,24.0,24.0,0.3,0.2857142857142857,0.0096,0.0096,0.075,0.3409090909090909,0.6590909090909091,0.525,1.0,1.0,0.4416666666666667,0.5403508771929826,0.0
20260629_202157_89a44e2f,20260629_202157_89a44e2f_g0049,49,1534667431,2,24,24,24,1,4,GREEN,champ_v3,3,3,[3],0,101,2,"{""1"": 80, ""2"": 70, ""3"": 104, ""4"": 101}",False,22.0,-30.0,0.0,12.0,6.0,0.015,381.0,113.375,378.875,18.0,27.0,52.5,162.0,119.375,1092.0,400.875,6.0,15.0,58.0,1.0,1.0,2.0,6.0,5.0,1.0,0.0,0.0,24.0,24.0,0.3,0.2857142857142857,0.0096,0.0096,0.075,0.3409090909090909,0.6590909090909091,0.55,1.0,1.0,0.4333333333333333,0.5894736842105264,0.0
20260629_202157_89a44e2f,20260629_202157_89a44e2f_g0049,49,1534667431,3,32,32,32,1,1,RED,pool_heuristic,0,3,[3],0,80,3,"{""1"": 80, ""2"": 70, ""3"": 104, ""4"": 101}",False,22.0,-46.0,2.0,20.0,7.0,0.0175,134.0,56.375,138.25,19.0,21.0,32.25,58.5,7.5,807.0,160.25,8.0,13.0,48.0,1.0,1.0,2.0,6.0,3.0,1.0,0.0,1.0,32.0,32.0,0.3975,0.38095238095238093,0.0128,0.0128,0.1,0.45454545454545453,0.5454545454545454,0.55,1.0,1.0,0.5666666666666667,0.5434210526315789,0.0
20260629_202157_89a44e2f,20260629_202157_89a44e2f_g0049,49,1534667431,3,32,32,32,1,2,BLUE,pool_l45_100ms,1,3,[3],0,70,4,"{""1"": 80, ""2"": 70, ""3"": 104, ""4"": 101}",False,17.0,-56.0,6.0,4.0,7.0,0.0175,96.0,42.0,98.5,16.0,16.0,20.25,40.0,6.25,845.0,115.5,8.0,13.0,48.0,1.0,1.0,2.0,6.0,3.0,0.0,0.0,0.0,32.0,32.0,0.3975,0.38095238095238093,0.0128,0.0128,0.1,0.45454545454545453,0.5454545454545454,0.425,1.0,1.0,0.6083333333333333,0.4078947368421053,0.0
20260629_202157_89a44e2f,20260629_202157_89a44e2f_g0049,49,1534667431,3,32,32,32,1,3,YELLOW,pool_peer_500ms,2,3,[3],1,104,1,"{""1"": 80, ""2"": 70, ""3"": 104, ""4"": 101}",False,25.0,-40.0,0.0,19.0,7.0,0.0175,504.0,145.375,476.875,23.0,31.0,75.75,244.0,103.125,437.0,501.875,8.0,13.0,48.0,1.0,1.0,2.0,6.0,3.0,0.0,0.0,0.0,32.0,32.0,0.3975,0.38095238095238093,0.0128,0.0128,0.1,0.45454545454545453,0.5454545454545454,0.625,1.0,1.0,0.5416666666666667,0.5736842105263158,0.0
20260629_202157_89a44e2f,20260629_202157_89a44e2f_g0049,49,1534667431,3,32,32,32,1,4,GREEN,champ_v3,3,3,[3],0,101,2,"{""1"": 80, ""2"": 70, ""3"": 104, ""4"": 101}",False,26.0,-38.0,0.0,25.0,7.0,0.0175,207.0,70.5,215.625,16.0,19.0,35.25,83.5,61.875,734.0,241.625,8.0,13.0,49.0,1.0,1.0,2.0,5.0,4.0,1.0,0.0,0.0,32.0,32.0,0.3975,0.38095238095238093,0.0128,0.0128,0.0975,0.4431818181818182,0.5568181818181818,0.65,1.0,1.0,0.5333333333333333,0.6140350877192983,0.0
20260629_202157_89a44e2f,20260629_202157_89a44e2f_g0049,49,1534667431,4,40,40,40,1,1,RED,pool_heuristic,0,3,[3],0,80,3,"{""1"": 80, ""2"": 70, ""3"": 104, ""4"": 101}",False,16.0,-60.0,2.0,28.0,14.0,0.035,41.0,22.875,43.25,12.0,9.0,9.75,12.5,0.0,459.0,59.25,10.0,11.0,38.0,1.0,1.0,2.0,6.0,1.0,0.0,0.0,1.0,40.0,40.0,0.4925,0.47619047619047616,0.016,0.016,0.125,0.5681818181818182,0.4318181818181818,0.4,1.0,1.0,0.6333333333333333,0.4926315789473684,0.0
20260629_202157_89a44e2f,20260629_202157_89a44e2f_g0049,49,1534667431,4,40,40,40,1,2,BLUE,pool_l45_100ms,1,3,[3],0,70,4,"{""1"": 80, ""2"": 70, ""3"": 104, ""4"": 101}",False,17.0,-58.0,5.0,12.0,14.0,0.035,61.0,31.5,63.5,15.0,13.0,13.5,22.0,0.0,439.0,80.5,10.0,11.0,38.0,1.0,1.0,2.0,6.0,1.0,0.0,0.0,0.0,40.0,40.0,0.4925,0.47619047619047616,0.016,0.016,0.125,0.5681818181818182,0.4318181818181818,0.425,1.0,1.0,0.625,0.43052631578947365,0.0
20260629_202157_89a44e2f,20260629_202157_89a44e2f_g0049,49,1534667431,4,40,40,40,1,3,YELLOW,pool_peer_500ms,2,3,[3],1,104,1,"{""1"": 80, ""2"": 70, ""3"": 104, ""4"": 101}",False,30.0,-32.0,0.0,28.0,14.0,0.035,243.0,89.375,247.5,25.0,25.0,51.75,109.5,36.25,257.0,277.5,10.0,11.0,39.0,1.0,1.0,2.0,5.0,2.0,0.0,0.0,0.0,40.0,40.0,0.4925,0.47619047619047616,0.016,0.016,0.1225,0.5568181818181818,0.4431818181818182,0.75,1.0,1.0,0.5166666666666667,0.5467239527389904,0.0
20260629_202157_89a44e2f,20260629_202157_89a44e2f_g0049,49,1534667431,4,40,40,40,1,4,GREEN,champ_v3,3,3,[3],0,101,2,"{""1"": 80, ""2"": 70, ""3"": 104, ""4"": 101}",False,29.0,-34.0,0.0,32.0,14.0,0.035,155.0,59.625,156.375,19.0,21.0,32.25,51.0,33.125,345.0,185.375,10.0,11.0,40.0,1.0,1.0,2.0,4.0,3.0,1.0,0.0,0.0,40.0,40.0,0.4925,0.47619047619047616,0.016,0.016,0.12,0.5454545454545454,0.45454545454545453,0.725,1.0,1.0,0.525,0.6129385964912281,0.0
20260629_202157_89a44e2f,20260629_202157_89a44e2f_g0049,49,1534667431,5,48,48,48,1,1,RED,pool_heuristic,0,3,[3],0,80,3,"{""1"": 80, ""2"": 70, ""3"": 104, ""4"": 101}",False,17.0,-52.0,2.0,34.0,20.0,0.05,27.0,17.625,28.25,11.0,7.0,6.75,3.5,0.0,234.0,45.25,12.0,9.0,30.0,1.0,1.0,2.0,4.0,1.0,0.0,0.0,1.0,48.0,48.0,0.58,0.5714285714285714,0.0192,0.0192,0.145,0.6590909090909091,0.3409090909090909,0.425,1.0,1.0,0.575,0.4981851179673321,0.0
20260629_202157_89a44e2f,20260629_202157_89a44e2f_g0049,49,1534667431,5,48,48,48,1,2,BLUE,pool_l45_100ms,1,3,[3],0,70,4,"{""1"": 80, ""2"": 70, ""3"": 104, ""4"": 101}",False,12.0,-62.0,5.0,21.0,20.0,0.05,14.0,11.0,15.5,8.0,4.0,1.5,2.0,0.0,247.0,27.5,12.0,9.0,30.0,1.0,1.0,2.0,4.0,1.0,0.0,0.0,0.0,48.0,48.0,0.58,0.5714285714285714,0.0192,0.0192,0.145,0.6590909090909091,0.3409090909090909,0.3,0.7833333333333333,1.0,0.6166666666666667,0.4029038112522686,0.0
20260629_202157_89a44e2f,20260629_202157_89a44e2f_g0049,49,1534667431,5,48,48,48,1,3,YELLOW,pool_peer_500ms,2,3,[3],1,104,1,"{""1"": 80, ""2"": 70, ""3"": 104, ""4"": 101}",False,31.0,-24.0,0.0,40.0,20.0,0.05,119.0,55.125,122.5,23.0,19.0,31.5,46.5,2.5,142.0,153.5,12.0,9.0,30.0,1.0,1.0,2.0,4.0,1.0,0.0,0.0,0.0,48.0,48.0,0.58,0.5714285714285714,0.0192,0.0192,0.145,0.6590909090909091,0.3409090909090909,0.775,1.0,1.0,0.4583333333333333,0.5444646098003629,0.0
20260629_202157_89a44e2f,20260629_202157_89a44e2f_g0049,49,1534667431,5,48,48,48,1,4,GREEN,champ_v3,3,3,[3],0,101,2,"{""1"": 80, ""2"": 70, ""3"": 104, ""4"": 101}",False,26.0,-34.0,0.0,44.0,20.0,0.05,101.0,44.75,110.0,15.0,17.0,25.5,45.0,7.5,160.0,136.0,12.0,9.0,30.0,1.0,1.0,2.0,4.0,1.0,0.0,0.0,0.0,48.0,48.0,0.58,0.5714285714285714,0.0192,0.0192,0.145,0.6590909090909091,0.3409090909090909,0.65,1.0,1.0,0.5,0.5998185117967332,0.0
20260629_202157_89a44e2f,20260629_202157_89a44e2f_g0049,49,1534667431,6,56,56,56,1,1,RED,pool_heuristic,0,3,[3],0,80,3,"{""1"": 80, ""2"": 70, ""3"": 104, ""4"": 101}",False,19.0,-49.0,2.0,47.0,28.0,0.07,22.0,16.25,25.25,11.0,5.0,5.25,4.0,0.0,153.0,44.25,14.0,7.0,22.0,1.0,1.0,2.0,2.0,1.0,0.0,0.0,1.0,56.0,56.0,0.655,0.6666666666666666,0.0224,0.0224,0.165,0.75,0.25,0.475,0.7666666666666667,1.0,0.5666666666666667,0.4872408293460925,0.0
20260629_202157_89a44e2f,20260629_202157_89a44e2f_g0049,49,1534667431,6,56,56,56,1,2,BLUE,pool_l45_100ms,1,3,[3],0,70,4,"{""1"": 80, ""2"": 70, ""3"": 104, ""4"": 101}",False,9.0,-69.0,5.0,44.0,28.0,0.07,4.0,4.0,4.0,4.0,0.0,0.0,0.0,0.0,171.0,13.0,14.0,7.0,24.0,1.0,0.0,2.0,3.0,1.0,0.0,0.0,0.0,56.0,56.0,0.655,0.6666666666666666,0.0224,0.0224,0.16,0.7272727272727273,0.2727272727272727,0.225,0.2833333333333333,1.0,0.65,0.3988486842105263,0.0
20260629_202157_89a44e2f,20260629_202157_89a44e2f_g0049,49,1534667431,6,56,56,56,1,3,YELLOW,pool_peer_500ms,2,3,[3],1,104,1,"{""1"": 80, ""2"": 70, ""3"": 104, ""4"": 101}",False,34.0,-19.0,0.0,48.0,28.0,0.07,86.0,50.0,99.25,25.0,18.0,24.75,29.0,2.5,89.0,133.25,14.0,7.0,22.0,1.0,1.0,2.0,2.0,1.0,0.0,0.0,0.0,56.0,56.0,0.655,0.6666666666666666,0.0224,0.0224,0.165,0.75,0.25,0.85,1.0,1.0,0.4416666666666667,0.5422647527910686,0.0
20260629_202157_89a44e2f,20260629_202157_89a44e2f_g0049,49,1534667431,6,56,56,56,1,4,GREEN,champ_v3,3,3,[3],0,101,2,"{""1"": 80, ""2"": 70, ""3"": 104, ""4"": 101}",False,25.0,-37.0,0.0,51.0,28.0,0.07,63.0,34.875,72.5,16.0,16.0,9.0,31.5,0.0,112.0,97.5,14.0,7.0,22.0,1.0,1.0,1.0,4.0,0.0,0.0,0.0,0.0,56.0,56.0,0.655,0.6666666666666666,0.0224,0.0224,0.165,0.75,0.25,0.625,1.0,0.8,0.5166666666666667,0.5853269537480064,0.0
20260629_202157_89a44e2f,20260629_202157_89a44e2f_g0049,49,1534667431,7,64,64,65,2,1,RED,pool_heuristic,0,3,[3],0,80,3,"{""1"": 80, ""2"": 70, ""3"": 104, ""4"": 101}",False,18.0,-48.0,2.0,57.0,35.0,0.0875,5.0,2.5,6.0,0.0,4.0,0.0,2.0,0.0,58.0,24.0,17.0,4.0,15.0,0.0,1.0,0.0,2.0,1.0,0.0,0.0,1.0,64.0,65.0,0.7125,0.8095238095238095,0.026,0.0256,0.1825,0.8295454545454546,0.17045454545454544,0.45,0.6,1.0,0.55,0.4895457822638789,0.0
20260629_202157_89a44e2f,20260629_202157_89a44e2f_g0049,49,1534667431,7,64,64,65,2,2,BLUE,pool_l45_100ms,1,3,[3],0,70,4,"{""1"": 80, ""2"": 70, ""3"": 104, ""4"": 101}",False,7.0,-70.0,5.0,47.0,35.0,0.0875,0.0,0.0,0.0,0.0,0.0,0.0,0.0,0.0,63.0,7.0,15.0,6.0,23.0,0.0,0.0,2.0,3.0,1.0,0.0,0.0,0.0,64.0,65.0,0.7125,0.7142857142857143,0.026,0.0256,0.1625,0.7386363636363636,0.26136363636363635,0.175,0.15,1.0,0.6416666666666667,0.4,0.0
20260629_202157_89a44e2f,20260629_202157_89a44e2f_g0049,49,1534667431,7,64,64,65,2,3,YELLOW,pool_peer_500ms,2,3,[3],1,104,1,"{""1"": 80, ""2"": 70, ""3"": 104, ""4"": 101}",False,36.0,-12.0,0.0,56.0,35.0,0.0875,35.0,30.0,41.0,23.0,10.0,0.0,8.0,0.0,28.0,77.0,16.0,5.0,15.0,1.0,1.0,1.0,1.0,1.0,0.0,0.0,0.0,64.0,65.0,0.7125,0.7619047619047619,0.026,0.0256,0.1825,0.8295454545454546,0.17045454545454544,0.9,0.8833333333333333,1.0,0.4,0.5111751982696466,0.0
20260629_202157_89a44e2f,20260629_202157_89a44e2f_g0049,49,1534667431,7,64,64,65,2,4,GREEN,champ_v3,3,3,[3],0,101,2,"{""1"": 80, ""2"": 70, ""3"": 104, ""4"": 101}",False,23.0,-38.0,0.0,56.0,35.0,0.0875,23.0,16.25,23.5,11.0,8.0,1.5,3.0,0.0,40.0,46.5,16.0,5.0,14.0,1.0,1.0,1.0,2.0,0.0,0.0,0.0,0.0,64.0,65.0,0.7125,0.7619047619047619,0.026,0.0256,0.185,0.8409090909090909,0.1590909090909091,0.575,0.9,0.8,0.5083333333333333,0.5512091038406828,0.0
20260629_202157_89a44e2f,20260629_202157_89a44e2f_g0050,50,1560760407,0,8,8,8,1,1,RED,pool_l45_100ms,0,3,[3],0,84,4,"{""1"": 84, ""2"": 95, ""3"": 97, ""4"": 85}",False,6.0,-18.0,9.0,0.0,1.0,0.0025,388.0,90.5,366.25,6.0,10.0,28.5,113.0,208.75,1413.0,372.25,2.0,19.0,78.0,1.0,1.0,2.0,6.0,9.0,1.0,1.0,0.0,8.0,8.0,0.1,0.09523809523809523,0.0032,0.0032,0.025,0.11363636363636363,0.8863636363636364,0.15,1.0,1.0,0.2,0.20526315789473681,0.0
20260629_202157_89a44e2f,20260629_202157_89a44e2f_g0050,50,1560760407,0,8,8,8,1,2,BLUE,pool_peer_500ms,1,3,[3],0,95,2,"{""1"": 84, ""2"": 95, ""3"": 97, ""4"": 85}",False,9.0,-12.0,9.0,0.0,1.0,0.0025,543.0,122.625,488.75,9.0,15.0,41.25,153.5,270.0,1258.0,497.75,2.0,19.0,78.0,1.0,1.0,2.0,6.0,9.0,1.0,0.0,0.0,8.0,8.0,0.1,0.09523809523809523,0.0032,0.0032,0.025,0.11363636363636363,0.8863636363636364,0.225,1.0,1.0,0.175,0.23684210526315785,0.0
20260629_202157_89a44e2f,20260629_202157_89a44e2f_g0050,50,1560760407,0,8,8,8,1,3,YELLOW,champ_v3,2,3,[3],1,97,1,"{""1"": 84, ""2"": 95, ""3"": 97, ""4"": 85}",False,9.0,-12.0,9.0,0.0,1.0,0.0025,543.0,122.625,488.75,9.0,15.0,41.25,153.5,270.0,1258.0,497.75,2.0,19.0,78.0,1.0,1.0,2.0,6.0,9.0,1.0,0.0,0.0,8.0,8.0,0.1,0.09523809523809523,0.0032,0.0032,0.025,0.11363636363636363,0.8863636363636364,0.225,1.0,1.0,0.175,0.23684210526315785,0.0
20260629_202157_89a44e2f,20260629_202157_89a44e2f_g0050,50,1560760407,0,8,8,8,1,4,GREEN,pool_heuristic,3,3,[3],0,85,3,"{""1"": 84, ""2"": 95, ""3"": 97, ""4"": 85}",False,6.0,-18.0,9.0,0.0,1.0,0.0025,327.0,85.0,341.0,6.0,10.0,27.75,106.0,191.25,1474.0,347.0,2.0,19.0,78.0,1.0,1.0,2.0,6.0,9.0,1.0,1.0,1.0,8.0,8.0,0.1,0.09523809523809523,0.0032,0.0032,0.025,0.11363636363636363,0.8863636363636364,0.15,1.0,1.0,0.2,0.21052631578947367,0.0
20260629_202157_89a44e2f,20260629_202157_89a44e2f_g0050,50,1560760407,1,16,16,16,1,1,RED,pool_l45_100ms,0,3,[3],0,84,4,"{""1"": 84, ""2"": 95, ""3"": 97, ""4"": 85}",False,10.0,-35.0,7.0,0.0,1.0,0.0025,447.0,107.125,400.625,10.0,17.0,45.0,158.0,170.625,1973.0,410.625,4.0,17.0,68.0,1.0,1.0,2.0,6.0,7.0,1.0,0.0,0.0,16.0,16.0,0.2,0.19047619047619047,0.0064,0.0064,0.05,0.22727272727272727,0.7727272727272727,0.25,1.0,1.0,0.375,0.3236842105263158,0.0
20260629_202157_89a44e2f,20260629_202157_89a44e2f_g0050,50,1560760407,1,16,16,16,1,2,BLUE,pool_peer_500ms,1,3,[3],0,95,2,"{""1"": 84, ""2"": 95, ""3"": 97, ""4"": 85}",False,16.0,-23.0,0.0,2.0,1.0,0.0025,669.0,168.25,649.75,14.0,23.0,63.75,234.0,315.0,1751.0,665.75,4.0,17.0,68.0,1.0,1.0,2.0,6.0,7.0,1.0,0.0,0.0,16.0,16.0,0.2,0.19047619047619047,0.0064,0.0064,0.05,0.22727272727272727,0.7727272727272727,0.4,1.0,1.0,0.325,0.49473684210526314,0.0
20260629_202157_89a44e2f,20260629_202157_89a44e2f_g0050,50,1560760407,1,16,16,16,1,3,YELLOW,champ_v3,2,3,[3],1,97,1,"{""1"": 84, ""2"": 95, ""3"": 97, ""4"": 85}",False,15.0,-25.0,1.0,2.0,1.0,0.0025,728.0,182.625,704.5,15.0,25.0,70.5,256.5,337.5,1692.0,719.5,4.0,17.0,68.0,1.0,1.0,2.0,6.0,7.0,1.0,0.0,0.0,16.0,16.0,0.2,0.19047619047619047,0.0064,0.0064,0.05,0.22727272727272727,0.7727272727272727,0.375,1.0,1.0,0.33333333333333337,0.4894736842105264,0.0
20260629_202157_89a44e2f,20260629_202157_89a44e2f_g0050,50,1560760407,1,16,16,16,1,4,GREEN,pool_heuristic,3,3,[3],0,85,3,"{""1"": 84, ""2"": 95, ""3"": 97, ""4"": 85}",False,14.0,-27.0,1.0,0.0,1.0,0.0025,576.0,165.125,631.125,14.0,23.0,66.0,240.0,288.125,1844.0,645.125,4.0,17.0,68.0,1.0,1.0,2.0,6.0,7.0,1.0,0.0,1.0,16.0,16.0,0.2,0.19047619047619047,0.0064,0.0064,0.05,0.22727272727272727,0.7727272727272727,0.35,1.0,1.0,0.3416666666666667,0.4605263157894737,0.0
20260629_202157_89a44e2f,20260629_202157_89a44e2f_g0050,50,1560760407,2,24,24,24,1,1,RED,pool_l45_100ms,0,3,[3],0,84,4,"{""1"": 84, ""2"": 95, ""3"": 97, ""4"": 85}",False,14.0,-44.0,6.0,3.0,9.0,0.0225,228.0,64.25,206.25,12.0,16.0,31.5,88.0,58.75,1270.0,220.25,6.0,15.0,58.0,1.0,1.0,2.0,6.0,5.0,0.0,0.0,0.0,24.0,24.0,0.3,0.2857142857142857,0.0096,0.0096,0.075,0.3409090909090909,0.6590909090909091,0.35,1.0,1.0,0.4833333333333333,0.4017543859649123,0.0
20260629_202157_89a44e2f,20260629_202157_89a44e2f_g0050,50,1560760407,2,24,24,24,1,2,BLUE,pool_peer_500ms,1,3,[3],0,95,2,"{""1"": 84, ""2"": 95, ""3"": 97, ""4"": 85}",False,19.0,-34.0,0.0,14.0,9.0,0.0225,348.0,100.625,346.75,15.0,19.0,45.75,149.5,117.5,1150.0,365.75,6.0,15.0,58.0,1.0,1.0,2.0,6.0,5.0,0.0,0.0,0.0,24.0,24.0,0.3,0.2857142857142857,0.0096,0.0096,0.075,0.3409090909090909,0.6590909090909091,0.475,1.0,1.0,0.4416666666666667,0.5684210526315789,0.0
20260629_202157_89a44e2f,20260629_202157_89a44e2f_g0050,50,1560760407,2,24,24,24,1,3,YELLOW,champ_v3,2,3,[3],1,97,1,"{""1"": 84, ""2"": 95, ""3"": 97, ""4"": 85}",False,19.0,-34.0,1.0,10.0,9.0,0.0225,490.0,138.875,487.875,19.0,25.0,62.25,206.0,175.625,1008.0,506.875,6.0,15.0,58.0,1.0,1.0,2.0,6.0,5.0,1.0,0.0,0.0,24.0,24.0,0.3,0.2857142857142857,0.0096,0.0096,0.075,0.3409090909090909,0.6590909090909091,0.475,1.0,1.0,0.4416666666666667,0.5771929824561404,0.0
20260629_202157_89a44e2f,20260629_202157_89a44e2f_g0050,50,1560760407,2,24,24,24,1,4,GREEN,pool_heuristic,3,3,[3],0,85,3,"{""1"": 84, ""2"": 95, ""3"": 97, ""4"": 85}",False,20.0,-32.0,1.0,2.0,9.0,0.0225,432.0,139.125,488.625,18.0,25.0,64.5,218.0,163.125,1066.0,508.625,6.0,15.0,58.0,1.0,1.0,2.0,6.0,5.0,1.0,0.0,1.0,24.0,24.0,0.3,0.2857142857142857,0.0096,0.0096,0.075,0.3409090909090909,0.6590909090909091,0.5,1.0,1.0,0.4333333333333333,0.5192982456140351,0.0
20260629_202157_89a44e2f,20260629_202157_89a44e2f_g0050,50,1560760407,3,32,32,32,1,1,RED,pool_l45_100ms,0,3,[3],0,84,4,"{""1"": 84, ""2"": 95, ""3"": 97, ""4"": 85}",False,15.0,-54.0,3.0,8.0,10.0,0.025,98.0,37.375,98.0,11.0,14.0,20.25,41.5,11.25,783.0,113.0,8.0,13.0,48.0,1.0,1.0,2.0,6.0,3.0,0.0,0.0,0.0,32.0,32.0,0.395,0.38095238095238093,0.0128,0.0128,0.1,0.45454545454545453,0.5454545454545454,0.375,1.0,1.0,0.575,0.4368421052631579,0.0
20260629_202157_89a44e2f,20260629_202157_89a44e2f_g0050,50,1560760407,3,32,32,32,1,2,BLUE,pool_peer_500ms,1,3,[3],0,95,2,"{""1"": 84, ""2"": 95, ""3"": 97, ""4"": 85}",False,23.0,-38.0,0.0,21.0,10.0,0.025,310.0,94.875,300.125,19.0,23.0,51.75,117.0,89.375,571.0,323.125,8.0,13.0,49.0,1.0,1.0,2.0,5.0,4.0,0.0,0.0,0.0,32.0,32.0,0.395,0.38095238095238093,0.0128,0.0128,0.0975,0.4431818181818182,0.5568181818181818,0.575,1.0,1.0,0.5083333333333333,0.6126855600539811,0.0
20260629_202157_89a44e2f,20260629_202157_89a44e2f_g0050,50,1560760407,3,32,32,32,1,3,YELLOW,champ_v3,2,3,[3],1,97,1,"{""1"": 84, ""2"": 95, ""3"": 97, ""4"": 85}",False,23.0,-38.0,1.0,22.0,10.0,0.025,384.0,119.375,400.625,19.0,26.0,60.75,163.0,131.875,497.0,423.625,8.0,13.0,49.0,1.0,1.0,2.0,5.0,4.0,1.0,0.0,0.0,32.0,32.0,0.395,0.38095238095238093,0.0128,0.0128,0.0975,0.4431818181818182,0.5568181818181818,0.575,1.0,1.0,0.5083333333333333,0.6059379217273955,0.0
20260629_202157_89a44e2f,20260629_202157_89a44e2f_g0050,50,1560760407,3,32,32,32,1,4,GREEN,pool_heuristic,3,3,[3],0,85,3,"{""1"": 84, ""2"": 95, ""3"": 97, ""4"": 85}",False,23.0,-38.0,1.0,9.0,10.0,0.025,89.0,40.625,92.375,18.0,13.0,18.0,29.0,14.375,792.0,115.375,8.0,13.0,48.0,1.0,1.0,2.0,6.0,3.0,0.0,0.0,1.0,32.0,32.0,0.395,0.38095238095238093,0.0128,0.0128,0.1,0.45454545454545453,0.5454545454545454,0.575,1.0,1.0,0.5083333333333333,0.5039473684210526,0.0
20260629_202157_89a44e2f,20260629_202157_89a44e2f_g0050,50,1560760407,4,40,40,40,1,1,RED,pool_l45_100ms,0,3,[3],0,84,4,"{""1"": 84, ""2"": 95, ""3"": 97, ""4"": 85}",False,13.0,-67.0,3.0,14.0,13.0,0.0325,60.0,26.0,61.0,9.0,11.0,15.0,26.0,0.0,451.0,74.0,10.0,11.0,38.0,1.0,1.0,2.0,6.0,1.0,0.0,0.0,0.0,40.0,40.0,0.4875,0.47619047619047616,0.016,0.016,0.125,0.5681818181818182,0.4318181818181818,0.325,0.9833333333333333,1.0,0.6666666666666667,0.4378947368421052,0.0
20260629_202157_89a44e2f,20260629_202157_89a44e2f_g0050,50,1560760407,4,40,40,40,1,2,BLUE,pool_peer_500ms,1,3,[3],0,95,2,"{""1"": 84, ""2"": 95, ""3"": 97, ""4"": 85}",False,28.0,-37.0,0.0,35.0,13.0,0.0325,197.0,70.875,193.125,21.0,21.0,43.5,67.0,40.625,314.0,221.125,10.0,11.0,40.0,1.0,1.0,2.0,4.0,3.0,0.0,0.0,0.0,40.0,40.0,0.4875,0.47619047619047616,0.016,0.016,0.12,0.5454545454545454,0.45454545454545453,0.7,1.0,1.0,0.5416666666666667,0.5942982456140351,0.0
20260629_202157_89a44e2f,20260629_202157_89a44e2f_g0050,50,1560760407,4,40,40,40,1,3,YELLOW,champ_v3,2,3,[3],1,97,1,"{""1"": 84, ""2"": 95, ""3"": 97, ""4"": 85}",False,28.0,-37.0,1.0,29.0,13.0,0.0325,213.0,82.75,241.5,20.0,24.0,49.5,93.0,55.0,298.0,269.5,10.0,11.0,40.0,1.0,1.0,2.0,4.0,3.0,0.0,0.0,0.0,40.0,40.0,0.4875,0.47619047619047616,0.016,0.016,0.12,0.5454545454545454,0.45454545454545453,0.7,1.0,1.0,0.5416666666666667,0.5921052631578947,0.0
20260629_202157_89a44e2f,20260629_202157_89a44e2f_g0050,50,1560760407,4,40,40,40,1,4,GREEN,pool_heuristic,3,3,[3],0,85,3,"{""1"": 84, ""2"": 95, ""3"": 97, ""4"": 85}",False,24.0,-45.0,1.0,21.0,13.0,0.0325,41.0,26.125,40.75,17.0,10.0,9.0,3.5,1.25,470.0,64.75,10.0,11.0,39.0,1.0,1.0,2.0,5.0,2.0,0.0,0.0,1.0,40.0,40.0,0.4875,0.47619047619047616,0.016,0.016,0.1225,0.5568181818181818,0.4431818181818182,0.6,1.0,1.0,0.575,0.48012889366272826,0.0
20260629_202157_89a44e2f,20260629_202157_89a44e2f_g0050,50,1560760407,5,48,48,48,1,1,RED,pool_l45_100ms,0,3,[3],0,84,4,"{""1"": 84, ""2"": 95, ""3"": 97, ""4"": 85}",False,9.0,-74.0,3.0,27.0,14.0,0.035,28.0,13.5,30.0,5.0,6.0,9.0,10.0,0.0,237.0,39.0,12.0,9.0,30.0,1.0,1.0,2.0,4.0,1.0,0.0,0.0,0.0,48.0,48.0,0.5725,0.5714285714285714,0.0192,0.0192,0.145,0.6590909090909091,0.3409090909090909,0.225,0.6833333333333333,1.0,0.6916666666666667,0.4528130671506352,0.0
20260629_202157_89a44e2f,20260629_202157_89a44e2f_g0050,50,1560760407,5,48,48,48,1,2,BLUE,pool_peer_500ms,1,3,[3],0,95,2,"{""1"": 84, ""2"": 95, ""3"": 97, ""4"": 85}",False,32.0,-28.0,0.0,43.0,14.0,0.035,109.0,55.75,128.75,22.0,20.0,35.25,34.0,17.5,156.0,160.75,12.0,9.0,31.0,1.0,1.0,2.0,3.0,2.0,0.0,0.0,0.0,48.0,48.0,0.5725,0.5714285714285714,0.0192,0.0192,0.1425,0.6477272727272727,0.3522727272727273,0.8,1.0,1.0,0.5,0.5854108956602031,0.0
20260629_202157_89a44e2f,20260629_202157_89a44e2f_g0050,50,1560760407,5,48,48,48,1,3,YELLOW,champ_v3,2,3,[3],1,97,1,"{""1"": 84, ""2"": 95, ""3"": 97, ""4"": 85}",False,26.0,-40.0,1.0,43.0,14.0,0.035,88.0,44.25,102.25,18.0,15.0,26.25,28.0,15.0,177.0,128.25,12.0,9.0,31.0,1.0,1.0,2.0,3.0,2.0,0.0,0.0,0.0,48.0,48.0,0.5725,0.5714285714285714,0.0192,0.0192,0.1425,0.6477272727272727,0.3522727272727273,0.65,1.0,1.0,0.55,0.6048014773776547,0.0
20260629_202157_89a44e2f,20260629_202157_89a44e2f_g0050,50,1560760407,5,48,48,48,1,4,GREEN,pool_heuristic,3,3,[3],0,85,3,"{""1"": 84, ""2"": 95, ""3"": 97, ""4"": 85}",False,25.0,-42.0,1.0,31.0,14.0,0.035,40.0,25.75,40.25,17.0,9.0,9.0,4.0,1.25,225.0,65.25,12.0,9.0,31.0,1.0,1.0,2.0,3.0,2.0,0.0,0.0,1.0,48.0,48.0,0.5725,0.5714285714285714,0.0192,0.0192,0.1425,0.6477272727272727,0.3522727272727273,0.625,1.0,1.0,0.5583333333333333,0.47645429362880887,0.0
20260629_202157_89a44e2f,20260629_202157_89a44e2f_g0050,50,1560760407,6,56,56,56,1,1,RED,pool_l45_100ms,0,3,[3],0,84,4,"{""1"": 84, ""2"": 95, ""3"": 97, ""4"": 85}",False,9.0,-72.0,3.0,43.0,17.0,0.0425,24.0,11.75,27.25,4.0,5.0,8.25,10.0,0.0,147.0,36.25,14.0,7.0,21.0,1.0,1.0,2.0,3.0,0.0,0.0,0.0,0.0,56.0,56.0,0.655,0.6666666666666666,0.0224,0.0224,0.1675,0.7613636363636364,0.23863636363636365,0.225,0.7666666666666667,0.8,0.675,0.417910447761194,0.0
20260629_202157_89a44e2f,20260629_202157_89a44e2f_g0050,50,1560760407,6,56,56,56,1,2,BLUE,pool_peer_500ms,1,3,[3],0,95,2,"{""1"": 84, ""2"": 95, ""3"": 97, ""4"": 85}",False,29.0,-32.0,0.0,55.0,17.0,0.0425,52.0,31.5,65.5,15.0,11.0,18.0,14.0,7.5,119.0,94.5,14.0,7.0,22.0,1.0,1.0,2.0,2.0,1.0,0.0,0.0,0.0,56.0,56.0,0.655,0.6666666666666666,0.0224,0.0224,0.165,0.75,0.25,0.725,1.0,1.0,0.5083333333333333,0.5502392344497609,0.0
20260629_202157_89a44e2f,20260629_202157_89a44e2f_g0050,50,1560760407,6,56,56,56,1,3,YELLOW,champ_v3,2,3,[3],1,97,1,"{""1"": 84, ""2"": 95, ""3"": 97, ""4"": 85}",False,26.0,-38.0,1.0,52.0,17.0,0.0425,59.0,32.25,70.0,16.0,12.0,7.5,17.0,17.5,112.0,96.0,14.0,7.0,24.0,1.0,1.0,1.0,2.0,2.0,0.0,0.0,0.0,56.0,56.0,0.655,0.6666666666666666,0.0224,0.0224,0.16,0.7272727272727273,0.2727272727272727,0.65,1.0,1.0,0.5333333333333333,0.5978618421052632,0.0
20260629_202157_89a44e2f,20260629_202157_89a44e2f_g0050,50,1560760407,6,56,56,56,1,4,GREEN,pool_heuristic,3,3,[3],0,85,3,"{""1"": 84, ""2"": 95, ""3"": 97, ""4"": 85}",False,26.0,-38.0,1.0,40.0,17.0,0.0425,36.0,25.75,36.75,18.0,10.0,7.5,0.0,1.25,135.0,62.75,14.0,7.0,23.0,1.0,1.0,2.0,1.0,2.0,0.0,0.0,1.0,56.0,56.0,0.655,0.6666666666666666,0.0224,0.0224,0.1625,0.7386363636363636,0.26136363636363635,0.65,1.0,1.0,0.5333333333333333,0.4502024291497976,0.0
20260629_202157_89a44e2f,20260629_202157_89a44e2f_g0050,50,1560760407,7,64,64,64,1,1,RED,pool_l45_100ms,0,3,[3],0,84,4,"{""1"": 84, ""2"": 95, ""3"": 97, ""4"": 85}",False,6.0,-66.0,3.0,50.0,25.0,0.0625,4.0,2.5,5.5,1.0,1.0,1.5,2.0,0.0,58.0,11.5,16.0,5.0,13.0,1.0,1.0,2.0,1.0,0.0,0.0,0.0,0.0,64.0,64.0,0.7275,0.7619047619047619,0.0256,0.0256,0.1875,0.8522727272727273,0.14772727272727273,0.15,0.3333333333333333,0.8,0.6,0.40491228070175433,0.0
20260629_202157_89a44e2f,20260629_202157_89a44e2f_g0050,50,1560760407,7,64,64,64,1,2,BLUE,pool_peer_500ms,1,3,[3],0,95,2,"{""1"": 84, ""2"": 95, ""3"": 97, ""4"": 85}",False,26.0,-26.0,0.0,59.0,25.0,0.0625,17.0,13.5,16.5,11.0,4.0,1.5,0.0,0.0,45.0,42.5,16.0,5.0,14.0,1.0,1.0,1.0,2.0,0.0,0.0,0.0,0.0,64.0,64.0,0.7275,0.7619047619047619,0.0256,0.0256,0.185,0.8409090909090909,0.1590909090909091,0.65,0.6333333333333333,0.8,0.4333333333333333,0.5199146514935988,0.0
20260629_202157_89a44e2f,20260629_202157_89a44e2f_g0050,50,1560760407,7,64,64,64,1,3,YELLOW,champ_v3,2,3,[3],1,97,1,"{""1"": 84, ""2"": 95, ""3"": 97, ""4"": 85}",False,24.0,-30.0,1.0,64.0,25.0,0.0625,35.0,22.0,35.5,14.0,9.0,6.0,4.0,2.5,27.0,59.5,16.0,5.0,15.0,1.0,1.0,1.0,1.0,1.0,0.0,0.0,0.0,64.0,64.0,0.7275,0.7619047619047619,0.0256,0.0256,0.1825,0.8295454545454546,0.17045454545454544,0.6,1.0,1.0,0.45,0.5652487382840663,0.0
20260629_202157_89a44e2f,20260629_202157_89a44e2f_g0050,50,1560760407,7,64,64,64,1,4,GREEN,pool_heuristic,3,3,[3],0,85,3,"{""1"": 84, ""2"": 95, ""3"": 97, ""4"": 85}",False,22.0,-34.0,1.0,48.0,25.0,0.0625,6.0,3.0,6.5,0.0,5.0,1.5,0.0,0.0,56.0,28.5,16.0,5.0,19.0,0.0,1.0,1.0,1.0,2.0,0.0,0.0,1.0,64.0,64.0,0.7275,0.7619047619047619,0.0256,0.0256,0.1725,0.7840909090909091,0.2159090909090909,0.55,0.7666666666666667,1.0,0.4666666666666667,0.4469870327993898,0.0
20260629_202157_89a44e2f,20260629_202157_89a44e2f_g0051,51,2030725558,0,8,8,8,1,1,RED,pool_peer_500ms,0,1,[1],1,100,1,"{""1"": 100, ""2"": 83, ""3"": 85, ""4"": 77}",False,9.0,-15.0,9.0,0.0,0.0,0.0,543.0,122.625,488.75,9.0,15.0,41.25,153.5,270.0,1348.0,497.75,2.0,19.0,78.0,1.0,1.0,2.0,6.0,9.0,1.0,0.0,0.0,8.0,8.0,0.1,0.09523809523809523,0.0032,0.0032,0.025,0.11363636363636363,0.8863636363636364,0.225,1.0,1.0,0.2,0.23684210526315785,0.0
20260629_202157_89a44e2f,20260629_202157_89a44e2f_g0051,51,2030725558,0,8,8,8,1,2,BLUE,champ_v3,1,1,[1],0,83,3,"{""1"": 100, ""2"": 83, ""3"": 85, ""4"": 77}",False,9.0,-15.0,9.0,0.0,0.0,0.0,543.0,122.625,488.75,9.0,15.0,41.25,153.5,270.0,1348.0,497.75,2.0,19.0,78.0,1.0,1.0,2.0,6.0,9.0,1.0,0.0,0.0,8.0,8.0,0.1,0.09523809523809523,0.0032,0.0032,0.025,0.11363636363636363,0.8863636363636364,0.225,1.0,1.0,0.2,0.23684210526315785,0.0
20260629_202157_89a44e2f,20260629_202157_89a44e2f_g0051,51,2030725558,0,8,8,8,1,3,YELLOW,pool_heuristic,2,1,[1],0,85,2,"{""1"": 100, ""2"": 83, ""3"": 85, ""4"": 77}",False,8.0,-17.0,9.0,0.0,0.0,0.0,361.0,91.5,355.625,8.0,13.0,32.25,115.5,186.875,1530.0,363.625,2.0,19.0,78.0,1.0,1.0,2.0,6.0,9.0,1.0,0.0,1.0,8.0,8.0,0.1,0.09523809523809523,0.0032,0.0032,0.025,0.11363636363636363,0.8863636363636364,0.2,1.0,1.0,0.20833333333333334,0.24736842105263157,0.0
20260629_202157_89a44e2f,20260629_202157_89a44e2f_g0051,51,2030725558,0,8,8,8,1,4,GREEN,pool_l45_100ms,3,1,[1],0,77,4,"{""1"": 100, ""2"": 83, ""3"": 85, ""4"": 77}",False,7.0,-19.0,9.0,0.0,0.0,0.0,444.0,103.25,415.125,7.0,12.0,33.75,130.5,231.875,1447.0,422.125,2.0,19.0,78.0,1.0,1.0,2.0,6.0,9.0,1.0,1.0,0.0,8.0,8.0,0.1,0.09523809523809523,0.0032,0.0032,0.025,0.11363636363636363,0.8863636363636364,0.175,1.0,1.0,0.21666666666666665,0.20526315789473681,0.0
20260629_202157_89a44e2f,20260629_202157_89a44e2f_g0051,51,2030725558,1,16,16,16,1,1,RED,pool_peer_500ms,0,1,[1],1,100,1,"{""1"": 100, ""2"": 83, ""3"": 85, ""4"": 77}",False,16.0,-24.0,0.0,2.0,4.0,0.01,680.0,170.25,658.0,14.0,23.0,64.5,239.0,317.5,1690.0,674.0,4.0,17.0,68.0,1.0,1.0,2.0,6.0,7.0,1.0,0.0,0.0,16.0,16.0,0.2,0.19047619047619047,0.0064,0.0064,0.05,0.22727272727272727,0.7727272727272727,0.4,1.0,1.0,0.33333333333333337,0.49473684210526314,0.0
20260629_202157_89a44e2f,20260629_202157_89a44e2f_g0051,51,2030725558,1,16,16,16,1,2,BLUE,champ_v3,1,1,[1],0,83,3,"{""1"": 100, ""2"": 83, ""3"": 85, ""4"": 77}",False,15.0,-26.0,1.0,2.0,4.0,0.01,809.0,200.625,779.5,15.0,27.0,77.25,286.5,373.75,1561.0,794.5,4.0,17.0,68.0,1.0,1.0,2.0,6.0,7.0,1.0,0.0,0.0,16.0,16.0,0.2,0.19047619047619047,0.0064,0.0064,0.05,0.22727272727272727,0.7727272727272727,0.375,1.0,1.0,0.3416666666666667,0.4894736842105264,0.0
20260629_202157_89a44e2f,20260629_202157_89a44e2f_g0051,51,2030725558,1,16,16,16,1,3,YELLOW,pool_heuristic,2,1,[1],0,85,2,"{""1"": 100, ""2"": 83, ""3"": 85, ""4"": 77}",False,15.0,-26.0,3.0,0.0,4.0,0.01,503.0,146.125,542.5,15.0,24.0,61.5,204.5,237.5,1867.0,557.5,4.0,17.0,68.0,1.0,1.0,2.0,6.0,7.0,1.0,0.0,1.0,16.0,16.0,0.2,0.19047619047619047,0.0064,0.0064,0.05,0.22727272727272727,0.7727272727272727,0.375,1.0,1.0,0.3416666666666667,0.4552631578947368,0.0
20260629_202157_89a44e2f,20260629_202157_89a44e2f_g0051,51,2030725558,1,16,16,16,1,4,GREEN,pool_l45_100ms,3,1,[1],0,77,4,"{""1"": 100, ""2"": 83, ""3"": 85, ""4"": 77}",False,10.0,-36.0,7.0,0.0,4.0,0.01,378.0,91.75,338.375,10.0,15.0,38.25,129.5,145.625,1992.0,348.375,4.0,17.0,68.0,1.0,1.0,2.0,6.0,7.0,1.0,0.0,0.0,16.0,16.0,0.2,0.19047619047619047,0.0064,0.0064,0.05,0.22727272727272727,0.7727272727272727,0.25,1.0,1.0,0.38333333333333336,0.3131578947368421,0.0
20260629_202157_89a44e2f,20260629_202157_89a44e2f_g0051,51,2030725558,2,24,24,24,1,1,RED,pool_peer_500ms,0,1,[1],1,100,1,"{""1"": 100, ""2"": 83, ""3"": 85, ""4"": 77}",False,21.0,-30.0,0.0,7.0,7.0,0.0175,331.0,89.75,310.875,14.0,16.0,39.0,127.5,114.375,1105.0,331.875,6.0,15.0,58.0,1.0,1.0,2.0,6.0,5.0,1.0,0.0,0.0,24.0,24.0,0.3,0.2857142857142857,0.0096,0.0096,0.075,0.3409090909090909,0.6590909090909091,0.525,1.0,1.0,0.425,0.5614035087719298,0.0
20260629_202157_89a44e2f,20260629_202157_89a44e2f_g0051,51,2030725558,2,24,24,24,1,2,BLUE,champ_v3,1,1,[1],0,83,3,"{""1"": 100, ""2"": 83, ""3"": 85, ""4"": 77}",False,20.0,-32.0,1.0,6.0,7.0,0.0175,606.0,165.375,595.5,19.0,28.0,72.0,261.5,215.0,830.0,615.5,6.0,15.0,58.0,1.0,1.0,2.0,6.0,5.0,1.0,0.0,0.0,24.0,24.0,0.3,0.2857142857142857,0.0096,0.0096,0.075,0.3409090909090909,0.6590909090909091,0.5,1.0,1.0,0.4333333333333333,0.5842105263157895,0.0
20260629_202157_89a44e2f,20260629_202157_89a44e2f_g0051,51,2030725558,2,24,24,24,1,3,YELLOW,pool_heuristic,2,1,[1],0,85,2,"{""1"": 100, ""2"": 83, ""3"": 85, ""4"": 77}",False,19.0,-34.0,3.0,4.0,7.0,0.0175,286.0,92.0,304.25,15.0,21.0,46.5,133.0,88.75,1150.0,323.25,6.0,15.0,58.0,1.0,1.0,2.0,6.0,5.0,1.0,0.0,1.0,24.0,24.0,0.3,0.2857142857142857,0.0096,0.0096,0.075,0.3409090909090909,0.6590909090909091,0.475,1.0,1.0,0.4416666666666667,0.49298245614035086,0.0
20260629_202157_89a44e2f,20260629_202157_89a44e2f_g0051,51,2030725558,2,24,24,24,1,4,GREEN,pool_l45_100ms,3,1,[1],0,77,4,"{""1"": 100, ""2"": 83, ""3"": 85, ""4"": 77}",False,12.0,-48.0,3.0,3.0,7.0,0.0175,213.0,55.5,183.0,11.0,11.0,21.75,78.0,61.25,1223.0,195.0,6.0,15.0,58.0,1.0,1.0,2.0,6.0,5.0,0.0,0.0,0.0,24.0,24.0,0.3,0.2857142857142857,0.0096,0.0096,0.075,0.3409090909090909,0.6590909090909091,0.3,1.0,1.0,0.5,0.4175438596491228,0.0
20260629_202157_89a44e2f,20260629_202157_89a44e2f_g0051,51,2030725558,3,32,32,32,1,1,RED,pool_peer_500ms,0,1,[1],1,100,1,"{""1"": 100, ""2"": 83, ""3"": 85, ""4"": 77}",False,25.0,-37.0,0.0,17.0,9.0,0.0225,189.0,62.75,181.25,17.0,15.0,30.75,86.0,32.5,549.0,206.25,8.0,13.0,48.0,1.0,1.0,2.0,6.0,3.0,0.0,0.0,0.0,32.0,32.0,0.395,0.38095238095238093,0.0128,0.0128,0.1,0.45454545454545453,0.5454545454545454,0.625,1.0,1.0,0.5166666666666667,0.5855263157894737,0.0
20260629_202157_89a44e2f,20260629_202157_89a44e2f_g0051,51,2030725558,3,32,32,32,1,2,BLUE,champ_v3,1,1,[1],0,83,3,"{""1"": 100, ""2"": 83, ""3"": 85, ""4"": 77}",False,26.0,-35.0,1.0,16.0,9.0,0.0225,307.0,95.25,298.25,21.0,23.0,54.0,94.0,106.25,431.0,324.25,8.0,13.0,50.0,1.0,1.0,2.0,4.0,5.0,1.0,0.0,0.0,32.0,32.0,0.395,0.38095238095238093,0.0128,0.0128,0.095,0.4318181818181818,0.5681818181818182,0.65,1.0,1.0,0.5083333333333333,0.577562326869806,0.0
20260629_202157_89a44e2f,20260629_202157_89a44e2f_g0051,51,2030725558,3,32,32,32,1,3,YELLOW,pool_heuristic,2,1,[1],0,85,2,"{""1"": 100, ""2"": 83, ""3"": 85, ""4"": 77}",False,22.0,-43.0,3.0,5.0,9.0,0.0225,189.0,72.375,206.75,18.0,21.0,40.5,98.5,28.75,549.0,228.75,8.0,13.0,48.0,1.0,1.0,2.0,6.0,3.0,1.0,0.0,1.0,32.0,32.0,0.395,0.38095238095238093,0.0128,0.0128,0.1,0.45454545454545453,0.5454545454545454,0.55,1.0,1.0,0.5416666666666667,0.5157894736842106,0.0
20260629_202157_89a44e2f,20260629_202157_89a44e2f_g0051,51,2030725558,3,32,32,32,1,4,GREEN,pool_l45_100ms,3,1,[1],0,77,4,"{""1"": 100, ""2"": 83, ""3"": 85, ""4"": 77}",False,14.0,-59.0,3.0,3.0,9.0,0.0225,53.0,24.875,49.125,13.0,10.0,7.5,13.0,5.625,685.0,63.125,8.0,13.0,48.0,1.0,1.0,2.0,6.0,3.0,0.0,0.0,0.0,32.0,32.0,0.395,0.38095238095238093,0.0128,0.0128,0.1,0.45454545454545453,0.5454545454545454,0.35,1.0,1.0,0.6083333333333333,0.4421052631578948,0.0
20260629_202157_89a44e2f,20260629_202157_89a44e2f_g0051,51,2030725558,4,40,40,40,1,1,RED,pool_peer_500ms,0,1,[1],1,100,1,"{""1"": 100, ""2"": 83, ""3"": 85, ""4"": 77}",False,29.0,-25.0,0.0,24.0,15.0,0.0375,111.0,49.0,122.25,19.0,12.0,21.75,57.0,12.5,190.0,151.25,10.0,11.0,38.0,1.0,1.0,2.0,6.0,1.0,0.0,0.0,0.0,40.0,40.0,0.49,0.47619047619047616,0.016,0.016,0.125,0.5681818181818182,0.4318181818181818,0.725,1.0,1.0,0.45,0.5336842105263158,0.0
20260629_202157_89a44e2f,20260629_202157_89a44e2f_g0051,51,2030725558,4,40,40,40,1,2,BLUE,champ_v3,1,1,[1],0,83,3,"{""1"": 100, ""2"": 83, ""3"": 85, ""4"": 77}",False,25.0,-33.0,1.0,27.0,15.0,0.0375,117.0,44.75,113.875,17.0,12.0,21.0,39.5,24.375,184.0,138.875,10.0,11.0,40.0,1.0,1.0,2.0,4.0,3.0,0.0,0.0,0.0,40.0,40.0,0.49,0.47619047619047616,0.016,0.016,0.12,0.5454545454545454,0.45454545454545453,0.625,1.0,1.0,0.4833333333333333,0.5855263157894737,0.0
20260629_202157_89a44e2f,20260629_202157_89a44e2f_g0051,51,2030725558,4,40,40,40,1,3,YELLOW,pool_heuristic,2,1,[1],0,85,2,"{""1"": 100, ""2"": 83, ""3"": 85, ""4"": 77}",False,18.0,-47.0,3.0,15.0,15.0,0.0375,47.0,25.75,53.0,12.0,10.0,12.75,17.0,1.25,254.0,71.0,10.0,11.0,39.0,1.0,1.0,2.0,5.0,2.0,1.0,0.0,0.0,40.0,40.0,0.49,0.47619047619047616,0.016,0.016,0.1225,0.5568181818181818,0.4431818181818182,0.45,1.0,1.0,0.5416666666666667,0.4897959183673469,0.0
20260629_202157_89a44e2f,20260629_202157_89a44e2f_g0051,51,2030725558,4,40,40,40,1,4,GREEN,pool_l45_100ms,3,1,[1],0,77,4,"{""1"": 100, ""2"": 83, ""3"": 85, ""4"": 77}",False,11.0,-61.0,3.0,7.0,15.0,0.0375,26.0,15.125,23.25,10.0,6.0,3.75,3.5,0.0,275.0,34.25,10.0,11.0,39.0,1.0,1.0,2.0,5.0,2.0,0.0,0.0,0.0,40.0,40.0,0.49,0.47619047619047616,0.016,0.016,0.1225,0.5568181818181818,0.4431818181818182,0.275,0.8333333333333334,1.0,0.6,0.4296455424274973,0.0
20260629_202157_89a44e2f,20260629_202157_89a44e2f_g0051,51,2030725558,5,48,48,48,1,1,RED,pool_peer_500ms,0,1,[1],1,100,1,"{""1"": 100, ""2"": 83, ""3"": 85, ""4"": 77}",False,29.0,-22.0,0.0,34.0,24.0,0.06,30.0,23.5,30.0,19.0,6.0,3.0,2.0,0.0,72.0,59.0,12.0,9.0,30.0,1.0,1.0,2.0,4.0,1.0,0.0,0.0,0.0,48.0,48.0,0.575,0.5714285714285714,0.0192,0.0192,0.145,0.6590909090909091,0.3409090909090909,0.725,0.95,1.0,0.425,0.5490018148820327,0.0
20260629_202157_89a44e2f,20260629_202157_89a44e2f_g0051,51,2030725558,5,48,48,48,1,2,BLUE,champ_v3,1,1,[1],0,83,3,"{""1"": 100, ""2"": 83, ""3"": 85, ""4"": 77}",False,24.0,-32.0,1.0,37.0,24.0,0.06,17.0,15.5,17.0,14.0,3.0,0.0,0.0,0.0,85.0,41.0,12.0,9.0,31.0,1.0,1.0,2.0,3.0,2.0,0.0,0.0,0.0,48.0,48.0,0.575,0.5714285714285714,0.0192,0.0192,0.1425,0.6477272727272727,0.3522727272727273,0.6,0.95,1.0,0.4666666666666667,0.5623268698060941,0.0
20260629_202157_89a44e2f,20260629_202157_89a44e2f_g0051,51,2030725558,5,48,48,48,1,3,YELLOW,pool_heuristic,2,1,[1],0,85,2,"{""1"": 100, ""2"": 83, ""3"": 85, ""4"": 77}",False,14.0,-52.0,3.0,29.0,24.0,0.06,13.0,10.0,14.0,7.0,4.0,3.0,0.0,0.0,89.0,28.0,12.0,9.0,31.0,1.0,1.0,2.0,3.0,2.0,1.0,0.0,0.0,48.0,48.0,0.575,0.5714285714285714,0.0192,0.0192,0.1425,0.6477272727272727,0.3522727272727273,0.35,0.8,1.0,0.55,0.44875346260387816,0.0
20260629_202157_89a44e2f,20260629_202157_89a44e2f_g0051,51,2030725558,5,48,48,48,1,4,GREEN,pool_l45_100ms,3,1,[1],0,77,4,"{""1"": 100, ""2"": 83, ""3"": 85, ""4"": 77}",False,13.0,-54.0,3.0,16.0,24.0,0.06,42.0,22.375,41.5,12.0,9.0,9.0,11.5,0.0,60.0,54.5,12.0,9.0,30.0,1.0,1.0,2.0,4.0,1.0,0.0,0.0,0.0,48.0,48.0,0.575,0.5714285714285714,0.0192,0.0192,0.145,0.6590909090909091,0.3409090909090909,0.325,1.0,1.0,0.5583333333333333,0.43375680580762255,0.0
20260629_202157_89a44e2f,20260629_202157_89a44e2f_g0051,51,2030725558,6,56,56,56,1,1,RED,pool_peer_500ms,0,1,[1],1,100,1,"{""1"": 100, ""2"": 83, ""3"": 85, ""4"": 77}",False,29.0,-21.0,0.0,45.0,36.0,0.09,34.0,25.5,36.25,19.0,7.0,5.25,5.0,0.0,27.0,65.25,14.0,7.0,22.0,1.0,1.0,2.0,2.0,1.0,0.0,0.0,0.0,56.0,56.0,0.6375,0.6666666666666666,0.0224,0.0224,0.165,0.75,0.25,0.725,0.8166666666666667,1.0,0.4166666666666667,0.5590111642743222,0.0
20260629_202157_89a44e2f,20260629_202157_89a44e2f_g0051,51,2030725558,6,56,56,56,1,2,BLUE,champ_v3,1,1,[1],0,83,3,"{""1"": 100, ""2"": 83, ""3"": 85, ""4"": 77}",False,26.0,-27.0,1.0,44.0,36.0,0.09,5.0,2.5,7.5,0.0,3.0,0.0,2.0,2.5,56.0,33.5,14.0,7.0,27.0,0.0,1.0,1.0,3.0,2.0,0.0,0.0,0.0,56.0,56.0,0.6375,0.6666666666666666,0.0224,0.0224,0.1525,0.6931818181818182,0.3068181818181818,0.65,0.8,1.0,0.4416666666666667,0.5556514236410699,0.0
20260629_202157_89a44e2f,20260629_202157_89a44e2f_g0051,51,2030725558,6,56,56,56,1,3,YELLOW,pool_heuristic,2,1,[1],0,85,2,"{""1"": 100, ""2"": 83, ""3"": 85, ""4"": 77}",False,14.0,-51.0,0.0,45.0,36.0,0.09,6.0,4.75,6.5,4.0,0.0,1.5,1.0,0.0,55.0,20.5,14.0,7.0,26.0,1.0,0.0,1.0,3.0,2.0,1.0,0.0,0.0,56.0,56.0,0.6375,0.6666666666666666,0.0224,0.0224,0.155,0.7045454545454546,0.29545454545454547,0.35,0.6166666666666667,1.0,0.5416666666666667,0.4838709677419355,0.0
20260629_202157_89a44e2f,20260629_202157_89a44e2f_g0051,51,2030725558,6,56,56,56,1,4,GREEN,pool_l45_100ms,3,1,[1],0,77,4,"{""1"": 100, ""2"": 83, ""3"": 85, ""4"": 77}",False,10.0,-59.0,3.0,22.0,36.0,0.09,16.0,11.25,15.25,8.0,5.0,2.25,0.0,0.0,45.0,25.25,14.0,7.0,22.0,1.0,1.0,2.0,2.0,1.0,0.0,0.0,0.0,56.0,56.0,0.6375,0.6666666666666666,0.0224,0.0224,0.165,0.75,0.25,0.25,0.5666666666666667,1.0,0.575,0.40271132376395535,0.0
20260629_202157_89a44e2f,20260629_202157_89a44e2f_g0051,51,2030725558,7,64,64,64,1,1,RED,pool_peer_500ms,0,1,[1],1,100,1,"{""1"": 100, ""2"": 83, ""3"": 85, ""4"": 77}",False,29.0,-12.0,0.0,52.0,36.0,0.09,10.0,4.5,10.5,0.0,6.0,4.5,0.0,0.0,6.0,39.5,16.0,5.0,17.0,0.0,1.0,2.0,1.0,1.0,0.0,0.0,0.0,64.0,64.0,0.6975,0.7619047619047619,0.0256,0.0256,0.1775,0.8068181818181818,0.19318181818181818,0.725,0.5833333333333334,1.0,0.3416666666666667,0.5463306152705709,0.0
20260629_202157_89a44e2f,20260629_202157_89a44e2f_g0051,51,2030725558,7,64,64,64,1,2,BLUE,champ_v3,1,1,[1],0,83,3,"{""1"": 100, ""2"": 83, ""3"": 85, ""4"": 77}",False,22.0,-26.0,1.0,51.0,36.0,0.09,0.0,0.0,0.0,0.0,0.0,0.0,0.0,0.0,16.0,22.0,16.0,5.0,20.0,0.0,0.0,1.0,3.0,1.0,0.0,0.0,0.0,64.0,64.0,0.6975,0.7619047619047619,0.0256,0.0256,0.17,0.7727272727272727,0.22727272727272727,0.55,0.6166666666666667,1.0,0.4,0.5309597523219813,0.0
20260629_202157_89a44e2f,20260629_202157_89a44e2f_g0051,51,2030725558,7,64,64,64,1,3,YELLOW,pool_heuristic,2,1,[1],0,85,2,"{""1"": 100, ""2"": 83, ""3"": 85, ""4"": 77}",False,12.0,-46.0,0.0,58.0,36.0,0.09,2.0,2.0,2.0,2.0,0.0,0.0,0.0,0.0,14.0,14.0,16.0,5.0,19.0,1.0,0.0,0.0,2.0,2.0,1.0,0.0,0.0,64.0,64.0,0.6975,0.7619047619047619,0.0256,0.0256,0.1725,0.7840909090909091,0.2159090909090909,0.3,0.4,1.0,0.4833333333333333,0.5019069412662089,0.0
20260629_202157_89a44e2f,20260629_202157_89a44e2f_g0051,51,2030725558,7,64,64,64,1,4,GREEN,pool_l45_100ms,3,1,[1],0,77,4,"{""1"": 100, ""2"": 83, ""3"": 85, ""4"": 77}",False,7.0,-56.0,3.0,35.0,36.0,0.09,4.0,4.0,4.0,4.0,0.0,0.0,0.0,0.0,12.0,11.0,16.0,5.0,17.0,1.0,0.0,1.0,2.0,1.0,0.0,0.0,0.0,64.0,64.0,0.6975,0.7619047619047619,0.0256,0.0256,0.1775,0.8068181818181818,0.19318181818181818,0.175,0.3333333333333333,1.0,0.525,0.4173461823573017,0.0
20260629_202157_89a44e2f,20260629_202157_89a44e2f_g0052,52,170217357,0,8,8,8,1,1,RED,champ_v3,0,1,[1],1,103,1,"{""1"": 103, ""2"": 82, ""3"": 83, ""4"": 90}",False,9.0,-13.0,9.0,0.0,0.0,0.0,543.0,122.625,488.75,9.0,15.0,41.25,153.5,270.0,1187.0,497.75,2.0,19.0,78.0,1.0,1.0,2.0,6.0,9.0,1.0,0.0,0.0,8.0,8.0,0.1,0.09523809523809523,0.0032,0.0032,0.025,0.11363636363636363,0.8863636363636364,0.225,1.0,1.0,0.18333333333333332,0.23684210526315785,0.0
20260629_202157_89a44e2f,20260629_202157_89a44e2f_g0052,52,170217357,0,8,8,8,1,2,BLUE,pool_heuristic,1,1,[1],0,82,4,"{""1"": 103, ""2"": 82, ""3"": 83, ""4"": 90}",False,6.0,-19.0,9.0,0.0,0.0,0.0,280.0,70.875,281.375,6.0,8.0,22.5,88.0,156.875,1450.0,287.375,2.0,19.0,78.0,1.0,1.0,2.0,6.0,9.0,0.0,1.0,1.0,8.0,8.0,0.1,0.09523809523809523,0.0032,0.0032,0.025,0.11363636363636363,0.8863636363636364,0.15,1.0,1.0,0.20833333333333334,0.22105263157894728,0.0
20260629_202157_89a44e2f,20260629_202157_89a44e2f_g0052,52,170217357,0,8,8,8,1,3,YELLOW,pool_l45_100ms,2,1,[1],0,83,3,"{""1"": 103, ""2"": 82, ""3"": 83, ""4"": 90}",False,7.0,-17.0,9.0,0.0,0.0,0.0,364.0,86.0,341.875,7.0,10.0,27.0,108.5,189.375,1366.0,348.875,2.0,19.0,78.0,1.0,1.0,2.0,6.0,9.0,1.0,1.0,0.0,8.0,8.0,0.1,0.09523809523809523,0.0032,0.0032,0.025,0.11363636363636363,0.8863636363636364,0.175,1.0,1.0,0.2,0.17368421052631577,0.0
20260629_202157_89a44e2f,20260629_202157_89a44e2f_g0052,52,170217357,0,8,8,8,1,4,GREEN,pool_peer_500ms,3,1,[1],0,90,2,"{""1"": 103, ""2"": 82, ""3"": 83, ""4"": 90}",False,9.0,-13.0,9.0,0.0,0.0,0.0,543.0,122.625,488.75,9.0,15.0,41.25,153.5,270.0,1187.0,497.75,2.0,19.0,78.0,1.0,1.0,2.0,6.0,9.0,1.0,0.0,0.0,8.0,8.0,0.1,0.09523809523809523,0.0032,0.0032,0.025,0.11363636363636363,0.8863636363636364,0.225,1.0,1.0,0.18333333333333332,0.23684210526315785,0.0
20260629_202157_89a44e2f,20260629_202157_89a44e2f_g0052,52,170217357,1,16,16,16,1,1,RED,champ_v3,0,1,[1],1,103,1,"{""1"": 103, ""2"": 82, ""3"": 83, ""4"": 90}",False,16.0,-24.0,0.0,2.0,0.0,0.0,791.0,196.25,761.625,15.0,26.0,75.0,282.5,363.125,1693.0,777.625,4.0,17.0,68.0,1.0,1.0,2.0,6.0,7.0,1.0,0.0,0.0,16.0,16.0,0.2,0.19047619047619047,0.0064,0.0064,0.05,0.22727272727272727,0.7727272727272727,0.4,1.0,1.0,0.33333333333333337,0.49473684210526314,0.0
20260629_202157_89a44e2f,20260629_202157_89a44e2f_g0052,52,170217357,1,16,16,16,1,2,BLUE,pool_heuristic,1,1,[1],0,82,4,"{""1"": 103, ""2"": 82, ""3"": 83, ""4"": 90}",False,13.0,-30.0,5.0,0.0,0.0,0.0,550.0,156.625,603.125,13.0,21.0,60.0,226.0,283.125,1934.0,616.125,4.0,17.0,68.0,1.0,1.0,2.0,6.0,7.0,0.0,1.0,1.0,16.0,16.0,0.2,0.19047619047619047,0.0064,0.0064,0.05,0.22727272727272727,0.7727272727272727,0.325,1.0,1.0,0.35833333333333334,0.4263157894736842,0.0
20260629_202157_89a44e2f,20260629_202157_89a44e2f_g0052,52,170217357,1,16,16,16,1,3,YELLOW,pool_l45_100ms,2,1,[1],0,83,3,"{""1"": 103, ""2"": 82, ""3"": 83, ""4"": 90}",False,11.0,-34.0,5.0,0.0,0.0,0.0,343.0,85.875,313.5,11.0,14.0,32.25,117.5,138.75,2141.0,324.5,4.0,17.0,68.0,1.0,1.0,2.0,6.0,7.0,1.0,0.0,0.0,16.0,16.0,0.2,0.19047619047619047,0.0064,0.0064,0.05,0.22727272727272727,0.7727272727272727,0.275,1.0,1.0,0.375,0.3526315789473684,0.0
20260629_202157_89a44e2f,20260629_202157_89a44e2f_g0052,52,170217357,1,16,16,16,1,4,GREEN,pool_peer_500ms,3,1,[1],0,90,2,"{""1"": 103, ""2"": 82, ""3"": 83, ""4"": 90}",False,16.0,-24.0,0.0,2.0,0.0,0.0,800.0,199.375,770.375,16.0,27.0,76.5,284.0,366.875,1684.0,786.375,4.0,17.0,68.0,1.0,1.0,2.0,6.0,7.0,1.0,0.0,0.0,16.0,16.0,0.2,0.19047619047619047,0.0064,0.0064,0.05,0.22727272727272727,0.7727272727272727,0.4,1.0,1.0,0.33333333333333337,0.49473684210526314,0.0
20260629_202157_89a44e2f,20260629_202157_89a44e2f_g0052,52,170217357,2,24,24,24,1,1,RED,champ_v3,0,1,[1],1,103,1,"{""1"": 103, ""2"": 82, ""3"": 83, ""4"": 90}",False,20.0,-32.0,0.0,12.0,4.0,0.01,377.0,107.375,374.875,15.0,20.0,48.0,160.0,131.875,1083.0,394.875,6.0,15.0,58.0,1.0,1.0,2.0,6.0,5.0,1.0,0.0,0.0,24.0,24.0,0.3,0.2857142857142857,0.0096,0.0096,0.075,0.3409090909090909,0.6590909090909091,0.5,1.0,1.0,0.4333333333333333,0.5929824561403509,0.0
20260629_202157_89a44e2f,20260629_202157_89a44e2f_g0052,52,170217357,2,24,24,24,1,2,BLUE,pool_heuristic,1,1,[1],0,82,4,"{""1"": 103, ""2"": 82, ""3"": 83, ""4"": 90}",False,18.0,-36.0,4.0,4.0,4.0,0.01,482.0,137.125,480.0,17.0,26.0,63.75,224.5,148.75,978.0,498.0,6.0,15.0,58.0,1.0,1.0,2.0,6.0,5.0,0.0,1.0,0.0,24.0,24.0,0.3,0.2857142857142857,0.0096,0.0096,0.075,0.3409090909090909,0.6590909090909091,0.45,1.0,1.0,0.45,0.4754385964912281,0.0
20260629_202157_89a44e2f,20260629_202157_89a44e2f_g0052,52,170217357,2,24,24,24,1,3,YELLOW,pool_l45_100ms,2,1,[1],0,83,3,"{""1"": 103, ""2"": 82, ""3"": 83, ""4"": 90}",False,14.0,-44.0,3.0,3.0,4.0,0.01,147.0,46.125,136.875,12.0,13.0,20.25,51.0,40.625,1313.0,150.875,6.0,15.0,58.0,1.0,1.0,2.0,6.0,5.0,0.0,0.0,0.0,24.0,24.0,0.3,0.2857142857142857,0.0096,0.0096,0.075,0.3409090909090909,0.6590909090909091,0.35,1.0,1.0,0.4833333333333333,0.44561403508771935,0.0
20260629_202157_89a44e2f,20260629_202157_89a44e2f_g0052,52,170217357,2,24,24,24,1,4,GREEN,pool_peer_500ms,3,1,[1],0,90,2,"{""1"": 103, ""2"": 82, ""3"": 83, ""4"": 90}",False,20.0,-32.0,0.0,9.0,4.0,0.01,454.0,121.5,420.75,18.0,22.0,56.25,177.0,147.5,1006.0,440.75,6.0,15.0,58.0,1.0,1.0,2.0,6.0,5.0,0.0,0.0,0.0,24.0,24.0,0.3,0.2857142857142857,0.0096,0.0096,0.075,0.3409090909090909,0.6590909090909091,0.5,1.0,1.0,0.4333333333333333,0.5929824561403509,0.0
20260629_202157_89a44e2f,20260629_202157_89a44e2f_g0052,52,170217357,3,32,32,32,1,1,RED,champ_v3,0,1,[1],1,103,1,"{""1"": 103, ""2"": 82, ""3"": 83, ""4"": 90}",False,26.0,-32.0,0.0,23.0,8.0,0.02,219.0,74.5,219.75,18.0,20.0,41.25,93.0,47.5,574.0,245.75,8.0,13.0,49.0,1.0,1.0,2.0,5.0,4.0,0.0,0.0,0.0,32.0,32.0,0.395,0.38095238095238093,0.0128,0.0128,0.0975,0.4431818181818182,0.5568181818181818,0.65,1.0,1.0,0.4833333333333333,0.592442645074224,0.0
20260629_202157_89a44e2f,20260629_202157_89a44e2f_g0052,52,170217357,3,32,32,32,1,2,BLUE,pool_heuristic,1,1,[1],0,82,4,"{""1"": 103, ""2"": 82, ""3"": 83, ""4"": 90}",False,21.0,-42.0,4.0,8.0,8.0,0.02,201.0,75.375,217.0,19.0,21.0,40.5,101.5,35.0,592.0,238.0,8.0,13.0,48.0,1.0,1.0,2.0,6.0,3.0,0.0,1.0,0.0,32.0,32.0,0.395,0.38095238095238093,0.0128,0.0128,0.1,0.45454545454545453,0.5454545454545454,0.525,1.0,1.0,0.525,0.4671052631578947,0.0
20260629_202157_89a44e2f,20260629_202157_89a44e2f_g0052,52,170217357,3,32,32,32,1,3,YELLOW,pool_l45_100ms,2,1,[1],0,83,3,"{""1"": 103, ""2"": 82, ""3"": 83, ""4"": 90}",False,14.0,-56.0,3.0,4.0,8.0,0.02,60.0,27.75,62.5,12.0,11.0,9.75,21.0,8.75,733.0,76.5,8.0,13.0,48.0,1.0,1.0,2.0,6.0,3.0,0.0,0.0,0.0,32.0,32.0,0.395,0.38095238095238093,0.0128,0.0128,0.1,0.45454545454545453,0.5454545454545454,0.35,1.0,1.0,0.5833333333333333,0.43157894736842106,0.0
20260629_202157_89a44e2f,20260629_202157_89a44e2f_g0052,52,170217357,3,32,32,32,1,4,GREEN,pool_peer_500ms,3,1,[1],0,90,2,"{""1"": 103, ""2"": 82, ""3"": 83, ""4"": 90}",False,23.0,-38.0,0.0,16.0,8.0,0.02,313.0,94.0,303.25,18.0,21.0,49.5,121.0,93.75,480.0,326.25,8.0,13.0,49.0,1.0,1.0,2.0,5.0,4.0,0.0,0.0,0.0,32.0,32.0,0.395,0.38095238095238093,0.0128,0.0128,0.0975,0.4431818181818182,0.5568181818181818,0.575,1.0,1.0,0.5083333333333333,0.601889338731444,0.0
20260629_202157_89a44e2f,20260629_202157_89a44e2f_g0052,52,170217357,4,40,40,40,1,1,RED,champ_v3,0,1,[1],1,103,1,"{""1"": 103, ""2"": 82, ""3"": 83, ""4"": 90}",False,28.0,-35.0,0.0,37.0,14.0,0.035,54.0,29.0,65.25,13.0,10.0,12.75,17.0,12.5,310.0,93.25,10.0,11.0,41.0,1.0,1.0,2.0,3.0,4.0,0.0,0.0,0.0,40.0,40.0,0.485,0.47619047619047616,0.016,0.016,0.1175,0.5340909090909091,0.4659090909090909,0.7,1.0,1.0,0.525,0.5901455767077268,0.0
20260629_202157_89a44e2f,20260629_202157_89a44e2f_g0052,52,170217357,4,40,40,40,1,2,BLUE,pool_heuristic,1,1,[1],0,82,4,"{""1"": 103, ""2"": 82, ""3"": 83, ""4"": 90}",False,22.0,-47.0,4.0,26.0,14.0,0.035,46.0,27.125,45.75,16.0,11.0,11.25,7.5,0.0,318.0,67.75,10.0,11.0,39.0,1.0,1.0,2.0,5.0,2.0,0.0,0.0,0.0,40.0,40.0,0.485,0.47619047619047616,0.016,0.016,0.1225,0.5568181818181818,0.4431818181818182,0.55,1.0,1.0,0.575,0.45005370569280345,0.0
20260629_202157_89a44e2f,20260629_202157_89a44e2f_g0052,52,170217357,4,40,40,40,1,3,YELLOW,pool_l45_100ms,2,1,[1],0,83,3,"{""1"": 103, ""2"": 82, ""3"": 83, ""4"": 90}",False,16.0,-59.0,3.0,9.0,14.0,0.035,42.0,24.5,44.0,14.0,10.0,7.5,10.0,2.5,322.0,60.0,10.0,11.0,38.0,1.0,1.0,2.0,6.0,1.0,0.0,0.0,0.0,40.0,40.0,0.485,0.47619047619047616,0.016,0.016,0.125,0.5681818181818182,0.4318181818181818,0.4,1.0,1.0,0.625,0.44105263157894736,0.0
20260629_202157_89a44e2f,20260629_202157_89a44e2f_g0052,52,170217357,4,40,40,40,1,4,GREEN,pool_peer_500ms,3,1,[1],0,90,2,"{""1"": 103, ""2"": 82, ""3"": 83, ""4"": 90}",False,25.0,-41.0,0.0,23.0,14.0,0.035,222.0,83.75,254.25,19.0,22.0,48.0,94.0,71.25,142.0,279.25,10.0,11.0,40.0,1.0,1.0,2.0,4.0,3.0,0.0,0.0,0.0,40.0,40.0,0.485,0.47619047619047616,0.016,0.016,0.12,0.5454545454545454,0.45454545454545453,0.625,1.0,1.0,0.55,0.5657894736842105,0.0
20260629_202157_89a44e2f,20260629_202157_89a44e2f_g0052,52,170217357,5,48,48,48,1,1,RED,champ_v3,0,1,[1],1,103,1,"{""1"": 103, ""2"": 82, ""3"": 83, ""4"": 90}",False,26.0,-30.0,0.0,49.0,27.0,0.0675,17.0,12.75,19.75,9.0,4.0,2.25,2.0,2.5,196.0,45.75,12.0,9.0,31.0,1.0,1.0,2.0,3.0,2.0,0.0,0.0,0.0,48.0,48.0,0.5725,0.5714285714285714,0.0192,0.0192,0.1425,0.6477272727272727,0.3522727272727273,0.65,1.0,1.0,0.4666666666666667,0.5457063711911357,0.0
20260629_202157_89a44e2f,20260629_202157_89a44e2f_g0052,52,170217357,5,48,48,48,1,2,BLUE,pool_heuristic,1,1,[1],0,82,4,"{""1"": 103, ""2"": 82, ""3"": 83, ""4"": 90}",False,18.0,-46.0,4.0,45.0,27.0,0.0675,13.0,10.0,12.5,8.0,3.0,1.5,0.0,0.0,200.0,30.5,12.0,9.0,31.0,1.0,1.0,2.0,3.0,2.0,0.0,0.0,0.0,48.0,48.0,0.5725,0.5714285714285714,0.0192,0.0192,0.1425,0.6477272727272727,0.3522727272727273,0.45,0.65,1.0,0.5333333333333333,0.47091412742382277,0.0
20260629_202157_89a44e2f,20260629_202157_89a44e2f_g0052,52,170217357,5,48,48,48,1,3,YELLOW,pool_l45_100ms,2,1,[1],0,83,3,"{""1"": 103, ""2"": 82, ""3"": 83, ""4"": 90}",False,12.0,-58.0,3.0,13.0,27.0,0.0675,20.0,13.25,20.0,9.0,5.0,3.0,3.0,0.0,193.0,32.0,12.0,9.0,29.0,1.0,1.0,2.0,5.0,0.0,0.0,0.0,0.0,48.0,48.0,0.5725,0.5714285714285714,0.0192,0.0192,0.1475,0.6704545454545454,0.32954545454545453,0.3,0.9,0.8,0.5833333333333333,0.4201605709188224,0.0
20260629_202157_89a44e2f,20260629_202157_89a44e2f_g0052,52,170217357,5,48,48,48,1,4,GREEN,pool_peer_500ms,3,1,[1],0,90,2,"{""1"": 103, ""2"": 82, ""3"": 83, ""4"": 90}",False,26.0,-30.0,0.0,30.0,27.0,0.0675,163.0,64.875,186.375,19.0,18.0,21.0,84.0,44.375,50.0,212.375,12.0,9.0,32.0,1.0,1.0,1.0,4.0,2.0,0.0,0.0,0.0,48.0,48.0,0.5725,0.5714285714285714,0.0192,0.0192,0.14,0.6363636363636364,0.36363636363636365,0.65,1.0,1.0,0.4666666666666667,0.5310150375939849,0.0
20260629_202157_89a44e2f,20260629_202157_89a44e2f_g0052,52,170217357,6,56,56,56,1,1,RED,champ_v3,0,1,[1],1,103,1,"{""1"": 103, ""2"": 82, ""3"": 83, ""4"": 90}",False,25.0,-38.0,0.0,55.0,27.0,0.0675,19.0,13.5,21.0,9.0,5.0,3.0,4.0,0.0,80.0,46.0,14.0,7.0,23.0,1.0,1.0,1.0,3.0,1.0,0.0,0.0,0.0,56.0,56.0,0.645,0.6666666666666666,0.0224,0.0224,0.1625,0.7386363636363636,0.26136363636363635,0.625,1.0,1.0,0.525,0.5263157894736843,0.0
20260629_202157_89a44e2f,20260629_202157_89a44e2f_g0052,52,170217357,6,56,56,56,1,2,BLUE,pool_heuristic,1,1,[1],0,82,4,"{""1"": 103, ""2"": 82, ""3"": 83, ""4"": 90}",False,19.0,-50.0,4.0,55.0,27.0,0.0675,16.0,12.0,19.5,8.0,4.0,3.0,2.0,2.5,83.0,38.5,14.0,7.0,24.0,1.0,1.0,1.0,2.0,2.0,0.0,0.0,0.0,56.0,56.0,0.645,0.6666666666666666,0.0224,0.0224,0.16,0.7272727272727273,0.2727272727272727,0.475,0.8166666666666667,1.0,0.575,0.47286184210526316,0.0
20260629_202157_89a44e2f,20260629_202157_89a44e2f_g0052,52,170217357,6,56,56,56,1,3,YELLOW,pool_l45_100ms,2,1,[1],0,83,3,"{""1"": 103, ""2"": 82, ""3"": 83, ""4"": 90}",False,14.0,-60.0,3.0,30.0,27.0,0.0675,17.0,12.75,17.25,11.0,0.0,2.25,4.0,0.0,82.0,31.25,14.0,7.0,23.0,1.0,0.0,2.0,4.0,0.0,0.0,0.0,0.0,56.0,56.0,0.645,0.6666666666666666,0.0224,0.0224,0.1625,0.7386363636363636,0.26136363636363635,0.35,1.0,0.8,0.6166666666666667,0.4202429149797571,0.0
20260629_202157_89a44e2f,20260629_202157_89a44e2f_g0052,52,170217357,6,56,56,56,1,4,GREEN,pool_peer_500ms,3,1,[1],0,90,2,"{""1"": 103, ""2"": 82, ""3"": 83, ""4"": 90}",False,30.0,-28.0,0.0,35.0,27.0,0.0675,47.0,33.125,53.625,21.0,14.0,7.5,8.0,3.125,52.0,83.625,14.0,7.0,24.0,1.0,1.0,1.0,2.0,2.0,0.0,0.0,0.0,56.0,56.0,0.645,0.6666666666666666,0.0224,0.0224,0.16,0.7272727272727273,0.2727272727272727,0.75,1.0,1.0,0.4833333333333333,0.5271381578947368,0.0
20260629_202157_89a44e2f,20260629_202157_89a44e2f_g0052,52,170217357,7,64,64,64,1,1,RED,champ_v3,0,1,[1],1,103,1,"{""1"": 103, ""2"": 82, ""3"": 83, ""4"": 90}",False,27.0,-33.0,0.0,60.0,39.0,0.0975,22.0,17.0,26.0,11.0,8.0,3.0,4.0,0.0,29.0,53.0,16.0,5.0,14.0,1.0,1.0,1.0,2.0,0.0,0.0,0.0,0.0,64.0,64.0,0.72,0.7619047619047619,0.0256,0.0256,0.185,0.8409090909090909,0.1590909090909091,0.675,0.6833333333333333,0.8,0.5,0.5248933143669986,0.0
20260629_202157_89a44e2f,20260629_202157_89a44e2f_g0052,52,170217357,7,64,64,64,1,2,BLUE,pool_heuristic,1,1,[1],0,82,4,"{""1"": 103, ""2"": 82, ""3"": 83, ""4"": 90}",False,19.0,-49.0,4.0,61.0,39.0,0.0975,10.0,9.0,10.0,8.0,2.0,0.0,0.0,0.0,41.0,29.0,16.0,5.0,16.0,1.0,1.0,0.0,2.0,1.0,0.0,0.0,0.0,64.0,64.0,0.72,0.7619047619047619,0.0256,0.0256,0.18,0.8181818181818182,0.18181818181818182,0.475,0.65,1.0,0.5666666666666667,0.4634502923976608,0.0
20260629_202157_89a44e2f,20260629_202157_89a44e2f_g0052,52,170217357,7,64,64,64,1,3,YELLOW,pool_l45_100ms,2,1,[1],0,83,3,"{""1"": 103, ""2"": 82, ""3"": 83, ""4"": 90}",False,15.0,-57.0,1.0,42.0,39.0,0.0975,11.0,10.5,11.5,10.0,0.0,1.5,0.0,0.0,40.0,26.5,16.0,5.0,16.0,1.0,0.0,1.0,3.0,0.0,0.0,0.0,0.0,64.0,64.0,0.72,0.7619047619047619,0.0256,0.0256,0.18,0.8181818181818182,0.18181818181818182,0.375,0.6166666666666667,0.8,0.6,0.45175438596491235,0.0
20260629_202157_89a44e2f,20260629_202157_89a44e2f_g0052,52,170217357,7,64,64,64,1,4,GREEN,pool_peer_500ms,3,1,[1],0,90,2,"{""1"": 103, ""2"": 82, ""3"": 83, ""4"": 90}",False,26.0,-35.0,0.0,45.0,39.0,0.0975,8.0,4.0,9.5,0.0,5.0,4.5,0.0,0.0,43.0,35.5,16.0,5.0,18.0,0.0,1.0,1.0,2.0,1.0,0.0,0.0,0.0,64.0,64.0,0.72,0.7619047619047619,0.0256,0.0256,0.175,0.7954545454545454,0.20454545454545456,0.65,0.7833333333333333,1.0,0.5083333333333333,0.5112781954887218,0.0
20260629_202157_89a44e2f,20260629_202157_89a44e2f_g0053,53,39601633,0,8,8,8,1,1,RED,pool_heuristic,0,3,[3],0,82,4,"{""1"": 82, ""2"": 84, ""3"": 96, ""4"": 88}",False,6.0,-17.0,9.0,0.0,3.0,0.0075,321.0,83.375,333.375,6.0,10.0,27.75,104.0,185.625,1413.0,339.375,2.0,19.0,78.0,1.0,1.0,2.0,6.0,9.0,1.0,1.0,1.0,8.0,8.0,0.1,0.09523809523809523,0.0032,0.0032,0.025,0.11363636363636363,0.8863636363636364,0.15,1.0,1.0,0.19166666666666668,0.2315789473684211,0.0
20260629_202157_89a44e2f,20260629_202157_89a44e2f_g0053,53,39601633,0,8,8,8,1,2,BLUE,pool_l45_100ms,1,3,[3],0,84,3,"{""1"": 82, ""2"": 84, ""3"": 96, ""4"": 88}",False,5.0,-19.0,9.0,0.0,3.0,0.0075,327.0,76.25,309.5,5.0,8.0,24.0,95.0,177.5,1407.0,314.5,2.0,19.0,78.0,1.0,1.0,2.0,6.0,9.0,1.0,1.0,0.0,8.0,8.0,0.1,0.09523809523809523,0.0032,0.0032,0.025,0.11363636363636363,0.8863636363636364,0.125,1.0,1.0,0.2,0.15263157894736834,0.0
20260629_202157_89a44e2f,20260629_202157_89a44e2f_g0053,53,39601633,0,8,8,8,1,3,YELLOW,pool_peer_500ms,2,3,[3],1,96,1,"{""1"": 82, ""2"": 84, ""3"": 96, ""4"": 88}",False,9.0,-11.0,9.0,0.0,3.0,0.0075,543.0,122.625,488.75,9.0,15.0,41.25,153.5,270.0,1191.0,497.75,2.0,19.0,78.0,1.0,1.0,2.0,6.0,9.0,1.0,0.0,0.0,8.0,8.0,0.1,0.09523809523809523,0.0032,0.0032,0.025,0.11363636363636363,0.8863636363636364,0.225,1.0,1.0,0.16666666666666669,0.23684210526315785,0.0
20260629_202157_89a44e2f,20260629_202157_89a44e2f_g0053,53,39601633,0,8,8,8,1,4,GREEN,champ_v3,3,3,[3],0,88,2,"{""1"": 82, ""2"": 84, ""3"": 96, ""4"": 88}",False,9.0,-11.0,9.0,0.0,3.0,0.0075,543.0,122.625,488.75,9.0,15.0,41.25,153.5,270.0,1191.0,497.75,2.0,19.0,78.0,1.0,1.0,2.0,6.0,9.0,1.0,0.0,0.0,8.0,8.0,0.1,0.09523809523809523,0.0032,0.0032,0.025,0.11363636363636363,0.8863636363636364,0.225,1.0,1.0,0.16666666666666669,0.23684210526315785,0.0
20260629_202157_89a44e2f,20260629_202157_89a44e2f_g0053,53,39601633,1,16,16,16,1,1,RED,pool_heuristic,0,3,[3],0,82,4,"{""1"": 82, ""2"": 84, ""3"": 96, ""4"": 88}",False,11.0,-29.0,0.0,4.0,3.0,0.0075,461.0,118.0,459.125,10.0,15.0,42.75,159.5,231.875,1855.0,470.125,4.0,17.0,68.0,1.0,1.0,2.0,6.0,7.0,0.0,1.0,1.0,16.0,16.0,0.2,0.19047619047619047,0.0064,0.0064,0.05,0.22727272727272727,0.7727272727272727,0.275,1.0,1.0,0.33333333333333337,0.513157894736842,0.0
20260629_202157_89a44e2f,20260629_202157_89a44e2f_g0053,53,39601633,1,16,16,16,1,2,BLUE,pool_l45_100ms,1,3,[3],0,84,3,"{""1"": 82, ""2"": 84, ""3"": 96, ""4"": 88}",False,9.0,-33.0,6.0,0.0,3.0,0.0075,533.0,123.375,482.5,9.0,16.0,45.0,177.5,235.0,1783.0,491.5,4.0,17.0,68.0,1.0,1.0,2.0,6.0,7.0,1.0,0.0,0.0,16.0,16.0,0.2,0.19047619047619047,0.0064,0.0064,0.05,0.22727272727272727,0.7727272727272727,0.225,1.0,1.0,0.35,0.3263157894736842,0.0
20260629_202157_89a44e2f,20260629_202157_89a44e2f_g0053,53,39601633,1,16,16,16,1,3,YELLOW,pool_peer_500ms,2,3,[3],1,96,1,"{""1"": 82, ""2"": 84, ""3"": 96, ""4"": 88}",False,16.0,-19.0,0.0,5.0,3.0,0.0075,725.0,181.125,703.25,14.0,25.0,68.25,253.5,342.5,1591.0,719.25,4.0,17.0,68.0,1.0,1.0,2.0,6.0,7.0,1.0,0.0,0.0,16.0,16.0,0.2,0.19047619047619047,0.0064,0.0064,0.05,0.22727272727272727,0.7727272727272727,0.4,1.0,1.0,0.29166666666666663,0.49473684210526314,0.0
20260629_202157_89a44e2f,20260629_202157_89a44e2f_g0053,53,39601633,1,16,16,16,1,4,GREEN,champ_v3,3,3,[3],0,88,2,"{""1"": 82, ""2"": 84, ""3"": 96, ""4"": 88}",False,15.0,-21.0,2.0,4.0,3.0,0.0075,597.0,151.625,574.375,15.0,22.0,58.5,207.0,271.875,1719.0,589.375,4.0,17.0,68.0,1.0,1.0,2.0,6.0,7.0,1.0,0.0,0.0,16.0,16.0,0.2,0.19047619047619047,0.0064,0.0064,0.05,0.22727272727272727,0.7727272727272727,0.375,1.0,1.0,0.3,0.4736842105263158,0.0
20260629_202157_89a44e2f,20260629_202157_89a44e2f_g0053,53,39601633,2,24,24,24,1,1,RED,pool_heuristic,0,3,[3],0,82,4,"{""1"": 82, ""2"": 84, ""3"": 96, ""4"": 88}",False,17.0,-38.0,0.0,11.0,6.0,0.015,504.0,139.75,516.75,14.0,23.0,58.5,210.0,211.25,1418.0,533.75,6.0,15.0,58.0,1.0,1.0,2.0,6.0,5.0,0.0,1.0,1.0,24.0,24.0,0.2975,0.2857142857142857,0.0096,0.0096,0.075,0.3409090909090909,0.6590909090909091,0.425,1.0,1.0,0.4583333333333333,0.5929824561403509,0.0
20260629_202157_89a44e2f,20260629_202157_89a44e2f_g0053,53,39601633,2,24,24,24,1,2,BLUE,pool_l45_100ms,1,3,[3],0,84,3,"{""1"": 82, ""2"": 84, ""3"": 96, ""4"": 88}",False,13.0,-46.0,6.0,0.0,6.0,0.015,256.0,71.0,232.625,12.0,16.0,36.0,105.5,63.125,1666.0,245.625,6.0,15.0,58.0,1.0,1.0,2.0,6.0,5.0,0.0,0.0,0.0,24.0,24.0,0.2975,0.2857142857142857,0.0096,0.0096,0.075,0.3409090909090909,0.6590909090909091,0.325,1.0,1.0,0.4916666666666667,0.38596491228070173,0.0
20260629_202157_89a44e2f,20260629_202157_89a44e2f_g0053,53,39601633,2,24,24,24,1,3,YELLOW,pool_peer_500ms,2,3,[3],1,96,1,"{""1"": 82, ""2"": 84, ""3"": 96, ""4"": 88}",False,21.0,-30.0,0.0,18.0,6.0,0.015,524.0,145.125,526.125,16.0,25.0,63.75,222.0,199.375,1398.0,547.125,6.0,15.0,58.0,1.0,1.0,2.0,6.0,5.0,0.0,0.0,0.0,24.0,24.0,0.2975,0.2857142857142857,0.0096,0.0096,0.075,0.3409090909090909,0.6590909090909091,0.525,1.0,1.0,0.425,0.5964912280701754,0.0
20260629_202157_89a44e2f,20260629_202157_89a44e2f_g0053,53,39601633,2,24,24,24,1,4,GREEN,champ_v3,3,3,[3],0,88,2,"{""1"": 82, ""2"": 84, ""3"": 96, ""4"": 88}",False,21.0,-30.0,2.0,10.0,6.0,0.015,638.0,176.0,640.0,20.0,31.0,83.25,232.0,273.75,1284.0,661.0,6.0,15.0,59.0,1.0,1.0,2.0,5.0,6.0,1.0,0.0,0.0,24.0,24.0,0.2975,0.2857142857142857,0.0096,0.0096,0.0725,0.32954545454545453,0.6704545454545454,0.525,1.0,1.0,0.425,0.5499092558983667,0.0
20260629_202157_89a44e2f,20260629_202157_89a44e2f_g0053,53,39601633,3,32,32,32,1,1,RED,pool_heuristic,0,3,[3],0,82,4,"{""1"": 82, ""2"": 84, ""3"": 96, ""4"": 88}",False,22.0,-42.0,0.0,15.0,6.0,0.015,254.0,81.25,251.5,17.0,19.0,41.25,123.0,51.25,781.0,273.5,8.0,13.0,48.0,1.0,1.0,2.0,6.0,3.0,0.0,1.0,0.0,32.0,32.0,0.395,0.38095238095238093,0.0128,0.0128,0.1,0.45454545454545453,0.5454545454545454,0.55,1.0,1.0,0.5333333333333333,0.5710526315789474,0.0
20260629_202157_89a44e2f,20260629_202157_89a44e2f_g0053,53,39601633,3,32,32,32,1,2,BLUE,pool_l45_100ms,1,3,[3],0,84,3,"{""1"": 82, ""2"": 84, ""3"": 96, ""4"": 88}",False,17.0,-52.0,5.0,12.0,6.0,0.015,173.0,61.875,176.875,16.0,17.0,33.75,82.0,28.125,862.0,193.875,8.0,13.0,48.0,1.0,1.0,2.0,6.0,3.0,0.0,0.0,0.0,32.0,32.0,0.395,0.38095238095238093,0.0128,0.0128,0.1,0.45454545454545453,0.5454545454545454,0.425,1.0,1.0,0.575,0.4407894736842105,0.0
20260629_202157_89a44e2f,20260629_202157_89a44e2f_g0053,53,39601633,3,32,32,32,1,3,YELLOW,pool_peer_500ms,2,3,[3],1,96,1,"{""1"": 82, ""2"": 84, ""3"": 96, ""4"": 88}",False,22.0,-42.0,0.0,22.0,6.0,0.015,303.0,99.0,310.625,18.0,25.0,51.75,161.5,54.375,732.0,332.625,8.0,13.0,48.0,1.0,1.0,2.0,6.0,3.0,0.0,0.0,0.0,32.0,32.0,0.395,0.38095238095238093,0.0128,0.0128,0.1,0.45454545454545453,0.5454545454545454,0.55,1.0,1.0,0.5333333333333333,0.5921052631578947,0.0
20260629_202157_89a44e2f,20260629_202157_89a44e2f_g0053,53,39601633,3,32,32,32,1,4,GREEN,champ_v3,3,3,[3],0,88,2,"{""1"": 82, ""2"": 84, ""3"": 96, ""4"": 88}",False,25.0,-36.0,2.0,21.0,6.0,0.015,305.0,95.75,300.5,21.0,23.0,54.0,95.0,107.5,730.0,325.5,8.0,13.0,50.0,1.0,1.0,2.0,4.0,5.0,0.0,0.0,0.0,32.0,32.0,0.395,0.38095238095238093,0.0128,0.0128,0.095,0.4318181818181818,0.5681818181818182,0.625,1.0,1.0,0.5083333333333333,0.574792243767313,0.0
20260629_202157_89a44e2f,20260629_202157_89a44e2f_g0053,53,39601633,4,40,40,40,1,1,RED,pool_heuristic,0,3,[3],0,82,4,"{""1"": 82, ""2"": 84, ""3"": 96, ""4"": 88}",False,22.0,-48.0,0.0,20.0,6.0,0.015,94.0,44.0,105.0,17.0,14.0,22.5,44.0,7.5,476.0,127.0,10.0,11.0,39.0,1.0,1.0,2.0,5.0,2.0,0.0,1.0,0.0,40.0,40.0,0.485,0.47619047619047616,0.016,0.016,0.1225,0.5568181818181818,0.4431818181818182,0.55,1.0,1.0,0.5833333333333333,0.5252416756176155,0.0
20260629_202157_89a44e2f,20260629_202157_89a44e2f_g0053,53,39601633,4,40,40,40,1,2,BLUE,pool_l45_100ms,1,3,[3],0,84,3,"{""1"": 82, ""2"": 84, ""3"": 96, ""4"": 88}",False,17.0,-58.0,4.0,22.0,6.0,0.015,69.0,34.25,71.5,16.0,12.0,17.25,25.0,1.25,501.0,88.5,10.0,11.0,38.0,1.0,1.0,2.0,6.0,1.0,0.0,0.0,0.0,40.0,40.0,0.485,0.47619047619047616,0.016,0.016,0.125,0.5681818181818182,0.4318181818181818,0.425,0.9833333333333333,1.0,0.625,0.45052631578947366,0.0
20260629_202157_89a44e2f,20260629_202157_89a44e2f_g0053,53,39601633,4,40,40,40,1,3,YELLOW,pool_peer_500ms,2,3,[3],1,96,1,"{""1"": 82, ""2"": 84, ""3"": 96, ""4"": 88}",False,24.0,-44.0,0.0,32.0,6.0,0.015,159.0,58.625,163.5,17.0,16.0,32.25,64.5,33.75,411.0,187.5,10.0,11.0,40.0,1.0,1.0,2.0,4.0,3.0,0.0,0.0,0.0,40.0,40.0,0.485,0.47619047619047616,0.016,0.016,0.12,0.5454545454545454,0.45454545454545453,0.6,1.0,1.0,0.5666666666666667,0.5932017543859649,0.0
20260629_202157_89a44e2f,20260629_202157_89a44e2f_g0053,53,39601633,4,40,40,40,1,4,GREEN,champ_v3,3,3,[3],0,88,2,"{""1"": 82, ""2"": 84, ""3"": 96, ""4"": 88}",False,29.0,-34.0,2.0,32.0,6.0,0.015,248.0,82.125,238.0,23.0,21.0,49.5,64.5,80.0,322.0,267.0,10.0,11.0,41.0,1.0,1.0,2.0,3.0,4.0,0.0,0.0,0.0,40.0,40.0,0.485,0.47619047619047616,0.016,0.016,0.1175,0.5340909090909091,0.4659090909090909,0.725,1.0,1.0,0.525,0.574468085106383,0.0
20260629_202157_89a44e2f,20260629_202157_89a44e2f_g0053,53,39601633,5,48,48,48,1,1,RED,pool_heuristic,0,3,[3],0,82,4,"{""1"": 82, ""2"": 84, ""3"": 96, ""4"": 88}",False,17.0,-52.0,0.0,24.0,12.0,0.03,26.0,18.25,29.0,12.0,6.0,6.0,5.0,0.0,181.0,46.0,12.0,9.0,30.0,1.0,1.0,2.0,4.0,1.0,0.0,0.0,0.0,48.0,48.0,0.575,0.5714285714285714,0.0192,0.0192,0.145,0.6590909090909091,0.3409090909090909,0.425,0.9,1.0,0.575,0.49637023593466423,0.0
20260629_202157_89a44e2f,20260629_202157_89a44e2f_g0053,53,39601633,5,48,48,48,1,2,BLUE,pool_l45_100ms,1,3,[3],0,84,3,"{""1"": 82, ""2"": 84, ""3"": 96, ""4"": 88}",False,13.0,-60.0,3.0,25.0,12.0,0.03,22.0,16.375,23.25,12.0,5.0,3.75,2.5,0.0,185.0,36.25,12.0,9.0,29.0,1.0,1.0,2.0,5.0,0.0,0.0,0.0,0.0,48.0,48.0,0.575,0.5714285714285714,0.0192,0.0192,0.1475,0.6704545454545454,0.32954545454545453,0.325,0.8166666666666667,0.8,0.6083333333333333,0.4576271186440678,0.0
20260629_202157_89a44e2f,20260629_202157_89a44e2f_g0053,53,39601633,5,48,48,48,1,3,YELLOW,pool_peer_500ms,2,3,[3],1,96,1,"{""1"": 82, ""2"": 84, ""3"": 96, ""4"": 88}",False,26.0,-34.0,0.0,40.0,12.0,0.03,64.0,35.25,72.75,17.0,13.0,16.5,20.0,6.25,143.0,98.75,12.0,9.0,31.0,1.0,1.0,2.0,3.0,2.0,0.0,0.0,0.0,48.0,48.0,0.575,0.5714285714285714,0.0192,0.0192,0.1425,0.6477272727272727,0.3522727272727273,0.65,1.0,1.0,0.5,0.5715604801477377,0.0
20260629_202157_89a44e2f,20260629_202157_89a44e2f_g0053,53,39601633,5,48,48,48,1,4,GREEN,champ_v3,3,3,[3],0,88,2,"{""1"": 82, ""2"": 84, ""3"": 96, ""4"": 88}",False,30.0,-26.0,2.0,46.0,12.0,0.03,95.0,46.75,102.25,21.0,16.0,28.5,18.0,18.75,112.0,132.25,12.0,9.0,32.0,1.0,1.0,2.0,2.0,3.0,0.0,0.0,0.0,48.0,48.0,0.575,0.5714285714285714,0.0192,0.0192,0.14,0.6363636363636364,0.36363636363636365,0.75,1.0,1.0,0.4666666666666667,0.5845864661654134,0.0
20260629_202157_89a44e2f,20260629_202157_89a44e2f_g0053,53,39601633,6,56,56,56,1,1,RED,pool_heuristic,0,3,[3],0,82,4,"{""1"": 82, ""2"": 84, ""3"": 96, ""4"": 88}",False,14.0,-53.0,0.0,35.0,19.0,0.0475,1.0,0.5,1.0,0.0,1.0,0.0,0.0,0.0,120.0,15.0,14.0,7.0,25.0,0.0,1.0,2.0,3.0,1.0,0.0,0.0,0.0,56.0,56.0,0.6475,0.6666666666666666,0.0224,0.0224,0.1575,0.7159090909090909,0.2840909090909091,0.35,0.5333333333333333,1.0,0.5583333333333333,0.4920634920634921,0.0
20260629_202157_89a44e2f,20260629_202157_89a44e2f_g0053,53,39601633,6,56,56,56,1,2,BLUE,pool_l45_100ms,1,3,[3],0,84,3,"{""1"": 82, ""2"": 84, ""3"": 96, ""4"": 88}",False,10.0,-61.0,1.0,40.0,19.0,0.0475,10.0,9.0,10.0,8.0,2.0,0.0,0.0,0.0,111.0,20.0,14.0,7.0,21.0,1.0,1.0,2.0,3.0,0.0,0.0,0.0,0.0,56.0,56.0,0.6475,0.6666666666666666,0.0224,0.0224,0.1675,0.7613636363636364,0.23863636363636365,0.25,0.5333333333333333,0.8,0.5916666666666667,0.4799685781618225,0.0
20260629_202157_89a44e2f,20260629_202157_89a44e2f_g0053,53,39601633,6,56,56,56,1,3,YELLOW,pool_peer_500ms,2,3,[3],1,96,1,"{""1"": 82, ""2"": 84, ""3"": 96, ""4"": 88}",False,27.0,-27.0,0.0,47.0,19.0,0.0475,44.0,30.75,59.75,17.0,11.0,9.0,14.0,8.75,77.0,86.75,14.0,7.0,24.0,1.0,1.0,1.0,2.0,2.0,0.0,0.0,0.0,56.0,56.0,0.6475,0.6666666666666666,0.0224,0.0224,0.16,0.7272727272727273,0.2727272727272727,0.675,1.0,1.0,0.45,0.5707236842105263,0.0
20260629_202157_89a44e2f,20260629_202157_89a44e2f_g0053,53,39601633,6,56,56,56,1,4,GREEN,champ_v3,3,3,[3],0,88,2,"{""1"": 82, ""2"": 84, ""3"": 96, ""4"": 88}",False,30.0,-21.0,2.0,57.0,19.0,0.0475,66.0,35.875,70.375,18.0,13.0,23.25,8.0,8.125,55.0,100.375,14.0,7.0,23.0,1.0,1.0,2.0,1.0,2.0,0.0,0.0,0.0,56.0,56.0,0.6475,0.6666666666666666,0.0224,0.0224,0.1625,0.7386363636363636,0.26136363636363635,0.75,1.0,1.0,0.425,0.5676113360323887,0.0
20260629_202157_89a44e2f,20260629_202157_89a44e2f_g0053,53,39601633,7,64,64,66,3,1,RED,pool_heuristic,0,3,[3],0,82,4,"{""1"": 82, ""2"": 84, ""3"": 96, ""4"": 88}",False,13.0,-43.0,0.0,36.0,30.0,0.075,0.0,0.0,0.0,0.0,0.0,0.0,0.0,0.0,46.0,13.0,15.0,6.0,23.0,0.0,0.0,2.0,3.0,1.0,0.0,0.0,0.0,64.0,66.0,0.7125,0.7142857142857143,0.0264,0.0256,0.1625,0.7386363636363636,0.26136363636363635,0.325,0.45,1.0,0.4666666666666667,0.48097165991902835,0.0
20260629_202157_89a44e2f,20260629_202157_89a44e2f_g0053,53,39601633,7,64,64,66,3,2,BLUE,pool_l45_100ms,1,3,[3],0,84,3,"{""1"": 82, ""2"": 84, ""3"": 96, ""4"": 88}",False,9.0,-51.0,1.0,46.0,30.0,0.075,0.0,0.0,0.0,0.0,0.0,0.0,0.0,0.0,46.0,9.0,17.0,4.0,15.0,0.0,0.0,1.0,3.0,0.0,0.0,0.0,0.0,64.0,66.0,0.7125,0.8095238095238095,0.0264,0.0256,0.1825,0.8295454545454546,0.17045454545454544,0.225,0.38333333333333336,0.8,0.5,0.4621485219899062,0.0
20260629_202157_89a44e2f,20260629_202157_89a44e2f_g0053,53,39601633,7,64,64,66,3,3,YELLOW,pool_peer_500ms,2,3,[3],1,96,1,"{""1"": 82, ""2"": 84, ""3"": 96, ""4"": 88}",False,21.0,-27.0,0.0,57.0,30.0,0.075,15.0,12.5,16.0,10.0,3.0,3.0,0.0,0.0,31.0,37.0,16.0,5.0,15.0,1.0,1.0,1.0,1.0,1.0,0.0,0.0,0.0,64.0,66.0,0.7125,0.7619047619047619,0.0264,0.0256,0.1825,0.8295454545454546,0.17045454545454544,0.525,0.7833333333333333,1.0,0.4,0.5277577505407354,0.0
20260629_202157_89a44e2f,20260629_202157_89a44e2f_g0053,53,39601633,7,64,64,66,3,4,GREEN,champ_v3,3,3,[3],0,88,2,"{""1"": 82, ""2"": 84, ""3"": 96, ""4"": 88}",False,26.0,-17.0,2.0,66.0,30.0,0.075,31.0,21.0,31.5,14.0,7.0,10.5,0.0,0.0,15.0,57.5,16.0,5.0,14.0,1.0,1.0,2.0,0.0,1.0,0.0,0.0,0.0,64.0,66.0,0.7125,0.7619047619047619,0.0264,0.0256,0.185,0.8409090909090909,0.1590909090909091,0.65,0.7166666666666667,1.0,0.35833333333333334,0.55049786628734,0.0
20260629_202157_89a44e2f,20260629_202157_89a44e2f_g0054,54,1662938429,0,8,8,8,1,1,RED,pool_l45_100ms,0,2,[2],0,79,3,"{""1"": 79, ""2"": 98, ""3"": 90, ""4"": 71}",False,6.0,-19.0,9.0,0.0,1.0,0.0025,388.0,90.5,366.25,6.0,10.0,28.5,113.0,208.75,1474.0,372.25,2.0,19.0,78.0,1.0,1.0,2.0,6.0,9.0,1.0,1.0,0.0,8.0,8.0,0.1,0.09523809523809523,0.0032,0.0032,0.025,0.11363636363636363,0.8863636363636364,0.15,1.0,1.0,0.20833333333333334,0.20526315789473681,0.0
20260629_202157_89a44e2f,20260629_202157_89a44e2f_g0054,54,1662938429,0,8,8,8,1,2,BLUE,pool_peer_500ms,1,2,[2],1,98,1,"{""1"": 79, ""2"": 98, ""3"": 90, ""4"": 71}",False,9.0,-13.0,9.0,0.0,1.0,0.0025,543.0,122.625,488.75,9.0,15.0,41.25,153.5,270.0,1319.0,497.75,2.0,19.0,78.0,1.0,1.0,2.0,6.0,9.0,1.0,0.0,0.0,8.0,8.0,0.1,0.09523809523809523,0.0032,0.0032,0.025,0.11363636363636363,0.8863636363636364,0.225,1.0,1.0,0.18333333333333332,0.23684210526315785,0.0
20260629_202157_89a44e2f,20260629_202157_89a44e2f_g0054,54,1662938429,0,8,8,8,1,3,YELLOW,champ_v3,2,2,[2],0,90,2,"{""1"": 79, ""2"": 98, ""3"": 90, ""4"": 71}",False,9.0,-13.0,9.0,0.0,1.0,0.0025,543.0,122.625,488.75,9.0,15.0,41.25,153.5,270.0,1319.0,497.75,2.0,19.0,78.0,1.0,1.0,2.0,6.0,9.0,1.0,0.0,0.0,8.0,8.0,0.1,0.09523809523809523,0.0032,0.0032,0.025,0.11363636363636363,0.8863636363636364,0.225,1.0,1.0,0.18333333333333332,0.23684210526315785,0.0
20260629_202157_89a44e2f,20260629_202157_89a44e2f_g0054,54,1662938429,0,8,8,8,1,4,GREEN,pool_heuristic,3,2,[2],0,71,4,"{""1"": 79, ""2"": 98, ""3"": 90, ""4"": 71}",False,7.0,-17.0,9.0,0.0,1.0,0.0025,388.0,91.875,365.625,7.0,11.0,30.75,115.0,201.875,1474.0,372.625,2.0,19.0,78.0,1.0,1.0,2.0,6.0,9.0,0.0,0.0,1.0,8.0,8.0,0.1,0.09523809523809523,0.0032,0.0032,0.025,0.11363636363636363,0.8863636363636364,0.175,1.0,1.0,0.2,0.25263157894736843,0.0
20260629_202157_89a44e2f,20260629_202157_89a44e2f_g0054,54,1662938429,1,16,16,16,1,1,RED,pool_l45_100ms,0,2,[2],0,79,3,"{""1"": 79, ""2"": 98, ""3"": 90, ""4"": 71}",False,10.0,-35.0,7.0,1.0,1.0,0.0025,419.0,100.5,376.375,10.0,16.0,39.0,144.5,166.875,2044.0,386.375,4.0,17.0,68.0,1.0,1.0,2.0,6.0,7.0,1.0,0.0,0.0,16.0,16.0,0.2,0.19047619047619047,0.0064,0.0064,0.05,0.22727272727272727,0.7727272727272727,0.25,1.0,1.0,0.375,0.3236842105263158,0.0
20260629_202157_89a44e2f,20260629_202157_89a44e2f_g0054,54,1662938429,1,16,16,16,1,2,BLUE,pool_peer_500ms,1,2,[2],1,98,1,"{""1"": 79, ""2"": 98, ""3"": 90, ""4"": 71}",False,16.0,-23.0,0.0,2.0,1.0,0.0025,721.0,179.875,699.375,14.0,24.0,67.5,252.0,341.875,1742.0,715.375,4.0,17.0,68.0,1.0,1.0,2.0,6.0,7.0,1.0,0.0,0.0,16.0,16.0,0.2,0.19047619047619047,0.0064,0.0064,0.05,0.22727272727272727,0.7727272727272727,0.4,1.0,1.0,0.325,0.49473684210526314,0.0
20260629_202157_89a44e2f,20260629_202157_89a44e2f_g0054,54,1662938429,1,16,16,16,1,3,YELLOW,champ_v3,2,2,[2],0,90,2,"{""1"": 79, ""2"": 98, ""3"": 90, ""4"": 71}",False,15.0,-25.0,1.0,2.0,1.0,0.0025,780.0,194.75,753.5,15.0,27.0,75.75,277.0,358.75,1683.0,768.5,4.0,17.0,68.0,1.0,1.0,2.0,6.0,7.0,1.0,0.0,0.0,16.0,16.0,0.2,0.19047619047619047,0.0064,0.0064,0.05,0.22727272727272727,0.7727272727272727,0.375,1.0,1.0,0.33333333333333337,0.4894736842105264,0.0
20260629_202157_89a44e2f,20260629_202157_89a44e2f_g0054,54,1662938429,1,16,16,16,1,4,GREEN,pool_heuristic,3,2,[2],0,71,4,"{""1"": 79, ""2"": 98, ""3"": 90, ""4"": 71}",False,14.0,-27.0,4.0,1.0,1.0,0.0025,543.0,146.25,545.875,14.0,24.0,61.5,209.5,236.875,1920.0,559.875,4.0,17.0,68.0,1.0,1.0,2.0,6.0,7.0,0.0,0.0,1.0,16.0,16.0,0.2,0.19047619047619047,0.0064,0.0064,0.05,0.22727272727272727,0.7727272727272727,0.35,1.0,1.0,0.3416666666666667,0.4447368421052631,0.0
20260629_202157_89a44e2f,20260629_202157_89a44e2f_g0054,54,1662938429,2,24,24,24,1,1,RED,pool_l45_100ms,0,2,[2],0,79,3,"{""1"": 79, ""2"": 98, ""3"": 90, ""4"": 71}",False,14.0,-41.0,6.0,1.0,11.0,0.0275,218.0,63.75,198.875,13.0,17.0,30.75,87.5,50.625,1324.0,212.875,6.0,15.0,58.0,1.0,1.0,2.0,6.0,5.0,0.0,0.0,0.0,24.0,24.0,0.2975,0.2857142857142857,0.0096,0.0096,0.075,0.3409090909090909,0.6590909090909091,0.35,1.0,1.0,0.4583333333333333,0.4017543859649123,0.0
20260629_202157_89a44e2f,20260629_202157_89a44e2f_g0054,54,1662938429,2,24,24,24,1,2,BLUE,pool_peer_500ms,1,2,[2],1,98,1,"{""1"": 79, ""2"": 98, ""3"": 90, ""4"": 71}",False,20.0,-29.0,0.0,11.0,11.0,0.0275,580.0,160.75,583.5,19.0,29.0,73.5,207.0,255.0,962.0,603.5,6.0,15.0,59.0,1.0,1.0,2.0,5.0,6.0,1.0,0.0,0.0,24.0,24.0,0.2975,0.2857142857142857,0.0096,0.0096,0.0725,0.32954545454545453,0.6704545454545454,0.5,1.0,1.0,0.4083333333333333,0.5843920145190562,0.0
20260629_202157_89a44e2f,20260629_202157_89a44e2f_g0054,54,1662938429,2,24,24,24,1,3,YELLOW,champ_v3,2,2,[2],0,90,2,"{""1"": 79, ""2"": 98, ""3"": 90, ""4"": 71}",False,19.0,-31.0,1.0,11.0,11.0,0.0275,401.0,123.25,427.75,17.0,24.0,58.5,182.0,146.25,1141.0,446.75,6.0,15.0,58.0,1.0,1.0,2.0,6.0,5.0,1.0,0.0,0.0,24.0,24.0,0.2975,0.2857142857142857,0.0096,0.0096,0.075,0.3409090909090909,0.6590909090909091,0.475,1.0,1.0,0.4166666666666667,0.6070175438596491,0.0
20260629_202157_89a44e2f,20260629_202157_89a44e2f_g0054,54,1662938429,2,24,24,24,1,4,GREEN,pool_heuristic,3,2,[2],0,71,4,"{""1"": 79, ""2"": 98, ""3"": 90, ""4"": 71}",False,16.0,-37.0,4.0,4.0,11.0,0.0275,343.0,100.125,343.875,15.0,19.0,45.75,151.0,113.125,1199.0,359.875,6.0,15.0,58.0,1.0,1.0,2.0,6.0,5.0,0.0,0.0,1.0,24.0,24.0,0.2975,0.2857142857142857,0.0096,0.0096,0.075,0.3409090909090909,0.6590909090909091,0.4,1.0,1.0,0.4416666666666667,0.5192982456140351,0.0
20260629_202157_89a44e2f,20260629_202157_89a44e2f_g0054,54,1662938429,3,32,32,32,1,1,RED,pool_l45_100ms,0,2,[2],0,79,3,"{""1"": 79, ""2"": 98, ""3"": 90, ""4"": 71}",False,15.0,-49.0,6.0,8.0,12.0,0.03,115.0,42.5,115.375,12.0,14.0,22.5,52.5,14.375,720.0,130.375,8.0,13.0,48.0,1.0,1.0,2.0,6.0,3.0,0.0,0.0,0.0,32.0,32.0,0.3925,0.38095238095238093,0.0128,0.0128,0.1,0.45454545454545453,0.5454545454545454,0.375,1.0,1.0,0.5333333333333333,0.4144736842105263,0.0
20260629_202157_89a44e2f,20260629_202157_89a44e2f_g0054,54,1662938429,3,32,32,32,1,2,BLUE,pool_peer_500ms,1,2,[2],1,98,1,"{""1"": 79, ""2"": 98, ""3"": 90, ""4"": 71}",False,22.0,-35.0,0.0,25.0,12.0,0.03,223.0,74.625,230.5,18.0,17.0,34.5,88.5,72.5,612.0,252.5,8.0,13.0,49.0,1.0,1.0,2.0,5.0,4.0,1.0,0.0,0.0,32.0,32.0,0.3925,0.38095238095238093,0.0128,0.0128,0.0975,0.4431818181818182,0.5568181818181818,0.55,1.0,1.0,0.475,0.5748987854251013,0.0
20260629_202157_89a44e2f,20260629_202157_89a44e2f_g0054,54,1662938429,3,32,32,32,1,3,YELLOW,champ_v3,2,2,[2],0,90,2,"{""1"": 79, ""2"": 98, ""3"": 90, ""4"": 71}",False,23.0,-33.0,1.0,17.0,12.0,0.03,306.0,108.375,358.375,20.0,25.0,55.5,116.0,141.875,529.0,381.375,8.0,13.0,50.0,1.0,1.0,2.0,4.0,5.0,1.0,0.0,0.0,32.0,32.0,0.3925,0.38095238095238093,0.0128,0.0128,0.095,0.4318181818181818,0.5681818181818182,0.575,1.0,1.0,0.4666666666666667,0.6149584487534626,0.0
20260629_202157_89a44e2f,20260629_202157_89a44e2f_g0054,54,1662938429,3,32,32,32,1,4,GREEN,pool_heuristic,3,2,[2],0,71,4,"{""1"": 79, ""2"": 98, ""3"": 90, ""4"": 71}",False,19.0,-41.0,4.0,4.0,12.0,0.03,191.0,67.25,198.375,18.0,15.0,30.0,93.5,41.875,644.0,217.375,8.0,13.0,48.0,1.0,1.0,2.0,6.0,3.0,0.0,0.0,1.0,32.0,32.0,0.3925,0.38095238095238093,0.0128,0.0128,0.1,0.45454545454545453,0.5454545454545454,0.475,1.0,1.0,0.5,0.5,0.0
20260629_202157_89a44e2f,20260629_202157_89a44e2f_g0054,54,1662938429,4,40,40,40,1,1,RED,pool_l45_100ms,0,2,[2],0,79,3,"{""1"": 79, ""2"": 98, ""3"": 90, ""4"": 71}",False,14.0,-53.0,6.0,11.0,16.0,0.04,55.0,25.375,56.0,11.0,9.0,12.0,21.5,2.5,230.0,70.0,10.0,11.0,38.0,1.0,1.0,2.0,6.0,1.0,0.0,0.0,0.0,40.0,40.0,0.49,0.47619047619047616,0.016,0.016,0.125,0.5681818181818182,0.4318181818181818,0.35,1.0,1.0,0.5583333333333333,0.4189473684210526,0.0
20260629_202157_89a44e2f,20260629_202157_89a44e2f_g0054,54,1662938429,4,40,40,40,1,2,BLUE,pool_peer_500ms,1,2,[2],1,98,1,"{""1"": 79, ""2"": 98, ""3"": 90, ""4"": 71}",False,20.0,-41.0,0.0,32.0,16.0,0.04,99.0,42.0,100.25,17.0,12.0,19.5,43.0,8.75,186.0,120.25,10.0,11.0,39.0,1.0,1.0,2.0,5.0,2.0,0.0,0.0,0.0,40.0,40.0,0.49,0.47619047619047616,0.016,0.016,0.1225,0.5568181818181818,0.4431818181818182,0.5,1.0,1.0,0.5083333333333333,0.593984962406015,0.0
20260629_202157_89a44e2f,20260629_202157_89a44e2f_g0054,54,1662938429,4,40,40,40,1,3,YELLOW,champ_v3,2,2,[2],0,90,2,"{""1"": 79, ""2"": 98, ""3"": 90, ""4"": 71}",False,28.0,-25.0,1.0,23.0,16.0,0.04,86.0,45.625,95.875,22.0,17.0,21.0,19.0,16.875,199.0,123.875,10.0,11.0,41.0,1.0,1.0,2.0,3.0,4.0,1.0,0.0,0.0,40.0,40.0,0.49,0.47619047619047616,0.016,0.016,0.1175,0.5340909090909091,0.4659090909090909,0.7,1.0,1.0,0.4416666666666667,0.5923852183650615,0.0
20260629_202157_89a44e2f,20260629_202157_89a44e2f_g0054,54,1662938429,4,40,40,40,1,4,GREEN,pool_heuristic,3,2,[2],0,71,4,"{""1"": 79, ""2"": 98, ""3"": 90, ""4"": 71}",False,19.0,-43.0,4.0,12.0,16.0,0.04,45.0,27.125,47.5,17.0,8.0,7.5,12.5,2.5,240.0,66.5,10.0,11.0,38.0,1.0,1.0,2.0,6.0,1.0,0.0,0.0,0.0,40.0,40.0,0.49,0.47619047619047616,0.016,0.016,0.125,0.5681818181818182,0.4318181818181818,0.475,1.0,1.0,0.5166666666666667,0.45894736842105266,0.0
20260629_202157_89a44e2f,20260629_202157_89a44e2f_g0054,54,1662938429,5,48,48,48,1,1,RED,pool_l45_100ms,0,2,[2],0,79,3,"{""1"": 79, ""2"": 98, ""3"": 90, ""4"": 71}",False,17.0,-52.0,6.0,20.0,25.0,0.0625,49.0,25.75,51.25,13.0,9.0,11.25,18.0,0.0,117.0,68.25,12.0,9.0,29.0,1.0,1.0,2.0,5.0,0.0,0.0,0.0,0.0,48.0,48.0,0.5675,0.5714285714285714,0.0192,0.0192,0.1475,0.6704545454545454,0.32954545454545453,0.425,1.0,0.8,0.575,0.4121320249776985,0.0
20260629_202157_89a44e2f,20260629_202157_89a44e2f_g0054,54,1662938429,5,48,48,48,1,2,BLUE,pool_peer_500ms,1,2,[2],1,98,1,"{""1"": 79, ""2"": 98, ""3"": 90, ""4"": 71}",False,23.0,-40.0,0.0,39.0,25.0,0.0625,73.0,38.5,75.75,19.0,14.0,21.75,21.0,0.0,93.0,98.75,12.0,9.0,30.0,1.0,1.0,2.0,4.0,1.0,0.0,0.0,0.0,48.0,48.0,0.5675,0.5714285714285714,0.0192,0.0192,0.145,0.6590909090909091,0.3409090909090909,0.575,1.0,1.0,0.525,0.5789473684210527,0.0
20260629_202157_89a44e2f,20260629_202157_89a44e2f_g0054,54,1662938429,5,48,48,48,1,3,YELLOW,champ_v3,2,2,[2],0,90,2,"{""1"": 79, ""2"": 98, ""3"": 90, ""4"": 71}",False,26.0,-34.0,1.0,32.0,25.0,0.0625,35.0,24.0,33.25,17.0,10.0,5.25,1.0,0.0,131.0,59.25,12.0,9.0,33.0,1.0,1.0,1.0,3.0,3.0,0.0,0.0,0.0,48.0,48.0,0.5675,0.5714285714285714,0.0192,0.0192,0.1375,0.625,0.375,0.65,1.0,1.0,0.5,0.5779904306220096,0.0
20260629_202157_89a44e2f,20260629_202157_89a44e2f_g0054,54,1662938429,5,48,48,48,1,4,GREEN,pool_heuristic,3,2,[2],0,71,4,"{""1"": 79, ""2"": 98, ""3"": 90, ""4"": 71}",False,20.0,-46.0,2.0,29.0,25.0,0.0625,9.0,4.5,11.0,0.0,6.0,3.0,2.0,0.0,157.0,31.0,12.0,9.0,33.0,0.0,1.0,2.0,5.0,1.0,0.0,0.0,0.0,48.0,48.0,0.5675,0.5714285714285714,0.0192,0.0192,0.1375,0.625,0.375,0.5,0.95,1.0,0.55,0.4669856459330144,0.0
20260629_202157_89a44e2f,20260629_202157_89a44e2f_g0054,54,1662938429,6,56,56,56,1,1,RED,pool_l45_100ms,0,2,[2],0,79,3,"{""1"": 79, ""2"": 98, ""3"": 90, ""4"": 71}",False,18.0,-47.0,6.0,27.0,34.0,0.085,29.0,21.5,32.5,15.0,7.0,4.5,6.0,0.0,62.0,50.5,14.0,7.0,21.0,1.0,1.0,2.0,3.0,0.0,0.0,0.0,0.0,56.0,56.0,0.635,0.6666666666666666,0.0224,0.0224,0.1675,0.7613636363636364,0.23863636363636365,0.45,0.8166666666666667,0.8,0.5416666666666667,0.39277297721916726,0.0
20260629_202157_89a44e2f,20260629_202157_89a44e2f_g0054,54,1662938429,6,56,56,56,1,2,BLUE,pool_peer_500ms,1,2,[2],1,98,1,"{""1"": 79, ""2"": 98, ""3"": 90, ""4"": 71}",False,24.0,-35.0,0.0,50.0,34.0,0.085,40.0,27.25,45.75,17.0,9.0,11.25,6.0,2.5,51.0,69.75,14.0,7.0,22.0,1.0,1.0,2.0,2.0,1.0,0.0,0.0,0.0,56.0,56.0,0.635,0.6666666666666666,0.0224,0.0224,0.165,0.75,0.25,0.6,0.9833333333333333,1.0,0.4916666666666667,0.5749601275917064,0.0
20260629_202157_89a44e2f,20260629_202157_89a44e2f_g0054,54,1662938429,6,56,56,56,1,3,YELLOW,champ_v3,2,2,[2],0,90,2,"{""1"": 79, ""2"": 98, ""3"": 90, ""4"": 71}",False,24.0,-35.0,1.0,38.0,34.0,0.085,22.0,17.25,23.25,15.0,0.0,3.75,2.0,2.5,69.0,47.25,14.0,7.0,27.0,1.0,0.0,1.0,2.0,3.0,0.0,0.0,0.0,56.0,56.0,0.635,0.6666666666666666,0.0224,0.0224,0.1525,0.6931818181818182,0.3068181818181818,0.6,1.0,1.0,0.4916666666666667,0.546160483175151,0.0
20260629_202157_89a44e2f,20260629_202157_89a44e2f_g0054,54,1662938429,6,56,56,56,1,4,GREEN,pool_heuristic,3,2,[2],0,71,4,"{""1"": 79, ""2"": 98, ""3"": 90, ""4"": 71}",False,17.0,-49.0,0.0,45.0,34.0,0.085,0.0,0.0,0.0,0.0,0.0,0.0,0.0,0.0,91.0,17.0,14.0,7.0,28.0,0.0,0.0,1.0,5.0,1.0,0.0,0.0,0.0,56.0,56.0,0.635,0.6666666666666666,0.0224,0.0224,0.15,0.6818181818181818,0.3181818181818182,0.425,0.6666666666666666,1.0,0.55,0.48070175438596485,0.0
20260629_202157_89a44e2f,20260629_202157_89a44e2f_g0054,54,1662938429,7,64,64,66,3,1,RED,pool_l45_100ms,0,2,[2],0,79,3,"{""1"": 79, ""2"": 98, ""3"": 90, ""4"": 71}",False,15.0,-46.0,3.0,33.0,45.0,0.1125,0.0,0.0,0.0,0.0,0.0,0.0,0.0,0.0,17.0,15.0,17.0,4.0,14.0,0.0,0.0,2.0,2.0,0.0,0.0,0.0,0.0,64.0,66.0,0.68,0.8095238095238095,0.0264,0.0256,0.185,0.8409090909090909,0.1590909090909091,0.375,0.31666666666666665,0.8,0.5083333333333333,0.3897581792318634,0.0
20260629_202157_89a44e2f,20260629_202157_89a44e2f_g0054,54,1662938429,7,64,64,66,3,2,BLUE,pool_peer_500ms,1,2,[2],1,98,1,"{""1"": 79, ""2"": 98, ""3"": 90, ""4"": 71}",False,23.0,-30.0,0.0,57.0,45.0,0.1125,16.0,6.25,20.75,0.0,0.0,12.75,8.0,0.0,1.0,43.75,17.0,4.0,15.0,0.0,0.0,2.0,1.0,1.0,0.0,0.0,0.0,64.0,66.0,0.68,0.8095238095238095,0.0264,0.0256,0.1825,0.8295454545454546,0.17045454545454544,0.575,0.9333333333333333,1.0,0.4416666666666667,0.5666906993511175,0.0
20260629_202157_89a44e2f,20260629_202157_89a44e2f_g0054,54,1662938429,7,64,64,66,3,3,YELLOW,champ_v3,2,2,[2],0,90,2,"{""1"": 79, ""2"": 98, ""3"": 90, ""4"": 71}",False,21.0,-34.0,1.0,41.0,45.0,0.1125,1.0,0.5,2.0,0.0,0.0,0.0,2.0,0.0,16.0,23.0,16.0,5.0,23.0,0.0,0.0,0.0,2.0,3.0,0.0,0.0,0.0,64.0,66.0,0.68,0.7619047619047619,0.0264,0.0256,0.1625,0.7386363636363636,0.26136363636363635,0.525,0.6666666666666666,1.0,0.4583333333333333,0.5271255060728746,0.0
20260629_202157_89a44e2f,20260629_202157_89a44e2f_g0054,54,1662938429,7,64,64,66,3,4,GREEN,pool_heuristic,3,2,[2],0,71,4,"{""1"": 79, ""2"": 98, ""3"": 90, ""4"": 71}",False,17.0,-42.0,0.0,50.0,45.0,0.1125,0.0,0.0,0.0,0.0,0.0,0.0,0.0,0.0,17.0,17.0,14.0,7.0,28.0,0.0,0.0,1.0,5.0,1.0,0.0,0.0,0.0,64.0,66.0,0.68,0.6666666666666666,0.0264,0.0256,0.15,0.6818181818181818,0.3181818181818182,0.425,0.5,1.0,0.4916666666666667,0.48070175438596485,0.0
20260629_202157_89a44e2f,20260629_202157_89a44e2f_g0055,55,24552852,0,8,8,8,1,1,RED,pool_peer_500ms,0,1,[1],1,98,1,"{""1"": 98, ""2"": 87, ""3"": 92, ""4"": 64}",False,9.0,-12.0,9.0,0.0,0.0,0.0,543.0,122.625,488.75,9.0,15.0,41.25,153.5,270.0,1277.0,497.75,2.0,19.0,78.0,1.0,1.0,2.0,6.0,9.0,1.0,0.0,0.0,8.0,8.0,0.1,0.09523809523809523,0.0032,0.0032,0.025,0.11363636363636363,0.8863636363636364,0.225,1.0,1.0,0.175,0.23684210526315785,0.0
20260629_202157_89a44e2f,20260629_202157_89a44e2f_g0055,55,24552852,0,8,8,8,1,2,BLUE,champ_v3,1,1,[1],0,87,3,"{""1"": 98, ""2"": 87, ""3"": 92, ""4"": 64}",False,9.0,-12.0,9.0,0.0,0.0,0.0,543.0,122.625,488.75,9.0,15.0,41.25,153.5,270.0,1277.0,497.75,2.0,19.0,78.0,1.0,1.0,2.0,6.0,9.0,1.0,0.0,0.0,8.0,8.0,0.1,0.09523809523809523,0.0032,0.0032,0.025,0.11363636363636363,0.8863636363636364,0.225,1.0,1.0,0.175,0.23684210526315785,0.0
20260629_202157_89a44e2f,20260629_202157_89a44e2f_g0055,55,24552852,0,8,8,8,1,3,YELLOW,pool_heuristic,2,1,[1],0,92,2,"{""1"": 98, ""2"": 87, ""3"": 92, ""4"": 64}",False,5.0,-20.0,9.0,0.0,0.0,0.0,290.0,70.625,284.0,5.0,8.0,22.5,88.5,160.0,1530.0,289.0,2.0,19.0,78.0,1.0,1.0,2.0,6.0,9.0,1.0,1.0,1.0,8.0,8.0,0.1,0.09523809523809523,0.0032,0.0032,0.025,0.11363636363636363,0.8863636363636364,0.125,1.0,1.0,0.20833333333333334,0.2315789473684211,0.0
20260629_202157_89a44e2f,20260629_202157_89a44e2f_g0055,55,24552852,0,8,8,8,1,4,GREEN,pool_l45_100ms,3,1,[1],0,64,4,"{""1"": 98, ""2"": 87, ""3"": 92, ""4"": 64}",False,7.0,-16.0,9.0,0.0,0.0,0.0,444.0,103.25,415.125,7.0,12.0,33.75,130.5,231.875,1376.0,422.125,2.0,19.0,78.0,1.0,1.0,2.0,6.0,9.0,1.0,1.0,0.0,8.0,8.0,0.1,0.09523809523809523,0.0032,0.0032,0.025,0.11363636363636363,0.8863636363636364,0.175,1.0,1.0,0.19166666666666668,0.20526315789473681,0.0
20260629_202157_89a44e2f,20260629_202157_89a44e2f_g0055,55,24552852,1,16,16,16,1,1,RED,pool_peer_500ms,0,1,[1],1,98,1,"{""1"": 98, ""2"": 87, ""3"": 92, ""4"": 64}",False,16.0,-21.0,0.0,0.0,4.0,0.01,815.0,203.875,786.5,16.0,28.0,79.5,295.5,367.5,1804.0,802.5,4.0,17.0,68.0,1.0,1.0,2.0,6.0,7.0,1.0,0.0,0.0,16.0,16.0,0.2,0.19047619047619047,0.0064,0.0064,0.05,0.22727272727272727,0.7727272727272727,0.4,1.0,1.0,0.30833333333333335,0.49473684210526314,0.0
20260629_202157_89a44e2f,20260629_202157_89a44e2f_g0055,55,24552852,1,16,16,16,1,2,BLUE,champ_v3,1,1,[1],0,87,3,"{""1"": 98, ""2"": 87, ""3"": 92, ""4"": 64}",False,16.0,-21.0,3.0,3.0,4.0,0.01,723.0,175.125,661.375,16.0,27.0,69.75,253.0,295.625,1896.0,677.375,4.0,17.0,68.0,1.0,1.0,2.0,6.0,7.0,1.0,0.0,0.0,16.0,16.0,0.2,0.19047619047619047,0.0064,0.0064,0.05,0.22727272727272727,0.7727272727272727,0.4,1.0,1.0,0.30833333333333335,0.4552631578947368,0.0
20260629_202157_89a44e2f,20260629_202157_89a44e2f_g0055,55,24552852,1,16,16,16,1,3,YELLOW,pool_heuristic,2,1,[1],0,92,2,"{""1"": 98, ""2"": 87, ""3"": 92, ""4"": 64}",False,11.0,-31.0,4.0,3.0,4.0,0.01,573.0,147.25,575.875,11.0,19.0,54.0,207.5,284.375,2046.0,586.875,4.0,17.0,68.0,1.0,1.0,2.0,6.0,7.0,0.0,1.0,1.0,16.0,16.0,0.2,0.19047619047619047,0.0064,0.0064,0.05,0.22727272727272727,0.7727272727272727,0.275,1.0,1.0,0.35,0.4552631578947368,0.0
20260629_202157_89a44e2f,20260629_202157_89a44e2f_g0055,55,24552852,1,16,16,16,1,4,GREEN,pool_l45_100ms,3,1,[1],0,64,4,"{""1"": 98, ""2"": 87, ""3"": 92, ""4"": 64}",False,10.0,-33.0,7.0,0.0,4.0,0.01,508.0,119.0,457.0,10.0,17.0,45.0,170.0,215.0,2111.0,467.0,4.0,17.0,68.0,1.0,1.0,2.0,6.0,7.0,1.0,0.0,0.0,16.0,16.0,0.2,0.19047619047619047,0.0064,0.0064,0.05,0.22727272727272727,0.7727272727272727,0.25,1.0,1.0,0.35833333333333334,0.3131578947368421,0.0
20260629_202157_89a44e2f,20260629_202157_89a44e2f_g0055,55,24552852,2,24,24,24,1,1,RED,pool_peer_500ms,0,1,[1],1,98,1,"{""1"": 98, ""2"": 87, ""3"": 92, ""4"": 64}",False,21.0,-27.0,0.0,7.0,6.0,0.015,477.0,134.625,472.625,19.0,23.0,59.25,202.0,169.375,1043.0,493.625,6.0,15.0,58.0,1.0,1.0,2.0,6.0,5.0,0.0,0.0,0.0,24.0,24.0,0.2975,0.2857142857142857,0.0096,0.0096,0.075,0.3409090909090909,0.6590909090909091,0.525,1.0,1.0,0.4,0.5596491228070175,0.0
20260629_202157_89a44e2f,20260629_202157_89a44e2f_g0055,55,24552852,2,24,24,24,1,2,BLUE,champ_v3,1,1,[1],0,87,3,"{""1"": 98, ""2"": 87, ""3"": 92, ""4"": 64}",False,20.0,-29.0,1.0,7.0,6.0,0.015,607.0,156.625,571.625,18.0,27.0,71.25,206.0,249.375,913.0,591.625,6.0,15.0,59.0,1.0,1.0,2.0,5.0,6.0,1.0,0.0,0.0,24.0,24.0,0.2975,0.2857142857142857,0.0096,0.0096,0.0725,0.32954545454545453,0.6704545454545454,0.5,1.0,1.0,0.4083333333333333,0.5226860254083485,0.0
20260629_202157_89a44e2f,20260629_202157_89a44e2f_g0055,55,24552852,2,24,24,24,1,3,YELLOW,pool_heuristic,2,1,[1],0,92,2,"{""1"": 98, ""2"": 87, ""3"": 92, ""4"": 64}",False,15.0,-39.0,2.0,9.0,6.0,0.015,156.0,52.75,173.5,10.0,11.0,22.5,75.0,55.0,1364.0,188.5,6.0,15.0,58.0,1.0,1.0,2.0,6.0,5.0,0.0,1.0,1.0,24.0,24.0,0.2975,0.2857142857142857,0.0096,0.0096,0.075,0.3409090909090909,0.6590909090909091,0.375,1.0,1.0,0.45,0.5350877192982455,0.0
20260629_202157_89a44e2f,20260629_202157_89a44e2f_g0055,55,24552852,2,24,24,24,1,4,GREEN,pool_l45_100ms,3,1,[1],0,64,4,"{""1"": 98, ""2"": 87, ""3"": 92, ""4"": 64}",False,13.0,-43.0,3.0,1.0,6.0,0.015,280.0,74.625,246.625,13.0,17.0,33.75,106.0,76.875,1240.0,259.625,6.0,15.0,58.0,1.0,1.0,2.0,6.0,5.0,0.0,0.0,0.0,24.0,24.0,0.2975,0.2857142857142857,0.0096,0.0096,0.075,0.3409090909090909,0.6590909090909091,0.325,1.0,1.0,0.4666666666666667,0.4175438596491228,0.0
20260629_202157_89a44e2f,20260629_202157_89a44e2f_g0055,55,24552852,3,32,32,32,1,1,RED,pool_peer_500ms,0,1,[1],1,98,1,"{""1"": 98, ""2"": 87, ""3"": 92, ""4"": 64}",False,24.0,-34.0,0.0,19.0,6.0,0.015,140.0,56.0,146.125,20.0,15.0,24.75,59.5,26.875,669.0,170.125,8.0,13.0,48.0,1.0,1.0,2.0,6.0,3.0,0.0,0.0,0.0,32.0,32.0,0.395,0.38095238095238093,0.0128,0.0128,0.1,0.45454545454545453,0.5454545454545454,0.6,1.0,1.0,0.4833333333333333,0.5947368421052632,0.0
20260629_202157_89a44e2f,20260629_202157_89a44e2f_g0055,55,24552852,3,32,32,32,1,2,BLUE,champ_v3,1,1,[1],0,87,3,"{""1"": 98, ""2"": 87, ""3"": 92, ""4"": 64}",False,25.0,-32.0,1.0,10.0,6.0,0.015,471.0,135.25,457.0,22.0,29.0,73.5,155.0,177.5,338.0,482.0,8.0,13.0,50.0,1.0,1.0,2.0,4.0,5.0,1.0,0.0,0.0,32.0,32.0,0.395,0.38095238095238093,0.0128,0.0128,0.095,0.4318181818181818,0.5681818181818182,0.625,1.0,1.0,0.475,0.5401662049861495,0.0
20260629_202157_89a44e2f,20260629_202157_89a44e2f_g0055,55,24552852,3,32,32,32,1,3,YELLOW,pool_heuristic,2,1,[1],0,92,2,"{""1"": 98, ""2"": 87, ""3"": 92, ""4"": 64}",False,18.0,-46.0,2.0,15.0,6.0,0.015,124.0,49.125,138.5,14.0,14.0,21.0,64.5,25.0,685.0,156.5,8.0,13.0,48.0,1.0,1.0,2.0,6.0,3.0,0.0,1.0,1.0,32.0,32.0,0.395,0.38095238095238093,0.0128,0.0128,0.1,0.45454545454545453,0.5454545454545454,0.45,1.0,1.0,0.5333333333333333,0.5197368421052632,0.0
20260629_202157_89a44e2f,20260629_202157_89a44e2f_g0055,55,24552852,3,32,32,32,1,4,GREEN,pool_l45_100ms,3,1,[1],0,64,4,"{""1"": 98, ""2"": 87, ""3"": 92, ""4"": 64}",False,15.0,-52.0,3.0,3.0,6.0,0.015,74.0,32.75,71.5,14.0,14.0,14.25,23.0,6.25,735.0,86.5,8.0,13.0,48.0,1.0,1.0,2.0,6.0,3.0,0.0,0.0,0.0,32.0,32.0,0.395,0.38095238095238093,0.0128,0.0128,0.1,0.45454545454545453,0.5454545454545454,0.375,1.0,1.0,0.5583333333333333,0.4421052631578948,0.0
20260629_202157_89a44e2f,20260629_202157_89a44e2f_g0055,55,24552852,4,40,40,40,1,1,RED,pool_peer_500ms,0,1,[1],1,98,1,"{""1"": 98, ""2"": 87, ""3"": 92, ""4"": 64}",False,25.0,-33.0,0.0,26.0,21.0,0.0525,70.0,36.875,77.25,19.0,10.0,12.75,30.5,5.0,188.0,102.25,10.0,11.0,38.0,1.0,1.0,2.0,6.0,1.0,0.0,0.0,0.0,40.0,40.0,0.49,0.47619047619047616,0.016,0.016,0.125,0.5681818181818182,0.4318181818181818,0.625,1.0,1.0,0.4833333333333333,0.5705263157894737,0.0
20260629_202157_89a44e2f,20260629_202157_89a44e2f_g0055,55,24552852,4,40,40,40,1,2,BLUE,champ_v3,1,1,[1],0,87,3,"{""1"": 98, ""2"": 87, ""3"": 92, ""4"": 64}",False,29.0,-25.0,1.0,17.0,21.0,0.0525,130.0,54.375,125.125,22.0,20.0,32.25,29.0,21.875,128.0,154.125,10.0,11.0,41.0,1.0,1.0,2.0,3.0,4.0,0.0,0.0,0.0,40.0,40.0,0.49,0.47619047619047616,0.016,0.016,0.1175,0.5340909090909091,0.4659090909090909,0.725,1.0,1.0,0.45,0.5330347144456886,0.0
20260629_202157_89a44e2f,20260629_202157_89a44e2f_g0055,55,24552852,4,40,40,40,1,3,YELLOW,pool_heuristic,2,1,[1],0,92,2,"{""1"": 98, ""2"": 87, ""3"": 92, ""4"": 64}",False,17.0,-49.0,2.0,21.0,21.0,0.0525,37.0,21.75,37.75,13.0,8.0,6.75,10.0,0.0,221.0,54.75,10.0,11.0,38.0,1.0,1.0,2.0,6.0,1.0,0.0,1.0,0.0,40.0,40.0,0.49,0.47619047619047616,0.016,0.016,0.125,0.5681818181818182,0.4318181818181818,0.425,1.0,1.0,0.55,0.49684210526315786,0.0
20260629_202157_89a44e2f,20260629_202157_89a44e2f_g0055,55,24552852,4,40,40,40,1,4,GREEN,pool_l45_100ms,3,1,[1],0,64,4,"{""1"": 98, ""2"": 87, ""3"": 92, ""4"": 64}",False,12.0,-59.0,3.0,7.0,21.0,0.0525,21.0,14.0,20.75,9.0,7.0,3.75,1.0,0.0,237.0,32.75,10.0,11.0,39.0,1.0,1.0,2.0,5.0,2.0,0.0,0.0,0.0,40.0,40.0,0.49,0.47619047619047616,0.016,0.016,0.1225,0.5568181818181818,0.4431818181818182,0.3,0.5666666666666667,1.0,0.5916666666666667,0.3995703544575725,0.0
20260629_202157_89a44e2f,20260629_202157_89a44e2f_g0055,55,24552852,5,48,48,48,1,1,RED,pool_peer_500ms,0,1,[1],1,98,1,"{""1"": 98, ""2"": 87, ""3"": 92, ""4"": 64}",False,28.0,-22.0,0.0,36.0,22.0,0.055,37.0,26.5,44.0,18.0,7.0,4.5,12.0,2.5,89.0,72.0,12.0,9.0,31.0,1.0,1.0,1.0,5.0,1.0,0.0,0.0,0.0,48.0,48.0,0.5675,0.5714285714285714,0.0192,0.0192,0.1425,0.6477272727272727,0.3522727272727273,0.7,1.0,1.0,0.4166666666666667,0.5807940904893814,0.0
20260629_202157_89a44e2f,20260629_202157_89a44e2f_g0055,55,24552852,5,48,48,48,1,2,BLUE,champ_v3,1,1,[1],0,87,3,"{""1"": 98, ""2"": 87, ""3"": 92, ""4"": 64}",False,28.0,-22.0,1.0,26.0,22.0,0.055,68.0,34.625,63.625,19.0,13.0,17.25,10.0,4.375,58.0,91.625,12.0,9.0,32.0,1.0,1.0,2.0,2.0,3.0,0.0,0.0,0.0,48.0,48.0,0.5675,0.5714285714285714,0.0192,0.0192,0.14,0.6363636363636364,0.36363636363636365,0.7,1.0,1.0,0.4166666666666667,0.518796992481203,0.0
20260629_202157_89a44e2f,20260629_202157_89a44e2f_g0055,55,24552852,5,48,48,48,1,3,YELLOW,pool_heuristic,2,1,[1],0,92,2,"{""1"": 98, ""2"": 87, ""3"": 92, ""4"": 64}",False,15.0,-48.0,2.0,29.0,22.0,0.055,15.0,12.5,15.0,10.0,5.0,0.0,0.0,0.0,111.0,30.0,12.0,9.0,30.0,1.0,1.0,2.0,4.0,1.0,0.0,1.0,0.0,48.0,48.0,0.5675,0.5714285714285714,0.0192,0.0192,0.145,0.6590909090909091,0.3409090909090909,0.375,0.7833333333333333,1.0,0.525,0.45644283121597096,0.0
20260629_202157_89a44e2f,20260629_202157_89a44e2f_g0055,55,24552852,5,48,48,48,1,4,GREEN,pool_l45_100ms,3,1,[1],0,64,4,"{""1"": 98, ""2"": 87, ""3"": 92, ""4"": 64}",False,7.0,-64.0,3.0,18.0,22.0,0.055,6.0,5.0,6.0,4.0,2.0,0.0,0.0,0.0,120.0,13.0,12.0,9.0,32.0,1.0,1.0,1.0,4.0,2.0,0.0,0.0,0.0,48.0,48.0,0.5675,0.5714285714285714,0.0192,0.0192,0.14,0.6363636363636364,0.36363636363636365,0.175,0.31666666666666665,1.0,0.5916666666666667,0.4219924812030075,0.0
20260629_202157_89a44e2f,20260629_202157_89a44e2f_g0055,55,24552852,6,56,56,56,1,1,RED,pool_peer_500ms,0,1,[1],1,98,1,"{""1"": 98, ""2"": 87, ""3"": 92, ""4"": 64}",False,28.0,-17.0,0.0,50.0,42.0,0.105,24.0,20.0,24.5,17.0,4.0,1.5,2.0,0.0,33.0,52.5,14.0,7.0,23.0,1.0,1.0,1.0,3.0,1.0,0.0,0.0,0.0,56.0,56.0,0.625,0.6666666666666666,0.0224,0.0224,0.1625,0.7386363636363636,0.26136363636363635,0.7,0.95,1.0,0.375,0.5578947368421052,0.0
20260629_202157_89a44e2f,20260629_202157_89a44e2f_g0055,55,24552852,6,56,56,56,1,2,BLUE,champ_v3,1,1,[1],0,87,3,"{""1"": 98, ""2"": 87, ""3"": 92, ""4"": 64}",False,24.0,-25.0,1.0,31.0,42.0,0.105,15.0,5.125,13.25,0.0,6.0,4.5,1.5,1.25,42.0,37.25,14.0,7.0,26.0,0.0,1.0,2.0,2.0,2.0,0.0,0.0,0.0,56.0,56.0,0.625,0.6666666666666666,0.0224,0.0224,0.155,0.7045454545454546,0.29545454545454547,0.6,1.0,1.0,0.4083333333333333,0.5042444821731749,0.0
20260629_202157_89a44e2f,20260629_202157_89a44e2f_g0055,55,24552852,6,56,56,56,1,3,YELLOW,pool_heuristic,2,1,[1],0,92,2,"{""1"": 98, ""2"": 87, ""3"": 92, ""4"": 64}",False,17.0,-39.0,0.0,38.0,42.0,0.105,18.0,12.875,18.0,11.0,0.0,2.25,3.5,1.25,39.0,35.0,14.0,7.0,24.0,1.0,0.0,2.0,3.0,1.0,0.0,1.0,0.0,56.0,56.0,0.625,0.6666666666666666,0.0224,0.0224,0.16,0.7272727272727273,0.2727272727272727,0.425,0.8833333333333333,1.0,0.4666666666666667,0.4942434210526315,0.0
20260629_202157_89a44e2f,20260629_202157_89a44e2f_g0055,55,24552852,6,56,56,56,1,4,GREEN,pool_l45_100ms,3,1,[1],0,64,4,"{""1"": 98, ""2"": 87, ""3"": 92, ""4"": 64}",False,4.0,-65.0,3.0,22.0,42.0,0.105,0.0,0.0,0.0,0.0,0.0,0.0,0.0,0.0,57.0,4.0,14.0,7.0,29.0,0.0,0.0,1.0,4.0,2.0,0.0,0.0,0.0,56.0,56.0,0.625,0.6666666666666666,0.0224,0.0224,0.1475,0.6704545454545454,0.32954545454545453,0.1,0.06666666666666667,1.0,0.575,0.4272970561998216,0.0
20260629_202157_89a44e2f,20260629_202157_89a44e2f_g0055,55,24552852,7,64,64,66,3,1,RED,pool_peer_500ms,0,1,[1],1,98,1,"{""1"": 98, ""2"": 87, ""3"": 92, ""4"": 64}",False,26.0,-19.0,0.0,61.0,47.0,0.1175,1.0,0.25,1.0,0.0,0.0,0.0,1.0,0.0,17.0,27.0,17.0,4.0,16.0,0.0,0.0,1.0,2.0,1.0,0.0,0.0,0.0,64.0,66.0,0.69,0.8095238095238095,0.0264,0.0256,0.18,0.8181818181818182,0.18181818181818182,0.65,0.8666666666666667,1.0,0.375,0.5460526315789473,0.0
20260629_202157_89a44e2f,20260629_202157_89a44e2f_g0055,55,24552852,7,64,64,66,3,2,BLUE,champ_v3,1,1,[1],0,87,3,"{""1"": 98, ""2"": 87, ""3"": 92, ""4"": 64}",False,23.0,-25.0,1.0,46.0,47.0,0.1175,2.0,0.5,1.5,0.0,0.0,1.5,0.0,0.0,16.0,24.5,17.0,4.0,15.0,0.0,0.0,2.0,1.0,1.0,0.0,0.0,0.0,64.0,66.0,0.69,0.8095238095238095,0.0264,0.0256,0.1825,0.8295454545454546,0.17045454545454544,0.575,0.8833333333333333,1.0,0.4,0.4924297043979813,0.0
20260629_202157_89a44e2f,20260629_202157_89a44e2f_g0055,55,24552852,7,64,64,66,3,3,YELLOW,pool_heuristic,2,1,[1],0,92,2,"{""1"": 98, ""2"": 87, ""3"": 92, ""4"": 64}",False,18.0,-35.0,0.0,47.0,47.0,0.1175,15.0,12.25,15.0,11.0,0.0,3.0,1.0,0.0,3.0,33.0,16.0,5.0,16.0,1.0,0.0,1.0,3.0,0.0,0.0,0.0,0.0,64.0,66.0,0.69,0.7619047619047619,0.0264,0.0256,0.18,0.8181818181818182,0.18181818181818182,0.45,0.7833333333333333,0.8,0.4416666666666667,0.5095029239766082,0.0
20260629_202157_89a44e2f,20260629_202157_89a44e2f_g0055,55,24552852,7,64,64,66,3,4,GREEN,pool_l45_100ms,3,1,[1],0,64,4,"{""1"": 98, ""2"": 87, ""3"": 92, ""4"": 64}",False,4.0,-63.0,3.0,29.0,47.0,0.1175,0.0,0.0,0.0,0.0,0.0,0.0,0.0,0.0,18.0,4.0,14.0,7.0,29.0,0.0,0.0,1.0,4.0,2.0,0.0,0.0,0.0,64.0,66.0,0.69,0.6666666666666666,0.0264,0.0256,0.1475,0.6704545454545454,0.32954545454545453,0.1,0.06666666666666667,1.0,0.5583333333333333,0.4272970561998216,0.0
20260629_202157_89a44e2f,20260629_202157_89a44e2f_g0056,56,1064243513,0,8,8,8,1,1,RED,champ_v3,0,1,[1],1,98,1,"{""1"": 98, ""2"": 81, ""3"": 59, ""4"": 95}",False,9.0,-15.0,9.0,0.0,0.0,0.0,543.0,122.625,488.75,9.0,15.0,41.25,153.5,270.0,1392.0,497.75,2.0,19.0,78.0,1.0,1.0,2.0,6.0,9.0,1.0,0.0,0.0,8.0,8.0,0.1,0.09523809523809523,0.0032,0.0032,0.025,0.11363636363636363,0.8863636363636364,0.225,1.0,1.0,0.2,0.23684210526315785,0.0
20260629_202157_89a44e2f,20260629_202157_89a44e2f_g0056,56,1064243513,0,8,8,8,1,2,BLUE,pool_heuristic,1,1,[1],0,81,3,"{""1"": 98, ""2"": 81, ""3"": 59, ""4"": 95}",False,8.0,-17.0,9.0,0.0,0.0,0.0,485.0,119.125,478.125,8.0,14.0,39.75,152.0,264.375,1450.0,486.125,2.0,19.0,78.0,1.0,1.0,2.0,6.0,9.0,1.0,0.0,1.0,8.0,8.0,0.1,0.09523809523809523,0.0032,0.0032,0.025,0.11363636363636363,0.8863636363636364,0.2,1.0,1.0,0.20833333333333334,0.2315789473684211,0.0
20260629_202157_89a44e2f,20260629_202157_89a44e2f_g0056,56,1064243513,0,8,8,8,1,3,YELLOW,pool_l45_100ms,2,1,[1],0,59,4,"{""1"": 98, ""2"": 81, ""3"": 59, ""4"": 95}",False,7.0,-19.0,9.0,0.0,0.0,0.0,364.0,86.0,341.875,7.0,10.0,27.0,108.5,189.375,1571.0,348.875,2.0,19.0,78.0,1.0,1.0,2.0,6.0,9.0,1.0,1.0,0.0,8.0,8.0,0.1,0.09523809523809523,0.0032,0.0032,0.025,0.11363636363636363,0.8863636363636364,0.175,1.0,1.0,0.21666666666666665,0.17368421052631577,0.0
20260629_202157_89a44e2f,20260629_202157_89a44e2f_g0056,56,1064243513,0,8,8,8,1,4,GREEN,pool_peer_500ms,3,1,[1],0,95,2,"{""1"": 98, ""2"": 81, ""3"": 59, ""4"": 95}",False,9.0,-15.0,9.0,0.0,0.0,0.0,543.0,122.625,488.75,9.0,15.0,41.25,153.5,270.0,1392.0,497.75,2.0,19.0,78.0,1.0,1.0,2.0,6.0,9.0,1.0,0.0,0.0,8.0,8.0,0.1,0.09523809523809523,0.0032,0.0032,0.025,0.11363636363636363,0.8863636363636364,0.225,1.0,1.0,0.2,0.23684210526315785,0.0
20260629_202157_89a44e2f,20260629_202157_89a44e2f_g0056,56,1064243513,1,16,16,16,1,1,RED,champ_v3,0,1,[1],1,98,1,"{""1"": 98, ""2"": 81, ""3"": 59, ""4"": 95}",False,16.0,-26.0,0.0,2.0,0.0,0.0,771.0,192.125,743.25,15.0,26.0,73.5,277.5,351.25,1798.0,759.25,4.0,17.0,68.0,1.0,1.0,2.0,6.0,7.0,1.0,0.0,0.0,16.0,16.0,0.2,0.19047619047619047,0.0064,0.0064,0.05,0.22727272727272727,0.7727272727272727,0.4,1.0,1.0,0.35,0.49473684210526314,0.0
20260629_202157_89a44e2f,20260629_202157_89a44e2f_g0056,56,1064243513,1,16,16,16,1,2,BLUE,pool_heuristic,1,1,[1],0,81,3,"{""1"": 98, ""2"": 81, ""3"": 59, ""4"": 95}",False,15.0,-28.0,4.0,0.0,0.0,0.0,694.0,175.0,668.5,15.0,25.0,69.0,252.0,307.5,1875.0,683.5,4.0,17.0,68.0,1.0,1.0,2.0,6.0,7.0,0.0,0.0,1.0,16.0,16.0,0.2,0.19047619047619047,0.0064,0.0064,0.05,0.22727272727272727,0.7727272727272727,0.375,1.0,1.0,0.35833333333333334,0.4447368421052631,0.0
20260629_202157_89a44e2f,20260629_202157_89a44e2f_g0056,56,1064243513,1,16,16,16,1,3,YELLOW,pool_l45_100ms,2,1,[1],0,59,4,"{""1"": 98, ""2"": 81, ""3"": 59, ""4"": 95}",False,11.0,-36.0,5.0,0.0,0.0,0.0,326.0,82.25,297.5,11.0,14.0,31.5,111.0,130.0,2243.0,308.5,4.0,17.0,68.0,1.0,1.0,2.0,6.0,7.0,1.0,0.0,0.0,16.0,16.0,0.2,0.19047619047619047,0.0064,0.0064,0.05,0.22727272727272727,0.7727272727272727,0.275,1.0,1.0,0.39166666666666666,0.3526315789473684,0.0
20260629_202157_89a44e2f,20260629_202157_89a44e2f_g0056,56,1064243513,1,16,16,16,1,4,GREEN,pool_peer_500ms,3,1,[1],0,95,2,"{""1"": 98, ""2"": 81, ""3"": 59, ""4"": 95}",False,16.0,-26.0,0.0,2.0,0.0,0.0,778.0,195.5,752.25,16.0,27.0,76.5,279.0,353.75,1791.0,768.25,4.0,17.0,68.0,1.0,1.0,2.0,6.0,7.0,1.0,0.0,0.0,16.0,16.0,0.2,0.19047619047619047,0.0064,0.0064,0.05,0.22727272727272727,0.7727272727272727,0.4,1.0,1.0,0.35,0.49473684210526314,0.0
20260629_202157_89a44e2f,20260629_202157_89a44e2f_g0056,56,1064243513,2,24,24,24,1,1,RED,champ_v3,0,1,[1],1,98,1,"{""1"": 98, ""2"": 81, ""3"": 59, ""4"": 95}",False,20.0,-31.0,0.0,12.0,3.0,0.0075,313.0,88.75,303.125,14.0,20.0,42.75,104.5,121.875,1248.0,323.125,6.0,15.0,59.0,1.0,1.0,2.0,5.0,6.0,1.0,0.0,0.0,24.0,24.0,0.2975,0.2857142857142857,0.0096,0.0096,0.0725,0.32954545454545453,0.6704545454545454,0.5,1.0,1.0,0.425,0.5934664246823956,0.0
20260629_202157_89a44e2f,20260629_202157_89a44e2f_g0056,56,1064243513,2,24,24,24,1,2,BLUE,pool_heuristic,1,1,[1],0,81,3,"{""1"": 98, ""2"": 81, ""3"": 59, ""4"": 95}",False,20.0,-31.0,4.0,5.0,3.0,0.0075,542.0,148.625,526.125,19.0,27.0,67.5,222.0,190.625,1019.0,546.125,6.0,15.0,58.0,1.0,1.0,2.0,6.0,5.0,0.0,0.0,1.0,24.0,24.0,0.2975,0.2857142857142857,0.0096,0.0096,0.075,0.3409090909090909,0.6590909090909091,0.5,1.0,1.0,0.425,0.4859649122807017,0.0
20260629_202157_89a44e2f,20260629_202157_89a44e2f_g0056,56,1064243513,2,24,24,24,1,3,YELLOW,pool_l45_100ms,2,1,[1],0,59,4,"{""1"": 98, ""2"": 81, ""3"": 59, ""4"": 95}",False,12.0,-47.0,5.0,0.0,3.0,0.0075,168.0,47.625,150.25,12.0,9.0,18.0,57.5,53.75,1393.0,162.25,6.0,15.0,58.0,1.0,1.0,2.0,6.0,5.0,0.0,0.0,0.0,24.0,24.0,0.2975,0.2857142857142857,0.0096,0.0096,0.075,0.3409090909090909,0.6590909090909091,0.3,1.0,1.0,0.4916666666666667,0.39473684210526316,0.0
20260629_202157_89a44e2f,20260629_202157_89a44e2f_g0056,56,1064243513,2,24,24,24,1,4,GREEN,pool_peer_500ms,3,1,[1],0,95,2,"{""1"": 98, ""2"": 81, ""3"": 59, ""4"": 95}",False,19.0,-33.0,0.0,8.0,3.0,0.0075,538.0,141.125,499.125,19.0,24.0,62.25,212.0,181.875,1023.0,518.125,6.0,15.0,58.0,1.0,1.0,2.0,6.0,5.0,0.0,0.0,0.0,24.0,24.0,0.2975,0.2857142857142857,0.0096,0.0096,0.075,0.3409090909090909,0.6590909090909091,0.475,1.0,1.0,0.4333333333333333,0.5929824561403509,0.0
20260629_202157_89a44e2f,20260629_202157_89a44e2f_g0056,56,1064243513,3,32,32,32,1,1,RED,champ_v3,0,1,[1],1,98,1,"{""1"": 98, ""2"": 81, ""3"": 59, ""4"": 95}",False,26.0,-33.0,0.0,25.0,1.0,0.0025,315.0,97.125,311.875,19.0,25.0,53.25,99.0,115.625,415.0,337.875,8.0,13.0,50.0,1.0,1.0,2.0,4.0,5.0,1.0,0.0,0.0,32.0,32.0,0.3925,0.38095238095238093,0.0128,0.0128,0.095,0.4318181818181818,0.5681818181818182,0.65,1.0,1.0,0.4916666666666667,0.6204986149584488,0.0
20260629_202157_89a44e2f,20260629_202157_89a44e2f_g0056,56,1064243513,3,32,32,32,1,2,BLUE,pool_heuristic,1,1,[1],0,81,3,"{""1"": 98, ""2"": 81, ""3"": 59, ""4"": 95}",False,21.0,-43.0,4.0,5.0,1.0,0.0025,114.0,49.0,118.375,20.0,14.0,20.25,48.5,15.625,616.0,139.375,8.0,13.0,48.0,1.0,1.0,2.0,6.0,3.0,0.0,0.0,1.0,32.0,32.0,0.3925,0.38095238095238093,0.0128,0.0128,0.1,0.45454545454545453,0.5454545454545454,0.525,1.0,1.0,0.5333333333333333,0.4710526315789473,0.0
20260629_202157_89a44e2f,20260629_202157_89a44e2f_g0056,56,1064243513,3,32,32,32,1,3,YELLOW,pool_l45_100ms,2,1,[1],0,59,4,"{""1"": 98, ""2"": 81, ""3"": 59, ""4"": 95}",False,15.0,-55.0,4.0,2.0,1.0,0.0025,73.0,31.25,71.625,15.0,7.0,11.25,26.5,11.875,657.0,86.625,8.0,13.0,48.0,1.0,1.0,2.0,6.0,3.0,0.0,0.0,0.0,32.0,32.0,0.3925,0.38095238095238093,0.0128,0.0128,0.1,0.45454545454545453,0.5454545454545454,0.375,1.0,1.0,0.5833333333333333,0.4328947368421052,0.0
20260629_202157_89a44e2f,20260629_202157_89a44e2f_g0056,56,1064243513,3,32,32,32,1,4,GREEN,pool_peer_500ms,3,1,[1],0,95,2,"{""1"": 98, ""2"": 81, ""3"": 59, ""4"": 95}",False,23.0,-39.0,0.0,21.0,1.0,0.0025,228.0,79.75,228.375,22.0,22.0,42.75,83.5,58.125,502.0,251.375,8.0,13.0,49.0,1.0,1.0,2.0,5.0,4.0,0.0,0.0,0.0,32.0,32.0,0.3925,0.38095238095238093,0.0128,0.0128,0.0975,0.4431818181818182,0.5568181818181818,0.575,1.0,1.0,0.5166666666666667,0.6005398110661269,0.0
20260629_202157_89a44e2f,20260629_202157_89a44e2f_g0056,56,1064243513,4,40,40,40,1,1,RED,champ_v3,0,1,[1],1,98,1,"{""1"": 98, ""2"": 81, ""3"": 59, ""4"": 95}",False,32.0,-25.0,0.0,33.0,22.0,0.055,211.0,83.25,231.75,24.0,29.0,53.25,38.0,87.5,231.0,263.75,10.0,11.0,42.0,1.0,1.0,2.0,2.0,5.0,1.0,0.0,0.0,40.0,40.0,0.485,0.47619047619047616,0.016,0.016,0.115,0.5227272727272727,0.4772727272727273,0.8,1.0,1.0,0.475,0.6052631578947368,0.0
20260629_202157_89a44e2f,20260629_202157_89a44e2f_g0056,56,1064243513,4,40,40,40,1,2,BLUE,pool_heuristic,1,1,[1],0,81,3,"{""1"": 98, ""2"": 81, ""3"": 59, ""4"": 95}",False,21.0,-47.0,4.0,13.0,22.0,0.055,53.0,30.125,53.25,18.0,10.0,10.5,13.5,1.25,389.0,74.25,10.0,11.0,38.0,1.0,1.0,2.0,6.0,1.0,0.0,0.0,0.0,40.0,40.0,0.485,0.47619047619047616,0.016,0.016,0.125,0.5681818181818182,0.4318181818181818,0.525,1.0,1.0,0.5666666666666667,0.47894736842105257,0.0
20260629_202157_89a44e2f,20260629_202157_89a44e2f_g0056,56,1064243513,4,40,40,40,1,3,YELLOW,pool_l45_100ms,2,1,[1],0,59,4,"{""1"": 98, ""2"": 81, ""3"": 59, ""4"": 95}",False,11.0,-67.0,4.0,9.0,22.0,0.055,11.0,11.0,11.0,11.0,0.0,0.0,0.0,0.0,431.0,22.0,10.0,11.0,39.0,1.0,1.0,2.0,5.0,2.0,0.0,0.0,0.0,40.0,40.0,0.485,0.47619047619047616,0.016,0.016,0.1225,0.5568181818181818,0.4431818181818182,0.275,0.5833333333333334,1.0,0.65,0.39527389903329746,0.0
20260629_202157_89a44e2f,20260629_202157_89a44e2f_g0056,56,1064243513,4,40,40,40,1,4,GREEN,pool_peer_500ms,3,1,[1],0,95,2,"{""1"": 98, ""2"": 81, ""3"": 59, ""4"": 95}",False,25.0,-39.0,0.0,29.0,22.0,0.055,167.0,68.25,174.25,23.0,21.0,37.5,74.0,18.75,275.0,199.25,10.0,11.0,39.0,1.0,1.0,2.0,5.0,2.0,0.0,0.0,0.0,40.0,40.0,0.485,0.47619047619047616,0.016,0.016,0.1225,0.5568181818181818,0.4431818181818182,0.625,1.0,1.0,0.5333333333333333,0.5821697099892589,0.0
20260629_202157_89a44e2f,20260629_202157_89a44e2f_g0056,56,1064243513,5,48,48,48,1,1,RED,champ_v3,0,1,[1],1,98,1,"{""1"": 98, ""2"": 81, ""3"": 59, ""4"": 95}",False,34.0,-23.0,0.0,44.0,22.0,0.055,75.0,41.75,91.25,19.0,15.0,22.5,16.0,18.75,108.0,125.25,12.0,9.0,32.0,1.0,1.0,2.0,2.0,3.0,1.0,0.0,0.0,48.0,48.0,0.565,0.5714285714285714,0.0192,0.0192,0.14,0.6363636363636364,0.36363636363636365,0.85,1.0,1.0,0.475,0.6024436090225564,0.0
20260629_202157_89a44e2f,20260629_202157_89a44e2f_g0056,56,1064243513,5,48,48,48,1,2,BLUE,pool_heuristic,1,1,[1],0,81,3,"{""1"": 98, ""2"": 81, ""3"": 59, ""4"": 95}",False,23.0,-45.0,4.0,28.0,22.0,0.055,38.0,27.25,40.75,19.0,9.0,6.75,6.0,0.0,145.0,63.75,12.0,9.0,29.0,1.0,1.0,2.0,5.0,0.0,0.0,0.0,0.0,48.0,48.0,0.565,0.5714285714285714,0.0192,0.0192,0.1475,0.6704545454545454,0.32954545454545453,0.575,1.0,0.8,0.5666666666666667,0.44781445138269405,0.0
20260629_202157_89a44e2f,20260629_202157_89a44e2f_g0056,56,1064243513,5,48,48,48,1,3,YELLOW,pool_l45_100ms,2,1,[1],0,59,4,"{""1"": 98, ""2"": 81, ""3"": 59, ""4"": 95}",False,10.0,-71.0,4.0,18.0,22.0,0.055,0.0,0.0,0.0,0.0,0.0,0.0,0.0,0.0,183.0,10.0,12.0,9.0,34.0,0.0,1.0,2.0,4.0,2.0,0.0,0.0,0.0,48.0,48.0,0.565,0.5714285714285714,0.0192,0.0192,0.135,0.6136363636363636,0.38636363636363635,0.25,0.25,1.0,0.675,0.412280701754386,0.0
20260629_202157_89a44e2f,20260629_202157_89a44e2f_g0056,56,1064243513,5,48,48,48,1,4,GREEN,pool_peer_500ms,3,1,[1],0,95,2,"{""1"": 98, ""2"": 81, ""3"": 59, ""4"": 95}",False,24.0,-43.0,0.0,38.0,22.0,0.055,70.0,35.125,67.75,19.0,11.0,17.25,15.5,5.0,113.0,91.75,12.0,9.0,31.0,1.0,1.0,2.0,3.0,2.0,0.0,0.0,0.0,48.0,48.0,0.565,0.5714285714285714,0.0192,0.0192,0.1425,0.6477272727272727,0.3522727272727273,0.6,1.0,1.0,0.5583333333333333,0.592797783933518,0.0
20260629_202157_89a44e2f,20260629_202157_89a44e2f_g0056,56,1064243513,6,56,56,58,3,1,RED,champ_v3,0,1,[1],1,98,1,"{""1"": 98, ""2"": 81, ""3"": 59, ""4"": 95}",False,31.0,-21.0,0.0,56.0,31.0,0.0775,38.0,24.125,37.625,15.0,10.0,12.0,0.0,0.625,53.0,68.625,15.0,6.0,18.0,1.0,1.0,2.0,1.0,1.0,0.0,0.0,0.0,56.0,58.0,0.6425,0.7142857142857143,0.0232,0.0224,0.175,0.7954545454545454,0.20454545454545456,0.775,1.0,1.0,0.4333333333333333,0.5428571428571429,0.0
20260629_202157_89a44e2f,20260629_202157_89a44e2f_g0056,56,1064243513,6,56,56,58,3,2,BLUE,pool_heuristic,1,1,[1],0,81,3,"{""1"": 98, ""2"": 81, ""3"": 59, ""4"": 95}",False,21.0,-41.0,4.0,43.0,31.0,0.0775,8.0,3.5,8.5,0.0,5.0,1.5,2.0,0.0,83.0,29.5,15.0,6.0,21.0,0.0,1.0,1.0,4.0,0.0,0.0,0.0,0.0,56.0,58.0,0.6425,0.7142857142857143,0.0232,0.0224,0.1675,0.7613636363636364,0.23863636363636365,0.525,0.7833333333333333,0.8,0.5166666666666667,0.4257659073055774,0.0
20260629_202157_89a44e2f,20260629_202157_89a44e2f_g0056,56,1064243513,6,56,56,58,3,3,YELLOW,pool_l45_100ms,2,1,[1],0,59,4,"{""1"": 98, ""2"": 81, ""3"": 59, ""4"": 95}",False,10.0,-63.0,4.0,22.0,31.0,0.0775,0.0,0.0,0.0,0.0,0.0,0.0,0.0,0.0,91.0,10.0,12.0,9.0,34.0,0.0,1.0,2.0,4.0,2.0,0.0,0.0,0.0,56.0,58.0,0.6425,0.5714285714285714,0.0232,0.0224,0.135,0.6136363636363636,0.38636363636363635,0.25,0.18333333333333332,1.0,0.6083333333333333,0.412280701754386,0.0
20260629_202157_89a44e2f,20260629_202157_89a44e2f_g0056,56,1064243513,6,56,56,58,3,4,GREEN,pool_peer_500ms,3,1,[1],0,95,2,"{""1"": 98, ""2"": 81, ""3"": 59, ""4"": 95}",False,21.0,-41.0,0.0,46.0,31.0,0.0775,45.0,28.0,47.75,17.0,9.0,12.75,9.0,0.0,46.0,68.75,14.0,7.0,22.0,1.0,1.0,2.0,2.0,1.0,0.0,0.0,0.0,56.0,58.0,0.6425,0.6666666666666666,0.0232,0.0224,0.165,0.75,0.25,0.525,0.9666666666666667,1.0,0.5166666666666667,0.5821371610845295,0.0
20260629_202157_89a44e2f,20260629_202157_89a44e2f_g0056,56,1064243513,7,64,64,69,2,1,RED,champ_v3,0,1,[1],1,98,1,"{""1"": 98, ""2"": 81, ""3"": 59, ""4"": 95}",False,29.0,-19.0,0.0,63.0,22.0,0.055,2.0,1.0,3.0,0.0,0.0,3.0,0.0,0.0,5.0,32.0,18.0,3.0,12.0,0.0,0.0,1.0,1.0,1.0,0.0,0.0,0.0,64.0,69.0,0.6975,0.8571428571428571,0.0276,0.0256,0.19,0.8636363636363636,0.13636363636363635,0.725,0.9,1.0,0.4,0.5367036011080333,0.0
20260629_202157_89a44e2f,20260629_202157_89a44e2f_g0056,56,1064243513,7,64,64,69,2,2,BLUE,pool_heuristic,1,1,[1],0,81,3,"{""1"": 98, ""2"": 81, ""3"": 59, ""4"": 95}",False,21.0,-35.0,4.0,54.0,22.0,0.055,3.0,1.5,3.0,0.0,3.0,0.0,0.0,0.0,4.0,24.0,17.0,4.0,14.0,0.0,1.0,0.0,3.0,0.0,0.0,0.0,0.0,64.0,69.0,0.6975,0.8095238095238095,0.0276,0.0256,0.185,0.8409090909090909,0.1590909090909091,0.525,0.6,0.8,0.4666666666666667,0.4039829302987198,0.0
20260629_202157_89a44e2f,20260629_202157_89a44e2f_g0056,56,1064243513,7,64,64,69,2,3,YELLOW,pool_l45_100ms,2,1,[1],0,59,4,"{""1"": 98, ""2"": 81, ""3"": 59, ""4"": 95}",False,10.0,-57.0,4.0,32.0,22.0,0.055,0.0,0.0,0.0,0.0,0.0,0.0,0.0,0.0,7.0,10.0,12.0,9.0,34.0,0.0,1.0,2.0,4.0,2.0,0.0,0.0,0.0,64.0,69.0,0.6975,0.5714285714285714,0.0276,0.0256,0.135,0.6136363636363636,0.38636363636363635,0.25,0.15,1.0,0.5583333333333333,0.412280701754386,0.0
20260629_202157_89a44e2f,20260629_202157_89a44e2f_g0056,56,1064243513,7,64,64,69,2,4,GREEN,pool_peer_500ms,3,1,[1],0,95,2,"{""1"": 98, ""2"": 81, ""3"": 59, ""4"": 95}",False,17.0,-43.0,0.0,51.0,22.0,0.055,2.0,1.0,2.5,0.0,1.0,1.5,0.0,0.0,5.0,19.5,17.0,4.0,13.0,0.0,1.0,2.0,0.0,1.0,0.0,0.0,0.0,64.0,69.0,0.6975,0.8095238095238095,0.0276,0.0256,0.1875,0.8522727272727273,0.14772727272727273,0.425,0.9333333333333333,1.0,0.5,0.576140350877193,0.0
20260629_202157_89a44e2f,20260629_202157_89a44e2f_g0057,57,950305341,0,8,8,8,1,1,RED,pool_heuristic,0,4,[4],0,85,2,"{""1"": 85, ""2"": 71, ""3"": 85, ""4"": 91}",False,8.0,-15.0,8.0,0.0,3.0,0.0075,505.0,123.375,497.375,8.0,14.0,40.5,158.0,276.875,1413.0,505.375,2.0,19.0,78.0,1.0,1.0,2.0,6.0,9.0,1.0,0.0,1.0,8.0,8.0,0.1,0.09523809523809523,0.0032,0.0032,0.025,0.11363636363636363,0.8863636363636364,0.2,1.0,1.0,0.19166666666666668,0.26315789473684215,0.0
20260629_202157_89a44e2f,20260629_202157_89a44e2f_g0057,57,950305341,0,8,8,8,1,2,BLUE,pool_l45_100ms,1,4,[4],0,71,3,"{""1"": 85, ""2"": 71, ""3"": 85, ""4"": 91}",False,5.0,-21.0,9.0,0.0,3.0,0.0075,327.0,76.25,309.5,5.0,8.0,24.0,95.0,177.5,1591.0,314.5,2.0,19.0,78.0,1.0,1.0,2.0,6.0,9.0,1.0,1.0,0.0,8.0,8.0,0.1,0.09523809523809523,0.0032,0.0032,0.025,0.11363636363636363,0.8863636363636364,0.125,1.0,1.0,0.21666666666666665,0.15263157894736834,0.0
20260629_202157_89a44e2f,20260629_202157_89a44e2f_g0057,57,950305341,0,8,8,8,1,3,YELLOW,pool_peer_500ms,2,4,[4],0,85,2,"{""1"": 85, ""2"": 71, ""3"": 85, ""4"": 91}",False,9.0,-13.0,9.0,0.0,3.0,0.0075,543.0,122.625,488.75,9.0,15.0,41.25,153.5,270.0,1375.0,497.75,2.0,19.0,78.0,1.0,1.0,2.0,6.0,9.0,1.0,0.0,0.0,8.0,8.0,0.1,0.09523809523809523,0.0032,0.0032,0.025,0.11363636363636363,0.8863636363636364,0.225,1.0,1.0,0.18333333333333332,0.23684210526315785,0.0
20260629_202157_89a44e2f,20260629_202157_89a44e2f_g0057,57,950305341,0,8,8,8,1,4,GREEN,champ_v3,3,4,[4],1,91,1,"{""1"": 85, ""2"": 71, ""3"": 85, ""4"": 91}",False,9.0,-13.0,9.0,0.0,3.0,0.0075,543.0,122.625,488.75,9.0,15.0,41.25,153.5,270.0,1375.0,497.75,2.0,19.0,78.0,1.0,1.0,2.0,6.0,9.0,1.0,0.0,0.0,8.0,8.0,0.1,0.09523809523809523,0.0032,0.0032,0.025,0.11363636363636363,0.8863636363636364,0.225,1.0,1.0,0.18333333333333332,0.23684210526315785,0.0
20260629_202157_89a44e2f,20260629_202157_89a44e2f_g0057,57,950305341,1,16,16,16,1,1,RED,pool_heuristic,0,4,[4],0,85,2,"{""1"": 85, ""2"": 71, ""3"": 85, ""4"": 91}",False,15.0,-23.0,1.0,3.0,3.0,0.0075,625.0,164.375,636.75,13.0,22.0,63.0,232.5,306.25,1825.0,651.75,4.0,17.0,68.0,1.0,1.0,2.0,6.0,7.0,0.0,0.0,1.0,16.0,16.0,0.2,0.19047619047619047,0.0064,0.0064,0.05,0.22727272727272727,0.7727272727272727,0.375,1.0,1.0,0.31666666666666665,0.5105263157894737,0.0
20260629_202157_89a44e2f,20260629_202157_89a44e2f_g0057,57,950305341,1,16,16,16,1,2,BLUE,pool_l45_100ms,1,4,[4],0,71,3,"{""1"": 85, ""2"": 71, ""3"": 85, ""4"": 91}",False,8.0,-37.0,6.0,0.0,3.0,0.0075,410.0,97.125,373.125,8.0,14.0,36.75,140.0,174.375,2040.0,381.125,4.0,17.0,68.0,1.0,1.0,2.0,6.0,7.0,1.0,0.0,0.0,16.0,16.0,0.2,0.19047619047619047,0.0064,0.0064,0.05,0.22727272727272727,0.7727272727272727,0.2,1.0,1.0,0.375,0.3263157894736842,0.0
20260629_202157_89a44e2f,20260629_202157_89a44e2f_g0057,57,950305341,1,16,16,16,1,3,YELLOW,pool_peer_500ms,2,4,[4],0,85,2,"{""1"": 85, ""2"": 71, ""3"": 85, ""4"": 91}",False,15.0,-23.0,0.0,3.0,3.0,0.0075,676.0,163.125,624.125,14.0,24.0,63.75,228.0,294.375,1774.0,639.125,4.0,17.0,68.0,1.0,1.0,2.0,6.0,7.0,1.0,0.0,0.0,16.0,16.0,0.2,0.19047619047619047,0.0064,0.0064,0.05,0.22727272727272727,0.7727272727272727,0.375,1.0,1.0,0.31666666666666665,0.4894736842105264,0.0
20260629_202157_89a44e2f,20260629_202157_89a44e2f_g0057,57,950305341,1,16,16,16,1,4,GREEN,champ_v3,3,4,[4],1,91,1,"{""1"": 85, ""2"": 71, ""3"": 85, ""4"": 91}",False,15.0,-23.0,0.0,1.0,3.0,0.0075,739.0,185.875,716.875,15.0,26.0,72.0,262.0,341.875,1711.0,731.875,4.0,17.0,68.0,1.0,1.0,2.0,6.0,7.0,1.0,0.0,0.0,16.0,16.0,0.2,0.19047619047619047,0.0064,0.0064,0.05,0.22727272727272727,0.7727272727272727,0.375,1.0,1.0,0.31666666666666665,0.49473684210526314,0.0
20260629_202157_89a44e2f,20260629_202157_89a44e2f_g0057,57,950305341,2,24,24,24,1,1,RED,pool_heuristic,0,4,[4],0,85,2,"{""1"": 85, ""2"": 71, ""3"": 85, ""4"": 91}",False,19.0,-29.0,1.0,6.0,14.0,0.035,460.0,131.125,477.25,14.0,22.0,57.75,203.5,180.0,1262.0,496.25,6.0,15.0,58.0,1.0,1.0,2.0,6.0,5.0,0.0,0.0,1.0,24.0,24.0,0.2975,0.2857142857142857,0.0096,0.0096,0.075,0.3409090909090909,0.6590909090909091,0.475,1.0,1.0,0.4,0.5491228070175438,0.0
20260629_202157_89a44e2f,20260629_202157_89a44e2f_g0057,57,950305341,2,24,24,24,1,2,BLUE,pool_l45_100ms,1,4,[4],0,71,3,"{""1"": 85, ""2"": 71, ""3"": 85, ""4"": 91}",False,9.0,-49.0,6.0,3.0,14.0,0.035,131.0,37.5,121.0,7.0,9.0,18.0,52.0,35.0,1591.0,130.0,6.0,15.0,58.0,1.0,1.0,2.0,6.0,5.0,0.0,0.0,0.0,24.0,24.0,0.2975,0.2857142857142857,0.0096,0.0096,0.075,0.3409090909090909,0.6590909090909091,0.225,1.0,1.0,0.4833333333333333,0.368421052631579,0.0
20260629_202157_89a44e2f,20260629_202157_89a44e2f_g0057,57,950305341,2,24,24,24,1,3,YELLOW,pool_peer_500ms,2,4,[4],0,85,2,"{""1"": 85, ""2"": 71, ""3"": 85, ""4"": 91}",False,20.0,-27.0,0.0,13.0,14.0,0.035,503.0,131.0,468.75,16.0,23.0,57.75,197.0,175.0,1219.0,488.75,6.0,15.0,58.0,1.0,1.0,2.0,6.0,5.0,0.0,0.0,0.0,24.0,24.0,0.2975,0.2857142857142857,0.0096,0.0096,0.075,0.3409090909090909,0.6590909090909091,0.5,1.0,1.0,0.39166666666666666,0.5561403508771929,0.0
20260629_202157_89a44e2f,20260629_202157_89a44e2f_g0057,57,950305341,2,24,24,24,1,4,GREEN,champ_v3,3,4,[4],1,91,1,"{""1"": 85, ""2"": 71, ""3"": 85, ""4"": 91}",False,19.0,-29.0,0.0,6.0,14.0,0.035,628.0,164.375,594.25,19.0,31.0,76.5,216.5,251.25,1094.0,613.25,6.0,15.0,59.0,1.0,1.0,2.0,5.0,6.0,1.0,0.0,0.0,24.0,24.0,0.2975,0.2857142857142857,0.0096,0.0096,0.0725,0.32954545454545453,0.6704545454545454,0.475,1.0,1.0,0.4,0.5771324863883847,0.0
20260629_202157_89a44e2f,20260629_202157_89a44e2f_g0057,57,950305341,3,32,32,32,1,1,RED,pool_heuristic,0,4,[4],0,85,2,"{""1"": 85, ""2"": 71, ""3"": 85, ""4"": 91}",False,24.0,-34.0,1.0,9.0,21.0,0.0525,223.0,78.375,239.5,17.0,19.0,41.25,113.5,48.75,550.0,263.5,8.0,13.0,48.0,1.0,1.0,2.0,6.0,3.0,0.0,0.0,1.0,32.0,32.0,0.3925,0.38095238095238093,0.0128,0.0128,0.1,0.45454545454545453,0.5454545454545454,0.6,1.0,1.0,0.4833333333333333,0.5249999999999999,0.0
20260629_202157_89a44e2f,20260629_202157_89a44e2f_g0057,57,950305341,3,32,32,32,1,2,BLUE,pool_l45_100ms,1,4,[4],0,71,3,"{""1"": 85, ""2"": 71, ""3"": 85, ""4"": 91}",False,13.0,-56.0,6.0,5.0,21.0,0.0525,85.0,33.875,87.5,10.0,13.0,18.75,39.5,6.25,688.0,100.5,8.0,13.0,48.0,1.0,1.0,2.0,6.0,3.0,0.0,0.0,0.0,32.0,32.0,0.3925,0.38095238095238093,0.0128,0.0128,0.1,0.45454545454545453,0.5454545454545454,0.325,1.0,1.0,0.575,0.39210526315789473,0.0
20260629_202157_89a44e2f,20260629_202157_89a44e2f_g0057,57,950305341,3,32,32,32,1,3,YELLOW,pool_peer_500ms,2,4,[4],0,85,2,"{""1"": 85, ""2"": 71, ""3"": 85, ""4"": 91}",False,22.0,-38.0,0.0,20.0,21.0,0.0525,70.0,31.375,72.625,13.0,10.0,17.25,23.0,9.375,703.0,94.625,8.0,13.0,48.0,1.0,1.0,2.0,6.0,3.0,0.0,0.0,0.0,32.0,32.0,0.3925,0.38095238095238093,0.0128,0.0128,0.1,0.45454545454545453,0.5454545454545454,0.55,1.0,1.0,0.5,0.5736842105263158,0.0
20260629_202157_89a44e2f,20260629_202157_89a44e2f_g0057,57,950305341,3,32,32,32,1,4,GREEN,champ_v3,3,4,[4],1,91,1,"{""1"": 85, ""2"": 71, ""3"": 85, ""4"": 91}",False,23.0,-36.0,0.0,10.0,21.0,0.0525,395.0,114.375,376.125,22.0,29.0,61.5,93.0,170.625,378.0,399.125,8.0,13.0,51.0,1.0,1.0,2.0,3.0,6.0,1.0,0.0,0.0,32.0,32.0,0.3925,0.38095238095238093,0.0128,0.0128,0.0925,0.42045454545454547,0.5795454545454546,0.575,1.0,1.0,0.4916666666666667,0.5917496443812233,0.0
20260629_202157_89a44e2f,20260629_202157_89a44e2f_g0057,57,950305341,4,40,40,40,1,1,RED,pool_heuristic,0,4,[4],0,85,2,"{""1"": 85, ""2"": 71, ""3"": 85, ""4"": 91}",False,20.0,-43.0,1.0,13.0,25.0,0.0625,36.0,20.625,36.75,12.0,7.0,9.0,7.5,1.25,240.0,56.75,10.0,11.0,39.0,1.0,1.0,2.0,5.0,2.0,0.0,0.0,1.0,40.0,40.0,0.4775,0.47619047619047616,0.016,0.016,0.1225,0.5568181818181818,0.4431818181818182,0.5,1.0,1.0,0.525,0.4876476906552094,0.0
20260629_202157_89a44e2f,20260629_202157_89a44e2f_g0057,57,950305341,4,40,40,40,1,2,BLUE,pool_l45_100ms,1,4,[4],0,71,3,"{""1"": 85, ""2"": 71, ""3"": 85, ""4"": 91}",False,13.0,-57.0,5.0,18.0,25.0,0.0625,57.0,24.25,56.0,9.0,10.0,12.75,23.0,1.25,219.0,69.0,10.0,11.0,38.0,1.0,1.0,2.0,6.0,1.0,0.0,0.0,0.0,40.0,40.0,0.4775,0.47619047619047616,0.016,0.016,0.125,0.5681818181818182,0.4318181818181818,0.325,0.7166666666666667,1.0,0.5833333333333333,0.41263157894736846,0.0
20260629_202157_89a44e2f,20260629_202157_89a44e2f_g0057,57,950305341,4,40,40,40,1,3,YELLOW,pool_peer_500ms,2,4,[4],0,85,2,"{""1"": 85, ""2"": 71, ""3"": 85, ""4"": 91}",False,24.0,-35.0,0.0,31.0,25.0,0.0625,41.0,22.375,44.5,12.0,8.0,6.0,13.5,5.0,235.0,68.5,10.0,11.0,40.0,1.0,1.0,1.0,6.0,2.0,0.0,0.0,0.0,40.0,40.0,0.4775,0.47619047619047616,0.016,0.016,0.12,0.5454545454545454,0.45454545454545453,0.6,1.0,1.0,0.4916666666666667,0.5548245614035088,0.0
20260629_202157_89a44e2f,20260629_202157_89a44e2f_g0057,57,950305341,4,40,40,40,1,4,GREEN,champ_v3,3,4,[4],1,91,1,"{""1"": 85, ""2"": 71, ""3"": 85, ""4"": 91}",False,26.0,-31.0,0.0,16.0,25.0,0.0625,142.0,52.5,142.75,22.0,0.0,34.5,35.0,51.25,134.0,168.75,10.0,11.0,44.0,1.0,0.0,2.0,3.0,5.0,1.0,0.0,0.0,40.0,40.0,0.4775,0.47619047619047616,0.016,0.016,0.11,0.5,0.5,0.65,1.0,1.0,0.475,0.59688995215311,0.0
20260629_202157_89a44e2f,20260629_202157_89a44e2f_g0057,57,950305341,5,48,48,48,1,1,RED,pool_heuristic,0,4,[4],0,85,2,"{""1"": 85, ""2"": 71, ""3"": 85, ""4"": 91}",False,19.0,-39.0,1.0,18.0,34.0,0.085,27.0,17.125,29.75,11.0,5.0,5.25,3.5,5.0,83.0,48.75,12.0,9.0,30.0,1.0,1.0,2.0,4.0,1.0,0.0,0.0,1.0,48.0,48.0,0.5625,0.5714285714285714,0.0192,0.0192,0.145,0.6590909090909091,0.3409090909090909,0.475,1.0,1.0,0.4833333333333333,0.4618874773139746,0.0
20260629_202157_89a44e2f,20260629_202157_89a44e2f_g0057,57,950305341,5,48,48,48,1,2,BLUE,pool_l45_100ms,1,4,[4],0,71,3,"{""1"": 85, ""2"": 71, ""3"": 85, ""4"": 91}",False,10.0,-57.0,5.0,27.0,34.0,0.085,19.0,9.25,17.75,5.0,3.0,3.75,6.0,0.0,91.0,27.75,12.0,9.0,29.0,1.0,1.0,2.0,5.0,0.0,0.0,0.0,0.0,48.0,48.0,0.5625,0.5714285714285714,0.0192,0.0192,0.1475,0.6704545454545454,0.32954545454545453,0.25,0.5666666666666667,0.8,0.5583333333333333,0.39518287243532557,0.0
20260629_202157_89a44e2f,20260629_202157_89a44e2f_g0057,57,950305341,5,48,48,48,1,3,YELLOW,pool_peer_500ms,2,4,[4],0,85,2,"{""1"": 85, ""2"": 71, ""3"": 85, ""4"": 91}",False,23.0,-31.0,0.0,40.0,34.0,0.085,26.0,17.625,26.5,12.0,7.0,3.0,4.5,0.0,84.0,49.5,12.0,9.0,30.0,1.0,1.0,1.0,6.0,0.0,0.0,0.0,0.0,48.0,48.0,0.5625,0.5714285714285714,0.0192,0.0192,0.145,0.6590909090909091,0.3409090909090909,0.575,1.0,0.8,0.45,0.5217785843920145,0.0
20260629_202157_89a44e2f,20260629_202157_89a44e2f_g0057,57,950305341,5,48,48,48,1,4,GREEN,champ_v3,3,4,[4],1,91,1,"{""1"": 85, ""2"": 71, ""3"": 85, ""4"": 91}",False,25.0,-27.0,0.0,23.0,34.0,0.085,38.0,9.875,35.375,0.0,0.0,16.5,12.0,6.875,72.0,60.375,12.0,9.0,38.0,0.0,0.0,2.0,3.0,4.0,0.0,0.0,0.0,48.0,48.0,0.5625,0.5714285714285714,0.0192,0.0192,0.125,0.5681818181818182,0.4318181818181818,0.625,1.0,1.0,0.4333333333333333,0.5831578947368421,0.0
20260629_202157_89a44e2f,20260629_202157_89a44e2f_g0057,57,950305341,6,56,56,56,1,1,RED,pool_heuristic,0,4,[4],0,85,2,"{""1"": 85, ""2"": 71, ""3"": 85, ""4"": 91}",False,18.0,-40.0,1.0,31.0,43.0,0.1075,14.0,12.5,14.0,11.0,3.0,0.0,0.0,0.0,30.0,32.0,14.0,7.0,22.0,1.0,1.0,1.0,4.0,0.0,0.0,0.0,0.0,56.0,56.0,0.64,0.6666666666666666,0.0224,0.0224,0.165,0.75,0.25,0.45,1.0,0.8,0.4833333333333333,0.452153110047847,0.0
20260629_202157_89a44e2f,20260629_202157_89a44e2f_g0057,57,950305341,6,56,56,56,1,2,BLUE,pool_l45_100ms,1,4,[4],0,71,3,"{""1"": 85, ""2"": 71, ""3"": 85, ""4"": 91}",False,11.0,-54.0,5.0,37.0,43.0,0.1075,4.0,4.0,4.0,4.0,0.0,0.0,0.0,0.0,40.0,15.0,14.0,7.0,23.0,1.0,0.0,2.0,4.0,0.0,0.0,0.0,0.0,56.0,56.0,0.64,0.6666666666666666,0.0224,0.0224,0.1625,0.7386363636363636,0.26136363636363635,0.275,0.3333333333333333,0.8,0.5416666666666667,0.38866396761133604,0.0
20260629_202157_89a44e2f,20260629_202157_89a44e2f_g0057,57,950305341,6,56,56,56,1,3,YELLOW,pool_peer_500ms,2,4,[4],0,85,2,"{""1"": 85, ""2"": 71, ""3"": 85, ""4"": 91}",False,20.0,-36.0,0.0,52.0,43.0,0.1075,8.0,7.0,8.0,6.0,2.0,0.0,0.0,0.0,36.0,28.0,14.0,7.0,22.0,1.0,1.0,1.0,4.0,0.0,0.0,0.0,0.0,56.0,56.0,0.64,0.6666666666666666,0.0224,0.0224,0.165,0.75,0.25,0.5,1.0,0.8,0.4666666666666667,0.49920255183413076,0.0
20260629_202157_89a44e2f,20260629_202157_89a44e2f_g0057,57,950305341,6,56,56,56,1,4,GREEN,champ_v3,3,4,[4],1,91,1,"{""1"": 85, ""2"": 71, ""3"": 85, ""4"": 91}",False,27.0,-22.0,0.0,34.0,43.0,0.1075,18.0,4.5,14.375,0.0,0.0,11.25,2.5,0.625,26.0,41.375,14.0,7.0,29.0,0.0,0.0,2.0,2.0,3.0,0.0,0.0,0.0,56.0,56.0,0.64,0.6666666666666666,0.0224,0.0224,0.1475,0.6704545454545454,0.32954545454545453,0.675,1.0,1.0,0.4083333333333333,0.5735950044603033,0.0
20260629_202157_89a44e2f,20260629_202157_89a44e2f_g0057,57,950305341,7,64,64,65,2,1,RED,pool_heuristic,0,4,[4],0,85,2,"{""1"": 85, ""2"": 71, ""3"": 85, ""4"": 91}",False,20.0,-33.0,1.0,42.0,46.0,0.115,12.0,12.0,12.0,12.0,0.0,0.0,0.0,0.0,3.0,32.0,17.0,4.0,13.0,1.0,0.0,0.0,3.0,0.0,0.0,0.0,0.0,64.0,65.0,0.69,0.8095238095238095,0.026,0.0256,0.1875,0.8522727272727273,0.14772727272727273,0.5,0.95,0.8,0.4416666666666667,0.4715789473684211,0.0
20260629_202157_89a44e2f,20260629_202157_89a44e2f_g0057,57,950305341,7,64,64,65,2,2,BLUE,pool_l45_100ms,1,4,[4],0,71,3,"{""1"": 85, ""2"": 71, ""3"": 85, ""4"": 91}",False,10.0,-53.0,5.0,40.0,46.0,0.115,0.0,0.0,0.0,0.0,0.0,0.0,0.0,0.0,15.0,10.0,15.0,6.0,22.0,0.0,0.0,2.0,4.0,0.0,0.0,0.0,0.0,64.0,65.0,0.69,0.7142857142857143,0.026,0.0256,0.165,0.75,0.25,0.25,0.3,0.8,0.525,0.38835725677830946,0.0
20260629_202157_89a44e2f,20260629_202157_89a44e2f_g0057,57,950305341,7,64,64,65,2,3,YELLOW,pool_peer_500ms,2,4,[4],0,85,2,"{""1"": 85, ""2"": 71, ""3"": 85, ""4"": 91}",False,20.0,-33.0,0.0,55.0,46.0,0.115,1.0,0.5,1.5,0.0,0.0,1.5,0.0,0.0,14.0,21.5,16.0,5.0,19.0,0.0,0.0,1.0,4.0,0.0,0.0,0.0,0.0,64.0,65.0,0.69,0.7619047619047619,0.026,0.0256,0.1725,0.7840909090909091,0.2159090909090909,0.5,0.6833333333333333,0.8,0.4416666666666667,0.4897025171624714,0.0
20260629_202157_89a44e2f,20260629_202157_89a44e2f_g0057,57,950305341,7,64,64,65,2,4,GREEN,champ_v3,3,4,[4],1,91,1,"{""1"": 85, ""2"": 71, ""3"": 85, ""4"": 91}",False,23.0,-27.0,0.0,47.0,46.0,0.115,2.0,0.625,2.125,0.0,0.0,1.5,0.0,0.625,13.0,25.125,16.0,5.0,22.0,0.0,0.0,1.0,1.0,3.0,0.0,0.0,0.0,64.0,65.0,0.69,0.7619047619047619,0.026,0.0256,0.165,0.75,0.25,0.575,1.0,1.0,0.4166666666666667,0.5757575757575757,0.0
20260629_202157_89a44e2f,20260629_202157_89a44e2f_g0058,58,1906391052,0,8,8,8,1,1,RED,pool_l45_100ms,0,3,[3],0,74,3,"{""1"": 74, ""2"": 97, ""3"": 118, ""4"": 59}",False,6.0,-18.0,9.0,0.0,1.0,0.0025,388.0,90.5,366.25,6.0,10.0,28.5,113.0,208.75,1441.0,372.25,2.0,19.0,78.0,1.0,1.0,2.0,6.0,9.0,1.0,1.0,0.0,8.0,8.0,0.1,0.09523809523809523,0.0032,0.0032,0.025,0.11363636363636363,0.8863636363636364,0.15,1.0,1.0,0.2,0.20526315789473681,0.0
20260629_202157_89a44e2f,20260629_202157_89a44e2f_g0058,58,1906391052,0,8,8,8,1,2,BLUE,pool_peer_500ms,1,3,[3],0,97,2,"{""1"": 74, ""2"": 97, ""3"": 118, ""4"": 59}",False,9.0,-12.0,9.0,0.0,1.0,0.0025,543.0,122.625,488.75,9.0,15.0,41.25,153.5,270.0,1286.0,497.75,2.0,19.0,78.0,1.0,1.0,2.0,6.0,9.0,1.0,0.0,0.0,8.0,8.0,0.1,0.09523809523809523,0.0032,0.0032,0.025,0.11363636363636363,0.8863636363636364,0.225,1.0,1.0,0.175,0.23684210526315785,0.0
20260629_202157_89a44e2f,20260629_202157_89a44e2f_g0058,58,1906391052,0,8,8,8,1,3,YELLOW,champ_v3,2,3,[3],1,118,1,"{""1"": 74, ""2"": 97, ""3"": 118, ""4"": 59}",False,9.0,-12.0,9.0,0.0,1.0,0.0025,543.0,122.625,488.75,9.0,15.0,41.25,153.5,270.0,1286.0,497.75,2.0,19.0,78.0,1.0,1.0,2.0,6.0,9.0,1.0,0.0,0.0,8.0,8.0,0.1,0.09523809523809523,0.0032,0.0032,0.025,0.11363636363636363,0.8863636363636364,0.225,1.0,1.0,0.175,0.23684210526315785,0.0
20260629_202157_89a44e2f,20260629_202157_89a44e2f_g0058,58,1906391052,0,8,8,8,1,4,GREEN,pool_heuristic,3,3,[3],0,59,4,"{""1"": 74, ""2"": 97, ""3"": 118, ""4"": 59}",False,6.0,-18.0,9.0,0.0,1.0,0.0025,355.0,90.125,364.875,6.0,10.0,28.5,111.0,209.375,1474.0,370.875,2.0,19.0,78.0,1.0,1.0,2.0,6.0,9.0,1.0,1.0,1.0,8.0,8.0,0.1,0.09523809523809523,0.0032,0.0032,0.025,0.11363636363636363,0.8863636363636364,0.15,1.0,1.0,0.2,0.24736842105263157,0.0
20260629_202157_89a44e2f,20260629_202157_89a44e2f_g0058,58,1906391052,1,16,16,16,1,1,RED,pool_l45_100ms,0,3,[3],0,74,3,"{""1"": 74, ""2"": 97, ""3"": 118, ""4"": 59}",False,10.0,-32.0,7.0,0.0,2.0,0.005,526.0,122.25,471.75,10.0,17.0,45.0,176.0,223.75,1691.0,481.75,4.0,17.0,68.0,1.0,1.0,2.0,6.0,7.0,1.0,0.0,0.0,16.0,16.0,0.2,0.19047619047619047,0.0064,0.0064,0.05,0.22727272727272727,0.7727272727272727,0.25,1.0,1.0,0.35,0.3236842105263158,0.0
20260629_202157_89a44e2f,20260629_202157_89a44e2f_g0058,58,1906391052,1,16,16,16,1,2,BLUE,pool_peer_500ms,1,3,[3],0,97,2,"{""1"": 74, ""2"": 97, ""3"": 118, ""4"": 59}",False,16.0,-20.0,0.0,0.0,2.0,0.005,864.0,215.5,837.125,16.0,29.0,84.0,307.5,400.625,1353.0,853.125,4.0,17.0,68.0,1.0,1.0,2.0,6.0,7.0,1.0,0.0,0.0,16.0,16.0,0.2,0.19047619047619047,0.0064,0.0064,0.05,0.22727272727272727,0.7727272727272727,0.4,1.0,1.0,0.3,0.49473684210526314,0.0
20260629_202157_89a44e2f,20260629_202157_89a44e2f_g0058,58,1906391052,1,16,16,16,1,3,YELLOW,champ_v3,2,3,[3],1,118,1,"{""1"": 74, ""2"": 97, ""3"": 118, ""4"": 59}",False,14.0,-24.0,3.0,3.0,2.0,0.005,572.0,146.625,556.0,14.0,21.0,58.5,202.5,260.0,1645.0,570.0,4.0,17.0,68.0,1.0,1.0,2.0,6.0,7.0,1.0,0.0,0.0,16.0,16.0,0.2,0.19047619047619047,0.0064,0.0064,0.05,0.22727272727272727,0.7727272727272727,0.35,1.0,1.0,0.31666666666666665,0.4552631578947368,0.0
20260629_202157_89a44e2f,20260629_202157_89a44e2f_g0058,58,1906391052,1,16,16,16,1,4,GREEN,pool_heuristic,3,3,[3],0,59,4,"{""1"": 74, ""2"": 97, ""3"": 118, ""4"": 59}",False,12.0,-28.0,5.0,3.0,2.0,0.005,255.0,80.0,287.0,11.0,14.0,32.25,106.0,123.75,1962.0,299.0,4.0,17.0,68.0,1.0,1.0,2.0,6.0,7.0,1.0,1.0,1.0,16.0,16.0,0.2,0.19047619047619047,0.0064,0.0064,0.05,0.22727272727272727,0.7727272727272727,0.3,1.0,1.0,0.33333333333333337,0.41052631578947374,0.0
20260629_202157_89a44e2f,20260629_202157_89a44e2f_g0058,58,1906391052,2,24,24,24,1,1,RED,pool_l45_100ms,0,3,[3],0,74,3,"{""1"": 74, ""2"": 97, ""3"": 118, ""4"": 59}",False,15.0,-37.0,4.0,3.0,5.0,0.0125,368.0,92.0,322.0,12.0,18.0,41.25,142.0,108.75,1235.0,337.0,6.0,15.0,58.0,1.0,1.0,2.0,6.0,5.0,0.0,0.0,0.0,24.0,24.0,0.3,0.2857142857142857,0.0096,0.0096,0.075,0.3409090909090909,0.6590909090909091,0.375,1.0,1.0,0.4333333333333333,0.4035087719298245,0.0
20260629_202157_89a44e2f,20260629_202157_89a44e2f_g0058,58,1906391052,2,24,24,24,1,2,BLUE,pool_peer_500ms,1,3,[3],0,97,2,"{""1"": 74, ""2"": 97, ""3"": 118, ""4"": 59}",False,19.0,-29.0,0.0,7.0,5.0,0.0125,641.0,171.75,631.5,18.0,26.0,72.75,271.0,243.75,962.0,650.5,6.0,15.0,58.0,1.0,1.0,2.0,6.0,5.0,1.0,0.0,0.0,24.0,24.0,0.3,0.2857142857142857,0.0096,0.0096,0.075,0.3409090909090909,0.6590909090909091,0.475,1.0,1.0,0.4,0.5736842105263158,0.0
20260629_202157_89a44e2f,20260629_202157_89a44e2f_g0058,58,1906391052,2,24,24,24,1,3,YELLOW,champ_v3,2,3,[3],1,118,1,"{""1"": 74, ""2"": 97, ""3"": 118, ""4"": 59}",False,19.0,-29.0,0.0,11.0,5.0,0.0125,409.0,122.5,433.625,16.0,22.0,54.75,181.5,159.375,1194.0,452.625,6.0,15.0,58.0,1.0,1.0,2.0,6.0,5.0,1.0,0.0,0.0,24.0,24.0,0.3,0.2857142857142857,0.0096,0.0096,0.075,0.3409090909090909,0.6590909090909091,0.475,1.0,1.0,0.4,0.5807017543859649,0.0
20260629_202157_89a44e2f,20260629_202157_89a44e2f_g0058,58,1906391052,2,24,24,24,1,4,GREEN,pool_heuristic,3,3,[3],0,59,4,"{""1"": 74, ""2"": 97, ""3"": 118, ""4"": 59}",False,14.0,-39.0,5.0,5.0,5.0,0.0125,185.0,61.0,197.875,13.0,12.0,26.25,78.5,68.125,1418.0,211.875,6.0,15.0,58.0,1.0,1.0,2.0,6.0,5.0,1.0,0.0,1.0,24.0,24.0,0.3,0.2857142857142857,0.0096,0.0096,0.075,0.3409090909090909,0.6590909090909091,0.35,1.0,1.0,0.4416666666666667,0.42280701754385963,0.0
20260629_202157_89a44e2f,20260629_202157_89a44e2f_g0058,58,1906391052,3,32,32,32,1,1,RED,pool_l45_100ms,0,3,[3],0,74,3,"{""1"": 74, ""2"": 97, ""3"": 118, ""4"": 59}",False,17.0,-43.0,4.0,16.0,6.0,0.015,195.0,60.0,182.5,13.0,14.0,30.75,96.0,28.75,803.0,199.5,8.0,13.0,48.0,1.0,1.0,2.0,6.0,3.0,0.0,0.0,0.0,32.0,32.0,0.395,0.38095238095238093,0.0128,0.0128,0.1,0.45454545454545453,0.5454545454545454,0.425,1.0,1.0,0.5,0.4565789473684211,0.0
20260629_202157_89a44e2f,20260629_202157_89a44e2f_g0058,58,1906391052,3,32,32,32,1,2,BLUE,pool_peer_500ms,1,3,[3],0,97,2,"{""1"": 74, ""2"": 97, ""3"": 118, ""4"": 59}",False,24.0,-29.0,0.0,17.0,6.0,0.015,469.0,133.0,452.25,20.0,26.0,69.75,189.0,147.5,529.0,476.25,8.0,13.0,49.0,1.0,1.0,2.0,5.0,4.0,0.0,0.0,0.0,32.0,32.0,0.395,0.38095238095238093,0.0128,0.0128,0.0975,0.4431818181818182,0.5568181818181818,0.6,1.0,1.0,0.4416666666666667,0.5870445344129556,0.0
20260629_202157_89a44e2f,20260629_202157_89a44e2f_g0058,58,1906391052,3,32,32,32,1,3,YELLOW,champ_v3,2,3,[3],1,118,1,"{""1"": 74, ""2"": 97, ""3"": 118, ""4"": 59}",False,21.0,-35.0,0.0,18.0,6.0,0.015,266.0,94.0,305.5,17.0,21.0,49.5,128.0,90.0,732.0,326.5,8.0,13.0,49.0,1.0,1.0,2.0,5.0,4.0,1.0,0.0,0.0,32.0,32.0,0.395,0.38095238095238093,0.0128,0.0128,0.0975,0.4431818181818182,0.5568181818181818,0.525,1.0,1.0,0.4666666666666667,0.6221322537112011,0.0
20260629_202157_89a44e2f,20260629_202157_89a44e2f_g0058,58,1906391052,3,32,32,32,1,4,GREEN,pool_heuristic,3,3,[3],0,59,4,"{""1"": 74, ""2"": 97, ""3"": 118, ""4"": 59}",False,15.0,-47.0,5.0,7.0,6.0,0.015,68.0,30.125,66.75,14.0,9.0,13.5,21.5,8.75,930.0,81.75,8.0,13.0,48.0,1.0,1.0,2.0,6.0,3.0,1.0,0.0,0.0,32.0,32.0,0.395,0.38095238095238093,0.0128,0.0128,0.1,0.45454545454545453,0.5454545454545454,0.375,1.0,1.0,0.5166666666666667,0.4184210526315789,0.0
20260629_202157_89a44e2f,20260629_202157_89a44e2f_g0058,58,1906391052,4,40,40,40,1,1,RED,pool_l45_100ms,0,3,[3],0,74,3,"{""1"": 74, ""2"": 97, ""3"": 118, ""4"": 59}",False,16.0,-51.0,4.0,23.0,18.0,0.045,34.0,16.625,35.5,8.0,5.0,6.75,14.5,1.25,419.0,51.5,10.0,11.0,38.0,1.0,1.0,2.0,6.0,1.0,0.0,0.0,0.0,40.0,40.0,0.4875,0.47619047619047616,0.016,0.016,0.125,0.5681818181818182,0.4318181818181818,0.4,1.0,1.0,0.5583333333333333,0.4263157894736842,0.0
20260629_202157_89a44e2f,20260629_202157_89a44e2f_g0058,58,1906391052,4,40,40,40,1,2,BLUE,pool_peer_500ms,1,3,[3],0,97,2,"{""1"": 74, ""2"": 97, ""3"": 118, ""4"": 59}",False,27.0,-29.0,0.0,27.0,18.0,0.045,185.0,71.375,197.5,21.0,18.0,39.0,89.5,30.0,268.0,224.5,10.0,11.0,39.0,1.0,1.0,2.0,5.0,2.0,0.0,0.0,0.0,40.0,40.0,0.4875,0.47619047619047616,0.016,0.016,0.1225,0.5568181818181818,0.4431818181818182,0.675,1.0,1.0,0.4666666666666667,0.5456498388829216,0.0
20260629_202157_89a44e2f,20260629_202157_89a44e2f_g0058,58,1906391052,4,40,40,40,1,3,YELLOW,champ_v3,2,3,[3],1,118,1,"{""1"": 74, ""2"": 97, ""3"": 118, ""4"": 59}",False,27.0,-29.0,0.0,24.0,18.0,0.045,214.0,85.5,240.5,22.0,26.0,52.5,100.0,40.0,239.0,267.5,10.0,11.0,40.0,1.0,1.0,2.0,4.0,3.0,1.0,0.0,0.0,40.0,40.0,0.4875,0.47619047619047616,0.016,0.016,0.12,0.5454545454545454,0.45454545454545453,0.675,1.0,1.0,0.4666666666666667,0.6151315789473684,0.0
20260629_202157_89a44e2f,20260629_202157_89a44e2f_g0058,58,1906391052,4,40,40,40,1,4,GREEN,pool_heuristic,3,3,[3],0,59,4,"{""1"": 74, ""2"": 97, ""3"": 118, ""4"": 59}",False,13.0,-57.0,5.0,10.0,18.0,0.045,20.0,15.5,20.0,12.0,5.0,3.0,0.0,0.0,433.0,33.0,10.0,11.0,40.0,1.0,1.0,2.0,4.0,3.0,1.0,0.0,0.0,40.0,40.0,0.4875,0.47619047619047616,0.016,0.016,0.12,0.5454545454545454,0.45454545454545453,0.325,0.9333333333333333,1.0,0.5833333333333333,0.42214912280701755,0.0
20260629_202157_89a44e2f,20260629_202157_89a44e2f_g0058,58,1906391052,5,48,48,48,1,1,RED,pool_l45_100ms,0,3,[3],0,74,3,"{""1"": 74, ""2"": 97, ""3"": 118, ""4"": 59}",False,12.0,-55.0,2.0,33.0,26.0,0.065,9.0,7.25,8.75,6.0,2.0,0.75,0.0,0.0,163.0,20.75,12.0,9.0,29.0,1.0,1.0,2.0,5.0,0.0,0.0,0.0,0.0,48.0,48.0,0.565,0.5714285714285714,0.0192,0.0192,0.1475,0.6704545454545454,0.32954545454545453,0.3,0.85,0.8,0.5583333333333333,0.43978590544157004,0.0
20260629_202157_89a44e2f,20260629_202157_89a44e2f_g0058,58,1906391052,5,48,48,48,1,2,BLUE,pool_peer_500ms,1,3,[3],0,97,2,"{""1"": 74, ""2"": 97, ""3"": 118, ""4"": 59}",False,29.0,-21.0,0.0,35.0,26.0,0.065,104.0,51.0,108.0,23.0,18.0,30.0,32.0,5.0,68.0,137.0,12.0,9.0,30.0,1.0,1.0,2.0,4.0,1.0,0.0,0.0,0.0,48.0,48.0,0.565,0.5714285714285714,0.0192,0.0192,0.145,0.6590909090909091,0.3409090909090909,0.725,1.0,1.0,0.4166666666666667,0.5390199637023594,0.0
20260629_202157_89a44e2f,20260629_202157_89a44e2f_g0058,58,1906391052,5,48,48,48,1,3,YELLOW,champ_v3,2,3,[3],1,118,1,"{""1"": 74, ""2"": 97, ""3"": 118, ""4"": 59}",False,26.0,-27.0,0.0,42.0,26.0,0.065,56.0,32.75,64.0,16.0,13.0,19.5,13.0,2.5,116.0,90.0,12.0,9.0,31.0,1.0,1.0,2.0,3.0,2.0,1.0,0.0,0.0,48.0,48.0,0.565,0.5714285714285714,0.0192,0.0192,0.1425,0.6477272727272727,0.3522727272727273,0.65,1.0,1.0,0.4416666666666667,0.6011080332409973,0.0
20260629_202157_89a44e2f,20260629_202157_89a44e2f_g0058,58,1906391052,5,48,48,48,1,4,GREEN,pool_heuristic,3,3,[3],0,59,4,"{""1"": 74, ""2"": 97, ""3"": 118, ""4"": 59}",False,12.0,-55.0,5.0,15.0,26.0,0.065,3.0,1.5,3.0,0.0,3.0,0.0,0.0,0.0,169.0,15.0,12.0,9.0,36.0,0.0,1.0,1.0,4.0,3.0,1.0,0.0,0.0,48.0,48.0,0.565,0.5714285714285714,0.0192,0.0192,0.13,0.5909090909090909,0.4090909090909091,0.3,0.7,1.0,0.5583333333333333,0.409919028340081,0.0
20260629_202157_89a44e2f,20260629_202157_89a44e2f_g0058,58,1906391052,6,56,56,57,2,1,RED,pool_l45_100ms,0,3,[3],0,74,3,"{""1"": 74, ""2"": 97, ""3"": 118, ""4"": 59}",False,9.0,-54.0,1.0,46.0,40.0,0.1,0.0,0.0,0.0,0.0,0.0,0.0,0.0,0.0,115.0,9.0,15.0,6.0,23.0,0.0,0.0,1.0,5.0,0.0,0.0,0.0,0.0,56.0,57.0,0.63,0.7142857142857143,0.0228,0.0224,0.1625,0.7386363636363636,0.26136363636363635,0.225,0.6,0.8,0.525,0.4599190283400809,0.0
20260629_202157_89a44e2f,20260629_202157_89a44e2f_g0058,58,1906391052,6,56,56,57,2,2,BLUE,pool_peer_500ms,1,3,[3],0,97,2,"{""1"": 74, ""2"": 97, ""3"": 118, ""4"": 59}",False,30.0,-12.0,0.0,48.0,40.0,0.1,72.0,42.5,80.5,22.0,16.0,22.5,20.0,0.0,43.0,110.5,14.0,7.0,21.0,1.0,1.0,2.0,3.0,0.0,0.0,0.0,0.0,56.0,57.0,0.63,0.6666666666666666,0.0228,0.0224,0.1675,0.7613636363636364,0.23863636363636365,0.75,0.9666666666666667,0.8,0.35,0.5294579732914375,0.0
20260629_202157_89a44e2f,20260629_202157_89a44e2f_g0058,58,1906391052,6,56,56,57,2,3,YELLOW,champ_v3,2,3,[3],1,118,1,"{""1"": 74, ""2"": 97, ""3"": 118, ""4"": 59}",False,23.0,-26.0,0.0,51.0,40.0,0.1,43.0,23.25,45.75,12.0,8.0,12.75,8.0,5.0,72.0,68.75,14.0,7.0,22.0,1.0,1.0,2.0,2.0,1.0,1.0,0.0,0.0,56.0,57.0,0.63,0.6666666666666666,0.0228,0.0224,0.165,0.75,0.25,0.575,1.0,1.0,0.4083333333333333,0.5901116427432217,0.0
20260629_202157_89a44e2f,20260629_202157_89a44e2f_g0058,58,1906391052,6,56,56,57,2,4,GREEN,pool_heuristic,3,3,[3],0,59,4,"{""1"": 74, ""2"": 97, ""3"": 118, ""4"": 59}",False,10.0,-52.0,5.0,15.0,40.0,0.1,0.0,0.0,0.0,0.0,0.0,0.0,0.0,0.0,115.0,10.0,13.0,8.0,34.0,0.0,0.0,1.0,4.0,3.0,1.0,0.0,0.0,56.0,57.0,0.63,0.6190476190476191,0.0228,0.0224,0.135,0.6136363636363636,0.38636363636363635,0.25,0.5833333333333334,1.0,0.5166666666666667,0.4113060428849903,0.0
20260629_202157_89a44e2f,20260629_202157_89a44e2f_g0058,58,1906391052,7,64,64,71,4,1,RED,pool_l45_100ms,0,3,[3],0,74,3,"{""1"": 74, ""2"": 97, ""3"": 118, ""4"": 59}",False,9.0,-47.0,1.0,49.0,46.0,0.115,0.0,0.0,0.0,0.0,0.0,0.0,0.0,0.0,13.0,9.0,15.0,6.0,23.0,0.0,0.0,1.0,5.0,0.0,0.0,0.0,0.0,64.0,71.0,0.69,0.7142857142857143,0.0284,0.0256,0.1625,0.7386363636363636,0.26136363636363635,0.225,0.43333333333333335,0.8,0.4666666666666667,0.4599190283400809,0.0
20260629_202157_89a44e2f,20260629_202157_89a44e2f_g0058,58,1906391052,7,64,64,71,4,2,BLUE,pool_peer_500ms,1,3,[3],0,97,2,"{""1"": 74, ""2"": 97, ""3"": 118, ""4"": 59}",False,23.0,-19.0,0.0,60.0,46.0,0.115,3.0,1.5,3.0,0.0,3.0,0.0,0.0,0.0,10.0,26.0,18.0,3.0,10.0,0.0,1.0,0.0,2.0,0.0,0.0,0.0,0.0,64.0,71.0,0.69,0.8571428571428571,0.0284,0.0256,0.195,0.8863636363636364,0.11363636363636363,0.575,0.6666666666666666,0.8,0.35,0.5080971659919028,0.0
20260629_202157_89a44e2f,20260629_202157_89a44e2f_g0058,58,1906391052,7,64,64,71,4,3,YELLOW,champ_v3,2,3,[3],1,118,1,"{""1"": 74, ""2"": 97, ""3"": 118, ""4"": 59}",False,23.0,-19.0,0.0,66.0,46.0,0.115,10.0,5.0,13.5,0.0,5.0,4.5,4.0,0.0,3.0,36.5,18.0,3.0,9.0,0.0,1.0,1.0,1.0,0.0,0.0,0.0,0.0,64.0,71.0,0.69,0.8571428571428571,0.0284,0.0256,0.1975,0.8977272727272727,0.10227272727272728,0.575,0.9666666666666667,0.8,0.35,0.5642904730179881,0.0
20260629_202157_89a44e2f,20260629_202157_89a44e2f_g0058,58,1906391052,7,64,64,71,4,4,GREEN,pool_heuristic,3,3,[3],0,59,4,"{""1"": 74, ""2"": 97, ""3"": 118, ""4"": 59}",False,10.0,-45.0,5.0,20.0,46.0,0.115,0.0,0.0,0.0,0.0,0.0,0.0,0.0,0.0,13.0,10.0,13.0,8.0,34.0,0.0,0.0,1.0,4.0,3.0,1.0,0.0,0.0,64.0,71.0,0.69,0.6190476190476191,0.0284,0.0256,0.135,0.6136363636363636,0.38636363636363635,0.25,0.5666666666666667,1.0,0.4583333333333333,0.4113060428849903,0.0
20260629_202157_89a44e2f,20260629_202157_89a44e2f_g0059,59,1373541316,0,8,8,8,1,1,RED,pool_peer_500ms,0,1,[1],1,100,1,"{""1"": 100, ""2"": 93, ""3"": 71, ""4"": 70}",False,9.0,-15.0,9.0,0.0,0.0,0.0,543.0,122.625,488.75,9.0,15.0,41.25,153.5,270.0,1506.0,497.75,2.0,19.0,78.0,1.0,1.0,2.0,6.0,9.0,1.0,0.0,0.0,8.0,8.0,0.1,0.09523809523809523,0.0032,0.0032,0.025,0.11363636363636363,0.8863636363636364,0.225,1.0,1.0,0.2,0.23684210526315785,0.0
20260629_202157_89a44e2f,20260629_202157_89a44e2f_g0059,59,1373541316,0,8,8,8,1,2,BLUE,champ_v3,1,1,[1],0,93,2,"{""1"": 100, ""2"": 93, ""3"": 71, ""4"": 70}",False,9.0,-15.0,9.0,0.0,0.0,0.0,543.0,122.625,488.75,9.0,15.0,41.25,153.5,270.0,1506.0,497.75,2.0,19.0,78.0,1.0,1.0,2.0,6.0,9.0,1.0,0.0,0.0,8.0,8.0,0.1,0.09523809523809523,0.0032,0.0032,0.025,0.11363636363636363,0.8863636363636364,0.225,1.0,1.0,0.2,0.23684210526315785,0.0
20260629_202157_89a44e2f,20260629_202157_89a44e2f_g0059,59,1373541316,0,8,8,8,1,3,YELLOW,pool_heuristic,2,1,[1],0,71,3,"{""1"": 100, ""2"": 93, ""3"": 71, ""4"": 70}",False,8.0,-17.0,8.0,0.0,0.0,0.0,519.0,126.125,510.5,8.0,14.0,40.5,160.5,287.5,1530.0,518.5,2.0,19.0,78.0,1.0,1.0,2.0,6.0,9.0,1.0,0.0,1.0,8.0,8.0,0.1,0.09523809523809523,0.0032,0.0032,0.025,0.11363636363636363,0.8863636363636364,0.2,1.0,1.0,0.20833333333333334,0.26315789473684215,0.0
20260629_202157_89a44e2f,20260629_202157_89a44e2f_g0059,59,1373541316,0,8,8,8,1,4,GREEN,pool_l45_100ms,3,1,[1],0,70,4,"{""1"": 100, ""2"": 93, ""3"": 71, ""4"": 70}",False,7.0,-19.0,9.0,0.0,0.0,0.0,444.0,103.25,415.125,7.0,12.0,33.75,130.5,231.875,1605.0,422.125,2.0,19.0,78.0,1.0,1.0,2.0,6.0,9.0,1.0,1.0,0.0,8.0,8.0,0.1,0.09523809523809523,0.0032,0.0032,0.025,0.11363636363636363,0.8863636363636364,0.175,1.0,1.0,0.21666666666666665,0.20526315789473681,0.0
20260629_202157_89a44e2f,20260629_202157_89a44e2f_g0059,59,1373541316,1,16,16,16,1,1,RED,pool_peer_500ms,0,1,[1],1,100,1,"{""1"": 100, ""2"": 93, ""3"": 71, ""4"": 70}",False,16.0,-24.0,0.0,1.0,4.0,0.01,715.0,181.25,695.625,16.0,25.0,69.75,250.5,334.375,1906.0,711.625,4.0,17.0,68.0,1.0,1.0,2.0,6.0,7.0,1.0,0.0,0.0,16.0,16.0,0.2,0.19047619047619047,0.0064,0.0064,0.05,0.22727272727272727,0.7727272727272727,0.4,1.0,1.0,0.33333333333333337,0.49473684210526314,0.0
20260629_202157_89a44e2f,20260629_202157_89a44e2f_g0059,59,1373541316,1,16,16,16,1,2,BLUE,champ_v3,1,1,[1],0,93,2,"{""1"": 100, ""2"": 93, ""3"": 71, ""4"": 70}",False,15.0,-26.0,1.0,4.0,4.0,0.01,600.0,154.0,583.25,15.0,23.0,60.0,209.0,276.25,2021.0,598.25,4.0,17.0,68.0,1.0,1.0,2.0,6.0,7.0,1.0,0.0,0.0,16.0,16.0,0.2,0.19047619047619047,0.0064,0.0064,0.05,0.22727272727272727,0.7727272727272727,0.375,1.0,1.0,0.3416666666666667,0.47631578947368425,0.0
20260629_202157_89a44e2f,20260629_202157_89a44e2f_g0059,59,1373541316,1,16,16,16,1,3,YELLOW,pool_heuristic,2,1,[1],0,71,3,"{""1"": 100, ""2"": 93, ""3"": 71, ""4"": 70}",False,15.0,-26.0,1.0,3.0,4.0,0.01,782.0,191.625,750.375,14.0,25.0,69.75,271.0,370.625,1839.0,765.375,4.0,17.0,68.0,1.0,1.0,2.0,6.0,7.0,1.0,0.0,1.0,16.0,16.0,0.2,0.19047619047619047,0.0064,0.0064,0.05,0.22727272727272727,0.7727272727272727,0.375,1.0,1.0,0.3416666666666667,0.5289473684210526,0.0
20260629_202157_89a44e2f,20260629_202157_89a44e2f_g0059,59,1373541316,1,16,16,16,1,4,GREEN,pool_l45_100ms,3,1,[1],0,70,4,"{""1"": 100, ""2"": 93, ""3"": 71, ""4"": 70}",False,10.0,-36.0,7.0,0.0,4.0,0.01,524.0,121.375,468.125,10.0,17.0,45.0,173.0,223.125,2097.0,478.125,4.0,17.0,68.0,1.0,1.0,2.0,6.0,7.0,1.0,0.0,0.0,16.0,16.0,0.2,0.19047619047619047,0.0064,0.0064,0.05,0.22727272727272727,0.7727272727272727,0.25,1.0,1.0,0.38333333333333336,0.3131578947368421,0.0
20260629_202157_89a44e2f,20260629_202157_89a44e2f_g0059,59,1373541316,2,24,24,24,1,1,RED,pool_peer_500ms,0,1,[1],1,100,1,"{""1"": 100, ""2"": 93, ""3"": 71, ""4"": 70}",False,20.0,-35.0,0.0,4.0,4.0,0.01,589.0,153.125,544.25,20.0,25.0,66.75,237.5,195.0,1081.0,564.25,6.0,15.0,58.0,1.0,1.0,2.0,6.0,5.0,0.0,0.0,0.0,24.0,24.0,0.3,0.2857142857142857,0.0096,0.0096,0.075,0.3409090909090909,0.6590909090909091,0.5,1.0,1.0,0.4583333333333333,0.5929824561403509,0.0
20260629_202157_89a44e2f,20260629_202157_89a44e2f_g0059,59,1373541316,2,24,24,24,1,2,BLUE,champ_v3,1,1,[1],0,93,2,"{""1"": 100, ""2"": 93, ""3"": 71, ""4"": 70}",False,21.0,-33.0,1.0,14.0,4.0,0.01,409.0,118.25,408.0,18.0,21.0,54.0,175.0,140.0,1261.0,429.0,6.0,15.0,58.0,1.0,1.0,2.0,6.0,5.0,0.0,0.0,0.0,24.0,24.0,0.3,0.2857142857142857,0.0096,0.0096,0.075,0.3409090909090909,0.6590909090909091,0.525,1.0,1.0,0.45,0.5228070175438597,0.0
20260629_202157_89a44e2f,20260629_202157_89a44e2f_g0059,59,1373541316,2,24,24,24,1,3,YELLOW,pool_heuristic,2,1,[1],0,71,3,"{""1"": 100, ""2"": 93, ""3"": 71, ""4"": 70}",False,19.0,-37.0,1.0,11.0,4.0,0.01,282.0,84.5,288.75,14.0,15.0,36.75,123.0,100.0,1388.0,307.75,6.0,15.0,58.0,1.0,1.0,2.0,6.0,5.0,1.0,0.0,1.0,24.0,24.0,0.3,0.2857142857142857,0.0096,0.0096,0.075,0.3409090909090909,0.6590909090909091,0.475,1.0,1.0,0.4666666666666667,0.5333333333333333,0.0
20260629_202157_89a44e2f,20260629_202157_89a44e2f_g0059,59,1373541316,2,24,24,24,1,4,GREEN,pool_l45_100ms,3,1,[1],0,70,4,"{""1"": 100, ""2"": 93, ""3"": 71, ""4"": 70}",False,15.0,-45.0,4.0,0.0,4.0,0.01,390.0,101.125,342.625,15.0,21.0,49.5,154.0,103.125,1280.0,357.625,6.0,15.0,58.0,1.0,1.0,2.0,6.0,5.0,0.0,0.0,0.0,24.0,24.0,0.3,0.2857142857142857,0.0096,0.0096,0.075,0.3409090909090909,0.6590909090909091,0.375,1.0,1.0,0.5,0.43333333333333324,0.0
20260629_202157_89a44e2f,20260629_202157_89a44e2f_g0059,59,1373541316,3,32,32,32,1,1,RED,pool_peer_500ms,0,1,[1],1,100,1,"{""1"": 100, ""2"": 93, ""3"": 71, ""4"": 70}",False,25.0,-37.0,0.0,13.0,12.0,0.03,367.0,111.5,362.5,21.0,24.0,56.25,150.0,111.25,487.0,387.5,8.0,13.0,49.0,1.0,1.0,2.0,5.0,4.0,0.0,0.0,0.0,32.0,32.0,0.3975,0.38095238095238093,0.0128,0.0128,0.0975,0.4431818181818182,0.5568181818181818,0.625,1.0,1.0,0.5166666666666667,0.5951417004048583,0.0
20260629_202157_89a44e2f,20260629_202157_89a44e2f_g0059,59,1373541316,3,32,32,32,1,2,BLUE,champ_v3,1,1,[1],0,93,2,"{""1"": 100, ""2"": 93, ""3"": 71, ""4"": 70}",False,26.0,-35.0,1.0,21.0,12.0,0.03,280.0,96.125,302.5,21.0,18.0,46.5,144.5,72.5,574.0,328.5,8.0,13.0,48.0,1.0,1.0,2.0,6.0,3.0,0.0,0.0,0.0,32.0,32.0,0.3975,0.38095238095238093,0.0128,0.0128,0.1,0.45454545454545453,0.5454545454545454,0.65,1.0,1.0,0.5083333333333333,0.5421052631578948,0.0
20260629_202157_89a44e2f,20260629_202157_89a44e2f_g0059,59,1373541316,3,32,32,32,1,3,YELLOW,pool_heuristic,2,1,[1],0,71,3,"{""1"": 100, ""2"": 93, ""3"": 71, ""4"": 70}",False,20.0,-47.0,1.0,14.0,12.0,0.03,58.0,28.125,56.5,15.0,8.0,12.0,16.5,5.0,796.0,76.5,8.0,13.0,48.0,1.0,1.0,2.0,6.0,3.0,0.0,0.0,1.0,32.0,32.0,0.3975,0.38095238095238093,0.0128,0.0128,0.1,0.45454545454545453,0.5454545454545454,0.5,1.0,1.0,0.5583333333333333,0.5,0.0
20260629_202157_89a44e2f,20260629_202157_89a44e2f_g0059,59,1373541316,3,32,32,32,1,4,GREEN,pool_l45_100ms,3,1,[1],0,70,4,"{""1"": 100, ""2"": 93, ""3"": 71, ""4"": 70}",False,16.0,-55.0,4.0,11.0,12.0,0.03,149.0,49.625,137.125,14.0,14.0,27.0,64.0,18.125,705.0,153.125,8.0,13.0,48.0,1.0,1.0,2.0,6.0,3.0,0.0,0.0,0.0,32.0,32.0,0.3975,0.38095238095238093,0.0128,0.0128,0.1,0.45454545454545453,0.5454545454545454,0.4,1.0,1.0,0.5916666666666667,0.4486842105263158,0.0
20260629_202157_89a44e2f,20260629_202157_89a44e2f_g0059,59,1373541316,4,40,40,40,1,1,RED,pool_peer_500ms,0,1,[1],1,100,1,"{""1"": 100, ""2"": 93, ""3"": 71, ""4"": 70}",False,24.0,-40.0,0.0,19.0,22.0,0.055,187.0,65.75,187.875,17.0,18.0,35.25,89.5,28.125,137.0,211.875,10.0,11.0,39.0,1.0,1.0,2.0,5.0,2.0,0.0,0.0,0.0,40.0,40.0,0.4875,0.47619047619047616,0.016,0.016,0.1225,0.5568181818181818,0.4431818181818182,0.6,1.0,1.0,0.5333333333333333,0.5950590762620838,0.0
20260629_202157_89a44e2f,20260629_202157_89a44e2f_g0059,59,1373541316,4,40,40,40,1,2,BLUE,champ_v3,1,1,[1],0,93,2,"{""1"": 100, ""2"": 93, ""3"": 71, ""4"": 70}",False,31.0,-26.0,1.0,27.0,22.0,0.055,83.0,46.625,99.0,24.0,15.0,12.0,30.5,17.5,241.0,130.0,10.0,11.0,41.0,1.0,1.0,1.0,5.0,3.0,0.0,0.0,0.0,40.0,40.0,0.4875,0.47619047619047616,0.016,0.016,0.1175,0.5340909090909091,0.4659090909090909,0.775,1.0,1.0,0.475,0.5330347144456886,0.0
20260629_202157_89a44e2f,20260629_202157_89a44e2f_g0059,59,1373541316,4,40,40,40,1,3,YELLOW,pool_heuristic,2,1,[1],0,71,3,"{""1"": 100, ""2"": 93, ""3"": 71, ""4"": 70}",False,19.0,-50.0,1.0,18.0,22.0,0.055,26.0,18.75,26.25,14.0,5.0,5.25,2.0,0.0,298.0,45.25,10.0,11.0,39.0,1.0,1.0,2.0,5.0,2.0,0.0,0.0,1.0,40.0,40.0,0.4875,0.47619047619047616,0.016,0.016,0.1225,0.5568181818181818,0.4431818181818182,0.475,1.0,1.0,0.575,0.4704618689581096,0.0
20260629_202157_89a44e2f,20260629_202157_89a44e2f_g0059,59,1373541316,4,40,40,40,1,4,GREEN,pool_l45_100ms,3,1,[1],0,70,4,"{""1"": 100, ""2"": 93, ""3"": 71, ""4"": 70}",False,14.0,-60.0,4.0,17.0,22.0,0.055,28.0,16.0,26.25,10.0,6.0,5.25,5.0,0.0,296.0,40.25,10.0,11.0,38.0,1.0,1.0,2.0,6.0,1.0,0.0,0.0,0.0,40.0,40.0,0.4875,0.47619047619047616,0.016,0.016,0.125,0.5681818181818182,0.4318181818181818,0.35,0.95,1.0,0.6166666666666667,0.4326315789473685,0.0
20260629_202157_89a44e2f,20260629_202157_89a44e2f_g0059,59,1373541316,5,48,48,48,1,1,RED,pool_peer_500ms,0,1,[1],1,100,1,"{""1"": 100, ""2"": 93, ""3"": 71, ""4"": 70}",False,26.0,-32.0,0.0,29.0,33.0,0.0825,56.0,32.5,65.0,17.0,11.0,13.5,16.0,7.5,65.0,91.0,12.0,9.0,31.0,1.0,1.0,2.0,3.0,2.0,0.0,0.0,0.0,48.0,48.0,0.5625,0.5714285714285714,0.0192,0.0192,0.1425,0.6477272727272727,0.3522727272727273,0.65,1.0,1.0,0.4833333333333333,0.5807940904893814,0.0
20260629_202157_89a44e2f,20260629_202157_89a44e2f_g0059,59,1373541316,5,48,48,48,1,2,BLUE,champ_v3,1,1,[1],0,93,2,"{""1"": 100, ""2"": 93, ""3"": 71, ""4"": 70}",False,30.0,-24.0,1.0,36.0,33.0,0.0825,55.0,34.375,58.5,22.0,11.0,7.5,15.5,2.5,66.0,88.5,12.0,9.0,31.0,1.0,1.0,1.0,5.0,1.0,0.0,0.0,0.0,48.0,48.0,0.5625,0.5714285714285714,0.0192,0.0192,0.1425,0.6477272727272727,0.3522727272727273,0.75,1.0,1.0,0.45,0.5216989843028623,0.0
20260629_202157_89a44e2f,20260629_202157_89a44e2f_g0059,59,1373541316,5,48,48,48,1,3,YELLOW,pool_heuristic,2,1,[1],0,71,3,"{""1"": 100, ""2"": 93, ""3"": 71, ""4"": 70}",False,18.0,-48.0,1.0,23.0,33.0,0.0825,2.0,1.0,2.0,0.0,2.0,0.0,0.0,0.0,119.0,20.0,12.0,9.0,35.0,0.0,1.0,1.0,5.0,2.0,0.0,0.0,1.0,48.0,48.0,0.5625,0.5714285714285714,0.0192,0.0192,0.1325,0.6022727272727273,0.3977272727272727,0.45,0.8666666666666667,1.0,0.55,0.45481628599801394,0.0
20260629_202157_89a44e2f,20260629_202157_89a44e2f_g0059,59,1373541316,5,48,48,48,1,4,GREEN,pool_l45_100ms,3,1,[1],0,70,4,"{""1"": 100, ""2"": 93, ""3"": 71, ""4"": 70}",False,10.0,-64.0,4.0,26.0,33.0,0.0825,8.0,7.5,8.0,7.0,1.0,0.0,0.0,0.0,113.0,18.0,12.0,9.0,30.0,1.0,1.0,2.0,4.0,1.0,0.0,0.0,0.0,48.0,48.0,0.5625,0.5714285714285714,0.0192,0.0192,0.145,0.6590909090909091,0.3409090909090909,0.25,0.6166666666666667,1.0,0.6166666666666667,0.4301270417422868,0.0
20260629_202157_89a44e2f,20260629_202157_89a44e2f_g0059,59,1373541316,6,56,56,56,1,1,RED,pool_peer_500ms,0,1,[1],1,100,1,"{""1"": 100, ""2"": 93, ""3"": 71, ""4"": 70}",False,22.0,-33.0,0.0,37.0,37.0,0.0925,20.0,16.75,20.25,14.0,4.0,2.25,0.0,0.0,27.0,42.25,14.0,7.0,21.0,1.0,1.0,2.0,3.0,0.0,0.0,0.0,0.0,56.0,56.0,0.635,0.6666666666666666,0.0224,0.0224,0.1675,0.7613636363636364,0.23863636363636365,0.55,0.9166666666666666,0.8,0.4583333333333333,0.5475255302435192,0.0
20260629_202157_89a44e2f,20260629_202157_89a44e2f_g0059,59,1373541316,6,56,56,56,1,2,BLUE,champ_v3,1,1,[1],0,93,2,"{""1"": 100, ""2"": 93, ""3"": 71, ""4"": 70}",False,25.0,-27.0,1.0,47.0,37.0,0.0925,23.0,18.5,24.5,15.0,4.0,1.5,4.0,0.0,24.0,49.5,14.0,7.0,22.0,1.0,1.0,1.0,4.0,0.0,0.0,0.0,0.0,56.0,56.0,0.635,0.6666666666666666,0.0224,0.0224,0.165,0.75,0.25,0.625,1.0,0.8,0.4333333333333333,0.49441786283891553,0.0
20260629_202157_89a44e2f,20260629_202157_89a44e2f_g0059,59,1373541316,6,56,56,56,1,3,YELLOW,pool_heuristic,2,1,[1],0,71,3,"{""1"": 100, ""2"": 93, ""3"": 71, ""4"": 70}",False,19.0,-39.0,1.0,34.0,37.0,0.0925,0.0,0.0,0.0,0.0,0.0,0.0,0.0,0.0,47.0,19.0,14.0,7.0,28.0,0.0,0.0,1.0,5.0,1.0,0.0,0.0,0.0,56.0,56.0,0.635,0.6666666666666666,0.0224,0.0224,0.15,0.6818181818181818,0.3181818181818182,0.475,0.8333333333333334,1.0,0.4833333333333333,0.45350877192982464,0.0
20260629_202157_89a44e2f,20260629_202157_89a44e2f_g0059,59,1373541316,6,56,56,56,1,4,GREEN,pool_l45_100ms,3,1,[1],0,70,4,"{""1"": 100, ""2"": 93, ""3"": 71, ""4"": 70}",False,11.0,-55.0,4.0,31.0,37.0,0.0925,4.0,1.25,4.25,0.0,0.0,2.25,2.0,0.0,43.0,15.25,14.0,7.0,27.0,0.0,0.0,2.0,4.0,1.0,0.0,0.0,0.0,56.0,56.0,0.635,0.6666666666666666,0.0224,0.0224,0.1525,0.6931818181818182,0.3068181818181818,0.275,0.5166666666666667,1.0,0.55,0.42364106988783434,0.0
20260629_202157_89a44e2f,20260629_202157_89a44e2f_g0059,59,1373541316,7,64,64,69,2,1,RED,pool_peer_500ms,0,1,[1],1,100,1,"{""1"": 100, ""2"": 93, ""3"": 71, ""4"": 70}",False,21.0,-33.0,0.0,56.0,42.0,0.105,4.0,2.0,4.0,0.0,4.0,0.0,0.0,0.0,3.0,25.0,18.0,3.0,9.0,0.0,1.0,1.0,1.0,0.0,0.0,0.0,0.0,64.0,69.0,0.69,0.8571428571428571,0.0276,0.0256,0.1975,0.8977272727272727,0.10227272727272728,0.525,0.8,0.8,0.45,0.5296469020652899,0.0
20260629_202157_89a44e2f,20260629_202157_89a44e2f_g0059,59,1373541316,7,64,64,69,2,2,BLUE,champ_v3,1,1,[1],0,93,2,"{""1"": 100, ""2"": 93, ""3"": 71, ""4"": 70}",False,23.0,-29.0,0.0,54.0,42.0,0.105,3.0,1.0,4.0,0.0,0.0,0.0,4.0,0.0,4.0,27.0,17.0,4.0,16.0,0.0,0.0,0.0,4.0,0.0,0.0,0.0,0.0,64.0,69.0,0.69,0.8095238095238095,0.0276,0.0256,0.18,0.8181818181818182,0.18181818181818182,0.575,0.75,0.8,0.4333333333333333,0.52046783625731,0.0
20260629_202157_89a44e2f,20260629_202157_89a44e2f_g0059,59,1373541316,7,64,64,69,2,3,YELLOW,pool_heuristic,2,1,[1],0,71,3,"{""1"": 100, ""2"": 93, ""3"": 71, ""4"": 70}",False,19.0,-37.0,1.0,36.0,42.0,0.105,0.0,0.0,0.0,0.0,0.0,0.0,0.0,0.0,7.0,19.0,14.0,7.0,28.0,0.0,0.0,1.0,5.0,1.0,0.0,0.0,0.0,64.0,69.0,0.69,0.6666666666666666,0.0276,0.0256,0.15,0.6818181818181818,0.3181818181818182,0.475,0.6333333333333333,1.0,0.4666666666666667,0.45350877192982464,0.0
20260629_202157_89a44e2f,20260629_202157_89a44e2f_g0059,59,1373541316,7,64,64,69,2,4,GREEN,pool_l45_100ms,3,1,[1],0,70,4,"{""1"": 100, ""2"": 93, ""3"": 71, ""4"": 70}",False,12.0,-51.0,3.0,43.0,42.0,0.105,0.0,0.0,0.0,0.0,0.0,0.0,0.0,0.0,7.0,12.0,15.0,6.0,23.0,0.0,0.0,2.0,3.0,1.0,0.0,0.0,0.0,64.0,69.0,0.69,0.7142857142857143,0.0276,0.0256,0.1625,0.7386363636363636,0.26136363636363635,0.3,0.3333333333333333,1.0,0.525,0.4445344129554656,0.0
