run_id,game_id,game_index,game_seed,checkpoint_index,checkpoint_ply,ply,turn_index,current_player_id,player_id,player_name,agent_name,seat_index,winner_id,winner_ids_json,label_is_winner,final_score,final_rank,final_scores_json,is_tie,frontier_size,corner_differential,center_proximity,opponent_adjacency,deadzone_count,deadzone_fraction,mobility_total_placements,mobility_total_orientation_normalized,mobility_total_cell_weighted,mobility_bucket_1,mobility_bucket_2,mobility_bucket_3,mobility_bucket_4,mobility_bucket_5,blocking_exposure_legal_moves_opp_sum,utility_frontier_plus_mobility,pieces_used_count,pieces_remaining_count,remaining_squares,remaining_size_1_count,remaining_size_2_count,remaining_size_3_count,remaining_size_4_count,remaining_size_5_count,remaining_key_piece_17,remaining_key_piece_19,remaining_key_piece_20,phase_ply,phase_turn_index,phase_board_occupancy,phase_piece_usage_ratio,phase_progress_turn_ratio,phase_progress_placement_ratio,player_board_occupancy,se_squares_placed,se_remaining_piece_area,se_accessible_corners,se_reachable_empty_squares,se_largest_remaining_piece_size,se_opponent_avg_mobility,se_center_proximity,se_territory_enclosure_area
20260629_152656_9d451bbc,20260629_152656_9d451bbc_g0000,0,1745772875,0,8,8,8,1,1,RED,champ_v3,0,1.0,[1],1,96,1,"{""1"": 96, ""2"": 91, ""3"": 67, ""4"": 83}",False,9.0,-14.0,9.0,0.0,0.0,0.0,543.0,122.625,488.75,9.0,15.0,41.25,153.5,270.0,1340.0,497.75,2.0,19.0,78.0,1.0,1.0,2.0,6.0,9.0,1.0,0.0,0.0,8.0,8.0,0.1,0.09523809523809523,0.0032,0.0032,0.025,0.11363636363636363,0.8863636363636364,0.225,1.0,1.0,0.19166666666666668,0.23684210526315785,0.0
20260629_152656_9d451bbc,20260629_152656_9d451bbc_g0000,0,1745772875,0,8,8,8,1,2,BLUE,pool_heuristic,1,1.0,[1],0,91,2,"{""1"": 96, ""2"": 91, ""3"": 67, ""4"": 83}",False,7.0,-18.0,8.0,0.0,0.0,0.0,433.0,105.5,425.0,7.0,12.0,34.5,134.0,237.5,1450.0,432.0,2.0,19.0,78.0,1.0,1.0,2.0,6.0,9.0,1.0,0.0,1.0,8.0,8.0,0.1,0.09523809523809523,0.0032,0.0032,0.025,0.11363636363636363,0.8863636363636364,0.175,1.0,1.0,0.20833333333333334,0.26315789473684215,0.0
20260629_152656_9d451bbc,20260629_152656_9d451bbc_g0000,0,1745772875,0,8,8,8,1,3,YELLOW,pool_l45_100ms,2,1.0,[1],0,67,4,"{""1"": 96, ""2"": 91, ""3"": 67, ""4"": 83}",False,7.0,-18.0,9.0,0.0,0.0,0.0,364.0,86.0,341.875,7.0,10.0,27.0,108.5,189.375,1519.0,348.875,2.0,19.0,78.0,1.0,1.0,2.0,6.0,9.0,1.0,1.0,0.0,8.0,8.0,0.1,0.09523809523809523,0.0032,0.0032,0.025,0.11363636363636363,0.8863636363636364,0.175,1.0,1.0,0.20833333333333334,0.17368421052631577,0.0
20260629_152656_9d451bbc,20260629_152656_9d451bbc_g0000,0,1745772875,0,8,8,8,1,4,GREEN,pool_peer_500ms,3,1.0,[1],0,83,3,"{""1"": 96, ""2"": 91, ""3"": 67, ""4"": 83}",False,9.0,-14.0,9.0,0.0,0.0,0.0,543.0,122.625,488.75,9.0,15.0,41.25,153.5,270.0,1340.0,497.75,2.0,19.0,78.0,1.0,1.0,2.0,6.0,9.0,1.0,0.0,0.0,8.0,8.0,0.1,0.09523809523809523,0.0032,0.0032,0.025,0.11363636363636363,0.8863636363636364,0.225,1.0,1.0,0.19166666666666668,0.23684210526315785,0.0
20260629_152656_9d451bbc,20260629_152656_9d451bbc_g0000,0,1745772875,1,16,16,16,1,1,RED,champ_v3,0,1.0,[1],1,96,1,"{""1"": 96, ""2"": 91, ""3"": 67, ""4"": 83}",False,15.0,-24.0,1.0,2.0,0.0,0.0,671.0,160.875,612.875,15.0,23.0,61.5,224.0,289.375,1606.0,627.875,4.0,17.0,68.0,1.0,1.0,2.0,6.0,7.0,1.0,0.0,0.0,16.0,16.0,0.2,0.19047619047619047,0.0064,0.0064,0.05,0.22727272727272727,0.7727272727272727,0.375,1.0,1.0,0.325,0.4815789473684211,0.0
20260629_152656_9d451bbc,20260629_152656_9d451bbc_g0000,0,1745772875,1,16,16,16,1,2,BLUE,pool_heuristic,1,1.0,[1],0,91,2,"{""1"": 96, ""2"": 91, ""3"": 67, ""4"": 83}",False,13.0,-28.0,2.0,2.0,0.0,0.0,524.0,143.875,553.875,12.0,20.0,54.0,206.0,261.875,1753.0,566.875,4.0,17.0,68.0,1.0,1.0,2.0,6.0,7.0,1.0,0.0,1.0,16.0,16.0,0.2,0.19047619047619047,0.0064,0.0064,0.05,0.22727272727272727,0.7727272727272727,0.325,1.0,1.0,0.3416666666666667,0.5078947368421053,0.0
20260629_152656_9d451bbc,20260629_152656_9d451bbc_g0000,0,1745772875,1,16,16,16,1,3,YELLOW,pool_l45_100ms,2,1.0,[1],0,67,4,"{""1"": 96, ""2"": 91, ""3"": 67, ""4"": 83}",False,11.0,-32.0,5.0,2.0,0.0,0.0,408.0,99.125,370.875,11.0,15.0,36.0,137.0,171.875,1869.0,381.875,4.0,17.0,68.0,1.0,1.0,2.0,6.0,7.0,1.0,0.0,0.0,16.0,16.0,0.2,0.19047619047619047,0.0064,0.0064,0.05,0.22727272727272727,0.7727272727272727,0.275,1.0,1.0,0.35833333333333334,0.3526315789473684,0.0
20260629_152656_9d451bbc,20260629_152656_9d451bbc_g0000,0,1745772875,1,16,16,16,1,4,GREEN,pool_peer_500ms,3,1.0,[1],0,83,3,"{""1"": 96, ""2"": 91, ""3"": 67, ""4"": 83}",False,15.0,-24.0,4.0,2.0,0.0,0.0,674.0,169.5,647.75,15.0,25.0,64.5,237.0,306.25,1603.0,662.75,4.0,17.0,68.0,1.0,1.0,2.0,6.0,7.0,1.0,0.0,0.0,16.0,16.0,0.2,0.19047619047619047,0.0064,0.0064,0.05,0.22727272727272727,0.7727272727272727,0.375,1.0,1.0,0.325,0.4526315789473684,0.0
20260629_152656_9d451bbc,20260629_152656_9d451bbc_g0000,0,1745772875,2,24,24,24,1,1,RED,champ_v3,0,1.0,[1],1,96,1,"{""1"": 96, ""2"": 91, ""3"": 67, ""4"": 83}",False,19.0,-31.0,1.0,9.0,2.0,0.005,494.0,130.125,465.125,18.0,24.0,55.5,162.0,205.625,970.0,484.125,6.0,15.0,59.0,1.0,1.0,2.0,5.0,6.0,1.0,0.0,0.0,24.0,24.0,0.2975,0.2857142857142857,0.0096,0.0096,0.0725,0.32954545454545453,0.6704545454545454,0.475,1.0,1.0,0.4166666666666667,0.5626134301270418,0.0
20260629_152656_9d451bbc,20260629_152656_9d451bbc_g0000,0,1745772875,2,24,24,24,1,2,BLUE,pool_heuristic,1,1.0,[1],0,91,2,"{""1"": 96, ""2"": 91, ""3"": 67, ""4"": 83}",False,18.0,-33.0,0.0,7.0,2.0,0.005,359.0,107.5,393.0,13.0,16.0,43.5,158.0,162.5,1105.0,411.0,6.0,15.0,58.0,1.0,1.0,2.0,6.0,5.0,0.0,0.0,1.0,24.0,24.0,0.2975,0.2857142857142857,0.0096,0.0096,0.075,0.3409090909090909,0.6590909090909091,0.45,1.0,1.0,0.425,0.5877192982456141,0.0
20260629_152656_9d451bbc,20260629_152656_9d451bbc_g0000,0,1745772875,2,24,24,24,1,3,YELLOW,pool_l45_100ms,2,1.0,[1],0,67,4,"{""1"": 96, ""2"": 91, ""3"": 67, ""4"": 83}",False,12.0,-45.0,5.0,4.0,2.0,0.005,170.0,49.375,154.0,12.0,11.0,20.25,59.5,51.25,1294.0,166.0,6.0,15.0,58.0,1.0,1.0,2.0,6.0,5.0,0.0,0.0,0.0,24.0,24.0,0.2975,0.2857142857142857,0.0096,0.0096,0.075,0.3409090909090909,0.6590909090909091,0.3,1.0,1.0,0.475,0.39473684210526316,0.0
20260629_152656_9d451bbc,20260629_152656_9d451bbc_g0000,0,1745772875,2,24,24,24,1,4,GREEN,pool_peer_500ms,3,1.0,[1],0,83,3,"{""1"": 96, ""2"": 91, ""3"": 67, ""4"": 83}",False,20.0,-29.0,2.0,14.0,2.0,0.005,441.0,132.125,462.25,18.0,25.0,57.75,201.5,160.0,1023.0,482.25,6.0,15.0,58.0,1.0,1.0,2.0,6.0,5.0,1.0,0.0,0.0,24.0,24.0,0.2975,0.2857142857142857,0.0096,0.0096,0.075,0.3409090909090909,0.6590909090909091,0.5,1.0,1.0,0.4083333333333333,0.5543859649122806,0.0
20260629_152656_9d451bbc,20260629_152656_9d451bbc_g0000,0,1745772875,3,32,32,32,1,1,RED,champ_v3,0,1.0,[1],1,96,1,"{""1"": 96, ""2"": 91, ""3"": 67, ""4"": 83}",False,25.0,-33.0,1.0,16.0,3.0,0.0075,260.0,92.625,281.125,23.0,24.0,48.0,88.0,98.125,441.0,306.125,8.0,13.0,50.0,1.0,1.0,2.0,4.0,5.0,1.0,0.0,0.0,32.0,32.0,0.3925,0.38095238095238093,0.0128,0.0128,0.095,0.4318181818181818,0.5681818181818182,0.625,1.0,1.0,0.4833333333333333,0.5498614958448753,0.0
20260629_152656_9d451bbc,20260629_152656_9d451bbc_g0000,0,1745772875,3,32,32,32,1,2,BLUE,pool_heuristic,1,1.0,[1],0,91,2,"{""1"": 96, ""2"": 91, ""3"": 67, ""4"": 83}",False,22.0,-39.0,0.0,7.0,3.0,0.0075,179.0,66.125,202.75,17.0,13.0,27.75,87.5,57.5,522.0,224.75,8.0,13.0,48.0,1.0,1.0,2.0,6.0,3.0,0.0,0.0,1.0,32.0,32.0,0.3925,0.38095238095238093,0.0128,0.0128,0.1,0.45454545454545453,0.5454545454545454,0.55,1.0,1.0,0.5083333333333333,0.5565789473684211,0.0
20260629_152656_9d451bbc,20260629_152656_9d451bbc_g0000,0,1745772875,3,32,32,32,1,3,YELLOW,pool_l45_100ms,2,1.0,[1],0,67,4,"{""1"": 96, ""2"": 91, ""3"": 67, ""4"": 83}",False,14.0,-55.0,5.0,7.0,3.0,0.0075,100.0,40.0,103.0,14.0,13.0,17.25,40.0,18.75,601.0,117.0,8.0,13.0,48.0,1.0,1.0,2.0,6.0,3.0,0.0,0.0,0.0,32.0,32.0,0.3925,0.38095238095238093,0.0128,0.0128,0.1,0.45454545454545453,0.5454545454545454,0.35,1.0,1.0,0.575,0.4236842105263158,0.0
20260629_152656_9d451bbc,20260629_152656_9d451bbc_g0000,0,1745772875,3,32,32,32,1,4,GREEN,pool_peer_500ms,3,1.0,[1],0,83,3,"{""1"": 96, ""2"": 91, ""3"": 67, ""4"": 83}",False,22.0,-39.0,2.0,24.0,3.0,0.0075,162.0,58.0,164.625,17.0,15.0,27.75,65.5,39.375,539.0,186.625,8.0,13.0,49.0,1.0,1.0,2.0,5.0,4.0,0.0,0.0,0.0,32.0,32.0,0.3925,0.38095238095238093,0.0128,0.0128,0.0975,0.4431818181818182,0.5568181818181818,0.55,1.0,1.0,0.5083333333333333,0.5479082321187585,0.0
20260629_152656_9d451bbc,20260629_152656_9d451bbc_g0000,0,1745772875,4,40,40,40,1,1,RED,champ_v3,0,1.0,[1],1,96,1,"{""1"": 96, ""2"": 91, ""3"": 67, ""4"": 83}",False,27.0,-30.0,1.0,28.0,8.0,0.02,109.0,49.375,117.625,22.0,17.0,13.5,27.0,38.125,194.0,144.625,10.0,11.0,43.0,1.0,1.0,1.0,3.0,5.0,1.0,0.0,0.0,40.0,40.0,0.48,0.47619047619047616,0.016,0.016,0.1125,0.5113636363636364,0.48863636363636365,0.675,1.0,1.0,0.475,0.5567251461988304,0.0
20260629_152656_9d451bbc,20260629_152656_9d451bbc_g0000,0,1745772875,4,40,40,40,1,2,BLUE,pool_heuristic,1,1.0,[1],0,91,2,"{""1"": 96, ""2"": 91, ""3"": 67, ""4"": 83}",False,21.0,-42.0,0.0,10.0,8.0,0.02,56.0,28.0,54.5,15.0,9.0,10.5,20.0,0.0,247.0,75.5,10.0,11.0,38.0,1.0,1.0,2.0,6.0,1.0,0.0,0.0,1.0,40.0,40.0,0.48,0.47619047619047616,0.016,0.016,0.125,0.5681818181818182,0.4318181818181818,0.525,1.0,1.0,0.525,0.5221052631578947,0.0
20260629_152656_9d451bbc,20260629_152656_9d451bbc_g0000,0,1745772875,4,40,40,40,1,3,YELLOW,pool_l45_100ms,2,1.0,[1],0,67,4,"{""1"": 96, ""2"": 91, ""3"": 67, ""4"": 83}",False,12.0,-60.0,5.0,13.0,8.0,0.02,36.0,20.125,34.5,12.0,8.0,6.0,8.5,0.0,267.0,46.5,10.0,11.0,38.0,1.0,1.0,2.0,6.0,1.0,0.0,0.0,0.0,40.0,40.0,0.48,0.47619047619047616,0.016,0.016,0.125,0.5681818181818182,0.4318181818181818,0.3,0.7166666666666667,1.0,0.6,0.4,0.0
20260629_152656_9d451bbc,20260629_152656_9d451bbc_g0000,0,1745772875,4,40,40,40,1,4,GREEN,pool_peer_500ms,3,1.0,[1],0,83,3,"{""1"": 96, ""2"": 91, ""3"": 67, ""4"": 83}",False,24.0,-36.0,0.0,35.0,8.0,0.02,102.0,41.25,101.125,16.0,12.0,24.0,28.5,20.625,201.0,125.125,10.0,11.0,41.0,1.0,1.0,2.0,3.0,4.0,0.0,0.0,0.0,40.0,40.0,0.48,0.47619047619047616,0.016,0.016,0.1175,0.5340909090909091,0.4659090909090909,0.6,1.0,1.0,0.5,0.5699888017917134,0.0
20260629_152656_9d451bbc,20260629_152656_9d451bbc_g0000,0,1745772875,5,48,48,48,1,1,RED,champ_v3,0,1.0,[1],1,96,1,"{""1"": 96, ""2"": 91, ""3"": 67, ""4"": 83}",False,27.0,-33.0,1.0,41.0,26.0,0.065,74.0,36.75,85.25,17.0,12.0,10.5,22.0,23.75,125.0,112.25,12.0,9.0,34.0,1.0,1.0,1.0,2.0,4.0,1.0,0.0,0.0,48.0,48.0,0.57,0.5714285714285714,0.0192,0.0192,0.135,0.6136363636363636,0.38636363636363635,0.675,1.0,1.0,0.5,0.5653021442495126,0.0
20260629_152656_9d451bbc,20260629_152656_9d451bbc_g0000,0,1745772875,5,48,48,48,1,2,BLUE,pool_heuristic,1,1.0,[1],0,91,2,"{""1"": 96, ""2"": 91, ""3"": 67, ""4"": 83}",False,24.0,-39.0,0.0,23.0,26.0,0.065,43.0,24.875,43.25,15.0,8.0,9.75,10.5,0.0,156.0,67.25,12.0,9.0,29.0,1.0,1.0,2.0,5.0,0.0,0.0,0.0,0.0,48.0,48.0,0.57,0.5714285714285714,0.0192,0.0192,0.1475,0.6704545454545454,0.32954545454545453,0.6,1.0,0.8,0.525,0.47546833184656556,0.0
20260629_152656_9d451bbc,20260629_152656_9d451bbc_g0000,0,1745772875,5,48,48,48,1,3,YELLOW,pool_l45_100ms,2,1.0,[1],0,67,4,"{""1"": 96, ""2"": 91, ""3"": 67, ""4"": 83}",False,8.0,-71.0,2.0,23.0,26.0,0.065,13.0,10.0,12.5,8.0,3.0,1.5,0.0,0.0,186.0,20.5,12.0,9.0,30.0,1.0,1.0,2.0,4.0,1.0,0.0,0.0,0.0,48.0,48.0,0.57,0.5714285714285714,0.0192,0.0192,0.145,0.6590909090909091,0.3409090909090909,0.2,0.55,1.0,0.6583333333333333,0.42014519056261346,0.0
20260629_152656_9d451bbc,20260629_152656_9d451bbc_g0000,0,1745772875,5,48,48,48,1,4,GREEN,pool_peer_500ms,3,1.0,[1],0,83,3,"{""1"": 96, ""2"": 91, ""3"": 67, ""4"": 83}",False,28.0,-31.0,0.0,44.0,26.0,0.065,69.0,36.75,74.75,19.0,11.0,17.25,20.0,7.5,130.0,102.75,12.0,9.0,31.0,1.0,1.0,2.0,3.0,2.0,0.0,0.0,0.0,48.0,48.0,0.57,0.5714285714285714,0.0192,0.0192,0.1425,0.6477272727272727,0.3522727272727273,0.7,1.0,1.0,0.4916666666666667,0.5586334256694367,0.0
20260629_152656_9d451bbc,20260629_152656_9d451bbc_g0000,0,1745772875,6,56,56,56,1,1,RED,champ_v3,0,1.0,[1],1,96,1,"{""1"": 96, ""2"": 91, ""3"": 67, ""4"": 83}",False,26.0,-33.0,1.0,48.0,37.0,0.0925,56.0,30.125,59.625,17.0,9.0,9.0,14.0,10.625,70.0,85.625,14.0,7.0,24.0,1.0,1.0,1.0,2.0,2.0,1.0,0.0,0.0,56.0,56.0,0.6375,0.6666666666666666,0.0224,0.0224,0.16,0.7272727272727273,0.2727272727272727,0.65,1.0,1.0,0.4916666666666667,0.5542763157894737,0.0
20260629_152656_9d451bbc,20260629_152656_9d451bbc_g0000,0,1745772875,6,56,56,56,1,2,BLUE,pool_heuristic,1,1.0,[1],0,91,2,"{""1"": 96, ""2"": 91, ""3"": 67, ""4"": 83}",False,25.0,-35.0,0.0,34.0,37.0,0.0925,29.0,20.5,31.5,14.0,6.0,7.5,4.0,0.0,97.0,56.5,14.0,7.0,21.0,1.0,1.0,2.0,3.0,0.0,0.0,0.0,0.0,56.0,56.0,0.6375,0.6666666666666666,0.0224,0.0224,0.1675,0.7613636363636364,0.23863636363636365,0.625,1.0,0.8,0.5,0.4705420267085625,0.0
20260629_152656_9d451bbc,20260629_152656_9d451bbc_g0000,0,1745772875,6,56,56,56,1,3,YELLOW,pool_l45_100ms,2,1.0,[1],0,67,4,"{""1"": 96, ""2"": 91, ""3"": 67, ""4"": 83}",False,7.0,-71.0,2.0,36.0,37.0,0.0925,22.0,5.625,20.25,0.0,2.0,3.0,11.5,3.75,104.0,27.25,14.0,7.0,26.0,0.0,1.0,1.0,4.0,1.0,0.0,0.0,0.0,56.0,56.0,0.6375,0.6666666666666666,0.0224,0.0224,0.155,0.7045454545454546,0.29545454545454547,0.175,0.4666666666666667,1.0,0.65,0.43208828522920195,0.0
20260629_152656_9d451bbc,20260629_152656_9d451bbc_g0000,0,1745772875,6,56,56,56,1,4,GREEN,pool_peer_500ms,3,1.0,[1],0,83,3,"{""1"": 96, ""2"": 91, ""3"": 67, ""4"": 83}",False,27.0,-31.0,0.0,52.0,37.0,0.0925,19.0,8.5,23.0,0.0,8.0,9.0,6.0,0.0,107.0,50.0,14.0,7.0,26.0,0.0,1.0,2.0,2.0,2.0,0.0,0.0,0.0,56.0,56.0,0.6375,0.6666666666666666,0.0224,0.0224,0.155,0.7045454545454546,0.29545454545454547,0.675,0.75,1.0,0.4833333333333333,0.5390492359932089,0.0
20260629_152656_9d451bbc,20260629_152656_9d451bbc_g0000,0,1745772875,7,64,64,66,3,1,RED,champ_v3,0,1.0,[1],1,96,1,"{""1"": 96, ""2"": 91, ""3"": 67, ""4"": 83}",False,23.0,-33.0,0.0,57.0,40.0,0.1,15.0,14.0,15.0,13.0,2.0,0.0,0.0,0.0,2.0,38.0,17.0,4.0,12.0,1.0,1.0,0.0,1.0,1.0,0.0,0.0,0.0,64.0,66.0,0.695,0.8095238095238095,0.0264,0.0256,0.19,0.8636363636363636,0.13636363636363635,0.575,0.9666666666666667,1.0,0.4666666666666667,0.5429362880886426,0.0
20260629_152656_9d451bbc,20260629_152656_9d451bbc_g0000,0,1745772875,7,64,64,66,3,2,BLUE,pool_heuristic,1,1.0,[1],0,91,2,"{""1"": 96, ""2"": 91, ""3"": 67, ""4"": 83}",False,23.0,-33.0,0.0,38.0,40.0,0.1,1.0,0.5,1.5,0.0,0.0,1.5,0.0,0.0,16.0,24.5,17.0,4.0,15.0,0.0,0.0,1.0,3.0,0.0,0.0,0.0,0.0,64.0,66.0,0.695,0.8095238095238095,0.0264,0.0256,0.1825,0.8295454545454546,0.17045454545454544,0.575,0.9333333333333333,0.8,0.4666666666666667,0.4751261715933669,0.0
20260629_152656_9d451bbc,20260629_152656_9d451bbc_g0000,0,1745772875,7,64,64,66,3,3,YELLOW,pool_l45_100ms,2,1.0,[1],0,67,4,"{""1"": 96, ""2"": 91, ""3"": 67, ""4"": 83}",False,7.0,-65.0,2.0,42.0,40.0,0.1,0.0,0.0,0.0,0.0,0.0,0.0,0.0,0.0,17.0,7.0,14.0,7.0,26.0,0.0,1.0,1.0,4.0,1.0,0.0,0.0,0.0,64.0,66.0,0.695,0.6666666666666666,0.0264,0.0256,0.155,0.7045454545454546,0.29545454545454547,0.175,0.16666666666666666,1.0,0.6,0.43208828522920195,0.0
20260629_152656_9d451bbc,20260629_152656_9d451bbc_g0000,0,1745772875,7,64,64,66,3,4,GREEN,pool_peer_500ms,3,1.0,[1],0,83,3,"{""1"": 96, ""2"": 91, ""3"": 67, ""4"": 83}",False,26.0,-27.0,0.0,60.0,40.0,0.1,1.0,0.5,1.5,0.0,0.0,1.5,0.0,0.0,16.0,27.5,16.0,5.0,21.0,0.0,0.0,1.0,2.0,2.0,0.0,0.0,0.0,64.0,66.0,0.695,0.7619047619047619,0.0264,0.0256,0.1675,0.7613636363636364,0.23863636363636365,0.65,0.5,1.0,0.4416666666666667,0.5365278868813825,0.0
20260629_152656_9d451bbc,20260629_152656_9d451bbc_g0001,1,434760569,0,8,8,8,1,1,RED,pool_heuristic,0,3.0,[3],0,74,3,"{""1"": 74, ""2"": 74, ""3"": 98, ""4"": 91}",False,7.0,-16.0,9.0,0.0,3.0,0.0075,365.0,94.375,377.625,7.0,11.0,30.75,117.0,211.875,1413.0,384.625,2.0,19.0,78.0,1.0,1.0,2.0,6.0,9.0,1.0,1.0,1.0,8.0,8.0,0.1,0.09523809523809523,0.0032,0.0032,0.025,0.11363636363636363,0.8863636363636364,0.175,1.0,1.0,0.19166666666666668,0.24736842105263157,0.0
20260629_152656_9d451bbc,20260629_152656_9d451bbc_g0001,1,434760569,0,8,8,8,1,2,BLUE,pool_l45_100ms,1,3.0,[3],0,74,3,"{""1"": 74, ""2"": 74, ""3"": 98, ""4"": 91}",False,5.0,-20.0,9.0,0.0,3.0,0.0075,327.0,76.25,309.5,5.0,8.0,24.0,95.0,177.5,1451.0,314.5,2.0,19.0,78.0,1.0,1.0,2.0,6.0,9.0,1.0,1.0,0.0,8.0,8.0,0.1,0.09523809523809523,0.0032,0.0032,0.025,0.11363636363636363,0.8863636363636364,0.125,1.0,1.0,0.20833333333333334,0.15263157894736834,0.0
20260629_152656_9d451bbc,20260629_152656_9d451bbc_g0001,1,434760569,0,8,8,8,1,3,YELLOW,pool_peer_500ms,2,3.0,[3],1,98,1,"{""1"": 74, ""2"": 74, ""3"": 98, ""4"": 91}",False,9.0,-12.0,9.0,0.0,3.0,0.0075,543.0,122.625,488.75,9.0,15.0,41.25,153.5,270.0,1235.0,497.75,2.0,19.0,78.0,1.0,1.0,2.0,6.0,9.0,1.0,0.0,0.0,8.0,8.0,0.1,0.09523809523809523,0.0032,0.0032,0.025,0.11363636363636363,0.8863636363636364,0.225,1.0,1.0,0.175,0.23684210526315785,0.0
20260629_152656_9d451bbc,20260629_152656_9d451bbc_g0001,1,434760569,0,8,8,8,1,4,GREEN,champ_v3,3,3.0,[3],0,91,2,"{""1"": 74, ""2"": 74, ""3"": 98, ""4"": 91}",False,9.0,-12.0,9.0,0.0,3.0,0.0075,543.0,122.625,488.75,9.0,15.0,41.25,153.5,270.0,1235.0,497.75,2.0,19.0,78.0,1.0,1.0,2.0,6.0,9.0,1.0,0.0,0.0,8.0,8.0,0.1,0.09523809523809523,0.0032,0.0032,0.025,0.11363636363636363,0.8863636363636364,0.225,1.0,1.0,0.175,0.23684210526315785,0.0
20260629_152656_9d451bbc,20260629_152656_9d451bbc_g0001,1,434760569,1,16,16,16,1,1,RED,pool_heuristic,0,3.0,[3],0,74,3,"{""1"": 74, ""2"": 74, ""3"": 98, ""4"": 91}",False,13.0,-27.0,4.0,0.0,3.0,0.0075,455.0,137.0,516.5,13.0,21.0,54.0,196.0,232.5,2004.0,529.5,4.0,17.0,68.0,1.0,1.0,2.0,6.0,7.0,1.0,1.0,1.0,16.0,16.0,0.2,0.19047619047619047,0.0064,0.0064,0.05,0.22727272727272727,0.7727272727272727,0.325,1.0,1.0,0.33333333333333337,0.43157894736842106,0.0
20260629_152656_9d451bbc,20260629_152656_9d451bbc_g0001,1,434760569,1,16,16,16,1,2,BLUE,pool_l45_100ms,1,3.0,[3],0,74,3,"{""1"": 74, ""2"": 74, ""3"": 98, ""4"": 91}",False,9.0,-35.0,6.0,0.0,3.0,0.0075,528.0,122.375,477.5,9.0,16.0,45.0,177.5,230.0,1931.0,486.5,4.0,17.0,68.0,1.0,1.0,2.0,6.0,7.0,1.0,0.0,0.0,16.0,16.0,0.2,0.19047619047619047,0.0064,0.0064,0.05,0.22727272727272727,0.7727272727272727,0.225,1.0,1.0,0.36666666666666664,0.3263157894736842,0.0
20260629_152656_9d451bbc,20260629_152656_9d451bbc_g0001,1,434760569,1,16,16,16,1,3,YELLOW,pool_peer_500ms,2,3.0,[3],1,98,1,"{""1"": 74, ""2"": 74, ""3"": 98, ""4"": 91}",False,16.0,-21.0,0.0,3.0,3.0,0.0075,801.0,200.125,778.125,15.0,27.0,76.5,284.0,375.625,1658.0,794.125,4.0,17.0,68.0,1.0,1.0,2.0,6.0,7.0,1.0,0.0,0.0,16.0,16.0,0.2,0.19047619047619047,0.0064,0.0064,0.05,0.22727272727272727,0.7727272727272727,0.4,1.0,1.0,0.30833333333333335,0.49473684210526314,0.0
20260629_152656_9d451bbc,20260629_152656_9d451bbc_g0001,1,434760569,1,16,16,16,1,4,GREEN,champ_v3,3,3.0,[3],0,91,2,"{""1"": 74, ""2"": 74, ""3"": 98, ""4"": 91}",False,15.0,-23.0,1.0,3.0,3.0,0.0075,675.0,171.375,653.375,15.0,26.0,66.0,242.0,304.375,1784.0,668.375,4.0,17.0,68.0,1.0,1.0,2.0,6.0,7.0,1.0,0.0,0.0,16.0,16.0,0.2,0.19047619047619047,0.0064,0.0064,0.05,0.22727272727272727,0.7727272727272727,0.375,1.0,1.0,0.31666666666666665,0.4894736842105264,0.0
20260629_152656_9d451bbc,20260629_152656_9d451bbc_g0001,1,434760569,2,24,24,24,1,1,RED,pool_heuristic,0,3.0,[3],0,74,3,"{""1"": 74, ""2"": 74, ""3"": 98, ""4"": 91}",False,18.0,-34.0,1.0,1.0,6.0,0.015,276.0,91.125,301.25,17.0,18.0,41.25,127.5,97.5,1258.0,319.25,6.0,15.0,58.0,1.0,1.0,2.0,6.0,5.0,1.0,0.0,1.0,24.0,24.0,0.3,0.2857142857142857,0.0096,0.0096,0.075,0.3409090909090909,0.6590909090909091,0.45,1.0,1.0,0.4333333333333333,0.5333333333333333,0.0
20260629_152656_9d451bbc,20260629_152656_9d451bbc_g0001,1,434760569,2,24,24,24,1,2,BLUE,pool_l45_100ms,1,3.0,[3],0,74,3,"{""1"": 74, ""2"": 74, ""3"": 98, ""4"": 91}",False,13.0,-44.0,6.0,1.0,6.0,0.015,186.0,55.0,169.75,13.0,13.0,24.0,71.0,48.75,1348.0,182.75,6.0,15.0,58.0,1.0,1.0,2.0,6.0,5.0,0.0,0.0,0.0,24.0,24.0,0.3,0.2857142857142857,0.0096,0.0096,0.075,0.3409090909090909,0.6590909090909091,0.325,1.0,1.0,0.475,0.38596491228070173,0.0
20260629_152656_9d451bbc,20260629_152656_9d451bbc_g0001,1,434760569,2,24,24,24,1,3,YELLOW,pool_peer_500ms,2,3.0,[3],1,98,1,"{""1"": 74, ""2"": 74, ""3"": 98, ""4"": 91}",False,18.0,-34.0,0.0,12.0,6.0,0.015,496.0,138.875,492.875,17.0,25.0,63.75,214.0,173.125,1038.0,510.875,6.0,15.0,58.0,1.0,1.0,2.0,6.0,5.0,0.0,0.0,0.0,24.0,24.0,0.3,0.2857142857142857,0.0096,0.0096,0.075,0.3409090909090909,0.6590909090909091,0.45,1.0,1.0,0.4333333333333333,0.5877192982456141,0.0
20260629_152656_9d451bbc,20260629_152656_9d451bbc_g0001,1,434760569,2,24,24,24,1,4,GREEN,champ_v3,3,3.0,[3],0,91,2,"{""1"": 74, ""2"": 74, ""3"": 98, ""4"": 91}",False,21.0,-28.0,0.0,12.0,6.0,0.015,576.0,159.25,567.375,19.0,30.0,70.5,243.5,204.375,958.0,588.375,6.0,15.0,58.0,1.0,1.0,2.0,6.0,5.0,1.0,0.0,0.0,24.0,24.0,0.3,0.2857142857142857,0.0096,0.0096,0.075,0.3409090909090909,0.6590909090909091,0.525,1.0,1.0,0.4083333333333333,0.5894736842105264,0.0
20260629_152656_9d451bbc,20260629_152656_9d451bbc_g0001,1,434760569,3,32,32,32,1,1,RED,pool_heuristic,0,3.0,[3],0,74,3,"{""1"": 74, ""2"": 74, ""3"": 98, ""4"": 91}",False,21.0,-40.0,1.0,9.0,14.0,0.035,176.0,67.375,195.25,18.0,16.0,33.75,92.5,35.0,552.0,216.25,8.0,13.0,48.0,1.0,1.0,2.0,6.0,3.0,1.0,0.0,1.0,32.0,32.0,0.3975,0.38095238095238093,0.0128,0.0128,0.1,0.45454545454545453,0.5454545454545454,0.525,1.0,1.0,0.5083333333333333,0.5328947368421053,0.0
20260629_152656_9d451bbc,20260629_152656_9d451bbc_g0001,1,434760569,3,32,32,32,1,2,BLUE,pool_l45_100ms,1,3.0,[3],0,74,3,"{""1"": 74, ""2"": 74, ""3"": 98, ""4"": 91}",False,17.0,-48.0,6.0,5.0,14.0,0.035,70.0,33.5,71.5,16.0,11.0,13.5,26.0,5.0,658.0,88.5,8.0,13.0,48.0,1.0,1.0,2.0,6.0,3.0,0.0,0.0,0.0,32.0,32.0,0.3975,0.38095238095238093,0.0128,0.0128,0.1,0.45454545454545453,0.5454545454545454,0.425,1.0,1.0,0.5416666666666667,0.4078947368421053,0.0
20260629_152656_9d451bbc,20260629_152656_9d451bbc_g0001,1,434760569,3,32,32,32,1,3,YELLOW,pool_peer_500ms,2,3.0,[3],1,98,1,"{""1"": 74, ""2"": 74, ""3"": 98, ""4"": 91}",False,21.0,-40.0,0.0,17.0,14.0,0.035,233.0,83.25,258.0,17.0,19.0,43.5,131.0,47.5,495.0,279.0,8.0,13.0,48.0,1.0,1.0,2.0,6.0,3.0,0.0,0.0,0.0,32.0,32.0,0.3975,0.38095238095238093,0.0128,0.0128,0.1,0.45454545454545453,0.5454545454545454,0.525,1.0,1.0,0.5083333333333333,0.575,0.0
20260629_152656_9d451bbc,20260629_152656_9d451bbc_g0001,1,434760569,3,32,32,32,1,4,GREEN,champ_v3,3,3.0,[3],0,91,2,"{""1"": 74, ""2"": 74, ""3"": 98, ""4"": 91}",False,23.0,-36.0,0.0,23.0,14.0,0.035,249.0,80.25,254.25,16.0,20.0,41.25,102.0,75.0,479.0,277.25,8.0,13.0,49.0,1.0,1.0,2.0,5.0,4.0,1.0,0.0,0.0,32.0,32.0,0.3975,0.38095238095238093,0.0128,0.0128,0.0975,0.4431818181818182,0.5568181818181818,0.575,1.0,1.0,0.4916666666666667,0.6207827260458839,0.0
20260629_152656_9d451bbc,20260629_152656_9d451bbc_g0001,1,434760569,4,40,40,40,1,1,RED,pool_heuristic,0,3.0,[3],0,74,3,"{""1"": 74, ""2"": 74, ""3"": 98, ""4"": 91}",False,20.0,-49.0,1.0,18.0,16.0,0.04,26.0,18.25,25.75,14.0,4.0,3.75,4.0,0.0,304.0,45.75,10.0,11.0,38.0,1.0,1.0,2.0,6.0,1.0,1.0,0.0,0.0,40.0,40.0,0.49,0.47619047619047616,0.016,0.016,0.125,0.5681818181818182,0.4318181818181818,0.5,0.9166666666666666,1.0,0.575,0.5105263157894737,0.0
20260629_152656_9d451bbc,20260629_152656_9d451bbc_g0001,1,434760569,4,40,40,40,1,2,BLUE,pool_l45_100ms,1,3.0,[3],0,74,3,"{""1"": 74, ""2"": 74, ""3"": 98, ""4"": 91}",False,19.0,-51.0,6.0,7.0,16.0,0.04,77.0,38.25,80.0,18.0,14.0,15.0,33.0,0.0,253.0,99.0,10.0,11.0,38.0,1.0,1.0,2.0,6.0,1.0,0.0,0.0,0.0,40.0,40.0,0.49,0.47619047619047616,0.016,0.016,0.125,0.5681818181818182,0.4318181818181818,0.475,1.0,1.0,0.5833333333333333,0.40210526315789474,0.0
20260629_152656_9d451bbc,20260629_152656_9d451bbc_g0001,1,434760569,4,40,40,40,1,3,YELLOW,pool_peer_500ms,2,3.0,[3],1,98,1,"{""1"": 74, ""2"": 74, ""3"": 98, ""4"": 91}",False,24.0,-41.0,0.0,28.0,16.0,0.04,92.0,42.875,102.25,17.0,13.0,23.25,36.5,12.5,238.0,126.25,10.0,11.0,40.0,1.0,1.0,2.0,4.0,3.0,0.0,0.0,0.0,40.0,40.0,0.49,0.47619047619047616,0.016,0.016,0.12,0.5454545454545454,0.45454545454545453,0.6,1.0,1.0,0.5416666666666667,0.6030701754385965,0.0
20260629_152656_9d451bbc,20260629_152656_9d451bbc_g0001,1,434760569,4,40,40,40,1,4,GREEN,champ_v3,3,3.0,[3],0,91,2,"{""1"": 74, ""2"": 74, ""3"": 98, ""4"": 91}",False,26.0,-37.0,0.0,26.0,16.0,0.04,135.0,52.375,134.875,18.0,16.0,31.5,40.0,29.375,195.0,160.875,10.0,11.0,40.0,1.0,1.0,2.0,4.0,3.0,1.0,0.0,0.0,40.0,40.0,0.49,0.47619047619047616,0.016,0.016,0.12,0.5454545454545454,0.45454545454545453,0.65,1.0,1.0,0.525,0.5932017543859649,0.0
20260629_152656_9d451bbc,20260629_152656_9d451bbc_g0001,1,434760569,5,48,48,48,1,1,RED,pool_heuristic,0,3.0,[3],0,74,3,"{""1"": 74, ""2"": 74, ""3"": 98, ""4"": 91}",False,19.0,-47.0,1.0,30.0,24.0,0.06,14.0,12.5,14.5,11.0,2.0,1.5,0.0,0.0,116.0,33.5,12.0,9.0,30.0,1.0,1.0,2.0,4.0,1.0,1.0,0.0,0.0,48.0,48.0,0.575,0.5714285714285714,0.0192,0.0192,0.145,0.6590909090909091,0.3409090909090909,0.475,0.8166666666666667,1.0,0.55,0.4882032667876588,0.0
20260629_152656_9d451bbc,20260629_152656_9d451bbc_g0001,1,434760569,5,48,48,48,1,2,BLUE,pool_l45_100ms,1,3.0,[3],0,74,3,"{""1"": 74, ""2"": 74, ""3"": 98, ""4"": 91}",False,17.0,-51.0,6.0,16.0,24.0,0.06,32.0,22.125,31.0,16.0,8.0,4.5,2.5,0.0,98.0,48.0,12.0,9.0,30.0,1.0,1.0,2.0,4.0,1.0,0.0,0.0,0.0,48.0,48.0,0.575,0.5714285714285714,0.0192,0.0192,0.145,0.6590909090909091,0.3409090909090909,0.425,1.0,1.0,0.5666666666666667,0.38656987295825773,0.0
20260629_152656_9d451bbc,20260629_152656_9d451bbc_g0001,1,434760569,5,48,48,48,1,3,YELLOW,pool_peer_500ms,2,3.0,[3],1,98,1,"{""1"": 74, ""2"": 74, ""3"": 98, ""4"": 91}",False,25.0,-35.0,0.0,33.0,24.0,0.06,57.0,32.125,59.75,18.0,10.0,15.0,15.5,1.25,73.0,84.75,12.0,9.0,30.0,1.0,1.0,2.0,4.0,1.0,0.0,0.0,0.0,48.0,48.0,0.575,0.5714285714285714,0.0192,0.0192,0.145,0.6590909090909091,0.3409090909090909,0.625,1.0,1.0,0.5,0.5689655172413792,0.0
20260629_152656_9d451bbc,20260629_152656_9d451bbc_g0001,1,434760569,5,48,48,48,1,4,GREEN,champ_v3,3,3.0,[3],0,91,2,"{""1"": 74, ""2"": 74, ""3"": 98, ""4"": 91}",False,24.0,-37.0,0.0,40.0,24.0,0.06,27.0,18.875,33.0,12.0,6.0,4.5,5.5,5.0,103.0,57.0,12.0,9.0,32.0,1.0,1.0,1.0,4.0,2.0,1.0,0.0,0.0,48.0,48.0,0.575,0.5714285714285714,0.0192,0.0192,0.14,0.6363636363636364,0.36363636363636365,0.6,1.0,1.0,0.5083333333333333,0.5968045112781954,0.0
20260629_152656_9d451bbc,20260629_152656_9d451bbc_g0001,1,434760569,6,56,56,56,1,1,RED,pool_heuristic,0,3.0,[3],0,74,3,"{""1"": 74, ""2"": 74, ""3"": 98, ""4"": 91}",False,18.0,-46.0,1.0,36.0,42.0,0.105,8.0,8.0,8.0,8.0,0.0,0.0,0.0,0.0,63.0,26.0,14.0,7.0,24.0,1.0,0.0,2.0,3.0,1.0,1.0,0.0,0.0,56.0,56.0,0.6525,0.6666666666666666,0.0224,0.0224,0.16,0.7272727272727273,0.2727272727272727,0.45,0.45,1.0,0.5333333333333333,0.4794407894736842,0.0
20260629_152656_9d451bbc,20260629_152656_9d451bbc_g0001,1,434760569,6,56,56,56,1,2,BLUE,pool_l45_100ms,1,3.0,[3],0,74,3,"{""1"": 74, ""2"": 74, ""3"": 98, ""4"": 91}",False,14.0,-54.0,6.0,30.0,42.0,0.105,12.0,10.5,12.0,9.0,3.0,0.0,0.0,0.0,59.0,26.0,14.0,7.0,22.0,1.0,1.0,2.0,2.0,1.0,0.0,0.0,0.0,56.0,56.0,0.6525,0.6666666666666666,0.0224,0.0224,0.165,0.75,0.25,0.35,0.5166666666666667,1.0,0.5666666666666667,0.35964912280701755,0.0
20260629_152656_9d451bbc,20260629_152656_9d451bbc_g0001,1,434760569,6,56,56,56,1,3,YELLOW,pool_peer_500ms,2,3.0,[3],1,98,1,"{""1"": 74, ""2"": 74, ""3"": 98, ""4"": 91}",False,26.0,-30.0,0.0,48.0,42.0,0.105,29.0,21.5,30.0,16.0,6.0,6.0,2.0,0.0,42.0,56.0,14.0,7.0,22.0,1.0,1.0,2.0,2.0,1.0,0.0,0.0,0.0,56.0,56.0,0.6525,0.6666666666666666,0.0224,0.0224,0.165,0.75,0.25,0.65,0.8333333333333334,1.0,0.4666666666666667,0.5669856459330144,0.0
20260629_152656_9d451bbc,20260629_152656_9d451bbc_g0001,1,434760569,6,56,56,56,1,4,GREEN,champ_v3,3,3.0,[3],0,91,2,"{""1"": 74, ""2"": 74, ""3"": 98, ""4"": 91}",False,24.0,-34.0,0.0,48.0,42.0,0.105,22.0,17.0,24.5,12.0,6.0,4.5,2.0,0.0,49.0,48.5,14.0,7.0,23.0,1.0,1.0,1.0,3.0,1.0,1.0,0.0,0.0,56.0,56.0,0.6525,0.6666666666666666,0.0224,0.0224,0.1625,0.7386363636363636,0.26136363636363635,0.6,0.9833333333333333,1.0,0.4833333333333333,0.5878542510121458,0.0
20260629_152656_9d451bbc,20260629_152656_9d451bbc_g0001,1,434760569,7,64,64,67,4,1,RED,pool_heuristic,0,3.0,[3],0,74,3,"{""1"": 74, ""2"": 74, ""3"": 98, ""4"": 91}",False,17.0,-39.0,1.0,38.0,43.0,0.1075,0.0,0.0,0.0,0.0,0.0,0.0,0.0,0.0,20.0,17.0,15.0,6.0,23.0,0.0,0.0,2.0,3.0,1.0,1.0,0.0,0.0,64.0,67.0,0.6975,0.7142857142857143,0.0268,0.0256,0.1625,0.7386363636363636,0.26136363636363635,0.425,0.4166666666666667,1.0,0.4666666666666667,0.4817813765182186,0.0
20260629_152656_9d451bbc,20260629_152656_9d451bbc_g0001,1,434760569,7,64,64,67,4,2,BLUE,pool_l45_100ms,1,3.0,[3],0,74,3,"{""1"": 74, ""2"": 74, ""3"": 98, ""4"": 91}",False,11.0,-51.0,6.0,37.0,43.0,0.1075,0.0,0.0,0.0,0.0,0.0,0.0,0.0,0.0,20.0,11.0,16.0,5.0,19.0,0.0,0.0,2.0,2.0,1.0,0.0,0.0,0.0,64.0,67.0,0.6975,0.7619047619047619,0.0268,0.0256,0.1725,0.7840909090909091,0.2159090909090909,0.275,0.3,1.0,0.5166666666666667,0.3600305110602594,0.0
20260629_152656_9d451bbc,20260629_152656_9d451bbc_g0001,1,434760569,7,64,64,67,4,3,YELLOW,pool_peer_500ms,2,3.0,[3],1,98,1,"{""1"": 74, ""2"": 74, ""3"": 98, ""4"": 91}",False,24.0,-25.0,0.0,57.0,43.0,0.1075,10.0,4.5,11.0,0.0,6.0,3.0,2.0,0.0,10.0,35.0,17.0,4.0,14.0,0.0,1.0,1.0,1.0,1.0,0.0,0.0,0.0,64.0,67.0,0.6975,0.8095238095238095,0.0268,0.0256,0.185,0.8409090909090909,0.1590909090909091,0.6,0.7166666666666667,1.0,0.4083333333333333,0.5455192034139402,0.0
20260629_152656_9d451bbc,20260629_152656_9d451bbc_g0001,1,434760569,7,64,64,67,4,4,GREEN,champ_v3,3,3.0,[3],0,91,2,"{""1"": 74, ""2"": 74, ""3"": 98, ""4"": 91}",False,21.0,-31.0,0.0,55.0,43.0,0.1075,10.0,10.0,10.0,10.0,0.0,0.0,0.0,0.0,10.0,31.0,16.0,5.0,17.0,1.0,0.0,1.0,2.0,1.0,1.0,0.0,0.0,64.0,67.0,0.6975,0.7619047619047619,0.0268,0.0256,0.1775,0.8068181818181818,0.19318181818181818,0.525,0.6666666666666666,1.0,0.4333333333333333,0.5678280207561157,0.0
20260629_152656_9d451bbc,20260629_152656_9d451bbc_g0002,2,1310676468,0,8,8,8,1,1,RED,pool_l45_100ms,0,3.0,[3],0,83,3,"{""1"": 83, ""2"": 92, ""3"": 100, ""4"": 69}",False,6.0,-17.0,9.0,0.0,1.0,0.0025,388.0,90.5,366.25,6.0,10.0,28.5,113.0,208.75,1427.0,372.25,2.0,19.0,78.0,1.0,1.0,2.0,6.0,9.0,1.0,1.0,0.0,8.0,8.0,0.1,0.09523809523809523,0.0032,0.0032,0.025,0.11363636363636363,0.8863636363636364,0.15,1.0,1.0,0.19166666666666668,0.20526315789473681,0.0
20260629_152656_9d451bbc,20260629_152656_9d451bbc_g0002,2,1310676468,0,8,8,8,1,2,BLUE,pool_peer_500ms,1,3.0,[3],0,92,2,"{""1"": 83, ""2"": 92, ""3"": 100, ""4"": 69}",False,9.0,-11.0,9.0,0.0,1.0,0.0025,543.0,122.625,488.75,9.0,15.0,41.25,153.5,270.0,1272.0,497.75,2.0,19.0,78.0,1.0,1.0,2.0,6.0,9.0,1.0,0.0,0.0,8.0,8.0,0.1,0.09523809523809523,0.0032,0.0032,0.025,0.11363636363636363,0.8863636363636364,0.225,1.0,1.0,0.16666666666666669,0.23684210526315785,0.0
20260629_152656_9d451bbc,20260629_152656_9d451bbc_g0002,2,1310676468,0,8,8,8,1,3,YELLOW,champ_v3,2,3.0,[3],1,100,1,"{""1"": 83, ""2"": 92, ""3"": 100, ""4"": 69}",False,9.0,-11.0,9.0,0.0,1.0,0.0025,543.0,122.625,488.75,9.0,15.0,41.25,153.5,270.0,1272.0,497.75,2.0,19.0,78.0,1.0,1.0,2.0,6.0,9.0,1.0,0.0,0.0,8.0,8.0,0.1,0.09523809523809523,0.0032,0.0032,0.025,0.11363636363636363,0.8863636363636364,0.225,1.0,1.0,0.16666666666666669,0.23684210526315785,0.0
20260629_152656_9d451bbc,20260629_152656_9d451bbc_g0002,2,1310676468,0,8,8,8,1,4,GREEN,pool_heuristic,3,3.0,[3],0,69,4,"{""1"": 83, ""2"": 92, ""3"": 100, ""4"": 69}",False,5.0,-19.0,9.0,0.0,1.0,0.0025,341.0,85.5,349.75,5.0,9.0,26.25,107.0,202.5,1474.0,354.75,2.0,19.0,78.0,1.0,1.0,2.0,6.0,9.0,1.0,1.0,1.0,8.0,8.0,0.1,0.09523809523809523,0.0032,0.0032,0.025,0.11363636363636363,0.8863636363636364,0.125,1.0,1.0,0.2,0.25263157894736843,0.0
20260629_152656_9d451bbc,20260629_152656_9d451bbc_g0002,2,1310676468,1,16,16,16,1,1,RED,pool_l45_100ms,0,3.0,[3],0,83,3,"{""1"": 83, ""2"": 92, ""3"": 100, ""4"": 69}",False,10.0,-33.0,7.0,0.0,1.0,0.0025,430.0,102.625,386.75,10.0,16.0,39.0,145.5,176.25,1956.0,396.75,4.0,17.0,68.0,1.0,1.0,2.0,6.0,7.0,1.0,0.0,0.0,16.0,16.0,0.2,0.19047619047619047,0.0064,0.0064,0.05,0.22727272727272727,0.7727272727272727,0.25,1.0,1.0,0.35833333333333334,0.3236842105263158,0.0
20260629_152656_9d451bbc,20260629_152656_9d451bbc_g0002,2,1310676468,1,16,16,16,1,2,BLUE,pool_peer_500ms,1,3.0,[3],0,92,2,"{""1"": 83, ""2"": 92, ""3"": 100, ""4"": 69}",False,16.0,-21.0,0.0,2.0,1.0,0.0025,719.0,179.25,696.25,14.0,24.0,67.5,252.0,338.75,1667.0,712.25,4.0,17.0,68.0,1.0,1.0,2.0,6.0,7.0,1.0,0.0,0.0,16.0,16.0,0.2,0.19047619047619047,0.0064,0.0064,0.05,0.22727272727272727,0.7727272727272727,0.4,1.0,1.0,0.30833333333333335,0.49473684210526314,0.0
20260629_152656_9d451bbc,20260629_152656_9d451bbc_g0002,2,1310676468,1,16,16,16,1,3,YELLOW,champ_v3,2,3.0,[3],1,100,1,"{""1"": 83, ""2"": 92, ""3"": 100, ""4"": 69}",False,15.0,-23.0,1.0,2.0,1.0,0.0025,715.0,180.75,693.75,15.0,26.0,71.25,254.0,327.5,1671.0,708.75,4.0,17.0,68.0,1.0,1.0,2.0,6.0,7.0,1.0,0.0,0.0,16.0,16.0,0.2,0.19047619047619047,0.0064,0.0064,0.05,0.22727272727272727,0.7727272727272727,0.375,1.0,1.0,0.31666666666666665,0.4894736842105264,0.0
20260629_152656_9d451bbc,20260629_152656_9d451bbc_g0002,2,1310676468,1,16,16,16,1,4,GREEN,pool_heuristic,3,3.0,[3],0,69,4,"{""1"": 83, ""2"": 92, ""3"": 100, ""4"": 69}",False,12.0,-29.0,3.0,0.0,1.0,0.0025,522.0,144.0,558.75,12.0,19.0,52.5,199.0,276.25,1864.0,570.75,4.0,17.0,68.0,1.0,1.0,2.0,6.0,7.0,1.0,1.0,1.0,16.0,16.0,0.2,0.19047619047619047,0.0064,0.0064,0.05,0.22727272727272727,0.7727272727272727,0.3,1.0,1.0,0.3416666666666667,0.47631578947368425,0.0
20260629_152656_9d451bbc,20260629_152656_9d451bbc_g0002,2,1310676468,2,24,24,24,1,1,RED,pool_l45_100ms,0,3.0,[3],0,83,3,"{""1"": 83, ""2"": 92, ""3"": 100, ""4"": 69}",False,14.0,-40.0,6.0,2.0,7.0,0.0175,205.0,62.125,192.375,13.0,17.0,30.75,81.0,50.625,1101.0,206.375,6.0,15.0,58.0,1.0,1.0,2.0,6.0,5.0,0.0,0.0,0.0,24.0,24.0,0.3,0.2857142857142857,0.0096,0.0096,0.075,0.3409090909090909,0.6590909090909091,0.35,1.0,1.0,0.45,0.4017543859649123,0.0
20260629_152656_9d451bbc,20260629_152656_9d451bbc_g0002,2,1310676468,2,24,24,24,1,2,BLUE,pool_peer_500ms,1,3.0,[3],0,92,2,"{""1"": 83, ""2"": 92, ""3"": 100, ""4"": 69}",False,19.0,-30.0,0.0,11.0,7.0,0.0175,371.0,108.25,368.625,16.0,23.0,51.0,160.5,118.125,935.0,387.625,6.0,15.0,58.0,1.0,1.0,2.0,6.0,5.0,1.0,0.0,0.0,24.0,24.0,0.3,0.2857142857142857,0.0096,0.0096,0.075,0.3409090909090909,0.6590909090909091,0.475,1.0,1.0,0.4083333333333333,0.5736842105263158,0.0
20260629_152656_9d451bbc,20260629_152656_9d451bbc_g0002,2,1310676468,2,24,24,24,1,3,YELLOW,champ_v3,2,3.0,[3],1,100,1,"{""1"": 83, ""2"": 92, ""3"": 100, ""4"": 69}",False,21.0,-26.0,1.0,9.0,7.0,0.0175,596.0,166.125,590.25,21.0,29.0,74.25,253.5,212.5,710.0,611.25,6.0,15.0,58.0,1.0,1.0,2.0,6.0,5.0,1.0,0.0,0.0,24.0,24.0,0.3,0.2857142857142857,0.0096,0.0096,0.075,0.3409090909090909,0.6590909090909091,0.525,1.0,1.0,0.39166666666666666,0.5736842105263158,0.0
20260629_152656_9d451bbc,20260629_152656_9d451bbc_g0002,2,1310676468,2,24,24,24,1,4,GREEN,pool_heuristic,3,3.0,[3],0,69,4,"{""1"": 83, ""2"": 92, ""3"": 100, ""4"": 69}",False,14.0,-40.0,3.0,5.0,7.0,0.0175,134.0,49.75,149.125,13.0,11.0,23.25,62.5,39.375,1172.0,163.125,6.0,15.0,58.0,1.0,1.0,2.0,6.0,5.0,1.0,1.0,1.0,24.0,24.0,0.3,0.2857142857142857,0.0096,0.0096,0.075,0.3409090909090909,0.6590909090909091,0.35,1.0,1.0,0.45,0.48070175438596485,0.0
20260629_152656_9d451bbc,20260629_152656_9d451bbc_g0002,2,1310676468,3,32,32,32,1,1,RED,pool_l45_100ms,0,3.0,[3],0,83,3,"{""1"": 83, ""2"": 92, ""3"": 100, ""4"": 69}",False,15.0,-53.0,3.0,7.0,8.0,0.02,93.0,38.5,94.0,14.0,14.0,18.75,36.0,11.25,869.0,109.0,8.0,13.0,48.0,1.0,1.0,2.0,6.0,3.0,0.0,0.0,0.0,32.0,32.0,0.395,0.38095238095238093,0.0128,0.0128,0.1,0.45454545454545453,0.5454545454545454,0.375,1.0,1.0,0.5666666666666667,0.4407894736842105,0.0
20260629_152656_9d451bbc,20260629_152656_9d451bbc_g0002,2,1310676468,3,32,32,32,1,2,BLUE,pool_peer_500ms,1,3.0,[3],0,92,2,"{""1"": 83, ""2"": 92, ""3"": 100, ""4"": 69}",False,23.0,-37.0,0.0,22.0,8.0,0.02,289.0,86.25,277.125,17.0,19.0,45.0,110.5,85.625,673.0,300.125,8.0,13.0,49.0,1.0,1.0,2.0,5.0,4.0,1.0,0.0,0.0,32.0,32.0,0.395,0.38095238095238093,0.0128,0.0128,0.0975,0.4431818181818182,0.5568181818181818,0.575,1.0,1.0,0.5,0.6167341430499325,0.0
20260629_152656_9d451bbc,20260629_152656_9d451bbc_g0002,2,1310676468,3,32,32,32,1,3,YELLOW,champ_v3,2,3.0,[3],1,100,1,"{""1"": 83, ""2"": 92, ""3"": 100, ""4"": 69}",False,27.0,-29.0,1.0,19.0,8.0,0.02,442.0,139.125,458.25,24.0,31.0,72.0,187.5,143.75,520.0,485.25,8.0,13.0,49.0,1.0,1.0,2.0,5.0,4.0,1.0,0.0,0.0,32.0,32.0,0.395,0.38095238095238093,0.0128,0.0128,0.0975,0.4431818181818182,0.5568181818181818,0.675,1.0,1.0,0.4666666666666667,0.5492577597840755,0.0
20260629_152656_9d451bbc,20260629_152656_9d451bbc_g0002,2,1310676468,3,32,32,32,1,4,GREEN,pool_heuristic,3,3.0,[3],0,69,4,"{""1"": 83, ""2"": 92, ""3"": 100, ""4"": 69}",False,18.0,-47.0,3.0,7.0,8.0,0.02,138.0,52.75,144.75,17.0,12.0,24.75,66.0,25.0,824.0,162.75,8.0,13.0,48.0,1.0,1.0,2.0,6.0,3.0,1.0,0.0,0.0,32.0,32.0,0.395,0.38095238095238093,0.0128,0.0128,0.1,0.45454545454545453,0.5454545454545454,0.45,1.0,1.0,0.5416666666666667,0.48289473684210527,0.0
20260629_152656_9d451bbc,20260629_152656_9d451bbc_g0002,2,1310676468,4,40,40,40,1,1,RED,pool_l45_100ms,0,3.0,[3],0,83,3,"{""1"": 83, ""2"": 92, ""3"": 100, ""4"": 69}",False,12.0,-60.0,3.0,16.0,18.0,0.045,35.0,18.25,36.5,9.0,7.0,7.5,13.0,0.0,556.0,48.5,10.0,11.0,38.0,1.0,1.0,2.0,6.0,1.0,0.0,0.0,0.0,40.0,40.0,0.485,0.47619047619047616,0.016,0.016,0.125,0.5681818181818182,0.4318181818181818,0.3,0.8833333333333333,1.0,0.6,0.44105263157894736,0.0
20260629_152656_9d451bbc,20260629_152656_9d451bbc_g0002,2,1310676468,4,40,40,40,1,2,BLUE,pool_peer_500ms,1,3.0,[3],0,92,2,"{""1"": 83, ""2"": 92, ""3"": 100, ""4"": 69}",False,27.0,-30.0,0.0,34.0,18.0,0.045,247.0,78.625,233.0,19.0,20.0,48.0,88.5,57.5,344.0,260.0,10.0,11.0,40.0,1.0,1.0,2.0,4.0,3.0,0.0,0.0,0.0,40.0,40.0,0.485,0.47619047619047616,0.016,0.016,0.12,0.5454545454545454,0.45454545454545453,0.675,1.0,1.0,0.475,0.6074561403508771,0.0
20260629_152656_9d451bbc,20260629_152656_9d451bbc_g0002,2,1310676468,4,40,40,40,1,3,YELLOW,champ_v3,2,3.0,[3],1,100,1,"{""1"": 83, ""2"": 92, ""3"": 100, ""4"": 69}",False,27.0,-30.0,0.0,31.0,18.0,0.045,273.0,99.625,316.75,22.0,25.0,27.0,151.5,91.25,318.0,343.75,10.0,11.0,41.0,1.0,1.0,1.0,5.0,3.0,1.0,0.0,0.0,40.0,40.0,0.485,0.47619047619047616,0.016,0.016,0.1175,0.5340909090909091,0.4659090909090909,0.675,1.0,1.0,0.475,0.6013437849944009,0.0
20260629_152656_9d451bbc,20260629_152656_9d451bbc_g0002,2,1310676468,4,40,40,40,1,4,GREEN,pool_heuristic,3,3.0,[3],0,69,4,"{""1"": 83, ""2"": 92, ""3"": 100, ""4"": 69}",False,18.0,-48.0,3.0,15.0,18.0,0.045,36.0,22.75,43.25,14.0,5.0,6.75,10.0,7.5,555.0,61.25,10.0,11.0,39.0,1.0,1.0,2.0,5.0,2.0,1.0,0.0,0.0,40.0,40.0,0.485,0.47619047619047616,0.016,0.016,0.1225,0.5568181818181818,0.4431818181818182,0.45,1.0,1.0,0.55,0.4736842105263158,0.0
20260629_152656_9d451bbc,20260629_152656_9d451bbc_g0002,2,1310676468,5,48,48,48,1,1,RED,pool_l45_100ms,0,3.0,[3],0,83,3,"{""1"": 83, ""2"": 92, ""3"": 100, ""4"": 69}",False,14.0,-64.0,3.0,27.0,24.0,0.06,41.0,21.375,43.75,11.0,6.0,8.25,18.5,0.0,279.0,57.75,12.0,9.0,29.0,1.0,1.0,2.0,5.0,0.0,0.0,0.0,0.0,48.0,48.0,0.57,0.5714285714285714,0.0192,0.0192,0.1475,0.6704545454545454,0.32954545454545453,0.35,1.0,0.8,0.65,0.4103479036574488,0.0
20260629_152656_9d451bbc,20260629_152656_9d451bbc_g0002,2,1310676468,5,48,48,48,1,2,BLUE,pool_peer_500ms,1,3.0,[3],0,92,2,"{""1"": 83, ""2"": 92, ""3"": 100, ""4"": 69}",False,31.0,-30.0,0.0,47.0,24.0,0.06,136.0,54.125,137.125,19.0,15.0,35.25,46.0,21.875,184.0,168.125,12.0,9.0,31.0,1.0,1.0,2.0,3.0,2.0,0.0,0.0,0.0,48.0,48.0,0.57,0.5714285714285714,0.0192,0.0192,0.1425,0.6477272727272727,0.3522727272727273,0.775,1.0,1.0,0.5083333333333333,0.5891043397968605,0.0
20260629_152656_9d451bbc,20260629_152656_9d451bbc_g0002,2,1310676468,5,48,48,48,1,3,YELLOW,champ_v3,2,3.0,[3],1,100,1,"{""1"": 83, ""2"": 92, ""3"": 100, ""4"": 69}",False,27.0,-38.0,0.0,38.0,24.0,0.06,114.0,46.75,112.5,21.0,15.0,0.0,59.0,17.5,206.0,139.5,12.0,9.0,33.0,1.0,1.0,0.0,5.0,2.0,0.0,0.0,0.0,48.0,48.0,0.57,0.5714285714285714,0.0192,0.0192,0.1375,0.625,0.375,0.675,1.0,1.0,0.5416666666666667,0.6009569377990431,0.0
20260629_152656_9d451bbc,20260629_152656_9d451bbc_g0002,2,1310676468,5,48,48,48,1,4,GREEN,pool_heuristic,3,3.0,[3],0,69,4,"{""1"": 83, ""2"": 92, ""3"": 100, ""4"": 69}",False,20.0,-52.0,3.0,23.0,24.0,0.06,29.0,21.625,34.0,16.0,4.0,4.5,4.5,5.0,291.0,54.0,12.0,9.0,31.0,1.0,1.0,2.0,3.0,2.0,1.0,0.0,0.0,48.0,48.0,0.57,0.5714285714285714,0.0192,0.0192,0.1425,0.6477272727272727,0.3522727272727273,0.5,0.7666666666666667,1.0,0.6,0.45060018467220686,0.0
20260629_152656_9d451bbc,20260629_152656_9d451bbc_g0002,2,1310676468,6,56,56,56,1,1,RED,pool_l45_100ms,0,3.0,[3],0,83,3,"{""1"": 83, ""2"": 92, ""3"": 100, ""4"": 69}",False,15.0,-64.0,3.0,32.0,30.0,0.075,14.0,12.0,15.5,10.0,2.0,1.5,2.0,0.0,73.0,30.5,14.0,7.0,21.0,1.0,1.0,2.0,3.0,0.0,0.0,0.0,0.0,56.0,56.0,0.645,0.6666666666666666,0.0224,0.0224,0.1675,0.7613636363636364,0.23863636363636365,0.375,0.9,0.8,0.6583333333333333,0.41005498821681063,0.0
20260629_152656_9d451bbc,20260629_152656_9d451bbc_g0002,2,1310676468,6,56,56,56,1,2,BLUE,pool_peer_500ms,1,3.0,[3],0,92,2,"{""1"": 83, ""2"": 92, ""3"": 100, ""4"": 69}",False,35.0,-24.0,0.0,55.0,30.0,0.075,41.0,28.5,43.0,20.0,8.0,10.5,2.0,2.5,46.0,78.0,14.0,7.0,22.0,1.0,1.0,2.0,2.0,1.0,0.0,0.0,0.0,56.0,56.0,0.645,0.6666666666666666,0.0224,0.0224,0.165,0.75,0.25,0.875,1.0,1.0,0.4916666666666667,0.5645933014354066,0.0
20260629_152656_9d451bbc,20260629_152656_9d451bbc_g0002,2,1310676468,6,56,56,56,1,3,YELLOW,champ_v3,2,3.0,[3],1,100,1,"{""1"": 83, ""2"": 92, ""3"": 100, ""4"": 69}",False,27.0,-40.0,0.0,49.0,30.0,0.075,31.0,24.25,32.25,19.0,8.0,0.0,4.0,1.25,56.0,59.25,14.0,7.0,25.0,1.0,1.0,0.0,3.0,2.0,0.0,0.0,0.0,56.0,56.0,0.645,0.6666666666666666,0.0224,0.0224,0.1575,0.7159090909090909,0.2840909090909091,0.675,0.8666666666666667,1.0,0.5583333333333333,0.5730994152046784,0.0
20260629_152656_9d451bbc,20260629_152656_9d451bbc_g0002,2,1310676468,6,56,56,56,1,4,GREEN,pool_heuristic,3,3.0,[3],0,69,4,"{""1"": 83, ""2"": 92, ""3"": 100, ""4"": 69}",False,17.0,-60.0,3.0,27.0,30.0,0.075,1.0,0.5,1.0,0.0,1.0,0.0,0.0,0.0,86.0,18.0,14.0,7.0,26.0,0.0,1.0,2.0,2.0,2.0,1.0,0.0,0.0,56.0,56.0,0.645,0.6666666666666666,0.0224,0.0224,0.155,0.7045454545454546,0.29545454545454547,0.425,0.5333333333333333,1.0,0.6416666666666667,0.4439728353140917,0.0
20260629_152656_9d451bbc,20260629_152656_9d451bbc_g0002,2,1310676468,7,64,64,65,2,1,RED,pool_l45_100ms,0,3.0,[3],0,83,3,"{""1"": 83, ""2"": 92, ""3"": 100, ""4"": 69}",False,12.0,-65.0,3.0,40.0,36.0,0.09,8.0,3.0,10.5,0.0,0.0,4.5,6.0,0.0,37.0,22.5,17.0,4.0,14.0,0.0,0.0,2.0,2.0,0.0,0.0,0.0,0.0,64.0,65.0,0.7,0.8095238095238095,0.026,0.0256,0.185,0.8409090909090909,0.1590909090909091,0.3,0.5166666666666667,0.8,0.6416666666666667,0.42105263157894735,0.0
20260629_152656_9d451bbc,20260629_152656_9d451bbc_g0002,2,1310676468,7,64,64,65,2,2,BLUE,pool_peer_500ms,1,3.0,[3],0,92,2,"{""1"": 83, ""2"": 92, ""3"": 100, ""4"": 69}",False,35.0,-19.0,0.0,61.0,36.0,0.09,12.0,4.75,10.75,0.0,7.0,3.75,0.0,0.0,33.0,45.75,16.0,5.0,18.0,0.0,1.0,1.0,2.0,1.0,0.0,0.0,0.0,64.0,65.0,0.7,0.7619047619047619,0.026,0.0256,0.175,0.7954545454545454,0.20454545454545456,0.875,0.7666666666666667,1.0,0.45,0.5541353383458647,0.0
20260629_152656_9d451bbc,20260629_152656_9d451bbc_g0002,2,1310676468,7,64,64,65,2,3,YELLOW,champ_v3,2,3.0,[3],1,100,1,"{""1"": 83, ""2"": 92, ""3"": 100, ""4"": 69}",False,26.0,-37.0,0.0,60.0,36.0,0.09,25.0,21.5,26.0,18.0,6.0,0.0,2.0,0.0,20.0,52.0,16.0,5.0,16.0,1.0,1.0,0.0,2.0,1.0,0.0,0.0,0.0,64.0,65.0,0.7,0.7619047619047619,0.026,0.0256,0.18,0.8181818181818182,0.18181818181818182,0.65,0.6333333333333333,1.0,0.525,0.5416666666666666,0.0
20260629_152656_9d451bbc,20260629_152656_9d451bbc_g0002,2,1310676468,7,64,64,65,2,4,GREEN,pool_heuristic,3,3.0,[3],0,69,4,"{""1"": 83, ""2"": 92, ""3"": 100, ""4"": 69}",False,16.0,-57.0,2.0,38.0,36.0,0.09,0.0,0.0,0.0,0.0,0.0,0.0,0.0,0.0,45.0,16.0,15.0,6.0,24.0,0.0,0.0,2.0,2.0,2.0,1.0,0.0,0.0,64.0,65.0,0.7,0.7142857142857143,0.026,0.0256,0.16,0.7272727272727273,0.2727272727272727,0.4,0.48333333333333334,1.0,0.6083333333333333,0.45559210526315785,0.0
20260629_152656_9d451bbc,20260629_152656_9d451bbc_g0003,3,194653433,0,8,8,8,1,1,RED,pool_peer_500ms,0,2.0,[2],0,89,2,"{""1"": 89, ""2"": 90, ""3"": 77, ""4"": 81}",False,9.0,-14.0,9.0,0.0,0.0,0.0,543.0,122.625,488.75,9.0,15.0,41.25,153.5,270.0,1416.0,497.75,2.0,19.0,78.0,1.0,1.0,2.0,6.0,9.0,1.0,0.0,0.0,8.0,8.0,0.1,0.09523809523809523,0.0032,0.0032,0.025,0.11363636363636363,0.8863636363636364,0.225,1.0,1.0,0.19166666666666668,0.23684210526315785,0.0
20260629_152656_9d451bbc,20260629_152656_9d451bbc_g0003,3,194653433,0,8,8,8,1,2,BLUE,champ_v3,1,2.0,[2],1,90,1,"{""1"": 89, ""2"": 90, ""3"": 77, ""4"": 81}",False,9.0,-14.0,9.0,0.0,0.0,0.0,543.0,122.625,488.75,9.0,15.0,41.25,153.5,270.0,1416.0,497.75,2.0,19.0,78.0,1.0,1.0,2.0,6.0,9.0,1.0,0.0,0.0,8.0,8.0,0.1,0.09523809523809523,0.0032,0.0032,0.025,0.11363636363636363,0.8863636363636364,0.225,1.0,1.0,0.19166666666666668,0.23684210526315785,0.0
20260629_152656_9d451bbc,20260629_152656_9d451bbc_g0003,3,194653433,0,8,8,8,1,3,YELLOW,pool_heuristic,2,2.0,[2],0,77,4,"{""1"": 89, ""2"": 90, ""3"": 77, ""4"": 81}",False,7.0,-18.0,9.0,0.0,0.0,0.0,429.0,105.125,423.0,7.0,12.0,34.5,134.5,235.0,1530.0,430.0,2.0,19.0,78.0,1.0,1.0,2.0,6.0,9.0,1.0,0.0,1.0,8.0,8.0,0.1,0.09523809523809523,0.0032,0.0032,0.025,0.11363636363636363,0.8863636363636364,0.175,1.0,1.0,0.20833333333333334,0.25263157894736843,0.0
20260629_152656_9d451bbc,20260629_152656_9d451bbc_g0003,3,194653433,0,8,8,8,1,4,GREEN,pool_l45_100ms,3,2.0,[2],0,81,3,"{""1"": 89, ""2"": 90, ""3"": 77, ""4"": 81}",False,7.0,-18.0,9.0,0.0,0.0,0.0,444.0,103.25,415.125,7.0,12.0,33.75,130.5,231.875,1515.0,422.125,2.0,19.0,78.0,1.0,1.0,2.0,6.0,9.0,1.0,1.0,0.0,8.0,8.0,0.1,0.09523809523809523,0.0032,0.0032,0.025,0.11363636363636363,0.8863636363636364,0.175,1.0,1.0,0.20833333333333334,0.20526315789473681,0.0
20260629_152656_9d451bbc,20260629_152656_9d451bbc_g0003,3,194653433,1,16,16,16,1,1,RED,pool_peer_500ms,0,2.0,[2],0,89,2,"{""1"": 89, ""2"": 90, ""3"": 77, ""4"": 81}",False,16.0,-22.0,0.0,2.0,4.0,0.01,689.0,172.125,666.875,14.0,23.0,64.5,241.0,324.375,1889.0,682.875,4.0,17.0,68.0,1.0,1.0,2.0,6.0,7.0,1.0,0.0,0.0,16.0,16.0,0.2,0.19047619047619047,0.0064,0.0064,0.05,0.22727272727272727,0.7727272727272727,0.4,1.0,1.0,0.31666666666666665,0.49473684210526314,0.0
20260629_152656_9d451bbc,20260629_152656_9d451bbc_g0003,3,194653433,1,16,16,16,1,2,BLUE,champ_v3,1,2.0,[2],1,90,1,"{""1"": 89, ""2"": 90, ""3"": 77, ""4"": 81}",False,15.0,-24.0,1.0,2.0,4.0,0.01,793.0,197.875,767.25,15.0,27.0,77.25,280.5,367.5,1785.0,782.25,4.0,17.0,68.0,1.0,1.0,2.0,6.0,7.0,1.0,0.0,0.0,16.0,16.0,0.2,0.19047619047619047,0.0064,0.0064,0.05,0.22727272727272727,0.7727272727272727,0.375,1.0,1.0,0.325,0.4894736842105264,0.0
20260629_152656_9d451bbc,20260629_152656_9d451bbc_g0003,3,194653433,1,16,16,16,1,3,YELLOW,pool_heuristic,2,2.0,[2],0,77,4,"{""1"": 89, ""2"": 90, ""3"": 77, ""4"": 81}",False,13.0,-28.0,4.0,0.0,4.0,0.01,571.0,152.125,583.5,13.0,21.0,58.5,218.5,272.5,2007.0,596.5,4.0,17.0,68.0,1.0,1.0,2.0,6.0,7.0,1.0,0.0,1.0,16.0,16.0,0.2,0.19047619047619047,0.0064,0.0064,0.05,0.22727272727272727,0.7727272727272727,0.325,1.0,1.0,0.3416666666666667,0.4184210526315789,0.0
20260629_152656_9d451bbc,20260629_152656_9d451bbc_g0003,3,194653433,1,16,16,16,1,4,GREEN,pool_l45_100ms,3,2.0,[2],0,81,3,"{""1"": 89, ""2"": 90, ""3"": 77, ""4"": 81}",False,10.0,-34.0,7.0,0.0,4.0,0.01,525.0,121.875,470.625,10.0,17.0,45.0,173.0,225.625,2053.0,480.625,4.0,17.0,68.0,1.0,1.0,2.0,6.0,7.0,1.0,0.0,0.0,16.0,16.0,0.2,0.19047619047619047,0.0064,0.0064,0.05,0.22727272727272727,0.7727272727272727,0.25,1.0,1.0,0.36666666666666664,0.3131578947368421,0.0
20260629_152656_9d451bbc,20260629_152656_9d451bbc_g0003,3,194653433,2,24,24,24,1,1,RED,pool_peer_500ms,0,2.0,[2],0,89,2,"{""1"": 89, ""2"": 90, ""3"": 77, ""4"": 81}",False,21.0,-31.0,0.0,9.0,4.0,0.01,548.0,151.0,547.25,18.0,27.0,69.75,195.0,237.5,1182.0,568.25,6.0,15.0,59.0,1.0,1.0,2.0,5.0,6.0,1.0,0.0,0.0,24.0,24.0,0.295,0.2857142857142857,0.0096,0.0096,0.0725,0.32954545454545453,0.6704545454545454,0.525,1.0,1.0,0.4333333333333333,0.5843920145190562,0.0
20260629_152656_9d451bbc,20260629_152656_9d451bbc_g0003,3,194653433,2,24,24,24,1,2,BLUE,champ_v3,1,2.0,[2],1,90,1,"{""1"": 89, ""2"": 90, ""3"": 77, ""4"": 81}",False,19.0,-35.0,1.0,10.0,4.0,0.01,477.0,126.625,455.875,17.0,22.0,55.5,157.0,204.375,1253.0,474.875,6.0,15.0,59.0,1.0,1.0,2.0,5.0,6.0,0.0,0.0,0.0,24.0,24.0,0.295,0.2857142857142857,0.0096,0.0096,0.0725,0.32954545454545453,0.6704545454545454,0.475,1.0,1.0,0.45,0.5662431941923776,0.0
20260629_152656_9d451bbc,20260629_152656_9d451bbc_g0003,3,194653433,2,24,24,24,1,3,YELLOW,pool_heuristic,2,2.0,[2],0,77,4,"{""1"": 89, ""2"": 90, ""3"": 77, ""4"": 81}",False,19.0,-35.0,1.0,7.0,4.0,0.01,342.0,103.875,355.25,17.0,18.0,45.75,154.5,120.0,1388.0,374.25,6.0,15.0,58.0,1.0,1.0,2.0,6.0,5.0,1.0,0.0,1.0,24.0,24.0,0.295,0.2857142857142857,0.0096,0.0096,0.075,0.3409090909090909,0.6590909090909091,0.475,1.0,1.0,0.45,0.5350877192982455,0.0
20260629_152656_9d451bbc,20260629_152656_9d451bbc_g0003,3,194653433,2,24,24,24,1,4,GREEN,pool_l45_100ms,3,2.0,[2],0,81,3,"{""1"": 89, ""2"": 90, ""3"": 77, ""4"": 81}",False,14.0,-45.0,4.0,1.0,4.0,0.01,363.0,92.5,314.125,14.0,19.0,42.75,141.5,96.875,1367.0,328.125,6.0,15.0,58.0,1.0,1.0,2.0,6.0,5.0,0.0,0.0,0.0,24.0,24.0,0.295,0.2857142857142857,0.0096,0.0096,0.075,0.3409090909090909,0.6590909090909091,0.35,1.0,1.0,0.4916666666666667,0.40701754385964906,0.0
20260629_152656_9d451bbc,20260629_152656_9d451bbc_g0003,3,194653433,3,32,32,32,1,1,RED,pool_peer_500ms,0,2.0,[2],0,89,2,"{""1"": 89, ""2"": 90, ""3"": 77, ""4"": 81}",False,22.0,-43.0,0.0,23.0,11.0,0.0275,348.0,100.875,336.125,16.0,22.0,54.0,141.0,103.125,712.0,358.125,8.0,13.0,49.0,1.0,1.0,2.0,5.0,4.0,0.0,0.0,0.0,32.0,32.0,0.3925,0.38095238095238093,0.0128,0.0128,0.0975,0.4431818181818182,0.5568181818181818,0.55,1.0,1.0,0.5416666666666667,0.5641025641025641,0.0
20260629_152656_9d451bbc,20260629_152656_9d451bbc_g0003,3,194653433,3,32,32,32,1,2,BLUE,champ_v3,1,2.0,[2],1,90,1,"{""1"": 89, ""2"": 90, ""3"": 77, ""4"": 81}",False,26.0,-35.0,1.0,18.0,11.0,0.0275,368.0,104.625,341.625,21.0,23.0,54.0,108.0,135.625,692.0,367.625,8.0,13.0,50.0,1.0,1.0,2.0,4.0,5.0,0.0,0.0,0.0,32.0,32.0,0.3925,0.38095238095238093,0.0128,0.0128,0.095,0.4318181818181818,0.5681818181818182,0.65,1.0,1.0,0.5083333333333333,0.5498614958448753,0.0
20260629_152656_9d451bbc,20260629_152656_9d451bbc_g0003,3,194653433,3,32,32,32,1,3,YELLOW,pool_heuristic,2,2.0,[2],0,77,4,"{""1"": 89, ""2"": 90, ""3"": 77, ""4"": 81}",False,25.0,-37.0,1.0,9.0,11.0,0.0275,217.0,84.75,245.75,23.0,20.0,41.25,114.0,47.5,843.0,270.75,8.0,13.0,48.0,1.0,1.0,2.0,6.0,3.0,1.0,0.0,1.0,32.0,32.0,0.3925,0.38095238095238093,0.0128,0.0128,0.1,0.45454545454545453,0.5454545454545454,0.625,1.0,1.0,0.5166666666666667,0.5342105263157895,0.0
20260629_152656_9d451bbc,20260629_152656_9d451bbc_g0003,3,194653433,3,32,32,32,1,4,GREEN,pool_l45_100ms,3,2.0,[2],0,81,3,"{""1"": 89, ""2"": 90, ""3"": 77, ""4"": 81}",False,14.0,-59.0,3.0,10.0,11.0,0.0275,127.0,42.5,116.875,13.0,12.0,19.5,50.5,21.875,933.0,130.875,8.0,13.0,48.0,1.0,1.0,2.0,6.0,3.0,0.0,0.0,0.0,32.0,32.0,0.3925,0.38095238095238093,0.0128,0.0128,0.1,0.45454545454545453,0.5454545454545454,0.35,1.0,1.0,0.6083333333333333,0.4473684210526315,0.0
20260629_152656_9d451bbc,20260629_152656_9d451bbc_g0003,3,194653433,4,40,40,40,1,1,RED,pool_peer_500ms,0,2.0,[2],0,89,2,"{""1"": 89, ""2"": 90, ""3"": 77, ""4"": 81}",False,23.0,-45.0,0.0,32.0,22.0,0.055,118.0,48.75,120.75,17.0,17.0,30.75,36.0,20.0,265.0,143.75,10.0,11.0,40.0,1.0,1.0,2.0,4.0,3.0,0.0,0.0,0.0,40.0,40.0,0.485,0.47619047619047616,0.016,0.016,0.12,0.5454545454545454,0.45454545454545453,0.575,1.0,1.0,0.5666666666666667,0.575657894736842,0.0
20260629_152656_9d451bbc,20260629_152656_9d451bbc_g0003,3,194653433,4,40,40,40,1,2,BLUE,champ_v3,1,2.0,[2],1,90,1,"{""1"": 89, ""2"": 90, ""3"": 77, ""4"": 81}",False,30.0,-31.0,1.0,21.0,22.0,0.055,138.0,60.125,140.875,24.0,21.0,36.0,33.0,26.875,245.0,170.875,10.0,11.0,41.0,1.0,1.0,2.0,3.0,4.0,0.0,0.0,0.0,40.0,40.0,0.485,0.47619047619047616,0.016,0.016,0.1175,0.5340909090909091,0.4659090909090909,0.75,1.0,1.0,0.5083333333333333,0.5397536394176932,0.0
20260629_152656_9d451bbc,20260629_152656_9d451bbc_g0003,3,194653433,4,40,40,40,1,3,YELLOW,pool_heuristic,2,2.0,[2],0,77,4,"{""1"": 89, ""2"": 90, ""3"": 77, ""4"": 81}",False,26.0,-39.0,1.0,12.0,22.0,0.055,108.0,50.125,115.25,22.0,13.0,23.25,49.5,7.5,275.0,141.25,10.0,11.0,38.0,1.0,1.0,2.0,6.0,1.0,0.0,0.0,0.0,40.0,40.0,0.485,0.47619047619047616,0.016,0.016,0.125,0.5681818181818182,0.4318181818181818,0.65,1.0,1.0,0.5416666666666667,0.523157894736842,0.0
20260629_152656_9d451bbc,20260629_152656_9d451bbc_g0003,3,194653433,4,40,40,40,1,4,GREEN,pool_l45_100ms,3,2.0,[2],0,81,3,"{""1"": 89, ""2"": 90, ""3"": 77, ""4"": 81}",False,12.0,-67.0,3.0,13.0,22.0,0.055,19.0,13.375,17.75,10.0,5.0,2.25,0.5,0.0,364.0,29.75,10.0,11.0,39.0,1.0,1.0,2.0,5.0,2.0,0.0,0.0,0.0,40.0,40.0,0.485,0.47619047619047616,0.016,0.016,0.1225,0.5568181818181818,0.4431818181818182,0.3,1.0,1.0,0.6583333333333333,0.44683136412459723,0.0
20260629_152656_9d451bbc,20260629_152656_9d451bbc_g0003,3,194653433,5,48,48,48,1,1,RED,pool_peer_500ms,0,2.0,[2],0,89,2,"{""1"": 89, ""2"": 90, ""3"": 77, ""4"": 81}",False,26.0,-39.0,0.0,44.0,28.0,0.07,45.0,27.125,51.25,15.0,9.0,12.75,9.5,5.0,87.0,77.25,12.0,9.0,30.0,1.0,1.0,2.0,4.0,1.0,0.0,0.0,0.0,48.0,48.0,0.5725,0.5714285714285714,0.0192,0.0192,0.145,0.6590909090909091,0.3409090909090909,0.65,1.0,1.0,0.5416666666666667,0.5508166969147006,0.0
20260629_152656_9d451bbc,20260629_152656_9d451bbc_g0003,3,194653433,5,48,48,48,1,2,BLUE,champ_v3,1,2.0,[2],1,90,1,"{""1"": 89, ""2"": 90, ""3"": 77, ""4"": 81}",False,30.0,-31.0,1.0,35.0,28.0,0.07,47.0,31.375,48.0,21.0,11.0,11.25,3.5,1.25,85.0,78.0,12.0,9.0,31.0,1.0,1.0,2.0,3.0,2.0,0.0,0.0,0.0,48.0,48.0,0.5725,0.5714285714285714,0.0192,0.0192,0.1425,0.6477272727272727,0.3522727272727273,0.75,1.0,1.0,0.5083333333333333,0.49307479224376727,0.0
20260629_152656_9d451bbc,20260629_152656_9d451bbc_g0003,3,194653433,5,48,48,48,1,3,YELLOW,pool_heuristic,2,2.0,[2],0,77,4,"{""1"": 89, ""2"": 90, ""3"": 77, ""4"": 81}",False,24.0,-43.0,1.0,16.0,28.0,0.07,29.0,23.75,28.75,20.0,5.0,3.75,0.0,0.0,103.0,52.75,12.0,9.0,30.0,1.0,1.0,2.0,4.0,1.0,0.0,0.0,0.0,48.0,48.0,0.5725,0.5714285714285714,0.0192,0.0192,0.145,0.6590909090909091,0.3409090909090909,0.6,1.0,1.0,0.5583333333333333,0.4900181488203267,0.0
20260629_152656_9d451bbc,20260629_152656_9d451bbc_g0003,3,194653433,5,48,48,48,1,4,GREEN,pool_l45_100ms,3,2.0,[2],0,81,3,"{""1"": 89, ""2"": 90, ""3"": 77, ""4"": 81}",False,11.0,-69.0,3.0,18.0,28.0,0.07,11.0,9.5,11.0,8.0,3.0,0.0,0.0,0.0,121.0,22.0,12.0,9.0,32.0,1.0,1.0,1.0,4.0,2.0,0.0,0.0,0.0,48.0,48.0,0.5725,0.5714285714285714,0.0192,0.0192,0.14,0.6363636363636364,0.36363636363636365,0.275,0.8,1.0,0.6666666666666667,0.4586466165413533,0.0
20260629_152656_9d451bbc,20260629_152656_9d451bbc_g0003,3,194653433,6,56,56,56,1,1,RED,pool_peer_500ms,0,2.0,[2],0,89,2,"{""1"": 89, ""2"": 90, ""3"": 77, ""4"": 81}",False,21.0,-34.0,0.0,53.0,35.0,0.0875,21.0,15.625,21.25,12.0,4.0,3.75,1.5,0.0,35.0,42.25,14.0,7.0,21.0,1.0,1.0,2.0,3.0,0.0,0.0,0.0,0.0,56.0,56.0,0.635,0.6666666666666666,0.0224,0.0224,0.1675,0.7613636363636364,0.23863636363636365,0.525,0.6833333333333333,0.8,0.4583333333333333,0.5200314218381775,0.0
20260629_152656_9d451bbc,20260629_152656_9d451bbc_g0003,3,194653433,6,56,56,56,1,2,BLUE,champ_v3,1,2.0,[2],1,90,1,"{""1"": 89, ""2"": 90, ""3"": 77, ""4"": 81}",False,25.0,-26.0,1.0,46.0,35.0,0.0875,28.0,21.25,28.25,16.0,7.0,5.25,0.0,0.0,28.0,53.25,14.0,7.0,22.0,1.0,1.0,2.0,2.0,1.0,0.0,0.0,0.0,56.0,56.0,0.635,0.6666666666666666,0.0224,0.0224,0.165,0.75,0.25,0.625,0.7166666666666667,1.0,0.425,0.4688995215311005,0.0
20260629_152656_9d451bbc,20260629_152656_9d451bbc_g0003,3,194653433,6,56,56,56,1,3,YELLOW,pool_heuristic,2,2.0,[2],0,77,4,"{""1"": 89, ""2"": 90, ""3"": 77, ""4"": 81}",False,22.0,-32.0,1.0,23.0,35.0,0.0875,3.0,1.5,3.0,0.0,3.0,0.0,0.0,0.0,53.0,25.0,14.0,7.0,26.0,0.0,1.0,1.0,4.0,1.0,0.0,0.0,0.0,56.0,56.0,0.635,0.6666666666666666,0.0224,0.0224,0.155,0.7045454545454546,0.29545454545454547,0.55,0.9666666666666667,1.0,0.45,0.47962648556876064,0.0
20260629_152656_9d451bbc,20260629_152656_9d451bbc_g0003,3,194653433,6,56,56,56,1,4,GREEN,pool_l45_100ms,3,2.0,[2],0,81,3,"{""1"": 89, ""2"": 90, ""3"": 77, ""4"": 81}",False,8.0,-60.0,3.0,22.0,35.0,0.0875,4.0,1.875,7.125,0.0,0.0,1.5,5.0,0.625,52.0,15.125,14.0,7.0,29.0,0.0,0.0,1.0,4.0,2.0,0.0,0.0,0.0,56.0,56.0,0.635,0.6666666666666666,0.0224,0.0224,0.1475,0.6704545454545454,0.32954545454545453,0.2,0.55,1.0,0.5666666666666667,0.46297948260481714,0.0
20260629_152656_9d451bbc,20260629_152656_9d451bbc_g0003,3,194653433,7,64,64,64,1,1,RED,pool_peer_500ms,0,2.0,[2],0,89,2,"{""1"": 89, ""2"": 90, ""3"": 77, ""4"": 81}",False,20.0,-31.0,0.0,60.0,41.0,0.1025,2.0,1.0,2.0,0.0,2.0,0.0,0.0,0.0,20.0,22.0,16.0,5.0,16.0,0.0,1.0,2.0,2.0,0.0,0.0,0.0,0.0,64.0,64.0,0.6975,0.7619047619047619,0.0256,0.0256,0.18,0.8181818181818182,0.18181818181818182,0.5,0.48333333333333334,0.8,0.425,0.5029239766081871,0.0
20260629_152656_9d451bbc,20260629_152656_9d451bbc_g0003,3,194653433,7,64,64,64,1,2,BLUE,champ_v3,1,2.0,[2],1,90,1,"{""1"": 89, ""2"": 90, ""3"": 77, ""4"": 81}",False,21.0,-29.0,1.0,54.0,41.0,0.1025,13.0,12.0,13.0,11.0,2.0,0.0,0.0,0.0,9.0,34.0,16.0,5.0,16.0,1.0,1.0,0.0,2.0,1.0,0.0,0.0,0.0,64.0,64.0,0.6975,0.7619047619047619,0.0256,0.0256,0.18,0.8181818181818182,0.18181818181818182,0.525,0.43333333333333335,1.0,0.4166666666666667,0.4788011695906432,0.0
20260629_152656_9d451bbc,20260629_152656_9d451bbc_g0003,3,194653433,7,64,64,64,1,3,YELLOW,pool_heuristic,2,2.0,[2],0,77,4,"{""1"": 89, ""2"": 90, ""3"": 77, ""4"": 81}",False,22.0,-27.0,1.0,38.0,41.0,0.1025,0.0,0.0,0.0,0.0,0.0,0.0,0.0,0.0,22.0,22.0,16.0,5.0,20.0,0.0,0.0,1.0,3.0,1.0,0.0,0.0,0.0,64.0,64.0,0.6975,0.7619047619047619,0.0256,0.0256,0.17,0.7727272727272727,0.22727272727272727,0.55,0.75,1.0,0.4083333333333333,0.4643962848297214,0.0
20260629_152656_9d451bbc,20260629_152656_9d451bbc_g0003,3,194653433,7,64,64,64,1,4,GREEN,pool_l45_100ms,3,2.0,[2],0,81,3,"{""1"": 89, ""2"": 90, ""3"": 77, ""4"": 81}",False,8.0,-55.0,3.0,35.0,41.0,0.1025,7.0,2.5,10.0,0.0,0.0,0.0,10.0,0.0,15.0,18.0,16.0,5.0,21.0,0.0,0.0,0.0,4.0,1.0,0.0,0.0,0.0,64.0,64.0,0.6975,0.7619047619047619,0.0256,0.0256,0.1675,0.7613636363636364,0.23863636363636365,0.2,0.5666666666666667,1.0,0.525,0.4776119402985074,0.0
20260629_152656_9d451bbc,20260629_152656_9d451bbc_g0004,4,1148651901,0,8,8,8,1,1,RED,champ_v3,0,1.0,[1],1,98,1,"{""1"": 98, ""2"": 92, ""3"": 69, ""4"": 84}",False,9.0,-13.0,9.0,0.0,0.0,0.0,543.0,122.625,488.75,9.0,15.0,41.25,153.5,270.0,1277.0,497.75,2.0,19.0,78.0,1.0,1.0,2.0,6.0,9.0,1.0,0.0,0.0,8.0,8.0,0.1,0.09523809523809523,0.0032,0.0032,0.025,0.11363636363636363,0.8863636363636364,0.225,1.0,1.0,0.18333333333333332,0.23684210526315785,0.0
20260629_152656_9d451bbc,20260629_152656_9d451bbc_g0004,4,1148651901,0,8,8,8,1,2,BLUE,pool_heuristic,1,1.0,[1],0,92,2,"{""1"": 98, ""2"": 92, ""3"": 69, ""4"": 84}",False,6.0,-19.0,9.0,0.0,0.0,0.0,370.0,89.5,361.75,6.0,10.0,28.5,111.0,206.25,1450.0,367.75,2.0,19.0,78.0,1.0,1.0,2.0,6.0,9.0,1.0,1.0,1.0,8.0,8.0,0.1,0.09523809523809523,0.0032,0.0032,0.025,0.11363636363636363,0.8863636363636364,0.15,1.0,1.0,0.20833333333333334,0.24736842105263157,0.0
20260629_152656_9d451bbc,20260629_152656_9d451bbc_g0004,4,1148651901,0,8,8,8,1,3,YELLOW,pool_l45_100ms,2,1.0,[1],0,69,4,"{""1"": 98, ""2"": 92, ""3"": 69, ""4"": 84}",False,7.0,-17.0,9.0,0.0,0.0,0.0,364.0,86.0,341.875,7.0,10.0,27.0,108.5,189.375,1456.0,348.875,2.0,19.0,78.0,1.0,1.0,2.0,6.0,9.0,1.0,1.0,0.0,8.0,8.0,0.1,0.09523809523809523,0.0032,0.0032,0.025,0.11363636363636363,0.8863636363636364,0.175,1.0,1.0,0.2,0.17368421052631577,0.0
20260629_152656_9d451bbc,20260629_152656_9d451bbc_g0004,4,1148651901,0,8,8,8,1,4,GREEN,pool_peer_500ms,3,1.0,[1],0,84,3,"{""1"": 98, ""2"": 92, ""3"": 69, ""4"": 84}",False,9.0,-13.0,9.0,0.0,0.0,0.0,543.0,122.625,488.75,9.0,15.0,41.25,153.5,270.0,1277.0,497.75,2.0,19.0,78.0,1.0,1.0,2.0,6.0,9.0,1.0,0.0,0.0,8.0,8.0,0.1,0.09523809523809523,0.0032,0.0032,0.025,0.11363636363636363,0.8863636363636364,0.225,1.0,1.0,0.18333333333333332,0.23684210526315785,0.0
20260629_152656_9d451bbc,20260629_152656_9d451bbc_g0004,4,1148651901,1,16,16,16,1,1,RED,champ_v3,0,1.0,[1],1,98,1,"{""1"": 98, ""2"": 92, ""3"": 69, ""4"": 84}",False,15.0,-23.0,4.0,2.0,1.0,0.0025,687.0,163.5,625.625,14.0,23.0,63.75,235.5,289.375,1660.0,640.625,4.0,17.0,68.0,1.0,1.0,2.0,6.0,7.0,1.0,0.0,0.0,16.0,16.0,0.2,0.19047619047619047,0.0064,0.0064,0.05,0.22727272727272727,0.7727272727272727,0.375,1.0,1.0,0.31666666666666665,0.4473684210526315,0.0
20260629_152656_9d451bbc,20260629_152656_9d451bbc_g0004,4,1148651901,1,16,16,16,1,2,BLUE,pool_heuristic,1,1.0,[1],0,92,2,"{""1"": 98, ""2"": 92, ""3"": 69, ""4"": 84}",False,12.0,-29.0,1.0,2.0,1.0,0.0025,536.0,137.625,535.625,11.0,18.0,49.5,194.0,263.125,1811.0,547.625,4.0,17.0,68.0,1.0,1.0,2.0,6.0,7.0,1.0,0.0,1.0,16.0,16.0,0.2,0.19047619047619047,0.0064,0.0064,0.05,0.22727272727272727,0.7727272727272727,0.3,1.0,1.0,0.3416666666666667,0.47894736842105257,0.0
20260629_152656_9d451bbc,20260629_152656_9d451bbc_g0004,4,1148651901,1,16,16,16,1,3,YELLOW,pool_l45_100ms,2,1.0,[1],0,69,4,"{""1"": 98, ""2"": 92, ""3"": 69, ""4"": 84}",False,11.0,-31.0,5.0,2.0,1.0,0.0025,418.0,100.375,376.5,11.0,15.0,36.0,139.5,175.0,1929.0,387.5,4.0,17.0,68.0,1.0,1.0,2.0,6.0,7.0,1.0,0.0,0.0,16.0,16.0,0.2,0.19047619047619047,0.0064,0.0064,0.05,0.22727272727272727,0.7727272727272727,0.275,1.0,1.0,0.35,0.3526315789473684,0.0
20260629_152656_9d451bbc,20260629_152656_9d451bbc_g0004,4,1148651901,1,16,16,16,1,4,GREEN,pool_peer_500ms,3,1.0,[1],0,84,3,"{""1"": 98, ""2"": 92, ""3"": 69, ""4"": 84}",False,15.0,-23.0,4.0,2.0,1.0,0.0025,706.0,176.375,679.125,15.0,25.0,66.0,245.0,328.125,1641.0,694.125,4.0,17.0,68.0,1.0,1.0,2.0,6.0,7.0,1.0,0.0,0.0,16.0,16.0,0.2,0.19047619047619047,0.0064,0.0064,0.05,0.22727272727272727,0.7727272727272727,0.375,1.0,1.0,0.31666666666666665,0.4526315789473684,0.0
20260629_152656_9d451bbc,20260629_152656_9d451bbc_g0004,4,1148651901,2,24,24,24,1,1,RED,champ_v3,0,1.0,[1],1,98,1,"{""1"": 98, ""2"": 92, ""3"": 69, ""4"": 84}",False,20.0,-29.0,3.0,6.0,2.0,0.005,596.0,150.5,543.25,19.0,30.0,73.5,157.0,263.75,906.0,563.25,6.0,15.0,60.0,1.0,1.0,2.0,4.0,7.0,1.0,0.0,0.0,24.0,24.0,0.295,0.2857142857142857,0.0096,0.0096,0.07,0.3181818181818182,0.6818181818181818,0.5,1.0,1.0,0.4083333333333333,0.49812030075187963,0.0
20260629_152656_9d451bbc,20260629_152656_9d451bbc_g0004,4,1148651901,2,24,24,24,1,2,BLUE,pool_heuristic,1,1.0,[1],0,92,2,"{""1"": 98, ""2"": 92, ""3"": 69, ""4"": 84}",False,16.0,-37.0,0.0,7.0,2.0,0.005,262.0,79.125,274.5,12.0,15.0,36.0,106.5,105.0,1240.0,290.5,6.0,15.0,58.0,1.0,1.0,2.0,6.0,5.0,0.0,0.0,1.0,24.0,24.0,0.295,0.2857142857142857,0.0096,0.0096,0.075,0.3409090909090909,0.6590909090909091,0.4,1.0,1.0,0.4416666666666667,0.5807017543859649,0.0
20260629_152656_9d451bbc,20260629_152656_9d451bbc_g0004,4,1148651901,2,24,24,24,1,3,YELLOW,pool_l45_100ms,2,1.0,[1],0,69,4,"{""1"": 98, ""2"": 92, ""3"": 69, ""4"": 84}",False,12.0,-45.0,5.0,4.0,2.0,0.005,134.0,41.375,122.25,12.0,10.0,16.5,42.5,41.25,1368.0,134.25,6.0,15.0,58.0,1.0,1.0,2.0,6.0,5.0,0.0,0.0,0.0,24.0,24.0,0.295,0.2857142857142857,0.0096,0.0096,0.075,0.3409090909090909,0.6590909090909091,0.3,1.0,1.0,0.475,0.39473684210526316,0.0
20260629_152656_9d451bbc,20260629_152656_9d451bbc_g0004,4,1148651901,2,24,24,24,1,4,GREEN,pool_peer_500ms,3,1.0,[1],0,84,3,"{""1"": 98, ""2"": 92, ""3"": 69, ""4"": 84}",False,21.0,-27.0,2.0,7.0,2.0,0.005,510.0,151.0,524.125,21.0,31.0,67.5,221.5,183.125,992.0,545.125,6.0,15.0,58.0,1.0,1.0,2.0,6.0,5.0,1.0,0.0,0.0,24.0,24.0,0.295,0.2857142857142857,0.0096,0.0096,0.075,0.3409090909090909,0.6590909090909091,0.525,1.0,1.0,0.4,0.5333333333333333,0.0
20260629_152656_9d451bbc,20260629_152656_9d451bbc_g0004,4,1148651901,3,32,32,32,1,1,RED,champ_v3,0,1.0,[1],1,98,1,"{""1"": 98, ""2"": 92, ""3"": 69, ""4"": 84}",False,24.0,-36.0,0.0,15.0,4.0,0.01,293.0,95.5,304.75,19.0,26.0,56.25,81.0,122.5,657.0,328.75,8.0,13.0,51.0,1.0,1.0,2.0,3.0,6.0,1.0,0.0,0.0,32.0,32.0,0.3925,0.38095238095238093,0.0128,0.0128,0.0925,0.42045454545454547,0.5795454545454546,0.6,1.0,1.0,0.5,0.5846372688477952,0.0
20260629_152656_9d451bbc,20260629_152656_9d451bbc_g0004,4,1148651901,3,32,32,32,1,2,BLUE,pool_heuristic,1,1.0,[1],0,92,2,"{""1"": 98, ""2"": 92, ""3"": 69, ""4"": 84}",False,22.0,-40.0,0.0,23.0,4.0,0.01,292.0,104.75,341.25,18.0,23.0,51.75,166.0,82.5,658.0,363.25,8.0,13.0,48.0,1.0,1.0,2.0,6.0,3.0,0.0,0.0,1.0,32.0,32.0,0.3925,0.38095238095238093,0.0128,0.0128,0.1,0.45454545454545453,0.5454545454545454,0.55,1.0,1.0,0.5166666666666667,0.5868421052631578,0.0
20260629_152656_9d451bbc,20260629_152656_9d451bbc_g0004,4,1148651901,3,32,32,32,1,3,YELLOW,pool_l45_100ms,2,1.0,[1],0,69,4,"{""1"": 98, ""2"": 92, ""3"": 69, ""4"": 84}",False,12.0,-60.0,2.0,8.0,4.0,0.01,82.0,32.25,83.0,12.0,9.0,13.5,31.0,17.5,868.0,95.0,8.0,13.0,48.0,1.0,1.0,2.0,6.0,3.0,0.0,0.0,0.0,32.0,32.0,0.3925,0.38095238095238093,0.0128,0.0128,0.1,0.45454545454545453,0.5454545454545454,0.3,1.0,1.0,0.6,0.4513157894736842,0.0
20260629_152656_9d451bbc,20260629_152656_9d451bbc_g0004,4,1148651901,3,32,32,32,1,4,GREEN,pool_peer_500ms,3,1.0,[1],0,84,3,"{""1"": 98, ""2"": 92, ""3"": 69, ""4"": 84}",False,26.0,-32.0,2.0,21.0,4.0,0.01,283.0,94.75,291.25,21.0,22.0,45.75,140.0,62.5,667.0,317.25,8.0,13.0,48.0,1.0,1.0,2.0,6.0,3.0,1.0,0.0,0.0,32.0,32.0,0.3925,0.38095238095238093,0.0128,0.0128,0.1,0.45454545454545453,0.5454545454545454,0.65,1.0,1.0,0.4833333333333333,0.5486842105263159,0.0
20260629_152656_9d451bbc,20260629_152656_9d451bbc_g0004,4,1148651901,4,40,40,40,1,1,RED,champ_v3,0,1.0,[1],1,98,1,"{""1"": 98, ""2"": 92, ""3"": 69, ""4"": 84}",False,26.0,-38.0,0.0,18.0,11.0,0.0275,121.0,58.5,147.5,21.0,24.0,19.5,48.0,35.0,257.0,173.5,10.0,11.0,43.0,1.0,1.0,1.0,3.0,5.0,1.0,0.0,0.0,40.0,40.0,0.485,0.47619047619047616,0.016,0.016,0.1125,0.5113636363636364,0.48863636363636365,0.65,1.0,1.0,0.5333333333333333,0.583625730994152,0.0
20260629_152656_9d451bbc,20260629_152656_9d451bbc_g0004,4,1148651901,4,40,40,40,1,2,BLUE,pool_heuristic,1,1.0,[1],0,92,2,"{""1"": 98, ""2"": 92, ""3"": 69, ""4"": 84}",False,26.0,-38.0,0.0,29.0,11.0,0.0275,141.0,58.625,147.25,20.0,19.0,30.75,67.5,10.0,237.0,173.25,10.0,11.0,38.0,1.0,1.0,2.0,6.0,1.0,0.0,0.0,0.0,40.0,40.0,0.485,0.47619047619047616,0.016,0.016,0.125,0.5681818181818182,0.4318181818181818,0.65,1.0,1.0,0.5333333333333333,0.5431578947368421,0.0
20260629_152656_9d451bbc,20260629_152656_9d451bbc_g0004,4,1148651901,4,40,40,40,1,3,YELLOW,pool_l45_100ms,2,1.0,[1],0,69,4,"{""1"": 98, ""2"": 92, ""3"": 69, ""4"": 84}",False,11.0,-68.0,2.0,14.0,11.0,0.0275,34.0,19.125,35.125,11.0,6.0,7.5,10.0,0.625,344.0,46.125,10.0,11.0,38.0,1.0,1.0,2.0,6.0,1.0,0.0,0.0,0.0,40.0,40.0,0.485,0.47619047619047616,0.016,0.016,0.125,0.5681818181818182,0.4318181818181818,0.275,0.9833333333333333,1.0,0.6583333333333333,0.4326315789473685,0.0
20260629_152656_9d451bbc,20260629_152656_9d451bbc_g0004,4,1148651901,4,40,40,40,1,4,GREEN,pool_peer_500ms,3,1.0,[1],0,84,3,"{""1"": 98, ""2"": 92, ""3"": 69, ""4"": 84}",False,27.0,-36.0,2.0,34.0,11.0,0.0275,82.0,38.625,86.0,18.0,11.0,15.75,32.5,8.75,296.0,113.0,10.0,11.0,39.0,1.0,1.0,2.0,5.0,2.0,1.0,0.0,0.0,40.0,40.0,0.485,0.47619047619047616,0.016,0.016,0.1225,0.5568181818181818,0.4431818181818182,0.675,1.0,1.0,0.525,0.5123523093447906,0.0
20260629_152656_9d451bbc,20260629_152656_9d451bbc_g0004,4,1148651901,5,48,48,48,1,1,RED,champ_v3,0,1.0,[1],1,98,1,"{""1"": 98, ""2"": 92, ""3"": 69, ""4"": 84}",False,24.0,-35.0,0.0,26.0,30.0,0.075,67.0,36.0,79.5,17.0,14.0,10.5,18.0,20.0,105.0,103.5,12.0,9.0,34.0,1.0,1.0,1.0,2.0,4.0,1.0,0.0,0.0,48.0,48.0,0.57,0.5714285714285714,0.0192,0.0192,0.135,0.6136363636363636,0.38636363636363635,0.6,1.0,1.0,0.4916666666666667,0.5925925925925926,0.0
20260629_152656_9d451bbc,20260629_152656_9d451bbc_g0004,4,1148651901,5,48,48,48,1,2,BLUE,pool_heuristic,1,1.0,[1],0,92,2,"{""1"": 98, ""2"": 92, ""3"": 69, ""4"": 84}",False,26.0,-31.0,0.0,41.0,30.0,0.075,69.0,36.375,70.5,19.0,13.0,15.0,23.5,0.0,103.0,96.5,12.0,9.0,29.0,1.0,1.0,2.0,5.0,0.0,0.0,0.0,0.0,48.0,48.0,0.57,0.5714285714285714,0.0192,0.0192,0.1475,0.6704545454545454,0.32954545454545453,0.65,1.0,0.8,0.475,0.5156110615521856,0.0
20260629_152656_9d451bbc,20260629_152656_9d451bbc_g0004,4,1148651901,5,48,48,48,1,3,YELLOW,pool_l45_100ms,2,1.0,[1],0,69,4,"{""1"": 98, ""2"": 92, ""3"": 69, ""4"": 84}",False,7.0,-69.0,2.0,23.0,30.0,0.075,9.0,7.5,10.5,6.0,1.0,1.5,2.0,0.0,163.0,17.5,12.0,9.0,29.0,1.0,1.0,2.0,5.0,0.0,0.0,0.0,0.0,48.0,48.0,0.57,0.5714285714285714,0.0192,0.0192,0.1475,0.6704545454545454,0.32954545454545453,0.175,0.43333333333333335,0.8,0.6333333333333333,0.4388938447814452,0.0
20260629_152656_9d451bbc,20260629_152656_9d451bbc_g0004,4,1148651901,5,48,48,48,1,4,GREEN,pool_peer_500ms,3,1.0,[1],0,84,3,"{""1"": 98, ""2"": 92, ""3"": 69, ""4"": 84}",False,26.0,-31.0,2.0,45.0,30.0,0.075,27.0,21.125,29.5,16.0,7.0,1.5,2.5,2.5,145.0,55.5,12.0,9.0,32.0,1.0,1.0,1.0,4.0,2.0,1.0,0.0,0.0,48.0,48.0,0.57,0.5714285714285714,0.0192,0.0192,0.14,0.6363636363636364,0.36363636363636365,0.65,1.0,1.0,0.475,0.48966165413533835,0.0
20260629_152656_9d451bbc,20260629_152656_9d451bbc_g0004,4,1148651901,6,56,56,56,1,1,RED,champ_v3,0,1.0,[1],1,98,1,"{""1"": 98, ""2"": 92, ""3"": 69, ""4"": 84}",False,18.0,-38.0,0.0,34.0,39.0,0.0975,16.0,12.5,16.5,10.0,3.0,1.5,2.0,0.0,61.0,34.5,14.0,7.0,24.0,1.0,1.0,1.0,2.0,2.0,1.0,0.0,0.0,56.0,56.0,0.6475,0.6666666666666666,0.0224,0.0224,0.16,0.7272727272727273,0.2727272727272727,0.45,1.0,1.0,0.4666666666666667,0.5509868421052632,0.0
20260629_152656_9d451bbc,20260629_152656_9d451bbc_g0004,4,1148651901,6,56,56,56,1,2,BLUE,pool_heuristic,1,1.0,[1],0,92,2,"{""1"": 98, ""2"": 92, ""3"": 69, ""4"": 84}",False,25.0,-24.0,0.0,48.0,39.0,0.0975,38.0,23.75,41.5,15.0,7.0,4.5,15.0,0.0,39.0,66.5,14.0,7.0,22.0,1.0,1.0,1.0,4.0,0.0,0.0,0.0,0.0,56.0,56.0,0.6475,0.6666666666666666,0.0224,0.0224,0.165,0.75,0.25,0.625,0.95,0.8,0.4083333333333333,0.5055821371610845,0.0
20260629_152656_9d451bbc,20260629_152656_9d451bbc_g0004,4,1148651901,6,56,56,56,1,3,YELLOW,pool_l45_100ms,2,1.0,[1],0,69,4,"{""1"": 98, ""2"": 92, ""3"": 69, ""4"": 84}",False,6.0,-62.0,2.0,24.0,39.0,0.0975,0.0,0.0,0.0,0.0,0.0,0.0,0.0,0.0,77.0,6.0,14.0,7.0,24.0,0.0,1.0,2.0,4.0,0.0,0.0,0.0,0.0,56.0,56.0,0.6475,0.6666666666666666,0.0224,0.0224,0.16,0.7272727272727273,0.2727272727272727,0.15,0.25,0.8,0.5666666666666667,0.43996710526315785,0.0
20260629_152656_9d451bbc,20260629_152656_9d451bbc_g0004,4,1148651901,6,56,56,56,1,4,GREEN,pool_peer_500ms,3,1.0,[1],0,84,3,"{""1"": 98, ""2"": 92, ""3"": 69, ""4"": 84}",False,25.0,-24.0,2.0,53.0,39.0,0.0975,23.0,19.0,24.5,15.0,6.0,1.5,2.0,0.0,54.0,49.5,14.0,7.0,23.0,1.0,1.0,1.0,3.0,1.0,1.0,0.0,0.0,56.0,56.0,0.6475,0.6666666666666666,0.0224,0.0224,0.1625,0.7386363636363636,0.26136363636363635,0.625,0.6333333333333333,1.0,0.4083333333333333,0.4744939271255061,0.0
20260629_152656_9d451bbc,20260629_152656_9d451bbc_g0004,4,1148651901,7,64,64,66,3,1,RED,champ_v3,0,1.0,[1],1,98,1,"{""1"": 98, ""2"": 92, ""3"": 69, ""4"": 84}",False,17.0,-39.0,0.0,51.0,39.0,0.0975,4.0,1.375,3.875,0.0,2.0,0.0,0.0,1.875,22.0,20.875,17.0,4.0,16.0,0.0,1.0,0.0,1.0,2.0,1.0,0.0,0.0,64.0,66.0,0.7,0.8095238095238095,0.0264,0.0256,0.18,0.8181818181818182,0.18181818181818182,0.425,0.9333333333333333,1.0,0.4666666666666667,0.5168128654970761,0.0
20260629_152656_9d451bbc,20260629_152656_9d451bbc_g0004,4,1148651901,7,64,64,66,3,2,BLUE,pool_heuristic,1,1.0,[1],0,92,2,"{""1"": 98, ""2"": 92, ""3"": 69, ""4"": 84}",False,27.0,-19.0,0.0,58.0,39.0,0.0975,18.0,17.5,18.5,17.0,0.0,1.5,0.0,0.0,8.0,45.5,17.0,4.0,12.0,1.0,0.0,1.0,2.0,0.0,0.0,0.0,0.0,64.0,66.0,0.7,0.8095238095238095,0.0264,0.0256,0.19,0.8636363636363636,0.13636363636363635,0.675,0.7166666666666667,0.8,0.38333333333333336,0.5055401662049861,0.0
20260629_152656_9d451bbc,20260629_152656_9d451bbc_g0004,4,1148651901,7,64,64,66,3,3,YELLOW,pool_l45_100ms,2,1.0,[1],0,69,4,"{""1"": 98, ""2"": 92, ""3"": 69, ""4"": 84}",False,6.0,-61.0,2.0,34.0,39.0,0.0975,0.0,0.0,0.0,0.0,0.0,0.0,0.0,0.0,26.0,6.0,14.0,7.0,24.0,0.0,1.0,2.0,4.0,0.0,0.0,0.0,0.0,64.0,66.0,0.7,0.6666666666666666,0.0264,0.0256,0.16,0.7272727272727273,0.2727272727272727,0.15,0.2,0.8,0.5583333333333333,0.43996710526315785,0.0
20260629_152656_9d451bbc,20260629_152656_9d451bbc_g0004,4,1148651901,7,64,64,66,3,4,GREEN,pool_peer_500ms,3,1.0,[1],0,84,3,"{""1"": 98, ""2"": 92, ""3"": 69, ""4"": 84}",False,23.0,-27.0,1.0,56.0,39.0,0.0975,4.0,2.0,7.0,0.0,0.0,3.0,4.0,0.0,22.0,30.0,16.0,5.0,20.0,0.0,0.0,1.0,3.0,1.0,1.0,0.0,0.0,64.0,66.0,0.7,0.7619047619047619,0.0264,0.0256,0.17,0.7727272727272727,0.22727272727272727,0.575,0.5833333333333334,1.0,0.4166666666666667,0.48142414860681115,0.0
20260629_152656_9d451bbc,20260629_152656_9d451bbc_g0005,5,827597901,0,8,8,8,1,1,RED,pool_heuristic,0,4.0,[4],0,78,3,"{""1"": 78, ""2"": 70, ""3"": 99, ""4"": 102}",False,6.0,-17.0,9.0,0.0,3.0,0.0075,352.0,90.125,364.375,6.0,10.0,28.5,113.0,206.875,1413.0,370.375,2.0,19.0,78.0,1.0,1.0,2.0,6.0,9.0,1.0,1.0,1.0,8.0,8.0,0.1,0.09523809523809523,0.0032,0.0032,0.025,0.11363636363636363,0.8863636363636364,0.15,1.0,1.0,0.19166666666666668,0.25263157894736843,0.0
20260629_152656_9d451bbc,20260629_152656_9d451bbc_g0005,5,827597901,0,8,8,8,1,2,BLUE,pool_l45_100ms,1,4.0,[4],0,70,4,"{""1"": 78, ""2"": 70, ""3"": 99, ""4"": 102}",False,5.0,-19.0,9.0,0.0,3.0,0.0075,327.0,76.25,309.5,5.0,8.0,24.0,95.0,177.5,1438.0,314.5,2.0,19.0,78.0,1.0,1.0,2.0,6.0,9.0,1.0,1.0,0.0,8.0,8.0,0.1,0.09523809523809523,0.0032,0.0032,0.025,0.11363636363636363,0.8863636363636364,0.125,1.0,1.0,0.2,0.15263157894736834,0.0
20260629_152656_9d451bbc,20260629_152656_9d451bbc_g0005,5,827597901,0,8,8,8,1,3,YELLOW,pool_peer_500ms,2,4.0,[4],0,99,2,"{""1"": 78, ""2"": 70, ""3"": 99, ""4"": 102}",False,9.0,-11.0,9.0,0.0,3.0,0.0075,543.0,122.625,488.75,9.0,15.0,41.25,153.5,270.0,1222.0,497.75,2.0,19.0,78.0,1.0,1.0,2.0,6.0,9.0,1.0,0.0,0.0,8.0,8.0,0.1,0.09523809523809523,0.0032,0.0032,0.025,0.11363636363636363,0.8863636363636364,0.225,1.0,1.0,0.16666666666666669,0.23684210526315785,0.0
20260629_152656_9d451bbc,20260629_152656_9d451bbc_g0005,5,827597901,0,8,8,8,1,4,GREEN,champ_v3,3,4.0,[4],1,102,1,"{""1"": 78, ""2"": 70, ""3"": 99, ""4"": 102}",False,9.0,-11.0,9.0,0.0,3.0,0.0075,543.0,122.625,488.75,9.0,15.0,41.25,153.5,270.0,1222.0,497.75,2.0,19.0,78.0,1.0,1.0,2.0,6.0,9.0,1.0,0.0,0.0,8.0,8.0,0.1,0.09523809523809523,0.0032,0.0032,0.025,0.11363636363636363,0.8863636363636364,0.225,1.0,1.0,0.16666666666666669,0.23684210526315785,0.0
20260629_152656_9d451bbc,20260629_152656_9d451bbc_g0005,5,827597901,1,16,16,16,1,1,RED,pool_heuristic,0,4.0,[4],0,78,3,"{""1"": 78, ""2"": 70, ""3"": 99, ""4"": 102}",False,11.0,-29.0,3.0,0.0,3.0,0.0075,474.0,128.75,499.375,11.0,17.0,47.25,173.5,250.625,1966.0,510.375,4.0,17.0,68.0,1.0,1.0,2.0,6.0,7.0,1.0,1.0,1.0,16.0,16.0,0.2,0.19047619047619047,0.0064,0.0064,0.05,0.22727272727272727,0.7727272727272727,0.275,1.0,1.0,0.33333333333333337,0.42894736842105263,0.0
20260629_152656_9d451bbc,20260629_152656_9d451bbc_g0005,5,827597901,1,16,16,16,1,2,BLUE,pool_l45_100ms,1,4.0,[4],0,70,4,"{""1"": 78, ""2"": 70, ""3"": 99, ""4"": 102}",False,9.0,-33.0,6.0,0.0,3.0,0.0075,523.0,121.0,471.125,9.0,16.0,45.0,175.5,225.625,1917.0,480.125,4.0,17.0,68.0,1.0,1.0,2.0,6.0,7.0,1.0,0.0,0.0,16.0,16.0,0.2,0.19047619047619047,0.0064,0.0064,0.05,0.22727272727272727,0.7727272727272727,0.225,1.0,1.0,0.35,0.3263157894736842,0.0
20260629_152656_9d451bbc,20260629_152656_9d451bbc_g0005,5,827597901,1,16,16,16,1,3,YELLOW,pool_peer_500ms,2,4.0,[4],0,99,2,"{""1"": 78, ""2"": 70, ""3"": 99, ""4"": 102}",False,16.0,-19.0,0.0,3.0,3.0,0.0075,796.0,198.5,771.5,15.0,27.0,75.0,282.0,372.5,1644.0,787.5,4.0,17.0,68.0,1.0,1.0,2.0,6.0,7.0,1.0,0.0,0.0,16.0,16.0,0.2,0.19047619047619047,0.0064,0.0064,0.05,0.22727272727272727,0.7727272727272727,0.4,1.0,1.0,0.29166666666666663,0.49473684210526314,0.0
20260629_152656_9d451bbc,20260629_152656_9d451bbc_g0005,5,827597901,1,16,16,16,1,4,GREEN,champ_v3,3,4.0,[4],1,102,1,"{""1"": 78, ""2"": 70, ""3"": 99, ""4"": 102}",False,15.0,-21.0,1.0,3.0,3.0,0.0075,647.0,164.625,628.75,15.0,24.0,63.0,225.5,301.25,1793.0,643.75,4.0,17.0,68.0,1.0,1.0,2.0,6.0,7.0,1.0,0.0,0.0,16.0,16.0,0.2,0.19047619047619047,0.0064,0.0064,0.05,0.22727272727272727,0.7727272727272727,0.375,1.0,1.0,0.3,0.4894736842105264,0.0
20260629_152656_9d451bbc,20260629_152656_9d451bbc_g0005,5,827597901,2,24,24,24,1,1,RED,pool_heuristic,0,4.0,[4],0,78,3,"{""1"": 78, ""2"": 70, ""3"": 99, ""4"": 102}",False,19.0,-34.0,3.0,4.0,4.0,0.01,384.0,115.125,395.625,19.0,20.0,48.75,166.0,141.875,1379.0,414.625,6.0,15.0,58.0,1.0,1.0,2.0,6.0,5.0,1.0,1.0,0.0,24.0,24.0,0.3,0.2857142857142857,0.0096,0.0096,0.075,0.3409090909090909,0.6590909090909091,0.475,1.0,1.0,0.4416666666666667,0.5192982456140351,0.0
20260629_152656_9d451bbc,20260629_152656_9d451bbc_g0005,5,827597901,2,24,24,24,1,2,BLUE,pool_l45_100ms,1,4.0,[4],0,70,4,"{""1"": 78, ""2"": 70, ""3"": 99, ""4"": 102}",False,13.0,-46.0,6.0,0.0,4.0,0.01,306.0,80.375,275.75,12.0,16.0,36.0,120.5,91.25,1457.0,288.75,6.0,15.0,58.0,1.0,1.0,2.0,6.0,5.0,0.0,0.0,0.0,24.0,24.0,0.3,0.2857142857142857,0.0096,0.0096,0.075,0.3409090909090909,0.6590909090909091,0.325,1.0,1.0,0.4916666666666667,0.38596491228070173,0.0
20260629_152656_9d451bbc,20260629_152656_9d451bbc_g0005,5,827597901,2,24,24,24,1,3,YELLOW,pool_peer_500ms,2,4.0,[4],0,99,2,"{""1"": 78, ""2"": 70, ""3"": 99, ""4"": 102}",False,18.0,-36.0,0.0,14.0,4.0,0.01,548.0,149.875,544.75,17.0,25.0,63.0,228.5,211.25,1215.0,562.75,6.0,15.0,58.0,1.0,1.0,2.0,6.0,5.0,0.0,0.0,0.0,24.0,24.0,0.3,0.2857142857142857,0.0096,0.0096,0.075,0.3409090909090909,0.6590909090909091,0.45,1.0,1.0,0.45,0.5982456140350877,0.0
20260629_152656_9d451bbc,20260629_152656_9d451bbc_g0005,5,827597901,2,24,24,24,1,4,GREEN,champ_v3,3,4.0,[4],1,102,1,"{""1"": 78, ""2"": 70, ""3"": 99, ""4"": 102}",False,22.0,-28.0,0.0,14.0,4.0,0.01,525.0,147.375,515.375,21.0,25.0,66.75,222.0,180.625,1238.0,537.375,6.0,15.0,58.0,1.0,1.0,2.0,6.0,5.0,1.0,0.0,0.0,24.0,24.0,0.3,0.2857142857142857,0.0096,0.0096,0.075,0.3409090909090909,0.6590909090909091,0.55,1.0,1.0,0.4166666666666667,0.5982456140350877,0.0
20260629_152656_9d451bbc,20260629_152656_9d451bbc_g0005,5,827597901,3,32,32,32,1,1,RED,pool_heuristic,0,4.0,[4],0,78,3,"{""1"": 78, ""2"": 70, ""3"": 99, ""4"": 102}",False,22.0,-41.0,3.0,6.0,8.0,0.02,105.0,45.5,109.75,20.0,12.0,14.25,41.0,22.5,770.0,131.75,8.0,13.0,48.0,1.0,1.0,2.0,6.0,3.0,0.0,1.0,0.0,32.0,32.0,0.3975,0.38095238095238093,0.0128,0.0128,0.1,0.45454545454545453,0.5454545454545454,0.55,1.0,1.0,0.525,0.5026315789473685,0.0
20260629_152656_9d451bbc,20260629_152656_9d451bbc_g0005,5,827597901,3,32,32,32,1,2,BLUE,pool_l45_100ms,1,4.0,[4],0,70,4,"{""1"": 78, ""2"": 70, ""3"": 99, ""4"": 102}",False,15.0,-55.0,3.0,11.0,8.0,0.02,131.0,47.5,130.375,13.0,14.0,27.0,64.5,11.875,744.0,145.375,8.0,13.0,48.0,1.0,1.0,2.0,6.0,3.0,0.0,0.0,0.0,32.0,32.0,0.3975,0.38095238095238093,0.0128,0.0128,0.1,0.45454545454545453,0.5454545454545454,0.375,1.0,1.0,0.5833333333333333,0.43157894736842106,0.0
20260629_152656_9d451bbc,20260629_152656_9d451bbc_g0005,5,827597901,3,32,32,32,1,3,YELLOW,pool_peer_500ms,2,4.0,[4],0,99,2,"{""1"": 78, ""2"": 70, ""3"": 99, ""4"": 102}",False,22.0,-41.0,0.0,19.0,8.0,0.02,282.0,97.0,302.5,19.0,23.0,49.5,156.0,55.0,593.0,324.5,8.0,13.0,48.0,1.0,1.0,2.0,6.0,3.0,0.0,0.0,0.0,32.0,32.0,0.3975,0.38095238095238093,0.0128,0.0128,0.1,0.45454545454545453,0.5454545454545454,0.55,1.0,1.0,0.525,0.6065789473684211,0.0
20260629_152656_9d451bbc,20260629_152656_9d451bbc_g0005,5,827597901,3,32,32,32,1,4,GREEN,champ_v3,3,4.0,[4],1,102,1,"{""1"": 78, ""2"": 70, ""3"": 99, ""4"": 102}",False,26.0,-33.0,0.0,24.0,8.0,0.02,357.0,109.25,342.25,24.0,24.0,54.75,142.0,97.5,518.0,368.25,8.0,13.0,49.0,1.0,1.0,2.0,5.0,4.0,0.0,0.0,0.0,32.0,32.0,0.3975,0.38095238095238093,0.0128,0.0128,0.0975,0.4431818181818182,0.5568181818181818,0.65,1.0,1.0,0.4916666666666667,0.611336032388664,0.0
20260629_152656_9d451bbc,20260629_152656_9d451bbc_g0005,5,827597901,4,40,40,40,1,1,RED,pool_heuristic,0,4.0,[4],0,78,3,"{""1"": 78, ""2"": 70, ""3"": 99, ""4"": 102}",False,21.0,-51.0,2.0,17.0,13.0,0.0325,35.0,22.625,34.5,16.0,7.0,3.75,6.5,1.25,466.0,55.5,10.0,11.0,38.0,1.0,1.0,2.0,6.0,1.0,0.0,0.0,0.0,40.0,40.0,0.49,0.47619047619047616,0.016,0.016,0.125,0.5681818181818182,0.4318181818181818,0.525,1.0,1.0,0.6,0.5126315789473684,0.0
20260629_152656_9d451bbc,20260629_152656_9d451bbc_g0005,5,827597901,4,40,40,40,1,2,BLUE,pool_l45_100ms,1,4.0,[4],0,70,4,"{""1"": 78, ""2"": 70, ""3"": 99, ""4"": 102}",False,16.0,-61.0,3.0,14.0,13.0,0.0325,59.0,28.5,61.5,13.0,10.0,10.5,28.0,0.0,442.0,77.5,10.0,11.0,38.0,1.0,1.0,2.0,6.0,1.0,0.0,0.0,0.0,40.0,40.0,0.49,0.47619047619047616,0.016,0.016,0.125,0.5681818181818182,0.4318181818181818,0.4,1.0,1.0,0.6416666666666667,0.41368421052631577,0.0
20260629_152656_9d451bbc,20260629_152656_9d451bbc_g0005,5,827597901,4,40,40,40,1,3,YELLOW,pool_peer_500ms,2,4.0,[4],0,99,2,"{""1"": 78, ""2"": 70, ""3"": 99, ""4"": 102}",False,25.0,-43.0,0.0,29.0,13.0,0.0325,183.0,75.5,214.25,19.0,21.0,42.75,109.0,22.5,318.0,239.25,10.0,11.0,39.0,1.0,1.0,2.0,5.0,2.0,0.0,0.0,0.0,40.0,40.0,0.49,0.47619047619047616,0.016,0.016,0.1225,0.5568181818181818,0.4431818181818182,0.625,1.0,1.0,0.5666666666666667,0.5821697099892589,0.0
20260629_152656_9d451bbc,20260629_152656_9d451bbc_g0005,5,827597901,4,40,40,40,1,4,GREEN,champ_v3,3,4.0,[4],1,102,1,"{""1"": 78, ""2"": 70, ""3"": 99, ""4"": 102}",False,31.0,-31.0,0.0,35.0,13.0,0.0325,224.0,78.25,217.0,23.0,23.0,48.75,61.0,61.25,277.0,248.0,10.0,11.0,41.0,1.0,1.0,2.0,3.0,4.0,0.0,0.0,0.0,40.0,40.0,0.49,0.47619047619047616,0.016,0.016,0.1175,0.5340909090909091,0.4659090909090909,0.775,1.0,1.0,0.5166666666666667,0.6192609182530795,0.0
20260629_152656_9d451bbc,20260629_152656_9d451bbc_g0005,5,827597901,5,48,48,48,1,1,RED,pool_heuristic,0,4.0,[4],0,78,3,"{""1"": 78, ""2"": 70, ""3"": 99, ""4"": 102}",False,24.0,-47.0,2.0,27.0,18.0,0.045,29.0,21.625,29.5,17.0,5.0,3.0,4.5,0.0,220.0,53.5,12.0,9.0,29.0,1.0,1.0,2.0,5.0,0.0,0.0,0.0,0.0,48.0,48.0,0.5775,0.5714285714285714,0.0192,0.0192,0.1475,0.6704545454545454,0.32954545454545453,0.6,1.0,0.8,0.5916666666666667,0.4683318465655665,0.0
20260629_152656_9d451bbc,20260629_152656_9d451bbc_g0005,5,827597901,5,48,48,48,1,2,BLUE,pool_l45_100ms,1,4.0,[4],0,70,4,"{""1"": 78, ""2"": 70, ""3"": 99, ""4"": 102}",False,13.0,-69.0,3.0,22.0,18.0,0.045,18.0,12.25,18.25,9.0,3.0,2.25,4.0,0.0,231.0,31.25,12.0,9.0,30.0,1.0,1.0,2.0,4.0,1.0,0.0,0.0,0.0,48.0,48.0,0.5775,0.5714285714285714,0.0192,0.0192,0.145,0.6590909090909091,0.3409090909090909,0.325,1.0,1.0,0.6833333333333333,0.411070780399274,0.0
20260629_152656_9d451bbc,20260629_152656_9d451bbc_g0005,5,827597901,5,48,48,48,1,3,YELLOW,pool_peer_500ms,2,4.0,[4],0,99,2,"{""1"": 78, ""2"": 70, ""3"": 99, ""4"": 102}",False,27.0,-41.0,0.0,39.0,18.0,0.045,101.0,49.0,115.0,19.0,16.0,28.5,44.0,7.5,148.0,142.0,12.0,9.0,30.0,1.0,1.0,2.0,4.0,1.0,0.0,0.0,0.0,48.0,48.0,0.5775,0.5714285714285714,0.0192,0.0192,0.145,0.6590909090909091,0.3409090909090909,0.675,1.0,1.0,0.5666666666666667,0.5798548094373865,0.0
20260629_152656_9d451bbc,20260629_152656_9d451bbc_g0005,5,827597901,5,48,48,48,1,4,GREEN,champ_v3,3,4.0,[4],1,102,1,"{""1"": 78, ""2"": 70, ""3"": 99, ""4"": 102}",False,31.0,-33.0,0.0,50.0,18.0,0.045,101.0,43.25,94.25,19.0,15.0,29.25,16.0,15.0,148.0,125.25,12.0,9.0,32.0,1.0,1.0,2.0,2.0,3.0,0.0,0.0,0.0,48.0,48.0,0.5775,0.5714285714285714,0.0192,0.0192,0.14,0.6363636363636364,0.36363636363636365,0.775,1.0,1.0,0.5333333333333333,0.6137218045112782,0.0
20260629_152656_9d451bbc,20260629_152656_9d451bbc_g0005,5,827597901,6,56,56,56,1,1,RED,pool_heuristic,0,4.0,[4],0,78,3,"{""1"": 78, ""2"": 70, ""3"": 99, ""4"": 102}",False,24.0,-43.0,2.0,39.0,26.0,0.065,19.0,17.5,19.0,16.0,3.0,0.0,0.0,0.0,86.0,43.0,14.0,7.0,22.0,1.0,1.0,1.0,4.0,0.0,0.0,0.0,0.0,56.0,56.0,0.65,0.6666666666666666,0.0224,0.0224,0.165,0.75,0.25,0.6,0.7166666666666667,0.8,0.5583333333333333,0.4609250398724083,0.0
20260629_152656_9d451bbc,20260629_152656_9d451bbc_g0005,5,827597901,6,56,56,56,1,2,BLUE,pool_l45_100ms,1,4.0,[4],0,70,4,"{""1"": 78, ""2"": 70, ""3"": 99, ""4"": 102}",False,10.0,-71.0,3.0,29.0,26.0,0.065,5.0,5.0,5.0,5.0,0.0,0.0,0.0,0.0,100.0,15.0,14.0,7.0,24.0,1.0,0.0,2.0,3.0,1.0,0.0,0.0,0.0,56.0,56.0,0.65,0.6666666666666666,0.0224,0.0224,0.16,0.7272727272727273,0.2727272727272727,0.25,0.3333333333333333,1.0,0.675,0.4161184210526315,0.0
20260629_152656_9d451bbc,20260629_152656_9d451bbc_g0005,5,827597901,6,56,56,56,1,3,YELLOW,pool_peer_500ms,2,4.0,[4],0,99,2,"{""1"": 78, ""2"": 70, ""3"": 99, ""4"": 102}",False,28.0,-35.0,0.0,50.0,26.0,0.065,52.0,32.5,58.0,19.0,11.0,15.0,8.0,5.0,53.0,86.0,14.0,7.0,22.0,1.0,1.0,2.0,2.0,1.0,0.0,0.0,0.0,56.0,56.0,0.65,0.6666666666666666,0.0224,0.0224,0.165,0.75,0.25,0.7,0.9666666666666667,1.0,0.525,0.572567783094099,0.0
20260629_152656_9d451bbc,20260629_152656_9d451bbc_g0005,5,827597901,6,56,56,56,1,4,GREEN,champ_v3,3,4.0,[4],1,102,1,"{""1"": 78, ""2"": 70, ""3"": 99, ""4"": 102}",False,29.0,-33.0,0.0,59.0,26.0,0.065,29.0,19.875,25.875,16.0,5.0,2.25,2.0,0.625,76.0,54.875,14.0,7.0,24.0,1.0,1.0,1.0,2.0,2.0,0.0,0.0,0.0,56.0,56.0,0.65,0.6666666666666666,0.0224,0.0224,0.16,0.7272727272727273,0.2727272727272727,0.725,1.0,1.0,0.5166666666666667,0.591282894736842,0.0
20260629_152656_9d451bbc,20260629_152656_9d451bbc_g0005,5,827597901,7,64,64,67,4,1,RED,pool_heuristic,0,4.0,[4],0,78,3,"{""1"": 78, ""2"": 70, ""3"": 99, ""4"": 102}",False,23.0,-37.0,1.0,49.0,31.0,0.0775,0.0,0.0,0.0,0.0,0.0,0.0,0.0,0.0,26.0,23.0,16.0,5.0,19.0,0.0,0.0,1.0,4.0,0.0,0.0,0.0,0.0,64.0,67.0,0.705,0.7619047619047619,0.0268,0.0256,0.1725,0.7840909090909091,0.2159090909090909,0.575,0.5166666666666667,0.8,0.5,0.4736842105263158,0.0
20260629_152656_9d451bbc,20260629_152656_9d451bbc_g0005,5,827597901,7,64,64,67,4,2,BLUE,pool_l45_100ms,1,4.0,[4],0,70,4,"{""1"": 78, ""2"": 70, ""3"": 99, ""4"": 102}",False,9.0,-65.0,3.0,34.0,31.0,0.0775,0.0,0.0,0.0,0.0,0.0,0.0,0.0,0.0,26.0,9.0,15.0,6.0,23.0,0.0,0.0,2.0,3.0,1.0,0.0,0.0,0.0,64.0,67.0,0.705,0.7142857142857143,0.0268,0.0256,0.1625,0.7386363636363636,0.26136363636363635,0.225,0.18333333333333332,1.0,0.6166666666666667,0.41781376518218627,0.0
20260629_152656_9d451bbc,20260629_152656_9d451bbc_g0005,5,827597901,7,64,64,67,4,3,YELLOW,pool_peer_500ms,2,4.0,[4],0,99,2,"{""1"": 78, ""2"": 70, ""3"": 99, ""4"": 102}",False,22.0,-39.0,0.0,54.0,31.0,0.0775,6.0,3.0,7.5,0.0,4.0,1.5,2.0,0.0,20.0,29.5,17.0,4.0,13.0,0.0,1.0,1.0,2.0,0.0,0.0,0.0,0.0,64.0,67.0,0.705,0.8095238095238095,0.0268,0.0256,0.1875,0.8522727272727273,0.14772727272727273,0.55,0.85,0.8,0.5083333333333333,0.5571929824561404,0.0
20260629_152656_9d451bbc,20260629_152656_9d451bbc_g0005,5,827597901,7,64,64,67,4,4,GREEN,champ_v3,3,4.0,[4],1,102,1,"{""1"": 78, ""2"": 70, ""3"": 99, ""4"": 102}",False,29.0,-25.0,0.0,68.0,31.0,0.0775,20.0,16.5,19.5,14.0,4.0,1.5,0.0,0.0,6.0,48.5,16.0,5.0,15.0,1.0,1.0,1.0,1.0,1.0,0.0,0.0,0.0,64.0,67.0,0.705,0.7619047619047619,0.0268,0.0256,0.1825,0.8295454545454546,0.17045454545454544,0.725,0.6833333333333333,1.0,0.45,0.5551550108147081,0.0
20260629_152656_9d451bbc,20260629_152656_9d451bbc_g0006,6,1949798398,0,8,8,8,1,1,RED,pool_l45_100ms,0,3.0,[3],0,71,4,"{""1"": 71, ""2"": 89, ""3"": 118, ""4"": 76}",False,6.0,-19.0,9.0,0.0,1.0,0.0025,388.0,90.5,366.25,6.0,10.0,28.5,113.0,208.75,1534.0,372.25,2.0,19.0,78.0,1.0,1.0,2.0,6.0,9.0,1.0,1.0,0.0,8.0,8.0,0.1,0.09523809523809523,0.0032,0.0032,0.025,0.11363636363636363,0.8863636363636364,0.15,1.0,1.0,0.20833333333333334,0.20526315789473681,0.0
20260629_152656_9d451bbc,20260629_152656_9d451bbc_g0006,6,1949798398,0,8,8,8,1,2,BLUE,pool_peer_500ms,1,3.0,[3],0,89,2,"{""1"": 71, ""2"": 89, ""3"": 118, ""4"": 76}",False,9.0,-13.0,9.0,0.0,1.0,0.0025,543.0,122.625,488.75,9.0,15.0,41.25,153.5,270.0,1379.0,497.75,2.0,19.0,78.0,1.0,1.0,2.0,6.0,9.0,1.0,0.0,0.0,8.0,8.0,0.1,0.09523809523809523,0.0032,0.0032,0.025,0.11363636363636363,0.8863636363636364,0.225,1.0,1.0,0.18333333333333332,0.23684210526315785,0.0
20260629_152656_9d451bbc,20260629_152656_9d451bbc_g0006,6,1949798398,0,8,8,8,1,3,YELLOW,champ_v3,2,3.0,[3],1,118,1,"{""1"": 71, ""2"": 89, ""3"": 118, ""4"": 76}",False,9.0,-13.0,9.0,0.0,1.0,0.0025,543.0,122.625,488.75,9.0,15.0,41.25,153.5,270.0,1379.0,497.75,2.0,19.0,78.0,1.0,1.0,2.0,6.0,9.0,1.0,0.0,0.0,8.0,8.0,0.1,0.09523809523809523,0.0032,0.0032,0.025,0.11363636363636363,0.8863636363636364,0.225,1.0,1.0,0.18333333333333332,0.23684210526315785,0.0
20260629_152656_9d451bbc,20260629_152656_9d451bbc_g0006,6,1949798398,0,8,8,8,1,4,GREEN,pool_heuristic,3,3.0,[3],0,76,3,"{""1"": 71, ""2"": 89, ""3"": 118, ""4"": 76}",False,7.0,-17.0,9.0,0.0,1.0,0.0025,448.0,109.0,441.75,7.0,12.0,34.5,137.0,251.25,1474.0,448.75,2.0,19.0,78.0,1.0,1.0,2.0,6.0,9.0,1.0,1.0,1.0,8.0,8.0,0.1,0.09523809523809523,0.0032,0.0032,0.025,0.11363636363636363,0.8863636363636364,0.175,1.0,1.0,0.2,0.25263157894736843,0.0
20260629_152656_9d451bbc,20260629_152656_9d451bbc_g0006,6,1949798398,1,16,16,16,1,1,RED,pool_l45_100ms,0,3.0,[3],0,71,4,"{""1"": 71, ""2"": 89, ""3"": 118, ""4"": 76}",False,9.0,-37.0,7.0,0.0,1.0,0.0025,426.0,100.75,383.5,9.0,15.0,38.25,145.0,176.25,1926.0,392.5,4.0,17.0,68.0,1.0,1.0,2.0,6.0,7.0,1.0,0.0,0.0,16.0,16.0,0.2,0.19047619047619047,0.0064,0.0064,0.05,0.22727272727272727,0.7727272727272727,0.225,1.0,1.0,0.38333333333333336,0.3236842105263158,0.0
20260629_152656_9d451bbc,20260629_152656_9d451bbc_g0006,6,1949798398,1,16,16,16,1,2,BLUE,pool_peer_500ms,1,3.0,[3],0,89,2,"{""1"": 71, ""2"": 89, ""3"": 118, ""4"": 76}",False,16.0,-23.0,0.0,2.0,1.0,0.0025,721.0,179.875,699.375,14.0,24.0,67.5,252.0,341.875,1631.0,715.375,4.0,17.0,68.0,1.0,1.0,2.0,6.0,7.0,1.0,0.0,0.0,16.0,16.0,0.2,0.19047619047619047,0.0064,0.0064,0.05,0.22727272727272727,0.7727272727272727,0.4,1.0,1.0,0.325,0.49473684210526314,0.0
20260629_152656_9d451bbc,20260629_152656_9d451bbc_g0006,6,1949798398,1,16,16,16,1,3,YELLOW,champ_v3,2,3.0,[3],1,118,1,"{""1"": 71, ""2"": 89, ""3"": 118, ""4"": 76}",False,15.0,-25.0,1.0,2.0,1.0,0.0025,724.0,182.0,701.0,15.0,25.0,70.5,258.0,332.5,1628.0,716.0,4.0,17.0,68.0,1.0,1.0,2.0,6.0,7.0,1.0,0.0,0.0,16.0,16.0,0.2,0.19047619047619047,0.0064,0.0064,0.05,0.22727272727272727,0.7727272727272727,0.375,1.0,1.0,0.33333333333333337,0.4894736842105264,0.0
20260629_152656_9d451bbc,20260629_152656_9d451bbc_g0006,6,1949798398,1,16,16,16,1,4,GREEN,pool_heuristic,3,3.0,[3],0,76,3,"{""1"": 71, ""2"": 89, ""3"": 118, ""4"": 76}",False,15.0,-25.0,4.0,0.0,1.0,0.0025,481.0,137.375,518.875,14.0,20.0,51.75,190.0,243.125,1871.0,533.875,4.0,17.0,68.0,1.0,1.0,2.0,6.0,7.0,1.0,1.0,1.0,16.0,16.0,0.2,0.19047619047619047,0.0064,0.0064,0.05,0.22727272727272727,0.7727272727272727,0.375,1.0,1.0,0.33333333333333337,0.4631578947368421,0.0
20260629_152656_9d451bbc,20260629_152656_9d451bbc_g0006,6,1949798398,2,24,24,24,1,1,RED,pool_l45_100ms,0,3.0,[3],0,71,4,"{""1"": 71, ""2"": 89, ""3"": 118, ""4"": 76}",False,13.0,-46.0,6.0,0.0,7.0,0.0175,223.0,62.5,201.75,12.0,15.0,27.75,87.0,60.0,1222.0,214.75,6.0,15.0,58.0,1.0,1.0,2.0,6.0,5.0,0.0,0.0,0.0,24.0,24.0,0.2975,0.2857142857142857,0.0096,0.0096,0.075,0.3409090909090909,0.6590909090909091,0.325,1.0,1.0,0.4916666666666667,0.4017543859649123,0.0
20260629_152656_9d451bbc,20260629_152656_9d451bbc_g0006,6,1949798398,2,24,24,24,1,2,BLUE,pool_peer_500ms,1,3.0,[3],0,89,2,"{""1"": 71, ""2"": 89, ""3"": 118, ""4"": 76}",False,21.0,-30.0,0.0,9.0,7.0,0.0175,467.0,133.0,471.875,18.0,26.0,62.25,162.5,203.125,978.0,492.875,6.0,15.0,59.0,1.0,1.0,2.0,5.0,6.0,1.0,0.0,0.0,24.0,24.0,0.2975,0.2857142857142857,0.0096,0.0096,0.0725,0.32954545454545453,0.6704545454545454,0.525,1.0,1.0,0.425,0.5843920145190562,0.0
20260629_152656_9d451bbc,20260629_152656_9d451bbc_g0006,6,1949798398,2,24,24,24,1,3,YELLOW,champ_v3,2,3.0,[3],1,118,1,"{""1"": 71, ""2"": 89, ""3"": 118, ""4"": 76}",False,19.0,-34.0,1.0,9.0,7.0,0.0175,488.0,141.25,508.125,17.0,23.0,60.75,220.5,186.875,957.0,527.125,6.0,15.0,58.0,1.0,1.0,2.0,6.0,5.0,1.0,0.0,0.0,24.0,24.0,0.2975,0.2857142857142857,0.0096,0.0096,0.075,0.3409090909090909,0.6590909090909091,0.475,1.0,1.0,0.4416666666666667,0.5824561403508772,0.0
20260629_152656_9d451bbc,20260629_152656_9d451bbc_g0006,6,1949798398,2,24,24,24,1,4,GREEN,pool_heuristic,3,3.0,[3],0,76,3,"{""1"": 71, ""2"": 89, ""3"": 118, ""4"": 76}",False,19.0,-34.0,2.0,6.0,7.0,0.0175,267.0,92.375,314.75,16.0,17.0,38.25,128.5,115.0,1178.0,333.75,6.0,15.0,58.0,1.0,1.0,2.0,6.0,5.0,1.0,1.0,1.0,24.0,24.0,0.2975,0.2857142857142857,0.0096,0.0096,0.075,0.3409090909090909,0.6590909090909091,0.475,1.0,1.0,0.4416666666666667,0.5385964912280701,0.0
20260629_152656_9d451bbc,20260629_152656_9d451bbc_g0006,6,1949798398,3,32,32,32,1,1,RED,pool_l45_100ms,0,3.0,[3],0,71,4,"{""1"": 71, ""2"": 89, ""3"": 118, ""4"": 76}",False,13.0,-53.0,6.0,2.0,10.0,0.025,69.0,29.5,72.875,11.0,10.0,12.75,28.5,10.625,651.0,85.875,8.0,13.0,48.0,1.0,1.0,2.0,6.0,3.0,0.0,0.0,0.0,32.0,32.0,0.395,0.38095238095238093,0.0128,0.0128,0.1,0.45454545454545453,0.5454545454545454,0.325,1.0,1.0,0.55,0.40921052631578947,0.0
20260629_152656_9d451bbc,20260629_152656_9d451bbc_g0006,6,1949798398,3,32,32,32,1,2,BLUE,pool_peer_500ms,1,3.0,[3],0,89,2,"{""1"": 71, ""2"": 89, ""3"": 118, ""4"": 76}",False,22.0,-35.0,0.0,16.0,10.0,0.025,192.0,65.0,188.375,18.0,17.0,32.25,70.5,50.625,528.0,210.375,8.0,13.0,49.0,1.0,1.0,2.0,5.0,4.0,1.0,0.0,0.0,32.0,32.0,0.395,0.38095238095238093,0.0128,0.0128,0.0975,0.4431818181818182,0.5568181818181818,0.55,1.0,1.0,0.475,0.5695006747638327,0.0
20260629_152656_9d451bbc,20260629_152656_9d451bbc_g0006,6,1949798398,3,32,32,32,1,3,YELLOW,champ_v3,2,3.0,[3],1,118,1,"{""1"": 71, ""2"": 89, ""3"": 118, ""4"": 76}",False,24.0,-31.0,1.0,15.0,10.0,0.025,360.0,111.75,362.75,21.0,24.0,57.75,150.0,110.0,360.0,386.75,8.0,13.0,49.0,1.0,1.0,2.0,5.0,4.0,0.0,0.0,0.0,32.0,32.0,0.395,0.38095238095238093,0.0128,0.0128,0.0975,0.4431818181818182,0.5568181818181818,0.6,1.0,1.0,0.4583333333333333,0.5789473684210527,0.0
20260629_152656_9d451bbc,20260629_152656_9d451bbc_g0006,6,1949798398,3,32,32,32,1,4,GREEN,pool_heuristic,3,3.0,[3],0,76,3,"{""1"": 71, ""2"": 89, ""3"": 118, ""4"": 76}",False,20.0,-39.0,2.0,8.0,10.0,0.025,99.0,41.625,107.75,16.0,10.0,15.0,45.5,21.25,621.0,127.75,8.0,13.0,48.0,1.0,1.0,2.0,6.0,3.0,0.0,1.0,1.0,32.0,32.0,0.395,0.38095238095238093,0.0128,0.0128,0.1,0.45454545454545453,0.5454545454545454,0.5,1.0,1.0,0.4916666666666667,0.49868421052631573,0.0
20260629_152656_9d451bbc,20260629_152656_9d451bbc_g0006,6,1949798398,4,40,40,40,1,1,RED,pool_l45_100ms,0,3.0,[3],0,71,4,"{""1"": 71, ""2"": 89, ""3"": 118, ""4"": 76}",False,14.0,-62.0,6.0,11.0,18.0,0.045,32.0,19.875,33.75,12.0,8.0,5.25,8.5,0.0,344.0,47.75,10.0,11.0,38.0,1.0,1.0,2.0,6.0,1.0,0.0,0.0,0.0,40.0,40.0,0.4875,0.47619047619047616,0.016,0.016,0.125,0.5681818181818182,0.4318181818181818,0.35,0.9833333333333333,1.0,0.6333333333333333,0.4178947368421052,0.0
20260629_152656_9d451bbc,20260629_152656_9d451bbc_g0006,6,1949798398,4,40,40,40,1,2,BLUE,pool_peer_500ms,1,3.0,[3],0,89,2,"{""1"": 71, ""2"": 89, ""3"": 118, ""4"": 76}",False,22.0,-46.0,0.0,22.0,18.0,0.045,116.0,50.125,118.875,20.0,17.0,26.25,35.0,20.625,260.0,140.875,10.0,11.0,40.0,1.0,1.0,2.0,4.0,3.0,1.0,0.0,0.0,40.0,40.0,0.4875,0.47619047619047616,0.016,0.016,0.12,0.5454545454545454,0.45454545454545453,0.55,1.0,1.0,0.5666666666666667,0.5734649122807018,0.0
20260629_152656_9d451bbc,20260629_152656_9d451bbc_g0006,6,1949798398,4,40,40,40,1,3,YELLOW,champ_v3,2,3.0,[3],1,118,1,"{""1"": 71, ""2"": 89, ""3"": 118, ""4"": 76}",False,30.0,-30.0,1.0,31.0,18.0,0.045,173.0,71.875,190.25,24.0,20.0,39.75,66.5,40.0,203.0,220.25,10.0,11.0,40.0,1.0,1.0,2.0,4.0,3.0,0.0,0.0,0.0,40.0,40.0,0.4875,0.47619047619047616,0.016,0.016,0.12,0.5454545454545454,0.45454545454545453,0.75,1.0,1.0,0.5,0.5646929824561403,0.0
20260629_152656_9d451bbc,20260629_152656_9d451bbc_g0006,6,1949798398,4,40,40,40,1,4,GREEN,pool_heuristic,3,3.0,[3],0,76,3,"{""1"": 71, ""2"": 89, ""3"": 118, ""4"": 76}",False,24.0,-42.0,2.0,25.0,18.0,0.045,55.0,31.625,58.25,18.0,11.0,10.5,17.5,1.25,321.0,82.25,10.0,11.0,39.0,1.0,1.0,2.0,5.0,2.0,0.0,0.0,1.0,40.0,40.0,0.4875,0.47619047619047616,0.016,0.016,0.1225,0.5568181818181818,0.4431818181818182,0.6,1.0,1.0,0.55,0.49516648764769067,0.0
20260629_152656_9d451bbc,20260629_152656_9d451bbc_g0006,6,1949798398,5,48,48,48,1,1,RED,pool_l45_100ms,0,3.0,[3],0,71,4,"{""1"": 71, ""2"": 89, ""3"": 118, ""4"": 76}",False,13.0,-66.0,6.0,25.0,22.0,0.055,20.0,14.25,21.0,10.0,5.0,3.0,3.0,0.0,163.0,34.0,12.0,9.0,29.0,1.0,1.0,2.0,5.0,0.0,0.0,0.0,0.0,48.0,48.0,0.575,0.5714285714285714,0.0192,0.0192,0.1475,0.6704545454545454,0.32954545454545453,0.325,0.55,0.8,0.6583333333333333,0.40231935771632477,0.0
20260629_152656_9d451bbc,20260629_152656_9d451bbc_g0006,6,1949798398,5,48,48,48,1,2,BLUE,pool_peer_500ms,1,3.0,[3],0,89,2,"{""1"": 71, ""2"": 89, ""3"": 118, ""4"": 76}",False,24.0,-44.0,0.0,35.0,22.0,0.055,50.0,31.75,53.75,19.0,12.0,15.0,4.0,3.75,133.0,77.75,12.0,9.0,32.0,1.0,1.0,2.0,2.0,3.0,1.0,0.0,0.0,48.0,48.0,0.575,0.5714285714285714,0.0192,0.0192,0.14,0.6363636363636364,0.36363636363636365,0.6,1.0,1.0,0.5666666666666667,0.5733082706766917,0.0
20260629_152656_9d451bbc,20260629_152656_9d451bbc_g0006,6,1949798398,5,48,48,48,1,3,YELLOW,champ_v3,2,3.0,[3],1,118,1,"{""1"": 71, ""2"": 89, ""3"": 118, ""4"": 76}",False,30.0,-32.0,1.0,36.0,22.0,0.055,82.0,43.125,86.25,22.0,14.0,21.75,23.5,5.0,101.0,116.25,12.0,9.0,30.0,1.0,1.0,2.0,4.0,1.0,0.0,0.0,0.0,48.0,48.0,0.575,0.5714285714285714,0.0192,0.0192,0.145,0.6590909090909091,0.3409090909090909,0.75,1.0,1.0,0.5166666666666667,0.5499092558983667,0.0
20260629_152656_9d451bbc,20260629_152656_9d451bbc_g0006,6,1949798398,5,48,48,48,1,4,GREEN,pool_heuristic,3,3.0,[3],0,76,3,"{""1"": 71, ""2"": 89, ""3"": 118, ""4"": 76}",False,25.0,-42.0,2.0,32.0,22.0,0.055,31.0,24.125,31.0,19.0,7.0,4.5,0.5,0.0,152.0,56.0,12.0,9.0,31.0,1.0,1.0,2.0,3.0,2.0,0.0,0.0,1.0,48.0,48.0,0.575,0.5714285714285714,0.0192,0.0192,0.1425,0.6477272727272727,0.3522727272727273,0.625,1.0,1.0,0.5583333333333333,0.4736842105263158,0.0
20260629_152656_9d451bbc,20260629_152656_9d451bbc_g0006,6,1949798398,6,56,56,56,1,1,RED,pool_l45_100ms,0,3.0,[3],0,71,4,"{""1"": 71, ""2"": 89, ""3"": 118, ""4"": 76}",False,12.0,-62.0,2.0,34.0,23.0,0.0575,8.0,8.0,8.0,8.0,0.0,0.0,0.0,0.0,93.0,20.0,14.0,7.0,23.0,1.0,0.0,2.0,4.0,0.0,0.0,0.0,0.0,56.0,56.0,0.6375,0.6666666666666666,0.0224,0.0224,0.1625,0.7386363636363636,0.26136363636363635,0.3,0.36666666666666664,0.8,0.6166666666666667,0.4364372469635628,0.0
20260629_152656_9d451bbc,20260629_152656_9d451bbc_g0006,6,1949798398,6,56,56,56,1,2,BLUE,pool_peer_500ms,1,3.0,[3],0,89,2,"{""1"": 71, ""2"": 89, ""3"": 118, ""4"": 76}",False,24.0,-38.0,0.0,45.0,23.0,0.0575,31.0,24.0,32.0,20.0,0.0,12.0,0.0,0.0,70.0,56.0,14.0,7.0,26.0,1.0,0.0,2.0,1.0,3.0,1.0,0.0,0.0,56.0,56.0,0.6375,0.6666666666666666,0.0224,0.0224,0.155,0.7045454545454546,0.29545454545454547,0.6,1.0,1.0,0.5166666666666667,0.5594227504244482,0.0
20260629_152656_9d451bbc,20260629_152656_9d451bbc_g0006,6,1949798398,6,56,56,56,1,3,YELLOW,champ_v3,2,3.0,[3],1,118,1,"{""1"": 71, ""2"": 89, ""3"": 118, ""4"": 76}",False,27.0,-32.0,1.0,47.0,23.0,0.0575,60.0,33.25,62.0,18.0,11.0,18.0,15.0,0.0,41.0,89.0,14.0,7.0,21.0,1.0,1.0,2.0,3.0,0.0,0.0,0.0,0.0,56.0,56.0,0.6375,0.6666666666666666,0.0224,0.0224,0.1675,0.7613636363636364,0.23863636363636365,0.675,1.0,0.8,0.4916666666666667,0.5247446975648076,0.0
20260629_152656_9d451bbc,20260629_152656_9d451bbc_g0006,6,1949798398,6,56,56,56,1,4,GREEN,pool_heuristic,3,3.0,[3],0,76,3,"{""1"": 71, ""2"": 89, ""3"": 118, ""4"": 76}",False,23.0,-40.0,2.0,43.0,23.0,0.0575,2.0,1.0,2.0,0.0,2.0,0.0,0.0,0.0,99.0,25.0,14.0,7.0,27.0,0.0,1.0,1.0,3.0,2.0,0.0,0.0,1.0,56.0,56.0,0.6375,0.6666666666666666,0.0224,0.0224,0.1525,0.6931818181818182,0.3068181818181818,0.575,0.6,1.0,0.525,0.48058671268334774,0.0
20260629_152656_9d451bbc,20260629_152656_9d451bbc_g0006,6,1949798398,7,64,64,67,4,1,RED,pool_l45_100ms,0,3.0,[3],0,71,4,"{""1"": 71, ""2"": 89, ""3"": 118, ""4"": 76}",False,11.0,-65.0,2.0,37.0,24.0,0.06,0.0,0.0,0.0,0.0,0.0,0.0,0.0,0.0,36.0,11.0,15.0,6.0,22.0,0.0,0.0,2.0,4.0,0.0,0.0,0.0,0.0,64.0,67.0,0.6925,0.7142857142857143,0.0268,0.0256,0.165,0.75,0.25,0.275,0.35,0.8,0.6333333333333333,0.43141945773524726,0.0
20260629_152656_9d451bbc,20260629_152656_9d451bbc_g0006,6,1949798398,7,64,64,67,4,2,BLUE,pool_peer_500ms,1,3.0,[3],0,89,2,"{""1"": 71, ""2"": 89, ""3"": 118, ""4"": 76}",False,26.0,-35.0,0.0,52.0,24.0,0.06,2.0,0.25,1.25,0.0,0.0,0.0,0.0,1.25,34.0,27.25,17.0,4.0,19.0,0.0,0.0,0.0,1.0,3.0,1.0,0.0,0.0,64.0,67.0,0.6925,0.8095238095238095,0.0268,0.0256,0.1725,0.7840909090909091,0.2159090909090909,0.65,0.7666666666666667,1.0,0.5083333333333333,0.5499618611746757,0.0
20260629_152656_9d451bbc,20260629_152656_9d451bbc_g0006,6,1949798398,7,64,64,67,4,3,YELLOW,champ_v3,2,3.0,[3],1,118,1,"{""1"": 71, ""2"": 89, ""3"": 118, ""4"": 76}",False,28.0,-31.0,1.0,61.0,24.0,0.06,34.0,24.75,35.25,17.0,10.0,8.25,0.0,0.0,2.0,63.25,17.0,4.0,9.0,1.0,1.0,2.0,0.0,0.0,0.0,0.0,0.0,64.0,67.0,0.6925,0.8095238095238095,0.0268,0.0256,0.1975,0.8977272727272727,0.10227272727272728,0.7,0.75,0.6,0.4916666666666667,0.5003331112591605,0.0
20260629_152656_9d451bbc,20260629_152656_9d451bbc_g0006,6,1949798398,7,64,64,67,4,4,GREEN,pool_heuristic,3,3.0,[3],0,76,3,"{""1"": 71, ""2"": 89, ""3"": 118, ""4"": 76}",False,22.0,-43.0,0.0,49.0,24.0,0.06,0.0,0.0,0.0,0.0,0.0,0.0,0.0,0.0,36.0,22.0,15.0,6.0,25.0,0.0,0.0,1.0,3.0,2.0,0.0,0.0,1.0,64.0,67.0,0.6925,0.7142857142857143,0.0268,0.0256,0.1575,0.7159090909090909,0.2840909090909091,0.55,0.4666666666666667,1.0,0.5416666666666667,0.49540517961570596,0.0
20260629_152656_9d451bbc,20260629_152656_9d451bbc_g0007,7,180577043,0,8,8,8,1,1,RED,pool_peer_500ms,0,2.0,[2],0,91,2,"{""1"": 91, ""2"": 99, ""3"": 64, ""4"": 78}",False,9.0,-15.0,9.0,0.0,0.0,0.0,543.0,122.625,488.75,9.0,15.0,41.25,153.5,270.0,1499.0,497.75,2.0,19.0,78.0,1.0,1.0,2.0,6.0,9.0,1.0,0.0,0.0,8.0,8.0,0.1,0.09523809523809523,0.0032,0.0032,0.025,0.11363636363636363,0.8863636363636364,0.225,1.0,1.0,0.2,0.23684210526315785,0.0
20260629_152656_9d451bbc,20260629_152656_9d451bbc_g0007,7,180577043,0,8,8,8,1,2,BLUE,champ_v3,1,2.0,[2],1,99,1,"{""1"": 91, ""2"": 99, ""3"": 64, ""4"": 78}",False,9.0,-15.0,9.0,0.0,0.0,0.0,543.0,122.625,488.75,9.0,15.0,41.25,153.5,270.0,1499.0,497.75,2.0,19.0,78.0,1.0,1.0,2.0,6.0,9.0,1.0,0.0,0.0,8.0,8.0,0.1,0.09523809523809523,0.0032,0.0032,0.025,0.11363636363636363,0.8863636363636364,0.225,1.0,1.0,0.2,0.23684210526315785,0.0
20260629_152656_9d451bbc,20260629_152656_9d451bbc_g0007,7,180577043,0,8,8,8,1,3,YELLOW,pool_heuristic,2,2.0,[2],0,64,4,"{""1"": 91, ""2"": 99, ""3"": 64, ""4"": 78}",False,8.0,-17.0,9.0,0.0,0.0,0.0,512.0,124.875,504.75,8.0,14.0,40.5,158.5,283.75,1530.0,512.75,2.0,19.0,78.0,1.0,1.0,2.0,6.0,9.0,1.0,0.0,1.0,8.0,8.0,0.1,0.09523809523809523,0.0032,0.0032,0.025,0.11363636363636363,0.8863636363636364,0.2,1.0,1.0,0.20833333333333334,0.25263157894736843,0.0
20260629_152656_9d451bbc,20260629_152656_9d451bbc_g0007,7,180577043,0,8,8,8,1,4,GREEN,pool_l45_100ms,3,2.0,[2],0,78,3,"{""1"": 91, ""2"": 99, ""3"": 64, ""4"": 78}",False,7.0,-19.0,9.0,0.0,0.0,0.0,444.0,103.25,415.125,7.0,12.0,33.75,130.5,231.875,1598.0,422.125,2.0,19.0,78.0,1.0,1.0,2.0,6.0,9.0,1.0,1.0,0.0,8.0,8.0,0.1,0.09523809523809523,0.0032,0.0032,0.025,0.11363636363636363,0.8863636363636364,0.175,1.0,1.0,0.21666666666666665,0.20526315789473681,0.0
20260629_152656_9d451bbc,20260629_152656_9d451bbc_g0007,7,180577043,1,16,16,16,1,1,RED,pool_peer_500ms,0,2.0,[2],0,91,2,"{""1"": 91, ""2"": 99, ""3"": 64, ""4"": 78}",False,16.0,-21.0,0.0,2.0,4.0,0.01,689.0,172.125,666.875,14.0,23.0,64.5,241.0,324.375,1736.0,682.875,4.0,17.0,68.0,1.0,1.0,2.0,6.0,7.0,1.0,0.0,0.0,16.0,16.0,0.2,0.19047619047619047,0.0064,0.0064,0.05,0.22727272727272727,0.7727272727272727,0.4,1.0,1.0,0.30833333333333335,0.49473684210526314,0.0
20260629_152656_9d451bbc,20260629_152656_9d451bbc_g0007,7,180577043,1,16,16,16,1,2,BLUE,champ_v3,1,2.0,[2],1,99,1,"{""1"": 91, ""2"": 99, ""3"": 64, ""4"": 78}",False,15.0,-23.0,1.0,2.0,4.0,0.01,808.0,200.25,777.625,15.0,27.0,77.25,286.5,371.875,1617.0,792.625,4.0,17.0,68.0,1.0,1.0,2.0,6.0,7.0,1.0,0.0,0.0,16.0,16.0,0.2,0.19047619047619047,0.0064,0.0064,0.05,0.22727272727272727,0.7727272727272727,0.375,1.0,1.0,0.31666666666666665,0.4894736842105264,0.0
20260629_152656_9d451bbc,20260629_152656_9d451bbc_g0007,7,180577043,1,16,16,16,1,3,YELLOW,pool_heuristic,2,2.0,[2],0,64,4,"{""1"": 91, ""2"": 99, ""3"": 64, ""4"": 78}",False,12.0,-29.0,5.0,0.0,4.0,0.01,438.0,116.375,439.125,12.0,17.0,43.5,161.0,205.625,1987.0,451.125,4.0,17.0,68.0,1.0,1.0,2.0,6.0,7.0,1.0,0.0,1.0,16.0,16.0,0.2,0.19047619047619047,0.0064,0.0064,0.05,0.22727272727272727,0.7727272727272727,0.3,1.0,1.0,0.3416666666666667,0.41315789473684206,0.0
20260629_152656_9d451bbc,20260629_152656_9d451bbc_g0007,7,180577043,1,16,16,16,1,4,GREEN,pool_l45_100ms,3,2.0,[2],0,78,3,"{""1"": 91, ""2"": 99, ""3"": 64, ""4"": 78}",False,10.0,-33.0,7.0,0.0,4.0,0.01,490.0,115.125,439.875,10.0,17.0,43.5,165.0,204.375,1935.0,449.875,4.0,17.0,68.0,1.0,1.0,2.0,6.0,7.0,1.0,0.0,0.0,16.0,16.0,0.2,0.19047619047619047,0.0064,0.0064,0.05,0.22727272727272727,0.7727272727272727,0.25,1.0,1.0,0.35833333333333334,0.3131578947368421,0.0
20260629_152656_9d451bbc,20260629_152656_9d451bbc_g0007,7,180577043,2,24,24,24,1,1,RED,pool_peer_500ms,0,2.0,[2],0,91,2,"{""1"": 91, ""2"": 99, ""3"": 64, ""4"": 78}",False,22.0,-31.0,0.0,6.0,8.0,0.02,572.0,150.75,542.875,19.0,28.0,67.5,191.5,236.875,984.0,564.875,6.0,15.0,59.0,1.0,1.0,2.0,5.0,6.0,0.0,0.0,0.0,24.0,24.0,0.2975,0.2857142857142857,0.0096,0.0096,0.0725,0.32954545454545453,0.6704545454545454,0.55,1.0,1.0,0.4416666666666667,0.5335753176043556,0.0
20260629_152656_9d451bbc,20260629_152656_9d451bbc_g0007,7,180577043,2,24,24,24,1,2,BLUE,champ_v3,1,2.0,[2],1,99,1,"{""1"": 91, ""2"": 99, ""3"": 64, ""4"": 78}",False,20.0,-35.0,0.0,12.0,8.0,0.02,217.0,70.25,228.875,13.0,16.0,34.5,93.5,71.875,1339.0,248.875,6.0,15.0,58.0,1.0,1.0,2.0,6.0,5.0,1.0,0.0,0.0,24.0,24.0,0.2975,0.2857142857142857,0.0096,0.0096,0.075,0.3409090909090909,0.6590909090909091,0.5,1.0,1.0,0.4583333333333333,0.5982456140350877,0.0
20260629_152656_9d451bbc,20260629_152656_9d451bbc_g0007,7,180577043,2,24,24,24,1,3,YELLOW,pool_heuristic,2,2.0,[2],0,64,4,"{""1"": 91, ""2"": 99, ""3"": 64, ""4"": 78}",False,19.0,-37.0,3.0,5.0,8.0,0.02,359.0,105.125,346.875,18.0,23.0,50.25,155.0,100.625,1197.0,365.875,6.0,15.0,58.0,1.0,1.0,2.0,6.0,5.0,1.0,0.0,0.0,24.0,24.0,0.2975,0.2857142857142857,0.0096,0.0096,0.075,0.3409090909090909,0.6590909090909091,0.475,1.0,1.0,0.4666666666666667,0.4877192982456141,0.0
20260629_152656_9d451bbc,20260629_152656_9d451bbc_g0007,7,180577043,2,24,24,24,1,4,GREEN,pool_l45_100ms,3,2.0,[2],0,78,3,"{""1"": 91, ""2"": 99, ""3"": 64, ""4"": 78}",False,14.0,-47.0,4.0,3.0,8.0,0.02,408.0,105.125,360.75,14.0,22.0,51.75,165.5,107.5,1148.0,374.75,6.0,15.0,58.0,1.0,1.0,2.0,6.0,5.0,0.0,0.0,0.0,24.0,24.0,0.2975,0.2857142857142857,0.0096,0.0096,0.075,0.3409090909090909,0.6590909090909091,0.35,1.0,1.0,0.5083333333333333,0.43333333333333324,0.0
20260629_152656_9d451bbc,20260629_152656_9d451bbc_g0007,7,180577043,3,32,32,32,1,1,RED,pool_peer_500ms,0,2.0,[2],0,91,2,"{""1"": 91, ""2"": 99, ""3"": 64, ""4"": 78}",False,27.0,-31.0,0.0,18.0,13.0,0.0325,421.0,125.625,415.75,22.0,30.0,66.75,139.5,157.5,585.0,442.75,8.0,13.0,50.0,1.0,1.0,2.0,4.0,5.0,0.0,0.0,0.0,32.0,32.0,0.395,0.38095238095238093,0.0128,0.0128,0.095,0.4318181818181818,0.5681818181818182,0.675,1.0,1.0,0.4833333333333333,0.5498614958448753,0.0
20260629_152656_9d451bbc,20260629_152656_9d451bbc_g0007,7,180577043,3,32,32,32,1,2,BLUE,champ_v3,1,2.0,[2],1,99,1,"{""1"": 91, ""2"": 99, ""3"": 64, ""4"": 78}",False,24.0,-37.0,0.0,20.0,13.0,0.0325,277.0,88.25,282.75,16.0,20.0,43.5,142.0,61.25,729.0,306.75,8.0,13.0,48.0,1.0,1.0,2.0,6.0,3.0,1.0,0.0,0.0,32.0,32.0,0.395,0.38095238095238093,0.0128,0.0128,0.1,0.45454545454545453,0.5454545454545454,0.6,1.0,1.0,0.5083333333333333,0.6144736842105263,0.0
20260629_152656_9d451bbc,20260629_152656_9d451bbc_g0007,7,180577043,3,32,32,32,1,3,YELLOW,pool_heuristic,2,2.0,[2],0,64,4,"{""1"": 91, ""2"": 99, ""3"": 64, ""4"": 78}",False,19.0,-47.0,3.0,8.0,13.0,0.0325,111.0,46.0,112.875,17.0,15.0,21.0,50.5,9.375,895.0,131.875,8.0,13.0,48.0,1.0,1.0,2.0,6.0,3.0,1.0,0.0,0.0,32.0,32.0,0.395,0.38095238095238093,0.0128,0.0128,0.1,0.45454545454545453,0.5454545454545454,0.475,1.0,1.0,0.55,0.46184210526315794,0.0
20260629_152656_9d451bbc,20260629_152656_9d451bbc_g0007,7,180577043,3,32,32,32,1,4,GREEN,pool_l45_100ms,3,2.0,[2],0,78,3,"{""1"": 91, ""2"": 99, ""3"": 64, ""4"": 78}",False,15.0,-55.0,4.0,10.0,13.0,0.0325,197.0,61.0,182.875,13.0,16.0,33.75,94.5,25.625,809.0,197.875,8.0,13.0,48.0,1.0,1.0,2.0,6.0,3.0,0.0,0.0,0.0,32.0,32.0,0.395,0.38095238095238093,0.0128,0.0128,0.1,0.45454545454545453,0.5454545454545454,0.375,1.0,1.0,0.5833333333333333,0.4407894736842105,0.0
20260629_152656_9d451bbc,20260629_152656_9d451bbc_g0007,7,180577043,4,40,40,40,1,1,RED,pool_peer_500ms,0,2.0,[2],0,91,2,"{""1"": 91, ""2"": 99, ""3"": 64, ""4"": 78}",False,32.0,-25.0,0.0,26.0,21.0,0.0525,161.0,67.125,166.5,24.0,24.0,35.25,54.5,28.75,218.0,198.5,10.0,11.0,40.0,1.0,1.0,2.0,4.0,3.0,0.0,0.0,0.0,40.0,40.0,0.49,0.47619047619047616,0.016,0.016,0.12,0.5454545454545454,0.45454545454545453,0.8,1.0,1.0,0.475,0.5460526315789473,0.0
20260629_152656_9d451bbc,20260629_152656_9d451bbc_g0007,7,180577043,4,40,40,40,1,2,BLUE,champ_v3,1,2.0,[2],1,99,1,"{""1"": 91, ""2"": 99, ""3"": 64, ""4"": 78}",False,26.0,-37.0,0.0,25.0,21.0,0.0525,136.0,52.125,143.625,15.0,15.0,29.25,60.0,24.375,243.0,169.625,10.0,11.0,39.0,1.0,1.0,2.0,5.0,2.0,0.0,0.0,0.0,40.0,40.0,0.49,0.47619047619047616,0.016,0.016,0.1225,0.5568181818181818,0.4431818181818182,0.65,1.0,1.0,0.525,0.619763694951665,0.0
20260629_152656_9d451bbc,20260629_152656_9d451bbc_g0007,7,180577043,4,40,40,40,1,3,YELLOW,pool_heuristic,2,2.0,[2],0,64,4,"{""1"": 91, ""2"": 99, ""3"": 64, ""4"": 78}",False,16.0,-57.0,3.0,11.0,21.0,0.0525,21.0,16.5,20.5,13.0,6.0,1.5,0.0,0.0,358.0,36.5,10.0,11.0,39.0,1.0,1.0,2.0,5.0,2.0,1.0,0.0,0.0,40.0,40.0,0.49,0.47619047619047616,0.016,0.016,0.1225,0.5568181818181818,0.4431818181818182,0.4,1.0,1.0,0.6083333333333333,0.4264232008592911,0.0
20260629_152656_9d451bbc,20260629_152656_9d451bbc_g0007,7,180577043,4,40,40,40,1,4,GREEN,pool_l45_100ms,3,2.0,[2],0,78,3,"{""1"": 91, ""2"": 99, ""3"": 64, ""4"": 78}",False,15.0,-59.0,4.0,16.0,21.0,0.0525,61.0,25.375,56.25,11.0,8.0,12.75,24.5,0.0,318.0,71.25,10.0,11.0,38.0,1.0,1.0,2.0,6.0,1.0,0.0,0.0,0.0,40.0,40.0,0.49,0.47619047619047616,0.016,0.016,0.125,0.5681818181818182,0.4318181818181818,0.375,1.0,1.0,0.6166666666666667,0.4536842105263158,0.0
20260629_152656_9d451bbc,20260629_152656_9d451bbc_g0007,7,180577043,5,48,48,48,1,1,RED,pool_peer_500ms,0,2.0,[2],0,91,2,"{""1"": 91, ""2"": 99, ""3"": 64, ""4"": 78}",False,36.0,-19.0,0.0,33.0,18.0,0.045,86.0,50.375,102.875,26.0,19.0,15.0,26.0,16.875,112.0,138.875,12.0,9.0,33.0,1.0,1.0,1.0,3.0,3.0,0.0,0.0,0.0,48.0,48.0,0.5675,0.5714285714285714,0.0192,0.0192,0.1375,0.625,0.375,0.9,1.0,1.0,0.4583333333333333,0.5272727272727272,0.0
20260629_152656_9d451bbc,20260629_152656_9d451bbc_g0007,7,180577043,5,48,48,48,1,2,BLUE,champ_v3,1,2.0,[2],1,99,1,"{""1"": 91, ""2"": 99, ""3"": 64, ""4"": 78}",False,26.0,-39.0,0.0,36.0,18.0,0.045,68.0,32.125,67.25,15.0,11.0,15.75,25.5,0.0,130.0,93.25,12.0,9.0,29.0,1.0,1.0,2.0,5.0,0.0,0.0,0.0,0.0,48.0,48.0,0.5675,0.5714285714285714,0.0192,0.0192,0.1475,0.6704545454545454,0.32954545454545453,0.65,1.0,0.8,0.5416666666666667,0.5869759143621767,0.0
20260629_152656_9d451bbc,20260629_152656_9d451bbc_g0007,7,180577043,5,48,48,48,1,3,YELLOW,pool_heuristic,2,2.0,[2],0,64,4,"{""1"": 91, ""2"": 99, ""3"": 64, ""4"": 78}",False,14.0,-63.0,3.0,20.0,18.0,0.045,13.0,11.5,16.0,10.0,0.0,0.0,6.0,0.0,185.0,30.0,12.0,9.0,34.0,1.0,0.0,1.0,5.0,2.0,1.0,0.0,0.0,48.0,48.0,0.5675,0.5714285714285714,0.0192,0.0192,0.135,0.6136363636363636,0.38636363636363635,0.35,0.8666666666666667,1.0,0.6416666666666667,0.43957115009746583,0.0
20260629_152656_9d451bbc,20260629_152656_9d451bbc_g0007,7,180577043,5,48,48,48,1,4,GREEN,pool_l45_100ms,3,2.0,[2],0,78,3,"{""1"": 91, ""2"": 99, ""3"": 64, ""4"": 78}",False,15.0,-61.0,4.0,26.0,18.0,0.045,31.0,16.875,27.5,11.0,5.0,6.0,5.5,0.0,167.0,42.5,12.0,9.0,29.0,1.0,1.0,2.0,5.0,0.0,0.0,0.0,0.0,48.0,48.0,0.5675,0.5714285714285714,0.0192,0.0192,0.1475,0.6704545454545454,0.32954545454545453,0.375,0.7333333333333333,0.8,0.6333333333333333,0.4353256021409455,0.0
20260629_152656_9d451bbc,20260629_152656_9d451bbc_g0007,7,180577043,6,56,56,56,1,1,RED,pool_peer_500ms,0,2.0,[2],0,91,2,"{""1"": 91, ""2"": 99, ""3"": 64, ""4"": 78}",False,34.0,-16.0,0.0,40.0,25.0,0.0625,65.0,42.5,74.75,25.0,17.0,13.5,13.0,6.25,53.0,108.75,14.0,7.0,24.0,1.0,1.0,1.0,2.0,2.0,0.0,0.0,0.0,56.0,56.0,0.6425,0.6666666666666666,0.0224,0.0224,0.16,0.7272727272727273,0.2727272727272727,0.85,1.0,1.0,0.4166666666666667,0.540296052631579,0.0
20260629_152656_9d451bbc,20260629_152656_9d451bbc_g0007,7,180577043,6,56,56,56,1,2,BLUE,champ_v3,1,2.0,[2],1,99,1,"{""1"": 91, ""2"": 99, ""3"": 64, ""4"": 78}",False,24.0,-36.0,0.0,49.0,25.0,0.0625,42.0,22.0,41.25,12.0,7.0,11.25,11.0,0.0,76.0,65.25,14.0,7.0,21.0,1.0,1.0,2.0,3.0,0.0,0.0,0.0,0.0,56.0,56.0,0.6425,0.6666666666666666,0.0224,0.0224,0.1675,0.7613636363636364,0.23863636363636365,0.6,1.0,0.8,0.5,0.5860172820109977,0.0
20260629_152656_9d451bbc,20260629_152656_9d451bbc_g0007,7,180577043,6,56,56,56,1,3,YELLOW,pool_heuristic,2,2.0,[2],0,64,4,"{""1"": 91, ""2"": 99, ""3"": 64, ""4"": 78}",False,13.0,-58.0,3.0,34.0,25.0,0.0625,0.0,0.0,0.0,0.0,0.0,0.0,0.0,0.0,118.0,13.0,14.0,7.0,29.0,0.0,0.0,1.0,4.0,2.0,1.0,0.0,0.0,56.0,56.0,0.6425,0.6666666666666666,0.0224,0.0224,0.1475,0.6704545454545454,0.32954545454545453,0.325,0.5166666666666667,1.0,0.5916666666666667,0.4415700267618198,0.0
20260629_152656_9d451bbc,20260629_152656_9d451bbc_g0007,7,180577043,6,56,56,56,1,4,GREEN,pool_l45_100ms,3,2.0,[2],0,78,3,"{""1"": 91, ""2"": 99, ""3"": 64, ""4"": 78}",False,13.0,-58.0,4.0,34.0,25.0,0.0625,11.0,8.5,10.5,7.0,2.0,1.5,0.0,0.0,107.0,23.5,14.0,7.0,21.0,1.0,1.0,2.0,3.0,0.0,0.0,0.0,0.0,56.0,56.0,0.6425,0.6666666666666666,0.0224,0.0224,0.1675,0.7613636363636364,0.23863636363636365,0.325,0.35,0.8,0.5916666666666667,0.41162608012568735,0.0
20260629_152656_9d451bbc,20260629_152656_9d451bbc_g0007,7,180577043,7,64,64,66,3,1,RED,pool_peer_500ms,0,2.0,[2],0,91,2,"{""1"": 91, ""2"": 99, ""3"": 64, ""4"": 78}",False,33.0,-15.0,0.0,47.0,36.0,0.09,2.0,0.5,2.0,0.0,0.0,0.0,2.0,0.0,8.0,35.0,17.0,4.0,18.0,0.0,0.0,0.0,2.0,2.0,0.0,0.0,0.0,64.0,66.0,0.6875,0.8095238095238095,0.0264,0.0256,0.175,0.7954545454545454,0.20454545454545456,0.825,0.75,1.0,0.4,0.5541353383458647,0.0
20260629_152656_9d451bbc,20260629_152656_9d451bbc_g0007,7,180577043,7,64,64,66,3,2,BLUE,champ_v3,1,2.0,[2],1,99,1,"{""1"": 91, ""2"": 99, ""3"": 64, ""4"": 78}",False,22.0,-37.0,0.0,58.0,36.0,0.09,5.0,2.0,4.5,0.0,3.0,1.5,0.0,0.0,5.0,26.5,17.0,4.0,13.0,0.0,1.0,1.0,2.0,0.0,0.0,0.0,0.0,64.0,66.0,0.6875,0.8095238095238095,0.0264,0.0256,0.1875,0.8522727272727273,0.14772727272727273,0.55,0.7666666666666667,0.8,0.4916666666666667,0.5705263157894737,0.0
20260629_152656_9d451bbc,20260629_152656_9d451bbc_g0007,7,180577043,7,64,64,66,3,3,YELLOW,pool_heuristic,2,2.0,[2],0,64,4,"{""1"": 91, ""2"": 99, ""3"": 64, ""4"": 78}",False,13.0,-55.0,3.0,37.0,36.0,0.09,0.0,0.0,0.0,0.0,0.0,0.0,0.0,0.0,10.0,13.0,14.0,7.0,29.0,0.0,0.0,1.0,4.0,2.0,1.0,0.0,0.0,64.0,66.0,0.6875,0.6666666666666666,0.0264,0.0256,0.1475,0.6704545454545454,0.32954545454545453,0.325,0.36666666666666664,1.0,0.5666666666666667,0.4415700267618198,0.0
20260629_152656_9d451bbc,20260629_152656_9d451bbc_g0007,7,180577043,7,64,64,66,3,4,GREEN,pool_l45_100ms,3,2.0,[2],0,78,3,"{""1"": 91, ""2"": 99, ""3"": 64, ""4"": 78}",False,13.0,-55.0,4.0,36.0,36.0,0.09,3.0,1.5,3.0,0.0,3.0,0.0,0.0,0.0,7.0,16.0,16.0,5.0,17.0,0.0,1.0,1.0,3.0,0.0,0.0,0.0,0.0,64.0,66.0,0.6875,0.7619047619047619,0.0264,0.0256,0.1775,0.8068181818181818,0.19318181818181818,0.325,0.18333333333333332,0.8,0.5666666666666667,0.41438102297998514,0.0
20260629_152656_9d451bbc,20260629_152656_9d451bbc_g0008,8,1121808029,0,8,8,8,1,1,RED,champ_v3,0,1.0,[1],1,110,1,"{""1"": 110, ""2"": 65, ""3"": 90, ""4"": 92}",False,9.0,-15.0,9.0,0.0,0.0,0.0,543.0,122.625,488.75,9.0,15.0,41.25,153.5,270.0,1399.0,497.75,2.0,19.0,78.0,1.0,1.0,2.0,6.0,9.0,1.0,0.0,0.0,8.0,8.0,0.1,0.09523809523809523,0.0032,0.0032,0.025,0.11363636363636363,0.8863636363636364,0.225,1.0,1.0,0.2,0.23684210526315785,0.0
20260629_152656_9d451bbc,20260629_152656_9d451bbc_g0008,8,1121808029,0,8,8,8,1,2,BLUE,pool_heuristic,1,1.0,[1],0,65,4,"{""1"": 110, ""2"": 65, ""3"": 90, ""4"": 92}",False,8.0,-17.0,9.0,0.0,0.0,0.0,492.0,126.875,514.25,8.0,14.0,40.5,160.5,291.25,1450.0,522.25,2.0,19.0,78.0,1.0,1.0,2.0,6.0,9.0,1.0,1.0,1.0,8.0,8.0,0.1,0.09523809523809523,0.0032,0.0032,0.025,0.11363636363636363,0.8863636363636364,0.2,1.0,1.0,0.20833333333333334,0.2578947368421053,0.0
20260629_152656_9d451bbc,20260629_152656_9d451bbc_g0008,8,1121808029,0,8,8,8,1,3,YELLOW,pool_l45_100ms,2,1.0,[1],0,90,3,"{""1"": 110, ""2"": 65, ""3"": 90, ""4"": 92}",False,7.0,-19.0,9.0,0.0,0.0,0.0,364.0,86.0,341.875,7.0,10.0,27.0,108.5,189.375,1578.0,348.875,2.0,19.0,78.0,1.0,1.0,2.0,6.0,9.0,1.0,1.0,0.0,8.0,8.0,0.1,0.09523809523809523,0.0032,0.0032,0.025,0.11363636363636363,0.8863636363636364,0.175,1.0,1.0,0.21666666666666665,0.17368421052631577,0.0
20260629_152656_9d451bbc,20260629_152656_9d451bbc_g0008,8,1121808029,0,8,8,8,1,4,GREEN,pool_peer_500ms,3,1.0,[1],0,92,2,"{""1"": 110, ""2"": 65, ""3"": 90, ""4"": 92}",False,9.0,-15.0,9.0,0.0,0.0,0.0,543.0,122.625,488.75,9.0,15.0,41.25,153.5,270.0,1399.0,497.75,2.0,19.0,78.0,1.0,1.0,2.0,6.0,9.0,1.0,0.0,0.0,8.0,8.0,0.1,0.09523809523809523,0.0032,0.0032,0.025,0.11363636363636363,0.8863636363636364,0.225,1.0,1.0,0.2,0.23684210526315785,0.0
20260629_152656_9d451bbc,20260629_152656_9d451bbc_g0008,8,1121808029,1,16,16,16,1,1,RED,champ_v3,0,1.0,[1],1,110,1,"{""1"": 110, ""2"": 65, ""3"": 90, ""4"": 92}",False,15.0,-24.0,1.0,4.0,0.0,0.0,581.0,148.0,561.0,14.0,22.0,57.0,208.0,260.0,1550.0,576.0,4.0,17.0,68.0,1.0,1.0,2.0,6.0,7.0,1.0,0.0,0.0,16.0,16.0,0.2,0.19047619047619047,0.0064,0.0064,0.05,0.22727272727272727,0.7727272727272727,0.375,1.0,1.0,0.325,0.4815789473684211,0.0
20260629_152656_9d451bbc,20260629_152656_9d451bbc_g0008,8,1121808029,1,16,16,16,1,2,BLUE,pool_heuristic,1,1.0,[1],0,65,4,"{""1"": 110, ""2"": 65, ""3"": 90, ""4"": 92}",False,13.0,-28.0,3.0,2.0,0.0,0.0,461.0,127.375,485.0,12.0,18.0,48.75,177.5,228.75,1670.0,498.0,4.0,17.0,68.0,1.0,1.0,2.0,6.0,7.0,1.0,1.0,1.0,16.0,16.0,0.2,0.19047619047619047,0.0064,0.0064,0.05,0.22727272727272727,0.7727272727272727,0.325,1.0,1.0,0.3416666666666667,0.4631578947368421,0.0
20260629_152656_9d451bbc,20260629_152656_9d451bbc_g0008,8,1121808029,1,16,16,16,1,3,YELLOW,pool_l45_100ms,2,1.0,[1],0,90,3,"{""1"": 110, ""2"": 65, ""3"": 90, ""4"": 92}",False,11.0,-32.0,5.0,0.0,0.0,0.0,429.0,102.375,386.25,11.0,15.0,36.0,140.5,183.75,1702.0,397.25,4.0,17.0,68.0,1.0,1.0,2.0,6.0,7.0,1.0,0.0,0.0,16.0,16.0,0.2,0.19047619047619047,0.0064,0.0064,0.05,0.22727272727272727,0.7727272727272727,0.275,1.0,1.0,0.35833333333333334,0.3526315789473684,0.0
20260629_152656_9d451bbc,20260629_152656_9d451bbc_g0008,8,1121808029,1,16,16,16,1,4,GREEN,pool_peer_500ms,3,1.0,[1],0,92,2,"{""1"": 110, ""2"": 65, ""3"": 90, ""4"": 92}",False,15.0,-24.0,1.0,1.0,0.0,0.0,660.0,166.125,636.875,15.0,23.0,62.25,231.0,305.625,1471.0,651.875,4.0,17.0,68.0,1.0,1.0,2.0,6.0,7.0,1.0,0.0,0.0,16.0,16.0,0.2,0.19047619047619047,0.0064,0.0064,0.05,0.22727272727272727,0.7727272727272727,0.375,1.0,1.0,0.325,0.48684210526315785,0.0
20260629_152656_9d451bbc,20260629_152656_9d451bbc_g0008,8,1121808029,2,24,24,24,1,1,RED,champ_v3,0,1.0,[1],1,110,1,"{""1"": 110, ""2"": 65, ""3"": 90, ""4"": 92}",False,17.0,-32.0,1.0,9.0,6.0,0.015,323.0,95.625,322.625,16.0,20.0,42.75,132.0,111.875,1125.0,339.625,6.0,15.0,58.0,1.0,1.0,2.0,6.0,5.0,1.0,0.0,0.0,24.0,24.0,0.3,0.2857142857142857,0.0096,0.0096,0.075,0.3409090909090909,0.6590909090909091,0.425,1.0,1.0,0.4083333333333333,0.5719298245614035,0.0
20260629_152656_9d451bbc,20260629_152656_9d451bbc_g0008,8,1121808029,2,24,24,24,1,2,BLUE,pool_heuristic,1,1.0,[1],0,65,4,"{""1"": 110, ""2"": 65, ""3"": 90, ""4"": 92}",False,17.0,-32.0,3.0,6.0,6.0,0.015,487.0,139.125,502.5,16.0,23.0,60.0,218.5,185.0,961.0,519.5,6.0,15.0,58.0,1.0,1.0,2.0,6.0,5.0,1.0,1.0,0.0,24.0,24.0,0.3,0.2857142857142857,0.0096,0.0096,0.075,0.3409090909090909,0.6590909090909091,0.425,1.0,1.0,0.4083333333333333,0.5263157894736843,0.0
20260629_152656_9d451bbc,20260629_152656_9d451bbc_g0008,8,1121808029,2,24,24,24,1,3,YELLOW,pool_l45_100ms,2,1.0,[1],0,90,3,"{""1"": 110, ""2"": 65, ""3"": 90, ""4"": 92}",False,15.0,-36.0,1.0,4.0,6.0,0.015,187.0,55.625,170.25,14.0,14.0,22.5,63.5,56.25,1261.0,185.25,6.0,15.0,58.0,1.0,1.0,2.0,6.0,5.0,0.0,0.0,0.0,24.0,24.0,0.3,0.2857142857142857,0.0096,0.0096,0.075,0.3409090909090909,0.6590909090909091,0.375,1.0,1.0,0.425,0.47192982456140353,0.0
20260629_152656_9d451bbc,20260629_152656_9d451bbc_g0008,8,1121808029,2,24,24,24,1,4,GREEN,pool_peer_500ms,3,1.0,[1],0,92,2,"{""1"": 110, ""2"": 65, ""3"": 90, ""4"": 92}",False,17.0,-32.0,1.0,7.0,6.0,0.015,451.0,124.5,437.875,16.0,23.0,57.0,192.5,149.375,997.0,454.875,6.0,15.0,58.0,1.0,1.0,2.0,6.0,5.0,1.0,0.0,0.0,24.0,24.0,0.3,0.2857142857142857,0.0096,0.0096,0.075,0.3409090909090909,0.6590909090909091,0.425,1.0,1.0,0.4083333333333333,0.5649122807017544,0.0
20260629_152656_9d451bbc,20260629_152656_9d451bbc_g0008,8,1121808029,3,32,32,32,1,1,RED,champ_v3,0,1.0,[1],1,110,1,"{""1"": 110, ""2"": 65, ""3"": 90, ""4"": 92}",False,23.0,-32.0,1.0,14.0,6.0,0.015,215.0,75.375,215.75,21.0,22.0,41.25,66.5,65.0,553.0,238.75,8.0,13.0,50.0,1.0,1.0,2.0,4.0,5.0,1.0,0.0,0.0,32.0,32.0,0.39,0.38095238095238093,0.0128,0.0128,0.095,0.4318181818181818,0.5681818181818182,0.575,1.0,1.0,0.4583333333333333,0.5678670360110802,0.0
20260629_152656_9d451bbc,20260629_152656_9d451bbc_g0008,8,1121808029,3,32,32,32,1,2,BLUE,pool_heuristic,1,1.0,[1],0,65,4,"{""1"": 110, ""2"": 65, ""3"": 90, ""4"": 92}",False,22.0,-34.0,3.0,9.0,6.0,0.015,217.0,79.75,229.5,21.0,21.0,38.25,113.0,36.25,551.0,251.5,8.0,13.0,48.0,1.0,1.0,2.0,6.0,3.0,1.0,1.0,0.0,32.0,32.0,0.39,0.38095238095238093,0.0128,0.0128,0.1,0.45454545454545453,0.5454545454545454,0.55,1.0,1.0,0.4666666666666667,0.4894736842105264,0.0
20260629_152656_9d451bbc,20260629_152656_9d451bbc_g0008,8,1121808029,3,32,32,32,1,3,YELLOW,pool_l45_100ms,2,1.0,[1],0,90,3,"{""1"": 110, ""2"": 65, ""3"": 90, ""4"": 92}",False,15.0,-48.0,1.0,12.0,6.0,0.015,78.0,34.0,79.375,14.0,12.0,15.0,26.5,11.875,690.0,94.375,8.0,13.0,48.0,1.0,1.0,2.0,6.0,3.0,0.0,0.0,0.0,32.0,32.0,0.39,0.38095238095238093,0.0128,0.0128,0.1,0.45454545454545453,0.5454545454545454,0.375,1.0,1.0,0.525,0.45000000000000007,0.0
20260629_152656_9d451bbc,20260629_152656_9d451bbc_g0008,8,1121808029,3,32,32,32,1,4,GREEN,pool_peer_500ms,3,1.0,[1],0,92,2,"{""1"": 110, ""2"": 65, ""3"": 90, ""4"": 92}",False,18.0,-42.0,1.0,14.0,6.0,0.015,258.0,83.5,272.5,17.0,18.0,42.75,86.0,108.75,510.0,290.5,8.0,13.0,50.0,1.0,1.0,2.0,4.0,5.0,1.0,0.0,0.0,32.0,32.0,0.39,0.38095238095238093,0.0128,0.0128,0.095,0.4318181818181818,0.5681818181818182,0.45,1.0,1.0,0.5,0.5692520775623269,0.0
20260629_152656_9d451bbc,20260629_152656_9d451bbc_g0008,8,1121808029,4,40,40,40,1,1,RED,champ_v3,0,1.0,[1],1,110,1,"{""1"": 110, ""2"": 65, ""3"": 90, ""4"": 92}",False,28.0,-28.0,1.0,19.0,16.0,0.04,117.0,55.0,126.25,23.0,19.0,28.5,37.0,18.75,203.0,154.25,10.0,11.0,40.0,1.0,1.0,2.0,4.0,3.0,1.0,0.0,0.0,40.0,40.0,0.49,0.47619047619047616,0.016,0.016,0.12,0.5454545454545454,0.45454545454545453,0.7,1.0,1.0,0.4666666666666667,0.549342105263158,0.0
20260629_152656_9d451bbc,20260629_152656_9d451bbc_g0008,8,1121808029,4,40,40,40,1,2,BLUE,pool_heuristic,1,1.0,[1],0,65,4,"{""1"": 110, ""2"": 65, ""3"": 90, ""4"": 92}",False,19.0,-46.0,3.0,13.0,16.0,0.04,67.0,33.75,70.0,16.0,12.0,15.0,27.0,0.0,253.0,89.0,10.0,11.0,38.0,1.0,1.0,2.0,6.0,1.0,1.0,0.0,0.0,40.0,40.0,0.49,0.47619047619047616,0.016,0.016,0.125,0.5681818181818182,0.4318181818181818,0.475,1.0,1.0,0.5416666666666667,0.4810526315789474,0.0
20260629_152656_9d451bbc,20260629_152656_9d451bbc_g0008,8,1121808029,4,40,40,40,1,3,YELLOW,pool_l45_100ms,2,1.0,[1],0,90,3,"{""1"": 110, ""2"": 65, ""3"": 90, ""4"": 92}",False,15.0,-54.0,1.0,26.0,16.0,0.04,57.0,25.625,57.5,11.0,9.0,10.5,24.5,2.5,263.0,72.5,10.0,11.0,38.0,1.0,1.0,2.0,6.0,1.0,0.0,0.0,0.0,40.0,40.0,0.49,0.47619047619047616,0.016,0.016,0.125,0.5681818181818182,0.4318181818181818,0.375,0.9,1.0,0.575,0.4631578947368421,0.0
20260629_152656_9d451bbc,20260629_152656_9d451bbc_g0008,8,1121808029,4,40,40,40,1,4,GREEN,pool_peer_500ms,3,1.0,[1],0,92,2,"{""1"": 110, ""2"": 65, ""3"": 90, ""4"": 92}",False,22.0,-40.0,1.0,28.0,16.0,0.04,79.0,39.0,85.5,18.0,13.0,18.0,24.0,12.5,241.0,107.5,10.0,11.0,40.0,1.0,1.0,2.0,4.0,3.0,1.0,0.0,0.0,40.0,40.0,0.49,0.47619047619047616,0.016,0.016,0.12,0.5454545454545454,0.45454545454545453,0.55,1.0,1.0,0.5166666666666667,0.5800438596491229,0.0
20260629_152656_9d451bbc,20260629_152656_9d451bbc_g0008,8,1121808029,5,48,48,48,1,1,RED,champ_v3,0,1.0,[1],1,110,1,"{""1"": 110, ""2"": 65, ""3"": 90, ""4"": 92}",False,26.0,-34.0,1.0,38.0,22.0,0.055,44.0,26.375,48.75,15.0,9.0,11.25,8.5,5.0,111.0,74.75,12.0,9.0,30.0,1.0,1.0,2.0,4.0,1.0,0.0,0.0,0.0,48.0,48.0,0.58,0.5714285714285714,0.0192,0.0192,0.145,0.6590909090909091,0.3409090909090909,0.65,1.0,1.0,0.5,0.5263157894736843,0.0
20260629_152656_9d451bbc,20260629_152656_9d451bbc_g0008,8,1121808029,5,48,48,48,1,2,BLUE,pool_heuristic,1,1.0,[1],0,65,4,"{""1"": 110, ""2"": 65, ""3"": 90, ""4"": 92}",False,21.0,-44.0,3.0,28.0,22.0,0.055,23.0,19.0,24.5,15.0,6.0,1.5,2.0,0.0,132.0,45.5,12.0,9.0,31.0,1.0,1.0,1.0,5.0,1.0,1.0,0.0,0.0,48.0,48.0,0.58,0.5714285714285714,0.0192,0.0192,0.1425,0.6477272727272727,0.3522727272727273,0.525,0.95,1.0,0.5416666666666667,0.46906740535549396,0.0
20260629_152656_9d451bbc,20260629_152656_9d451bbc_g0008,8,1121808029,5,48,48,48,1,3,YELLOW,pool_l45_100ms,2,1.0,[1],0,90,3,"{""1"": 110, ""2"": 65, ""3"": 90, ""4"": 92}",False,15.0,-56.0,0.0,34.0,22.0,0.055,23.0,14.875,24.75,9.0,6.0,5.25,4.5,0.0,132.0,39.75,12.0,9.0,29.0,1.0,1.0,2.0,5.0,0.0,0.0,0.0,0.0,48.0,48.0,0.58,0.5714285714285714,0.0192,0.0192,0.1475,0.6704545454545454,0.32954545454545453,0.375,0.6666666666666666,0.8,0.5916666666666667,0.4799286351471901,0.0
20260629_152656_9d451bbc,20260629_152656_9d451bbc_g0008,8,1121808029,5,48,48,48,1,4,GREEN,pool_peer_500ms,3,1.0,[1],0,92,2,"{""1"": 110, ""2"": 65, ""3"": 90, ""4"": 92}",False,24.0,-38.0,1.0,35.0,22.0,0.055,65.0,37.0,76.5,18.0,13.0,18.0,20.0,7.5,90.0,100.5,12.0,9.0,30.0,1.0,1.0,2.0,4.0,1.0,0.0,0.0,0.0,48.0,48.0,0.58,0.5714285714285714,0.0192,0.0192,0.145,0.6590909090909091,0.3409090909090909,0.6,1.0,1.0,0.5166666666666667,0.5508166969147006,0.0
20260629_152656_9d451bbc,20260629_152656_9d451bbc_g0008,8,1121808029,6,56,56,56,1,1,RED,champ_v3,0,1.0,[1],1,110,1,"{""1"": 110, ""2"": 65, ""3"": 90, ""4"": 92}",False,21.0,-37.0,1.0,48.0,33.0,0.0825,19.0,14.25,18.75,11.0,4.0,3.75,0.0,0.0,24.0,39.75,14.0,7.0,21.0,1.0,1.0,2.0,3.0,0.0,0.0,0.0,0.0,56.0,56.0,0.64,0.6666666666666666,0.0224,0.0224,0.1675,0.7613636363636364,0.23863636363636365,0.525,0.8833333333333333,0.8,0.4833333333333333,0.48389630793401417,0.0
20260629_152656_9d451bbc,20260629_152656_9d451bbc_g0008,8,1121808029,6,56,56,56,1,2,BLUE,pool_heuristic,1,1.0,[1],0,65,4,"{""1"": 110, ""2"": 65, ""3"": 90, ""4"": 92}",False,22.0,-35.0,3.0,31.0,33.0,0.0825,0.0,0.0,0.0,0.0,0.0,0.0,0.0,0.0,43.0,22.0,14.0,7.0,28.0,0.0,0.0,1.0,5.0,1.0,1.0,0.0,0.0,56.0,56.0,0.64,0.6666666666666666,0.0224,0.0224,0.15,0.6818181818181818,0.3181818181818182,0.55,0.9,1.0,0.475,0.4736842105263158,0.0
20260629_152656_9d451bbc,20260629_152656_9d451bbc_g0008,8,1121808029,6,56,56,56,1,3,YELLOW,pool_l45_100ms,2,1.0,[1],0,90,3,"{""1"": 110, ""2"": 65, ""3"": 90, ""4"": 92}",False,13.0,-53.0,0.0,38.0,33.0,0.0825,13.0,10.5,13.0,8.0,5.0,0.0,0.0,0.0,30.0,26.0,14.0,7.0,22.0,1.0,1.0,1.0,4.0,0.0,0.0,0.0,0.0,56.0,56.0,0.64,0.6666666666666666,0.0224,0.0224,0.165,0.75,0.25,0.325,0.48333333333333334,0.8,0.55,0.45773524720893144,0.0
20260629_152656_9d451bbc,20260629_152656_9d451bbc_g0008,8,1121808029,6,56,56,56,1,4,GREEN,pool_peer_500ms,3,1.0,[1],0,92,2,"{""1"": 110, ""2"": 65, ""3"": 90, ""4"": 92}",False,23.0,-33.0,1.0,44.0,33.0,0.0825,11.0,4.5,10.75,0.0,6.0,3.75,1.0,0.0,32.0,33.75,14.0,7.0,25.0,0.0,1.0,2.0,3.0,1.0,0.0,0.0,0.0,56.0,56.0,0.64,0.6666666666666666,0.0224,0.0224,0.1575,0.7159090909090909,0.2840909090909091,0.575,0.85,1.0,0.4666666666666667,0.5405179615705932,0.0
20260629_152656_9d451bbc,20260629_152656_9d451bbc_g0008,8,1121808029,7,64,64,68,1,1,RED,champ_v3,0,1.0,[1],1,110,1,"{""1"": 110, ""2"": 65, ""3"": 90, ""4"": 92}",False,19.0,-36.0,1.0,54.0,48.0,0.12,1.0,0.25,0.75,0.0,0.0,0.75,0.0,0.0,4.0,19.75,17.0,4.0,15.0,0.0,0.0,1.0,3.0,0.0,0.0,0.0,0.0,64.0,68.0,0.69,0.8095238095238095,0.0272,0.0256,0.1825,0.8295454545454546,0.17045454545454544,0.475,0.5666666666666667,0.8,0.4583333333333333,0.4816149963950973,0.0
20260629_152656_9d451bbc,20260629_152656_9d451bbc_g0008,8,1121808029,7,64,64,68,1,2,BLUE,pool_heuristic,1,1.0,[1],0,65,4,"{""1"": 110, ""2"": 65, ""3"": 90, ""4"": 92}",False,22.0,-30.0,3.0,35.0,48.0,0.12,0.0,0.0,0.0,0.0,0.0,0.0,0.0,0.0,5.0,22.0,14.0,7.0,28.0,0.0,0.0,1.0,5.0,1.0,1.0,0.0,0.0,64.0,68.0,0.69,0.6666666666666666,0.0272,0.0256,0.15,0.6818181818181818,0.3181818181818182,0.55,0.6666666666666666,1.0,0.4333333333333333,0.4736842105263158,0.0
20260629_152656_9d451bbc,20260629_152656_9d451bbc_g0008,8,1121808029,7,64,64,68,1,3,YELLOW,pool_l45_100ms,2,1.0,[1],0,90,3,"{""1"": 110, ""2"": 65, ""3"": 90, ""4"": 92}",False,10.0,-54.0,0.0,40.0,48.0,0.12,0.0,0.0,0.0,0.0,0.0,0.0,0.0,0.0,5.0,10.0,16.0,5.0,19.0,0.0,0.0,1.0,4.0,0.0,0.0,0.0,0.0,64.0,68.0,0.69,0.7619047619047619,0.0272,0.0256,0.1725,0.7840909090909091,0.2159090909090909,0.25,0.43333333333333335,0.8,0.5333333333333333,0.46147978642257825,0.0
20260629_152656_9d451bbc,20260629_152656_9d451bbc_g0008,8,1121808029,7,64,64,68,1,4,GREEN,pool_peer_500ms,3,1.0,[1],0,92,2,"{""1"": 110, ""2"": 65, ""3"": 90, ""4"": 92}",False,23.0,-28.0,1.0,55.0,48.0,0.12,4.0,1.75,3.75,0.0,3.0,0.75,0.0,0.0,1.0,26.75,17.0,4.0,14.0,0.0,1.0,1.0,1.0,1.0,0.0,0.0,0.0,64.0,68.0,0.69,0.8095238095238095,0.0272,0.0256,0.185,0.8409090909090909,0.1590909090909091,0.575,0.8833333333333333,1.0,0.425,0.5440967283072546,0.0
20260629_152656_9d451bbc,20260629_152656_9d451bbc_g0009,9,952610159,0,8,8,8,1,1,RED,pool_heuristic,0,4.0,[4],0,81,3,"{""1"": 81, ""2"": 57, ""3"": 99, ""4"": 105}",False,6.0,-17.0,9.0,0.0,3.0,0.0075,355.0,90.125,364.875,6.0,10.0,28.5,111.0,209.375,1413.0,370.875,2.0,19.0,78.0,1.0,1.0,2.0,6.0,9.0,1.0,1.0,1.0,8.0,8.0,0.1,0.09523809523809523,0.0032,0.0032,0.025,0.11363636363636363,0.8863636363636364,0.15,1.0,1.0,0.19166666666666668,0.24736842105263157,0.0
20260629_152656_9d451bbc,20260629_152656_9d451bbc_g0009,9,952610159,0,8,8,8,1,2,BLUE,pool_l45_100ms,1,4.0,[4],0,57,4,"{""1"": 81, ""2"": 57, ""3"": 99, ""4"": 105}",False,5.0,-19.0,9.0,0.0,3.0,0.0075,327.0,76.25,309.5,5.0,8.0,24.0,95.0,177.5,1441.0,314.5,2.0,19.0,78.0,1.0,1.0,2.0,6.0,9.0,1.0,1.0,0.0,8.0,8.0,0.1,0.09523809523809523,0.0032,0.0032,0.025,0.11363636363636363,0.8863636363636364,0.125,1.0,1.0,0.2,0.15263157894736834,0.0
20260629_152656_9d451bbc,20260629_152656_9d451bbc_g0009,9,952610159,0,8,8,8,1,3,YELLOW,pool_peer_500ms,2,4.0,[4],0,99,2,"{""1"": 81, ""2"": 57, ""3"": 99, ""4"": 105}",False,9.0,-11.0,9.0,0.0,3.0,0.0075,543.0,122.625,488.75,9.0,15.0,41.25,153.5,270.0,1225.0,497.75,2.0,19.0,78.0,1.0,1.0,2.0,6.0,9.0,1.0,0.0,0.0,8.0,8.0,0.1,0.09523809523809523,0.0032,0.0032,0.025,0.11363636363636363,0.8863636363636364,0.225,1.0,1.0,0.16666666666666669,0.23684210526315785,0.0
20260629_152656_9d451bbc,20260629_152656_9d451bbc_g0009,9,952610159,0,8,8,8,1,4,GREEN,champ_v3,3,4.0,[4],1,105,1,"{""1"": 81, ""2"": 57, ""3"": 99, ""4"": 105}",False,9.0,-11.0,9.0,0.0,3.0,0.0075,543.0,122.625,488.75,9.0,15.0,41.25,153.5,270.0,1225.0,497.75,2.0,19.0,78.0,1.0,1.0,2.0,6.0,9.0,1.0,0.0,0.0,8.0,8.0,0.1,0.09523809523809523,0.0032,0.0032,0.025,0.11363636363636363,0.8863636363636364,0.225,1.0,1.0,0.16666666666666669,0.23684210526315785,0.0
20260629_152656_9d451bbc,20260629_152656_9d451bbc_g0009,9,952610159,1,16,16,16,1,1,RED,pool_heuristic,0,4.0,[4],0,81,3,"{""1"": 81, ""2"": 57, ""3"": 99, ""4"": 105}",False,12.0,-27.0,4.0,2.0,3.0,0.0075,492.0,134.625,522.25,11.0,18.0,49.5,187.5,256.25,1990.0,534.25,4.0,17.0,68.0,1.0,1.0,2.0,6.0,7.0,1.0,1.0,1.0,16.0,16.0,0.2,0.19047619047619047,0.0064,0.0064,0.05,0.22727272727272727,0.7727272727272727,0.3,1.0,1.0,0.325,0.4421052631578948,0.0
20260629_152656_9d451bbc,20260629_152656_9d451bbc_g0009,9,952610159,1,16,16,16,1,2,BLUE,pool_l45_100ms,1,4.0,[4],0,57,4,"{""1"": 81, ""2"": 57, ""3"": 99, ""4"": 105}",False,8.0,-35.0,6.0,2.0,3.0,0.0075,426.0,100.625,388.125,8.0,14.0,38.25,146.0,181.875,2056.0,396.125,4.0,17.0,68.0,1.0,1.0,2.0,6.0,7.0,1.0,0.0,0.0,16.0,16.0,0.2,0.19047619047619047,0.0064,0.0064,0.05,0.22727272727272727,0.7727272727272727,0.2,1.0,1.0,0.35833333333333334,0.3263157894736842,0.0
20260629_152656_9d451bbc,20260629_152656_9d451bbc_g0009,9,952610159,1,16,16,16,1,3,YELLOW,pool_peer_500ms,2,4.0,[4],0,99,2,"{""1"": 81, ""2"": 57, ""3"": 99, ""4"": 105}",False,16.0,-19.0,0.0,3.0,3.0,0.0075,803.0,199.75,777.125,15.0,27.0,75.0,284.5,375.625,1679.0,793.125,4.0,17.0,68.0,1.0,1.0,2.0,6.0,7.0,1.0,0.0,0.0,16.0,16.0,0.2,0.19047619047619047,0.0064,0.0064,0.05,0.22727272727272727,0.7727272727272727,0.4,1.0,1.0,0.29166666666666663,0.49473684210526314,0.0
20260629_152656_9d451bbc,20260629_152656_9d451bbc_g0009,9,952610159,1,16,16,16,1,4,GREEN,champ_v3,3,4.0,[4],1,105,1,"{""1"": 81, ""2"": 57, ""3"": 99, ""4"": 105}",False,15.0,-21.0,1.0,3.0,3.0,0.0075,761.0,189.625,736.125,15.0,26.0,70.5,264.0,360.625,1721.0,751.125,4.0,17.0,68.0,1.0,1.0,2.0,6.0,7.0,1.0,0.0,0.0,16.0,16.0,0.2,0.19047619047619047,0.0064,0.0064,0.05,0.22727272727272727,0.7727272727272727,0.375,1.0,1.0,0.3,0.4894736842105264,0.0
20260629_152656_9d451bbc,20260629_152656_9d451bbc_g0009,9,952610159,2,24,24,24,1,1,RED,pool_heuristic,0,4.0,[4],0,81,3,"{""1"": 81, ""2"": 57, ""3"": 99, ""4"": 105}",False,19.0,-34.0,2.0,6.0,4.0,0.01,239.0,79.375,259.375,16.0,16.0,35.25,104.0,88.125,1154.0,278.375,6.0,15.0,58.0,1.0,1.0,2.0,6.0,5.0,1.0,1.0,1.0,24.0,24.0,0.2975,0.2857142857142857,0.0096,0.0096,0.075,0.3409090909090909,0.6590909090909091,0.475,1.0,1.0,0.4416666666666667,0.5140350877192983,0.0
20260629_152656_9d451bbc,20260629_152656_9d451bbc_g0009,9,952610159,2,24,24,24,1,2,BLUE,pool_l45_100ms,1,4.0,[4],0,57,4,"{""1"": 81, ""2"": 57, ""3"": 99, ""4"": 105}",False,12.0,-48.0,6.0,2.0,4.0,0.01,83.0,32.625,82.375,12.0,10.0,15.0,31.0,14.375,1310.0,94.375,6.0,15.0,58.0,1.0,1.0,2.0,6.0,5.0,0.0,0.0,0.0,24.0,24.0,0.2975,0.2857142857142857,0.0096,0.0096,0.075,0.3409090909090909,0.6590909090909091,0.3,1.0,1.0,0.5,0.38596491228070173,0.0
20260629_152656_9d451bbc,20260629_152656_9d451bbc_g0009,9,952610159,2,24,24,24,1,3,YELLOW,pool_peer_500ms,2,4.0,[4],0,99,2,"{""1"": 81, ""2"": 57, ""3"": 99, ""4"": 105}",False,19.0,-34.0,0.0,11.0,4.0,0.01,414.0,111.5,391.125,18.0,20.0,47.25,131.5,174.375,979.0,410.125,6.0,15.0,59.0,1.0,1.0,2.0,5.0,6.0,0.0,0.0,0.0,24.0,24.0,0.2975,0.2857142857142857,0.0096,0.0096,0.0725,0.32954545454545453,0.6704545454545454,0.475,1.0,1.0,0.4416666666666667,0.5989110707803993,0.0
20260629_152656_9d451bbc,20260629_152656_9d451bbc_g0009,9,952610159,2,24,24,24,1,4,GREEN,champ_v3,3,4.0,[4],1,105,1,"{""1"": 81, ""2"": 57, ""3"": 99, ""4"": 105}",False,22.0,-28.0,0.0,13.0,4.0,0.01,657.0,171.25,615.375,21.0,29.0,73.5,257.5,234.375,736.0,637.375,6.0,15.0,58.0,1.0,1.0,2.0,6.0,5.0,0.0,0.0,0.0,24.0,24.0,0.2975,0.2857142857142857,0.0096,0.0096,0.075,0.3409090909090909,0.6590909090909091,0.55,1.0,1.0,0.4166666666666667,0.5947368421052632,0.0
20260629_152656_9d451bbc,20260629_152656_9d451bbc_g0009,9,952610159,3,32,32,32,1,1,RED,pool_heuristic,0,4.0,[4],0,81,3,"{""1"": 81, ""2"": 57, ""3"": 99, ""4"": 105}",False,25.0,-34.0,2.0,9.0,16.0,0.04,222.0,82.875,254.25,19.0,18.0,40.5,120.5,56.25,772.0,279.25,8.0,13.0,48.0,1.0,1.0,2.0,6.0,3.0,1.0,0.0,1.0,32.0,32.0,0.395,0.38095238095238093,0.0128,0.0128,0.1,0.45454545454545453,0.5454545454545454,0.625,1.0,1.0,0.4916666666666667,0.5184210526315789,0.0
20260629_152656_9d451bbc,20260629_152656_9d451bbc_g0009,9,952610159,3,32,32,32,1,2,BLUE,pool_l45_100ms,1,4.0,[4],0,57,4,"{""1"": 81, ""2"": 57, ""3"": 99, ""4"": 105}",False,10.0,-64.0,6.0,2.0,16.0,0.04,67.0,26.25,65.5,10.0,7.0,12.75,27.0,8.75,927.0,75.5,8.0,13.0,48.0,1.0,1.0,2.0,6.0,3.0,0.0,0.0,0.0,32.0,32.0,0.395,0.38095238095238093,0.0128,0.0128,0.1,0.45454545454545453,0.5454545454545454,0.25,1.0,1.0,0.6166666666666667,0.3828947368421053,0.0
20260629_152656_9d451bbc,20260629_152656_9d451bbc_g0009,9,952610159,3,32,32,32,1,3,YELLOW,pool_peer_500ms,2,4.0,[4],0,99,2,"{""1"": 81, ""2"": 57, ""3"": 99, ""4"": 105}",False,22.0,-40.0,0.0,20.0,16.0,0.04,287.0,87.75,277.875,18.0,20.0,44.25,117.5,78.125,707.0,299.875,8.0,13.0,49.0,1.0,1.0,2.0,5.0,4.0,0.0,0.0,0.0,32.0,32.0,0.395,0.38095238095238093,0.0128,0.0128,0.0975,0.4431818181818182,0.5568181818181818,0.55,1.0,1.0,0.5166666666666667,0.601889338731444,0.0
20260629_152656_9d451bbc,20260629_152656_9d451bbc_g0009,9,952610159,3,32,32,32,1,4,GREEN,champ_v3,3,4.0,[4],1,105,1,"{""1"": 81, ""2"": 57, ""3"": 99, ""4"": 105}",False,27.0,-30.0,0.0,24.0,16.0,0.04,418.0,125.625,404.875,24.0,28.0,65.25,167.0,120.625,576.0,431.875,8.0,13.0,49.0,1.0,1.0,2.0,5.0,4.0,0.0,0.0,0.0,32.0,32.0,0.395,0.38095238095238093,0.0128,0.0128,0.0975,0.4431818181818182,0.5568181818181818,0.675,1.0,1.0,0.475,0.6248313090418354,0.0
20260629_152656_9d451bbc,20260629_152656_9d451bbc_g0009,9,952610159,4,40,40,40,1,1,RED,pool_heuristic,0,4.0,[4],0,81,3,"{""1"": 81, ""2"": 57, ""3"": 99, ""4"": 105}",False,29.0,-39.0,2.0,18.0,22.0,0.055,96.0,42.375,95.5,18.0,13.0,22.5,39.5,2.5,344.0,124.5,10.0,11.0,38.0,1.0,1.0,2.0,6.0,1.0,0.0,0.0,0.0,40.0,40.0,0.4875,0.47619047619047616,0.016,0.016,0.125,0.5681818181818182,0.4318181818181818,0.725,1.0,1.0,0.5666666666666667,0.49578947368421056,0.0
20260629_152656_9d451bbc,20260629_152656_9d451bbc_g0009,9,952610159,4,40,40,40,1,2,BLUE,pool_l45_100ms,1,4.0,[4],0,57,4,"{""1"": 81, ""2"": 57, ""3"": 99, ""4"": 105}",False,8.0,-81.0,6.0,7.0,22.0,0.055,7.0,6.5,7.0,6.0,1.0,0.0,0.0,0.0,433.0,15.0,10.0,11.0,39.0,1.0,1.0,2.0,5.0,2.0,0.0,0.0,0.0,40.0,40.0,0.4875,0.47619047619047616,0.016,0.016,0.1225,0.5568181818181818,0.4431818181818182,0.2,0.6166666666666667,1.0,0.7416666666666667,0.3845327604726101,0.0
20260629_152656_9d451bbc,20260629_152656_9d451bbc_g0009,9,952610159,4,40,40,40,1,3,YELLOW,pool_peer_500ms,2,4.0,[4],0,99,2,"{""1"": 81, ""2"": 57, ""3"": 99, ""4"": 105}",False,28.0,-41.0,0.0,32.0,22.0,0.055,147.0,58.125,149.5,20.0,18.0,30.75,54.5,26.25,293.0,177.5,10.0,11.0,40.0,1.0,1.0,2.0,4.0,3.0,0.0,0.0,0.0,40.0,40.0,0.4875,0.47619047619047616,0.016,0.016,0.12,0.5454545454545454,0.45454545454545453,0.7,1.0,1.0,0.575,0.5866228070175439,0.0
20260629_152656_9d451bbc,20260629_152656_9d451bbc_g0009,9,952610159,4,40,40,40,1,4,GREEN,champ_v3,3,4.0,[4],1,105,1,"{""1"": 81, ""2"": 57, ""3"": 99, ""4"": 105}",False,32.0,-33.0,0.0,33.0,22.0,0.055,190.0,84.375,218.375,28.0,27.0,48.0,76.0,39.375,250.0,250.375,10.0,11.0,40.0,1.0,1.0,2.0,4.0,3.0,0.0,0.0,0.0,40.0,40.0,0.4875,0.47619047619047616,0.016,0.016,0.12,0.5454545454545454,0.45454545454545453,0.8,1.0,1.0,0.5416666666666667,0.6096491228070176,0.0
20260629_152656_9d451bbc,20260629_152656_9d451bbc_g0009,9,952610159,5,48,48,48,1,1,RED,pool_heuristic,0,4.0,[4],0,81,3,"{""1"": 81, ""2"": 57, ""3"": 99, ""4"": 105}",False,29.0,-38.0,2.0,27.0,43.0,0.1075,40.0,26.25,43.25,17.0,8.0,9.75,6.0,2.5,195.0,72.25,12.0,9.0,30.0,1.0,1.0,2.0,4.0,1.0,0.0,0.0,0.0,48.0,48.0,0.5625,0.5714285714285714,0.0192,0.0192,0.145,0.6590909090909091,0.3409090909090909,0.725,1.0,1.0,0.5583333333333333,0.499092558983666,0.0
20260629_152656_9d451bbc,20260629_152656_9d451bbc_g0009,9,952610159,5,48,48,48,1,2,BLUE,pool_l45_100ms,1,4.0,[4],0,57,4,"{""1"": 81, ""2"": 57, ""3"": 99, ""4"": 105}",False,5.0,-86.0,6.0,14.0,43.0,0.1075,0.0,0.0,0.0,0.0,0.0,0.0,0.0,0.0,235.0,5.0,12.0,9.0,36.0,0.0,0.0,2.0,5.0,2.0,0.0,0.0,0.0,48.0,48.0,0.5625,0.5714285714285714,0.0192,0.0192,0.13,0.5909090909090909,0.4090909090909091,0.125,0.35,1.0,0.7583333333333333,0.3846153846153847,0.0
20260629_152656_9d451bbc,20260629_152656_9d451bbc_g0009,9,952610159,5,48,48,48,1,3,YELLOW,pool_peer_500ms,2,4.0,[4],0,99,2,"{""1"": 81, ""2"": 57, ""3"": 99, ""4"": 105}",False,30.0,-36.0,0.0,42.0,43.0,0.1075,104.0,48.875,108.25,22.0,16.0,25.5,28.5,16.25,131.0,138.25,12.0,9.0,31.0,1.0,1.0,2.0,3.0,2.0,0.0,0.0,0.0,48.0,48.0,0.5625,0.5714285714285714,0.0192,0.0192,0.1425,0.6477272727272727,0.3522727272727273,0.75,1.0,1.0,0.55,0.554016620498615,0.0
20260629_152656_9d451bbc,20260629_152656_9d451bbc_g0009,9,952610159,5,48,48,48,1,4,GREEN,champ_v3,3,4.0,[4],1,105,1,"{""1"": 81, ""2"": 57, ""3"": 99, ""4"": 105}",False,32.0,-32.0,0.0,42.0,43.0,0.1075,91.0,53.5,107.75,27.0,19.0,24.75,27.0,10.0,144.0,139.75,12.0,9.0,30.0,1.0,1.0,2.0,4.0,1.0,0.0,0.0,0.0,48.0,48.0,0.5625,0.5714285714285714,0.0192,0.0192,0.145,0.6590909090909091,0.3409090909090909,0.8,1.0,1.0,0.5333333333333333,0.5934664246823956,0.0
20260629_152656_9d451bbc,20260629_152656_9d451bbc_g0009,9,952610159,6,56,56,59,4,1,RED,pool_heuristic,0,4.0,[4],0,81,3,"{""1"": 81, ""2"": 57, ""3"": 99, ""4"": 105}",False,27.0,-37.0,2.0,39.0,40.0,0.1,20.0,17.0,20.5,14.0,5.0,1.5,0.0,0.0,80.0,47.5,15.0,6.0,18.0,1.0,1.0,1.0,3.0,0.0,0.0,0.0,0.0,56.0,59.0,0.645,0.7142857142857143,0.0236,0.0224,0.175,0.7954545454545454,0.20454545454545456,0.675,1.0,0.8,0.5333333333333333,0.4631578947368421,0.0
20260629_152656_9d451bbc,20260629_152656_9d451bbc_g0009,9,952610159,6,56,56,59,4,2,BLUE,pool_l45_100ms,1,4.0,[4],0,57,4,"{""1"": 81, ""2"": 57, ""3"": 99, ""4"": 105}",False,5.0,-81.0,6.0,18.0,40.0,0.1,0.0,0.0,0.0,0.0,0.0,0.0,0.0,0.0,100.0,5.0,12.0,9.0,36.0,0.0,0.0,2.0,5.0,2.0,0.0,0.0,0.0,56.0,59.0,0.645,0.5714285714285714,0.0236,0.0224,0.13,0.5909090909090909,0.4090909090909091,0.125,0.2833333333333333,1.0,0.7166666666666667,0.3846153846153847,0.0
20260629_152656_9d451bbc,20260629_152656_9d451bbc_g0009,9,952610159,6,56,56,59,4,3,YELLOW,pool_peer_500ms,2,4.0,[4],0,99,2,"{""1"": 81, ""2"": 57, ""3"": 99, ""4"": 105}",False,30.0,-31.0,0.0,54.0,40.0,0.1,32.0,23.5,30.5,18.0,9.0,1.5,2.0,0.0,68.0,60.5,15.0,6.0,18.0,1.0,1.0,1.0,3.0,0.0,0.0,0.0,0.0,56.0,59.0,0.645,0.7142857142857143,0.0236,0.0224,0.175,0.7954545454545454,0.20454545454545456,0.75,0.9,0.8,0.5083333333333333,0.5263157894736843,0.0
20260629_152656_9d451bbc,20260629_152656_9d451bbc_g0009,9,952610159,6,56,56,59,4,4,GREEN,champ_v3,3,4.0,[4],1,105,1,"{""1"": 81, ""2"": 57, ""3"": 99, ""4"": 105}",False,29.0,-33.0,0.0,52.0,40.0,0.1,48.0,33.75,52.0,22.0,14.0,9.0,7.0,0.0,52.0,81.0,14.0,7.0,22.0,1.0,1.0,1.0,4.0,0.0,0.0,0.0,0.0,56.0,59.0,0.645,0.6666666666666666,0.0236,0.0224,0.165,0.75,0.25,0.725,1.0,0.8,0.5166666666666667,0.5797448165869219,0.0
20260629_152656_9d451bbc,20260629_152656_9d451bbc_g0009,9,952610159,7,64,64,69,2,1,RED,pool_heuristic,0,4.0,[4],0,81,3,"{""1"": 81, ""2"": 57, ""3"": 99, ""4"": 105}",False,25.0,-36.0,2.0,48.0,43.0,0.1075,0.0,0.0,0.0,0.0,0.0,0.0,0.0,0.0,44.0,25.0,18.0,3.0,12.0,0.0,0.0,0.0,3.0,0.0,0.0,0.0,0.0,64.0,69.0,0.7075,0.8571428571428571,0.0276,0.0256,0.19,0.8636363636363636,0.13636363636363635,0.625,0.8333333333333334,0.8,0.5083333333333333,0.4792243767313019,0.0
20260629_152656_9d451bbc,20260629_152656_9d451bbc_g0009,9,952610159,7,64,64,69,2,2,BLUE,pool_l45_100ms,1,4.0,[4],0,57,4,"{""1"": 81, ""2"": 57, ""3"": 99, ""4"": 105}",False,5.0,-76.0,6.0,30.0,43.0,0.1075,0.0,0.0,0.0,0.0,0.0,0.0,0.0,0.0,44.0,5.0,12.0,9.0,36.0,0.0,0.0,2.0,5.0,2.0,0.0,0.0,0.0,64.0,69.0,0.7075,0.5714285714285714,0.0276,0.0256,0.13,0.5909090909090909,0.4090909090909091,0.125,0.11666666666666667,1.0,0.675,0.3846153846153847,0.0
20260629_152656_9d451bbc,20260629_152656_9d451bbc_g0009,9,952610159,7,64,64,69,2,3,YELLOW,pool_peer_500ms,2,4.0,[4],0,99,2,"{""1"": 81, ""2"": 57, ""3"": 99, ""4"": 105}",False,28.0,-30.0,0.0,60.0,43.0,0.1075,19.0,16.5,19.0,14.0,5.0,0.0,0.0,0.0,25.0,47.0,17.0,4.0,11.0,1.0,1.0,0.0,2.0,0.0,0.0,0.0,0.0,64.0,69.0,0.7075,0.8095238095238095,0.0276,0.0256,0.1925,0.875,0.125,0.7,0.6,0.8,0.4833333333333333,0.5030758714969241,0.0
20260629_152656_9d451bbc,20260629_152656_9d451bbc_g0009,9,952610159,7,64,64,69,2,4,GREEN,champ_v3,3,4.0,[4],1,105,1,"{""1"": 81, ""2"": 57, ""3"": 99, ""4"": 105}",False,28.0,-30.0,0.0,68.0,43.0,0.1075,25.0,20.5,26.5,16.0,6.0,4.5,0.0,0.0,19.0,54.5,17.0,4.0,10.0,1.0,1.0,1.0,1.0,0.0,0.0,0.0,0.0,64.0,69.0,0.7075,0.8095238095238095,0.0276,0.0256,0.195,0.8863636363636364,0.11363636363636363,0.7,0.5833333333333334,0.8,0.4833333333333333,0.5560053981106612,0.0
20260629_152656_9d451bbc,20260629_152656_9d451bbc_g0010,10,446692511,0,8,8,8,1,1,RED,pool_l45_100ms,0,,"[2, 3]",0,93,2,"{""1"": 93, ""2"": 97, ""3"": 97, ""4"": 82}",True,6.0,-19.0,9.0,0.0,1.0,0.0025,388.0,90.5,366.25,6.0,10.0,28.5,113.0,208.75,1593.0,372.25,2.0,19.0,78.0,1.0,1.0,2.0,6.0,9.0,1.0,1.0,0.0,8.0,8.0,0.1,0.09523809523809523,0.0032,0.0032,0.025,0.11363636363636363,0.8863636363636364,0.15,1.0,1.0,0.20833333333333334,0.20526315789473681,0.0
20260629_152656_9d451bbc,20260629_152656_9d451bbc_g0010,10,446692511,0,8,8,8,1,2,BLUE,pool_peer_500ms,1,,"[2, 3]",1,97,1,"{""1"": 93, ""2"": 97, ""3"": 97, ""4"": 82}",True,9.0,-13.0,9.0,0.0,1.0,0.0025,543.0,122.625,488.75,9.0,15.0,41.25,153.5,270.0,1438.0,497.75,2.0,19.0,78.0,1.0,1.0,2.0,6.0,9.0,1.0,0.0,0.0,8.0,8.0,0.1,0.09523809523809523,0.0032,0.0032,0.025,0.11363636363636363,0.8863636363636364,0.225,1.0,1.0,0.18333333333333332,0.23684210526315785,0.0
20260629_152656_9d451bbc,20260629_152656_9d451bbc_g0010,10,446692511,0,8,8,8,1,3,YELLOW,champ_v3,2,,"[2, 3]",1,97,1,"{""1"": 93, ""2"": 97, ""3"": 97, ""4"": 82}",True,9.0,-13.0,9.0,0.0,1.0,0.0025,543.0,122.625,488.75,9.0,15.0,41.25,153.5,270.0,1438.0,497.75,2.0,19.0,78.0,1.0,1.0,2.0,6.0,9.0,1.0,0.0,0.0,8.0,8.0,0.1,0.09523809523809523,0.0032,0.0032,0.025,0.11363636363636363,0.8863636363636364,0.225,1.0,1.0,0.18333333333333332,0.23684210526315785,0.0
20260629_152656_9d451bbc,20260629_152656_9d451bbc_g0010,10,446692511,0,8,8,8,1,4,GREEN,pool_heuristic,3,,"[2, 3]",0,82,3,"{""1"": 93, ""2"": 97, ""3"": 97, ""4"": 82}",True,7.0,-17.0,8.0,0.0,1.0,0.0025,507.0,121.5,495.875,7.0,13.0,38.25,154.5,283.125,1474.0,502.875,2.0,19.0,78.0,1.0,1.0,2.0,6.0,9.0,1.0,0.0,1.0,8.0,8.0,0.1,0.09523809523809523,0.0032,0.0032,0.025,0.11363636363636363,0.8863636363636364,0.175,1.0,1.0,0.2,0.26315789473684215,0.0
20260629_152656_9d451bbc,20260629_152656_9d451bbc_g0010,10,446692511,1,16,16,16,1,1,RED,pool_l45_100ms,0,,"[2, 3]",0,93,2,"{""1"": 93, ""2"": 97, ""3"": 97, ""4"": 82}",True,10.0,-35.0,7.0,0.0,1.0,0.0025,457.0,108.375,409.375,10.0,17.0,42.0,156.0,184.375,2120.0,419.375,4.0,17.0,68.0,1.0,1.0,2.0,6.0,7.0,1.0,0.0,0.0,16.0,16.0,0.2,0.19047619047619047,0.0064,0.0064,0.05,0.22727272727272727,0.7727272727272727,0.25,1.0,1.0,0.375,0.3236842105263158,0.0
20260629_152656_9d451bbc,20260629_152656_9d451bbc_g0010,10,446692511,1,16,16,16,1,2,BLUE,pool_peer_500ms,1,,"[2, 3]",1,97,1,"{""1"": 93, ""2"": 97, ""3"": 97, ""4"": 82}",True,16.0,-23.0,0.0,1.0,1.0,0.0025,775.0,195.125,752.625,16.0,27.0,75.75,272.0,361.875,1802.0,768.625,4.0,17.0,68.0,1.0,1.0,2.0,6.0,7.0,1.0,0.0,0.0,16.0,16.0,0.2,0.19047619047619047,0.0064,0.0064,0.05,0.22727272727272727,0.7727272727272727,0.4,1.0,1.0,0.325,0.49473684210526314,0.0
20260629_152656_9d451bbc,20260629_152656_9d451bbc_g0010,10,446692511,1,16,16,16,1,3,YELLOW,champ_v3,2,,"[2, 3]",1,97,1,"{""1"": 93, ""2"": 97, ""3"": 97, ""4"": 82}",True,15.0,-25.0,1.0,3.0,1.0,0.0025,647.0,165.125,630.75,15.0,24.0,64.5,223.5,303.75,1930.0,645.75,4.0,17.0,68.0,1.0,1.0,2.0,6.0,7.0,1.0,0.0,0.0,16.0,16.0,0.2,0.19047619047619047,0.0064,0.0064,0.05,0.22727272727272727,0.7727272727272727,0.375,1.0,1.0,0.33333333333333337,0.4815789473684211,0.0
20260629_152656_9d451bbc,20260629_152656_9d451bbc_g0010,10,446692511,1,16,16,16,1,4,GREEN,pool_heuristic,3,,"[2, 3]",0,82,3,"{""1"": 93, ""2"": 97, ""3"": 97, ""4"": 82}",True,14.0,-27.0,3.0,3.0,1.0,0.0025,698.0,179.5,697.125,13.0,25.0,69.0,259.5,330.625,1879.0,711.125,4.0,17.0,68.0,1.0,1.0,2.0,6.0,7.0,1.0,0.0,1.0,16.0,16.0,0.2,0.19047619047619047,0.0064,0.0064,0.05,0.22727272727272727,0.7727272727272727,0.35,1.0,1.0,0.3416666666666667,0.4894736842105264,0.0
20260629_152656_9d451bbc,20260629_152656_9d451bbc_g0010,10,446692511,2,24,24,24,1,1,RED,pool_l45_100ms,0,,"[2, 3]",0,93,2,"{""1"": 93, ""2"": 97, ""3"": 97, ""4"": 82}",True,14.0,-43.0,6.0,5.0,1.0,0.0025,162.0,51.125,152.5,12.0,15.0,24.75,64.5,36.25,1259.0,166.5,6.0,15.0,58.0,1.0,1.0,2.0,6.0,5.0,0.0,0.0,0.0,24.0,24.0,0.3,0.2857142857142857,0.0096,0.0096,0.075,0.3409090909090909,0.6590909090909091,0.35,1.0,1.0,0.475,0.4017543859649123,0.0
20260629_152656_9d451bbc,20260629_152656_9d451bbc_g0010,10,446692511,2,24,24,24,1,2,BLUE,pool_peer_500ms,1,,"[2, 3]",1,97,1,"{""1"": 93, ""2"": 97, ""3"": 97, ""4"": 82}",True,20.0,-31.0,0.0,7.0,1.0,0.0025,525.0,147.625,516.25,19.0,29.0,69.0,225.5,173.75,896.0,536.25,6.0,15.0,58.0,1.0,1.0,2.0,6.0,5.0,1.0,0.0,0.0,24.0,24.0,0.3,0.2857142857142857,0.0096,0.0096,0.075,0.3409090909090909,0.6590909090909091,0.5,1.0,1.0,0.425,0.5596491228070175,0.0
20260629_152656_9d451bbc,20260629_152656_9d451bbc_g0010,10,446692511,2,24,24,24,1,3,YELLOW,champ_v3,2,,"[2, 3]",1,97,1,"{""1"": 93, ""2"": 97, ""3"": 97, ""4"": 82}",True,20.0,-31.0,0.0,11.0,1.0,0.0025,388.0,116.125,393.75,18.0,24.0,57.0,163.5,131.25,1033.0,413.75,6.0,15.0,58.0,1.0,1.0,2.0,6.0,5.0,1.0,0.0,0.0,24.0,24.0,0.3,0.2857142857142857,0.0096,0.0096,0.075,0.3409090909090909,0.6590909090909091,0.5,1.0,1.0,0.425,0.5912280701754387,0.0
20260629_152656_9d451bbc,20260629_152656_9d451bbc_g0010,10,446692511,2,24,24,24,1,4,GREEN,pool_heuristic,3,,"[2, 3]",0,82,3,"{""1"": 93, ""2"": 97, ""3"": 97, ""4"": 82}",True,17.0,-37.0,3.0,3.0,1.0,0.0025,346.0,105.75,359.875,16.0,22.0,52.5,147.5,121.875,1075.0,376.875,6.0,15.0,58.0,1.0,1.0,2.0,6.0,5.0,1.0,0.0,1.0,24.0,24.0,0.3,0.2857142857142857,0.0096,0.0096,0.075,0.3409090909090909,0.6590909090909091,0.425,1.0,1.0,0.45,0.5175438596491229,0.0
20260629_152656_9d451bbc,20260629_152656_9d451bbc_g0010,10,446692511,3,32,32,32,1,1,RED,pool_l45_100ms,0,,"[2, 3]",0,93,2,"{""1"": 93, ""2"": 97, ""3"": 97, ""4"": 82}",True,16.0,-52.0,3.0,7.0,9.0,0.0225,114.0,43.625,112.625,14.0,15.0,22.5,48.0,13.125,608.0,128.625,8.0,13.0,48.0,1.0,1.0,2.0,6.0,3.0,0.0,0.0,0.0,32.0,32.0,0.3975,0.38095238095238093,0.0128,0.0128,0.1,0.45454545454545453,0.5454545454545454,0.4,1.0,1.0,0.5666666666666667,0.4368421052631579,0.0
20260629_152656_9d451bbc,20260629_152656_9d451bbc_g0010,10,446692511,3,32,32,32,1,2,BLUE,pool_peer_500ms,1,,"[2, 3]",1,97,1,"{""1"": 93, ""2"": 97, ""3"": 97, ""4"": 82}",True,23.0,-38.0,0.0,18.0,9.0,0.0225,264.0,85.75,259.75,20.0,22.0,47.25,98.0,72.5,458.0,282.75,8.0,13.0,49.0,1.0,1.0,2.0,5.0,4.0,0.0,0.0,0.0,32.0,32.0,0.3975,0.38095238095238093,0.0128,0.0128,0.0975,0.4431818181818182,0.5568181818181818,0.575,1.0,1.0,0.5083333333333333,0.573549257759784,0.0
20260629_152656_9d451bbc,20260629_152656_9d451bbc_g0010,10,446692511,3,32,32,32,1,3,YELLOW,champ_v3,2,,"[2, 3]",1,97,1,"{""1"": 93, ""2"": 97, ""3"": 97, ""4"": 82}",True,23.0,-38.0,0.0,21.0,9.0,0.0225,224.0,78.25,230.75,20.0,17.0,41.25,110.0,42.5,498.0,253.75,8.0,13.0,48.0,1.0,1.0,2.0,6.0,3.0,0.0,0.0,0.0,32.0,32.0,0.3975,0.38095238095238093,0.0128,0.0128,0.1,0.45454545454545453,0.5454545454545454,0.575,1.0,1.0,0.5083333333333333,0.6092105263157894,0.0
20260629_152656_9d451bbc,20260629_152656_9d451bbc_g0010,10,446692511,3,32,32,32,1,4,GREEN,pool_heuristic,3,,"[2, 3]",0,82,3,"{""1"": 93, ""2"": 97, ""3"": 97, ""4"": 82}",True,22.0,-40.0,3.0,10.0,9.0,0.0225,120.0,51.375,125.125,19.0,17.0,27.75,47.0,14.375,602.0,147.125,8.0,13.0,48.0,1.0,1.0,2.0,6.0,3.0,0.0,0.0,1.0,32.0,32.0,0.3975,0.38095238095238093,0.0128,0.0128,0.1,0.45454545454545453,0.5454545454545454,0.55,1.0,1.0,0.5166666666666667,0.4776315789473684,0.0
20260629_152656_9d451bbc,20260629_152656_9d451bbc_g0010,10,446692511,4,40,40,40,1,1,RED,pool_l45_100ms,0,,"[2, 3]",0,93,2,"{""1"": 93, ""2"": 97, ""3"": 97, ""4"": 82}",True,15.0,-61.0,3.0,21.0,17.0,0.0425,97.0,38.75,98.125,12.0,14.0,21.75,48.5,1.875,427.0,113.125,10.0,11.0,38.0,1.0,1.0,2.0,6.0,1.0,0.0,0.0,0.0,40.0,40.0,0.4875,0.47619047619047616,0.016,0.016,0.125,0.5681818181818182,0.4318181818181818,0.375,1.0,1.0,0.6333333333333333,0.4378947368421052,0.0
20260629_152656_9d451bbc,20260629_152656_9d451bbc_g0010,10,446692511,4,40,40,40,1,2,BLUE,pool_peer_500ms,1,,"[2, 3]",1,97,1,"{""1"": 93, ""2"": 97, ""3"": 97, ""4"": 82}",True,29.0,-33.0,0.0,26.0,17.0,0.0425,175.0,67.125,172.625,23.0,22.0,42.0,40.0,45.625,349.0,201.625,10.0,11.0,41.0,1.0,1.0,2.0,3.0,4.0,0.0,0.0,0.0,40.0,40.0,0.4875,0.47619047619047616,0.016,0.016,0.1175,0.5340909090909091,0.4659090909090909,0.725,1.0,1.0,0.5166666666666667,0.5565509518477044,0.0
20260629_152656_9d451bbc,20260629_152656_9d451bbc_g0010,10,446692511,4,40,40,40,1,3,YELLOW,champ_v3,2,,"[2, 3]",1,97,1,"{""1"": 93, ""2"": 97, ""3"": 97, ""4"": 82}",True,28.0,-35.0,0.0,32.0,17.0,0.0425,195.0,72.375,195.375,22.0,19.0,40.5,92.0,21.875,329.0,223.375,10.0,11.0,39.0,1.0,1.0,2.0,5.0,2.0,0.0,0.0,0.0,40.0,40.0,0.4875,0.47619047619047616,0.016,0.016,0.1225,0.5568181818181818,0.4431818181818182,0.7,1.0,1.0,0.525,0.5853920515574651,0.0
20260629_152656_9d451bbc,20260629_152656_9d451bbc_g0010,10,446692511,4,40,40,40,1,4,GREEN,pool_heuristic,3,,"[2, 3]",0,82,3,"{""1"": 93, ""2"": 97, ""3"": 97, ""4"": 82}",True,19.0,-53.0,2.0,17.0,17.0,0.0425,57.0,28.625,57.5,14.0,11.0,13.5,16.5,2.5,467.0,76.5,10.0,11.0,39.0,1.0,1.0,2.0,5.0,2.0,0.0,0.0,1.0,40.0,40.0,0.4875,0.47619047619047616,0.016,0.016,0.1225,0.5568181818181818,0.4431818181818182,0.475,1.0,1.0,0.6,0.4876476906552094,0.0
20260629_152656_9d451bbc,20260629_152656_9d451bbc_g0010,10,446692511,5,48,48,48,1,1,RED,pool_l45_100ms,0,,"[2, 3]",0,93,2,"{""1"": 93, ""2"": 97, ""3"": 97, ""4"": 82}",True,14.0,-63.0,3.0,27.0,28.0,0.07,61.0,27.5,64.25,10.0,10.0,17.25,27.0,0.0,165.0,78.25,12.0,9.0,29.0,1.0,1.0,2.0,5.0,0.0,0.0,0.0,0.0,48.0,48.0,0.5775,0.5714285714285714,0.0192,0.0192,0.1475,0.6704545454545454,0.32954545454545453,0.35,1.0,0.8,0.6416666666666667,0.4388938447814452,0.0
20260629_152656_9d451bbc,20260629_152656_9d451bbc_g0010,10,446692511,5,48,48,48,1,2,BLUE,pool_peer_500ms,1,,"[2, 3]",1,97,1,"{""1"": 93, ""2"": 97, ""3"": 97, ""4"": 82}",True,29.0,-33.0,0.0,36.0,28.0,0.07,67.0,37.75,70.75,20.0,14.0,22.5,8.0,6.25,159.0,99.75,12.0,9.0,32.0,1.0,1.0,2.0,2.0,3.0,0.0,0.0,0.0,48.0,48.0,0.5775,0.5714285714285714,0.0192,0.0192,0.14,0.6363636363636364,0.36363636363636365,0.725,1.0,1.0,0.5166666666666667,0.5413533834586466,0.0
20260629_152656_9d451bbc,20260629_152656_9d451bbc_g0010,10,446692511,5,48,48,48,1,3,YELLOW,champ_v3,2,,"[2, 3]",1,97,1,"{""1"": 93, ""2"": 97, ""3"": 97, ""4"": 82}",True,26.0,-39.0,0.0,44.0,28.0,0.07,55.0,30.375,58.25,17.0,8.0,12.75,20.5,0.0,171.0,84.25,12.0,9.0,29.0,1.0,1.0,2.0,5.0,0.0,0.0,0.0,0.0,48.0,48.0,0.5775,0.5714285714285714,0.0192,0.0192,0.1475,0.6704545454545454,0.32954545454545453,0.65,1.0,0.8,0.5416666666666667,0.5512934879571811,0.0
20260629_152656_9d451bbc,20260629_152656_9d451bbc_g0010,10,446692511,5,48,48,48,1,4,GREEN,pool_heuristic,3,,"[2, 3]",0,82,3,"{""1"": 93, ""2"": 97, ""3"": 97, ""4"": 82}",True,22.0,-47.0,2.0,28.0,28.0,0.07,43.0,26.875,46.625,15.0,12.0,12.0,7.0,0.625,183.0,68.625,12.0,9.0,31.0,1.0,1.0,2.0,3.0,2.0,0.0,0.0,1.0,48.0,48.0,0.5775,0.5714285714285714,0.0192,0.0192,0.1425,0.6477272727272727,0.3522727272727273,0.55,1.0,1.0,0.575,0.5216989843028623,0.0
20260629_152656_9d451bbc,20260629_152656_9d451bbc_g0010,10,446692511,6,56,56,56,1,1,RED,pool_l45_100ms,0,,"[2, 3]",0,93,2,"{""1"": 93, ""2"": 97, ""3"": 97, ""4"": 82}",True,13.0,-59.0,1.0,42.0,30.0,0.075,26.0,16.0,31.25,8.0,6.0,8.25,9.0,0.0,109.0,44.25,14.0,7.0,21.0,1.0,1.0,2.0,3.0,0.0,0.0,0.0,0.0,56.0,56.0,0.66,0.6666666666666666,0.0224,0.0224,0.1675,0.7613636363636364,0.23863636363636365,0.325,0.7666666666666667,0.8,0.6,0.46975648075412413,0.0
20260629_152656_9d451bbc,20260629_152656_9d451bbc_g0010,10,446692511,6,56,56,56,1,2,BLUE,pool_peer_500ms,1,,"[2, 3]",1,97,1,"{""1"": 93, ""2"": 97, ""3"": 97, ""4"": 82}",True,25.0,-35.0,0.0,47.0,30.0,0.075,30.0,19.625,29.625,14.0,5.0,6.75,2.0,1.875,105.0,54.625,14.0,7.0,22.0,1.0,1.0,2.0,2.0,1.0,0.0,0.0,0.0,56.0,56.0,0.66,0.6666666666666666,0.0224,0.0224,0.165,0.75,0.25,0.625,0.6166666666666667,1.0,0.5,0.5159489633173844,0.0
20260629_152656_9d451bbc,20260629_152656_9d451bbc_g0010,10,446692511,6,56,56,56,1,3,YELLOW,champ_v3,2,,"[2, 3]",1,97,1,"{""1"": 93, ""2"": 97, ""3"": 97, ""4"": 82}",True,27.0,-31.0,0.0,51.0,30.0,0.075,57.0,29.625,61.75,17.0,0.0,17.25,27.5,0.0,78.0,88.75,14.0,7.0,23.0,1.0,0.0,2.0,4.0,0.0,0.0,0.0,0.0,56.0,56.0,0.66,0.6666666666666666,0.0224,0.0224,0.1625,0.7386363636363636,0.26136363636363635,0.675,1.0,0.8,0.4833333333333333,0.5441295546558704,0.0
20260629_152656_9d451bbc,20260629_152656_9d451bbc_g0010,10,446692511,6,56,56,56,1,4,GREEN,pool_heuristic,3,,"[2, 3]",0,82,3,"{""1"": 93, ""2"": 97, ""3"": 97, ""4"": 82}",True,20.0,-45.0,2.0,42.0,30.0,0.075,22.0,15.25,22.75,10.0,6.0,6.75,0.0,0.0,113.0,42.75,14.0,7.0,22.0,1.0,1.0,2.0,2.0,1.0,0.0,0.0,1.0,56.0,56.0,0.66,0.6666666666666666,0.0224,0.0224,0.165,0.75,0.25,0.5,0.7333333333333333,1.0,0.5416666666666667,0.5175438596491229,0.0
20260629_152656_9d451bbc,20260629_152656_9d451bbc_g0010,10,446692511,7,64,64,64,1,1,RED,pool_l45_100ms,0,,"[2, 3]",0,93,2,"{""1"": 93, ""2"": 97, ""3"": 97, ""4"": 82}",True,10.0,-61.0,1.0,48.0,30.0,0.075,10.0,7.25,10.75,5.0,2.0,3.75,0.0,0.0,29.0,20.75,16.0,5.0,13.0,1.0,1.0,2.0,1.0,0.0,0.0,0.0,0.0,64.0,64.0,0.7225,0.7619047619047619,0.0256,0.0256,0.1875,0.8522727272727273,0.14772727272727273,0.25,0.36666666666666664,0.8,0.5916666666666667,0.4414035087719298,0.0
20260629_152656_9d451bbc,20260629_152656_9d451bbc_g0010,10,446692511,7,64,64,64,1,2,BLUE,pool_peer_500ms,1,,"[2, 3]",1,97,1,"{""1"": 93, ""2"": 97, ""3"": 97, ""4"": 82}",True,24.0,-33.0,0.0,52.0,30.0,0.075,11.0,4.75,12.25,0.0,5.0,5.25,2.0,0.0,28.0,36.25,16.0,5.0,16.0,0.0,1.0,2.0,2.0,0.0,0.0,0.0,0.0,64.0,64.0,0.7225,0.7619047619047619,0.0256,0.0256,0.18,0.8181818181818182,0.18181818181818182,0.6,0.48333333333333334,0.8,0.475,0.4956140350877193,0.0
20260629_152656_9d451bbc,20260629_152656_9d451bbc_g0010,10,446692511,7,64,64,64,1,3,YELLOW,champ_v3,2,,"[2, 3]",1,97,1,"{""1"": 93, ""2"": 97, ""3"": 97, ""4"": 82}",True,28.0,-25.0,0.0,59.0,30.0,0.075,9.0,2.875,9.25,0.0,0.0,6.75,2.5,0.0,30.0,37.25,16.0,5.0,18.0,0.0,0.0,2.0,3.0,0.0,0.0,0.0,0.0,64.0,64.0,0.7225,0.7619047619047619,0.0256,0.0256,0.175,0.7954545454545454,0.20454545454545456,0.7,0.6666666666666666,0.8,0.4416666666666667,0.5368421052631578,0.0
20260629_152656_9d451bbc,20260629_152656_9d451bbc_g0010,10,446692511,7,64,64,64,1,4,GREEN,pool_heuristic,3,,"[2, 3]",0,82,3,"{""1"": 93, ""2"": 97, ""3"": 97, ""4"": 82}",True,19.0,-43.0,2.0,50.0,30.0,0.075,9.0,7.5,9.0,6.0,3.0,0.0,0.0,0.0,30.0,28.0,16.0,5.0,16.0,1.0,1.0,0.0,2.0,1.0,0.0,0.0,1.0,64.0,64.0,0.7225,0.7619047619047619,0.0256,0.0256,0.18,0.8181818181818182,0.18181818181818182,0.475,0.5166666666666667,1.0,0.5166666666666667,0.513157894736842,0.0
20260629_152656_9d451bbc,20260629_152656_9d451bbc_g0011,11,1913972563,0,8,8,8,1,1,RED,pool_peer_500ms,0,2.0,[2],0,96,2,"{""1"": 96, ""2"": 105, ""3"": 78, ""4"": 64}",False,9.0,-13.0,9.0,0.0,0.0,0.0,543.0,122.625,488.75,9.0,15.0,41.25,153.5,270.0,1342.0,497.75,2.0,19.0,78.0,1.0,1.0,2.0,6.0,9.0,1.0,0.0,0.0,8.0,8.0,0.1,0.09523809523809523,0.0032,0.0032,0.025,0.11363636363636363,0.8863636363636364,0.225,1.0,1.0,0.18333333333333332,0.23684210526315785,0.0
20260629_152656_9d451bbc,20260629_152656_9d451bbc_g0011,11,1913972563,0,8,8,8,1,2,BLUE,champ_v3,1,2.0,[2],1,105,1,"{""1"": 96, ""2"": 105, ""3"": 78, ""4"": 64}",False,9.0,-13.0,9.0,0.0,0.0,0.0,543.0,122.625,488.75,9.0,15.0,41.25,153.5,270.0,1342.0,497.75,2.0,19.0,78.0,1.0,1.0,2.0,6.0,9.0,1.0,0.0,0.0,8.0,8.0,0.1,0.09523809523809523,0.0032,0.0032,0.025,0.11363636363636363,0.8863636363636364,0.225,1.0,1.0,0.18333333333333332,0.23684210526315785,0.0
20260629_152656_9d451bbc,20260629_152656_9d451bbc_g0011,11,1913972563,0,8,8,8,1,3,YELLOW,pool_heuristic,2,2.0,[2],0,78,3,"{""1"": 96, ""2"": 105, ""3"": 78, ""4"": 64}",False,6.0,-19.0,9.0,0.0,0.0,0.0,355.0,90.375,366.125,6.0,10.0,28.5,111.0,210.625,1530.0,372.125,2.0,19.0,78.0,1.0,1.0,2.0,6.0,9.0,1.0,1.0,1.0,8.0,8.0,0.1,0.09523809523809523,0.0032,0.0032,0.025,0.11363636363636363,0.8863636363636364,0.15,1.0,1.0,0.20833333333333334,0.2421052631578947,0.0
20260629_152656_9d451bbc,20260629_152656_9d451bbc_g0011,11,1913972563,0,8,8,8,1,4,GREEN,pool_l45_100ms,3,2.0,[2],0,64,4,"{""1"": 96, ""2"": 105, ""3"": 78, ""4"": 64}",False,7.0,-17.0,9.0,0.0,0.0,0.0,444.0,103.25,415.125,7.0,12.0,33.75,130.5,231.875,1441.0,422.125,2.0,19.0,78.0,1.0,1.0,2.0,6.0,9.0,1.0,1.0,0.0,8.0,8.0,0.1,0.09523809523809523,0.0032,0.0032,0.025,0.11363636363636363,0.8863636363636364,0.175,1.0,1.0,0.2,0.20526315789473681,0.0
20260629_152656_9d451bbc,20260629_152656_9d451bbc_g0011,11,1913972563,1,16,16,16,1,1,RED,pool_peer_500ms,0,2.0,[2],0,96,2,"{""1"": 96, ""2"": 105, ""3"": 78, ""4"": 64}",False,16.0,-23.0,0.0,2.0,4.0,0.01,689.0,172.125,666.875,14.0,23.0,64.5,241.0,324.375,1892.0,682.875,4.0,17.0,68.0,1.0,1.0,2.0,6.0,7.0,1.0,0.0,0.0,16.0,16.0,0.2,0.19047619047619047,0.0064,0.0064,0.05,0.22727272727272727,0.7727272727272727,0.4,1.0,1.0,0.325,0.49473684210526314,0.0
20260629_152656_9d451bbc,20260629_152656_9d451bbc_g0011,11,1913972563,1,16,16,16,1,2,BLUE,champ_v3,1,2.0,[2],1,105,1,"{""1"": 96, ""2"": 105, ""3"": 78, ""4"": 64}",False,15.0,-25.0,1.0,2.0,4.0,0.01,746.0,186.75,718.375,15.0,27.0,72.75,265.5,338.125,1835.0,733.375,4.0,17.0,68.0,1.0,1.0,2.0,6.0,7.0,1.0,0.0,0.0,16.0,16.0,0.2,0.19047619047619047,0.0064,0.0064,0.05,0.22727272727272727,0.7727272727272727,0.375,1.0,1.0,0.33333333333333337,0.4894736842105264,0.0
20260629_152656_9d451bbc,20260629_152656_9d451bbc_g0011,11,1913972563,1,16,16,16,1,3,YELLOW,pool_heuristic,2,2.0,[2],0,78,3,"{""1"": 96, ""2"": 105, ""3"": 78, ""4"": 64}",False,14.0,-27.0,5.0,0.0,4.0,0.01,639.0,177.25,684.0,14.0,25.0,67.5,255.0,322.5,1942.0,698.0,4.0,17.0,68.0,1.0,1.0,2.0,6.0,7.0,1.0,0.0,1.0,16.0,16.0,0.2,0.19047619047619047,0.0064,0.0064,0.05,0.22727272727272727,0.7727272727272727,0.35,1.0,1.0,0.3416666666666667,0.4421052631578948,0.0
20260629_152656_9d451bbc,20260629_152656_9d451bbc_g0011,11,1913972563,1,16,16,16,1,4,GREEN,pool_l45_100ms,3,2.0,[2],0,64,4,"{""1"": 96, ""2"": 105, ""3"": 78, ""4"": 64}",False,10.0,-35.0,7.0,0.0,4.0,0.01,507.0,118.875,456.375,10.0,17.0,45.0,170.0,214.375,2074.0,466.375,4.0,17.0,68.0,1.0,1.0,2.0,6.0,7.0,1.0,0.0,0.0,16.0,16.0,0.2,0.19047619047619047,0.0064,0.0064,0.05,0.22727272727272727,0.7727272727272727,0.25,1.0,1.0,0.375,0.3131578947368421,0.0
20260629_152656_9d451bbc,20260629_152656_9d451bbc_g0011,11,1913972563,2,24,24,24,1,1,RED,pool_peer_500ms,0,2.0,[2],0,96,2,"{""1"": 96, ""2"": 105, ""3"": 78, ""4"": 64}",False,20.0,-32.0,0.0,10.0,9.0,0.0225,507.0,138.625,508.5,16.0,23.0,62.25,178.5,228.75,920.0,528.5,6.0,15.0,59.0,1.0,1.0,2.0,5.0,6.0,1.0,0.0,0.0,24.0,24.0,0.2975,0.2857142857142857,0.0096,0.0096,0.0725,0.32954545454545453,0.6704545454545454,0.5,1.0,1.0,0.4333333333333333,0.5843920145190562,0.0
20260629_152656_9d451bbc,20260629_152656_9d451bbc_g0011,11,1913972563,2,24,24,24,1,2,BLUE,champ_v3,1,2.0,[2],1,105,1,"{""1"": 96, ""2"": 105, ""3"": 78, ""4"": 64}",False,21.0,-30.0,0.0,10.0,9.0,0.0225,426.0,123.0,422.875,17.0,27.0,57.75,180.5,140.625,1001.0,443.875,6.0,15.0,58.0,1.0,1.0,2.0,6.0,5.0,1.0,0.0,0.0,24.0,24.0,0.2975,0.2857142857142857,0.0096,0.0096,0.075,0.3409090909090909,0.6590909090909091,0.525,1.0,1.0,0.425,0.5912280701754387,0.0
20260629_152656_9d451bbc,20260629_152656_9d451bbc_g0011,11,1913972563,2,24,24,24,1,3,YELLOW,pool_heuristic,2,2.0,[2],0,78,3,"{""1"": 96, ""2"": 105, ""3"": 78, ""4"": 64}",False,18.0,-36.0,4.0,1.0,9.0,0.0225,188.0,71.875,208.0,18.0,22.0,35.25,91.5,41.25,1239.0,226.0,6.0,15.0,58.0,1.0,1.0,2.0,6.0,5.0,1.0,0.0,1.0,24.0,24.0,0.2975,0.2857142857142857,0.0096,0.0096,0.075,0.3409090909090909,0.6590909090909091,0.45,1.0,1.0,0.45,0.48070175438596485,0.0
20260629_152656_9d451bbc,20260629_152656_9d451bbc_g0011,11,1913972563,2,24,24,24,1,4,GREEN,pool_l45_100ms,3,2.0,[2],0,64,4,"{""1"": 96, ""2"": 105, ""3"": 78, ""4"": 64}",False,13.0,-46.0,3.0,0.0,9.0,0.0225,306.0,79.875,267.625,13.0,18.0,36.75,113.0,86.875,1121.0,280.625,6.0,15.0,58.0,1.0,1.0,2.0,6.0,5.0,0.0,0.0,0.0,24.0,24.0,0.2975,0.2857142857142857,0.0096,0.0096,0.075,0.3409090909090909,0.6590909090909091,0.325,1.0,1.0,0.4916666666666667,0.4175438596491228,0.0
20260629_152656_9d451bbc,20260629_152656_9d451bbc_g0011,11,1913972563,3,32,32,32,1,1,RED,pool_peer_500ms,0,2.0,[2],0,96,2,"{""1"": 96, ""2"": 105, ""3"": 78, ""4"": 64}",False,25.0,-32.0,0.0,17.0,13.0,0.0325,365.0,107.75,351.25,20.0,24.0,54.0,142.0,111.25,453.0,376.25,8.0,13.0,49.0,1.0,1.0,2.0,5.0,4.0,0.0,0.0,0.0,32.0,32.0,0.3925,0.38095238095238093,0.0128,0.0128,0.0975,0.4431818181818182,0.5568181818181818,0.625,1.0,1.0,0.475,0.6032388663967612,0.0
20260629_152656_9d451bbc,20260629_152656_9d451bbc_g0011,11,1913972563,3,32,32,32,1,2,BLUE,champ_v3,1,2.0,[2],1,105,1,"{""1"": 96, ""2"": 105, ""3"": 78, ""4"": 64}",False,24.0,-34.0,0.0,20.0,13.0,0.0325,332.0,103.625,340.0,18.0,25.0,53.25,132.5,111.25,486.0,364.0,8.0,13.0,49.0,1.0,1.0,2.0,5.0,4.0,1.0,0.0,0.0,32.0,32.0,0.3925,0.38095238095238093,0.0128,0.0128,0.0975,0.4431818181818182,0.5568181818181818,0.6,1.0,1.0,0.4833333333333333,0.6207827260458839,0.0
20260629_152656_9d451bbc,20260629_152656_9d451bbc_g0011,11,1913972563,3,32,32,32,1,3,YELLOW,pool_heuristic,2,2.0,[2],0,78,3,"{""1"": 96, ""2"": 105, ""3"": 78, ""4"": 64}",False,18.0,-46.0,4.0,5.0,13.0,0.0325,77.0,35.5,83.75,16.0,9.0,14.25,27.0,17.5,741.0,101.75,8.0,13.0,49.0,1.0,1.0,2.0,5.0,4.0,1.0,0.0,1.0,32.0,32.0,0.3925,0.38095238095238093,0.0128,0.0128,0.0975,0.4431818181818182,0.5568181818181818,0.45,1.0,1.0,0.5333333333333333,0.46963562753036436,0.0
20260629_152656_9d451bbc,20260629_152656_9d451bbc_g0011,11,1913972563,3,32,32,32,1,4,GREEN,pool_l45_100ms,3,2.0,[2],0,64,4,"{""1"": 96, ""2"": 105, ""3"": 78, ""4"": 64}",False,15.0,-52.0,3.0,7.0,13.0,0.0325,44.0,21.25,41.625,11.0,9.0,6.75,10.5,4.375,774.0,56.625,8.0,13.0,48.0,1.0,1.0,2.0,6.0,3.0,0.0,0.0,0.0,32.0,32.0,0.3925,0.38095238095238093,0.0128,0.0128,0.1,0.45454545454545453,0.5454545454545454,0.375,1.0,1.0,0.5583333333333333,0.4421052631578948,0.0
20260629_152656_9d451bbc,20260629_152656_9d451bbc_g0011,11,1913972563,4,40,40,40,1,1,RED,pool_peer_500ms,0,2.0,[2],0,96,2,"{""1"": 96, ""2"": 105, ""3"": 78, ""4"": 64}",False,31.0,-29.0,0.0,29.0,24.0,0.06,245.0,87.75,254.75,23.0,23.0,50.25,96.0,62.5,348.0,285.75,10.0,11.0,40.0,1.0,1.0,2.0,4.0,3.0,0.0,0.0,0.0,40.0,40.0,0.485,0.47619047619047616,0.016,0.016,0.12,0.5454545454545454,0.45454545454545453,0.775,1.0,1.0,0.5,0.5888157894736843,0.0
20260629_152656_9d451bbc,20260629_152656_9d451bbc_g0011,11,1913972563,4,40,40,40,1,2,BLUE,champ_v3,1,2.0,[2],1,105,1,"{""1"": 96, ""2"": 105, ""3"": 78, ""4"": 64}",False,30.0,-31.0,0.0,30.0,24.0,0.06,305.0,98.75,302.25,21.0,27.0,57.75,114.0,82.5,288.0,332.25,10.0,11.0,40.0,1.0,1.0,2.0,4.0,3.0,0.0,0.0,0.0,40.0,40.0,0.485,0.47619047619047616,0.016,0.016,0.12,0.5454545454545454,0.45454545454545453,0.75,1.0,1.0,0.5083333333333333,0.6140350877192983,0.0
20260629_152656_9d451bbc,20260629_152656_9d451bbc_g0011,11,1913972563,4,40,40,40,1,3,YELLOW,pool_heuristic,2,2.0,[2],0,78,3,"{""1"": 96, ""2"": 105, ""3"": 78, ""4"": 64}",False,18.0,-55.0,4.0,10.0,24.0,0.06,30.0,21.5,31.25,16.0,6.0,3.75,3.0,2.5,563.0,49.25,10.0,11.0,39.0,1.0,1.0,2.0,5.0,2.0,1.0,0.0,0.0,40.0,40.0,0.485,0.47619047619047616,0.016,0.016,0.1225,0.5568181818181818,0.4431818181818182,0.45,1.0,1.0,0.6083333333333333,0.42534908700322227,0.0
20260629_152656_9d451bbc,20260629_152656_9d451bbc_g0011,11,1913972563,4,40,40,40,1,4,GREEN,pool_l45_100ms,3,2.0,[2],0,64,4,"{""1"": 96, ""2"": 105, ""3"": 78, ""4"": 64}",False,12.0,-67.0,3.0,17.0,24.0,0.06,13.0,9.5,12.5,7.0,4.0,1.5,0.0,0.0,580.0,24.5,10.0,11.0,39.0,1.0,1.0,2.0,5.0,2.0,0.0,0.0,0.0,40.0,40.0,0.485,0.47619047619047616,0.016,0.016,0.1225,0.5568181818181818,0.4431818181818182,0.3,0.7666666666666667,1.0,0.6583333333333333,0.4296455424274973,0.0
20260629_152656_9d451bbc,20260629_152656_9d451bbc_g0011,11,1913972563,5,48,48,48,1,1,RED,pool_peer_500ms,0,2.0,[2],0,96,2,"{""1"": 96, ""2"": 105, ""3"": 78, ""4"": 64}",False,34.0,-26.0,0.0,41.0,26.0,0.065,107.0,47.875,110.5,21.0,14.0,24.75,29.5,21.25,208.0,144.5,12.0,9.0,31.0,1.0,1.0,2.0,3.0,2.0,0.0,0.0,0.0,48.0,48.0,0.5725,0.5714285714285714,0.0192,0.0192,0.1425,0.6477272727272727,0.3522727272727273,0.85,1.0,1.0,0.5,0.5734072022160666,0.0
20260629_152656_9d451bbc,20260629_152656_9d451bbc_g0011,11,1913972563,5,48,48,48,1,2,BLUE,champ_v3,1,2.0,[2],1,105,1,"{""1"": 96, ""2"": 105, ""3"": 78, ""4"": 64}",False,30.0,-34.0,0.0,38.0,26.0,0.065,152.0,62.5,161.5,20.0,20.0,42.0,52.0,27.5,163.0,191.5,12.0,9.0,31.0,1.0,1.0,2.0,3.0,2.0,0.0,0.0,0.0,48.0,48.0,0.5725,0.5714285714285714,0.0192,0.0192,0.1425,0.6477272727272727,0.3522727272727273,0.75,1.0,1.0,0.5333333333333333,0.5992613111726686,0.0
20260629_152656_9d451bbc,20260629_152656_9d451bbc_g0011,11,1913972563,5,48,48,48,1,3,YELLOW,pool_heuristic,2,2.0,[2],0,78,3,"{""1"": 96, ""2"": 105, ""3"": 78, ""4"": 64}",False,19.0,-56.0,4.0,33.0,26.0,0.065,47.0,25.25,46.5,15.0,7.0,7.5,17.0,0.0,268.0,65.5,12.0,9.0,29.0,1.0,1.0,2.0,5.0,0.0,0.0,0.0,0.0,48.0,48.0,0.5725,0.5714285714285714,0.0192,0.0192,0.1475,0.6704545454545454,0.32954545454545453,0.475,1.0,0.8,0.625,0.4121320249776985,0.0
20260629_152656_9d451bbc,20260629_152656_9d451bbc_g0011,11,1913972563,5,48,48,48,1,4,GREEN,pool_l45_100ms,3,2.0,[2],0,64,4,"{""1"": 96, ""2"": 105, ""3"": 78, ""4"": 64}",False,11.0,-72.0,3.0,23.0,26.0,0.065,9.0,7.5,9.0,6.0,3.0,0.0,0.0,0.0,306.0,20.0,12.0,9.0,32.0,1.0,1.0,1.0,4.0,2.0,0.0,0.0,0.0,48.0,48.0,0.5725,0.5714285714285714,0.0192,0.0192,0.14,0.6363636363636364,0.36363636363636365,0.275,0.6333333333333333,1.0,0.6916666666666667,0.4642857142857143,0.0
20260629_152656_9d451bbc,20260629_152656_9d451bbc_g0011,11,1913972563,6,56,56,56,1,1,RED,pool_peer_500ms,0,2.0,[2],0,96,2,"{""1"": 96, ""2"": 105, ""3"": 78, ""4"": 64}",False,35.0,-23.0,0.0,49.0,29.0,0.0725,43.0,29.75,47.75,19.0,11.0,9.75,8.0,0.0,61.0,82.75,14.0,7.0,22.0,1.0,1.0,2.0,2.0,1.0,0.0,0.0,0.0,56.0,56.0,0.64,0.6666666666666666,0.0224,0.0224,0.165,0.75,0.25,0.875,1.0,1.0,0.4833333333333333,0.5574162679425838,0.0
20260629_152656_9d451bbc,20260629_152656_9d451bbc_g0011,11,1913972563,6,56,56,56,1,2,BLUE,champ_v3,1,2.0,[2],1,105,1,"{""1"": 96, ""2"": 105, ""3"": 78, ""4"": 64}",False,27.0,-39.0,0.0,49.0,29.0,0.0725,35.0,22.875,39.5,14.0,8.0,7.5,7.5,2.5,69.0,66.5,14.0,7.0,23.0,1.0,1.0,1.0,3.0,1.0,0.0,0.0,0.0,56.0,56.0,0.64,0.6666666666666666,0.0224,0.0224,0.1625,0.7386363636363636,0.26136363636363635,0.675,0.9833333333333333,1.0,0.55,0.6008097165991904,0.0
20260629_152656_9d451bbc,20260629_152656_9d451bbc_g0011,11,1913972563,6,56,56,56,1,3,YELLOW,pool_heuristic,2,2.0,[2],0,78,3,"{""1"": 96, ""2"": 105, ""3"": 78, ""4"": 64}",False,22.0,-49.0,4.0,43.0,29.0,0.0725,26.0,20.75,27.5,16.0,7.0,1.5,3.0,0.0,78.0,49.5,14.0,7.0,22.0,1.0,1.0,1.0,4.0,0.0,0.0,0.0,0.0,56.0,56.0,0.64,0.6666666666666666,0.0224,0.0224,0.165,0.75,0.25,0.55,1.0,0.8,0.5916666666666667,0.40510366826156297,0.0
20260629_152656_9d451bbc,20260629_152656_9d451bbc_g0011,11,1913972563,6,56,56,56,1,4,GREEN,pool_l45_100ms,3,2.0,[2],0,64,4,"{""1"": 96, ""2"": 105, ""3"": 78, ""4"": 64}",False,9.0,-75.0,3.0,24.0,29.0,0.0725,0.0,0.0,0.0,0.0,0.0,0.0,0.0,0.0,104.0,9.0,14.0,7.0,29.0,0.0,0.0,1.0,4.0,2.0,0.0,0.0,0.0,56.0,56.0,0.64,0.6666666666666666,0.0224,0.0224,0.1475,0.6704545454545454,0.32954545454545453,0.225,0.3333333333333333,1.0,0.7,0.4656556645851918,0.0
20260629_152656_9d451bbc,20260629_152656_9d451bbc_g0011,11,1913972563,7,64,64,66,3,1,RED,pool_peer_500ms,0,2.0,[2],0,96,2,"{""1"": 96, ""2"": 105, ""3"": 78, ""4"": 64}",False,31.0,-23.0,0.0,61.0,39.0,0.0975,4.0,1.5,4.5,0.0,0.0,4.5,0.0,0.0,31.0,35.5,17.0,4.0,15.0,0.0,0.0,2.0,1.0,1.0,0.0,0.0,0.0,64.0,66.0,0.705,0.8095238095238095,0.0264,0.0256,0.1825,0.8295454545454546,0.17045454545454544,0.775,0.85,1.0,0.45,0.5378514780100938,0.0
20260629_152656_9d451bbc,20260629_152656_9d451bbc_g0011,11,1913972563,7,64,64,66,3,2,BLUE,champ_v3,1,2.0,[2],1,105,1,"{""1"": 96, ""2"": 105, ""3"": 78, ""4"": 64}",False,24.0,-37.0,0.0,62.0,39.0,0.0975,18.0,14.0,19.0,10.0,6.0,3.0,0.0,0.0,17.0,43.0,17.0,4.0,10.0,1.0,1.0,1.0,1.0,0.0,0.0,0.0,0.0,64.0,66.0,0.705,0.8095238095238095,0.0264,0.0256,0.195,0.8863636363636364,0.11363636363636363,0.6,0.65,0.8,0.5083333333333333,0.5641025641025641,0.0
20260629_152656_9d451bbc,20260629_152656_9d451bbc_g0011,11,1913972563,7,64,64,66,3,3,YELLOW,pool_heuristic,2,2.0,[2],0,78,3,"{""1"": 96, ""2"": 105, ""3"": 78, ""4"": 64}",False,21.0,-43.0,4.0,50.0,39.0,0.0975,13.0,13.0,13.0,13.0,0.0,0.0,0.0,0.0,22.0,34.0,16.0,5.0,16.0,1.0,0.0,1.0,3.0,0.0,0.0,0.0,0.0,64.0,66.0,0.705,0.7619047619047619,0.0264,0.0256,0.18,0.8181818181818182,0.18181818181818182,0.525,0.6833333333333333,0.8,0.5333333333333333,0.4100877192982456,0.0
20260629_152656_9d451bbc,20260629_152656_9d451bbc_g0011,11,1913972563,7,64,64,66,3,4,GREEN,pool_l45_100ms,3,2.0,[2],0,64,4,"{""1"": 96, ""2"": 105, ""3"": 78, ""4"": 64}",False,9.0,-67.0,3.0,31.0,39.0,0.0975,0.0,0.0,0.0,0.0,0.0,0.0,0.0,0.0,35.0,9.0,14.0,7.0,29.0,0.0,0.0,1.0,4.0,2.0,0.0,0.0,0.0,64.0,66.0,0.705,0.6666666666666666,0.0264,0.0256,0.1475,0.6704545454545454,0.32954545454545453,0.225,0.26666666666666666,1.0,0.6333333333333333,0.4656556645851918,0.0
20260629_152656_9d451bbc,20260629_152656_9d451bbc_g0012,12,1291720884,0,8,8,8,1,1,RED,champ_v3,0,1.0,[1],1,97,1,"{""1"": 97, ""2"": 81, ""3"": 61, ""4"": 94}",False,9.0,-15.0,9.0,0.0,0.0,0.0,543.0,122.625,488.75,9.0,15.0,41.25,153.5,270.0,1419.0,497.75,2.0,19.0,78.0,1.0,1.0,2.0,6.0,9.0,1.0,0.0,0.0,8.0,8.0,0.1,0.09523809523809523,0.0032,0.0032,0.025,0.11363636363636363,0.8863636363636364,0.225,1.0,1.0,0.2,0.23684210526315785,0.0
20260629_152656_9d451bbc,20260629_152656_9d451bbc_g0012,12,1291720884,0,8,8,8,1,2,BLUE,pool_heuristic,1,1.0,[1],0,81,3,"{""1"": 97, ""2"": 81, ""3"": 61, ""4"": 94}",False,8.0,-17.0,9.0,0.0,0.0,0.0,512.0,124.875,504.75,8.0,14.0,40.5,158.5,283.75,1450.0,512.75,2.0,19.0,78.0,1.0,1.0,2.0,6.0,9.0,1.0,0.0,1.0,8.0,8.0,0.1,0.09523809523809523,0.0032,0.0032,0.025,0.11363636363636363,0.8863636363636364,0.2,1.0,1.0,0.20833333333333334,0.25263157894736843,0.0
20260629_152656_9d451bbc,20260629_152656_9d451bbc_g0012,12,1291720884,0,8,8,8,1,3,YELLOW,pool_l45_100ms,2,1.0,[1],0,61,4,"{""1"": 97, ""2"": 81, ""3"": 61, ""4"": 94}",False,7.0,-19.0,9.0,0.0,0.0,0.0,364.0,86.0,341.875,7.0,10.0,27.0,108.5,189.375,1598.0,348.875,2.0,19.0,78.0,1.0,1.0,2.0,6.0,9.0,1.0,1.0,0.0,8.0,8.0,0.1,0.09523809523809523,0.0032,0.0032,0.025,0.11363636363636363,0.8863636363636364,0.175,1.0,1.0,0.21666666666666665,0.17368421052631577,0.0
20260629_152656_9d451bbc,20260629_152656_9d451bbc_g0012,12,1291720884,0,8,8,8,1,4,GREEN,pool_peer_500ms,3,1.0,[1],0,94,2,"{""1"": 97, ""2"": 81, ""3"": 61, ""4"": 94}",False,9.0,-15.0,9.0,0.0,0.0,0.0,543.0,122.625,488.75,9.0,15.0,41.25,153.5,270.0,1419.0,497.75,2.0,19.0,78.0,1.0,1.0,2.0,6.0,9.0,1.0,0.0,0.0,8.0,8.0,0.1,0.09523809523809523,0.0032,0.0032,0.025,0.11363636363636363,0.8863636363636364,0.225,1.0,1.0,0.2,0.23684210526315785,0.0
20260629_152656_9d451bbc,20260629_152656_9d451bbc_g0012,12,1291720884,1,16,16,16,1,1,RED,champ_v3,0,1.0,[1],1,97,1,"{""1"": 97, ""2"": 81, ""3"": 61, ""4"": 94}",False,16.0,-27.0,0.0,2.0,0.0,0.0,679.0,172.25,655.75,15.0,25.0,69.75,246.0,300.0,1903.0,671.75,4.0,17.0,68.0,1.0,1.0,2.0,6.0,7.0,1.0,0.0,0.0,16.0,16.0,0.2,0.19047619047619047,0.0064,0.0064,0.05,0.22727272727272727,0.7727272727272727,0.4,1.0,1.0,0.35833333333333334,0.49473684210526314,0.0
20260629_152656_9d451bbc,20260629_152656_9d451bbc_g0012,12,1291720884,1,16,16,16,1,2,BLUE,pool_heuristic,1,1.0,[1],0,81,3,"{""1"": 97, ""2"": 81, ""3"": 61, ""4"": 94}",False,16.0,-27.0,3.0,0.0,0.0,0.0,698.0,184.25,707.25,16.0,25.0,72.0,258.0,336.25,1884.0,723.25,4.0,17.0,68.0,1.0,1.0,2.0,6.0,7.0,1.0,0.0,1.0,16.0,16.0,0.2,0.19047619047619047,0.0064,0.0064,0.05,0.22727272727272727,0.7727272727272727,0.4,1.0,1.0,0.35833333333333334,0.4631578947368421,0.0
20260629_152656_9d451bbc,20260629_152656_9d451bbc_g0012,12,1291720884,1,16,16,16,1,3,YELLOW,pool_l45_100ms,2,1.0,[1],0,61,4,"{""1"": 97, ""2"": 81, ""3"": 61, ""4"": 94}",False,11.0,-37.0,5.0,0.0,0.0,0.0,407.0,98.875,369.5,11.0,15.0,36.0,137.5,170.0,2175.0,380.5,4.0,17.0,68.0,1.0,1.0,2.0,6.0,7.0,1.0,0.0,0.0,16.0,16.0,0.2,0.19047619047619047,0.0064,0.0064,0.05,0.22727272727272727,0.7727272727272727,0.275,1.0,1.0,0.4,0.3526315789473684,0.0
20260629_152656_9d451bbc,20260629_152656_9d451bbc_g0012,12,1291720884,1,16,16,16,1,4,GREEN,pool_peer_500ms,3,1.0,[1],0,94,2,"{""1"": 97, ""2"": 81, ""3"": 61, ""4"": 94}",False,16.0,-27.0,0.0,2.0,0.0,0.0,798.0,199.5,771.0,16.0,27.0,76.5,284.0,367.5,1784.0,787.0,4.0,17.0,68.0,1.0,1.0,2.0,6.0,7.0,1.0,0.0,0.0,16.0,16.0,0.2,0.19047619047619047,0.0064,0.0064,0.05,0.22727272727272727,0.7727272727272727,0.4,1.0,1.0,0.35833333333333334,0.49473684210526314,0.0
20260629_152656_9d451bbc,20260629_152656_9d451bbc_g0012,12,1291720884,2,24,24,24,1,1,RED,champ_v3,0,1.0,[1],1,97,1,"{""1"": 97, ""2"": 81, ""3"": 61, ""4"": 94}",False,20.0,-31.0,0.0,7.0,10.0,0.025,489.0,139.125,479.25,19.0,27.0,68.25,217.5,147.5,973.0,499.25,6.0,15.0,58.0,1.0,1.0,2.0,6.0,5.0,1.0,0.0,0.0,24.0,24.0,0.3,0.2857142857142857,0.0096,0.0096,0.075,0.3409090909090909,0.6590909090909091,0.5,1.0,1.0,0.425,0.5807017543859649,0.0
20260629_152656_9d451bbc,20260629_152656_9d451bbc_g0012,12,1291720884,2,24,24,24,1,2,BLUE,pool_heuristic,1,1.0,[1],0,81,3,"{""1"": 97, ""2"": 81, ""3"": 61, ""4"": 94}",False,20.0,-31.0,3.0,5.0,10.0,0.025,474.0,148.875,524.125,18.0,28.0,71.25,235.0,171.875,988.0,544.125,6.0,15.0,58.0,1.0,1.0,2.0,6.0,5.0,1.0,0.0,1.0,24.0,24.0,0.3,0.2857142857142857,0.0096,0.0096,0.075,0.3409090909090909,0.6590909090909091,0.5,1.0,1.0,0.425,0.5070175438596491,0.0
20260629_152656_9d451bbc,20260629_152656_9d451bbc_g0012,12,1291720884,2,24,24,24,1,3,YELLOW,pool_l45_100ms,2,1.0,[1],0,61,4,"{""1"": 97, ""2"": 81, ""3"": 61, ""4"": 94}",False,12.0,-47.0,5.0,5.0,10.0,0.025,88.0,29.75,84.5,9.0,8.0,12.75,31.0,23.75,1374.0,96.5,6.0,15.0,58.0,1.0,1.0,2.0,6.0,5.0,0.0,0.0,0.0,24.0,24.0,0.3,0.2857142857142857,0.0096,0.0096,0.075,0.3409090909090909,0.6590909090909091,0.3,1.0,1.0,0.4916666666666667,0.39473684210526316,0.0
20260629_152656_9d451bbc,20260629_152656_9d451bbc_g0012,12,1291720884,2,24,24,24,1,4,GREEN,pool_peer_500ms,3,1.0,[1],0,94,2,"{""1"": 97, ""2"": 81, ""3"": 61, ""4"": 94}",False,19.0,-33.0,0.0,8.0,10.0,0.025,411.0,112.625,382.125,18.0,22.0,51.0,168.0,123.125,1051.0,401.125,6.0,15.0,58.0,1.0,1.0,2.0,6.0,5.0,0.0,0.0,0.0,24.0,24.0,0.3,0.2857142857142857,0.0096,0.0096,0.075,0.3409090909090909,0.6590909090909091,0.475,1.0,1.0,0.4333333333333333,0.5736842105263158,0.0
20260629_152656_9d451bbc,20260629_152656_9d451bbc_g0012,12,1291720884,3,32,32,32,1,1,RED,champ_v3,0,1.0,[1],1,97,1,"{""1"": 97, ""2"": 81, ""3"": 61, ""4"": 94}",False,25.0,-36.0,0.0,17.0,5.0,0.0125,287.0,106.25,326.0,22.0,28.0,57.75,147.0,71.25,570.0,351.0,8.0,13.0,49.0,1.0,1.0,2.0,5.0,4.0,1.0,0.0,0.0,32.0,32.0,0.3975,0.38095238095238093,0.0128,0.0128,0.0975,0.4431818181818182,0.5568181818181818,0.625,1.0,1.0,0.5083333333333333,0.5991902834008098,0.0
20260629_152656_9d451bbc,20260629_152656_9d451bbc_g0012,12,1291720884,3,32,32,32,1,2,BLUE,pool_heuristic,1,1.0,[1],0,81,3,"{""1"": 97, ""2"": 81, ""3"": 61, ""4"": 94}",False,24.0,-38.0,3.0,10.0,5.0,0.0125,173.0,69.125,190.5,19.0,22.0,36.75,86.5,26.25,684.0,214.5,8.0,13.0,48.0,1.0,1.0,2.0,6.0,3.0,1.0,0.0,1.0,32.0,32.0,0.3975,0.38095238095238093,0.0128,0.0128,0.1,0.45454545454545453,0.5454545454545454,0.6,1.0,1.0,0.5166666666666667,0.48026315789473684,0.0
20260629_152656_9d451bbc,20260629_152656_9d451bbc_g0012,12,1291720884,3,32,32,32,1,3,YELLOW,pool_l45_100ms,2,1.0,[1],0,61,4,"{""1"": 97, ""2"": 81, ""3"": 61, ""4"": 94}",False,13.0,-60.0,5.0,10.0,5.0,0.0125,35.0,17.375,38.0,9.0,4.0,6.0,11.5,7.5,822.0,51.0,8.0,13.0,48.0,1.0,1.0,2.0,6.0,3.0,0.0,0.0,0.0,32.0,32.0,0.3975,0.38095238095238093,0.0128,0.0128,0.1,0.45454545454545453,0.5454545454545454,0.325,1.0,1.0,0.6083333333333333,0.42105263157894735,0.0
20260629_152656_9d451bbc,20260629_152656_9d451bbc_g0012,12,1291720884,3,32,32,32,1,4,GREEN,pool_peer_500ms,3,1.0,[1],0,94,2,"{""1"": 97, ""2"": 81, ""3"": 61, ""4"": 94}",False,24.0,-38.0,0.0,19.0,5.0,0.0125,362.0,110.375,341.5,22.0,28.0,54.75,175.5,61.25,495.0,365.5,8.0,13.0,48.0,1.0,1.0,2.0,6.0,3.0,0.0,0.0,0.0,32.0,32.0,0.3975,0.38095238095238093,0.0128,0.0128,0.1,0.45454545454545453,0.5454545454545454,0.6,1.0,1.0,0.5166666666666667,0.5592105263157895,0.0
20260629_152656_9d451bbc,20260629_152656_9d451bbc_g0012,12,1291720884,4,40,40,40,1,1,RED,champ_v3,0,1.0,[1],1,97,1,"{""1"": 97, ""2"": 81, ""3"": 61, ""4"": 94}",False,30.0,-33.0,0.0,29.0,6.0,0.015,160.0,73.5,185.75,25.0,26.0,39.0,67.0,28.75,285.0,215.75,10.0,11.0,40.0,1.0,1.0,2.0,4.0,3.0,0.0,0.0,0.0,40.0,40.0,0.4875,0.47619047619047616,0.016,0.016,0.12,0.5454545454545454,0.45454545454545453,0.75,1.0,1.0,0.525,0.5953947368421053,0.0
20260629_152656_9d451bbc,20260629_152656_9d451bbc_g0012,12,1291720884,4,40,40,40,1,2,BLUE,pool_heuristic,1,1.0,[1],0,81,3,"{""1"": 97, ""2"": 81, ""3"": 61, ""4"": 94}",False,25.0,-43.0,1.0,17.0,6.0,0.015,80.0,41.125,84.5,19.0,17.0,19.5,26.5,2.5,365.0,109.5,10.0,11.0,38.0,1.0,1.0,2.0,6.0,1.0,0.0,0.0,0.0,40.0,40.0,0.4875,0.47619047619047616,0.016,0.016,0.125,0.5681818181818182,0.4318181818181818,0.625,1.0,1.0,0.5666666666666667,0.5105263157894737,0.0
20260629_152656_9d451bbc,20260629_152656_9d451bbc_g0012,12,1291720884,4,40,40,40,1,3,YELLOW,pool_l45_100ms,2,1.0,[1],0,61,4,"{""1"": 97, ""2"": 81, ""3"": 61, ""4"": 94}",False,11.0,-71.0,5.0,14.0,6.0,0.015,10.0,9.0,10.0,8.0,2.0,0.0,0.0,0.0,435.0,21.0,10.0,11.0,40.0,1.0,1.0,1.0,6.0,2.0,0.0,0.0,0.0,40.0,40.0,0.4875,0.47619047619047616,0.016,0.016,0.12,0.5454545454545454,0.45454545454545453,0.275,0.9833333333333333,1.0,0.6833333333333333,0.38925438596491235,0.0
20260629_152656_9d451bbc,20260629_152656_9d451bbc_g0012,12,1291720884,4,40,40,40,1,4,GREEN,pool_peer_500ms,3,1.0,[1],0,94,2,"{""1"": 97, ""2"": 81, ""3"": 61, ""4"": 94}",False,27.0,-39.0,0.0,32.0,6.0,0.015,195.0,71.75,189.625,22.0,22.0,36.75,94.5,14.375,250.0,216.625,10.0,11.0,39.0,1.0,1.0,2.0,5.0,2.0,0.0,0.0,0.0,40.0,40.0,0.4875,0.47619047619047616,0.016,0.016,0.1225,0.5568181818181818,0.4431818181818182,0.675,1.0,1.0,0.55,0.5907626208378087,0.0
20260629_152656_9d451bbc,20260629_152656_9d451bbc_g0012,12,1291720884,5,48,48,48,1,1,RED,champ_v3,0,1.0,[1],1,97,1,"{""1"": 97, ""2"": 81, ""3"": 61, ""4"": 94}",False,31.0,-26.0,0.0,40.0,16.0,0.04,84.0,49.0,102.0,23.0,20.0,21.75,26.0,11.25,137.0,133.0,12.0,9.0,31.0,1.0,1.0,2.0,3.0,2.0,0.0,0.0,0.0,48.0,48.0,0.56,0.5714285714285714,0.0192,0.0192,0.1425,0.6477272727272727,0.3522727272727273,0.775,1.0,1.0,0.475,0.5900277008310248,0.0
20260629_152656_9d451bbc,20260629_152656_9d451bbc_g0012,12,1291720884,5,48,48,48,1,2,BLUE,pool_heuristic,1,1.0,[1],0,81,3,"{""1"": 97, ""2"": 81, ""3"": 61, ""4"": 94}",False,19.0,-50.0,1.0,18.0,16.0,0.04,30.0,20.875,32.25,14.0,8.0,5.25,2.5,2.5,191.0,51.25,12.0,9.0,30.0,1.0,1.0,2.0,4.0,1.0,0.0,0.0,0.0,48.0,48.0,0.56,0.5714285714285714,0.0192,0.0192,0.145,0.6590909090909091,0.3409090909090909,0.475,1.0,1.0,0.575,0.49274047186932857,0.0
20260629_152656_9d451bbc,20260629_152656_9d451bbc_g0012,12,1291720884,5,48,48,48,1,3,YELLOW,pool_l45_100ms,2,1.0,[1],0,61,4,"{""1"": 97, ""2"": 81, ""3"": 61, ""4"": 94}",False,9.0,-70.0,5.0,16.0,16.0,0.04,7.0,1.5,5.625,0.0,0.0,1.5,3.5,0.625,214.0,14.625,12.0,9.0,37.0,0.0,0.0,1.0,6.0,2.0,0.0,0.0,0.0,48.0,48.0,0.56,0.5714285714285714,0.0192,0.0192,0.1275,0.5795454545454546,0.42045454545454547,0.225,0.8,1.0,0.6583333333333333,0.38493292053663575,0.0
20260629_152656_9d451bbc,20260629_152656_9d451bbc_g0012,12,1291720884,5,48,48,48,1,4,GREEN,pool_peer_500ms,3,1.0,[1],0,94,2,"{""1"": 97, ""2"": 81, ""3"": 61, ""4"": 94}",False,29.0,-30.0,0.0,42.0,16.0,0.04,100.0,48.125,103.5,22.0,16.0,24.0,36.5,5.0,121.0,132.5,12.0,9.0,30.0,1.0,1.0,2.0,4.0,1.0,0.0,0.0,0.0,48.0,48.0,0.56,0.5714285714285714,0.0192,0.0192,0.145,0.6590909090909091,0.3409090909090909,0.725,1.0,1.0,0.4916666666666667,0.5580762250453721,0.0
20260629_152656_9d451bbc,20260629_152656_9d451bbc_g0012,12,1291720884,6,56,56,57,2,1,RED,champ_v3,0,1.0,[1],1,97,1,"{""1"": 97, ""2"": 81, ""3"": 61, ""4"": 94}",False,27.0,-27.0,0.0,54.0,31.0,0.0775,29.0,22.25,31.75,16.0,8.0,3.75,4.0,0.0,47.0,58.75,15.0,6.0,17.0,1.0,1.0,2.0,2.0,0.0,0.0,0.0,0.0,56.0,57.0,0.645,0.7142857142857143,0.0228,0.0224,0.1775,0.8068181818181818,0.19318181818181818,0.675,0.8333333333333334,0.8,0.45,0.5604151223128243,0.0
20260629_152656_9d451bbc,20260629_152656_9d451bbc_g0012,12,1291720884,6,56,56,57,2,2,BLUE,pool_heuristic,1,1.0,[1],0,81,3,"{""1"": 97, ""2"": 81, ""3"": 61, ""4"": 94}",False,17.0,-47.0,1.0,26.0,31.0,0.0775,13.0,11.5,13.0,10.0,3.0,0.0,0.0,0.0,63.0,30.0,14.0,7.0,23.0,1.0,1.0,1.0,3.0,1.0,0.0,0.0,0.0,56.0,57.0,0.645,0.6666666666666666,0.0228,0.0224,0.1625,0.7386363636363636,0.26136363636363635,0.425,0.65,1.0,0.5333333333333333,0.47773279352226716,0.0
20260629_152656_9d451bbc,20260629_152656_9d451bbc_g0012,12,1291720884,6,56,56,57,2,3,YELLOW,pool_l45_100ms,2,1.0,[1],0,61,4,"{""1"": 97, ""2"": 81, ""3"": 61, ""4"": 94}",False,9.0,-63.0,5.0,24.0,31.0,0.0775,0.0,0.0,0.0,0.0,0.0,0.0,0.0,0.0,76.0,9.0,13.0,8.0,32.0,0.0,0.0,1.0,6.0,1.0,0.0,0.0,0.0,56.0,57.0,0.645,0.6190476190476191,0.0228,0.0224,0.14,0.6363636363636364,0.36363636363636365,0.225,0.7166666666666667,1.0,0.6,0.39661654135338353,0.0
20260629_152656_9d451bbc,20260629_152656_9d451bbc_g0012,12,1291720884,6,56,56,57,2,4,GREEN,pool_peer_500ms,3,1.0,[1],0,94,2,"{""1"": 97, ""2"": 81, ""3"": 61, ""4"": 94}",False,28.0,-25.0,0.0,51.0,31.0,0.0775,34.0,26.75,37.25,20.0,8.0,5.25,4.0,0.0,42.0,65.25,14.0,7.0,22.0,1.0,1.0,2.0,2.0,1.0,0.0,0.0,0.0,56.0,57.0,0.645,0.6666666666666666,0.0228,0.0224,0.165,0.75,0.25,0.7,0.9833333333333333,1.0,0.4416666666666667,0.5446570972886762,0.0
20260629_152656_9d451bbc,20260629_152656_9d451bbc_g0012,12,1291720884,7,64,64,69,2,1,RED,champ_v3,0,1.0,[1],1,97,1,"{""1"": 97, ""2"": 81, ""3"": 61, ""4"": 94}",False,23.0,-26.0,0.0,63.0,35.0,0.0875,6.0,3.0,6.0,0.0,6.0,0.0,0.0,0.0,6.0,29.0,18.0,3.0,10.0,0.0,1.0,0.0,2.0,0.0,0.0,0.0,0.0,64.0,69.0,0.6875,0.8571428571428571,0.0276,0.0256,0.195,0.8863636363636364,0.11363636363636363,0.575,0.6833333333333333,0.8,0.4083333333333333,0.5384615384615384,0.0
20260629_152656_9d451bbc,20260629_152656_9d451bbc_g0012,12,1291720884,7,64,64,69,2,2,BLUE,pool_heuristic,1,1.0,[1],0,81,3,"{""1"": 97, ""2"": 81, ""3"": 61, ""4"": 94}",False,14.0,-44.0,1.0,33.0,35.0,0.0875,0.0,0.0,0.0,0.0,0.0,0.0,0.0,0.0,12.0,14.0,16.0,5.0,20.0,0.0,0.0,1.0,3.0,1.0,0.0,0.0,0.0,64.0,69.0,0.6875,0.7619047619047619,0.0276,0.0256,0.17,0.7727272727272727,0.22727272727272727,0.35,0.5333333333333333,1.0,0.4833333333333333,0.4907120743034056,0.0
20260629_152656_9d451bbc,20260629_152656_9d451bbc_g0012,12,1291720884,7,64,64,69,2,3,YELLOW,pool_l45_100ms,2,1.0,[1],0,61,4,"{""1"": 97, ""2"": 81, ""3"": 61, ""4"": 94}",False,9.0,-54.0,5.0,27.0,35.0,0.0875,0.0,0.0,0.0,0.0,0.0,0.0,0.0,0.0,12.0,9.0,13.0,8.0,32.0,0.0,0.0,1.0,6.0,1.0,0.0,0.0,0.0,64.0,69.0,0.6875,0.6190476190476191,0.0276,0.0256,0.14,0.6363636363636364,0.36363636363636365,0.225,0.6333333333333333,1.0,0.525,0.39661654135338353,0.0
20260629_152656_9d451bbc,20260629_152656_9d451bbc_g0012,12,1291720884,7,64,64,69,2,4,GREEN,pool_peer_500ms,3,1.0,[1],0,94,2,"{""1"": 97, ""2"": 81, ""3"": 61, ""4"": 94}",False,26.0,-20.0,0.0,58.0,35.0,0.0875,6.0,3.0,8.0,0.0,4.0,0.0,4.0,0.0,6.0,34.0,17.0,4.0,15.0,0.0,1.0,0.0,2.0,1.0,0.0,0.0,0.0,64.0,69.0,0.6875,0.8095238095238095,0.0276,0.0256,0.1825,0.8295454545454546,0.17045454545454544,0.65,0.6833333333333333,1.0,0.38333333333333336,0.5421773612112473,0.0
20260629_152656_9d451bbc,20260629_152656_9d451bbc_g0013,13,1078489968,0,8,8,8,1,1,RED,pool_heuristic,0,3.0,[3],0,84,3,"{""1"": 84, ""2"": 74, ""3"": 116, ""4"": 97}",False,7.0,-16.0,9.0,0.0,3.0,0.0075,433.0,110.625,449.375,7.0,12.0,34.5,139.0,256.875,1413.0,456.375,2.0,19.0,78.0,1.0,1.0,2.0,6.0,9.0,1.0,1.0,1.0,8.0,8.0,0.1,0.09523809523809523,0.0032,0.0032,0.025,0.11363636363636363,0.8863636363636364,0.175,1.0,1.0,0.19166666666666668,0.2578947368421053,0.0
20260629_152656_9d451bbc,20260629_152656_9d451bbc_g0013,13,1078489968,0,8,8,8,1,2,BLUE,pool_l45_100ms,1,3.0,[3],0,74,4,"{""1"": 84, ""2"": 74, ""3"": 116, ""4"": 97}",False,5.0,-20.0,9.0,0.0,3.0,0.0075,327.0,76.25,309.5,5.0,8.0,24.0,95.0,177.5,1519.0,314.5,2.0,19.0,78.0,1.0,1.0,2.0,6.0,9.0,1.0,1.0,0.0,8.0,8.0,0.1,0.09523809523809523,0.0032,0.0032,0.025,0.11363636363636363,0.8863636363636364,0.125,1.0,1.0,0.20833333333333334,0.15263157894736834,0.0
20260629_152656_9d451bbc,20260629_152656_9d451bbc_g0013,13,1078489968,0,8,8,8,1,3,YELLOW,pool_peer_500ms,2,3.0,[3],1,116,1,"{""1"": 84, ""2"": 74, ""3"": 116, ""4"": 97}",False,9.0,-12.0,9.0,0.0,3.0,0.0075,543.0,122.625,488.75,9.0,15.0,41.25,153.5,270.0,1303.0,497.75,2.0,19.0,78.0,1.0,1.0,2.0,6.0,9.0,1.0,0.0,0.0,8.0,8.0,0.1,0.09523809523809523,0.0032,0.0032,0.025,0.11363636363636363,0.8863636363636364,0.225,1.0,1.0,0.175,0.23684210526315785,0.0
20260629_152656_9d451bbc,20260629_152656_9d451bbc_g0013,13,1078489968,0,8,8,8,1,4,GREEN,champ_v3,3,3.0,[3],0,97,2,"{""1"": 84, ""2"": 74, ""3"": 116, ""4"": 97}",False,9.0,-12.0,9.0,0.0,3.0,0.0075,543.0,122.625,488.75,9.0,15.0,41.25,153.5,270.0,1303.0,497.75,2.0,19.0,78.0,1.0,1.0,2.0,6.0,9.0,1.0,0.0,0.0,8.0,8.0,0.1,0.09523809523809523,0.0032,0.0032,0.025,0.11363636363636363,0.8863636363636364,0.225,1.0,1.0,0.175,0.23684210526315785,0.0
20260629_152656_9d451bbc,20260629_152656_9d451bbc_g0013,13,1078489968,1,16,16,16,1,1,RED,pool_heuristic,0,3.0,[3],0,84,3,"{""1"": 84, ""2"": 74, ""3"": 116, ""4"": 97}",False,13.0,-26.0,0.0,4.0,3.0,0.0075,535.0,140.25,540.625,12.0,19.0,52.5,196.5,260.625,1955.0,553.625,4.0,17.0,68.0,1.0,1.0,2.0,6.0,7.0,1.0,1.0,0.0,16.0,16.0,0.2,0.19047619047619047,0.0064,0.0064,0.05,0.22727272727272727,0.7727272727272727,0.325,1.0,1.0,0.325,0.5078947368421053,0.0
20260629_152656_9d451bbc,20260629_152656_9d451bbc_g0013,13,1078489968,1,16,16,16,1,2,BLUE,pool_l45_100ms,1,3.0,[3],0,74,4,"{""1"": 84, ""2"": 74, ""3"": 116, ""4"": 97}",False,9.0,-34.0,6.0,0.0,3.0,0.0075,525.0,121.625,474.25,9.0,16.0,45.0,175.5,228.75,1965.0,483.25,4.0,17.0,68.0,1.0,1.0,2.0,6.0,7.0,1.0,0.0,0.0,16.0,16.0,0.2,0.19047619047619047,0.0064,0.0064,0.05,0.22727272727272727,0.7727272727272727,0.225,1.0,1.0,0.35833333333333334,0.3263157894736842,0.0
20260629_152656_9d451bbc,20260629_152656_9d451bbc_g0013,13,1078489968,1,16,16,16,1,3,YELLOW,pool_peer_500ms,2,3.0,[3],1,116,1,"{""1"": 84, ""2"": 74, ""3"": 116, ""4"": 97}",False,15.0,-22.0,0.0,2.0,3.0,0.0075,793.0,198.375,770.375,15.0,27.0,76.5,280.0,371.875,1697.0,785.375,4.0,17.0,68.0,1.0,1.0,2.0,6.0,7.0,1.0,0.0,0.0,16.0,16.0,0.2,0.19047619047619047,0.0064,0.0064,0.05,0.22727272727272727,0.7727272727272727,0.375,1.0,1.0,0.30833333333333335,0.49473684210526314,0.0
20260629_152656_9d451bbc,20260629_152656_9d451bbc_g0013,13,1078489968,1,16,16,16,1,4,GREEN,champ_v3,3,3.0,[3],0,97,2,"{""1"": 84, ""2"": 74, ""3"": 116, ""4"": 97}",False,15.0,-22.0,1.0,3.0,3.0,0.0075,637.0,161.75,616.625,15.0,23.0,63.0,222.5,293.125,1853.0,631.625,4.0,17.0,68.0,1.0,1.0,2.0,6.0,7.0,1.0,0.0,0.0,16.0,16.0,0.2,0.19047619047619047,0.0064,0.0064,0.05,0.22727272727272727,0.7727272727272727,0.375,1.0,1.0,0.30833333333333335,0.48684210526315785,0.0
20260629_152656_9d451bbc,20260629_152656_9d451bbc_g0013,13,1078489968,2,24,24,24,1,1,RED,pool_heuristic,0,3.0,[3],0,84,3,"{""1"": 84, ""2"": 74, ""3"": 116, ""4"": 97}",False,14.0,-39.0,0.0,9.0,3.0,0.0075,283.0,80.25,284.875,11.0,14.0,33.75,115.5,110.625,1188.0,298.875,6.0,15.0,58.0,1.0,1.0,2.0,6.0,5.0,1.0,1.0,0.0,24.0,24.0,0.295,0.2857142857142857,0.0096,0.0096,0.075,0.3409090909090909,0.6590909090909091,0.35,1.0,1.0,0.4416666666666667,0.5298245614035088,0.0
20260629_152656_9d451bbc,20260629_152656_9d451bbc_g0013,13,1078489968,2,24,24,24,1,2,BLUE,pool_l45_100ms,1,3.0,[3],0,74,4,"{""1"": 84, ""2"": 74, ""3"": 116, ""4"": 97}",False,13.0,-41.0,1.0,1.0,3.0,0.0075,277.0,71.875,244.75,12.0,14.0,29.25,104.5,85.0,1194.0,257.75,6.0,15.0,58.0,1.0,1.0,2.0,6.0,5.0,0.0,0.0,0.0,24.0,24.0,0.295,0.2857142857142857,0.0096,0.0096,0.075,0.3409090909090909,0.6590909090909091,0.325,1.0,1.0,0.45,0.47192982456140353,0.0
20260629_152656_9d451bbc,20260629_152656_9d451bbc_g0013,13,1078489968,2,24,24,24,1,3,YELLOW,pool_peer_500ms,2,3.0,[3],1,116,1,"{""1"": 84, ""2"": 74, ""3"": 116, ""4"": 97}",False,19.0,-29.0,0.0,6.0,3.0,0.0075,588.0,152.25,548.25,18.0,25.0,66.75,236.0,202.5,883.0,567.25,6.0,15.0,58.0,1.0,1.0,2.0,6.0,5.0,0.0,0.0,0.0,24.0,24.0,0.295,0.2857142857142857,0.0096,0.0096,0.075,0.3409090909090909,0.6590909090909091,0.475,1.0,1.0,0.4,0.5807017543859649,0.0
20260629_152656_9d451bbc,20260629_152656_9d451bbc_g0013,13,1078489968,2,24,24,24,1,4,GREEN,champ_v3,3,3.0,[3],0,97,2,"{""1"": 84, ""2"": 74, ""3"": 116, ""4"": 97}",False,21.0,-25.0,1.0,13.0,3.0,0.0075,323.0,89.375,311.875,16.0,17.0,37.5,82.0,159.375,1148.0,332.875,6.0,15.0,60.0,1.0,1.0,2.0,4.0,7.0,1.0,0.0,0.0,24.0,24.0,0.295,0.2857142857142857,0.0096,0.0096,0.07,0.3181818181818182,0.6818181818181818,0.525,1.0,1.0,0.38333333333333336,0.5507518796992481,0.0
20260629_152656_9d451bbc,20260629_152656_9d451bbc_g0013,13,1078489968,3,32,32,32,1,1,RED,pool_heuristic,0,3.0,[3],0,84,3,"{""1"": 84, ""2"": 74, ""3"": 116, ""4"": 97}",False,21.0,-39.0,0.0,15.0,6.0,0.015,197.0,71.375,211.0,18.0,17.0,33.75,103.5,38.75,686.0,232.0,8.0,13.0,48.0,1.0,1.0,2.0,6.0,3.0,1.0,1.0,0.0,32.0,32.0,0.395,0.38095238095238093,0.0128,0.0128,0.1,0.45454545454545453,0.5454545454545454,0.525,1.0,1.0,0.5,0.5144736842105264,0.0
20260629_152656_9d451bbc,20260629_152656_9d451bbc_g0013,13,1078489968,3,32,32,32,1,2,BLUE,pool_l45_100ms,1,3.0,[3],0,74,4,"{""1"": 84, ""2"": 74, ""3"": 116, ""4"": 97}",False,13.0,-55.0,1.0,16.0,6.0,0.015,31.0,16.375,31.625,9.0,6.0,5.25,7.0,4.375,852.0,44.625,8.0,13.0,48.0,1.0,1.0,2.0,6.0,3.0,0.0,0.0,0.0,32.0,32.0,0.395,0.38095238095238093,0.0128,0.0128,0.1,0.45454545454545453,0.5454545454545454,0.325,1.0,1.0,0.5666666666666667,0.47894736842105257,0.0
20260629_152656_9d451bbc,20260629_152656_9d451bbc_g0013,13,1078489968,3,32,32,32,1,3,YELLOW,pool_peer_500ms,2,3.0,[3],1,116,1,"{""1"": 84, ""2"": 74, ""3"": 116, ""4"": 97}",False,23.0,-35.0,0.0,16.0,6.0,0.015,420.0,123.0,396.25,22.0,27.0,63.0,193.0,91.25,463.0,419.25,8.0,13.0,48.0,1.0,1.0,2.0,6.0,3.0,0.0,0.0,0.0,32.0,32.0,0.395,0.38095238095238093,0.0128,0.0128,0.1,0.45454545454545453,0.5454545454545454,0.575,1.0,1.0,0.4833333333333333,0.5592105263157895,0.0
20260629_152656_9d451bbc,20260629_152656_9d451bbc_g0013,13,1078489968,3,32,32,32,1,4,GREEN,champ_v3,3,3.0,[3],0,97,2,"{""1"": 84, ""2"": 74, ""3"": 116, ""4"": 97}",False,24.0,-33.0,1.0,24.0,6.0,0.015,235.0,73.25,221.375,18.0,20.0,38.25,69.5,75.625,648.0,245.375,8.0,13.0,50.0,1.0,1.0,2.0,4.0,5.0,0.0,0.0,0.0,32.0,32.0,0.395,0.38095238095238093,0.0128,0.0128,0.095,0.4318181818181818,0.5681818181818182,0.6,1.0,1.0,0.475,0.5844875346260388,0.0
20260629_152656_9d451bbc,20260629_152656_9d451bbc_g0013,13,1078489968,4,40,40,40,1,1,RED,pool_heuristic,0,3.0,[3],0,84,3,"{""1"": 84, ""2"": 74, ""3"": 116, ""4"": 97}",False,24.0,-41.0,0.0,19.0,17.0,0.0425,124.0,55.375,133.0,21.0,18.0,27.75,57.5,8.75,429.0,157.0,10.0,11.0,38.0,1.0,1.0,2.0,6.0,1.0,1.0,0.0,0.0,40.0,40.0,0.4875,0.47619047619047616,0.016,0.016,0.125,0.5681818181818182,0.4318181818181818,0.6,1.0,1.0,0.5416666666666667,0.491578947368421,0.0
20260629_152656_9d451bbc,20260629_152656_9d451bbc_g0013,13,1078489968,4,40,40,40,1,2,BLUE,pool_l45_100ms,1,3.0,[3],0,74,4,"{""1"": 84, ""2"": 74, ""3"": 116, ""4"": 97}",False,13.0,-63.0,1.0,21.0,17.0,0.0425,29.0,15.625,29.5,9.0,5.0,5.25,6.5,3.75,524.0,42.5,10.0,11.0,39.0,1.0,1.0,2.0,5.0,2.0,0.0,0.0,0.0,40.0,40.0,0.4875,0.47619047619047616,0.016,0.016,0.1225,0.5568181818181818,0.4431818181818182,0.325,1.0,1.0,0.6333333333333333,0.44683136412459723,0.0
20260629_152656_9d451bbc,20260629_152656_9d451bbc_g0013,13,1078489968,4,40,40,40,1,3,YELLOW,pool_peer_500ms,2,3.0,[3],1,116,1,"{""1"": 84, ""2"": 74, ""3"": 116, ""4"": 97}",False,27.0,-35.0,0.0,30.0,17.0,0.0425,272.0,90.0,273.0,19.0,23.0,51.75,128.0,51.25,281.0,300.0,10.0,11.0,39.0,1.0,1.0,2.0,5.0,2.0,0.0,0.0,0.0,40.0,40.0,0.4875,0.47619047619047616,0.016,0.016,0.1225,0.5568181818181818,0.4431818181818182,0.675,1.0,1.0,0.5166666666666667,0.5327604726100967,0.0
20260629_152656_9d451bbc,20260629_152656_9d451bbc_g0013,13,1078489968,4,40,40,40,1,4,GREEN,champ_v3,3,3.0,[3],0,97,2,"{""1"": 84, ""2"": 74, ""3"": 116, ""4"": 97}",False,25.0,-39.0,1.0,34.0,17.0,0.0425,128.0,44.125,115.125,16.0,14.0,21.0,26.0,38.125,425.0,140.125,10.0,11.0,41.0,1.0,1.0,2.0,3.0,4.0,0.0,0.0,0.0,40.0,40.0,0.4875,0.47619047619047616,0.016,0.016,0.1175,0.5340909090909091,0.4659090909090909,0.625,1.0,1.0,0.5333333333333333,0.5867861142217246,0.0
20260629_152656_9d451bbc,20260629_152656_9d451bbc_g0013,13,1078489968,5,48,48,48,1,1,RED,pool_heuristic,0,3.0,[3],0,84,3,"{""1"": 84, ""2"": 74, ""3"": 116, ""4"": 97}",False,21.0,-50.0,0.0,23.0,22.0,0.055,42.0,26.0,41.0,17.0,9.0,9.0,6.0,0.0,163.0,62.0,12.0,9.0,29.0,1.0,1.0,2.0,5.0,0.0,0.0,0.0,0.0,48.0,48.0,0.585,0.5714285714285714,0.0192,0.0192,0.1475,0.6704545454545454,0.32954545454545453,0.525,1.0,0.8,0.5916666666666667,0.47814451382694023,0.0
20260629_152656_9d451bbc,20260629_152656_9d451bbc_g0013,13,1078489968,5,48,48,48,1,2,BLUE,pool_l45_100ms,1,3.0,[3],0,74,4,"{""1"": 84, ""2"": 74, ""3"": 116, ""4"": 97}",False,16.0,-60.0,1.0,35.0,22.0,0.055,15.0,12.5,15.5,10.0,4.0,1.5,0.0,0.0,190.0,31.5,12.0,9.0,29.0,1.0,1.0,2.0,5.0,0.0,0.0,0.0,0.0,48.0,48.0,0.585,0.5714285714285714,0.0192,0.0192,0.1475,0.6704545454545454,0.32954545454545453,0.4,0.9666666666666667,0.8,0.6333333333333333,0.48617305976806424,0.0
20260629_152656_9d451bbc,20260629_152656_9d451bbc_g0013,13,1078489968,5,48,48,48,1,3,YELLOW,pool_peer_500ms,2,3.0,[3],1,116,1,"{""1"": 84, ""2"": 74, ""3"": 116, ""4"": 97}",False,28.0,-36.0,0.0,45.0,22.0,0.055,73.0,34.875,69.25,17.0,13.0,18.75,20.5,0.0,132.0,97.25,12.0,9.0,29.0,1.0,1.0,2.0,5.0,0.0,0.0,0.0,0.0,48.0,48.0,0.585,0.5714285714285714,0.0192,0.0192,0.1475,0.6704545454545454,0.32954545454545453,0.7,1.0,0.8,0.5333333333333333,0.5263157894736843,0.0
20260629_152656_9d451bbc,20260629_152656_9d451bbc_g0013,13,1078489968,5,48,48,48,1,4,GREEN,champ_v3,3,3.0,[3],0,97,2,"{""1"": 84, ""2"": 74, ""3"": 116, ""4"": 97}",False,27.0,-38.0,1.0,41.0,22.0,0.055,75.0,36.625,74.625,18.0,14.0,16.5,18.0,8.125,130.0,101.625,12.0,9.0,31.0,1.0,1.0,2.0,3.0,2.0,0.0,0.0,0.0,48.0,48.0,0.585,0.5714285714285714,0.0192,0.0192,0.1425,0.6477272727272727,0.3522727272727273,0.675,1.0,1.0,0.5416666666666667,0.5724838411819022,0.0
20260629_152656_9d451bbc,20260629_152656_9d451bbc_g0013,13,1078489968,6,56,56,56,1,1,RED,pool_heuristic,0,3.0,[3],0,84,3,"{""1"": 84, ""2"": 74, ""3"": 116, ""4"": 97}",False,17.0,-48.0,0.0,31.0,25.0,0.0625,19.0,15.75,19.25,13.0,4.0,2.25,0.0,0.0,76.0,36.25,14.0,7.0,21.0,1.0,1.0,2.0,3.0,0.0,0.0,0.0,0.0,56.0,56.0,0.66,0.6666666666666666,0.0224,0.0224,0.1675,0.7613636363636364,0.23863636363636365,0.425,0.9166666666666666,0.8,0.5416666666666667,0.4422623723487824,0.0
20260629_152656_9d451bbc,20260629_152656_9d451bbc_g0013,13,1078489968,6,56,56,56,1,2,BLUE,pool_l45_100ms,1,3.0,[3],0,74,4,"{""1"": 84, ""2"": 74, ""3"": 116, ""4"": 97}",False,11.0,-60.0,1.0,43.0,25.0,0.0625,6.0,6.0,6.0,6.0,0.0,0.0,0.0,0.0,89.0,17.0,14.0,7.0,24.0,1.0,0.0,1.0,5.0,0.0,0.0,0.0,0.0,56.0,56.0,0.66,0.6666666666666666,0.0224,0.0224,0.16,0.7272727272727273,0.2727272727272727,0.275,0.6333333333333333,0.8,0.5916666666666667,0.48190789473684215,0.0
20260629_152656_9d451bbc,20260629_152656_9d451bbc_g0013,13,1078489968,6,56,56,56,1,3,YELLOW,pool_peer_500ms,2,3.0,[3],1,116,1,"{""1"": 84, ""2"": 74, ""3"": 116, ""4"": 97}",False,29.0,-24.0,0.0,53.0,25.0,0.0625,38.0,25.125,39.5,16.0,11.0,6.0,6.5,0.0,57.0,68.5,14.0,7.0,22.0,1.0,1.0,1.0,4.0,0.0,0.0,0.0,0.0,56.0,56.0,0.66,0.6666666666666666,0.0224,0.0224,0.165,0.75,0.25,0.725,0.9,0.8,0.4416666666666667,0.5023923444976076,0.0
20260629_152656_9d451bbc,20260629_152656_9d451bbc_g0013,13,1078489968,6,56,56,56,1,4,GREEN,champ_v3,3,3.0,[3],0,97,2,"{""1"": 84, ""2"": 74, ""3"": 116, ""4"": 97}",False,25.0,-32.0,1.0,52.0,25.0,0.0625,32.0,20.0,31.0,13.0,8.0,6.0,4.0,0.0,63.0,56.0,14.0,7.0,21.0,1.0,1.0,2.0,3.0,0.0,0.0,0.0,0.0,56.0,56.0,0.66,0.6666666666666666,0.0224,0.0224,0.1675,0.7613636363636364,0.23863636363636365,0.625,0.9,0.8,0.475,0.5616653574234092,0.0
20260629_152656_9d451bbc,20260629_152656_9d451bbc_g0013,13,1078489968,7,64,64,65,2,1,RED,pool_heuristic,0,3.0,[3],0,84,3,"{""1"": 84, ""2"": 74, ""3"": 116, ""4"": 97}",False,13.0,-49.0,0.0,38.0,36.0,0.09,0.0,0.0,0.0,0.0,0.0,0.0,0.0,0.0,39.0,13.0,17.0,4.0,15.0,0.0,0.0,1.0,3.0,0.0,0.0,0.0,0.0,64.0,65.0,0.7125,0.8095238095238095,0.026,0.0256,0.1825,0.8295454545454546,0.17045454545454544,0.325,0.6833333333333333,0.8,0.5166666666666667,0.45349675558759917,0.0
20260629_152656_9d451bbc,20260629_152656_9d451bbc_g0013,13,1078489968,7,64,64,65,2,2,BLUE,pool_l45_100ms,1,3.0,[3],0,74,4,"{""1"": 84, ""2"": 74, ""3"": 116, ""4"": 97}",False,11.0,-53.0,1.0,48.0,36.0,0.09,0.0,0.0,0.0,0.0,0.0,0.0,0.0,0.0,39.0,11.0,15.0,6.0,23.0,0.0,0.0,1.0,5.0,0.0,0.0,0.0,0.0,64.0,65.0,0.7125,0.7142857142857143,0.026,0.0256,0.1625,0.7386363636363636,0.26136363636363635,0.275,0.48333333333333334,0.8,0.5333333333333333,0.48663967611336023,0.0
20260629_152656_9d451bbc,20260629_152656_9d451bbc_g0013,13,1078489968,7,64,64,65,2,3,YELLOW,pool_peer_500ms,2,3.0,[3],1,116,1,"{""1"": 84, ""2"": 74, ""3"": 116, ""4"": 97}",False,25.0,-25.0,0.0,63.0,36.0,0.09,17.0,12.875,17.0,11.0,0.0,4.5,1.5,0.0,22.0,42.0,16.0,5.0,16.0,1.0,0.0,1.0,3.0,0.0,0.0,0.0,0.0,64.0,65.0,0.7125,0.7619047619047619,0.026,0.0256,0.18,0.8181818181818182,0.18181818181818182,0.625,0.6333333333333333,0.8,0.4166666666666667,0.4992690058479532,0.0
20260629_152656_9d451bbc,20260629_152656_9d451bbc_g0013,13,1078489968,7,64,64,65,2,4,GREEN,champ_v3,3,3.0,[3],0,97,2,"{""1"": 84, ""2"": 74, ""3"": 116, ""4"": 97}",False,26.0,-23.0,1.0,62.0,36.0,0.09,22.0,17.75,22.25,14.0,6.0,2.25,0.0,0.0,17.0,48.25,16.0,5.0,13.0,1.0,1.0,2.0,1.0,0.0,0.0,0.0,0.0,64.0,65.0,0.7125,0.7619047619047619,0.026,0.0256,0.1875,0.8522727272727273,0.14772727272727273,0.65,0.4666666666666667,0.8,0.4083333333333333,0.5312280701754386,0.0
20260629_152656_9d451bbc,20260629_152656_9d451bbc_g0014,14,886044159,0,8,8,8,1,1,RED,pool_l45_100ms,0,2.0,[2],0,78,3,"{""1"": 78, ""2"": 120, ""3"": 101, ""4"": 68}",False,6.0,-19.0,9.0,0.0,1.0,0.0025,388.0,90.5,366.25,6.0,10.0,28.5,113.0,208.75,1513.0,372.25,2.0,19.0,78.0,1.0,1.0,2.0,6.0,9.0,1.0,1.0,0.0,8.0,8.0,0.1,0.09523809523809523,0.0032,0.0032,0.025,0.11363636363636363,0.8863636363636364,0.15,1.0,1.0,0.20833333333333334,0.20526315789473681,0.0
20260629_152656_9d451bbc,20260629_152656_9d451bbc_g0014,14,886044159,0,8,8,8,1,2,BLUE,pool_peer_500ms,1,2.0,[2],1,120,1,"{""1"": 78, ""2"": 120, ""3"": 101, ""4"": 68}",False,9.0,-13.0,9.0,0.0,1.0,0.0025,543.0,122.625,488.75,9.0,15.0,41.25,153.5,270.0,1358.0,497.75,2.0,19.0,78.0,1.0,1.0,2.0,6.0,9.0,1.0,0.0,0.0,8.0,8.0,0.1,0.09523809523809523,0.0032,0.0032,0.025,0.11363636363636363,0.8863636363636364,0.225,1.0,1.0,0.18333333333333332,0.23684210526315785,0.0
20260629_152656_9d451bbc,20260629_152656_9d451bbc_g0014,14,886044159,0,8,8,8,1,3,YELLOW,champ_v3,2,2.0,[2],0,101,2,"{""1"": 78, ""2"": 120, ""3"": 101, ""4"": 68}",False,9.0,-13.0,9.0,0.0,1.0,0.0025,543.0,122.625,488.75,9.0,15.0,41.25,153.5,270.0,1358.0,497.75,2.0,19.0,78.0,1.0,1.0,2.0,6.0,9.0,1.0,0.0,0.0,8.0,8.0,0.1,0.09523809523809523,0.0032,0.0032,0.025,0.11363636363636363,0.8863636363636364,0.225,1.0,1.0,0.18333333333333332,0.23684210526315785,0.0
20260629_152656_9d451bbc,20260629_152656_9d451bbc_g0014,14,886044159,0,8,8,8,1,4,GREEN,pool_heuristic,3,2.0,[2],0,68,4,"{""1"": 78, ""2"": 120, ""3"": 101, ""4"": 68}",False,7.0,-17.0,9.0,0.0,1.0,0.0025,427.0,109.375,443.625,7.0,12.0,34.5,137.0,253.125,1474.0,450.625,2.0,19.0,78.0,1.0,1.0,2.0,6.0,9.0,1.0,1.0,1.0,8.0,8.0,0.1,0.09523809523809523,0.0032,0.0032,0.025,0.11363636363636363,0.8863636363636364,0.175,1.0,1.0,0.2,0.25263157894736843,0.0
20260629_152656_9d451bbc,20260629_152656_9d451bbc_g0014,14,886044159,1,16,16,16,1,1,RED,pool_l45_100ms,0,2.0,[2],0,78,3,"{""1"": 78, ""2"": 120, ""3"": 101, ""4"": 68}",False,10.0,-32.0,7.0,0.0,1.0,0.0025,507.0,118.75,455.0,10.0,17.0,45.0,173.0,210.0,1975.0,465.0,4.0,17.0,68.0,1.0,1.0,2.0,6.0,7.0,1.0,0.0,0.0,16.0,16.0,0.2,0.19047619047619047,0.0064,0.0064,0.05,0.22727272727272727,0.7727272727272727,0.25,1.0,1.0,0.35,0.3236842105263158,0.0
20260629_152656_9d451bbc,20260629_152656_9d451bbc_g0014,14,886044159,1,16,16,16,1,2,BLUE,pool_peer_500ms,1,2.0,[2],1,120,1,"{""1"": 78, ""2"": 120, ""3"": 101, ""4"": 68}",False,16.0,-20.0,0.0,2.0,1.0,0.0025,721.0,179.875,699.375,14.0,24.0,67.5,252.0,341.875,1761.0,715.375,4.0,17.0,68.0,1.0,1.0,2.0,6.0,7.0,1.0,0.0,0.0,16.0,16.0,0.2,0.19047619047619047,0.0064,0.0064,0.05,0.22727272727272727,0.7727272727272727,0.4,1.0,1.0,0.3,0.49473684210526314,0.0
20260629_152656_9d451bbc,20260629_152656_9d451bbc_g0014,14,886044159,1,16,16,16,1,3,YELLOW,champ_v3,2,2.0,[2],0,101,2,"{""1"": 78, ""2"": 120, ""3"": 101, ""4"": 68}",False,15.0,-22.0,1.0,2.0,1.0,0.0025,744.0,188.375,724.25,15.0,27.0,75.75,266.5,340.0,1738.0,739.25,4.0,17.0,68.0,1.0,1.0,2.0,6.0,7.0,1.0,0.0,0.0,16.0,16.0,0.2,0.19047619047619047,0.0064,0.0064,0.05,0.22727272727272727,0.7727272727272727,0.375,1.0,1.0,0.30833333333333335,0.4894736842105264,0.0
20260629_152656_9d451bbc,20260629_152656_9d451bbc_g0014,14,886044159,1,16,16,16,1,4,GREEN,pool_heuristic,3,2.0,[2],0,68,4,"{""1"": 78, ""2"": 120, ""3"": 101, ""4"": 68}",False,11.0,-30.0,3.0,0.0,1.0,0.0025,510.0,139.875,540.375,11.0,20.0,54.0,196.0,259.375,1972.0,551.375,4.0,17.0,68.0,1.0,1.0,2.0,6.0,7.0,1.0,1.0,1.0,16.0,16.0,0.2,0.19047619047619047,0.0064,0.0064,0.05,0.22727272727272727,0.7727272727272727,0.275,1.0,1.0,0.3416666666666667,0.45000000000000007,0.0
20260629_152656_9d451bbc,20260629_152656_9d451bbc_g0014,14,886044159,2,24,24,24,1,1,RED,pool_l45_100ms,0,2.0,[2],0,78,3,"{""1"": 78, ""2"": 120, ""3"": 101, ""4"": 68}",False,14.0,-43.0,6.0,1.0,7.0,0.0175,305.0,80.75,270.75,13.0,18.0,36.75,118.0,85.0,1483.0,284.75,6.0,15.0,58.0,1.0,1.0,2.0,6.0,5.0,0.0,0.0,0.0,24.0,24.0,0.2975,0.2857142857142857,0.0096,0.0096,0.075,0.3409090909090909,0.6590909090909091,0.35,1.0,1.0,0.475,0.4017543859649123,0.0
20260629_152656_9d451bbc,20260629_152656_9d451bbc_g0014,14,886044159,2,24,24,24,1,2,BLUE,pool_peer_500ms,1,2.0,[2],1,120,1,"{""1"": 78, ""2"": 120, ""3"": 101, ""4"": 68}",False,20.0,-31.0,0.0,10.0,7.0,0.0175,629.0,173.125,635.125,19.0,30.0,78.75,228.0,279.375,1159.0,655.125,6.0,15.0,59.0,1.0,1.0,2.0,5.0,6.0,1.0,0.0,0.0,24.0,24.0,0.2975,0.2857142857142857,0.0096,0.0096,0.0725,0.32954545454545453,0.6704545454545454,0.5,1.0,1.0,0.425,0.5843920145190562,0.0
20260629_152656_9d451bbc,20260629_152656_9d451bbc_g0014,14,886044159,2,24,24,24,1,3,YELLOW,champ_v3,2,2.0,[2],0,101,2,"{""1"": 78, ""2"": 120, ""3"": 101, ""4"": 68}",False,19.0,-33.0,1.0,12.0,7.0,0.0175,521.0,145.0,510.625,18.0,27.0,67.5,227.5,170.625,1267.0,529.625,6.0,15.0,58.0,1.0,1.0,2.0,6.0,5.0,0.0,0.0,0.0,24.0,24.0,0.2975,0.2857142857142857,0.0096,0.0096,0.075,0.3409090909090909,0.6590909090909091,0.475,1.0,1.0,0.4333333333333333,0.5894736842105264,0.0
20260629_152656_9d451bbc,20260629_152656_9d451bbc_g0014,14,886044159,2,24,24,24,1,4,GREEN,pool_heuristic,3,2.0,[2],0,68,4,"{""1"": 78, ""2"": 120, ""3"": 101, ""4"": 68}",False,18.0,-35.0,3.0,3.0,7.0,0.0175,333.0,110.25,369.875,17.0,25.0,54.0,159.5,114.375,1455.0,387.875,6.0,15.0,58.0,1.0,1.0,2.0,6.0,5.0,1.0,1.0,1.0,24.0,24.0,0.2975,0.2857142857142857,0.0096,0.0096,0.075,0.3409090909090909,0.6590909090909091,0.45,1.0,1.0,0.4416666666666667,0.4877192982456141,0.0
20260629_152656_9d451bbc,20260629_152656_9d451bbc_g0014,14,886044159,3,32,32,32,1,1,RED,pool_l45_100ms,0,2.0,[2],0,78,3,"{""1"": 78, ""2"": 120, ""3"": 101, ""4"": 68}",False,14.0,-51.0,6.0,6.0,6.0,0.015,65.0,28.375,67.0,11.0,11.0,12.0,25.5,7.5,785.0,81.0,8.0,13.0,48.0,1.0,1.0,2.0,6.0,3.0,0.0,0.0,0.0,32.0,32.0,0.395,0.38095238095238093,0.0128,0.0128,0.1,0.45454545454545453,0.5454545454545454,0.35,1.0,1.0,0.5416666666666667,0.40921052631578947,0.0
20260629_152656_9d451bbc,20260629_152656_9d451bbc_g0014,14,886044159,3,32,32,32,1,2,BLUE,pool_peer_500ms,1,2.0,[2],1,120,1,"{""1"": 78, ""2"": 120, ""3"": 101, ""4"": 68}",False,23.0,-33.0,0.0,17.0,6.0,0.015,265.0,88.875,276.125,20.0,21.0,43.5,111.0,80.625,585.0,299.125,8.0,13.0,49.0,1.0,1.0,2.0,5.0,4.0,1.0,0.0,0.0,32.0,32.0,0.395,0.38095238095238093,0.0128,0.0128,0.0975,0.4431818181818182,0.5568181818181818,0.575,1.0,1.0,0.4666666666666667,0.592442645074224,0.0
20260629_152656_9d451bbc,20260629_152656_9d451bbc_g0014,14,886044159,3,32,32,32,1,3,YELLOW,champ_v3,2,2.0,[2],0,101,2,"{""1"": 78, ""2"": 120, ""3"": 101, ""4"": 68}",False,24.0,-31.0,1.0,21.0,6.0,0.015,416.0,124.5,403.875,21.0,30.0,69.75,172.5,110.625,434.0,427.875,8.0,13.0,49.0,1.0,1.0,2.0,5.0,4.0,0.0,0.0,0.0,32.0,32.0,0.395,0.38095238095238093,0.0128,0.0128,0.0975,0.4431818181818182,0.5568181818181818,0.6,1.0,1.0,0.4583333333333333,0.6234817813765182,0.0
20260629_152656_9d451bbc,20260629_152656_9d451bbc_g0014,14,886044159,3,32,32,32,1,4,GREEN,pool_heuristic,3,2.0,[2],0,68,4,"{""1"": 78, ""2"": 120, ""3"": 101, ""4"": 68}",False,18.0,-43.0,3.0,3.0,6.0,0.015,104.0,46.25,117.0,16.0,15.0,24.0,47.0,15.0,746.0,135.0,8.0,13.0,48.0,1.0,1.0,2.0,6.0,3.0,1.0,1.0,1.0,32.0,32.0,0.395,0.38095238095238093,0.0128,0.0128,0.1,0.45454545454545453,0.5454545454545454,0.45,1.0,1.0,0.5083333333333333,0.4592105263157894,0.0
20260629_152656_9d451bbc,20260629_152656_9d451bbc_g0014,14,886044159,4,40,40,40,1,1,RED,pool_l45_100ms,0,2.0,[2],0,78,3,"{""1"": 78, ""2"": 120, ""3"": 101, ""4"": 68}",False,12.0,-54.0,1.0,19.0,8.0,0.02,22.0,13.875,22.5,9.0,5.0,3.0,5.5,0.0,454.0,34.5,10.0,11.0,38.0,1.0,1.0,2.0,6.0,1.0,0.0,0.0,0.0,40.0,40.0,0.49,0.47619047619047616,0.016,0.016,0.125,0.5681818181818182,0.4318181818181818,0.3,0.75,1.0,0.55,0.45052631578947366,0.0
20260629_152656_9d451bbc,20260629_152656_9d451bbc_g0014,14,886044159,4,40,40,40,1,2,BLUE,pool_peer_500ms,1,2.0,[2],1,120,1,"{""1"": 78, ""2"": 120, ""3"": 101, ""4"": 68}",False,22.0,-34.0,0.0,31.0,8.0,0.02,154.0,59.875,165.25,18.0,15.0,31.5,74.5,26.25,322.0,187.25,10.0,11.0,39.0,1.0,1.0,2.0,5.0,2.0,1.0,0.0,0.0,40.0,40.0,0.49,0.47619047619047616,0.016,0.016,0.1225,0.5568181818181818,0.4431818181818182,0.55,1.0,1.0,0.4666666666666667,0.6047261009667024,0.0
20260629_152656_9d451bbc,20260629_152656_9d451bbc_g0014,14,886044159,4,40,40,40,1,3,YELLOW,champ_v3,2,2.0,[2],0,101,2,"{""1"": 78, ""2"": 120, ""3"": 101, ""4"": 68}",False,29.0,-20.0,1.0,33.0,8.0,0.02,264.0,83.375,252.25,18.0,23.0,51.0,96.5,63.75,212.0,281.25,10.0,11.0,40.0,1.0,1.0,2.0,4.0,3.0,0.0,0.0,0.0,40.0,40.0,0.49,0.47619047619047616,0.016,0.016,0.12,0.5454545454545454,0.45454545454545453,0.725,1.0,1.0,0.4083333333333333,0.5921052631578947,0.0
20260629_152656_9d451bbc,20260629_152656_9d451bbc_g0014,14,886044159,4,40,40,40,1,4,GREEN,pool_heuristic,3,2.0,[2],0,68,4,"{""1"": 78, ""2"": 120, ""3"": 101, ""4"": 68}",False,15.0,-48.0,3.0,16.0,8.0,0.02,36.0,20.875,37.0,12.0,8.0,7.5,9.5,0.0,440.0,52.0,10.0,11.0,39.0,1.0,1.0,2.0,5.0,2.0,1.0,1.0,0.0,40.0,40.0,0.49,0.47619047619047616,0.016,0.016,0.1225,0.5568181818181818,0.4431818181818182,0.375,1.0,1.0,0.525,0.5016111707841031,0.0
20260629_152656_9d451bbc,20260629_152656_9d451bbc_g0014,14,886044159,5,48,48,48,1,1,RED,pool_l45_100ms,0,2.0,[2],0,78,3,"{""1"": 78, ""2"": 120, ""3"": 101, ""4"": 68}",False,11.0,-53.0,1.0,32.0,19.0,0.0475,13.0,10.25,12.75,8.0,4.0,0.75,0.0,0.0,176.0,23.75,12.0,9.0,29.0,1.0,1.0,2.0,5.0,0.0,0.0,0.0,0.0,48.0,48.0,0.575,0.5714285714285714,0.0192,0.0192,0.1475,0.6704545454545454,0.32954545454545453,0.275,0.38333333333333336,0.8,0.5333333333333333,0.4299732381801963,0.0
20260629_152656_9d451bbc,20260629_152656_9d451bbc_g0014,14,886044159,5,48,48,48,1,2,BLUE,pool_peer_500ms,1,2.0,[2],1,120,1,"{""1"": 78, ""2"": 120, ""3"": 101, ""4"": 68}",False,20.0,-35.0,0.0,40.0,19.0,0.0475,41.0,25.25,51.0,14.0,6.0,10.5,13.0,7.5,148.0,71.0,12.0,9.0,31.0,1.0,1.0,2.0,3.0,2.0,1.0,0.0,0.0,48.0,48.0,0.575,0.5714285714285714,0.0192,0.0192,0.1425,0.6477272727272727,0.3522727272727273,0.5,0.85,1.0,0.4583333333333333,0.5983379501385042,0.0
20260629_152656_9d451bbc,20260629_152656_9d451bbc_g0014,14,886044159,5,48,48,48,1,3,YELLOW,champ_v3,2,2.0,[2],0,101,2,"{""1"": 78, ""2"": 120, ""3"": 101, ""4"": 68}",False,28.0,-19.0,1.0,41.0,19.0,0.0475,111.0,50.25,125.25,16.0,19.0,33.0,46.0,11.25,78.0,153.25,12.0,9.0,31.0,1.0,1.0,2.0,3.0,2.0,0.0,0.0,0.0,48.0,48.0,0.575,0.5714285714285714,0.0192,0.0192,0.1425,0.6477272727272727,0.3522727272727273,0.7,1.0,1.0,0.39166666666666666,0.5881809787626961,0.0
20260629_152656_9d451bbc,20260629_152656_9d451bbc_g0014,14,886044159,5,48,48,48,1,4,GREEN,pool_heuristic,3,2.0,[2],0,68,4,"{""1"": 78, ""2"": 120, ""3"": 101, ""4"": 68}",False,16.0,-43.0,3.0,25.0,19.0,0.0475,24.0,18.0,25.5,13.0,6.0,4.5,2.0,0.0,165.0,41.5,12.0,9.0,31.0,1.0,1.0,2.0,3.0,2.0,1.0,1.0,0.0,48.0,48.0,0.575,0.5714285714285714,0.0192,0.0192,0.1425,0.6477272727272727,0.3522727272727273,0.4,0.9166666666666666,1.0,0.4916666666666667,0.4810710987996307,0.0
20260629_152656_9d451bbc,20260629_152656_9d451bbc_g0014,14,886044159,6,56,56,56,1,1,RED,pool_l45_100ms,0,2.0,[2],0,78,3,"{""1"": 78, ""2"": 120, ""3"": 101, ""4"": 68}",False,9.0,-56.0,0.0,34.0,32.0,0.08,6.0,6.0,6.0,6.0,0.0,0.0,0.0,0.0,62.0,15.0,14.0,7.0,24.0,1.0,0.0,1.0,5.0,0.0,0.0,0.0,0.0,56.0,56.0,0.64,0.6666666666666666,0.0224,0.0224,0.16,0.7272727272727273,0.2727272727272727,0.225,0.18333333333333332,0.8,0.5416666666666667,0.43338815789473684,0.0
20260629_152656_9d451bbc,20260629_152656_9d451bbc_g0014,14,886044159,6,56,56,56,1,2,BLUE,pool_peer_500ms,1,2.0,[2],1,120,1,"{""1"": 78, ""2"": 120, ""3"": 101, ""4"": 68}",False,19.0,-36.0,0.0,43.0,32.0,0.08,18.0,15.25,18.75,13.0,3.0,0.75,2.0,0.0,50.0,37.75,14.0,7.0,23.0,1.0,1.0,1.0,3.0,1.0,1.0,0.0,0.0,56.0,56.0,0.64,0.6666666666666666,0.0224,0.0224,0.1625,0.7386363636363636,0.26136363636363635,0.475,0.5333333333333333,1.0,0.4583333333333333,0.5748987854251013,0.0
20260629_152656_9d451bbc,20260629_152656_9d451bbc_g0014,14,886044159,6,56,56,56,1,3,YELLOW,champ_v3,2,2.0,[2],0,101,2,"{""1"": 78, ""2"": 120, ""3"": 101, ""4"": 68}",False,30.0,-14.0,1.0,53.0,32.0,0.08,36.0,23.0,38.75,14.0,9.0,8.25,5.0,2.5,32.0,68.75,14.0,7.0,22.0,1.0,1.0,2.0,2.0,1.0,0.0,0.0,0.0,56.0,56.0,0.64,0.6666666666666666,0.0224,0.0224,0.165,0.75,0.25,0.75,0.9666666666666667,1.0,0.36666666666666664,0.5614035087719298,0.0
20260629_152656_9d451bbc,20260629_152656_9d451bbc_g0014,14,886044159,6,56,56,56,1,4,GREEN,pool_heuristic,3,2.0,[2],0,68,4,"{""1"": 78, ""2"": 120, ""3"": 101, ""4"": 68}",False,16.0,-42.0,3.0,30.0,32.0,0.08,8.0,4.0,10.0,0.0,5.0,3.0,2.0,0.0,60.0,26.0,14.0,7.0,27.0,0.0,1.0,1.0,3.0,2.0,1.0,1.0,0.0,56.0,56.0,0.64,0.6666666666666666,0.0224,0.0224,0.1525,0.6931818181818182,0.3068181818181818,0.4,0.9,1.0,0.4833333333333333,0.4590163934426229,0.0
20260629_152656_9d451bbc,20260629_152656_9d451bbc_g0014,14,886044159,7,64,64,67,4,1,RED,pool_l45_100ms,0,2.0,[2],0,78,3,"{""1"": 78, ""2"": 120, ""3"": 101, ""4"": 68}",False,8.0,-53.0,0.0,39.0,35.0,0.0875,0.0,0.0,0.0,0.0,0.0,0.0,0.0,0.0,18.0,8.0,15.0,6.0,23.0,0.0,0.0,1.0,5.0,0.0,0.0,0.0,0.0,64.0,67.0,0.6925,0.7142857142857143,0.0268,0.0256,0.1625,0.7386363636363636,0.26136363636363635,0.2,0.18333333333333332,0.8,0.5083333333333333,0.43967611336032386,0.0
20260629_152656_9d451bbc,20260629_152656_9d451bbc_g0014,14,886044159,7,64,64,67,4,2,BLUE,pool_peer_500ms,1,2.0,[2],1,120,1,"{""1"": 78, ""2"": 120, ""3"": 101, ""4"": 68}",False,18.0,-33.0,0.0,48.0,35.0,0.0875,4.0,1.75,4.0,0.0,3.0,0.0,1.0,0.0,14.0,22.0,17.0,4.0,15.0,0.0,1.0,0.0,2.0,1.0,1.0,0.0,0.0,64.0,67.0,0.6925,0.8095238095238095,0.0268,0.0256,0.1825,0.8295454545454546,0.17045454545454544,0.45,0.48333333333333334,1.0,0.425,0.5457822638788753,0.0
20260629_152656_9d451bbc,20260629_152656_9d451bbc_g0014,14,886044159,7,64,64,67,4,3,YELLOW,champ_v3,2,2.0,[2],0,101,2,"{""1"": 78, ""2"": 120, ""3"": 101, ""4"": 68}",False,27.0,-15.0,1.0,66.0,35.0,0.0875,14.0,12.0,14.0,10.0,4.0,0.0,0.0,0.0,4.0,41.0,17.0,4.0,12.0,1.0,1.0,0.0,1.0,1.0,0.0,0.0,0.0,64.0,67.0,0.6925,0.8095238095238095,0.0268,0.0256,0.19,0.8636363636363636,0.13636363636363635,0.675,0.6666666666666666,1.0,0.35,0.5353185595567866,0.0
20260629_152656_9d451bbc,20260629_152656_9d451bbc_g0014,14,886044159,7,64,64,67,4,4,GREEN,pool_heuristic,3,2.0,[2],0,68,4,"{""1"": 78, ""2"": 120, ""3"": 101, ""4"": 68}",False,16.0,-37.0,3.0,42.0,35.0,0.0875,0.0,0.0,0.0,0.0,0.0,0.0,0.0,0.0,18.0,16.0,15.0,6.0,25.0,0.0,0.0,1.0,3.0,2.0,1.0,1.0,0.0,64.0,67.0,0.6925,0.7142857142857143,0.0268,0.0256,0.1575,0.7159090909090909,0.2840909090909091,0.4,0.6,1.0,0.4416666666666667,0.46031746031746024,0.0
20260629_152656_9d451bbc,20260629_152656_9d451bbc_g0015,15,745509821,0,8,8,8,1,1,RED,pool_peer_500ms,0,1.0,[1],1,98,1,"{""1"": 98, ""2"": 88, ""3"": 71, ""4"": 64}",False,9.0,-14.0,9.0,0.0,0.0,0.0,543.0,122.625,488.75,9.0,15.0,41.25,153.5,270.0,1368.0,497.75,2.0,19.0,78.0,1.0,1.0,2.0,6.0,9.0,1.0,0.0,0.0,8.0,8.0,0.1,0.09523809523809523,0.0032,0.0032,0.025,0.11363636363636363,0.8863636363636364,0.225,1.0,1.0,0.19166666666666668,0.23684210526315785,0.0
20260629_152656_9d451bbc,20260629_152656_9d451bbc_g0015,15,745509821,0,8,8,8,1,2,BLUE,champ_v3,1,1.0,[1],0,88,2,"{""1"": 98, ""2"": 88, ""3"": 71, ""4"": 64}",False,9.0,-14.0,9.0,0.0,0.0,0.0,543.0,122.625,488.75,9.0,15.0,41.25,153.5,270.0,1368.0,497.75,2.0,19.0,78.0,1.0,1.0,2.0,6.0,9.0,1.0,0.0,0.0,8.0,8.0,0.1,0.09523809523809523,0.0032,0.0032,0.025,0.11363636363636363,0.8863636363636364,0.225,1.0,1.0,0.19166666666666668,0.23684210526315785,0.0
20260629_152656_9d451bbc,20260629_152656_9d451bbc_g0015,15,745509821,0,8,8,8,1,3,YELLOW,pool_heuristic,2,1.0,[1],0,71,3,"{""1"": 98, ""2"": 88, ""3"": 71, ""4"": 64}",False,7.0,-18.0,9.0,0.0,0.0,0.0,381.0,93.75,374.5,7.0,11.0,30.75,117.0,208.75,1530.0,381.5,2.0,19.0,78.0,1.0,1.0,2.0,6.0,9.0,1.0,1.0,1.0,8.0,8.0,0.1,0.09523809523809523,0.0032,0.0032,0.025,0.11363636363636363,0.8863636363636364,0.175,1.0,1.0,0.20833333333333334,0.24736842105263157,0.0
20260629_152656_9d451bbc,20260629_152656_9d451bbc_g0015,15,745509821,0,8,8,8,1,4,GREEN,pool_l45_100ms,3,1.0,[1],0,64,4,"{""1"": 98, ""2"": 88, ""3"": 71, ""4"": 64}",False,7.0,-18.0,9.0,0.0,0.0,0.0,444.0,103.25,415.125,7.0,12.0,33.75,130.5,231.875,1467.0,422.125,2.0,19.0,78.0,1.0,1.0,2.0,6.0,9.0,1.0,1.0,0.0,8.0,8.0,0.1,0.09523809523809523,0.0032,0.0032,0.025,0.11363636363636363,0.8863636363636364,0.175,1.0,1.0,0.20833333333333334,0.20526315789473681,0.0
20260629_152656_9d451bbc,20260629_152656_9d451bbc_g0015,15,745509821,1,16,16,16,1,1,RED,pool_peer_500ms,0,1.0,[1],1,98,1,"{""1"": 98, ""2"": 88, ""3"": 71, ""4"": 64}",False,16.0,-22.0,0.0,2.0,4.0,0.01,689.0,172.125,666.875,14.0,23.0,64.5,241.0,324.375,1704.0,682.875,4.0,17.0,68.0,1.0,1.0,2.0,6.0,7.0,1.0,0.0,0.0,16.0,16.0,0.2,0.19047619047619047,0.0064,0.0064,0.05,0.22727272727272727,0.7727272727272727,0.4,1.0,1.0,0.31666666666666665,0.49473684210526314,0.0
20260629_152656_9d451bbc,20260629_152656_9d451bbc_g0015,15,745509821,1,16,16,16,1,2,BLUE,champ_v3,1,1.0,[1],0,88,2,"{""1"": 98, ""2"": 88, ""3"": 71, ""4"": 64}",False,15.0,-24.0,1.0,2.0,4.0,0.01,650.0,165.5,631.125,15.0,24.0,64.5,229.5,298.125,1743.0,646.125,4.0,17.0,68.0,1.0,1.0,2.0,6.0,7.0,1.0,0.0,0.0,16.0,16.0,0.2,0.19047619047619047,0.0064,0.0064,0.05,0.22727272727272727,0.7727272727272727,0.375,1.0,1.0,0.325,0.4894736842105264,0.0
20260629_152656_9d451bbc,20260629_152656_9d451bbc_g0015,15,745509821,1,16,16,16,1,3,YELLOW,pool_heuristic,2,1.0,[1],0,71,3,"{""1"": 98, ""2"": 88, ""3"": 71, ""4"": 64}",False,13.0,-28.0,3.0,0.0,4.0,0.01,529.0,138.875,532.375,13.0,19.0,50.25,192.0,258.125,1864.0,545.375,4.0,17.0,68.0,1.0,1.0,2.0,6.0,7.0,1.0,1.0,1.0,16.0,16.0,0.2,0.19047619047619047,0.0064,0.0064,0.05,0.22727272727272727,0.7727272727272727,0.325,1.0,1.0,0.3416666666666667,0.4710526315789473,0.0
20260629_152656_9d451bbc,20260629_152656_9d451bbc_g0015,15,745509821,1,16,16,16,1,4,GREEN,pool_l45_100ms,3,1.0,[1],0,64,4,"{""1"": 98, ""2"": 88, ""3"": 71, ""4"": 64}",False,10.0,-34.0,7.0,0.0,4.0,0.01,525.0,121.875,470.625,10.0,17.0,45.0,173.0,225.625,1868.0,480.625,4.0,17.0,68.0,1.0,1.0,2.0,6.0,7.0,1.0,0.0,0.0,16.0,16.0,0.2,0.19047619047619047,0.0064,0.0064,0.05,0.22727272727272727,0.7727272727272727,0.25,1.0,1.0,0.36666666666666664,0.3131578947368421,0.0
20260629_152656_9d451bbc,20260629_152656_9d451bbc_g0015,15,745509821,2,24,24,24,1,1,RED,pool_peer_500ms,0,1.0,[1],1,98,1,"{""1"": 98, ""2"": 88, ""3"": 71, ""4"": 64}",False,21.0,-25.0,0.0,12.0,9.0,0.0225,542.0,140.375,514.75,16.0,24.0,63.75,178.5,232.5,986.0,535.75,6.0,15.0,59.0,1.0,1.0,2.0,5.0,6.0,0.0,0.0,0.0,24.0,24.0,0.295,0.2857142857142857,0.0096,0.0096,0.0725,0.32954545454545453,0.6704545454545454,0.525,1.0,1.0,0.38333333333333336,0.5862068965517242,0.0
20260629_152656_9d451bbc,20260629_152656_9d451bbc_g0015,15,745509821,2,24,24,24,1,2,BLUE,champ_v3,1,1.0,[1],0,88,2,"{""1"": 98, ""2"": 88, ""3"": 71, ""4"": 64}",False,18.0,-31.0,1.0,10.0,9.0,0.0225,414.0,118.625,424.625,16.0,22.0,52.5,146.0,188.125,1114.0,442.625,6.0,15.0,59.0,1.0,1.0,2.0,5.0,6.0,1.0,0.0,0.0,24.0,24.0,0.295,0.2857142857142857,0.0096,0.0096,0.0725,0.32954545454545453,0.6704545454545454,0.45,1.0,1.0,0.4083333333333333,0.5934664246823956,0.0
20260629_152656_9d451bbc,20260629_152656_9d451bbc_g0015,15,745509821,2,24,24,24,1,3,YELLOW,pool_heuristic,2,1.0,[1],0,71,3,"{""1"": 98, ""2"": 88, ""3"": 71, ""4"": 64}",False,16.0,-35.0,3.0,1.0,9.0,0.0225,365.0,112.75,400.0,16.0,19.0,45.0,165.0,155.0,1163.0,416.0,6.0,15.0,58.0,1.0,1.0,2.0,6.0,5.0,1.0,1.0,1.0,24.0,24.0,0.295,0.2857142857142857,0.0096,0.0096,0.075,0.3409090909090909,0.6590909090909091,0.4,1.0,1.0,0.425,0.5175438596491229,0.0
20260629_152656_9d451bbc,20260629_152656_9d451bbc_g0015,15,745509821,2,24,24,24,1,4,GREEN,pool_l45_100ms,3,1.0,[1],0,64,4,"{""1"": 98, ""2"": 88, ""3"": 71, ""4"": 64}",False,12.0,-43.0,3.0,2.0,9.0,0.0225,207.0,53.0,179.5,9.0,10.0,22.5,78.0,60.0,1321.0,191.5,6.0,15.0,58.0,1.0,1.0,2.0,6.0,5.0,0.0,0.0,0.0,24.0,24.0,0.295,0.2857142857142857,0.0096,0.0096,0.075,0.3409090909090909,0.6590909090909091,0.3,1.0,1.0,0.4583333333333333,0.4175438596491228,0.0
20260629_152656_9d451bbc,20260629_152656_9d451bbc_g0015,15,745509821,3,32,32,32,1,1,RED,pool_peer_500ms,0,1.0,[1],1,98,1,"{""1"": 98, ""2"": 88, ""3"": 71, ""4"": 64}",False,22.0,-36.0,0.0,21.0,11.0,0.0275,245.0,72.625,222.625,17.0,17.0,36.75,90.0,61.875,516.0,244.625,8.0,13.0,49.0,1.0,1.0,2.0,5.0,4.0,0.0,0.0,0.0,32.0,32.0,0.3925,0.38095238095238093,0.0128,0.0128,0.0975,0.4431818181818182,0.5568181818181818,0.55,1.0,1.0,0.4833333333333333,0.6032388663967612,0.0
20260629_152656_9d451bbc,20260629_152656_9d451bbc_g0015,15,745509821,3,32,32,32,1,2,BLUE,champ_v3,1,1.0,[1],0,88,2,"{""1"": 98, ""2"": 88, ""3"": 71, ""4"": 64}",False,24.0,-32.0,1.0,17.0,11.0,0.0275,301.0,99.625,305.625,22.0,28.0,54.75,104.0,96.875,460.0,329.625,8.0,13.0,50.0,1.0,1.0,2.0,4.0,5.0,0.0,0.0,0.0,32.0,32.0,0.3925,0.38095238095238093,0.0128,0.0128,0.095,0.4318181818181818,0.5681818181818182,0.6,1.0,1.0,0.4666666666666667,0.5914127423822715,0.0
20260629_152656_9d451bbc,20260629_152656_9d451bbc_g0015,15,745509821,3,32,32,32,1,3,YELLOW,pool_heuristic,2,1.0,[1],0,71,3,"{""1"": 98, ""2"": 88, ""3"": 71, ""4"": 64}",False,21.0,-38.0,3.0,1.0,11.0,0.0275,180.0,73.0,204.75,21.0,20.0,33.75,95.0,35.0,581.0,225.75,8.0,13.0,48.0,1.0,1.0,2.0,6.0,3.0,0.0,1.0,1.0,32.0,32.0,0.3925,0.38095238095238093,0.0128,0.0128,0.1,0.45454545454545453,0.5454545454545454,0.525,1.0,1.0,0.4916666666666667,0.5210526315789474,0.0
20260629_152656_9d451bbc,20260629_152656_9d451bbc_g0015,15,745509821,3,32,32,32,1,4,GREEN,pool_l45_100ms,3,1.0,[1],0,64,4,"{""1"": 98, ""2"": 88, ""3"": 71, ""4"": 64}",False,13.0,-54.0,3.0,4.0,11.0,0.0275,35.0,17.125,35.0,9.0,5.0,6.75,10.5,3.75,726.0,48.0,8.0,13.0,48.0,1.0,1.0,2.0,6.0,3.0,0.0,0.0,0.0,32.0,32.0,0.3925,0.38095238095238093,0.0128,0.0128,0.1,0.45454545454545453,0.5454545454545454,0.325,1.0,1.0,0.5583333333333333,0.4302631578947369,0.0
20260629_152656_9d451bbc,20260629_152656_9d451bbc_g0015,15,745509821,4,40,40,40,1,1,RED,pool_peer_500ms,0,1.0,[1],1,98,1,"{""1"": 98, ""2"": 88, ""3"": 71, ""4"": 64}",False,23.0,-34.0,0.0,35.0,37.0,0.0925,152.0,55.125,146.25,17.0,16.0,30.75,67.5,15.0,270.0,169.25,10.0,11.0,39.0,1.0,1.0,2.0,5.0,2.0,0.0,0.0,0.0,40.0,40.0,0.485,0.47619047619047616,0.016,0.016,0.1225,0.5568181818181818,0.4431818181818182,0.575,1.0,1.0,0.475,0.6090225563909775,0.0
20260629_152656_9d451bbc,20260629_152656_9d451bbc_g0015,15,745509821,4,40,40,40,1,2,BLUE,champ_v3,1,1.0,[1],0,88,2,"{""1"": 98, ""2"": 88, ""3"": 71, ""4"": 64}",False,27.0,-26.0,1.0,27.0,37.0,0.0925,200.0,74.75,205.75,22.0,26.0,47.25,38.0,72.5,222.0,232.75,10.0,11.0,42.0,1.0,1.0,2.0,2.0,5.0,0.0,0.0,0.0,40.0,40.0,0.485,0.47619047619047616,0.016,0.016,0.115,0.5227272727272727,0.4772727272727273,0.675,1.0,1.0,0.4416666666666667,0.5709382151029748,0.0
20260629_152656_9d451bbc,20260629_152656_9d451bbc_g0015,15,745509821,4,40,40,40,1,3,YELLOW,pool_heuristic,2,1.0,[1],0,71,3,"{""1"": 98, ""2"": 88, ""3"": 71, ""4"": 64}",False,19.0,-42.0,3.0,5.0,37.0,0.0925,58.0,32.75,62.0,18.0,12.0,10.5,19.0,2.5,364.0,81.0,10.0,11.0,38.0,1.0,1.0,2.0,6.0,1.0,0.0,0.0,0.0,40.0,40.0,0.485,0.47619047619047616,0.016,0.016,0.125,0.5681818181818182,0.4318181818181818,0.475,1.0,1.0,0.5083333333333333,0.48526315789473684,0.0
20260629_152656_9d451bbc,20260629_152656_9d451bbc_g0015,15,745509821,4,40,40,40,1,4,GREEN,pool_l45_100ms,3,1.0,[1],0,64,4,"{""1"": 98, ""2"": 88, ""3"": 71, ""4"": 64}",False,11.0,-58.0,3.0,5.0,37.0,0.0925,12.0,9.25,13.25,7.0,2.0,2.25,2.0,0.0,410.0,24.25,10.0,11.0,39.0,1.0,1.0,2.0,5.0,2.0,0.0,0.0,0.0,40.0,40.0,0.485,0.47619047619047616,0.016,0.016,0.1225,0.5568181818181818,0.4431818181818182,0.275,0.6333333333333333,1.0,0.575,0.3845327604726101,0.0
20260629_152656_9d451bbc,20260629_152656_9d451bbc_g0015,15,745509821,5,48,48,48,1,1,RED,pool_peer_500ms,0,1.0,[1],1,98,1,"{""1"": 98, ""2"": 88, ""3"": 71, ""4"": 64}",False,25.0,-26.0,0.0,45.0,38.0,0.095,94.0,42.125,96.625,17.0,13.0,25.5,38.0,3.125,119.0,121.625,12.0,9.0,30.0,1.0,1.0,2.0,4.0,1.0,0.0,0.0,0.0,48.0,48.0,0.565,0.5714285714285714,0.0192,0.0192,0.145,0.6590909090909091,0.3409090909090909,0.625,1.0,1.0,0.425,0.6225045372050817,0.0
20260629_152656_9d451bbc,20260629_152656_9d451bbc_g0015,15,745509821,5,48,48,48,1,2,BLUE,champ_v3,1,1.0,[1],0,88,2,"{""1"": 98, ""2"": 88, ""3"": 71, ""4"": 64}",False,24.0,-28.0,1.0,35.0,38.0,0.095,89.0,42.75,99.75,19.0,17.0,12.0,18.0,33.75,124.0,123.75,12.0,9.0,34.0,1.0,1.0,1.0,2.0,4.0,0.0,0.0,0.0,48.0,48.0,0.565,0.5714285714285714,0.0192,0.0192,0.135,0.6136363636363636,0.38636363636363635,0.6,1.0,1.0,0.4333333333333333,0.5750487329434697,0.0
20260629_152656_9d451bbc,20260629_152656_9d451bbc_g0015,15,745509821,5,48,48,48,1,3,YELLOW,pool_heuristic,2,1.0,[1],0,71,3,"{""1"": 98, ""2"": 88, ""3"": 71, ""4"": 64}",False,18.0,-40.0,3.0,19.0,38.0,0.095,23.0,19.25,22.75,16.0,6.0,0.75,0.0,0.0,190.0,40.75,12.0,9.0,30.0,1.0,1.0,2.0,4.0,1.0,0.0,0.0,0.0,48.0,48.0,0.565,0.5714285714285714,0.0192,0.0192,0.145,0.6590909090909091,0.3409090909090909,0.45,0.8,1.0,0.4833333333333333,0.46733212341197816,0.0
20260629_152656_9d451bbc,20260629_152656_9d451bbc_g0015,15,745509821,5,48,48,48,1,4,GREEN,pool_l45_100ms,3,1.0,[1],0,64,4,"{""1"": 98, ""2"": 88, ""3"": 71, ""4"": 64}",False,9.0,-58.0,3.0,16.0,38.0,0.095,7.0,6.5,7.0,6.0,1.0,0.0,0.0,0.0,206.0,16.0,12.0,9.0,32.0,1.0,1.0,1.0,4.0,2.0,0.0,0.0,0.0,48.0,48.0,0.565,0.5714285714285714,0.0192,0.0192,0.14,0.6363636363636364,0.36363636363636365,0.225,0.45,1.0,0.5583333333333333,0.41541353383458646,0.0
20260629_152656_9d451bbc,20260629_152656_9d451bbc_g0015,15,745509821,6,56,56,56,1,1,RED,pool_peer_500ms,0,1.0,[1],1,98,1,"{""1"": 98, ""2"": 88, ""3"": 71, ""4"": 64}",False,26.0,-23.0,0.0,55.0,36.0,0.09,47.0,27.0,49.0,15.0,9.0,16.5,6.0,2.5,75.0,75.0,14.0,7.0,22.0,1.0,1.0,2.0,2.0,1.0,0.0,0.0,0.0,56.0,56.0,0.6175,0.6666666666666666,0.0224,0.0224,0.165,0.75,0.25,0.65,1.0,1.0,0.4083333333333333,0.6036682615629985,0.0
20260629_152656_9d451bbc,20260629_152656_9d451bbc_g0015,15,745509821,6,56,56,56,1,2,BLUE,champ_v3,1,1.0,[1],0,88,2,"{""1"": 98, ""2"": 88, ""3"": 71, ""4"": 64}",False,22.0,-31.0,1.0,43.0,36.0,0.09,64.0,29.375,70.375,16.0,0.0,12.0,18.0,24.375,58.0,92.375,14.0,7.0,27.0,1.0,0.0,1.0,2.0,3.0,0.0,0.0,0.0,56.0,56.0,0.6175,0.6666666666666666,0.0224,0.0224,0.1525,0.6931818181818182,0.3068181818181818,0.55,0.95,1.0,0.4416666666666667,0.5608283002588439,0.0
20260629_152656_9d451bbc,20260629_152656_9d451bbc_g0015,15,745509821,6,56,56,56,1,3,YELLOW,pool_heuristic,2,1.0,[1],0,71,3,"{""1"": 98, ""2"": 88, ""3"": 71, ""4"": 64}",False,20.0,-35.0,3.0,34.0,36.0,0.09,11.0,3.5,13.25,0.0,0.0,3.75,7.0,2.5,111.0,33.25,14.0,7.0,27.0,0.0,0.0,2.0,4.0,1.0,0.0,0.0,0.0,56.0,56.0,0.6175,0.6666666666666666,0.0224,0.0224,0.1525,0.6931818181818182,0.3068181818181818,0.5,1.0,1.0,0.4583333333333333,0.4693701466781708,0.0
20260629_152656_9d451bbc,20260629_152656_9d451bbc_g0015,15,745509821,6,56,56,56,1,4,GREEN,pool_l45_100ms,3,1.0,[1],0,64,4,"{""1"": 98, ""2"": 88, ""3"": 71, ""4"": 64}",False,7.0,-61.0,3.0,21.0,36.0,0.09,0.0,0.0,0.0,0.0,0.0,0.0,0.0,0.0,122.0,7.0,14.0,7.0,29.0,0.0,0.0,1.0,4.0,2.0,0.0,0.0,0.0,56.0,56.0,0.6175,0.6666666666666666,0.0224,0.0224,0.1475,0.6704545454545454,0.32954545454545453,0.175,0.38333333333333336,1.0,0.5666666666666667,0.42551293487957187,0.0
20260629_152656_9d451bbc,20260629_152656_9d451bbc_g0015,15,745509821,7,64,64,69,2,1,RED,pool_peer_500ms,0,1.0,[1],1,98,1,"{""1"": 98, ""2"": 88, ""3"": 71, ""4"": 64}",False,25.0,-22.0,0.0,65.0,43.0,0.1075,8.0,2.5,9.0,0.0,0.0,4.5,2.0,2.5,0.0,34.0,18.0,3.0,12.0,0.0,0.0,1.0,1.0,1.0,0.0,0.0,0.0,64.0,69.0,0.675,0.8571428571428571,0.0276,0.0256,0.19,0.8636363636363636,0.13636363636363635,0.625,0.75,1.0,0.39166666666666666,0.5754847645429363,0.0
20260629_152656_9d451bbc,20260629_152656_9d451bbc_g0015,15,745509821,7,64,64,69,2,2,BLUE,champ_v3,1,1.0,[1],0,88,2,"{""1"": 98, ""2"": 88, ""3"": 71, ""4"": 64}",False,20.0,-32.0,1.0,49.0,43.0,0.1075,0.0,0.0,0.0,0.0,0.0,0.0,0.0,0.0,8.0,20.0,17.0,4.0,19.0,0.0,0.0,0.0,1.0,3.0,0.0,0.0,0.0,64.0,69.0,0.675,0.8095238095238095,0.0276,0.0256,0.1725,0.7840909090909091,0.2159090909090909,0.5,0.65,1.0,0.4333333333333333,0.5545385202135774,0.0
20260629_152656_9d451bbc,20260629_152656_9d451bbc_g0015,15,745509821,7,64,64,69,2,3,YELLOW,pool_heuristic,2,1.0,[1],0,71,3,"{""1"": 98, ""2"": 88, ""3"": 71, ""4"": 64}",False,20.0,-32.0,3.0,43.0,43.0,0.1075,0.0,0.0,0.0,0.0,0.0,0.0,0.0,0.0,8.0,20.0,15.0,6.0,22.0,0.0,0.0,2.0,4.0,0.0,0.0,0.0,0.0,64.0,69.0,0.675,0.7142857142857143,0.0276,0.0256,0.165,0.75,0.25,0.5,0.65,0.8,0.4333333333333333,0.46172248803827753,0.0
20260629_152656_9d451bbc,20260629_152656_9d451bbc_g0015,15,745509821,7,64,64,69,2,4,GREEN,pool_l45_100ms,3,1.0,[1],0,64,4,"{""1"": 98, ""2"": 88, ""3"": 71, ""4"": 64}",False,7.0,-58.0,3.0,23.0,43.0,0.1075,0.0,0.0,0.0,0.0,0.0,0.0,0.0,0.0,8.0,7.0,14.0,7.0,29.0,0.0,0.0,1.0,4.0,2.0,0.0,0.0,0.0,64.0,69.0,0.675,0.6666666666666666,0.0276,0.0256,0.1475,0.6704545454545454,0.32954545454545453,0.175,0.38333333333333336,1.0,0.5416666666666667,0.42551293487957187,0.0
20260629_152656_9d451bbc,20260629_152656_9d451bbc_g0016,16,439697619,0,8,8,8,1,1,RED,champ_v3,0,1.0,[1],1,124,1,"{""1"": 124, ""2"": 71, ""3"": 68, ""4"": 84}",False,9.0,-15.0,9.0,0.0,0.0,0.0,543.0,122.625,488.75,9.0,15.0,41.25,153.5,270.0,1426.0,497.75,2.0,19.0,78.0,1.0,1.0,2.0,6.0,9.0,1.0,0.0,0.0,8.0,8.0,0.1,0.09523809523809523,0.0032,0.0032,0.025,0.11363636363636363,0.8863636363636364,0.225,1.0,1.0,0.2,0.23684210526315785,0.0
20260629_152656_9d451bbc,20260629_152656_9d451bbc_g0016,16,439697619,0,8,8,8,1,2,BLUE,pool_heuristic,1,1.0,[1],0,71,3,"{""1"": 124, ""2"": 71, ""3"": 68, ""4"": 84}",False,8.0,-17.0,8.0,0.0,0.0,0.0,519.0,126.125,510.5,8.0,14.0,40.5,160.5,287.5,1450.0,518.5,2.0,19.0,78.0,1.0,1.0,2.0,6.0,9.0,1.0,0.0,1.0,8.0,8.0,0.1,0.09523809523809523,0.0032,0.0032,0.025,0.11363636363636363,0.8863636363636364,0.2,1.0,1.0,0.20833333333333334,0.26315789473684215,0.0
20260629_152656_9d451bbc,20260629_152656_9d451bbc_g0016,16,439697619,0,8,8,8,1,3,YELLOW,pool_l45_100ms,2,1.0,[1],0,68,4,"{""1"": 124, ""2"": 71, ""3"": 68, ""4"": 84}",False,7.0,-19.0,9.0,0.0,0.0,0.0,364.0,86.0,341.875,7.0,10.0,27.0,108.5,189.375,1605.0,348.875,2.0,19.0,78.0,1.0,1.0,2.0,6.0,9.0,1.0,1.0,0.0,8.0,8.0,0.1,0.09523809523809523,0.0032,0.0032,0.025,0.11363636363636363,0.8863636363636364,0.175,1.0,1.0,0.21666666666666665,0.17368421052631577,0.0
20260629_152656_9d451bbc,20260629_152656_9d451bbc_g0016,16,439697619,0,8,8,8,1,4,GREEN,pool_peer_500ms,3,1.0,[1],0,84,2,"{""1"": 124, ""2"": 71, ""3"": 68, ""4"": 84}",False,9.0,-15.0,9.0,0.0,0.0,0.0,543.0,122.625,488.75,9.0,15.0,41.25,153.5,270.0,1426.0,497.75,2.0,19.0,78.0,1.0,1.0,2.0,6.0,9.0,1.0,0.0,0.0,8.0,8.0,0.1,0.09523809523809523,0.0032,0.0032,0.025,0.11363636363636363,0.8863636363636364,0.225,1.0,1.0,0.2,0.23684210526315785,0.0
20260629_152656_9d451bbc,20260629_152656_9d451bbc_g0016,16,439697619,1,16,16,16,1,1,RED,champ_v3,0,1.0,[1],1,124,1,"{""1"": 124, ""2"": 71, ""3"": 68, ""4"": 84}",False,16.0,-23.0,1.0,2.0,0.0,0.0,620.0,149.375,563.25,16.0,21.0,55.5,204.5,266.25,1665.0,579.25,4.0,17.0,68.0,1.0,1.0,2.0,6.0,7.0,1.0,0.0,0.0,16.0,16.0,0.2,0.19047619047619047,0.0064,0.0064,0.05,0.22727272727272727,0.7727272727272727,0.4,1.0,1.0,0.325,0.4815789473684211,0.0
20260629_152656_9d451bbc,20260629_152656_9d451bbc_g0016,16,439697619,1,16,16,16,1,2,BLUE,pool_heuristic,1,1.0,[1],0,71,3,"{""1"": 124, ""2"": 71, ""3"": 68, ""4"": 84}",False,13.0,-29.0,3.0,2.0,0.0,0.0,540.0,148.875,577.875,12.0,19.0,55.5,212.0,279.375,1745.0,590.875,4.0,17.0,68.0,1.0,1.0,2.0,6.0,7.0,1.0,0.0,1.0,16.0,16.0,0.2,0.19047619047619047,0.0064,0.0064,0.05,0.22727272727272727,0.7727272727272727,0.325,1.0,1.0,0.35,0.4736842105263158,0.0
20260629_152656_9d451bbc,20260629_152656_9d451bbc_g0016,16,439697619,1,16,16,16,1,3,YELLOW,pool_l45_100ms,2,1.0,[1],0,68,4,"{""1"": 124, ""2"": 71, ""3"": 68, ""4"": 84}",False,11.0,-33.0,5.0,2.0,0.0,0.0,419.0,100.875,379.0,11.0,15.0,36.0,139.5,177.5,1866.0,390.0,4.0,17.0,68.0,1.0,1.0,2.0,6.0,7.0,1.0,0.0,0.0,16.0,16.0,0.2,0.19047619047619047,0.0064,0.0064,0.05,0.22727272727272727,0.7727272727272727,0.275,1.0,1.0,0.36666666666666664,0.3526315789473684,0.0
20260629_152656_9d451bbc,20260629_152656_9d451bbc_g0016,16,439697619,1,16,16,16,1,4,GREEN,pool_peer_500ms,3,1.0,[1],0,84,2,"{""1"": 124, ""2"": 71, ""3"": 68, ""4"": 84}",False,15.0,-25.0,4.0,2.0,0.0,0.0,706.0,176.375,679.125,15.0,25.0,66.0,245.0,328.125,1579.0,694.125,4.0,17.0,68.0,1.0,1.0,2.0,6.0,7.0,1.0,0.0,0.0,16.0,16.0,0.2,0.19047619047619047,0.0064,0.0064,0.05,0.22727272727272727,0.7727272727272727,0.375,1.0,1.0,0.33333333333333337,0.4526315789473684,0.0
20260629_152656_9d451bbc,20260629_152656_9d451bbc_g0016,16,439697619,2,24,24,24,1,1,RED,champ_v3,0,1.0,[1],1,124,1,"{""1"": 124, ""2"": 71, ""3"": 68, ""4"": 84}",False,20.0,-30.0,0.0,10.0,0.0,0.0,339.0,95.875,321.375,19.0,18.0,42.0,108.0,134.375,953.0,341.375,6.0,15.0,59.0,1.0,1.0,2.0,5.0,6.0,1.0,0.0,0.0,24.0,24.0,0.2975,0.2857142857142857,0.0096,0.0096,0.0725,0.32954545454545453,0.6704545454545454,0.5,1.0,1.0,0.4166666666666667,0.5989110707803993,0.0
20260629_152656_9d451bbc,20260629_152656_9d451bbc_g0016,16,439697619,2,24,24,24,1,2,BLUE,pool_heuristic,1,1.0,[1],0,71,3,"{""1"": 124, ""2"": 71, ""3"": 68, ""4"": 84}",False,18.0,-34.0,3.0,3.0,0.0,0.0,324.0,106.375,362.625,17.0,19.0,48.75,161.0,116.875,968.0,380.625,6.0,15.0,58.0,1.0,1.0,2.0,6.0,5.0,1.0,0.0,1.0,24.0,24.0,0.2975,0.2857142857142857,0.0096,0.0096,0.075,0.3409090909090909,0.6590909090909091,0.45,1.0,1.0,0.4333333333333333,0.47894736842105257,0.0
20260629_152656_9d451bbc,20260629_152656_9d451bbc_g0016,16,439697619,2,24,24,24,1,3,YELLOW,pool_l45_100ms,2,1.0,[1],0,68,4,"{""1"": 124, ""2"": 71, ""3"": 68, ""4"": 84}",False,12.0,-46.0,5.0,2.0,0.0,0.0,170.0,48.125,154.125,11.0,10.0,19.5,58.0,55.625,1122.0,166.125,6.0,15.0,58.0,1.0,1.0,2.0,6.0,5.0,0.0,0.0,0.0,24.0,24.0,0.2975,0.2857142857142857,0.0096,0.0096,0.075,0.3409090909090909,0.6590909090909091,0.3,1.0,1.0,0.4833333333333333,0.39473684210526316,0.0
20260629_152656_9d451bbc,20260629_152656_9d451bbc_g0016,16,439697619,2,24,24,24,1,4,GREEN,pool_peer_500ms,3,1.0,[1],0,84,2,"{""1"": 124, ""2"": 71, ""3"": 68, ""4"": 84}",False,20.0,-30.0,0.0,10.0,0.0,0.0,459.0,135.875,483.75,18.0,24.0,57.0,198.5,186.25,833.0,503.75,6.0,15.0,58.0,1.0,1.0,2.0,6.0,5.0,1.0,0.0,0.0,24.0,24.0,0.2975,0.2857142857142857,0.0096,0.0096,0.075,0.3409090909090909,0.6590909090909091,0.5,1.0,1.0,0.4166666666666667,0.5877192982456141,0.0
20260629_152656_9d451bbc,20260629_152656_9d451bbc_g0016,16,439697619,3,32,32,32,1,1,RED,champ_v3,0,1.0,[1],1,124,1,"{""1"": 124, ""2"": 71, ""3"": 68, ""4"": 84}",False,25.0,-28.0,0.0,19.0,6.0,0.015,312.0,90.75,282.25,21.0,22.0,48.0,90.0,101.25,384.0,307.25,8.0,13.0,50.0,1.0,1.0,2.0,4.0,5.0,1.0,0.0,0.0,32.0,32.0,0.395,0.38095238095238093,0.0128,0.0128,0.095,0.4318181818181818,0.5681818181818182,0.625,1.0,1.0,0.4416666666666667,0.6218836565096952,0.0
20260629_152656_9d451bbc,20260629_152656_9d451bbc_g0016,16,439697619,3,32,32,32,1,2,BLUE,pool_heuristic,1,1.0,[1],0,71,3,"{""1"": 124, ""2"": 71, ""3"": 68, ""4"": 84}",False,18.0,-42.0,3.0,4.0,6.0,0.015,147.0,54.5,153.125,16.0,13.0,27.0,71.5,25.625,549.0,171.125,8.0,13.0,48.0,1.0,1.0,2.0,6.0,3.0,1.0,0.0,1.0,32.0,32.0,0.395,0.38095238095238093,0.0128,0.0128,0.1,0.45454545454545453,0.5454545454545454,0.45,1.0,1.0,0.5,0.48684210526315785,0.0
20260629_152656_9d451bbc,20260629_152656_9d451bbc_g0016,16,439697619,3,32,32,32,1,3,YELLOW,pool_l45_100ms,2,1.0,[1],0,68,4,"{""1"": 124, ""2"": 71, ""3"": 68, ""4"": 84}",False,13.0,-52.0,5.0,4.0,6.0,0.015,50.0,24.75,52.75,12.0,8.0,10.5,16.0,6.25,646.0,65.75,8.0,13.0,48.0,1.0,1.0,2.0,6.0,3.0,0.0,0.0,0.0,32.0,32.0,0.395,0.38095238095238093,0.0128,0.0128,0.1,0.45454545454545453,0.5454545454545454,0.325,1.0,1.0,0.5416666666666667,0.42499999999999993,0.0
20260629_152656_9d451bbc,20260629_152656_9d451bbc_g0016,16,439697619,3,32,32,32,1,4,GREEN,pool_peer_500ms,3,1.0,[1],0,84,2,"{""1"": 124, ""2"": 71, ""3"": 68, ""4"": 84}",False,22.0,-34.0,0.0,21.0,6.0,0.015,187.0,65.875,185.875,18.0,18.0,34.5,86.0,29.375,509.0,207.875,8.0,13.0,48.0,1.0,1.0,2.0,6.0,3.0,1.0,0.0,0.0,32.0,32.0,0.395,0.38095238095238093,0.0128,0.0128,0.1,0.45454545454545453,0.5454545454545454,0.55,1.0,1.0,0.4666666666666667,0.6026315789473684,0.0
20260629_152656_9d451bbc,20260629_152656_9d451bbc_g0016,16,439697619,4,40,40,40,1,1,RED,champ_v3,0,1.0,[1],1,124,1,"{""1"": 124, ""2"": 71, ""3"": 68, ""4"": 84}",False,27.0,-28.0,0.0,32.0,15.0,0.0375,192.0,65.75,179.625,21.0,18.0,39.75,46.5,54.375,205.0,206.625,10.0,11.0,41.0,1.0,1.0,2.0,3.0,4.0,1.0,0.0,0.0,40.0,40.0,0.485,0.47619047619047616,0.016,0.016,0.1175,0.5340909090909091,0.4659090909090909,0.675,1.0,1.0,0.4583333333333333,0.6215005599104144,0.0
20260629_152656_9d451bbc,20260629_152656_9d451bbc_g0016,16,439697619,4,40,40,40,1,2,BLUE,pool_heuristic,1,1.0,[1],0,71,3,"{""1"": 124, ""2"": 71, ""3"": 68, ""4"": 84}",False,18.0,-46.0,3.0,17.0,15.0,0.0375,39.0,22.875,41.25,15.0,4.0,7.5,8.5,6.25,358.0,59.25,10.0,11.0,39.0,1.0,1.0,2.0,5.0,2.0,1.0,0.0,1.0,40.0,40.0,0.485,0.47619047619047616,0.016,0.016,0.1225,0.5568181818181818,0.4431818181818182,0.45,1.0,1.0,0.5333333333333333,0.44897959183673475,0.0
20260629_152656_9d451bbc,20260629_152656_9d451bbc_g0016,16,439697619,4,40,40,40,1,3,YELLOW,pool_l45_100ms,2,1.0,[1],0,68,4,"{""1"": 124, ""2"": 71, ""3"": 68, ""4"": 84}",False,12.0,-58.0,5.0,11.0,15.0,0.0375,29.0,17.25,28.0,11.0,6.0,6.0,5.0,0.0,368.0,40.0,10.0,11.0,38.0,1.0,1.0,2.0,6.0,1.0,0.0,0.0,0.0,40.0,40.0,0.485,0.47619047619047616,0.016,0.016,0.125,0.5681818181818182,0.4318181818181818,0.3,0.7833333333333333,1.0,0.5833333333333333,0.4010526315789473,0.0
20260629_152656_9d451bbc,20260629_152656_9d451bbc_g0016,16,439697619,4,40,40,40,1,4,GREEN,pool_peer_500ms,3,1.0,[1],0,84,2,"{""1"": 124, ""2"": 71, ""3"": 68, ""4"": 84}",False,25.0,-32.0,0.0,27.0,15.0,0.0375,137.0,51.0,130.875,18.0,15.0,18.75,68.5,10.625,260.0,155.875,10.0,11.0,40.0,1.0,1.0,1.0,6.0,2.0,0.0,0.0,0.0,40.0,40.0,0.485,0.47619047619047616,0.016,0.016,0.12,0.5454545454545454,0.45454545454545453,0.625,1.0,1.0,0.475,0.5833333333333333,0.0
20260629_152656_9d451bbc,20260629_152656_9d451bbc_g0016,16,439697619,5,48,48,48,1,1,RED,champ_v3,0,1.0,[1],1,124,1,"{""1"": 124, ""2"": 71, ""3"": 68, ""4"": 84}",False,27.0,-21.0,0.0,46.0,37.0,0.0925,61.0,31.375,57.25,19.0,8.0,13.5,10.5,6.25,86.0,84.25,12.0,9.0,32.0,1.0,1.0,2.0,2.0,3.0,1.0,0.0,0.0,48.0,48.0,0.5625,0.5714285714285714,0.0192,0.0192,0.14,0.6363636363636364,0.36363636363636365,0.675,1.0,1.0,0.4,0.6259398496240602,0.0
20260629_152656_9d451bbc,20260629_152656_9d451bbc_g0016,16,439697619,5,48,48,48,1,2,BLUE,pool_heuristic,1,1.0,[1],0,71,3,"{""1"": 124, ""2"": 71, ""3"": 68, ""4"": 84}",False,21.0,-33.0,3.0,24.0,37.0,0.0925,38.0,25.125,38.5,18.0,5.0,9.0,6.5,0.0,109.0,59.5,12.0,9.0,30.0,1.0,1.0,2.0,4.0,1.0,1.0,0.0,0.0,48.0,48.0,0.5625,0.5714285714285714,0.0192,0.0192,0.145,0.6590909090909091,0.3409090909090909,0.525,1.0,1.0,0.45,0.42105263157894735,0.0
20260629_152656_9d451bbc,20260629_152656_9d451bbc_g0016,16,439697619,5,48,48,48,1,3,YELLOW,pool_l45_100ms,2,1.0,[1],0,68,4,"{""1"": 124, ""2"": 71, ""3"": 68, ""4"": 84}",False,6.0,-63.0,5.0,19.0,37.0,0.0925,5.0,5.0,5.0,5.0,0.0,0.0,0.0,0.0,142.0,11.0,12.0,9.0,31.0,1.0,1.0,1.0,5.0,1.0,0.0,0.0,0.0,48.0,48.0,0.5625,0.5714285714285714,0.0192,0.0192,0.1425,0.6477272727272727,0.3522727272727273,0.15,0.23333333333333334,1.0,0.575,0.40258541089566025,0.0
20260629_152656_9d451bbc,20260629_152656_9d451bbc_g0016,16,439697619,5,48,48,48,1,4,GREEN,pool_peer_500ms,3,1.0,[1],0,84,2,"{""1"": 124, ""2"": 71, ""3"": 68, ""4"": 84}",False,21.0,-33.0,0.0,34.0,37.0,0.0925,43.0,21.0,40.125,14.0,0.0,7.5,15.5,3.125,104.0,61.125,12.0,9.0,34.0,1.0,0.0,1.0,5.0,2.0,0.0,0.0,0.0,48.0,48.0,0.5625,0.5714285714285714,0.0192,0.0192,0.135,0.6136363636363636,0.38636363636363635,0.525,0.7666666666666667,1.0,0.45,0.5955165692007798,0.0
20260629_152656_9d451bbc,20260629_152656_9d451bbc_g0016,16,439697619,6,56,56,56,1,1,RED,champ_v3,0,1.0,[1],1,124,1,"{""1"": 124, ""2"": 71, ""3"": 68, ""4"": 84}",False,28.0,-14.0,0.0,55.0,36.0,0.09,49.0,29.625,48.5,20.0,7.0,10.5,8.5,2.5,4.0,76.5,14.0,7.0,22.0,1.0,1.0,2.0,2.0,1.0,0.0,0.0,0.0,56.0,56.0,0.6275,0.6666666666666666,0.0224,0.0224,0.165,0.75,0.25,0.7,1.0,1.0,0.35,0.5996810207336523,0.0
20260629_152656_9d451bbc,20260629_152656_9d451bbc_g0016,16,439697619,6,56,56,56,1,2,BLUE,pool_heuristic,1,1.0,[1],0,71,3,"{""1"": 124, ""2"": 71, ""3"": 68, ""4"": 84}",False,17.0,-36.0,3.0,25.0,36.0,0.09,2.0,1.0,2.5,0.0,1.0,1.5,0.0,0.0,51.0,19.5,14.0,7.0,25.0,0.0,1.0,2.0,3.0,1.0,1.0,0.0,0.0,56.0,56.0,0.6275,0.6666666666666666,0.0224,0.0224,0.1575,0.7159090909090909,0.2840909090909091,0.425,1.0,1.0,0.4416666666666667,0.42105263157894735,0.0
20260629_152656_9d451bbc,20260629_152656_9d451bbc_g0016,16,439697619,6,56,56,56,1,3,YELLOW,pool_l45_100ms,2,1.0,[1],0,68,4,"{""1"": 124, ""2"": 71, ""3"": 68, ""4"": 84}",False,6.0,-58.0,5.0,25.0,36.0,0.09,0.0,0.0,0.0,0.0,0.0,0.0,0.0,0.0,53.0,6.0,14.0,7.0,25.0,0.0,1.0,1.0,5.0,0.0,0.0,0.0,0.0,56.0,56.0,0.6275,0.6666666666666666,0.0224,0.0224,0.1575,0.7159090909090909,0.2840909090909091,0.15,0.26666666666666666,0.8,0.5333333333333333,0.3943191311612364,0.0
20260629_152656_9d451bbc,20260629_152656_9d451bbc_g0016,16,439697619,6,56,56,56,1,4,GREEN,pool_peer_500ms,3,1.0,[1],0,84,2,"{""1"": 124, ""2"": 71, ""3"": 68, ""4"": 84}",False,19.0,-32.0,0.0,44.0,36.0,0.09,2.0,0.375,1.75,0.0,0.0,0.0,0.5,1.25,51.0,20.75,14.0,7.0,29.0,0.0,0.0,1.0,4.0,2.0,0.0,0.0,0.0,56.0,56.0,0.6275,0.6666666666666666,0.0224,0.0224,0.1475,0.6704545454545454,0.32954545454545453,0.475,0.5666666666666667,1.0,0.425,0.5700267618198038,0.0
20260629_152656_9d451bbc,20260629_152656_9d451bbc_g0016,16,439697619,7,64,64,77,2,1,RED,champ_v3,0,1.0,[1],1,124,1,"{""1"": 124, ""2"": 71, ""3"": 68, ""4"": 84}",False,29.0,-13.0,0.0,73.0,38.0,0.095,4.0,0.5,2.0,0.0,0.0,0.0,2.0,0.0,0.0,31.0,20.0,1.0,4.0,0.0,0.0,0.0,1.0,0.0,0.0,0.0,0.0,64.0,77.0,0.69,0.9523809523809523,0.0308,0.0256,0.21,0.9545454545454546,0.045454545454545456,0.725,0.8333333333333334,0.8,0.35,0.5651629072681703,0.0
20260629_152656_9d451bbc,20260629_152656_9d451bbc_g0016,16,439697619,7,64,64,77,2,2,BLUE,pool_heuristic,1,1.0,[1],0,71,3,"{""1"": 124, ""2"": 71, ""3"": 68, ""4"": 84}",False,17.0,-37.0,3.0,32.0,38.0,0.095,0.0,0.0,0.0,0.0,0.0,0.0,0.0,0.0,4.0,17.0,15.0,6.0,22.0,0.0,1.0,1.0,3.0,1.0,1.0,0.0,0.0,64.0,77.0,0.69,0.7142857142857143,0.0308,0.0256,0.165,0.75,0.25,0.425,0.8166666666666667,1.0,0.45,0.4226475279106858,0.0
20260629_152656_9d451bbc,20260629_152656_9d451bbc_g0016,16,439697619,7,64,64,77,2,3,YELLOW,pool_l45_100ms,2,1.0,[1],0,68,4,"{""1"": 124, ""2"": 71, ""3"": 68, ""4"": 84}",False,6.0,-59.0,5.0,35.0,38.0,0.095,0.0,0.0,0.0,0.0,0.0,0.0,0.0,0.0,4.0,6.0,14.0,7.0,25.0,0.0,1.0,1.0,5.0,0.0,0.0,0.0,0.0,64.0,77.0,0.69,0.6666666666666666,0.0308,0.0256,0.1575,0.7159090909090909,0.2840909090909091,0.15,0.13333333333333333,0.8,0.5416666666666667,0.3943191311612364,0.0
20260629_152656_9d451bbc,20260629_152656_9d451bbc_g0016,16,439697619,7,64,64,77,2,4,GREEN,pool_peer_500ms,3,1.0,[1],0,84,2,"{""1"": 124, ""2"": 71, ""3"": 68, ""4"": 84}",False,19.0,-33.0,0.0,50.0,38.0,0.095,0.0,0.0,0.0,0.0,0.0,0.0,0.0,0.0,4.0,19.0,15.0,6.0,25.0,0.0,0.0,1.0,3.0,2.0,0.0,0.0,0.0,64.0,77.0,0.69,0.7142857142857143,0.0308,0.0256,0.1575,0.7159090909090909,0.2840909090909091,0.475,0.38333333333333336,1.0,0.4333333333333333,0.5605680868838763,0.0
20260629_152656_9d451bbc,20260629_152656_9d451bbc_g0017,17,1758691846,0,8,8,8,1,1,RED,pool_heuristic,0,4.0,[4],0,76,4,"{""1"": 76, ""2"": 80, ""3"": 94, ""4"": 95}",False,6.0,-17.0,8.0,0.0,3.0,0.0075,397.0,96.125,391.875,6.0,10.0,29.25,121.0,225.625,1413.0,397.875,2.0,19.0,78.0,1.0,1.0,2.0,6.0,9.0,1.0,1.0,1.0,8.0,8.0,0.1,0.09523809523809523,0.0032,0.0032,0.025,0.11363636363636363,0.8863636363636364,0.15,1.0,1.0,0.19166666666666668,0.26315789473684215,0.0
20260629_152656_9d451bbc,20260629_152656_9d451bbc_g0017,17,1758691846,0,8,8,8,1,2,BLUE,pool_l45_100ms,1,4.0,[4],0,80,3,"{""1"": 76, ""2"": 80, ""3"": 94, ""4"": 95}",False,5.0,-19.0,9.0,0.0,3.0,0.0075,327.0,76.25,309.5,5.0,8.0,24.0,95.0,177.5,1483.0,314.5,2.0,19.0,78.0,1.0,1.0,2.0,6.0,9.0,1.0,1.0,0.0,8.0,8.0,0.1,0.09523809523809523,0.0032,0.0032,0.025,0.11363636363636363,0.8863636363636364,0.125,1.0,1.0,0.2,0.15263157894736834,0.0
20260629_152656_9d451bbc,20260629_152656_9d451bbc_g0017,17,1758691846,0,8,8,8,1,3,YELLOW,pool_peer_500ms,2,4.0,[4],0,94,2,"{""1"": 76, ""2"": 80, ""3"": 94, ""4"": 95}",False,9.0,-11.0,9.0,0.0,3.0,0.0075,543.0,122.625,488.75,9.0,15.0,41.25,153.5,270.0,1267.0,497.75,2.0,19.0,78.0,1.0,1.0,2.0,6.0,9.0,1.0,0.0,0.0,8.0,8.0,0.1,0.09523809523809523,0.0032,0.0032,0.025,0.11363636363636363,0.8863636363636364,0.225,1.0,1.0,0.16666666666666669,0.23684210526315785,0.0
20260629_152656_9d451bbc,20260629_152656_9d451bbc_g0017,17,1758691846,0,8,8,8,1,4,GREEN,champ_v3,3,4.0,[4],1,95,1,"{""1"": 76, ""2"": 80, ""3"": 94, ""4"": 95}",False,9.0,-11.0,9.0,0.0,3.0,0.0075,543.0,122.625,488.75,9.0,15.0,41.25,153.5,270.0,1267.0,497.75,2.0,19.0,78.0,1.0,1.0,2.0,6.0,9.0,1.0,0.0,0.0,8.0,8.0,0.1,0.09523809523809523,0.0032,0.0032,0.025,0.11363636363636363,0.8863636363636364,0.225,1.0,1.0,0.16666666666666669,0.23684210526315785,0.0
20260629_152656_9d451bbc,20260629_152656_9d451bbc_g0017,17,1758691846,1,16,16,16,1,1,RED,pool_heuristic,0,4.0,[4],0,76,4,"{""1"": 76, ""2"": 80, ""3"": 94, ""4"": 95}",False,14.0,-26.0,5.0,0.0,3.0,0.0075,555.0,155.5,591.0,14.0,24.0,60.0,218.0,275.0,2027.0,605.0,4.0,17.0,68.0,1.0,1.0,2.0,6.0,7.0,1.0,1.0,1.0,16.0,16.0,0.2,0.19047619047619047,0.0064,0.0064,0.05,0.22727272727272727,0.7727272727272727,0.35,1.0,1.0,0.33333333333333337,0.40526315789473677,0.0
20260629_152656_9d451bbc,20260629_152656_9d451bbc_g0017,17,1758691846,1,16,16,16,1,2,BLUE,pool_l45_100ms,1,4.0,[4],0,80,3,"{""1"": 76, ""2"": 80, ""3"": 94, ""4"": 95}",False,9.0,-36.0,6.0,0.0,3.0,0.0075,528.0,122.375,477.5,9.0,16.0,45.0,177.5,230.0,2054.0,486.5,4.0,17.0,68.0,1.0,1.0,2.0,6.0,7.0,1.0,0.0,0.0,16.0,16.0,0.2,0.19047619047619047,0.0064,0.0064,0.05,0.22727272727272727,0.7727272727272727,0.225,1.0,1.0,0.375,0.3263157894736842,0.0
20260629_152656_9d451bbc,20260629_152656_9d451bbc_g0017,17,1758691846,1,16,16,16,1,3,YELLOW,pool_peer_500ms,2,4.0,[4],0,94,2,"{""1"": 76, ""2"": 80, ""3"": 94, ""4"": 95}",False,16.0,-22.0,0.0,3.0,3.0,0.0075,829.0,205.375,802.875,15.0,27.0,76.5,290.0,394.375,1753.0,818.875,4.0,17.0,68.0,1.0,1.0,2.0,6.0,7.0,1.0,0.0,0.0,16.0,16.0,0.2,0.19047619047619047,0.0064,0.0064,0.05,0.22727272727272727,0.7727272727272727,0.4,1.0,1.0,0.31666666666666665,0.49473684210526314,0.0
20260629_152656_9d451bbc,20260629_152656_9d451bbc_g0017,17,1758691846,1,16,16,16,1,4,GREEN,champ_v3,3,4.0,[4],1,95,1,"{""1"": 76, ""2"": 80, ""3"": 94, ""4"": 95}",False,15.0,-24.0,1.0,3.0,3.0,0.0075,670.0,169.875,646.625,15.0,26.0,66.0,239.0,300.625,1912.0,661.625,4.0,17.0,68.0,1.0,1.0,2.0,6.0,7.0,1.0,0.0,0.0,16.0,16.0,0.2,0.19047619047619047,0.0064,0.0064,0.05,0.22727272727272727,0.7727272727272727,0.375,1.0,1.0,0.325,0.4894736842105264,0.0
20260629_152656_9d451bbc,20260629_152656_9d451bbc_g0017,17,1758691846,2,24,24,24,1,1,RED,pool_heuristic,0,4.0,[4],0,76,4,"{""1"": 76, ""2"": 80, ""3"": 94, ""4"": 95}",False,19.0,-34.0,2.0,5.0,4.0,0.01,360.0,121.0,416.75,16.0,26.0,59.25,183.0,132.5,1372.0,435.75,6.0,15.0,58.0,1.0,1.0,2.0,6.0,5.0,1.0,1.0,1.0,24.0,24.0,0.3,0.2857142857142857,0.0096,0.0096,0.075,0.3409090909090909,0.6590909090909091,0.475,1.0,1.0,0.4416666666666667,0.5192982456140351,0.0
20260629_152656_9d451bbc,20260629_152656_9d451bbc_g0017,17,1758691846,2,24,24,24,1,2,BLUE,pool_l45_100ms,1,4.0,[4],0,80,3,"{""1"": 76, ""2"": 80, ""3"": 94, ""4"": 95}",False,13.0,-46.0,6.0,1.0,4.0,0.01,243.0,70.625,225.375,13.0,17.0,36.75,103.0,55.625,1489.0,238.375,6.0,15.0,58.0,1.0,1.0,2.0,6.0,5.0,0.0,0.0,0.0,24.0,24.0,0.3,0.2857142857142857,0.0096,0.0096,0.075,0.3409090909090909,0.6590909090909091,0.325,1.0,1.0,0.4916666666666667,0.38596491228070173,0.0
20260629_152656_9d451bbc,20260629_152656_9d451bbc_g0017,17,1758691846,2,24,24,24,1,3,YELLOW,pool_peer_500ms,2,4.0,[4],0,94,2,"{""1"": 76, ""2"": 80, ""3"": 94, ""4"": 95}",False,19.0,-34.0,0.0,13.0,4.0,0.01,556.0,146.5,523.875,17.0,26.0,66.75,228.5,185.625,1176.0,542.875,6.0,15.0,58.0,1.0,1.0,2.0,6.0,5.0,0.0,0.0,0.0,24.0,24.0,0.3,0.2857142857142857,0.0096,0.0096,0.075,0.3409090909090909,0.6590909090909091,0.475,1.0,1.0,0.4416666666666667,0.5982456140350877,0.0
20260629_152656_9d451bbc,20260629_152656_9d451bbc_g0017,17,1758691846,2,24,24,24,1,4,GREEN,champ_v3,3,4.0,[4],1,95,1,"{""1"": 76, ""2"": 80, ""3"": 94, ""4"": 95}",False,21.0,-30.0,0.0,11.0,4.0,0.01,573.0,161.125,572.875,19.0,30.0,74.25,249.0,200.625,1159.0,593.875,6.0,15.0,58.0,1.0,1.0,2.0,6.0,5.0,1.0,0.0,0.0,24.0,24.0,0.3,0.2857142857142857,0.0096,0.0096,0.075,0.3409090909090909,0.6590909090909091,0.525,1.0,1.0,0.425,0.6000000000000001,0.0
20260629_152656_9d451bbc,20260629_152656_9d451bbc_g0017,17,1758691846,3,32,32,32,1,1,RED,pool_heuristic,0,4.0,[4],0,76,4,"{""1"": 76, ""2"": 80, ""3"": 94, ""4"": 95}",False,23.0,-36.0,2.0,8.0,18.0,0.045,222.0,83.5,244.5,19.0,26.0,45.0,112.0,42.5,704.0,267.5,8.0,13.0,48.0,1.0,1.0,2.0,6.0,3.0,0.0,1.0,0.0,32.0,32.0,0.3975,0.38095238095238093,0.0128,0.0128,0.1,0.45454545454545453,0.5454545454545454,0.575,1.0,1.0,0.4916666666666667,0.5210526315789474,0.0
20260629_152656_9d451bbc,20260629_152656_9d451bbc_g0017,17,1758691846,3,32,32,32,1,2,BLUE,pool_l45_100ms,1,4.0,[4],0,80,3,"{""1"": 76, ""2"": 80, ""3"": 94, ""4"": 95}",False,10.0,-62.0,5.0,3.0,18.0,0.045,80.0,28.875,77.25,10.0,7.0,12.75,32.5,15.0,846.0,87.25,8.0,13.0,48.0,1.0,1.0,2.0,6.0,3.0,0.0,0.0,0.0,32.0,32.0,0.3975,0.38095238095238093,0.0128,0.0128,0.1,0.45454545454545453,0.5454545454545454,0.25,1.0,1.0,0.6,0.4039473684210527,0.0
20260629_152656_9d451bbc,20260629_152656_9d451bbc_g0017,17,1758691846,3,32,32,32,1,3,YELLOW,pool_peer_500ms,2,4.0,[4],0,94,2,"{""1"": 76, ""2"": 80, ""3"": 94, ""4"": 95}",False,24.0,-34.0,0.0,20.0,18.0,0.045,380.0,119.5,390.75,19.0,25.0,61.5,209.0,76.25,546.0,414.75,8.0,13.0,48.0,1.0,1.0,2.0,6.0,3.0,0.0,0.0,0.0,32.0,32.0,0.3975,0.38095238095238093,0.0128,0.0128,0.1,0.45454545454545453,0.5454545454545454,0.6,1.0,1.0,0.4833333333333333,0.6157894736842106,0.0
20260629_152656_9d451bbc,20260629_152656_9d451bbc_g0017,17,1758691846,3,32,32,32,1,4,GREEN,champ_v3,3,4.0,[4],1,95,1,"{""1"": 76, ""2"": 80, ""3"": 94, ""4"": 95}",False,25.0,-32.0,0.0,19.0,18.0,0.045,244.0,82.0,248.75,19.0,21.0,41.25,105.0,62.5,682.0,273.75,8.0,13.0,49.0,1.0,1.0,2.0,5.0,4.0,0.0,0.0,0.0,32.0,32.0,0.3975,0.38095238095238093,0.0128,0.0128,0.0975,0.4431818181818182,0.5568181818181818,0.625,1.0,1.0,0.475,0.6261808367071525,0.0
20260629_152656_9d451bbc,20260629_152656_9d451bbc_g0017,17,1758691846,4,40,40,40,1,1,RED,pool_heuristic,0,4.0,[4],0,76,4,"{""1"": 76, ""2"": 80, ""3"": 94, ""4"": 95}",False,21.0,-43.0,2.0,15.0,19.0,0.0475,95.0,40.0,96.5,15.0,14.0,18.0,42.0,7.5,242.0,117.5,10.0,11.0,38.0,1.0,1.0,2.0,6.0,1.0,0.0,0.0,0.0,40.0,40.0,0.485,0.47619047619047616,0.016,0.016,0.125,0.5681818181818182,0.4318181818181818,0.525,1.0,1.0,0.5333333333333333,0.48736842105263156,0.0
20260629_152656_9d451bbc,20260629_152656_9d451bbc_g0017,17,1758691846,4,40,40,40,1,2,BLUE,pool_l45_100ms,1,4.0,[4],0,80,3,"{""1"": 76, ""2"": 80, ""3"": 94, ""4"": 95}",False,9.0,-67.0,5.0,5.0,19.0,0.0475,47.0,19.625,45.125,9.0,5.0,6.75,20.0,4.375,290.0,54.125,10.0,11.0,38.0,1.0,1.0,2.0,6.0,1.0,0.0,0.0,0.0,40.0,40.0,0.485,0.47619047619047616,0.016,0.016,0.125,0.5681818181818182,0.4318181818181818,0.225,1.0,1.0,0.6333333333333333,0.4063157894736843,0.0
20260629_152656_9d451bbc,20260629_152656_9d451bbc_g0017,17,1758691846,4,40,40,40,1,3,YELLOW,pool_peer_500ms,2,4.0,[4],0,94,2,"{""1"": 76, ""2"": 80, ""3"": 94, ""4"": 95}",False,26.0,-33.0,0.0,27.0,19.0,0.0475,101.0,49.875,110.25,22.0,17.0,24.0,38.5,8.75,236.0,136.25,10.0,11.0,39.0,1.0,1.0,2.0,5.0,2.0,0.0,0.0,0.0,40.0,40.0,0.485,0.47619047619047616,0.016,0.016,0.1225,0.5568181818181818,0.4431818181818182,0.65,1.0,1.0,0.4916666666666667,0.602577873254565,0.0
20260629_152656_9d451bbc,20260629_152656_9d451bbc_g0017,17,1758691846,4,40,40,40,1,4,GREEN,champ_v3,3,4.0,[4],1,95,1,"{""1"": 76, ""2"": 80, ""3"": 94, ""4"": 95}",False,29.0,-27.0,0.0,27.0,19.0,0.0475,94.0,40.125,97.125,20.0,0.0,23.25,32.0,21.875,243.0,126.125,10.0,11.0,43.0,1.0,0.0,2.0,4.0,4.0,0.0,0.0,0.0,40.0,40.0,0.485,0.47619047619047616,0.016,0.016,0.1125,0.5113636363636364,0.48863636363636365,0.725,1.0,1.0,0.4666666666666667,0.6245614035087719,0.0
20260629_152656_9d451bbc,20260629_152656_9d451bbc_g0017,17,1758691846,5,48,48,48,1,1,RED,pool_heuristic,0,4.0,[4],0,76,4,"{""1"": 76, ""2"": 80, ""3"": 94, ""4"": 95}",False,22.0,-43.0,2.0,27.0,18.0,0.045,39.0,23.125,42.75,12.0,11.0,8.25,11.5,0.0,96.0,64.75,12.0,9.0,29.0,1.0,1.0,2.0,5.0,0.0,0.0,0.0,0.0,48.0,48.0,0.575,0.5714285714285714,0.0192,0.0192,0.1475,0.6704545454545454,0.32954545454545453,0.55,1.0,0.8,0.5416666666666667,0.46030330062444247,0.0
20260629_152656_9d451bbc,20260629_152656_9d451bbc_g0017,17,1758691846,5,48,48,48,1,2,BLUE,pool_l45_100ms,1,4.0,[4],0,80,3,"{""1"": 76, ""2"": 80, ""3"": 94, ""4"": 95}",False,11.0,-65.0,5.0,20.0,18.0,0.045,23.0,15.625,23.25,11.0,5.0,3.75,3.5,0.0,112.0,34.25,12.0,9.0,29.0,1.0,1.0,2.0,5.0,0.0,0.0,0.0,0.0,48.0,48.0,0.575,0.5714285714285714,0.0192,0.0192,0.1475,0.6704545454545454,0.32954545454545453,0.275,0.9,0.8,0.6333333333333333,0.40945584299732385,0.0
20260629_152656_9d451bbc,20260629_152656_9d451bbc_g0017,17,1758691846,5,48,48,48,1,3,YELLOW,pool_peer_500ms,2,4.0,[4],0,94,2,"{""1"": 76, ""2"": 80, ""3"": 94, ""4"": 95}",False,24.0,-39.0,0.0,40.0,18.0,0.045,50.0,30.5,60.0,16.0,10.0,14.25,16.0,3.75,85.0,84.0,12.0,9.0,31.0,1.0,1.0,2.0,3.0,2.0,0.0,0.0,0.0,48.0,48.0,0.575,0.5714285714285714,0.0192,0.0192,0.1425,0.6477272727272727,0.3522727272727273,0.6,1.0,1.0,0.525,0.5992613111726686,0.0
20260629_152656_9d451bbc,20260629_152656_9d451bbc_g0017,17,1758691846,5,48,48,48,1,4,GREEN,champ_v3,3,4.0,[4],1,95,1,"{""1"": 76, ""2"": 80, ""3"": 94, ""4"": 95}",False,30.0,-27.0,0.0,38.0,18.0,0.045,23.0,19.0,23.5,17.0,0.0,4.5,2.0,0.0,112.0,53.5,12.0,9.0,33.0,1.0,0.0,2.0,4.0,2.0,0.0,0.0,0.0,48.0,48.0,0.575,0.5714285714285714,0.0192,0.0192,0.1375,0.625,0.375,0.75,1.0,1.0,0.475,0.5827751196172248,0.0
20260629_152656_9d451bbc,20260629_152656_9d451bbc_g0017,17,1758691846,6,56,56,56,1,1,RED,pool_heuristic,0,4.0,[4],0,76,4,"{""1"": 76, ""2"": 80, ""3"": 94, ""4"": 95}",False,23.0,-39.0,2.0,40.0,30.0,0.075,21.0,16.0,24.0,11.0,6.0,3.0,4.0,0.0,49.0,47.0,14.0,7.0,22.0,1.0,1.0,1.0,4.0,0.0,0.0,0.0,0.0,56.0,56.0,0.64,0.6666666666666666,0.0224,0.0224,0.165,0.75,0.25,0.575,0.9166666666666666,0.8,0.5166666666666667,0.4712918660287082,0.0
20260629_152656_9d451bbc,20260629_152656_9d451bbc_g0017,17,1758691846,6,56,56,56,1,2,BLUE,pool_l45_100ms,1,4.0,[4],0,80,3,"{""1"": 76, ""2"": 80, ""3"": 94, ""4"": 95}",False,8.0,-69.0,2.0,28.0,30.0,0.075,7.0,6.5,7.0,6.0,1.0,0.0,0.0,0.0,63.0,15.0,14.0,7.0,22.0,1.0,1.0,1.0,4.0,0.0,0.0,0.0,0.0,56.0,56.0,0.64,0.6666666666666666,0.0224,0.0224,0.165,0.75,0.25,0.2,0.6833333333333333,0.8,0.6416666666666667,0.4114832535885168,0.0
20260629_152656_9d451bbc,20260629_152656_9d451bbc_g0017,17,1758691846,6,56,56,56,1,3,YELLOW,pool_peer_500ms,2,4.0,[4],0,94,2,"{""1"": 76, ""2"": 80, ""3"": 94, ""4"": 95}",False,25.0,-35.0,0.0,47.0,30.0,0.075,36.0,26.25,46.25,16.0,9.0,7.5,10.0,3.75,34.0,71.25,14.0,7.0,24.0,1.0,1.0,1.0,2.0,2.0,0.0,0.0,0.0,56.0,56.0,0.64,0.6666666666666666,0.0224,0.0224,0.16,0.7272727272727273,0.2727272727272727,0.625,0.6666666666666666,1.0,0.5,0.569078947368421,0.0
20260629_152656_9d451bbc,20260629_152656_9d451bbc_g0017,17,1758691846,6,56,56,56,1,4,GREEN,champ_v3,3,4.0,[4],1,95,1,"{""1"": 76, ""2"": 80, ""3"": 94, ""4"": 95}",False,29.0,-27.0,0.0,50.0,30.0,0.075,6.0,2.0,6.5,0.0,0.0,4.5,2.0,0.0,64.0,35.5,14.0,7.0,28.0,0.0,0.0,2.0,3.0,2.0,0.0,0.0,0.0,56.0,56.0,0.64,0.6666666666666666,0.0224,0.0224,0.15,0.6818181818181818,0.3181818181818182,0.725,1.0,1.0,0.4666666666666667,0.5736842105263158,0.0
20260629_152656_9d451bbc,20260629_152656_9d451bbc_g0017,17,1758691846,7,64,64,64,1,1,RED,pool_heuristic,0,4.0,[4],0,76,4,"{""1"": 76, ""2"": 80, ""3"": 94, ""4"": 95}",False,21.0,-31.0,2.0,48.0,33.0,0.0825,0.0,0.0,0.0,0.0,0.0,0.0,0.0,0.0,21.0,21.0,16.0,5.0,19.0,0.0,0.0,1.0,4.0,0.0,0.0,0.0,0.0,64.0,64.0,0.6975,0.7619047619047619,0.0256,0.0256,0.1725,0.7840909090909091,0.2159090909090909,0.525,0.7,0.8,0.4333333333333333,0.46987032799389783,0.0
20260629_152656_9d451bbc,20260629_152656_9d451bbc_g0017,17,1758691846,7,64,64,64,1,2,BLUE,pool_l45_100ms,1,4.0,[4],0,80,3,"{""1"": 76, ""2"": 80, ""3"": 94, ""4"": 95}",False,7.0,-59.0,2.0,35.0,33.0,0.0825,1.0,0.25,1.0,0.0,0.0,0.0,1.0,0.0,20.0,8.0,16.0,5.0,19.0,0.0,0.0,1.0,4.0,0.0,0.0,0.0,0.0,64.0,64.0,0.6975,0.7619047619047619,0.0256,0.0256,0.1725,0.7840909090909091,0.2159090909090909,0.175,0.8,0.8,0.55,0.41723874904652936,0.0
20260629_152656_9d451bbc,20260629_152656_9d451bbc_g0017,17,1758691846,7,64,64,64,1,3,YELLOW,pool_peer_500ms,2,4.0,[4],0,94,2,"{""1"": 76, ""2"": 80, ""3"": 94, ""4"": 95}",False,18.0,-37.0,0.0,55.0,33.0,0.0825,14.0,12.5,14.0,11.0,3.0,0.0,0.0,0.0,7.0,32.0,16.0,5.0,14.0,1.0,1.0,1.0,2.0,0.0,0.0,0.0,0.0,64.0,64.0,0.6975,0.7619047619047619,0.0256,0.0256,0.185,0.8409090909090909,0.1590909090909091,0.45,0.4666666666666667,0.8,0.4583333333333333,0.5241820768136558,0.0
20260629_152656_9d451bbc,20260629_152656_9d451bbc_g0017,17,1758691846,7,64,64,64,1,4,GREEN,champ_v3,3,4.0,[4],1,95,1,"{""1"": 76, ""2"": 80, ""3"": 94, ""4"": 95}",False,27.0,-19.0,0.0,59.0,33.0,0.0825,6.0,1.625,6.625,0.0,0.0,1.5,2.0,3.125,15.0,33.625,16.0,5.0,21.0,0.0,0.0,1.0,2.0,2.0,0.0,0.0,0.0,64.0,64.0,0.6975,0.7619047619047619,0.0256,0.0256,0.1675,0.7613636363636364,0.23863636363636365,0.675,1.0,1.0,0.38333333333333336,0.5663786331500392,0.0
20260629_152656_9d451bbc,20260629_152656_9d451bbc_g0018,18,417785225,0,8,8,8,1,1,RED,pool_l45_100ms,0,2.0,[2],0,60,4,"{""1"": 60, ""2"": 122, ""3"": 93, ""4"": 75}",False,6.0,-18.0,9.0,0.0,1.0,0.0025,388.0,90.5,366.25,6.0,10.0,28.5,113.0,208.75,1434.0,372.25,2.0,19.0,78.0,1.0,1.0,2.0,6.0,9.0,1.0,1.0,0.0,8.0,8.0,0.1,0.09523809523809523,0.0032,0.0032,0.025,0.11363636363636363,0.8863636363636364,0.15,1.0,1.0,0.2,0.20526315789473681,0.0
20260629_152656_9d451bbc,20260629_152656_9d451bbc_g0018,18,417785225,0,8,8,8,1,2,BLUE,pool_peer_500ms,1,2.0,[2],1,122,1,"{""1"": 60, ""2"": 122, ""3"": 93, ""4"": 75}",False,9.0,-12.0,9.0,0.0,1.0,0.0025,543.0,122.625,488.75,9.0,15.0,41.25,153.5,270.0,1279.0,497.75,2.0,19.0,78.0,1.0,1.0,2.0,6.0,9.0,1.0,0.0,0.0,8.0,8.0,0.1,0.09523809523809523,0.0032,0.0032,0.025,0.11363636363636363,0.8863636363636364,0.225,1.0,1.0,0.175,0.23684210526315785,0.0
20260629_152656_9d451bbc,20260629_152656_9d451bbc_g0018,18,417785225,0,8,8,8,1,3,YELLOW,champ_v3,2,2.0,[2],0,93,2,"{""1"": 60, ""2"": 122, ""3"": 93, ""4"": 75}",False,9.0,-12.0,9.0,0.0,1.0,0.0025,543.0,122.625,488.75,9.0,15.0,41.25,153.5,270.0,1279.0,497.75,2.0,19.0,78.0,1.0,1.0,2.0,6.0,9.0,1.0,0.0,0.0,8.0,8.0,0.1,0.09523809523809523,0.0032,0.0032,0.025,0.11363636363636363,0.8863636363636364,0.225,1.0,1.0,0.175,0.23684210526315785,0.0
20260629_152656_9d451bbc,20260629_152656_9d451bbc_g0018,18,417785225,0,8,8,8,1,4,GREEN,pool_heuristic,3,2.0,[2],0,75,3,"{""1"": 60, ""2"": 122, ""3"": 93, ""4"": 75}",False,6.0,-18.0,9.0,0.0,1.0,0.0025,348.0,89.75,362.625,6.0,10.0,28.5,112.5,205.625,1474.0,368.625,2.0,19.0,78.0,1.0,1.0,2.0,6.0,9.0,1.0,1.0,1.0,8.0,8.0,0.1,0.09523809523809523,0.0032,0.0032,0.025,0.11363636363636363,0.8863636363636364,0.15,1.0,1.0,0.2,0.2315789473684211,0.0
20260629_152656_9d451bbc,20260629_152656_9d451bbc_g0018,18,417785225,1,16,16,16,1,1,RED,pool_l45_100ms,0,2.0,[2],0,60,4,"{""1"": 60, ""2"": 122, ""3"": 93, ""4"": 75}",False,10.0,-34.0,7.0,0.0,1.0,0.0025,467.0,110.75,418.5,10.0,17.0,43.5,163.0,185.0,1864.0,428.5,4.0,17.0,68.0,1.0,1.0,2.0,6.0,7.0,1.0,0.0,0.0,16.0,16.0,0.2,0.19047619047619047,0.0064,0.0064,0.05,0.22727272727272727,0.7727272727272727,0.25,1.0,1.0,0.36666666666666664,0.3236842105263158,0.0
20260629_152656_9d451bbc,20260629_152656_9d451bbc_g0018,18,417785225,1,16,16,16,1,2,BLUE,pool_peer_500ms,1,2.0,[2],1,122,1,"{""1"": 60, ""2"": 122, ""3"": 93, ""4"": 75}",False,16.0,-22.0,0.0,2.0,1.0,0.0025,653.0,165.125,636.125,14.0,23.0,63.0,228.0,308.125,1678.0,652.125,4.0,17.0,68.0,1.0,1.0,2.0,6.0,7.0,1.0,0.0,0.0,16.0,16.0,0.2,0.19047619047619047,0.0064,0.0064,0.05,0.22727272727272727,0.7727272727272727,0.4,1.0,1.0,0.31666666666666665,0.49473684210526314,0.0
20260629_152656_9d451bbc,20260629_152656_9d451bbc_g0018,18,417785225,1,16,16,16,1,3,YELLOW,champ_v3,2,2.0,[2],0,93,2,"{""1"": 60, ""2"": 122, ""3"": 93, ""4"": 75}",False,15.0,-24.0,1.0,2.0,1.0,0.0025,701.0,177.125,680.0,15.0,25.0,69.0,248.5,322.5,1630.0,695.0,4.0,17.0,68.0,1.0,1.0,2.0,6.0,7.0,1.0,0.0,0.0,16.0,16.0,0.2,0.19047619047619047,0.0064,0.0064,0.05,0.22727272727272727,0.7727272727272727,0.375,1.0,1.0,0.325,0.4894736842105264,0.0
20260629_152656_9d451bbc,20260629_152656_9d451bbc_g0018,18,417785225,1,16,16,16,1,4,GREEN,pool_heuristic,3,2.0,[2],0,75,3,"{""1"": 60, ""2"": 122, ""3"": 93, ""4"": 75}",False,13.0,-28.0,1.0,0.0,1.0,0.0025,510.0,151.0,582.375,13.0,20.0,56.25,212.5,280.625,1821.0,595.375,4.0,17.0,68.0,1.0,1.0,2.0,6.0,7.0,1.0,1.0,1.0,16.0,16.0,0.2,0.19047619047619047,0.0064,0.0064,0.05,0.22727272727272727,0.7727272727272727,0.325,1.0,1.0,0.3416666666666667,0.48684210526315785,0.0
20260629_152656_9d451bbc,20260629_152656_9d451bbc_g0018,18,417785225,2,24,24,24,1,1,RED,pool_l45_100ms,0,2.0,[2],0,60,4,"{""1"": 60, ""2"": 122, ""3"": 93, ""4"": 75}",False,14.0,-45.0,4.0,1.0,3.0,0.0075,310.0,83.625,277.0,14.0,19.0,39.0,122.5,82.5,1458.0,291.0,6.0,15.0,58.0,1.0,1.0,2.0,6.0,5.0,0.0,0.0,0.0,24.0,24.0,0.2975,0.2857142857142857,0.0096,0.0096,0.075,0.3409090909090909,0.6590909090909091,0.35,1.0,1.0,0.4916666666666667,0.4035087719298245,0.0
20260629_152656_9d451bbc,20260629_152656_9d451bbc_g0018,18,417785225,2,24,24,24,1,2,BLUE,pool_peer_500ms,1,2.0,[2],1,122,1,"{""1"": 60, ""2"": 122, ""3"": 93, ""4"": 75}",False,21.0,-31.0,0.0,13.0,3.0,0.0075,615.0,166.375,617.125,17.0,28.0,75.0,219.0,278.125,1153.0,638.125,6.0,15.0,59.0,1.0,1.0,2.0,5.0,6.0,1.0,0.0,0.0,24.0,24.0,0.2975,0.2857142857142857,0.0096,0.0096,0.0725,0.32954545454545453,0.6704545454545454,0.525,1.0,1.0,0.4333333333333333,0.5843920145190562,0.0
20260629_152656_9d451bbc,20260629_152656_9d451bbc_g0018,18,417785225,2,24,24,24,1,3,YELLOW,champ_v3,2,2.0,[2],0,93,2,"{""1"": 60, ""2"": 122, ""3"": 93, ""4"": 75}",False,19.0,-35.0,1.0,11.0,3.0,0.0075,525.0,144.875,516.25,17.0,26.0,67.5,224.5,181.25,1243.0,535.25,6.0,15.0,58.0,1.0,1.0,2.0,6.0,5.0,1.0,0.0,0.0,24.0,24.0,0.2975,0.2857142857142857,0.0096,0.0096,0.075,0.3409090909090909,0.6590909090909091,0.475,1.0,1.0,0.45,0.5719298245614035,0.0
20260629_152656_9d451bbc,20260629_152656_9d451bbc_g0018,18,417785225,2,24,24,24,1,4,GREEN,pool_heuristic,3,2.0,[2],0,75,3,"{""1"": 60, ""2"": 122, ""3"": 93, ""4"": 75}",False,19.0,-35.0,1.0,3.0,3.0,0.0075,318.0,111.75,379.25,18.0,22.0,51.75,160.0,127.5,1450.0,398.25,6.0,15.0,58.0,1.0,1.0,2.0,6.0,5.0,1.0,1.0,1.0,24.0,24.0,0.2975,0.2857142857142857,0.0096,0.0096,0.075,0.3409090909090909,0.6590909090909091,0.475,1.0,1.0,0.45,0.512280701754386,0.0
20260629_152656_9d451bbc,20260629_152656_9d451bbc_g0018,18,417785225,3,32,32,32,1,1,RED,pool_l45_100ms,0,2.0,[2],0,60,4,"{""1"": 60, ""2"": 122, ""3"": 93, ""4"": 75}",False,14.0,-48.0,4.0,6.0,9.0,0.0225,49.0,24.5,53.75,11.0,8.0,12.0,19.0,3.75,795.0,67.75,8.0,13.0,48.0,1.0,1.0,2.0,6.0,3.0,0.0,0.0,0.0,32.0,32.0,0.395,0.38095238095238093,0.0128,0.0128,0.1,0.45454545454545453,0.5454545454545454,0.35,1.0,1.0,0.5166666666666667,0.4447368421052631,0.0
20260629_152656_9d451bbc,20260629_152656_9d451bbc_g0018,18,417785225,3,32,32,32,1,2,BLUE,pool_peer_500ms,1,2.0,[2],1,122,1,"{""1"": 60, ""2"": 122, ""3"": 93, ""4"": 75}",False,22.0,-32.0,0.0,21.0,9.0,0.0225,399.0,119.625,412.5,17.0,24.0,60.0,166.5,145.0,445.0,434.5,8.0,13.0,49.0,1.0,1.0,2.0,5.0,4.0,0.0,0.0,0.0,32.0,32.0,0.395,0.38095238095238093,0.0128,0.0128,0.0975,0.4431818181818182,0.5568181818181818,0.55,1.0,1.0,0.45,0.6221322537112011,0.0
20260629_152656_9d451bbc,20260629_152656_9d451bbc_g0018,18,417785225,3,32,32,32,1,3,YELLOW,champ_v3,2,2.0,[2],0,93,2,"{""1"": 60, ""2"": 122, ""3"": 93, ""4"": 75}",False,22.0,-32.0,1.0,23.0,9.0,0.0225,357.0,109.625,370.0,18.0,22.0,54.0,148.5,127.5,487.0,392.0,8.0,13.0,49.0,1.0,1.0,2.0,5.0,4.0,1.0,0.0,0.0,32.0,32.0,0.395,0.38095238095238093,0.0128,0.0128,0.0975,0.4431818181818182,0.5568181818181818,0.55,1.0,1.0,0.45,0.6167341430499325,0.0
20260629_152656_9d451bbc,20260629_152656_9d451bbc_g0018,18,417785225,3,32,32,32,1,4,GREEN,pool_heuristic,3,2.0,[2],0,75,3,"{""1"": 60, ""2"": 122, ""3"": 93, ""4"": 75}",False,18.0,-40.0,1.0,10.0,9.0,0.0225,39.0,22.625,39.75,14.0,7.0,6.0,11.5,1.25,805.0,57.75,8.0,13.0,48.0,1.0,1.0,2.0,6.0,3.0,1.0,1.0,1.0,32.0,32.0,0.395,0.38095238095238093,0.0128,0.0128,0.1,0.45454545454545453,0.5454545454545454,0.45,1.0,1.0,0.4833333333333333,0.4960526315789474,0.0
20260629_152656_9d451bbc,20260629_152656_9d451bbc_g0018,18,417785225,4,40,40,40,1,1,RED,pool_l45_100ms,0,2.0,[2],0,60,4,"{""1"": 60, ""2"": 122, ""3"": 93, ""4"": 75}",False,10.0,-62.0,4.0,14.0,25.0,0.0625,15.0,8.875,16.0,5.0,3.0,4.5,3.5,0.0,559.0,26.0,10.0,11.0,38.0,1.0,1.0,2.0,6.0,1.0,0.0,0.0,0.0,40.0,40.0,0.49,0.47619047619047616,0.016,0.016,0.125,0.5681818181818182,0.4318181818181818,0.25,0.9666666666666667,1.0,0.6,0.39473684210526316,0.0
20260629_152656_9d451bbc,20260629_152656_9d451bbc_g0018,18,417785225,4,40,40,40,1,2,BLUE,pool_peer_500ms,1,2.0,[2],1,122,1,"{""1"": 60, ""2"": 122, ""3"": 93, ""4"": 75}",False,24.0,-34.0,0.0,29.0,25.0,0.0625,220.0,74.125,220.5,17.0,19.0,42.0,102.5,40.0,354.0,244.5,10.0,11.0,39.0,1.0,1.0,2.0,5.0,2.0,0.0,0.0,0.0,40.0,40.0,0.49,0.47619047619047616,0.016,0.016,0.1225,0.5568181818181818,0.4431818181818182,0.6,1.0,1.0,0.4833333333333333,0.593984962406015,0.0
20260629_152656_9d451bbc,20260629_152656_9d451bbc_g0018,18,417785225,4,40,40,40,1,3,YELLOW,champ_v3,2,2.0,[2],0,93,2,"{""1"": 60, ""2"": 122, ""3"": 93, ""4"": 75}",False,29.0,-24.0,1.0,30.0,25.0,0.0625,306.0,101.625,321.25,21.0,27.0,59.25,91.5,122.5,268.0,350.25,10.0,11.0,41.0,1.0,1.0,2.0,3.0,4.0,1.0,0.0,0.0,40.0,40.0,0.49,0.47619047619047616,0.016,0.016,0.1175,0.5340909090909091,0.4659090909090909,0.725,1.0,1.0,0.4416666666666667,0.593505039193729,0.0
20260629_152656_9d451bbc,20260629_152656_9d451bbc_g0018,18,417785225,4,40,40,40,1,4,GREEN,pool_heuristic,3,2.0,[2],0,75,3,"{""1"": 60, ""2"": 122, ""3"": 93, ""4"": 75}",False,19.0,-44.0,1.0,23.0,25.0,0.0625,33.0,21.625,33.25,15.0,7.0,4.5,5.5,1.25,541.0,52.25,10.0,11.0,38.0,1.0,1.0,2.0,6.0,1.0,1.0,0.0,0.0,40.0,40.0,0.49,0.47619047619047616,0.016,0.016,0.125,0.5681818181818182,0.4318181818181818,0.475,1.0,1.0,0.525,0.5105263157894737,0.0
20260629_152656_9d451bbc,20260629_152656_9d451bbc_g0018,18,417785225,5,48,48,48,1,1,RED,pool_l45_100ms,0,2.0,[2],0,60,4,"{""1"": 60, ""2"": 122, ""3"": 93, ""4"": 75}",False,6.0,-65.0,4.0,18.0,40.0,0.1,0.0,0.0,0.0,0.0,0.0,0.0,0.0,0.0,246.0,6.0,12.0,9.0,33.0,0.0,1.0,2.0,5.0,1.0,0.0,0.0,0.0,48.0,48.0,0.57,0.5714285714285714,0.0192,0.0192,0.1375,0.625,0.375,0.15,0.2833333333333333,1.0,0.5916666666666667,0.40095693779904307,0.0
20260629_152656_9d451bbc,20260629_152656_9d451bbc_g0018,18,417785225,5,48,48,48,1,2,BLUE,pool_peer_500ms,1,2.0,[2],1,122,1,"{""1"": 60, ""2"": 122, ""3"": 93, ""4"": 75}",False,24.0,-29.0,0.0,37.0,40.0,0.1,96.0,41.375,98.125,16.0,14.0,25.5,27.0,15.625,150.0,122.125,12.0,9.0,31.0,1.0,1.0,2.0,3.0,2.0,0.0,0.0,0.0,48.0,48.0,0.57,0.5714285714285714,0.0192,0.0192,0.1425,0.6477272727272727,0.3522727272727273,0.6,1.0,1.0,0.4416666666666667,0.5974145891043399,0.0
20260629_152656_9d451bbc,20260629_152656_9d451bbc_g0018,18,417785225,5,48,48,48,1,3,YELLOW,champ_v3,2,2.0,[2],0,93,2,"{""1"": 60, ""2"": 122, ""3"": 93, ""4"": 75}",False,28.0,-21.0,1.0,39.0,40.0,0.1,116.0,50.0,126.75,17.0,16.0,31.5,41.0,21.25,130.0,154.75,12.0,9.0,31.0,1.0,1.0,2.0,3.0,2.0,1.0,0.0,0.0,48.0,48.0,0.57,0.5714285714285714,0.0192,0.0192,0.1425,0.6477272727272727,0.3522727272727273,0.7,1.0,1.0,0.4083333333333333,0.5817174515235457,0.0
20260629_152656_9d451bbc,20260629_152656_9d451bbc_g0018,18,417785225,5,48,48,48,1,4,GREEN,pool_heuristic,3,2.0,[2],0,75,3,"{""1"": 60, ""2"": 122, ""3"": 93, ""4"": 75}",False,19.0,-39.0,1.0,30.0,40.0,0.1,34.0,21.625,35.0,15.0,5.0,4.5,10.5,0.0,212.0,54.0,12.0,9.0,29.0,1.0,1.0,2.0,5.0,0.0,0.0,0.0,0.0,48.0,48.0,0.57,0.5714285714285714,0.0192,0.0192,0.1475,0.6704545454545454,0.32954545454545453,0.475,1.0,0.8,0.4833333333333333,0.5102586975914363,0.0
20260629_152656_9d451bbc,20260629_152656_9d451bbc_g0018,18,417785225,6,56,56,59,4,1,RED,pool_l45_100ms,0,2.0,[2],0,60,4,"{""1"": 60, ""2"": 122, ""3"": 93, ""4"": 75}",False,6.0,-60.0,4.0,18.0,46.0,0.115,0.0,0.0,0.0,0.0,0.0,0.0,0.0,0.0,53.0,6.0,12.0,9.0,33.0,0.0,1.0,2.0,5.0,1.0,0.0,0.0,0.0,56.0,59.0,0.6475,0.5714285714285714,0.0236,0.0224,0.1375,0.625,0.375,0.15,0.2833333333333333,1.0,0.55,0.40095693779904307,0.0
20260629_152656_9d451bbc,20260629_152656_9d451bbc_g0018,18,417785225,6,56,56,59,4,2,BLUE,pool_peer_500ms,1,2.0,[2],1,122,1,"{""1"": 60, ""2"": 122, ""3"": 93, ""4"": 75}",False,21.0,-30.0,0.0,51.0,46.0,0.115,35.0,21.125,35.25,13.0,8.0,6.75,7.5,0.0,18.0,56.25,15.0,6.0,18.0,1.0,1.0,1.0,3.0,0.0,0.0,0.0,0.0,56.0,59.0,0.6475,0.7142857142857143,0.0236,0.0224,0.175,0.7954545454545454,0.20454545454545456,0.525,0.9666666666666667,0.8,0.425,0.5684210526315789,0.0
20260629_152656_9d451bbc,20260629_152656_9d451bbc_g0018,18,417785225,6,56,56,59,4,3,YELLOW,champ_v3,2,2.0,[2],0,93,2,"{""1"": 60, ""2"": 122, ""3"": 93, ""4"": 75}",False,23.0,-26.0,1.0,47.0,46.0,0.115,14.0,12.5,14.0,11.0,3.0,0.0,0.0,0.0,39.0,37.0,15.0,6.0,18.0,1.0,1.0,1.0,3.0,0.0,0.0,0.0,0.0,56.0,59.0,0.6475,0.7142857142857143,0.0236,0.0224,0.175,0.7954545454545454,0.20454545454545456,0.575,0.9333333333333333,0.8,0.4083333333333333,0.5195488721804511,0.0
20260629_152656_9d451bbc,20260629_152656_9d451bbc_g0018,18,417785225,6,56,56,59,4,4,GREEN,pool_heuristic,3,2.0,[2],0,75,3,"{""1"": 60, ""2"": 122, ""3"": 93, ""4"": 75}",False,22.0,-28.0,1.0,45.0,46.0,0.115,4.0,2.0,4.0,0.0,4.0,0.0,0.0,0.0,49.0,26.0,14.0,7.0,24.0,0.0,1.0,2.0,4.0,0.0,0.0,0.0,0.0,56.0,59.0,0.6475,0.6666666666666666,0.0236,0.0224,0.16,0.7272727272727273,0.2727272727272727,0.55,0.75,0.8,0.4166666666666667,0.4967105263157895,0.0
20260629_152656_9d451bbc,20260629_152656_9d451bbc_g0018,18,417785225,7,64,64,74,3,1,RED,pool_l45_100ms,0,2.0,[2],0,60,4,"{""1"": 60, ""2"": 122, ""3"": 93, ""4"": 75}",False,6.0,-59.0,4.0,18.0,53.0,0.1325,0.0,0.0,0.0,0.0,0.0,0.0,0.0,0.0,11.0,6.0,12.0,9.0,33.0,0.0,1.0,2.0,5.0,1.0,0.0,0.0,0.0,64.0,74.0,0.7,0.5714285714285714,0.0296,0.0256,0.1375,0.625,0.375,0.15,0.2833333333333333,1.0,0.5416666666666667,0.40095693779904307,0.0
20260629_152656_9d451bbc,20260629_152656_9d451bbc_g0018,18,417785225,7,64,64,74,3,2,BLUE,pool_peer_500ms,1,2.0,[2],1,122,1,"{""1"": 60, ""2"": 122, ""3"": 93, ""4"": 75}",False,21.0,-29.0,0.0,63.0,53.0,0.1325,9.0,3.5,8.0,0.0,5.0,3.0,0.0,0.0,2.0,29.0,19.0,2.0,5.0,0.0,1.0,1.0,0.0,0.0,0.0,0.0,0.0,64.0,74.0,0.7,0.9047619047619048,0.0296,0.0256,0.2075,0.9431818181818182,0.056818181818181816,0.525,0.55,0.6,0.4166666666666667,0.5180722891566265,0.0
20260629_152656_9d451bbc,20260629_152656_9d451bbc_g0018,18,417785225,7,64,64,74,3,3,YELLOW,champ_v3,2,2.0,[2],0,93,2,"{""1"": 60, ""2"": 122, ""3"": 93, ""4"": 75}",False,23.0,-25.0,1.0,62.0,53.0,0.1325,2.0,0.25,1.0,0.0,0.0,0.0,1.0,0.0,9.0,24.0,18.0,3.0,12.0,0.0,0.0,0.0,3.0,0.0,0.0,0.0,0.0,64.0,74.0,0.7,0.8571428571428571,0.0296,0.0256,0.19,0.8636363636363636,0.13636363636363635,0.575,0.9166666666666666,0.8,0.4,0.5228531855955678,0.0
20260629_152656_9d451bbc,20260629_152656_9d451bbc_g0018,18,417785225,7,64,64,74,3,4,GREEN,pool_heuristic,3,2.0,[2],0,75,3,"{""1"": 60, ""2"": 122, ""3"": 93, ""4"": 75}",False,21.0,-29.0,1.0,51.0,53.0,0.1325,0.0,0.0,0.0,0.0,0.0,0.0,0.0,0.0,11.0,21.0,15.0,6.0,22.0,0.0,0.0,2.0,4.0,0.0,0.0,0.0,0.0,64.0,74.0,0.7,0.7142857142857143,0.0296,0.0256,0.165,0.75,0.25,0.525,0.6166666666666667,0.8,0.4166666666666667,0.49681020733652315,0.0
20260629_152656_9d451bbc,20260629_152656_9d451bbc_g0019,19,1240308830,0,8,8,8,1,1,RED,pool_peer_500ms,0,2.0,[2],0,92,2,"{""1"": 92, ""2"": 124, ""3"": 59, ""4"": 66}",False,9.0,-15.0,9.0,0.0,0.0,0.0,543.0,122.625,488.75,9.0,15.0,41.25,153.5,270.0,1480.0,497.75,2.0,19.0,78.0,1.0,1.0,2.0,6.0,9.0,1.0,0.0,0.0,8.0,8.0,0.1,0.09523809523809523,0.0032,0.0032,0.025,0.11363636363636363,0.8863636363636364,0.225,1.0,1.0,0.2,0.23684210526315785,0.0
20260629_152656_9d451bbc,20260629_152656_9d451bbc_g0019,19,1240308830,0,8,8,8,1,2,BLUE,champ_v3,1,2.0,[2],1,124,1,"{""1"": 92, ""2"": 124, ""3"": 59, ""4"": 66}",False,9.0,-15.0,9.0,0.0,0.0,0.0,543.0,122.625,488.75,9.0,15.0,41.25,153.5,270.0,1480.0,497.75,2.0,19.0,78.0,1.0,1.0,2.0,6.0,9.0,1.0,0.0,0.0,8.0,8.0,0.1,0.09523809523809523,0.0032,0.0032,0.025,0.11363636363636363,0.8863636363636364,0.225,1.0,1.0,0.2,0.23684210526315785,0.0
20260629_152656_9d451bbc,20260629_152656_9d451bbc_g0019,19,1240308830,0,8,8,8,1,3,YELLOW,pool_heuristic,2,2.0,[2],0,59,4,"{""1"": 92, ""2"": 124, ""3"": 59, ""4"": 66}",False,8.0,-17.0,9.0,0.0,0.0,0.0,493.0,121.0,487.5,8.0,14.0,39.75,152.0,273.75,1530.0,495.5,2.0,19.0,78.0,1.0,1.0,2.0,6.0,9.0,1.0,0.0,1.0,8.0,8.0,0.1,0.09523809523809523,0.0032,0.0032,0.025,0.11363636363636363,0.8863636363636364,0.2,1.0,1.0,0.20833333333333334,0.2578947368421053,0.0
20260629_152656_9d451bbc,20260629_152656_9d451bbc_g0019,19,1240308830,0,8,8,8,1,4,GREEN,pool_l45_100ms,3,2.0,[2],0,66,3,"{""1"": 92, ""2"": 124, ""3"": 59, ""4"": 66}",False,7.0,-19.0,9.0,0.0,0.0,0.0,444.0,103.25,415.125,7.0,12.0,33.75,130.5,231.875,1579.0,422.125,2.0,19.0,78.0,1.0,1.0,2.0,6.0,9.0,1.0,1.0,0.0,8.0,8.0,0.1,0.09523809523809523,0.0032,0.0032,0.025,0.11363636363636363,0.8863636363636364,0.175,1.0,1.0,0.21666666666666665,0.20526315789473681,0.0
20260629_152656_9d451bbc,20260629_152656_9d451bbc_g0019,19,1240308830,1,16,16,16,1,1,RED,pool_peer_500ms,0,2.0,[2],0,92,2,"{""1"": 92, ""2"": 124, ""3"": 59, ""4"": 66}",False,16.0,-22.0,0.0,2.0,4.0,0.01,689.0,172.125,666.875,14.0,23.0,64.5,241.0,324.375,1757.0,682.875,4.0,17.0,68.0,1.0,1.0,2.0,6.0,7.0,1.0,0.0,0.0,16.0,16.0,0.2,0.19047619047619047,0.0064,0.0064,0.05,0.22727272727272727,0.7727272727272727,0.4,1.0,1.0,0.31666666666666665,0.49473684210526314,0.0
20260629_152656_9d451bbc,20260629_152656_9d451bbc_g0019,19,1240308830,1,16,16,16,1,2,BLUE,champ_v3,1,2.0,[2],1,124,1,"{""1"": 92, ""2"": 124, ""3"": 59, ""4"": 66}",False,15.0,-24.0,1.0,2.0,4.0,0.01,756.0,189.875,731.375,15.0,27.0,74.25,272.0,343.125,1690.0,746.375,4.0,17.0,68.0,1.0,1.0,2.0,6.0,7.0,1.0,0.0,0.0,16.0,16.0,0.2,0.19047619047619047,0.0064,0.0064,0.05,0.22727272727272727,0.7727272727272727,0.375,1.0,1.0,0.325,0.4894736842105264,0.0
20260629_152656_9d451bbc,20260629_152656_9d451bbc_g0019,19,1240308830,1,16,16,16,1,3,YELLOW,pool_heuristic,2,2.0,[2],0,59,4,"{""1"": 92, ""2"": 124, ""3"": 59, ""4"": 66}",False,13.0,-28.0,4.0,0.0,4.0,0.01,477.0,136.0,513.125,13.0,20.0,53.25,197.5,229.375,1969.0,526.125,4.0,17.0,68.0,1.0,1.0,2.0,6.0,7.0,1.0,0.0,1.0,16.0,16.0,0.2,0.19047619047619047,0.0064,0.0064,0.05,0.22727272727272727,0.7727272727272727,0.325,1.0,1.0,0.3416666666666667,0.4236842105263158,0.0
20260629_152656_9d451bbc,20260629_152656_9d451bbc_g0019,19,1240308830,1,16,16,16,1,4,GREEN,pool_l45_100ms,3,2.0,[2],0,66,3,"{""1"": 92, ""2"": 124, ""3"": 59, ""4"": 66}",False,10.0,-34.0,7.0,0.0,4.0,0.01,524.0,121.375,468.125,10.0,17.0,45.0,173.0,223.125,1922.0,478.125,4.0,17.0,68.0,1.0,1.0,2.0,6.0,7.0,1.0,0.0,0.0,16.0,16.0,0.2,0.19047619047619047,0.0064,0.0064,0.05,0.22727272727272727,0.7727272727272727,0.25,1.0,1.0,0.36666666666666664,0.3131578947368421,0.0
20260629_152656_9d451bbc,20260629_152656_9d451bbc_g0019,19,1240308830,2,24,24,24,1,1,RED,pool_peer_500ms,0,2.0,[2],0,92,2,"{""1"": 92, ""2"": 124, ""3"": 59, ""4"": 66}",False,20.0,-32.0,0.0,10.0,8.0,0.02,529.0,145.5,526.5,18.0,26.0,66.0,184.0,232.5,889.0,546.5,6.0,15.0,59.0,1.0,1.0,2.0,5.0,6.0,1.0,0.0,0.0,24.0,24.0,0.2975,0.2857142857142857,0.0096,0.0096,0.0725,0.32954545454545453,0.6704545454545454,0.5,1.0,1.0,0.4333333333333333,0.5825771324863884,0.0
20260629_152656_9d451bbc,20260629_152656_9d451bbc_g0019,19,1240308830,2,24,24,24,1,2,BLUE,champ_v3,1,2.0,[2],1,124,1,"{""1"": 92, ""2"": 124, ""3"": 59, ""4"": 66}",False,20.0,-32.0,0.0,11.0,8.0,0.02,352.0,108.125,365.75,16.0,24.0,53.25,157.5,115.0,1066.0,385.75,6.0,15.0,58.0,1.0,1.0,2.0,6.0,5.0,1.0,0.0,0.0,24.0,24.0,0.2975,0.2857142857142857,0.0096,0.0096,0.075,0.3409090909090909,0.6590909090909091,0.5,1.0,1.0,0.4333333333333333,0.5929824561403509,0.0
20260629_152656_9d451bbc,20260629_152656_9d451bbc_g0019,19,1240308830,2,24,24,24,1,3,YELLOW,pool_heuristic,2,2.0,[2],0,59,4,"{""1"": 92, ""2"": 124, ""3"": 59, ""4"": 66}",False,19.0,-34.0,3.0,2.0,8.0,0.02,222.0,77.25,239.25,17.0,19.0,36.75,104.0,62.5,1196.0,258.25,6.0,15.0,58.0,1.0,1.0,2.0,6.0,5.0,1.0,0.0,1.0,24.0,24.0,0.2975,0.2857142857142857,0.0096,0.0096,0.075,0.3409090909090909,0.6590909090909091,0.475,1.0,1.0,0.4416666666666667,0.4982456140350877,0.0
20260629_152656_9d451bbc,20260629_152656_9d451bbc_g0019,19,1240308830,2,24,24,24,1,4,GREEN,pool_l45_100ms,3,2.0,[2],0,66,3,"{""1"": 92, ""2"": 124, ""3"": 59, ""4"": 66}",False,13.0,-46.0,3.0,0.0,8.0,0.02,315.0,81.0,273.125,13.0,16.0,37.5,123.5,83.125,1103.0,286.125,6.0,15.0,58.0,1.0,1.0,2.0,6.0,5.0,0.0,0.0,0.0,24.0,24.0,0.2975,0.2857142857142857,0.0096,0.0096,0.075,0.3409090909090909,0.6590909090909091,0.325,1.0,1.0,0.4916666666666667,0.4175438596491228,0.0
20260629_152656_9d451bbc,20260629_152656_9d451bbc_g0019,19,1240308830,3,32,32,32,1,1,RED,pool_peer_500ms,0,2.0,[2],0,92,2,"{""1"": 92, ""2"": 124, ""3"": 59, ""4"": 66}",False,21.0,-38.0,0.0,17.0,11.0,0.0275,294.0,92.0,293.625,19.0,21.0,45.0,115.5,93.125,420.0,314.625,8.0,13.0,49.0,1.0,1.0,2.0,5.0,4.0,1.0,0.0,0.0,32.0,32.0,0.3975,0.38095238095238093,0.0128,0.0128,0.0975,0.4431818181818182,0.5568181818181818,0.525,1.0,1.0,0.4916666666666667,0.5991902834008098,0.0
20260629_152656_9d451bbc,20260629_152656_9d451bbc_g0019,19,1240308830,3,32,32,32,1,2,BLUE,champ_v3,1,2.0,[2],1,124,1,"{""1"": 92, ""2"": 124, ""3"": 59, ""4"": 66}",False,24.0,-32.0,0.0,21.0,11.0,0.0275,240.0,78.125,241.5,15.0,21.0,42.0,118.5,45.0,474.0,265.5,8.0,13.0,48.0,1.0,1.0,2.0,6.0,3.0,0.0,0.0,0.0,32.0,32.0,0.3975,0.38095238095238093,0.0128,0.0128,0.1,0.45454545454545453,0.5454545454545454,0.6,1.0,1.0,0.4666666666666667,0.6026315789473684,0.0
20260629_152656_9d451bbc,20260629_152656_9d451bbc_g0019,19,1240308830,3,32,32,32,1,3,YELLOW,pool_heuristic,2,2.0,[2],0,59,4,"{""1"": 92, ""2"": 124, ""3"": 59, ""4"": 66}",False,21.0,-38.0,3.0,4.0,11.0,0.0275,107.0,46.75,110.5,19.0,15.0,19.5,47.0,10.0,607.0,131.5,8.0,13.0,48.0,1.0,1.0,2.0,6.0,3.0,1.0,0.0,0.0,32.0,32.0,0.3975,0.38095238095238093,0.0128,0.0128,0.1,0.45454545454545453,0.5454545454545454,0.525,1.0,1.0,0.4916666666666667,0.46578947368421053,0.0
20260629_152656_9d451bbc,20260629_152656_9d451bbc_g0019,19,1240308830,3,32,32,32,1,4,GREEN,pool_l45_100ms,3,2.0,[2],0,66,3,"{""1"": 92, ""2"": 124, ""3"": 59, ""4"": 66}",False,14.0,-52.0,3.0,6.0,11.0,0.0275,73.0,30.375,68.875,13.0,10.0,15.0,24.0,6.875,641.0,82.875,8.0,13.0,48.0,1.0,1.0,2.0,6.0,3.0,0.0,0.0,0.0,32.0,32.0,0.3975,0.38095238095238093,0.0128,0.0128,0.1,0.45454545454545453,0.5454545454545454,0.35,1.0,1.0,0.55,0.4302631578947369,0.0
20260629_152656_9d451bbc,20260629_152656_9d451bbc_g0019,19,1240308830,4,40,40,40,1,1,RED,pool_peer_500ms,0,2.0,[2],0,92,2,"{""1"": 92, ""2"": 124, ""3"": 59, ""4"": 66}",False,24.0,-32.0,0.0,23.0,25.0,0.0625,206.0,70.125,199.875,20.0,18.0,38.25,73.0,50.625,132.0,223.875,10.0,11.0,40.0,1.0,1.0,2.0,4.0,3.0,0.0,0.0,0.0,40.0,40.0,0.485,0.47619047619047616,0.016,0.016,0.12,0.5454545454545454,0.45454545454545453,0.6,1.0,1.0,0.4666666666666667,0.5975877192982456,0.0
20260629_152656_9d451bbc,20260629_152656_9d451bbc_g0019,19,1240308830,4,40,40,40,1,2,BLUE,champ_v3,1,2.0,[2],1,124,1,"{""1"": 92, ""2"": 124, ""3"": 59, ""4"": 66}",False,26.0,-28.0,0.0,33.0,25.0,0.0625,90.0,35.5,90.625,13.0,10.0,19.5,27.5,20.625,248.0,116.625,10.0,11.0,40.0,1.0,1.0,2.0,4.0,3.0,0.0,0.0,0.0,40.0,40.0,0.485,0.47619047619047616,0.016,0.016,0.12,0.5454545454545454,0.45454545454545453,0.65,1.0,1.0,0.45,0.6052631578947368,0.0
20260629_152656_9d451bbc,20260629_152656_9d451bbc_g0019,19,1240308830,4,40,40,40,1,3,YELLOW,pool_heuristic,2,2.0,[2],0,59,4,"{""1"": 92, ""2"": 124, ""3"": 59, ""4"": 66}",False,18.0,-44.0,3.0,12.0,25.0,0.0625,21.0,17.25,20.75,14.0,6.0,0.75,0.0,0.0,317.0,38.75,10.0,11.0,40.0,1.0,1.0,2.0,4.0,3.0,1.0,0.0,0.0,40.0,40.0,0.485,0.47619047619047616,0.016,0.016,0.12,0.5454545454545454,0.45454545454545453,0.45,1.0,1.0,0.5166666666666667,0.4353070175438597,0.0
20260629_152656_9d451bbc,20260629_152656_9d451bbc_g0019,19,1240308830,4,40,40,40,1,4,GREEN,pool_l45_100ms,3,2.0,[2],0,66,3,"{""1"": 92, ""2"": 124, ""3"": 59, ""4"": 66}",False,12.0,-56.0,3.0,11.0,25.0,0.0625,21.0,13.375,18.75,10.0,4.0,2.25,2.5,0.0,317.0,30.75,10.0,11.0,38.0,1.0,1.0,2.0,6.0,1.0,0.0,0.0,0.0,40.0,40.0,0.485,0.47619047619047616,0.016,0.016,0.125,0.5681818181818182,0.4318181818181818,0.3,0.8666666666666667,1.0,0.5666666666666667,0.4157894736842106,0.0
20260629_152656_9d451bbc,20260629_152656_9d451bbc_g0019,19,1240308830,5,48,48,48,1,1,RED,pool_peer_500ms,0,2.0,[2],0,92,2,"{""1"": 92, ""2"": 124, ""3"": 59, ""4"": 66}",False,26.0,-26.0,0.0,31.0,34.0,0.085,105.0,53.0,128.75,21.0,15.0,29.25,41.0,22.5,76.0,154.75,12.0,9.0,31.0,1.0,1.0,2.0,3.0,2.0,0.0,0.0,0.0,48.0,48.0,0.5575,0.5714285714285714,0.0192,0.0192,0.1425,0.6477272727272727,0.3522727272727273,0.65,1.0,1.0,0.4333333333333333,0.5752539242843953,0.0
20260629_152656_9d451bbc,20260629_152656_9d451bbc_g0019,19,1240308830,5,48,48,48,1,2,BLUE,champ_v3,1,2.0,[2],1,124,1,"{""1"": 92, ""2"": 124, ""3"": 59, ""4"": 66}",False,28.0,-22.0,0.0,44.0,34.0,0.085,65.0,29.25,65.25,13.0,8.0,15.75,26.0,2.5,116.0,93.25,12.0,9.0,30.0,1.0,1.0,2.0,4.0,1.0,0.0,0.0,0.0,48.0,48.0,0.5575,0.5714285714285714,0.0192,0.0192,0.145,0.6590909090909091,0.3409090909090909,0.7,1.0,1.0,0.4166666666666667,0.572595281306715,0.0
20260629_152656_9d451bbc,20260629_152656_9d451bbc_g0019,19,1240308830,5,48,48,48,1,3,YELLOW,pool_heuristic,2,2.0,[2],0,59,4,"{""1"": 92, ""2"": 124, ""3"": 59, ""4"": 66}",False,15.0,-48.0,3.0,22.0,34.0,0.085,4.0,2.0,4.0,0.0,4.0,0.0,0.0,0.0,177.0,19.0,12.0,9.0,36.0,0.0,1.0,1.0,4.0,3.0,1.0,0.0,0.0,48.0,48.0,0.5575,0.5714285714285714,0.0192,0.0192,0.13,0.5909090909090909,0.4090909090909091,0.375,0.8166666666666667,1.0,0.525,0.4412955465587045,0.0
20260629_152656_9d451bbc,20260629_152656_9d451bbc_g0019,19,1240308830,5,48,48,48,1,4,GREEN,pool_l45_100ms,3,2.0,[2],0,66,3,"{""1"": 92, ""2"": 124, ""3"": 59, ""4"": 66}",False,9.0,-60.0,3.0,15.0,34.0,0.085,7.0,7.0,7.0,7.0,0.0,0.0,0.0,0.0,174.0,16.0,12.0,9.0,32.0,1.0,0.0,2.0,5.0,1.0,0.0,0.0,0.0,48.0,48.0,0.5575,0.5714285714285714,0.0192,0.0192,0.14,0.6363636363636364,0.36363636363636365,0.225,0.5333333333333333,1.0,0.575,0.40601503759398494,0.0
20260629_152656_9d451bbc,20260629_152656_9d451bbc_g0019,19,1240308830,6,56,56,57,2,1,RED,pool_peer_500ms,0,2.0,[2],0,92,2,"{""1"": 92, ""2"": 124, ""3"": 59, ""4"": 66}",False,25.0,-29.0,0.0,46.0,36.0,0.09,28.0,23.25,33.5,18.0,6.0,0.0,7.0,2.5,40.0,58.5,15.0,6.0,20.0,1.0,1.0,0.0,3.0,1.0,0.0,0.0,0.0,56.0,57.0,0.625,0.7142857142857143,0.0228,0.0224,0.17,0.7727272727272727,0.22727272727272727,0.625,1.0,1.0,0.45,0.5518575851393188,0.0
20260629_152656_9d451bbc,20260629_152656_9d451bbc_g0019,19,1240308830,6,56,56,57,2,2,BLUE,champ_v3,1,2.0,[2],1,124,1,"{""1"": 92, ""2"": 124, ""3"": 59, ""4"": 66}",False,30.0,-19.0,0.0,51.0,36.0,0.09,40.0,23.5,41.5,14.0,7.0,10.5,10.0,0.0,28.0,71.5,14.0,7.0,21.0,1.0,1.0,2.0,3.0,0.0,0.0,0.0,0.0,56.0,57.0,0.625,0.6666666666666666,0.0228,0.0224,0.1675,0.7613636363636364,0.23863636363636365,0.75,1.0,0.8,0.4083333333333333,0.5663786331500392,0.0
20260629_152656_9d451bbc,20260629_152656_9d451bbc_g0019,19,1240308830,6,56,56,57,2,3,YELLOW,pool_heuristic,2,2.0,[2],0,59,4,"{""1"": 92, ""2"": 124, ""3"": 59, ""4"": 66}",False,14.0,-51.0,3.0,27.0,36.0,0.09,0.0,0.0,0.0,0.0,0.0,0.0,0.0,0.0,68.0,14.0,13.0,8.0,34.0,0.0,0.0,1.0,4.0,3.0,1.0,0.0,0.0,56.0,57.0,0.625,0.6190476190476191,0.0228,0.0224,0.135,0.6136363636363636,0.38636363636363635,0.35,0.7,1.0,0.5416666666666667,0.4278752436647174,0.0
20260629_152656_9d451bbc,20260629_152656_9d451bbc_g0019,19,1240308830,6,56,56,57,2,4,GREEN,pool_l45_100ms,3,2.0,[2],0,66,3,"{""1"": 92, ""2"": 124, ""3"": 59, ""4"": 66}",False,10.0,-59.0,3.0,19.0,36.0,0.09,0.0,0.0,0.0,0.0,0.0,0.0,0.0,0.0,68.0,10.0,14.0,7.0,27.0,0.0,0.0,2.0,4.0,1.0,0.0,0.0,0.0,56.0,57.0,0.625,0.6666666666666666,0.0228,0.0224,0.1525,0.6931818181818182,0.3068181818181818,0.25,0.4666666666666667,1.0,0.575,0.41156169111302854,0.0
20260629_152656_9d451bbc,20260629_152656_9d451bbc_g0019,19,1240308830,7,64,64,73,2,1,RED,pool_peer_500ms,0,2.0,[2],0,92,2,"{""1"": 92, ""2"": 124, ""3"": 59, ""4"": 66}",False,24.0,-26.0,0.0,60.0,43.0,0.1075,0.0,0.0,0.0,0.0,0.0,0.0,0.0,0.0,9.0,24.0,19.0,2.0,9.0,0.0,0.0,0.0,1.0,1.0,0.0,0.0,0.0,64.0,73.0,0.685,0.9047619047619048,0.0292,0.0256,0.1975,0.8977272727272727,0.10227272727272728,0.6,0.7166666666666667,1.0,0.4166666666666667,0.5456362425049968,0.0
20260629_152656_9d451bbc,20260629_152656_9d451bbc_g0019,19,1240308830,7,64,64,73,2,2,BLUE,champ_v3,1,2.0,[2],1,124,1,"{""1"": 92, ""2"": 124, ""3"": 59, ""4"": 66}",False,26.0,-22.0,0.0,60.0,43.0,0.1075,9.0,3.75,9.75,0.0,3.0,6.75,0.0,0.0,0.0,35.75,18.0,3.0,8.0,0.0,1.0,2.0,0.0,0.0,0.0,0.0,0.0,64.0,73.0,0.685,0.8571428571428571,0.0292,0.0256,0.2,0.9090909090909091,0.09090909090909091,0.65,0.9666666666666667,0.6,0.4,0.5414473684210526,0.0
20260629_152656_9d451bbc,20260629_152656_9d451bbc_g0019,19,1240308830,7,64,64,73,2,3,YELLOW,pool_heuristic,2,2.0,[2],0,59,4,"{""1"": 92, ""2"": 124, ""3"": 59, ""4"": 66}",False,14.0,-46.0,3.0,29.0,43.0,0.1075,0.0,0.0,0.0,0.0,0.0,0.0,0.0,0.0,9.0,14.0,13.0,8.0,34.0,0.0,0.0,1.0,4.0,3.0,1.0,0.0,0.0,64.0,73.0,0.685,0.6190476190476191,0.0292,0.0256,0.135,0.6136363636363636,0.38636363636363635,0.35,0.5666666666666667,1.0,0.5,0.4278752436647174,0.0
20260629_152656_9d451bbc,20260629_152656_9d451bbc_g0019,19,1240308830,7,64,64,73,2,4,GREEN,pool_l45_100ms,3,2.0,[2],0,66,3,"{""1"": 92, ""2"": 124, ""3"": 59, ""4"": 66}",False,10.0,-54.0,3.0,29.0,43.0,0.1075,0.0,0.0,0.0,0.0,0.0,0.0,0.0,0.0,9.0,10.0,14.0,7.0,27.0,0.0,0.0,2.0,4.0,1.0,0.0,0.0,0.0,64.0,73.0,0.685,0.6666666666666666,0.0292,0.0256,0.1525,0.6931818181818182,0.3068181818181818,0.25,0.31666666666666665,1.0,0.5333333333333333,0.41156169111302854,0.0
20260629_152656_9d451bbc,20260629_152656_9d451bbc_g0020,20,578936072,0,8,8,8,1,1,RED,champ_v3,0,1.0,[1],1,118,1,"{""1"": 118, ""2"": 81, ""3"": 64, ""4"": 91}",False,9.0,-13.0,9.0,0.0,0.0,0.0,543.0,122.625,488.75,9.0,15.0,41.25,153.5,270.0,1187.0,497.75,2.0,19.0,78.0,1.0,1.0,2.0,6.0,9.0,1.0,0.0,0.0,8.0,8.0,0.1,0.09523809523809523,0.0032,0.0032,0.025,0.11363636363636363,0.8863636363636364,0.225,1.0,1.0,0.18333333333333332,0.23684210526315785,0.0
20260629_152656_9d451bbc,20260629_152656_9d451bbc_g0020,20,578936072,0,8,8,8,1,2,BLUE,pool_heuristic,1,1.0,[1],0,81,3,"{""1"": 118, ""2"": 81, ""3"": 64, ""4"": 91}",False,6.0,-19.0,9.0,0.0,0.0,0.0,280.0,70.875,281.375,6.0,8.0,22.5,88.0,156.875,1450.0,287.375,2.0,19.0,78.0,1.0,1.0,2.0,6.0,9.0,0.0,1.0,1.0,8.0,8.0,0.1,0.09523809523809523,0.0032,0.0032,0.025,0.11363636363636363,0.8863636363636364,0.15,1.0,1.0,0.20833333333333334,0.22105263157894728,0.0
20260629_152656_9d451bbc,20260629_152656_9d451bbc_g0020,20,578936072,0,8,8,8,1,3,YELLOW,pool_l45_100ms,2,1.0,[1],0,64,4,"{""1"": 118, ""2"": 81, ""3"": 64, ""4"": 91}",False,7.0,-17.0,9.0,0.0,0.0,0.0,364.0,86.0,341.875,7.0,10.0,27.0,108.5,189.375,1366.0,348.875,2.0,19.0,78.0,1.0,1.0,2.0,6.0,9.0,1.0,1.0,0.0,8.0,8.0,0.1,0.09523809523809523,0.0032,0.0032,0.025,0.11363636363636363,0.8863636363636364,0.175,1.0,1.0,0.2,0.17368421052631577,0.0
20260629_152656_9d451bbc,20260629_152656_9d451bbc_g0020,20,578936072,0,8,8,8,1,4,GREEN,pool_peer_500ms,3,1.0,[1],0,91,2,"{""1"": 118, ""2"": 81, ""3"": 64, ""4"": 91}",False,9.0,-13.0,9.0,0.0,0.0,0.0,543.0,122.625,488.75,9.0,15.0,41.25,153.5,270.0,1187.0,497.75,2.0,19.0,78.0,1.0,1.0,2.0,6.0,9.0,1.0,0.0,0.0,8.0,8.0,0.1,0.09523809523809523,0.0032,0.0032,0.025,0.11363636363636363,0.8863636363636364,0.225,1.0,1.0,0.18333333333333332,0.23684210526315785,0.0
20260629_152656_9d451bbc,20260629_152656_9d451bbc_g0020,20,578936072,1,16,16,16,1,1,RED,champ_v3,0,1.0,[1],1,118,1,"{""1"": 118, ""2"": 81, ""3"": 64, ""4"": 91}",False,16.0,-23.0,3.0,1.0,0.0,0.0,815.0,191.375,736.75,16.0,26.0,72.75,274.5,347.5,1547.0,752.75,4.0,17.0,68.0,1.0,1.0,2.0,6.0,7.0,1.0,0.0,0.0,16.0,16.0,0.2,0.19047619047619047,0.0064,0.0064,0.05,0.22727272727272727,0.7727272727272727,0.4,1.0,1.0,0.325,0.4552631578947368,0.0
20260629_152656_9d451bbc,20260629_152656_9d451bbc_g0020,20,578936072,1,16,16,16,1,2,BLUE,pool_heuristic,1,1.0,[1],0,81,3,"{""1"": 118, ""2"": 81, ""3"": 64, ""4"": 91}",False,13.0,-29.0,4.0,1.0,0.0,0.0,447.0,125.25,480.75,11.0,17.0,47.25,178.0,227.5,1915.0,493.75,4.0,17.0,68.0,1.0,1.0,2.0,6.0,7.0,0.0,1.0,1.0,16.0,16.0,0.2,0.19047619047619047,0.0064,0.0064,0.05,0.22727272727272727,0.7727272727272727,0.325,1.0,1.0,0.35,0.4342105263157895,0.0
20260629_152656_9d451bbc,20260629_152656_9d451bbc_g0020,20,578936072,1,16,16,16,1,3,YELLOW,pool_l45_100ms,2,1.0,[1],0,64,4,"{""1"": 118, ""2"": 81, ""3"": 64, ""4"": 91}",False,11.0,-33.0,5.0,2.0,0.0,0.0,393.0,95.625,355.125,11.0,15.0,34.5,134.0,160.625,1969.0,366.125,4.0,17.0,68.0,1.0,1.0,2.0,6.0,7.0,1.0,0.0,0.0,16.0,16.0,0.2,0.19047619047619047,0.0064,0.0064,0.05,0.22727272727272727,0.7727272727272727,0.275,1.0,1.0,0.36666666666666664,0.3526315789473684,0.0
20260629_152656_9d451bbc,20260629_152656_9d451bbc_g0020,20,578936072,1,16,16,16,1,4,GREEN,pool_peer_500ms,3,1.0,[1],0,91,2,"{""1"": 118, ""2"": 81, ""3"": 64, ""4"": 91}",False,15.0,-25.0,4.0,2.0,0.0,0.0,707.0,176.875,681.625,15.0,25.0,66.0,245.0,330.625,1655.0,696.625,4.0,17.0,68.0,1.0,1.0,2.0,6.0,7.0,1.0,0.0,0.0,16.0,16.0,0.2,0.19047619047619047,0.0064,0.0064,0.05,0.22727272727272727,0.7727272727272727,0.375,1.0,1.0,0.33333333333333337,0.4526315789473684,0.0
20260629_152656_9d451bbc,20260629_152656_9d451bbc_g0020,20,578936072,2,24,24,24,1,1,RED,champ_v3,0,1.0,[1],1,118,1,"{""1"": 118, ""2"": 81, ""3"": 64, ""4"": 91}",False,20.0,-28.0,0.0,7.0,7.0,0.0175,568.0,147.625,524.0,20.0,25.0,62.25,220.5,196.25,766.0,544.0,6.0,15.0,58.0,1.0,1.0,2.0,6.0,5.0,0.0,0.0,0.0,24.0,24.0,0.3,0.2857142857142857,0.0096,0.0096,0.075,0.3409090909090909,0.6590909090909091,0.5,1.0,1.0,0.4,0.5824561403508772,0.0
20260629_152656_9d451bbc,20260629_152656_9d451bbc_g0020,20,578936072,2,24,24,24,1,2,BLUE,pool_heuristic,1,1.0,[1],0,81,3,"{""1"": 118, ""2"": 81, ""3"": 64, ""4"": 91}",False,19.0,-30.0,0.0,8.0,7.0,0.0175,259.0,83.625,285.625,14.0,15.0,37.5,116.0,103.125,1075.0,304.625,6.0,15.0,58.0,1.0,1.0,2.0,6.0,5.0,0.0,1.0,1.0,24.0,24.0,0.3,0.2857142857142857,0.0096,0.0096,0.075,0.3409090909090909,0.6590909090909091,0.475,1.0,1.0,0.4083333333333333,0.5175438596491229,0.0
20260629_152656_9d451bbc,20260629_152656_9d451bbc_g0020,20,578936072,2,24,24,24,1,3,YELLOW,pool_l45_100ms,2,1.0,[1],0,64,4,"{""1"": 118, ""2"": 81, ""3"": 64, ""4"": 91}",False,13.0,-42.0,5.0,4.0,7.0,0.0175,150.0,48.5,144.875,12.0,13.0,22.5,60.5,36.875,1184.0,157.875,6.0,15.0,58.0,1.0,1.0,2.0,6.0,5.0,0.0,0.0,0.0,24.0,24.0,0.3,0.2857142857142857,0.0096,0.0096,0.075,0.3409090909090909,0.6590909090909091,0.325,1.0,1.0,0.4583333333333333,0.4035087719298245,0.0
20260629_152656_9d451bbc,20260629_152656_9d451bbc_g0020,20,578936072,2,24,24,24,1,4,GREEN,pool_peer_500ms,3,1.0,[1],0,91,2,"{""1"": 118, ""2"": 81, ""3"": 64, ""4"": 91}",False,16.0,-36.0,1.0,11.0,7.0,0.0175,357.0,106.25,375.125,14.0,19.0,48.0,158.5,135.625,977.0,391.125,6.0,15.0,58.0,1.0,1.0,2.0,6.0,5.0,1.0,0.0,0.0,24.0,24.0,0.3,0.2857142857142857,0.0096,0.0096,0.075,0.3409090909090909,0.6590909090909091,0.4,1.0,1.0,0.4333333333333333,0.5543859649122806,0.0
20260629_152656_9d451bbc,20260629_152656_9d451bbc_g0020,20,578936072,3,32,32,32,1,1,RED,champ_v3,0,1.0,[1],1,118,1,"{""1"": 118, ""2"": 81, ""3"": 64, ""4"": 91}",False,27.0,-26.0,0.0,16.0,9.0,0.0225,565.0,156.5,534.25,22.0,31.0,83.25,233.0,165.0,372.0,561.25,8.0,13.0,49.0,1.0,1.0,2.0,5.0,4.0,0.0,0.0,0.0,32.0,32.0,0.3975,0.38095238095238093,0.0128,0.0128,0.0975,0.4431818181818182,0.5568181818181818,0.675,1.0,1.0,0.4416666666666667,0.5843454790823212,0.0
20260629_152656_9d451bbc,20260629_152656_9d451bbc_g0020,20,578936072,3,32,32,32,1,2,BLUE,pool_heuristic,1,1.0,[1],0,81,3,"{""1"": 118, ""2"": 81, ""3"": 64, ""4"": 91}",False,20.0,-40.0,0.0,12.0,9.0,0.0225,134.0,46.625,142.5,12.0,9.0,20.25,62.5,38.75,803.0,162.5,8.0,13.0,48.0,1.0,1.0,2.0,6.0,3.0,0.0,1.0,1.0,32.0,32.0,0.3975,0.38095238095238093,0.0128,0.0128,0.1,0.45454545454545453,0.5454545454545454,0.5,1.0,1.0,0.5,0.506578947368421,0.0
20260629_152656_9d451bbc,20260629_152656_9d451bbc_g0020,20,578936072,3,32,32,32,1,3,YELLOW,pool_l45_100ms,2,1.0,[1],0,64,4,"{""1"": 118, ""2"": 81, ""3"": 64, ""4"": 91}",False,13.0,-54.0,5.0,8.0,9.0,0.0225,52.0,24.375,50.75,12.0,8.0,11.25,14.5,5.0,885.0,63.75,8.0,13.0,48.0,1.0,1.0,2.0,6.0,3.0,0.0,0.0,0.0,32.0,32.0,0.3975,0.38095238095238093,0.0128,0.0128,0.1,0.45454545454545453,0.5454545454545454,0.325,0.9166666666666666,1.0,0.5583333333333333,0.3907894736842106,0.0
20260629_152656_9d451bbc,20260629_152656_9d451bbc_g0020,20,578936072,3,32,32,32,1,4,GREEN,pool_peer_500ms,3,1.0,[1],0,91,2,"{""1"": 118, ""2"": 81, ""3"": 64, ""4"": 91}",False,20.0,-40.0,1.0,19.0,9.0,0.0225,186.0,66.375,203.5,15.0,15.0,33.75,93.5,46.25,751.0,223.5,8.0,13.0,48.0,1.0,1.0,2.0,6.0,3.0,1.0,0.0,0.0,32.0,32.0,0.3975,0.38095238095238093,0.0128,0.0128,0.1,0.45454545454545453,0.5454545454545454,0.5,1.0,1.0,0.5,0.6171052631578947,0.0
20260629_152656_9d451bbc,20260629_152656_9d451bbc_g0020,20,578936072,4,40,40,40,1,1,RED,champ_v3,0,1.0,[1],1,118,1,"{""1"": 118, ""2"": 81, ""3"": 64, ""4"": 91}",False,31.0,-22.0,0.0,24.0,41.0,0.1025,166.0,68.875,176.75,23.0,22.0,41.25,60.5,30.0,177.0,207.75,10.0,11.0,40.0,1.0,1.0,2.0,4.0,3.0,0.0,0.0,0.0,40.0,40.0,0.4925,0.47619047619047616,0.016,0.016,0.12,0.5454545454545454,0.45454545454545453,0.775,1.0,1.0,0.4416666666666667,0.5767543859649122,0.0
20260629_152656_9d451bbc,20260629_152656_9d451bbc_g0020,20,578936072,4,40,40,40,1,2,BLUE,pool_heuristic,1,1.0,[1],0,81,3,"{""1"": 118, ""2"": 81, ""3"": 64, ""4"": 91}",False,23.0,-38.0,0.0,17.0,41.0,0.1025,59.0,28.5,61.0,15.0,6.0,9.0,26.0,5.0,284.0,84.0,10.0,11.0,38.0,1.0,1.0,2.0,6.0,1.0,0.0,1.0,0.0,40.0,40.0,0.4925,0.47619047619047616,0.016,0.016,0.125,0.5681818181818182,0.4318181818181818,0.575,1.0,1.0,0.5083333333333333,0.4905263157894737,0.0
20260629_152656_9d451bbc,20260629_152656_9d451bbc_g0020,20,578936072,4,40,40,40,1,3,YELLOW,pool_l45_100ms,2,1.0,[1],0,64,4,"{""1"": 118, ""2"": 81, ""3"": 64, ""4"": 91}",False,7.0,-70.0,5.0,11.0,41.0,0.1025,12.0,8.25,12.0,6.0,2.0,3.0,1.0,0.0,331.0,19.0,10.0,11.0,39.0,1.0,1.0,2.0,5.0,2.0,0.0,0.0,0.0,40.0,40.0,0.4925,0.47619047619047616,0.016,0.016,0.1225,0.5568181818181818,0.4431818181818182,0.175,0.4166666666666667,1.0,0.6416666666666667,0.4038668098818474,0.0
20260629_152656_9d451bbc,20260629_152656_9d451bbc_g0020,20,578936072,4,40,40,40,1,4,GREEN,pool_peer_500ms,3,1.0,[1],0,91,2,"{""1"": 118, ""2"": 81, ""3"": 64, ""4"": 91}",False,23.0,-38.0,1.0,29.0,41.0,0.1025,106.0,43.25,112.25,14.0,12.0,23.25,58.0,5.0,237.0,135.25,10.0,11.0,38.0,1.0,1.0,2.0,6.0,1.0,0.0,0.0,0.0,40.0,40.0,0.4925,0.47619047619047616,0.016,0.016,0.125,0.5681818181818182,0.4318181818181818,0.575,1.0,1.0,0.5083333333333333,0.5968421052631578,0.0
20260629_152656_9d451bbc,20260629_152656_9d451bbc_g0020,20,578936072,5,48,48,48,1,1,RED,champ_v3,0,1.0,[1],1,118,1,"{""1"": 118, ""2"": 81, ""3"": 64, ""4"": 91}",False,30.0,-27.0,0.0,37.0,40.0,0.1,74.0,39.75,86.25,18.0,13.0,24.0,20.0,11.25,101.0,116.25,12.0,9.0,31.0,1.0,1.0,2.0,3.0,2.0,0.0,0.0,0.0,48.0,48.0,0.575,0.5714285714285714,0.0192,0.0192,0.1425,0.6477272727272727,0.3522727272727273,0.75,1.0,1.0,0.475,0.5780240073868883,0.0
20260629_152656_9d451bbc,20260629_152656_9d451bbc_g0020,20,578936072,5,48,48,48,1,2,BLUE,pool_heuristic,1,1.0,[1],0,81,3,"{""1"": 118, ""2"": 81, ""3"": 64, ""4"": 91}",False,27.0,-33.0,0.0,29.0,40.0,0.1,33.0,23.75,34.75,17.0,7.0,6.75,4.0,0.0,142.0,61.75,12.0,9.0,29.0,1.0,1.0,2.0,5.0,0.0,0.0,0.0,0.0,48.0,48.0,0.575,0.5714285714285714,0.0192,0.0192,0.1475,0.6704545454545454,0.32954545454545453,0.675,1.0,0.8,0.5,0.4808206958073149,0.0
20260629_152656_9d451bbc,20260629_152656_9d451bbc_g0020,20,578936072,5,48,48,48,1,3,YELLOW,pool_l45_100ms,2,1.0,[1],0,64,4,"{""1"": 118, ""2"": 81, ""3"": 64, ""4"": 91}",False,6.0,-75.0,2.0,20.0,40.0,0.1,5.0,5.0,5.0,5.0,0.0,0.0,0.0,0.0,170.0,11.0,12.0,9.0,32.0,1.0,1.0,1.0,4.0,2.0,0.0,0.0,0.0,48.0,48.0,0.575,0.5714285714285714,0.0192,0.0192,0.14,0.6363636363636364,0.36363636363636365,0.15,0.21666666666666667,1.0,0.675,0.4050751879699248,0.0
20260629_152656_9d451bbc,20260629_152656_9d451bbc_g0020,20,578936072,5,48,48,48,1,4,GREEN,pool_peer_500ms,3,1.0,[1],0,91,2,"{""1"": 118, ""2"": 81, ""3"": 64, ""4"": 91}",False,24.0,-39.0,1.0,40.0,40.0,0.1,63.0,32.25,75.25,13.0,10.0,17.25,30.0,5.0,112.0,99.25,12.0,9.0,30.0,1.0,1.0,2.0,4.0,1.0,0.0,0.0,0.0,48.0,48.0,0.575,0.5714285714285714,0.0192,0.0192,0.145,0.6590909090909091,0.3409090909090909,0.6,1.0,1.0,0.525,0.58983666061706,0.0
20260629_152656_9d451bbc,20260629_152656_9d451bbc_g0020,20,578936072,6,56,56,57,2,1,RED,champ_v3,0,1.0,[1],1,118,1,"{""1"": 118, ""2"": 81, ""3"": 64, ""4"": 91}",False,28.0,-28.0,0.0,51.0,38.0,0.095,33.0,20.625,31.75,14.0,6.0,8.25,3.5,0.0,59.0,59.75,15.0,6.0,17.0,1.0,1.0,2.0,2.0,0.0,0.0,0.0,0.0,56.0,57.0,0.6475,0.7142857142857143,0.0228,0.0224,0.1775,0.8068181818181818,0.19318181818181818,0.7,1.0,0.8,0.4666666666666667,0.5277983691623425,0.0
20260629_152656_9d451bbc,20260629_152656_9d451bbc_g0020,20,578936072,6,56,56,57,2,2,BLUE,pool_heuristic,1,1.0,[1],0,81,3,"{""1"": 118, ""2"": 81, ""3"": 64, ""4"": 91}",False,28.0,-28.0,0.0,46.0,38.0,0.095,17.0,14.75,18.75,13.0,0.0,3.75,2.0,0.0,75.0,46.75,14.0,7.0,23.0,1.0,0.0,2.0,4.0,0.0,0.0,0.0,0.0,56.0,57.0,0.6475,0.6666666666666666,0.0228,0.0224,0.1625,0.7386363636363636,0.26136363636363635,0.7,1.0,0.8,0.4666666666666667,0.48663967611336023,0.0
20260629_152656_9d451bbc,20260629_152656_9d451bbc_g0020,20,578936072,6,56,56,57,2,3,YELLOW,pool_l45_100ms,2,1.0,[1],0,64,4,"{""1"": 118, ""2"": 81, ""3"": 64, ""4"": 91}",False,5.0,-74.0,2.0,26.0,38.0,0.095,0.0,0.0,0.0,0.0,0.0,0.0,0.0,0.0,92.0,5.0,13.0,8.0,31.0,0.0,1.0,1.0,4.0,2.0,0.0,0.0,0.0,56.0,57.0,0.6475,0.6190476190476191,0.0228,0.0224,0.1425,0.6477272727272727,0.3522727272727273,0.125,0.16666666666666666,1.0,0.6583333333333333,0.4053554939981533,0.0
20260629_152656_9d451bbc,20260629_152656_9d451bbc_g0020,20,578936072,6,56,56,57,2,4,GREEN,pool_peer_500ms,3,1.0,[1],0,91,2,"{""1"": 118, ""2"": 81, ""3"": 64, ""4"": 91}",False,23.0,-38.0,1.0,46.0,38.0,0.095,42.0,24.5,52.0,12.0,8.0,6.0,26.0,0.0,50.0,75.0,14.0,7.0,22.0,1.0,1.0,1.0,4.0,0.0,0.0,0.0,0.0,56.0,57.0,0.6475,0.6666666666666666,0.0228,0.0224,0.165,0.75,0.25,0.575,0.9666666666666667,0.8,0.5083333333333333,0.5606060606060607,0.0
20260629_152656_9d451bbc,20260629_152656_9d451bbc_g0020,20,578936072,7,64,64,69,2,1,RED,champ_v3,0,1.0,[1],1,118,1,"{""1"": 118, ""2"": 81, ""3"": 64, ""4"": 91}",False,23.0,-29.0,0.0,60.0,42.0,0.105,13.0,11.75,13.25,11.0,0.0,2.25,0.0,0.0,18.0,36.25,18.0,3.0,7.0,1.0,0.0,2.0,0.0,0.0,0.0,0.0,0.0,64.0,69.0,0.7,0.8571428571428571,0.0276,0.0256,0.2025,0.9204545454545454,0.07954545454545454,0.575,0.8333333333333334,0.6,0.4333333333333333,0.49447693307342433,0.0
20260629_152656_9d451bbc,20260629_152656_9d451bbc_g0020,20,578936072,7,64,64,69,2,2,BLUE,pool_heuristic,1,1.0,[1],0,81,3,"{""1"": 118, ""2"": 81, ""3"": 64, ""4"": 91}",False,26.0,-23.0,0.0,54.0,42.0,0.105,0.0,0.0,0.0,0.0,0.0,0.0,0.0,0.0,31.0,26.0,16.0,5.0,18.0,0.0,0.0,2.0,3.0,0.0,0.0,0.0,0.0,64.0,69.0,0.7,0.7619047619047619,0.0276,0.0256,0.175,0.7954545454545454,0.20454545454545456,0.65,0.8166666666666667,0.8,0.4083333333333333,0.49248120300751885,0.0
20260629_152656_9d451bbc,20260629_152656_9d451bbc_g0020,20,578936072,7,64,64,69,2,3,YELLOW,pool_l45_100ms,2,1.0,[1],0,64,4,"{""1"": 118, ""2"": 81, ""3"": 64, ""4"": 91}",False,5.0,-65.0,2.0,34.0,42.0,0.105,0.0,0.0,0.0,0.0,0.0,0.0,0.0,0.0,31.0,5.0,13.0,8.0,31.0,0.0,1.0,1.0,4.0,2.0,0.0,0.0,0.0,64.0,69.0,0.7,0.6190476190476191,0.0276,0.0256,0.1425,0.6477272727272727,0.3522727272727273,0.125,0.15,1.0,0.5833333333333333,0.4053554939981533,0.0
20260629_152656_9d451bbc,20260629_152656_9d451bbc_g0020,20,578936072,7,64,64,69,2,4,GREEN,pool_peer_500ms,3,1.0,[1],0,91,2,"{""1"": 118, ""2"": 81, ""3"": 64, ""4"": 91}",False,21.0,-33.0,1.0,55.0,42.0,0.105,18.0,6.5,26.0,0.0,0.0,0.0,26.0,0.0,13.0,47.0,17.0,4.0,16.0,0.0,0.0,0.0,4.0,0.0,0.0,0.0,0.0,64.0,69.0,0.7,0.8095238095238095,0.0276,0.0256,0.18,0.8181818181818182,0.18181818181818182,0.525,0.7166666666666667,0.8,0.45,0.547514619883041,0.0
20260629_152656_9d451bbc,20260629_152656_9d451bbc_g0021,21,1320745939,0,8,8,8,1,1,RED,pool_heuristic,0,3.0,[3],0,89,2,"{""1"": 89, ""2"": 69, ""3"": 118, ""4"": 86}",False,6.0,-17.0,8.0,0.0,3.0,0.0075,409.0,103.375,422.25,6.0,11.0,32.25,130.5,242.5,1413.0,428.25,2.0,19.0,78.0,1.0,1.0,2.0,6.0,9.0,1.0,1.0,1.0,8.0,8.0,0.1,0.09523809523809523,0.0032,0.0032,0.025,0.11363636363636363,0.8863636363636364,0.15,1.0,1.0,0.19166666666666668,0.26315789473684215,0.0
20260629_152656_9d451bbc,20260629_152656_9d451bbc_g0021,21,1320745939,0,8,8,8,1,2,BLUE,pool_l45_100ms,1,3.0,[3],0,69,4,"{""1"": 89, ""2"": 69, ""3"": 118, ""4"": 86}",False,5.0,-19.0,9.0,0.0,3.0,0.0075,327.0,76.25,309.5,5.0,8.0,24.0,95.0,177.5,1495.0,314.5,2.0,19.0,78.0,1.0,1.0,2.0,6.0,9.0,1.0,1.0,0.0,8.0,8.0,0.1,0.09523809523809523,0.0032,0.0032,0.025,0.11363636363636363,0.8863636363636364,0.125,1.0,1.0,0.2,0.15263157894736834,0.0
20260629_152656_9d451bbc,20260629_152656_9d451bbc_g0021,21,1320745939,0,8,8,8,1,3,YELLOW,pool_peer_500ms,2,3.0,[3],1,118,1,"{""1"": 89, ""2"": 69, ""3"": 118, ""4"": 86}",False,9.0,-11.0,9.0,0.0,3.0,0.0075,543.0,122.625,488.75,9.0,15.0,41.25,153.5,270.0,1279.0,497.75,2.0,19.0,78.0,1.0,1.0,2.0,6.0,9.0,1.0,0.0,0.0,8.0,8.0,0.1,0.09523809523809523,0.0032,0.0032,0.025,0.11363636363636363,0.8863636363636364,0.225,1.0,1.0,0.16666666666666669,0.23684210526315785,0.0
20260629_152656_9d451bbc,20260629_152656_9d451bbc_g0021,21,1320745939,0,8,8,8,1,4,GREEN,champ_v3,3,3.0,[3],0,86,3,"{""1"": 89, ""2"": 69, ""3"": 118, ""4"": 86}",False,9.0,-11.0,9.0,0.0,3.0,0.0075,543.0,122.625,488.75,9.0,15.0,41.25,153.5,270.0,1279.0,497.75,2.0,19.0,78.0,1.0,1.0,2.0,6.0,9.0,1.0,0.0,0.0,8.0,8.0,0.1,0.09523809523809523,0.0032,0.0032,0.025,0.11363636363636363,0.8863636363636364,0.225,1.0,1.0,0.16666666666666669,0.23684210526315785,0.0
20260629_152656_9d451bbc,20260629_152656_9d451bbc_g0021,21,1320745939,1,16,16,16,1,1,RED,pool_heuristic,0,3.0,[3],0,89,2,"{""1"": 89, ""2"": 69, ""3"": 118, ""4"": 86}",False,13.0,-25.0,1.0,3.0,3.0,0.0075,546.0,148.75,582.875,11.0,19.0,54.75,207.5,290.625,1817.0,595.875,4.0,17.0,68.0,1.0,1.0,2.0,6.0,7.0,0.0,1.0,1.0,16.0,16.0,0.2,0.19047619047619047,0.0064,0.0064,0.05,0.22727272727272727,0.7727272727272727,0.325,1.0,1.0,0.31666666666666665,0.513157894736842,0.0
20260629_152656_9d451bbc,20260629_152656_9d451bbc_g0021,21,1320745939,1,16,16,16,1,2,BLUE,pool_l45_100ms,1,3.0,[3],0,69,4,"{""1"": 89, ""2"": 69, ""3"": 118, ""4"": 86}",False,8.0,-35.0,6.0,0.0,3.0,0.0075,410.0,97.125,373.125,8.0,14.0,36.75,140.0,174.375,1953.0,381.125,4.0,17.0,68.0,1.0,1.0,2.0,6.0,7.0,1.0,0.0,0.0,16.0,16.0,0.2,0.19047619047619047,0.0064,0.0064,0.05,0.22727272727272727,0.7727272727272727,0.2,1.0,1.0,0.35833333333333334,0.3263157894736842,0.0
20260629_152656_9d451bbc,20260629_152656_9d451bbc_g0021,21,1320745939,1,16,16,16,1,3,YELLOW,pool_peer_500ms,2,3.0,[3],1,118,1,"{""1"": 89, ""2"": 69, ""3"": 118, ""4"": 86}",False,15.0,-21.0,0.0,3.0,3.0,0.0075,676.0,163.125,624.125,14.0,24.0,63.75,228.0,294.375,1687.0,639.125,4.0,17.0,68.0,1.0,1.0,2.0,6.0,7.0,1.0,0.0,0.0,16.0,16.0,0.2,0.19047619047619047,0.0064,0.0064,0.05,0.22727272727272727,0.7727272727272727,0.375,1.0,1.0,0.3,0.4894736842105264,0.0
20260629_152656_9d451bbc,20260629_152656_9d451bbc_g0021,21,1320745939,1,16,16,16,1,4,GREEN,champ_v3,3,3.0,[3],0,86,3,"{""1"": 89, ""2"": 69, ""3"": 118, ""4"": 86}",False,15.0,-21.0,0.0,1.0,3.0,0.0075,731.0,184.0,708.125,15.0,26.0,72.0,259.5,335.625,1632.0,723.125,4.0,17.0,68.0,1.0,1.0,2.0,6.0,7.0,1.0,0.0,0.0,16.0,16.0,0.2,0.19047619047619047,0.0064,0.0064,0.05,0.22727272727272727,0.7727272727272727,0.375,1.0,1.0,0.3,0.49473684210526314,0.0
20260629_152656_9d451bbc,20260629_152656_9d451bbc_g0021,21,1320745939,2,24,24,24,1,1,RED,pool_heuristic,0,3.0,[3],0,89,2,"{""1"": 89, ""2"": 69, ""3"": 118, ""4"": 86}",False,18.0,-30.0,1.0,11.0,7.0,0.0175,451.0,137.875,500.0,15.0,24.0,61.5,209.5,190.0,1143.0,518.0,6.0,15.0,58.0,1.0,1.0,2.0,6.0,5.0,0.0,1.0,1.0,24.0,24.0,0.3,0.2857142857142857,0.0096,0.0096,0.075,0.3409090909090909,0.6590909090909091,0.45,1.0,1.0,0.4,0.5719298245614035,0.0
20260629_152656_9d451bbc,20260629_152656_9d451bbc_g0021,21,1320745939,2,24,24,24,1,2,BLUE,pool_l45_100ms,1,3.0,[3],0,69,4,"{""1"": 89, ""2"": 69, ""3"": 118, ""4"": 86}",False,11.0,-44.0,6.0,2.0,7.0,0.0175,188.0,54.125,172.75,11.0,13.0,24.0,73.5,51.25,1406.0,183.75,6.0,15.0,58.0,1.0,1.0,2.0,6.0,5.0,0.0,0.0,0.0,24.0,24.0,0.3,0.2857142857142857,0.0096,0.0096,0.075,0.3409090909090909,0.6590909090909091,0.275,1.0,1.0,0.4583333333333333,0.38596491228070173,0.0
20260629_152656_9d451bbc,20260629_152656_9d451bbc_g0021,21,1320745939,2,24,24,24,1,3,YELLOW,pool_peer_500ms,2,3.0,[3],1,118,1,"{""1"": 89, ""2"": 69, ""3"": 118, ""4"": 86}",False,19.0,-28.0,0.0,13.0,7.0,0.0175,535.0,141.375,502.125,17.0,27.0,63.75,215.0,179.375,1059.0,521.125,6.0,15.0,58.0,1.0,1.0,2.0,6.0,5.0,0.0,0.0,0.0,24.0,24.0,0.3,0.2857142857142857,0.0096,0.0096,0.075,0.3409090909090909,0.6590909090909091,0.475,1.0,1.0,0.39166666666666666,0.5859649122807018,0.0
20260629_152656_9d451bbc,20260629_152656_9d451bbc_g0021,21,1320745939,2,24,24,24,1,4,GREEN,champ_v3,3,3.0,[3],0,86,3,"{""1"": 89, ""2"": 69, ""3"": 118, ""4"": 86}",False,18.0,-30.0,0.0,9.0,7.0,0.0175,420.0,117.5,410.625,16.0,22.0,52.5,179.5,140.625,1174.0,428.625,6.0,15.0,58.0,1.0,1.0,2.0,6.0,5.0,0.0,0.0,0.0,24.0,24.0,0.3,0.2857142857142857,0.0096,0.0096,0.075,0.3409090909090909,0.6590909090909091,0.45,1.0,1.0,0.4,0.5771929824561404,0.0
20260629_152656_9d451bbc,20260629_152656_9d451bbc_g0021,21,1320745939,3,32,32,32,1,1,RED,pool_heuristic,0,3.0,[3],0,89,2,"{""1"": 89, ""2"": 69, ""3"": 118, ""4"": 86}",False,25.0,-29.0,1.0,16.0,18.0,0.045,241.0,84.0,254.25,19.0,20.0,41.25,129.0,45.0,564.0,279.25,8.0,13.0,48.0,1.0,1.0,2.0,6.0,3.0,0.0,1.0,0.0,32.0,32.0,0.3975,0.38095238095238093,0.0128,0.0128,0.1,0.45454545454545453,0.5454545454545454,0.625,1.0,1.0,0.45,0.5736842105263158,0.0
20260629_152656_9d451bbc,20260629_152656_9d451bbc_g0021,21,1320745939,3,32,32,32,1,2,BLUE,pool_l45_100ms,1,3.0,[3],0,69,4,"{""1"": 89, ""2"": 69, ""3"": 118, ""4"": 86}",False,8.0,-63.0,6.0,7.0,18.0,0.045,34.0,16.5,35.125,8.0,6.0,5.25,11.5,4.375,771.0,43.125,8.0,13.0,48.0,1.0,1.0,2.0,6.0,3.0,0.0,0.0,0.0,32.0,32.0,0.3975,0.38095238095238093,0.0128,0.0128,0.1,0.45454545454545453,0.5454545454545454,0.2,1.0,1.0,0.5916666666666667,0.3828947368421053,0.0
20260629_152656_9d451bbc,20260629_152656_9d451bbc_g0021,21,1320745939,3,32,32,32,1,3,YELLOW,pool_peer_500ms,2,3.0,[3],1,118,1,"{""1"": 89, ""2"": 69, ""3"": 118, ""4"": 86}",False,22.0,-35.0,0.0,22.0,18.0,0.045,194.0,66.75,187.125,19.0,19.0,30.75,86.5,31.875,611.0,209.125,8.0,13.0,48.0,1.0,1.0,2.0,6.0,3.0,0.0,0.0,0.0,32.0,32.0,0.3975,0.38095238095238093,0.0128,0.0128,0.1,0.45454545454545453,0.5454545454545454,0.55,1.0,1.0,0.475,0.5776315789473684,0.0
20260629_152656_9d451bbc,20260629_152656_9d451bbc_g0021,21,1320745939,3,32,32,32,1,4,GREEN,champ_v3,3,3.0,[3],0,86,3,"{""1"": 89, ""2"": 69, ""3"": 118, ""4"": 86}",False,24.0,-31.0,0.0,12.0,18.0,0.045,336.0,106.25,324.625,23.0,29.0,57.0,132.5,83.125,469.0,348.625,8.0,13.0,49.0,1.0,1.0,2.0,5.0,4.0,0.0,0.0,0.0,32.0,32.0,0.3975,0.38095238095238093,0.0128,0.0128,0.0975,0.4431818181818182,0.5568181818181818,0.6,1.0,1.0,0.4583333333333333,0.5789473684210527,0.0
20260629_152656_9d451bbc,20260629_152656_9d451bbc_g0021,21,1320745939,4,40,40,40,1,1,RED,pool_heuristic,0,3.0,[3],0,89,2,"{""1"": 89, ""2"": 69, ""3"": 118, ""4"": 86}",False,27.0,-34.0,1.0,24.0,26.0,0.065,135.0,57.375,142.75,21.0,17.0,26.25,68.5,10.0,289.0,169.75,10.0,11.0,38.0,1.0,1.0,2.0,6.0,1.0,0.0,1.0,0.0,40.0,40.0,0.49,0.47619047619047616,0.016,0.016,0.125,0.5681818181818182,0.4318181818181818,0.675,1.0,1.0,0.5083333333333333,0.5547368421052632,0.0
20260629_152656_9d451bbc,20260629_152656_9d451bbc_g0021,21,1320745939,4,40,40,40,1,2,BLUE,pool_l45_100ms,1,3.0,[3],0,69,4,"{""1"": 89, ""2"": 69, ""3"": 118, ""4"": 86}",False,9.0,-70.0,6.0,11.0,26.0,0.065,33.0,16.625,32.0,9.0,6.0,4.5,12.5,0.0,391.0,41.0,10.0,11.0,38.0,1.0,1.0,2.0,6.0,1.0,0.0,0.0,0.0,40.0,40.0,0.49,0.47619047619047616,0.016,0.016,0.125,0.5681818181818182,0.4318181818181818,0.225,0.8666666666666667,1.0,0.6583333333333333,0.37473684210526315,0.0
20260629_152656_9d451bbc,20260629_152656_9d451bbc_g0021,21,1320745939,4,40,40,40,1,3,YELLOW,pool_peer_500ms,2,3.0,[3],1,118,1,"{""1"": 89, ""2"": 69, ""3"": 118, ""4"": 86}",False,26.0,-36.0,0.0,30.0,26.0,0.065,113.0,51.125,116.0,21.0,19.0,24.0,44.5,7.5,311.0,142.0,10.0,11.0,38.0,1.0,1.0,2.0,6.0,1.0,0.0,0.0,0.0,40.0,40.0,0.49,0.47619047619047616,0.016,0.016,0.125,0.5681818181818182,0.4318181818181818,0.65,1.0,1.0,0.5166666666666667,0.5642105263157895,0.0
20260629_152656_9d451bbc,20260629_152656_9d451bbc_g0021,21,1320745939,4,40,40,40,1,4,GREEN,champ_v3,3,3.0,[3],0,86,3,"{""1"": 89, ""2"": 69, ""3"": 118, ""4"": 86}",False,26.0,-36.0,0.0,25.0,26.0,0.065,143.0,54.5,140.0,20.0,20.0,16.5,46.0,37.5,281.0,166.0,10.0,11.0,42.0,1.0,1.0,1.0,4.0,4.0,0.0,0.0,0.0,40.0,40.0,0.49,0.47619047619047616,0.016,0.016,0.115,0.5227272727272727,0.4772727272727273,0.65,1.0,1.0,0.5166666666666667,0.585812356979405,0.0
20260629_152656_9d451bbc,20260629_152656_9d451bbc_g0021,21,1320745939,5,48,48,48,1,1,RED,pool_heuristic,0,3.0,[3],0,89,2,"{""1"": 89, ""2"": 69, ""3"": 118, ""4"": 86}",False,29.0,-35.0,1.0,38.0,32.0,0.08,37.0,25.25,38.0,18.0,7.0,6.75,5.0,1.25,144.0,67.0,12.0,9.0,30.0,1.0,1.0,2.0,4.0,1.0,0.0,1.0,0.0,48.0,48.0,0.575,0.5714285714285714,0.0192,0.0192,0.145,0.6590909090909091,0.3409090909090909,0.725,1.0,1.0,0.5333333333333333,0.5553539019963702,0.0
20260629_152656_9d451bbc,20260629_152656_9d451bbc_g0021,21,1320745939,5,48,48,48,1,2,BLUE,pool_l45_100ms,1,3.0,[3],0,69,4,"{""1"": 89, ""2"": 69, ""3"": 118, ""4"": 86}",False,9.0,-75.0,6.0,16.0,32.0,0.08,13.0,10.25,12.75,8.0,4.0,0.75,0.0,0.0,168.0,21.75,12.0,9.0,30.0,1.0,1.0,2.0,4.0,1.0,0.0,0.0,0.0,48.0,48.0,0.575,0.5714285714285714,0.0192,0.0192,0.145,0.6590909090909091,0.3409090909090909,0.225,0.6,1.0,0.7,0.35934664246823955,0.0
20260629_152656_9d451bbc,20260629_152656_9d451bbc_g0021,21,1320745939,5,48,48,48,1,3,YELLOW,pool_peer_500ms,2,3.0,[3],1,118,1,"{""1"": 89, ""2"": 69, ""3"": 118, ""4"": 86}",False,31.0,-31.0,0.0,37.0,32.0,0.08,89.0,49.75,101.25,24.0,20.0,21.75,28.0,7.5,92.0,132.25,12.0,9.0,30.0,1.0,1.0,2.0,4.0,1.0,0.0,0.0,0.0,48.0,48.0,0.575,0.5714285714285714,0.0192,0.0192,0.145,0.6590909090909091,0.3409090909090909,0.775,1.0,1.0,0.5166666666666667,0.5245009074410163,0.0
20260629_152656_9d451bbc,20260629_152656_9d451bbc_g0021,21,1320745939,5,48,48,48,1,4,GREEN,champ_v3,3,3.0,[3],0,86,3,"{""1"": 89, ""2"": 69, ""3"": 118, ""4"": 86}",False,24.0,-45.0,0.0,38.0,32.0,0.08,42.0,24.375,47.25,13.0,11.0,5.25,10.5,7.5,139.0,71.25,12.0,9.0,32.0,1.0,1.0,1.0,4.0,2.0,0.0,0.0,0.0,48.0,48.0,0.575,0.5714285714285714,0.0192,0.0192,0.14,0.6363636363636364,0.36363636363636365,0.6,1.0,1.0,0.575,0.5723684210526316,0.0
20260629_152656_9d451bbc,20260629_152656_9d451bbc_g0021,21,1320745939,6,56,56,56,1,1,RED,pool_heuristic,0,3.0,[3],0,89,2,"{""1"": 89, ""2"": 69, ""3"": 118, ""4"": 86}",False,32.0,-24.0,1.0,50.0,25.0,0.0625,36.0,26.25,37.5,19.0,8.0,7.5,3.0,0.0,86.0,69.5,14.0,7.0,21.0,1.0,1.0,2.0,3.0,0.0,0.0,0.0,0.0,56.0,56.0,0.645,0.6666666666666666,0.0224,0.0224,0.1675,0.7613636363636364,0.23863636363636365,0.8,1.0,0.8,0.4666666666666667,0.532600157109191,0.0
20260629_152656_9d451bbc,20260629_152656_9d451bbc_g0021,21,1320745939,6,56,56,56,1,2,BLUE,pool_l45_100ms,1,3.0,[3],0,69,4,"{""1"": 89, ""2"": 69, ""3"": 118, ""4"": 86}",False,6.0,-76.0,4.0,30.0,25.0,0.0625,5.0,5.0,5.0,5.0,0.0,0.0,0.0,0.0,117.0,11.0,14.0,7.0,25.0,1.0,0.0,1.0,4.0,1.0,0.0,0.0,0.0,56.0,56.0,0.645,0.6666666666666666,0.0224,0.0224,0.1575,0.7159090909090909,0.2840909090909091,0.15,0.38333333333333336,1.0,0.6833333333333333,0.3742690058479532,0.0
20260629_152656_9d451bbc,20260629_152656_9d451bbc_g0021,21,1320745939,6,56,56,56,1,3,YELLOW,pool_peer_500ms,2,3.0,[3],1,118,1,"{""1"": 89, ""2"": 69, ""3"": 118, ""4"": 86}",False,33.0,-22.0,0.0,49.0,25.0,0.0625,67.0,41.0,72.5,23.0,17.0,16.5,16.0,0.0,55.0,105.5,14.0,7.0,21.0,1.0,1.0,2.0,3.0,0.0,0.0,0.0,0.0,56.0,56.0,0.645,0.6666666666666666,0.0224,0.0224,0.1675,0.7613636363636364,0.23863636363636365,0.825,1.0,0.8,0.4583333333333333,0.5153181461115475,0.0
20260629_152656_9d451bbc,20260629_152656_9d451bbc_g0021,21,1320745939,6,56,56,56,1,4,GREEN,champ_v3,3,3.0,[3],0,86,3,"{""1"": 89, ""2"": 69, ""3"": 118, ""4"": 86}",False,17.0,-54.0,0.0,43.0,25.0,0.0625,14.0,6.25,20.75,0.0,5.0,2.25,6.0,7.5,108.0,37.75,14.0,7.0,27.0,0.0,1.0,1.0,3.0,2.0,0.0,0.0,0.0,56.0,56.0,0.645,0.6666666666666666,0.0224,0.0224,0.1525,0.6931818181818182,0.3068181818181818,0.425,1.0,1.0,0.5916666666666667,0.5823986194995686,0.0
20260629_152656_9d451bbc,20260629_152656_9d451bbc_g0021,21,1320745939,7,64,64,65,2,1,RED,pool_heuristic,0,3.0,[3],0,89,2,"{""1"": 89, ""2"": 69, ""3"": 118, ""4"": 86}",False,32.0,-17.0,1.0,62.0,29.0,0.0725,10.0,5.0,11.5,0.0,7.0,4.5,0.0,0.0,40.0,43.5,17.0,4.0,13.0,0.0,1.0,1.0,2.0,0.0,0.0,0.0,0.0,64.0,65.0,0.7025,0.8095238095238095,0.026,0.0256,0.1875,0.8522727272727273,0.14772727272727273,0.8,1.0,0.8,0.4083333333333333,0.5136842105263157,0.0
20260629_152656_9d451bbc,20260629_152656_9d451bbc_g0021,21,1320745939,7,64,64,65,2,2,BLUE,pool_l45_100ms,1,3.0,[3],0,69,4,"{""1"": 89, ""2"": 69, ""3"": 118, ""4"": 86}",False,5.0,-71.0,4.0,32.0,29.0,0.0725,0.0,0.0,0.0,0.0,0.0,0.0,0.0,0.0,50.0,5.0,15.0,6.0,24.0,0.0,0.0,1.0,4.0,1.0,0.0,0.0,0.0,64.0,65.0,0.7025,0.7142857142857143,0.026,0.0256,0.16,0.7272727272727273,0.2727272727272727,0.125,0.23333333333333334,1.0,0.6333333333333333,0.3766447368421053,0.0
20260629_152656_9d451bbc,20260629_152656_9d451bbc_g0021,21,1320745939,7,64,64,65,2,3,YELLOW,pool_peer_500ms,2,3.0,[3],1,118,1,"{""1"": 89, ""2"": 69, ""3"": 118, ""4"": 86}",False,31.0,-19.0,0.0,62.0,29.0,0.0725,40.0,27.5,39.0,19.0,11.0,9.0,0.0,0.0,10.0,70.0,16.0,5.0,13.0,1.0,1.0,2.0,1.0,0.0,0.0,0.0,0.0,64.0,65.0,0.7025,0.7619047619047619,0.026,0.0256,0.1875,0.8522727272727273,0.14772727272727273,0.775,0.6833333333333333,0.8,0.4166666666666667,0.5157894736842106,0.0
20260629_152656_9d451bbc,20260629_152656_9d451bbc_g0021,21,1320745939,7,64,64,65,2,4,GREEN,champ_v3,3,3.0,[3],0,86,3,"{""1"": 89, ""2"": 69, ""3"": 118, ""4"": 86}",False,13.0,-55.0,0.0,49.0,29.0,0.0725,0.0,0.0,0.0,0.0,0.0,0.0,0.0,0.0,50.0,13.0,16.0,5.0,21.0,0.0,0.0,1.0,2.0,2.0,0.0,0.0,0.0,64.0,65.0,0.7025,0.7619047619047619,0.026,0.0256,0.1675,0.7613636363636364,0.23863636363636365,0.325,0.75,1.0,0.5666666666666667,0.5577376276512176,0.0
20260629_152656_9d451bbc,20260629_152656_9d451bbc_g0022,22,622041069,0,8,8,8,1,1,RED,pool_l45_100ms,0,3.0,[3],0,86,4,"{""1"": 86, ""2"": 93, ""3"": 96, ""4"": 90}",False,6.0,-19.0,9.0,0.0,1.0,0.0025,388.0,90.5,366.25,6.0,10.0,28.5,113.0,208.75,1467.0,372.25,2.0,19.0,78.0,1.0,1.0,2.0,6.0,9.0,1.0,1.0,0.0,8.0,8.0,0.1,0.09523809523809523,0.0032,0.0032,0.025,0.11363636363636363,0.8863636363636364,0.15,1.0,1.0,0.20833333333333334,0.20526315789473681,0.0
20260629_152656_9d451bbc,20260629_152656_9d451bbc_g0022,22,622041069,0,8,8,8,1,2,BLUE,pool_peer_500ms,1,3.0,[3],0,93,2,"{""1"": 86, ""2"": 93, ""3"": 96, ""4"": 90}",False,9.0,-13.0,9.0,0.0,1.0,0.0025,543.0,122.625,488.75,9.0,15.0,41.25,153.5,270.0,1312.0,497.75,2.0,19.0,78.0,1.0,1.0,2.0,6.0,9.0,1.0,0.0,0.0,8.0,8.0,0.1,0.09523809523809523,0.0032,0.0032,0.025,0.11363636363636363,0.8863636363636364,0.225,1.0,1.0,0.18333333333333332,0.23684210526315785,0.0
20260629_152656_9d451bbc,20260629_152656_9d451bbc_g0022,22,622041069,0,8,8,8,1,3,YELLOW,champ_v3,2,3.0,[3],1,96,1,"{""1"": 86, ""2"": 93, ""3"": 96, ""4"": 90}",False,9.0,-13.0,9.0,0.0,1.0,0.0025,543.0,122.625,488.75,9.0,15.0,41.25,153.5,270.0,1312.0,497.75,2.0,19.0,78.0,1.0,1.0,2.0,6.0,9.0,1.0,0.0,0.0,8.0,8.0,0.1,0.09523809523809523,0.0032,0.0032,0.025,0.11363636363636363,0.8863636363636364,0.225,1.0,1.0,0.18333333333333332,0.23684210526315785,0.0
20260629_152656_9d451bbc,20260629_152656_9d451bbc_g0022,22,622041069,0,8,8,8,1,4,GREEN,pool_heuristic,3,3.0,[3],0,90,3,"{""1"": 86, ""2"": 93, ""3"": 96, ""4"": 90}",False,7.0,-17.0,9.0,0.0,1.0,0.0025,381.0,93.75,374.5,7.0,11.0,30.75,117.0,208.75,1474.0,381.5,2.0,19.0,78.0,1.0,1.0,2.0,6.0,9.0,1.0,1.0,1.0,8.0,8.0,0.1,0.09523809523809523,0.0032,0.0032,0.025,0.11363636363636363,0.8863636363636364,0.175,1.0,1.0,0.2,0.24736842105263157,0.0
20260629_152656_9d451bbc,20260629_152656_9d451bbc_g0022,22,622041069,1,16,16,16,1,1,RED,pool_l45_100ms,0,3.0,[3],0,86,4,"{""1"": 86, ""2"": 93, ""3"": 96, ""4"": 90}",False,10.0,-34.0,7.0,0.0,1.0,0.0025,398.0,97.5,360.5,10.0,17.0,39.0,142.0,152.5,1922.0,370.5,4.0,17.0,68.0,1.0,1.0,2.0,6.0,7.0,1.0,0.0,0.0,16.0,16.0,0.2,0.19047619047619047,0.0064,0.0064,0.05,0.22727272727272727,0.7727272727272727,0.25,1.0,1.0,0.36666666666666664,0.3236842105263158,0.0
20260629_152656_9d451bbc,20260629_152656_9d451bbc_g0022,22,622041069,1,16,16,16,1,2,BLUE,pool_peer_500ms,1,3.0,[3],0,93,2,"{""1"": 86, ""2"": 93, ""3"": 96, ""4"": 90}",False,16.0,-22.0,0.0,2.0,1.0,0.0025,653.0,165.125,636.125,14.0,23.0,63.0,228.0,308.125,1667.0,652.125,4.0,17.0,68.0,1.0,1.0,2.0,6.0,7.0,1.0,0.0,0.0,16.0,16.0,0.2,0.19047619047619047,0.0064,0.0064,0.05,0.22727272727272727,0.7727272727272727,0.4,1.0,1.0,0.31666666666666665,0.49473684210526314,0.0
20260629_152656_9d451bbc,20260629_152656_9d451bbc_g0022,22,622041069,1,16,16,16,1,3,YELLOW,champ_v3,2,3.0,[3],1,96,1,"{""1"": 86, ""2"": 93, ""3"": 96, ""4"": 90}",False,15.0,-24.0,1.0,2.0,1.0,0.0025,731.0,184.0,708.5,15.0,26.0,72.75,256.0,338.75,1589.0,723.5,4.0,17.0,68.0,1.0,1.0,2.0,6.0,7.0,1.0,0.0,0.0,16.0,16.0,0.2,0.19047619047619047,0.0064,0.0064,0.05,0.22727272727272727,0.7727272727272727,0.375,1.0,1.0,0.325,0.4894736842105264,0.0
20260629_152656_9d451bbc,20260629_152656_9d451bbc_g0022,22,622041069,1,16,16,16,1,4,GREEN,pool_heuristic,3,3.0,[3],0,90,3,"{""1"": 86, ""2"": 93, ""3"": 96, ""4"": 90}",False,13.0,-28.0,1.0,0.0,1.0,0.0025,538.0,143.125,545.25,13.0,21.0,55.5,199.5,256.25,1782.0,558.25,4.0,17.0,68.0,1.0,1.0,2.0,6.0,7.0,1.0,1.0,1.0,16.0,16.0,0.2,0.19047619047619047,0.0064,0.0064,0.05,0.22727272727272727,0.7727272727272727,0.325,1.0,1.0,0.3416666666666667,0.5,0.0
20260629_152656_9d451bbc,20260629_152656_9d451bbc_g0022,22,622041069,2,24,24,24,1,1,RED,pool_l45_100ms,0,3.0,[3],0,86,4,"{""1"": 86, ""2"": 93, ""3"": 96, ""4"": 90}",False,14.0,-42.0,6.0,4.0,8.0,0.02,126.0,42.375,122.125,11.0,13.0,20.25,51.0,26.875,1389.0,136.125,6.0,15.0,58.0,1.0,1.0,2.0,6.0,5.0,0.0,0.0,0.0,24.0,24.0,0.3,0.2857142857142857,0.0096,0.0096,0.075,0.3409090909090909,0.6590909090909091,0.35,1.0,1.0,0.4666666666666667,0.4017543859649123,0.0
20260629_152656_9d451bbc,20260629_152656_9d451bbc_g0022,22,622041069,2,24,24,24,1,2,BLUE,pool_peer_500ms,1,3.0,[3],0,93,2,"{""1"": 86, ""2"": 93, ""3"": 96, ""4"": 90}",False,18.0,-34.0,0.0,9.0,8.0,0.02,371.0,107.875,367.75,16.0,23.0,50.25,158.5,120.0,1144.0,385.75,6.0,15.0,58.0,1.0,1.0,2.0,6.0,5.0,1.0,0.0,0.0,24.0,24.0,0.3,0.2857142857142857,0.0096,0.0096,0.075,0.3409090909090909,0.6590909090909091,0.45,1.0,1.0,0.4333333333333333,0.5543859649122806,0.0
20260629_152656_9d451bbc,20260629_152656_9d451bbc_g0022,22,622041069,2,24,24,24,1,3,YELLOW,champ_v3,2,3.0,[3],1,96,1,"{""1"": 86, ""2"": 93, ""3"": 96, ""4"": 90}",False,18.0,-34.0,1.0,9.0,8.0,0.02,584.0,160.625,578.875,18.0,27.0,72.75,253.0,208.125,931.0,596.875,6.0,15.0,58.0,1.0,1.0,2.0,6.0,5.0,1.0,0.0,0.0,24.0,24.0,0.3,0.2857142857142857,0.0096,0.0096,0.075,0.3409090909090909,0.6590909090909091,0.45,1.0,1.0,0.4333333333333333,0.5912280701754387,0.0
20260629_152656_9d451bbc,20260629_152656_9d451bbc_g0022,22,622041069,2,24,24,24,1,4,GREEN,pool_heuristic,3,3.0,[3],0,90,3,"{""1"": 86, ""2"": 93, ""3"": 96, ""4"": 90}",False,20.0,-30.0,1.0,7.0,8.0,0.02,434.0,128.625,447.25,17.0,25.0,61.5,197.5,146.25,1081.0,467.25,6.0,15.0,58.0,1.0,1.0,2.0,6.0,5.0,1.0,0.0,1.0,24.0,24.0,0.3,0.2857142857142857,0.0096,0.0096,0.075,0.3409090909090909,0.6590909090909091,0.5,1.0,1.0,0.4166666666666667,0.5333333333333333,0.0
20260629_152656_9d451bbc,20260629_152656_9d451bbc_g0022,22,622041069,3,32,32,32,1,1,RED,pool_l45_100ms,0,3.0,[3],0,86,4,"{""1"": 86, ""2"": 93, ""3"": 96, ""4"": 90}",False,15.0,-49.0,3.0,7.0,15.0,0.0375,113.0,40.5,108.25,12.0,14.0,20.25,47.0,15.0,778.0,123.25,8.0,13.0,48.0,1.0,1.0,2.0,6.0,3.0,0.0,0.0,0.0,32.0,32.0,0.3975,0.38095238095238093,0.0128,0.0128,0.1,0.45454545454545453,0.5454545454545454,0.375,1.0,1.0,0.5333333333333333,0.4368421052631579,0.0
20260629_152656_9d451bbc,20260629_152656_9d451bbc_g0022,22,622041069,3,32,32,32,1,2,BLUE,pool_peer_500ms,1,3.0,[3],0,93,2,"{""1"": 86, ""2"": 93, ""3"": 96, ""4"": 90}",False,22.0,-35.0,0.0,16.0,15.0,0.0375,277.0,86.0,269.25,17.0,23.0,47.25,107.0,75.0,614.0,291.25,8.0,13.0,49.0,1.0,1.0,2.0,5.0,4.0,0.0,0.0,0.0,32.0,32.0,0.3975,0.38095238095238093,0.0128,0.0128,0.0975,0.4431818181818182,0.5568181818181818,0.55,1.0,1.0,0.475,0.5762483130904184,0.0
20260629_152656_9d451bbc,20260629_152656_9d451bbc_g0022,22,622041069,3,32,32,32,1,3,YELLOW,champ_v3,2,3.0,[3],1,96,1,"{""1"": 86, ""2"": 93, ""3"": 96, ""4"": 90}",False,21.0,-37.0,1.0,20.0,15.0,0.0375,295.0,95.625,300.75,18.0,22.0,50.25,155.5,55.0,596.0,321.75,8.0,13.0,48.0,1.0,1.0,2.0,6.0,3.0,0.0,0.0,0.0,32.0,32.0,0.3975,0.38095238095238093,0.0128,0.0128,0.1,0.45454545454545453,0.5454545454545454,0.525,1.0,1.0,0.4833333333333333,0.6052631578947368,0.0
20260629_152656_9d451bbc,20260629_152656_9d451bbc_g0022,22,622041069,3,32,32,32,1,4,GREEN,pool_heuristic,3,3.0,[3],0,90,3,"{""1"": 86, ""2"": 93, ""3"": 96, ""4"": 90}",False,21.0,-37.0,1.0,11.0,15.0,0.0375,206.0,68.5,206.125,15.0,18.0,36.0,101.5,35.625,685.0,227.125,8.0,13.0,48.0,1.0,1.0,2.0,6.0,3.0,1.0,0.0,0.0,32.0,32.0,0.3975,0.38095238095238093,0.0128,0.0128,0.1,0.45454545454545453,0.5454545454545454,0.525,1.0,1.0,0.4833333333333333,0.5092105263157896,0.0
20260629_152656_9d451bbc,20260629_152656_9d451bbc_g0022,22,622041069,4,40,40,40,1,1,RED,pool_l45_100ms,0,3.0,[3],0,86,4,"{""1"": 86, ""2"": 93, ""3"": 96, ""4"": 90}",False,14.0,-54.0,3.0,10.0,20.0,0.05,96.0,36.5,95.5,11.0,12.0,19.5,48.0,5.0,265.0,109.5,10.0,11.0,38.0,1.0,1.0,2.0,6.0,1.0,0.0,0.0,0.0,40.0,40.0,0.495,0.47619047619047616,0.016,0.016,0.125,0.5681818181818182,0.4318181818181818,0.35,1.0,1.0,0.5666666666666667,0.4378947368421052,0.0
20260629_152656_9d451bbc,20260629_152656_9d451bbc_g0022,22,622041069,4,40,40,40,1,2,BLUE,pool_peer_500ms,1,3.0,[3],0,93,2,"{""1"": 86, ""2"": 93, ""3"": 96, ""4"": 90}",False,25.0,-32.0,0.0,28.0,20.0,0.05,102.0,46.125,113.25,16.0,17.0,27.0,39.5,13.75,259.0,138.25,10.0,11.0,39.0,1.0,1.0,2.0,5.0,2.0,0.0,0.0,0.0,40.0,40.0,0.495,0.47619047619047616,0.016,0.016,0.1225,0.5568181818181818,0.4431818181818182,0.625,1.0,1.0,0.475,0.5499462943071964,0.0
20260629_152656_9d451bbc,20260629_152656_9d451bbc_g0022,22,622041069,4,40,40,40,1,3,YELLOW,champ_v3,2,3.0,[3],1,96,1,"{""1"": 86, ""2"": 93, ""3"": 96, ""4"": 90}",False,21.0,-40.0,0.0,33.0,20.0,0.05,66.0,28.75,67.0,11.0,10.0,16.5,27.0,2.5,295.0,88.0,10.0,11.0,39.0,1.0,1.0,2.0,5.0,2.0,0.0,0.0,0.0,40.0,40.0,0.495,0.47619047619047616,0.016,0.016,0.1225,0.5568181818181818,0.4431818181818182,0.525,1.0,1.0,0.5083333333333333,0.6208378088077336,0.0
20260629_152656_9d451bbc,20260629_152656_9d451bbc_g0022,22,622041069,4,40,40,40,1,4,GREEN,pool_heuristic,3,3.0,[3],0,90,3,"{""1"": 86, ""2"": 93, ""3"": 96, ""4"": 90}",False,22.0,-38.0,1.0,15.0,20.0,0.05,97.0,45.0,105.75,17.0,16.0,24.0,45.0,3.75,264.0,127.75,10.0,11.0,38.0,1.0,1.0,2.0,6.0,1.0,1.0,0.0,0.0,40.0,40.0,0.495,0.47619047619047616,0.016,0.016,0.125,0.5681818181818182,0.4318181818181818,0.55,1.0,1.0,0.5,0.5115789473684211,0.0
20260629_152656_9d451bbc,20260629_152656_9d451bbc_g0022,22,622041069,5,48,48,48,1,1,RED,pool_l45_100ms,0,3.0,[3],0,86,4,"{""1"": 86, ""2"": 93, ""3"": 96, ""4"": 90}",False,18.0,-46.0,3.0,26.0,20.0,0.05,74.0,35.25,77.25,15.0,13.0,17.25,32.0,0.0,109.0,95.25,12.0,9.0,29.0,1.0,1.0,2.0,5.0,0.0,0.0,0.0,0.0,48.0,48.0,0.5825,0.5714285714285714,0.0192,0.0192,0.1475,0.6704545454545454,0.32954545454545453,0.45,0.8833333333333333,0.8,0.5333333333333333,0.431757359500446,0.0
20260629_152656_9d451bbc,20260629_152656_9d451bbc_g0022,22,622041069,5,48,48,48,1,2,BLUE,pool_peer_500ms,1,3.0,[3],0,93,2,"{""1"": 86, ""2"": 93, ""3"": 96, ""4"": 90}",False,21.0,-40.0,0.0,42.0,20.0,0.05,53.0,29.25,57.25,15.0,11.0,12.75,16.0,2.5,130.0,78.25,12.0,9.0,30.0,1.0,1.0,2.0,4.0,1.0,0.0,0.0,0.0,48.0,48.0,0.5825,0.5714285714285714,0.0192,0.0192,0.145,0.6590909090909091,0.3409090909090909,0.525,0.7166666666666667,1.0,0.5083333333333333,0.5571687840290381,0.0
20260629_152656_9d451bbc,20260629_152656_9d451bbc_g0022,22,622041069,5,48,48,48,1,3,YELLOW,champ_v3,2,3.0,[3],1,96,1,"{""1"": 86, ""2"": 93, ""3"": 96, ""4"": 90}",False,20.0,-42.0,0.0,42.0,20.0,0.05,27.0,17.25,30.25,10.0,6.0,8.25,6.0,0.0,156.0,50.25,12.0,9.0,30.0,1.0,1.0,2.0,4.0,1.0,0.0,0.0,0.0,48.0,48.0,0.5825,0.5714285714285714,0.0192,0.0192,0.145,0.6590909090909091,0.3409090909090909,0.5,1.0,1.0,0.5166666666666667,0.5970961887477314,0.0
20260629_152656_9d451bbc,20260629_152656_9d451bbc_g0022,22,622041069,5,48,48,48,1,4,GREEN,pool_heuristic,3,3.0,[3],0,90,3,"{""1"": 86, ""2"": 93, ""3"": 96, ""4"": 90}",False,23.0,-36.0,1.0,28.0,20.0,0.05,29.0,20.125,33.0,13.0,6.0,7.5,6.5,0.0,154.0,56.0,12.0,9.0,30.0,1.0,1.0,2.0,4.0,1.0,1.0,0.0,0.0,48.0,48.0,0.5825,0.5714285714285714,0.0192,0.0192,0.145,0.6590909090909091,0.3409090909090909,0.575,1.0,1.0,0.4916666666666667,0.5036297640653358,0.0
20260629_152656_9d451bbc,20260629_152656_9d451bbc_g0022,22,622041069,6,56,56,56,1,1,RED,pool_l45_100ms,0,3.0,[3],0,86,4,"{""1"": 86, ""2"": 93, ""3"": 96, ""4"": 90}",False,18.0,-46.0,3.0,40.0,25.0,0.0625,41.0,23.5,47.5,11.0,9.0,13.5,14.0,0.0,67.0,65.5,14.0,7.0,21.0,1.0,1.0,2.0,3.0,0.0,0.0,0.0,0.0,56.0,56.0,0.6575,0.6666666666666666,0.0224,0.0224,0.1675,0.7613636363636364,0.23863636363636365,0.45,0.9,0.8,0.5333333333333333,0.4069128043990574,0.0
20260629_152656_9d451bbc,20260629_152656_9d451bbc_g0022,22,622041069,6,56,56,56,1,2,BLUE,pool_peer_500ms,1,3.0,[3],0,93,2,"{""1"": 86, ""2"": 93, ""3"": 96, ""4"": 90}",False,18.0,-46.0,0.0,47.0,25.0,0.0625,27.0,17.75,29.0,12.0,4.0,6.0,7.0,0.0,81.0,47.0,14.0,7.0,21.0,1.0,1.0,2.0,3.0,0.0,0.0,0.0,0.0,56.0,56.0,0.6575,0.6666666666666666,0.0224,0.0224,0.1675,0.7613636363636364,0.23863636363636365,0.45,0.7666666666666667,0.8,0.5333333333333333,0.5420267085624508,0.0
20260629_152656_9d451bbc,20260629_152656_9d451bbc_g0022,22,622041069,6,56,56,56,1,3,YELLOW,champ_v3,2,3.0,[3],1,96,1,"{""1"": 86, ""2"": 93, ""3"": 96, ""4"": 90}",False,22.0,-38.0,0.0,49.0,25.0,0.0625,18.0,7.5,19.0,0.0,8.0,9.0,2.0,0.0,90.0,41.0,14.0,7.0,25.0,0.0,1.0,2.0,3.0,1.0,0.0,0.0,0.0,56.0,56.0,0.6575,0.6666666666666666,0.0224,0.0224,0.1575,0.7159090909090909,0.2840909090909091,0.55,0.9833333333333333,1.0,0.5,0.5998329156223894,0.0
20260629_152656_9d451bbc,20260629_152656_9d451bbc_g0022,22,622041069,6,56,56,56,1,4,GREEN,pool_heuristic,3,3.0,[3],0,90,3,"{""1"": 86, ""2"": 93, ""3"": 96, ""4"": 90}",False,24.0,-34.0,1.0,43.0,25.0,0.0625,22.0,15.75,23.0,11.0,5.0,6.0,1.0,0.0,86.0,47.0,14.0,7.0,22.0,1.0,1.0,2.0,2.0,1.0,1.0,0.0,0.0,56.0,56.0,0.6575,0.6666666666666666,0.0224,0.0224,0.165,0.75,0.25,0.6,1.0,1.0,0.4833333333333333,0.4712918660287082,0.0
20260629_152656_9d451bbc,20260629_152656_9d451bbc_g0022,22,622041069,7,64,64,64,1,1,RED,pool_l45_100ms,0,3.0,[3],0,86,4,"{""1"": 86, ""2"": 93, ""3"": 96, ""4"": 90}",False,18.0,-45.0,3.0,49.0,33.0,0.0825,13.0,9.75,13.75,7.0,3.0,3.75,0.0,0.0,38.0,31.75,16.0,5.0,13.0,1.0,1.0,2.0,1.0,0.0,0.0,0.0,0.0,64.0,64.0,0.7225,0.7619047619047619,0.0256,0.0256,0.1875,0.8522727272727273,0.14772727272727273,0.45,0.4166666666666667,0.8,0.525,0.41052631578947374,0.0
20260629_152656_9d451bbc,20260629_152656_9d451bbc_g0022,22,622041069,7,64,64,64,1,2,BLUE,pool_peer_500ms,1,3.0,[3],0,93,2,"{""1"": 86, ""2"": 93, ""3"": 96, ""4"": 90}",False,18.0,-45.0,0.0,55.0,33.0,0.0825,16.0,13.5,15.5,12.0,2.0,1.5,0.0,0.0,35.0,33.5,16.0,5.0,14.0,1.0,1.0,1.0,2.0,0.0,0.0,0.0,0.0,64.0,64.0,0.7225,0.7619047619047619,0.0256,0.0256,0.185,0.8409090909090909,0.1590909090909091,0.45,0.6,0.8,0.525,0.5320056899004268,0.0
20260629_152656_9d451bbc,20260629_152656_9d451bbc_g0022,22,622041069,7,64,64,64,1,3,YELLOW,champ_v3,2,3.0,[3],1,96,1,"{""1"": 86, ""2"": 93, ""3"": 96, ""4"": 90}",False,21.0,-39.0,0.0,57.0,33.0,0.0825,8.0,3.5,12.5,0.0,0.0,4.5,8.0,0.0,43.0,33.5,16.0,5.0,20.0,0.0,0.0,1.0,3.0,1.0,0.0,0.0,0.0,64.0,64.0,0.7225,0.7619047619047619,0.0256,0.0256,0.17,0.7727272727272727,0.22727272727272727,0.525,0.6666666666666666,1.0,0.5,0.5913312693498451,0.0
20260629_152656_9d451bbc,20260629_152656_9d451bbc_g0022,22,622041069,7,64,64,64,1,4,GREEN,pool_heuristic,3,3.0,[3],0,90,3,"{""1"": 86, ""2"": 93, ""3"": 96, ""4"": 90}",False,24.0,-33.0,1.0,59.0,33.0,0.0825,14.0,11.25,14.0,9.0,4.0,0.0,1.0,0.0,37.0,38.0,16.0,5.0,16.0,1.0,1.0,0.0,2.0,1.0,1.0,0.0,0.0,64.0,64.0,0.7225,0.7619047619047619,0.0256,0.0256,0.18,0.8181818181818182,0.18181818181818182,0.6,0.6666666666666666,1.0,0.475,0.4714912280701755,0.0
20260629_152656_9d451bbc,20260629_152656_9d451bbc_g0023,23,70966811,0,8,8,8,1,1,RED,pool_peer_500ms,0,2.0,[2],0,96,2,"{""1"": 96, ""2"": 124, ""3"": 72, ""4"": 71}",False,9.0,-14.0,9.0,0.0,0.0,0.0,543.0,122.625,488.75,9.0,15.0,41.25,153.5,270.0,1494.0,497.75,2.0,19.0,78.0,1.0,1.0,2.0,6.0,9.0,1.0,0.0,0.0,8.0,8.0,0.1,0.09523809523809523,0.0032,0.0032,0.025,0.11363636363636363,0.8863636363636364,0.225,1.0,1.0,0.19166666666666668,0.23684210526315785,0.0
20260629_152656_9d451bbc,20260629_152656_9d451bbc_g0023,23,70966811,0,8,8,8,1,2,BLUE,champ_v3,1,2.0,[2],1,124,1,"{""1"": 96, ""2"": 124, ""3"": 72, ""4"": 71}",False,9.0,-14.0,9.0,0.0,0.0,0.0,543.0,122.625,488.75,9.0,15.0,41.25,153.5,270.0,1494.0,497.75,2.0,19.0,78.0,1.0,1.0,2.0,6.0,9.0,1.0,0.0,0.0,8.0,8.0,0.1,0.09523809523809523,0.0032,0.0032,0.025,0.11363636363636363,0.8863636363636364,0.225,1.0,1.0,0.19166666666666668,0.23684210526315785,0.0
20260629_152656_9d451bbc,20260629_152656_9d451bbc_g0023,23,70966811,0,8,8,8,1,3,YELLOW,pool_heuristic,2,2.0,[2],0,72,3,"{""1"": 96, ""2"": 124, ""3"": 72, ""4"": 71}",False,7.0,-18.0,8.0,0.0,0.0,0.0,507.0,121.5,495.875,7.0,13.0,38.25,154.5,283.125,1530.0,502.875,2.0,19.0,78.0,1.0,1.0,2.0,6.0,9.0,1.0,0.0,1.0,8.0,8.0,0.1,0.09523809523809523,0.0032,0.0032,0.025,0.11363636363636363,0.8863636363636364,0.175,1.0,1.0,0.20833333333333334,0.26315789473684215,0.0
20260629_152656_9d451bbc,20260629_152656_9d451bbc_g0023,23,70966811,0,8,8,8,1,4,GREEN,pool_l45_100ms,3,2.0,[2],0,71,4,"{""1"": 96, ""2"": 124, ""3"": 72, ""4"": 71}",False,7.0,-18.0,9.0,0.0,0.0,0.0,444.0,103.25,415.125,7.0,12.0,33.75,130.5,231.875,1593.0,422.125,2.0,19.0,78.0,1.0,1.0,2.0,6.0,9.0,1.0,1.0,0.0,8.0,8.0,0.1,0.09523809523809523,0.0032,0.0032,0.025,0.11363636363636363,0.8863636363636364,0.175,1.0,1.0,0.20833333333333334,0.20526315789473681,0.0
20260629_152656_9d451bbc,20260629_152656_9d451bbc_g0023,23,70966811,1,16,16,16,1,1,RED,pool_peer_500ms,0,2.0,[2],0,96,2,"{""1"": 96, ""2"": 124, ""3"": 72, ""4"": 71}",False,16.0,-21.0,0.0,2.0,4.0,0.01,689.0,172.125,666.875,14.0,23.0,64.5,241.0,324.375,1876.0,682.875,4.0,17.0,68.0,1.0,1.0,2.0,6.0,7.0,1.0,0.0,0.0,16.0,16.0,0.2,0.19047619047619047,0.0064,0.0064,0.05,0.22727272727272727,0.7727272727272727,0.4,1.0,1.0,0.30833333333333335,0.49473684210526314,0.0
20260629_152656_9d451bbc,20260629_152656_9d451bbc_g0023,23,70966811,1,16,16,16,1,2,BLUE,champ_v3,1,2.0,[2],1,124,1,"{""1"": 96, ""2"": 124, ""3"": 72, ""4"": 71}",False,15.0,-23.0,1.0,2.0,4.0,0.01,812.0,201.25,782.375,15.0,27.0,77.25,287.5,375.625,1753.0,797.375,4.0,17.0,68.0,1.0,1.0,2.0,6.0,7.0,1.0,0.0,0.0,16.0,16.0,0.2,0.19047619047619047,0.0064,0.0064,0.05,0.22727272727272727,0.7727272727272727,0.375,1.0,1.0,0.31666666666666665,0.4894736842105264,0.0
20260629_152656_9d451bbc,20260629_152656_9d451bbc_g0023,23,70966811,1,16,16,16,1,3,YELLOW,pool_heuristic,2,2.0,[2],0,72,3,"{""1"": 96, ""2"": 124, ""3"": 72, ""4"": 71}",False,12.0,-29.0,5.0,0.0,4.0,0.01,588.0,156.75,612.25,12.0,20.0,58.5,218.0,303.75,1977.0,624.25,4.0,17.0,68.0,1.0,1.0,2.0,6.0,7.0,1.0,0.0,1.0,16.0,16.0,0.2,0.19047619047619047,0.0064,0.0064,0.05,0.22727272727272727,0.7727272727272727,0.3,1.0,1.0,0.3416666666666667,0.4236842105263158,0.0
20260629_152656_9d451bbc,20260629_152656_9d451bbc_g0023,23,70966811,1,16,16,16,1,4,GREEN,pool_l45_100ms,3,2.0,[2],0,71,4,"{""1"": 96, ""2"": 124, ""3"": 72, ""4"": 71}",False,10.0,-33.0,7.0,0.0,4.0,0.01,476.0,111.75,424.875,10.0,17.0,43.5,157.5,196.875,2089.0,434.875,4.0,17.0,68.0,1.0,1.0,2.0,6.0,7.0,1.0,0.0,0.0,16.0,16.0,0.2,0.19047619047619047,0.0064,0.0064,0.05,0.22727272727272727,0.7727272727272727,0.25,1.0,1.0,0.35833333333333334,0.3131578947368421,0.0
20260629_152656_9d451bbc,20260629_152656_9d451bbc_g0023,23,70966811,2,24,24,24,1,1,RED,pool_peer_500ms,0,2.0,[2],0,96,2,"{""1"": 96, ""2"": 124, ""3"": 72, ""4"": 71}",False,20.0,-28.0,0.0,14.0,8.0,0.02,538.0,147.0,536.75,17.0,26.0,66.0,189.0,238.75,1090.0,556.75,6.0,15.0,59.0,1.0,1.0,2.0,5.0,6.0,1.0,0.0,0.0,24.0,24.0,0.2975,0.2857142857142857,0.0096,0.0096,0.0725,0.32954545454545453,0.6704545454545454,0.5,1.0,1.0,0.4,0.5843920145190562,0.0
20260629_152656_9d451bbc,20260629_152656_9d451bbc_g0023,23,70966811,2,24,24,24,1,2,BLUE,champ_v3,1,2.0,[2],1,124,1,"{""1"": 96, ""2"": 124, ""3"": 72, ""4"": 71}",False,19.0,-30.0,0.0,12.0,8.0,0.02,538.0,146.5,533.125,16.0,24.0,64.5,225.5,203.125,1090.0,552.125,6.0,15.0,58.0,1.0,1.0,2.0,6.0,5.0,1.0,0.0,0.0,24.0,24.0,0.2975,0.2857142857142857,0.0096,0.0096,0.075,0.3409090909090909,0.6590909090909091,0.475,1.0,1.0,0.4083333333333333,0.6052631578947368,0.0
20260629_152656_9d451bbc,20260629_152656_9d451bbc_g0023,23,70966811,2,24,24,24,1,3,YELLOW,pool_heuristic,2,2.0,[2],0,72,3,"{""1"": 96, ""2"": 124, ""3"": 72, ""4"": 71}",False,18.0,-32.0,4.0,0.0,8.0,0.02,292.0,100.75,342.25,16.0,19.0,48.0,148.0,111.25,1336.0,360.25,6.0,15.0,58.0,1.0,1.0,2.0,6.0,5.0,1.0,0.0,1.0,24.0,24.0,0.2975,0.2857142857142857,0.0096,0.0096,0.075,0.3409090909090909,0.6590909090909091,0.45,1.0,1.0,0.4166666666666667,0.5035087719298246,0.0
20260629_152656_9d451bbc,20260629_152656_9d451bbc_g0023,23,70966811,2,24,24,24,1,4,GREEN,pool_l45_100ms,3,2.0,[2],0,71,4,"{""1"": 96, ""2"": 124, ""3"": 72, ""4"": 71}",False,11.0,-46.0,3.0,0.0,8.0,0.02,260.0,67.625,227.125,11.0,14.0,30.75,102.0,69.375,1368.0,238.125,6.0,15.0,58.0,1.0,1.0,2.0,6.0,5.0,0.0,0.0,0.0,24.0,24.0,0.2975,0.2857142857142857,0.0096,0.0096,0.075,0.3409090909090909,0.6590909090909091,0.275,1.0,1.0,0.475,0.4175438596491228,0.0
20260629_152656_9d451bbc,20260629_152656_9d451bbc_g0023,23,70966811,3,32,32,32,1,1,RED,pool_peer_500ms,0,2.0,[2],0,96,2,"{""1"": 96, ""2"": 124, ""3"": 72, ""4"": 71}",False,21.0,-33.0,0.0,22.0,5.0,0.0125,308.0,89.5,298.5,15.0,20.0,43.5,120.0,100.0,545.0,319.5,8.0,13.0,49.0,1.0,1.0,2.0,5.0,4.0,0.0,0.0,0.0,32.0,32.0,0.395,0.38095238095238093,0.0128,0.0128,0.0975,0.4431818181818182,0.5568181818181818,0.525,1.0,1.0,0.45,0.6221322537112011,0.0
20260629_152656_9d451bbc,20260629_152656_9d451bbc_g0023,23,70966811,3,32,32,32,1,2,BLUE,champ_v3,1,2.0,[2],1,124,1,"{""1"": 96, ""2"": 124, ""3"": 72, ""4"": 71}",False,20.0,-35.0,0.0,25.0,5.0,0.0125,330.0,95.125,322.5,15.0,19.0,48.0,130.5,110.0,523.0,342.5,8.0,13.0,49.0,1.0,1.0,2.0,5.0,4.0,1.0,0.0,0.0,32.0,32.0,0.395,0.38095238095238093,0.0128,0.0128,0.0975,0.4431818181818182,0.5568181818181818,0.5,1.0,1.0,0.4583333333333333,0.6261808367071525,0.0
20260629_152656_9d451bbc,20260629_152656_9d451bbc_g0023,23,70966811,3,32,32,32,1,3,YELLOW,pool_heuristic,2,2.0,[2],0,72,3,"{""1"": 96, ""2"": 124, ""3"": 72, ""4"": 71}",False,22.0,-31.0,4.0,9.0,5.0,0.0125,170.0,63.0,178.75,18.0,15.0,31.5,83.0,31.25,683.0,200.75,8.0,13.0,48.0,1.0,1.0,2.0,6.0,3.0,0.0,0.0,0.0,32.0,32.0,0.395,0.38095238095238093,0.0128,0.0128,0.1,0.45454545454545453,0.5454545454545454,0.55,1.0,1.0,0.4416666666666667,0.4855263157894737,0.0
20260629_152656_9d451bbc,20260629_152656_9d451bbc_g0023,23,70966811,3,32,32,32,1,4,GREEN,pool_l45_100ms,3,2.0,[2],0,71,4,"{""1"": 96, ""2"": 124, ""3"": 72, ""4"": 71}",False,12.0,-51.0,3.0,7.0,5.0,0.0125,45.0,21.25,42.625,11.0,8.0,6.75,12.5,4.375,808.0,54.625,8.0,13.0,48.0,1.0,1.0,2.0,6.0,3.0,0.0,0.0,0.0,32.0,32.0,0.395,0.38095238095238093,0.0128,0.0128,0.1,0.45454545454545453,0.5454545454545454,0.3,1.0,1.0,0.525,0.4421052631578948,0.0
20260629_152656_9d451bbc,20260629_152656_9d451bbc_g0023,23,70966811,4,40,40,40,1,1,RED,pool_peer_500ms,0,2.0,[2],0,96,2,"{""1"": 96, ""2"": 124, ""3"": 72, ""4"": 71}",False,23.0,-33.0,0.0,24.0,20.0,0.05,231.0,76.875,229.375,17.0,22.0,45.0,96.0,49.375,212.0,252.375,10.0,11.0,40.0,1.0,1.0,2.0,4.0,3.0,0.0,0.0,0.0,40.0,40.0,0.485,0.47619047619047616,0.016,0.016,0.12,0.5454545454545454,0.45454545454545453,0.575,1.0,1.0,0.4666666666666667,0.611842105263158,0.0
20260629_152656_9d451bbc,20260629_152656_9d451bbc_g0023,23,70966811,4,40,40,40,1,2,BLUE,champ_v3,1,2.0,[2],1,124,1,"{""1"": 96, ""2"": 124, ""3"": 72, ""4"": 71}",False,25.0,-29.0,0.0,35.0,20.0,0.05,132.0,53.5,143.875,16.0,18.0,31.5,46.5,31.875,311.0,168.875,10.0,11.0,40.0,1.0,1.0,2.0,4.0,3.0,1.0,0.0,0.0,40.0,40.0,0.485,0.47619047619047616,0.016,0.016,0.12,0.5454545454545454,0.45454545454545453,0.625,1.0,1.0,0.45,0.6173245614035088,0.0
20260629_152656_9d451bbc,20260629_152656_9d451bbc_g0023,23,70966811,4,40,40,40,1,3,YELLOW,pool_heuristic,2,2.0,[2],0,72,3,"{""1"": 96, ""2"": 124, ""3"": 72, ""4"": 71}",False,21.0,-37.0,4.0,14.0,20.0,0.05,47.0,26.875,53.0,15.0,7.0,10.5,15.5,5.0,396.0,74.0,10.0,11.0,39.0,1.0,1.0,2.0,5.0,2.0,0.0,0.0,0.0,40.0,40.0,0.485,0.47619047619047616,0.016,0.016,0.1225,0.5568181818181818,0.4431818181818182,0.525,1.0,1.0,0.4833333333333333,0.4586466165413533,0.0
20260629_152656_9d451bbc,20260629_152656_9d451bbc_g0023,23,70966811,4,40,40,40,1,4,GREEN,pool_l45_100ms,3,2.0,[2],0,71,4,"{""1"": 96, ""2"": 124, ""3"": 72, ""4"": 71}",False,10.0,-59.0,3.0,16.0,20.0,0.05,33.0,17.75,35.25,9.0,7.0,6.75,10.0,2.5,410.0,45.25,10.0,11.0,39.0,1.0,1.0,2.0,5.0,2.0,0.0,0.0,0.0,40.0,40.0,0.485,0.47619047619047616,0.016,0.016,0.1225,0.5568181818181818,0.4431818181818182,0.25,0.85,1.0,0.575,0.43394199785177223,0.0
20260629_152656_9d451bbc,20260629_152656_9d451bbc_g0023,23,70966811,5,48,48,48,1,1,RED,pool_peer_500ms,0,2.0,[2],0,96,2,"{""1"": 96, ""2"": 124, ""3"": 72, ""4"": 71}",False,27.0,-24.0,0.0,33.0,33.0,0.0825,152.0,67.0,192.25,19.0,22.0,22.5,75.0,53.75,67.0,219.25,12.0,9.0,33.0,1.0,1.0,1.0,3.0,3.0,0.0,0.0,0.0,48.0,48.0,0.5675,0.5714285714285714,0.0192,0.0192,0.1375,0.625,0.375,0.675,1.0,1.0,0.425,0.5866028708133971,0.0
20260629_152656_9d451bbc,20260629_152656_9d451bbc_g0023,23,70966811,5,48,48,48,1,2,BLUE,champ_v3,1,2.0,[2],1,124,1,"{""1"": 96, ""2"": 124, ""3"": 72, ""4"": 71}",False,22.0,-34.0,0.0,48.0,33.0,0.0825,38.0,20.375,38.125,11.0,7.0,10.5,9.0,0.625,181.0,60.125,12.0,9.0,30.0,1.0,1.0,2.0,4.0,1.0,0.0,0.0,0.0,48.0,48.0,0.5675,0.5714285714285714,0.0192,0.0192,0.145,0.6590909090909091,0.3409090909090909,0.55,1.0,1.0,0.4666666666666667,0.6125226860254084,0.0
20260629_152656_9d451bbc,20260629_152656_9d451bbc_g0023,23,70966811,5,48,48,48,1,3,YELLOW,pool_heuristic,2,2.0,[2],0,72,3,"{""1"": 96, ""2"": 124, ""3"": 72, ""4"": 71}",False,20.0,-38.0,4.0,22.0,33.0,0.0825,19.0,15.5,19.25,13.0,3.0,2.25,1.0,0.0,200.0,39.25,12.0,9.0,31.0,1.0,1.0,2.0,3.0,2.0,0.0,0.0,0.0,48.0,48.0,0.5675,0.5714285714285714,0.0192,0.0192,0.1425,0.6477272727272727,0.3522727272727273,0.5,0.8333333333333334,1.0,0.4833333333333333,0.4404432132963989,0.0
20260629_152656_9d451bbc,20260629_152656_9d451bbc_g0023,23,70966811,5,48,48,48,1,4,GREEN,pool_l45_100ms,3,2.0,[2],0,71,4,"{""1"": 96, ""2"": 124, ""3"": 72, ""4"": 71}",False,9.0,-60.0,3.0,23.0,33.0,0.0825,10.0,7.75,9.75,6.0,3.0,0.75,0.0,0.0,209.0,18.75,12.0,9.0,31.0,1.0,1.0,2.0,3.0,2.0,0.0,0.0,0.0,48.0,48.0,0.5675,0.5714285714285714,0.0192,0.0192,0.1425,0.6477272727272727,0.3522727272727273,0.225,0.45,1.0,0.575,0.4404432132963989,0.0
20260629_152656_9d451bbc,20260629_152656_9d451bbc_g0023,23,70966811,6,56,56,56,1,1,RED,pool_peer_500ms,0,2.0,[2],0,96,2,"{""1"": 96, ""2"": 124, ""3"": 72, ""4"": 71}",False,28.0,-23.0,0.0,45.0,34.0,0.085,39.0,25.0,51.5,16.0,0.0,9.0,14.0,12.5,59.0,79.5,14.0,7.0,27.0,1.0,0.0,1.0,2.0,3.0,0.0,0.0,0.0,56.0,56.0,0.6425,0.6666666666666666,0.0224,0.0224,0.1525,0.6931818181818182,0.3068181818181818,0.7,0.9166666666666666,1.0,0.425,0.5953408110440035,0.0
20260629_152656_9d451bbc,20260629_152656_9d451bbc_g0023,23,70966811,6,56,56,56,1,2,BLUE,champ_v3,1,2.0,[2],1,124,1,"{""1"": 96, ""2"": 124, ""3"": 72, ""4"": 71}",False,23.0,-33.0,0.0,52.0,34.0,0.085,44.0,21.375,42.5,11.0,6.0,12.0,13.5,0.0,54.0,65.5,14.0,7.0,21.0,1.0,1.0,2.0,3.0,0.0,0.0,0.0,0.0,56.0,56.0,0.6425,0.6666666666666666,0.0224,0.0224,0.1675,0.7613636363636364,0.23863636363636365,0.575,1.0,0.8,0.4666666666666667,0.5813040062843676,0.0
20260629_152656_9d451bbc,20260629_152656_9d451bbc_g0023,23,70966811,6,56,56,56,1,3,YELLOW,pool_heuristic,2,2.0,[2],0,72,3,"{""1"": 96, ""2"": 124, ""3"": 72, ""4"": 71}",False,20.0,-39.0,4.0,31.0,34.0,0.085,12.0,11.0,12.0,10.0,2.0,0.0,0.0,0.0,86.0,32.0,14.0,7.0,24.0,1.0,1.0,1.0,2.0,2.0,0.0,0.0,0.0,56.0,56.0,0.6425,0.6666666666666666,0.0224,0.0224,0.16,0.7272727272727273,0.2727272727272727,0.5,0.7333333333333333,1.0,0.4916666666666667,0.415296052631579,0.0
20260629_152656_9d451bbc,20260629_152656_9d451bbc_g0023,23,70966811,6,56,56,56,1,4,GREEN,pool_l45_100ms,3,2.0,[2],0,71,4,"{""1"": 96, ""2"": 124, ""3"": 72, ""4"": 71}",False,8.0,-63.0,3.0,36.0,34.0,0.085,3.0,3.0,3.0,3.0,0.0,0.0,0.0,0.0,95.0,11.0,14.0,7.0,23.0,1.0,1.0,1.0,3.0,1.0,0.0,0.0,0.0,56.0,56.0,0.6425,0.6666666666666666,0.0224,0.0224,0.1625,0.7386363636363636,0.26136363636363635,0.2,0.18333333333333332,1.0,0.5916666666666667,0.4388663967611336,0.0
20260629_152656_9d451bbc,20260629_152656_9d451bbc_g0023,23,70966811,7,64,64,65,2,1,RED,pool_peer_500ms,0,2.0,[2],0,96,2,"{""1"": 96, ""2"": 124, ""3"": 72, ""4"": 71}",False,25.0,-24.0,0.0,54.0,42.0,0.105,16.0,15.0,17.0,14.0,0.0,3.0,0.0,0.0,18.0,42.0,17.0,4.0,13.0,1.0,0.0,1.0,1.0,1.0,0.0,0.0,0.0,64.0,65.0,0.7075,0.8095238095238095,0.026,0.0256,0.1875,0.8522727272727273,0.14772727272727273,0.625,0.6666666666666666,1.0,0.4083333333333333,0.5733333333333333,0.0
20260629_152656_9d451bbc,20260629_152656_9d451bbc_g0023,23,70966811,7,64,64,65,2,2,BLUE,champ_v3,1,2.0,[2],1,124,1,"{""1"": 96, ""2"": 124, ""3"": 72, ""4"": 71}",False,23.0,-28.0,0.0,60.0,42.0,0.105,18.0,11.75,18.25,8.0,3.0,5.25,2.0,0.0,16.0,41.25,16.0,5.0,13.0,1.0,1.0,2.0,1.0,0.0,0.0,0.0,0.0,64.0,65.0,0.7075,0.7619047619047619,0.026,0.0256,0.1875,0.8522727272727273,0.14772727272727273,0.575,0.8666666666666667,0.8,0.425,0.5529824561403509,0.0
20260629_152656_9d451bbc,20260629_152656_9d451bbc_g0023,23,70966811,7,64,64,65,2,3,YELLOW,pool_heuristic,2,2.0,[2],0,72,3,"{""1"": 96, ""2"": 124, ""3"": 72, ""4"": 71}",False,19.0,-36.0,4.0,42.0,42.0,0.105,0.0,0.0,0.0,0.0,0.0,0.0,0.0,0.0,34.0,19.0,16.0,5.0,21.0,0.0,0.0,1.0,2.0,2.0,0.0,0.0,0.0,64.0,65.0,0.7075,0.7619047619047619,0.026,0.0256,0.1675,0.7613636363636364,0.23863636363636365,0.475,0.5,1.0,0.4583333333333333,0.41162608012568735,0.0
20260629_152656_9d451bbc,20260629_152656_9d451bbc_g0023,23,70966811,7,64,64,65,2,4,GREEN,pool_l45_100ms,3,2.0,[2],0,71,4,"{""1"": 96, ""2"": 124, ""3"": 72, ""4"": 71}",False,7.0,-60.0,3.0,46.0,42.0,0.105,0.0,0.0,0.0,0.0,0.0,0.0,0.0,0.0,34.0,7.0,15.0,6.0,22.0,0.0,1.0,1.0,3.0,1.0,0.0,0.0,0.0,64.0,65.0,0.7075,0.7142857142857143,0.026,0.0256,0.165,0.75,0.25,0.175,0.18333333333333332,1.0,0.5583333333333333,0.4441786283891547,0.0
20260629_152656_9d451bbc,20260629_152656_9d451bbc_g0024,24,1807486222,0,8,8,8,1,1,RED,champ_v3,0,1.0,[1],1,118,1,"{""1"": 118, ""2"": 70, ""3"": 59, ""4"": 92}",False,9.0,-12.0,9.0,0.0,0.0,0.0,543.0,122.625,488.75,9.0,15.0,41.25,153.5,270.0,1197.0,497.75,2.0,19.0,78.0,1.0,1.0,2.0,6.0,9.0,1.0,0.0,0.0,8.0,8.0,0.1,0.09523809523809523,0.0032,0.0032,0.025,0.11363636363636363,0.8863636363636364,0.225,1.0,1.0,0.175,0.23684210526315785,0.0
20260629_152656_9d451bbc,20260629_152656_9d451bbc_g0024,24,1807486222,0,8,8,8,1,2,BLUE,pool_heuristic,1,1.0,[1],0,70,3,"{""1"": 118, ""2"": 70, ""3"": 59, ""4"": 92}",False,5.0,-20.0,9.0,0.0,0.0,0.0,290.0,70.625,284.0,5.0,8.0,22.5,88.5,160.0,1450.0,289.0,2.0,19.0,78.0,1.0,1.0,2.0,6.0,9.0,1.0,1.0,1.0,8.0,8.0,0.1,0.09523809523809523,0.0032,0.0032,0.025,0.11363636363636363,0.8863636363636364,0.125,1.0,1.0,0.20833333333333334,0.2315789473684211,0.0
20260629_152656_9d451bbc,20260629_152656_9d451bbc_g0024,24,1807486222,0,8,8,8,1,3,YELLOW,pool_l45_100ms,2,1.0,[1],0,59,4,"{""1"": 118, ""2"": 70, ""3"": 59, ""4"": 92}",False,7.0,-16.0,9.0,0.0,0.0,0.0,364.0,86.0,341.875,7.0,10.0,27.0,108.5,189.375,1376.0,348.875,2.0,19.0,78.0,1.0,1.0,2.0,6.0,9.0,1.0,1.0,0.0,8.0,8.0,0.1,0.09523809523809523,0.0032,0.0032,0.025,0.11363636363636363,0.8863636363636364,0.175,1.0,1.0,0.19166666666666668,0.17368421052631577,0.0
20260629_152656_9d451bbc,20260629_152656_9d451bbc_g0024,24,1807486222,0,8,8,8,1,4,GREEN,pool_peer_500ms,3,1.0,[1],0,92,2,"{""1"": 118, ""2"": 70, ""3"": 59, ""4"": 92}",False,9.0,-12.0,9.0,0.0,0.0,0.0,543.0,122.625,488.75,9.0,15.0,41.25,153.5,270.0,1197.0,497.75,2.0,19.0,78.0,1.0,1.0,2.0,6.0,9.0,1.0,0.0,0.0,8.0,8.0,0.1,0.09523809523809523,0.0032,0.0032,0.025,0.11363636363636363,0.8863636363636364,0.225,1.0,1.0,0.175,0.23684210526315785,0.0
20260629_152656_9d451bbc,20260629_152656_9d451bbc_g0024,24,1807486222,1,16,16,16,1,1,RED,champ_v3,0,1.0,[1],1,118,1,"{""1"": 118, ""2"": 70, ""3"": 59, ""4"": 92}",False,16.0,-23.0,0.0,2.0,0.0,0.0,752.0,188.125,726.25,15.0,26.0,72.0,269.5,343.75,1645.0,742.25,4.0,17.0,68.0,1.0,1.0,2.0,6.0,7.0,1.0,0.0,0.0,16.0,16.0,0.2,0.19047619047619047,0.0064,0.0064,0.05,0.22727272727272727,0.7727272727272727,0.4,1.0,1.0,0.325,0.49473684210526314,0.0
20260629_152656_9d451bbc,20260629_152656_9d451bbc_g0024,24,1807486222,1,16,16,16,1,2,BLUE,pool_heuristic,1,1.0,[1],0,70,3,"{""1"": 118, ""2"": 70, ""3"": 59, ""4"": 92}",False,12.0,-31.0,4.0,0.0,0.0,0.0,449.0,118.125,448.125,12.0,17.0,43.5,160.0,215.625,1948.0,460.125,4.0,17.0,68.0,1.0,1.0,2.0,6.0,7.0,1.0,1.0,1.0,16.0,16.0,0.2,0.19047619047619047,0.0064,0.0064,0.05,0.22727272727272727,0.7727272727272727,0.3,1.0,1.0,0.35833333333333334,0.4184210526315789,0.0
20260629_152656_9d451bbc,20260629_152656_9d451bbc_g0024,24,1807486222,1,16,16,16,1,3,YELLOW,pool_l45_100ms,2,1.0,[1],0,59,4,"{""1"": 118, ""2"": 70, ""3"": 59, ""4"": 92}",False,11.0,-33.0,5.0,0.0,0.0,0.0,407.0,98.875,369.5,11.0,15.0,36.0,137.5,170.0,1990.0,380.5,4.0,17.0,68.0,1.0,1.0,2.0,6.0,7.0,1.0,0.0,0.0,16.0,16.0,0.2,0.19047619047619047,0.0064,0.0064,0.05,0.22727272727272727,0.7727272727272727,0.275,1.0,1.0,0.36666666666666664,0.3526315789473684,0.0
20260629_152656_9d451bbc,20260629_152656_9d451bbc_g0024,24,1807486222,1,16,16,16,1,4,GREEN,pool_peer_500ms,3,1.0,[1],0,92,2,"{""1"": 118, ""2"": 70, ""3"": 59, ""4"": 92}",False,16.0,-23.0,0.0,2.0,0.0,0.0,789.0,198.0,764.25,16.0,27.0,76.5,281.0,363.75,1608.0,780.25,4.0,17.0,68.0,1.0,1.0,2.0,6.0,7.0,1.0,0.0,0.0,16.0,16.0,0.2,0.19047619047619047,0.0064,0.0064,0.05,0.22727272727272727,0.7727272727272727,0.4,1.0,1.0,0.325,0.49473684210526314,0.0
20260629_152656_9d451bbc,20260629_152656_9d451bbc_g0024,24,1807486222,2,24,24,24,1,1,RED,champ_v3,0,1.0,[1],1,118,1,"{""1"": 118, ""2"": 70, ""3"": 59, ""4"": 92}",False,19.0,-30.0,0.0,8.0,1.0,0.0025,303.0,89.5,296.625,16.0,19.0,40.5,125.5,95.625,940.0,315.625,6.0,15.0,58.0,1.0,1.0,2.0,6.0,5.0,1.0,0.0,0.0,24.0,24.0,0.3,0.2857142857142857,0.0096,0.0096,0.075,0.3409090909090909,0.6590909090909091,0.475,1.0,1.0,0.4083333333333333,0.5859649122807018,0.0
20260629_152656_9d451bbc,20260629_152656_9d451bbc_g0024,24,1807486222,2,24,24,24,1,2,BLUE,pool_heuristic,1,1.0,[1],0,70,3,"{""1"": 118, ""2"": 70, ""3"": 59, ""4"": 92}",False,16.0,-36.0,4.0,2.0,1.0,0.0025,220.0,72.0,234.375,15.0,15.0,30.0,92.5,81.875,1023.0,250.375,6.0,15.0,58.0,1.0,1.0,2.0,6.0,5.0,1.0,1.0,1.0,24.0,24.0,0.3,0.2857142857142857,0.0096,0.0096,0.075,0.3409090909090909,0.6590909090909091,0.4,1.0,1.0,0.4333333333333333,0.4842105263157894,0.0
20260629_152656_9d451bbc,20260629_152656_9d451bbc_g0024,24,1807486222,2,24,24,24,1,3,YELLOW,pool_l45_100ms,2,1.0,[1],0,59,4,"{""1"": 118, ""2"": 70, ""3"": 59, ""4"": 92}",False,12.0,-44.0,5.0,2.0,1.0,0.0025,155.0,44.5,140.25,11.0,9.0,17.25,53.0,50.0,1088.0,152.25,6.0,15.0,58.0,1.0,1.0,2.0,6.0,5.0,0.0,0.0,0.0,24.0,24.0,0.3,0.2857142857142857,0.0096,0.0096,0.075,0.3409090909090909,0.6590909090909091,0.3,1.0,1.0,0.4666666666666667,0.39473684210526316,0.0
20260629_152656_9d451bbc,20260629_152656_9d451bbc_g0024,24,1807486222,2,24,24,24,1,4,GREEN,pool_peer_500ms,3,1.0,[1],0,92,2,"{""1"": 118, ""2"": 70, ""3"": 59, ""4"": 92}",False,21.0,-26.0,0.0,9.0,1.0,0.0025,565.0,156.5,549.125,20.0,30.0,71.25,243.5,184.375,678.0,570.125,6.0,15.0,58.0,1.0,1.0,2.0,6.0,5.0,0.0,0.0,0.0,24.0,24.0,0.3,0.2857142857142857,0.0096,0.0096,0.075,0.3409090909090909,0.6590909090909091,0.525,1.0,1.0,0.39166666666666666,0.5631578947368421,0.0
20260629_152656_9d451bbc,20260629_152656_9d451bbc_g0024,24,1807486222,3,32,32,32,1,1,RED,champ_v3,0,1.0,[1],1,118,1,"{""1"": 118, ""2"": 70, ""3"": 59, ""4"": 92}",False,24.0,-31.0,0.0,23.0,9.0,0.0225,125.0,45.625,126.125,14.0,14.0,21.75,42.0,34.375,488.0,150.125,8.0,13.0,49.0,1.0,1.0,2.0,5.0,4.0,1.0,0.0,0.0,32.0,32.0,0.3975,0.38095238095238093,0.0128,0.0128,0.0975,0.4431818181818182,0.5568181818181818,0.6,1.0,1.0,0.4583333333333333,0.6099865047233468,0.0
20260629_152656_9d451bbc,20260629_152656_9d451bbc_g0024,24,1807486222,3,32,32,32,1,2,BLUE,pool_heuristic,1,1.0,[1],0,70,3,"{""1"": 118, ""2"": 70, ""3"": 59, ""4"": 92}",False,18.0,-43.0,2.0,7.0,9.0,0.0225,152.0,58.125,168.0,16.0,15.0,27.0,72.5,37.5,461.0,186.0,8.0,13.0,48.0,1.0,1.0,2.0,6.0,3.0,1.0,0.0,1.0,32.0,32.0,0.3975,0.38095238095238093,0.0128,0.0128,0.1,0.45454545454545453,0.5454545454545454,0.45,1.0,1.0,0.5083333333333333,0.5157894736842106,0.0
20260629_152656_9d451bbc,20260629_152656_9d451bbc_g0024,24,1807486222,3,32,32,32,1,3,YELLOW,pool_l45_100ms,2,1.0,[1],0,59,4,"{""1"": 118, ""2"": 70, ""3"": 59, ""4"": 92}",False,14.0,-51.0,5.0,10.0,9.0,0.0225,58.0,25.625,61.125,11.0,7.0,10.5,22.0,10.625,555.0,75.125,8.0,13.0,48.0,1.0,1.0,2.0,6.0,3.0,0.0,0.0,0.0,32.0,32.0,0.3975,0.38095238095238093,0.0128,0.0128,0.1,0.45454545454545453,0.5454545454545454,0.35,1.0,1.0,0.5416666666666667,0.42499999999999993,0.0
20260629_152656_9d451bbc,20260629_152656_9d451bbc_g0024,24,1807486222,3,32,32,32,1,4,GREEN,pool_peer_500ms,3,1.0,[1],0,92,2,"{""1"": 118, ""2"": 70, ""3"": 59, ""4"": 92}",False,23.0,-33.0,0.0,16.0,9.0,0.0225,278.0,91.75,277.375,20.0,23.0,48.0,139.5,46.875,335.0,300.375,8.0,13.0,48.0,1.0,1.0,2.0,6.0,3.0,0.0,0.0,0.0,32.0,32.0,0.3975,0.38095238095238093,0.0128,0.0128,0.1,0.45454545454545453,0.5454545454545454,0.575,1.0,1.0,0.4666666666666667,0.5855263157894737,0.0
20260629_152656_9d451bbc,20260629_152656_9d451bbc_g0024,24,1807486222,4,40,40,40,1,1,RED,champ_v3,0,1.0,[1],1,118,1,"{""1"": 118, ""2"": 70, ""3"": 59, ""4"": 92}",False,28.0,-28.0,0.0,28.0,21.0,0.0525,103.0,43.75,103.625,18.0,15.0,21.0,26.5,23.125,257.0,131.625,10.0,11.0,40.0,1.0,1.0,2.0,4.0,3.0,1.0,0.0,0.0,40.0,40.0,0.495,0.47619047619047616,0.016,0.016,0.12,0.5454545454545454,0.45454545454545453,0.7,1.0,1.0,0.4666666666666667,0.6052631578947368,0.0
20260629_152656_9d451bbc,20260629_152656_9d451bbc_g0024,24,1807486222,4,40,40,40,1,2,BLUE,pool_heuristic,1,1.0,[1],0,70,3,"{""1"": 118, ""2"": 70, ""3"": 59, ""4"": 92}",False,17.0,-50.0,2.0,18.0,21.0,0.0525,79.0,33.375,77.0,14.0,10.0,15.75,33.5,3.75,281.0,94.0,10.0,11.0,38.0,1.0,1.0,2.0,6.0,1.0,0.0,0.0,0.0,40.0,40.0,0.495,0.47619047619047616,0.016,0.016,0.125,0.5681818181818182,0.4318181818181818,0.425,1.0,1.0,0.5583333333333333,0.4831578947368421,0.0
20260629_152656_9d451bbc,20260629_152656_9d451bbc_g0024,24,1807486222,4,40,40,40,1,3,YELLOW,pool_l45_100ms,2,1.0,[1],0,59,4,"{""1"": 118, ""2"": 70, ""3"": 59, ""4"": 92}",False,14.0,-56.0,5.0,25.0,21.0,0.0525,13.0,11.5,13.5,10.0,2.0,1.5,0.0,0.0,347.0,27.5,10.0,11.0,38.0,1.0,1.0,2.0,6.0,1.0,0.0,0.0,0.0,40.0,40.0,0.495,0.47619047619047616,0.016,0.016,0.125,0.5681818181818182,0.4318181818181818,0.35,0.6,1.0,0.5833333333333333,0.41052631578947374,0.0
20260629_152656_9d451bbc,20260629_152656_9d451bbc_g0024,24,1807486222,4,40,40,40,1,4,GREEN,pool_peer_500ms,3,1.0,[1],0,92,2,"{""1"": 118, ""2"": 70, ""3"": 59, ""4"": 92}",False,25.0,-34.0,0.0,28.0,21.0,0.0525,165.0,63.625,167.25,20.0,18.0,30.75,93.5,5.0,195.0,192.25,10.0,11.0,38.0,1.0,1.0,2.0,6.0,1.0,0.0,0.0,0.0,40.0,40.0,0.495,0.47619047619047616,0.016,0.016,0.125,0.5681818181818182,0.4318181818181818,0.625,1.0,1.0,0.4916666666666667,0.5610526315789474,0.0
20260629_152656_9d451bbc,20260629_152656_9d451bbc_g0024,24,1807486222,5,48,48,48,1,1,RED,champ_v3,0,1.0,[1],1,118,1,"{""1"": 118, ""2"": 70, ""3"": 59, ""4"": 92}",False,29.0,-19.0,0.0,33.0,32.0,0.08,56.0,33.0,57.5,20.0,11.0,13.5,8.0,5.0,68.0,86.5,12.0,9.0,31.0,1.0,1.0,2.0,3.0,2.0,0.0,0.0,0.0,48.0,48.0,0.57,0.5714285714285714,0.0192,0.0192,0.1425,0.6477272727272727,0.3522727272727273,0.725,1.0,1.0,0.4,0.5872576177285318,0.0
20260629_152656_9d451bbc,20260629_152656_9d451bbc_g0024,24,1807486222,5,48,48,48,1,2,BLUE,pool_heuristic,1,1.0,[1],0,70,3,"{""1"": 118, ""2"": 70, ""3"": 59, ""4"": 92}",False,14.0,-49.0,2.0,18.0,32.0,0.08,23.0,15.75,22.25,11.0,6.0,5.25,0.0,0.0,101.0,36.25,12.0,9.0,29.0,1.0,1.0,2.0,5.0,0.0,0.0,0.0,0.0,48.0,48.0,0.57,0.5714285714285714,0.0192,0.0192,0.1475,0.6704545454545454,0.32954545454545453,0.35,0.9666666666666667,0.8,0.525,0.4772524531668153,0.0
20260629_152656_9d451bbc,20260629_152656_9d451bbc_g0024,24,1807486222,5,48,48,48,1,3,YELLOW,pool_l45_100ms,2,1.0,[1],0,59,4,"{""1"": 118, ""2"": 70, ""3"": 59, ""4"": 92}",False,10.0,-57.0,5.0,34.0,32.0,0.08,0.0,0.0,0.0,0.0,0.0,0.0,0.0,0.0,124.0,10.0,12.0,9.0,34.0,0.0,1.0,1.0,6.0,1.0,0.0,0.0,0.0,48.0,48.0,0.57,0.5714285714285714,0.0192,0.0192,0.135,0.6136363636363636,0.38636363636363635,0.25,0.43333333333333335,1.0,0.5583333333333333,0.40253411306042886,0.0
20260629_152656_9d451bbc,20260629_152656_9d451bbc_g0024,24,1807486222,5,48,48,48,1,4,GREEN,pool_peer_500ms,3,1.0,[1],0,92,2,"{""1"": 118, ""2"": 70, ""3"": 59, ""4"": 92}",False,24.0,-29.0,0.0,38.0,32.0,0.08,45.0,27.25,46.75,17.0,9.0,8.25,10.0,2.5,79.0,70.75,12.0,9.0,30.0,1.0,1.0,2.0,4.0,1.0,0.0,0.0,0.0,48.0,48.0,0.57,0.5714285714285714,0.0192,0.0192,0.145,0.6590909090909091,0.3409090909090909,0.6,1.0,1.0,0.4416666666666667,0.5281306715063521,0.0
20260629_152656_9d451bbc,20260629_152656_9d451bbc_g0024,24,1807486222,6,56,56,58,3,1,RED,champ_v3,0,1.0,[1],1,118,1,"{""1"": 118, ""2"": 70, ""3"": 59, ""4"": 92}",False,24.0,-18.0,0.0,42.0,65.0,0.1625,11.0,10.5,11.0,10.0,1.0,0.0,0.0,0.0,16.0,35.0,15.0,6.0,18.0,1.0,1.0,1.0,3.0,0.0,0.0,0.0,0.0,56.0,58.0,0.64,0.7142857142857143,0.0232,0.0224,0.175,0.7954545454545454,0.20454545454545456,0.6,0.7333333333333333,0.8,0.35,0.5353383458646617,0.0
20260629_152656_9d451bbc,20260629_152656_9d451bbc_g0024,24,1807486222,6,56,56,58,3,2,BLUE,pool_heuristic,1,1.0,[1],0,70,3,"{""1"": 118, ""2"": 70, ""3"": 59, ""4"": 92}",False,10.0,-46.0,2.0,23.0,65.0,0.1625,0.0,0.0,0.0,0.0,0.0,0.0,0.0,0.0,27.0,10.0,15.0,6.0,23.0,0.0,0.0,1.0,5.0,0.0,0.0,0.0,0.0,56.0,58.0,0.64,0.7142857142857143,0.0232,0.0224,0.1625,0.7386363636363636,0.26136363636363635,0.25,0.5666666666666667,0.8,0.4666666666666667,0.4599190283400809,0.0
20260629_152656_9d451bbc,20260629_152656_9d451bbc_g0024,24,1807486222,6,56,56,58,3,3,YELLOW,pool_l45_100ms,2,1.0,[1],0,59,4,"{""1"": 118, ""2"": 70, ""3"": 59, ""4"": 92}",False,10.0,-46.0,5.0,36.0,65.0,0.1625,0.0,0.0,0.0,0.0,0.0,0.0,0.0,0.0,27.0,10.0,12.0,9.0,34.0,0.0,1.0,1.0,6.0,1.0,0.0,0.0,0.0,56.0,58.0,0.64,0.5714285714285714,0.0232,0.0224,0.135,0.6136363636363636,0.38636363636363635,0.25,0.43333333333333335,1.0,0.4666666666666667,0.40253411306042886,0.0
20260629_152656_9d451bbc,20260629_152656_9d451bbc_g0024,24,1807486222,6,56,56,58,3,4,GREEN,pool_peer_500ms,3,1.0,[1],0,92,2,"{""1"": 118, ""2"": 70, ""3"": 59, ""4"": 92}",False,22.0,-22.0,0.0,47.0,65.0,0.1625,16.0,13.75,15.75,12.0,3.0,0.75,0.0,0.0,11.0,37.75,14.0,7.0,21.0,1.0,1.0,2.0,3.0,0.0,0.0,0.0,0.0,56.0,58.0,0.64,0.6666666666666666,0.0232,0.0224,0.1675,0.7613636363636364,0.23863636363636365,0.55,0.6333333333333333,0.8,0.36666666666666664,0.5145326001571091,0.0
20260629_152656_9d451bbc,20260629_152656_9d451bbc_g0024,24,1807486222,7,64,64,77,2,1,RED,champ_v3,0,1.0,[1],1,118,1,"{""1"": 118, ""2"": 70, ""3"": 59, ""4"": 92}",False,23.0,-16.0,0.0,55.0,54.0,0.135,1.0,0.5,2.0,0.0,0.0,0.0,2.0,0.0,0.0,25.0,20.0,1.0,4.0,0.0,0.0,0.0,1.0,0.0,0.0,0.0,0.0,64.0,77.0,0.69,0.9523809523809523,0.0308,0.0256,0.21,0.9545454545454546,0.045454545454545456,0.575,0.8666666666666667,0.8,0.325,0.5169172932330828,0.0
20260629_152656_9d451bbc,20260629_152656_9d451bbc_g0024,24,1807486222,7,64,64,77,2,2,BLUE,pool_heuristic,1,1.0,[1],0,70,3,"{""1"": 118, ""2"": 70, ""3"": 59, ""4"": 92}",False,10.0,-42.0,2.0,32.0,54.0,0.135,0.0,0.0,0.0,0.0,0.0,0.0,0.0,0.0,1.0,10.0,15.0,6.0,23.0,0.0,0.0,1.0,5.0,0.0,0.0,0.0,0.0,64.0,77.0,0.69,0.7142857142857143,0.0308,0.0256,0.1625,0.7386363636363636,0.26136363636363635,0.25,0.26666666666666666,0.8,0.4333333333333333,0.4599190283400809,0.0
20260629_152656_9d451bbc,20260629_152656_9d451bbc_g0024,24,1807486222,7,64,64,77,2,3,YELLOW,pool_l45_100ms,2,1.0,[1],0,59,4,"{""1"": 118, ""2"": 70, ""3"": 59, ""4"": 92}",False,10.0,-42.0,5.0,36.0,54.0,0.135,0.0,0.0,0.0,0.0,0.0,0.0,0.0,0.0,1.0,10.0,12.0,9.0,34.0,0.0,1.0,1.0,6.0,1.0,0.0,0.0,0.0,64.0,77.0,0.69,0.5714285714285714,0.0308,0.0256,0.135,0.6136363636363636,0.38636363636363635,0.25,0.43333333333333335,1.0,0.4333333333333333,0.40253411306042886,0.0
20260629_152656_9d451bbc,20260629_152656_9d451bbc_g0024,24,1807486222,7,64,64,77,2,4,GREEN,pool_peer_500ms,3,1.0,[1],0,92,2,"{""1"": 118, ""2"": 70, ""3"": 59, ""4"": 92}",False,19.0,-24.0,0.0,56.0,54.0,0.135,0.0,0.0,0.0,0.0,0.0,0.0,0.0,0.0,1.0,19.0,17.0,4.0,15.0,0.0,0.0,1.0,3.0,0.0,0.0,0.0,0.0,64.0,77.0,0.69,0.8095238095238095,0.0308,0.0256,0.1825,0.8295454545454546,0.17045454545454544,0.475,0.55,0.8,0.35833333333333334,0.532083633741889,0.0
20260629_152656_9d451bbc,20260629_152656_9d451bbc_g0025,25,195255600,0,8,8,8,1,1,RED,pool_heuristic,0,4.0,[4],0,89,2,"{""1"": 89, ""2"": 70, ""3"": 88, ""4"": 102}",False,5.0,-18.0,8.0,0.0,3.0,0.0075,387.0,91.75,378.5,5.0,9.0,27.0,115.0,222.5,1413.0,383.5,2.0,19.0,78.0,1.0,1.0,2.0,6.0,9.0,1.0,1.0,1.0,8.0,8.0,0.1,0.09523809523809523,0.0032,0.0032,0.025,0.11363636363636363,0.8863636363636364,0.125,1.0,1.0,0.19166666666666668,0.26315789473684215,0.0
20260629_152656_9d451bbc,20260629_152656_9d451bbc_g0025,25,195255600,0,8,8,8,1,2,BLUE,pool_l45_100ms,1,4.0,[4],0,70,4,"{""1"": 89, ""2"": 70, ""3"": 88, ""4"": 102}",False,5.0,-18.0,9.0,0.0,3.0,0.0075,327.0,76.25,309.5,5.0,8.0,24.0,95.0,177.5,1473.0,314.5,2.0,19.0,78.0,1.0,1.0,2.0,6.0,9.0,1.0,1.0,0.0,8.0,8.0,0.1,0.09523809523809523,0.0032,0.0032,0.025,0.11363636363636363,0.8863636363636364,0.125,1.0,1.0,0.19166666666666668,0.15263157894736834,0.0
20260629_152656_9d451bbc,20260629_152656_9d451bbc_g0025,25,195255600,0,8,8,8,1,3,YELLOW,pool_peer_500ms,2,4.0,[4],0,88,3,"{""1"": 89, ""2"": 70, ""3"": 88, ""4"": 102}",False,9.0,-10.0,9.0,0.0,3.0,0.0075,543.0,122.625,488.75,9.0,15.0,41.25,153.5,270.0,1257.0,497.75,2.0,19.0,78.0,1.0,1.0,2.0,6.0,9.0,1.0,0.0,0.0,8.0,8.0,0.1,0.09523809523809523,0.0032,0.0032,0.025,0.11363636363636363,0.8863636363636364,0.225,1.0,1.0,0.15833333333333333,0.23684210526315785,0.0
20260629_152656_9d451bbc,20260629_152656_9d451bbc_g0025,25,195255600,0,8,8,8,1,4,GREEN,champ_v3,3,4.0,[4],1,102,1,"{""1"": 89, ""2"": 70, ""3"": 88, ""4"": 102}",False,9.0,-10.0,9.0,0.0,3.0,0.0075,543.0,122.625,488.75,9.0,15.0,41.25,153.5,270.0,1257.0,497.75,2.0,19.0,78.0,1.0,1.0,2.0,6.0,9.0,1.0,0.0,0.0,8.0,8.0,0.1,0.09523809523809523,0.0032,0.0032,0.025,0.11363636363636363,0.8863636363636364,0.225,1.0,1.0,0.15833333333333333,0.23684210526315785,0.0
20260629_152656_9d451bbc,20260629_152656_9d451bbc_g0025,25,195255600,1,16,16,16,1,1,RED,pool_heuristic,0,4.0,[4],0,89,2,"{""1"": 89, ""2"": 70, ""3"": 88, ""4"": 102}",False,13.0,-24.0,1.0,4.0,3.0,0.0075,512.0,141.25,549.75,11.0,19.0,51.75,198.0,270.0,1744.0,562.75,4.0,17.0,68.0,1.0,1.0,2.0,6.0,7.0,1.0,1.0,1.0,16.0,16.0,0.2,0.19047619047619047,0.0064,0.0064,0.05,0.22727272727272727,0.7727272727272727,0.325,1.0,1.0,0.30833333333333335,0.5157894736842106,0.0
20260629_152656_9d451bbc,20260629_152656_9d451bbc_g0025,25,195255600,1,16,16,16,1,2,BLUE,pool_l45_100ms,1,4.0,[4],0,70,4,"{""1"": 89, ""2"": 70, ""3"": 88, ""4"": 102}",False,9.0,-32.0,6.0,0.0,3.0,0.0075,439.0,104.375,397.25,9.0,16.0,40.5,150.5,181.25,1817.0,406.25,4.0,17.0,68.0,1.0,1.0,2.0,6.0,7.0,1.0,0.0,0.0,16.0,16.0,0.2,0.19047619047619047,0.0064,0.0064,0.05,0.22727272727272727,0.7727272727272727,0.225,1.0,1.0,0.3416666666666667,0.3263157894736842,0.0
20260629_152656_9d451bbc,20260629_152656_9d451bbc_g0025,25,195255600,1,16,16,16,1,3,YELLOW,pool_peer_500ms,2,4.0,[4],0,88,3,"{""1"": 89, ""2"": 70, ""3"": 88, ""4"": 102}",False,14.0,-22.0,0.0,2.0,3.0,0.0075,699.0,167.75,644.375,14.0,24.0,64.5,237.5,304.375,1557.0,658.375,4.0,17.0,68.0,1.0,1.0,2.0,6.0,7.0,1.0,0.0,0.0,16.0,16.0,0.2,0.19047619047619047,0.0064,0.0064,0.05,0.22727272727272727,0.7727272727272727,0.35,1.0,1.0,0.3,0.4894736842105264,0.0
20260629_152656_9d451bbc,20260629_152656_9d451bbc_g0025,25,195255600,1,16,16,16,1,4,GREEN,champ_v3,3,4.0,[4],1,102,1,"{""1"": 89, ""2"": 70, ""3"": 88, ""4"": 102}",False,14.0,-22.0,0.0,2.0,3.0,0.0075,606.0,146.5,557.0,14.0,21.0,56.25,202.0,263.75,1650.0,571.0,4.0,17.0,68.0,1.0,1.0,2.0,6.0,7.0,1.0,0.0,0.0,16.0,16.0,0.2,0.19047619047619047,0.0064,0.0064,0.05,0.22727272727272727,0.7727272727272727,0.35,1.0,1.0,0.3,0.4894736842105264,0.0
20260629_152656_9d451bbc,20260629_152656_9d451bbc_g0025,25,195255600,2,24,24,24,1,1,RED,pool_heuristic,0,4.0,[4],0,89,2,"{""1"": 89, ""2"": 70, ""3"": 88, ""4"": 102}",False,22.0,-29.0,1.0,4.0,3.0,0.0075,595.0,164.875,573.5,20.0,35.0,78.75,263.5,176.25,1023.0,595.5,6.0,15.0,58.0,1.0,1.0,2.0,6.0,5.0,1.0,0.0,0.0,24.0,24.0,0.3,0.2857142857142857,0.0096,0.0096,0.075,0.3409090909090909,0.6590909090909091,0.55,1.0,1.0,0.425,0.5263157894736843,0.0
20260629_152656_9d451bbc,20260629_152656_9d451bbc_g0025,25,195255600,2,24,24,24,1,2,BLUE,pool_l45_100ms,1,4.0,[4],0,70,4,"{""1"": 89, ""2"": 70, ""3"": 88, ""4"": 102}",False,13.0,-47.0,6.0,6.0,3.0,0.0075,210.0,58.375,188.25,11.0,14.0,27.0,82.5,53.75,1408.0,201.25,6.0,15.0,58.0,1.0,1.0,2.0,6.0,5.0,0.0,0.0,0.0,24.0,24.0,0.3,0.2857142857142857,0.0096,0.0096,0.075,0.3409090909090909,0.6590909090909091,0.325,1.0,1.0,0.5,0.38596491228070173,0.0
20260629_152656_9d451bbc,20260629_152656_9d451bbc_g0025,25,195255600,2,24,24,24,1,3,YELLOW,pool_peer_500ms,2,4.0,[4],0,88,3,"{""1"": 89, ""2"": 70, ""3"": 88, ""4"": 102}",False,19.0,-35.0,0.0,10.0,3.0,0.0075,359.0,99.375,326.0,18.0,23.0,45.0,137.5,102.5,1259.0,345.0,6.0,15.0,58.0,1.0,1.0,2.0,6.0,5.0,0.0,0.0,0.0,24.0,24.0,0.3,0.2857142857142857,0.0096,0.0096,0.075,0.3409090909090909,0.6590909090909091,0.475,1.0,1.0,0.45,0.531578947368421,0.0
20260629_152656_9d451bbc,20260629_152656_9d451bbc_g0025,25,195255600,2,24,24,24,1,4,GREEN,champ_v3,3,4.0,[4],1,102,1,"{""1"": 89, ""2"": 70, ""3"": 88, ""4"": 102}",False,19.0,-35.0,0.0,6.0,3.0,0.0075,454.0,128.625,442.0,19.0,25.0,59.25,192.5,146.25,1164.0,461.0,6.0,15.0,58.0,1.0,1.0,2.0,6.0,5.0,1.0,0.0,0.0,24.0,24.0,0.3,0.2857142857142857,0.0096,0.0096,0.075,0.3409090909090909,0.6590909090909091,0.475,1.0,1.0,0.45,0.5842105263157895,0.0
20260629_152656_9d451bbc,20260629_152656_9d451bbc_g0025,25,195255600,3,32,32,32,1,1,RED,pool_heuristic,0,4.0,[4],0,89,2,"{""1"": 89, ""2"": 70, ""3"": 88, ""4"": 102}",False,22.0,-33.0,1.0,10.0,9.0,0.0225,280.0,95.0,301.5,16.0,24.0,52.5,154.0,55.0,481.0,323.5,8.0,13.0,48.0,1.0,1.0,2.0,6.0,3.0,1.0,0.0,0.0,32.0,32.0,0.3975,0.38095238095238093,0.0128,0.0128,0.1,0.45454545454545453,0.5454545454545454,0.55,1.0,1.0,0.4583333333333333,0.5249999999999999,0.0
20260629_152656_9d451bbc,20260629_152656_9d451bbc_g0025,25,195255600,3,32,32,32,1,2,BLUE,pool_l45_100ms,1,4.0,[4],0,70,4,"{""1"": 89, ""2"": 70, ""3"": 88, ""4"": 102}",False,11.0,-55.0,3.0,12.0,9.0,0.0225,66.0,26.625,69.0,9.0,8.0,12.75,30.5,8.75,695.0,80.0,8.0,13.0,48.0,1.0,1.0,2.0,6.0,3.0,0.0,0.0,0.0,32.0,32.0,0.3975,0.38095238095238093,0.0128,0.0128,0.1,0.45454545454545453,0.5454545454545454,0.275,1.0,1.0,0.55,0.47631578947368425,0.0
20260629_152656_9d451bbc,20260629_152656_9d451bbc_g0025,25,195255600,3,32,32,32,1,3,YELLOW,pool_peer_500ms,2,4.0,[4],0,88,3,"{""1"": 89, ""2"": 70, ""3"": 88, ""4"": 102}",False,23.0,-31.0,0.0,20.0,9.0,0.0225,228.0,76.125,222.25,20.0,19.0,36.0,103.5,43.75,533.0,245.25,8.0,13.0,48.0,1.0,1.0,2.0,6.0,3.0,0.0,0.0,0.0,32.0,32.0,0.3975,0.38095238095238093,0.0128,0.0128,0.1,0.45454545454545453,0.5454545454545454,0.575,1.0,1.0,0.45,0.5736842105263158,0.0
20260629_152656_9d451bbc,20260629_152656_9d451bbc_g0025,25,195255600,3,32,32,32,1,4,GREEN,champ_v3,3,4.0,[4],1,102,1,"{""1"": 89, ""2"": 70, ""3"": 88, ""4"": 102}",False,21.0,-35.0,0.0,17.0,9.0,0.0225,187.0,68.75,195.0,19.0,20.0,35.25,77.0,43.75,574.0,216.0,8.0,13.0,49.0,1.0,1.0,2.0,5.0,4.0,1.0,0.0,0.0,32.0,32.0,0.3975,0.38095238095238093,0.0128,0.0128,0.0975,0.4431818181818182,0.5568181818181818,0.525,1.0,1.0,0.4666666666666667,0.5951417004048583,0.0
20260629_152656_9d451bbc,20260629_152656_9d451bbc_g0025,25,195255600,4,40,40,40,1,1,RED,pool_heuristic,0,4.0,[4],0,89,2,"{""1"": 89, ""2"": 70, ""3"": 88, ""4"": 102}",False,19.0,-42.0,1.0,20.0,13.0,0.0325,47.0,24.75,48.5,12.0,10.0,13.5,13.0,0.0,354.0,67.5,10.0,11.0,38.0,1.0,1.0,2.0,6.0,1.0,1.0,0.0,0.0,40.0,40.0,0.49,0.47619047619047616,0.016,0.016,0.125,0.5681818181818182,0.4318181818181818,0.475,0.9,1.0,0.5083333333333333,0.4905263157894737,0.0
20260629_152656_9d451bbc,20260629_152656_9d451bbc_g0025,25,195255600,4,40,40,40,1,2,BLUE,pool_l45_100ms,1,4.0,[4],0,70,4,"{""1"": 89, ""2"": 70, ""3"": 88, ""4"": 102}",False,10.0,-60.0,3.0,13.0,13.0,0.0325,71.0,26.5,70.375,8.0,8.0,13.5,36.5,4.375,330.0,80.375,10.0,11.0,38.0,1.0,1.0,2.0,6.0,1.0,0.0,0.0,0.0,40.0,40.0,0.49,0.47619047619047616,0.016,0.016,0.125,0.5681818181818182,0.4318181818181818,0.25,1.0,1.0,0.5833333333333333,0.4715789473684211,0.0
20260629_152656_9d451bbc,20260629_152656_9d451bbc_g0025,25,195255600,4,40,40,40,1,3,YELLOW,pool_peer_500ms,2,4.0,[4],0,88,3,"{""1"": 89, ""2"": 70, ""3"": 88, ""4"": 102}",False,26.0,-28.0,0.0,25.0,13.0,0.0325,167.0,68.0,170.25,24.0,22.0,39.0,59.0,26.25,234.0,196.25,10.0,11.0,40.0,1.0,1.0,2.0,4.0,3.0,0.0,0.0,0.0,40.0,40.0,0.49,0.47619047619047616,0.016,0.016,0.12,0.5454545454545454,0.45454545454545453,0.65,1.0,1.0,0.45,0.5822368421052632,0.0
20260629_152656_9d451bbc,20260629_152656_9d451bbc_g0025,25,195255600,4,40,40,40,1,4,GREEN,champ_v3,3,4.0,[4],1,102,1,"{""1"": 89, ""2"": 70, ""3"": 88, ""4"": 102}",False,25.0,-30.0,0.0,29.0,13.0,0.0325,116.0,52.625,122.25,21.0,19.0,30.0,33.5,18.75,285.0,147.25,10.0,11.0,40.0,1.0,1.0,2.0,4.0,3.0,1.0,0.0,0.0,40.0,40.0,0.49,0.47619047619047616,0.016,0.016,0.12,0.5454545454545454,0.45454545454545453,0.625,1.0,1.0,0.4583333333333333,0.5921052631578947,0.0
20260629_152656_9d451bbc,20260629_152656_9d451bbc_g0025,25,195255600,5,48,48,48,1,1,RED,pool_heuristic,0,4.0,[4],0,89,2,"{""1"": 89, ""2"": 70, ""3"": 88, ""4"": 102}",False,20.0,-36.0,1.0,27.0,21.0,0.0525,44.0,26.25,46.0,15.0,10.0,12.0,9.0,0.0,120.0,66.0,12.0,9.0,29.0,1.0,1.0,2.0,5.0,0.0,0.0,0.0,0.0,48.0,48.0,0.58,0.5714285714285714,0.0192,0.0192,0.1475,0.6704545454545454,0.32954545454545453,0.5,1.0,0.8,0.4666666666666667,0.4924174843889384,0.0
20260629_152656_9d451bbc,20260629_152656_9d451bbc_g0025,25,195255600,5,48,48,48,1,2,BLUE,pool_l45_100ms,1,4.0,[4],0,70,4,"{""1"": 89, ""2"": 70, ""3"": 88, ""4"": 102}",False,10.0,-56.0,3.0,25.0,21.0,0.0525,14.0,10.75,13.75,8.0,5.0,0.75,0.0,0.0,150.0,23.75,12.0,9.0,29.0,1.0,1.0,2.0,5.0,0.0,0.0,0.0,0.0,48.0,48.0,0.58,0.5714285714285714,0.0192,0.0192,0.1475,0.6704545454545454,0.32954545454545453,0.25,0.6,0.8,0.55,0.46743978590544155,0.0
20260629_152656_9d451bbc,20260629_152656_9d451bbc_g0025,25,195255600,5,48,48,48,1,3,YELLOW,pool_peer_500ms,2,4.0,[4],0,88,3,"{""1"": 89, ""2"": 70, ""3"": 88, ""4"": 102}",False,27.0,-22.0,0.0,38.0,21.0,0.0525,53.0,31.375,57.875,18.0,11.0,12.0,10.0,6.875,111.0,84.875,12.0,9.0,31.0,1.0,1.0,2.0,3.0,2.0,0.0,0.0,0.0,48.0,48.0,0.58,0.5714285714285714,0.0192,0.0192,0.1425,0.6477272727272727,0.3522727272727273,0.675,0.8666666666666667,1.0,0.4083333333333333,0.5484764542936288,0.0
20260629_152656_9d451bbc,20260629_152656_9d451bbc_g0025,25,195255600,5,48,48,48,1,4,GREEN,champ_v3,3,4.0,[4],1,102,1,"{""1"": 89, ""2"": 70, ""3"": 88, ""4"": 102}",False,19.0,-38.0,0.0,36.0,21.0,0.0525,53.0,28.5,53.75,15.0,11.0,14.25,11.0,2.5,111.0,72.75,12.0,9.0,31.0,1.0,1.0,2.0,3.0,2.0,1.0,0.0,0.0,48.0,48.0,0.58,0.5714285714285714,0.0192,0.0192,0.1425,0.6477272727272727,0.3522727272727273,0.475,1.0,1.0,0.475,0.5706371191135735,0.0
20260629_152656_9d451bbc,20260629_152656_9d451bbc_g0025,25,195255600,6,56,56,56,1,1,RED,pool_heuristic,0,4.0,[4],0,89,2,"{""1"": 89, ""2"": 70, ""3"": 88, ""4"": 102}",False,17.0,-29.0,1.0,36.0,54.0,0.135,16.0,14.0,16.5,12.0,3.0,1.5,0.0,0.0,48.0,33.5,14.0,7.0,22.0,1.0,1.0,1.0,4.0,0.0,0.0,0.0,0.0,56.0,56.0,0.6475,0.6666666666666666,0.0224,0.0224,0.165,0.75,0.25,0.425,0.5333333333333333,0.8,0.38333333333333336,0.4896331738437002,0.0
20260629_152656_9d451bbc,20260629_152656_9d451bbc_g0025,25,195255600,6,56,56,56,1,2,BLUE,pool_l45_100ms,1,4.0,[4],0,70,4,"{""1"": 89, ""2"": 70, ""3"": 88, ""4"": 102}",False,7.0,-49.0,3.0,36.0,54.0,0.135,4.0,4.0,4.0,4.0,0.0,0.0,0.0,0.0,60.0,11.0,14.0,7.0,24.0,1.0,0.0,1.0,5.0,0.0,0.0,0.0,0.0,56.0,56.0,0.6475,0.6666666666666666,0.0224,0.0224,0.16,0.7272727272727273,0.2727272727272727,0.175,0.26666666666666666,0.8,0.4666666666666667,0.453125,0.0
20260629_152656_9d451bbc,20260629_152656_9d451bbc_g0025,25,195255600,6,56,56,56,1,3,YELLOW,pool_peer_500ms,2,4.0,[4],0,88,3,"{""1"": 89, ""2"": 70, ""3"": 88, ""4"": 102}",False,22.0,-19.0,0.0,41.0,54.0,0.135,15.0,13.5,15.0,12.0,3.0,0.0,0.0,0.0,49.0,37.0,14.0,7.0,23.0,1.0,1.0,1.0,3.0,1.0,0.0,0.0,0.0,56.0,56.0,0.6475,0.6666666666666666,0.0224,0.0224,0.1625,0.7386363636363636,0.26136363636363635,0.55,0.55,1.0,0.3416666666666667,0.5182186234817814,0.0
20260629_152656_9d451bbc,20260629_152656_9d451bbc_g0025,25,195255600,6,56,56,56,1,4,GREEN,champ_v3,3,4.0,[4],1,102,1,"{""1"": 89, ""2"": 70, ""3"": 88, ""4"": 102}",False,17.0,-29.0,0.0,45.0,54.0,0.135,29.0,18.5,30.375,12.0,7.0,3.0,6.5,1.875,35.0,47.375,14.0,7.0,24.0,1.0,1.0,1.0,2.0,2.0,1.0,0.0,0.0,56.0,56.0,0.6475,0.6666666666666666,0.0224,0.0224,0.16,0.7272727272727273,0.2727272727272727,0.425,1.0,1.0,0.38333333333333336,0.560032894736842,0.0
20260629_152656_9d451bbc,20260629_152656_9d451bbc_g0025,25,195255600,7,64,64,65,2,1,RED,pool_heuristic,0,4.0,[4],0,89,2,"{""1"": 89, ""2"": 70, ""3"": 88, ""4"": 102}",False,14.0,-29.0,1.0,52.0,53.0,0.1325,10.0,10.0,10.0,10.0,0.0,0.0,0.0,0.0,23.0,24.0,17.0,4.0,13.0,1.0,0.0,0.0,3.0,0.0,0.0,0.0,0.0,64.0,65.0,0.7025,0.8095238095238095,0.026,0.0256,0.1875,0.8522727272727273,0.14772727272727273,0.35,0.31666666666666665,0.8,0.35833333333333334,0.5185964912280702,0.0
20260629_152656_9d451bbc,20260629_152656_9d451bbc_g0025,25,195255600,7,64,64,65,2,2,BLUE,pool_l45_100ms,1,4.0,[4],0,70,4,"{""1"": 89, ""2"": 70, ""3"": 88, ""4"": 102}",False,6.0,-45.0,3.0,40.0,53.0,0.1325,0.0,0.0,0.0,0.0,0.0,0.0,0.0,0.0,33.0,6.0,15.0,6.0,23.0,0.0,0.0,1.0,5.0,0.0,0.0,0.0,0.0,64.0,65.0,0.7025,0.7142857142857143,0.026,0.0256,0.1625,0.7386363636363636,0.26136363636363635,0.15,0.25,0.8,0.425,0.4526315789473684,0.0
20260629_152656_9d451bbc,20260629_152656_9d451bbc_g0025,25,195255600,7,64,64,65,2,3,YELLOW,pool_peer_500ms,2,4.0,[4],0,88,3,"{""1"": 89, ""2"": 70, ""3"": 88, ""4"": 102}",False,21.0,-15.0,0.0,45.0,53.0,0.1325,2.0,0.5,1.5,0.0,0.0,1.5,0.0,0.0,31.0,22.5,16.0,5.0,20.0,0.0,0.0,1.0,3.0,1.0,0.0,0.0,0.0,64.0,65.0,0.7025,0.7619047619047619,0.026,0.0256,0.17,0.7727272727272727,0.22727272727272727,0.525,0.48333333333333334,1.0,0.3,0.5139318885448917,0.0
20260629_152656_9d451bbc,20260629_152656_9d451bbc_g0025,25,195255600,7,64,64,65,2,4,GREEN,champ_v3,3,4.0,[4],1,102,1,"{""1"": 89, ""2"": 70, ""3"": 88, ""4"": 102}",False,16.0,-25.0,0.0,60.0,53.0,0.1325,21.0,13.625,20.75,9.0,6.0,3.0,1.5,1.25,12.0,36.75,16.0,5.0,15.0,1.0,1.0,1.0,1.0,1.0,1.0,0.0,0.0,64.0,65.0,0.7025,0.7619047619047619,0.026,0.0256,0.1825,0.8295454545454546,0.17045454545454544,0.4,0.6833333333333333,1.0,0.3416666666666667,0.524873828406633,0.0
20260629_152656_9d451bbc,20260629_152656_9d451bbc_g0026,26,2020378973,0,8,8,8,1,1,RED,pool_l45_100ms,0,3.0,[3],0,83,3,"{""1"": 83, ""2"": 91, ""3"": 96, ""4"": 73}",False,6.0,-19.0,9.0,0.0,1.0,0.0025,388.0,90.5,366.25,6.0,10.0,28.5,113.0,208.75,1558.0,372.25,2.0,19.0,78.0,1.0,1.0,2.0,6.0,9.0,1.0,1.0,0.0,8.0,8.0,0.1,0.09523809523809523,0.0032,0.0032,0.025,0.11363636363636363,0.8863636363636364,0.15,1.0,1.0,0.20833333333333334,0.20526315789473681,0.0
20260629_152656_9d451bbc,20260629_152656_9d451bbc_g0026,26,2020378973,0,8,8,8,1,2,BLUE,pool_peer_500ms,1,3.0,[3],0,91,2,"{""1"": 83, ""2"": 91, ""3"": 96, ""4"": 73}",False,9.0,-13.0,9.0,0.0,1.0,0.0025,543.0,122.625,488.75,9.0,15.0,41.25,153.5,270.0,1403.0,497.75,2.0,19.0,78.0,1.0,1.0,2.0,6.0,9.0,1.0,0.0,0.0,8.0,8.0,0.1,0.09523809523809523,0.0032,0.0032,0.025,0.11363636363636363,0.8863636363636364,0.225,1.0,1.0,0.18333333333333332,0.23684210526315785,0.0
20260629_152656_9d451bbc,20260629_152656_9d451bbc_g0026,26,2020378973,0,8,8,8,1,3,YELLOW,champ_v3,2,3.0,[3],1,96,1,"{""1"": 83, ""2"": 91, ""3"": 96, ""4"": 73}",False,9.0,-13.0,9.0,0.0,1.0,0.0025,543.0,122.625,488.75,9.0,15.0,41.25,153.5,270.0,1403.0,497.75,2.0,19.0,78.0,1.0,1.0,2.0,6.0,9.0,1.0,0.0,0.0,8.0,8.0,0.1,0.09523809523809523,0.0032,0.0032,0.025,0.11363636363636363,0.8863636363636364,0.225,1.0,1.0,0.18333333333333332,0.23684210526315785,0.0
20260629_152656_9d451bbc,20260629_152656_9d451bbc_g0026,26,2020378973,0,8,8,8,1,4,GREEN,pool_heuristic,3,3.0,[3],0,73,4,"{""1"": 83, ""2"": 91, ""3"": 96, ""4"": 73}",False,7.0,-17.0,8.0,0.0,1.0,0.0025,472.0,110.25,446.625,7.0,12.0,35.25,140.5,251.875,1474.0,453.625,2.0,19.0,78.0,1.0,1.0,2.0,6.0,9.0,1.0,0.0,1.0,8.0,8.0,0.1,0.09523809523809523,0.0032,0.0032,0.025,0.11363636363636363,0.8863636363636364,0.175,1.0,1.0,0.2,0.26315789473684215,0.0
20260629_152656_9d451bbc,20260629_152656_9d451bbc_g0026,26,2020378973,1,16,16,16,1,1,RED,pool_l45_100ms,0,3.0,[3],0,83,3,"{""1"": 83, ""2"": 91, ""3"": 96, ""4"": 73}",False,10.0,-34.0,7.0,0.0,1.0,0.0025,417.0,101.625,381.5,10.0,16.0,39.75,144.5,171.25,2044.0,391.5,4.0,17.0,68.0,1.0,1.0,2.0,6.0,7.0,1.0,0.0,0.0,16.0,16.0,0.2,0.19047619047619047,0.0064,0.0064,0.05,0.22727272727272727,0.7727272727272727,0.25,1.0,1.0,0.36666666666666664,0.3236842105263158,0.0
20260629_152656_9d451bbc,20260629_152656_9d451bbc_g0026,26,2020378973,1,16,16,16,1,2,BLUE,pool_peer_500ms,1,3.0,[3],0,91,2,"{""1"": 83, ""2"": 91, ""3"": 96, ""4"": 73}",False,16.0,-22.0,0.0,2.0,1.0,0.0025,720.0,179.625,698.125,14.0,24.0,67.5,252.0,340.625,1741.0,714.125,4.0,17.0,68.0,1.0,1.0,2.0,6.0,7.0,1.0,0.0,0.0,16.0,16.0,0.2,0.19047619047619047,0.0064,0.0064,0.05,0.22727272727272727,0.7727272727272727,0.4,1.0,1.0,0.31666666666666665,0.49473684210526314,0.0
20260629_152656_9d451bbc,20260629_152656_9d451bbc_g0026,26,2020378973,1,16,16,16,1,3,YELLOW,champ_v3,2,3.0,[3],1,96,1,"{""1"": 83, ""2"": 91, ""3"": 96, ""4"": 73}",False,15.0,-24.0,1.0,2.0,1.0,0.0025,710.0,179.125,689.375,15.0,25.0,69.75,249.0,330.625,1751.0,704.375,4.0,17.0,68.0,1.0,1.0,2.0,6.0,7.0,1.0,0.0,0.0,16.0,16.0,0.2,0.19047619047619047,0.0064,0.0064,0.05,0.22727272727272727,0.7727272727272727,0.375,1.0,1.0,0.325,0.4894736842105264,0.0
20260629_152656_9d451bbc,20260629_152656_9d451bbc_g0026,26,2020378973,1,16,16,16,1,4,GREEN,pool_heuristic,3,3.0,[3],0,73,4,"{""1"": 83, ""2"": 91, ""3"": 96, ""4"": 73}",False,13.0,-28.0,2.0,0.0,1.0,0.0025,614.0,153.0,588.625,13.0,21.0,57.75,217.5,279.375,1847.0,601.625,4.0,17.0,68.0,1.0,1.0,2.0,6.0,7.0,0.0,0.0,1.0,16.0,16.0,0.2,0.19047619047619047,0.0064,0.0064,0.05,0.22727272727272727,0.7727272727272727,0.325,1.0,1.0,0.3416666666666667,0.4815789473684211,0.0
20260629_152656_9d451bbc,20260629_152656_9d451bbc_g0026,26,2020378973,2,24,24,24,1,1,RED,pool_l45_100ms,0,3.0,[3],0,83,3,"{""1"": 83, ""2"": 91, ""3"": 96, ""4"": 73}",False,14.0,-45.0,6.0,2.0,9.0,0.0225,197.0,60.375,186.875,13.0,16.0,28.5,80.0,49.375,1401.0,200.875,6.0,15.0,58.0,1.0,1.0,2.0,6.0,5.0,0.0,0.0,0.0,24.0,24.0,0.3,0.2857142857142857,0.0096,0.0096,0.075,0.3409090909090909,0.6590909090909091,0.35,1.0,1.0,0.4916666666666667,0.4017543859649123,0.0
20260629_152656_9d451bbc,20260629_152656_9d451bbc_g0026,26,2020378973,2,24,24,24,1,2,BLUE,pool_peer_500ms,1,3.0,[3],0,91,2,"{""1"": 83, ""2"": 91, ""3"": 96, ""4"": 73}",False,18.0,-37.0,0.0,14.0,9.0,0.0225,359.0,108.625,374.375,15.0,22.0,51.0,167.0,119.375,1239.0,392.375,6.0,15.0,58.0,1.0,1.0,2.0,6.0,5.0,1.0,0.0,0.0,24.0,24.0,0.3,0.2857142857142857,0.0096,0.0096,0.075,0.3409090909090909,0.6590909090909091,0.45,1.0,1.0,0.4583333333333333,0.5789473684210527,0.0
20260629_152656_9d451bbc,20260629_152656_9d451bbc_g0026,26,2020378973,2,24,24,24,1,3,YELLOW,champ_v3,2,3.0,[3],1,96,1,"{""1"": 83, ""2"": 91, ""3"": 96, ""4"": 73}",False,21.0,-31.0,1.0,11.0,9.0,0.0225,506.0,144.5,502.375,20.0,28.0,66.0,216.5,171.875,1092.0,523.375,6.0,15.0,58.0,1.0,1.0,2.0,6.0,5.0,1.0,0.0,0.0,24.0,24.0,0.3,0.2857142857142857,0.0096,0.0096,0.075,0.3409090909090909,0.6590909090909091,0.525,1.0,1.0,0.4333333333333333,0.5842105263157895,0.0
20260629_152656_9d451bbc,20260629_152656_9d451bbc_g0026,26,2020378973,2,24,24,24,1,4,GREEN,pool_heuristic,3,3.0,[3],0,73,4,"{""1"": 83, ""2"": 91, ""3"": 96, ""4"": 73}",False,20.0,-33.0,2.0,3.0,9.0,0.0225,536.0,148.0,523.5,19.0,27.0,65.25,226.0,186.25,1062.0,543.5,6.0,15.0,58.0,1.0,1.0,2.0,6.0,5.0,0.0,0.0,1.0,24.0,24.0,0.3,0.2857142857142857,0.0096,0.0096,0.075,0.3409090909090909,0.6590909090909091,0.5,1.0,1.0,0.4416666666666667,0.5350877192982455,0.0
20260629_152656_9d451bbc,20260629_152656_9d451bbc_g0026,26,2020378973,3,32,32,32,1,1,RED,pool_l45_100ms,0,3.0,[3],0,83,3,"{""1"": 83, ""2"": 91, ""3"": 96, ""4"": 73}",False,15.0,-56.0,3.0,9.0,8.0,0.02,141.0,50.0,136.625,14.0,16.0,26.25,63.5,16.875,869.0,151.625,8.0,13.0,48.0,1.0,1.0,2.0,6.0,3.0,0.0,0.0,0.0,32.0,32.0,0.3925,0.38095238095238093,0.0128,0.0128,0.1,0.45454545454545453,0.5454545454545454,0.375,1.0,1.0,0.5916666666666667,0.4368421052631579,0.0
20260629_152656_9d451bbc,20260629_152656_9d451bbc_g0026,26,2020378973,3,32,32,32,1,2,BLUE,pool_peer_500ms,1,3.0,[3],0,91,2,"{""1"": 83, ""2"": 91, ""3"": 96, ""4"": 73}",False,24.0,-38.0,0.0,21.0,8.0,0.02,317.0,101.625,322.375,20.0,25.0,55.5,125.0,96.875,693.0,346.375,8.0,13.0,49.0,1.0,1.0,2.0,5.0,4.0,0.0,0.0,0.0,32.0,32.0,0.3925,0.38095238095238093,0.0128,0.0128,0.0975,0.4431818181818182,0.5568181818181818,0.6,1.0,1.0,0.5166666666666667,0.5883940620782726,0.0
20260629_152656_9d451bbc,20260629_152656_9d451bbc_g0026,26,2020378973,3,32,32,32,1,3,YELLOW,champ_v3,2,3.0,[3],1,96,1,"{""1"": 83, ""2"": 91, ""3"": 96, ""4"": 73}",False,25.0,-36.0,1.0,22.0,8.0,0.02,371.0,111.25,366.5,20.0,26.0,63.0,115.0,142.5,639.0,391.5,8.0,13.0,50.0,1.0,1.0,2.0,4.0,5.0,1.0,0.0,0.0,32.0,32.0,0.3925,0.38095238095238093,0.0128,0.0128,0.095,0.4318181818181818,0.5681818181818182,0.625,1.0,1.0,0.5083333333333333,0.5844875346260388,0.0
20260629_152656_9d451bbc,20260629_152656_9d451bbc_g0026,26,2020378973,3,32,32,32,1,4,GREEN,pool_heuristic,3,3.0,[3],0,73,4,"{""1"": 83, ""2"": 91, ""3"": 96, ""4"": 73}",False,22.0,-42.0,2.0,5.0,8.0,0.02,181.0,71.25,197.375,20.0,21.0,36.75,91.5,28.125,829.0,219.375,8.0,13.0,48.0,1.0,1.0,2.0,6.0,3.0,0.0,0.0,1.0,32.0,32.0,0.3925,0.38095238095238093,0.0128,0.0128,0.1,0.45454545454545453,0.5454545454545454,0.55,1.0,1.0,0.5333333333333333,0.5092105263157896,0.0
20260629_152656_9d451bbc,20260629_152656_9d451bbc_g0026,26,2020378973,4,40,40,40,1,1,RED,pool_l45_100ms,0,3.0,[3],0,83,3,"{""1"": 83, ""2"": 91, ""3"": 96, ""4"": 73}",False,14.0,-64.0,3.0,28.0,11.0,0.0275,51.0,25.5,51.5,12.0,10.0,13.5,16.0,0.0,493.0,65.5,10.0,11.0,38.0,1.0,1.0,2.0,6.0,1.0,0.0,0.0,0.0,40.0,40.0,0.4875,0.47619047619047616,0.016,0.016,0.125,0.5681818181818182,0.4318181818181818,0.35,1.0,1.0,0.65,0.4378947368421052,0.0
20260629_152656_9d451bbc,20260629_152656_9d451bbc_g0026,26,2020378973,4,40,40,40,1,2,BLUE,pool_peer_500ms,1,3.0,[3],0,91,2,"{""1"": 83, ""2"": 91, ""3"": 96, ""4"": 73}",False,25.0,-42.0,0.0,28.0,11.0,0.0275,203.0,76.75,216.75,21.0,20.0,43.5,96.0,36.25,341.0,241.75,10.0,11.0,39.0,1.0,1.0,2.0,5.0,2.0,0.0,0.0,0.0,40.0,40.0,0.4875,0.47619047619047616,0.016,0.016,0.1225,0.5568181818181818,0.4431818181818182,0.625,1.0,1.0,0.5583333333333333,0.5757250268528464,0.0
20260629_152656_9d451bbc,20260629_152656_9d451bbc_g0026,26,2020378973,4,40,40,40,1,3,YELLOW,champ_v3,2,3.0,[3],1,96,1,"{""1"": 83, ""2"": 91, ""3"": 96, ""4"": 73}",False,30.0,-32.0,1.0,35.0,11.0,0.0275,210.0,75.75,218.625,22.0,24.0,24.0,80.5,68.125,334.0,248.625,10.0,11.0,42.0,1.0,1.0,1.0,4.0,4.0,1.0,0.0,0.0,40.0,40.0,0.4875,0.47619047619047616,0.016,0.016,0.115,0.5227272727272727,0.4772727272727273,0.75,1.0,1.0,0.5166666666666667,0.5606407322654463,0.0
20260629_152656_9d451bbc,20260629_152656_9d451bbc_g0026,26,2020378973,4,40,40,40,1,4,GREEN,pool_heuristic,3,3.0,[3],0,73,4,"{""1"": 83, ""2"": 91, ""3"": 96, ""4"": 73}",False,23.0,-46.0,2.0,14.0,11.0,0.0275,80.0,40.5,85.0,19.0,13.0,21.0,32.0,0.0,464.0,108.0,10.0,11.0,38.0,1.0,1.0,2.0,6.0,1.0,0.0,0.0,0.0,40.0,40.0,0.4875,0.47619047619047616,0.016,0.016,0.125,0.5681818181818182,0.4318181818181818,0.575,1.0,1.0,0.575,0.48736842105263156,0.0
20260629_152656_9d451bbc,20260629_152656_9d451bbc_g0026,26,2020378973,5,48,48,48,1,1,RED,pool_l45_100ms,0,3.0,[3],0,83,3,"{""1"": 83, ""2"": 91, ""3"": 96, ""4"": 73}",False,10.0,-61.0,3.0,33.0,24.0,0.06,23.0,12.625,23.25,7.0,4.0,6.75,5.5,0.0,148.0,33.25,12.0,9.0,30.0,1.0,1.0,2.0,4.0,1.0,0.0,0.0,0.0,48.0,48.0,0.575,0.5714285714285714,0.0192,0.0192,0.145,0.6590909090909091,0.3409090909090909,0.25,0.5333333333333333,1.0,0.5916666666666667,0.4382940108892922,0.0
20260629_152656_9d451bbc,20260629_152656_9d451bbc_g0026,26,2020378973,5,48,48,48,1,2,BLUE,pool_peer_500ms,1,3.0,[3],0,91,2,"{""1"": 83, ""2"": 91, ""3"": 96, ""4"": 73}",False,24.0,-33.0,0.0,33.0,24.0,0.06,60.0,32.375,59.75,18.0,11.0,15.75,12.5,2.5,111.0,83.75,12.0,9.0,30.0,1.0,1.0,2.0,4.0,1.0,0.0,0.0,0.0,48.0,48.0,0.575,0.5714285714285714,0.0192,0.0192,0.145,0.6590909090909091,0.3409090909090909,0.6,1.0,1.0,0.475,0.5626134301270418,0.0
20260629_152656_9d451bbc,20260629_152656_9d451bbc_g0026,26,2020378973,5,48,48,48,1,3,YELLOW,champ_v3,2,3.0,[3],1,96,1,"{""1"": 83, ""2"": 91, ""3"": 96, ""4"": 73}",False,30.0,-21.0,1.0,46.0,24.0,0.06,65.0,35.75,69.375,19.0,14.0,10.5,21.5,4.375,106.0,99.375,12.0,9.0,32.0,1.0,1.0,1.0,4.0,2.0,0.0,0.0,0.0,48.0,48.0,0.575,0.5714285714285714,0.0192,0.0192,0.14,0.6363636363636364,0.36363636363636365,0.75,1.0,1.0,0.425,0.5629699248120301,0.0
20260629_152656_9d451bbc,20260629_152656_9d451bbc_g0026,26,2020378973,5,48,48,48,1,4,GREEN,pool_heuristic,3,3.0,[3],0,73,4,"{""1"": 83, ""2"": 91, ""3"": 96, ""4"": 73}",False,17.0,-47.0,2.0,15.0,24.0,0.06,23.0,16.25,23.25,12.0,4.0,5.25,2.0,0.0,148.0,40.25,12.0,9.0,30.0,1.0,1.0,2.0,4.0,1.0,0.0,0.0,0.0,48.0,48.0,0.575,0.5714285714285714,0.0192,0.0192,0.145,0.6590909090909091,0.3409090909090909,0.425,0.9833333333333333,1.0,0.5333333333333333,0.46733212341197816,0.0
20260629_152656_9d451bbc,20260629_152656_9d451bbc_g0026,26,2020378973,6,56,56,56,1,1,RED,pool_l45_100ms,0,3.0,[3],0,83,3,"{""1"": 83, ""2"": 91, ""3"": 96, ""4"": 73}",False,10.0,-57.0,3.0,43.0,29.0,0.0725,13.0,8.75,14.0,6.0,2.0,3.0,3.0,0.0,76.0,24.0,14.0,7.0,21.0,1.0,1.0,2.0,3.0,0.0,0.0,0.0,0.0,56.0,56.0,0.655,0.6666666666666666,0.0224,0.0224,0.1675,0.7613636363636364,0.23863636363636365,0.25,0.7833333333333333,0.8,0.5583333333333333,0.4053417124901807,0.0
20260629_152656_9d451bbc,20260629_152656_9d451bbc_g0026,26,2020378973,6,56,56,56,1,2,BLUE,pool_peer_500ms,1,3.0,[3],0,91,2,"{""1"": 83, ""2"": 91, ""3"": 96, ""4"": 73}",False,22.0,-33.0,0.0,44.0,29.0,0.0725,15.0,13.5,15.0,12.0,3.0,0.0,0.0,0.0,74.0,37.0,14.0,7.0,23.0,1.0,1.0,1.0,3.0,1.0,0.0,0.0,0.0,56.0,56.0,0.655,0.6666666666666666,0.0224,0.0224,0.1625,0.7386363636363636,0.26136363636363635,0.55,0.6833333333333333,1.0,0.4583333333333333,0.5352226720647772,0.0
20260629_152656_9d451bbc,20260629_152656_9d451bbc_g0026,26,2020378973,6,56,56,56,1,3,YELLOW,champ_v3,2,3.0,[3],1,96,1,"{""1"": 83, ""2"": 91, ""3"": 96, ""4"": 73}",False,31.0,-15.0,1.0,56.0,29.0,0.0725,52.0,34.875,61.875,20.0,15.0,9.0,16.0,1.875,37.0,92.875,14.0,7.0,23.0,1.0,1.0,1.0,3.0,1.0,0.0,0.0,0.0,56.0,56.0,0.655,0.6666666666666666,0.0224,0.0224,0.1625,0.7386363636363636,0.26136363636363635,0.775,1.0,1.0,0.38333333333333336,0.5676113360323887,0.0
20260629_152656_9d451bbc,20260629_152656_9d451bbc_g0026,26,2020378973,6,56,56,56,1,4,GREEN,pool_heuristic,3,3.0,[3],0,73,4,"{""1"": 83, ""2"": 91, ""3"": 96, ""4"": 73}",False,14.0,-49.0,2.0,26.0,29.0,0.0725,9.0,8.5,9.0,8.0,1.0,0.0,0.0,0.0,80.0,23.0,14.0,7.0,23.0,1.0,1.0,1.0,3.0,1.0,0.0,0.0,0.0,56.0,56.0,0.655,0.6666666666666666,0.0224,0.0224,0.1625,0.7386363636363636,0.26136363636363635,0.35,0.75,1.0,0.525,0.43400809716599187,0.0
20260629_152656_9d451bbc,20260629_152656_9d451bbc_g0026,26,2020378973,7,64,64,64,1,1,RED,pool_l45_100ms,0,3.0,[3],0,83,3,"{""1"": 83, ""2"": 91, ""3"": 96, ""4"": 73}",False,7.0,-54.0,3.0,47.0,41.0,0.1025,6.0,2.75,8.25,0.0,2.0,2.25,4.0,0.0,25.0,15.25,16.0,5.0,16.0,0.0,1.0,2.0,2.0,0.0,0.0,0.0,0.0,64.0,64.0,0.7025,0.7619047619047619,0.0256,0.0256,0.18,0.8181818181818182,0.18181818181818182,0.175,0.2833333333333333,0.8,0.5083333333333333,0.4035087719298245,0.0
20260629_152656_9d451bbc,20260629_152656_9d451bbc_g0026,26,2020378973,7,64,64,64,1,2,BLUE,pool_peer_500ms,1,3.0,[3],0,91,2,"{""1"": 83, ""2"": 91, ""3"": 96, ""4"": 73}",False,21.0,-26.0,0.0,51.0,41.0,0.1025,0.0,0.0,0.0,0.0,0.0,0.0,0.0,0.0,31.0,21.0,16.0,5.0,20.0,0.0,0.0,1.0,3.0,1.0,0.0,0.0,0.0,64.0,64.0,0.7025,0.7619047619047619,0.0256,0.0256,0.17,0.7727272727272727,0.22727272727272727,0.525,0.5166666666666667,1.0,0.39166666666666666,0.543343653250774,0.0
20260629_152656_9d451bbc,20260629_152656_9d451bbc_g0026,26,2020378973,7,64,64,64,1,3,YELLOW,champ_v3,2,3.0,[3],1,96,1,"{""1"": 83, ""2"": 91, ""3"": 96, ""4"": 73}",False,28.0,-12.0,1.0,64.0,41.0,0.1025,25.0,18.5,26.5,13.0,7.0,4.5,2.0,0.0,6.0,54.5,16.0,5.0,15.0,1.0,1.0,1.0,1.0,1.0,0.0,0.0,0.0,64.0,64.0,0.7025,0.7619047619047619,0.0256,0.0256,0.1825,0.8295454545454546,0.17045454545454544,0.7,0.9833333333333333,1.0,0.33333333333333337,0.5501081470800289,0.0
20260629_152656_9d451bbc,20260629_152656_9d451bbc_g0026,26,2020378973,7,64,64,64,1,4,GREEN,pool_heuristic,3,3.0,[3],0,73,4,"{""1"": 83, ""2"": 91, ""3"": 96, ""4"": 73}",False,12.0,-44.0,2.0,27.0,41.0,0.1025,0.0,0.0,0.0,0.0,0.0,0.0,0.0,0.0,31.0,12.0,16.0,5.0,20.0,0.0,0.0,1.0,3.0,1.0,0.0,0.0,0.0,64.0,64.0,0.7025,0.7619047619047619,0.0256,0.0256,0.17,0.7727272727272727,0.22727272727272727,0.3,0.55,1.0,0.4666666666666667,0.4411764705882353,0.0
20260629_152656_9d451bbc,20260629_152656_9d451bbc_g0027,27,282343493,0,8,8,8,1,1,RED,pool_peer_500ms,0,,"[1, 2]",1,103,1,"{""1"": 103, ""2"": 103, ""3"": 71, ""4"": 62}",True,9.0,-15.0,9.0,0.0,0.0,0.0,543.0,122.625,488.75,9.0,15.0,41.25,153.5,270.0,1506.0,497.75,2.0,19.0,78.0,1.0,1.0,2.0,6.0,9.0,1.0,0.0,0.0,8.0,8.0,0.1,0.09523809523809523,0.0032,0.0032,0.025,0.11363636363636363,0.8863636363636364,0.225,1.0,1.0,0.2,0.23684210526315785,0.0
20260629_152656_9d451bbc,20260629_152656_9d451bbc_g0027,27,282343493,0,8,8,8,1,2,BLUE,champ_v3,1,,"[1, 2]",1,103,1,"{""1"": 103, ""2"": 103, ""3"": 71, ""4"": 62}",True,9.0,-15.0,9.0,0.0,0.0,0.0,543.0,122.625,488.75,9.0,15.0,41.25,153.5,270.0,1506.0,497.75,2.0,19.0,78.0,1.0,1.0,2.0,6.0,9.0,1.0,0.0,0.0,8.0,8.0,0.1,0.09523809523809523,0.0032,0.0032,0.025,0.11363636363636363,0.8863636363636364,0.225,1.0,1.0,0.2,0.23684210526315785,0.0
20260629_152656_9d451bbc,20260629_152656_9d451bbc_g0027,27,282343493,0,8,8,8,1,3,YELLOW,pool_heuristic,2,,"[1, 2]",0,71,2,"{""1"": 103, ""2"": 103, ""3"": 71, ""4"": 62}",True,8.0,-17.0,8.0,0.0,0.0,0.0,519.0,126.125,510.5,8.0,14.0,40.5,160.5,287.5,1530.0,518.5,2.0,19.0,78.0,1.0,1.0,2.0,6.0,9.0,1.0,0.0,1.0,8.0,8.0,0.1,0.09523809523809523,0.0032,0.0032,0.025,0.11363636363636363,0.8863636363636364,0.2,1.0,1.0,0.20833333333333334,0.26315789473684215,0.0
20260629_152656_9d451bbc,20260629_152656_9d451bbc_g0027,27,282343493,0,8,8,8,1,4,GREEN,pool_l45_100ms,3,,"[1, 2]",0,62,3,"{""1"": 103, ""2"": 103, ""3"": 71, ""4"": 62}",True,7.0,-19.0,9.0,0.0,0.0,0.0,444.0,103.25,415.125,7.0,12.0,33.75,130.5,231.875,1605.0,422.125,2.0,19.0,78.0,1.0,1.0,2.0,6.0,9.0,1.0,1.0,0.0,8.0,8.0,0.1,0.09523809523809523,0.0032,0.0032,0.025,0.11363636363636363,0.8863636363636364,0.175,1.0,1.0,0.21666666666666665,0.20526315789473681,0.0
20260629_152656_9d451bbc,20260629_152656_9d451bbc_g0027,27,282343493,1,16,16,16,1,1,RED,pool_peer_500ms,0,,"[1, 2]",1,103,1,"{""1"": 103, ""2"": 103, ""3"": 71, ""4"": 62}",True,16.0,-21.0,0.0,2.0,4.0,0.01,689.0,172.125,666.875,14.0,23.0,64.5,241.0,324.375,1690.0,682.875,4.0,17.0,68.0,1.0,1.0,2.0,6.0,7.0,1.0,0.0,0.0,16.0,16.0,0.2,0.19047619047619047,0.0064,0.0064,0.05,0.22727272727272727,0.7727272727272727,0.4,1.0,1.0,0.30833333333333335,0.49473684210526314,0.0
20260629_152656_9d451bbc,20260629_152656_9d451bbc_g0027,27,282343493,1,16,16,16,1,2,BLUE,champ_v3,1,,"[1, 2]",1,103,1,"{""1"": 103, ""2"": 103, ""3"": 71, ""4"": 62}",True,15.0,-23.0,1.0,2.0,4.0,0.01,826.0,204.5,798.125,15.0,27.0,77.25,289.5,389.375,1553.0,813.125,4.0,17.0,68.0,1.0,1.0,2.0,6.0,7.0,1.0,0.0,0.0,16.0,16.0,0.2,0.19047619047619047,0.0064,0.0064,0.05,0.22727272727272727,0.7727272727272727,0.375,1.0,1.0,0.31666666666666665,0.4894736842105264,0.0
20260629_152656_9d451bbc,20260629_152656_9d451bbc_g0027,27,282343493,1,16,16,16,1,3,YELLOW,pool_heuristic,2,,"[1, 2]",0,71,2,"{""1"": 103, ""2"": 103, ""3"": 71, ""4"": 62}",True,12.0,-29.0,6.0,0.0,4.0,0.01,407.0,109.875,408.875,12.0,18.0,42.75,148.0,188.125,1972.0,420.875,4.0,17.0,68.0,1.0,1.0,2.0,6.0,7.0,0.0,0.0,1.0,16.0,16.0,0.2,0.19047619047619047,0.0064,0.0064,0.05,0.22727272727272727,0.7727272727272727,0.3,1.0,1.0,0.3416666666666667,0.37368421052631573,0.0
20260629_152656_9d451bbc,20260629_152656_9d451bbc_g0027,27,282343493,1,16,16,16,1,4,GREEN,pool_l45_100ms,3,,"[1, 2]",0,62,3,"{""1"": 103, ""2"": 103, ""3"": 71, ""4"": 62}",True,10.0,-33.0,7.0,0.0,4.0,0.01,457.0,108.125,411.0,10.0,16.0,41.25,152.5,191.25,1922.0,421.0,4.0,17.0,68.0,1.0,1.0,2.0,6.0,7.0,1.0,0.0,0.0,16.0,16.0,0.2,0.19047619047619047,0.0064,0.0064,0.05,0.22727272727272727,0.7727272727272727,0.25,1.0,1.0,0.35833333333333334,0.3131578947368421,0.0
20260629_152656_9d451bbc,20260629_152656_9d451bbc_g0027,27,282343493,2,24,24,24,1,1,RED,pool_peer_500ms,0,,"[1, 2]",1,103,1,"{""1"": 103, ""2"": 103, ""3"": 71, ""4"": 62}",True,20.0,-29.0,0.0,11.0,4.0,0.01,540.0,148.875,548.0,17.0,25.0,66.0,187.5,252.5,1280.0,568.0,6.0,15.0,59.0,1.0,1.0,2.0,5.0,6.0,1.0,0.0,0.0,24.0,24.0,0.2975,0.2857142857142857,0.0096,0.0096,0.0725,0.32954545454545453,0.6704545454545454,0.5,1.0,1.0,0.4083333333333333,0.5825771324863884,0.0
20260629_152656_9d451bbc,20260629_152656_9d451bbc_g0027,27,282343493,2,24,24,24,1,2,BLUE,champ_v3,1,,"[1, 2]",1,103,1,"{""1"": 103, ""2"": 103, ""3"": 71, ""4"": 62}",True,19.0,-31.0,1.0,13.0,4.0,0.01,614.0,176.875,646.375,18.0,29.0,77.25,284.0,238.125,1206.0,665.375,6.0,15.0,58.0,1.0,1.0,2.0,6.0,5.0,1.0,0.0,0.0,24.0,24.0,0.2975,0.2857142857142857,0.0096,0.0096,0.075,0.3409090909090909,0.6590909090909091,0.475,1.0,1.0,0.4166666666666667,0.5736842105263158,0.0
20260629_152656_9d451bbc,20260629_152656_9d451bbc_g0027,27,282343493,2,24,24,24,1,3,YELLOW,pool_heuristic,2,,"[1, 2]",0,71,2,"{""1"": 103, ""2"": 103, ""3"": 71, ""4"": 62}",True,18.0,-33.0,4.0,4.0,4.0,0.01,340.0,111.0,376.375,17.0,23.0,52.5,164.5,119.375,1480.0,394.375,6.0,15.0,58.0,1.0,1.0,2.0,6.0,5.0,0.0,0.0,1.0,24.0,24.0,0.2975,0.2857142857142857,0.0096,0.0096,0.075,0.3409090909090909,0.6590909090909091,0.45,1.0,1.0,0.425,0.45438596491228067,0.0
20260629_152656_9d451bbc,20260629_152656_9d451bbc_g0027,27,282343493,2,24,24,24,1,4,GREEN,pool_l45_100ms,3,,"[1, 2]",0,62,3,"{""1"": 103, ""2"": 103, ""3"": 71, ""4"": 62}",True,12.0,-45.0,3.0,2.0,4.0,0.01,326.0,82.375,285.0,12.0,15.0,37.5,125.5,95.0,1494.0,297.0,6.0,15.0,58.0,1.0,1.0,2.0,6.0,5.0,0.0,0.0,0.0,24.0,24.0,0.2975,0.2857142857142857,0.0096,0.0096,0.075,0.3409090909090909,0.6590909090909091,0.3,1.0,1.0,0.475,0.4175438596491228,0.0
20260629_152656_9d451bbc,20260629_152656_9d451bbc_g0027,27,282343493,3,32,32,32,1,1,RED,pool_peer_500ms,0,,"[1, 2]",1,103,1,"{""1"": 103, ""2"": 103, ""3"": 71, ""4"": 62}",True,25.0,-36.0,0.0,22.0,8.0,0.02,319.0,95.75,307.375,19.0,22.0,47.25,123.5,95.625,566.0,332.375,8.0,13.0,49.0,1.0,1.0,2.0,5.0,4.0,0.0,0.0,0.0,32.0,32.0,0.395,0.38095238095238093,0.0128,0.0128,0.0975,0.4431818181818182,0.5568181818181818,0.625,1.0,1.0,0.5083333333333333,0.6342780026990553,0.0
20260629_152656_9d451bbc,20260629_152656_9d451bbc_g0027,27,282343493,3,32,32,32,1,2,BLUE,champ_v3,1,,"[1, 2]",1,103,1,"{""1"": 103, ""2"": 103, ""3"": 71, ""4"": 62}",True,24.0,-38.0,1.0,20.0,8.0,0.02,342.0,117.5,378.0,22.0,28.0,59.25,160.0,108.75,543.0,402.0,8.0,13.0,49.0,1.0,1.0,2.0,5.0,4.0,1.0,0.0,0.0,32.0,32.0,0.395,0.38095238095238093,0.0128,0.0128,0.0975,0.4431818181818182,0.5568181818181818,0.6,1.0,1.0,0.5166666666666667,0.6288798920377867,0.0
20260629_152656_9d451bbc,20260629_152656_9d451bbc_g0027,27,282343493,3,32,32,32,1,3,YELLOW,pool_heuristic,2,,"[1, 2]",0,71,2,"{""1"": 103, ""2"": 103, ""3"": 71, ""4"": 62}",True,23.0,-40.0,4.0,8.0,8.0,0.02,182.0,68.0,183.75,20.0,22.0,34.5,81.0,26.25,703.0,206.75,8.0,13.0,48.0,1.0,1.0,2.0,6.0,3.0,0.0,0.0,0.0,32.0,32.0,0.395,0.38095238095238093,0.0128,0.0128,0.1,0.45454545454545453,0.5454545454545454,0.575,1.0,1.0,0.525,0.46842105263157896,0.0
20260629_152656_9d451bbc,20260629_152656_9d451bbc_g0027,27,282343493,3,32,32,32,1,4,GREEN,pool_l45_100ms,3,,"[1, 2]",0,62,3,"{""1"": 103, ""2"": 103, ""3"": 71, ""4"": 62}",True,14.0,-58.0,3.0,9.0,8.0,0.02,42.0,21.0,39.875,12.0,7.0,6.0,10.5,4.375,843.0,53.875,8.0,13.0,48.0,1.0,1.0,2.0,6.0,3.0,0.0,0.0,0.0,32.0,32.0,0.395,0.38095238095238093,0.0128,0.0128,0.1,0.45454545454545453,0.5454545454545454,0.35,0.9666666666666667,1.0,0.6,0.4421052631578948,0.0
20260629_152656_9d451bbc,20260629_152656_9d451bbc_g0027,27,282343493,4,40,40,40,1,1,RED,pool_peer_500ms,0,,"[1, 2]",1,103,1,"{""1"": 103, ""2"": 103, ""3"": 71, ""4"": 62}",True,32.0,-36.0,0.0,31.0,13.0,0.0325,203.0,71.625,189.75,24.0,21.0,36.0,67.5,41.25,302.0,221.75,10.0,11.0,40.0,1.0,1.0,2.0,4.0,3.0,0.0,0.0,0.0,40.0,40.0,0.485,0.47619047619047616,0.016,0.016,0.12,0.5454545454545454,0.45454545454545453,0.8,1.0,1.0,0.5666666666666667,0.6195175438596492,0.0
20260629_152656_9d451bbc,20260629_152656_9d451bbc_g0027,27,282343493,4,40,40,40,1,2,BLUE,champ_v3,1,,"[1, 2]",1,103,1,"{""1"": 103, ""2"": 103, ""3"": 71, ""4"": 62}",True,29.0,-42.0,1.0,30.0,13.0,0.0325,176.0,77.75,219.25,22.0,22.0,43.5,78.0,53.75,329.0,248.25,10.0,11.0,40.0,1.0,1.0,2.0,4.0,3.0,1.0,0.0,0.0,40.0,40.0,0.485,0.47619047619047616,0.016,0.016,0.12,0.5454545454545454,0.45454545454545453,0.725,1.0,1.0,0.5916666666666667,0.6271929824561404,0.0
20260629_152656_9d451bbc,20260629_152656_9d451bbc_g0027,27,282343493,4,40,40,40,1,3,YELLOW,pool_heuristic,2,,"[1, 2]",0,71,2,"{""1"": 103, ""2"": 103, ""3"": 71, ""4"": 62}",True,28.0,-44.0,4.0,17.0,13.0,0.0325,116.0,54.625,122.25,24.0,18.0,24.75,45.5,10.0,389.0,150.25,10.0,11.0,39.0,1.0,1.0,2.0,5.0,2.0,0.0,0.0,0.0,40.0,40.0,0.485,0.47619047619047616,0.016,0.016,0.1225,0.5568181818181818,0.4431818181818182,0.7,1.0,1.0,0.6,0.4403866809881848,0.0
20260629_152656_9d451bbc,20260629_152656_9d451bbc_g0027,27,282343493,4,40,40,40,1,4,GREEN,pool_l45_100ms,3,,"[1, 2]",0,62,3,"{""1"": 103, ""2"": 103, ""3"": 71, ""4"": 62}",True,11.0,-78.0,3.0,16.0,13.0,0.0325,10.0,9.0,10.0,8.0,2.0,0.0,0.0,0.0,495.0,21.0,10.0,11.0,39.0,1.0,1.0,2.0,5.0,2.0,0.0,0.0,0.0,40.0,40.0,0.485,0.47619047619047616,0.016,0.016,0.1225,0.5568181818181818,0.4431818181818182,0.275,0.5333333333333333,1.0,0.7416666666666667,0.3974221267454351,0.0
20260629_152656_9d451bbc,20260629_152656_9d451bbc_g0027,27,282343493,5,48,48,48,1,1,RED,pool_peer_500ms,0,,"[1, 2]",1,103,1,"{""1"": 103, ""2"": 103, ""3"": 71, ""4"": 62}",True,33.0,-30.0,0.0,41.0,16.0,0.04,78.0,41.125,77.25,22.0,16.0,18.75,15.5,5.0,158.0,110.25,12.0,9.0,30.0,1.0,1.0,2.0,4.0,1.0,0.0,0.0,0.0,48.0,48.0,0.57,0.5714285714285714,0.0192,0.0192,0.145,0.6590909090909091,0.3409090909090909,0.825,1.0,1.0,0.525,0.5943738656987296,0.0
20260629_152656_9d451bbc,20260629_152656_9d451bbc_g0027,27,282343493,5,48,48,48,1,2,BLUE,champ_v3,1,,"[1, 2]",1,103,1,"{""1"": 103, ""2"": 103, ""3"": 71, ""4"": 62}",True,28.0,-40.0,1.0,43.0,16.0,0.04,109.0,48.75,120.75,17.0,17.0,30.75,36.0,20.0,127.0,148.75,12.0,9.0,31.0,1.0,1.0,2.0,3.0,2.0,1.0,0.0,0.0,48.0,48.0,0.57,0.5714285714285714,0.0192,0.0192,0.1425,0.6477272727272727,0.3522727272727273,0.7,1.0,1.0,0.5666666666666667,0.6325023084025854,0.0
20260629_152656_9d451bbc,20260629_152656_9d451bbc_g0027,27,282343493,5,48,48,48,1,3,YELLOW,pool_heuristic,2,,"[1, 2]",0,71,2,"{""1"": 103, ""2"": 103, ""3"": 71, ""4"": 62}",True,25.0,-46.0,4.0,24.0,16.0,0.04,42.0,29.0,44.75,20.0,9.0,8.25,5.0,2.5,194.0,69.75,12.0,9.0,31.0,1.0,1.0,2.0,3.0,2.0,0.0,0.0,0.0,48.0,48.0,0.57,0.5714285714285714,0.0192,0.0192,0.1425,0.6477272727272727,0.3522727272727273,0.625,1.0,1.0,0.5916666666666667,0.4349030470914128,0.0
20260629_152656_9d451bbc,20260629_152656_9d451bbc_g0027,27,282343493,5,48,48,48,1,4,GREEN,pool_l45_100ms,3,,"[1, 2]",0,62,3,"{""1"": 103, ""2"": 103, ""3"": 71, ""4"": 62}",True,10.0,-76.0,3.0,23.0,16.0,0.04,7.0,7.0,7.0,7.0,0.0,0.0,0.0,0.0,229.0,17.0,12.0,9.0,32.0,1.0,0.0,2.0,5.0,1.0,0.0,0.0,0.0,48.0,48.0,0.57,0.5714285714285714,0.0192,0.0192,0.14,0.6363636363636364,0.36363636363636365,0.25,0.3,1.0,0.7166666666666667,0.3984962406015038,0.0
20260629_152656_9d451bbc,20260629_152656_9d451bbc_g0027,27,282343493,6,56,56,57,2,1,RED,pool_peer_500ms,0,,"[1, 2]",1,103,1,"{""1"": 103, ""2"": 103, ""3"": 71, ""4"": 62}",True,32.0,-28.0,0.0,51.0,23.0,0.0575,35.0,28.0,36.0,21.0,12.0,3.0,0.0,0.0,77.0,68.0,15.0,6.0,19.0,1.0,1.0,1.0,2.0,1.0,0.0,0.0,0.0,56.0,57.0,0.64,0.7142857142857143,0.0228,0.0224,0.1725,0.7840909090909091,0.2159090909090909,0.8,0.9166666666666666,1.0,0.5,0.5751334858886347,0.0
20260629_152656_9d451bbc,20260629_152656_9d451bbc_g0027,27,282343493,6,56,56,57,2,2,BLUE,champ_v3,1,,"[1, 2]",1,103,1,"{""1"": 103, ""2"": 103, ""3"": 71, ""4"": 62}",True,28.0,-36.0,1.0,54.0,23.0,0.0575,61.0,31.25,61.25,15.0,12.0,20.25,14.0,0.0,51.0,89.25,14.0,7.0,21.0,1.0,1.0,2.0,3.0,0.0,0.0,0.0,0.0,56.0,57.0,0.64,0.6666666666666666,0.0228,0.0224,0.1675,0.7613636363636364,0.23863636363636365,0.7,1.0,0.8,0.5333333333333333,0.598586017282011,0.0
20260629_152656_9d451bbc,20260629_152656_9d451bbc_g0027,27,282343493,6,56,56,57,2,3,YELLOW,pool_heuristic,2,,"[1, 2]",0,71,2,"{""1"": 103, ""2"": 103, ""3"": 71, ""4"": 62}",True,22.0,-48.0,4.0,36.0,23.0,0.0575,16.0,15.0,16.0,14.0,2.0,0.0,0.0,0.0,96.0,38.0,14.0,7.0,25.0,1.0,1.0,0.0,3.0,2.0,0.0,0.0,0.0,56.0,57.0,0.64,0.6666666666666666,0.0228,0.0224,0.1575,0.7159090909090909,0.2840909090909091,0.55,0.7333333333333333,1.0,0.5833333333333333,0.4076858813700919,0.0
20260629_152656_9d451bbc,20260629_152656_9d451bbc_g0027,27,282343493,6,56,56,57,2,4,GREEN,pool_l45_100ms,3,,"[1, 2]",0,62,3,"{""1"": 103, ""2"": 103, ""3"": 71, ""4"": 62}",True,10.0,-72.0,3.0,25.0,23.0,0.0575,0.0,0.0,0.0,0.0,0.0,0.0,0.0,0.0,112.0,10.0,13.0,8.0,31.0,0.0,0.0,2.0,5.0,1.0,0.0,0.0,0.0,56.0,57.0,0.64,0.6190476190476191,0.0228,0.0224,0.1425,0.6477272727272727,0.3522727272727273,0.25,0.3,1.0,0.6833333333333333,0.4016620498614959,0.0
20260629_152656_9d451bbc,20260629_152656_9d451bbc_g0027,27,282343493,7,64,64,69,2,1,RED,pool_peer_500ms,0,,"[1, 2]",1,103,1,"{""1"": 103, ""2"": 103, ""3"": 71, ""4"": 62}",True,31.0,-28.0,0.0,58.0,25.0,0.0625,2.0,1.5,5.5,0.0,0.0,1.5,4.0,0.0,28.0,36.5,18.0,3.0,11.0,0.0,0.0,1.0,2.0,0.0,0.0,0.0,0.0,64.0,69.0,0.695,0.8571428571428571,0.0276,0.0256,0.1925,0.875,0.125,0.775,0.7333333333333333,0.8,0.4916666666666667,0.5625427204374573,0.0
20260629_152656_9d451bbc,20260629_152656_9d451bbc_g0027,27,282343493,7,64,64,69,2,2,BLUE,champ_v3,1,,"[1, 2]",1,103,1,"{""1"": 103, ""2"": 103, ""3"": 71, ""4"": 62}",True,27.0,-36.0,1.0,65.0,25.0,0.0625,28.0,18.5,26.0,13.0,7.0,6.0,0.0,0.0,2.0,53.0,17.0,4.0,10.0,1.0,1.0,1.0,1.0,0.0,0.0,0.0,0.0,64.0,69.0,0.695,0.8095238095238095,0.0276,0.0256,0.195,0.8863636363636364,0.11363636363636363,0.675,0.7166666666666667,0.8,0.525,0.5701754385964912,0.0
20260629_152656_9d451bbc,20260629_152656_9d451bbc_g0027,27,282343493,7,64,64,69,2,3,YELLOW,pool_heuristic,2,,"[1, 2]",0,71,2,"{""1"": 103, ""2"": 103, ""3"": 71, ""4"": 62}",True,22.0,-46.0,4.0,45.0,25.0,0.0625,0.0,0.0,0.0,0.0,0.0,0.0,0.0,0.0,30.0,22.0,16.0,5.0,22.0,0.0,0.0,0.0,3.0,2.0,0.0,0.0,0.0,64.0,69.0,0.695,0.7619047619047619,0.0276,0.0256,0.165,0.75,0.25,0.55,0.5,1.0,0.5666666666666667,0.3995215311004785,0.0
20260629_152656_9d451bbc,20260629_152656_9d451bbc_g0027,27,282343493,7,64,64,69,2,4,GREEN,pool_l45_100ms,3,,"[1, 2]",0,62,3,"{""1"": 103, ""2"": 103, ""3"": 71, ""4"": 62}",True,10.0,-70.0,3.0,33.0,25.0,0.0625,0.0,0.0,0.0,0.0,0.0,0.0,0.0,0.0,30.0,10.0,13.0,8.0,31.0,0.0,0.0,2.0,5.0,1.0,0.0,0.0,0.0,64.0,69.0,0.695,0.6190476190476191,0.0276,0.0256,0.1425,0.6477272727272727,0.3522727272727273,0.25,0.26666666666666666,1.0,0.6666666666666667,0.4016620498614959,0.0
20260629_152656_9d451bbc,20260629_152656_9d451bbc_g0028,28,1149857417,0,8,8,8,1,1,RED,champ_v3,0,1.0,[1],1,103,1,"{""1"": 103, ""2"": 72, ""3"": 78, ""4"": 82}",False,9.0,-14.0,9.0,0.0,0.0,0.0,543.0,122.625,488.75,9.0,15.0,41.25,153.5,270.0,1336.0,497.75,2.0,19.0,78.0,1.0,1.0,2.0,6.0,9.0,1.0,0.0,0.0,8.0,8.0,0.1,0.09523809523809523,0.0032,0.0032,0.025,0.11363636363636363,0.8863636363636364,0.225,1.0,1.0,0.19166666666666668,0.23684210526315785,0.0
20260629_152656_9d451bbc,20260629_152656_9d451bbc_g0028,28,1149857417,0,8,8,8,1,2,BLUE,pool_heuristic,1,1.0,[1],0,72,4,"{""1"": 103, ""2"": 72, ""3"": 78, ""4"": 82}",False,7.0,-18.0,9.0,0.0,0.0,0.0,429.0,105.125,423.0,7.0,12.0,34.5,134.5,235.0,1450.0,430.0,2.0,19.0,78.0,1.0,1.0,2.0,6.0,9.0,1.0,0.0,1.0,8.0,8.0,0.1,0.09523809523809523,0.0032,0.0032,0.025,0.11363636363636363,0.8863636363636364,0.175,1.0,1.0,0.20833333333333334,0.25263157894736843,0.0
20260629_152656_9d451bbc,20260629_152656_9d451bbc_g0028,28,1149857417,0,8,8,8,1,3,YELLOW,pool_l45_100ms,2,1.0,[1],0,78,3,"{""1"": 103, ""2"": 72, ""3"": 78, ""4"": 82}",False,7.0,-18.0,9.0,0.0,0.0,0.0,364.0,86.0,341.875,7.0,10.0,27.0,108.5,189.375,1515.0,348.875,2.0,19.0,78.0,1.0,1.0,2.0,6.0,9.0,1.0,1.0,0.0,8.0,8.0,0.1,0.09523809523809523,0.0032,0.0032,0.025,0.11363636363636363,0.8863636363636364,0.175,1.0,1.0,0.20833333333333334,0.17368421052631577,0.0
20260629_152656_9d451bbc,20260629_152656_9d451bbc_g0028,28,1149857417,0,8,8,8,1,4,GREEN,pool_peer_500ms,3,1.0,[1],0,82,2,"{""1"": 103, ""2"": 72, ""3"": 78, ""4"": 82}",False,9.0,-14.0,9.0,0.0,0.0,0.0,543.0,122.625,488.75,9.0,15.0,41.25,153.5,270.0,1336.0,497.75,2.0,19.0,78.0,1.0,1.0,2.0,6.0,9.0,1.0,0.0,0.0,8.0,8.0,0.1,0.09523809523809523,0.0032,0.0032,0.025,0.11363636363636363,0.8863636363636364,0.225,1.0,1.0,0.19166666666666668,0.23684210526315785,0.0
20260629_152656_9d451bbc,20260629_152656_9d451bbc_g0028,28,1149857417,1,16,16,16,1,1,RED,champ_v3,0,1.0,[1],1,103,1,"{""1"": 103, ""2"": 72, ""3"": 78, ""4"": 82}",False,15.0,-25.0,1.0,4.0,0.0,0.0,627.0,158.5,605.75,14.0,23.0,60.75,223.0,285.0,1694.0,620.75,4.0,17.0,68.0,1.0,1.0,2.0,6.0,7.0,1.0,0.0,0.0,16.0,16.0,0.2,0.19047619047619047,0.0064,0.0064,0.05,0.22727272727272727,0.7727272727272727,0.375,1.0,1.0,0.33333333333333337,0.4815789473684211,0.0
20260629_152656_9d451bbc,20260629_152656_9d451bbc_g0028,28,1149857417,1,16,16,16,1,2,BLUE,pool_heuristic,1,1.0,[1],0,72,4,"{""1"": 103, ""2"": 72, ""3"": 78, ""4"": 82}",False,14.0,-27.0,3.0,2.0,0.0,0.0,617.0,169.625,658.375,13.0,23.0,64.5,241.0,316.875,1704.0,672.375,4.0,17.0,68.0,1.0,1.0,2.0,6.0,7.0,1.0,0.0,1.0,16.0,16.0,0.2,0.19047619047619047,0.0064,0.0064,0.05,0.22727272727272727,0.7727272727272727,0.35,1.0,1.0,0.3416666666666667,0.46842105263157896,0.0
20260629_152656_9d451bbc,20260629_152656_9d451bbc_g0028,28,1149857417,1,16,16,16,1,3,YELLOW,pool_l45_100ms,2,1.0,[1],0,78,3,"{""1"": 103, ""2"": 72, ""3"": 78, ""4"": 82}",False,11.0,-33.0,5.0,0.0,0.0,0.0,417.0,100.125,375.625,11.0,15.0,36.0,138.0,175.625,1904.0,386.625,4.0,17.0,68.0,1.0,1.0,2.0,6.0,7.0,1.0,0.0,0.0,16.0,16.0,0.2,0.19047619047619047,0.0064,0.0064,0.05,0.22727272727272727,0.7727272727272727,0.275,1.0,1.0,0.36666666666666664,0.3526315789473684,0.0
20260629_152656_9d451bbc,20260629_152656_9d451bbc_g0028,28,1149857417,1,16,16,16,1,4,GREEN,pool_peer_500ms,3,1.0,[1],0,82,2,"{""1"": 103, ""2"": 72, ""3"": 78, ""4"": 82}",False,15.0,-25.0,1.0,1.0,0.0,0.0,660.0,166.125,636.875,15.0,23.0,62.25,231.0,305.625,1661.0,651.875,4.0,17.0,68.0,1.0,1.0,2.0,6.0,7.0,1.0,0.0,0.0,16.0,16.0,0.2,0.19047619047619047,0.0064,0.0064,0.05,0.22727272727272727,0.7727272727272727,0.375,1.0,1.0,0.33333333333333337,0.48684210526315785,0.0
20260629_152656_9d451bbc,20260629_152656_9d451bbc_g0028,28,1149857417,2,24,24,24,1,1,RED,champ_v3,0,1.0,[1],1,103,1,"{""1"": 103, ""2"": 72, ""3"": 78, ""4"": 82}",False,18.0,-36.0,1.0,7.0,1.0,0.0025,330.0,100.625,344.125,17.0,19.0,41.25,140.0,126.875,1069.0,362.125,6.0,15.0,58.0,1.0,1.0,2.0,6.0,5.0,1.0,0.0,0.0,24.0,24.0,0.3,0.2857142857142857,0.0096,0.0096,0.075,0.3409090909090909,0.6590909090909091,0.45,1.0,1.0,0.45,0.5982456140350877,0.0
20260629_152656_9d451bbc,20260629_152656_9d451bbc_g0028,28,1149857417,2,24,24,24,1,2,BLUE,pool_heuristic,1,1.0,[1],0,72,4,"{""1"": 103, ""2"": 72, ""3"": 78, ""4"": 82}",False,21.0,-30.0,3.0,5.0,1.0,0.0025,529.0,152.25,545.0,19.0,27.0,66.0,223.0,210.0,870.0,566.0,6.0,15.0,58.0,1.0,1.0,2.0,6.0,5.0,0.0,0.0,1.0,24.0,24.0,0.3,0.2857142857142857,0.0096,0.0096,0.075,0.3409090909090909,0.6590909090909091,0.525,1.0,1.0,0.425,0.512280701754386,0.0
20260629_152656_9d451bbc,20260629_152656_9d451bbc_g0028,28,1149857417,2,24,24,24,1,3,YELLOW,pool_l45_100ms,2,1.0,[1],0,78,3,"{""1"": 103, ""2"": 72, ""3"": 78, ""4"": 82}",False,13.0,-46.0,5.0,7.0,1.0,0.0025,158.0,48.0,151.375,11.0,10.0,21.0,62.5,46.875,1241.0,164.375,6.0,15.0,58.0,1.0,1.0,2.0,6.0,5.0,0.0,0.0,0.0,24.0,24.0,0.3,0.2857142857142857,0.0096,0.0096,0.075,0.3409090909090909,0.6590909090909091,0.325,1.0,1.0,0.4916666666666667,0.4035087719298245,0.0
20260629_152656_9d451bbc,20260629_152656_9d451bbc_g0028,28,1149857417,2,24,24,24,1,4,GREEN,pool_peer_500ms,3,1.0,[1],0,82,2,"{""1"": 103, ""2"": 72, ""3"": 78, ""4"": 82}",False,20.0,-32.0,1.0,9.0,1.0,0.0025,382.0,114.375,383.375,19.0,25.0,52.5,160.0,126.875,1017.0,403.375,6.0,15.0,58.0,1.0,1.0,2.0,6.0,5.0,1.0,0.0,0.0,24.0,24.0,0.3,0.2857142857142857,0.0096,0.0096,0.075,0.3409090909090909,0.6590909090909091,0.5,1.0,1.0,0.4333333333333333,0.5052631578947369,0.0
20260629_152656_9d451bbc,20260629_152656_9d451bbc_g0028,28,1149857417,3,32,32,32,1,1,RED,champ_v3,0,1.0,[1],1,103,1,"{""1"": 103, ""2"": 72, ""3"": 78, ""4"": 82}",False,22.0,-36.0,1.0,12.0,5.0,0.0125,177.0,63.75,183.0,19.0,16.0,29.25,65.0,53.75,412.0,205.0,8.0,13.0,49.0,1.0,1.0,2.0,5.0,4.0,1.0,0.0,0.0,32.0,32.0,0.3975,0.38095238095238093,0.0128,0.0128,0.0975,0.4431818181818182,0.5568181818181818,0.55,1.0,1.0,0.4833333333333333,0.5937921727395412,0.0
20260629_152656_9d451bbc,20260629_152656_9d451bbc_g0028,28,1149857417,3,32,32,32,1,2,BLUE,pool_heuristic,1,1.0,[1],0,72,4,"{""1"": 103, ""2"": 72, ""3"": 78, ""4"": 82}",False,22.0,-36.0,3.0,6.0,5.0,0.0125,119.0,52.0,124.125,20.0,17.0,27.75,47.5,11.875,470.0,146.125,8.0,13.0,48.0,1.0,1.0,2.0,6.0,3.0,0.0,0.0,1.0,32.0,32.0,0.3975,0.38095238095238093,0.0128,0.0128,0.1,0.45454545454545453,0.5454545454545454,0.55,1.0,1.0,0.4833333333333333,0.49473684210526314,0.0
20260629_152656_9d451bbc,20260629_152656_9d451bbc_g0028,28,1149857417,3,32,32,32,1,3,YELLOW,pool_l45_100ms,2,1.0,[1],0,78,3,"{""1"": 103, ""2"": 72, ""3"": 78, ""4"": 82}",False,15.0,-50.0,5.0,10.0,5.0,0.0125,83.0,31.125,79.25,12.0,7.0,14.25,33.5,12.5,506.0,94.25,8.0,13.0,48.0,1.0,1.0,2.0,6.0,3.0,0.0,0.0,0.0,32.0,32.0,0.3975,0.38095238095238093,0.0128,0.0128,0.1,0.45454545454545453,0.5454545454545454,0.375,1.0,1.0,0.5416666666666667,0.3907894736842106,0.0
20260629_152656_9d451bbc,20260629_152656_9d451bbc_g0028,28,1149857417,3,32,32,32,1,4,GREEN,pool_peer_500ms,3,1.0,[1],0,82,2,"{""1"": 103, ""2"": 72, ""3"": 78, ""4"": 82}",False,21.0,-38.0,1.0,16.0,5.0,0.0125,210.0,70.0,209.5,17.0,17.0,32.25,102.0,41.25,379.0,230.5,8.0,13.0,48.0,1.0,1.0,2.0,6.0,3.0,0.0,0.0,0.0,32.0,32.0,0.3975,0.38095238095238093,0.0128,0.0128,0.1,0.45454545454545453,0.5454545454545454,0.525,1.0,1.0,0.4916666666666667,0.5605263157894738,0.0
20260629_152656_9d451bbc,20260629_152656_9d451bbc_g0028,28,1149857417,4,40,40,40,1,1,RED,champ_v3,0,1.0,[1],1,103,1,"{""1"": 103, ""2"": 72, ""3"": 78, ""4"": 82}",False,26.0,-37.0,1.0,26.0,17.0,0.0425,88.0,42.875,94.5,20.0,13.0,18.0,33.5,10.0,206.0,120.5,10.0,11.0,39.0,1.0,1.0,2.0,5.0,2.0,0.0,0.0,0.0,40.0,40.0,0.495,0.47619047619047616,0.016,0.016,0.1225,0.5568181818181818,0.4431818181818182,0.65,1.0,1.0,0.525,0.5853920515574651,0.0
20260629_152656_9d451bbc,20260629_152656_9d451bbc_g0028,28,1149857417,4,40,40,40,1,2,BLUE,pool_heuristic,1,1.0,[1],0,72,4,"{""1"": 103, ""2"": 72, ""3"": 78, ""4"": 82}",False,21.0,-47.0,3.0,19.0,17.0,0.0425,54.0,31.75,56.25,18.0,12.0,14.25,12.0,0.0,240.0,77.25,10.0,11.0,39.0,1.0,1.0,2.0,5.0,2.0,0.0,0.0,0.0,40.0,40.0,0.495,0.47619047619047616,0.016,0.016,0.1225,0.5568181818181818,0.4431818181818182,0.525,1.0,1.0,0.5666666666666667,0.49194414607948433,0.0
20260629_152656_9d451bbc,20260629_152656_9d451bbc_g0028,28,1149857417,4,40,40,40,1,3,YELLOW,pool_l45_100ms,2,1.0,[1],0,78,3,"{""1"": 103, ""2"": 72, ""3"": 78, ""4"": 82}",False,17.0,-55.0,5.0,15.0,17.0,0.0425,53.0,26.25,54.25,13.0,8.0,12.75,18.0,2.5,241.0,71.25,10.0,11.0,38.0,1.0,1.0,2.0,6.0,1.0,0.0,0.0,0.0,40.0,40.0,0.495,0.47619047619047616,0.016,0.016,0.125,0.5681818181818182,0.4318181818181818,0.425,1.0,1.0,0.6,0.40526315789473677,0.0
20260629_152656_9d451bbc,20260629_152656_9d451bbc_g0028,28,1149857417,4,40,40,40,1,4,GREEN,pool_peer_500ms,3,1.0,[1],0,82,2,"{""1"": 103, ""2"": 72, ""3"": 78, ""4"": 82}",False,25.0,-39.0,1.0,23.0,17.0,0.0425,99.0,44.875,102.75,18.0,17.0,21.75,38.5,7.5,195.0,127.75,10.0,11.0,38.0,1.0,1.0,2.0,6.0,1.0,0.0,0.0,0.0,40.0,40.0,0.495,0.47619047619047616,0.016,0.016,0.125,0.5681818181818182,0.4318181818181818,0.625,1.0,1.0,0.5333333333333333,0.5347368421052632,0.0
20260629_152656_9d451bbc,20260629_152656_9d451bbc_g0028,28,1149857417,5,48,48,48,1,1,RED,champ_v3,0,1.0,[1],1,103,1,"{""1"": 103, ""2"": 72, ""3"": 78, ""4"": 82}",False,24.0,-35.0,1.0,41.0,21.0,0.0525,55.0,32.0,57.5,19.0,10.0,12.0,14.0,2.5,88.0,81.5,12.0,9.0,30.0,1.0,1.0,2.0,4.0,1.0,0.0,0.0,0.0,48.0,48.0,0.5775,0.5714285714285714,0.0192,0.0192,0.145,0.6590909090909091,0.3409090909090909,0.6,1.0,1.0,0.4916666666666667,0.5490018148820327,0.0
20260629_152656_9d451bbc,20260629_152656_9d451bbc_g0028,28,1149857417,5,48,48,48,1,2,BLUE,pool_heuristic,1,1.0,[1],0,72,4,"{""1"": 103, ""2"": 72, ""3"": 78, ""4"": 82}",False,19.0,-45.0,3.0,26.0,21.0,0.0525,34.0,22.0,35.0,15.0,7.0,4.5,6.0,2.5,109.0,54.0,12.0,9.0,32.0,1.0,1.0,1.0,4.0,2.0,0.0,0.0,0.0,48.0,48.0,0.5775,0.5714285714285714,0.0192,0.0192,0.14,0.6363636363636364,0.36363636363636365,0.475,0.9833333333333333,1.0,0.5333333333333333,0.48402255639097747,0.0
20260629_152656_9d451bbc,20260629_152656_9d451bbc_g0028,28,1149857417,5,48,48,48,1,3,YELLOW,pool_l45_100ms,2,1.0,[1],0,78,3,"{""1"": 103, ""2"": 72, ""3"": 78, ""4"": 82}",False,16.0,-51.0,5.0,21.0,21.0,0.0525,19.0,14.5,19.75,11.0,4.0,3.75,1.0,0.0,124.0,35.75,12.0,9.0,29.0,1.0,1.0,2.0,5.0,0.0,0.0,0.0,0.0,48.0,48.0,0.5775,0.5714285714285714,0.0192,0.0192,0.1475,0.6704545454545454,0.32954545454545453,0.4,0.9333333333333333,0.8,0.5583333333333333,0.39429081177520064,0.0
20260629_152656_9d451bbc,20260629_152656_9d451bbc_g0028,28,1149857417,5,48,48,48,1,4,GREEN,pool_peer_500ms,3,1.0,[1],0,82,2,"{""1"": 103, ""2"": 72, ""3"": 78, ""4"": 82}",False,24.0,-35.0,1.0,35.0,21.0,0.0525,35.0,22.75,35.75,15.0,9.0,5.25,4.0,2.5,108.0,59.75,12.0,9.0,30.0,1.0,1.0,2.0,4.0,1.0,0.0,0.0,0.0,48.0,48.0,0.5775,0.5714285714285714,0.0192,0.0192,0.145,0.6590909090909091,0.3409090909090909,0.6,1.0,1.0,0.4916666666666667,0.52994555353902,0.0
20260629_152656_9d451bbc,20260629_152656_9d451bbc_g0028,28,1149857417,6,56,56,56,1,1,RED,champ_v3,0,1.0,[1],1,103,1,"{""1"": 103, ""2"": 72, ""3"": 78, ""4"": 82}",False,24.0,-30.0,1.0,52.0,32.0,0.08,27.0,20.75,27.5,16.0,6.0,4.5,1.0,0.0,37.0,51.5,14.0,7.0,21.0,1.0,1.0,2.0,3.0,0.0,0.0,0.0,0.0,56.0,56.0,0.6475,0.6666666666666666,0.0224,0.0224,0.1675,0.7613636363636364,0.23863636363636365,0.6,0.9666666666666667,0.8,0.45,0.5153181461115475,0.0
20260629_152656_9d451bbc,20260629_152656_9d451bbc_g0028,28,1149857417,6,56,56,56,1,2,BLUE,pool_heuristic,1,1.0,[1],0,72,4,"{""1"": 103, ""2"": 72, ""3"": 78, ""4"": 82}",False,18.0,-42.0,3.0,36.0,32.0,0.08,12.0,11.5,12.5,11.0,0.0,1.5,0.0,0.0,52.0,30.5,14.0,7.0,25.0,1.0,0.0,1.0,4.0,1.0,0.0,0.0,0.0,56.0,56.0,0.6475,0.6666666666666666,0.0224,0.0224,0.1575,0.7159090909090909,0.2840909090909091,0.45,0.6833333333333333,1.0,0.5,0.4720133667502089,0.0
20260629_152656_9d451bbc,20260629_152656_9d451bbc_g0028,28,1149857417,6,56,56,56,1,3,YELLOW,pool_l45_100ms,2,1.0,[1],0,78,3,"{""1"": 103, ""2"": 72, ""3"": 78, ""4"": 82}",False,13.0,-52.0,5.0,30.0,32.0,0.08,9.0,8.5,9.0,8.0,1.0,0.0,0.0,0.0,55.0,22.0,14.0,7.0,22.0,1.0,1.0,1.0,4.0,0.0,0.0,0.0,0.0,56.0,56.0,0.6475,0.6666666666666666,0.0224,0.0224,0.165,0.75,0.25,0.325,0.6333333333333333,0.8,0.5416666666666667,0.37400318979266345,0.0
20260629_152656_9d451bbc,20260629_152656_9d451bbc_g0028,28,1149857417,6,56,56,56,1,4,GREEN,pool_peer_500ms,3,1.0,[1],0,82,2,"{""1"": 103, ""2"": 72, ""3"": 78, ""4"": 82}",False,23.0,-32.0,1.0,42.0,32.0,0.08,16.0,14.375,18.5,13.0,0.0,0.0,5.5,0.0,48.0,41.5,14.0,7.0,25.0,1.0,0.0,1.0,4.0,1.0,0.0,0.0,0.0,56.0,56.0,0.6475,0.6666666666666666,0.0224,0.0224,0.1575,0.7159090909090909,0.2840909090909091,0.575,0.8333333333333334,1.0,0.4583333333333333,0.5263157894736843,0.0
20260629_152656_9d451bbc,20260629_152656_9d451bbc_g0028,28,1149857417,7,64,64,64,1,1,RED,champ_v3,0,1.0,[1],1,103,1,"{""1"": 103, ""2"": 72, ""3"": 78, ""4"": 82}",False,22.0,-30.0,0.0,56.0,33.0,0.0825,7.0,3.5,8.0,0.0,5.0,3.0,0.0,0.0,10.0,30.0,16.0,5.0,16.0,0.0,1.0,2.0,2.0,0.0,0.0,0.0,0.0,64.0,64.0,0.695,0.7619047619047619,0.0256,0.0256,0.18,0.8181818181818182,0.18181818181818182,0.55,0.8,0.8,0.4333333333333333,0.513157894736842,0.0
20260629_152656_9d451bbc,20260629_152656_9d451bbc_g0028,28,1149857417,7,64,64,64,1,2,BLUE,pool_heuristic,1,1.0,[1],0,72,4,"{""1"": 103, ""2"": 72, ""3"": 78, ""4"": 82}",False,16.0,-42.0,3.0,47.0,33.0,0.0825,0.0,0.0,0.0,0.0,0.0,0.0,0.0,0.0,17.0,16.0,16.0,5.0,21.0,0.0,0.0,0.0,4.0,1.0,0.0,0.0,0.0,64.0,64.0,0.695,0.7619047619047619,0.0256,0.0256,0.1675,0.7613636363636364,0.23863636363636365,0.4,0.5666666666666667,1.0,0.4833333333333333,0.45640219952867245,0.0
20260629_152656_9d451bbc,20260629_152656_9d451bbc_g0028,28,1149857417,7,64,64,64,1,3,YELLOW,pool_l45_100ms,2,1.0,[1],0,78,3,"{""1"": 103, ""2"": 72, ""3"": 78, ""4"": 82}",False,14.0,-46.0,5.0,41.0,33.0,0.0825,9.0,9.0,9.0,9.0,0.0,0.0,0.0,0.0,8.0,23.0,16.0,5.0,16.0,1.0,0.0,1.0,3.0,0.0,0.0,0.0,0.0,64.0,64.0,0.695,0.7619047619047619,0.0256,0.0256,0.18,0.8181818181818182,0.18181818181818182,0.35,0.5833333333333334,0.8,0.5,0.39181286549707606,0.0
20260629_152656_9d451bbc,20260629_152656_9d451bbc_g0028,28,1149857417,7,64,64,64,1,4,GREEN,pool_peer_500ms,3,1.0,[1],0,82,2,"{""1"": 103, ""2"": 72, ""3"": 78, ""4"": 82}",False,22.0,-30.0,1.0,46.0,33.0,0.0825,1.0,0.125,0.5,0.0,0.0,0.0,0.5,0.0,16.0,22.5,16.0,5.0,21.0,0.0,0.0,0.0,4.0,1.0,0.0,0.0,0.0,64.0,64.0,0.695,0.7619047619047619,0.0256,0.0256,0.1675,0.7613636363636364,0.23863636363636365,0.55,0.65,1.0,0.4333333333333333,0.5098193244304792,0.0
20260629_152656_9d451bbc,20260629_152656_9d451bbc_g0029,29,2120937495,0,8,8,8,1,1,RED,pool_heuristic,0,4.0,[4],0,76,4,"{""1"": 76, ""2"": 83, ""3"": 92, ""4"": 104}",False,9.0,-14.0,9.0,0.0,3.0,0.0075,578.0,141.875,572.875,9.0,16.0,46.5,182.0,319.375,1413.0,581.875,2.0,19.0,78.0,1.0,1.0,2.0,6.0,9.0,1.0,0.0,1.0,8.0,8.0,0.1,0.09523809523809523,0.0032,0.0032,0.025,0.11363636363636363,0.8863636363636364,0.225,1.0,1.0,0.19166666666666668,0.2578947368421053,0.0
20260629_152656_9d451bbc,20260629_152656_9d451bbc_g0029,29,2120937495,0,8,8,8,1,2,BLUE,pool_l45_100ms,1,4.0,[4],0,83,3,"{""1"": 76, ""2"": 83, ""3"": 92, ""4"": 104}",False,5.0,-22.0,9.0,0.0,3.0,0.0075,327.0,76.25,309.5,5.0,8.0,24.0,95.0,177.5,1664.0,314.5,2.0,19.0,78.0,1.0,1.0,2.0,6.0,9.0,1.0,1.0,0.0,8.0,8.0,0.1,0.09523809523809523,0.0032,0.0032,0.025,0.11363636363636363,0.8863636363636364,0.125,1.0,1.0,0.225,0.15263157894736834,0.0
20260629_152656_9d451bbc,20260629_152656_9d451bbc_g0029,29,2120937495,0,8,8,8,1,3,YELLOW,pool_peer_500ms,2,4.0,[4],0,92,2,"{""1"": 76, ""2"": 83, ""3"": 92, ""4"": 104}",False,9.0,-14.0,9.0,0.0,3.0,0.0075,543.0,122.625,488.75,9.0,15.0,41.25,153.5,270.0,1448.0,497.75,2.0,19.0,78.0,1.0,1.0,2.0,6.0,9.0,1.0,0.0,0.0,8.0,8.0,0.1,0.09523809523809523,0.0032,0.0032,0.025,0.11363636363636363,0.8863636363636364,0.225,1.0,1.0,0.19166666666666668,0.23684210526315785,0.0
20260629_152656_9d451bbc,20260629_152656_9d451bbc_g0029,29,2120937495,0,8,8,8,1,4,GREEN,champ_v3,3,4.0,[4],1,104,1,"{""1"": 76, ""2"": 83, ""3"": 92, ""4"": 104}",False,9.0,-14.0,9.0,0.0,3.0,0.0075,543.0,122.625,488.75,9.0,15.0,41.25,153.5,270.0,1448.0,497.75,2.0,19.0,78.0,1.0,1.0,2.0,6.0,9.0,1.0,0.0,0.0,8.0,8.0,0.1,0.09523809523809523,0.0032,0.0032,0.025,0.11363636363636363,0.8863636363636364,0.225,1.0,1.0,0.19166666666666668,0.23684210526315785,0.0
20260629_152656_9d451bbc,20260629_152656_9d451bbc_g0029,29,2120937495,1,16,16,16,1,1,RED,pool_heuristic,0,4.0,[4],0,76,4,"{""1"": 76, ""2"": 83, ""3"": 92, ""4"": 104}",False,14.0,-25.0,4.0,1.0,3.0,0.0075,545.0,153.75,590.625,13.0,21.0,59.25,220.5,276.875,2016.0,604.625,4.0,17.0,68.0,1.0,1.0,2.0,6.0,7.0,1.0,0.0,1.0,16.0,16.0,0.2,0.19047619047619047,0.0064,0.0064,0.05,0.22727272727272727,0.7727272727272727,0.35,1.0,1.0,0.325,0.4421052631578948,0.0
20260629_152656_9d451bbc,20260629_152656_9d451bbc_g0029,29,2120937495,1,16,16,16,1,2,BLUE,pool_l45_100ms,1,4.0,[4],0,83,3,"{""1"": 76, ""2"": 83, ""3"": 92, ""4"": 104}",False,8.0,-37.0,6.0,1.0,3.0,0.0075,429.0,101.5,392.375,8.0,14.0,38.25,146.5,185.625,2132.0,400.375,4.0,17.0,68.0,1.0,1.0,2.0,6.0,7.0,1.0,0.0,0.0,16.0,16.0,0.2,0.19047619047619047,0.0064,0.0064,0.05,0.22727272727272727,0.7727272727272727,0.2,1.0,1.0,0.375,0.3263157894736842,0.0
20260629_152656_9d451bbc,20260629_152656_9d451bbc_g0029,29,2120937495,1,16,16,16,1,3,YELLOW,pool_peer_500ms,2,4.0,[4],0,92,2,"{""1"": 76, ""2"": 83, ""3"": 92, ""4"": 104}",False,16.0,-21.0,0.0,3.0,3.0,0.0075,828.0,204.875,800.375,15.0,27.0,76.5,290.0,391.875,1733.0,816.375,4.0,17.0,68.0,1.0,1.0,2.0,6.0,7.0,1.0,0.0,0.0,16.0,16.0,0.2,0.19047619047619047,0.0064,0.0064,0.05,0.22727272727272727,0.7727272727272727,0.4,1.0,1.0,0.30833333333333335,0.49473684210526314,0.0
20260629_152656_9d451bbc,20260629_152656_9d451bbc_g0029,29,2120937495,1,16,16,16,1,4,GREEN,champ_v3,3,4.0,[4],1,104,1,"{""1"": 76, ""2"": 83, ""3"": 92, ""4"": 104}",False,15.0,-23.0,1.0,3.0,3.0,0.0075,759.0,188.625,731.125,15.0,26.0,70.5,264.0,355.625,1802.0,746.125,4.0,17.0,68.0,1.0,1.0,2.0,6.0,7.0,1.0,0.0,0.0,16.0,16.0,0.2,0.19047619047619047,0.0064,0.0064,0.05,0.22727272727272727,0.7727272727272727,0.375,1.0,1.0,0.31666666666666665,0.4894736842105264,0.0
20260629_152656_9d451bbc,20260629_152656_9d451bbc_g0029,29,2120937495,2,24,24,24,1,1,RED,pool_heuristic,0,4.0,[4],0,76,4,"{""1"": 76, ""2"": 83, ""3"": 92, ""4"": 104}",False,21.0,-28.0,3.0,2.0,5.0,0.0125,449.0,144.125,503.0,19.0,28.0,66.0,222.5,167.5,1175.0,524.0,6.0,15.0,58.0,1.0,1.0,2.0,6.0,5.0,1.0,0.0,1.0,24.0,24.0,0.3,0.2857142857142857,0.0096,0.0096,0.075,0.3409090909090909,0.6590909090909091,0.525,1.0,1.0,0.4083333333333333,0.4982456140350877,0.0
20260629_152656_9d451bbc,20260629_152656_9d451bbc_g0029,29,2120937495,2,24,24,24,1,2,BLUE,pool_l45_100ms,1,4.0,[4],0,83,3,"{""1"": 76, ""2"": 83, ""3"": 92, ""4"": 104}",False,11.0,-48.0,1.0,4.0,5.0,0.0125,293.0,75.5,261.0,11.0,15.0,33.0,112.0,90.0,1331.0,272.0,6.0,15.0,58.0,1.0,1.0,2.0,6.0,5.0,0.0,0.0,0.0,24.0,24.0,0.3,0.2857142857142857,0.0096,0.0096,0.075,0.3409090909090909,0.6590909090909091,0.275,1.0,1.0,0.4916666666666667,0.47192982456140353,0.0
20260629_152656_9d451bbc,20260629_152656_9d451bbc_g0029,29,2120937495,2,24,24,24,1,3,YELLOW,pool_peer_500ms,2,4.0,[4],0,92,2,"{""1"": 76, ""2"": 83, ""3"": 92, ""4"": 104}",False,19.0,-32.0,0.0,15.0,5.0,0.0125,413.0,118.25,411.375,16.0,23.0,53.25,183.5,135.625,1211.0,430.375,6.0,15.0,58.0,1.0,1.0,2.0,6.0,5.0,0.0,0.0,0.0,24.0,24.0,0.3,0.2857142857142857,0.0096,0.0096,0.075,0.3409090909090909,0.6590909090909091,0.475,1.0,1.0,0.425,0.6017543859649124,0.0
20260629_152656_9d451bbc,20260629_152656_9d451bbc_g0029,29,2120937495,2,24,24,24,1,4,GREEN,champ_v3,3,4.0,[4],1,104,1,"{""1"": 76, ""2"": 83, ""3"": 92, ""4"": 104}",False,19.0,-32.0,0.0,13.0,5.0,0.0125,469.0,138.125,487.5,17.0,27.0,60.75,216.5,166.25,1155.0,506.5,6.0,15.0,58.0,1.0,1.0,2.0,6.0,5.0,1.0,0.0,0.0,24.0,24.0,0.3,0.2857142857142857,0.0096,0.0096,0.075,0.3409090909090909,0.6590909090909091,0.475,1.0,1.0,0.425,0.5964912280701754,0.0
20260629_152656_9d451bbc,20260629_152656_9d451bbc_g0029,29,2120937495,3,32,32,32,1,1,RED,pool_heuristic,0,4.0,[4],0,76,4,"{""1"": 76, ""2"": 83, ""3"": 92, ""4"": 104}",False,24.0,-31.0,3.0,10.0,7.0,0.0175,409.0,144.0,481.75,21.0,31.0,71.25,241.0,117.5,386.0,505.75,8.0,13.0,48.0,1.0,1.0,2.0,6.0,3.0,1.0,0.0,1.0,32.0,32.0,0.3975,0.38095238095238093,0.0128,0.0128,0.1,0.45454545454545453,0.5454545454545454,0.6,1.0,1.0,0.4583333333333333,0.5,0.0
20260629_152656_9d451bbc,20260629_152656_9d451bbc_g0029,29,2120937495,3,32,32,32,1,2,BLUE,pool_l45_100ms,1,4.0,[4],0,83,3,"{""1"": 76, ""2"": 83, ""3"": 92, ""4"": 104}",False,11.0,-57.0,1.0,8.0,7.0,0.0175,76.0,29.75,77.875,10.0,10.0,12.75,29.5,15.625,719.0,88.875,8.0,13.0,48.0,1.0,1.0,2.0,6.0,3.0,0.0,0.0,0.0,32.0,32.0,0.3975,0.38095238095238093,0.0128,0.0128,0.1,0.45454545454545453,0.5454545454545454,0.275,1.0,1.0,0.5666666666666667,0.47894736842105257,0.0
20260629_152656_9d451bbc,20260629_152656_9d451bbc_g0029,29,2120937495,3,32,32,32,1,3,YELLOW,pool_peer_500ms,2,4.0,[4],0,92,2,"{""1"": 76, ""2"": 83, ""3"": 92, ""4"": 104}",False,22.0,-35.0,0.0,23.0,7.0,0.0175,129.0,49.625,128.125,16.0,17.0,25.5,54.0,15.625,666.0,150.125,8.0,13.0,48.0,1.0,1.0,2.0,6.0,3.0,0.0,0.0,0.0,32.0,32.0,0.3975,0.38095238095238093,0.0128,0.0128,0.1,0.45454545454545453,0.5454545454545454,0.55,1.0,1.0,0.475,0.5802631578947368,0.0
20260629_152656_9d451bbc,20260629_152656_9d451bbc_g0029,29,2120937495,3,32,32,32,1,4,GREEN,champ_v3,3,4.0,[4],1,104,1,"{""1"": 76, ""2"": 83, ""3"": 92, ""4"": 104}",False,22.0,-35.0,0.0,25.0,7.0,0.0175,181.0,67.25,191.5,17.0,22.0,35.25,81.0,36.25,614.0,213.5,8.0,13.0,49.0,1.0,1.0,2.0,5.0,4.0,1.0,0.0,0.0,32.0,32.0,0.3975,0.38095238095238093,0.0128,0.0128,0.0975,0.4431818181818182,0.5568181818181818,0.55,1.0,1.0,0.475,0.6140350877192983,0.0
20260629_152656_9d451bbc,20260629_152656_9d451bbc_g0029,29,2120937495,4,40,40,40,1,1,RED,pool_heuristic,0,4.0,[4],0,76,4,"{""1"": 76, ""2"": 83, ""3"": 92, ""4"": 104}",False,24.0,-34.0,3.0,16.0,17.0,0.0425,154.0,60.25,159.75,18.0,18.0,30.75,88.0,5.0,198.0,183.75,10.0,11.0,38.0,1.0,1.0,2.0,6.0,1.0,0.0,0.0,0.0,40.0,40.0,0.4925,0.47619047619047616,0.016,0.016,0.125,0.5681818181818182,0.4318181818181818,0.6,1.0,1.0,0.4833333333333333,0.4905263157894737,0.0
20260629_152656_9d451bbc,20260629_152656_9d451bbc_g0029,29,2120937495,4,40,40,40,1,2,BLUE,pool_l45_100ms,1,4.0,[4],0,83,3,"{""1"": 76, ""2"": 83, ""3"": 92, ""4"": 104}",False,10.0,-62.0,1.0,12.0,17.0,0.0425,19.0,13.25,19.0,9.0,6.0,3.0,1.0,0.0,333.0,29.0,10.0,11.0,38.0,1.0,1.0,2.0,6.0,1.0,0.0,0.0,0.0,40.0,40.0,0.4925,0.47619047619047616,0.016,0.016,0.125,0.5681818181818182,0.4318181818181818,0.25,0.6333333333333333,1.0,0.6,0.43894736842105264,0.0
20260629_152656_9d451bbc,20260629_152656_9d451bbc_g0029,29,2120937495,4,40,40,40,1,3,YELLOW,pool_peer_500ms,2,4.0,[4],0,92,2,"{""1"": 76, ""2"": 83, ""3"": 92, ""4"": 104}",False,24.0,-34.0,0.0,31.0,17.0,0.0425,75.0,36.75,80.5,16.0,14.0,17.25,27.0,6.25,277.0,104.5,10.0,11.0,39.0,1.0,1.0,2.0,5.0,2.0,0.0,0.0,0.0,40.0,40.0,0.4925,0.47619047619047616,0.016,0.016,0.1225,0.5568181818181818,0.4431818181818182,0.6,1.0,1.0,0.4833333333333333,0.5531686358754028,0.0
20260629_152656_9d451bbc,20260629_152656_9d451bbc_g0029,29,2120937495,4,40,40,40,1,4,GREEN,champ_v3,3,4.0,[4],1,104,1,"{""1"": 76, ""2"": 83, ""3"": 92, ""4"": 104}",False,24.0,-34.0,0.0,34.0,17.0,0.0425,104.0,42.5,106.75,15.0,15.0,21.75,35.0,20.0,248.0,130.75,10.0,11.0,40.0,1.0,1.0,2.0,4.0,3.0,1.0,0.0,0.0,40.0,40.0,0.4925,0.47619047619047616,0.016,0.016,0.12,0.5454545454545454,0.45454545454545453,0.6,1.0,1.0,0.4833333333333333,0.6206140350877194,0.0
20260629_152656_9d451bbc,20260629_152656_9d451bbc_g0029,29,2120937495,5,48,48,48,1,1,RED,pool_heuristic,0,4.0,[4],0,76,4,"{""1"": 76, ""2"": 83, ""3"": 92, ""4"": 104}",False,21.0,-36.0,3.0,24.0,29.0,0.0725,45.0,24.625,46.0,14.0,8.0,9.0,12.5,2.5,106.0,67.0,12.0,9.0,30.0,1.0,1.0,2.0,4.0,1.0,0.0,0.0,0.0,48.0,48.0,0.57,0.5714285714285714,0.0192,0.0192,0.145,0.6590909090909091,0.3409090909090909,0.525,1.0,1.0,0.475,0.4627949183303085,0.0
20260629_152656_9d451bbc,20260629_152656_9d451bbc_g0029,29,2120937495,5,48,48,48,1,2,BLUE,pool_l45_100ms,1,4.0,[4],0,83,3,"{""1"": 76, ""2"": 83, ""3"": 92, ""4"": 104}",False,6.0,-66.0,1.0,23.0,29.0,0.0725,10.0,6.375,9.75,5.0,0.0,2.25,2.5,0.0,141.0,15.75,12.0,9.0,32.0,1.0,0.0,2.0,5.0,1.0,0.0,0.0,0.0,48.0,48.0,0.57,0.5714285714285714,0.0192,0.0192,0.14,0.6363636363636364,0.36363636363636365,0.15,0.31666666666666665,1.0,0.6,0.43703007518797,0.0
20260629_152656_9d451bbc,20260629_152656_9d451bbc_g0029,29,2120937495,5,48,48,48,1,3,YELLOW,pool_peer_500ms,2,4.0,[4],0,92,2,"{""1"": 76, ""2"": 83, ""3"": 92, ""4"": 104}",False,25.0,-28.0,0.0,42.0,29.0,0.0725,50.0,30.375,57.5,17.0,12.0,6.0,17.5,5.0,101.0,82.5,12.0,9.0,31.0,1.0,1.0,1.0,5.0,1.0,0.0,0.0,0.0,48.0,48.0,0.57,0.5714285714285714,0.0192,0.0192,0.1425,0.6477272727272727,0.3522727272727273,0.625,0.95,1.0,0.4416666666666667,0.556786703601108,0.0
20260629_152656_9d451bbc,20260629_152656_9d451bbc_g0029,29,2120937495,5,48,48,48,1,4,GREEN,champ_v3,3,4.0,[4],1,104,1,"{""1"": 76, ""2"": 83, ""3"": 92, ""4"": 104}",False,26.0,-26.0,0.0,43.0,29.0,0.0725,46.0,26.25,47.5,15.0,10.0,9.75,9.0,3.75,105.0,73.5,12.0,9.0,31.0,1.0,1.0,2.0,3.0,2.0,0.0,0.0,0.0,48.0,48.0,0.57,0.5714285714285714,0.0192,0.0192,0.1425,0.6477272727272727,0.3522727272727273,0.65,1.0,1.0,0.4333333333333333,0.6241920590951062,0.0
20260629_152656_9d451bbc,20260629_152656_9d451bbc_g0029,29,2120937495,6,56,56,56,1,1,RED,pool_heuristic,0,4.0,[4],0,76,4,"{""1"": 76, ""2"": 83, ""3"": 92, ""4"": 104}",False,19.0,-40.0,3.0,35.0,35.0,0.0875,16.0,14.0,16.5,12.0,3.0,1.5,0.0,0.0,76.0,35.5,14.0,7.0,23.0,1.0,1.0,1.0,3.0,1.0,0.0,0.0,0.0,56.0,56.0,0.6475,0.6666666666666666,0.0224,0.0224,0.1625,0.7386363636363636,0.26136363636363635,0.475,1.0,1.0,0.4916666666666667,0.45668016194331984,0.0
20260629_152656_9d451bbc,20260629_152656_9d451bbc_g0029,29,2120937495,6,56,56,56,1,2,BLUE,pool_l45_100ms,1,4.0,[4],0,83,3,"{""1"": 76, ""2"": 83, ""3"": 92, ""4"": 104}",False,8.0,-62.0,1.0,30.0,35.0,0.0875,18.0,9.5,19.0,6.0,0.0,3.75,8.0,1.25,74.0,27.0,14.0,7.0,24.0,1.0,0.0,2.0,3.0,1.0,0.0,0.0,0.0,56.0,56.0,0.6475,0.6666666666666666,0.0224,0.0224,0.16,0.7272727272727273,0.2727272727272727,0.2,0.4666666666666667,1.0,0.5833333333333333,0.43667763157894735,0.0
20260629_152656_9d451bbc,20260629_152656_9d451bbc_g0029,29,2120937495,6,56,56,56,1,3,YELLOW,pool_peer_500ms,2,4.0,[4],0,92,2,"{""1"": 76, ""2"": 83, ""3"": 92, ""4"": 104}",False,23.0,-32.0,0.0,54.0,35.0,0.0875,17.0,14.5,17.5,12.0,4.0,1.5,0.0,0.0,75.0,40.5,14.0,7.0,23.0,1.0,1.0,1.0,3.0,1.0,0.0,0.0,0.0,56.0,56.0,0.6475,0.6666666666666666,0.0224,0.0224,0.1625,0.7386363636363636,0.26136363636363635,0.575,0.6833333333333333,1.0,0.4583333333333333,0.5425101214574899,0.0
20260629_152656_9d451bbc,20260629_152656_9d451bbc_g0029,29,2120937495,6,56,56,56,1,4,GREEN,champ_v3,3,4.0,[4],1,104,1,"{""1"": 76, ""2"": 83, ""3"": 92, ""4"": 104}",False,28.0,-22.0,0.0,51.0,35.0,0.0875,41.0,26.75,45.25,16.0,10.0,12.75,4.0,2.5,51.0,73.25,14.0,7.0,23.0,1.0,1.0,2.0,1.0,2.0,0.0,0.0,0.0,56.0,56.0,0.6475,0.6666666666666666,0.0224,0.0224,0.1625,0.7386363636363636,0.26136363636363635,0.7,1.0,1.0,0.4166666666666667,0.6129554655870446,0.0
20260629_152656_9d451bbc,20260629_152656_9d451bbc_g0029,29,2120937495,7,64,64,64,1,1,RED,pool_heuristic,0,4.0,[4],0,76,4,"{""1"": 76, ""2"": 83, ""3"": 92, ""4"": 104}",False,19.0,-38.0,3.0,43.0,45.0,0.1125,3.0,1.5,3.0,0.0,3.0,0.0,0.0,0.0,34.0,22.0,16.0,5.0,19.0,0.0,1.0,0.0,3.0,1.0,0.0,0.0,0.0,64.0,64.0,0.71,0.7619047619047619,0.0256,0.0256,0.1725,0.7840909090909091,0.2159090909090909,0.475,0.7666666666666667,1.0,0.475,0.45537757437070936,0.0
20260629_152656_9d451bbc,20260629_152656_9d451bbc_g0029,29,2120937495,7,64,64,64,1,2,BLUE,pool_l45_100ms,1,4.0,[4],0,83,3,"{""1"": 76, ""2"": 83, ""3"": 92, ""4"": 104}",False,9.0,-58.0,1.0,39.0,45.0,0.1125,4.0,4.0,4.0,4.0,0.0,0.0,0.0,0.0,33.0,13.0,16.0,5.0,15.0,1.0,0.0,2.0,2.0,0.0,0.0,0.0,0.0,64.0,64.0,0.71,0.7619047619047619,0.0256,0.0256,0.1825,0.8295454545454546,0.17045454545454544,0.225,0.3333333333333333,0.8,0.5583333333333333,0.45349675558759917,0.0
20260629_152656_9d451bbc,20260629_152656_9d451bbc_g0029,29,2120937495,7,64,64,64,1,3,YELLOW,pool_peer_500ms,2,4.0,[4],0,92,2,"{""1"": 76, ""2"": 83, ""3"": 92, ""4"": 104}",False,23.0,-30.0,0.0,59.0,45.0,0.1125,4.0,1.25,4.0,0.0,0.0,3.0,1.0,0.0,33.0,27.0,16.0,5.0,20.0,0.0,0.0,1.0,3.0,1.0,0.0,0.0,0.0,64.0,64.0,0.71,0.7619047619047619,0.0256,0.0256,0.17,0.7727272727272727,0.22727272727272727,0.575,0.5833333333333334,1.0,0.4416666666666667,0.5402476780185759,0.0
20260629_152656_9d451bbc,20260629_152656_9d451bbc_g0029,29,2120937495,7,64,64,64,1,4,GREEN,champ_v3,3,4.0,[4],1,104,1,"{""1"": 76, ""2"": 83, ""3"": 92, ""4"": 104}",False,25.0,-26.0,0.0,63.0,45.0,0.1125,26.0,18.25,25.75,13.0,6.0,6.75,0.0,0.0,11.0,50.75,16.0,5.0,14.0,1.0,1.0,2.0,0.0,1.0,0.0,0.0,0.0,64.0,64.0,0.71,0.7619047619047619,0.0256,0.0256,0.185,0.8409090909090909,0.1590909090909091,0.625,0.7166666666666667,1.0,0.425,0.5725462304409673,0.0
20260629_152656_9d451bbc,20260629_152656_9d451bbc_g0030,30,2072775316,0,8,8,8,1,1,RED,pool_l45_100ms,0,3.0,[3],0,76,3,"{""1"": 76, ""2"": 95, ""3"": 118, ""4"": 68}",False,6.0,-18.0,9.0,0.0,1.0,0.0025,388.0,90.5,366.25,6.0,10.0,28.5,113.0,208.75,1407.0,372.25,2.0,19.0,78.0,1.0,1.0,2.0,6.0,9.0,1.0,1.0,0.0,8.0,8.0,0.1,0.09523809523809523,0.0032,0.0032,0.025,0.11363636363636363,0.8863636363636364,0.15,1.0,1.0,0.2,0.20526315789473681,0.0
20260629_152656_9d451bbc,20260629_152656_9d451bbc_g0030,30,2072775316,0,8,8,8,1,2,BLUE,pool_peer_500ms,1,3.0,[3],0,95,2,"{""1"": 76, ""2"": 95, ""3"": 118, ""4"": 68}",False,9.0,-12.0,9.0,0.0,1.0,0.0025,543.0,122.625,488.75,9.0,15.0,41.25,153.5,270.0,1252.0,497.75,2.0,19.0,78.0,1.0,1.0,2.0,6.0,9.0,1.0,0.0,0.0,8.0,8.0,0.1,0.09523809523809523,0.0032,0.0032,0.025,0.11363636363636363,0.8863636363636364,0.225,1.0,1.0,0.175,0.23684210526315785,0.0
20260629_152656_9d451bbc,20260629_152656_9d451bbc_g0030,30,2072775316,0,8,8,8,1,3,YELLOW,champ_v3,2,3.0,[3],1,118,1,"{""1"": 76, ""2"": 95, ""3"": 118, ""4"": 68}",False,9.0,-12.0,9.0,0.0,1.0,0.0025,543.0,122.625,488.75,9.0,15.0,41.25,153.5,270.0,1252.0,497.75,2.0,19.0,78.0,1.0,1.0,2.0,6.0,9.0,1.0,0.0,0.0,8.0,8.0,0.1,0.09523809523809523,0.0032,0.0032,0.025,0.11363636363636363,0.8863636363636364,0.225,1.0,1.0,0.175,0.23684210526315785,0.0
20260629_152656_9d451bbc,20260629_152656_9d451bbc_g0030,30,2072775316,0,8,8,8,1,4,GREEN,pool_heuristic,3,3.0,[3],0,68,4,"{""1"": 76, ""2"": 95, ""3"": 118, ""4"": 68}",False,6.0,-18.0,9.0,0.0,1.0,0.0025,321.0,83.375,333.375,6.0,10.0,27.75,104.0,185.625,1474.0,339.375,2.0,19.0,78.0,1.0,1.0,2.0,6.0,9.0,1.0,1.0,1.0,8.0,8.0,0.1,0.09523809523809523,0.0032,0.0032,0.025,0.11363636363636363,0.8863636363636364,0.15,1.0,1.0,0.2,0.2315789473684211,0.0
20260629_152656_9d451bbc,20260629_152656_9d451bbc_g0030,30,2072775316,1,16,16,16,1,1,RED,pool_l45_100ms,0,3.0,[3],0,76,3,"{""1"": 76, ""2"": 95, ""3"": 118, ""4"": 68}",False,10.0,-34.0,7.0,0.0,1.0,0.0025,472.0,111.875,424.75,10.0,17.0,43.5,160.5,193.75,1939.0,434.75,4.0,17.0,68.0,1.0,1.0,2.0,6.0,7.0,1.0,0.0,0.0,16.0,16.0,0.2,0.19047619047619047,0.0064,0.0064,0.05,0.22727272727272727,0.7727272727272727,0.25,1.0,1.0,0.36666666666666664,0.3236842105263158,0.0
20260629_152656_9d451bbc,20260629_152656_9d451bbc_g0030,30,2072775316,1,16,16,16,1,2,BLUE,pool_peer_500ms,1,3.0,[3],0,95,2,"{""1"": 76, ""2"": 95, ""3"": 118, ""4"": 68}",False,16.0,-22.0,0.0,1.0,1.0,0.0025,770.0,194.0,747.5,16.0,27.0,75.75,270.0,358.75,1641.0,763.5,4.0,17.0,68.0,1.0,1.0,2.0,6.0,7.0,1.0,0.0,0.0,16.0,16.0,0.2,0.19047619047619047,0.0064,0.0064,0.05,0.22727272727272727,0.7727272727272727,0.4,1.0,1.0,0.31666666666666665,0.49473684210526314,0.0
20260629_152656_9d451bbc,20260629_152656_9d451bbc_g0030,30,2072775316,1,16,16,16,1,3,YELLOW,champ_v3,2,3.0,[3],1,118,1,"{""1"": 76, ""2"": 95, ""3"": 118, ""4"": 68}",False,15.0,-24.0,1.0,3.0,1.0,0.0025,614.0,157.375,598.125,15.0,23.0,60.75,215.0,284.375,1797.0,613.125,4.0,17.0,68.0,1.0,1.0,2.0,6.0,7.0,1.0,0.0,0.0,16.0,16.0,0.2,0.19047619047619047,0.0064,0.0064,0.05,0.22727272727272727,0.7727272727272727,0.375,1.0,1.0,0.325,0.4815789473684211,0.0
20260629_152656_9d451bbc,20260629_152656_9d451bbc_g0030,30,2072775316,1,16,16,16,1,4,GREEN,pool_heuristic,3,3.0,[3],0,68,4,"{""1"": 76, ""2"": 95, ""3"": 118, ""4"": 68}",False,13.0,-28.0,2.0,2.0,1.0,0.0025,555.0,145.125,558.375,12.0,21.0,55.5,203.0,266.875,1856.0,571.375,4.0,17.0,68.0,1.0,1.0,2.0,6.0,7.0,1.0,1.0,1.0,16.0,16.0,0.2,0.19047619047619047,0.0064,0.0064,0.05,0.22727272727272727,0.7727272727272727,0.325,1.0,1.0,0.3416666666666667,0.47631578947368425,0.0
20260629_152656_9d451bbc,20260629_152656_9d451bbc_g0030,30,2072775316,2,24,24,24,1,1,RED,pool_l45_100ms,0,3.0,[3],0,76,3,"{""1"": 76, ""2"": 95, ""3"": 118, ""4"": 68}",False,13.0,-43.0,4.0,4.0,3.0,0.0075,307.0,81.625,272.125,13.0,18.0,39.75,122.0,79.375,1325.0,285.125,6.0,15.0,58.0,1.0,1.0,2.0,6.0,5.0,0.0,0.0,0.0,24.0,24.0,0.3,0.2857142857142857,0.0096,0.0096,0.075,0.3409090909090909,0.6590909090909091,0.325,1.0,1.0,0.4666666666666667,0.4035087719298245,0.0
20260629_152656_9d451bbc,20260629_152656_9d451bbc_g0030,30,2072775316,2,24,24,24,1,2,BLUE,pool_peer_500ms,1,3.0,[3],0,95,2,"{""1"": 76, ""2"": 95, ""3"": 118, ""4"": 68}",False,20.0,-29.0,0.0,7.0,3.0,0.0075,621.0,159.875,575.625,18.0,27.0,72.75,251.0,206.875,1011.0,595.625,6.0,15.0,58.0,1.0,1.0,2.0,6.0,5.0,0.0,0.0,0.0,24.0,24.0,0.3,0.2857142857142857,0.0096,0.0096,0.075,0.3409090909090909,0.6590909090909091,0.5,1.0,1.0,0.4083333333333333,0.5754385964912281,0.0
20260629_152656_9d451bbc,20260629_152656_9d451bbc_g0030,30,2072775316,2,24,24,24,1,3,YELLOW,champ_v3,2,3.0,[3],1,118,1,"{""1"": 76, ""2"": 95, ""3"": 118, ""4"": 68}",False,20.0,-29.0,0.0,11.0,3.0,0.0075,527.0,145.375,519.25,18.0,24.0,64.5,226.5,186.25,1105.0,539.25,6.0,15.0,58.0,1.0,1.0,2.0,6.0,5.0,1.0,0.0,0.0,24.0,24.0,0.3,0.2857142857142857,0.0096,0.0096,0.075,0.3409090909090909,0.6590909090909091,0.5,1.0,1.0,0.4083333333333333,0.5982456140350877,0.0
20260629_152656_9d451bbc,20260629_152656_9d451bbc_g0030,30,2072775316,2,24,24,24,1,4,GREEN,pool_heuristic,3,3.0,[3],0,68,4,"{""1"": 76, ""2"": 95, ""3"": 118, ""4"": 68}",False,16.0,-37.0,2.0,6.0,3.0,0.0075,177.0,57.875,179.75,12.0,15.0,29.25,78.5,45.0,1455.0,195.75,6.0,15.0,58.0,1.0,1.0,2.0,6.0,5.0,0.0,1.0,1.0,24.0,24.0,0.3,0.2857142857142857,0.0096,0.0096,0.075,0.3409090909090909,0.6590909090909091,0.4,1.0,1.0,0.4416666666666667,0.4859649122807017,0.0
20260629_152656_9d451bbc,20260629_152656_9d451bbc_g0030,30,2072775316,3,32,32,32,1,1,RED,pool_l45_100ms,0,3.0,[3],0,76,3,"{""1"": 76, ""2"": 95, ""3"": 118, ""4"": 68}",False,15.0,-51.0,2.0,11.0,9.0,0.0225,174.0,57.625,167.625,14.0,16.0,29.25,84.0,24.375,815.0,182.625,8.0,13.0,48.0,1.0,1.0,2.0,6.0,3.0,0.0,0.0,0.0,32.0,32.0,0.3875,0.38095238095238093,0.0128,0.0128,0.1,0.45454545454545453,0.5454545454545454,0.375,1.0,1.0,0.55,0.47631578947368425,0.0
20260629_152656_9d451bbc,20260629_152656_9d451bbc_g0030,30,2072775316,3,32,32,32,1,2,BLUE,pool_peer_500ms,1,3.0,[3],0,95,2,"{""1"": 76, ""2"": 95, ""3"": 118, ""4"": 68}",False,24.0,-33.0,0.0,14.0,9.0,0.0225,541.0,144.375,499.5,21.0,30.0,79.5,161.5,207.5,448.0,523.5,8.0,13.0,50.0,1.0,1.0,2.0,4.0,5.0,0.0,0.0,0.0,32.0,32.0,0.3875,0.38095238095238093,0.0128,0.0128,0.095,0.4318181818181818,0.5681818181818182,0.6,1.0,1.0,0.475,0.5692520775623269,0.0
20260629_152656_9d451bbc,20260629_152656_9d451bbc_g0030,30,2072775316,3,32,32,32,1,3,YELLOW,champ_v3,2,3.0,[3],1,118,1,"{""1"": 76, ""2"": 95, ""3"": 118, ""4"": 68}",False,24.0,-33.0,0.0,23.0,9.0,0.0225,207.0,74.75,226.25,19.0,19.0,38.25,70.0,80.0,782.0,250.25,8.0,13.0,50.0,1.0,1.0,2.0,4.0,5.0,1.0,0.0,0.0,32.0,32.0,0.3875,0.38095238095238093,0.0128,0.0128,0.095,0.4318181818181818,0.5681818181818182,0.6,1.0,1.0,0.475,0.5900277008310248,0.0
20260629_152656_9d451bbc,20260629_152656_9d451bbc_g0030,30,2072775316,3,32,32,32,1,4,GREEN,pool_heuristic,3,3.0,[3],0,68,4,"{""1"": 76, ""2"": 95, ""3"": 118, ""4"": 68}",False,18.0,-45.0,2.0,11.0,9.0,0.0225,67.0,32.75,74.75,13.0,12.0,18.0,28.0,3.75,922.0,92.75,8.0,13.0,49.0,1.0,1.0,2.0,5.0,4.0,0.0,1.0,1.0,32.0,32.0,0.3875,0.38095238095238093,0.0128,0.0128,0.0975,0.4431818181818182,0.5568181818181818,0.45,1.0,1.0,0.525,0.4844804318488528,0.0
20260629_152656_9d451bbc,20260629_152656_9d451bbc_g0030,30,2072775316,4,40,40,40,1,1,RED,pool_l45_100ms,0,3.0,[3],0,76,3,"{""1"": 76, ""2"": 95, ""3"": 118, ""4"": 68}",False,14.0,-55.0,2.0,12.0,20.0,0.05,79.0,34.875,82.375,13.0,13.0,17.25,36.0,3.125,367.0,96.375,10.0,11.0,38.0,1.0,1.0,2.0,6.0,1.0,0.0,0.0,0.0,40.0,40.0,0.4825,0.47619047619047616,0.016,0.016,0.125,0.5681818181818182,0.4318181818181818,0.35,0.9,1.0,0.575,0.4421052631578948,0.0
20260629_152656_9d451bbc,20260629_152656_9d451bbc_g0030,30,2072775316,4,40,40,40,1,2,BLUE,pool_peer_500ms,1,3.0,[3],0,95,2,"{""1"": 76, ""2"": 95, ""3"": 118, ""4"": 68}",False,30.0,-23.0,0.0,26.0,20.0,0.05,196.0,70.25,185.75,22.0,22.0,44.25,60.0,37.5,250.0,215.75,10.0,11.0,40.0,1.0,1.0,2.0,4.0,3.0,0.0,0.0,0.0,40.0,40.0,0.4825,0.47619047619047616,0.016,0.016,0.12,0.5454545454545454,0.45454545454545453,0.75,1.0,1.0,0.4416666666666667,0.569078947368421,0.0
20260629_152656_9d451bbc,20260629_152656_9d451bbc_g0030,30,2072775316,4,40,40,40,1,3,YELLOW,champ_v3,2,3.0,[3],1,118,1,"{""1"": 76, ""2"": 95, ""3"": 118, ""4"": 68}",False,27.0,-29.0,0.0,28.0,20.0,0.05,156.0,67.75,177.75,22.0,20.0,39.75,66.0,30.0,290.0,204.75,10.0,11.0,40.0,1.0,1.0,2.0,4.0,3.0,0.0,0.0,0.0,40.0,40.0,0.4825,0.47619047619047616,0.016,0.016,0.12,0.5454545454545454,0.45454545454545453,0.675,1.0,1.0,0.4666666666666667,0.6030701754385965,0.0
20260629_152656_9d451bbc,20260629_152656_9d451bbc_g0030,30,2072775316,4,40,40,40,1,4,GREEN,pool_heuristic,3,3.0,[3],0,68,4,"{""1"": 76, ""2"": 95, ""3"": 118, ""4"": 68}",False,12.0,-59.0,2.0,17.0,20.0,0.05,15.0,10.5,17.75,7.0,3.0,2.25,3.0,2.5,431.0,29.75,10.0,11.0,41.0,1.0,1.0,2.0,3.0,4.0,0.0,1.0,1.0,40.0,40.0,0.4825,0.47619047619047616,0.016,0.016,0.1175,0.5340909090909091,0.4659090909090909,0.3,0.95,1.0,0.5916666666666667,0.44456886898096304,0.0
20260629_152656_9d451bbc,20260629_152656_9d451bbc_g0030,30,2072775316,5,48,48,48,1,1,RED,pool_l45_100ms,0,3.0,[3],0,76,3,"{""1"": 76, ""2"": 95, ""3"": 118, ""4"": 68}",False,6.0,-70.0,2.0,20.0,34.0,0.085,10.0,7.75,9.75,6.0,3.0,0.75,0.0,0.0,293.0,15.75,12.0,9.0,29.0,1.0,1.0,2.0,5.0,0.0,0.0,0.0,0.0,48.0,48.0,0.575,0.5714285714285714,0.0192,0.0192,0.1475,0.6704545454545454,0.32954545454545453,0.15,0.4666666666666667,0.8,0.6333333333333333,0.43710972346119537,0.0
20260629_152656_9d451bbc,20260629_152656_9d451bbc_g0030,30,2072775316,5,48,48,48,1,2,BLUE,pool_peer_500ms,1,3.0,[3],0,95,2,"{""1"": 76, ""2"": 95, ""3"": 118, ""4"": 68}",False,34.0,-14.0,0.0,37.0,34.0,0.085,145.0,62.125,140.625,25.0,23.0,40.5,34.0,18.125,158.0,174.625,12.0,9.0,31.0,1.0,1.0,2.0,3.0,2.0,0.0,0.0,0.0,48.0,48.0,0.575,0.5714285714285714,0.0192,0.0192,0.1425,0.6477272727272727,0.3522727272727273,0.85,1.0,1.0,0.4,0.5383194829178208,0.0
20260629_152656_9d451bbc,20260629_152656_9d451bbc_g0030,30,2072775316,5,48,48,48,1,3,YELLOW,champ_v3,2,3.0,[3],1,118,1,"{""1"": 76, ""2"": 95, ""3"": 118, ""4"": 68}",False,28.0,-26.0,0.0,43.0,34.0,0.085,113.0,46.0,111.0,18.0,13.0,25.5,42.0,12.5,190.0,139.0,12.0,9.0,31.0,1.0,1.0,2.0,3.0,2.0,0.0,0.0,0.0,48.0,48.0,0.575,0.5714285714285714,0.0192,0.0192,0.1425,0.6477272727272727,0.3522727272727273,0.7,1.0,1.0,0.45,0.5974145891043399,0.0
20260629_152656_9d451bbc,20260629_152656_9d451bbc_g0030,30,2072775316,5,48,48,48,1,4,GREEN,pool_heuristic,3,3.0,[3],0,68,4,"{""1"": 76, ""2"": 95, ""3"": 118, ""4"": 68}",False,14.0,-54.0,2.0,29.0,34.0,0.085,35.0,15.75,30.875,9.0,4.0,6.0,7.5,4.375,268.0,44.875,12.0,9.0,31.0,1.0,1.0,2.0,3.0,2.0,0.0,1.0,0.0,48.0,48.0,0.575,0.5714285714285714,0.0192,0.0192,0.1425,0.6477272727272727,0.3522727272727273,0.35,1.0,1.0,0.5666666666666667,0.41735918744228995,0.0
20260629_152656_9d451bbc,20260629_152656_9d451bbc_g0030,30,2072775316,6,56,56,56,1,1,RED,pool_l45_100ms,0,3.0,[3],0,76,3,"{""1"": 76, ""2"": 95, ""3"": 118, ""4"": 68}",False,5.0,-72.0,2.0,22.0,41.0,0.1025,6.0,5.0,7.5,4.0,0.0,1.5,2.0,0.0,136.0,12.5,14.0,7.0,24.0,1.0,0.0,1.0,5.0,0.0,0.0,0.0,0.0,56.0,56.0,0.6475,0.6666666666666666,0.0224,0.0224,0.16,0.7272727272727273,0.2727272727272727,0.125,0.26666666666666666,0.8,0.6416666666666667,0.4424342105263158,0.0
20260629_152656_9d451bbc,20260629_152656_9d451bbc_g0030,30,2072775316,6,56,56,56,1,2,BLUE,pool_peer_500ms,1,3.0,[3],0,95,2,"{""1"": 76, ""2"": 95, ""3"": 118, ""4"": 68}",False,34.0,-14.0,0.0,49.0,41.0,0.1025,61.0,38.25,66.25,22.0,15.0,20.25,4.0,5.0,81.0,100.25,14.0,7.0,22.0,1.0,1.0,2.0,2.0,1.0,0.0,0.0,0.0,56.0,56.0,0.6475,0.6666666666666666,0.0224,0.0224,0.165,0.75,0.25,0.85,1.0,1.0,0.4,0.5079744816586922,0.0
20260629_152656_9d451bbc,20260629_152656_9d451bbc_g0030,30,2072775316,6,56,56,56,1,3,YELLOW,champ_v3,2,3.0,[3],1,118,1,"{""1"": 76, ""2"": 95, ""3"": 118, ""4"": 68}",False,30.0,-22.0,0.0,52.0,41.0,0.1025,68.0,32.75,67.75,16.0,10.0,15.75,26.0,0.0,74.0,97.75,14.0,7.0,21.0,1.0,1.0,2.0,3.0,0.0,0.0,0.0,0.0,56.0,56.0,0.6475,0.6666666666666666,0.0224,0.0224,0.1675,0.7613636363636364,0.23863636363636365,0.75,1.0,0.8,0.4333333333333333,0.5703063629222309,0.0
20260629_152656_9d451bbc,20260629_152656_9d451bbc_g0030,30,2072775316,6,56,56,56,1,4,GREEN,pool_heuristic,3,3.0,[3],0,68,4,"{""1"": 76, ""2"": 95, ""3"": 118, ""4"": 68}",False,13.0,-56.0,2.0,43.0,41.0,0.1025,7.0,7.0,7.0,7.0,0.0,0.0,0.0,0.0,135.0,20.0,14.0,7.0,26.0,1.0,0.0,1.0,3.0,2.0,0.0,1.0,0.0,56.0,56.0,0.6475,0.6666666666666666,0.0224,0.0224,0.155,0.7045454545454546,0.29545454545454547,0.325,0.3,1.0,0.575,0.433786078098472,0.0
20260629_152656_9d451bbc,20260629_152656_9d451bbc_g0030,30,2072775316,7,64,64,66,3,1,RED,pool_l45_100ms,0,3.0,[3],0,76,3,"{""1"": 76, ""2"": 95, ""3"": 118, ""4"": 68}",False,4.0,-71.0,2.0,35.0,33.0,0.0825,0.0,0.0,0.0,0.0,0.0,0.0,0.0,0.0,59.0,4.0,16.0,5.0,19.0,0.0,0.0,1.0,4.0,0.0,0.0,0.0,0.0,64.0,66.0,0.705,0.7619047619047619,0.0264,0.0256,0.1725,0.7840909090909091,0.2159090909090909,0.1,0.05,0.8,0.625,0.4416475972540046,0.0
20260629_152656_9d451bbc,20260629_152656_9d451bbc_g0030,30,2072775316,7,64,64,66,3,2,BLUE,pool_peer_500ms,1,3.0,[3],0,95,2,"{""1"": 76, ""2"": 95, ""3"": 118, ""4"": 68}",False,31.0,-17.0,0.0,61.0,33.0,0.0825,20.0,8.0,18.0,0.0,12.0,6.0,0.0,0.0,39.0,49.0,17.0,4.0,13.0,0.0,1.0,1.0,2.0,0.0,0.0,0.0,0.0,64.0,66.0,0.705,0.8095238095238095,0.0264,0.0256,0.1875,0.8522727272727273,0.14772727272727273,0.775,0.8,0.8,0.4,0.49192982456140344,0.0
20260629_152656_9d451bbc,20260629_152656_9d451bbc_g0030,30,2072775316,7,64,64,66,3,3,YELLOW,champ_v3,2,3.0,[3],1,118,1,"{""1"": 76, ""2"": 95, ""3"": 118, ""4"": 68}",False,31.0,-17.0,0.0,62.0,33.0,0.0825,39.0,25.0,38.0,17.0,8.0,9.0,4.0,0.0,20.0,69.0,16.0,5.0,13.0,1.0,1.0,2.0,1.0,0.0,0.0,0.0,0.0,64.0,66.0,0.705,0.7619047619047619,0.0264,0.0256,0.1875,0.8522727272727273,0.14772727272727273,0.775,0.8166666666666667,0.8,0.4,0.5459649122807018,0.0
20260629_152656_9d451bbc,20260629_152656_9d451bbc_g0030,30,2072775316,7,64,64,66,3,4,GREEN,pool_heuristic,3,3.0,[3],0,68,4,"{""1"": 76, ""2"": 95, ""3"": 118, ""4"": 68}",False,13.0,-53.0,2.0,45.0,33.0,0.0825,0.0,0.0,0.0,0.0,0.0,0.0,0.0,0.0,59.0,13.0,15.0,6.0,25.0,0.0,0.0,1.0,3.0,2.0,0.0,1.0,0.0,64.0,66.0,0.705,0.7142857142857143,0.0264,0.0256,0.1575,0.7159090909090909,0.2840909090909091,0.325,0.2,1.0,0.55,0.4335839598997493,0.0
20260629_152656_9d451bbc,20260629_152656_9d451bbc_g0031,31,1385203435,0,8,8,8,1,1,RED,pool_peer_500ms,0,1.0,[1],1,97,1,"{""1"": 97, ""2"": 56, ""3"": 69, ""4"": 94}",False,9.0,-14.0,9.0,0.0,0.0,0.0,543.0,122.625,488.75,9.0,15.0,41.25,153.5,270.0,1435.0,497.75,2.0,19.0,78.0,1.0,1.0,2.0,6.0,9.0,1.0,0.0,0.0,8.0,8.0,0.1,0.09523809523809523,0.0032,0.0032,0.025,0.11363636363636363,0.8863636363636364,0.225,1.0,1.0,0.19166666666666668,0.23684210526315785,0.0
20260629_152656_9d451bbc,20260629_152656_9d451bbc_g0031,31,1385203435,0,8,8,8,1,2,BLUE,champ_v3,1,1.0,[1],0,56,4,"{""1"": 97, ""2"": 56, ""3"": 69, ""4"": 94}",False,9.0,-14.0,9.0,0.0,0.0,0.0,543.0,122.625,488.75,9.0,15.0,41.25,153.5,270.0,1435.0,497.75,2.0,19.0,78.0,1.0,1.0,2.0,6.0,9.0,1.0,0.0,0.0,8.0,8.0,0.1,0.09523809523809523,0.0032,0.0032,0.025,0.11363636363636363,0.8863636363636364,0.225,1.0,1.0,0.19166666666666668,0.23684210526315785,0.0
20260629_152656_9d451bbc,20260629_152656_9d451bbc_g0031,31,1385203435,0,8,8,8,1,3,YELLOW,pool_heuristic,2,1.0,[1],0,69,3,"{""1"": 97, ""2"": 56, ""3"": 69, ""4"": 94}",False,7.0,-18.0,9.0,0.0,0.0,0.0,448.0,109.0,441.75,7.0,12.0,34.5,137.0,251.25,1530.0,448.75,2.0,19.0,78.0,1.0,1.0,2.0,6.0,9.0,1.0,1.0,1.0,8.0,8.0,0.1,0.09523809523809523,0.0032,0.0032,0.025,0.11363636363636363,0.8863636363636364,0.175,1.0,1.0,0.20833333333333334,0.25263157894736843,0.0
20260629_152656_9d451bbc,20260629_152656_9d451bbc_g0031,31,1385203435,0,8,8,8,1,4,GREEN,pool_l45_100ms,3,1.0,[1],0,94,2,"{""1"": 97, ""2"": 56, ""3"": 69, ""4"": 94}",False,7.0,-18.0,9.0,0.0,0.0,0.0,444.0,103.25,415.125,7.0,12.0,33.75,130.5,231.875,1534.0,422.125,2.0,19.0,78.0,1.0,1.0,2.0,6.0,9.0,1.0,1.0,0.0,8.0,8.0,0.1,0.09523809523809523,0.0032,0.0032,0.025,0.11363636363636363,0.8863636363636364,0.175,1.0,1.0,0.20833333333333334,0.20526315789473681,0.0
20260629_152656_9d451bbc,20260629_152656_9d451bbc_g0031,31,1385203435,1,16,16,16,1,1,RED,pool_peer_500ms,0,1.0,[1],1,97,1,"{""1"": 97, ""2"": 56, ""3"": 69, ""4"": 94}",False,16.0,-22.0,0.0,0.0,4.0,0.01,791.0,198.875,764.375,16.0,28.0,78.0,288.0,354.375,1636.0,780.375,4.0,17.0,68.0,1.0,1.0,2.0,6.0,7.0,1.0,0.0,0.0,16.0,16.0,0.2,0.19047619047619047,0.0064,0.0064,0.05,0.22727272727272727,0.7727272727272727,0.4,1.0,1.0,0.31666666666666665,0.49473684210526314,0.0
20260629_152656_9d451bbc,20260629_152656_9d451bbc_g0031,31,1385203435,1,16,16,16,1,2,BLUE,champ_v3,1,1.0,[1],0,56,4,"{""1"": 97, ""2"": 56, ""3"": 69, ""4"": 94}",False,15.0,-24.0,3.0,2.0,4.0,0.01,632.0,155.0,582.25,15.0,24.0,63.0,219.0,261.25,1795.0,597.25,4.0,17.0,68.0,1.0,1.0,2.0,6.0,7.0,1.0,0.0,0.0,16.0,16.0,0.2,0.19047619047619047,0.0064,0.0064,0.05,0.22727272727272727,0.7727272727272727,0.375,1.0,1.0,0.325,0.4552631578947368,0.0
20260629_152656_9d451bbc,20260629_152656_9d451bbc_g0031,31,1385203435,1,16,16,16,1,3,YELLOW,pool_heuristic,2,1.0,[1],0,69,3,"{""1"": 97, ""2"": 56, ""3"": 69, ""4"": 94}",False,13.0,-28.0,2.0,3.0,4.0,0.01,479.0,132.0,507.375,12.0,18.0,48.0,182.5,246.875,1948.0,520.375,4.0,17.0,68.0,1.0,1.0,2.0,6.0,7.0,1.0,1.0,1.0,16.0,16.0,0.2,0.19047619047619047,0.0064,0.0064,0.05,0.22727272727272727,0.7727272727272727,0.325,1.0,1.0,0.3416666666666667,0.4736842105263158,0.0
20260629_152656_9d451bbc,20260629_152656_9d451bbc_g0031,31,1385203435,1,16,16,16,1,4,GREEN,pool_l45_100ms,3,1.0,[1],0,94,2,"{""1"": 97, ""2"": 56, ""3"": 69, ""4"": 94}",False,10.0,-34.0,7.0,0.0,4.0,0.01,525.0,121.875,470.625,10.0,17.0,45.0,173.0,225.625,1902.0,480.625,4.0,17.0,68.0,1.0,1.0,2.0,6.0,7.0,1.0,0.0,0.0,16.0,16.0,0.2,0.19047619047619047,0.0064,0.0064,0.05,0.22727272727272727,0.7727272727272727,0.25,1.0,1.0,0.36666666666666664,0.3131578947368421,0.0
20260629_152656_9d451bbc,20260629_152656_9d451bbc_g0031,31,1385203435,2,24,24,24,1,1,RED,pool_peer_500ms,0,1.0,[1],1,97,1,"{""1"": 97, ""2"": 56, ""3"": 69, ""4"": 94}",False,20.0,-30.0,0.0,8.0,6.0,0.015,370.0,107.25,366.125,16.0,23.0,50.25,152.5,124.375,1056.0,386.125,6.0,15.0,58.0,1.0,1.0,2.0,6.0,5.0,0.0,0.0,0.0,24.0,24.0,0.3,0.2857142857142857,0.0096,0.0096,0.075,0.3409090909090909,0.6590909090909091,0.5,1.0,1.0,0.4166666666666667,0.5859649122807018,0.0
20260629_152656_9d451bbc,20260629_152656_9d451bbc_g0031,31,1385203435,2,24,24,24,1,2,BLUE,champ_v3,1,1.0,[1],0,56,4,"{""1"": 97, ""2"": 56, ""3"": 69, ""4"": 94}",False,18.0,-34.0,2.0,5.0,6.0,0.015,478.0,134.5,473.0,18.0,24.0,58.5,210.0,162.5,948.0,491.0,6.0,15.0,58.0,1.0,1.0,2.0,6.0,5.0,1.0,0.0,0.0,24.0,24.0,0.3,0.2857142857142857,0.0096,0.0096,0.075,0.3409090909090909,0.6590909090909091,0.45,1.0,1.0,0.4333333333333333,0.5403508771929826,0.0
20260629_152656_9d451bbc,20260629_152656_9d451bbc_g0031,31,1385203435,2,24,24,24,1,3,YELLOW,pool_heuristic,2,1.0,[1],0,69,3,"{""1"": 97, ""2"": 56, ""3"": 69, ""4"": 94}",False,20.0,-30.0,2.0,6.0,6.0,0.015,314.0,99.125,325.875,18.0,22.0,44.25,141.0,100.625,1112.0,345.875,6.0,15.0,58.0,1.0,1.0,2.0,6.0,5.0,1.0,0.0,1.0,24.0,24.0,0.3,0.2857142857142857,0.0096,0.0096,0.075,0.3409090909090909,0.6590909090909091,0.5,1.0,1.0,0.4166666666666667,0.5157894736842106,0.0
20260629_152656_9d451bbc,20260629_152656_9d451bbc_g0031,31,1385203435,2,24,24,24,1,4,GREEN,pool_l45_100ms,3,1.0,[1],0,94,2,"{""1"": 97, ""2"": 56, ""3"": 69, ""4"": 94}",False,12.0,-46.0,3.0,4.0,6.0,0.015,264.0,68.125,234.75,10.0,13.0,30.75,103.5,77.5,1162.0,246.75,6.0,15.0,58.0,1.0,1.0,2.0,6.0,5.0,0.0,0.0,0.0,24.0,24.0,0.3,0.2857142857142857,0.0096,0.0096,0.075,0.3409090909090909,0.6590909090909091,0.3,1.0,1.0,0.4833333333333333,0.4175438596491228,0.0
20260629_152656_9d451bbc,20260629_152656_9d451bbc_g0031,31,1385203435,3,32,32,32,1,1,RED,pool_peer_500ms,0,1.0,[1],1,97,1,"{""1"": 97, ""2"": 56, ""3"": 69, ""4"": 94}",False,24.0,-35.0,0.0,17.0,9.0,0.0225,128.0,55.25,137.5,19.0,20.0,27.75,57.0,13.75,367.0,161.5,8.0,13.0,48.0,1.0,1.0,2.0,6.0,3.0,0.0,0.0,0.0,32.0,32.0,0.3975,0.38095238095238093,0.0128,0.0128,0.1,0.45454545454545453,0.5454545454545454,0.6,1.0,1.0,0.4916666666666667,0.5947368421052632,0.0
20260629_152656_9d451bbc,20260629_152656_9d451bbc_g0031,31,1385203435,3,32,32,32,1,2,BLUE,champ_v3,1,1.0,[1],0,56,4,"{""1"": 97, ""2"": 56, ""3"": 69, ""4"": 94}",False,24.0,-35.0,2.0,6.0,9.0,0.0225,186.0,67.875,182.75,22.0,20.0,31.5,70.5,38.75,309.0,206.75,8.0,13.0,49.0,1.0,1.0,2.0,5.0,4.0,0.0,0.0,0.0,32.0,32.0,0.3975,0.38095238095238093,0.0128,0.0128,0.0975,0.4431818181818182,0.5568181818181818,0.6,1.0,1.0,0.4916666666666667,0.5263157894736843,0.0
20260629_152656_9d451bbc,20260629_152656_9d451bbc_g0031,31,1385203435,3,32,32,32,1,3,YELLOW,pool_heuristic,2,1.0,[1],0,69,3,"{""1"": 97, ""2"": 56, ""3"": 69, ""4"": 94}",False,21.0,-41.0,2.0,10.0,9.0,0.0225,111.0,49.625,121.5,18.0,17.0,25.5,48.5,12.5,384.0,142.5,8.0,13.0,48.0,1.0,1.0,2.0,6.0,3.0,1.0,0.0,1.0,32.0,32.0,0.3975,0.38095238095238093,0.0128,0.0128,0.1,0.45454545454545453,0.5454545454545454,0.525,1.0,1.0,0.5166666666666667,0.47894736842105257,0.0
20260629_152656_9d451bbc,20260629_152656_9d451bbc_g0031,31,1385203435,3,32,32,32,1,4,GREEN,pool_l45_100ms,3,1.0,[1],0,94,2,"{""1"": 97, ""2"": 56, ""3"": 69, ""4"": 94}",False,14.0,-55.0,3.0,12.0,9.0,0.0225,70.0,29.125,69.5,11.0,11.0,12.75,28.5,6.25,425.0,83.5,8.0,13.0,48.0,1.0,1.0,2.0,6.0,3.0,0.0,0.0,0.0,32.0,32.0,0.3975,0.38095238095238093,0.0128,0.0128,0.1,0.45454545454545453,0.5454545454545454,0.35,1.0,1.0,0.575,0.4421052631578948,0.0
20260629_152656_9d451bbc,20260629_152656_9d451bbc_g0031,31,1385203435,4,40,40,40,1,1,RED,pool_peer_500ms,0,1.0,[1],1,97,1,"{""1"": 97, ""2"": 56, ""3"": 69, ""4"": 94}",False,25.0,-27.0,0.0,26.0,16.0,0.04,73.0,36.125,79.25,18.0,12.0,6.0,29.5,13.75,107.0,104.25,10.0,11.0,41.0,1.0,1.0,1.0,5.0,3.0,0.0,0.0,0.0,40.0,40.0,0.4725,0.47619047619047616,0.016,0.016,0.1175,0.5340909090909091,0.4659090909090909,0.625,1.0,1.0,0.4333333333333333,0.5946248600223965,0.0
20260629_152656_9d451bbc,20260629_152656_9d451bbc_g0031,31,1385203435,4,40,40,40,1,2,BLUE,champ_v3,1,1.0,[1],0,56,4,"{""1"": 97, ""2"": 56, ""3"": 69, ""4"": 94}",False,24.0,-29.0,2.0,11.0,16.0,0.04,44.0,15.75,49.125,0.0,12.0,12.0,14.5,10.625,136.0,73.125,10.0,11.0,44.0,0.0,1.0,2.0,4.0,4.0,0.0,0.0,0.0,40.0,40.0,0.4725,0.47619047619047616,0.016,0.016,0.11,0.5,0.5,0.6,1.0,1.0,0.4416666666666667,0.5191387559808612,0.0
20260629_152656_9d451bbc,20260629_152656_9d451bbc_g0031,31,1385203435,4,40,40,40,1,3,YELLOW,pool_heuristic,2,1.0,[1],0,69,3,"{""1"": 97, ""2"": 56, ""3"": 69, ""4"": 94}",False,16.0,-45.0,2.0,11.0,16.0,0.04,30.0,19.25,29.0,13.0,7.0,6.0,3.0,0.0,150.0,45.0,10.0,11.0,39.0,1.0,1.0,2.0,5.0,2.0,1.0,0.0,0.0,40.0,40.0,0.4725,0.47619047619047616,0.016,0.016,0.1225,0.5568181818181818,0.4431818181818182,0.4,1.0,1.0,0.5083333333333333,0.47905477980665945,0.0
20260629_152656_9d451bbc,20260629_152656_9d451bbc_g0031,31,1385203435,4,40,40,40,1,4,GREEN,pool_l45_100ms,3,1.0,[1],0,94,2,"{""1"": 97, ""2"": 56, ""3"": 69, ""4"": 94}",False,12.0,-53.0,3.0,19.0,16.0,0.04,33.0,15.75,33.625,7.0,6.0,7.5,12.5,0.625,147.0,45.625,10.0,11.0,39.0,1.0,1.0,2.0,5.0,2.0,0.0,0.0,0.0,40.0,40.0,0.4725,0.47619047619047616,0.016,0.016,0.1225,0.5568181818181818,0.4431818181818182,0.3,1.0,1.0,0.5416666666666667,0.4296455424274973,0.0
20260629_152656_9d451bbc,20260629_152656_9d451bbc_g0031,31,1385203435,5,48,48,48,1,1,RED,pool_peer_500ms,0,1.0,[1],1,97,1,"{""1"": 97, ""2"": 56, ""3"": 69, ""4"": 94}",False,27.0,-17.0,0.0,35.0,27.0,0.0675,35.0,25.5,42.75,17.0,8.0,3.0,11.0,3.75,29.0,69.75,12.0,9.0,33.0,1.0,1.0,1.0,3.0,3.0,0.0,0.0,0.0,48.0,48.0,0.55,0.5714285714285714,0.0192,0.0192,0.1375,0.625,0.375,0.675,1.0,1.0,0.36666666666666664,0.5712918660287082,0.0
20260629_152656_9d451bbc,20260629_152656_9d451bbc_g0031,31,1385203435,5,48,48,48,1,2,BLUE,champ_v3,1,1.0,[1],0,56,4,"{""1"": 97, ""2"": 56, ""3"": 69, ""4"": 94}",False,18.0,-35.0,2.0,21.0,27.0,0.0675,0.0,0.0,0.0,0.0,0.0,0.0,0.0,0.0,64.0,18.0,12.0,9.0,37.0,0.0,0.0,2.0,4.0,3.0,0.0,0.0,0.0,48.0,48.0,0.55,0.5714285714285714,0.0192,0.0192,0.1275,0.5795454545454546,0.42045454545454547,0.45,0.85,1.0,0.4416666666666667,0.5139318885448917,0.0
20260629_152656_9d451bbc,20260629_152656_9d451bbc_g0031,31,1385203435,5,48,48,48,1,3,YELLOW,pool_heuristic,2,1.0,[1],0,69,3,"{""1"": 97, ""2"": 56, ""3"": 69, ""4"": 94}",False,13.0,-45.0,2.0,15.0,27.0,0.0675,12.0,10.5,12.0,9.0,3.0,0.0,0.0,0.0,52.0,25.0,12.0,9.0,32.0,1.0,1.0,1.0,4.0,2.0,1.0,0.0,0.0,48.0,48.0,0.55,0.5714285714285714,0.0192,0.0192,0.14,0.6363636363636364,0.36363636363636365,0.325,0.9166666666666666,1.0,0.4833333333333333,0.43796992481203,0.0
20260629_152656_9d451bbc,20260629_152656_9d451bbc_g0031,31,1385203435,5,48,48,48,1,4,GREEN,pool_l45_100ms,3,1.0,[1],0,94,2,"{""1"": 97, ""2"": 56, ""3"": 69, ""4"": 94}",False,13.0,-45.0,3.0,29.0,27.0,0.0675,17.0,11.0,17.75,7.0,4.0,3.75,3.0,0.0,47.0,30.75,12.0,9.0,30.0,1.0,1.0,2.0,4.0,1.0,0.0,0.0,0.0,48.0,48.0,0.55,0.5714285714285714,0.0192,0.0192,0.145,0.6590909090909091,0.3409090909090909,0.325,0.8,1.0,0.4833333333333333,0.4128856624319419,0.0
20260629_152656_9d451bbc,20260629_152656_9d451bbc_g0031,31,1385203435,6,56,56,59,4,1,RED,pool_peer_500ms,0,1.0,[1],1,97,1,"{""1"": 97, ""2"": 56, ""3"": 69, ""4"": 94}",False,27.0,-14.0,0.0,50.0,31.0,0.0775,16.0,15.25,16.0,15.0,0.0,0.0,1.0,0.0,4.0,43.0,15.0,6.0,22.0,1.0,0.0,1.0,2.0,2.0,0.0,0.0,0.0,56.0,59.0,0.6125,0.7142857142857143,0.0236,0.0224,0.165,0.75,0.25,0.675,0.7,1.0,0.3416666666666667,0.5303030303030303,0.0
20260629_152656_9d451bbc,20260629_152656_9d451bbc_g0031,31,1385203435,6,56,56,59,4,2,BLUE,champ_v3,1,1.0,[1],0,56,4,"{""1"": 97, ""2"": 56, ""3"": 69, ""4"": 94}",False,18.0,-32.0,2.0,21.0,31.0,0.0775,0.0,0.0,0.0,0.0,0.0,0.0,0.0,0.0,20.0,18.0,12.0,9.0,37.0,0.0,0.0,2.0,4.0,3.0,0.0,0.0,0.0,56.0,59.0,0.6125,0.5714285714285714,0.0236,0.0224,0.1275,0.5795454545454546,0.42045454545454547,0.45,0.85,1.0,0.4166666666666667,0.5139318885448917,0.0
20260629_152656_9d451bbc,20260629_152656_9d451bbc_g0031,31,1385203435,6,56,56,59,4,3,YELLOW,pool_heuristic,2,1.0,[1],0,69,3,"{""1"": 97, ""2"": 56, ""3"": 69, ""4"": 94}",False,13.0,-42.0,2.0,22.0,31.0,0.0775,0.0,0.0,0.0,0.0,0.0,0.0,0.0,0.0,20.0,13.0,15.0,6.0,24.0,0.0,0.0,1.0,4.0,1.0,0.0,0.0,0.0,56.0,59.0,0.6125,0.7142857142857143,0.0236,0.0224,0.16,0.7272727272727273,0.2727272727272727,0.325,0.7666666666666667,1.0,0.4583333333333333,0.462171052631579,0.0
20260629_152656_9d451bbc,20260629_152656_9d451bbc_g0031,31,1385203435,6,56,56,59,4,4,GREEN,pool_l45_100ms,3,1.0,[1],0,94,2,"{""1"": 97, ""2"": 56, ""3"": 69, ""4"": 94}",False,10.0,-48.0,0.0,44.0,31.0,0.0775,4.0,3.25,3.75,3.0,0.0,0.75,0.0,0.0,16.0,13.75,14.0,7.0,24.0,1.0,0.0,2.0,3.0,1.0,0.0,0.0,0.0,56.0,59.0,0.6125,0.6666666666666666,0.0236,0.0224,0.16,0.7272727272727273,0.2727272727272727,0.25,0.31666666666666665,1.0,0.4833333333333333,0.444078947368421,0.0
20260629_152656_9d451bbc,20260629_152656_9d451bbc_g0031,31,1385203435,7,64,64,76,1,1,RED,pool_peer_500ms,0,1.0,[1],1,97,1,"{""1"": 97, ""2"": 56, ""3"": 69, ""4"": 94}",False,28.0,-16.0,0.0,57.0,35.0,0.0875,0.0,0.0,0.0,0.0,0.0,0.0,0.0,0.0,1.0,28.0,18.0,3.0,14.0,0.0,0.0,0.0,1.0,2.0,0.0,0.0,0.0,64.0,76.0,0.67,0.8571428571428571,0.0304,0.0256,0.185,0.8409090909090909,0.1590909090909091,0.7,0.6,1.0,0.36666666666666664,0.5433854907539117,0.0
20260629_152656_9d451bbc,20260629_152656_9d451bbc_g0031,31,1385203435,7,64,64,76,1,2,BLUE,champ_v3,1,1.0,[1],0,56,4,"{""1"": 97, ""2"": 56, ""3"": 69, ""4"": 94}",False,18.0,-36.0,2.0,35.0,35.0,0.0875,0.0,0.0,0.0,0.0,0.0,0.0,0.0,0.0,1.0,18.0,12.0,9.0,37.0,0.0,0.0,2.0,4.0,3.0,0.0,0.0,0.0,64.0,76.0,0.67,0.5714285714285714,0.0304,0.0256,0.1275,0.5795454545454546,0.42045454545454547,0.45,0.6666666666666666,1.0,0.45,0.5139318885448917,0.0
20260629_152656_9d451bbc,20260629_152656_9d451bbc_g0031,31,1385203435,7,64,64,76,1,3,YELLOW,pool_heuristic,2,1.0,[1],0,69,3,"{""1"": 97, ""2"": 56, ""3"": 69, ""4"": 94}",False,13.0,-46.0,2.0,29.0,35.0,0.0875,0.0,0.0,0.0,0.0,0.0,0.0,0.0,0.0,1.0,13.0,15.0,6.0,24.0,0.0,0.0,1.0,4.0,1.0,0.0,0.0,0.0,64.0,76.0,0.67,0.7142857142857143,0.0304,0.0256,0.16,0.7272727272727273,0.2727272727272727,0.325,0.6333333333333333,1.0,0.4916666666666667,0.462171052631579,0.0
20260629_152656_9d451bbc,20260629_152656_9d451bbc_g0031,31,1385203435,7,64,64,76,1,4,GREEN,pool_l45_100ms,3,1.0,[1],0,94,2,"{""1"": 97, ""2"": 56, ""3"": 69, ""4"": 94}",False,13.0,-46.0,0.0,57.0,35.0,0.0875,1.0,0.25,1.0,0.0,0.0,0.0,1.0,0.0,0.0,14.0,19.0,2.0,9.0,0.0,0.0,0.0,1.0,1.0,0.0,0.0,0.0,64.0,76.0,0.67,0.9047619047619048,0.0304,0.0256,0.1975,0.8977272727272727,0.10227272727272728,0.325,0.55,1.0,0.4916666666666667,0.45902731512325123,0.0
20260629_152656_9d451bbc,20260629_152656_9d451bbc_g0032,32,2006459214,0,8,8,8,1,1,RED,champ_v3,0,4.0,[4],0,96,2,"{""1"": 96, ""2"": 77, ""3"": 85, ""4"": 98}",False,9.0,-15.0,9.0,0.0,0.0,0.0,543.0,122.625,488.75,9.0,15.0,41.25,153.5,270.0,1399.0,497.75,2.0,19.0,78.0,1.0,1.0,2.0,6.0,9.0,1.0,0.0,0.0,8.0,8.0,0.1,0.09523809523809523,0.0032,0.0032,0.025,0.11363636363636363,0.8863636363636364,0.225,1.0,1.0,0.2,0.23684210526315785,0.0
20260629_152656_9d451bbc,20260629_152656_9d451bbc_g0032,32,2006459214,0,8,8,8,1,2,BLUE,pool_heuristic,1,4.0,[4],0,77,4,"{""1"": 96, ""2"": 77, ""3"": 85, ""4"": 98}",False,8.0,-17.0,9.0,0.0,0.0,0.0,492.0,126.875,514.25,8.0,14.0,40.5,160.5,291.25,1450.0,522.25,2.0,19.0,78.0,1.0,1.0,2.0,6.0,9.0,1.0,1.0,1.0,8.0,8.0,0.1,0.09523809523809523,0.0032,0.0032,0.025,0.11363636363636363,0.8863636363636364,0.2,1.0,1.0,0.20833333333333334,0.2578947368421053,0.0
20260629_152656_9d451bbc,20260629_152656_9d451bbc_g0032,32,2006459214,0,8,8,8,1,3,YELLOW,pool_l45_100ms,2,4.0,[4],0,85,3,"{""1"": 96, ""2"": 77, ""3"": 85, ""4"": 98}",False,7.0,-19.0,9.0,0.0,0.0,0.0,364.0,86.0,341.875,7.0,10.0,27.0,108.5,189.375,1578.0,348.875,2.0,19.0,78.0,1.0,1.0,2.0,6.0,9.0,1.0,1.0,0.0,8.0,8.0,0.1,0.09523809523809523,0.0032,0.0032,0.025,0.11363636363636363,0.8863636363636364,0.175,1.0,1.0,0.21666666666666665,0.17368421052631577,0.0
20260629_152656_9d451bbc,20260629_152656_9d451bbc_g0032,32,2006459214,0,8,8,8,1,4,GREEN,pool_peer_500ms,3,4.0,[4],1,98,1,"{""1"": 96, ""2"": 77, ""3"": 85, ""4"": 98}",False,9.0,-15.0,9.0,0.0,0.0,0.0,543.0,122.625,488.75,9.0,15.0,41.25,153.5,270.0,1399.0,497.75,2.0,19.0,78.0,1.0,1.0,2.0,6.0,9.0,1.0,0.0,0.0,8.0,8.0,0.1,0.09523809523809523,0.0032,0.0032,0.025,0.11363636363636363,0.8863636363636364,0.225,1.0,1.0,0.2,0.23684210526315785,0.0
20260629_152656_9d451bbc,20260629_152656_9d451bbc_g0032,32,2006459214,1,16,16,16,1,1,RED,champ_v3,0,4.0,[4],0,96,2,"{""1"": 96, ""2"": 77, ""3"": 85, ""4"": 98}",False,16.0,-24.0,0.0,2.0,0.0,0.0,723.0,182.5,700.5,15.0,26.0,72.0,260.0,327.5,1670.0,716.5,4.0,17.0,68.0,1.0,1.0,2.0,6.0,7.0,1.0,0.0,0.0,16.0,16.0,0.2,0.19047619047619047,0.0064,0.0064,0.05,0.22727272727272727,0.7727272727272727,0.4,1.0,1.0,0.33333333333333337,0.49473684210526314,0.0
20260629_152656_9d451bbc,20260629_152656_9d451bbc_g0032,32,2006459214,1,16,16,16,1,2,BLUE,pool_heuristic,1,4.0,[4],0,77,4,"{""1"": 96, ""2"": 77, ""3"": 85, ""4"": 98}",False,13.0,-30.0,4.0,0.0,0.0,0.0,475.0,140.375,536.125,13.0,20.0,53.25,193.0,256.875,1918.0,549.125,4.0,17.0,68.0,1.0,1.0,2.0,6.0,7.0,1.0,1.0,1.0,16.0,16.0,0.2,0.19047619047619047,0.0064,0.0064,0.05,0.22727272727272727,0.7727272727272727,0.325,1.0,1.0,0.35833333333333334,0.41315789473684206,0.0
20260629_152656_9d451bbc,20260629_152656_9d451bbc_g0032,32,2006459214,1,16,16,16,1,3,YELLOW,pool_l45_100ms,2,4.0,[4],0,85,3,"{""1"": 96, ""2"": 77, ""3"": 85, ""4"": 98}",False,11.0,-34.0,5.0,0.0,0.0,0.0,407.0,98.875,369.5,11.0,15.0,36.0,137.5,170.0,1986.0,380.5,4.0,17.0,68.0,1.0,1.0,2.0,6.0,7.0,1.0,0.0,0.0,16.0,16.0,0.2,0.19047619047619047,0.0064,0.0064,0.05,0.22727272727272727,0.7727272727272727,0.275,1.0,1.0,0.375,0.3526315789473684,0.0
20260629_152656_9d451bbc,20260629_152656_9d451bbc_g0032,32,2006459214,1,16,16,16,1,4,GREEN,pool_peer_500ms,3,4.0,[4],1,98,1,"{""1"": 96, ""2"": 77, ""3"": 85, ""4"": 98}",False,16.0,-24.0,0.0,2.0,0.0,0.0,788.0,197.625,762.375,16.0,27.0,76.5,281.0,361.875,1605.0,778.375,4.0,17.0,68.0,1.0,1.0,2.0,6.0,7.0,1.0,0.0,0.0,16.0,16.0,0.2,0.19047619047619047,0.0064,0.0064,0.05,0.22727272727272727,0.7727272727272727,0.4,1.0,1.0,0.33333333333333337,0.49473684210526314,0.0
20260629_152656_9d451bbc,20260629_152656_9d451bbc_g0032,32,2006459214,2,24,24,24,1,1,RED,champ_v3,0,4.0,[4],0,96,2,"{""1"": 96, ""2"": 77, ""3"": 85, ""4"": 98}",False,21.0,-29.0,0.0,12.0,0.0,0.0,506.0,143.375,500.375,19.0,28.0,68.25,212.0,173.125,1024.0,521.375,6.0,15.0,58.0,1.0,1.0,2.0,6.0,5.0,1.0,0.0,0.0,24.0,24.0,0.2975,0.2857142857142857,0.0096,0.0096,0.075,0.3409090909090909,0.6590909090909091,0.525,1.0,1.0,0.4166666666666667,0.6000000000000001,0.0
20260629_152656_9d451bbc,20260629_152656_9d451bbc_g0032,32,2006459214,2,24,24,24,1,2,BLUE,pool_heuristic,1,4.0,[4],0,77,4,"{""1"": 96, ""2"": 77, ""3"": 85, ""4"": 98}",False,17.0,-37.0,4.0,2.0,0.0,0.0,248.0,82.75,284.5,13.0,16.0,36.0,117.0,102.5,1282.0,301.5,6.0,15.0,58.0,1.0,1.0,2.0,6.0,5.0,1.0,1.0,1.0,24.0,24.0,0.2975,0.2857142857142857,0.0096,0.0096,0.075,0.3409090909090909,0.6590909090909091,0.425,1.0,1.0,0.45,0.47192982456140353,0.0
20260629_152656_9d451bbc,20260629_152656_9d451bbc_g0032,32,2006459214,2,24,24,24,1,3,YELLOW,pool_l45_100ms,2,4.0,[4],0,85,3,"{""1"": 96, ""2"": 77, ""3"": 85, ""4"": 98}",False,11.0,-49.0,5.0,2.0,0.0,0.0,153.0,42.625,134.5,10.0,9.0,18.0,52.5,45.0,1377.0,145.5,6.0,15.0,58.0,1.0,1.0,2.0,6.0,5.0,0.0,0.0,0.0,24.0,24.0,0.2975,0.2857142857142857,0.0096,0.0096,0.075,0.3409090909090909,0.6590909090909091,0.275,1.0,1.0,0.5,0.39473684210526316,0.0
20260629_152656_9d451bbc,20260629_152656_9d451bbc_g0032,32,2006459214,2,24,24,24,1,4,GREEN,pool_peer_500ms,3,4.0,[4],1,98,1,"{""1"": 96, ""2"": 77, ""3"": 85, ""4"": 98}",False,22.0,-27.0,0.0,11.0,0.0,0.0,623.0,172.0,625.625,20.0,32.0,76.5,221.5,275.625,907.0,647.625,6.0,15.0,59.0,1.0,1.0,2.0,5.0,6.0,1.0,0.0,0.0,24.0,24.0,0.2975,0.2857142857142857,0.0096,0.0096,0.0725,0.32954545454545453,0.6704545454545454,0.55,1.0,1.0,0.4083333333333333,0.5916515426497277,0.0
20260629_152656_9d451bbc,20260629_152656_9d451bbc_g0032,32,2006459214,3,32,32,32,1,1,RED,champ_v3,0,4.0,[4],0,96,2,"{""1"": 96, ""2"": 77, ""3"": 85, ""4"": 98}",False,26.0,-32.0,0.0,22.0,1.0,0.0025,322.0,99.875,312.25,22.0,22.0,51.0,128.5,88.75,485.0,338.25,8.0,13.0,49.0,1.0,1.0,2.0,5.0,4.0,0.0,0.0,0.0,32.0,32.0,0.395,0.38095238095238093,0.0128,0.0128,0.0975,0.4431818181818182,0.5568181818181818,0.65,1.0,1.0,0.4833333333333333,0.6329284750337382,0.0
20260629_152656_9d451bbc,20260629_152656_9d451bbc_g0032,32,2006459214,3,32,32,32,1,2,BLUE,pool_heuristic,1,4.0,[4],0,77,4,"{""1"": 96, ""2"": 77, ""3"": 85, ""4"": 98}",False,22.0,-40.0,4.0,2.0,1.0,0.0025,98.0,44.25,102.5,18.0,15.0,21.0,41.0,7.5,709.0,124.5,8.0,13.0,48.0,1.0,1.0,2.0,6.0,3.0,0.0,1.0,0.0,32.0,32.0,0.395,0.38095238095238093,0.0128,0.0128,0.1,0.45454545454545453,0.5454545454545454,0.55,1.0,1.0,0.5166666666666667,0.46842105263157896,0.0
20260629_152656_9d451bbc,20260629_152656_9d451bbc_g0032,32,2006459214,3,32,32,32,1,3,YELLOW,pool_l45_100ms,2,4.0,[4],0,85,3,"{""1"": 96, ""2"": 77, ""3"": 85, ""4"": 98}",False,12.0,-60.0,5.0,5.0,1.0,0.0025,57.0,25.125,58.25,11.0,7.0,11.25,21.5,7.5,750.0,70.25,8.0,13.0,48.0,1.0,1.0,2.0,6.0,3.0,0.0,0.0,0.0,32.0,32.0,0.395,0.38095238095238093,0.0128,0.0128,0.1,0.45454545454545453,0.5454545454545454,0.3,1.0,1.0,0.6,0.42499999999999993,0.0
20260629_152656_9d451bbc,20260629_152656_9d451bbc_g0032,32,2006459214,3,32,32,32,1,4,GREEN,pool_peer_500ms,3,4.0,[4],1,98,1,"{""1"": 96, ""2"": 77, ""3"": 85, ""4"": 98}",False,24.0,-36.0,0.0,22.0,1.0,0.0025,330.0,100.75,314.875,22.0,24.0,51.0,123.5,94.375,477.0,338.875,8.0,13.0,49.0,1.0,1.0,2.0,5.0,4.0,0.0,0.0,0.0,32.0,32.0,0.395,0.38095238095238093,0.0128,0.0128,0.0975,0.4431818181818182,0.5568181818181818,0.6,1.0,1.0,0.5,0.6221322537112011,0.0
20260629_152656_9d451bbc,20260629_152656_9d451bbc_g0032,32,2006459214,4,40,40,40,1,1,RED,champ_v3,0,4.0,[4],0,96,2,"{""1"": 96, ""2"": 77, ""3"": 85, ""4"": 98}",False,29.0,-35.0,0.0,32.0,5.0,0.0125,251.0,82.5,241.125,23.0,22.0,27.75,111.5,56.875,284.0,270.125,10.0,11.0,41.0,1.0,1.0,1.0,5.0,3.0,0.0,0.0,0.0,40.0,40.0,0.485,0.47619047619047616,0.016,0.016,0.1175,0.5340909090909091,0.4659090909090909,0.725,1.0,1.0,0.5333333333333333,0.6304591265397537,0.0
20260629_152656_9d451bbc,20260629_152656_9d451bbc_g0032,32,2006459214,4,40,40,40,1,2,BLUE,pool_heuristic,1,4.0,[4],0,77,4,"{""1"": 96, ""2"": 77, ""3"": 85, ""4"": 98}",False,22.0,-49.0,4.0,8.0,5.0,0.0125,49.0,28.625,48.25,18.0,10.0,9.75,5.5,5.0,486.0,70.25,10.0,11.0,39.0,1.0,1.0,2.0,5.0,2.0,0.0,0.0,0.0,40.0,40.0,0.485,0.47619047619047616,0.016,0.016,0.1225,0.5568181818181818,0.4431818181818182,0.55,1.0,1.0,0.5916666666666667,0.42534908700322227,0.0
20260629_152656_9d451bbc,20260629_152656_9d451bbc_g0032,32,2006459214,4,40,40,40,1,3,YELLOW,pool_l45_100ms,2,4.0,[4],0,85,3,"{""1"": 96, ""2"": 77, ""3"": 85, ""4"": 98}",False,12.0,-69.0,5.0,14.0,5.0,0.0125,39.0,19.125,39.25,10.0,5.0,7.5,15.5,1.25,496.0,51.25,10.0,11.0,38.0,1.0,1.0,2.0,6.0,1.0,0.0,0.0,0.0,40.0,40.0,0.485,0.47619047619047616,0.016,0.016,0.125,0.5681818181818182,0.4318181818181818,0.3,1.0,1.0,0.675,0.4010526315789473,0.0
20260629_152656_9d451bbc,20260629_152656_9d451bbc_g0032,32,2006459214,4,40,40,40,1,4,GREEN,pool_peer_500ms,3,4.0,[4],1,98,1,"{""1"": 96, ""2"": 77, ""3"": 85, ""4"": 98}",False,30.0,-33.0,0.0,35.0,5.0,0.0125,196.0,73.625,195.125,25.0,20.0,37.5,72.0,40.625,339.0,225.125,10.0,11.0,40.0,1.0,1.0,2.0,4.0,3.0,0.0,0.0,0.0,40.0,40.0,0.485,0.47619047619047616,0.016,0.016,0.12,0.5454545454545454,0.45454545454545453,0.75,1.0,1.0,0.525,0.6063596491228069,0.0
20260629_152656_9d451bbc,20260629_152656_9d451bbc_g0032,32,2006459214,5,48,48,48,1,1,RED,champ_v3,0,4.0,[4],0,96,2,"{""1"": 96, ""2"": 77, ""3"": 85, ""4"": 98}",False,30.0,-42.0,0.0,45.0,7.0,0.0175,57.0,32.75,56.75,20.0,12.0,8.25,14.0,2.5,160.0,86.75,12.0,9.0,31.0,1.0,1.0,1.0,5.0,1.0,0.0,0.0,0.0,48.0,48.0,0.575,0.5714285714285714,0.0192,0.0192,0.1425,0.6477272727272727,0.3522727272727273,0.75,1.0,1.0,0.6,0.615881809787627,0.0
20260629_152656_9d451bbc,20260629_152656_9d451bbc_g0032,32,2006459214,5,48,48,48,1,2,BLUE,pool_heuristic,1,4.0,[4],0,77,4,"{""1"": 96, ""2"": 77, ""3"": 85, ""4"": 98}",False,25.0,-52.0,4.0,25.0,7.0,0.0175,38.0,27.75,39.25,20.0,9.0,8.25,2.0,0.0,179.0,64.25,12.0,9.0,30.0,1.0,1.0,2.0,4.0,1.0,0.0,0.0,0.0,48.0,48.0,0.575,0.5714285714285714,0.0192,0.0192,0.145,0.6590909090909091,0.3409090909090909,0.625,1.0,1.0,0.6416666666666667,0.411070780399274,0.0
20260629_152656_9d451bbc,20260629_152656_9d451bbc_g0032,32,2006459214,5,48,48,48,1,3,YELLOW,pool_l45_100ms,2,4.0,[4],0,85,3,"{""1"": 96, ""2"": 77, ""3"": 85, ""4"": 98}",False,16.0,-70.0,5.0,23.0,7.0,0.0175,44.0,22.75,44.75,13.0,5.0,9.0,14.0,3.75,173.0,60.75,12.0,9.0,30.0,1.0,1.0,2.0,4.0,1.0,0.0,0.0,0.0,48.0,48.0,0.575,0.5714285714285714,0.0192,0.0192,0.145,0.6590909090909091,0.3409090909090909,0.4,1.0,1.0,0.7166666666666667,0.38566243194192373,0.0
20260629_152656_9d451bbc,20260629_152656_9d451bbc_g0032,32,2006459214,5,48,48,48,1,4,GREEN,pool_peer_500ms,3,4.0,[4],1,98,1,"{""1"": 96, ""2"": 77, ""3"": 85, ""4"": 98}",False,31.0,-40.0,0.0,42.0,7.0,0.0175,78.0,44.25,81.5,25.0,15.0,20.25,15.0,6.25,139.0,112.5,12.0,9.0,31.0,1.0,1.0,2.0,3.0,2.0,0.0,0.0,0.0,48.0,48.0,0.575,0.5714285714285714,0.0192,0.0192,0.1425,0.6477272727272727,0.3522727272727273,0.775,1.0,1.0,0.5916666666666667,0.5955678670360112,0.0
20260629_152656_9d451bbc,20260629_152656_9d451bbc_g0032,32,2006459214,6,56,56,56,1,1,RED,champ_v3,0,4.0,[4],0,96,2,"{""1"": 96, ""2"": 77, ""3"": 85, ""4"": 98}",False,26.0,-50.0,0.0,54.0,11.0,0.0275,29.0,22.0,31.0,16.0,9.0,0.0,6.0,0.0,92.0,57.0,14.0,7.0,24.0,1.0,1.0,0.0,4.0,1.0,0.0,0.0,0.0,56.0,56.0,0.6525,0.6666666666666666,0.0224,0.0224,0.16,0.7272727272727273,0.2727272727272727,0.65,1.0,1.0,0.6333333333333333,0.6151315789473684,0.0
20260629_152656_9d451bbc,20260629_152656_9d451bbc_g0032,32,2006459214,6,56,56,56,1,2,BLUE,pool_heuristic,1,4.0,[4],0,77,4,"{""1"": 96, ""2"": 77, ""3"": 85, ""4"": 98}",False,27.0,-48.0,4.0,41.0,11.0,0.0275,31.0,24.25,31.25,19.0,7.0,5.25,0.0,0.0,90.0,58.25,14.0,7.0,22.0,1.0,1.0,2.0,2.0,1.0,0.0,0.0,0.0,56.0,56.0,0.6525,0.6666666666666666,0.0224,0.0224,0.165,0.75,0.25,0.675,1.0,1.0,0.625,0.41068580542264754,0.0
20260629_152656_9d451bbc,20260629_152656_9d451bbc_g0032,32,2006459214,6,56,56,56,1,3,YELLOW,pool_l45_100ms,2,4.0,[4],0,85,3,"{""1"": 96, ""2"": 77, ""3"": 85, ""4"": 98}",False,16.0,-70.0,5.0,33.0,11.0,0.0275,19.0,16.0,21.0,13.0,3.0,3.0,2.0,0.0,102.0,37.0,14.0,7.0,21.0,1.0,1.0,2.0,3.0,0.0,0.0,0.0,0.0,56.0,56.0,0.6525,0.6666666666666666,0.0224,0.0224,0.1675,0.7613636363636364,0.23863636363636365,0.4,0.85,0.8,0.7166666666666667,0.38570306362922235,0.0
20260629_152656_9d451bbc,20260629_152656_9d451bbc_g0032,32,2006459214,6,56,56,56,1,4,GREEN,pool_peer_500ms,3,4.0,[4],1,98,1,"{""1"": 96, ""2"": 77, ""3"": 85, ""4"": 98}",False,33.0,-36.0,0.0,53.0,11.0,0.0275,42.0,31.75,45.75,23.0,11.0,6.0,2.0,3.75,79.0,78.75,14.0,7.0,24.0,1.0,1.0,1.0,2.0,2.0,0.0,0.0,0.0,56.0,56.0,0.6525,0.6666666666666666,0.0224,0.0224,0.16,0.7272727272727273,0.2727272727272727,0.825,1.0,1.0,0.575,0.5970394736842105,0.0
20260629_152656_9d451bbc,20260629_152656_9d451bbc_g0032,32,2006459214,7,64,64,64,1,1,RED,champ_v3,0,4.0,[4],0,96,2,"{""1"": 96, ""2"": 77, ""3"": 85, ""4"": 98}",False,26.0,-41.0,0.0,62.0,19.0,0.0475,24.0,20.0,24.0,16.0,8.0,0.0,0.0,0.0,44.0,50.0,16.0,5.0,16.0,1.0,1.0,0.0,2.0,1.0,0.0,0.0,0.0,64.0,64.0,0.7225,0.7619047619047619,0.0256,0.0256,0.18,0.8181818181818182,0.18181818181818182,0.65,0.8,1.0,0.5583333333333333,0.5789473684210527,0.0
20260629_152656_9d451bbc,20260629_152656_9d451bbc_g0032,32,2006459214,7,64,64,64,1,2,BLUE,pool_heuristic,1,4.0,[4],0,77,4,"{""1"": 96, ""2"": 77, ""3"": 85, ""4"": 98}",False,23.0,-47.0,4.0,49.0,19.0,0.0475,3.0,1.5,3.0,0.0,3.0,0.0,0.0,0.0,65.0,26.0,16.0,5.0,18.0,0.0,1.0,1.0,2.0,1.0,0.0,0.0,0.0,64.0,64.0,0.7225,0.7619047619047619,0.0256,0.0256,0.175,0.7954545454545454,0.20454545454545456,0.575,0.7166666666666667,1.0,0.5833333333333333,0.41203007518796997,0.0
20260629_152656_9d451bbc,20260629_152656_9d451bbc_g0032,32,2006459214,7,64,64,64,1,3,YELLOW,pool_l45_100ms,2,4.0,[4],0,85,3,"{""1"": 96, ""2"": 77, ""3"": 85, ""4"": 98}",False,13.0,-67.0,5.0,45.0,19.0,0.0475,11.0,10.5,11.0,10.0,1.0,0.0,0.0,0.0,57.0,24.0,16.0,5.0,14.0,1.0,1.0,1.0,2.0,0.0,0.0,0.0,0.0,64.0,64.0,0.7225,0.7619047619047619,0.0256,0.0256,0.185,0.8409090909090909,0.1590909090909091,0.325,0.43333333333333335,0.8,0.6666666666666667,0.38549075391180654,0.0
20260629_152656_9d451bbc,20260629_152656_9d451bbc_g0032,32,2006459214,7,64,64,64,1,4,GREEN,pool_peer_500ms,3,4.0,[4],1,98,1,"{""1"": 96, ""2"": 77, ""3"": 85, ""4"": 98}",False,31.0,-31.0,0.0,64.0,19.0,0.0475,30.0,25.5,31.0,21.0,7.0,3.0,0.0,0.0,38.0,62.0,16.0,5.0,15.0,1.0,1.0,1.0,1.0,1.0,0.0,0.0,0.0,64.0,64.0,0.7225,0.7619047619047619,0.0256,0.0256,0.1825,0.8295454545454546,0.17045454545454544,0.775,0.7,1.0,0.5166666666666667,0.5695746214852199,0.0
20260629_152656_9d451bbc,20260629_152656_9d451bbc_g0033,33,1437300900,0,8,8,8,1,1,RED,pool_heuristic,0,4.0,[4],0,73,4,"{""1"": 73, ""2"": 76, ""3"": 97, ""4"": 99}",False,6.0,-17.0,9.0,0.0,3.0,0.0075,373.0,92.375,373.875,6.0,10.0,29.25,118.0,210.625,1413.0,379.875,2.0,19.0,78.0,1.0,1.0,2.0,6.0,9.0,1.0,1.0,1.0,8.0,8.0,0.1,0.09523809523809523,0.0032,0.0032,0.025,0.11363636363636363,0.8863636363636364,0.15,1.0,1.0,0.19166666666666668,0.2315789473684211,0.0
20260629_152656_9d451bbc,20260629_152656_9d451bbc_g0033,33,1437300900,0,8,8,8,1,2,BLUE,pool_l45_100ms,1,4.0,[4],0,76,3,"{""1"": 73, ""2"": 76, ""3"": 97, ""4"": 99}",False,5.0,-19.0,9.0,0.0,3.0,0.0075,327.0,76.25,309.5,5.0,8.0,24.0,95.0,177.5,1459.0,314.5,2.0,19.0,78.0,1.0,1.0,2.0,6.0,9.0,1.0,1.0,0.0,8.0,8.0,0.1,0.09523809523809523,0.0032,0.0032,0.025,0.11363636363636363,0.8863636363636364,0.125,1.0,1.0,0.2,0.15263157894736834,0.0
20260629_152656_9d451bbc,20260629_152656_9d451bbc_g0033,33,1437300900,0,8,8,8,1,3,YELLOW,pool_peer_500ms,2,4.0,[4],0,97,2,"{""1"": 73, ""2"": 76, ""3"": 97, ""4"": 99}",False,9.0,-11.0,9.0,0.0,3.0,0.0075,543.0,122.625,488.75,9.0,15.0,41.25,153.5,270.0,1243.0,497.75,2.0,19.0,78.0,1.0,1.0,2.0,6.0,9.0,1.0,0.0,0.0,8.0,8.0,0.1,0.09523809523809523,0.0032,0.0032,0.025,0.11363636363636363,0.8863636363636364,0.225,1.0,1.0,0.16666666666666669,0.23684210526315785,0.0
20260629_152656_9d451bbc,20260629_152656_9d451bbc_g0033,33,1437300900,0,8,8,8,1,4,GREEN,champ_v3,3,4.0,[4],1,99,1,"{""1"": 73, ""2"": 76, ""3"": 97, ""4"": 99}",False,9.0,-11.0,9.0,0.0,3.0,0.0075,543.0,122.625,488.75,9.0,15.0,41.25,153.5,270.0,1243.0,497.75,2.0,19.0,78.0,1.0,1.0,2.0,6.0,9.0,1.0,0.0,0.0,8.0,8.0,0.1,0.09523809523809523,0.0032,0.0032,0.025,0.11363636363636363,0.8863636363636364,0.225,1.0,1.0,0.16666666666666669,0.23684210526315785,0.0
20260629_152656_9d451bbc,20260629_152656_9d451bbc_g0033,33,1437300900,1,16,16,16,1,1,RED,pool_heuristic,0,4.0,[4],0,73,4,"{""1"": 73, ""2"": 76, ""3"": 97, ""4"": 99}",False,14.0,-26.0,3.0,1.0,3.0,0.0075,612.0,151.125,584.625,12.0,20.0,57.75,218.0,276.875,2054.0,598.625,4.0,17.0,68.0,1.0,1.0,2.0,6.0,7.0,1.0,1.0,0.0,16.0,16.0,0.2,0.19047619047619047,0.0064,0.0064,0.05,0.22727272727272727,0.7727272727272727,0.35,1.0,1.0,0.33333333333333337,0.45789473684210524,0.0
20260629_152656_9d451bbc,20260629_152656_9d451bbc_g0033,33,1437300900,1,16,16,16,1,2,BLUE,pool_l45_100ms,1,4.0,[4],0,76,3,"{""1"": 73, ""2"": 76, ""3"": 97, ""4"": 99}",False,9.0,-36.0,6.0,1.0,3.0,0.0075,486.0,115.125,445.5,9.0,16.0,43.5,164.5,212.5,2180.0,454.5,4.0,17.0,68.0,1.0,1.0,2.0,6.0,7.0,1.0,0.0,0.0,16.0,16.0,0.2,0.19047619047619047,0.0064,0.0064,0.05,0.22727272727272727,0.7727272727272727,0.225,1.0,1.0,0.375,0.3263157894736842,0.0
20260629_152656_9d451bbc,20260629_152656_9d451bbc_g0033,33,1437300900,1,16,16,16,1,3,YELLOW,pool_peer_500ms,2,4.0,[4],0,97,2,"{""1"": 73, ""2"": 76, ""3"": 97, ""4"": 99}",False,16.0,-22.0,0.0,3.0,3.0,0.0075,818.0,202.875,790.875,15.0,27.0,76.5,288.0,384.375,1848.0,806.875,4.0,17.0,68.0,1.0,1.0,2.0,6.0,7.0,1.0,0.0,0.0,16.0,16.0,0.2,0.19047619047619047,0.0064,0.0064,0.05,0.22727272727272727,0.7727272727272727,0.4,1.0,1.0,0.31666666666666665,0.49473684210526314,0.0
20260629_152656_9d451bbc,20260629_152656_9d451bbc_g0033,33,1437300900,1,16,16,16,1,4,GREEN,champ_v3,3,4.0,[4],1,99,1,"{""1"": 73, ""2"": 76, ""3"": 97, ""4"": 99}",False,15.0,-24.0,1.0,3.0,3.0,0.0075,750.0,187.125,724.125,15.0,26.0,70.5,262.0,350.625,1916.0,739.125,4.0,17.0,68.0,1.0,1.0,2.0,6.0,7.0,1.0,0.0,0.0,16.0,16.0,0.2,0.19047619047619047,0.0064,0.0064,0.05,0.22727272727272727,0.7727272727272727,0.375,1.0,1.0,0.325,0.4894736842105264,0.0
20260629_152656_9d451bbc,20260629_152656_9d451bbc_g0033,33,1437300900,2,24,24,24,1,1,RED,pool_heuristic,0,4.0,[4],0,73,4,"{""1"": 73, ""2"": 76, ""3"": 97, ""4"": 99}",False,19.0,-36.0,3.0,4.0,6.0,0.015,367.0,104.0,359.125,15.0,19.0,48.75,159.5,116.875,1450.0,378.125,6.0,15.0,58.0,1.0,1.0,2.0,6.0,5.0,1.0,0.0,0.0,24.0,24.0,0.3,0.2857142857142857,0.0096,0.0096,0.075,0.3409090909090909,0.6590909090909091,0.475,1.0,1.0,0.4583333333333333,0.5052631578947369,0.0
20260629_152656_9d451bbc,20260629_152656_9d451bbc_g0033,33,1437300900,2,24,24,24,1,2,BLUE,pool_l45_100ms,1,4.0,[4],0,76,3,"{""1"": 73, ""2"": 76, ""3"": 97, ""4"": 99}",False,13.0,-48.0,6.0,2.0,6.0,0.015,285.0,76.625,257.625,13.0,16.0,33.75,108.0,86.875,1532.0,270.625,6.0,15.0,58.0,1.0,1.0,2.0,6.0,5.0,0.0,0.0,0.0,24.0,24.0,0.3,0.2857142857142857,0.0096,0.0096,0.075,0.3409090909090909,0.6590909090909091,0.325,1.0,1.0,0.5083333333333333,0.38596491228070173,0.0
20260629_152656_9d451bbc,20260629_152656_9d451bbc_g0033,33,1437300900,2,24,24,24,1,3,YELLOW,pool_peer_500ms,2,4.0,[4],0,97,2,"{""1"": 73, ""2"": 76, ""3"": 97, ""4"": 99}",False,20.0,-34.0,0.0,12.0,6.0,0.015,605.0,157.875,566.625,19.0,26.0,70.5,243.0,208.125,1212.0,586.625,6.0,15.0,58.0,1.0,1.0,2.0,6.0,5.0,0.0,0.0,0.0,24.0,24.0,0.3,0.2857142857142857,0.0096,0.0096,0.075,0.3409090909090909,0.6590909090909091,0.5,1.0,1.0,0.45,0.6000000000000001,0.0
20260629_152656_9d451bbc,20260629_152656_9d451bbc_g0033,33,1437300900,2,24,24,24,1,4,GREEN,champ_v3,3,4.0,[4],1,99,1,"{""1"": 73, ""2"": 76, ""3"": 97, ""4"": 99}",False,22.0,-30.0,0.0,10.0,6.0,0.015,560.0,159.0,552.125,22.0,32.0,72.0,235.5,190.625,1257.0,574.125,6.0,15.0,58.0,1.0,1.0,2.0,6.0,5.0,1.0,0.0,0.0,24.0,24.0,0.3,0.2857142857142857,0.0096,0.0096,0.075,0.3409090909090909,0.6590909090909091,0.55,1.0,1.0,0.4333333333333333,0.5894736842105264,0.0
20260629_152656_9d451bbc,20260629_152656_9d451bbc_g0033,33,1437300900,3,32,32,32,1,1,RED,pool_heuristic,0,4.0,[4],0,73,4,"{""1"": 73, ""2"": 76, ""3"": 97, ""4"": 99}",False,25.0,-38.0,3.0,8.0,12.0,0.03,151.0,56.0,148.5,18.0,16.0,28.5,66.0,20.0,699.0,173.5,8.0,13.0,48.0,1.0,1.0,2.0,6.0,3.0,0.0,0.0,0.0,32.0,32.0,0.395,0.38095238095238093,0.0128,0.0128,0.1,0.45454545454545453,0.5454545454545454,0.625,1.0,1.0,0.525,0.4842105263157894,0.0
20260629_152656_9d451bbc,20260629_152656_9d451bbc_g0033,33,1437300900,3,32,32,32,1,2,BLUE,pool_l45_100ms,1,4.0,[4],0,76,3,"{""1"": 73, ""2"": 76, ""3"": 97, ""4"": 99}",False,14.0,-60.0,3.0,12.0,12.0,0.03,71.0,31.5,74.75,13.0,9.0,14.25,31.0,7.5,779.0,88.75,8.0,13.0,48.0,1.0,1.0,2.0,6.0,3.0,0.0,0.0,0.0,32.0,32.0,0.395,0.38095238095238093,0.0128,0.0128,0.1,0.45454545454545453,0.5454545454545454,0.35,1.0,1.0,0.6166666666666667,0.45789473684210524,0.0
20260629_152656_9d451bbc,20260629_152656_9d451bbc_g0033,33,1437300900,3,32,32,32,1,3,YELLOW,pool_peer_500ms,2,4.0,[4],0,97,2,"{""1"": 73, ""2"": 76, ""3"": 97, ""4"": 99}",False,24.0,-40.0,0.0,19.0,12.0,0.03,359.0,113.25,360.75,21.0,24.0,59.25,184.0,72.5,491.0,384.75,8.0,13.0,48.0,1.0,1.0,2.0,6.0,3.0,0.0,0.0,0.0,32.0,32.0,0.395,0.38095238095238093,0.0128,0.0128,0.1,0.45454545454545453,0.5454545454545454,0.6,1.0,1.0,0.5333333333333333,0.593421052631579,0.0
20260629_152656_9d451bbc,20260629_152656_9d451bbc_g0033,33,1437300900,3,32,32,32,1,4,GREEN,champ_v3,3,4.0,[4],1,99,1,"{""1"": 73, ""2"": 76, ""3"": 97, ""4"": 99}",False,25.0,-38.0,0.0,20.0,12.0,0.03,269.0,89.25,265.875,23.0,25.0,45.75,81.5,90.625,581.0,290.875,8.0,13.0,50.0,1.0,1.0,2.0,4.0,5.0,1.0,0.0,0.0,32.0,32.0,0.395,0.38095238095238093,0.0128,0.0128,0.095,0.4318181818181818,0.5681818181818182,0.625,1.0,1.0,0.525,0.6149584487534626,0.0
20260629_152656_9d451bbc,20260629_152656_9d451bbc_g0033,33,1437300900,4,40,40,40,1,1,RED,pool_heuristic,0,4.0,[4],0,73,4,"{""1"": 73, ""2"": 76, ""3"": 97, ""4"": 99}",False,23.0,-51.0,3.0,10.0,16.0,0.04,58.0,30.375,59.125,16.0,10.0,15.0,15.0,3.125,340.0,82.125,10.0,11.0,39.0,1.0,1.0,2.0,5.0,2.0,0.0,0.0,0.0,40.0,40.0,0.4825,0.47619047619047616,0.016,0.016,0.1225,0.5568181818181818,0.4431818181818182,0.575,1.0,1.0,0.6166666666666667,0.4736842105263158,0.0
20260629_152656_9d451bbc,20260629_152656_9d451bbc_g0033,33,1437300900,4,40,40,40,1,2,BLUE,pool_l45_100ms,1,4.0,[4],0,76,3,"{""1"": 73, ""2"": 76, ""3"": 97, ""4"": 99}",False,19.0,-59.0,3.0,17.0,16.0,0.04,85.0,38.375,83.5,18.0,10.0,18.0,37.5,0.0,313.0,102.5,10.0,11.0,38.0,1.0,1.0,2.0,6.0,1.0,0.0,0.0,0.0,40.0,40.0,0.4825,0.47619047619047616,0.016,0.016,0.125,0.5681818181818182,0.4318181818181818,0.475,1.0,1.0,0.65,0.4357894736842105,0.0
20260629_152656_9d451bbc,20260629_152656_9d451bbc_g0033,33,1437300900,4,40,40,40,1,3,YELLOW,pool_peer_500ms,2,4.0,[4],0,97,2,"{""1"": 73, ""2"": 76, ""3"": 97, ""4"": 99}",False,24.0,-49.0,0.0,31.0,16.0,0.04,107.0,45.5,108.125,19.0,11.0,24.0,43.5,10.625,291.0,132.125,10.0,11.0,39.0,1.0,1.0,2.0,5.0,2.0,0.0,0.0,0.0,40.0,40.0,0.4825,0.47619047619047616,0.016,0.016,0.1225,0.5568181818181818,0.4431818181818182,0.6,1.0,1.0,0.6083333333333333,0.5918367346938775,0.0
20260629_152656_9d451bbc,20260629_152656_9d451bbc_g0033,33,1437300900,4,40,40,40,1,4,GREEN,champ_v3,3,4.0,[4],1,99,1,"{""1"": 73, ""2"": 76, ""3"": 97, ""4"": 99}",False,31.0,-35.0,0.0,27.0,16.0,0.04,148.0,65.375,161.375,26.0,26.0,18.0,42.0,49.375,250.0,192.375,10.0,11.0,43.0,1.0,1.0,1.0,3.0,5.0,1.0,0.0,0.0,40.0,40.0,0.4825,0.47619047619047616,0.016,0.016,0.1125,0.5113636363636364,0.48863636363636365,0.775,1.0,1.0,0.55,0.5976608187134502,0.0
20260629_152656_9d451bbc,20260629_152656_9d451bbc_g0033,33,1437300900,5,48,48,48,1,1,RED,pool_heuristic,0,4.0,[4],0,73,4,"{""1"": 73, ""2"": 76, ""3"": 97, ""4"": 99}",False,26.0,-48.0,3.0,18.0,19.0,0.0475,46.0,28.0,45.25,18.0,9.0,11.25,7.0,0.0,168.0,71.25,12.0,9.0,30.0,1.0,1.0,2.0,4.0,1.0,0.0,0.0,0.0,48.0,48.0,0.5725,0.5714285714285714,0.0192,0.0192,0.145,0.6590909090909091,0.3409090909090909,0.65,1.0,1.0,0.6166666666666667,0.4537205081669692,0.0
20260629_152656_9d451bbc,20260629_152656_9d451bbc_g0033,33,1437300900,5,48,48,48,1,2,BLUE,pool_l45_100ms,1,4.0,[4],0,76,3,"{""1"": 73, ""2"": 76, ""3"": 97, ""4"": 99}",False,18.0,-64.0,3.0,29.0,19.0,0.0475,25.0,18.625,23.75,15.0,5.0,2.25,1.5,0.0,189.0,41.75,12.0,9.0,30.0,1.0,1.0,2.0,4.0,1.0,0.0,0.0,0.0,48.0,48.0,0.5725,0.5714285714285714,0.0192,0.0192,0.145,0.6590909090909091,0.3409090909090909,0.45,1.0,1.0,0.6833333333333333,0.4301270417422868,0.0
20260629_152656_9d451bbc,20260629_152656_9d451bbc_g0033,33,1437300900,5,48,48,48,1,3,YELLOW,pool_peer_500ms,2,4.0,[4],0,97,2,"{""1"": 73, ""2"": 76, ""3"": 97, ""4"": 99}",False,25.0,-50.0,0.0,42.0,19.0,0.0475,61.0,32.625,60.5,18.0,11.0,15.0,16.5,0.0,153.0,85.5,12.0,9.0,30.0,1.0,1.0,2.0,4.0,1.0,0.0,0.0,0.0,48.0,48.0,0.5725,0.5714285714285714,0.0192,0.0192,0.145,0.6590909090909091,0.3409090909090909,0.625,1.0,1.0,0.625,0.5771324863883847,0.0
20260629_152656_9d451bbc,20260629_152656_9d451bbc_g0033,33,1437300900,5,48,48,48,1,4,GREEN,champ_v3,3,4.0,[4],1,99,1,"{""1"": 73, ""2"": 76, ""3"": 97, ""4"": 99}",False,31.0,-38.0,0.0,41.0,19.0,0.0475,82.0,45.125,93.75,22.0,19.0,13.5,25.5,13.75,132.0,124.75,12.0,9.0,33.0,1.0,1.0,1.0,3.0,3.0,1.0,0.0,0.0,48.0,48.0,0.5725,0.5714285714285714,0.0192,0.0192,0.1375,0.625,0.375,0.775,1.0,1.0,0.575,0.5665071770334928,0.0
20260629_152656_9d451bbc,20260629_152656_9d451bbc_g0033,33,1437300900,6,56,56,56,1,1,RED,pool_heuristic,0,4.0,[4],0,73,4,"{""1"": 73, ""2"": 76, ""3"": 97, ""4"": 99}",False,21.0,-50.0,3.0,27.0,31.0,0.0775,10.0,9.5,10.0,9.0,1.0,0.0,0.0,0.0,81.0,31.0,14.0,7.0,23.0,1.0,1.0,1.0,3.0,1.0,0.0,0.0,0.0,56.0,56.0,0.6425,0.6666666666666666,0.0224,0.0224,0.1625,0.7386363636363636,0.26136363636363635,0.525,0.8,1.0,0.5916666666666667,0.4461538461538461,0.0
20260629_152656_9d451bbc,20260629_152656_9d451bbc_g0033,33,1437300900,6,56,56,56,1,2,BLUE,pool_l45_100ms,1,4.0,[4],0,76,3,"{""1"": 73, ""2"": 76, ""3"": 97, ""4"": 99}",False,19.0,-54.0,2.0,37.0,31.0,0.0775,21.0,18.0,21.5,15.0,5.0,1.5,0.0,0.0,70.0,40.5,14.0,7.0,23.0,1.0,1.0,1.0,3.0,1.0,0.0,0.0,0.0,56.0,56.0,0.6425,0.6666666666666666,0.0224,0.0224,0.1625,0.7386363636363636,0.26136363636363635,0.475,0.8833333333333333,1.0,0.6083333333333333,0.4502024291497976,0.0
20260629_152656_9d451bbc,20260629_152656_9d451bbc_g0033,33,1437300900,6,56,56,56,1,3,YELLOW,pool_peer_500ms,2,4.0,[4],0,97,2,"{""1"": 73, ""2"": 76, ""3"": 97, ""4"": 99}",False,26.0,-40.0,0.0,49.0,31.0,0.0775,26.0,20.0,25.25,16.0,6.0,2.25,1.0,0.0,65.0,51.25,14.0,7.0,23.0,1.0,1.0,1.0,3.0,1.0,0.0,0.0,0.0,56.0,56.0,0.6425,0.6666666666666666,0.0224,0.0224,0.1625,0.7386363636363636,0.26136363636363635,0.65,0.8333333333333334,1.0,0.55,0.5748987854251013,0.0
20260629_152656_9d451bbc,20260629_152656_9d451bbc_g0033,33,1437300900,6,56,56,56,1,4,GREEN,champ_v3,3,4.0,[4],1,99,1,"{""1"": 73, ""2"": 76, ""3"": 97, ""4"": 99}",False,26.0,-40.0,0.0,51.0,31.0,0.0775,34.0,23.75,40.25,16.0,8.0,0.0,10.0,6.25,57.0,66.25,14.0,7.0,26.0,1.0,1.0,0.0,2.0,3.0,1.0,0.0,0.0,56.0,56.0,0.6425,0.6666666666666666,0.0224,0.0224,0.155,0.7045454545454546,0.29545454545454547,0.65,0.85,1.0,0.55,0.5577249575551784,0.0
20260629_152656_9d451bbc,20260629_152656_9d451bbc_g0033,33,1437300900,7,64,64,64,1,1,RED,pool_heuristic,0,4.0,[4],0,73,4,"{""1"": 73, ""2"": 76, ""3"": 97, ""4"": 99}",False,23.0,-46.0,3.0,35.0,37.0,0.0925,0.0,0.0,0.0,0.0,0.0,0.0,0.0,0.0,46.0,23.0,16.0,5.0,20.0,0.0,0.0,1.0,3.0,1.0,0.0,0.0,0.0,64.0,64.0,0.7,0.7619047619047619,0.0256,0.0256,0.17,0.7727272727272727,0.22727272727272727,0.575,0.6833333333333333,1.0,0.575,0.43885448916408665,0.0
20260629_152656_9d451bbc,20260629_152656_9d451bbc_g0033,33,1437300900,7,64,64,64,1,2,BLUE,pool_l45_100ms,1,4.0,[4],0,76,3,"{""1"": 73, ""2"": 76, ""3"": 97, ""4"": 99}",False,18.0,-56.0,2.0,44.0,37.0,0.0925,13.0,13.0,13.0,13.0,0.0,0.0,0.0,0.0,33.0,31.0,16.0,5.0,18.0,1.0,0.0,0.0,3.0,1.0,0.0,0.0,0.0,64.0,64.0,0.7,0.7619047619047619,0.0256,0.0256,0.175,0.7954545454545454,0.20454545454545456,0.45,0.6333333333333333,1.0,0.6166666666666667,0.46466165413533833,0.0
20260629_152656_9d451bbc,20260629_152656_9d451bbc_g0033,33,1437300900,7,64,64,64,1,3,YELLOW,pool_peer_500ms,2,4.0,[4],0,97,2,"{""1"": 73, ""2"": 76, ""3"": 97, ""4"": 99}",False,26.0,-40.0,0.0,59.0,37.0,0.0925,13.0,5.0,12.0,0.0,7.0,3.0,2.0,0.0,33.0,38.0,16.0,5.0,17.0,0.0,1.0,1.0,3.0,0.0,0.0,0.0,0.0,64.0,64.0,0.7,0.7619047619047619,0.0256,0.0256,0.1775,0.8068181818181818,0.19318181818181818,0.65,0.6166666666666667,0.8,0.55,0.5515196441808747,0.0
20260629_152656_9d451bbc,20260629_152656_9d451bbc_g0033,33,1437300900,7,64,64,64,1,4,GREEN,champ_v3,3,4.0,[4],1,99,1,"{""1"": 73, ""2"": 76, ""3"": 97, ""4"": 99}",False,25.0,-42.0,0.0,63.0,37.0,0.0925,20.0,17.0,21.0,14.0,5.0,0.0,2.0,0.0,26.0,46.0,16.0,5.0,17.0,1.0,1.0,0.0,1.0,2.0,1.0,0.0,0.0,64.0,64.0,0.7,0.7619047619047619,0.0256,0.0256,0.1775,0.8068181818181818,0.19318181818181818,0.625,0.55,1.0,0.5583333333333333,0.5381764269829503,0.0
20260629_152656_9d451bbc,20260629_152656_9d451bbc_g0034,34,1368792972,0,8,8,8,1,1,RED,pool_l45_100ms,0,3.0,[3],0,83,4,"{""1"": 83, ""2"": 94, ""3"": 101, ""4"": 84}",False,6.0,-18.0,9.0,0.0,1.0,0.0025,388.0,90.5,366.25,6.0,10.0,28.5,113.0,208.75,1441.0,372.25,2.0,19.0,78.0,1.0,1.0,2.0,6.0,9.0,1.0,1.0,0.0,8.0,8.0,0.1,0.09523809523809523,0.0032,0.0032,0.025,0.11363636363636363,0.8863636363636364,0.15,1.0,1.0,0.2,0.20526315789473681,0.0
20260629_152656_9d451bbc,20260629_152656_9d451bbc_g0034,34,1368792972,0,8,8,8,1,2,BLUE,pool_peer_500ms,1,3.0,[3],0,94,2,"{""1"": 83, ""2"": 94, ""3"": 101, ""4"": 84}",False,9.0,-12.0,9.0,0.0,1.0,0.0025,543.0,122.625,488.75,9.0,15.0,41.25,153.5,270.0,1286.0,497.75,2.0,19.0,78.0,1.0,1.0,2.0,6.0,9.0,1.0,0.0,0.0,8.0,8.0,0.1,0.09523809523809523,0.0032,0.0032,0.025,0.11363636363636363,0.8863636363636364,0.225,1.0,1.0,0.175,0.23684210526315785,0.0
20260629_152656_9d451bbc,20260629_152656_9d451bbc_g0034,34,1368792972,0,8,8,8,1,3,YELLOW,champ_v3,2,3.0,[3],1,101,1,"{""1"": 83, ""2"": 94, ""3"": 101, ""4"": 84}",False,9.0,-12.0,9.0,0.0,1.0,0.0025,543.0,122.625,488.75,9.0,15.0,41.25,153.5,270.0,1286.0,497.75,2.0,19.0,78.0,1.0,1.0,2.0,6.0,9.0,1.0,0.0,0.0,8.0,8.0,0.1,0.09523809523809523,0.0032,0.0032,0.025,0.11363636363636363,0.8863636363636364,0.225,1.0,1.0,0.175,0.23684210526315785,0.0
20260629_152656_9d451bbc,20260629_152656_9d451bbc_g0034,34,1368792972,0,8,8,8,1,4,GREEN,pool_heuristic,3,3.0,[3],0,84,3,"{""1"": 83, ""2"": 94, ""3"": 101, ""4"": 84}",False,6.0,-18.0,9.0,0.0,1.0,0.0025,355.0,90.125,364.875,6.0,10.0,28.5,111.0,209.375,1474.0,370.875,2.0,19.0,78.0,1.0,1.0,2.0,6.0,9.0,1.0,1.0,1.0,8.0,8.0,0.1,0.09523809523809523,0.0032,0.0032,0.025,0.11363636363636363,0.8863636363636364,0.15,1.0,1.0,0.2,0.24736842105263157,0.0
20260629_152656_9d451bbc,20260629_152656_9d451bbc_g0034,34,1368792972,1,16,16,16,1,1,RED,pool_l45_100ms,0,3.0,[3],0,83,4,"{""1"": 83, ""2"": 94, ""3"": 101, ""4"": 84}",False,10.0,-31.0,7.0,1.0,1.0,0.0025,474.0,113.0,430.0,10.0,17.0,43.5,162.0,197.5,1909.0,440.0,4.0,17.0,68.0,1.0,1.0,2.0,6.0,7.0,1.0,0.0,0.0,16.0,16.0,0.2,0.19047619047619047,0.0064,0.0064,0.05,0.22727272727272727,0.7727272727272727,0.25,1.0,1.0,0.3416666666666667,0.3236842105263158,0.0
20260629_152656_9d451bbc,20260629_152656_9d451bbc_g0034,34,1368792972,1,16,16,16,1,2,BLUE,pool_peer_500ms,1,3.0,[3],0,94,2,"{""1"": 83, ""2"": 94, ""3"": 101, ""4"": 84}",False,16.0,-19.0,0.0,2.0,1.0,0.0025,721.0,179.875,699.375,14.0,24.0,67.5,252.0,341.875,1662.0,715.375,4.0,17.0,68.0,1.0,1.0,2.0,6.0,7.0,1.0,0.0,0.0,16.0,16.0,0.2,0.19047619047619047,0.0064,0.0064,0.05,0.22727272727272727,0.7727272727272727,0.4,1.0,1.0,0.29166666666666663,0.49473684210526314,0.0
20260629_152656_9d451bbc,20260629_152656_9d451bbc_g0034,34,1368792972,1,16,16,16,1,3,YELLOW,champ_v3,2,3.0,[3],1,101,1,"{""1"": 83, ""2"": 94, ""3"": 101, ""4"": 84}",False,15.0,-21.0,1.0,2.0,1.0,0.0025,765.0,191.5,740.625,15.0,27.0,74.25,267.5,356.875,1618.0,755.625,4.0,17.0,68.0,1.0,1.0,2.0,6.0,7.0,1.0,0.0,0.0,16.0,16.0,0.2,0.19047619047619047,0.0064,0.0064,0.05,0.22727272727272727,0.7727272727272727,0.375,1.0,1.0,0.3,0.4894736842105264,0.0
20260629_152656_9d451bbc,20260629_152656_9d451bbc_g0034,34,1368792972,1,16,16,16,1,4,GREEN,pool_heuristic,3,3.0,[3],0,84,3,"{""1"": 83, ""2"": 94, ""3"": 101, ""4"": 84}",False,10.0,-31.0,4.0,1.0,1.0,0.0025,423.0,109.75,419.875,10.0,16.0,42.75,145.5,205.625,1960.0,429.875,4.0,17.0,68.0,1.0,1.0,2.0,6.0,7.0,1.0,1.0,1.0,16.0,16.0,0.2,0.19047619047619047,0.0064,0.0064,0.05,0.22727272727272727,0.7727272727272727,0.25,1.0,1.0,0.3416666666666667,0.43157894736842106,0.0
20260629_152656_9d451bbc,20260629_152656_9d451bbc_g0034,34,1368792972,2,24,24,24,1,1,RED,pool_l45_100ms,0,3.0,[3],0,83,4,"{""1"": 83, ""2"": 94, ""3"": 101, ""4"": 84}",False,13.0,-41.0,4.0,5.0,6.0,0.015,358.0,91.875,317.125,13.0,18.0,42.0,141.0,103.125,1340.0,330.125,6.0,15.0,58.0,1.0,1.0,2.0,6.0,5.0,0.0,0.0,0.0,24.0,24.0,0.2975,0.2857142857142857,0.0096,0.0096,0.075,0.3409090909090909,0.6590909090909091,0.325,1.0,1.0,0.45,0.4035087719298245,0.0
20260629_152656_9d451bbc,20260629_152656_9d451bbc_g0034,34,1368792972,2,24,24,24,1,2,BLUE,pool_peer_500ms,1,3.0,[3],0,94,2,"{""1"": 83, ""2"": 94, ""3"": 101, ""4"": 84}",False,20.0,-27.0,0.0,12.0,6.0,0.015,572.0,156.375,575.125,18.0,26.0,69.0,199.0,263.125,1126.0,595.125,6.0,15.0,59.0,1.0,1.0,2.0,5.0,6.0,1.0,0.0,0.0,24.0,24.0,0.2975,0.2857142857142857,0.0096,0.0096,0.0725,0.32954545454545453,0.6704545454545454,0.5,1.0,1.0,0.39166666666666666,0.5825771324863884,0.0
20260629_152656_9d451bbc,20260629_152656_9d451bbc_g0034,34,1368792972,2,24,24,24,1,3,YELLOW,champ_v3,2,3.0,[3],1,101,1,"{""1"": 83, ""2"": 94, ""3"": 101, ""4"": 84}",False,19.0,-29.0,1.0,11.0,6.0,0.015,506.0,141.625,504.0,17.0,26.0,66.0,212.5,182.5,1192.0,523.0,6.0,15.0,58.0,1.0,1.0,2.0,6.0,5.0,0.0,0.0,0.0,24.0,24.0,0.2975,0.2857142857142857,0.0096,0.0096,0.075,0.3409090909090909,0.6590909090909091,0.475,1.0,1.0,0.4,0.6052631578947368,0.0
20260629_152656_9d451bbc,20260629_152656_9d451bbc_g0034,34,1368792972,2,24,24,24,1,4,GREEN,pool_heuristic,3,3.0,[3],0,84,3,"{""1"": 83, ""2"": 94, ""3"": 101, ""4"": 84}",False,15.0,-37.0,4.0,6.0,6.0,0.015,262.0,81.625,271.25,14.0,18.0,37.5,115.5,86.25,1436.0,286.25,6.0,15.0,58.0,1.0,1.0,2.0,6.0,5.0,0.0,1.0,1.0,24.0,24.0,0.2975,0.2857142857142857,0.0096,0.0096,0.075,0.3409090909090909,0.6590909090909091,0.375,1.0,1.0,0.4333333333333333,0.4877192982456141,0.0
20260629_152656_9d451bbc,20260629_152656_9d451bbc_g0034,34,1368792972,3,32,32,32,1,1,RED,pool_l45_100ms,0,3.0,[3],0,83,4,"{""1"": 83, ""2"": 94, ""3"": 101, ""4"": 84}",False,16.0,-48.0,4.0,13.0,10.0,0.025,137.0,47.5,135.25,13.0,11.0,25.5,67.0,18.75,874.0,151.25,8.0,13.0,48.0,1.0,1.0,2.0,6.0,3.0,0.0,0.0,0.0,32.0,32.0,0.395,0.38095238095238093,0.0128,0.0128,0.1,0.45454545454545453,0.5454545454545454,0.4,1.0,1.0,0.5333333333333333,0.4276315789473685,0.0
20260629_152656_9d451bbc,20260629_152656_9d451bbc_g0034,34,1368792972,3,32,32,32,1,2,BLUE,pool_peer_500ms,1,3.0,[3],0,94,2,"{""1"": 83, ""2"": 94, ""3"": 101, ""4"": 84}",False,22.0,-36.0,0.0,21.0,10.0,0.025,294.0,93.0,300.625,18.0,20.0,48.0,121.5,93.125,717.0,322.625,8.0,13.0,49.0,1.0,1.0,2.0,5.0,4.0,0.0,0.0,0.0,32.0,32.0,0.395,0.38095238095238093,0.0128,0.0128,0.0975,0.4431818181818182,0.5568181818181818,0.55,1.0,1.0,0.4833333333333333,0.5897435897435898,0.0
20260629_152656_9d451bbc,20260629_152656_9d451bbc_g0034,34,1368792972,3,32,32,32,1,3,YELLOW,champ_v3,2,3.0,[3],1,101,1,"{""1"": 83, ""2"": 94, ""3"": 101, ""4"": 84}",False,21.0,-38.0,1.0,21.0,10.0,0.025,351.0,109.5,365.875,18.0,24.0,55.5,146.5,121.875,660.0,386.875,8.0,13.0,49.0,1.0,1.0,2.0,5.0,4.0,0.0,0.0,0.0,32.0,32.0,0.395,0.38095238095238093,0.0128,0.0128,0.0975,0.4431818181818182,0.5568181818181818,0.525,1.0,1.0,0.4916666666666667,0.631578947368421,0.0
20260629_152656_9d451bbc,20260629_152656_9d451bbc_g0034,34,1368792972,3,32,32,32,1,4,GREEN,pool_heuristic,3,3.0,[3],0,84,3,"{""1"": 83, ""2"": 94, ""3"": 101, ""4"": 84}",False,21.0,-38.0,4.0,17.0,10.0,0.025,229.0,82.75,244.5,20.0,22.0,42.0,113.0,47.5,782.0,265.5,8.0,13.0,48.0,1.0,1.0,2.0,6.0,3.0,0.0,0.0,1.0,32.0,32.0,0.395,0.38095238095238093,0.0128,0.0128,0.1,0.45454545454545453,0.5454545454545454,0.525,1.0,1.0,0.4916666666666667,0.5184210526315789,0.0
20260629_152656_9d451bbc,20260629_152656_9d451bbc_g0034,34,1368792972,4,40,40,40,1,1,RED,pool_l45_100ms,0,3.0,[3],0,83,4,"{""1"": 83, ""2"": 94, ""3"": 101, ""4"": 84}",False,17.0,-56.0,4.0,20.0,13.0,0.0325,92.0,37.375,92.125,14.0,10.0,19.5,43.0,5.625,565.0,109.125,10.0,11.0,38.0,1.0,1.0,2.0,6.0,1.0,0.0,0.0,0.0,40.0,40.0,0.49,0.47619047619047616,0.016,0.016,0.125,0.5681818181818182,0.4318181818181818,0.425,1.0,1.0,0.6083333333333333,0.41368421052631577,0.0
20260629_152656_9d451bbc,20260629_152656_9d451bbc_g0034,34,1368792972,4,40,40,40,1,2,BLUE,pool_peer_500ms,1,3.0,[3],0,94,2,"{""1"": 83, ""2"": 94, ""3"": 101, ""4"": 84}",False,23.0,-44.0,0.0,30.0,13.0,0.0325,225.0,81.0,230.75,20.0,22.0,49.5,113.0,26.25,432.0,253.75,10.0,11.0,39.0,1.0,1.0,2.0,5.0,2.0,0.0,0.0,0.0,40.0,40.0,0.49,0.47619047619047616,0.016,0.016,0.1225,0.5568181818181818,0.4431818181818182,0.575,1.0,1.0,0.5583333333333333,0.5864661654135339,0.0
20260629_152656_9d451bbc,20260629_152656_9d451bbc_g0034,34,1368792972,4,40,40,40,1,3,YELLOW,champ_v3,2,3.0,[3],1,101,1,"{""1"": 83, ""2"": 94, ""3"": 101, ""4"": 84}",False,26.0,-38.0,1.0,33.0,13.0,0.0325,217.0,77.875,224.75,19.0,23.0,48.75,86.5,47.5,440.0,250.75,10.0,11.0,40.0,1.0,1.0,2.0,4.0,3.0,0.0,0.0,0.0,40.0,40.0,0.49,0.47619047619047616,0.016,0.016,0.12,0.5454545454545454,0.45454545454545453,0.65,1.0,1.0,0.5333333333333333,0.611842105263158,0.0
20260629_152656_9d451bbc,20260629_152656_9d451bbc_g0034,34,1368792972,4,40,40,40,1,4,GREEN,pool_heuristic,3,3.0,[3],0,84,3,"{""1"": 83, ""2"": 94, ""3"": 101, ""4"": 84}",False,24.0,-42.0,4.0,25.0,13.0,0.0325,123.0,54.875,121.125,23.0,21.0,29.25,41.0,6.875,534.0,145.125,10.0,11.0,39.0,1.0,1.0,2.0,5.0,2.0,0.0,0.0,0.0,40.0,40.0,0.49,0.47619047619047616,0.016,0.016,0.1225,0.5568181818181818,0.4431818181818182,0.6,1.0,1.0,0.55,0.49301825993555315,0.0
20260629_152656_9d451bbc,20260629_152656_9d451bbc_g0034,34,1368792972,5,48,48,48,1,1,RED,pool_l45_100ms,0,3.0,[3],0,83,4,"{""1"": 83, ""2"": 94, ""3"": 101, ""4"": 84}",False,21.0,-55.0,4.0,33.0,14.0,0.035,38.0,24.875,40.25,17.0,6.0,6.75,10.5,0.0,294.0,61.25,12.0,9.0,29.0,1.0,1.0,2.0,5.0,0.0,0.0,0.0,0.0,48.0,48.0,0.58,0.5714285714285714,0.0192,0.0192,0.1475,0.6704545454545454,0.32954545454545453,0.525,1.0,0.8,0.6333333333333333,0.3889384478144514,0.0
20260629_152656_9d451bbc,20260629_152656_9d451bbc_g0034,34,1368792972,5,48,48,48,1,2,BLUE,pool_peer_500ms,1,3.0,[3],0,94,2,"{""1"": 83, ""2"": 94, ""3"": 101, ""4"": 84}",False,22.0,-53.0,0.0,42.0,14.0,0.035,89.0,43.5,107.75,15.0,14.0,27.75,41.0,10.0,243.0,129.75,12.0,9.0,31.0,1.0,1.0,2.0,3.0,2.0,0.0,0.0,0.0,48.0,48.0,0.58,0.5714285714285714,0.0192,0.0192,0.1425,0.6477272727272727,0.3522727272727273,0.55,1.0,1.0,0.625,0.5937211449676824,0.0
20260629_152656_9d451bbc,20260629_152656_9d451bbc_g0034,34,1368792972,5,48,48,48,1,3,YELLOW,champ_v3,2,3.0,[3],1,101,1,"{""1"": 83, ""2"": 94, ""3"": 101, ""4"": 84}",False,28.0,-41.0,1.0,42.0,14.0,0.035,131.0,56.25,136.0,19.0,21.0,36.0,55.0,5.0,201.0,164.0,12.0,9.0,30.0,1.0,1.0,2.0,4.0,1.0,0.0,0.0,0.0,48.0,48.0,0.58,0.5714285714285714,0.0192,0.0192,0.145,0.6590909090909091,0.3409090909090909,0.7,1.0,1.0,0.575,0.5907441016333939,0.0
20260629_152656_9d451bbc,20260629_152656_9d451bbc_g0034,34,1368792972,5,48,48,48,1,4,GREEN,pool_heuristic,3,3.0,[3],0,84,3,"{""1"": 83, ""2"": 94, ""3"": 101, ""4"": 84}",False,26.0,-45.0,4.0,42.0,14.0,0.035,74.0,42.375,77.5,23.0,16.0,21.0,17.5,0.0,258.0,103.5,12.0,9.0,30.0,1.0,1.0,2.0,4.0,1.0,0.0,0.0,0.0,48.0,48.0,0.58,0.5714285714285714,0.0192,0.0192,0.145,0.6590909090909091,0.3409090909090909,0.65,1.0,1.0,0.5916666666666667,0.46914700544464605,0.0
20260629_152656_9d451bbc,20260629_152656_9d451bbc_g0034,34,1368792972,6,56,56,56,1,1,RED,pool_l45_100ms,0,3.0,[3],0,83,4,"{""1"": 83, ""2"": 94, ""3"": 101, ""4"": 84}",False,21.0,-49.0,4.0,40.0,36.0,0.09,27.0,20.75,28.5,16.0,5.0,4.5,3.0,0.0,98.0,49.5,14.0,7.0,21.0,1.0,1.0,2.0,3.0,0.0,0.0,0.0,0.0,56.0,56.0,0.66,0.6666666666666666,0.0224,0.0224,0.1675,0.7613636363636364,0.23863636363636365,0.525,0.6,0.8,0.5833333333333333,0.3864886095836607,0.0
20260629_152656_9d451bbc,20260629_152656_9d451bbc_g0034,34,1368792972,6,56,56,56,1,2,BLUE,pool_peer_500ms,1,3.0,[3],0,94,2,"{""1"": 83, ""2"": 94, ""3"": 101, ""4"": 84}",False,25.0,-41.0,0.0,50.0,36.0,0.09,27.0,20.75,32.75,14.0,7.0,4.5,6.0,1.25,98.0,57.75,14.0,7.0,24.0,1.0,1.0,1.0,2.0,2.0,0.0,0.0,0.0,56.0,56.0,0.66,0.6666666666666666,0.0224,0.0224,0.16,0.7272727272727273,0.2727272727272727,0.625,0.8166666666666667,1.0,0.55,0.569078947368421,0.0
20260629_152656_9d451bbc,20260629_152656_9d451bbc_g0034,34,1368792972,6,56,56,56,1,3,YELLOW,champ_v3,2,3.0,[3],1,101,1,"{""1"": 83, ""2"": 94, ""3"": 101, ""4"": 84}",False,22.0,-47.0,1.0,52.0,36.0,0.09,26.0,17.75,25.75,12.0,7.0,6.75,0.0,0.0,99.0,47.75,14.0,7.0,21.0,1.0,1.0,2.0,3.0,0.0,0.0,0.0,0.0,56.0,56.0,0.66,0.6666666666666666,0.0224,0.0224,0.1675,0.7613636363636364,0.23863636363636365,0.55,0.75,0.8,0.575,0.5593087195600943,0.0
20260629_152656_9d451bbc,20260629_152656_9d451bbc_g0034,34,1368792972,6,56,56,56,1,4,GREEN,pool_heuristic,3,3.0,[3],0,84,3,"{""1"": 83, ""2"": 94, ""3"": 101, ""4"": 84}",False,23.0,-45.0,4.0,48.0,36.0,0.09,45.0,31.0,48.5,20.0,11.0,13.5,4.0,0.0,80.0,71.5,14.0,7.0,22.0,1.0,1.0,2.0,2.0,1.0,0.0,0.0,0.0,56.0,56.0,0.66,0.6666666666666666,0.0224,0.0224,0.165,0.75,0.25,0.575,0.7666666666666667,1.0,0.5666666666666667,0.44577352472089304,0.0
20260629_152656_9d451bbc,20260629_152656_9d451bbc_g0034,34,1368792972,7,64,64,64,1,1,RED,pool_l45_100ms,0,3.0,[3],0,83,4,"{""1"": 83, ""2"": 94, ""3"": 101, ""4"": 84}",False,19.0,-47.0,4.0,47.0,44.0,0.11,13.0,12.5,13.0,12.0,1.0,0.0,0.0,0.0,34.0,32.0,16.0,5.0,13.0,1.0,1.0,2.0,1.0,0.0,0.0,0.0,0.0,64.0,64.0,0.725,0.7619047619047619,0.0256,0.0256,0.1875,0.8522727272727273,0.14772727272727273,0.475,0.3333333333333333,0.8,0.55,0.375438596491228,0.0
20260629_152656_9d451bbc,20260629_152656_9d451bbc_g0034,34,1368792972,7,64,64,64,1,2,BLUE,pool_peer_500ms,1,3.0,[3],0,94,2,"{""1"": 83, ""2"": 94, ""3"": 101, ""4"": 84}",False,22.0,-41.0,0.0,55.0,44.0,0.11,15.0,13.0,15.5,11.0,3.0,1.5,0.0,0.0,32.0,37.5,16.0,5.0,15.0,1.0,1.0,1.0,1.0,1.0,0.0,0.0,0.0,64.0,64.0,0.725,0.7619047619047619,0.0256,0.0256,0.1825,0.8295454545454546,0.17045454545454544,0.55,0.65,1.0,0.525,0.5227108868060563,0.0
20260629_152656_9d451bbc,20260629_152656_9d451bbc_g0034,34,1368792972,7,64,64,64,1,3,YELLOW,champ_v3,2,3.0,[3],1,101,1,"{""1"": 83, ""2"": 94, ""3"": 101, ""4"": 84}",False,22.0,-41.0,1.0,59.0,44.0,0.11,8.0,3.5,8.0,0.0,5.0,3.0,0.0,0.0,39.0,30.0,16.0,5.0,16.0,0.0,1.0,2.0,2.0,0.0,0.0,0.0,0.0,64.0,64.0,0.725,0.7619047619047619,0.0256,0.0256,0.18,0.8181818181818182,0.18181818181818182,0.55,0.6166666666666667,0.8,0.525,0.5372807017543859,0.0
20260629_152656_9d451bbc,20260629_152656_9d451bbc_g0034,34,1368792972,7,64,64,64,1,4,GREEN,pool_heuristic,3,3.0,[3],0,84,3,"{""1"": 83, ""2"": 94, ""3"": 101, ""4"": 84}",False,22.0,-41.0,4.0,59.0,44.0,0.11,11.0,5.5,13.5,0.0,7.0,4.5,2.0,0.0,36.0,35.5,16.0,5.0,18.0,0.0,1.0,1.0,2.0,1.0,0.0,0.0,0.0,64.0,64.0,0.725,0.7619047619047619,0.0256,0.0256,0.175,0.7954545454545454,0.20454545454545456,0.55,0.5333333333333333,1.0,0.525,0.45112781954887216,0.0
20260629_152656_9d451bbc,20260629_152656_9d451bbc_g0035,35,960011721,0,8,8,8,1,1,RED,pool_peer_500ms,0,1.0,[1],1,101,1,"{""1"": 101, ""2"": 84, ""3"": 75, ""4"": 79}",False,9.0,-14.0,9.0,0.0,0.0,0.0,543.0,122.625,488.75,9.0,15.0,41.25,153.5,270.0,1399.0,497.75,2.0,19.0,78.0,1.0,1.0,2.0,6.0,9.0,1.0,0.0,0.0,8.0,8.0,0.1,0.09523809523809523,0.0032,0.0032,0.025,0.11363636363636363,0.8863636363636364,0.225,1.0,1.0,0.19166666666666668,0.23684210526315785,0.0
20260629_152656_9d451bbc,20260629_152656_9d451bbc_g0035,35,960011721,0,8,8,8,1,2,BLUE,champ_v3,1,1.0,[1],0,84,2,"{""1"": 101, ""2"": 84, ""3"": 75, ""4"": 79}",False,9.0,-14.0,9.0,0.0,0.0,0.0,543.0,122.625,488.75,9.0,15.0,41.25,153.5,270.0,1399.0,497.75,2.0,19.0,78.0,1.0,1.0,2.0,6.0,9.0,1.0,0.0,0.0,8.0,8.0,0.1,0.09523809523809523,0.0032,0.0032,0.025,0.11363636363636363,0.8863636363636364,0.225,1.0,1.0,0.19166666666666668,0.23684210526315785,0.0
20260629_152656_9d451bbc,20260629_152656_9d451bbc_g0035,35,960011721,0,8,8,8,1,3,YELLOW,pool_heuristic,2,1.0,[1],0,75,4,"{""1"": 101, ""2"": 84, ""3"": 75, ""4"": 79}",False,7.0,-18.0,9.0,0.0,0.0,0.0,412.0,106.625,430.125,7.0,12.0,34.5,136.0,240.625,1530.0,437.125,2.0,19.0,78.0,1.0,1.0,2.0,6.0,9.0,1.0,1.0,1.0,8.0,8.0,0.1,0.09523809523809523,0.0032,0.0032,0.025,0.11363636363636363,0.8863636363636364,0.175,1.0,1.0,0.20833333333333334,0.2315789473684211,0.0
20260629_152656_9d451bbc,20260629_152656_9d451bbc_g0035,35,960011721,0,8,8,8,1,4,GREEN,pool_l45_100ms,3,1.0,[1],0,79,3,"{""1"": 101, ""2"": 84, ""3"": 75, ""4"": 79}",False,7.0,-18.0,9.0,0.0,0.0,0.0,444.0,103.25,415.125,7.0,12.0,33.75,130.5,231.875,1498.0,422.125,2.0,19.0,78.0,1.0,1.0,2.0,6.0,9.0,1.0,1.0,0.0,8.0,8.0,0.1,0.09523809523809523,0.0032,0.0032,0.025,0.11363636363636363,0.8863636363636364,0.175,1.0,1.0,0.20833333333333334,0.20526315789473681,0.0
20260629_152656_9d451bbc,20260629_152656_9d451bbc_g0035,35,960011721,1,16,16,16,1,1,RED,pool_peer_500ms,0,1.0,[1],1,101,1,"{""1"": 101, ""2"": 84, ""3"": 75, ""4"": 79}",False,16.0,-21.0,0.0,2.0,4.0,0.01,689.0,172.125,666.875,14.0,23.0,64.5,241.0,324.375,1757.0,682.875,4.0,17.0,68.0,1.0,1.0,2.0,6.0,7.0,1.0,0.0,0.0,16.0,16.0,0.2,0.19047619047619047,0.0064,0.0064,0.05,0.22727272727272727,0.7727272727272727,0.4,1.0,1.0,0.30833333333333335,0.49473684210526314,0.0
20260629_152656_9d451bbc,20260629_152656_9d451bbc_g0035,35,960011721,1,16,16,16,1,2,BLUE,champ_v3,1,1.0,[1],0,84,2,"{""1"": 101, ""2"": 84, ""3"": 75, ""4"": 79}",False,15.0,-23.0,1.0,2.0,4.0,0.01,777.0,193.875,749.5,15.0,27.0,75.75,275.5,356.25,1669.0,764.5,4.0,17.0,68.0,1.0,1.0,2.0,6.0,7.0,1.0,0.0,0.0,16.0,16.0,0.2,0.19047619047619047,0.0064,0.0064,0.05,0.22727272727272727,0.7727272727272727,0.375,1.0,1.0,0.31666666666666665,0.4894736842105264,0.0
20260629_152656_9d451bbc,20260629_152656_9d451bbc_g0035,35,960011721,1,16,16,16,1,3,YELLOW,pool_heuristic,2,1.0,[1],0,75,4,"{""1"": 101, ""2"": 84, ""3"": 75, ""4"": 79}",False,12.0,-29.0,4.0,0.0,4.0,0.01,505.0,139.75,535.625,12.0,20.0,53.25,198.5,251.875,1941.0,547.625,4.0,17.0,68.0,1.0,1.0,2.0,6.0,7.0,1.0,1.0,1.0,16.0,16.0,0.2,0.19047619047619047,0.0064,0.0064,0.05,0.22727272727272727,0.7727272727272727,0.3,1.0,1.0,0.3416666666666667,0.4368421052631579,0.0
20260629_152656_9d451bbc,20260629_152656_9d451bbc_g0035,35,960011721,1,16,16,16,1,4,GREEN,pool_l45_100ms,3,1.0,[1],0,79,3,"{""1"": 101, ""2"": 84, ""3"": 75, ""4"": 79}",False,10.0,-33.0,7.0,0.0,4.0,0.01,475.0,112.125,426.375,10.0,17.0,43.5,159.0,196.875,1971.0,436.375,4.0,17.0,68.0,1.0,1.0,2.0,6.0,7.0,1.0,0.0,0.0,16.0,16.0,0.2,0.19047619047619047,0.0064,0.0064,0.05,0.22727272727272727,0.7727272727272727,0.25,1.0,1.0,0.35833333333333334,0.3131578947368421,0.0
20260629_152656_9d451bbc,20260629_152656_9d451bbc_g0035,35,960011721,2,24,24,24,1,1,RED,pool_peer_500ms,0,1.0,[1],1,101,1,"{""1"": 101, ""2"": 84, ""3"": 75, ""4"": 79}",False,20.0,-30.0,0.0,10.0,4.0,0.01,497.0,139.875,500.125,18.0,27.0,64.5,175.0,215.625,1223.0,520.125,6.0,15.0,59.0,1.0,1.0,2.0,5.0,6.0,1.0,0.0,0.0,24.0,24.0,0.295,0.2857142857142857,0.0096,0.0096,0.0725,0.32954545454545453,0.6704545454545454,0.5,1.0,1.0,0.4166666666666667,0.5843920145190562,0.0
20260629_152656_9d451bbc,20260629_152656_9d451bbc_g0035,35,960011721,2,24,24,24,1,2,BLUE,champ_v3,1,1.0,[1],0,84,2,"{""1"": 101, ""2"": 84, ""3"": 75, ""4"": 79}",False,19.0,-32.0,1.0,13.0,4.0,0.01,477.0,127.25,456.125,17.0,23.0,57.0,158.5,200.625,1243.0,475.125,6.0,15.0,59.0,1.0,1.0,2.0,5.0,6.0,1.0,0.0,0.0,24.0,24.0,0.295,0.2857142857142857,0.0096,0.0096,0.0725,0.32954545454545453,0.6704545454545454,0.475,1.0,1.0,0.425,0.5753176043557169,0.0
20260629_152656_9d451bbc,20260629_152656_9d451bbc_g0035,35,960011721,2,24,24,24,1,3,YELLOW,pool_heuristic,2,1.0,[1],0,75,4,"{""1"": 101, ""2"": 84, ""3"": 75, ""4"": 79}",False,17.0,-36.0,1.0,3.0,4.0,0.01,393.0,115.125,404.375,16.0,22.0,48.75,167.0,150.625,1327.0,421.375,6.0,15.0,58.0,1.0,1.0,2.0,6.0,5.0,1.0,1.0,1.0,24.0,24.0,0.295,0.2857142857142857,0.0096,0.0096,0.075,0.3409090909090909,0.6590909090909091,0.425,1.0,1.0,0.4416666666666667,0.524561403508772,0.0
20260629_152656_9d451bbc,20260629_152656_9d451bbc_g0035,35,960011721,2,24,24,24,1,4,GREEN,pool_l45_100ms,3,1.0,[1],0,79,3,"{""1"": 101, ""2"": 84, ""3"": 75, ""4"": 79}",False,14.0,-42.0,3.0,1.0,4.0,0.01,353.0,90.125,306.125,14.0,18.0,42.0,134.0,98.125,1367.0,320.125,6.0,15.0,58.0,1.0,1.0,2.0,6.0,5.0,0.0,0.0,0.0,24.0,24.0,0.295,0.2857142857142857,0.0096,0.0096,0.075,0.3409090909090909,0.6590909090909091,0.35,1.0,1.0,0.4666666666666667,0.4175438596491228,0.0
20260629_152656_9d451bbc,20260629_152656_9d451bbc_g0035,35,960011721,3,32,32,32,1,1,RED,pool_peer_500ms,0,1.0,[1],1,101,1,"{""1"": 101, ""2"": 84, ""3"": 75, ""4"": 79}",False,21.0,-38.0,0.0,19.0,8.0,0.02,252.0,81.125,244.875,19.0,22.0,42.0,95.0,66.875,607.0,265.875,8.0,13.0,49.0,1.0,1.0,2.0,5.0,4.0,0.0,0.0,0.0,32.0,32.0,0.395,0.38095238095238093,0.0128,0.0128,0.0975,0.4431818181818182,0.5568181818181818,0.525,1.0,1.0,0.4916666666666667,0.6005398110661269,0.0
20260629_152656_9d451bbc,20260629_152656_9d451bbc_g0035,35,960011721,3,32,32,32,1,2,BLUE,champ_v3,1,1.0,[1],0,84,2,"{""1"": 101, ""2"": 84, ""3"": 75, ""4"": 79}",False,25.0,-30.0,1.0,20.0,8.0,0.02,369.0,114.75,364.75,22.0,26.0,63.0,160.0,93.75,490.0,389.75,8.0,13.0,49.0,1.0,1.0,2.0,5.0,4.0,0.0,0.0,0.0,32.0,32.0,0.395,0.38095238095238093,0.0128,0.0128,0.0975,0.4431818181818182,0.5568181818181818,0.625,1.0,1.0,0.4583333333333333,0.562753036437247,0.0
20260629_152656_9d451bbc,20260629_152656_9d451bbc_g0035,35,960011721,3,32,32,32,1,3,YELLOW,pool_heuristic,2,1.0,[1],0,75,4,"{""1"": 101, ""2"": 84, ""3"": 75, ""4"": 79}",False,19.0,-42.0,1.0,3.0,8.0,0.02,179.0,65.625,193.625,18.0,16.0,25.5,86.0,48.125,680.0,212.625,8.0,13.0,48.0,1.0,1.0,2.0,6.0,3.0,0.0,1.0,1.0,32.0,32.0,0.395,0.38095238095238093,0.0128,0.0128,0.1,0.45454545454545453,0.5454545454545454,0.475,1.0,1.0,0.5083333333333333,0.5105263157894737,0.0
20260629_152656_9d451bbc,20260629_152656_9d451bbc_g0035,35,960011721,3,32,32,32,1,4,GREEN,pool_l45_100ms,3,1.0,[1],0,79,3,"{""1"": 101, ""2"": 84, ""3"": 75, ""4"": 79}",False,15.0,-50.0,3.0,3.0,8.0,0.02,59.0,27.5,58.5,13.0,9.0,13.5,18.0,5.0,800.0,73.5,8.0,13.0,48.0,1.0,1.0,2.0,6.0,3.0,0.0,0.0,0.0,32.0,32.0,0.395,0.38095238095238093,0.0128,0.0128,0.1,0.45454545454545453,0.5454545454545454,0.375,1.0,1.0,0.5416666666666667,0.4302631578947369,0.0
20260629_152656_9d451bbc,20260629_152656_9d451bbc_g0035,35,960011721,4,40,40,40,1,1,RED,pool_peer_500ms,0,1.0,[1],1,101,1,"{""1"": 101, ""2"": 84, ""3"": 75, ""4"": 79}",False,22.0,-36.0,0.0,28.0,29.0,0.0725,114.0,46.125,116.125,18.0,13.0,20.25,38.0,26.875,261.0,138.125,10.0,11.0,40.0,1.0,1.0,2.0,4.0,3.0,0.0,0.0,0.0,40.0,40.0,0.4825,0.47619047619047616,0.016,0.016,0.12,0.5454545454545454,0.45454545454545453,0.55,1.0,1.0,0.4833333333333333,0.5866228070175439,0.0
20260629_152656_9d451bbc,20260629_152656_9d451bbc_g0035,35,960011721,4,40,40,40,1,2,BLUE,champ_v3,1,1.0,[1],0,84,2,"{""1"": 101, ""2"": 84, ""3"": 75, ""4"": 79}",False,29.0,-22.0,1.0,26.0,29.0,0.0725,206.0,81.0,221.875,26.0,25.0,25.5,98.5,46.875,169.0,250.875,10.0,11.0,41.0,1.0,1.0,1.0,5.0,3.0,0.0,0.0,0.0,40.0,40.0,0.4825,0.47619047619047616,0.016,0.016,0.1175,0.5340909090909091,0.4659090909090909,0.725,1.0,1.0,0.425,0.5498320268757,0.0
20260629_152656_9d451bbc,20260629_152656_9d451bbc_g0035,35,960011721,4,40,40,40,1,3,YELLOW,pool_heuristic,2,1.0,[1],0,75,4,"{""1"": 101, ""2"": 84, ""3"": 75, ""4"": 79}",False,16.0,-48.0,1.0,12.0,29.0,0.0725,33.0,21.625,35.75,14.0,7.0,5.25,9.5,0.0,342.0,51.75,10.0,11.0,39.0,1.0,1.0,2.0,5.0,2.0,0.0,1.0,1.0,40.0,40.0,0.4825,0.47619047619047616,0.016,0.016,0.1225,0.5568181818181818,0.4431818181818182,0.4,1.0,1.0,0.5333333333333333,0.4983888292158969,0.0
20260629_152656_9d451bbc,20260629_152656_9d451bbc_g0035,35,960011721,4,40,40,40,1,4,GREEN,pool_l45_100ms,3,1.0,[1],0,79,3,"{""1"": 101, ""2"": 84, ""3"": 75, ""4"": 79}",False,13.0,-54.0,3.0,8.0,29.0,0.0725,22.0,15.25,25.0,10.0,4.0,6.0,5.0,0.0,353.0,38.0,10.0,11.0,39.0,1.0,1.0,2.0,5.0,2.0,0.0,0.0,0.0,40.0,40.0,0.4825,0.47619047619047616,0.016,0.016,0.1225,0.5568181818181818,0.4431818181818182,0.325,1.0,1.0,0.5583333333333333,0.3845327604726101,0.0
20260629_152656_9d451bbc,20260629_152656_9d451bbc_g0035,35,960011721,5,48,48,48,1,1,RED,pool_peer_500ms,0,1.0,[1],1,101,1,"{""1"": 101, ""2"": 84, ""3"": 75, ""4"": 79}",False,25.0,-33.0,0.0,37.0,35.0,0.0875,47.0,31.0,51.25,20.0,10.0,9.75,9.0,2.5,116.0,76.25,12.0,9.0,30.0,1.0,1.0,2.0,4.0,1.0,0.0,0.0,0.0,48.0,48.0,0.565,0.5714285714285714,0.0192,0.0192,0.145,0.6590909090909091,0.3409090909090909,0.625,1.0,1.0,0.4833333333333333,0.5698729582577132,0.0
20260629_152656_9d451bbc,20260629_152656_9d451bbc_g0035,35,960011721,5,48,48,48,1,2,BLUE,champ_v3,1,1.0,[1],0,84,2,"{""1"": 101, ""2"": 84, ""3"": 75, ""4"": 79}",False,30.0,-23.0,1.0,32.0,35.0,0.0875,79.0,45.25,80.875,26.0,19.0,12.0,19.5,4.375,84.0,110.875,12.0,9.0,32.0,1.0,1.0,1.0,4.0,2.0,0.0,0.0,0.0,48.0,48.0,0.565,0.5714285714285714,0.0192,0.0192,0.14,0.6363636363636364,0.36363636363636365,0.75,1.0,1.0,0.4416666666666667,0.5225563909774436,0.0
20260629_152656_9d451bbc,20260629_152656_9d451bbc_g0035,35,960011721,5,48,48,48,1,3,YELLOW,pool_heuristic,2,1.0,[1],0,75,4,"{""1"": 101, ""2"": 84, ""3"": 75, ""4"": 79}",False,15.0,-53.0,1.0,31.0,35.0,0.0875,12.0,10.375,11.25,10.0,0.0,0.75,0.5,0.0,151.0,26.25,12.0,9.0,33.0,1.0,0.0,2.0,4.0,2.0,0.0,1.0,1.0,48.0,48.0,0.565,0.5714285714285714,0.0192,0.0192,0.1375,0.625,0.375,0.375,1.0,1.0,0.5666666666666667,0.4956937799043062,0.0
20260629_152656_9d451bbc,20260629_152656_9d451bbc_g0035,35,960011721,5,48,48,48,1,4,GREEN,pool_l45_100ms,3,1.0,[1],0,79,3,"{""1"": 101, ""2"": 84, ""3"": 75, ""4"": 79}",False,13.0,-57.0,0.0,18.0,35.0,0.0875,25.0,15.625,28.125,9.0,5.0,7.5,6.0,0.625,138.0,41.125,12.0,9.0,31.0,1.0,1.0,2.0,3.0,2.0,0.0,0.0,0.0,48.0,48.0,0.565,0.5714285714285714,0.0192,0.0192,0.1425,0.6477272727272727,0.3522727272727273,0.325,0.6833333333333333,1.0,0.5833333333333333,0.42843951985226225,0.0
20260629_152656_9d451bbc,20260629_152656_9d451bbc_g0035,35,960011721,6,56,56,56,1,1,RED,pool_peer_500ms,0,1.0,[1],1,101,1,"{""1"": 101, ""2"": 84, ""3"": 75, ""4"": 79}",False,25.0,-30.0,0.0,44.0,30.0,0.075,27.0,20.875,29.0,16.0,6.0,3.0,1.5,2.5,61.0,54.0,14.0,7.0,23.0,1.0,1.0,1.0,3.0,1.0,0.0,0.0,0.0,56.0,56.0,0.6425,0.6666666666666666,0.0224,0.0224,0.1625,0.7386363636363636,0.26136363636363635,0.625,0.9666666666666667,1.0,0.4583333333333333,0.5465587044534412,0.0
20260629_152656_9d451bbc,20260629_152656_9d451bbc_g0035,35,960011721,6,56,56,56,1,2,BLUE,champ_v3,1,1.0,[1],0,84,2,"{""1"": 101, ""2"": 84, ""3"": 75, ""4"": 79}",False,28.0,-24.0,1.0,42.0,30.0,0.075,43.0,31.75,46.75,22.0,13.0,4.5,6.0,1.25,45.0,74.75,14.0,7.0,24.0,1.0,1.0,1.0,2.0,2.0,0.0,0.0,0.0,56.0,56.0,0.6425,0.6666666666666666,0.0224,0.0224,0.16,0.7272727272727273,0.2727272727272727,0.7,1.0,1.0,0.4333333333333333,0.5123355263157895,0.0
20260629_152656_9d451bbc,20260629_152656_9d451bbc_g0035,35,960011721,6,56,56,56,1,3,YELLOW,pool_heuristic,2,1.0,[1],0,75,4,"{""1"": 101, ""2"": 84, ""3"": 75, ""4"": 79}",False,14.0,-52.0,1.0,44.0,30.0,0.075,8.0,8.0,8.0,8.0,0.0,0.0,0.0,0.0,80.0,22.0,14.0,7.0,25.0,1.0,0.0,1.0,4.0,1.0,0.0,0.0,1.0,56.0,56.0,0.6425,0.6666666666666666,0.0224,0.0224,0.1575,0.7159090909090909,0.2840909090909091,0.35,0.9,1.0,0.55,0.4912280701754387,0.0
20260629_152656_9d451bbc,20260629_152656_9d451bbc_g0035,35,960011721,6,56,56,56,1,4,GREEN,pool_l45_100ms,3,1.0,[1],0,79,3,"{""1"": 101, ""2"": 84, ""3"": 75, ""4"": 79}",False,13.0,-54.0,0.0,33.0,30.0,0.075,10.0,9.0,10.0,8.0,2.0,0.0,0.0,0.0,78.0,23.0,14.0,7.0,23.0,1.0,1.0,1.0,3.0,1.0,0.0,0.0,0.0,56.0,56.0,0.6425,0.6666666666666666,0.0224,0.0224,0.1625,0.7386363636363636,0.26136363636363635,0.325,0.35,1.0,0.5583333333333333,0.42672064777327934,0.0
20260629_152656_9d451bbc,20260629_152656_9d451bbc_g0035,35,960011721,7,64,64,65,2,1,RED,pool_peer_500ms,0,1.0,[1],1,101,1,"{""1"": 101, ""2"": 84, ""3"": 75, ""4"": 79}",False,25.0,-27.0,0.0,51.0,36.0,0.09,9.0,4.0,10.0,0.0,5.0,3.0,2.0,0.0,7.0,35.0,17.0,4.0,13.0,0.0,1.0,1.0,2.0,0.0,0.0,0.0,0.0,64.0,65.0,0.69,0.8095238095238095,0.026,0.0256,0.1875,0.8522727272727273,0.14772727272727273,0.625,0.7333333333333333,0.8,0.4333333333333333,0.5150877192982457,0.0
20260629_152656_9d451bbc,20260629_152656_9d451bbc_g0035,35,960011721,7,64,64,65,2,2,BLUE,champ_v3,1,1.0,[1],0,84,2,"{""1"": 101, ""2"": 84, ""3"": 75, ""4"": 79}",False,27.0,-23.0,1.0,50.0,36.0,0.09,7.0,3.5,7.0,0.0,7.0,0.0,0.0,0.0,9.0,34.0,16.0,5.0,19.0,0.0,1.0,1.0,1.0,2.0,0.0,0.0,0.0,64.0,65.0,0.69,0.7619047619047619,0.026,0.0256,0.1725,0.7840909090909091,0.2159090909090909,0.675,0.8,1.0,0.4166666666666667,0.5034324942791761,0.0
20260629_152656_9d451bbc,20260629_152656_9d451bbc_g0035,35,960011721,7,64,64,65,2,3,YELLOW,pool_heuristic,2,1.0,[1],0,75,4,"{""1"": 101, ""2"": 84, ""3"": 75, ""4"": 79}",False,14.0,-49.0,0.0,48.0,36.0,0.09,0.0,0.0,0.0,0.0,0.0,0.0,0.0,0.0,16.0,14.0,15.0,6.0,24.0,0.0,0.0,1.0,4.0,1.0,0.0,0.0,1.0,64.0,65.0,0.69,0.7142857142857143,0.026,0.0256,0.16,0.7272727272727273,0.2727272727272727,0.35,0.6166666666666667,1.0,0.525,0.4983552631578947,0.0
20260629_152656_9d451bbc,20260629_152656_9d451bbc_g0035,35,960011721,7,64,64,65,2,4,GREEN,pool_l45_100ms,3,1.0,[1],0,79,3,"{""1"": 101, ""2"": 84, ""3"": 75, ""4"": 79}",False,11.0,-55.0,0.0,37.0,36.0,0.09,0.0,0.0,0.0,0.0,0.0,0.0,0.0,0.0,16.0,11.0,16.0,5.0,20.0,0.0,0.0,1.0,3.0,1.0,0.0,0.0,0.0,64.0,65.0,0.69,0.7619047619047619,0.026,0.0256,0.17,0.7727272727272727,0.22727272727272727,0.275,0.38333333333333336,1.0,0.55,0.4326625386996904,0.0
20260629_152656_9d451bbc,20260629_152656_9d451bbc_g0036,36,2118059943,0,8,8,8,1,1,RED,champ_v3,0,1.0,[1],1,89,1,"{""1"": 89, ""2"": 67, ""3"": 79, ""4"": 83}",False,9.0,-14.0,9.0,0.0,0.0,0.0,543.0,122.625,488.75,9.0,15.0,41.25,153.5,270.0,1288.0,497.75,2.0,19.0,78.0,1.0,1.0,2.0,6.0,9.0,1.0,0.0,0.0,8.0,8.0,0.1,0.09523809523809523,0.0032,0.0032,0.025,0.11363636363636363,0.8863636363636364,0.225,1.0,1.0,0.19166666666666668,0.23684210526315785,0.0
20260629_152656_9d451bbc,20260629_152656_9d451bbc_g0036,36,2118059943,0,8,8,8,1,2,BLUE,pool_heuristic,1,1.0,[1],0,67,4,"{""1"": 89, ""2"": 67, ""3"": 79, ""4"": 83}",False,7.0,-18.0,9.0,0.0,0.0,0.0,381.0,93.75,374.5,7.0,11.0,30.75,117.0,208.75,1450.0,381.5,2.0,19.0,78.0,1.0,1.0,2.0,6.0,9.0,1.0,1.0,1.0,8.0,8.0,0.1,0.09523809523809523,0.0032,0.0032,0.025,0.11363636363636363,0.8863636363636364,0.175,1.0,1.0,0.20833333333333334,0.24736842105263157,0.0
20260629_152656_9d451bbc,20260629_152656_9d451bbc_g0036,36,2118059943,0,8,8,8,1,3,YELLOW,pool_l45_100ms,2,1.0,[1],0,79,3,"{""1"": 89, ""2"": 67, ""3"": 79, ""4"": 83}",False,7.0,-18.0,9.0,0.0,0.0,0.0,364.0,86.0,341.875,7.0,10.0,27.0,108.5,189.375,1467.0,348.875,2.0,19.0,78.0,1.0,1.0,2.0,6.0,9.0,1.0,1.0,0.0,8.0,8.0,0.1,0.09523809523809523,0.0032,0.0032,0.025,0.11363636363636363,0.8863636363636364,0.175,1.0,1.0,0.20833333333333334,0.17368421052631577,0.0
20260629_152656_9d451bbc,20260629_152656_9d451bbc_g0036,36,2118059943,0,8,8,8,1,4,GREEN,pool_peer_500ms,3,1.0,[1],0,83,2,"{""1"": 89, ""2"": 67, ""3"": 79, ""4"": 83}",False,9.0,-14.0,9.0,0.0,0.0,0.0,543.0,122.625,488.75,9.0,15.0,41.25,153.5,270.0,1288.0,497.75,2.0,19.0,78.0,1.0,1.0,2.0,6.0,9.0,1.0,0.0,0.0,8.0,8.0,0.1,0.09523809523809523,0.0032,0.0032,0.025,0.11363636363636363,0.8863636363636364,0.225,1.0,1.0,0.19166666666666668,0.23684210526315785,0.0
20260629_152656_9d451bbc,20260629_152656_9d451bbc_g0036,36,2118059943,1,16,16,16,1,1,RED,champ_v3,0,1.0,[1],1,89,1,"{""1"": 89, ""2"": 67, ""3"": 79, ""4"": 83}",False,15.0,-25.0,2.0,2.0,0.0,0.0,682.0,169.875,653.125,15.0,23.0,64.5,235.0,315.625,1776.0,668.125,4.0,17.0,68.0,1.0,1.0,2.0,6.0,7.0,1.0,0.0,0.0,16.0,16.0,0.2,0.19047619047619047,0.0064,0.0064,0.05,0.22727272727272727,0.7727272727272727,0.375,1.0,1.0,0.33333333333333337,0.47894736842105257,0.0
20260629_152656_9d451bbc,20260629_152656_9d451bbc_g0036,36,2118059943,1,16,16,16,1,2,BLUE,pool_heuristic,1,1.0,[1],0,67,4,"{""1"": 89, ""2"": 67, ""3"": 79, ""4"": 83}",False,14.0,-27.0,3.0,2.0,0.0,0.0,652.0,170.0,656.75,14.0,23.0,64.5,239.0,316.25,1806.0,670.75,4.0,17.0,68.0,1.0,1.0,2.0,6.0,7.0,1.0,0.0,1.0,16.0,16.0,0.2,0.19047619047619047,0.0064,0.0064,0.05,0.22727272727272727,0.7727272727272727,0.35,1.0,1.0,0.3416666666666667,0.4552631578947368,0.0
20260629_152656_9d451bbc,20260629_152656_9d451bbc_g0036,36,2118059943,1,16,16,16,1,3,YELLOW,pool_l45_100ms,2,1.0,[1],0,79,3,"{""1"": 89, ""2"": 67, ""3"": 79, ""4"": 83}",False,11.0,-33.0,5.0,2.0,0.0,0.0,418.0,100.375,376.5,11.0,15.0,36.0,139.5,175.0,2040.0,387.5,4.0,17.0,68.0,1.0,1.0,2.0,6.0,7.0,1.0,0.0,0.0,16.0,16.0,0.2,0.19047619047619047,0.0064,0.0064,0.05,0.22727272727272727,0.7727272727272727,0.275,1.0,1.0,0.36666666666666664,0.3526315789473684,0.0
20260629_152656_9d451bbc,20260629_152656_9d451bbc_g0036,36,2118059943,1,16,16,16,1,4,GREEN,pool_peer_500ms,3,1.0,[1],0,83,2,"{""1"": 89, ""2"": 67, ""3"": 79, ""4"": 83}",False,15.0,-25.0,4.0,2.0,0.0,0.0,706.0,176.375,679.125,15.0,25.0,66.0,245.0,328.125,1752.0,694.125,4.0,17.0,68.0,1.0,1.0,2.0,6.0,7.0,1.0,0.0,0.0,16.0,16.0,0.2,0.19047619047619047,0.0064,0.0064,0.05,0.22727272727272727,0.7727272727272727,0.375,1.0,1.0,0.33333333333333337,0.4526315789473684,0.0
20260629_152656_9d451bbc,20260629_152656_9d451bbc_g0036,36,2118059943,2,24,24,24,1,1,RED,champ_v3,0,1.0,[1],1,89,1,"{""1"": 89, ""2"": 67, ""3"": 79, ""4"": 83}",False,20.0,-30.0,1.0,9.0,0.0,0.0,389.0,113.625,393.875,18.0,23.0,51.75,133.0,168.125,1002.0,413.875,6.0,15.0,59.0,1.0,1.0,2.0,5.0,6.0,1.0,0.0,0.0,24.0,24.0,0.2975,0.2857142857142857,0.0096,0.0096,0.0725,0.32954545454545453,0.6704545454545454,0.5,1.0,1.0,0.4166666666666667,0.58983666061706,0.0
20260629_152656_9d451bbc,20260629_152656_9d451bbc_g0036,36,2118059943,2,24,24,24,1,2,BLUE,pool_heuristic,1,1.0,[1],0,67,4,"{""1"": 89, ""2"": 67, ""3"": 79, ""4"": 83}",False,19.0,-32.0,3.0,3.0,0.0,0.0,381.0,124.5,424.875,18.0,25.0,62.25,186.5,133.125,1010.0,443.875,6.0,15.0,58.0,1.0,1.0,2.0,6.0,5.0,1.0,0.0,1.0,24.0,24.0,0.2975,0.2857142857142857,0.0096,0.0096,0.075,0.3409090909090909,0.6590909090909091,0.475,1.0,1.0,0.425,0.4894736842105264,0.0
20260629_152656_9d451bbc,20260629_152656_9d451bbc_g0036,36,2118059943,2,24,24,24,1,3,YELLOW,pool_l45_100ms,2,1.0,[1],0,79,3,"{""1"": 89, ""2"": 67, ""3"": 79, ""4"": 83}",False,12.0,-46.0,5.0,4.0,0.0,0.0,148.0,44.375,136.625,11.0,10.0,19.5,53.0,43.125,1243.0,148.625,6.0,15.0,58.0,1.0,1.0,2.0,6.0,5.0,0.0,0.0,0.0,24.0,24.0,0.2975,0.2857142857142857,0.0096,0.0096,0.075,0.3409090909090909,0.6590909090909091,0.3,1.0,1.0,0.4833333333333333,0.39473684210526316,0.0
20260629_152656_9d451bbc,20260629_152656_9d451bbc_g0036,36,2118059943,2,24,24,24,1,4,GREEN,pool_peer_500ms,3,1.0,[1],0,83,2,"{""1"": 89, ""2"": 67, ""3"": 79, ""4"": 83}",False,19.0,-32.0,0.0,9.0,0.0,0.0,473.0,132.25,467.0,18.0,24.0,56.25,195.0,173.75,918.0,486.0,6.0,15.0,58.0,1.0,1.0,2.0,6.0,5.0,0.0,0.0,0.0,24.0,24.0,0.2975,0.2857142857142857,0.0096,0.0096,0.075,0.3409090909090909,0.6590909090909091,0.475,1.0,1.0,0.425,0.5789473684210527,0.0
20260629_152656_9d451bbc,20260629_152656_9d451bbc_g0036,36,2118059943,3,32,32,32,1,1,RED,champ_v3,0,1.0,[1],1,89,1,"{""1"": 89, ""2"": 67, ""3"": 79, ""4"": 83}",False,25.0,-34.0,1.0,19.0,8.0,0.02,148.0,57.875,164.125,18.0,15.0,27.75,49.0,54.375,548.0,189.125,8.0,13.0,50.0,1.0,1.0,2.0,4.0,5.0,1.0,0.0,0.0,32.0,32.0,0.395,0.38095238095238093,0.0128,0.0128,0.095,0.4318181818181818,0.5681818181818182,0.625,1.0,1.0,0.4916666666666667,0.6094182825484764,0.0
20260629_152656_9d451bbc,20260629_152656_9d451bbc_g0036,36,2118059943,3,32,32,32,1,2,BLUE,pool_heuristic,1,1.0,[1],0,67,4,"{""1"": 89, ""2"": 67, ""3"": 79, ""4"": 83}",False,24.0,-36.0,3.0,6.0,8.0,0.02,172.0,68.25,183.75,21.0,20.0,34.5,82.0,26.25,524.0,207.75,8.0,13.0,48.0,1.0,1.0,2.0,6.0,3.0,1.0,0.0,0.0,32.0,32.0,0.395,0.38095238095238093,0.0128,0.0128,0.1,0.45454545454545453,0.5454545454545454,0.6,1.0,1.0,0.5,0.45000000000000007,0.0
20260629_152656_9d451bbc,20260629_152656_9d451bbc_g0036,36,2118059943,3,32,32,32,1,3,YELLOW,pool_l45_100ms,2,1.0,[1],0,79,3,"{""1"": 89, ""2"": 67, ""3"": 79, ""4"": 83}",False,13.0,-58.0,5.0,6.0,8.0,0.02,47.0,23.375,49.125,12.0,7.0,8.25,15.0,6.875,649.0,62.125,8.0,13.0,48.0,1.0,1.0,2.0,6.0,3.0,0.0,0.0,0.0,32.0,32.0,0.395,0.38095238095238093,0.0128,0.0128,0.1,0.45454545454545453,0.5454545454545454,0.325,1.0,1.0,0.5916666666666667,0.42499999999999993,0.0
20260629_152656_9d451bbc,20260629_152656_9d451bbc_g0036,36,2118059943,3,32,32,32,1,4,GREEN,pool_peer_500ms,3,1.0,[1],0,83,2,"{""1"": 89, ""2"": 67, ""3"": 79, ""4"": 83}",False,22.0,-40.0,0.0,17.0,8.0,0.02,329.0,103.0,334.625,18.0,22.0,51.0,165.5,78.125,367.0,356.625,8.0,13.0,48.0,1.0,1.0,2.0,6.0,3.0,0.0,0.0,0.0,32.0,32.0,0.395,0.38095238095238093,0.0128,0.0128,0.1,0.45454545454545453,0.5454545454545454,0.55,1.0,1.0,0.5166666666666667,0.593421052631579,0.0
20260629_152656_9d451bbc,20260629_152656_9d451bbc_g0036,36,2118059943,4,40,40,40,1,1,RED,champ_v3,0,1.0,[1],1,89,1,"{""1"": 89, ""2"": 67, ""3"": 79, ""4"": 83}",False,28.0,-33.0,1.0,28.0,12.0,0.03,88.0,36.375,92.5,15.0,9.0,15.75,21.5,31.25,238.0,120.5,10.0,11.0,41.0,1.0,1.0,2.0,3.0,4.0,1.0,0.0,0.0,40.0,40.0,0.49,0.47619047619047616,0.016,0.016,0.1175,0.5340909090909091,0.4659090909090909,0.7,1.0,1.0,0.5083333333333333,0.606942889137738,0.0
20260629_152656_9d451bbc,20260629_152656_9d451bbc_g0036,36,2118059943,4,40,40,40,1,2,BLUE,pool_heuristic,1,1.0,[1],0,67,4,"{""1"": 89, ""2"": 67, ""3"": 79, ""4"": 83}",False,23.0,-43.0,3.0,13.0,12.0,0.03,70.0,36.875,72.0,20.0,11.0,15.0,23.5,2.5,256.0,95.0,10.0,11.0,38.0,1.0,1.0,2.0,6.0,1.0,0.0,0.0,0.0,40.0,40.0,0.49,0.47619047619047616,0.016,0.016,0.125,0.5681818181818182,0.4318181818181818,0.575,1.0,1.0,0.55,0.4347368421052632,0.0
20260629_152656_9d451bbc,20260629_152656_9d451bbc_g0036,36,2118059943,4,40,40,40,1,3,YELLOW,pool_l45_100ms,2,1.0,[1],0,79,3,"{""1"": 89, ""2"": 67, ""3"": 79, ""4"": 83}",False,13.0,-63.0,5.0,8.0,12.0,0.03,67.0,27.5,64.125,12.0,7.0,11.25,29.5,4.375,259.0,77.125,10.0,11.0,38.0,1.0,1.0,2.0,6.0,1.0,0.0,0.0,0.0,40.0,40.0,0.49,0.47619047619047616,0.016,0.016,0.125,0.5681818181818182,0.4318181818181818,0.325,1.0,1.0,0.6333333333333333,0.4010526315789473,0.0
20260629_152656_9d451bbc,20260629_152656_9d451bbc_g0036,36,2118059943,4,40,40,40,1,4,GREEN,pool_peer_500ms,3,1.0,[1],0,83,2,"{""1"": 89, ""2"": 67, ""3"": 79, ""4"": 83}",False,25.0,-39.0,0.0,24.0,12.0,0.03,101.0,45.5,107.25,18.0,14.0,24.0,45.0,6.25,225.0,132.25,10.0,11.0,39.0,1.0,1.0,2.0,5.0,2.0,0.0,0.0,0.0,40.0,40.0,0.49,0.47619047619047616,0.016,0.016,0.1225,0.5568181818181818,0.4431818181818182,0.625,1.0,1.0,0.5333333333333333,0.5864661654135339,0.0
20260629_152656_9d451bbc,20260629_152656_9d451bbc_g0036,36,2118059943,5,48,48,48,1,1,RED,champ_v3,0,1.0,[1],1,89,1,"{""1"": 89, ""2"": 67, ""3"": 79, ""4"": 83}",False,29.0,-35.0,1.0,44.0,19.0,0.0475,69.0,28.625,64.625,14.0,7.0,14.25,10.0,19.375,89.0,93.625,12.0,9.0,32.0,1.0,1.0,2.0,2.0,3.0,1.0,0.0,0.0,48.0,48.0,0.5725,0.5714285714285714,0.0192,0.0192,0.14,0.6363636363636364,0.36363636363636365,0.725,1.0,1.0,0.5333333333333333,0.5921052631578947,0.0
20260629_152656_9d451bbc,20260629_152656_9d451bbc_g0036,36,2118059943,5,48,48,48,1,2,BLUE,pool_heuristic,1,1.0,[1],0,67,4,"{""1"": 89, ""2"": 67, ""3"": 79, ""4"": 83}",False,22.0,-49.0,3.0,28.0,19.0,0.0475,19.0,17.5,19.0,16.0,3.0,0.0,0.0,0.0,139.0,41.0,12.0,9.0,29.0,1.0,1.0,2.0,5.0,0.0,0.0,0.0,0.0,48.0,48.0,0.5725,0.5714285714285714,0.0192,0.0192,0.1475,0.6704545454545454,0.32954545454545453,0.55,0.95,0.8,0.5916666666666667,0.45584299732381794,0.0
20260629_152656_9d451bbc,20260629_152656_9d451bbc_g0036,36,2118059943,5,48,48,48,1,3,YELLOW,pool_l45_100ms,2,1.0,[1],0,79,3,"{""1"": 89, ""2"": 67, ""3"": 79, ""4"": 83}",False,14.0,-65.0,4.0,21.0,19.0,0.0475,29.0,18.5,27.5,13.0,6.0,4.5,4.0,0.0,129.0,41.5,12.0,9.0,29.0,1.0,1.0,2.0,5.0,0.0,0.0,0.0,0.0,48.0,48.0,0.5725,0.5714285714285714,0.0192,0.0192,0.1475,0.6704545454545454,0.32954545454545453,0.35,0.7166666666666667,0.8,0.6583333333333333,0.4103479036574488,0.0
20260629_152656_9d451bbc,20260629_152656_9d451bbc_g0036,36,2118059943,5,48,48,48,1,4,GREEN,pool_peer_500ms,3,1.0,[1],0,83,2,"{""1"": 89, ""2"": 67, ""3"": 79, ""4"": 83}",False,28.0,-37.0,0.0,30.0,19.0,0.0475,41.0,27.0,43.25,19.0,8.0,0.0,15.0,1.25,117.0,71.25,12.0,9.0,33.0,1.0,1.0,0.0,5.0,2.0,0.0,0.0,0.0,48.0,48.0,0.5725,0.5714285714285714,0.0192,0.0192,0.1375,0.625,0.375,0.7,0.9333333333333333,1.0,0.5416666666666667,0.5760765550239235,0.0
20260629_152656_9d451bbc,20260629_152656_9d451bbc_g0036,36,2118059943,6,56,56,56,1,1,RED,champ_v3,0,1.0,[1],1,89,1,"{""1"": 89, ""2"": 67, ""3"": 79, ""4"": 83}",False,28.0,-31.0,1.0,52.0,32.0,0.08,18.0,12.75,17.0,10.0,3.0,3.0,1.0,0.0,18.0,45.0,14.0,7.0,22.0,1.0,1.0,2.0,2.0,1.0,0.0,0.0,0.0,56.0,56.0,0.6375,0.6666666666666666,0.0224,0.0224,0.165,0.75,0.25,0.7,1.0,1.0,0.4916666666666667,0.5406698564593302,0.0
20260629_152656_9d451bbc,20260629_152656_9d451bbc_g0036,36,2118059943,6,56,56,56,1,2,BLUE,pool_heuristic,1,1.0,[1],0,67,4,"{""1"": 89, ""2"": 67, ""3"": 79, ""4"": 83}",False,21.0,-45.0,3.0,36.0,32.0,0.08,0.0,0.0,0.0,0.0,0.0,0.0,0.0,0.0,36.0,21.0,14.0,7.0,26.0,0.0,0.0,2.0,5.0,0.0,0.0,0.0,0.0,56.0,56.0,0.6375,0.6666666666666666,0.0224,0.0224,0.155,0.7045454545454546,0.29545454545454547,0.525,0.7,0.8,0.55,0.4431239388794568,0.0
20260629_152656_9d451bbc,20260629_152656_9d451bbc_g0036,36,2118059943,6,56,56,56,1,3,YELLOW,pool_l45_100ms,2,1.0,[1],0,79,3,"{""1"": 89, ""2"": 67, ""3"": 79, ""4"": 83}",False,10.0,-67.0,4.0,32.0,32.0,0.08,9.0,8.5,9.0,8.0,1.0,0.0,0.0,0.0,27.0,19.0,14.0,7.0,21.0,1.0,1.0,2.0,3.0,0.0,0.0,0.0,0.0,56.0,56.0,0.6375,0.6666666666666666,0.0224,0.0224,0.1675,0.7613636363636364,0.23863636363636365,0.25,0.4166666666666667,0.8,0.6416666666666667,0.4194815396700706,0.0
20260629_152656_9d451bbc,20260629_152656_9d451bbc_g0036,36,2118059943,6,56,56,56,1,4,GREEN,pool_peer_500ms,3,1.0,[1],0,83,2,"{""1"": 89, ""2"": 67, ""3"": 79, ""4"": 83}",False,28.0,-31.0,0.0,35.0,32.0,0.08,9.0,3.875,12.25,0.0,4.0,0.0,4.5,3.75,27.0,40.25,14.0,7.0,28.0,0.0,1.0,0.0,4.0,2.0,0.0,0.0,0.0,56.0,56.0,0.6375,0.6666666666666666,0.0224,0.0224,0.15,0.6818181818181818,0.3181818181818182,0.7,1.0,1.0,0.4916666666666667,0.5701754385964912,0.0
20260629_152656_9d451bbc,20260629_152656_9d451bbc_g0036,36,2118059943,7,64,64,67,4,1,RED,champ_v3,0,1.0,[1],1,89,1,"{""1"": 89, ""2"": 67, ""3"": 79, ""4"": 83}",False,23.0,-33.0,1.0,59.0,33.0,0.0825,1.0,0.25,0.75,0.0,0.0,0.75,0.0,0.0,0.0,23.75,17.0,4.0,15.0,0.0,0.0,2.0,1.0,1.0,0.0,0.0,0.0,64.0,67.0,0.6875,0.8095238095238095,0.0268,0.0256,0.1825,0.8295454545454546,0.17045454545454544,0.575,0.8,1.0,0.4666666666666667,0.5364095169430425,0.0
20260629_152656_9d451bbc,20260629_152656_9d451bbc_g0036,36,2118059943,7,64,64,67,4,2,BLUE,pool_heuristic,1,1.0,[1],0,67,4,"{""1"": 89, ""2"": 67, ""3"": 79, ""4"": 83}",False,21.0,-37.0,3.0,45.0,33.0,0.0825,0.0,0.0,0.0,0.0,0.0,0.0,0.0,0.0,1.0,21.0,14.0,7.0,26.0,0.0,0.0,2.0,5.0,0.0,0.0,0.0,0.0,64.0,67.0,0.6875,0.6666666666666666,0.0268,0.0256,0.155,0.7045454545454546,0.29545454545454547,0.525,0.5166666666666667,0.8,0.4833333333333333,0.4431239388794568,0.0
20260629_152656_9d451bbc,20260629_152656_9d451bbc_g0036,36,2118059943,7,64,64,67,4,3,YELLOW,pool_l45_100ms,2,1.0,[1],0,79,3,"{""1"": 89, ""2"": 67, ""3"": 79, ""4"": 83}",False,9.0,-61.0,4.0,39.0,33.0,0.0825,0.0,0.0,0.0,0.0,0.0,0.0,0.0,0.0,1.0,9.0,17.0,4.0,14.0,0.0,0.0,2.0,2.0,0.0,0.0,0.0,0.0,64.0,67.0,0.6875,0.8095238095238095,0.0268,0.0256,0.185,0.8409090909090909,0.1590909090909091,0.225,0.23333333333333334,0.8,0.5833333333333333,0.4246088193456615,0.0
20260629_152656_9d451bbc,20260629_152656_9d451bbc_g0036,36,2118059943,7,64,64,67,4,4,GREEN,pool_peer_500ms,3,1.0,[1],0,83,2,"{""1"": 89, ""2"": 67, ""3"": 79, ""4"": 83}",False,26.0,-27.0,0.0,44.0,33.0,0.0825,0.0,0.0,0.0,0.0,0.0,0.0,0.0,0.0,1.0,26.0,16.0,5.0,22.0,0.0,0.0,0.0,3.0,2.0,0.0,0.0,0.0,64.0,67.0,0.6875,0.7619047619047619,0.0268,0.0256,0.165,0.75,0.25,0.65,0.8,1.0,0.4416666666666667,0.5590111642743222,0.0
20260629_152656_9d451bbc,20260629_152656_9d451bbc_g0037,37,1358465599,0,8,8,8,1,1,RED,pool_heuristic,0,4.0,[4],0,68,3,"{""1"": 68, ""2"": 65, ""3"": 95, ""4"": 118}",False,6.0,-17.0,9.0,0.0,3.0,0.0075,370.0,89.5,361.75,6.0,10.0,28.5,111.0,206.25,1413.0,367.75,2.0,19.0,78.0,1.0,1.0,2.0,6.0,9.0,1.0,1.0,1.0,8.0,8.0,0.1,0.09523809523809523,0.0032,0.0032,0.025,0.11363636363636363,0.8863636363636364,0.15,1.0,1.0,0.19166666666666668,0.24736842105263157,0.0
20260629_152656_9d451bbc,20260629_152656_9d451bbc_g0037,37,1358465599,0,8,8,8,1,2,BLUE,pool_l45_100ms,1,4.0,[4],0,65,4,"{""1"": 68, ""2"": 65, ""3"": 95, ""4"": 118}",False,5.0,-19.0,9.0,0.0,3.0,0.0075,327.0,76.25,309.5,5.0,8.0,24.0,95.0,177.5,1456.0,314.5,2.0,19.0,78.0,1.0,1.0,2.0,6.0,9.0,1.0,1.0,0.0,8.0,8.0,0.1,0.09523809523809523,0.0032,0.0032,0.025,0.11363636363636363,0.8863636363636364,0.125,1.0,1.0,0.2,0.15263157894736834,0.0
20260629_152656_9d451bbc,20260629_152656_9d451bbc_g0037,37,1358465599,0,8,8,8,1,3,YELLOW,pool_peer_500ms,2,4.0,[4],0,95,2,"{""1"": 68, ""2"": 65, ""3"": 95, ""4"": 118}",False,9.0,-11.0,9.0,0.0,3.0,0.0075,543.0,122.625,488.75,9.0,15.0,41.25,153.5,270.0,1240.0,497.75,2.0,19.0,78.0,1.0,1.0,2.0,6.0,9.0,1.0,0.0,0.0,8.0,8.0,0.1,0.09523809523809523,0.0032,0.0032,0.025,0.11363636363636363,0.8863636363636364,0.225,1.0,1.0,0.16666666666666669,0.23684210526315785,0.0
20260629_152656_9d451bbc,20260629_152656_9d451bbc_g0037,37,1358465599,0,8,8,8,1,4,GREEN,champ_v3,3,4.0,[4],1,118,1,"{""1"": 68, ""2"": 65, ""3"": 95, ""4"": 118}",False,9.0,-11.0,9.0,0.0,3.0,0.0075,543.0,122.625,488.75,9.0,15.0,41.25,153.5,270.0,1240.0,497.75,2.0,19.0,78.0,1.0,1.0,2.0,6.0,9.0,1.0,0.0,0.0,8.0,8.0,0.1,0.09523809523809523,0.0032,0.0032,0.025,0.11363636363636363,0.8863636363636364,0.225,1.0,1.0,0.16666666666666669,0.23684210526315785,0.0
20260629_152656_9d451bbc,20260629_152656_9d451bbc_g0037,37,1358465599,1,16,16,16,1,1,RED,pool_heuristic,0,4.0,[4],0,68,3,"{""1"": 68, ""2"": 65, ""3"": 95, ""4"": 118}",False,13.0,-27.0,3.0,2.0,3.0,0.0075,495.0,130.125,500.125,11.0,19.0,49.5,180.0,240.625,1954.0,513.125,4.0,17.0,68.0,1.0,1.0,2.0,6.0,7.0,1.0,0.0,1.0,16.0,16.0,0.2,0.19047619047619047,0.0064,0.0064,0.05,0.22727272727272727,0.7727272727272727,0.325,1.0,1.0,0.33333333333333337,0.4815789473684211,0.0
20260629_152656_9d451bbc,20260629_152656_9d451bbc_g0037,37,1358465599,1,16,16,16,1,2,BLUE,pool_l45_100ms,1,4.0,[4],0,65,4,"{""1"": 68, ""2"": 65, ""3"": 95, ""4"": 118}",False,9.0,-35.0,6.0,0.0,3.0,0.0075,527.0,121.875,475.0,9.0,16.0,45.0,177.5,227.5,1922.0,484.0,4.0,17.0,68.0,1.0,1.0,2.0,6.0,7.0,1.0,0.0,0.0,16.0,16.0,0.2,0.19047619047619047,0.0064,0.0064,0.05,0.22727272727272727,0.7727272727272727,0.225,1.0,1.0,0.36666666666666664,0.3263157894736842,0.0
20260629_152656_9d451bbc,20260629_152656_9d451bbc_g0037,37,1358465599,1,16,16,16,1,3,YELLOW,pool_peer_500ms,2,4.0,[4],0,95,2,"{""1"": 68, ""2"": 65, ""3"": 95, ""4"": 118}",False,16.0,-21.0,0.0,0.0,3.0,0.0075,793.0,199.75,769.75,16.0,29.0,77.25,280.0,367.5,1656.0,785.75,4.0,17.0,68.0,1.0,1.0,2.0,6.0,7.0,1.0,0.0,0.0,16.0,16.0,0.2,0.19047619047619047,0.0064,0.0064,0.05,0.22727272727272727,0.7727272727272727,0.4,1.0,1.0,0.30833333333333335,0.49473684210526314,0.0
20260629_152656_9d451bbc,20260629_152656_9d451bbc_g0037,37,1358465599,1,16,16,16,1,4,GREEN,champ_v3,3,4.0,[4],1,118,1,"{""1"": 68, ""2"": 65, ""3"": 95, ""4"": 118}",False,15.0,-23.0,2.0,2.0,3.0,0.0075,634.0,160.5,608.0,15.0,24.0,63.0,226.0,280.0,1815.0,623.0,4.0,17.0,68.0,1.0,1.0,2.0,6.0,7.0,1.0,0.0,0.0,16.0,16.0,0.2,0.19047619047619047,0.0064,0.0064,0.05,0.22727272727272727,0.7727272727272727,0.375,1.0,1.0,0.31666666666666665,0.4605263157894737,0.0
20260629_152656_9d451bbc,20260629_152656_9d451bbc_g0037,37,1358465599,2,24,24,24,1,1,RED,pool_heuristic,0,4.0,[4],0,68,3,"{""1"": 68, ""2"": 65, ""3"": 95, ""4"": 118}",False,16.0,-35.0,2.0,7.0,6.0,0.015,228.0,69.25,239.75,11.0,12.0,29.25,100.0,87.5,1279.0,255.75,6.0,15.0,58.0,1.0,1.0,2.0,6.0,5.0,0.0,0.0,1.0,24.0,24.0,0.3,0.2857142857142857,0.0096,0.0096,0.075,0.3409090909090909,0.6590909090909091,0.4,1.0,1.0,0.425,0.5543859649122806,0.0
20260629_152656_9d451bbc,20260629_152656_9d451bbc_g0037,37,1358465599,2,24,24,24,1,2,BLUE,pool_l45_100ms,1,4.0,[4],0,65,4,"{""1"": 68, ""2"": 65, ""3"": 95, ""4"": 118}",False,12.0,-43.0,6.0,2.0,6.0,0.015,169.0,50.625,156.25,11.0,14.0,23.25,65.5,42.5,1338.0,168.25,6.0,15.0,58.0,1.0,1.0,2.0,6.0,5.0,0.0,0.0,0.0,24.0,24.0,0.3,0.2857142857142857,0.0096,0.0096,0.075,0.3409090909090909,0.6590909090909091,0.3,1.0,1.0,0.4583333333333333,0.38596491228070173,0.0
20260629_152656_9d451bbc,20260629_152656_9d451bbc_g0037,37,1358465599,2,24,24,24,1,3,YELLOW,pool_peer_500ms,2,4.0,[4],0,95,2,"{""1"": 68, ""2"": 65, ""3"": 95, ""4"": 118}",False,19.0,-29.0,0.0,13.0,6.0,0.015,550.0,142.5,515.625,16.0,25.0,61.5,217.5,195.625,957.0,534.625,6.0,15.0,58.0,1.0,1.0,2.0,6.0,5.0,0.0,0.0,0.0,24.0,24.0,0.3,0.2857142857142857,0.0096,0.0096,0.075,0.3409090909090909,0.6590909090909091,0.475,1.0,1.0,0.4,0.5877192982456141,0.0
20260629_152656_9d451bbc,20260629_152656_9d451bbc_g0037,37,1358465599,2,24,24,24,1,4,GREEN,champ_v3,3,4.0,[4],1,118,1,"{""1"": 68, ""2"": 65, ""3"": 95, ""4"": 118}",False,20.0,-27.0,0.0,13.0,6.0,0.015,560.0,158.375,575.875,17.0,27.0,69.75,244.0,218.125,947.0,595.875,6.0,15.0,58.0,1.0,1.0,2.0,6.0,5.0,1.0,0.0,0.0,24.0,24.0,0.3,0.2857142857142857,0.0096,0.0096,0.075,0.3409090909090909,0.6590909090909091,0.5,1.0,1.0,0.39166666666666666,0.5842105263157895,0.0
20260629_152656_9d451bbc,20260629_152656_9d451bbc_g0037,37,1358465599,3,32,32,32,1,1,RED,pool_heuristic,0,4.0,[4],0,68,3,"{""1"": 68, ""2"": 65, ""3"": 95, ""4"": 118}",False,19.0,-45.0,2.0,7.0,7.0,0.0175,89.0,37.5,96.75,14.0,9.0,16.5,41.0,16.25,910.0,115.75,8.0,13.0,48.0,1.0,1.0,2.0,6.0,3.0,0.0,0.0,1.0,32.0,32.0,0.3975,0.38095238095238093,0.0128,0.0128,0.1,0.45454545454545453,0.5454545454545454,0.475,1.0,1.0,0.5333333333333333,0.531578947368421,0.0
20260629_152656_9d451bbc,20260629_152656_9d451bbc_g0037,37,1358465599,3,32,32,32,1,2,BLUE,pool_l45_100ms,1,4.0,[4],0,65,4,"{""1"": 68, ""2"": 65, ""3"": 95, ""4"": 118}",False,16.0,-51.0,6.0,3.0,7.0,0.0175,79.0,35.5,77.0,15.0,15.0,16.5,28.0,2.5,920.0,93.0,8.0,13.0,48.0,1.0,1.0,2.0,6.0,3.0,0.0,0.0,0.0,32.0,32.0,0.3975,0.38095238095238093,0.0128,0.0128,0.1,0.45454545454545453,0.5454545454545454,0.4,1.0,1.0,0.5583333333333333,0.4078947368421053,0.0
20260629_152656_9d451bbc,20260629_152656_9d451bbc_g0037,37,1358465599,3,32,32,32,1,3,YELLOW,pool_peer_500ms,2,4.0,[4],0,95,2,"{""1"": 68, ""2"": 65, ""3"": 95, ""4"": 118}",False,22.0,-39.0,0.0,24.0,7.0,0.0175,429.0,120.875,400.0,17.0,26.0,65.25,215.5,76.25,570.0,422.0,8.0,13.0,48.0,1.0,1.0,2.0,6.0,3.0,0.0,0.0,0.0,32.0,32.0,0.3975,0.38095238095238093,0.0128,0.0128,0.1,0.45454545454545453,0.5454545454545454,0.55,1.0,1.0,0.5083333333333333,0.5986842105263157,0.0
20260629_152656_9d451bbc,20260629_152656_9d451bbc_g0037,37,1358465599,3,32,32,32,1,4,GREEN,champ_v3,3,4.0,[4],1,118,1,"{""1"": 68, ""2"": 65, ""3"": 95, ""4"": 118}",False,26.0,-31.0,0.0,25.0,7.0,0.0175,402.0,123.875,404.125,21.0,29.0,67.5,171.0,115.625,597.0,430.125,8.0,13.0,49.0,1.0,1.0,2.0,5.0,4.0,1.0,0.0,0.0,32.0,32.0,0.3975,0.38095238095238093,0.0128,0.0128,0.0975,0.4431818181818182,0.5568181818181818,0.65,1.0,1.0,0.475,0.5991902834008098,0.0
20260629_152656_9d451bbc,20260629_152656_9d451bbc_g0037,37,1358465599,4,40,40,40,1,1,RED,pool_heuristic,0,4.0,[4],0,68,3,"{""1"": 68, ""2"": 65, ""3"": 95, ""4"": 118}",False,18.0,-47.0,2.0,15.0,17.0,0.0425,29.0,18.5,30.5,13.0,4.0,3.0,8.0,2.5,473.0,48.5,10.0,11.0,38.0,1.0,1.0,2.0,6.0,1.0,0.0,0.0,0.0,40.0,40.0,0.4925,0.47619047619047616,0.016,0.016,0.125,0.5681818181818182,0.4318181818181818,0.45,1.0,1.0,0.5416666666666667,0.5136842105263157,0.0
20260629_152656_9d451bbc,20260629_152656_9d451bbc_g0037,37,1358465599,4,40,40,40,1,2,BLUE,pool_l45_100ms,1,4.0,[4],0,65,4,"{""1"": 68, ""2"": 65, ""3"": 95, ""4"": 118}",False,11.0,-61.0,6.0,6.0,17.0,0.0425,28.0,16.625,26.75,10.0,8.0,5.25,3.5,0.0,474.0,37.75,10.0,11.0,39.0,1.0,1.0,2.0,5.0,2.0,0.0,0.0,0.0,40.0,40.0,0.4925,0.47619047619047616,0.016,0.016,0.1225,0.5568181818181818,0.4431818181818182,0.275,0.8833333333333333,1.0,0.6,0.40923737916219116,0.0
20260629_152656_9d451bbc,20260629_152656_9d451bbc_g0037,37,1358465599,4,40,40,40,1,3,YELLOW,pool_peer_500ms,2,4.0,[4],0,95,2,"{""1"": 68, ""2"": 65, ""3"": 95, ""4"": 118}",False,25.0,-33.0,0.0,35.0,17.0,0.0425,207.0,70.75,203.875,16.0,20.0,45.0,103.5,19.375,295.0,228.875,10.0,11.0,39.0,1.0,1.0,2.0,5.0,2.0,0.0,0.0,0.0,40.0,40.0,0.4925,0.47619047619047616,0.016,0.016,0.1225,0.5568181818181818,0.4431818181818182,0.625,1.0,1.0,0.4833333333333333,0.5692803437164339,0.0
20260629_152656_9d451bbc,20260629_152656_9d451bbc_g0037,37,1358465599,4,40,40,40,1,4,GREEN,champ_v3,3,4.0,[4],1,118,1,"{""1"": 68, ""2"": 65, ""3"": 95, ""4"": 118}",False,29.0,-25.0,0.0,38.0,17.0,0.0425,238.0,85.75,248.25,19.0,26.0,52.5,122.0,28.75,264.0,277.25,10.0,11.0,39.0,1.0,1.0,2.0,5.0,2.0,1.0,0.0,0.0,40.0,40.0,0.4925,0.47619047619047616,0.016,0.016,0.1225,0.5568181818181818,0.4431818181818182,0.725,1.0,1.0,0.45,0.6047261009667024,0.0
20260629_152656_9d451bbc,20260629_152656_9d451bbc_g0037,37,1358465599,5,48,48,48,1,1,RED,pool_heuristic,0,4.0,[4],0,68,3,"{""1"": 68, ""2"": 65, ""3"": 95, ""4"": 118}",False,17.0,-42.0,2.0,21.0,34.0,0.085,15.0,13.0,15.5,11.0,3.0,1.5,0.0,0.0,236.0,32.5,12.0,9.0,30.0,1.0,1.0,2.0,4.0,1.0,0.0,0.0,0.0,48.0,48.0,0.58,0.5714285714285714,0.0192,0.0192,0.145,0.6590909090909091,0.3409090909090909,0.425,1.0,1.0,0.4916666666666667,0.5,0.0
20260629_152656_9d451bbc,20260629_152656_9d451bbc_g0037,37,1358465599,5,48,48,48,1,2,BLUE,pool_l45_100ms,1,4.0,[4],0,65,4,"{""1"": 68, ""2"": 65, ""3"": 95, ""4"": 118}",False,7.0,-62.0,4.0,16.0,34.0,0.085,7.0,6.0,7.0,5.0,2.0,0.0,0.0,0.0,244.0,14.0,12.0,9.0,31.0,1.0,1.0,2.0,3.0,2.0,0.0,0.0,0.0,48.0,48.0,0.58,0.5714285714285714,0.0192,0.0192,0.1425,0.6477272727272727,0.3522727272727273,0.175,0.5166666666666667,1.0,0.575,0.41366574330563244,0.0
20260629_152656_9d451bbc,20260629_152656_9d451bbc_g0037,37,1358465599,5,48,48,48,1,3,YELLOW,pool_peer_500ms,2,4.0,[4],0,95,2,"{""1"": 68, ""2"": 65, ""3"": 95, ""4"": 118}",False,25.0,-26.0,0.0,46.0,34.0,0.085,105.0,42.5,109.75,13.0,14.0,26.25,49.0,7.5,146.0,134.75,12.0,9.0,30.0,1.0,1.0,2.0,4.0,1.0,0.0,0.0,0.0,48.0,48.0,0.58,0.5714285714285714,0.0192,0.0192,0.145,0.6590909090909091,0.3409090909090909,0.625,1.0,1.0,0.425,0.5362976406533575,0.0
20260629_152656_9d451bbc,20260629_152656_9d451bbc_g0037,37,1358465599,5,48,48,48,1,4,GREEN,champ_v3,3,4.0,[4],1,118,1,"{""1"": 68, ""2"": 65, ""3"": 95, ""4"": 118}",False,27.0,-22.0,0.0,48.0,34.0,0.085,124.0,49.875,124.25,16.0,18.0,27.75,62.5,0.0,127.0,151.25,12.0,9.0,29.0,1.0,1.0,2.0,5.0,0.0,0.0,0.0,0.0,48.0,48.0,0.58,0.5714285714285714,0.0192,0.0192,0.1475,0.6704545454545454,0.32954545454545453,0.675,1.0,0.8,0.4083333333333333,0.5869759143621767,0.0
20260629_152656_9d451bbc,20260629_152656_9d451bbc_g0037,37,1358465599,6,56,56,56,1,1,RED,pool_heuristic,0,4.0,[4],0,68,3,"{""1"": 68, ""2"": 65, ""3"": 95, ""4"": 118}",False,14.0,-40.0,2.0,23.0,48.0,0.12,0.0,0.0,0.0,0.0,0.0,0.0,0.0,0.0,80.0,14.0,14.0,7.0,27.0,0.0,0.0,2.0,4.0,1.0,0.0,0.0,0.0,56.0,56.0,0.635,0.6666666666666666,0.0224,0.0224,0.1525,0.6931818181818182,0.3068181818181818,0.35,0.7333333333333333,1.0,0.45,0.48490077653149266,0.0
20260629_152656_9d451bbc,20260629_152656_9d451bbc_g0037,37,1358465599,6,56,56,56,1,2,BLUE,pool_l45_100ms,1,4.0,[4],0,65,4,"{""1"": 68, ""2"": 65, ""3"": 95, ""4"": 118}",False,4.0,-60.0,4.0,24.0,48.0,0.12,0.0,0.0,0.0,0.0,0.0,0.0,0.0,0.0,80.0,4.0,14.0,7.0,28.0,0.0,0.0,2.0,3.0,2.0,0.0,0.0,0.0,56.0,56.0,0.635,0.6666666666666666,0.0224,0.0224,0.15,0.6818181818181818,0.3181818181818182,0.1,0.15,1.0,0.5333333333333333,0.40701754385964906,0.0
20260629_152656_9d451bbc,20260629_152656_9d451bbc_g0037,37,1358465599,6,56,56,56,1,3,YELLOW,pool_peer_500ms,2,4.0,[4],0,95,2,"{""1"": 68, ""2"": 65, ""3"": 95, ""4"": 118}",False,21.0,-26.0,0.0,49.0,48.0,0.12,33.0,20.25,38.25,11.0,7.0,9.75,8.0,2.5,47.0,59.25,14.0,7.0,22.0,1.0,1.0,2.0,2.0,1.0,0.0,0.0,0.0,56.0,56.0,0.635,0.6666666666666666,0.0224,0.0224,0.165,0.75,0.25,0.525,1.0,1.0,0.39166666666666666,0.5318979266347688,0.0
20260629_152656_9d451bbc,20260629_152656_9d451bbc_g0037,37,1358465599,6,56,56,56,1,4,GREEN,champ_v3,3,4.0,[4],1,118,1,"{""1"": 68, ""2"": 65, ""3"": 95, ""4"": 118}",False,29.0,-10.0,0.0,59.0,48.0,0.12,47.0,26.5,51.5,14.0,9.0,10.5,18.0,0.0,33.0,80.5,14.0,7.0,21.0,1.0,1.0,2.0,3.0,0.0,0.0,0.0,0.0,56.0,56.0,0.635,0.6666666666666666,0.0224,0.0224,0.1675,0.7613636363636364,0.23863636363636365,0.725,1.0,0.8,0.325,0.5781618224666143,0.0
20260629_152656_9d451bbc,20260629_152656_9d451bbc_g0037,37,1358465599,7,64,64,72,1,1,RED,pool_heuristic,0,4.0,[4],0,68,3,"{""1"": 68, ""2"": 65, ""3"": 95, ""4"": 118}",False,14.0,-39.0,2.0,35.0,49.0,0.1225,0.0,0.0,0.0,0.0,0.0,0.0,0.0,0.0,28.0,14.0,14.0,7.0,27.0,0.0,0.0,2.0,4.0,1.0,0.0,0.0,0.0,64.0,72.0,0.7,0.6666666666666666,0.0288,0.0256,0.1525,0.6931818181818182,0.3068181818181818,0.35,0.55,1.0,0.4416666666666667,0.48490077653149266,0.0
20260629_152656_9d451bbc,20260629_152656_9d451bbc_g0037,37,1358465599,7,64,64,72,1,2,BLUE,pool_l45_100ms,1,4.0,[4],0,65,4,"{""1"": 68, ""2"": 65, ""3"": 95, ""4"": 118}",False,4.0,-59.0,4.0,30.0,49.0,0.1225,0.0,0.0,0.0,0.0,0.0,0.0,0.0,0.0,28.0,4.0,14.0,7.0,28.0,0.0,0.0,2.0,3.0,2.0,0.0,0.0,0.0,64.0,72.0,0.7,0.6666666666666666,0.0288,0.0256,0.15,0.6818181818181818,0.3181818181818182,0.1,0.11666666666666667,1.0,0.525,0.40701754385964906,0.0
20260629_152656_9d451bbc,20260629_152656_9d451bbc_g0037,37,1358465599,7,64,64,72,1,3,YELLOW,pool_peer_500ms,2,4.0,[4],0,95,2,"{""1"": 68, ""2"": 65, ""3"": 95, ""4"": 118}",False,17.0,-33.0,0.0,54.0,49.0,0.1225,1.0,0.25,0.75,0.0,0.0,0.75,0.0,0.0,27.0,17.75,18.0,3.0,11.0,0.0,0.0,2.0,0.0,1.0,0.0,0.0,0.0,64.0,72.0,0.7,0.8571428571428571,0.0288,0.0256,0.1925,0.875,0.125,0.425,0.5833333333333334,1.0,0.4166666666666667,0.509911141490089,0.0
20260629_152656_9d451bbc,20260629_152656_9d451bbc_g0037,37,1358465599,7,64,64,72,1,4,GREEN,champ_v3,3,4.0,[4],1,118,1,"{""1"": 68, ""2"": 65, ""3"": 95, ""4"": 118}",False,32.0,-3.0,0.0,73.0,49.0,0.1225,27.0,22.0,28.0,17.0,8.0,3.0,0.0,0.0,1.0,60.0,18.0,3.0,6.0,1.0,1.0,1.0,0.0,0.0,0.0,0.0,0.0,64.0,72.0,0.7,0.8571428571428571,0.0288,0.0256,0.205,0.9318181818181818,0.06818181818181818,0.8,0.9333333333333333,0.6,0.29166666666666663,0.5430038510911425,0.0
20260629_152656_9d451bbc,20260629_152656_9d451bbc_g0038,38,699955127,0,8,8,8,1,1,RED,pool_l45_100ms,0,,"[1, 2]",1,101,1,"{""1"": 101, ""2"": 101, ""3"": 77, ""4"": 78}",True,6.0,-17.0,9.0,0.0,1.0,0.0025,388.0,90.5,366.25,6.0,10.0,28.5,113.0,208.75,1394.0,372.25,2.0,19.0,78.0,1.0,1.0,2.0,6.0,9.0,1.0,1.0,0.0,8.0,8.0,0.1,0.09523809523809523,0.0032,0.0032,0.025,0.11363636363636363,0.8863636363636364,0.15,1.0,1.0,0.19166666666666668,0.20526315789473681,0.0
20260629_152656_9d451bbc,20260629_152656_9d451bbc_g0038,38,699955127,0,8,8,8,1,2,BLUE,pool_peer_500ms,1,,"[1, 2]",1,101,1,"{""1"": 101, ""2"": 101, ""3"": 77, ""4"": 78}",True,9.0,-11.0,9.0,0.0,1.0,0.0025,543.0,122.625,488.75,9.0,15.0,41.25,153.5,270.0,1239.0,497.75,2.0,19.0,78.0,1.0,1.0,2.0,6.0,9.0,1.0,0.0,0.0,8.0,8.0,0.1,0.09523809523809523,0.0032,0.0032,0.025,0.11363636363636363,0.8863636363636364,0.225,1.0,1.0,0.16666666666666669,0.23684210526315785,0.0
20260629_152656_9d451bbc,20260629_152656_9d451bbc_g0038,38,699955127,0,8,8,8,1,3,YELLOW,champ_v3,2,,"[1, 2]",0,77,3,"{""1"": 101, ""2"": 101, ""3"": 77, ""4"": 78}",True,9.0,-11.0,9.0,0.0,1.0,0.0025,543.0,122.625,488.75,9.0,15.0,41.25,153.5,270.0,1239.0,497.75,2.0,19.0,78.0,1.0,1.0,2.0,6.0,9.0,1.0,0.0,0.0,8.0,8.0,0.1,0.09523809523809523,0.0032,0.0032,0.025,0.11363636363636363,0.8863636363636364,0.225,1.0,1.0,0.16666666666666669,0.23684210526315785,0.0
20260629_152656_9d451bbc,20260629_152656_9d451bbc_g0038,38,699955127,0,8,8,8,1,4,GREEN,pool_heuristic,3,,"[1, 2]",0,78,2,"{""1"": 101, ""2"": 101, ""3"": 77, ""4"": 78}",True,5.0,-19.0,9.0,0.0,1.0,0.0025,308.0,74.0,300.25,5.0,8.0,22.5,91.0,173.75,1474.0,305.25,2.0,19.0,78.0,1.0,1.0,2.0,6.0,9.0,0.0,1.0,1.0,8.0,8.0,0.1,0.09523809523809523,0.0032,0.0032,0.025,0.11363636363636363,0.8863636363636364,0.125,1.0,1.0,0.2,0.25263157894736843,0.0
20260629_152656_9d451bbc,20260629_152656_9d451bbc_g0038,38,699955127,1,16,16,16,1,1,RED,pool_l45_100ms,0,,"[1, 2]",1,101,1,"{""1"": 101, ""2"": 101, ""3"": 77, ""4"": 78}",True,10.0,-34.0,7.0,0.0,1.0,0.0025,466.0,110.5,419.375,10.0,17.0,42.0,158.5,191.875,2084.0,429.375,4.0,17.0,68.0,1.0,1.0,2.0,6.0,7.0,1.0,0.0,0.0,16.0,16.0,0.2,0.19047619047619047,0.0064,0.0064,0.05,0.22727272727272727,0.7727272727272727,0.25,1.0,1.0,0.36666666666666664,0.3236842105263158,0.0
20260629_152656_9d451bbc,20260629_152656_9d451bbc_g0038,38,699955127,1,16,16,16,1,2,BLUE,pool_peer_500ms,1,,"[1, 2]",1,101,1,"{""1"": 101, ""2"": 101, ""3"": 77, ""4"": 78}",True,16.0,-22.0,0.0,0.0,1.0,0.0025,847.0,211.625,819.0,16.0,29.0,82.5,306.5,385.0,1703.0,835.0,4.0,17.0,68.0,1.0,1.0,2.0,6.0,7.0,1.0,0.0,0.0,16.0,16.0,0.2,0.19047619047619047,0.0064,0.0064,0.05,0.22727272727272727,0.7727272727272727,0.4,1.0,1.0,0.31666666666666665,0.49473684210526314,0.0
20260629_152656_9d451bbc,20260629_152656_9d451bbc_g0038,38,699955127,1,16,16,16,1,3,YELLOW,champ_v3,2,,"[1, 2]",0,77,3,"{""1"": 101, ""2"": 101, ""3"": 77, ""4"": 78}",True,16.0,-22.0,3.0,2.0,1.0,0.0025,744.0,179.625,680.25,16.0,27.0,72.0,261.5,303.75,1806.0,696.25,4.0,17.0,68.0,1.0,1.0,2.0,6.0,7.0,1.0,0.0,0.0,16.0,16.0,0.2,0.19047619047619047,0.0064,0.0064,0.05,0.22727272727272727,0.7727272727272727,0.4,1.0,1.0,0.31666666666666665,0.4552631578947368,0.0
20260629_152656_9d451bbc,20260629_152656_9d451bbc_g0038,38,699955127,1,16,16,16,1,4,GREEN,pool_heuristic,3,,"[1, 2]",0,78,2,"{""1"": 101, ""2"": 101, ""3"": 77, ""4"": 78}",True,12.0,-30.0,4.0,2.0,1.0,0.0025,493.0,135.75,524.375,11.0,19.0,51.0,191.5,251.875,2057.0,536.375,4.0,17.0,68.0,1.0,1.0,2.0,6.0,7.0,0.0,1.0,1.0,16.0,16.0,0.2,0.19047619047619047,0.0064,0.0064,0.05,0.22727272727272727,0.7727272727272727,0.3,1.0,1.0,0.35,0.4605263157894737,0.0
20260629_152656_9d451bbc,20260629_152656_9d451bbc_g0038,38,699955127,2,24,24,24,1,1,RED,pool_l45_100ms,0,,"[1, 2]",1,101,1,"{""1"": 101, ""2"": 101, ""3"": 77, ""4"": 78}",True,14.0,-46.0,6.0,1.0,7.0,0.0175,241.0,70.125,220.875,14.0,19.0,31.5,97.0,59.375,1278.0,234.875,6.0,15.0,58.0,1.0,1.0,2.0,6.0,5.0,0.0,0.0,0.0,24.0,24.0,0.3,0.2857142857142857,0.0096,0.0096,0.075,0.3409090909090909,0.6590909090909091,0.35,1.0,1.0,0.5,0.4017543859649123,0.0
20260629_152656_9d451bbc,20260629_152656_9d451bbc_g0038,38,699955127,2,24,24,24,1,2,BLUE,pool_peer_500ms,1,,"[1, 2]",1,101,1,"{""1"": 101, ""2"": 101, ""3"": 77, ""4"": 78}",True,21.0,-32.0,0.0,11.0,7.0,0.0175,355.0,103.875,351.125,18.0,20.0,45.75,143.0,124.375,1164.0,372.125,6.0,15.0,58.0,1.0,1.0,2.0,6.0,5.0,0.0,0.0,0.0,24.0,24.0,0.3,0.2857142857142857,0.0096,0.0096,0.075,0.3409090909090909,0.6590909090909091,0.525,1.0,1.0,0.4416666666666667,0.5824561403508772,0.0
20260629_152656_9d451bbc,20260629_152656_9d451bbc_g0038,38,699955127,2,24,24,24,1,3,YELLOW,champ_v3,2,,"[1, 2]",0,77,3,"{""1"": 101, ""2"": 101, ""3"": 77, ""4"": 78}",True,20.0,-34.0,2.0,7.0,7.0,0.0175,536.0,145.5,522.875,17.0,25.0,64.5,224.5,191.875,983.0,542.875,6.0,15.0,58.0,1.0,1.0,2.0,6.0,5.0,1.0,0.0,0.0,24.0,24.0,0.3,0.2857142857142857,0.0096,0.0096,0.075,0.3409090909090909,0.6590909090909091,0.5,1.0,1.0,0.45,0.5280701754385965,0.0
20260629_152656_9d451bbc,20260629_152656_9d451bbc_g0038,38,699955127,2,24,24,24,1,4,GREEN,pool_heuristic,3,,"[1, 2]",0,78,2,"{""1"": 101, ""2"": 101, ""3"": 77, ""4"": 78}",True,19.0,-36.0,1.0,6.0,7.0,0.0175,387.0,115.375,398.625,17.0,24.0,48.75,167.0,141.875,1132.0,417.625,6.0,15.0,58.0,1.0,1.0,2.0,6.0,5.0,0.0,1.0,1.0,24.0,24.0,0.3,0.2857142857142857,0.0096,0.0096,0.075,0.3409090909090909,0.6590909090909091,0.475,1.0,1.0,0.4583333333333333,0.5701754385964912,0.0
20260629_152656_9d451bbc,20260629_152656_9d451bbc_g0038,38,699955127,3,32,32,32,1,1,RED,pool_l45_100ms,0,,"[1, 2]",1,101,1,"{""1"": 101, ""2"": 101, ""3"": 77, ""4"": 78}",True,13.0,-63.0,6.0,4.0,12.0,0.03,53.0,26.125,58.5,11.0,11.0,9.75,20.5,6.25,578.0,71.5,8.0,13.0,48.0,1.0,1.0,2.0,6.0,3.0,0.0,0.0,0.0,32.0,32.0,0.3975,0.38095238095238093,0.0128,0.0128,0.1,0.45454545454545453,0.5454545454545454,0.325,1.0,1.0,0.6333333333333333,0.40921052631578947,0.0
20260629_152656_9d451bbc,20260629_152656_9d451bbc_g0038,38,699955127,3,32,32,32,1,2,BLUE,pool_peer_500ms,1,,"[1, 2]",1,101,1,"{""1"": 101, ""2"": 101, ""3"": 77, ""4"": 78}",True,26.0,-37.0,0.0,19.0,12.0,0.03,148.0,57.125,149.625,20.0,16.0,29.25,50.0,34.375,483.0,175.625,8.0,13.0,49.0,1.0,1.0,2.0,5.0,4.0,0.0,0.0,0.0,32.0,32.0,0.3975,0.38095238095238093,0.0128,0.0128,0.0975,0.4431818181818182,0.5568181818181818,0.65,1.0,1.0,0.525,0.5560053981106612,0.0
20260629_152656_9d451bbc,20260629_152656_9d451bbc_g0038,38,699955127,3,32,32,32,1,3,YELLOW,champ_v3,2,,"[1, 2]",0,77,3,"{""1"": 101, ""2"": 101, ""3"": 77, ""4"": 78}",True,25.0,-39.0,2.0,8.0,12.0,0.03,303.0,100.875,306.625,22.0,26.0,51.75,145.0,61.875,328.0,331.625,8.0,13.0,48.0,1.0,1.0,2.0,6.0,3.0,1.0,0.0,0.0,32.0,32.0,0.3975,0.38095238095238093,0.0128,0.0128,0.1,0.45454545454545453,0.5454545454545454,0.625,1.0,1.0,0.5333333333333333,0.5355263157894737,0.0
20260629_152656_9d451bbc,20260629_152656_9d451bbc_g0038,38,699955127,3,32,32,32,1,4,GREEN,pool_heuristic,3,,"[1, 2]",0,78,2,"{""1"": 101, ""2"": 101, ""3"": 77, ""4"": 78}",True,25.0,-39.0,1.0,11.0,12.0,0.03,127.0,57.25,132.375,23.0,22.0,24.75,49.5,13.125,504.0,157.375,8.0,13.0,48.0,1.0,1.0,2.0,6.0,3.0,0.0,0.0,0.0,32.0,32.0,0.3975,0.38095238095238093,0.0128,0.0128,0.1,0.45454545454545453,0.5454545454545454,0.625,1.0,1.0,0.5333333333333333,0.5434210526315789,0.0
20260629_152656_9d451bbc,20260629_152656_9d451bbc_g0038,38,699955127,4,40,40,40,1,1,RED,pool_l45_100ms,0,,"[1, 2]",1,101,1,"{""1"": 101, ""2"": 101, ""3"": 77, ""4"": 78}",True,13.0,-73.0,6.0,17.0,8.0,0.02,53.0,23.0,50.375,10.0,10.0,6.75,20.5,3.125,430.0,63.375,10.0,11.0,38.0,1.0,1.0,2.0,6.0,1.0,0.0,0.0,0.0,40.0,40.0,0.49,0.47619047619047616,0.016,0.016,0.125,0.5681818181818182,0.4318181818181818,0.325,0.9333333333333333,1.0,0.7166666666666667,0.40421052631578946,0.0
20260629_152656_9d451bbc,20260629_152656_9d451bbc_g0038,38,699955127,4,40,40,40,1,2,BLUE,pool_peer_500ms,1,,"[1, 2]",1,101,1,"{""1"": 101, ""2"": 101, ""3"": 77, ""4"": 78}",True,30.0,-39.0,0.0,27.0,8.0,0.02,164.0,63.75,168.125,21.0,18.0,33.0,70.5,25.625,319.0,198.125,10.0,11.0,39.0,1.0,1.0,2.0,5.0,2.0,0.0,0.0,0.0,40.0,40.0,0.49,0.47619047619047616,0.016,0.016,0.1225,0.5568181818181818,0.4431818181818182,0.75,1.0,1.0,0.575,0.5542427497314715,0.0
20260629_152656_9d451bbc,20260629_152656_9d451bbc_g0038,38,699955127,4,40,40,40,1,3,YELLOW,champ_v3,2,,"[1, 2]",0,77,3,"{""1"": 101, ""2"": 101, ""3"": 77, ""4"": 78}",True,30.0,-39.0,2.0,19.0,8.0,0.02,208.0,79.25,218.375,24.0,22.0,45.0,75.5,51.875,275.0,248.375,10.0,11.0,40.0,1.0,1.0,2.0,4.0,3.0,1.0,0.0,0.0,40.0,40.0,0.49,0.47619047619047616,0.016,0.016,0.12,0.5454545454545454,0.45454545454545453,0.75,1.0,1.0,0.575,0.4912280701754387,0.0
20260629_152656_9d451bbc,20260629_152656_9d451bbc_g0038,38,699955127,4,40,40,40,1,4,GREEN,pool_heuristic,3,,"[1, 2]",0,78,2,"{""1"": 101, ""2"": 101, ""3"": 77, ""4"": 78}",True,26.0,-47.0,1.0,29.0,8.0,0.02,58.0,34.25,60.75,20.0,13.0,12.0,12.0,3.75,425.0,86.75,10.0,11.0,39.0,1.0,1.0,2.0,5.0,2.0,0.0,0.0,0.0,40.0,40.0,0.49,0.47619047619047616,0.016,0.016,0.1225,0.5568181818181818,0.4431818181818182,0.65,1.0,1.0,0.6083333333333333,0.5467239527389904,0.0
20260629_152656_9d451bbc,20260629_152656_9d451bbc_g0038,38,699955127,5,48,48,48,1,1,RED,pool_l45_100ms,0,,"[1, 2]",1,101,1,"{""1"": 101, ""2"": 101, ""3"": 77, ""4"": 78}",True,14.0,-72.0,4.0,31.0,16.0,0.04,35.0,19.375,38.0,10.0,7.0,7.5,13.5,0.0,160.0,52.0,12.0,9.0,29.0,1.0,1.0,2.0,5.0,0.0,0.0,0.0,0.0,48.0,48.0,0.5825,0.5714285714285714,0.0192,0.0192,0.1475,0.6704545454545454,0.32954545454545453,0.35,0.7666666666666667,0.8,0.7166666666666667,0.4272970561998216,0.0
20260629_152656_9d451bbc,20260629_152656_9d451bbc_g0038,38,699955127,5,48,48,48,1,2,BLUE,pool_peer_500ms,1,,"[1, 2]",1,101,1,"{""1"": 101, ""2"": 101, ""3"": 77, ""4"": 78}",True,31.0,-38.0,0.0,33.0,16.0,0.04,73.0,38.375,71.375,21.0,14.0,17.25,16.0,3.125,122.0,102.375,12.0,9.0,30.0,1.0,1.0,2.0,4.0,1.0,0.0,0.0,0.0,48.0,48.0,0.5825,0.5714285714285714,0.0192,0.0192,0.145,0.6590909090909091,0.3409090909090909,0.775,1.0,1.0,0.575,0.5390199637023594,0.0
20260629_152656_9d451bbc,20260629_152656_9d451bbc_g0038,38,699955127,5,48,48,48,1,3,YELLOW,champ_v3,2,,"[1, 2]",0,77,3,"{""1"": 101, ""2"": 101, ""3"": 77, ""4"": 78}",True,28.0,-44.0,2.0,26.0,16.0,0.04,58.0,33.875,60.625,20.0,10.0,15.75,13.0,1.875,137.0,88.625,12.0,9.0,30.0,1.0,1.0,2.0,4.0,1.0,0.0,0.0,0.0,48.0,48.0,0.5825,0.5714285714285714,0.0192,0.0192,0.145,0.6590909090909091,0.3409090909090909,0.7,1.0,1.0,0.6,0.4782214156079855,0.0
20260629_152656_9d451bbc,20260629_152656_9d451bbc_g0038,38,699955127,5,48,48,48,1,4,GREEN,pool_heuristic,3,,"[1, 2]",0,78,2,"{""1"": 101, ""2"": 101, ""3"": 77, ""4"": 78}",True,27.0,-46.0,1.0,41.0,16.0,0.04,29.0,23.625,29.0,19.0,8.0,1.5,0.5,0.0,166.0,56.0,12.0,9.0,30.0,1.0,1.0,2.0,4.0,1.0,0.0,0.0,0.0,48.0,48.0,0.5825,0.5714285714285714,0.0192,0.0192,0.145,0.6590909090909091,0.3409090909090909,0.675,1.0,1.0,0.6083333333333333,0.5235934664246824,0.0
20260629_152656_9d451bbc,20260629_152656_9d451bbc_g0038,38,699955127,6,56,56,56,1,1,RED,pool_l45_100ms,0,,"[1, 2]",1,101,1,"{""1"": 101, ""2"": 101, ""3"": 77, ""4"": 78}",True,14.0,-66.0,2.0,44.0,18.0,0.045,25.0,15.25,27.75,9.0,4.0,6.75,8.0,0.0,55.0,41.75,14.0,7.0,21.0,1.0,1.0,2.0,3.0,0.0,0.0,0.0,0.0,56.0,56.0,0.6575,0.6666666666666666,0.0224,0.0224,0.1675,0.7613636363636364,0.23863636363636365,0.35,0.7166666666666667,0.8,0.6666666666666667,0.4406912804399057,0.0
20260629_152656_9d451bbc,20260629_152656_9d451bbc_g0038,38,699955127,6,56,56,56,1,2,BLUE,pool_peer_500ms,1,,"[1, 2]",1,101,1,"{""1"": 101, ""2"": 101, ""3"": 77, ""4"": 78}",True,29.0,-36.0,0.0,46.0,18.0,0.045,26.0,19.75,25.75,15.0,7.0,3.75,0.0,0.0,54.0,54.75,14.0,7.0,22.0,1.0,1.0,2.0,2.0,1.0,0.0,0.0,0.0,56.0,56.0,0.6575,0.6666666666666666,0.0224,0.0224,0.165,0.75,0.25,0.725,0.9666666666666667,1.0,0.5416666666666667,0.5318979266347688,0.0
20260629_152656_9d451bbc,20260629_152656_9d451bbc_g0038,38,699955127,6,56,56,56,1,3,YELLOW,champ_v3,2,,"[1, 2]",0,77,3,"{""1"": 101, ""2"": 101, ""3"": 77, ""4"": 78}",True,24.0,-46.0,2.0,30.0,18.0,0.045,8.0,3.75,8.75,0.0,5.0,3.75,0.0,0.0,72.0,32.75,14.0,7.0,24.0,0.0,1.0,2.0,4.0,0.0,0.0,0.0,0.0,56.0,56.0,0.6575,0.6666666666666666,0.0224,0.0224,0.16,0.7272727272727273,0.2727272727272727,0.6,1.0,0.8,0.5833333333333333,0.47121710526315785,0.0
20260629_152656_9d451bbc,20260629_152656_9d451bbc_g0038,38,699955127,6,56,56,56,1,4,GREEN,pool_heuristic,3,,"[1, 2]",0,78,2,"{""1"": 101, ""2"": 101, ""3"": 77, ""4"": 78}",True,27.0,-40.0,1.0,51.0,18.0,0.045,21.0,18.5,21.0,16.0,5.0,0.0,0.0,0.0,59.0,48.0,14.0,7.0,22.0,1.0,1.0,2.0,2.0,1.0,0.0,0.0,0.0,56.0,56.0,0.6575,0.6666666666666666,0.0224,0.0224,0.165,0.75,0.25,0.675,0.7833333333333333,1.0,0.5583333333333333,0.5199362041467305,0.0
20260629_152656_9d451bbc,20260629_152656_9d451bbc_g0038,38,699955127,7,64,64,64,1,1,RED,pool_l45_100ms,0,,"[1, 2]",1,101,1,"{""1"": 101, ""2"": 101, ""3"": 77, ""4"": 78}",True,16.0,-64.0,0.0,55.0,19.0,0.0475,18.0,13.25,17.75,10.0,4.0,3.75,0.0,0.0,22.0,33.75,16.0,5.0,13.0,1.0,1.0,2.0,1.0,0.0,0.0,0.0,0.0,64.0,64.0,0.7125,0.7619047619047619,0.0256,0.0256,0.1875,0.8522727272727273,0.14772727272727273,0.4,0.5833333333333334,0.8,0.6666666666666667,0.45403508771929824,0.0
20260629_152656_9d451bbc,20260629_152656_9d451bbc_g0038,38,699955127,7,64,64,64,1,2,BLUE,pool_peer_500ms,1,,"[1, 2]",1,101,1,"{""1"": 101, ""2"": 101, ""3"": 77, ""4"": 78}",True,31.0,-34.0,0.0,57.0,19.0,0.0475,21.0,16.875,20.875,15.0,0.0,5.25,0.0,0.625,19.0,51.875,16.0,5.0,16.0,1.0,0.0,2.0,1.0,1.0,0.0,0.0,0.0,64.0,64.0,0.7125,0.7619047619047619,0.0256,0.0256,0.18,0.8181818181818182,0.18181818181818182,0.775,0.9166666666666666,1.0,0.5416666666666667,0.5321637426900585,0.0
20260629_152656_9d451bbc,20260629_152656_9d451bbc_g0038,38,699955127,7,64,64,64,1,3,YELLOW,champ_v3,2,,"[1, 2]",0,77,3,"{""1"": 101, ""2"": 101, ""3"": 77, ""4"": 78}",True,22.0,-52.0,2.0,42.0,19.0,0.0475,1.0,0.25,0.75,0.0,0.0,0.75,0.0,0.0,39.0,22.75,16.0,5.0,19.0,0.0,0.0,1.0,4.0,0.0,0.0,0.0,0.0,64.0,64.0,0.7125,0.7619047619047619,0.0256,0.0256,0.1725,0.7840909090909091,0.2159090909090909,0.55,0.8333333333333334,0.8,0.6166666666666667,0.448512585812357,0.0
20260629_152656_9d451bbc,20260629_152656_9d451bbc_g0038,38,699955127,7,64,64,64,1,4,GREEN,pool_heuristic,3,,"[1, 2]",0,78,2,"{""1"": 101, ""2"": 101, ""3"": 77, ""4"": 78}",True,27.0,-42.0,1.0,60.0,19.0,0.0475,0.0,0.0,0.0,0.0,0.0,0.0,0.0,0.0,40.0,27.0,16.0,5.0,19.0,0.0,0.0,2.0,2.0,1.0,0.0,0.0,0.0,64.0,64.0,0.7125,0.7619047619047619,0.0256,0.0256,0.1725,0.7840909090909091,0.2159090909090909,0.675,0.5,1.0,0.575,0.5125858123569794,0.0
20260629_152656_9d451bbc,20260629_152656_9d451bbc_g0039,39,1326338211,0,8,8,8,1,1,RED,pool_peer_500ms,0,1.0,[1],1,100,1,"{""1"": 100, ""2"": 85, ""3"": 84, ""4"": 85}",False,9.0,-12.0,9.0,0.0,0.0,0.0,543.0,122.625,488.75,9.0,15.0,41.25,153.5,270.0,1277.0,497.75,2.0,19.0,78.0,1.0,1.0,2.0,6.0,9.0,1.0,0.0,0.0,8.0,8.0,0.1,0.09523809523809523,0.0032,0.0032,0.025,0.11363636363636363,0.8863636363636364,0.225,1.0,1.0,0.175,0.23684210526315785,0.0
20260629_152656_9d451bbc,20260629_152656_9d451bbc_g0039,39,1326338211,0,8,8,8,1,2,BLUE,champ_v3,1,1.0,[1],0,85,2,"{""1"": 100, ""2"": 85, ""3"": 84, ""4"": 85}",False,9.0,-12.0,9.0,0.0,0.0,0.0,543.0,122.625,488.75,9.0,15.0,41.25,153.5,270.0,1277.0,497.75,2.0,19.0,78.0,1.0,1.0,2.0,6.0,9.0,1.0,0.0,0.0,8.0,8.0,0.1,0.09523809523809523,0.0032,0.0032,0.025,0.11363636363636363,0.8863636363636364,0.225,1.0,1.0,0.175,0.23684210526315785,0.0
20260629_152656_9d451bbc,20260629_152656_9d451bbc_g0039,39,1326338211,0,8,8,8,1,3,YELLOW,pool_heuristic,2,1.0,[1],0,84,3,"{""1"": 100, ""2"": 85, ""3"": 84, ""4"": 85}",False,5.0,-20.0,9.0,0.0,0.0,0.0,290.0,70.625,284.0,5.0,8.0,22.5,88.5,160.0,1530.0,289.0,2.0,19.0,78.0,1.0,1.0,2.0,6.0,9.0,1.0,1.0,1.0,8.0,8.0,0.1,0.09523809523809523,0.0032,0.0032,0.025,0.11363636363636363,0.8863636363636364,0.125,1.0,1.0,0.20833333333333334,0.2315789473684211,0.0
20260629_152656_9d451bbc,20260629_152656_9d451bbc_g0039,39,1326338211,0,8,8,8,1,4,GREEN,pool_l45_100ms,3,1.0,[1],0,85,2,"{""1"": 100, ""2"": 85, ""3"": 84, ""4"": 85}",False,7.0,-16.0,9.0,0.0,0.0,0.0,444.0,103.25,415.125,7.0,12.0,33.75,130.5,231.875,1376.0,422.125,2.0,19.0,78.0,1.0,1.0,2.0,6.0,9.0,1.0,1.0,0.0,8.0,8.0,0.1,0.09523809523809523,0.0032,0.0032,0.025,0.11363636363636363,0.8863636363636364,0.175,1.0,1.0,0.19166666666666668,0.20526315789473681,0.0
20260629_152656_9d451bbc,20260629_152656_9d451bbc_g0039,39,1326338211,1,16,16,16,1,1,RED,pool_peer_500ms,0,1.0,[1],1,100,1,"{""1"": 100, ""2"": 85, ""3"": 84, ""4"": 85}",False,16.0,-18.0,0.0,0.0,4.0,0.01,817.0,204.375,788.875,16.0,28.0,79.5,296.0,369.375,1507.0,804.875,4.0,17.0,68.0,1.0,1.0,2.0,6.0,7.0,1.0,0.0,0.0,16.0,16.0,0.2,0.19047619047619047,0.0064,0.0064,0.05,0.22727272727272727,0.7727272727272727,0.4,1.0,1.0,0.2833333333333333,0.49473684210526314,0.0
20260629_152656_9d451bbc,20260629_152656_9d451bbc_g0039,39,1326338211,1,16,16,16,1,2,BLUE,champ_v3,1,1.0,[1],0,85,2,"{""1"": 100, ""2"": 85, ""3"": 84, ""4"": 85}",False,14.0,-22.0,4.0,2.0,4.0,0.01,617.0,151.375,571.125,14.0,23.0,63.0,213.0,258.125,1707.0,585.125,4.0,17.0,68.0,1.0,1.0,2.0,6.0,7.0,0.0,0.0,0.0,16.0,16.0,0.2,0.19047619047619047,0.0064,0.0064,0.05,0.22727272727272727,0.7727272727272727,0.35,1.0,1.0,0.3,0.4447368421052631,0.0
20260629_152656_9d451bbc,20260629_152656_9d451bbc_g0039,39,1326338211,1,16,16,16,1,3,YELLOW,pool_heuristic,2,1.0,[1],0,84,3,"{""1"": 100, ""2"": 85, ""3"": 84, ""4"": 85}",False,10.0,-30.0,3.0,3.0,4.0,0.01,365.0,99.125,386.125,8.0,13.0,35.25,138.0,191.875,1959.0,396.125,4.0,17.0,68.0,1.0,1.0,2.0,6.0,7.0,1.0,1.0,1.0,16.0,16.0,0.2,0.19047619047619047,0.0064,0.0064,0.05,0.22727272727272727,0.7727272727272727,0.25,1.0,1.0,0.33333333333333337,0.43947368421052635,0.0
20260629_152656_9d451bbc,20260629_152656_9d451bbc_g0039,39,1326338211,1,16,16,16,1,4,GREEN,pool_l45_100ms,3,1.0,[1],0,85,2,"{""1"": 100, ""2"": 85, ""3"": 84, ""4"": 85}",False,10.0,-30.0,7.0,0.0,4.0,0.01,525.0,121.875,470.625,10.0,17.0,45.0,173.0,225.625,1799.0,480.625,4.0,17.0,68.0,1.0,1.0,2.0,6.0,7.0,1.0,0.0,0.0,16.0,16.0,0.2,0.19047619047619047,0.0064,0.0064,0.05,0.22727272727272727,0.7727272727272727,0.25,1.0,1.0,0.33333333333333337,0.3131578947368421,0.0
20260629_152656_9d451bbc,20260629_152656_9d451bbc_g0039,39,1326338211,2,24,24,24,1,1,RED,pool_peer_500ms,0,1.0,[1],1,100,1,"{""1"": 100, ""2"": 85, ""3"": 84, ""4"": 85}",False,22.0,-22.0,0.0,7.0,7.0,0.0175,380.0,118.0,400.25,18.0,26.0,58.5,159.0,138.75,1004.0,422.25,6.0,15.0,58.0,1.0,1.0,2.0,6.0,5.0,1.0,0.0,0.0,24.0,24.0,0.2975,0.2857142857142857,0.0096,0.0096,0.075,0.3409090909090909,0.6590909090909091,0.55,1.0,1.0,0.36666666666666664,0.5877192982456141,0.0
20260629_152656_9d451bbc,20260629_152656_9d451bbc_g0039,39,1326338211,2,24,24,24,1,2,BLUE,champ_v3,1,1.0,[1],0,85,2,"{""1"": 100, ""2"": 85, ""3"": 84, ""4"": 85}",False,17.0,-32.0,2.0,5.0,7.0,0.0175,556.0,144.25,523.625,17.0,26.0,68.25,180.5,231.875,828.0,540.625,6.0,15.0,59.0,1.0,1.0,2.0,5.0,6.0,0.0,0.0,0.0,24.0,24.0,0.2975,0.2857142857142857,0.0096,0.0096,0.0725,0.32954545454545453,0.6704545454545454,0.425,1.0,1.0,0.4083333333333333,0.5390199637023594,0.0
20260629_152656_9d451bbc,20260629_152656_9d451bbc_g0039,39,1326338211,2,24,24,24,1,3,YELLOW,pool_heuristic,2,1.0,[1],0,84,3,"{""1"": 100, ""2"": 85, ""3"": 84, ""4"": 85}",False,15.0,-36.0,3.0,5.0,7.0,0.0175,238.0,73.875,258.0,11.0,15.0,30.75,97.5,103.75,1146.0,273.0,6.0,15.0,58.0,1.0,1.0,2.0,6.0,5.0,1.0,1.0,1.0,24.0,24.0,0.2975,0.2857142857142857,0.0096,0.0096,0.075,0.3409090909090909,0.6590909090909091,0.375,1.0,1.0,0.425,0.49473684210526314,0.0
20260629_152656_9d451bbc,20260629_152656_9d451bbc_g0039,39,1326338211,2,24,24,24,1,4,GREEN,pool_l45_100ms,3,1.0,[1],0,85,2,"{""1"": 100, ""2"": 85, ""3"": 84, ""4"": 85}",False,12.0,-42.0,3.0,4.0,7.0,0.0175,210.0,53.875,182.75,9.0,10.0,23.25,80.5,60.0,1174.0,194.75,6.0,15.0,58.0,1.0,1.0,2.0,6.0,5.0,0.0,0.0,0.0,24.0,24.0,0.2975,0.2857142857142857,0.0096,0.0096,0.075,0.3409090909090909,0.6590909090909091,0.3,1.0,1.0,0.45,0.4175438596491228,0.0
20260629_152656_9d451bbc,20260629_152656_9d451bbc_g0039,39,1326338211,3,32,32,32,1,1,RED,pool_peer_500ms,0,1.0,[1],1,100,1,"{""1"": 100, ""2"": 85, ""3"": 84, ""4"": 85}",False,25.0,-28.0,0.0,15.0,10.0,0.025,135.0,54.0,134.125,20.0,19.0,27.0,37.5,30.625,331.0,159.125,8.0,13.0,49.0,1.0,1.0,2.0,5.0,4.0,0.0,0.0,0.0,32.0,32.0,0.395,0.38095238095238093,0.0128,0.0128,0.0975,0.4431818181818182,0.5568181818181818,0.625,1.0,1.0,0.4416666666666667,0.6140350877192983,0.0
20260629_152656_9d451bbc,20260629_152656_9d451bbc_g0039,39,1326338211,3,32,32,32,1,2,BLUE,champ_v3,1,1.0,[1],0,85,2,"{""1"": 100, ""2"": 85, ""3"": 84, ""4"": 85}",False,22.0,-34.0,2.0,10.0,10.0,0.025,188.0,68.75,190.5,19.0,22.0,37.5,77.0,35.0,278.0,212.5,8.0,13.0,49.0,1.0,1.0,2.0,5.0,4.0,0.0,0.0,0.0,32.0,32.0,0.395,0.38095238095238093,0.0128,0.0128,0.0975,0.4431818181818182,0.5568181818181818,0.55,1.0,1.0,0.4666666666666667,0.5303643724696356,0.0
20260629_152656_9d451bbc,20260629_152656_9d451bbc_g0039,39,1326338211,3,32,32,32,1,3,YELLOW,pool_heuristic,2,1.0,[1],0,84,3,"{""1"": 100, ""2"": 85, ""3"": 84, ""4"": 85}",False,17.0,-44.0,3.0,6.0,10.0,0.025,93.0,38.375,99.0,13.0,12.0,18.0,43.5,12.5,373.0,116.0,8.0,13.0,48.0,1.0,1.0,2.0,6.0,3.0,1.0,1.0,1.0,32.0,32.0,0.395,0.38095238095238093,0.0128,0.0128,0.1,0.45454545454545453,0.5454545454545454,0.425,1.0,1.0,0.5083333333333333,0.4776315789473684,0.0
20260629_152656_9d451bbc,20260629_152656_9d451bbc_g0039,39,1326338211,3,32,32,32,1,4,GREEN,pool_l45_100ms,3,1.0,[1],0,85,2,"{""1"": 100, ""2"": 85, ""3"": 84, ""4"": 85}",False,14.0,-50.0,3.0,10.0,10.0,0.025,50.0,23.25,48.875,11.0,9.0,9.0,15.5,4.375,416.0,62.875,8.0,13.0,48.0,1.0,1.0,2.0,6.0,3.0,0.0,0.0,0.0,32.0,32.0,0.395,0.38095238095238093,0.0128,0.0128,0.1,0.45454545454545453,0.5454545454545454,0.35,1.0,1.0,0.5333333333333333,0.4421052631578948,0.0
20260629_152656_9d451bbc,20260629_152656_9d451bbc_g0039,39,1326338211,4,40,40,40,1,1,RED,pool_peer_500ms,0,1.0,[1],1,100,1,"{""1"": 100, ""2"": 85, ""3"": 84, ""4"": 85}",False,29.0,-28.0,0.0,27.0,18.0,0.045,111.0,50.375,113.75,21.0,18.0,25.5,40.5,8.75,209.0,142.75,10.0,11.0,39.0,1.0,1.0,2.0,5.0,2.0,0.0,0.0,0.0,40.0,40.0,0.485,0.47619047619047616,0.016,0.016,0.1225,0.5568181818181818,0.4431818181818182,0.725,1.0,1.0,0.475,0.6058002148227712,0.0
20260629_152656_9d451bbc,20260629_152656_9d451bbc_g0039,39,1326338211,4,40,40,40,1,2,BLUE,champ_v3,1,1.0,[1],0,85,2,"{""1"": 100, ""2"": 85, ""3"": 84, ""4"": 85}",False,25.0,-36.0,2.0,27.0,18.0,0.045,105.0,45.875,115.75,17.0,17.0,12.0,48.5,21.25,215.0,140.75,10.0,11.0,41.0,1.0,1.0,1.0,5.0,3.0,0.0,0.0,0.0,40.0,40.0,0.485,0.47619047619047616,0.016,0.016,0.1175,0.5340909090909091,0.4659090909090909,0.625,1.0,1.0,0.5083333333333333,0.5352743561030235,0.0
20260629_152656_9d451bbc,20260629_152656_9d451bbc_g0039,39,1326338211,4,40,40,40,1,3,YELLOW,pool_heuristic,2,1.0,[1],0,84,3,"{""1"": 100, ""2"": 85, ""3"": 84, ""4"": 85}",False,20.0,-46.0,3.0,15.0,18.0,0.045,62.0,32.75,67.75,15.0,14.0,15.75,18.0,5.0,258.0,87.75,10.0,11.0,39.0,1.0,1.0,2.0,5.0,2.0,1.0,1.0,0.0,40.0,40.0,0.485,0.47619047619047616,0.016,0.016,0.1225,0.5568181818181818,0.4431818181818182,0.5,1.0,1.0,0.55,0.4543501611170784,0.0
20260629_152656_9d451bbc,20260629_152656_9d451bbc_g0039,39,1326338211,4,40,40,40,1,4,GREEN,pool_l45_100ms,3,1.0,[1],0,85,2,"{""1"": 100, ""2"": 85, ""3"": 84, ""4"": 85}",False,12.0,-62.0,3.0,13.0,18.0,0.045,42.0,19.875,42.375,9.0,7.0,9.75,16.0,0.625,278.0,54.375,10.0,11.0,39.0,1.0,1.0,2.0,5.0,2.0,0.0,0.0,0.0,40.0,40.0,0.485,0.47619047619047616,0.016,0.016,0.1225,0.5568181818181818,0.4431818181818182,0.3,1.0,1.0,0.6166666666666667,0.4296455424274973,0.0
20260629_152656_9d451bbc,20260629_152656_9d451bbc_g0039,39,1326338211,5,48,48,48,1,1,RED,pool_peer_500ms,0,1.0,[1],1,100,1,"{""1"": 100, ""2"": 85, ""3"": 84, ""4"": 85}",False,32.0,-24.0,0.0,37.0,34.0,0.085,66.0,38.5,73.5,20.0,15.0,18.0,18.0,2.5,101.0,105.5,12.0,9.0,30.0,1.0,1.0,2.0,4.0,1.0,0.0,0.0,0.0,48.0,48.0,0.5725,0.5714285714285714,0.0192,0.0192,0.145,0.6590909090909091,0.3409090909090909,0.8,1.0,1.0,0.4666666666666667,0.603448275862069,0.0
20260629_152656_9d451bbc,20260629_152656_9d451bbc_g0039,39,1326338211,5,48,48,48,1,2,BLUE,champ_v3,1,1.0,[1],0,85,2,"{""1"": 100, ""2"": 85, ""3"": 84, ""4"": 85}",False,23.0,-42.0,2.0,38.0,34.0,0.085,40.0,22.375,43.5,12.0,8.0,7.5,13.5,2.5,127.0,66.5,12.0,9.0,31.0,1.0,1.0,1.0,5.0,1.0,0.0,0.0,0.0,48.0,48.0,0.5725,0.5714285714285714,0.0192,0.0192,0.1425,0.6477272727272727,0.3522727272727273,0.575,1.0,1.0,0.5416666666666667,0.4792243767313019,0.0
20260629_152656_9d451bbc,20260629_152656_9d451bbc_g0039,39,1326338211,5,48,48,48,1,3,YELLOW,pool_heuristic,2,1.0,[1],0,84,3,"{""1"": 100, ""2"": 85, ""3"": 84, ""4"": 85}",False,20.0,-48.0,3.0,25.0,34.0,0.085,27.0,18.25,28.0,12.0,8.0,3.0,5.0,0.0,140.0,48.0,12.0,9.0,32.0,1.0,1.0,1.0,4.0,2.0,1.0,1.0,0.0,48.0,48.0,0.5725,0.5714285714285714,0.0192,0.0192,0.14,0.6363636363636364,0.36363636363636365,0.5,1.0,1.0,0.5666666666666667,0.42951127819548873,0.0
20260629_152656_9d451bbc,20260629_152656_9d451bbc_g0039,39,1326338211,5,48,48,48,1,4,GREEN,pool_l45_100ms,3,1.0,[1],0,85,2,"{""1"": 100, ""2"": 85, ""3"": 84, ""4"": 85}",False,13.0,-62.0,3.0,21.0,34.0,0.085,34.0,17.75,32.5,10.0,6.0,7.5,9.0,0.0,133.0,45.5,12.0,9.0,30.0,1.0,1.0,2.0,4.0,1.0,0.0,0.0,0.0,48.0,48.0,0.5725,0.5714285714285714,0.0192,0.0192,0.145,0.6590909090909091,0.3409090909090909,0.325,1.0,1.0,0.625,0.42196007259528134,0.0
20260629_152656_9d451bbc,20260629_152656_9d451bbc_g0039,39,1326338211,6,56,56,56,1,1,RED,pool_peer_500ms,0,1.0,[1],1,100,1,"{""1"": 100, ""2"": 85, ""3"": 84, ""4"": 85}",False,34.0,-23.0,0.0,47.0,38.0,0.095,45.0,30.25,49.25,19.0,10.0,14.25,6.0,0.0,56.0,83.25,14.0,7.0,21.0,1.0,1.0,2.0,3.0,0.0,0.0,0.0,0.0,56.0,56.0,0.66,0.6666666666666666,0.0224,0.0224,0.1675,0.7613636363636364,0.23863636363636365,0.85,1.0,0.8,0.475,0.579732914375491,0.0
20260629_152656_9d451bbc,20260629_152656_9d451bbc_g0039,39,1326338211,6,56,56,56,1,2,BLUE,champ_v3,1,1.0,[1],0,85,2,"{""1"": 100, ""2"": 85, ""3"": 84, ""4"": 85}",False,24.0,-43.0,2.0,48.0,38.0,0.095,24.0,18.5,26.5,13.0,7.0,4.5,2.0,0.0,77.0,50.5,14.0,7.0,22.0,1.0,1.0,1.0,4.0,0.0,0.0,0.0,0.0,56.0,56.0,0.66,0.6666666666666666,0.0224,0.0224,0.165,0.75,0.25,0.6,0.6166666666666667,0.8,0.5583333333333333,0.48086124401913877,0.0
20260629_152656_9d451bbc,20260629_152656_9d451bbc_g0039,39,1326338211,6,56,56,56,1,3,YELLOW,pool_heuristic,2,1.0,[1],0,84,3,"{""1"": 100, ""2"": 85, ""3"": 84, ""4"": 85}",False,21.0,-49.0,3.0,39.0,38.0,0.095,18.0,14.25,19.0,11.0,5.0,0.0,3.0,0.0,83.0,40.0,14.0,7.0,24.0,1.0,1.0,0.0,4.0,1.0,0.0,1.0,0.0,56.0,56.0,0.66,0.6666666666666666,0.0224,0.0224,0.16,0.7272727272727273,0.2727272727272727,0.525,1.0,1.0,0.5833333333333333,0.4161184210526315,0.0
20260629_152656_9d451bbc,20260629_152656_9d451bbc_g0039,39,1326338211,6,56,56,56,1,4,GREEN,pool_l45_100ms,3,1.0,[1],0,85,2,"{""1"": 100, ""2"": 85, ""3"": 84, ""4"": 85}",False,12.0,-67.0,3.0,44.0,38.0,0.095,14.0,8.25,15.0,5.0,2.0,3.0,5.0,0.0,87.0,27.0,14.0,7.0,21.0,1.0,1.0,2.0,3.0,0.0,0.0,0.0,0.0,56.0,56.0,0.66,0.6666666666666666,0.0224,0.0224,0.1675,0.7613636363636364,0.23863636363636365,0.3,0.6,0.8,0.6583333333333333,0.42812254516889237,0.0
20260629_152656_9d451bbc,20260629_152656_9d451bbc_g0039,39,1326338211,7,64,64,64,1,1,RED,pool_peer_500ms,0,1.0,[1],1,100,1,"{""1"": 100, ""2"": 85, ""3"": 84, ""4"": 85}",False,32.0,-20.0,0.0,59.0,41.0,0.1025,17.0,15.5,17.0,14.0,3.0,0.0,0.0,0.0,21.0,49.0,16.0,5.0,14.0,1.0,1.0,1.0,2.0,0.0,0.0,0.0,0.0,64.0,64.0,0.7175,0.7619047619047619,0.0256,0.0256,0.185,0.8409090909090909,0.1590909090909091,0.8,0.7166666666666667,0.8,0.4333333333333333,0.5825035561877667,0.0
20260629_152656_9d451bbc,20260629_152656_9d451bbc_g0039,39,1326338211,7,64,64,64,1,2,BLUE,champ_v3,1,1.0,[1],0,85,2,"{""1"": 100, ""2"": 85, ""3"": 84, ""4"": 85}",False,23.0,-38.0,2.0,53.0,41.0,0.1025,9.0,4.0,11.0,0.0,5.0,0.0,6.0,0.0,29.0,34.0,16.0,5.0,18.0,0.0,1.0,0.0,4.0,0.0,0.0,0.0,0.0,64.0,64.0,0.7175,0.7619047619047619,0.0256,0.0256,0.175,0.7954545454545454,0.20454545454545456,0.575,0.5666666666666667,0.8,0.5083333333333333,0.4699248120300752,0.0
20260629_152656_9d451bbc,20260629_152656_9d451bbc_g0039,39,1326338211,7,64,64,64,1,3,YELLOW,pool_heuristic,2,1.0,[1],0,84,3,"{""1"": 100, ""2"": 85, ""3"": 84, ""4"": 85}",False,19.0,-46.0,3.0,50.0,41.0,0.1025,9.0,8.5,10.0,8.0,0.0,0.0,2.0,0.0,29.0,29.0,16.0,5.0,18.0,1.0,0.0,0.0,3.0,1.0,0.0,1.0,0.0,64.0,64.0,0.7175,0.7619047619047619,0.0256,0.0256,0.175,0.7954545454545454,0.20454545454545456,0.475,0.6666666666666666,1.0,0.5416666666666667,0.4150375939849624,0.0
20260629_152656_9d451bbc,20260629_152656_9d451bbc_g0039,39,1326338211,7,64,64,64,1,4,GREEN,pool_l45_100ms,3,1.0,[1],0,85,2,"{""1"": 100, ""2"": 85, ""3"": 84, ""4"": 85}",False,10.0,-64.0,1.0,49.0,41.0,0.1025,3.0,3.0,3.0,3.0,0.0,0.0,0.0,0.0,35.0,13.0,16.0,5.0,15.0,1.0,0.0,2.0,2.0,0.0,0.0,0.0,0.0,64.0,64.0,0.7175,0.7619047619047619,0.0256,0.0256,0.1825,0.8295454545454546,0.17045454545454544,0.25,0.3333333333333333,0.8,0.6166666666666667,0.4527757750540736,0.0
20260629_152656_9d451bbc,20260629_152656_9d451bbc_g0040,40,972049700,0,8,8,8,1,1,RED,champ_v3,0,4.0,[4],0,96,2,"{""1"": 96, ""2"": 90, ""3"": 68, ""4"": 97}",False,9.0,-14.0,9.0,0.0,0.0,0.0,543.0,122.625,488.75,9.0,15.0,41.25,153.5,270.0,1414.0,497.75,2.0,19.0,78.0,1.0,1.0,2.0,6.0,9.0,1.0,0.0,0.0,8.0,8.0,0.1,0.09523809523809523,0.0032,0.0032,0.025,0.11363636363636363,0.8863636363636364,0.225,1.0,1.0,0.19166666666666668,0.23684210526315785,0.0
20260629_152656_9d451bbc,20260629_152656_9d451bbc_g0040,40,972049700,0,8,8,8,1,2,BLUE,pool_heuristic,1,4.0,[4],0,90,3,"{""1"": 96, ""2"": 90, ""3"": 68, ""4"": 97}",False,7.0,-18.0,8.0,0.0,0.0,0.0,507.0,121.5,495.875,7.0,13.0,38.25,154.5,283.125,1450.0,502.875,2.0,19.0,78.0,1.0,1.0,2.0,6.0,9.0,1.0,0.0,1.0,8.0,8.0,0.1,0.09523809523809523,0.0032,0.0032,0.025,0.11363636363636363,0.8863636363636364,0.175,1.0,1.0,0.20833333333333334,0.26315789473684215,0.0
20260629_152656_9d451bbc,20260629_152656_9d451bbc_g0040,40,972049700,0,8,8,8,1,3,YELLOW,pool_l45_100ms,2,4.0,[4],0,68,4,"{""1"": 96, ""2"": 90, ""3"": 68, ""4"": 97}",False,7.0,-18.0,9.0,0.0,0.0,0.0,364.0,86.0,341.875,7.0,10.0,27.0,108.5,189.375,1593.0,348.875,2.0,19.0,78.0,1.0,1.0,2.0,6.0,9.0,1.0,1.0,0.0,8.0,8.0,0.1,0.09523809523809523,0.0032,0.0032,0.025,0.11363636363636363,0.8863636363636364,0.175,1.0,1.0,0.20833333333333334,0.17368421052631577,0.0
20260629_152656_9d451bbc,20260629_152656_9d451bbc_g0040,40,972049700,0,8,8,8,1,4,GREEN,pool_peer_500ms,3,4.0,[4],1,97,1,"{""1"": 96, ""2"": 90, ""3"": 68, ""4"": 97}",False,9.0,-14.0,9.0,0.0,0.0,0.0,543.0,122.625,488.75,9.0,15.0,41.25,153.5,270.0,1414.0,497.75,2.0,19.0,78.0,1.0,1.0,2.0,6.0,9.0,1.0,0.0,0.0,8.0,8.0,0.1,0.09523809523809523,0.0032,0.0032,0.025,0.11363636363636363,0.8863636363636364,0.225,1.0,1.0,0.19166666666666668,0.23684210526315785,0.0
20260629_152656_9d451bbc,20260629_152656_9d451bbc_g0040,40,972049700,1,16,16,16,1,1,RED,champ_v3,0,4.0,[4],0,96,2,"{""1"": 96, ""2"": 90, ""3"": 68, ""4"": 97}",False,16.0,-25.0,0.0,2.0,0.0,0.0,704.0,176.75,678.875,15.0,25.0,67.5,249.5,321.875,1631.0,694.875,4.0,17.0,68.0,1.0,1.0,2.0,6.0,7.0,1.0,0.0,0.0,16.0,16.0,0.2,0.19047619047619047,0.0064,0.0064,0.05,0.22727272727272727,0.7727272727272727,0.4,1.0,1.0,0.3416666666666667,0.49473684210526314,0.0
20260629_152656_9d451bbc,20260629_152656_9d451bbc_g0040,40,972049700,1,16,16,16,1,2,BLUE,pool_heuristic,1,4.0,[4],0,90,3,"{""1"": 96, ""2"": 90, ""3"": 68, ""4"": 97}",False,15.0,-27.0,1.0,2.0,0.0,0.0,641.0,177.0,685.75,14.0,25.0,65.25,249.0,332.5,1694.0,700.75,4.0,17.0,68.0,1.0,1.0,2.0,6.0,7.0,1.0,0.0,1.0,16.0,16.0,0.2,0.19047619047619047,0.0064,0.0064,0.05,0.22727272727272727,0.7727272727272727,0.375,1.0,1.0,0.35,0.5263157894736843,0.0
20260629_152656_9d451bbc,20260629_152656_9d451bbc_g0040,40,972049700,1,16,16,16,1,3,YELLOW,pool_l45_100ms,2,4.0,[4],0,68,4,"{""1"": 96, ""2"": 90, ""3"": 68, ""4"": 97}",False,11.0,-35.0,5.0,0.0,0.0,0.0,330.0,82.0,299.625,11.0,13.0,29.25,109.5,136.875,2005.0,310.625,4.0,17.0,68.0,1.0,1.0,2.0,6.0,7.0,1.0,0.0,0.0,16.0,16.0,0.2,0.19047619047619047,0.0064,0.0064,0.05,0.22727272727272727,0.7727272727272727,0.275,1.0,1.0,0.38333333333333336,0.3526315789473684,0.0
20260629_152656_9d451bbc,20260629_152656_9d451bbc_g0040,40,972049700,1,16,16,16,1,4,GREEN,pool_peer_500ms,3,4.0,[4],1,97,1,"{""1"": 96, ""2"": 90, ""3"": 68, ""4"": 97}",False,15.0,-27.0,0.0,3.0,0.0,0.0,660.0,167.375,638.75,15.0,24.0,65.25,234.5,300.0,1675.0,653.75,4.0,17.0,68.0,1.0,1.0,2.0,6.0,7.0,1.0,0.0,0.0,16.0,16.0,0.2,0.19047619047619047,0.0064,0.0064,0.05,0.22727272727272727,0.7727272727272727,0.375,1.0,1.0,0.35,0.49473684210526314,0.0
20260629_152656_9d451bbc,20260629_152656_9d451bbc_g0040,40,972049700,2,24,24,24,1,1,RED,champ_v3,0,4.0,[4],0,96,2,"{""1"": 96, ""2"": 90, ""3"": 68, ""4"": 97}",False,21.0,-29.0,0.0,7.0,0.0,0.0,514.0,144.0,508.5,19.0,27.0,63.75,210.0,188.75,1003.0,529.5,6.0,15.0,58.0,1.0,1.0,2.0,6.0,5.0,1.0,0.0,0.0,24.0,24.0,0.3,0.2857142857142857,0.0096,0.0096,0.075,0.3409090909090909,0.6590909090909091,0.525,1.0,1.0,0.4166666666666667,0.5789473684210527,0.0
20260629_152656_9d451bbc,20260629_152656_9d451bbc_g0040,40,972049700,2,24,24,24,1,2,BLUE,pool_heuristic,1,4.0,[4],0,90,3,"{""1"": 96, ""2"": 90, ""3"": 68, ""4"": 97}",False,19.0,-33.0,1.0,6.0,0.0,0.0,421.0,118.875,426.125,15.0,20.0,51.75,175.0,164.375,1096.0,445.125,6.0,15.0,58.0,1.0,1.0,2.0,6.0,5.0,1.0,0.0,1.0,24.0,24.0,0.3,0.2857142857142857,0.0096,0.0096,0.075,0.3409090909090909,0.6590909090909091,0.475,1.0,1.0,0.4333333333333333,0.5385964912280701,0.0
20260629_152656_9d451bbc,20260629_152656_9d451bbc_g0040,40,972049700,2,24,24,24,1,3,YELLOW,pool_l45_100ms,2,4.0,[4],0,68,4,"{""1"": 96, ""2"": 90, ""3"": 68, ""4"": 97}",False,13.0,-45.0,5.0,1.0,0.0,0.0,193.0,56.625,178.625,13.0,12.0,24.0,74.0,55.625,1324.0,191.625,6.0,15.0,58.0,1.0,1.0,2.0,6.0,5.0,0.0,0.0,0.0,24.0,24.0,0.3,0.2857142857142857,0.0096,0.0096,0.075,0.3409090909090909,0.6590909090909091,0.325,1.0,1.0,0.4833333333333333,0.4035087719298245,0.0
20260629_152656_9d451bbc,20260629_152656_9d451bbc_g0040,40,972049700,2,24,24,24,1,4,GREEN,pool_peer_500ms,3,4.0,[4],1,97,1,"{""1"": 96, ""2"": 90, ""3"": 68, ""4"": 97}",False,18.0,-35.0,0.0,11.0,0.0,0.0,389.0,114.75,383.875,17.0,26.0,57.0,179.5,104.375,1128.0,401.875,6.0,15.0,58.0,1.0,1.0,2.0,6.0,5.0,1.0,0.0,0.0,24.0,24.0,0.3,0.2857142857142857,0.0096,0.0096,0.075,0.3409090909090909,0.6590909090909091,0.45,1.0,1.0,0.4416666666666667,0.5614035087719298,0.0
20260629_152656_9d451bbc,20260629_152656_9d451bbc_g0040,40,972049700,3,32,32,32,1,1,RED,champ_v3,0,4.0,[4],0,96,2,"{""1"": 96, ""2"": 90, ""3"": 68, ""4"": 97}",False,26.0,-33.0,0.0,17.0,1.0,0.0025,296.0,106.125,331.25,21.0,27.0,53.25,157.5,72.5,358.0,357.25,8.0,13.0,48.0,1.0,1.0,2.0,6.0,3.0,1.0,0.0,0.0,32.0,32.0,0.3975,0.38095238095238093,0.0128,0.0128,0.1,0.45454545454545453,0.5454545454545454,0.65,1.0,1.0,0.4916666666666667,0.5842105263157895,0.0
20260629_152656_9d451bbc,20260629_152656_9d451bbc_g0040,40,972049700,3,32,32,32,1,2,BLUE,pool_heuristic,1,4.0,[4],0,90,3,"{""1"": 96, ""2"": 90, ""3"": 68, ""4"": 97}",False,22.0,-41.0,1.0,8.0,1.0,0.0025,87.0,40.5,94.5,17.0,13.0,18.0,34.0,12.5,567.0,116.5,8.0,13.0,48.0,1.0,1.0,2.0,6.0,3.0,1.0,0.0,1.0,32.0,32.0,0.3975,0.38095238095238093,0.0128,0.0128,0.1,0.45454545454545453,0.5454545454545454,0.55,1.0,1.0,0.525,0.5026315789473685,0.0
20260629_152656_9d451bbc,20260629_152656_9d451bbc_g0040,40,972049700,3,32,32,32,1,3,YELLOW,pool_l45_100ms,2,4.0,[4],0,68,4,"{""1"": 96, ""2"": 90, ""3"": 68, ""4"": 97}",False,15.0,-55.0,5.0,7.0,1.0,0.0025,74.0,32.5,75.0,15.0,8.0,12.75,28.0,11.25,580.0,90.0,8.0,13.0,48.0,1.0,1.0,2.0,6.0,3.0,0.0,0.0,0.0,32.0,32.0,0.3975,0.38095238095238093,0.0128,0.0128,0.1,0.45454545454545453,0.5454545454545454,0.375,1.0,1.0,0.5833333333333333,0.4263157894736842,0.0
20260629_152656_9d451bbc,20260629_152656_9d451bbc_g0040,40,972049700,3,32,32,32,1,4,GREEN,pool_peer_500ms,3,4.0,[4],1,97,1,"{""1"": 96, ""2"": 90, ""3"": 68, ""4"": 97}",False,22.0,-41.0,0.0,23.0,1.0,0.0025,197.0,68.0,198.25,17.0,19.0,36.75,83.0,42.5,457.0,220.25,8.0,13.0,49.0,1.0,1.0,2.0,5.0,4.0,1.0,0.0,0.0,32.0,32.0,0.3975,0.38095238095238093,0.0128,0.0128,0.0975,0.4431818181818182,0.5568181818181818,0.55,1.0,1.0,0.525,0.5681511470985156,0.0
20260629_152656_9d451bbc,20260629_152656_9d451bbc_g0040,40,972049700,4,40,40,40,1,1,RED,champ_v3,0,4.0,[4],0,96,2,"{""1"": 96, ""2"": 90, ""3"": 68, ""4"": 97}",False,28.0,-40.0,0.0,27.0,2.0,0.005,92.0,44.875,108.25,19.0,15.0,10.5,42.5,21.25,251.0,136.25,10.0,11.0,41.0,1.0,1.0,1.0,5.0,3.0,1.0,0.0,0.0,40.0,40.0,0.4875,0.47619047619047616,0.016,0.016,0.1175,0.5340909090909091,0.4659090909090909,0.7,1.0,1.0,0.5666666666666667,0.5991041433370661,0.0
20260629_152656_9d451bbc,20260629_152656_9d451bbc_g0040,40,972049700,4,40,40,40,1,2,BLUE,pool_heuristic,1,4.0,[4],0,90,3,"{""1"": 96, ""2"": 90, ""3"": 68, ""4"": 97}",False,25.0,-46.0,1.0,22.0,2.0,0.005,56.0,31.0,57.75,17.0,11.0,12.75,17.0,0.0,287.0,82.75,10.0,11.0,38.0,1.0,1.0,2.0,6.0,1.0,1.0,0.0,0.0,40.0,40.0,0.4875,0.47619047619047616,0.016,0.016,0.125,0.5681818181818182,0.4318181818181818,0.625,1.0,1.0,0.5916666666666667,0.4926315789473684,0.0
20260629_152656_9d451bbc,20260629_152656_9d451bbc_g0040,40,972049700,4,40,40,40,1,3,YELLOW,pool_l45_100ms,2,4.0,[4],0,68,4,"{""1"": 96, ""2"": 90, ""3"": 68, ""4"": 97}",False,17.0,-62.0,5.0,11.0,2.0,0.005,36.0,22.75,34.75,16.0,6.0,6.75,6.0,0.0,307.0,51.75,10.0,11.0,38.0,1.0,1.0,2.0,6.0,1.0,0.0,0.0,0.0,40.0,40.0,0.4875,0.47619047619047616,0.016,0.016,0.125,0.5681818181818182,0.4318181818181818,0.425,1.0,1.0,0.6583333333333333,0.4431578947368421,0.0
20260629_152656_9d451bbc,20260629_152656_9d451bbc_g0040,40,972049700,4,40,40,40,1,4,GREEN,pool_peer_500ms,3,4.0,[4],1,97,1,"{""1"": 96, ""2"": 90, ""3"": 68, ""4"": 97}",False,26.0,-44.0,0.0,32.0,2.0,0.005,159.0,64.25,165.0,21.0,22.0,36.75,59.0,26.25,184.0,191.0,10.0,11.0,40.0,1.0,1.0,2.0,4.0,3.0,1.0,0.0,0.0,40.0,40.0,0.4875,0.47619047619047616,0.016,0.016,0.12,0.5454545454545454,0.45454545454545453,0.65,1.0,1.0,0.5833333333333333,0.5921052631578947,0.0
20260629_152656_9d451bbc,20260629_152656_9d451bbc_g0040,40,972049700,5,48,48,48,1,1,RED,champ_v3,0,4.0,[4],0,96,2,"{""1"": 96, ""2"": 90, ""3"": 68, ""4"": 97}",False,27.0,-39.0,0.0,39.0,22.0,0.055,55.0,27.75,63.0,16.0,0.0,7.5,27.0,12.5,128.0,90.0,12.0,9.0,35.0,1.0,0.0,1.0,4.0,3.0,1.0,0.0,0.0,48.0,48.0,0.565,0.5714285714285714,0.0192,0.0192,0.1325,0.6022727272727273,0.3977272727272727,0.675,1.0,1.0,0.55,0.5938430983118173,0.0
20260629_152656_9d451bbc,20260629_152656_9d451bbc_g0040,40,972049700,5,48,48,48,1,2,BLUE,pool_heuristic,1,4.0,[4],0,90,3,"{""1"": 96, ""2"": 90, ""3"": 68, ""4"": 97}",False,27.0,-39.0,1.0,32.0,22.0,0.055,38.0,26.0,39.0,18.0,8.0,9.0,4.0,0.0,145.0,66.0,12.0,9.0,30.0,1.0,1.0,2.0,4.0,1.0,1.0,0.0,0.0,48.0,48.0,0.565,0.5714285714285714,0.0192,0.0192,0.145,0.6590909090909091,0.3409090909090909,0.675,1.0,1.0,0.55,0.45644283121597096,0.0
20260629_152656_9d451bbc,20260629_152656_9d451bbc_g0040,40,972049700,5,48,48,48,1,3,YELLOW,pool_l45_100ms,2,4.0,[4],0,68,4,"{""1"": 96, ""2"": 90, ""3"": 68, ""4"": 97}",False,13.0,-67.0,5.0,14.0,22.0,0.055,24.0,16.0,24.25,12.0,2.0,5.25,5.0,0.0,159.0,37.25,12.0,9.0,30.0,1.0,1.0,2.0,4.0,1.0,0.0,0.0,0.0,48.0,48.0,0.565,0.5714285714285714,0.0192,0.0192,0.145,0.6590909090909091,0.3409090909090909,0.325,0.8166666666666667,1.0,0.6666666666666667,0.43284936479128855,0.0
20260629_152656_9d451bbc,20260629_152656_9d451bbc_g0040,40,972049700,5,48,48,48,1,4,GREEN,pool_peer_500ms,3,4.0,[4],1,97,1,"{""1"": 96, ""2"": 90, ""3"": 68, ""4"": 97}",False,26.0,-41.0,0.0,40.0,22.0,0.055,66.0,36.625,64.5,21.0,15.0,15.0,8.5,5.0,117.0,90.5,12.0,9.0,31.0,1.0,1.0,2.0,3.0,2.0,0.0,0.0,0.0,48.0,48.0,0.565,0.5714285714285714,0.0192,0.0192,0.1425,0.6477272727272727,0.3522727272727273,0.65,1.0,1.0,0.5583333333333333,0.5817174515235457,0.0
20260629_152656_9d451bbc,20260629_152656_9d451bbc_g0040,40,972049700,6,56,56,56,1,1,RED,champ_v3,0,4.0,[4],0,96,2,"{""1"": 96, ""2"": 90, ""3"": 68, ""4"": 97}",False,21.0,-39.0,0.0,44.0,27.0,0.0675,34.0,18.0,35.25,12.0,0.0,3.0,19.0,1.25,58.0,56.25,14.0,7.0,25.0,1.0,0.0,1.0,4.0,1.0,0.0,0.0,0.0,56.0,56.0,0.6475,0.6666666666666666,0.0224,0.0224,0.1575,0.7159090909090909,0.2840909090909091,0.525,0.9333333333333333,1.0,0.5,0.556390977443609,0.0
20260629_152656_9d451bbc,20260629_152656_9d451bbc_g0040,40,972049700,6,56,56,56,1,2,BLUE,pool_heuristic,1,4.0,[4],0,90,3,"{""1"": 96, ""2"": 90, ""3"": 68, ""4"": 97}",False,28.0,-25.0,1.0,41.0,27.0,0.0675,27.0,21.0,29.5,16.0,5.0,4.5,4.0,0.0,65.0,57.5,14.0,7.0,22.0,1.0,1.0,2.0,2.0,1.0,1.0,0.0,0.0,56.0,56.0,0.6475,0.6666666666666666,0.0224,0.0224,0.165,0.75,0.25,0.7,1.0,1.0,0.4416666666666667,0.46012759170653905,0.0
20260629_152656_9d451bbc,20260629_152656_9d451bbc_g0040,40,972049700,6,56,56,56,1,3,YELLOW,pool_l45_100ms,2,4.0,[4],0,68,4,"{""1"": 96, ""2"": 90, ""3"": 68, ""4"": 97}",False,11.0,-59.0,3.0,33.0,27.0,0.0675,0.0,0.0,0.0,0.0,0.0,0.0,0.0,0.0,92.0,11.0,14.0,7.0,25.0,0.0,1.0,2.0,3.0,1.0,0.0,0.0,0.0,56.0,56.0,0.6475,0.6666666666666666,0.0224,0.0224,0.1575,0.7159090909090909,0.2840909090909091,0.275,0.4166666666666667,1.0,0.5833333333333333,0.429406850459482,0.0
20260629_152656_9d451bbc,20260629_152656_9d451bbc_g0040,40,972049700,6,56,56,56,1,4,GREEN,pool_peer_500ms,3,4.0,[4],1,97,1,"{""1"": 96, ""2"": 90, ""3"": 68, ""4"": 97}",False,21.0,-39.0,0.0,50.0,27.0,0.0675,31.0,21.875,29.75,16.0,8.0,5.25,0.5,0.0,61.0,50.75,14.0,7.0,21.0,1.0,1.0,2.0,3.0,0.0,0.0,0.0,0.0,56.0,56.0,0.6475,0.6666666666666666,0.0224,0.0224,0.1675,0.7613636363636364,0.23863636363636365,0.525,0.5833333333333334,0.8,0.5,0.5498821681068342,0.0
20260629_152656_9d451bbc,20260629_152656_9d451bbc_g0040,40,972049700,7,64,64,66,3,1,RED,champ_v3,0,4.0,[4],0,96,2,"{""1"": 96, ""2"": 90, ""3"": 68, ""4"": 97}",False,21.0,-35.0,0.0,56.0,29.0,0.0725,14.0,12.25,13.0,12.0,0.0,0.0,1.0,0.0,23.0,34.0,17.0,4.0,12.0,1.0,0.0,1.0,2.0,0.0,0.0,0.0,0.0,64.0,66.0,0.7175,0.8095238095238095,0.0264,0.0256,0.19,0.8636363636363636,0.13636363636363635,0.525,0.65,0.8,0.4666666666666667,0.5048476454293629,0.0
20260629_152656_9d451bbc,20260629_152656_9d451bbc_g0040,40,972049700,7,64,64,66,3,2,BLUE,pool_heuristic,1,4.0,[4],0,90,3,"{""1"": 96, ""2"": 90, ""3"": 68, ""4"": 97}",False,26.0,-25.0,1.0,56.0,29.0,0.0725,4.0,2.0,4.5,0.0,3.0,1.5,0.0,0.0,33.0,30.5,17.0,4.0,14.0,0.0,1.0,1.0,1.0,1.0,1.0,0.0,0.0,64.0,66.0,0.7175,0.8095238095238095,0.0264,0.0256,0.185,0.8409090909090909,0.1590909090909091,0.65,0.8,1.0,0.425,0.465149359886202,0.0
20260629_152656_9d451bbc,20260629_152656_9d451bbc_g0040,40,972049700,7,64,64,66,3,3,YELLOW,pool_l45_100ms,2,4.0,[4],0,68,4,"{""1"": 96, ""2"": 90, ""3"": 68, ""4"": 97}",False,11.0,-55.0,3.0,41.0,29.0,0.0725,0.0,0.0,0.0,0.0,0.0,0.0,0.0,0.0,37.0,11.0,14.0,7.0,25.0,0.0,1.0,2.0,3.0,1.0,0.0,0.0,0.0,64.0,66.0,0.7175,0.6666666666666666,0.0264,0.0256,0.1575,0.7159090909090909,0.2840909090909091,0.275,0.2833333333333333,1.0,0.55,0.429406850459482,0.0
20260629_152656_9d451bbc,20260629_152656_9d451bbc_g0040,40,972049700,7,64,64,66,3,4,GREEN,pool_peer_500ms,3,4.0,[4],1,97,1,"{""1"": 96, ""2"": 90, ""3"": 68, ""4"": 97}",False,19.0,-39.0,0.0,60.0,29.0,0.0725,19.0,14.75,18.25,12.0,4.0,2.25,0.0,0.0,18.0,37.25,16.0,5.0,14.0,1.0,1.0,1.0,2.0,0.0,0.0,0.0,0.0,64.0,66.0,0.7175,0.7619047619047619,0.0264,0.0256,0.185,0.8409090909090909,0.1590909090909091,0.475,0.5,0.8,0.4833333333333333,0.5547652916073968,0.0
20260629_152656_9d451bbc,20260629_152656_9d451bbc_g0041,41,1820120923,0,8,8,8,1,1,RED,pool_heuristic,0,4.0,[4],0,66,4,"{""1"": 66, ""2"": 77, ""3"": 98, ""4"": 100}",False,9.0,-14.0,9.0,0.0,3.0,0.0075,578.0,141.875,572.875,9.0,16.0,46.5,182.0,319.375,1413.0,581.875,2.0,19.0,78.0,1.0,1.0,2.0,6.0,9.0,1.0,0.0,1.0,8.0,8.0,0.1,0.09523809523809523,0.0032,0.0032,0.025,0.11363636363636363,0.8863636363636364,0.225,1.0,1.0,0.19166666666666668,0.2578947368421053,0.0
20260629_152656_9d451bbc,20260629_152656_9d451bbc_g0041,41,1820120923,0,8,8,8,1,2,BLUE,pool_l45_100ms,1,4.0,[4],0,77,3,"{""1"": 66, ""2"": 77, ""3"": 98, ""4"": 100}",False,5.0,-22.0,9.0,0.0,3.0,0.0075,327.0,76.25,309.5,5.0,8.0,24.0,95.0,177.5,1664.0,314.5,2.0,19.0,78.0,1.0,1.0,2.0,6.0,9.0,1.0,1.0,0.0,8.0,8.0,0.1,0.09523809523809523,0.0032,0.0032,0.025,0.11363636363636363,0.8863636363636364,0.125,1.0,1.0,0.225,0.15263157894736834,0.0
20260629_152656_9d451bbc,20260629_152656_9d451bbc_g0041,41,1820120923,0,8,8,8,1,3,YELLOW,pool_peer_500ms,2,4.0,[4],0,98,2,"{""1"": 66, ""2"": 77, ""3"": 98, ""4"": 100}",False,9.0,-14.0,9.0,0.0,3.0,0.0075,543.0,122.625,488.75,9.0,15.0,41.25,153.5,270.0,1448.0,497.75,2.0,19.0,78.0,1.0,1.0,2.0,6.0,9.0,1.0,0.0,0.0,8.0,8.0,0.1,0.09523809523809523,0.0032,0.0032,0.025,0.11363636363636363,0.8863636363636364,0.225,1.0,1.0,0.19166666666666668,0.23684210526315785,0.0
20260629_152656_9d451bbc,20260629_152656_9d451bbc_g0041,41,1820120923,0,8,8,8,1,4,GREEN,champ_v3,3,4.0,[4],1,100,1,"{""1"": 66, ""2"": 77, ""3"": 98, ""4"": 100}",False,9.0,-14.0,9.0,0.0,3.0,0.0075,543.0,122.625,488.75,9.0,15.0,41.25,153.5,270.0,1448.0,497.75,2.0,19.0,78.0,1.0,1.0,2.0,6.0,9.0,1.0,0.0,0.0,8.0,8.0,0.1,0.09523809523809523,0.0032,0.0032,0.025,0.11363636363636363,0.8863636363636364,0.225,1.0,1.0,0.19166666666666668,0.23684210526315785,0.0
20260629_152656_9d451bbc,20260629_152656_9d451bbc_g0041,41,1820120923,1,16,16,16,1,1,RED,pool_heuristic,0,4.0,[4],0,66,4,"{""1"": 66, ""2"": 77, ""3"": 98, ""4"": 100}",False,14.0,-26.0,4.0,3.0,3.0,0.0075,577.0,152.75,586.375,13.0,21.0,58.5,219.5,274.375,1836.0,600.375,4.0,17.0,68.0,1.0,1.0,2.0,6.0,7.0,1.0,0.0,1.0,16.0,16.0,0.2,0.19047619047619047,0.0064,0.0064,0.05,0.22727272727272727,0.7727272727272727,0.35,1.0,1.0,0.33333333333333337,0.45000000000000007,0.0
20260629_152656_9d451bbc,20260629_152656_9d451bbc_g0041,41,1820120923,1,16,16,16,1,2,BLUE,pool_l45_100ms,1,4.0,[4],0,77,3,"{""1"": 66, ""2"": 77, ""3"": 98, ""4"": 100}",False,9.0,-36.0,6.0,0.0,3.0,0.0075,528.0,122.375,477.5,9.0,16.0,45.0,177.5,230.0,1885.0,486.5,4.0,17.0,68.0,1.0,1.0,2.0,6.0,7.0,1.0,0.0,0.0,16.0,16.0,0.2,0.19047619047619047,0.0064,0.0064,0.05,0.22727272727272727,0.7727272727272727,0.225,1.0,1.0,0.375,0.3263157894736842,0.0
20260629_152656_9d451bbc,20260629_152656_9d451bbc_g0041,41,1820120923,1,16,16,16,1,3,YELLOW,pool_peer_500ms,2,4.0,[4],0,98,2,"{""1"": 66, ""2"": 77, ""3"": 98, ""4"": 100}",False,16.0,-22.0,0.0,0.0,3.0,0.0075,878.0,217.75,847.625,16.0,29.0,83.25,312.5,406.875,1535.0,863.625,4.0,17.0,68.0,1.0,1.0,2.0,6.0,7.0,1.0,0.0,0.0,16.0,16.0,0.2,0.19047619047619047,0.0064,0.0064,0.05,0.22727272727272727,0.7727272727272727,0.4,1.0,1.0,0.31666666666666665,0.49473684210526314,0.0
20260629_152656_9d451bbc,20260629_152656_9d451bbc_g0041,41,1820120923,1,16,16,16,1,4,GREEN,champ_v3,3,4.0,[4],1,100,1,"{""1"": 66, ""2"": 77, ""3"": 98, ""4"": 100}",False,15.0,-24.0,5.0,3.0,3.0,0.0075,430.0,116.625,420.25,15.0,20.0,49.5,159.5,176.25,1983.0,435.25,4.0,17.0,68.0,1.0,1.0,2.0,6.0,7.0,1.0,0.0,0.0,16.0,16.0,0.2,0.19047619047619047,0.0064,0.0064,0.05,0.22727272727272727,0.7727272727272727,0.375,1.0,1.0,0.325,0.39473684210526316,0.0
20260629_152656_9d451bbc,20260629_152656_9d451bbc_g0041,41,1820120923,2,24,24,24,1,1,RED,pool_heuristic,0,4.0,[4],0,66,4,"{""1"": 66, ""2"": 77, ""3"": 98, ""4"": 100}",False,18.0,-31.0,1.0,8.0,3.0,0.0075,426.0,122.5,439.375,15.0,21.0,53.25,184.5,165.625,1058.0,457.375,6.0,15.0,58.0,1.0,1.0,2.0,6.0,5.0,1.0,0.0,1.0,24.0,24.0,0.3,0.2857142857142857,0.0096,0.0096,0.075,0.3409090909090909,0.6590909090909091,0.45,1.0,1.0,0.4083333333333333,0.5368421052631578,0.0
20260629_152656_9d451bbc,20260629_152656_9d451bbc_g0041,41,1820120923,2,24,24,24,1,2,BLUE,pool_l45_100ms,1,4.0,[4],0,77,3,"{""1"": 66, ""2"": 77, ""3"": 98, ""4"": 100}",False,12.0,-43.0,6.0,1.0,3.0,0.0075,221.0,61.0,201.625,11.0,14.0,26.25,83.5,66.875,1263.0,213.625,6.0,15.0,58.0,1.0,1.0,2.0,6.0,5.0,0.0,0.0,0.0,24.0,24.0,0.3,0.2857142857142857,0.0096,0.0096,0.075,0.3409090909090909,0.6590909090909091,0.3,1.0,1.0,0.4583333333333333,0.38596491228070173,0.0
20260629_152656_9d451bbc,20260629_152656_9d451bbc_g0041,41,1820120923,2,24,24,24,1,3,YELLOW,pool_peer_500ms,2,4.0,[4],0,98,2,"{""1"": 66, ""2"": 77, ""3"": 98, ""4"": 100}",False,19.0,-29.0,0.0,12.0,3.0,0.0075,507.0,139.625,503.75,16.0,25.0,60.0,211.5,191.25,977.0,522.75,6.0,15.0,58.0,1.0,1.0,2.0,6.0,5.0,0.0,0.0,0.0,24.0,24.0,0.3,0.2857142857142857,0.0096,0.0096,0.075,0.3409090909090909,0.6590909090909091,0.475,1.0,1.0,0.4,0.5947368421052632,0.0
20260629_152656_9d451bbc,20260629_152656_9d451bbc_g0041,41,1820120923,2,24,24,24,1,4,GREEN,champ_v3,3,4.0,[4],1,100,1,"{""1"": 66, ""2"": 77, ""3"": 98, ""4"": 100}",False,18.0,-31.0,0.0,9.0,3.0,0.0075,330.0,99.875,329.25,18.0,22.0,47.25,134.5,107.5,1154.0,347.25,6.0,15.0,58.0,1.0,1.0,2.0,6.0,5.0,1.0,0.0,0.0,24.0,24.0,0.3,0.2857142857142857,0.0096,0.0096,0.075,0.3409090909090909,0.6590909090909091,0.45,1.0,1.0,0.4083333333333333,0.5473684210526316,0.0
20260629_152656_9d451bbc,20260629_152656_9d451bbc_g0041,41,1820120923,3,32,32,32,1,1,RED,pool_heuristic,0,4.0,[4],0,66,4,"{""1"": 66, ""2"": 77, ""3"": 98, ""4"": 100}",False,17.0,-39.0,1.0,8.0,4.0,0.01,91.0,38.875,94.125,14.0,13.0,21.75,41.0,4.375,718.0,111.125,8.0,13.0,48.0,1.0,1.0,2.0,6.0,3.0,0.0,0.0,1.0,32.0,32.0,0.4,0.38095238095238093,0.0128,0.0128,0.1,0.45454545454545453,0.5454545454545454,0.425,1.0,1.0,0.4666666666666667,0.513157894736842,0.0
20260629_152656_9d451bbc,20260629_152656_9d451bbc_g0041,41,1820120923,3,32,32,32,1,2,BLUE,pool_l45_100ms,1,4.0,[4],0,77,3,"{""1"": 66, ""2"": 77, ""3"": 98, ""4"": 100}",False,12.0,-49.0,3.0,6.0,4.0,0.01,94.0,33.875,93.25,10.0,9.0,16.5,46.5,11.25,715.0,105.25,8.0,13.0,48.0,1.0,1.0,2.0,6.0,3.0,0.0,0.0,0.0,32.0,32.0,0.4,0.38095238095238093,0.0128,0.0128,0.1,0.45454545454545453,0.5454545454545454,0.3,1.0,1.0,0.5083333333333333,0.43947368421052635,0.0
20260629_152656_9d451bbc,20260629_152656_9d451bbc_g0041,41,1820120923,3,32,32,32,1,3,YELLOW,pool_peer_500ms,2,4.0,[4],0,98,2,"{""1"": 66, ""2"": 77, ""3"": 98, ""4"": 100}",False,22.0,-29.0,0.0,23.0,4.0,0.01,333.0,103.875,340.125,16.0,23.0,54.0,179.0,68.125,476.0,362.125,8.0,13.0,48.0,1.0,1.0,2.0,6.0,3.0,0.0,0.0,0.0,32.0,32.0,0.4,0.38095238095238093,0.0128,0.0128,0.1,0.45454545454545453,0.5454545454545454,0.55,1.0,1.0,0.425,0.6144736842105263,0.0
20260629_152656_9d451bbc,20260629_152656_9d451bbc_g0041,41,1820120923,3,32,32,32,1,4,GREEN,champ_v3,3,4.0,[4],1,100,1,"{""1"": 66, ""2"": 77, ""3"": 98, ""4"": 100}",False,22.0,-29.0,0.0,22.0,4.0,0.01,291.0,98.125,301.25,20.0,25.0,53.25,145.5,57.5,518.0,323.25,8.0,13.0,48.0,1.0,1.0,2.0,6.0,3.0,0.0,0.0,0.0,32.0,32.0,0.4,0.38095238095238093,0.0128,0.0128,0.1,0.45454545454545453,0.5454545454545454,0.55,1.0,1.0,0.425,0.581578947368421,0.0
20260629_152656_9d451bbc,20260629_152656_9d451bbc_g0041,41,1820120923,4,40,40,40,1,1,RED,pool_heuristic,0,4.0,[4],0,66,4,"{""1"": 66, ""2"": 77, ""3"": 98, ""4"": 100}",False,12.0,-53.0,1.0,11.0,14.0,0.035,12.0,9.0,12.0,7.0,2.0,3.0,0.0,0.0,350.0,24.0,10.0,11.0,40.0,1.0,1.0,2.0,4.0,3.0,0.0,0.0,1.0,40.0,40.0,0.4925,0.47619047619047616,0.016,0.016,0.12,0.5454545454545454,0.45454545454545453,0.3,1.0,1.0,0.5416666666666667,0.4923245614035088,0.0
20260629_152656_9d451bbc,20260629_152656_9d451bbc_g0041,41,1820120923,4,40,40,40,1,2,BLUE,pool_l45_100ms,1,4.0,[4],0,77,3,"{""1"": 66, ""2"": 77, ""3"": 98, ""4"": 100}",False,14.0,-49.0,3.0,10.0,14.0,0.035,70.0,30.5,71.25,12.0,10.0,14.25,35.0,0.0,292.0,85.25,10.0,11.0,38.0,1.0,1.0,2.0,6.0,1.0,0.0,0.0,0.0,40.0,40.0,0.4925,0.47619047619047616,0.016,0.016,0.125,0.5681818181818182,0.4318181818181818,0.35,1.0,1.0,0.525,0.4463157894736842,0.0
20260629_152656_9d451bbc,20260629_152656_9d451bbc_g0041,41,1820120923,4,40,40,40,1,3,YELLOW,pool_peer_500ms,2,4.0,[4],0,98,2,"{""1"": 66, ""2"": 77, ""3"": 98, ""4"": 100}",False,24.0,-29.0,0.0,34.0,14.0,0.035,141.0,55.0,144.25,16.0,18.0,32.25,73.0,5.0,221.0,168.25,10.0,11.0,38.0,1.0,1.0,2.0,6.0,1.0,0.0,0.0,0.0,40.0,40.0,0.4925,0.47619047619047616,0.016,0.016,0.125,0.5681818181818182,0.4318181818181818,0.6,1.0,1.0,0.4416666666666667,0.5957894736842105,0.0
20260629_152656_9d451bbc,20260629_152656_9d451bbc_g0041,41,1820120923,4,40,40,40,1,4,GREEN,champ_v3,3,4.0,[4],1,100,1,"{""1"": 66, ""2"": 77, ""3"": 98, ""4"": 100}",False,27.0,-23.0,0.0,31.0,14.0,0.035,139.0,61.875,154.5,21.0,21.0,36.0,61.5,15.0,223.0,181.5,10.0,11.0,39.0,1.0,1.0,2.0,5.0,2.0,0.0,0.0,0.0,40.0,40.0,0.4925,0.47619047619047616,0.016,0.016,0.1225,0.5568181818181818,0.4431818181818182,0.675,1.0,1.0,0.4166666666666667,0.5767991407089152,0.0
20260629_152656_9d451bbc,20260629_152656_9d451bbc_g0041,41,1820120923,5,48,48,48,1,1,RED,pool_heuristic,0,4.0,[4],0,66,4,"{""1"": 66, ""2"": 77, ""3"": 98, ""4"": 100}",False,10.0,-53.0,1.0,18.0,40.0,0.1,17.0,6.125,23.125,0.0,2.0,3.0,10.0,8.125,192.0,33.125,12.0,9.0,36.0,0.0,1.0,1.0,4.0,3.0,0.0,0.0,1.0,48.0,48.0,0.5625,0.5714285714285714,0.0192,0.0192,0.13,0.5909090909090909,0.4090909090909091,0.25,1.0,1.0,0.525,0.47773279352226716,0.0
20260629_152656_9d451bbc,20260629_152656_9d451bbc_g0041,41,1820120923,5,48,48,48,1,2,BLUE,pool_l45_100ms,1,4.0,[4],0,77,3,"{""1"": 66, ""2"": 77, ""3"": 98, ""4"": 100}",False,11.0,-51.0,3.0,19.0,40.0,0.1,13.0,10.375,12.25,9.0,2.0,0.75,0.5,0.0,196.0,23.25,12.0,9.0,30.0,1.0,1.0,2.0,4.0,1.0,0.0,0.0,0.0,48.0,48.0,0.5625,0.5714285714285714,0.0192,0.0192,0.145,0.6590909090909091,0.3409090909090909,0.275,1.0,1.0,0.5166666666666667,0.4174228675136117,0.0
20260629_152656_9d451bbc,20260629_152656_9d451bbc_g0041,41,1820120923,5,48,48,48,1,3,YELLOW,pool_peer_500ms,2,4.0,[4],0,98,2,"{""1"": 66, ""2"": 77, ""3"": 98, ""4"": 100}",False,26.0,-21.0,0.0,42.0,40.0,0.1,102.0,49.0,117.75,17.0,18.0,32.25,43.0,7.5,107.0,143.75,12.0,9.0,30.0,1.0,1.0,2.0,4.0,1.0,0.0,0.0,0.0,48.0,48.0,0.5625,0.5714285714285714,0.0192,0.0192,0.145,0.6590909090909091,0.3409090909090909,0.65,1.0,1.0,0.39166666666666666,0.5871143375680581,0.0
20260629_152656_9d451bbc,20260629_152656_9d451bbc_g0041,41,1820120923,5,48,48,48,1,4,GREEN,champ_v3,3,4.0,[4],1,100,1,"{""1"": 66, ""2"": 77, ""3"": 98, ""4"": 100}",False,26.0,-21.0,0.0,41.0,40.0,0.1,77.0,39.75,89.0,17.0,14.0,22.5,23.0,12.5,132.0,115.0,12.0,9.0,31.0,1.0,1.0,2.0,3.0,2.0,0.0,0.0,0.0,48.0,48.0,0.5625,0.5714285714285714,0.0192,0.0192,0.1425,0.6477272727272727,0.3522727272727273,0.65,1.0,1.0,0.39166666666666666,0.592797783933518,0.0
20260629_152656_9d451bbc,20260629_152656_9d451bbc_g0041,41,1820120923,6,56,56,58,3,1,RED,pool_heuristic,0,4.0,[4],0,66,4,"{""1"": 66, ""2"": 77, ""3"": 98, ""4"": 100}",False,11.0,-52.0,1.0,27.0,54.0,0.135,0.0,0.0,0.0,0.0,0.0,0.0,0.0,0.0,72.0,11.0,13.0,8.0,31.0,0.0,1.0,1.0,4.0,2.0,0.0,0.0,1.0,56.0,58.0,0.6425,0.6190476190476191,0.0232,0.0224,0.1425,0.6477272727272727,0.3522727272727273,0.275,0.8333333333333334,1.0,0.525,0.4681440443213297,0.0
20260629_152656_9d451bbc,20260629_152656_9d451bbc_g0041,41,1820120923,6,56,56,58,3,2,BLUE,pool_l45_100ms,1,4.0,[4],0,77,3,"{""1"": 66, ""2"": 77, ""3"": 98, ""4"": 100}",False,11.0,-52.0,3.0,28.0,54.0,0.135,8.0,7.5,8.0,7.0,1.0,0.0,0.0,0.0,64.0,19.0,15.0,6.0,19.0,1.0,1.0,1.0,2.0,1.0,0.0,0.0,0.0,56.0,58.0,0.6425,0.7142857142857143,0.0232,0.0224,0.1725,0.7840909090909091,0.2159090909090909,0.275,0.6833333333333333,1.0,0.525,0.4012204424103738,0.0
20260629_152656_9d451bbc,20260629_152656_9d451bbc_g0041,41,1820120923,6,56,56,58,3,3,YELLOW,pool_peer_500ms,2,4.0,[4],0,98,2,"{""1"": 66, ""2"": 77, ""3"": 98, ""4"": 100}",False,29.0,-16.0,0.0,53.0,54.0,0.135,38.0,25.25,47.5,13.0,12.0,7.5,15.0,0.0,34.0,76.5,14.0,7.0,23.0,1.0,1.0,1.0,3.0,1.0,0.0,0.0,0.0,56.0,58.0,0.6425,0.6666666666666666,0.0232,0.0224,0.1625,0.7386363636363636,0.26136363636363635,0.725,1.0,1.0,0.375,0.5886639676113361,0.0
20260629_152656_9d451bbc,20260629_152656_9d451bbc_g0041,41,1820120923,6,56,56,58,3,4,GREEN,champ_v3,3,4.0,[4],1,100,1,"{""1"": 66, ""2"": 77, ""3"": 98, ""4"": 100}",False,23.0,-28.0,0.0,48.0,54.0,0.135,26.0,18.5,28.25,13.0,5.0,6.0,3.0,1.25,46.0,51.25,14.0,7.0,22.0,1.0,1.0,2.0,2.0,1.0,0.0,0.0,0.0,56.0,58.0,0.6425,0.6666666666666666,0.0232,0.0224,0.165,0.75,0.25,0.575,0.8,1.0,0.425,0.5685805422647527,0.0
20260629_152656_9d451bbc,20260629_152656_9d451bbc_g0041,41,1820120923,7,64,64,68,1,1,RED,pool_heuristic,0,4.0,[4],0,66,4,"{""1"": 66, ""2"": 77, ""3"": 98, ""4"": 100}",False,11.0,-40.0,1.0,33.0,54.0,0.135,0.0,0.0,0.0,0.0,0.0,0.0,0.0,0.0,16.0,11.0,13.0,8.0,31.0,0.0,1.0,1.0,4.0,2.0,0.0,0.0,1.0,64.0,68.0,0.7025,0.6190476190476191,0.0272,0.0256,0.1425,0.6477272727272727,0.3522727272727273,0.275,0.5666666666666667,1.0,0.425,0.4681440443213297,0.0
20260629_152656_9d451bbc,20260629_152656_9d451bbc_g0041,41,1820120923,7,64,64,68,1,2,BLUE,pool_l45_100ms,1,4.0,[4],0,77,3,"{""1"": 66, ""2"": 77, ""3"": 98, ""4"": 100}",False,8.0,-46.0,3.0,34.0,54.0,0.135,0.0,0.0,0.0,0.0,0.0,0.0,0.0,0.0,16.0,8.0,17.0,4.0,16.0,0.0,0.0,1.0,2.0,1.0,0.0,0.0,0.0,64.0,68.0,0.7025,0.8095238095238095,0.0272,0.0256,0.18,0.8181818181818182,0.18181818181818182,0.2,0.36666666666666664,1.0,0.45,0.3991228070175439,0.0
20260629_152656_9d451bbc,20260629_152656_9d451bbc_g0041,41,1820120923,7,64,64,68,1,3,YELLOW,pool_peer_500ms,2,4.0,[4],0,98,2,"{""1"": 66, ""2"": 77, ""3"": 98, ""4"": 100}",False,25.0,-12.0,0.0,61.0,54.0,0.135,8.0,3.5,8.5,0.0,5.0,1.5,2.0,0.0,8.0,33.5,17.0,4.0,14.0,0.0,1.0,1.0,1.0,1.0,0.0,0.0,0.0,64.0,68.0,0.7025,0.8095238095238095,0.0272,0.0256,0.185,0.8409090909090909,0.1590909090909091,0.625,1.0,1.0,0.30833333333333335,0.5682788051209103,0.0
20260629_152656_9d451bbc,20260629_152656_9d451bbc_g0041,41,1820120923,7,64,64,68,1,4,GREEN,champ_v3,3,4.0,[4],1,100,1,"{""1"": 66, ""2"": 77, ""3"": 98, ""4"": 100}",False,18.0,-26.0,0.0,59.0,54.0,0.135,8.0,8.0,8.0,8.0,0.0,0.0,0.0,0.0,8.0,26.0,17.0,4.0,10.0,1.0,1.0,1.0,1.0,0.0,0.0,0.0,0.0,64.0,68.0,0.7025,0.8095238095238095,0.0272,0.0256,0.195,0.8863636363636364,0.11363636363636363,0.45,0.4166666666666667,0.8,0.36666666666666664,0.5377867746288798,0.0
20260629_152656_9d451bbc,20260629_152656_9d451bbc_g0042,42,2052024168,0,8,8,8,1,1,RED,pool_l45_100ms,0,3.0,[3],0,69,3,"{""1"": 69, ""2"": 92, ""3"": 120, ""4"": 65}",False,6.0,-19.0,9.0,0.0,1.0,0.0025,388.0,90.5,366.25,6.0,10.0,28.5,113.0,208.75,1513.0,372.25,2.0,19.0,78.0,1.0,1.0,2.0,6.0,9.0,1.0,1.0,0.0,8.0,8.0,0.1,0.09523809523809523,0.0032,0.0032,0.025,0.11363636363636363,0.8863636363636364,0.15,1.0,1.0,0.20833333333333334,0.20526315789473681,0.0
20260629_152656_9d451bbc,20260629_152656_9d451bbc_g0042,42,2052024168,0,8,8,8,1,2,BLUE,pool_peer_500ms,1,3.0,[3],0,92,2,"{""1"": 69, ""2"": 92, ""3"": 120, ""4"": 65}",False,9.0,-13.0,9.0,0.0,1.0,0.0025,543.0,122.625,488.75,9.0,15.0,41.25,153.5,270.0,1358.0,497.75,2.0,19.0,78.0,1.0,1.0,2.0,6.0,9.0,1.0,0.0,0.0,8.0,8.0,0.1,0.09523809523809523,0.0032,0.0032,0.025,0.11363636363636363,0.8863636363636364,0.225,1.0,1.0,0.18333333333333332,0.23684210526315785,0.0
20260629_152656_9d451bbc,20260629_152656_9d451bbc_g0042,42,2052024168,0,8,8,8,1,3,YELLOW,champ_v3,2,3.0,[3],1,120,1,"{""1"": 69, ""2"": 92, ""3"": 120, ""4"": 65}",False,9.0,-13.0,9.0,0.0,1.0,0.0025,543.0,122.625,488.75,9.0,15.0,41.25,153.5,270.0,1358.0,497.75,2.0,19.0,78.0,1.0,1.0,2.0,6.0,9.0,1.0,0.0,0.0,8.0,8.0,0.1,0.09523809523809523,0.0032,0.0032,0.025,0.11363636363636363,0.8863636363636364,0.225,1.0,1.0,0.18333333333333332,0.23684210526315785,0.0
20260629_152656_9d451bbc,20260629_152656_9d451bbc_g0042,42,2052024168,0,8,8,8,1,4,GREEN,pool_heuristic,3,3.0,[3],0,65,4,"{""1"": 69, ""2"": 92, ""3"": 120, ""4"": 65}",False,7.0,-17.0,9.0,0.0,1.0,0.0025,427.0,109.375,443.625,7.0,12.0,34.5,137.0,253.125,1474.0,450.625,2.0,19.0,78.0,1.0,1.0,2.0,6.0,9.0,1.0,1.0,1.0,8.0,8.0,0.1,0.09523809523809523,0.0032,0.0032,0.025,0.11363636363636363,0.8863636363636364,0.175,1.0,1.0,0.2,0.25263157894736843,0.0
20260629_152656_9d451bbc,20260629_152656_9d451bbc_g0042,42,2052024168,1,16,16,16,1,1,RED,pool_l45_100ms,0,3.0,[3],0,69,3,"{""1"": 69, ""2"": 92, ""3"": 120, ""4"": 65}",False,10.0,-34.0,7.0,0.0,1.0,0.0025,521.0,121.25,466.75,10.0,17.0,45.0,176.0,218.75,1958.0,476.75,4.0,17.0,68.0,1.0,1.0,2.0,6.0,7.0,1.0,0.0,0.0,16.0,16.0,0.2,0.19047619047619047,0.0064,0.0064,0.05,0.22727272727272727,0.7727272727272727,0.25,1.0,1.0,0.36666666666666664,0.3236842105263158,0.0
20260629_152656_9d451bbc,20260629_152656_9d451bbc_g0042,42,2052024168,1,16,16,16,1,2,BLUE,pool_peer_500ms,1,3.0,[3],0,92,2,"{""1"": 69, ""2"": 92, ""3"": 120, ""4"": 65}",False,16.0,-22.0,0.0,2.0,1.0,0.0025,721.0,179.875,699.375,14.0,24.0,67.5,252.0,341.875,1758.0,715.375,4.0,17.0,68.0,1.0,1.0,2.0,6.0,7.0,1.0,0.0,0.0,16.0,16.0,0.2,0.19047619047619047,0.0064,0.0064,0.05,0.22727272727272727,0.7727272727272727,0.4,1.0,1.0,0.31666666666666665,0.49473684210526314,0.0
20260629_152656_9d451bbc,20260629_152656_9d451bbc_g0042,42,2052024168,1,16,16,16,1,3,YELLOW,champ_v3,2,3.0,[3],1,120,1,"{""1"": 69, ""2"": 92, ""3"": 120, ""4"": 65}",False,15.0,-24.0,1.0,2.0,1.0,0.0025,680.0,173.125,661.25,15.0,26.0,68.25,239.5,312.5,1799.0,676.25,4.0,17.0,68.0,1.0,1.0,2.0,6.0,7.0,1.0,0.0,0.0,16.0,16.0,0.2,0.19047619047619047,0.0064,0.0064,0.05,0.22727272727272727,0.7727272727272727,0.375,1.0,1.0,0.325,0.4894736842105264,0.0
20260629_152656_9d451bbc,20260629_152656_9d451bbc_g0042,42,2052024168,1,16,16,16,1,4,GREEN,pool_heuristic,3,3.0,[3],0,65,4,"{""1"": 69, ""2"": 92, ""3"": 120, ""4"": 65}",False,13.0,-28.0,3.0,0.0,1.0,0.0025,557.0,145.875,558.625,13.0,21.0,54.0,205.0,265.625,1922.0,571.625,4.0,17.0,68.0,1.0,1.0,2.0,6.0,7.0,1.0,0.0,1.0,16.0,16.0,0.2,0.19047619047619047,0.0064,0.0064,0.05,0.22727272727272727,0.7727272727272727,0.325,1.0,1.0,0.3416666666666667,0.47894736842105257,0.0
20260629_152656_9d451bbc,20260629_152656_9d451bbc_g0042,42,2052024168,2,24,24,24,1,1,RED,pool_l45_100ms,0,3.0,[3],0,69,3,"{""1"": 69, ""2"": 92, ""3"": 120, ""4"": 65}",False,14.0,-41.0,4.0,2.0,4.0,0.01,392.0,97.125,344.375,12.0,18.0,43.5,149.0,121.875,1232.0,358.375,6.0,15.0,58.0,1.0,1.0,2.0,6.0,5.0,0.0,0.0,0.0,24.0,24.0,0.295,0.2857142857142857,0.0096,0.0096,0.075,0.3409090909090909,0.6590909090909091,0.35,1.0,1.0,0.4583333333333333,0.4035087719298245,0.0
20260629_152656_9d451bbc,20260629_152656_9d451bbc_g0042,42,2052024168,2,24,24,24,1,2,BLUE,pool_peer_500ms,1,3.0,[3],0,92,2,"{""1"": 69, ""2"": 92, ""3"": 120, ""4"": 65}",False,20.0,-29.0,0.0,10.0,4.0,0.01,656.0,176.25,657.75,18.0,29.0,77.25,226.0,307.5,968.0,677.75,6.0,15.0,59.0,1.0,1.0,2.0,5.0,6.0,1.0,0.0,0.0,24.0,24.0,0.295,0.2857142857142857,0.0096,0.0096,0.0725,0.32954545454545453,0.6704545454545454,0.5,1.0,1.0,0.4083333333333333,0.588021778584392,0.0
20260629_152656_9d451bbc,20260629_152656_9d451bbc_g0042,42,2052024168,2,24,24,24,1,3,YELLOW,champ_v3,2,3.0,[3],1,120,1,"{""1"": 69, ""2"": 92, ""3"": 120, ""4"": 65}",False,19.0,-31.0,1.0,12.0,4.0,0.01,414.0,110.75,396.25,14.0,22.0,50.25,140.0,170.0,1210.0,415.25,6.0,15.0,59.0,1.0,1.0,2.0,5.0,6.0,0.0,0.0,0.0,24.0,24.0,0.295,0.2857142857142857,0.0096,0.0096,0.0725,0.32954545454545453,0.6704545454545454,0.475,1.0,1.0,0.4166666666666667,0.58983666061706,0.0
20260629_152656_9d451bbc,20260629_152656_9d451bbc_g0042,42,2052024168,2,24,24,24,1,4,GREEN,pool_heuristic,3,3.0,[3],0,65,4,"{""1"": 69, ""2"": 92, ""3"": 120, ""4"": 65}",False,16.0,-37.0,3.0,3.0,4.0,0.01,162.0,54.875,164.375,14.0,14.0,25.5,64.0,46.875,1462.0,180.375,6.0,15.0,58.0,1.0,1.0,2.0,6.0,5.0,0.0,0.0,1.0,24.0,24.0,0.295,0.2857142857142857,0.0096,0.0096,0.075,0.3409090909090909,0.6590909090909091,0.4,1.0,1.0,0.4416666666666667,0.4964912280701754,0.0
20260629_152656_9d451bbc,20260629_152656_9d451bbc_g0042,42,2052024168,3,32,32,32,1,1,RED,pool_l45_100ms,0,3.0,[3],0,69,3,"{""1"": 69, ""2"": 92, ""3"": 120, ""4"": 65}",False,15.0,-52.0,4.0,6.0,13.0,0.0325,116.0,37.5,110.5,9.0,10.0,18.75,54.0,18.75,804.0,125.5,8.0,13.0,48.0,1.0,1.0,2.0,6.0,3.0,0.0,0.0,0.0,32.0,32.0,0.3925,0.38095238095238093,0.0128,0.0128,0.1,0.45454545454545453,0.5454545454545454,0.375,1.0,1.0,0.5583333333333333,0.4565789473684211,0.0
20260629_152656_9d451bbc,20260629_152656_9d451bbc_g0042,42,2052024168,3,32,32,32,1,2,BLUE,pool_peer_500ms,1,3.0,[3],0,92,2,"{""1"": 69, ""2"": 92, ""3"": 120, ""4"": 65}",False,23.0,-36.0,0.0,20.0,13.0,0.0325,417.0,126.875,425.0,21.0,27.0,63.75,169.5,143.75,503.0,448.0,8.0,13.0,49.0,1.0,1.0,2.0,5.0,4.0,0.0,0.0,0.0,32.0,32.0,0.3925,0.38095238095238093,0.0128,0.0128,0.0975,0.4431818181818182,0.5568181818181818,0.575,1.0,1.0,0.4916666666666667,0.6032388663967612,0.0
20260629_152656_9d451bbc,20260629_152656_9d451bbc_g0042,42,2052024168,3,32,32,32,1,3,YELLOW,champ_v3,2,3.0,[3],1,120,1,"{""1"": 69, ""2"": 92, ""3"": 120, ""4"": 65}",False,24.0,-34.0,1.0,24.0,13.0,0.0325,261.0,77.25,248.0,15.0,20.0,42.0,81.0,90.0,659.0,272.0,8.0,13.0,50.0,1.0,1.0,2.0,4.0,5.0,0.0,0.0,0.0,32.0,32.0,0.3925,0.38095238095238093,0.0128,0.0128,0.095,0.4318181818181818,0.5681818181818182,0.6,1.0,1.0,0.4833333333333333,0.6066481994459834,0.0
20260629_152656_9d451bbc,20260629_152656_9d451bbc_g0042,42,2052024168,3,32,32,32,1,4,GREEN,pool_heuristic,3,3.0,[3],0,65,4,"{""1"": 69, ""2"": 92, ""3"": 120, ""4"": 65}",False,20.0,-42.0,3.0,5.0,13.0,0.0325,126.0,50.375,133.125,17.0,14.0,23.25,57.0,21.875,794.0,153.125,8.0,13.0,48.0,1.0,1.0,2.0,6.0,3.0,0.0,0.0,1.0,32.0,32.0,0.3925,0.38095238095238093,0.0128,0.0128,0.1,0.45454545454545453,0.5454545454545454,0.5,1.0,1.0,0.5166666666666667,0.49078947368421044,0.0
20260629_152656_9d451bbc,20260629_152656_9d451bbc_g0042,42,2052024168,4,40,40,40,1,1,RED,pool_l45_100ms,0,3.0,[3],0,69,3,"{""1"": 69, ""2"": 92, ""3"": 120, ""4"": 65}",False,14.0,-60.0,4.0,12.0,19.0,0.0475,30.0,16.5,32.5,8.0,7.0,7.5,10.0,0.0,241.0,46.5,10.0,11.0,38.0,1.0,1.0,2.0,6.0,1.0,0.0,0.0,0.0,40.0,40.0,0.49,0.47619047619047616,0.016,0.016,0.125,0.5681818181818182,0.4318181818181818,0.35,1.0,1.0,0.6166666666666667,0.4263157894736842,0.0
20260629_152656_9d451bbc,20260629_152656_9d451bbc_g0042,42,2052024168,4,40,40,40,1,2,BLUE,pool_peer_500ms,1,3.0,[3],0,92,2,"{""1"": 69, ""2"": 92, ""3"": 120, ""4"": 65}",False,27.0,-34.0,0.0,27.0,19.0,0.0475,100.0,47.5,105.75,21.0,15.0,24.0,37.0,8.75,171.0,132.75,10.0,11.0,39.0,1.0,1.0,2.0,5.0,2.0,0.0,0.0,0.0,40.0,40.0,0.49,0.47619047619047616,0.016,0.016,0.1225,0.5568181818181818,0.4431818181818182,0.675,1.0,1.0,0.5083333333333333,0.5660580021482278,0.0
20260629_152656_9d451bbc,20260629_152656_9d451bbc_g0042,42,2052024168,4,40,40,40,1,3,YELLOW,champ_v3,2,3.0,[3],1,120,1,"{""1"": 69, ""2"": 92, ""3"": 120, ""4"": 65}",False,27.0,-34.0,1.0,36.0,19.0,0.0475,94.0,36.75,89.25,14.0,13.0,20.25,22.0,20.0,177.0,116.25,10.0,11.0,41.0,1.0,1.0,2.0,3.0,4.0,0.0,0.0,0.0,40.0,40.0,0.49,0.47619047619047616,0.016,0.016,0.1175,0.5340909090909091,0.4659090909090909,0.675,1.0,1.0,0.5083333333333333,0.606942889137738,0.0
20260629_152656_9d451bbc,20260629_152656_9d451bbc_g0042,42,2052024168,4,40,40,40,1,4,GREEN,pool_heuristic,3,3.0,[3],0,65,4,"{""1"": 69, ""2"": 92, ""3"": 120, ""4"": 65}",False,20.0,-48.0,3.0,7.0,19.0,0.0475,47.0,28.25,49.75,17.0,9.0,9.75,14.0,0.0,224.0,69.75,10.0,11.0,38.0,1.0,1.0,2.0,6.0,1.0,0.0,0.0,1.0,40.0,40.0,0.49,0.47619047619047616,0.016,0.016,0.125,0.5681818181818182,0.4318181818181818,0.5,1.0,1.0,0.5666666666666667,0.44842105263157894,0.0
20260629_152656_9d451bbc,20260629_152656_9d451bbc_g0042,42,2052024168,5,48,48,48,1,1,RED,pool_l45_100ms,0,3.0,[3],0,69,3,"{""1"": 69, ""2"": 92, ""3"": 120, ""4"": 65}",False,10.0,-55.0,4.0,14.0,43.0,0.1075,5.0,4.5,5.0,4.0,1.0,0.0,0.0,0.0,113.0,15.0,12.0,9.0,31.0,1.0,1.0,1.0,5.0,1.0,0.0,0.0,0.0,48.0,48.0,0.5675,0.5714285714285714,0.0192,0.0192,0.1425,0.6477272727272727,0.3522727272727273,0.25,0.75,1.0,0.5416666666666667,0.41181902123730385,0.0
20260629_152656_9d451bbc,20260629_152656_9d451bbc_g0042,42,2052024168,5,48,48,48,1,2,BLUE,pool_peer_500ms,1,3.0,[3],0,92,2,"{""1"": 69, ""2"": 92, ""3"": 120, ""4"": 65}",False,26.0,-23.0,0.0,34.0,43.0,0.1075,46.0,31.25,51.25,20.0,10.0,12.75,6.0,2.5,72.0,77.25,12.0,9.0,31.0,1.0,1.0,2.0,3.0,2.0,0.0,0.0,0.0,48.0,48.0,0.5675,0.5714285714285714,0.0192,0.0192,0.1425,0.6477272727272727,0.3522727272727273,0.65,0.8166666666666667,1.0,0.4083333333333333,0.5521698984302863,0.0
20260629_152656_9d451bbc,20260629_152656_9d451bbc_g0042,42,2052024168,5,48,48,48,1,3,YELLOW,champ_v3,2,3.0,[3],1,120,1,"{""1"": 69, ""2"": 92, ""3"": 120, ""4"": 65}",False,24.0,-27.0,1.0,48.0,43.0,0.1075,54.0,25.375,56.0,11.0,9.0,16.5,9.5,10.0,64.0,80.0,12.0,9.0,32.0,1.0,1.0,2.0,2.0,3.0,0.0,0.0,0.0,48.0,48.0,0.5675,0.5714285714285714,0.0192,0.0192,0.14,0.6363636363636364,0.36363636363636365,0.6,1.0,1.0,0.425,0.6231203007518797,0.0
20260629_152656_9d451bbc,20260629_152656_9d451bbc_g0042,42,2052024168,5,48,48,48,1,4,GREEN,pool_heuristic,3,3.0,[3],0,65,4,"{""1"": 69, ""2"": 92, ""3"": 120, ""4"": 65}",False,15.0,-45.0,3.0,15.0,43.0,0.1075,13.0,12.0,13.0,11.0,2.0,0.0,0.0,0.0,105.0,28.0,12.0,9.0,31.0,1.0,1.0,1.0,5.0,1.0,0.0,0.0,1.0,48.0,48.0,0.5675,0.5714285714285714,0.0192,0.0192,0.1425,0.6477272727272727,0.3522727272727273,0.375,0.9666666666666667,1.0,0.5,0.43767313019390586,0.0
20260629_152656_9d451bbc,20260629_152656_9d451bbc_g0042,42,2052024168,6,56,56,56,1,1,RED,pool_l45_100ms,0,3.0,[3],0,69,3,"{""1"": 69, ""2"": 92, ""3"": 120, ""4"": 65}",False,9.0,-50.0,4.0,23.0,50.0,0.125,3.0,3.0,3.0,3.0,0.0,0.0,0.0,0.0,62.0,12.0,14.0,7.0,25.0,1.0,0.0,1.0,4.0,1.0,0.0,0.0,0.0,56.0,56.0,0.63,0.6666666666666666,0.0224,0.0224,0.1575,0.7159090909090909,0.2840909090909091,0.225,0.36666666666666664,1.0,0.4916666666666667,0.41604010025062654,0.0
20260629_152656_9d451bbc,20260629_152656_9d451bbc_g0042,42,2052024168,6,56,56,56,1,2,BLUE,pool_peer_500ms,1,3.0,[3],0,92,2,"{""1"": 69, ""2"": 92, ""3"": 120, ""4"": 65}",False,23.0,-22.0,0.0,39.0,50.0,0.125,23.0,19.75,23.25,17.0,5.0,0.0,0.0,1.25,42.0,46.25,14.0,7.0,25.0,1.0,1.0,0.0,3.0,2.0,0.0,0.0,0.0,56.0,56.0,0.63,0.6666666666666666,0.0224,0.0224,0.1575,0.7159090909090909,0.2840909090909091,0.575,0.7666666666666667,1.0,0.375,0.5346700083542189,0.0
20260629_152656_9d451bbc,20260629_152656_9d451bbc_g0042,42,2052024168,6,56,56,56,1,3,YELLOW,champ_v3,2,3.0,[3],1,120,1,"{""1"": 69, ""2"": 92, ""3"": 120, ""4"": 65}",False,24.0,-20.0,1.0,55.0,50.0,0.125,39.0,20.25,38.25,10.0,9.0,12.75,4.0,2.5,26.0,62.25,14.0,7.0,22.0,1.0,1.0,2.0,2.0,1.0,0.0,0.0,0.0,56.0,56.0,0.63,0.6666666666666666,0.0224,0.0224,0.165,0.75,0.25,0.6,1.0,1.0,0.36666666666666664,0.5885167464114833,0.0
20260629_152656_9d451bbc,20260629_152656_9d451bbc_g0042,42,2052024168,6,56,56,56,1,4,GREEN,pool_heuristic,3,3.0,[3],0,65,4,"{""1"": 69, ""2"": 92, ""3"": 120, ""4"": 65}",False,12.0,-44.0,3.0,24.0,50.0,0.125,0.0,0.0,0.0,0.0,0.0,0.0,0.0,0.0,65.0,12.0,14.0,7.0,28.0,0.0,0.0,1.0,5.0,1.0,0.0,0.0,1.0,56.0,56.0,0.63,0.6666666666666666,0.0224,0.0224,0.15,0.6818181818181818,0.3181818181818182,0.3,0.6666666666666666,1.0,0.4666666666666667,0.4464912280701754,0.0
20260629_152656_9d451bbc,20260629_152656_9d451bbc_g0042,42,2052024168,7,64,64,70,3,1,RED,pool_l45_100ms,0,3.0,[3],0,69,3,"{""1"": 69, ""2"": 92, ""3"": 120, ""4"": 65}",False,8.0,-52.0,4.0,45.0,37.0,0.0925,0.0,0.0,0.0,0.0,0.0,0.0,0.0,0.0,26.0,8.0,15.0,6.0,24.0,0.0,0.0,1.0,4.0,1.0,0.0,0.0,0.0,64.0,70.0,0.695,0.7142857142857143,0.028,0.0256,0.16,0.7272727272727273,0.2727272727272727,0.2,0.23333333333333334,1.0,0.5,0.4169407894736842,0.0
20260629_152656_9d451bbc,20260629_152656_9d451bbc_g0042,42,2052024168,7,64,64,70,3,2,BLUE,pool_peer_500ms,1,3.0,[3],0,92,2,"{""1"": 69, ""2"": 92, ""3"": 120, ""4"": 65}",False,24.0,-20.0,0.0,50.0,37.0,0.0925,0.0,0.0,0.0,0.0,0.0,0.0,0.0,0.0,26.0,24.0,18.0,3.0,13.0,0.0,0.0,0.0,2.0,1.0,0.0,0.0,0.0,64.0,70.0,0.695,0.8571428571428571,0.028,0.0256,0.1875,0.8522727272727273,0.14772727272727273,0.6,0.6666666666666666,1.0,0.36666666666666664,0.536140350877193,0.0
20260629_152656_9d451bbc,20260629_152656_9d451bbc_g0042,42,2052024168,7,64,64,70,3,3,YELLOW,champ_v3,2,3.0,[3],1,120,1,"{""1"": 69, ""2"": 92, ""3"": 120, ""4"": 65}",False,24.0,-20.0,1.0,68.0,37.0,0.0925,26.0,16.5,25.5,10.0,8.0,7.5,0.0,0.0,0.0,49.5,17.0,4.0,9.0,1.0,1.0,2.0,0.0,0.0,0.0,0.0,0.0,64.0,70.0,0.695,0.8095238095238095,0.028,0.0256,0.1975,0.8977272727272727,0.10227272727272728,0.6,0.8,0.6,0.36666666666666664,0.5436375749500333,0.0
20260629_152656_9d451bbc,20260629_152656_9d451bbc_g0042,42,2052024168,7,64,64,70,3,4,GREEN,pool_heuristic,3,3.0,[3],0,65,4,"{""1"": 69, ""2"": 92, ""3"": 120, ""4"": 65}",False,12.0,-44.0,3.0,27.0,37.0,0.0925,0.0,0.0,0.0,0.0,0.0,0.0,0.0,0.0,26.0,12.0,14.0,7.0,28.0,0.0,0.0,1.0,5.0,1.0,0.0,0.0,1.0,64.0,70.0,0.695,0.6666666666666666,0.028,0.0256,0.15,0.6818181818181818,0.3181818181818182,0.3,0.55,1.0,0.4666666666666667,0.4464912280701754,0.0
20260629_152656_9d451bbc,20260629_152656_9d451bbc_g0043,43,2106764035,0,8,8,8,1,1,RED,pool_peer_500ms,0,1.0,[1],1,98,1,"{""1"": 98, ""2"": 92, ""3"": 83, ""4"": 74}",False,9.0,-15.0,9.0,0.0,0.0,0.0,543.0,122.625,488.75,9.0,15.0,41.25,153.5,270.0,1506.0,497.75,2.0,19.0,78.0,1.0,1.0,2.0,6.0,9.0,1.0,0.0,0.0,8.0,8.0,0.1,0.09523809523809523,0.0032,0.0032,0.025,0.11363636363636363,0.8863636363636364,0.225,1.0,1.0,0.2,0.23684210526315785,0.0
20260629_152656_9d451bbc,20260629_152656_9d451bbc_g0043,43,2106764035,0,8,8,8,1,2,BLUE,champ_v3,1,1.0,[1],0,92,2,"{""1"": 98, ""2"": 92, ""3"": 83, ""4"": 74}",False,9.0,-15.0,9.0,0.0,0.0,0.0,543.0,122.625,488.75,9.0,15.0,41.25,153.5,270.0,1506.0,497.75,2.0,19.0,78.0,1.0,1.0,2.0,6.0,9.0,1.0,0.0,0.0,8.0,8.0,0.1,0.09523809523809523,0.0032,0.0032,0.025,0.11363636363636363,0.8863636363636364,0.225,1.0,1.0,0.2,0.23684210526315785,0.0
20260629_152656_9d451bbc,20260629_152656_9d451bbc_g0043,43,2106764035,0,8,8,8,1,3,YELLOW,pool_heuristic,2,1.0,[1],0,83,3,"{""1"": 98, ""2"": 92, ""3"": 83, ""4"": 74}",False,8.0,-17.0,8.0,0.0,0.0,0.0,519.0,126.125,510.5,8.0,14.0,40.5,160.5,287.5,1530.0,518.5,2.0,19.0,78.0,1.0,1.0,2.0,6.0,9.0,1.0,0.0,1.0,8.0,8.0,0.1,0.09523809523809523,0.0032,0.0032,0.025,0.11363636363636363,0.8863636363636364,0.2,1.0,1.0,0.20833333333333334,0.26315789473684215,0.0
20260629_152656_9d451bbc,20260629_152656_9d451bbc_g0043,43,2106764035,0,8,8,8,1,4,GREEN,pool_l45_100ms,3,1.0,[1],0,74,4,"{""1"": 98, ""2"": 92, ""3"": 83, ""4"": 74}",False,7.0,-19.0,9.0,0.0,0.0,0.0,444.0,103.25,415.125,7.0,12.0,33.75,130.5,231.875,1605.0,422.125,2.0,19.0,78.0,1.0,1.0,2.0,6.0,9.0,1.0,1.0,0.0,8.0,8.0,0.1,0.09523809523809523,0.0032,0.0032,0.025,0.11363636363636363,0.8863636363636364,0.175,1.0,1.0,0.21666666666666665,0.20526315789473681,0.0
20260629_152656_9d451bbc,20260629_152656_9d451bbc_g0043,43,2106764035,1,16,16,16,1,1,RED,pool_peer_500ms,0,1.0,[1],1,98,1,"{""1"": 98, ""2"": 92, ""3"": 83, ""4"": 74}",False,16.0,-22.0,0.0,1.0,4.0,0.01,709.0,177.375,687.5,14.0,24.0,67.5,249.5,332.5,1686.0,703.5,4.0,17.0,68.0,1.0,1.0,2.0,6.0,7.0,1.0,0.0,0.0,16.0,16.0,0.2,0.19047619047619047,0.0064,0.0064,0.05,0.22727272727272727,0.7727272727272727,0.4,1.0,1.0,0.31666666666666665,0.49473684210526314,0.0
20260629_152656_9d451bbc,20260629_152656_9d451bbc_g0043,43,2106764035,1,16,16,16,1,2,BLUE,champ_v3,1,1.0,[1],0,92,2,"{""1"": 98, ""2"": 92, ""3"": 83, ""4"": 74}",False,14.0,-26.0,1.0,3.0,4.0,0.01,590.0,145.0,547.0,14.0,22.0,59.25,198.0,253.75,1805.0,561.0,4.0,17.0,68.0,1.0,1.0,2.0,6.0,7.0,0.0,0.0,0.0,16.0,16.0,0.2,0.19047619047619047,0.0064,0.0064,0.05,0.22727272727272727,0.7727272727272727,0.35,1.0,1.0,0.33333333333333337,0.48684210526315785,0.0
20260629_152656_9d451bbc,20260629_152656_9d451bbc_g0043,43,2106764035,1,16,16,16,1,3,YELLOW,pool_heuristic,2,1.0,[1],0,83,3,"{""1"": 98, ""2"": 92, ""3"": 83, ""4"": 74}",False,14.0,-26.0,2.0,2.0,4.0,0.01,571.0,150.375,574.75,14.0,21.0,57.75,204.5,277.5,1824.0,588.75,4.0,17.0,68.0,1.0,1.0,2.0,6.0,7.0,0.0,0.0,1.0,16.0,16.0,0.2,0.19047619047619047,0.0064,0.0064,0.05,0.22727272727272727,0.7727272727272727,0.35,1.0,1.0,0.33333333333333337,0.4736842105263158,0.0
20260629_152656_9d451bbc,20260629_152656_9d451bbc_g0043,43,2106764035,1,16,16,16,1,4,GREEN,pool_l45_100ms,3,1.0,[1],0,74,4,"{""1"": 98, ""2"": 92, ""3"": 83, ""4"": 74}",False,10.0,-34.0,7.0,0.0,4.0,0.01,525.0,121.875,470.625,10.0,17.0,45.0,173.0,225.625,1870.0,480.625,4.0,17.0,68.0,1.0,1.0,2.0,6.0,7.0,1.0,0.0,0.0,16.0,16.0,0.2,0.19047619047619047,0.0064,0.0064,0.05,0.22727272727272727,0.7727272727272727,0.25,1.0,1.0,0.36666666666666664,0.3131578947368421,0.0
20260629_152656_9d451bbc,20260629_152656_9d451bbc_g0043,43,2106764035,2,24,24,24,1,1,RED,pool_peer_500ms,0,1.0,[1],1,98,1,"{""1"": 98, ""2"": 92, ""3"": 83, ""4"": 74}",False,20.0,-32.0,0.0,11.0,6.0,0.015,590.0,152.5,551.0,17.0,26.0,68.25,236.0,203.75,1086.0,571.0,6.0,15.0,58.0,1.0,1.0,2.0,6.0,5.0,0.0,0.0,0.0,24.0,24.0,0.3,0.2857142857142857,0.0096,0.0096,0.075,0.3409090909090909,0.6590909090909091,0.5,1.0,1.0,0.4333333333333333,0.5807017543859649,0.0
20260629_152656_9d451bbc,20260629_152656_9d451bbc_g0043,43,2106764035,2,24,24,24,1,2,BLUE,champ_v3,1,1.0,[1],0,92,2,"{""1"": 98, ""2"": 92, ""3"": 83, ""4"": 74}",False,18.0,-36.0,1.0,13.0,6.0,0.015,435.0,114.875,411.875,13.0,21.0,53.25,174.0,150.625,1241.0,429.875,6.0,15.0,58.0,1.0,1.0,2.0,6.0,5.0,0.0,0.0,0.0,24.0,24.0,0.3,0.2857142857142857,0.0096,0.0096,0.075,0.3409090909090909,0.6590909090909091,0.45,1.0,1.0,0.45,0.6035087719298246,0.0
20260629_152656_9d451bbc,20260629_152656_9d451bbc_g0043,43,2106764035,2,24,24,24,1,3,YELLOW,pool_heuristic,2,1.0,[1],0,83,3,"{""1"": 98, ""2"": 92, ""3"": 83, ""4"": 74}",False,18.0,-36.0,2.0,6.0,6.0,0.015,302.0,97.625,328.25,17.0,19.0,45.0,133.5,113.75,1374.0,346.25,6.0,15.0,58.0,1.0,1.0,2.0,6.0,5.0,0.0,0.0,1.0,24.0,24.0,0.3,0.2857142857142857,0.0096,0.0096,0.075,0.3409090909090909,0.6590909090909091,0.45,1.0,1.0,0.45,0.49473684210526314,0.0
20260629_152656_9d451bbc,20260629_152656_9d451bbc_g0043,43,2106764035,2,24,24,24,1,4,GREEN,pool_l45_100ms,3,1.0,[1],0,74,4,"{""1"": 98, ""2"": 92, ""3"": 83, ""4"": 74}",False,16.0,-40.0,4.0,1.0,6.0,0.015,349.0,93.125,309.25,15.0,20.0,47.25,139.5,87.5,1327.0,325.25,6.0,15.0,58.0,1.0,1.0,2.0,6.0,5.0,0.0,0.0,0.0,24.0,24.0,0.3,0.2857142857142857,0.0096,0.0096,0.075,0.3409090909090909,0.6590909090909091,0.4,1.0,1.0,0.4666666666666667,0.43333333333333324,0.0
20260629_152656_9d451bbc,20260629_152656_9d451bbc_g0043,43,2106764035,3,32,32,32,1,1,RED,pool_peer_500ms,0,1.0,[1],1,98,1,"{""1"": 98, ""2"": 92, ""3"": 83, ""4"": 74}",False,26.0,-31.0,0.0,25.0,11.0,0.0275,371.0,116.625,379.0,20.0,26.0,57.0,188.5,87.5,414.0,405.0,8.0,13.0,48.0,1.0,1.0,2.0,6.0,3.0,0.0,0.0,0.0,32.0,32.0,0.4,0.38095238095238093,0.0128,0.0128,0.1,0.45454545454545453,0.5454545454545454,0.65,1.0,1.0,0.475,0.581578947368421,0.0
20260629_152656_9d451bbc,20260629_152656_9d451bbc_g0043,43,2106764035,3,32,32,32,1,2,BLUE,champ_v3,1,1.0,[1],0,92,2,"{""1"": 98, ""2"": 92, ""3"": 83, ""4"": 74}",False,23.0,-37.0,1.0,18.0,11.0,0.0275,212.0,68.25,206.125,17.0,16.0,30.0,92.5,50.625,573.0,229.125,8.0,13.0,48.0,1.0,1.0,2.0,6.0,3.0,0.0,0.0,0.0,32.0,32.0,0.4,0.38095238095238093,0.0128,0.0128,0.1,0.45454545454545453,0.5454545454545454,0.575,1.0,1.0,0.5,0.6065789473684211,0.0
20260629_152656_9d451bbc,20260629_152656_9d451bbc_g0043,43,2106764035,3,32,32,32,1,3,YELLOW,pool_heuristic,2,1.0,[1],0,83,3,"{""1"": 98, ""2"": 92, ""3"": 83, ""4"": 74}",False,17.0,-49.0,2.0,15.0,11.0,0.0275,120.0,47.0,125.375,16.0,12.0,22.5,50.5,24.375,665.0,142.375,8.0,13.0,48.0,1.0,1.0,2.0,6.0,3.0,0.0,0.0,0.0,32.0,32.0,0.4,0.38095238095238093,0.0128,0.0128,0.1,0.45454545454545453,0.5454545454545454,0.425,1.0,1.0,0.55,0.47236842105263155,0.0
20260629_152656_9d451bbc,20260629_152656_9d451bbc_g0043,43,2106764035,3,32,32,32,1,4,GREEN,pool_l45_100ms,3,1.0,[1],0,74,4,"{""1"": 98, ""2"": 92, ""3"": 83, ""4"": 74}",False,17.0,-49.0,4.0,5.0,11.0,0.0275,82.0,34.625,79.375,14.0,12.0,18.0,31.0,4.375,703.0,96.375,8.0,13.0,48.0,1.0,1.0,2.0,6.0,3.0,0.0,0.0,0.0,32.0,32.0,0.4,0.38095238095238093,0.0128,0.0128,0.1,0.45454545454545453,0.5454545454545454,0.425,1.0,1.0,0.55,0.4302631578947369,0.0
20260629_152656_9d451bbc,20260629_152656_9d451bbc_g0043,43,2106764035,4,40,40,40,1,1,RED,pool_peer_500ms,0,1.0,[1],1,98,1,"{""1"": 98, ""2"": 92, ""3"": 83, ""4"": 74}",False,31.0,-25.0,0.0,34.0,22.0,0.055,247.0,92.5,271.25,21.0,26.0,51.75,135.0,37.5,274.0,302.25,10.0,11.0,39.0,1.0,1.0,2.0,5.0,2.0,0.0,0.0,0.0,40.0,40.0,0.4925,0.47619047619047616,0.016,0.016,0.1225,0.5568181818181818,0.4431818181818182,0.775,1.0,1.0,0.4666666666666667,0.6015037593984962,0.0
20260629_152656_9d451bbc,20260629_152656_9d451bbc_g0043,43,2106764035,4,40,40,40,1,2,BLUE,champ_v3,1,1.0,[1],0,92,2,"{""1"": 98, ""2"": 92, ""3"": 83, ""4"": 74}",False,27.0,-33.0,1.0,31.0,22.0,0.055,152.0,52.375,144.125,17.0,13.0,25.5,53.0,35.625,369.0,171.125,10.0,11.0,40.0,1.0,1.0,2.0,4.0,3.0,0.0,0.0,0.0,40.0,40.0,0.4925,0.47619047619047616,0.016,0.016,0.12,0.5454545454545454,0.45454545454545453,0.675,1.0,1.0,0.5,0.6151315789473684,0.0
20260629_152656_9d451bbc,20260629_152656_9d451bbc_g0043,43,2106764035,4,40,40,40,1,3,YELLOW,pool_heuristic,2,1.0,[1],0,83,3,"{""1"": 98, ""2"": 92, ""3"": 83, ""4"": 74}",False,17.0,-53.0,2.0,19.0,22.0,0.055,61.0,30.0,62.25,15.0,9.0,12.75,23.0,2.5,460.0,79.25,10.0,11.0,38.0,1.0,1.0,2.0,6.0,1.0,0.0,0.0,0.0,40.0,40.0,0.4925,0.47619047619047616,0.016,0.016,0.125,0.5681818181818182,0.4318181818181818,0.425,1.0,1.0,0.5833333333333333,0.43052631578947365,0.0
20260629_152656_9d451bbc,20260629_152656_9d451bbc_g0043,43,2106764035,4,40,40,40,1,4,GREEN,pool_l45_100ms,3,1.0,[1],0,74,4,"{""1"": 98, ""2"": 92, ""3"": 83, ""4"": 74}",False,12.0,-63.0,4.0,14.0,22.0,0.055,61.0,26.0,61.25,10.0,8.0,14.25,29.0,0.0,460.0,73.25,10.0,11.0,38.0,1.0,1.0,2.0,6.0,1.0,0.0,0.0,0.0,40.0,40.0,0.4925,0.47619047619047616,0.016,0.016,0.125,0.5681818181818182,0.4318181818181818,0.3,0.9666666666666667,1.0,0.625,0.4431578947368421,0.0
20260629_152656_9d451bbc,20260629_152656_9d451bbc_g0043,43,2106764035,5,48,48,48,1,1,RED,pool_peer_500ms,0,1.0,[1],1,98,1,"{""1"": 98, ""2"": 92, ""3"": 83, ""4"": 74}",False,31.0,-27.0,0.0,44.0,29.0,0.0725,83.0,43.0,90.75,19.0,17.0,21.75,33.0,0.0,79.0,121.75,12.0,9.0,30.0,1.0,1.0,2.0,4.0,1.0,0.0,0.0,0.0,48.0,48.0,0.5825,0.5714285714285714,0.0192,0.0192,0.145,0.6590909090909091,0.3409090909090909,0.775,1.0,1.0,0.4833333333333333,0.5852994555353902,0.0
20260629_152656_9d451bbc,20260629_152656_9d451bbc_g0043,43,2106764035,5,48,48,48,1,2,BLUE,champ_v3,1,1.0,[1],0,92,2,"{""1"": 98, ""2"": 92, ""3"": 83, ""4"": 74}",False,28.0,-33.0,1.0,41.0,29.0,0.0725,27.0,18.25,29.0,13.0,4.0,4.5,5.0,2.5,135.0,57.0,12.0,9.0,30.0,1.0,1.0,2.0,4.0,1.0,0.0,0.0,0.0,48.0,48.0,0.5825,0.5714285714285714,0.0192,0.0192,0.145,0.6590909090909091,0.3409090909090909,0.7,1.0,1.0,0.5083333333333333,0.603448275862069,0.0
20260629_152656_9d451bbc,20260629_152656_9d451bbc_g0043,43,2106764035,5,48,48,48,1,3,YELLOW,pool_heuristic,2,1.0,[1],0,83,3,"{""1"": 98, ""2"": 92, ""3"": 83, ""4"": 74}",False,19.0,-51.0,2.0,28.0,29.0,0.0725,35.0,23.625,37.0,16.0,7.0,7.5,6.5,0.0,127.0,56.0,12.0,9.0,29.0,1.0,1.0,2.0,5.0,0.0,0.0,0.0,0.0,48.0,48.0,0.5825,0.5714285714285714,0.0192,0.0192,0.1475,0.6704545454545454,0.32954545454545453,0.475,1.0,0.8,0.5833333333333333,0.431757359500446,0.0
20260629_152656_9d451bbc,20260629_152656_9d451bbc_g0043,43,2106764035,5,48,48,48,1,4,GREEN,pool_l45_100ms,3,1.0,[1],0,74,4,"{""1"": 98, ""2"": 92, ""3"": 83, ""4"": 74}",False,11.0,-67.0,4.0,20.0,29.0,0.0725,17.0,11.25,16.75,8.0,3.0,3.75,2.0,0.0,145.0,27.75,12.0,9.0,30.0,1.0,1.0,2.0,4.0,1.0,0.0,0.0,0.0,48.0,48.0,0.5825,0.5714285714285714,0.0192,0.0192,0.145,0.6590909090909091,0.3409090909090909,0.275,0.48333333333333334,1.0,0.65,0.42196007259528134,0.0
20260629_152656_9d451bbc,20260629_152656_9d451bbc_g0043,43,2106764035,6,56,56,56,1,1,RED,pool_peer_500ms,0,1.0,[1],1,98,1,"{""1"": 98, ""2"": 92, ""3"": 83, ""4"": 74}",False,32.0,-23.0,0.0,54.0,41.0,0.1025,38.0,29.0,46.0,19.0,12.0,3.0,12.0,0.0,37.0,78.0,14.0,7.0,23.0,1.0,1.0,1.0,3.0,1.0,0.0,0.0,0.0,56.0,56.0,0.655,0.6666666666666666,0.0224,0.0224,0.1625,0.7386363636363636,0.26136363636363635,0.8,1.0,1.0,0.4583333333333333,0.5757085020242916,0.0
20260629_152656_9d451bbc,20260629_152656_9d451bbc_g0043,43,2106764035,6,56,56,56,1,2,BLUE,champ_v3,1,1.0,[1],0,92,2,"{""1"": 98, ""2"": 92, ""3"": 83, ""4"": 74}",False,27.0,-33.0,1.0,46.0,41.0,0.1025,11.0,10.5,11.0,10.0,1.0,0.0,0.0,0.0,64.0,38.0,14.0,7.0,21.0,1.0,1.0,2.0,3.0,0.0,0.0,0.0,0.0,56.0,56.0,0.655,0.6666666666666666,0.0224,0.0224,0.1675,0.7613636363636364,0.23863636363636365,0.675,0.9,0.8,0.5,0.5624509033778475,0.0
20260629_152656_9d451bbc,20260629_152656_9d451bbc_g0043,43,2106764035,6,56,56,56,1,3,YELLOW,pool_heuristic,2,1.0,[1],0,83,3,"{""1"": 98, ""2"": 92, ""3"": 83, ""4"": 74}",False,18.0,-51.0,2.0,36.0,41.0,0.1025,19.0,16.5,19.5,14.0,4.0,1.5,0.0,0.0,56.0,37.5,14.0,7.0,22.0,1.0,1.0,1.0,4.0,0.0,0.0,0.0,0.0,56.0,56.0,0.655,0.6666666666666666,0.0224,0.0224,0.165,0.75,0.25,0.45,0.7666666666666667,0.8,0.575,0.4370015948963317,0.0
20260629_152656_9d451bbc,20260629_152656_9d451bbc_g0043,43,2106764035,6,56,56,56,1,4,GREEN,pool_l45_100ms,3,1.0,[1],0,74,4,"{""1"": 98, ""2"": 92, ""3"": 83, ""4"": 74}",False,10.0,-67.0,4.0,31.0,41.0,0.1025,7.0,7.0,7.0,7.0,0.0,0.0,0.0,0.0,68.0,17.0,14.0,7.0,24.0,1.0,0.0,2.0,3.0,1.0,0.0,0.0,0.0,56.0,56.0,0.655,0.6666666666666666,0.0224,0.0224,0.16,0.7272727272727273,0.2727272727272727,0.25,0.25,1.0,0.6416666666666667,0.40378289473684215,0.0
20260629_152656_9d451bbc,20260629_152656_9d451bbc_g0043,43,2106764035,7,64,64,64,1,1,RED,pool_peer_500ms,0,1.0,[1],1,98,1,"{""1"": 98, ""2"": 92, ""3"": 83, ""4"": 74}",False,32.0,-25.0,0.0,60.0,30.0,0.075,23.0,20.5,27.0,18.0,0.0,3.0,6.0,0.0,2.0,59.0,16.0,5.0,17.0,1.0,0.0,1.0,2.0,1.0,0.0,0.0,0.0,64.0,64.0,0.7,0.7619047619047619,0.0256,0.0256,0.1775,0.8068181818181818,0.19318181818181818,0.8,0.9333333333333333,1.0,0.475,0.5633802816901408,0.0
20260629_152656_9d451bbc,20260629_152656_9d451bbc_g0043,43,2106764035,7,64,64,64,1,2,BLUE,champ_v3,1,1.0,[1],0,92,2,"{""1"": 98, ""2"": 92, ""3"": 83, ""4"": 74}",False,28.0,-33.0,1.0,55.0,30.0,0.075,1.0,0.5,1.0,0.0,1.0,0.0,0.0,0.0,24.0,29.0,16.0,5.0,17.0,0.0,1.0,1.0,3.0,0.0,0.0,0.0,0.0,64.0,64.0,0.7,0.7619047619047619,0.0256,0.0256,0.1775,0.8068181818181818,0.19318181818181818,0.7,0.85,0.8,0.5083333333333333,0.5433654558932541,0.0
20260629_152656_9d451bbc,20260629_152656_9d451bbc_g0043,43,2106764035,7,64,64,64,1,3,YELLOW,pool_heuristic,2,1.0,[1],0,83,3,"{""1"": 98, ""2"": 92, ""3"": 83, ""4"": 74}",False,18.0,-53.0,0.0,47.0,30.0,0.075,1.0,0.5,1.5,0.0,0.0,1.5,0.0,0.0,24.0,19.5,16.0,5.0,19.0,0.0,0.0,1.0,4.0,0.0,0.0,0.0,0.0,64.0,64.0,0.7,0.7619047619047619,0.0256,0.0256,0.1725,0.7840909090909091,0.2159090909090909,0.45,0.5333333333333333,0.8,0.5916666666666667,0.45614035087719296,0.0
20260629_152656_9d451bbc,20260629_152656_9d451bbc_g0043,43,2106764035,7,64,64,64,1,4,GREEN,pool_l45_100ms,3,1.0,[1],0,74,4,"{""1"": 98, ""2"": 92, ""3"": 83, ""4"": 74}",False,11.0,-67.0,4.0,43.0,30.0,0.075,0.0,0.0,0.0,0.0,0.0,0.0,0.0,0.0,25.0,11.0,16.0,5.0,19.0,0.0,0.0,2.0,2.0,1.0,0.0,0.0,0.0,64.0,64.0,0.7,0.7619047619047619,0.0256,0.0256,0.1725,0.7840909090909091,0.2159090909090909,0.275,0.26666666666666666,1.0,0.65,0.3943554538520214,0.0
20260629_152656_9d451bbc,20260629_152656_9d451bbc_g0044,44,1189162874,0,8,8,8,1,1,RED,champ_v3,0,1.0,[1],1,100,1,"{""1"": 100, ""2"": 90, ""3"": 65, ""4"": 80}",False,9.0,-15.0,9.0,0.0,0.0,0.0,543.0,122.625,488.75,9.0,15.0,41.25,153.5,270.0,1426.0,497.75,2.0,19.0,78.0,1.0,1.0,2.0,6.0,9.0,1.0,0.0,0.0,8.0,8.0,0.1,0.09523809523809523,0.0032,0.0032,0.025,0.11363636363636363,0.8863636363636364,0.225,1.0,1.0,0.2,0.23684210526315785,0.0
20260629_152656_9d451bbc,20260629_152656_9d451bbc_g0044,44,1189162874,0,8,8,8,1,2,BLUE,pool_heuristic,1,1.0,[1],0,90,2,"{""1"": 100, ""2"": 90, ""3"": 65, ""4"": 80}",False,8.0,-17.0,8.0,0.0,0.0,0.0,519.0,126.125,510.5,8.0,14.0,40.5,160.5,287.5,1450.0,518.5,2.0,19.0,78.0,1.0,1.0,2.0,6.0,9.0,1.0,0.0,1.0,8.0,8.0,0.1,0.09523809523809523,0.0032,0.0032,0.025,0.11363636363636363,0.8863636363636364,0.2,1.0,1.0,0.20833333333333334,0.26315789473684215,0.0
20260629_152656_9d451bbc,20260629_152656_9d451bbc_g0044,44,1189162874,0,8,8,8,1,3,YELLOW,pool_l45_100ms,2,1.0,[1],0,65,4,"{""1"": 100, ""2"": 90, ""3"": 65, ""4"": 80}",False,7.0,-19.0,9.0,0.0,0.0,0.0,364.0,86.0,341.875,7.0,10.0,27.0,108.5,189.375,1605.0,348.875,2.0,19.0,78.0,1.0,1.0,2.0,6.0,9.0,1.0,1.0,0.0,8.0,8.0,0.1,0.09523809523809523,0.0032,0.0032,0.025,0.11363636363636363,0.8863636363636364,0.175,1.0,1.0,0.21666666666666665,0.17368421052631577,0.0
20260629_152656_9d451bbc,20260629_152656_9d451bbc_g0044,44,1189162874,0,8,8,8,1,4,GREEN,pool_peer_500ms,3,1.0,[1],0,80,3,"{""1"": 100, ""2"": 90, ""3"": 65, ""4"": 80}",False,9.0,-15.0,9.0,0.0,0.0,0.0,543.0,122.625,488.75,9.0,15.0,41.25,153.5,270.0,1426.0,497.75,2.0,19.0,78.0,1.0,1.0,2.0,6.0,9.0,1.0,0.0,0.0,8.0,8.0,0.1,0.09523809523809523,0.0032,0.0032,0.025,0.11363636363636363,0.8863636363636364,0.225,1.0,1.0,0.2,0.23684210526315785,0.0
20260629_152656_9d451bbc,20260629_152656_9d451bbc_g0044,44,1189162874,1,16,16,16,1,1,RED,champ_v3,0,1.0,[1],1,100,1,"{""1"": 100, ""2"": 90, ""3"": 65, ""4"": 80}",False,15.0,-27.0,2.0,1.0,0.0,0.0,667.0,166.875,636.125,15.0,24.0,64.5,237.0,295.625,1747.0,651.125,4.0,17.0,68.0,1.0,1.0,2.0,6.0,7.0,1.0,0.0,0.0,16.0,16.0,0.2,0.19047619047619047,0.0064,0.0064,0.05,0.22727272727272727,0.7727272727272727,0.375,1.0,1.0,0.35,0.4605263157894737,0.0
20260629_152656_9d451bbc,20260629_152656_9d451bbc_g0044,44,1189162874,1,16,16,16,1,2,BLUE,pool_heuristic,1,1.0,[1],0,90,2,"{""1"": 100, ""2"": 90, ""3"": 65, ""4"": 80}",False,16.0,-25.0,2.0,1.0,0.0,0.0,659.0,164.5,631.5,14.0,23.0,63.0,234.0,297.5,1755.0,647.5,4.0,17.0,68.0,1.0,1.0,2.0,6.0,7.0,1.0,0.0,0.0,16.0,16.0,0.2,0.19047619047619047,0.0064,0.0064,0.05,0.22727272727272727,0.7727272727272727,0.4,1.0,1.0,0.3416666666666667,0.5026315789473685,0.0
20260629_152656_9d451bbc,20260629_152656_9d451bbc_g0044,44,1189162874,1,16,16,16,1,3,YELLOW,pool_l45_100ms,2,1.0,[1],0,65,4,"{""1"": 100, ""2"": 90, ""3"": 65, ""4"": 80}",False,11.0,-35.0,5.0,2.0,0.0,0.0,408.0,99.125,370.875,11.0,15.0,36.0,137.0,171.875,2006.0,381.875,4.0,17.0,68.0,1.0,1.0,2.0,6.0,7.0,1.0,0.0,0.0,16.0,16.0,0.2,0.19047619047619047,0.0064,0.0064,0.05,0.22727272727272727,0.7727272727272727,0.275,1.0,1.0,0.38333333333333336,0.3526315789473684,0.0
20260629_152656_9d451bbc,20260629_152656_9d451bbc_g0044,44,1189162874,1,16,16,16,1,4,GREEN,pool_peer_500ms,3,1.0,[1],0,80,3,"{""1"": 100, ""2"": 90, ""3"": 65, ""4"": 80}",False,15.0,-27.0,4.0,2.0,0.0,0.0,680.0,171.0,654.625,15.0,25.0,64.5,239.5,310.625,1734.0,669.625,4.0,17.0,68.0,1.0,1.0,2.0,6.0,7.0,1.0,0.0,0.0,16.0,16.0,0.2,0.19047619047619047,0.0064,0.0064,0.05,0.22727272727272727,0.7727272727272727,0.375,1.0,1.0,0.35,0.4526315789473684,0.0
20260629_152656_9d451bbc,20260629_152656_9d451bbc_g0044,44,1189162874,2,24,24,24,1,1,RED,champ_v3,0,1.0,[1],1,100,1,"{""1"": 100, ""2"": 90, ""3"": 65, ""4"": 80}",False,20.0,-32.0,0.0,10.0,1.0,0.0025,473.0,126.125,440.25,18.0,23.0,54.75,189.5,155.0,947.0,460.25,6.0,15.0,58.0,1.0,1.0,2.0,6.0,5.0,0.0,0.0,0.0,24.0,24.0,0.3,0.2857142857142857,0.0096,0.0096,0.075,0.3409090909090909,0.6590909090909091,0.5,1.0,1.0,0.4333333333333333,0.5912280701754387,0.0
20260629_152656_9d451bbc,20260629_152656_9d451bbc_g0044,44,1189162874,2,24,24,24,1,2,BLUE,pool_heuristic,1,1.0,[1],0,90,2,"{""1"": 100, ""2"": 90, ""3"": 65, ""4"": 80}",False,19.0,-34.0,2.0,4.0,1.0,0.0025,338.0,95.5,318.5,17.0,19.0,42.0,138.0,102.5,1082.0,337.5,6.0,15.0,58.0,1.0,1.0,2.0,6.0,5.0,0.0,0.0,0.0,24.0,24.0,0.3,0.2857142857142857,0.0096,0.0096,0.075,0.3409090909090909,0.6590909090909091,0.475,1.0,1.0,0.4416666666666667,0.5087719298245614,0.0
20260629_152656_9d451bbc,20260629_152656_9d451bbc_g0044,44,1189162874,2,24,24,24,1,3,YELLOW,pool_l45_100ms,2,1.0,[1],0,65,4,"{""1"": 100, ""2"": 90, ""3"": 65, ""4"": 80}",False,12.0,-48.0,5.0,4.0,1.0,0.0025,143.0,44.25,132.125,12.0,11.0,18.0,50.5,40.625,1277.0,144.125,6.0,15.0,58.0,1.0,1.0,2.0,6.0,5.0,0.0,0.0,0.0,24.0,24.0,0.3,0.2857142857142857,0.0096,0.0096,0.075,0.3409090909090909,0.6590909090909091,0.3,1.0,1.0,0.5,0.39473684210526316,0.0
20260629_152656_9d451bbc,20260629_152656_9d451bbc_g0044,44,1189162874,2,24,24,24,1,4,GREEN,pool_peer_500ms,3,1.0,[1],0,80,3,"{""1"": 100, ""2"": 90, ""3"": 65, ""4"": 80}",False,21.0,-30.0,0.0,12.0,1.0,0.0025,466.0,138.375,481.625,21.0,25.0,57.0,203.0,175.625,954.0,502.625,6.0,15.0,58.0,1.0,1.0,2.0,6.0,5.0,1.0,0.0,0.0,24.0,24.0,0.3,0.2857142857142857,0.0096,0.0096,0.075,0.3409090909090909,0.6590909090909091,0.525,1.0,1.0,0.425,0.5596491228070175,0.0
20260629_152656_9d451bbc,20260629_152656_9d451bbc_g0044,44,1189162874,3,32,32,32,1,1,RED,champ_v3,0,1.0,[1],1,100,1,"{""1"": 100, ""2"": 90, ""3"": 65, ""4"": 80}",False,25.0,-39.0,0.0,20.0,5.0,0.0125,170.0,58.0,166.125,17.0,14.0,28.5,63.5,43.125,618.0,191.125,8.0,13.0,49.0,1.0,1.0,2.0,5.0,4.0,0.0,0.0,0.0,32.0,32.0,0.3975,0.38095238095238093,0.0128,0.0128,0.0975,0.4431818181818182,0.5568181818181818,0.625,1.0,1.0,0.5333333333333333,0.6005398110661269,0.0
20260629_152656_9d451bbc,20260629_152656_9d451bbc_g0044,44,1189162874,3,32,32,32,1,2,BLUE,pool_heuristic,1,1.0,[1],0,90,2,"{""1"": 100, ""2"": 90, ""3"": 65, ""4"": 80}",False,24.0,-41.0,2.0,7.0,5.0,0.0125,220.0,80.875,229.875,22.0,22.0,40.5,106.0,39.375,568.0,253.875,8.0,13.0,48.0,1.0,1.0,2.0,6.0,3.0,0.0,0.0,0.0,32.0,32.0,0.3975,0.38095238095238093,0.0128,0.0128,0.1,0.45454545454545453,0.5454545454545454,0.6,1.0,1.0,0.5416666666666667,0.5052631578947369,0.0
20260629_152656_9d451bbc,20260629_152656_9d451bbc_g0044,44,1189162874,3,32,32,32,1,3,YELLOW,pool_l45_100ms,2,1.0,[1],0,65,4,"{""1"": 100, ""2"": 90, ""3"": 65, ""4"": 80}",False,15.0,-59.0,5.0,9.0,5.0,0.0125,69.0,30.875,71.375,13.0,10.0,14.25,26.0,8.125,719.0,86.375,8.0,13.0,48.0,1.0,1.0,2.0,6.0,3.0,0.0,0.0,0.0,32.0,32.0,0.3975,0.38095238095238093,0.0128,0.0128,0.1,0.45454545454545453,0.5454545454545454,0.375,1.0,1.0,0.6166666666666667,0.4236842105263158,0.0
20260629_152656_9d451bbc,20260629_152656_9d451bbc_g0044,44,1189162874,3,32,32,32,1,4,GREEN,pool_peer_500ms,3,1.0,[1],0,80,3,"{""1"": 100, ""2"": 90, ""3"": 65, ""4"": 80}",False,25.0,-39.0,0.0,19.0,5.0,0.0125,329.0,105.0,329.0,22.0,23.0,49.5,162.0,72.5,459.0,354.0,8.0,13.0,48.0,1.0,1.0,2.0,6.0,3.0,0.0,0.0,0.0,32.0,32.0,0.3975,0.38095238095238093,0.0128,0.0128,0.1,0.45454545454545453,0.5454545454545454,0.625,1.0,1.0,0.5333333333333333,0.5723684210526316,0.0
20260629_152656_9d451bbc,20260629_152656_9d451bbc_g0044,44,1189162874,4,40,40,40,1,1,RED,champ_v3,0,1.0,[1],1,100,1,"{""1"": 100, ""2"": 90, ""3"": 65, ""4"": 80}",False,27.0,-39.0,0.0,31.0,17.0,0.0425,68.0,31.5,68.25,15.0,9.0,15.75,21.0,7.5,241.0,95.25,10.0,11.0,40.0,1.0,1.0,2.0,4.0,3.0,0.0,0.0,0.0,40.0,40.0,0.4925,0.47619047619047616,0.016,0.016,0.12,0.5454545454545454,0.45454545454545453,0.675,1.0,1.0,0.55,0.6085526315789473,0.0
20260629_152656_9d451bbc,20260629_152656_9d451bbc_g0044,44,1189162874,4,40,40,40,1,2,BLUE,pool_heuristic,1,1.0,[1],0,90,2,"{""1"": 100, ""2"": 90, ""3"": 65, ""4"": 80}",False,24.0,-45.0,2.0,12.0,17.0,0.0425,111.0,49.5,119.0,19.0,15.0,24.0,56.0,5.0,198.0,143.0,10.0,11.0,38.0,1.0,1.0,2.0,6.0,1.0,0.0,0.0,0.0,40.0,40.0,0.4925,0.47619047619047616,0.016,0.016,0.125,0.5681818181818182,0.4318181818181818,0.6,1.0,1.0,0.575,0.45894736842105266,0.0
20260629_152656_9d451bbc,20260629_152656_9d451bbc_g0044,44,1189162874,4,40,40,40,1,3,YELLOW,pool_l45_100ms,2,1.0,[1],0,65,4,"{""1"": 100, ""2"": 90, ""3"": 65, ""4"": 80}",False,13.0,-67.0,5.0,14.0,17.0,0.0425,47.0,23.25,46.125,12.0,8.0,9.75,14.5,1.875,262.0,59.125,10.0,11.0,38.0,1.0,1.0,2.0,6.0,1.0,0.0,0.0,0.0,40.0,40.0,0.4925,0.47619047619047616,0.016,0.016,0.125,0.5681818181818182,0.4318181818181818,0.325,1.0,1.0,0.6666666666666667,0.4,0.0
20260629_152656_9d451bbc,20260629_152656_9d451bbc_g0044,44,1189162874,4,40,40,40,1,4,GREEN,pool_peer_500ms,3,1.0,[1],0,80,3,"{""1"": 100, ""2"": 90, ""3"": 65, ""4"": 80}",False,29.0,-35.0,0.0,26.0,17.0,0.0425,83.0,43.75,85.0,23.0,16.0,16.5,27.0,2.5,226.0,114.0,10.0,11.0,39.0,1.0,1.0,2.0,5.0,2.0,0.0,0.0,0.0,40.0,40.0,0.4925,0.47619047619047616,0.016,0.016,0.1225,0.5568181818181818,0.4431818181818182,0.725,1.0,1.0,0.5333333333333333,0.556390977443609,0.0
20260629_152656_9d451bbc,20260629_152656_9d451bbc_g0044,44,1189162874,5,48,48,48,1,1,RED,champ_v3,0,1.0,[1],1,100,1,"{""1"": 100, ""2"": 90, ""3"": 65, ""4"": 80}",False,23.0,-36.0,0.0,41.0,42.0,0.105,26.0,18.0,26.25,13.0,5.0,5.25,3.0,0.0,77.0,49.25,12.0,9.0,31.0,1.0,1.0,2.0,3.0,2.0,0.0,0.0,0.0,48.0,48.0,0.5775,0.5714285714285714,0.0192,0.0192,0.1425,0.6477272727272727,0.3522727272727273,0.575,1.0,1.0,0.4916666666666667,0.5974145891043399,0.0
20260629_152656_9d451bbc,20260629_152656_9d451bbc_g0044,44,1189162874,5,48,48,48,1,2,BLUE,pool_heuristic,1,1.0,[1],0,90,2,"{""1"": 100, ""2"": 90, ""3"": 65, ""4"": 80}",False,22.0,-38.0,2.0,16.0,42.0,0.105,30.0,22.0,35.5,15.0,6.0,6.0,6.0,2.5,73.0,57.5,12.0,9.0,30.0,1.0,1.0,2.0,4.0,1.0,0.0,0.0,0.0,48.0,48.0,0.5775,0.5714285714285714,0.0192,0.0192,0.145,0.6590909090909091,0.3409090909090909,0.55,1.0,1.0,0.5,0.43466424682395643,0.0
20260629_152656_9d451bbc,20260629_152656_9d451bbc_g0044,44,1189162874,5,48,48,48,1,3,YELLOW,pool_l45_100ms,2,1.0,[1],0,65,4,"{""1"": 100, ""2"": 90, ""3"": 65, ""4"": 80}",False,10.0,-62.0,5.0,20.0,42.0,0.105,17.0,12.5,19.0,9.0,3.0,3.0,4.0,0.0,86.0,29.0,12.0,9.0,29.0,1.0,1.0,2.0,5.0,0.0,0.0,0.0,0.0,48.0,48.0,0.5775,0.5714285714285714,0.0192,0.0192,0.1475,0.6704545454545454,0.32954545454545453,0.25,0.5333333333333333,0.8,0.6,0.41302408563782333,0.0
20260629_152656_9d451bbc,20260629_152656_9d451bbc_g0044,44,1189162874,5,48,48,48,1,4,GREEN,pool_peer_500ms,3,1.0,[1],0,80,3,"{""1"": 100, ""2"": 90, ""3"": 65, ""4"": 80}",False,27.0,-28.0,0.0,40.0,42.0,0.105,30.0,25.0,30.5,20.0,9.0,1.5,0.0,0.0,73.0,57.5,12.0,9.0,31.0,1.0,1.0,1.0,5.0,1.0,0.0,0.0,0.0,48.0,48.0,0.5775,0.5714285714285714,0.0192,0.0192,0.1425,0.6477272727272727,0.3522727272727273,0.675,0.7666666666666667,1.0,0.4583333333333333,0.5373961218836565,0.0
20260629_152656_9d451bbc,20260629_152656_9d451bbc_g0044,44,1189162874,6,56,56,57,2,1,RED,champ_v3,0,1.0,[1],1,100,1,"{""1"": 100, ""2"": 90, ""3"": 65, ""4"": 80}",False,22.0,-32.0,0.0,53.0,46.0,0.115,19.0,15.0,19.0,12.0,4.0,3.0,0.0,0.0,16.0,41.0,15.0,6.0,18.0,1.0,1.0,2.0,1.0,1.0,0.0,0.0,0.0,56.0,57.0,0.6325,0.7142857142857143,0.0228,0.0224,0.175,0.7954545454545454,0.20454545454545456,0.55,0.9666666666666667,1.0,0.45,0.5631578947368421,0.0
20260629_152656_9d451bbc,20260629_152656_9d451bbc_g0044,44,1189162874,6,56,56,57,2,2,BLUE,pool_heuristic,1,1.0,[1],0,90,2,"{""1"": 100, ""2"": 90, ""3"": 65, ""4"": 80}",False,21.0,-34.0,1.0,21.0,46.0,0.115,12.0,5.375,15.25,0.0,5.0,5.25,2.5,2.5,23.0,36.25,14.0,7.0,25.0,0.0,1.0,2.0,3.0,1.0,0.0,0.0,0.0,56.0,57.0,0.6325,0.6666666666666666,0.0228,0.0224,0.1575,0.7159090909090909,0.2840909090909091,0.525,1.0,1.0,0.4583333333333333,0.4636591478696742,0.0
20260629_152656_9d451bbc,20260629_152656_9d451bbc_g0044,44,1189162874,6,56,56,57,2,3,YELLOW,pool_l45_100ms,2,1.0,[1],0,65,4,"{""1"": 100, ""2"": 90, ""3"": 65, ""4"": 80}",False,9.0,-58.0,5.0,26.0,46.0,0.115,0.0,0.0,0.0,0.0,0.0,0.0,0.0,0.0,35.0,9.0,13.0,8.0,28.0,0.0,1.0,2.0,5.0,0.0,0.0,0.0,0.0,56.0,57.0,0.6325,0.6190476190476191,0.0228,0.0224,0.15,0.6818181818181818,0.3181818181818182,0.225,0.4,0.8,0.5583333333333333,0.412280701754386,0.0
20260629_152656_9d451bbc,20260629_152656_9d451bbc_g0044,44,1189162874,6,56,56,57,2,4,GREEN,pool_peer_500ms,3,1.0,[1],0,80,3,"{""1"": 100, ""2"": 90, ""3"": 65, ""4"": 80}",False,24.0,-28.0,0.0,48.0,46.0,0.115,4.0,1.625,5.5,0.0,0.0,3.0,2.5,0.0,31.0,29.5,14.0,7.0,28.0,0.0,0.0,1.0,5.0,1.0,0.0,0.0,0.0,56.0,57.0,0.6325,0.6666666666666666,0.0228,0.0224,0.15,0.6818181818181818,0.3181818181818182,0.6,0.5333333333333333,1.0,0.4333333333333333,0.5412280701754386,0.0
20260629_152656_9d451bbc,20260629_152656_9d451bbc_g0044,44,1189162874,7,64,64,69,2,1,RED,champ_v3,0,1.0,[1],1,100,1,"{""1"": 100, ""2"": 90, ""3"": 65, ""4"": 80}",False,21.0,-31.0,0.0,65.0,41.0,0.1025,11.0,10.0,11.0,9.0,2.0,0.0,0.0,0.0,1.0,32.0,18.0,3.0,8.0,1.0,1.0,0.0,0.0,1.0,0.0,0.0,0.0,64.0,69.0,0.7025,0.8571428571428571,0.0276,0.0256,0.2,0.9090909090909091,0.09090909090909091,0.525,0.6833333333333333,1.0,0.4333333333333333,0.5421052631578948,0.0
20260629_152656_9d451bbc,20260629_152656_9d451bbc_g0044,44,1189162874,7,64,64,69,2,2,BLUE,pool_heuristic,1,1.0,[1],0,90,2,"{""1"": 100, ""2"": 90, ""3"": 65, ""4"": 80}",False,21.0,-31.0,1.0,36.0,41.0,0.1025,1.0,0.5,1.5,0.0,0.0,1.5,0.0,0.0,11.0,22.5,17.0,4.0,14.0,0.0,0.0,2.0,2.0,0.0,0.0,0.0,0.0,64.0,69.0,0.7025,0.8095238095238095,0.0276,0.0256,0.185,0.8409090909090909,0.1590909090909091,0.525,0.9333333333333333,0.8,0.4333333333333333,0.47866287339971547,0.0
20260629_152656_9d451bbc,20260629_152656_9d451bbc_g0044,44,1189162874,7,64,64,69,2,3,YELLOW,pool_l45_100ms,2,1.0,[1],0,65,4,"{""1"": 100, ""2"": 90, ""3"": 65, ""4"": 80}",False,9.0,-55.0,5.0,37.0,41.0,0.1025,0.0,0.0,0.0,0.0,0.0,0.0,0.0,0.0,12.0,9.0,13.0,8.0,28.0,0.0,1.0,2.0,5.0,0.0,0.0,0.0,0.0,64.0,69.0,0.7025,0.6190476190476191,0.0276,0.0256,0.15,0.6818181818181818,0.3181818181818182,0.225,0.2833333333333333,0.8,0.5333333333333333,0.412280701754386,0.0
20260629_152656_9d451bbc,20260629_152656_9d451bbc_g0044,44,1189162874,7,64,64,69,2,4,GREEN,pool_peer_500ms,3,1.0,[1],0,80,3,"{""1"": 100, ""2"": 90, ""3"": 65, ""4"": 80}",False,22.0,-29.0,0.0,57.0,41.0,0.1025,0.0,0.0,0.0,0.0,0.0,0.0,0.0,0.0,12.0,22.0,16.0,5.0,21.0,0.0,0.0,0.0,4.0,1.0,0.0,0.0,0.0,64.0,69.0,0.7025,0.7619047619047619,0.0276,0.0256,0.1675,0.7613636363636364,0.23863636363636365,0.55,0.45,1.0,0.425,0.5208169677926159,0.0
20260629_152656_9d451bbc,20260629_152656_9d451bbc_g0045,45,2137597222,0,8,8,8,1,1,RED,pool_heuristic,0,3.0,[3],0,78,4,"{""1"": 78, ""2"": 79, ""3"": 98, ""4"": 97}",False,8.0,-15.0,9.0,0.0,3.0,0.0075,491.0,120.25,483.75,8.0,14.0,39.75,152.0,270.0,1413.0,491.75,2.0,19.0,78.0,1.0,1.0,2.0,6.0,9.0,1.0,0.0,1.0,8.0,8.0,0.1,0.09523809523809523,0.0032,0.0032,0.025,0.11363636363636363,0.8863636363636364,0.2,1.0,1.0,0.19166666666666668,0.25263157894736843,0.0
20260629_152656_9d451bbc,20260629_152656_9d451bbc_g0045,45,2137597222,0,8,8,8,1,2,BLUE,pool_l45_100ms,1,3.0,[3],0,79,3,"{""1"": 78, ""2"": 79, ""3"": 98, ""4"": 97}",False,5.0,-21.0,9.0,0.0,3.0,0.0075,327.0,76.25,309.5,5.0,8.0,24.0,95.0,177.5,1577.0,314.5,2.0,19.0,78.0,1.0,1.0,2.0,6.0,9.0,1.0,1.0,0.0,8.0,8.0,0.1,0.09523809523809523,0.0032,0.0032,0.025,0.11363636363636363,0.8863636363636364,0.125,1.0,1.0,0.21666666666666665,0.15263157894736834,0.0
20260629_152656_9d451bbc,20260629_152656_9d451bbc_g0045,45,2137597222,0,8,8,8,1,3,YELLOW,pool_peer_500ms,2,3.0,[3],1,98,1,"{""1"": 78, ""2"": 79, ""3"": 98, ""4"": 97}",False,9.0,-13.0,9.0,0.0,3.0,0.0075,543.0,122.625,488.75,9.0,15.0,41.25,153.5,270.0,1361.0,497.75,2.0,19.0,78.0,1.0,1.0,2.0,6.0,9.0,1.0,0.0,0.0,8.0,8.0,0.1,0.09523809523809523,0.0032,0.0032,0.025,0.11363636363636363,0.8863636363636364,0.225,1.0,1.0,0.18333333333333332,0.23684210526315785,0.0
20260629_152656_9d451bbc,20260629_152656_9d451bbc_g0045,45,2137597222,0,8,8,8,1,4,GREEN,champ_v3,3,3.0,[3],0,97,2,"{""1"": 78, ""2"": 79, ""3"": 98, ""4"": 97}",False,9.0,-13.0,9.0,0.0,3.0,0.0075,543.0,122.625,488.75,9.0,15.0,41.25,153.5,270.0,1361.0,497.75,2.0,19.0,78.0,1.0,1.0,2.0,6.0,9.0,1.0,0.0,0.0,8.0,8.0,0.1,0.09523809523809523,0.0032,0.0032,0.025,0.11363636363636363,0.8863636363636364,0.225,1.0,1.0,0.18333333333333332,0.23684210526315785,0.0
20260629_152656_9d451bbc,20260629_152656_9d451bbc_g0045,45,2137597222,1,16,16,16,1,1,RED,pool_heuristic,0,3.0,[3],0,78,4,"{""1"": 78, ""2"": 79, ""3"": 98, ""4"": 97}",False,14.0,-26.0,0.0,5.0,3.0,0.0075,582.0,151.875,584.75,13.0,21.0,58.5,208.5,283.75,1940.0,598.75,4.0,17.0,68.0,1.0,1.0,2.0,6.0,7.0,0.0,0.0,1.0,16.0,16.0,0.2,0.19047619047619047,0.0064,0.0064,0.05,0.22727272727272727,0.7727272727272727,0.35,1.0,1.0,0.33333333333333337,0.5236842105263158,0.0
20260629_152656_9d451bbc,20260629_152656_9d451bbc_g0045,45,2137597222,1,16,16,16,1,2,BLUE,pool_l45_100ms,1,3.0,[3],0,79,3,"{""1"": 78, ""2"": 79, ""3"": 98, ""4"": 97}",False,9.0,-36.0,6.0,0.0,3.0,0.0075,478.0,112.125,431.125,9.0,16.0,43.5,162.0,200.625,2044.0,440.125,4.0,17.0,68.0,1.0,1.0,2.0,6.0,7.0,1.0,0.0,0.0,16.0,16.0,0.2,0.19047619047619047,0.0064,0.0064,0.05,0.22727272727272727,0.7727272727272727,0.225,1.0,1.0,0.375,0.3263157894736842,0.0
20260629_152656_9d451bbc,20260629_152656_9d451bbc_g0045,45,2137597222,1,16,16,16,1,3,YELLOW,pool_peer_500ms,2,3.0,[3],1,98,1,"{""1"": 78, ""2"": 79, ""3"": 98, ""4"": 97}",False,16.0,-22.0,0.0,3.0,3.0,0.0075,750.0,188.5,730.25,15.0,26.0,72.0,261.0,356.25,1772.0,746.25,4.0,17.0,68.0,1.0,1.0,2.0,6.0,7.0,1.0,0.0,0.0,16.0,16.0,0.2,0.19047619047619047,0.0064,0.0064,0.05,0.22727272727272727,0.7727272727272727,0.4,1.0,1.0,0.31666666666666665,0.49473684210526314,0.0
20260629_152656_9d451bbc,20260629_152656_9d451bbc_g0045,45,2137597222,1,16,16,16,1,4,GREEN,champ_v3,3,3.0,[3],0,97,2,"{""1"": 78, ""2"": 79, ""3"": 98, ""4"": 97}",False,15.0,-24.0,1.0,3.0,3.0,0.0075,712.0,179.375,691.0,15.0,25.0,68.25,251.5,331.25,1810.0,706.0,4.0,17.0,68.0,1.0,1.0,2.0,6.0,7.0,1.0,0.0,0.0,16.0,16.0,0.2,0.19047619047619047,0.0064,0.0064,0.05,0.22727272727272727,0.7727272727272727,0.375,1.0,1.0,0.325,0.48684210526315785,0.0
20260629_152656_9d451bbc,20260629_152656_9d451bbc_g0045,45,2137597222,2,24,24,24,1,1,RED,pool_heuristic,0,3.0,[3],0,78,4,"{""1"": 78, ""2"": 79, ""3"": 98, ""4"": 97}",False,16.0,-38.0,0.0,8.0,6.0,0.015,318.0,89.25,324.875,11.0,14.0,37.5,125.5,136.875,1265.0,340.875,6.0,15.0,58.0,1.0,1.0,2.0,6.0,5.0,0.0,0.0,1.0,24.0,24.0,0.2975,0.2857142857142857,0.0096,0.0096,0.075,0.3409090909090909,0.6590909090909091,0.4,1.0,1.0,0.45,0.5368421052631578,0.0
20260629_152656_9d451bbc,20260629_152656_9d451bbc_g0045,45,2137597222,2,24,24,24,1,2,BLUE,pool_l45_100ms,1,3.0,[3],0,79,3,"{""1"": 78, ""2"": 79, ""3"": 98, ""4"": 97}",False,13.0,-44.0,6.0,1.0,6.0,0.015,305.0,79.5,272.0,12.0,16.0,36.0,118.0,90.0,1278.0,285.0,6.0,15.0,58.0,1.0,1.0,2.0,6.0,5.0,0.0,0.0,0.0,24.0,24.0,0.2975,0.2857142857142857,0.0096,0.0096,0.075,0.3409090909090909,0.6590909090909091,0.325,1.0,1.0,0.475,0.38596491228070173,0.0
20260629_152656_9d451bbc,20260629_152656_9d451bbc_g0045,45,2137597222,2,24,24,24,1,3,YELLOW,pool_peer_500ms,2,3.0,[3],1,98,1,"{""1"": 78, ""2"": 79, ""3"": 98, ""4"": 97}",False,21.0,-28.0,0.0,9.0,6.0,0.015,623.0,170.875,618.375,19.0,29.0,75.75,264.0,230.625,960.0,639.375,6.0,15.0,58.0,1.0,1.0,2.0,6.0,5.0,1.0,0.0,0.0,24.0,24.0,0.2975,0.2857142857142857,0.0096,0.0096,0.075,0.3409090909090909,0.6590909090909091,0.525,1.0,1.0,0.4083333333333333,0.5859649122807018,0.0
20260629_152656_9d451bbc,20260629_152656_9d451bbc_g0045,45,2137597222,2,24,24,24,1,4,GREEN,champ_v3,3,3.0,[3],0,97,2,"{""1"": 78, ""2"": 79, ""3"": 98, ""4"": 97}",False,20.0,-30.0,1.0,10.0,6.0,0.015,337.0,100.875,340.125,17.0,23.0,47.25,121.0,131.875,1246.0,360.125,6.0,15.0,59.0,1.0,1.0,2.0,5.0,6.0,1.0,0.0,0.0,24.0,24.0,0.2975,0.2857142857142857,0.0096,0.0096,0.0725,0.32954545454545453,0.6704545454545454,0.5,1.0,1.0,0.4166666666666667,0.573502722323049,0.0
20260629_152656_9d451bbc,20260629_152656_9d451bbc_g0045,45,2137597222,3,32,32,32,1,1,RED,pool_heuristic,0,3.0,[3],0,78,4,"{""1"": 78, ""2"": 79, ""3"": 98, ""4"": 97}",False,21.0,-39.0,0.0,11.0,16.0,0.04,126.0,49.625,132.0,15.0,15.0,28.5,58.5,15.0,519.0,153.0,8.0,13.0,48.0,1.0,1.0,2.0,6.0,3.0,0.0,0.0,1.0,32.0,32.0,0.3975,0.38095238095238093,0.0128,0.0128,0.1,0.45454545454545453,0.5454545454545454,0.525,1.0,1.0,0.5,0.513157894736842,0.0
20260629_152656_9d451bbc,20260629_152656_9d451bbc_g0045,45,2137597222,3,32,32,32,1,2,BLUE,pool_l45_100ms,1,3.0,[3],0,79,3,"{""1"": 78, ""2"": 79, ""3"": 98, ""4"": 97}",False,13.0,-55.0,3.0,4.0,16.0,0.04,66.0,28.625,69.875,11.0,9.0,12.75,29.0,8.125,579.0,82.875,8.0,13.0,48.0,1.0,1.0,2.0,6.0,3.0,0.0,0.0,0.0,32.0,32.0,0.3975,0.38095238095238093,0.0128,0.0128,0.1,0.45454545454545453,0.5454545454545454,0.325,1.0,1.0,0.5666666666666667,0.46578947368421053,0.0
20260629_152656_9d451bbc,20260629_152656_9d451bbc_g0045,45,2137597222,3,32,32,32,1,3,YELLOW,pool_peer_500ms,2,3.0,[3],1,98,1,"{""1"": 78, ""2"": 79, ""3"": 98, ""4"": 97}",False,25.0,-31.0,0.0,17.0,16.0,0.04,292.0,96.125,293.875,20.0,25.0,49.5,145.0,54.375,353.0,318.875,8.0,13.0,48.0,1.0,1.0,2.0,6.0,3.0,0.0,0.0,0.0,32.0,32.0,0.3975,0.38095238095238093,0.0128,0.0128,0.1,0.45454545454545453,0.5454545454545454,0.625,1.0,1.0,0.4666666666666667,0.5736842105263158,0.0
20260629_152656_9d451bbc,20260629_152656_9d451bbc_g0045,45,2137597222,3,32,32,32,1,4,GREEN,champ_v3,3,3.0,[3],0,97,2,"{""1"": 78, ""2"": 79, ""3"": 98, ""4"": 97}",False,22.0,-37.0,1.0,18.0,16.0,0.04,161.0,58.125,166.125,16.0,17.0,29.25,62.0,41.875,484.0,188.125,8.0,13.0,49.0,1.0,1.0,2.0,5.0,4.0,0.0,0.0,0.0,32.0,32.0,0.3975,0.38095238095238093,0.0128,0.0128,0.0975,0.4431818181818182,0.5568181818181818,0.55,1.0,1.0,0.4916666666666667,0.6140350877192983,0.0
20260629_152656_9d451bbc,20260629_152656_9d451bbc_g0045,45,2137597222,4,40,40,40,1,1,RED,pool_heuristic,0,3.0,[3],0,78,4,"{""1"": 78, ""2"": 79, ""3"": 98, ""4"": 97}",False,19.0,-50.0,0.0,22.0,21.0,0.0525,46.0,25.75,51.75,13.0,8.0,13.5,16.0,1.25,299.0,70.75,10.0,11.0,39.0,1.0,1.0,2.0,5.0,2.0,0.0,0.0,1.0,40.0,40.0,0.4825,0.47619047619047616,0.016,0.016,0.1225,0.5568181818181818,0.4431818181818182,0.475,1.0,1.0,0.575,0.4844253490870032,0.0
20260629_152656_9d451bbc,20260629_152656_9d451bbc_g0045,45,2137597222,4,40,40,40,1,2,BLUE,pool_l45_100ms,1,3.0,[3],0,79,3,"{""1"": 78, ""2"": 79, ""3"": 98, ""4"": 97}",False,14.0,-60.0,3.0,9.0,21.0,0.0525,86.0,34.375,88.625,11.0,11.0,17.25,45.0,4.375,259.0,102.625,10.0,11.0,38.0,1.0,1.0,2.0,6.0,1.0,0.0,0.0,0.0,40.0,40.0,0.4825,0.47619047619047616,0.016,0.016,0.125,0.5681818181818182,0.4318181818181818,0.35,1.0,1.0,0.6166666666666667,0.4515789473684211,0.0
20260629_152656_9d451bbc,20260629_152656_9d451bbc_g0045,45,2137597222,4,40,40,40,1,3,YELLOW,pool_peer_500ms,2,3.0,[3],1,98,1,"{""1"": 78, ""2"": 79, ""3"": 98, ""4"": 97}",False,30.0,-28.0,0.0,22.0,21.0,0.0525,129.0,62.75,144.75,24.0,26.0,34.5,44.0,16.25,216.0,174.75,10.0,11.0,40.0,1.0,1.0,2.0,4.0,3.0,0.0,0.0,0.0,40.0,40.0,0.4825,0.47619047619047616,0.016,0.016,0.12,0.5454545454545454,0.45454545454545453,0.75,1.0,1.0,0.4833333333333333,0.5383771929824561,0.0
20260629_152656_9d451bbc,20260629_152656_9d451bbc_g0045,45,2137597222,4,40,40,40,1,4,GREEN,champ_v3,3,3.0,[3],0,97,2,"{""1"": 78, ""2"": 79, ""3"": 98, ""4"": 97}",False,25.0,-38.0,1.0,27.0,21.0,0.0525,84.0,37.5,88.375,16.0,15.0,9.0,26.5,21.875,261.0,113.375,10.0,11.0,42.0,1.0,1.0,1.0,4.0,4.0,0.0,0.0,0.0,40.0,40.0,0.4825,0.47619047619047616,0.016,0.016,0.115,0.5227272727272727,0.4772727272727273,0.625,1.0,1.0,0.525,0.6018306636155606,0.0
20260629_152656_9d451bbc,20260629_152656_9d451bbc_g0045,45,2137597222,5,48,48,48,1,1,RED,pool_heuristic,0,3.0,[3],0,78,4,"{""1"": 78, ""2"": 79, ""3"": 98, ""4"": 97}",False,19.0,-45.0,0.0,27.0,24.0,0.06,11.0,4.75,12.5,0.0,5.0,4.5,3.0,0.0,151.0,31.5,12.0,9.0,34.0,0.0,1.0,2.0,4.0,2.0,0.0,0.0,1.0,48.0,48.0,0.5625,0.5714285714285714,0.0192,0.0192,0.135,0.6136363636363636,0.38636363636363635,0.475,1.0,1.0,0.5333333333333333,0.4766081871345029,0.0
20260629_152656_9d451bbc,20260629_152656_9d451bbc_g0045,45,2137597222,5,48,48,48,1,2,BLUE,pool_l45_100ms,1,3.0,[3],0,79,3,"{""1"": 78, ""2"": 79, ""3"": 98, ""4"": 97}",False,13.0,-57.0,3.0,15.0,24.0,0.06,35.0,20.25,40.25,10.0,8.0,8.25,14.0,0.0,127.0,53.25,12.0,9.0,29.0,1.0,1.0,2.0,5.0,0.0,0.0,0.0,0.0,48.0,48.0,0.5625,0.5714285714285714,0.0192,0.0192,0.1475,0.6704545454545454,0.32954545454545453,0.325,1.0,0.8,0.5833333333333333,0.43264942016057095,0.0
20260629_152656_9d451bbc,20260629_152656_9d451bbc_g0045,45,2137597222,5,48,48,48,1,3,YELLOW,pool_peer_500ms,2,3.0,[3],1,98,1,"{""1"": 78, ""2"": 79, ""3"": 98, ""4"": 97}",False,26.0,-31.0,0.0,33.0,24.0,0.06,56.0,33.75,64.25,18.0,14.0,12.75,12.0,7.5,106.0,90.25,12.0,9.0,31.0,1.0,1.0,2.0,3.0,2.0,0.0,0.0,0.0,48.0,48.0,0.5625,0.5714285714285714,0.0192,0.0192,0.1425,0.6477272727272727,0.3522727272727273,0.65,0.9666666666666667,1.0,0.475,0.530932594644506,0.0
20260629_152656_9d451bbc,20260629_152656_9d451bbc_g0045,45,2137597222,5,48,48,48,1,4,GREEN,champ_v3,3,3.0,[3],0,97,2,"{""1"": 78, ""2"": 79, ""3"": 98, ""4"": 97}",False,25.0,-33.0,1.0,39.0,24.0,0.06,60.0,33.5,76.25,15.0,13.0,7.5,27.0,13.75,102.0,101.25,12.0,9.0,33.0,1.0,1.0,1.0,3.0,3.0,0.0,0.0,0.0,48.0,48.0,0.5625,0.5714285714285714,0.0192,0.0192,0.1375,0.625,0.375,0.625,1.0,1.0,0.4833333333333333,0.5751196172248805,0.0
20260629_152656_9d451bbc,20260629_152656_9d451bbc_g0045,45,2137597222,6,56,56,56,1,1,RED,pool_heuristic,0,3.0,[3],0,78,4,"{""1"": 78, ""2"": 79, ""3"": 98, ""4"": 97}",False,17.0,-40.0,0.0,38.0,42.0,0.105,4.0,2.0,5.5,0.0,2.0,1.5,2.0,0.0,57.0,22.5,14.0,7.0,27.0,0.0,1.0,1.0,3.0,2.0,0.0,0.0,1.0,56.0,56.0,0.6475,0.6666666666666666,0.0224,0.0224,0.1525,0.6931818181818182,0.3068181818181818,0.425,0.5833333333333334,1.0,0.475,0.4892148403796376,0.0
20260629_152656_9d451bbc,20260629_152656_9d451bbc_g0045,45,2137597222,6,56,56,56,1,2,BLUE,pool_l45_100ms,1,3.0,[3],0,79,3,"{""1"": 78, ""2"": 79, ""3"": 98, ""4"": 97}",False,9.0,-56.0,3.0,30.0,42.0,0.105,10.0,7.5,11.5,5.0,3.0,1.5,2.0,0.0,51.0,20.5,14.0,7.0,21.0,1.0,1.0,2.0,3.0,0.0,0.0,0.0,0.0,56.0,56.0,0.6475,0.6666666666666666,0.0224,0.0224,0.1675,0.7613636363636364,0.23863636363636365,0.225,0.7,0.8,0.5416666666666667,0.44854673998428907,0.0
20260629_152656_9d451bbc,20260629_152656_9d451bbc_g0045,45,2137597222,6,56,56,56,1,3,YELLOW,pool_peer_500ms,2,3.0,[3],1,98,1,"{""1"": 78, ""2"": 79, ""3"": 98, ""4"": 97}",False,20.0,-34.0,0.0,39.0,42.0,0.105,19.0,15.25,18.75,12.0,6.0,0.75,0.0,0.0,42.0,38.75,14.0,7.0,22.0,1.0,1.0,2.0,2.0,1.0,0.0,0.0,0.0,56.0,56.0,0.6475,0.6666666666666666,0.0224,0.0224,0.165,0.75,0.25,0.5,0.55,1.0,0.45,0.5039872408293461,0.0
20260629_152656_9d451bbc,20260629_152656_9d451bbc_g0045,45,2137597222,6,56,56,56,1,4,GREEN,champ_v3,3,3.0,[3],0,97,2,"{""1"": 78, ""2"": 79, ""3"": 98, ""4"": 97}",False,28.0,-18.0,1.0,48.0,42.0,0.105,28.0,21.0,29.5,15.0,9.0,1.5,4.0,0.0,33.0,57.5,14.0,7.0,23.0,1.0,1.0,1.0,3.0,1.0,0.0,0.0,0.0,56.0,56.0,0.6475,0.6666666666666666,0.0224,0.0224,0.1625,0.7386363636363636,0.26136363636363635,0.7,1.0,1.0,0.38333333333333336,0.5595141700404858,0.0
20260629_152656_9d451bbc,20260629_152656_9d451bbc_g0045,45,2137597222,7,64,64,66,3,1,RED,pool_heuristic,0,3.0,[3],0,78,4,"{""1"": 78, ""2"": 79, ""3"": 98, ""4"": 97}",False,17.0,-35.0,0.0,44.0,54.0,0.135,0.0,0.0,0.0,0.0,0.0,0.0,0.0,0.0,27.0,17.0,15.0,6.0,25.0,0.0,0.0,1.0,3.0,2.0,0.0,0.0,1.0,64.0,66.0,0.7,0.7142857142857143,0.0264,0.0256,0.1575,0.7159090909090909,0.2840909090909091,0.425,0.5166666666666667,1.0,0.4333333333333333,0.4928989139515455,0.0
20260629_152656_9d451bbc,20260629_152656_9d451bbc_g0045,45,2137597222,7,64,64,66,3,2,BLUE,pool_l45_100ms,1,3.0,[3],0,79,3,"{""1"": 78, ""2"": 79, ""3"": 98, ""4"": 97}",False,5.0,-59.0,3.0,43.0,54.0,0.135,0.0,0.0,0.0,0.0,0.0,0.0,0.0,0.0,27.0,5.0,17.0,4.0,14.0,0.0,0.0,2.0,2.0,0.0,0.0,0.0,0.0,64.0,66.0,0.7,0.8095238095238095,0.0264,0.0256,0.185,0.8409090909090909,0.1590909090909091,0.125,0.16666666666666666,0.8,0.5333333333333333,0.44523470839260315,0.0
20260629_152656_9d451bbc,20260629_152656_9d451bbc_g0045,45,2137597222,7,64,64,66,3,3,YELLOW,pool_peer_500ms,2,3.0,[3],1,98,1,"{""1"": 78, ""2"": 79, ""3"": 98, ""4"": 97}",False,20.0,-29.0,0.0,49.0,54.0,0.135,15.0,13.0,15.0,11.0,4.0,0.0,0.0,0.0,12.0,35.0,16.0,5.0,15.0,1.0,1.0,1.0,1.0,1.0,0.0,0.0,0.0,64.0,66.0,0.7,0.7619047619047619,0.0264,0.0256,0.1825,0.8295454545454546,0.17045454545454544,0.5,0.4,1.0,0.4083333333333333,0.4931506849315068,0.0
20260629_152656_9d451bbc,20260629_152656_9d451bbc_g0045,45,2137597222,7,64,64,66,3,4,GREEN,champ_v3,3,3.0,[3],0,97,2,"{""1"": 78, ""2"": 79, ""3"": 98, ""4"": 97}",False,27.0,-15.0,1.0,52.0,54.0,0.135,12.0,5.0,11.5,0.0,8.0,2.25,0.0,1.25,15.0,38.5,16.0,5.0,18.0,0.0,1.0,1.0,2.0,1.0,0.0,0.0,0.0,64.0,66.0,0.7,0.7619047619047619,0.0264,0.0256,0.175,0.7954545454545454,0.20454545454545456,0.675,0.7333333333333333,1.0,0.35,0.5353383458646617,0.0
20260629_152656_9d451bbc,20260629_152656_9d451bbc_g0046,46,746771445,0,8,8,8,1,1,RED,pool_l45_100ms,0,3.0,[3],0,72,4,"{""1"": 72, ""2"": 93, ""3"": 101, ""4"": 83}",False,6.0,-20.0,9.0,0.0,1.0,0.0025,388.0,90.5,366.25,6.0,10.0,28.5,113.0,208.75,1511.0,372.25,2.0,19.0,78.0,1.0,1.0,2.0,6.0,9.0,1.0,1.0,0.0,8.0,8.0,0.1,0.09523809523809523,0.0032,0.0032,0.025,0.11363636363636363,0.8863636363636364,0.15,1.0,1.0,0.21666666666666665,0.20526315789473681,0.0
20260629_152656_9d451bbc,20260629_152656_9d451bbc_g0046,46,746771445,0,8,8,8,1,2,BLUE,pool_peer_500ms,1,3.0,[3],0,93,2,"{""1"": 72, ""2"": 93, ""3"": 101, ""4"": 83}",False,9.0,-14.0,9.0,0.0,1.0,0.0025,543.0,122.625,488.75,9.0,15.0,41.25,153.5,270.0,1356.0,497.75,2.0,19.0,78.0,1.0,1.0,2.0,6.0,9.0,1.0,0.0,0.0,8.0,8.0,0.1,0.09523809523809523,0.0032,0.0032,0.025,0.11363636363636363,0.8863636363636364,0.225,1.0,1.0,0.19166666666666668,0.23684210526315785,0.0
20260629_152656_9d451bbc,20260629_152656_9d451bbc_g0046,46,746771445,0,8,8,8,1,3,YELLOW,champ_v3,2,3.0,[3],1,101,1,"{""1"": 72, ""2"": 93, ""3"": 101, ""4"": 83}",False,9.0,-14.0,9.0,0.0,1.0,0.0025,543.0,122.625,488.75,9.0,15.0,41.25,153.5,270.0,1356.0,497.75,2.0,19.0,78.0,1.0,1.0,2.0,6.0,9.0,1.0,0.0,0.0,8.0,8.0,0.1,0.09523809523809523,0.0032,0.0032,0.025,0.11363636363636363,0.8863636363636364,0.225,1.0,1.0,0.19166666666666668,0.23684210526315785,0.0
20260629_152656_9d451bbc,20260629_152656_9d451bbc_g0046,46,746771445,0,8,8,8,1,4,GREEN,pool_heuristic,3,3.0,[3],0,83,3,"{""1"": 72, ""2"": 93, ""3"": 101, ""4"": 83}",False,8.0,-16.0,9.0,0.0,1.0,0.0025,425.0,111.125,444.875,8.0,13.0,36.75,139.0,248.125,1474.0,452.875,2.0,19.0,78.0,1.0,1.0,2.0,6.0,9.0,1.0,1.0,1.0,8.0,8.0,0.1,0.09523809523809523,0.0032,0.0032,0.025,0.11363636363636363,0.8863636363636364,0.2,1.0,1.0,0.2,0.2421052631578947,0.0
20260629_152656_9d451bbc,20260629_152656_9d451bbc_g0046,46,746771445,1,16,16,16,1,1,RED,pool_l45_100ms,0,3.0,[3],0,72,4,"{""1"": 72, ""2"": 93, ""3"": 101, ""4"": 83}",False,10.0,-33.0,7.0,0.0,1.0,0.0025,526.0,122.25,471.75,10.0,17.0,45.0,176.0,223.75,1877.0,481.75,4.0,17.0,68.0,1.0,1.0,2.0,6.0,7.0,1.0,0.0,0.0,16.0,16.0,0.2,0.19047619047619047,0.0064,0.0064,0.05,0.22727272727272727,0.7727272727272727,0.25,1.0,1.0,0.35833333333333334,0.3236842105263158,0.0
20260629_152656_9d451bbc,20260629_152656_9d451bbc_g0046,46,746771445,1,16,16,16,1,2,BLUE,pool_peer_500ms,1,3.0,[3],0,93,2,"{""1"": 72, ""2"": 93, ""3"": 101, ""4"": 83}",False,16.0,-21.0,0.0,2.0,1.0,0.0025,721.0,179.875,699.375,14.0,24.0,67.5,252.0,341.875,1682.0,715.375,4.0,17.0,68.0,1.0,1.0,2.0,6.0,7.0,1.0,0.0,0.0,16.0,16.0,0.2,0.19047619047619047,0.0064,0.0064,0.05,0.22727272727272727,0.7727272727272727,0.4,1.0,1.0,0.30833333333333335,0.49473684210526314,0.0
20260629_152656_9d451bbc,20260629_152656_9d451bbc_g0046,46,746771445,1,16,16,16,1,3,YELLOW,champ_v3,2,3.0,[3],1,101,1,"{""1"": 72, ""2"": 93, ""3"": 101, ""4"": 83}",False,15.0,-23.0,1.0,2.0,1.0,0.0025,646.0,163.625,623.625,14.0,24.0,66.0,234.0,285.625,1757.0,638.625,4.0,17.0,68.0,1.0,1.0,2.0,6.0,7.0,1.0,0.0,0.0,16.0,16.0,0.2,0.19047619047619047,0.0064,0.0064,0.05,0.22727272727272727,0.7727272727272727,0.375,1.0,1.0,0.31666666666666665,0.4894736842105264,0.0
20260629_152656_9d451bbc,20260629_152656_9d451bbc_g0046,46,746771445,1,16,16,16,1,4,GREEN,pool_heuristic,3,3.0,[3],0,83,3,"{""1"": 72, ""2"": 93, ""3"": 101, ""4"": 83}",False,12.0,-29.0,5.0,0.0,1.0,0.0025,510.0,133.125,508.25,12.0,19.0,51.75,185.5,240.0,1893.0,520.25,4.0,17.0,68.0,1.0,1.0,2.0,6.0,7.0,1.0,1.0,1.0,16.0,16.0,0.2,0.19047619047619047,0.0064,0.0064,0.05,0.22727272727272727,0.7727272727272727,0.3,1.0,1.0,0.3416666666666667,0.4342105263157895,0.0
20260629_152656_9d451bbc,20260629_152656_9d451bbc_g0046,46,746771445,2,24,24,24,1,1,RED,pool_l45_100ms,0,3.0,[3],0,72,4,"{""1"": 72, ""2"": 93, ""3"": 101, ""4"": 83}",False,14.0,-42.0,4.0,0.0,2.0,0.005,328.0,85.75,287.75,14.0,18.0,39.0,128.0,88.75,1279.0,301.75,6.0,15.0,58.0,1.0,1.0,2.0,6.0,5.0,0.0,0.0,0.0,24.0,24.0,0.295,0.2857142857142857,0.0096,0.0096,0.075,0.3409090909090909,0.6590909090909091,0.35,1.0,1.0,0.4666666666666667,0.4035087719298245,0.0
20260629_152656_9d451bbc,20260629_152656_9d451bbc_g0046,46,746771445,2,24,24,24,1,2,BLUE,pool_peer_500ms,1,3.0,[3],0,93,2,"{""1"": 72, ""2"": 93, ""3"": 101, ""4"": 83}",False,20.0,-30.0,0.0,11.0,2.0,0.005,468.0,132.375,472.75,18.0,26.0,56.25,162.5,210.0,1139.0,492.75,6.0,15.0,59.0,1.0,1.0,2.0,5.0,6.0,1.0,0.0,0.0,24.0,24.0,0.295,0.2857142857142857,0.0096,0.0096,0.0725,0.32954545454545453,0.6704545454545454,0.5,1.0,1.0,0.4166666666666667,0.5843920145190562,0.0
20260629_152656_9d451bbc,20260629_152656_9d451bbc_g0046,46,746771445,2,24,24,24,1,3,YELLOW,champ_v3,2,3.0,[3],1,101,1,"{""1"": 72, ""2"": 93, ""3"": 101, ""4"": 83}",False,18.0,-34.0,1.0,13.0,2.0,0.005,416.0,116.375,417.375,16.0,20.0,50.25,148.0,183.125,1191.0,435.375,6.0,15.0,59.0,1.0,1.0,2.0,5.0,6.0,1.0,0.0,0.0,24.0,24.0,0.295,0.2857142857142857,0.0096,0.0096,0.0725,0.32954545454545453,0.6704545454545454,0.45,1.0,1.0,0.4333333333333333,0.5698729582577132,0.0
20260629_152656_9d451bbc,20260629_152656_9d451bbc_g0046,46,746771445,2,24,24,24,1,4,GREEN,pool_heuristic,3,3.0,[3],0,83,3,"{""1"": 72, ""2"": 93, ""3"": 101, ""4"": 83}",False,18.0,-34.0,1.0,2.0,2.0,0.005,395.0,119.625,428.75,15.0,20.0,51.75,179.5,162.5,1212.0,446.75,6.0,15.0,58.0,1.0,1.0,2.0,6.0,5.0,1.0,1.0,1.0,24.0,24.0,0.295,0.2857142857142857,0.0096,0.0096,0.075,0.3409090909090909,0.6590909090909091,0.45,1.0,1.0,0.4333333333333333,0.5561403508771929,0.0
20260629_152656_9d451bbc,20260629_152656_9d451bbc_g0046,46,746771445,3,32,32,32,1,1,RED,pool_l45_100ms,0,3.0,[3],0,72,4,"{""1"": 72, ""2"": 93, ""3"": 101, ""4"": 83}",False,13.0,-50.0,4.0,6.0,3.0,0.0075,83.0,31.875,81.625,11.0,10.0,15.0,35.0,10.625,744.0,94.625,8.0,13.0,48.0,1.0,1.0,2.0,6.0,3.0,0.0,0.0,0.0,32.0,32.0,0.3875,0.38095238095238093,0.0128,0.0128,0.1,0.45454545454545453,0.5454545454545454,0.325,1.0,1.0,0.525,0.4407894736842105,0.0
20260629_152656_9d451bbc,20260629_152656_9d451bbc_g0046,46,746771445,3,32,32,32,1,2,BLUE,pool_peer_500ms,1,3.0,[3],0,93,2,"{""1"": 72, ""2"": 93, ""3"": 101, ""4"": 83}",False,20.0,-36.0,0.0,15.0,3.0,0.0075,365.0,106.75,346.25,19.0,26.0,54.75,144.0,102.5,462.0,366.25,8.0,13.0,49.0,1.0,1.0,2.0,5.0,4.0,0.0,0.0,0.0,32.0,32.0,0.3875,0.38095238095238093,0.0128,0.0128,0.0975,0.4431818181818182,0.5568181818181818,0.5,1.0,1.0,0.4666666666666667,0.6032388663967612,0.0
20260629_152656_9d451bbc,20260629_152656_9d451bbc_g0046,46,746771445,3,32,32,32,1,3,YELLOW,champ_v3,2,3.0,[3],1,101,1,"{""1"": 72, ""2"": 93, ""3"": 101, ""4"": 83}",False,22.0,-32.0,1.0,23.0,3.0,0.0075,255.0,76.875,250.0,18.0,20.0,18.0,81.5,112.5,572.0,272.0,8.0,13.0,52.0,1.0,1.0,1.0,4.0,6.0,1.0,0.0,0.0,32.0,32.0,0.3875,0.38095238095238093,0.0128,0.0128,0.09,0.4090909090909091,0.5909090909090909,0.55,1.0,1.0,0.45,0.5935672514619883,0.0
20260629_152656_9d451bbc,20260629_152656_9d451bbc_g0046,46,746771445,3,32,32,32,1,4,GREEN,pool_heuristic,3,3.0,[3],0,83,3,"{""1"": 72, ""2"": 93, ""3"": 101, ""4"": 83}",False,21.0,-34.0,1.0,10.0,3.0,0.0075,124.0,47.5,125.25,17.0,12.0,19.5,53.0,23.75,703.0,146.25,8.0,13.0,48.0,1.0,1.0,2.0,6.0,3.0,0.0,1.0,1.0,32.0,32.0,0.3875,0.38095238095238093,0.0128,0.0128,0.1,0.45454545454545453,0.5454545454545454,0.525,1.0,1.0,0.4583333333333333,0.5263157894736843,0.0
20260629_152656_9d451bbc,20260629_152656_9d451bbc_g0046,46,746771445,4,40,40,40,1,1,RED,pool_l45_100ms,0,3.0,[3],0,72,4,"{""1"": 72, ""2"": 93, ""3"": 101, ""4"": 83}",False,14.0,-59.0,4.0,20.0,9.0,0.0225,40.0,21.375,42.25,11.0,7.0,9.75,14.5,0.0,538.0,56.25,10.0,11.0,38.0,1.0,1.0,2.0,6.0,1.0,0.0,0.0,0.0,40.0,40.0,0.4825,0.47619047619047616,0.016,0.016,0.125,0.5681818181818182,0.4318181818181818,0.35,1.0,1.0,0.6083333333333333,0.41157894736842104,0.0
20260629_152656_9d451bbc,20260629_152656_9d451bbc_g0046,46,746771445,4,40,40,40,1,2,BLUE,pool_peer_500ms,1,3.0,[3],0,93,2,"{""1"": 72, ""2"": 93, ""3"": 101, ""4"": 83}",False,23.0,-41.0,0.0,26.0,9.0,0.0225,289.0,92.625,269.25,22.0,28.0,56.25,105.5,57.5,289.0,292.25,10.0,11.0,40.0,1.0,1.0,2.0,4.0,3.0,0.0,0.0,0.0,40.0,40.0,0.4825,0.47619047619047616,0.016,0.016,0.12,0.5454545454545454,0.45454545454545453,0.575,1.0,1.0,0.5333333333333333,0.5855263157894737,0.0
20260629_152656_9d451bbc,20260629_152656_9d451bbc_g0046,46,746771445,4,40,40,40,1,3,YELLOW,champ_v3,2,3.0,[3],1,101,1,"{""1"": 72, ""2"": 93, ""3"": 101, ""4"": 83}",False,26.0,-35.0,1.0,32.0,9.0,0.0225,172.0,58.125,167.5,19.0,17.0,15.0,46.5,70.0,406.0,193.5,10.0,11.0,43.0,1.0,1.0,1.0,3.0,5.0,1.0,0.0,0.0,40.0,40.0,0.4825,0.47619047619047616,0.016,0.016,0.1125,0.5113636363636364,0.48863636363636365,0.65,1.0,1.0,0.5083333333333333,0.5847953216374269,0.0
20260629_152656_9d451bbc,20260629_152656_9d451bbc_g0046,46,746771445,4,40,40,40,1,4,GREEN,pool_heuristic,3,3.0,[3],0,83,3,"{""1"": 72, ""2"": 93, ""3"": 101, ""4"": 83}",False,24.0,-39.0,1.0,16.0,9.0,0.0225,77.0,36.375,80.25,17.0,11.0,12.75,34.5,5.0,501.0,104.25,10.0,11.0,38.0,1.0,1.0,2.0,6.0,1.0,0.0,0.0,1.0,40.0,40.0,0.4825,0.47619047619047616,0.016,0.016,0.125,0.5681818181818182,0.4318181818181818,0.6,1.0,1.0,0.525,0.47578947368421043,0.0
20260629_152656_9d451bbc,20260629_152656_9d451bbc_g0046,46,746771445,5,48,48,48,1,1,RED,pool_l45_100ms,0,3.0,[3],0,72,4,"{""1"": 72, ""2"": 93, ""3"": 101, ""4"": 83}",False,11.0,-62.0,4.0,27.0,24.0,0.06,16.0,9.25,15.5,6.0,2.0,4.5,3.0,0.0,228.0,26.5,12.0,9.0,30.0,1.0,1.0,2.0,4.0,1.0,0.0,0.0,0.0,48.0,48.0,0.5725,0.5714285714285714,0.0192,0.0192,0.145,0.6590909090909091,0.3409090909090909,0.275,0.7166666666666667,1.0,0.6083333333333333,0.4019963702359346,0.0
20260629_152656_9d451bbc,20260629_152656_9d451bbc_g0046,46,746771445,5,48,48,48,1,2,BLUE,pool_peer_500ms,1,3.0,[3],0,93,2,"{""1"": 72, ""2"": 93, ""3"": 101, ""4"": 83}",False,24.0,-36.0,0.0,37.0,24.0,0.06,121.0,52.625,126.0,19.0,21.0,30.0,38.5,17.5,123.0,150.0,12.0,9.0,31.0,1.0,1.0,2.0,3.0,2.0,0.0,0.0,0.0,48.0,48.0,0.5725,0.5714285714285714,0.0192,0.0192,0.1425,0.6477272727272727,0.3522727272727273,0.6,1.0,1.0,0.5,0.5595567867036011,0.0
20260629_152656_9d451bbc,20260629_152656_9d451bbc_g0046,46,746771445,5,48,48,48,1,3,YELLOW,champ_v3,2,3.0,[3],1,101,1,"{""1"": 72, ""2"": 93, ""3"": 101, ""4"": 83}",False,26.0,-32.0,1.0,40.0,24.0,0.06,80.0,35.875,76.625,18.0,13.0,9.0,21.0,15.625,164.0,102.625,12.0,9.0,33.0,1.0,1.0,1.0,3.0,3.0,1.0,0.0,0.0,48.0,48.0,0.5725,0.5714285714285714,0.0192,0.0192,0.1375,0.625,0.375,0.65,1.0,1.0,0.4833333333333333,0.585645933014354,0.0
20260629_152656_9d451bbc,20260629_152656_9d451bbc_g0046,46,746771445,5,48,48,48,1,4,GREEN,pool_heuristic,3,3.0,[3],0,83,3,"{""1"": 72, ""2"": 93, ""3"": 101, ""4"": 83}",False,23.0,-38.0,1.0,29.0,24.0,0.06,27.0,19.375,28.25,14.0,6.0,3.75,4.5,0.0,217.0,51.25,12.0,9.0,29.0,1.0,1.0,2.0,5.0,0.0,0.0,0.0,0.0,48.0,48.0,0.5725,0.5714285714285714,0.0192,0.0192,0.1475,0.6704545454545454,0.32954545454545453,0.575,1.0,0.8,0.5083333333333333,0.487957181088314,0.0
20260629_152656_9d451bbc,20260629_152656_9d451bbc_g0046,46,746771445,6,56,56,56,1,1,RED,pool_l45_100ms,0,3.0,[3],0,72,4,"{""1"": 72, ""2"": 93, ""3"": 101, ""4"": 83}",False,9.0,-62.0,4.0,38.0,28.0,0.07,4.0,4.0,4.0,4.0,0.0,0.0,0.0,0.0,93.0,13.0,14.0,7.0,22.0,1.0,1.0,2.0,2.0,1.0,0.0,0.0,0.0,56.0,56.0,0.65,0.6666666666666666,0.0224,0.0224,0.165,0.75,0.25,0.225,0.23333333333333334,1.0,0.5916666666666667,0.3971291866028708,0.0
20260629_152656_9d451bbc,20260629_152656_9d451bbc_g0046,46,746771445,6,56,56,56,1,2,BLUE,pool_peer_500ms,1,3.0,[3],0,93,2,"{""1"": 72, ""2"": 93, ""3"": 101, ""4"": 83}",False,24.0,-32.0,0.0,45.0,28.0,0.07,36.0,23.5,40.0,17.0,0.0,12.75,4.0,6.25,61.0,64.0,14.0,7.0,25.0,1.0,0.0,2.0,2.0,2.0,0.0,0.0,0.0,56.0,56.0,0.65,0.6666666666666666,0.0224,0.0224,0.1575,0.7159090909090909,0.2840909090909091,0.6,0.8833333333333333,1.0,0.4666666666666667,0.5588972431077694,0.0
20260629_152656_9d451bbc,20260629_152656_9d451bbc_g0046,46,746771445,6,56,56,56,1,3,YELLOW,champ_v3,2,3.0,[3],1,101,1,"{""1"": 72, ""2"": 93, ""3"": 101, ""4"": 83}",False,25.0,-30.0,1.0,50.0,28.0,0.07,45.0,24.75,41.0,16.0,9.0,4.5,9.0,2.5,52.0,66.0,14.0,7.0,23.0,1.0,1.0,1.0,3.0,1.0,0.0,0.0,0.0,56.0,56.0,0.65,0.6666666666666666,0.0224,0.0224,0.1625,0.7386363636363636,0.26136363636363635,0.625,1.0,1.0,0.4583333333333333,0.557085020242915,0.0
20260629_152656_9d451bbc,20260629_152656_9d451bbc_g0046,46,746771445,6,56,56,56,1,4,GREEN,pool_heuristic,3,3.0,[3],0,83,3,"{""1"": 72, ""2"": 93, ""3"": 101, ""4"": 83}",False,22.0,-36.0,1.0,42.0,28.0,0.07,12.0,11.0,12.0,10.0,2.0,0.0,0.0,0.0,85.0,34.0,14.0,7.0,22.0,1.0,1.0,1.0,4.0,0.0,0.0,0.0,0.0,56.0,56.0,0.65,0.6666666666666666,0.0224,0.0224,0.165,0.75,0.25,0.55,1.0,0.8,0.4833333333333333,0.47846889952153115,0.0
20260629_152656_9d451bbc,20260629_152656_9d451bbc_g0046,46,746771445,7,64,64,66,3,1,RED,pool_l45_100ms,0,3.0,[3],0,72,4,"{""1"": 72, ""2"": 93, ""3"": 101, ""4"": 83}",False,8.0,-63.0,4.0,47.0,19.0,0.0475,0.0,0.0,0.0,0.0,0.0,0.0,0.0,0.0,38.0,8.0,15.0,6.0,21.0,0.0,1.0,2.0,2.0,1.0,0.0,0.0,0.0,64.0,66.0,0.715,0.7142857142857143,0.0264,0.0256,0.1675,0.7613636363636364,0.23863636363636365,0.2,0.23333333333333334,1.0,0.5916666666666667,0.3982717989002357,0.0
20260629_152656_9d451bbc,20260629_152656_9d451bbc_g0046,46,746771445,7,64,64,66,3,2,BLUE,pool_peer_500ms,1,3.0,[3],0,93,2,"{""1"": 72, ""2"": 93, ""3"": 101, ""4"": 83}",False,20.0,-39.0,0.0,58.0,19.0,0.0475,5.0,1.75,5.25,0.0,0.0,5.25,0.0,0.0,33.0,25.25,17.0,4.0,14.0,0.0,0.0,2.0,2.0,0.0,0.0,0.0,0.0,64.0,66.0,0.715,0.8095238095238095,0.0264,0.0256,0.185,0.8409090909090909,0.1590909090909091,0.5,0.6166666666666667,0.8,0.4916666666666667,0.539118065433855,0.0
20260629_152656_9d451bbc,20260629_152656_9d451bbc_g0046,46,746771445,7,64,64,66,3,3,YELLOW,champ_v3,2,3.0,[3],1,101,1,"{""1"": 72, ""2"": 93, ""3"": 101, ""4"": 83}",False,27.0,-25.0,1.0,58.0,19.0,0.0475,28.0,22.25,27.5,18.0,7.0,1.5,1.0,0.0,10.0,54.5,16.0,5.0,14.0,1.0,1.0,1.0,2.0,0.0,0.0,0.0,0.0,64.0,66.0,0.715,0.7619047619047619,0.0264,0.0256,0.185,0.8409090909090909,0.1590909090909091,0.675,0.8666666666666667,0.8,0.4333333333333333,0.5206258890469416,0.0
20260629_152656_9d451bbc,20260629_152656_9d451bbc_g0046,46,746771445,7,64,64,66,3,4,GREEN,pool_heuristic,3,3.0,[3],0,83,3,"{""1"": 72, ""2"": 93, ""3"": 101, ""4"": 83}",False,24.0,-31.0,1.0,49.0,19.0,0.0475,5.0,2.0,4.5,0.0,3.0,1.5,0.0,0.0,33.0,28.5,16.0,5.0,17.0,0.0,1.0,1.0,3.0,0.0,0.0,0.0,0.0,64.0,66.0,0.715,0.7619047619047619,0.0264,0.0256,0.1775,0.8068181818181818,0.19318181818181818,0.6,1.0,0.8,0.4583333333333333,0.46478873239436624,0.0
20260629_152656_9d451bbc,20260629_152656_9d451bbc_g0047,47,1257797512,0,8,8,8,1,1,RED,pool_peer_500ms,0,2.0,[2],0,97,2,"{""1"": 97, ""2"": 116, ""3"": 76, ""4"": 63}",False,9.0,-13.0,9.0,0.0,0.0,0.0,543.0,122.625,488.75,9.0,15.0,41.25,153.5,270.0,1335.0,497.75,2.0,19.0,78.0,1.0,1.0,2.0,6.0,9.0,1.0,0.0,0.0,8.0,8.0,0.1,0.09523809523809523,0.0032,0.0032,0.025,0.11363636363636363,0.8863636363636364,0.225,1.0,1.0,0.18333333333333332,0.23684210526315785,0.0
20260629_152656_9d451bbc,20260629_152656_9d451bbc_g0047,47,1257797512,0,8,8,8,1,2,BLUE,champ_v3,1,2.0,[2],1,116,1,"{""1"": 97, ""2"": 116, ""3"": 76, ""4"": 63}",False,9.0,-13.0,9.0,0.0,0.0,0.0,543.0,122.625,488.75,9.0,15.0,41.25,153.5,270.0,1335.0,497.75,2.0,19.0,78.0,1.0,1.0,2.0,6.0,9.0,1.0,0.0,0.0,8.0,8.0,0.1,0.09523809523809523,0.0032,0.0032,0.025,0.11363636363636363,0.8863636363636364,0.225,1.0,1.0,0.18333333333333332,0.23684210526315785,0.0
20260629_152656_9d451bbc,20260629_152656_9d451bbc_g0047,47,1257797512,0,8,8,8,1,3,YELLOW,pool_heuristic,2,2.0,[2],0,76,3,"{""1"": 97, ""2"": 116, ""3"": 76, ""4"": 63}",False,6.0,-19.0,9.0,0.0,0.0,0.0,348.0,89.75,362.625,6.0,10.0,28.5,112.5,205.625,1530.0,368.625,2.0,19.0,78.0,1.0,1.0,2.0,6.0,9.0,1.0,1.0,1.0,8.0,8.0,0.1,0.09523809523809523,0.0032,0.0032,0.025,0.11363636363636363,0.8863636363636364,0.15,1.0,1.0,0.20833333333333334,0.2315789473684211,0.0
20260629_152656_9d451bbc,20260629_152656_9d451bbc_g0047,47,1257797512,0,8,8,8,1,4,GREEN,pool_l45_100ms,3,2.0,[2],0,63,4,"{""1"": 97, ""2"": 116, ""3"": 76, ""4"": 63}",False,7.0,-17.0,9.0,0.0,0.0,0.0,444.0,103.25,415.125,7.0,12.0,33.75,130.5,231.875,1434.0,422.125,2.0,19.0,78.0,1.0,1.0,2.0,6.0,9.0,1.0,1.0,0.0,8.0,8.0,0.1,0.09523809523809523,0.0032,0.0032,0.025,0.11363636363636363,0.8863636363636364,0.175,1.0,1.0,0.2,0.20526315789473681,0.0
20260629_152656_9d451bbc,20260629_152656_9d451bbc_g0047,47,1257797512,1,16,16,16,1,1,RED,pool_peer_500ms,0,2.0,[2],0,97,2,"{""1"": 97, ""2"": 116, ""3"": 76, ""4"": 63}",False,16.0,-23.0,0.0,2.0,4.0,0.01,621.0,157.375,603.625,14.0,22.0,60.0,217.0,290.625,1767.0,619.625,4.0,17.0,68.0,1.0,1.0,2.0,6.0,7.0,1.0,0.0,0.0,16.0,16.0,0.2,0.19047619047619047,0.0064,0.0064,0.05,0.22727272727272727,0.7727272727272727,0.4,1.0,1.0,0.325,0.49473684210526314,0.0
20260629_152656_9d451bbc,20260629_152656_9d451bbc_g0047,47,1257797512,1,16,16,16,1,2,BLUE,champ_v3,1,2.0,[2],1,116,1,"{""1"": 97, ""2"": 116, ""3"": 76, ""4"": 63}",False,15.0,-25.0,1.0,2.0,4.0,0.01,706.0,178.5,684.375,15.0,26.0,69.75,250.5,323.125,1682.0,699.375,4.0,17.0,68.0,1.0,1.0,2.0,6.0,7.0,1.0,0.0,0.0,16.0,16.0,0.2,0.19047619047619047,0.0064,0.0064,0.05,0.22727272727272727,0.7727272727272727,0.375,1.0,1.0,0.33333333333333337,0.4894736842105264,0.0
20260629_152656_9d451bbc,20260629_152656_9d451bbc_g0047,47,1257797512,1,16,16,16,1,3,YELLOW,pool_heuristic,2,2.0,[2],0,76,3,"{""1"": 97, ""2"": 116, ""3"": 76, ""4"": 63}",False,14.0,-27.0,2.0,0.0,4.0,0.01,566.0,167.25,646.5,14.0,23.0,60.75,235.0,313.75,1822.0,660.5,4.0,17.0,68.0,1.0,1.0,2.0,6.0,7.0,1.0,1.0,1.0,16.0,16.0,0.2,0.19047619047619047,0.0064,0.0064,0.05,0.22727272727272727,0.7727272727272727,0.35,1.0,1.0,0.3416666666666667,0.4842105263157894,0.0
20260629_152656_9d451bbc,20260629_152656_9d451bbc_g0047,47,1257797512,1,16,16,16,1,4,GREEN,pool_l45_100ms,3,2.0,[2],0,63,4,"{""1"": 97, ""2"": 116, ""3"": 76, ""4"": 63}",False,10.0,-35.0,7.0,0.0,4.0,0.01,495.0,115.75,442.375,10.0,17.0,43.5,167.5,204.375,1893.0,452.375,4.0,17.0,68.0,1.0,1.0,2.0,6.0,7.0,1.0,0.0,0.0,16.0,16.0,0.2,0.19047619047619047,0.0064,0.0064,0.05,0.22727272727272727,0.7727272727272727,0.25,1.0,1.0,0.375,0.3131578947368421,0.0
20260629_152656_9d451bbc,20260629_152656_9d451bbc_g0047,47,1257797512,2,24,24,24,1,1,RED,pool_peer_500ms,0,2.0,[2],0,97,2,"{""1"": 97, ""2"": 116, ""3"": 76, ""4"": 63}",False,21.0,-33.0,0.0,14.0,6.0,0.015,516.0,140.875,505.75,17.0,24.0,61.5,214.5,188.75,1236.0,526.75,6.0,15.0,58.0,1.0,1.0,2.0,6.0,5.0,1.0,0.0,0.0,24.0,24.0,0.2975,0.2857142857142857,0.0096,0.0096,0.075,0.3409090909090909,0.6590909090909091,0.525,1.0,1.0,0.45,0.5859649122807018,0.0
20260629_152656_9d451bbc,20260629_152656_9d451bbc_g0047,47,1257797512,2,24,24,24,1,2,BLUE,champ_v3,1,2.0,[2],1,116,1,"{""1"": 97, ""2"": 116, ""3"": 76, ""4"": 63}",False,19.0,-37.0,1.0,9.0,6.0,0.015,556.0,153.625,559.75,18.0,28.0,69.75,191.5,252.5,1196.0,578.75,6.0,15.0,59.0,1.0,1.0,2.0,5.0,6.0,1.0,0.0,0.0,24.0,24.0,0.2975,0.2857142857142857,0.0096,0.0096,0.0725,0.32954545454545453,0.6704545454545454,0.475,1.0,1.0,0.4666666666666667,0.5680580762250453,0.0
20260629_152656_9d451bbc,20260629_152656_9d451bbc_g0047,47,1257797512,2,24,24,24,1,3,YELLOW,pool_heuristic,2,2.0,[2],0,76,3,"{""1"": 97, ""2"": 116, ""3"": 76, ""4"": 63}",False,20.0,-35.0,2.0,11.0,6.0,0.015,373.0,109.25,376.625,16.0,21.0,49.5,164.5,125.625,1379.0,396.625,6.0,15.0,58.0,1.0,1.0,2.0,6.0,5.0,0.0,1.0,0.0,24.0,24.0,0.2975,0.2857142857142857,0.0096,0.0096,0.075,0.3409090909090909,0.6590909090909091,0.5,1.0,1.0,0.4583333333333333,0.5210526315789474,0.0
20260629_152656_9d451bbc,20260629_152656_9d451bbc_g0047,47,1257797512,2,24,24,24,1,4,GREEN,pool_l45_100ms,3,2.0,[2],0,63,4,"{""1"": 97, ""2"": 116, ""3"": 76, ""4"": 63}",False,15.0,-45.0,4.0,5.0,6.0,0.015,307.0,81.125,271.375,13.0,17.0,39.0,123.0,79.375,1445.0,286.375,6.0,15.0,58.0,1.0,1.0,2.0,6.0,5.0,0.0,0.0,0.0,24.0,24.0,0.2975,0.2857142857142857,0.0096,0.0096,0.075,0.3409090909090909,0.6590909090909091,0.375,1.0,1.0,0.5,0.43333333333333324,0.0
20260629_152656_9d451bbc,20260629_152656_9d451bbc_g0047,47,1257797512,3,32,32,32,1,1,RED,pool_peer_500ms,0,2.0,[2],0,97,2,"{""1"": 97, ""2"": 116, ""3"": 76, ""4"": 63}",False,25.0,-43.0,0.0,21.0,5.0,0.0125,302.0,92.5,293.625,19.0,21.0,48.0,117.5,88.125,599.0,318.625,8.0,13.0,49.0,1.0,1.0,2.0,5.0,4.0,0.0,0.0,0.0,32.0,32.0,0.395,0.38095238095238093,0.0128,0.0128,0.0975,0.4431818181818182,0.5568181818181818,0.625,1.0,1.0,0.5666666666666667,0.592442645074224,0.0
20260629_152656_9d451bbc,20260629_152656_9d451bbc_g0047,47,1257797512,3,32,32,32,1,2,BLUE,champ_v3,1,2.0,[2],1,116,1,"{""1"": 97, ""2"": 116, ""3"": 76, ""4"": 63}",False,26.0,-41.0,1.0,18.0,5.0,0.0125,335.0,106.625,347.625,21.0,22.0,50.25,140.0,114.375,566.0,373.625,8.0,13.0,49.0,1.0,1.0,2.0,5.0,4.0,1.0,0.0,0.0,32.0,32.0,0.395,0.38095238095238093,0.0128,0.0128,0.0975,0.4431818181818182,0.5568181818181818,0.65,1.0,1.0,0.5583333333333333,0.573549257759784,0.0
20260629_152656_9d451bbc,20260629_152656_9d451bbc_g0047,47,1257797512,3,32,32,32,1,3,YELLOW,pool_heuristic,2,2.0,[2],0,76,3,"{""1"": 97, ""2"": 116, ""3"": 76, ""4"": 63}",False,25.0,-43.0,2.0,12.0,5.0,0.0125,187.0,71.0,199.75,21.0,18.0,32.25,91.0,37.5,714.0,224.75,8.0,13.0,48.0,1.0,1.0,2.0,6.0,3.0,0.0,1.0,0.0,32.0,32.0,0.395,0.38095238095238093,0.0128,0.0128,0.1,0.45454545454545453,0.5454545454545454,0.625,1.0,1.0,0.5666666666666667,0.5368421052631578,0.0
20260629_152656_9d451bbc,20260629_152656_9d451bbc_g0047,47,1257797512,3,32,32,32,1,4,GREEN,pool_l45_100ms,3,2.0,[2],0,63,4,"{""1"": 97, ""2"": 116, ""3"": 76, ""4"": 63}",False,17.0,-59.0,4.0,10.0,5.0,0.0125,77.0,31.125,77.75,12.0,9.0,14.25,27.5,15.0,824.0,94.75,8.0,13.0,48.0,1.0,1.0,2.0,6.0,3.0,0.0,0.0,0.0,32.0,32.0,0.395,0.38095238095238093,0.0128,0.0128,0.1,0.45454545454545453,0.5454545454545454,0.425,1.0,1.0,0.6333333333333333,0.4473684210526315,0.0
20260629_152656_9d451bbc,20260629_152656_9d451bbc_g0047,47,1257797512,4,40,40,40,1,1,RED,pool_peer_500ms,0,2.0,[2],0,97,2,"{""1"": 97, ""2"": 116, ""3"": 76, ""4"": 63}",False,25.0,-41.0,0.0,27.0,9.0,0.0225,139.0,57.0,150.25,18.0,17.0,32.25,63.0,20.0,307.0,175.25,10.0,11.0,39.0,1.0,1.0,2.0,5.0,2.0,0.0,0.0,0.0,40.0,40.0,0.49,0.47619047619047616,0.016,0.016,0.1225,0.5568181818181818,0.4431818181818182,0.625,1.0,1.0,0.55,0.5757250268528464,0.0
20260629_152656_9d451bbc,20260629_152656_9d451bbc_g0047,47,1257797512,4,40,40,40,1,2,BLUE,champ_v3,1,2.0,[2],1,116,1,"{""1"": 97, ""2"": 116, ""3"": 76, ""4"": 63}",False,30.0,-31.0,1.0,29.0,9.0,0.0225,202.0,79.75,229.25,22.0,22.0,45.75,72.0,67.5,244.0,259.25,10.0,11.0,41.0,1.0,1.0,2.0,3.0,4.0,1.0,0.0,0.0,40.0,40.0,0.49,0.47619047619047616,0.016,0.016,0.1175,0.5340909090909091,0.4659090909090909,0.75,1.0,1.0,0.5083333333333333,0.574468085106383,0.0
20260629_152656_9d451bbc,20260629_152656_9d451bbc_g0047,47,1257797512,4,40,40,40,1,3,YELLOW,pool_heuristic,2,2.0,[2],0,76,3,"{""1"": 97, ""2"": 116, ""3"": 76, ""4"": 63}",False,24.0,-43.0,2.0,17.0,9.0,0.0225,90.0,41.625,94.25,19.0,12.0,14.25,41.5,7.5,356.0,118.25,10.0,11.0,38.0,1.0,1.0,2.0,6.0,1.0,0.0,0.0,0.0,40.0,40.0,0.49,0.47619047619047616,0.016,0.016,0.125,0.5681818181818182,0.4318181818181818,0.6,1.0,1.0,0.5583333333333333,0.491578947368421,0.0
20260629_152656_9d451bbc,20260629_152656_9d451bbc_g0047,47,1257797512,4,40,40,40,1,4,GREEN,pool_l45_100ms,3,2.0,[2],0,63,4,"{""1"": 97, ""2"": 116, ""3"": 76, ""4"": 63}",False,12.0,-67.0,4.0,10.0,9.0,0.0225,15.0,9.75,14.375,7.0,3.0,2.25,1.5,0.625,431.0,26.375,10.0,11.0,38.0,1.0,1.0,2.0,6.0,1.0,0.0,0.0,0.0,40.0,40.0,0.49,0.47619047619047616,0.016,0.016,0.125,0.5681818181818182,0.4318181818181818,0.3,1.0,1.0,0.6583333333333333,0.42315789473684207,0.0
20260629_152656_9d451bbc,20260629_152656_9d451bbc_g0047,47,1257797512,5,48,48,48,1,1,RED,pool_peer_500ms,0,2.0,[2],0,97,2,"{""1"": 97, ""2"": 116, ""3"": 76, ""4"": 63}",False,30.0,-36.0,0.0,40.0,13.0,0.0325,54.0,33.625,55.25,20.0,14.0,15.75,5.5,0.0,119.0,85.25,12.0,9.0,30.0,1.0,1.0,2.0,4.0,1.0,0.0,0.0,0.0,48.0,48.0,0.575,0.5714285714285714,0.0192,0.0192,0.145,0.6590909090909091,0.3409090909090909,0.75,1.0,1.0,0.55,0.5644283121597096,0.0
20260629_152656_9d451bbc,20260629_152656_9d451bbc_g0047,47,1257797512,5,48,48,48,1,2,BLUE,champ_v3,1,2.0,[2],1,116,1,"{""1"": 97, ""2"": 116, ""3"": 76, ""4"": 63}",False,31.0,-34.0,1.0,38.0,13.0,0.0325,76.0,39.75,86.25,18.0,14.0,19.5,26.0,8.75,97.0,117.25,12.0,9.0,31.0,1.0,1.0,2.0,3.0,2.0,0.0,0.0,0.0,48.0,48.0,0.575,0.5714285714285714,0.0192,0.0192,0.1425,0.6477272727272727,0.3522727272727273,0.775,1.0,1.0,0.5416666666666667,0.5678670360110802,0.0
20260629_152656_9d451bbc,20260629_152656_9d451bbc_g0047,47,1257797512,5,48,48,48,1,3,YELLOW,pool_heuristic,2,2.0,[2],0,76,3,"{""1"": 97, ""2"": 116, ""3"": 76, ""4"": 63}",False,25.0,-46.0,2.0,26.0,13.0,0.0325,37.0,26.375,42.0,18.0,9.0,4.5,5.5,5.0,136.0,67.0,12.0,9.0,30.0,1.0,1.0,2.0,4.0,1.0,0.0,0.0,0.0,48.0,48.0,0.575,0.5714285714285714,0.0192,0.0192,0.145,0.6590909090909091,0.3409090909090909,0.625,1.0,1.0,0.5916666666666667,0.4718693284936478,0.0
20260629_152656_9d451bbc,20260629_152656_9d451bbc_g0047,47,1257797512,5,48,48,48,1,4,GREEN,pool_l45_100ms,3,2.0,[2],0,63,4,"{""1"": 97, ""2"": 116, ""3"": 76, ""4"": 63}",False,10.0,-76.0,4.0,17.0,13.0,0.0325,6.0,6.0,6.0,6.0,0.0,0.0,0.0,0.0,167.0,16.0,12.0,9.0,31.0,1.0,0.0,2.0,6.0,0.0,0.0,0.0,0.0,48.0,48.0,0.575,0.5714285714285714,0.0192,0.0192,0.1425,0.6477272727272727,0.3522727272727273,0.25,0.9166666666666666,0.8,0.7166666666666667,0.43951985226223445,0.0
20260629_152656_9d451bbc,20260629_152656_9d451bbc_g0047,47,1257797512,6,56,56,57,2,1,RED,pool_peer_500ms,0,2.0,[2],0,97,2,"{""1"": 97, ""2"": 116, ""3"": 76, ""4"": 63}",False,27.0,-38.0,0.0,49.0,26.0,0.065,9.0,4.5,10.0,0.0,7.0,3.0,0.0,0.0,59.0,37.0,15.0,6.0,22.0,0.0,1.0,1.0,3.0,1.0,0.0,0.0,0.0,56.0,57.0,0.6375,0.7142857142857143,0.0228,0.0224,0.165,0.75,0.25,0.675,0.8666666666666667,1.0,0.5416666666666667,0.5940988835725678,0.0
20260629_152656_9d451bbc,20260629_152656_9d451bbc_g0047,47,1257797512,6,56,56,57,2,2,BLUE,champ_v3,1,2.0,[2],1,116,1,"{""1"": 97, ""2"": 116, ""3"": 76, ""4"": 63}",False,31.0,-30.0,1.0,45.0,26.0,0.065,42.0,26.25,44.0,16.0,10.0,9.75,7.0,1.25,26.0,75.0,14.0,7.0,22.0,1.0,1.0,2.0,2.0,1.0,0.0,0.0,0.0,56.0,57.0,0.6375,0.6666666666666666,0.0228,0.0224,0.165,0.75,0.25,0.775,1.0,1.0,0.5083333333333333,0.5462519936204147,0.0
20260629_152656_9d451bbc,20260629_152656_9d451bbc_g0047,47,1257797512,6,56,56,57,2,3,YELLOW,pool_heuristic,2,2.0,[2],0,76,3,"{""1"": 97, ""2"": 116, ""3"": 76, ""4"": 63}",False,25.0,-42.0,2.0,31.0,26.0,0.065,17.0,15.5,16.5,15.0,0.0,1.5,0.0,0.0,51.0,41.5,14.0,7.0,23.0,1.0,0.0,2.0,4.0,0.0,0.0,0.0,0.0,56.0,57.0,0.6375,0.6666666666666666,0.0228,0.0224,0.1625,0.7386363636363636,0.26136363636363635,0.625,0.9333333333333333,0.8,0.5583333333333333,0.4582995951417004,0.0
20260629_152656_9d451bbc,20260629_152656_9d451bbc_g0047,47,1257797512,6,56,56,57,2,4,GREEN,pool_l45_100ms,3,2.0,[2],0,63,4,"{""1"": 97, ""2"": 116, ""3"": 76, ""4"": 63}",False,9.0,-74.0,4.0,22.0,26.0,0.065,0.0,0.0,0.0,0.0,0.0,0.0,0.0,0.0,68.0,9.0,13.0,8.0,30.0,0.0,0.0,2.0,6.0,0.0,0.0,0.0,0.0,56.0,57.0,0.6375,0.6190476190476191,0.0228,0.0224,0.145,0.6590909090909091,0.3409090909090909,0.225,0.65,0.8,0.6916666666666667,0.441016333938294,0.0
20260629_152656_9d451bbc,20260629_152656_9d451bbc_g0047,47,1257797512,7,64,64,69,2,1,RED,pool_peer_500ms,0,2.0,[2],0,97,2,"{""1"": 97, ""2"": 116, ""3"": 76, ""4"": 63}",False,25.0,-37.0,0.0,66.0,30.0,0.075,0.0,0.0,0.0,0.0,0.0,0.0,0.0,0.0,23.0,25.0,18.0,3.0,12.0,0.0,0.0,0.0,3.0,0.0,0.0,0.0,0.0,64.0,69.0,0.7025,0.8571428571428571,0.0276,0.0256,0.19,0.8636363636363636,0.13636363636363635,0.625,0.5833333333333334,0.8,0.5166666666666667,0.5623268698060941,0.0
20260629_152656_9d451bbc,20260629_152656_9d451bbc_g0047,47,1257797512,7,64,64,69,2,2,BLUE,champ_v3,1,2.0,[2],1,116,1,"{""1"": 97, ""2"": 116, ""3"": 76, ""4"": 63}",False,30.0,-27.0,1.0,56.0,30.0,0.075,23.0,18.0,26.5,13.0,5.0,4.5,4.0,0.0,0.0,56.5,17.0,4.0,10.0,1.0,1.0,1.0,1.0,0.0,0.0,0.0,0.0,64.0,69.0,0.7025,0.8095238095238095,0.0276,0.0256,0.195,0.8863636363636364,0.11363636363636363,0.75,0.9,0.8,0.475,0.5020242914979758,0.0
20260629_152656_9d451bbc,20260629_152656_9d451bbc_g0047,47,1257797512,7,64,64,69,2,3,YELLOW,pool_heuristic,2,2.0,[2],0,76,3,"{""1"": 97, ""2"": 116, ""3"": 76, ""4"": 63}",False,23.0,-41.0,2.0,37.0,30.0,0.075,0.0,0.0,0.0,0.0,0.0,0.0,0.0,0.0,23.0,23.0,16.0,5.0,19.0,0.0,0.0,1.0,4.0,0.0,0.0,0.0,0.0,64.0,69.0,0.7025,0.7619047619047619,0.0276,0.0256,0.1725,0.7840909090909091,0.2159090909090909,0.575,0.7833333333333333,0.8,0.5333333333333333,0.45995423340961106,0.0
20260629_152656_9d451bbc,20260629_152656_9d451bbc_g0047,47,1257797512,7,64,64,69,2,4,GREEN,pool_l45_100ms,3,2.0,[2],0,63,4,"{""1"": 97, ""2"": 116, ""3"": 76, ""4"": 63}",False,9.0,-69.0,4.0,30.0,30.0,0.075,0.0,0.0,0.0,0.0,0.0,0.0,0.0,0.0,23.0,9.0,13.0,8.0,30.0,0.0,0.0,2.0,6.0,0.0,0.0,0.0,0.0,64.0,69.0,0.7025,0.6190476190476191,0.0276,0.0256,0.145,0.6590909090909091,0.3409090909090909,0.225,0.4,0.8,0.65,0.441016333938294,0.0
20260629_152656_9d451bbc,20260629_152656_9d451bbc_g0048,48,707338987,0,8,8,8,1,1,RED,champ_v3,0,1.0,[1],1,118,1,"{""1"": 118, ""2"": 75, ""3"": 69, ""4"": 80}",False,9.0,-13.0,9.0,0.0,0.0,0.0,543.0,122.625,488.75,9.0,15.0,41.25,153.5,270.0,1344.0,497.75,2.0,19.0,78.0,1.0,1.0,2.0,6.0,9.0,1.0,0.0,0.0,8.0,8.0,0.1,0.09523809523809523,0.0032,0.0032,0.025,0.11363636363636363,0.8863636363636364,0.225,1.0,1.0,0.18333333333333332,0.23684210526315785,0.0
20260629_152656_9d451bbc,20260629_152656_9d451bbc_g0048,48,707338987,0,8,8,8,1,2,BLUE,pool_heuristic,1,1.0,[1],0,75,3,"{""1"": 118, ""2"": 75, ""3"": 69, ""4"": 80}",False,6.0,-19.0,9.0,0.0,0.0,0.0,437.0,104.5,427.75,6.0,11.0,32.25,131.0,247.5,1450.0,433.75,2.0,19.0,78.0,1.0,1.0,2.0,6.0,9.0,1.0,1.0,1.0,8.0,8.0,0.1,0.09523809523809523,0.0032,0.0032,0.025,0.11363636363636363,0.8863636363636364,0.15,1.0,1.0,0.20833333333333334,0.25263157894736843,0.0
20260629_152656_9d451bbc,20260629_152656_9d451bbc_g0048,48,707338987,0,8,8,8,1,3,YELLOW,pool_l45_100ms,2,1.0,[1],0,69,4,"{""1"": 118, ""2"": 75, ""3"": 69, ""4"": 80}",False,7.0,-17.0,9.0,0.0,0.0,0.0,364.0,86.0,341.875,7.0,10.0,27.0,108.5,189.375,1523.0,348.875,2.0,19.0,78.0,1.0,1.0,2.0,6.0,9.0,1.0,1.0,0.0,8.0,8.0,0.1,0.09523809523809523,0.0032,0.0032,0.025,0.11363636363636363,0.8863636363636364,0.175,1.0,1.0,0.2,0.17368421052631577,0.0
20260629_152656_9d451bbc,20260629_152656_9d451bbc_g0048,48,707338987,0,8,8,8,1,4,GREEN,pool_peer_500ms,3,1.0,[1],0,80,2,"{""1"": 118, ""2"": 75, ""3"": 69, ""4"": 80}",False,9.0,-13.0,9.0,0.0,0.0,0.0,543.0,122.625,488.75,9.0,15.0,41.25,153.5,270.0,1344.0,497.75,2.0,19.0,78.0,1.0,1.0,2.0,6.0,9.0,1.0,0.0,0.0,8.0,8.0,0.1,0.09523809523809523,0.0032,0.0032,0.025,0.11363636363636363,0.8863636363636364,0.225,1.0,1.0,0.18333333333333332,0.23684210526315785,0.0
20260629_152656_9d451bbc,20260629_152656_9d451bbc_g0048,48,707338987,1,16,16,16,1,1,RED,champ_v3,0,1.0,[1],1,118,1,"{""1"": 118, ""2"": 75, ""3"": 69, ""4"": 80}",False,14.0,-24.0,2.0,2.0,0.0,0.0,674.0,159.875,614.125,14.0,22.0,60.0,225.0,293.125,1591.0,628.125,4.0,17.0,68.0,1.0,1.0,2.0,6.0,7.0,1.0,0.0,0.0,16.0,16.0,0.2,0.19047619047619047,0.0064,0.0064,0.05,0.22727272727272727,0.7727272727272727,0.35,1.0,1.0,0.31666666666666665,0.4631578947368421,0.0
20260629_152656_9d451bbc,20260629_152656_9d451bbc_g0048,48,707338987,1,16,16,16,1,2,BLUE,pool_heuristic,1,1.0,[1],0,75,3,"{""1"": 118, ""2"": 75, ""3"": 69, ""4"": 80}",False,12.0,-28.0,5.0,2.0,0.0,0.0,465.0,120.625,463.625,11.0,17.0,43.5,164.0,228.125,1800.0,475.625,4.0,17.0,68.0,1.0,1.0,2.0,6.0,7.0,1.0,1.0,1.0,16.0,16.0,0.2,0.19047619047619047,0.0064,0.0064,0.05,0.22727272727272727,0.7727272727272727,0.3,1.0,1.0,0.33333333333333337,0.4157894736842106,0.0
20260629_152656_9d451bbc,20260629_152656_9d451bbc_g0048,48,707338987,1,16,16,16,1,3,YELLOW,pool_l45_100ms,2,1.0,[1],0,69,4,"{""1"": 118, ""2"": 75, ""3"": 69, ""4"": 80}",False,11.0,-30.0,5.0,2.0,0.0,0.0,419.0,100.875,379.0,11.0,15.0,36.0,139.5,177.5,1846.0,390.0,4.0,17.0,68.0,1.0,1.0,2.0,6.0,7.0,1.0,0.0,0.0,16.0,16.0,0.2,0.19047619047619047,0.0064,0.0064,0.05,0.22727272727272727,0.7727272727272727,0.275,1.0,1.0,0.3416666666666667,0.3526315789473684,0.0
20260629_152656_9d451bbc,20260629_152656_9d451bbc_g0048,48,707338987,1,16,16,16,1,4,GREEN,pool_peer_500ms,3,1.0,[1],0,80,2,"{""1"": 118, ""2"": 75, ""3"": 69, ""4"": 80}",False,15.0,-22.0,4.0,2.0,0.0,0.0,707.0,176.875,681.625,15.0,25.0,66.0,245.0,330.625,1558.0,696.625,4.0,17.0,68.0,1.0,1.0,2.0,6.0,7.0,1.0,0.0,0.0,16.0,16.0,0.2,0.19047619047619047,0.0064,0.0064,0.05,0.22727272727272727,0.7727272727272727,0.375,1.0,1.0,0.30833333333333335,0.4526315789473684,0.0
20260629_152656_9d451bbc,20260629_152656_9d451bbc_g0048,48,707338987,2,24,24,24,1,1,RED,champ_v3,0,1.0,[1],1,118,1,"{""1"": 118, ""2"": 75, ""3"": 69, ""4"": 80}",False,19.0,-29.0,0.0,6.0,5.0,0.0125,427.0,116.375,401.625,17.0,23.0,53.25,169.0,139.375,815.0,420.625,6.0,15.0,58.0,1.0,1.0,2.0,6.0,5.0,0.0,0.0,0.0,24.0,24.0,0.3,0.2857142857142857,0.0096,0.0096,0.075,0.3409090909090909,0.6590909090909091,0.475,1.0,1.0,0.4,0.5824561403508772,0.0
20260629_152656_9d451bbc,20260629_152656_9d451bbc_g0048,48,707338987,2,24,24,24,1,2,BLUE,pool_heuristic,1,1.0,[1],0,75,3,"{""1"": 118, ""2"": 75, ""3"": 69, ""4"": 80}",False,17.0,-33.0,1.0,6.0,5.0,0.0125,251.0,81.0,283.375,12.0,14.0,33.75,120.5,103.125,991.0,300.375,6.0,15.0,58.0,1.0,1.0,2.0,6.0,5.0,1.0,1.0,1.0,24.0,24.0,0.3,0.2857142857142857,0.0096,0.0096,0.075,0.3409090909090909,0.6590909090909091,0.425,1.0,1.0,0.4166666666666667,0.5228070175438597,0.0
20260629_152656_9d451bbc,20260629_152656_9d451bbc_g0048,48,707338987,2,24,24,24,1,3,YELLOW,pool_l45_100ms,2,1.0,[1],0,69,4,"{""1"": 118, ""2"": 75, ""3"": 69, ""4"": 80}",False,12.0,-43.0,5.0,4.0,5.0,0.0125,109.0,36.875,104.125,12.0,9.0,15.0,35.0,33.125,1133.0,116.125,6.0,15.0,58.0,1.0,1.0,2.0,6.0,5.0,0.0,0.0,0.0,24.0,24.0,0.3,0.2857142857142857,0.0096,0.0096,0.075,0.3409090909090909,0.6590909090909091,0.3,1.0,1.0,0.4583333333333333,0.39473684210526316,0.0
20260629_152656_9d451bbc,20260629_152656_9d451bbc_g0048,48,707338987,2,24,24,24,1,4,GREEN,pool_peer_500ms,3,1.0,[1],0,80,2,"{""1"": 118, ""2"": 75, ""3"": 69, ""4"": 80}",False,19.0,-29.0,1.0,9.0,5.0,0.0125,455.0,126.375,448.125,17.0,22.0,54.0,187.0,168.125,787.0,467.125,6.0,15.0,58.0,1.0,1.0,2.0,6.0,5.0,1.0,0.0,0.0,24.0,24.0,0.3,0.2857142857142857,0.0096,0.0096,0.075,0.3409090909090909,0.6590909090909091,0.475,1.0,1.0,0.4,0.5684210526315789,0.0
20260629_152656_9d451bbc,20260629_152656_9d451bbc_g0048,48,707338987,3,32,32,32,1,1,RED,champ_v3,0,1.0,[1],1,118,1,"{""1"": 118, ""2"": 75, ""3"": 69, ""4"": 80}",False,25.0,-27.0,0.0,13.0,5.0,0.0125,250.0,84.375,249.75,20.0,23.0,41.25,120.5,45.0,434.0,274.75,8.0,13.0,48.0,1.0,1.0,2.0,6.0,3.0,0.0,0.0,0.0,32.0,32.0,0.3975,0.38095238095238093,0.0128,0.0128,0.1,0.45454545454545453,0.5454545454545454,0.625,1.0,1.0,0.4333333333333333,0.6078947368421053,0.0
20260629_152656_9d451bbc,20260629_152656_9d451bbc_g0048,48,707338987,3,32,32,32,1,2,BLUE,pool_heuristic,1,1.0,[1],0,75,3,"{""1"": 118, ""2"": 75, ""3"": 69, ""4"": 80}",False,19.0,-39.0,1.0,10.0,5.0,0.0125,86.0,35.75,90.75,13.0,11.0,15.0,38.0,13.75,598.0,109.75,8.0,13.0,48.0,1.0,1.0,2.0,6.0,3.0,1.0,0.0,1.0,32.0,32.0,0.3975,0.38095238095238093,0.0128,0.0128,0.1,0.45454545454545453,0.5454545454545454,0.475,1.0,1.0,0.4833333333333333,0.5118421052631579,0.0
20260629_152656_9d451bbc,20260629_152656_9d451bbc_g0048,48,707338987,3,32,32,32,1,3,YELLOW,pool_l45_100ms,2,1.0,[1],0,69,4,"{""1"": 118, ""2"": 75, ""3"": 69, ""4"": 80}",False,12.0,-53.0,2.0,12.0,5.0,0.0125,68.0,28.75,69.25,12.0,8.0,12.75,24.0,12.5,616.0,81.25,8.0,13.0,48.0,1.0,1.0,2.0,6.0,3.0,0.0,0.0,0.0,32.0,32.0,0.3975,0.38095238095238093,0.0128,0.0128,0.1,0.45454545454545453,0.5454545454545454,0.3,1.0,1.0,0.5416666666666667,0.4513157894736842,0.0
20260629_152656_9d451bbc,20260629_152656_9d451bbc_g0048,48,707338987,3,32,32,32,1,4,GREEN,pool_peer_500ms,3,1.0,[1],0,80,2,"{""1"": 118, ""2"": 75, ""3"": 69, ""4"": 80}",False,21.0,-35.0,1.0,18.0,5.0,0.0125,280.0,85.875,277.875,17.0,18.0,42.0,114.0,86.875,404.0,298.875,8.0,13.0,49.0,1.0,1.0,2.0,5.0,4.0,1.0,0.0,0.0,32.0,32.0,0.3975,0.38095238095238093,0.0128,0.0128,0.0975,0.4431818181818182,0.5568181818181818,0.525,1.0,1.0,0.4666666666666667,0.5695006747638327,0.0
20260629_152656_9d451bbc,20260629_152656_9d451bbc_g0048,48,707338987,4,40,40,40,1,1,RED,champ_v3,0,1.0,[1],1,118,1,"{""1"": 118, ""2"": 75, ""3"": 69, ""4"": 80}",False,28.0,-27.0,0.0,29.0,10.0,0.025,72.0,34.5,72.75,16.0,12.0,16.5,27.0,1.25,166.0,100.75,10.0,11.0,38.0,1.0,1.0,2.0,6.0,1.0,0.0,0.0,0.0,40.0,40.0,0.4925,0.47619047619047616,0.016,0.016,0.125,0.5681818181818182,0.4318181818181818,0.7,1.0,1.0,0.4583333333333333,0.5905263157894737,0.0
20260629_152656_9d451bbc,20260629_152656_9d451bbc_g0048,48,707338987,4,40,40,40,1,2,BLUE,pool_heuristic,1,1.0,[1],0,75,3,"{""1"": 118, ""2"": 75, ""3"": 69, ""4"": 80}",False,20.0,-43.0,1.0,16.0,10.0,0.025,59.0,29.375,65.75,14.0,9.0,10.5,18.5,13.75,179.0,85.75,10.0,11.0,39.0,1.0,1.0,2.0,5.0,2.0,1.0,0.0,1.0,40.0,40.0,0.4925,0.47619047619047616,0.016,0.016,0.1225,0.5568181818181818,0.4431818181818182,0.5,1.0,1.0,0.525,0.4973147153598281,0.0
20260629_152656_9d451bbc,20260629_152656_9d451bbc_g0048,48,707338987,4,40,40,40,1,3,YELLOW,pool_l45_100ms,2,1.0,[1],0,69,4,"{""1"": 118, ""2"": 75, ""3"": 69, ""4"": 80}",False,12.0,-59.0,2.0,17.0,10.0,0.025,62.0,26.0,61.0,11.0,7.0,11.25,28.0,3.75,176.0,73.0,10.0,11.0,38.0,1.0,1.0,2.0,6.0,1.0,0.0,0.0,0.0,40.0,40.0,0.4925,0.47619047619047616,0.016,0.016,0.125,0.5681818181818182,0.4318181818181818,0.3,1.0,1.0,0.5916666666666667,0.42210526315789476,0.0
20260629_152656_9d451bbc,20260629_152656_9d451bbc_g0048,48,707338987,4,40,40,40,1,4,GREEN,pool_peer_500ms,3,1.0,[1],0,80,2,"{""1"": 118, ""2"": 75, ""3"": 69, ""4"": 80}",False,23.0,-37.0,1.0,25.0,10.0,0.025,45.0,26.25,44.375,17.0,7.0,9.75,7.5,3.125,193.0,67.375,10.0,11.0,40.0,1.0,1.0,2.0,4.0,3.0,0.0,0.0,0.0,40.0,40.0,0.4925,0.47619047619047616,0.016,0.016,0.12,0.5454545454545454,0.45454545454545453,0.575,1.0,1.0,0.5,0.5734649122807018,0.0
20260629_152656_9d451bbc,20260629_152656_9d451bbc_g0048,48,707338987,5,48,48,48,1,1,RED,champ_v3,0,1.0,[1],1,118,1,"{""1"": 118, ""2"": 75, ""3"": 69, ""4"": 80}",False,24.0,-34.0,0.0,38.0,21.0,0.0525,49.0,27.5,53.5,15.0,10.0,4.5,24.0,0.0,81.0,77.5,12.0,9.0,30.0,1.0,1.0,1.0,6.0,0.0,0.0,0.0,0.0,48.0,48.0,0.5725,0.5714285714285714,0.0192,0.0192,0.145,0.6590909090909091,0.3409090909090909,0.6,1.0,0.8,0.4833333333333333,0.5707803992740472,0.0
20260629_152656_9d451bbc,20260629_152656_9d451bbc_g0048,48,707338987,5,48,48,48,1,2,BLUE,pool_heuristic,1,1.0,[1],0,75,3,"{""1"": 118, ""2"": 75, ""3"": 69, ""4"": 80}",False,22.0,-38.0,1.0,29.0,21.0,0.0525,30.0,20.875,31.25,14.0,8.0,6.75,2.5,0.0,100.0,53.25,12.0,9.0,30.0,1.0,1.0,2.0,4.0,1.0,1.0,0.0,0.0,48.0,48.0,0.5725,0.5714285714285714,0.0192,0.0192,0.145,0.6590909090909091,0.3409090909090909,0.55,1.0,1.0,0.5,0.4782214156079855,0.0
20260629_152656_9d451bbc,20260629_152656_9d451bbc_g0048,48,707338987,5,48,48,48,1,3,YELLOW,pool_l45_100ms,2,1.0,[1],0,69,4,"{""1"": 118, ""2"": 75, ""3"": 69, ""4"": 80}",False,14.0,-54.0,2.0,23.0,21.0,0.0525,30.0,19.0,30.0,13.0,5.0,6.0,6.0,0.0,100.0,44.0,12.0,9.0,29.0,1.0,1.0,2.0,5.0,0.0,0.0,0.0,0.0,48.0,48.0,0.5725,0.5714285714285714,0.0192,0.0192,0.1475,0.6704545454545454,0.32954545454545453,0.35,0.7833333333333333,0.8,0.5666666666666667,0.3960749330954505,0.0
20260629_152656_9d451bbc,20260629_152656_9d451bbc_g0048,48,707338987,5,48,48,48,1,4,GREEN,pool_peer_500ms,3,1.0,[1],0,80,2,"{""1"": 118, ""2"": 75, ""3"": 69, ""4"": 80}",False,22.0,-38.0,1.0,31.0,21.0,0.0525,21.0,18.25,21.0,16.0,4.0,0.0,1.0,0.0,109.0,43.0,12.0,9.0,34.0,1.0,1.0,0.0,4.0,3.0,0.0,0.0,0.0,48.0,48.0,0.5725,0.5714285714285714,0.0192,0.0192,0.135,0.6136363636363636,0.38636363636363635,0.55,0.8166666666666667,1.0,0.5,0.5526315789473684,0.0
20260629_152656_9d451bbc,20260629_152656_9d451bbc_g0048,48,707338987,6,56,56,56,1,1,RED,champ_v3,0,1.0,[1],1,118,1,"{""1"": 118, ""2"": 75, ""3"": 69, ""4"": 80}",False,25.0,-27.0,0.0,46.0,36.0,0.09,35.0,22.0,36.5,14.0,7.0,7.5,8.0,0.0,19.0,61.5,14.0,7.0,22.0,1.0,1.0,1.0,4.0,0.0,0.0,0.0,0.0,56.0,56.0,0.63,0.6666666666666666,0.0224,0.0224,0.165,0.75,0.25,0.625,1.0,0.8,0.4333333333333333,0.5677830940988835,0.0
20260629_152656_9d451bbc,20260629_152656_9d451bbc_g0048,48,707338987,6,56,56,56,1,2,BLUE,pool_heuristic,1,1.0,[1],0,75,3,"{""1"": 118, ""2"": 75, ""3"": 69, ""4"": 80}",False,20.0,-37.0,1.0,36.0,36.0,0.09,16.0,13.0,16.5,10.0,5.0,1.5,0.0,0.0,38.0,36.5,14.0,7.0,23.0,1.0,1.0,1.0,3.0,1.0,1.0,0.0,0.0,56.0,56.0,0.63,0.6666666666666666,0.0224,0.0224,0.1625,0.7386363636363636,0.26136363636363635,0.5,1.0,1.0,0.475,0.45910931174089065,0.0
20260629_152656_9d451bbc,20260629_152656_9d451bbc_g0048,48,707338987,6,56,56,56,1,3,YELLOW,pool_l45_100ms,2,1.0,[1],0,69,4,"{""1"": 118, ""2"": 75, ""3"": 69, ""4"": 80}",False,11.0,-55.0,2.0,27.0,36.0,0.09,0.0,0.0,0.0,0.0,0.0,0.0,0.0,0.0,54.0,11.0,14.0,7.0,24.0,0.0,1.0,2.0,4.0,0.0,0.0,0.0,0.0,56.0,56.0,0.63,0.6666666666666666,0.0224,0.0224,0.16,0.7272727272727273,0.2727272727272727,0.275,0.5166666666666667,0.8,0.55,0.3889802631578947,0.0
20260629_152656_9d451bbc,20260629_152656_9d451bbc_g0048,48,707338987,6,56,56,56,1,4,GREEN,pool_peer_500ms,3,1.0,[1],0,80,2,"{""1"": 118, ""2"": 75, ""3"": 69, ""4"": 80}",False,21.0,-35.0,1.0,40.0,36.0,0.09,3.0,0.875,3.5,0.0,0.0,0.0,3.5,0.0,51.0,24.5,14.0,7.0,31.0,0.0,0.0,0.0,4.0,3.0,0.0,0.0,0.0,56.0,56.0,0.63,0.6666666666666666,0.0224,0.0224,0.1425,0.6477272727272727,0.3522727272727273,0.525,0.8166666666666667,1.0,0.4666666666666667,0.5503231763619576,0.0
20260629_152656_9d451bbc,20260629_152656_9d451bbc_g0048,48,707338987,7,64,64,69,2,1,RED,champ_v3,0,1.0,[1],1,118,1,"{""1"": 118, ""2"": 75, ""3"": 69, ""4"": 80}",False,25.0,-23.0,0.0,60.0,52.0,0.13,10.0,5.0,13.5,0.0,5.0,4.5,4.0,0.0,0.0,38.5,18.0,3.0,9.0,0.0,1.0,1.0,1.0,0.0,0.0,0.0,0.0,64.0,69.0,0.69,0.8571428571428571,0.0276,0.0256,0.1975,0.8977272727272727,0.10227272727272728,0.625,0.8666666666666667,0.8,0.4,0.5436375749500333,0.0
20260629_152656_9d451bbc,20260629_152656_9d451bbc_g0048,48,707338987,7,64,64,69,2,2,BLUE,pool_heuristic,1,1.0,[1],0,75,3,"{""1"": 118, ""2"": 75, ""3"": 69, ""4"": 80}",False,16.0,-41.0,1.0,45.0,52.0,0.13,0.0,0.0,0.0,0.0,0.0,0.0,0.0,0.0,10.0,16.0,16.0,5.0,20.0,0.0,0.0,1.0,3.0,1.0,1.0,0.0,0.0,64.0,69.0,0.69,0.7619047619047619,0.0276,0.0256,0.17,0.7727272727272727,0.22727272727272727,0.4,0.5833333333333334,1.0,0.475,0.4558823529411765,0.0
20260629_152656_9d451bbc,20260629_152656_9d451bbc_g0048,48,707338987,7,64,64,69,2,3,YELLOW,pool_l45_100ms,2,1.0,[1],0,69,4,"{""1"": 118, ""2"": 75, ""3"": 69, ""4"": 80}",False,11.0,-51.0,2.0,32.0,52.0,0.13,0.0,0.0,0.0,0.0,0.0,0.0,0.0,0.0,10.0,11.0,14.0,7.0,24.0,0.0,1.0,2.0,4.0,0.0,0.0,0.0,0.0,64.0,69.0,0.69,0.6666666666666666,0.0276,0.0256,0.16,0.7272727272727273,0.2727272727272727,0.275,0.4,0.8,0.5166666666666667,0.3889802631578947,0.0
20260629_152656_9d451bbc,20260629_152656_9d451bbc_g0048,48,707338987,7,64,64,69,2,4,GREEN,pool_peer_500ms,3,1.0,[1],0,80,2,"{""1"": 118, ""2"": 75, ""3"": 69, ""4"": 80}",False,21.0,-31.0,1.0,53.0,52.0,0.13,0.0,0.0,0.0,0.0,0.0,0.0,0.0,0.0,10.0,21.0,16.0,5.0,23.0,0.0,0.0,0.0,2.0,3.0,0.0,0.0,0.0,64.0,69.0,0.69,0.7619047619047619,0.0276,0.0256,0.1625,0.7386363636363636,0.26136363636363635,0.525,0.5833333333333334,1.0,0.4333333333333333,0.5441295546558704,0.0
20260629_152656_9d451bbc,20260629_152656_9d451bbc_g0049,49,1889124642,0,8,8,8,1,1,RED,pool_heuristic,0,4.0,[4],0,92,3,"{""1"": 92, ""2"": 66, ""3"": 93, ""4"": 99}",False,8.0,-15.0,9.0,0.0,3.0,0.0075,514.0,120.0,482.5,8.0,14.0,39.75,152.0,268.75,1413.0,490.5,2.0,19.0,78.0,1.0,1.0,2.0,6.0,9.0,1.0,0.0,1.0,8.0,8.0,0.1,0.09523809523809523,0.0032,0.0032,0.025,0.11363636363636363,0.8863636363636364,0.2,1.0,1.0,0.19166666666666668,0.25263157894736843,0.0
20260629_152656_9d451bbc,20260629_152656_9d451bbc_g0049,49,1889124642,0,8,8,8,1,2,BLUE,pool_l45_100ms,1,4.0,[4],0,66,4,"{""1"": 92, ""2"": 66, ""3"": 93, ""4"": 99}",False,5.0,-21.0,9.0,0.0,3.0,0.0075,327.0,76.25,309.5,5.0,8.0,24.0,95.0,177.5,1600.0,314.5,2.0,19.0,78.0,1.0,1.0,2.0,6.0,9.0,1.0,1.0,0.0,8.0,8.0,0.1,0.09523809523809523,0.0032,0.0032,0.025,0.11363636363636363,0.8863636363636364,0.125,1.0,1.0,0.21666666666666665,0.15263157894736834,0.0
20260629_152656_9d451bbc,20260629_152656_9d451bbc_g0049,49,1889124642,0,8,8,8,1,3,YELLOW,pool_peer_500ms,2,4.0,[4],0,93,2,"{""1"": 92, ""2"": 66, ""3"": 93, ""4"": 99}",False,9.0,-13.0,9.0,0.0,3.0,0.0075,543.0,122.625,488.75,9.0,15.0,41.25,153.5,270.0,1384.0,497.75,2.0,19.0,78.0,1.0,1.0,2.0,6.0,9.0,1.0,0.0,0.0,8.0,8.0,0.1,0.09523809523809523,0.0032,0.0032,0.025,0.11363636363636363,0.8863636363636364,0.225,1.0,1.0,0.18333333333333332,0.23684210526315785,0.0
20260629_152656_9d451bbc,20260629_152656_9d451bbc_g0049,49,1889124642,0,8,8,8,1,4,GREEN,champ_v3,3,4.0,[4],1,99,1,"{""1"": 92, ""2"": 66, ""3"": 93, ""4"": 99}",False,9.0,-13.0,9.0,0.0,3.0,0.0075,543.0,122.625,488.75,9.0,15.0,41.25,153.5,270.0,1384.0,497.75,2.0,19.0,78.0,1.0,1.0,2.0,6.0,9.0,1.0,0.0,0.0,8.0,8.0,0.1,0.09523809523809523,0.0032,0.0032,0.025,0.11363636363636363,0.8863636363636364,0.225,1.0,1.0,0.18333333333333332,0.23684210526315785,0.0
20260629_152656_9d451bbc,20260629_152656_9d451bbc_g0049,49,1889124642,1,16,16,16,1,1,RED,pool_heuristic,0,4.0,[4],0,92,3,"{""1"": 92, ""2"": 66, ""3"": 93, ""4"": 99}",False,15.0,-24.0,0.0,2.0,3.0,0.0075,603.0,157.75,608.75,13.0,22.0,60.0,220.0,293.75,1835.0,623.75,4.0,17.0,68.0,1.0,1.0,2.0,6.0,7.0,1.0,0.0,1.0,16.0,16.0,0.2,0.19047619047619047,0.0064,0.0064,0.05,0.22727272727272727,0.7727272727272727,0.375,1.0,1.0,0.325,0.5184210526315789,0.0
20260629_152656_9d451bbc,20260629_152656_9d451bbc_g0049,49,1889124642,1,16,16,16,1,2,BLUE,pool_l45_100ms,1,4.0,[4],0,66,4,"{""1"": 92, ""2"": 66, ""3"": 93, ""4"": 99}",False,9.0,-36.0,6.0,0.0,3.0,0.0075,451.0,107.25,411.625,9.0,15.0,41.25,154.5,191.875,1987.0,420.625,4.0,17.0,68.0,1.0,1.0,2.0,6.0,7.0,1.0,0.0,0.0,16.0,16.0,0.2,0.19047619047619047,0.0064,0.0064,0.05,0.22727272727272727,0.7727272727272727,0.225,1.0,1.0,0.375,0.3263157894736842,0.0
20260629_152656_9d451bbc,20260629_152656_9d451bbc_g0049,49,1889124642,1,16,16,16,1,3,YELLOW,pool_peer_500ms,2,4.0,[4],0,93,2,"{""1"": 92, ""2"": 66, ""3"": 93, ""4"": 99}",False,15.0,-24.0,1.0,3.0,3.0,0.0075,679.0,171.75,662.125,14.0,24.0,66.75,240.5,316.875,1759.0,677.125,4.0,17.0,68.0,1.0,1.0,2.0,6.0,7.0,1.0,0.0,0.0,16.0,16.0,0.2,0.19047619047619047,0.0064,0.0064,0.05,0.22727272727272727,0.7727272727272727,0.375,1.0,1.0,0.325,0.4894736842105264,0.0
20260629_152656_9d451bbc,20260629_152656_9d451bbc_g0049,49,1889124642,1,16,16,16,1,4,GREEN,champ_v3,3,4.0,[4],1,99,1,"{""1"": 92, ""2"": 66, ""3"": 93, ""4"": 99}",False,15.0,-24.0,0.0,3.0,3.0,0.0075,705.0,177.875,684.25,15.0,25.0,68.25,248.5,327.5,1733.0,699.25,4.0,17.0,68.0,1.0,1.0,2.0,6.0,7.0,1.0,0.0,0.0,16.0,16.0,0.2,0.19047619047619047,0.0064,0.0064,0.05,0.22727272727272727,0.7727272727272727,0.375,1.0,1.0,0.325,0.49473684210526314,0.0
20260629_152656_9d451bbc,20260629_152656_9d451bbc_g0049,49,1889124642,2,24,24,24,1,1,RED,pool_heuristic,0,4.0,[4],0,92,3,"{""1"": 92, ""2"": 66, ""3"": 93, ""4"": 99}",False,18.0,-35.0,0.0,8.0,9.0,0.0225,324.0,102.625,356.0,13.0,21.0,50.25,160.5,111.25,1129.0,374.0,6.0,15.0,58.0,1.0,1.0,2.0,6.0,5.0,1.0,0.0,1.0,24.0,24.0,0.3,0.2857142857142857,0.0096,0.0096,0.075,0.3409090909090909,0.6590909090909091,0.45,1.0,1.0,0.4416666666666667,0.5491228070175438,0.0
20260629_152656_9d451bbc,20260629_152656_9d451bbc_g0049,49,1889124642,2,24,24,24,1,2,BLUE,pool_l45_100ms,1,4.0,[4],0,66,4,"{""1"": 92, ""2"": 66, ""3"": 93, ""4"": 99}",False,13.0,-45.0,6.0,6.0,9.0,0.0225,109.0,36.5,104.75,10.0,10.0,18.0,43.0,23.75,1344.0,117.75,6.0,15.0,58.0,1.0,1.0,2.0,6.0,5.0,0.0,0.0,0.0,24.0,24.0,0.3,0.2857142857142857,0.0096,0.0096,0.075,0.3409090909090909,0.6590909090909091,0.325,1.0,1.0,0.4833333333333333,0.38596491228070173,0.0
20260629_152656_9d451bbc,20260629_152656_9d451bbc_g0049,49,1889124642,2,24,24,24,1,3,YELLOW,pool_peer_500ms,2,4.0,[4],0,93,2,"{""1"": 92, ""2"": 66, ""3"": 93, ""4"": 99}",False,20.0,-31.0,1.0,10.0,9.0,0.0225,414.0,115.125,388.0,18.0,25.0,52.5,172.5,120.0,1039.0,408.0,6.0,15.0,58.0,1.0,1.0,2.0,6.0,5.0,0.0,0.0,0.0,24.0,24.0,0.3,0.2857142857142857,0.0096,0.0096,0.075,0.3409090909090909,0.6590909090909091,0.5,1.0,1.0,0.425,0.5473684210526316,0.0
20260629_152656_9d451bbc,20260629_152656_9d451bbc_g0049,49,1889124642,2,24,24,24,1,4,GREEN,champ_v3,3,4.0,[4],1,99,1,"{""1"": 92, ""2"": 66, ""3"": 93, ""4"": 99}",False,20.0,-31.0,0.0,7.0,9.0,0.0225,606.0,165.625,593.75,19.0,29.0,75.75,257.5,212.5,847.0,613.75,6.0,15.0,58.0,1.0,1.0,2.0,6.0,5.0,1.0,0.0,0.0,24.0,24.0,0.3,0.2857142857142857,0.0096,0.0096,0.075,0.3409090909090909,0.6590909090909091,0.5,1.0,1.0,0.425,0.5842105263157895,0.0
20260629_152656_9d451bbc,20260629_152656_9d451bbc_g0049,49,1889124642,3,32,32,32,1,1,RED,pool_heuristic,0,4.0,[4],0,92,3,"{""1"": 92, ""2"": 66, ""3"": 93, ""4"": 99}",False,23.0,-37.0,0.0,9.0,19.0,0.0475,287.0,92.375,290.0,18.0,21.0,48.0,145.5,57.5,560.0,313.0,8.0,13.0,48.0,1.0,1.0,2.0,6.0,3.0,1.0,0.0,0.0,32.0,32.0,0.3975,0.38095238095238093,0.0128,0.0128,0.1,0.45454545454545453,0.5454545454545454,0.575,1.0,1.0,0.5,0.5802631578947368,0.0
20260629_152656_9d451bbc,20260629_152656_9d451bbc_g0049,49,1889124642,3,32,32,32,1,2,BLUE,pool_l45_100ms,1,4.0,[4],0,66,4,"{""1"": 92, ""2"": 66, ""3"": 93, ""4"": 99}",False,12.0,-59.0,6.0,6.0,19.0,0.0475,84.0,29.125,80.0,9.0,7.0,14.25,38.5,11.25,763.0,92.0,8.0,13.0,48.0,1.0,1.0,2.0,6.0,3.0,0.0,0.0,0.0,32.0,32.0,0.3975,0.38095238095238093,0.0128,0.0128,0.1,0.45454545454545453,0.5454545454545454,0.3,1.0,1.0,0.5916666666666667,0.3828947368421053,0.0
20260629_152656_9d451bbc,20260629_152656_9d451bbc_g0049,49,1889124642,3,32,32,32,1,3,YELLOW,pool_peer_500ms,2,4.0,[4],0,93,2,"{""1"": 92, ""2"": 66, ""3"": 93, ""4"": 99}",False,24.0,-35.0,1.0,19.0,19.0,0.0475,260.0,85.25,251.375,20.0,24.0,47.25,109.5,50.625,587.0,275.375,8.0,13.0,49.0,1.0,1.0,2.0,5.0,4.0,0.0,0.0,0.0,32.0,32.0,0.3975,0.38095238095238093,0.0128,0.0128,0.0975,0.4431818181818182,0.5568181818181818,0.6,1.0,1.0,0.4916666666666667,0.573549257759784,0.0
20260629_152656_9d451bbc,20260629_152656_9d451bbc_g0049,49,1889124642,3,32,32,32,1,4,GREEN,champ_v3,3,4.0,[4],1,99,1,"{""1"": 92, ""2"": 66, ""3"": 93, ""4"": 99}",False,24.0,-35.0,0.0,19.0,19.0,0.0475,216.0,78.0,225.375,20.0,21.0,40.5,104.5,39.375,631.0,249.375,8.0,13.0,48.0,1.0,1.0,2.0,6.0,3.0,0.0,0.0,0.0,32.0,32.0,0.3975,0.38095238095238093,0.0128,0.0128,0.1,0.45454545454545453,0.5454545454545454,0.6,1.0,1.0,0.4916666666666667,0.6052631578947368,0.0
20260629_152656_9d451bbc,20260629_152656_9d451bbc_g0049,49,1889124642,4,40,40,40,1,1,RED,pool_heuristic,0,4.0,[4],0,92,3,"{""1"": 92, ""2"": 66, ""3"": 93, ""4"": 99}",False,26.0,-42.0,0.0,16.0,24.0,0.06,127.0,52.5,133.25,18.0,15.0,28.5,63.0,8.75,299.0,159.25,10.0,11.0,38.0,1.0,1.0,2.0,6.0,1.0,0.0,0.0,0.0,40.0,40.0,0.49,0.47619047619047616,0.016,0.016,0.125,0.5681818181818182,0.4318181818181818,0.65,1.0,1.0,0.5666666666666667,0.5389473684210526,0.0
20260629_152656_9d451bbc,20260629_152656_9d451bbc_g0049,49,1889124642,4,40,40,40,1,2,BLUE,pool_l45_100ms,1,4.0,[4],0,66,4,"{""1"": 92, ""2"": 66, ""3"": 93, ""4"": 99}",False,12.0,-70.0,6.0,7.0,24.0,0.06,48.0,20.75,48.25,9.0,5.0,8.25,26.0,0.0,378.0,60.25,10.0,11.0,38.0,1.0,1.0,2.0,6.0,1.0,0.0,0.0,0.0,40.0,40.0,0.49,0.47619047619047616,0.016,0.016,0.125,0.5681818181818182,0.4318181818181818,0.3,0.9833333333333333,1.0,0.6833333333333333,0.37473684210526315,0.0
20260629_152656_9d451bbc,20260629_152656_9d451bbc_g0049,49,1889124642,4,40,40,40,1,3,YELLOW,pool_peer_500ms,2,4.0,[4],0,93,2,"{""1"": 92, ""2"": 66, ""3"": 93, ""4"": 99}",False,27.0,-40.0,1.0,30.0,24.0,0.06,138.0,60.875,156.125,21.0,18.0,33.75,59.0,24.375,288.0,183.125,10.0,11.0,40.0,1.0,1.0,2.0,4.0,3.0,0.0,0.0,0.0,40.0,40.0,0.49,0.47619047619047616,0.016,0.016,0.12,0.5454545454545454,0.45454545454545453,0.675,1.0,1.0,0.5583333333333333,0.5614035087719298,0.0
20260629_152656_9d451bbc,20260629_152656_9d451bbc_g0049,49,1889124642,4,40,40,40,1,4,GREEN,champ_v3,3,4.0,[4],1,99,1,"{""1"": 92, ""2"": 66, ""3"": 93, ""4"": 99}",False,29.0,-36.0,0.0,33.0,24.0,0.06,113.0,50.75,117.875,21.0,18.0,25.5,31.5,21.875,313.0,146.875,10.0,11.0,40.0,1.0,1.0,2.0,4.0,3.0,0.0,0.0,0.0,40.0,40.0,0.49,0.47619047619047616,0.016,0.016,0.12,0.5454545454545454,0.45454545454545453,0.725,1.0,1.0,0.5416666666666667,0.6129385964912281,0.0
20260629_152656_9d451bbc,20260629_152656_9d451bbc_g0049,49,1889124642,5,48,48,48,1,1,RED,pool_heuristic,0,4.0,[4],0,92,3,"{""1"": 92, ""2"": 66, ""3"": 93, ""4"": 99}",False,26.0,-38.0,0.0,26.0,46.0,0.115,66.0,36.5,75.5,17.0,13.0,19.5,26.0,0.0,155.0,101.5,12.0,9.0,29.0,1.0,1.0,2.0,5.0,0.0,0.0,0.0,0.0,48.0,48.0,0.57,0.5714285714285714,0.0192,0.0192,0.1475,0.6704545454545454,0.32954545454545453,0.65,1.0,0.8,0.5333333333333333,0.4968777876895629,0.0
20260629_152656_9d451bbc,20260629_152656_9d451bbc_g0049,49,1889124642,5,48,48,48,1,2,BLUE,pool_l45_100ms,1,4.0,[4],0,66,4,"{""1"": 92, ""2"": 66, ""3"": 93, ""4"": 99}",False,9.0,-72.0,6.0,12.0,46.0,0.115,5.0,5.0,5.0,5.0,0.0,0.0,0.0,0.0,216.0,14.0,12.0,9.0,32.0,1.0,0.0,2.0,5.0,1.0,0.0,0.0,0.0,48.0,48.0,0.57,0.5714285714285714,0.0192,0.0192,0.14,0.6363636363636364,0.36363636363636365,0.225,0.45,1.0,0.675,0.3806390977443609,0.0
20260629_152656_9d451bbc,20260629_152656_9d451bbc_g0049,49,1889124642,5,48,48,48,1,3,YELLOW,pool_peer_500ms,2,4.0,[4],0,93,2,"{""1"": 92, ""2"": 66, ""3"": 93, ""4"": 99}",False,28.0,-34.0,1.0,40.0,46.0,0.115,73.0,41.0,84.5,21.0,13.0,19.5,16.0,15.0,148.0,112.5,12.0,9.0,32.0,1.0,1.0,2.0,2.0,3.0,0.0,0.0,0.0,48.0,48.0,0.57,0.5714285714285714,0.0192,0.0192,0.14,0.6363636363636364,0.36363636363636365,0.7,1.0,1.0,0.5166666666666667,0.5460526315789473,0.0
20260629_152656_9d451bbc,20260629_152656_9d451bbc_g0049,49,1889124642,5,48,48,48,1,4,GREEN,champ_v3,3,4.0,[4],1,99,1,"{""1"": 92, ""2"": 66, ""3"": 93, ""4"": 99}",False,27.0,-36.0,0.0,43.0,46.0,0.115,77.0,41.125,90.375,19.0,14.0,19.5,21.0,16.875,144.0,117.375,12.0,9.0,31.0,1.0,1.0,2.0,3.0,2.0,0.0,0.0,0.0,48.0,48.0,0.57,0.5714285714285714,0.0192,0.0192,0.1425,0.6477272727272727,0.3522727272727273,0.675,1.0,1.0,0.525,0.6084949215143121,0.0
20260629_152656_9d451bbc,20260629_152656_9d451bbc_g0049,49,1889124642,6,56,56,56,1,1,RED,pool_heuristic,0,4.0,[4],0,92,3,"{""1"": 92, ""2"": 66, ""3"": 93, ""4"": 99}",False,22.0,-32.0,0.0,37.0,47.0,0.1175,20.0,15.0,21.75,11.0,4.0,3.75,3.0,0.0,67.0,43.75,14.0,7.0,21.0,1.0,1.0,2.0,3.0,0.0,0.0,0.0,0.0,56.0,56.0,0.6525,0.6666666666666666,0.0224,0.0224,0.1675,0.7613636363636364,0.23863636363636365,0.55,1.0,0.8,0.45,0.48625294579732914,0.0
20260629_152656_9d451bbc,20260629_152656_9d451bbc_g0049,49,1889124642,6,56,56,56,1,2,BLUE,pool_l45_100ms,1,4.0,[4],0,66,4,"{""1"": 92, ""2"": 66, ""3"": 93, ""4"": 99}",False,7.0,-62.0,5.0,20.0,47.0,0.1175,0.0,0.0,0.0,0.0,0.0,0.0,0.0,0.0,87.0,7.0,14.0,7.0,27.0,0.0,0.0,2.0,4.0,1.0,0.0,0.0,0.0,56.0,56.0,0.6525,0.6666666666666666,0.0224,0.0224,0.1525,0.6931818181818182,0.3068181818181818,0.175,0.2833333333333333,1.0,0.575,0.3977566867989646,0.0
20260629_152656_9d451bbc,20260629_152656_9d451bbc_g0049,49,1889124642,6,56,56,56,1,3,YELLOW,pool_peer_500ms,2,4.0,[4],0,93,2,"{""1"": 92, ""2"": 66, ""3"": 93, ""4"": 99}",False,25.0,-26.0,1.0,47.0,47.0,0.1175,36.0,24.5,39.5,16.0,8.0,8.25,6.0,1.25,51.0,64.5,14.0,7.0,22.0,1.0,1.0,2.0,2.0,1.0,0.0,0.0,0.0,56.0,56.0,0.6525,0.6666666666666666,0.0224,0.0224,0.165,0.75,0.25,0.625,0.6166666666666667,1.0,0.425,0.5303030303030303,0.0
20260629_152656_9d451bbc,20260629_152656_9d451bbc_g0049,49,1889124642,6,56,56,56,1,4,GREEN,champ_v3,3,4.0,[4],1,99,1,"{""1"": 92, ""2"": 66, ""3"": 93, ""4"": 99}",False,22.0,-32.0,0.0,54.0,47.0,0.1175,31.0,18.0,34.25,10.0,5.0,8.25,11.0,0.0,56.0,56.25,14.0,7.0,21.0,1.0,1.0,2.0,3.0,0.0,0.0,0.0,0.0,56.0,56.0,0.6525,0.6666666666666666,0.0224,0.0224,0.1675,0.7613636363636364,0.23863636363636365,0.55,0.9166666666666666,0.8,0.45,0.5569520816967792,0.0
20260629_152656_9d451bbc,20260629_152656_9d451bbc_g0049,49,1889124642,7,64,64,67,4,1,RED,pool_heuristic,0,4.0,[4],0,92,3,"{""1"": 92, ""2"": 66, ""3"": 93, ""4"": 99}",False,22.0,-31.0,0.0,55.0,37.0,0.0925,5.0,2.0,4.5,0.0,3.0,1.5,0.0,0.0,23.0,26.5,17.0,4.0,12.0,0.0,1.0,2.0,1.0,0.0,0.0,0.0,0.0,64.0,67.0,0.7125,0.8095238095238095,0.0268,0.0256,0.19,0.8636363636363636,0.13636363636363635,0.55,0.8666666666666667,0.8,0.4416666666666667,0.47991689750692523,0.0
20260629_152656_9d451bbc,20260629_152656_9d451bbc_g0049,49,1889124642,7,64,64,67,4,2,BLUE,pool_l45_100ms,1,4.0,[4],0,66,4,"{""1"": 92, ""2"": 66, ""3"": 93, ""4"": 99}",False,7.0,-61.0,5.0,30.0,37.0,0.0925,0.0,0.0,0.0,0.0,0.0,0.0,0.0,0.0,28.0,7.0,14.0,7.0,27.0,0.0,0.0,2.0,4.0,1.0,0.0,0.0,0.0,64.0,67.0,0.7125,0.6666666666666666,0.0268,0.0256,0.1525,0.6931818181818182,0.3068181818181818,0.175,0.2833333333333333,1.0,0.5666666666666667,0.3977566867989646,0.0
20260629_152656_9d451bbc,20260629_152656_9d451bbc_g0049,49,1889124642,7,64,64,67,4,3,YELLOW,pool_peer_500ms,2,4.0,[4],0,93,2,"{""1"": 92, ""2"": 66, ""3"": 93, ""4"": 99}",False,21.0,-33.0,1.0,51.0,37.0,0.0925,1.0,0.5,1.5,0.0,0.0,1.5,0.0,0.0,27.0,22.5,17.0,4.0,14.0,0.0,0.0,2.0,2.0,0.0,0.0,0.0,0.0,64.0,67.0,0.7125,0.8095238095238095,0.0268,0.0256,0.185,0.8409090909090909,0.1590909090909091,0.525,0.4666666666666667,0.8,0.45,0.5128022759601707,0.0
20260629_152656_9d451bbc,20260629_152656_9d451bbc_g0049,49,1889124642,7,64,64,67,4,4,GREEN,champ_v3,3,4.0,[4],1,99,1,"{""1"": 92, ""2"": 66, ""3"": 93, ""4"": 99}",False,25.0,-25.0,0.0,62.0,37.0,0.0925,22.0,15.0,23.5,10.0,5.0,4.5,4.0,0.0,6.0,48.5,16.0,5.0,14.0,1.0,1.0,1.0,2.0,0.0,0.0,0.0,0.0,64.0,67.0,0.7125,0.7619047619047619,0.0268,0.0256,0.185,0.8409090909090909,0.1590909090909091,0.625,0.7166666666666667,0.8,0.4166666666666667,0.5448079658605974,0.0
20260629_152656_9d451bbc,20260629_152656_9d451bbc_g0050,50,704057654,0,8,8,8,1,1,RED,pool_l45_100ms,0,3.0,[3],0,74,4,"{""1"": 74, ""2"": 97, ""3"": 101, ""4"": 79}",False,6.0,-19.0,9.0,0.0,1.0,0.0025,388.0,90.5,366.25,6.0,10.0,28.5,113.0,208.75,1566.0,372.25,2.0,19.0,78.0,1.0,1.0,2.0,6.0,9.0,1.0,1.0,0.0,8.0,8.0,0.1,0.09523809523809523,0.0032,0.0032,0.025,0.11363636363636363,0.8863636363636364,0.15,1.0,1.0,0.20833333333333334,0.20526315789473681,0.0
20260629_152656_9d451bbc,20260629_152656_9d451bbc_g0050,50,704057654,0,8,8,8,1,2,BLUE,pool_peer_500ms,1,3.0,[3],0,97,2,"{""1"": 74, ""2"": 97, ""3"": 101, ""4"": 79}",False,9.0,-13.0,9.0,0.0,1.0,0.0025,543.0,122.625,488.75,9.0,15.0,41.25,153.5,270.0,1411.0,497.75,2.0,19.0,78.0,1.0,1.0,2.0,6.0,9.0,1.0,0.0,0.0,8.0,8.0,0.1,0.09523809523809523,0.0032,0.0032,0.025,0.11363636363636363,0.8863636363636364,0.225,1.0,1.0,0.18333333333333332,0.23684210526315785,0.0
20260629_152656_9d451bbc,20260629_152656_9d451bbc_g0050,50,704057654,0,8,8,8,1,3,YELLOW,champ_v3,2,3.0,[3],1,101,1,"{""1"": 74, ""2"": 97, ""3"": 101, ""4"": 79}",False,9.0,-13.0,9.0,0.0,1.0,0.0025,543.0,122.625,488.75,9.0,15.0,41.25,153.5,270.0,1411.0,497.75,2.0,19.0,78.0,1.0,1.0,2.0,6.0,9.0,1.0,0.0,0.0,8.0,8.0,0.1,0.09523809523809523,0.0032,0.0032,0.025,0.11363636363636363,0.8863636363636364,0.225,1.0,1.0,0.18333333333333332,0.23684210526315785,0.0
20260629_152656_9d451bbc,20260629_152656_9d451bbc_g0050,50,704057654,0,8,8,8,1,4,GREEN,pool_heuristic,3,3.0,[3],0,79,3,"{""1"": 74, ""2"": 97, ""3"": 101, ""4"": 79}",False,7.0,-17.0,9.0,0.0,1.0,0.0025,480.0,122.125,499.0,7.0,13.0,38.25,154.5,286.25,1474.0,506.0,2.0,19.0,78.0,1.0,1.0,2.0,6.0,9.0,1.0,1.0,1.0,8.0,8.0,0.1,0.09523809523809523,0.0032,0.0032,0.025,0.11363636363636363,0.8863636363636364,0.175,1.0,1.0,0.2,0.2578947368421053,0.0
20260629_152656_9d451bbc,20260629_152656_9d451bbc_g0050,50,704057654,1,16,16,16,1,1,RED,pool_l45_100ms,0,3.0,[3],0,74,4,"{""1"": 74, ""2"": 97, ""3"": 101, ""4"": 79}",False,10.0,-34.0,7.0,0.0,1.0,0.0025,417.0,100.125,377.0,10.0,15.0,38.25,142.5,171.25,2013.0,387.0,4.0,17.0,68.0,1.0,1.0,2.0,6.0,7.0,1.0,0.0,0.0,16.0,16.0,0.2,0.19047619047619047,0.0064,0.0064,0.05,0.22727272727272727,0.7727272727272727,0.25,1.0,1.0,0.36666666666666664,0.3236842105263158,0.0
20260629_152656_9d451bbc,20260629_152656_9d451bbc_g0050,50,704057654,1,16,16,16,1,2,BLUE,pool_peer_500ms,1,3.0,[3],0,97,2,"{""1"": 74, ""2"": 97, ""3"": 101, ""4"": 79}",False,16.0,-22.0,0.0,2.0,1.0,0.0025,721.0,179.875,699.375,14.0,24.0,67.5,252.0,341.875,1709.0,715.375,4.0,17.0,68.0,1.0,1.0,2.0,6.0,7.0,1.0,0.0,0.0,16.0,16.0,0.2,0.19047619047619047,0.0064,0.0064,0.05,0.22727272727272727,0.7727272727272727,0.4,1.0,1.0,0.31666666666666665,0.49473684210526314,0.0
20260629_152656_9d451bbc,20260629_152656_9d451bbc_g0050,50,704057654,1,16,16,16,1,3,YELLOW,champ_v3,2,3.0,[3],1,101,1,"{""1"": 74, ""2"": 97, ""3"": 101, ""4"": 79}",False,15.0,-24.0,1.0,2.0,1.0,0.0025,817.0,202.25,787.375,15.0,27.0,77.25,287.5,380.625,1613.0,802.375,4.0,17.0,68.0,1.0,1.0,2.0,6.0,7.0,1.0,0.0,0.0,16.0,16.0,0.2,0.19047619047619047,0.0064,0.0064,0.05,0.22727272727272727,0.7727272727272727,0.375,1.0,1.0,0.325,0.4894736842105264,0.0
20260629_152656_9d451bbc,20260629_152656_9d451bbc_g0050,50,704057654,1,16,16,16,1,4,GREEN,pool_heuristic,3,3.0,[3],0,79,3,"{""1"": 74, ""2"": 97, ""3"": 101, ""4"": 79}",False,13.0,-28.0,4.0,0.0,1.0,0.0025,475.0,141.5,538.625,13.0,21.0,54.75,195.5,254.375,1955.0,551.625,4.0,17.0,68.0,1.0,1.0,2.0,6.0,7.0,1.0,1.0,1.0,16.0,16.0,0.2,0.19047619047619047,0.0064,0.0064,0.05,0.22727272727272727,0.7727272727272727,0.325,1.0,1.0,0.3416666666666667,0.40526315789473677,0.0
20260629_152656_9d451bbc,20260629_152656_9d451bbc_g0050,50,704057654,2,24,24,24,1,1,RED,pool_l45_100ms,0,3.0,[3],0,74,4,"{""1"": 74, ""2"": 97, ""3"": 101, ""4"": 79}",False,14.0,-46.0,6.0,0.0,10.0,0.025,263.0,72.875,235.875,14.0,16.0,33.75,104.0,68.125,1559.0,249.875,6.0,15.0,58.0,1.0,1.0,2.0,6.0,5.0,0.0,0.0,0.0,24.0,24.0,0.295,0.2857142857142857,0.0096,0.0096,0.075,0.3409090909090909,0.6590909090909091,0.35,1.0,1.0,0.5,0.4017543859649123,0.0
20260629_152656_9d451bbc,20260629_152656_9d451bbc_g0050,50,704057654,2,24,24,24,1,2,BLUE,pool_peer_500ms,1,3.0,[3],0,97,2,"{""1"": 74, ""2"": 97, ""3"": 101, ""4"": 79}",False,20.0,-34.0,0.0,12.0,10.0,0.025,663.0,180.125,666.25,19.0,30.0,80.25,239.5,297.5,1159.0,686.25,6.0,15.0,59.0,1.0,1.0,2.0,5.0,6.0,1.0,0.0,0.0,24.0,24.0,0.295,0.2857142857142857,0.0096,0.0096,0.0725,0.32954545454545453,0.6704545454545454,0.5,1.0,1.0,0.45,0.5825771324863884,0.0
20260629_152656_9d451bbc,20260629_152656_9d451bbc_g0050,50,704057654,2,24,24,24,1,3,YELLOW,champ_v3,2,3.0,[3],1,101,1,"{""1"": 74, ""2"": 97, ""3"": 101, ""4"": 79}",False,21.0,-32.0,0.0,13.0,10.0,0.025,540.0,143.875,516.375,17.0,28.0,69.0,188.0,214.375,1282.0,537.375,6.0,15.0,59.0,1.0,1.0,2.0,5.0,6.0,1.0,0.0,0.0,24.0,24.0,0.295,0.2857142857142857,0.0096,0.0096,0.0725,0.32954545454545453,0.6704545454545454,0.525,1.0,1.0,0.4416666666666667,0.6007259528130671,0.0
20260629_152656_9d451bbc,20260629_152656_9d451bbc_g0050,50,704057654,2,24,24,24,1,4,GREEN,pool_heuristic,3,3.0,[3],0,79,3,"{""1"": 74, ""2"": 97, ""3"": 101, ""4"": 79}",False,19.0,-36.0,2.0,5.0,10.0,0.025,356.0,121.25,418.25,17.0,25.0,56.25,180.0,140.0,1466.0,437.25,6.0,15.0,58.0,1.0,1.0,2.0,6.0,5.0,1.0,1.0,1.0,24.0,24.0,0.295,0.2857142857142857,0.0096,0.0096,0.075,0.3409090909090909,0.6590909090909091,0.475,1.0,1.0,0.4583333333333333,0.5175438596491229,0.0
20260629_152656_9d451bbc,20260629_152656_9d451bbc_g0050,50,704057654,3,32,32,32,1,1,RED,pool_l45_100ms,0,3.0,[3],0,74,4,"{""1"": 74, ""2"": 97, ""3"": 101, ""4"": 79}",False,15.0,-51.0,6.0,7.0,15.0,0.0375,68.0,28.25,71.0,10.0,9.0,14.25,29.0,8.75,815.0,86.0,8.0,13.0,48.0,1.0,1.0,2.0,6.0,3.0,0.0,0.0,0.0,32.0,32.0,0.3925,0.38095238095238093,0.0128,0.0128,0.1,0.45454545454545453,0.5454545454545454,0.375,1.0,1.0,0.55,0.4144736842105263,0.0
20260629_152656_9d451bbc,20260629_152656_9d451bbc_g0050,50,704057654,3,32,32,32,1,2,BLUE,pool_peer_500ms,1,3.0,[3],0,97,2,"{""1"": 74, ""2"": 97, ""3"": 101, ""4"": 79}",False,21.0,-39.0,0.0,20.0,15.0,0.0375,258.0,82.25,263.625,18.0,16.0,38.25,104.5,86.875,625.0,284.625,8.0,13.0,49.0,1.0,1.0,2.0,5.0,4.0,0.0,0.0,0.0,32.0,32.0,0.3925,0.38095238095238093,0.0128,0.0128,0.0975,0.4431818181818182,0.5568181818181818,0.525,1.0,1.0,0.5,0.5748987854251013,0.0
20260629_152656_9d451bbc,20260629_152656_9d451bbc_g0050,50,704057654,3,32,32,32,1,3,YELLOW,champ_v3,2,3.0,[3],1,101,1,"{""1"": 74, ""2"": 97, ""3"": 101, ""4"": 79}",False,25.0,-31.0,0.0,21.0,15.0,0.0375,378.0,113.0,370.5,21.0,28.0,57.75,120.0,143.75,505.0,395.5,8.0,13.0,50.0,1.0,1.0,2.0,4.0,5.0,1.0,0.0,0.0,32.0,32.0,0.3925,0.38095238095238093,0.0128,0.0128,0.095,0.4318181818181818,0.5681818181818182,0.625,1.0,1.0,0.4666666666666667,0.6246537396121883,0.0
20260629_152656_9d451bbc,20260629_152656_9d451bbc_g0050,50,704057654,3,32,32,32,1,4,GREEN,pool_heuristic,3,3.0,[3],0,79,3,"{""1"": 74, ""2"": 97, ""3"": 101, ""4"": 79}",False,20.0,-41.0,2.0,7.0,15.0,0.0375,179.0,66.625,193.5,16.0,20.0,33.75,92.5,31.25,704.0,213.5,8.0,13.0,48.0,1.0,1.0,2.0,6.0,3.0,0.0,1.0,0.0,32.0,32.0,0.3925,0.38095238095238093,0.0128,0.0128,0.1,0.45454545454545453,0.5454545454545454,0.5,1.0,1.0,0.5083333333333333,0.5289473684210526,0.0
20260629_152656_9d451bbc,20260629_152656_9d451bbc_g0050,50,704057654,4,40,40,40,1,1,RED,pool_l45_100ms,0,3.0,[3],0,74,4,"{""1"": 74, ""2"": 97, ""3"": 101, ""4"": 79}",False,11.0,-52.0,6.0,12.0,25.0,0.0625,11.0,7.125,10.75,5.0,2.0,2.25,1.5,0.0,374.0,21.75,10.0,11.0,38.0,1.0,1.0,2.0,6.0,1.0,0.0,0.0,0.0,40.0,40.0,0.4875,0.47619047619047616,0.016,0.016,0.125,0.5681818181818182,0.4318181818181818,0.275,0.8666666666666667,1.0,0.525,0.4010526315789473,0.0
20260629_152656_9d451bbc,20260629_152656_9d451bbc_g0050,50,704057654,4,40,40,40,1,2,BLUE,pool_peer_500ms,1,3.0,[3],0,97,2,"{""1"": 74, ""2"": 97, ""3"": 101, ""4"": 79}",False,19.0,-36.0,0.0,27.0,25.0,0.0625,134.0,49.0,130.0,17.0,12.0,23.25,54.0,23.75,251.0,149.0,10.0,11.0,39.0,1.0,1.0,2.0,5.0,2.0,0.0,0.0,0.0,40.0,40.0,0.4875,0.47619047619047616,0.016,0.016,0.1225,0.5568181818181818,0.4431818181818182,0.475,1.0,1.0,0.4583333333333333,0.5671321160042964,0.0
20260629_152656_9d451bbc,20260629_152656_9d451bbc_g0050,50,704057654,4,40,40,40,1,3,YELLOW,champ_v3,2,3.0,[3],1,101,1,"{""1"": 74, ""2"": 97, ""3"": 101, ""4"": 79}",False,27.0,-20.0,0.0,30.0,25.0,0.0625,192.0,70.25,207.125,19.0,24.0,21.0,72.5,70.625,193.0,234.125,10.0,11.0,42.0,1.0,1.0,1.0,4.0,4.0,1.0,0.0,0.0,40.0,40.0,0.4875,0.47619047619047616,0.016,0.016,0.115,0.5227272727272727,0.4772727272727273,0.675,1.0,1.0,0.39166666666666666,0.6189931350114417,0.0
20260629_152656_9d451bbc,20260629_152656_9d451bbc_g0050,50,704057654,4,40,40,40,1,4,GREEN,pool_heuristic,3,3.0,[3],0,79,3,"{""1"": 74, ""2"": 97, ""3"": 101, ""4"": 79}",False,17.0,-40.0,2.0,10.0,25.0,0.0625,48.0,23.625,48.75,11.0,10.0,9.0,17.5,1.25,337.0,65.75,10.0,11.0,38.0,1.0,1.0,2.0,6.0,1.0,0.0,0.0,0.0,40.0,40.0,0.4875,0.47619047619047616,0.016,0.016,0.125,0.5681818181818182,0.4318181818181818,0.425,1.0,1.0,0.475,0.516842105263158,0.0
20260629_152656_9d451bbc,20260629_152656_9d451bbc_g0050,50,704057654,5,48,48,48,1,1,RED,pool_l45_100ms,0,3.0,[3],0,74,4,"{""1"": 74, ""2"": 97, ""3"": 101, ""4"": 79}",False,12.0,-53.0,6.0,20.0,27.0,0.0675,12.0,8.75,13.25,6.0,3.0,2.25,2.0,0.0,191.0,25.25,12.0,9.0,29.0,1.0,1.0,2.0,5.0,0.0,0.0,0.0,0.0,48.0,48.0,0.575,0.5714285714285714,0.0192,0.0192,0.1475,0.6704545454545454,0.32954545454545453,0.3,1.0,0.8,0.5416666666666667,0.37109723461195365,0.0
20260629_152656_9d451bbc,20260629_152656_9d451bbc_g0050,50,704057654,5,48,48,48,1,2,BLUE,pool_peer_500ms,1,3.0,[3],0,97,2,"{""1"": 74, ""2"": 97, ""3"": 101, ""4"": 79}",False,22.0,-33.0,0.0,41.0,27.0,0.0675,53.0,26.75,55.5,14.0,8.0,7.5,21.0,5.0,150.0,77.5,12.0,9.0,31.0,1.0,1.0,1.0,5.0,1.0,0.0,0.0,0.0,48.0,48.0,0.575,0.5714285714285714,0.0192,0.0192,0.1425,0.6477272727272727,0.3522727272727273,0.55,1.0,1.0,0.4583333333333333,0.5632502308402585,0.0
20260629_152656_9d451bbc,20260629_152656_9d451bbc_g0050,50,704057654,5,48,48,48,1,3,YELLOW,champ_v3,2,3.0,[3],1,101,1,"{""1"": 74, ""2"": 97, ""3"": 101, ""4"": 79}",False,26.0,-25.0,0.0,44.0,27.0,0.0675,81.0,35.875,84.375,14.0,15.0,13.5,30.0,11.875,122.0,110.375,12.0,9.0,32.0,1.0,1.0,1.0,4.0,2.0,0.0,0.0,0.0,48.0,48.0,0.575,0.5714285714285714,0.0192,0.0192,0.14,0.6363636363636364,0.36363636363636365,0.65,1.0,1.0,0.425,0.6174812030075187,0.0
20260629_152656_9d451bbc,20260629_152656_9d451bbc_g0050,50,704057654,5,48,48,48,1,4,GREEN,pool_heuristic,3,3.0,[3],0,79,3,"{""1"": 74, ""2"": 97, ""3"": 101, ""4"": 79}",False,17.0,-43.0,2.0,15.0,27.0,0.0675,57.0,26.25,58.75,11.0,10.0,12.75,20.0,5.0,146.0,75.75,12.0,9.0,30.0,1.0,1.0,2.0,4.0,1.0,0.0,0.0,0.0,48.0,48.0,0.575,0.5714285714285714,0.0192,0.0192,0.145,0.6590909090909091,0.3409090909090909,0.425,1.0,1.0,0.5,0.4773139745916515,0.0
20260629_152656_9d451bbc,20260629_152656_9d451bbc_g0050,50,704057654,6,56,56,56,1,1,RED,pool_l45_100ms,0,3.0,[3],0,74,4,"{""1"": 74, ""2"": 97, ""3"": 101, ""4"": 79}",False,11.0,-54.0,6.0,37.0,42.0,0.105,5.0,4.5,5.0,4.0,1.0,0.0,0.0,0.0,87.0,16.0,14.0,7.0,22.0,1.0,1.0,1.0,4.0,0.0,0.0,0.0,0.0,56.0,56.0,0.66,0.6666666666666666,0.0224,0.0224,0.165,0.75,0.25,0.275,0.6333333333333333,0.8,0.5416666666666667,0.37161084529505584,0.0
20260629_152656_9d451bbc,20260629_152656_9d451bbc_g0050,50,704057654,6,56,56,56,1,2,BLUE,pool_peer_500ms,1,3.0,[3],0,97,2,"{""1"": 74, ""2"": 97, ""3"": 101, ""4"": 79}",False,25.0,-26.0,0.0,52.0,42.0,0.105,39.0,26.75,47.75,16.0,9.0,7.5,14.0,1.25,53.0,72.75,14.0,7.0,23.0,1.0,1.0,1.0,3.0,1.0,0.0,0.0,0.0,56.0,56.0,0.66,0.6666666666666666,0.0224,0.0224,0.1625,0.7386363636363636,0.26136363636363635,0.625,0.8833333333333333,1.0,0.425,0.5554655870445344,0.0
20260629_152656_9d451bbc,20260629_152656_9d451bbc_g0050,50,704057654,6,56,56,56,1,3,YELLOW,champ_v3,2,3.0,[3],1,101,1,"{""1"": 74, ""2"": 97, ""3"": 101, ""4"": 79}",False,26.0,-24.0,0.0,54.0,42.0,0.105,35.0,20.125,32.5,12.0,11.0,3.0,6.5,0.0,57.0,58.5,14.0,7.0,22.0,1.0,1.0,1.0,4.0,0.0,0.0,0.0,0.0,56.0,56.0,0.66,0.6666666666666666,0.0224,0.0224,0.165,0.75,0.25,0.65,1.0,0.8,0.4166666666666667,0.5749601275917064,0.0
20260629_152656_9d451bbc,20260629_152656_9d451bbc_g0050,50,704057654,6,56,56,56,1,4,GREEN,pool_heuristic,3,3.0,[3],0,79,3,"{""1"": 74, ""2"": 97, ""3"": 101, ""4"": 79}",False,14.0,-48.0,2.0,27.0,42.0,0.105,13.0,10.25,12.75,8.0,4.0,0.75,0.0,0.0,79.0,26.75,14.0,7.0,21.0,1.0,1.0,2.0,3.0,0.0,0.0,0.0,0.0,56.0,56.0,0.66,0.6666666666666666,0.0224,0.0224,0.1675,0.7613636363636364,0.23863636363636365,0.35,0.7833333333333333,0.8,0.5166666666666667,0.4501178318931657,0.0
20260629_152656_9d451bbc,20260629_152656_9d451bbc_g0050,50,704057654,7,64,64,64,1,1,RED,pool_l45_100ms,0,3.0,[3],0,74,4,"{""1"": 74, ""2"": 97, ""3"": 101, ""4"": 79}",False,9.0,-51.0,6.0,38.0,45.0,0.1125,0.0,0.0,0.0,0.0,0.0,0.0,0.0,0.0,32.0,9.0,16.0,5.0,19.0,0.0,0.0,1.0,4.0,0.0,0.0,0.0,0.0,64.0,64.0,0.7075,0.7619047619047619,0.0256,0.0256,0.1725,0.7840909090909091,0.2159090909090909,0.225,0.4666666666666667,0.8,0.5,0.37376048817696417,0.0
20260629_152656_9d451bbc,20260629_152656_9d451bbc_g0050,50,704057654,7,64,64,64,1,2,BLUE,pool_peer_500ms,1,3.0,[3],0,97,2,"{""1"": 74, ""2"": 97, ""3"": 101, ""4"": 79}",False,23.0,-23.0,0.0,60.0,45.0,0.1125,20.0,16.0,23.5,12.0,4.0,1.5,6.0,0.0,12.0,46.5,16.0,5.0,14.0,1.0,1.0,1.0,2.0,0.0,0.0,0.0,0.0,64.0,64.0,0.7075,0.7619047619047619,0.0256,0.0256,0.185,0.8409090909090909,0.1590909090909091,0.575,0.6833333333333333,0.8,0.38333333333333336,0.5440967283072546,0.0
20260629_152656_9d451bbc,20260629_152656_9d451bbc_g0050,50,704057654,7,64,64,64,1,3,YELLOW,champ_v3,2,3.0,[3],1,101,1,"{""1"": 74, ""2"": 97, ""3"": 101, ""4"": 79}",False,25.0,-19.0,0.0,62.0,45.0,0.1125,12.0,4.375,10.5,0.0,7.0,0.0,3.5,0.0,20.0,35.5,16.0,5.0,18.0,0.0,1.0,0.0,4.0,0.0,0.0,0.0,0.0,64.0,64.0,0.7075,0.7619047619047619,0.0256,0.0256,0.175,0.7954545454545454,0.20454545454545456,0.625,0.8166666666666667,0.8,0.36666666666666664,0.5827067669172932,0.0
20260629_152656_9d451bbc,20260629_152656_9d451bbc_g0050,50,704057654,7,64,64,64,1,4,GREEN,pool_heuristic,3,3.0,[3],0,79,3,"{""1"": 74, ""2"": 97, ""3"": 101, ""4"": 79}",False,12.0,-45.0,2.0,39.0,45.0,0.1125,0.0,0.0,0.0,0.0,0.0,0.0,0.0,0.0,32.0,12.0,16.0,5.0,18.0,0.0,0.0,2.0,3.0,0.0,0.0,0.0,0.0,64.0,64.0,0.7075,0.7619047619047619,0.0256,0.0256,0.175,0.7954545454545454,0.20454545454545456,0.3,0.5166666666666667,0.8,0.475,0.4593984962406015,0.0
20260629_152656_9d451bbc,20260629_152656_9d451bbc_g0051,51,2028952025,0,8,8,8,1,1,RED,pool_peer_500ms,0,2.0,[2],0,91,2,"{""1"": 91, ""2"": 102, ""3"": 73, ""4"": 80}",False,9.0,-13.0,9.0,0.0,0.0,0.0,543.0,122.625,488.75,9.0,15.0,41.25,153.5,270.0,1407.0,497.75,2.0,19.0,78.0,1.0,1.0,2.0,6.0,9.0,1.0,0.0,0.0,8.0,8.0,0.1,0.09523809523809523,0.0032,0.0032,0.025,0.11363636363636363,0.8863636363636364,0.225,1.0,1.0,0.18333333333333332,0.23684210526315785,0.0
20260629_152656_9d451bbc,20260629_152656_9d451bbc_g0051,51,2028952025,0,8,8,8,1,2,BLUE,champ_v3,1,2.0,[2],1,102,1,"{""1"": 91, ""2"": 102, ""3"": 73, ""4"": 80}",False,9.0,-13.0,9.0,0.0,0.0,0.0,543.0,122.625,488.75,9.0,15.0,41.25,153.5,270.0,1407.0,497.75,2.0,19.0,78.0,1.0,1.0,2.0,6.0,9.0,1.0,0.0,0.0,8.0,8.0,0.1,0.09523809523809523,0.0032,0.0032,0.025,0.11363636363636363,0.8863636363636364,0.225,1.0,1.0,0.18333333333333332,0.23684210526315785,0.0
20260629_152656_9d451bbc,20260629_152656_9d451bbc_g0051,51,2028952025,0,8,8,8,1,3,YELLOW,pool_heuristic,2,2.0,[2],0,73,4,"{""1"": 91, ""2"": 102, ""3"": 73, ""4"": 80}",False,6.0,-19.0,8.0,0.0,0.0,0.0,420.0,105.625,432.875,6.0,11.0,32.25,133.0,250.625,1530.0,438.875,2.0,19.0,78.0,1.0,1.0,2.0,6.0,9.0,1.0,1.0,1.0,8.0,8.0,0.1,0.09523809523809523,0.0032,0.0032,0.025,0.11363636363636363,0.8863636363636364,0.15,1.0,1.0,0.20833333333333334,0.26315789473684215,0.0
20260629_152656_9d451bbc,20260629_152656_9d451bbc_g0051,51,2028952025,0,8,8,8,1,4,GREEN,pool_l45_100ms,3,2.0,[2],0,80,3,"{""1"": 91, ""2"": 102, ""3"": 73, ""4"": 80}",False,7.0,-17.0,9.0,0.0,0.0,0.0,444.0,103.25,415.125,7.0,12.0,33.75,130.5,231.875,1506.0,422.125,2.0,19.0,78.0,1.0,1.0,2.0,6.0,9.0,1.0,1.0,0.0,8.0,8.0,0.1,0.09523809523809523,0.0032,0.0032,0.025,0.11363636363636363,0.8863636363636364,0.175,1.0,1.0,0.2,0.20526315789473681,0.0
20260629_152656_9d451bbc,20260629_152656_9d451bbc_g0051,51,2028952025,1,16,16,16,1,1,RED,pool_peer_500ms,0,2.0,[2],0,91,2,"{""1"": 91, ""2"": 102, ""3"": 73, ""4"": 80}",False,16.0,-23.0,0.0,1.0,4.0,0.01,710.0,177.5,688.125,14.0,24.0,67.5,249.5,333.125,1640.0,704.125,4.0,17.0,68.0,1.0,1.0,2.0,6.0,7.0,1.0,0.0,0.0,16.0,16.0,0.2,0.19047619047619047,0.0064,0.0064,0.05,0.22727272727272727,0.7727272727272727,0.4,1.0,1.0,0.325,0.49473684210526314,0.0
20260629_152656_9d451bbc,20260629_152656_9d451bbc_g0051,51,2028952025,1,16,16,16,1,2,BLUE,champ_v3,1,2.0,[2],1,102,1,"{""1"": 91, ""2"": 102, ""3"": 73, ""4"": 80}",False,14.0,-27.0,1.0,2.0,4.0,0.01,591.0,143.625,545.75,14.0,20.0,54.75,199.5,257.5,1759.0,559.75,4.0,17.0,68.0,1.0,1.0,2.0,6.0,7.0,0.0,0.0,0.0,16.0,16.0,0.2,0.19047619047619047,0.0064,0.0064,0.05,0.22727272727272727,0.7727272727272727,0.35,1.0,1.0,0.3416666666666667,0.48684210526315785,0.0
20260629_152656_9d451bbc,20260629_152656_9d451bbc_g0051,51,2028952025,1,16,16,16,1,3,YELLOW,pool_heuristic,2,2.0,[2],0,73,4,"{""1"": 91, ""2"": 102, ""3"": 73, ""4"": 80}",False,15.0,-25.0,3.0,2.0,4.0,0.01,524.0,153.25,589.625,14.0,20.0,55.5,214.5,285.625,1826.0,604.625,4.0,17.0,68.0,1.0,1.0,2.0,6.0,7.0,1.0,1.0,1.0,16.0,16.0,0.2,0.19047619047619047,0.0064,0.0064,0.05,0.22727272727272727,0.7727272727272727,0.375,1.0,1.0,0.33333333333333337,0.47894736842105257,0.0
20260629_152656_9d451bbc,20260629_152656_9d451bbc_g0051,51,2028952025,1,16,16,16,1,4,GREEN,pool_l45_100ms,3,2.0,[2],0,80,3,"{""1"": 91, ""2"": 102, ""3"": 73, ""4"": 80}",False,10.0,-35.0,7.0,0.0,4.0,0.01,525.0,121.875,470.625,10.0,17.0,45.0,173.0,225.625,1825.0,480.625,4.0,17.0,68.0,1.0,1.0,2.0,6.0,7.0,1.0,0.0,0.0,16.0,16.0,0.2,0.19047619047619047,0.0064,0.0064,0.05,0.22727272727272727,0.7727272727272727,0.25,1.0,1.0,0.375,0.3131578947368421,0.0
20260629_152656_9d451bbc,20260629_152656_9d451bbc_g0051,51,2028952025,2,24,24,24,1,1,RED,pool_peer_500ms,0,2.0,[2],0,91,2,"{""1"": 91, ""2"": 102, ""3"": 73, ""4"": 80}",False,18.0,-35.0,0.0,10.0,9.0,0.0225,588.0,151.875,546.25,17.0,27.0,68.25,236.5,197.5,1074.0,564.25,6.0,15.0,58.0,1.0,1.0,2.0,6.0,5.0,1.0,0.0,0.0,24.0,24.0,0.2975,0.2857142857142857,0.0096,0.0096,0.075,0.3409090909090909,0.6590909090909091,0.45,1.0,1.0,0.4416666666666667,0.5877192982456141,0.0
20260629_152656_9d451bbc,20260629_152656_9d451bbc_g0051,51,2028952025,2,24,24,24,1,2,BLUE,champ_v3,1,2.0,[2],1,102,1,"{""1"": 91, ""2"": 102, ""3"": 73, ""4"": 80}",False,19.0,-33.0,0.0,13.0,9.0,0.0225,346.0,102.5,357.25,15.0,20.0,49.5,129.0,143.75,1316.0,376.25,6.0,15.0,59.0,1.0,1.0,2.0,5.0,6.0,0.0,0.0,0.0,24.0,24.0,0.2975,0.2857142857142857,0.0096,0.0096,0.0725,0.32954545454545453,0.6704545454545454,0.475,1.0,1.0,0.4333333333333333,0.588021778584392,0.0
20260629_152656_9d451bbc,20260629_152656_9d451bbc_g0051,51,2028952025,2,24,24,24,1,3,YELLOW,pool_heuristic,2,2.0,[2],0,73,4,"{""1"": 91, ""2"": 102, ""3"": 73, ""4"": 80}",False,19.0,-33.0,3.0,3.0,9.0,0.0225,373.0,111.375,376.25,18.0,22.0,51.75,164.5,120.0,1289.0,395.25,6.0,15.0,58.0,1.0,1.0,2.0,6.0,5.0,1.0,1.0,0.0,24.0,24.0,0.2975,0.2857142857142857,0.0096,0.0096,0.075,0.3409090909090909,0.6590909090909091,0.475,1.0,1.0,0.4333333333333333,0.5070175438596491,0.0
20260629_152656_9d451bbc,20260629_152656_9d451bbc_g0051,51,2028952025,2,24,24,24,1,4,GREEN,pool_l45_100ms,3,2.0,[2],0,80,3,"{""1"": 91, ""2"": 102, ""3"": 73, ""4"": 80}",False,15.0,-41.0,4.0,4.0,9.0,0.0225,355.0,93.625,314.5,15.0,19.0,45.0,140.5,95.0,1307.0,329.5,6.0,15.0,58.0,1.0,1.0,2.0,6.0,5.0,0.0,0.0,0.0,24.0,24.0,0.2975,0.2857142857142857,0.0096,0.0096,0.075,0.3409090909090909,0.6590909090909091,0.375,1.0,1.0,0.4666666666666667,0.43333333333333324,0.0
20260629_152656_9d451bbc,20260629_152656_9d451bbc_g0051,51,2028952025,3,32,32,32,1,1,RED,pool_peer_500ms,0,2.0,[2],0,91,2,"{""1"": 91, ""2"": 102, ""3"": 73, ""4"": 80}",False,23.0,-36.0,0.0,17.0,16.0,0.04,232.0,80.625,242.125,18.0,23.0,41.25,108.0,51.875,458.0,265.125,8.0,13.0,48.0,1.0,1.0,2.0,6.0,3.0,1.0,0.0,0.0,32.0,32.0,0.3975,0.38095238095238093,0.0128,0.0128,0.1,0.45454545454545453,0.5454545454545454,0.575,1.0,1.0,0.4916666666666667,0.5789473684210527,0.0
20260629_152656_9d451bbc,20260629_152656_9d451bbc_g0051,51,2028952025,3,32,32,32,1,2,BLUE,champ_v3,1,2.0,[2],1,102,1,"{""1"": 91, ""2"": 102, ""3"": 73, ""4"": 80}",False,22.0,-38.0,0.0,17.0,16.0,0.04,237.0,84.125,264.875,18.0,18.0,43.5,111.0,74.375,453.0,286.875,8.0,13.0,49.0,1.0,1.0,2.0,5.0,4.0,0.0,0.0,0.0,32.0,32.0,0.3975,0.38095238095238093,0.0128,0.0128,0.0975,0.4431818181818182,0.5568181818181818,0.55,1.0,1.0,0.5,0.6059379217273955,0.0
20260629_152656_9d451bbc,20260629_152656_9d451bbc_g0051,51,2028952025,3,32,32,32,1,3,YELLOW,pool_heuristic,2,2.0,[2],0,73,4,"{""1"": 91, ""2"": 102, ""3"": 73, ""4"": 80}",False,20.0,-42.0,3.0,4.0,16.0,0.04,135.0,54.625,142.0,19.0,14.0,27.0,64.5,17.5,555.0,162.0,8.0,13.0,48.0,1.0,1.0,2.0,6.0,3.0,0.0,1.0,0.0,32.0,32.0,0.3975,0.38095238095238093,0.0128,0.0128,0.1,0.45454545454545453,0.5454545454545454,0.5,1.0,1.0,0.5166666666666667,0.49078947368421044,0.0
20260629_152656_9d451bbc,20260629_152656_9d451bbc_g0051,51,2028952025,3,32,32,32,1,4,GREEN,pool_l45_100ms,3,2.0,[2],0,80,3,"{""1"": 91, ""2"": 102, ""3"": 73, ""4"": 80}",False,17.0,-48.0,4.0,8.0,16.0,0.04,86.0,35.0,82.875,14.0,12.0,15.75,30.5,10.625,604.0,99.875,8.0,13.0,48.0,1.0,1.0,2.0,6.0,3.0,0.0,0.0,0.0,32.0,32.0,0.3975,0.38095238095238093,0.0128,0.0128,0.1,0.45454545454545453,0.5454545454545454,0.425,1.0,1.0,0.5416666666666667,0.4473684210526315,0.0
20260629_152656_9d451bbc,20260629_152656_9d451bbc_g0051,51,2028952025,4,40,40,40,1,1,RED,pool_peer_500ms,0,2.0,[2],0,91,2,"{""1"": 91, ""2"": 102, ""3"": 73, ""4"": 80}",False,26.0,-32.0,0.0,30.0,28.0,0.07,64.0,30.875,65.0,15.0,11.0,13.5,15.5,10.0,278.0,91.0,10.0,11.0,40.0,1.0,1.0,2.0,4.0,3.0,1.0,0.0,0.0,40.0,40.0,0.49,0.47619047619047616,0.016,0.016,0.12,0.5454545454545454,0.45454545454545453,0.65,1.0,1.0,0.4833333333333333,0.6129385964912281,0.0
20260629_152656_9d451bbc,20260629_152656_9d451bbc_g0051,51,2028952025,4,40,40,40,1,2,BLUE,champ_v3,1,2.0,[2],1,102,1,"{""1"": 91, ""2"": 102, ""3"": 73, ""4"": 80}",False,27.0,-30.0,0.0,24.0,28.0,0.07,218.0,84.125,237.375,21.0,23.0,52.5,119.0,21.875,124.0,264.375,10.0,11.0,39.0,1.0,1.0,2.0,5.0,2.0,0.0,0.0,0.0,40.0,40.0,0.49,0.47619047619047616,0.016,0.016,0.1225,0.5568181818181818,0.4431818181818182,0.675,1.0,1.0,0.475,0.5821697099892589,0.0
20260629_152656_9d451bbc,20260629_152656_9d451bbc_g0051,51,2028952025,4,40,40,40,1,3,YELLOW,pool_heuristic,2,2.0,[2],0,73,4,"{""1"": 91, ""2"": 102, ""3"": 73, ""4"": 80}",False,17.0,-50.0,3.0,7.0,28.0,0.07,34.0,22.0,38.0,14.0,6.0,8.25,6.0,3.75,308.0,55.0,10.0,11.0,39.0,1.0,1.0,2.0,5.0,2.0,0.0,0.0,0.0,40.0,40.0,0.49,0.47619047619047616,0.016,0.016,0.1225,0.5568181818181818,0.4431818181818182,0.425,0.95,1.0,0.5583333333333333,0.46509129967776586,0.0
20260629_152656_9d451bbc,20260629_152656_9d451bbc_g0051,51,2028952025,4,40,40,40,1,4,GREEN,pool_l45_100ms,3,2.0,[2],0,80,3,"{""1"": 91, ""2"": 102, ""3"": 73, ""4"": 80}",False,14.0,-56.0,4.0,17.0,28.0,0.07,26.0,15.25,23.75,10.0,6.0,3.75,4.0,0.0,316.0,37.75,10.0,11.0,38.0,1.0,1.0,2.0,6.0,1.0,0.0,0.0,0.0,40.0,40.0,0.49,0.47619047619047616,0.016,0.016,0.125,0.5681818181818182,0.4318181818181818,0.35,1.0,1.0,0.5833333333333333,0.4242105263157895,0.0
20260629_152656_9d451bbc,20260629_152656_9d451bbc_g0051,51,2028952025,5,48,48,48,1,1,RED,pool_peer_500ms,0,2.0,[2],0,91,2,"{""1"": 91, ""2"": 102, ""3"": 73, ""4"": 80}",False,27.0,-26.0,0.0,40.0,50.0,0.125,30.0,21.75,33.25,15.0,7.0,6.75,2.0,2.5,108.0,60.25,12.0,9.0,31.0,1.0,1.0,2.0,3.0,2.0,0.0,0.0,0.0,48.0,48.0,0.575,0.5714285714285714,0.0192,0.0192,0.1425,0.6477272727272727,0.3522727272727273,0.675,1.0,1.0,0.4416666666666667,0.5964912280701754,0.0
20260629_152656_9d451bbc,20260629_152656_9d451bbc_g0051,51,2028952025,5,48,48,48,1,2,BLUE,champ_v3,1,2.0,[2],1,102,1,"{""1"": 91, ""2"": 102, ""3"": 73, ""4"": 80}",False,28.0,-24.0,0.0,29.0,50.0,0.125,88.0,43.5,98.25,18.0,14.0,26.25,35.0,5.0,50.0,126.25,12.0,9.0,30.0,1.0,1.0,2.0,4.0,1.0,0.0,0.0,0.0,48.0,48.0,0.575,0.5714285714285714,0.0192,0.0192,0.145,0.6590909090909091,0.3409090909090909,0.7,1.0,1.0,0.4333333333333333,0.573502722323049,0.0
20260629_152656_9d451bbc,20260629_152656_9d451bbc_g0051,51,2028952025,5,48,48,48,1,3,YELLOW,pool_heuristic,2,2.0,[2],0,73,4,"{""1"": 91, ""2"": 102, ""3"": 73, ""4"": 80}",False,15.0,-50.0,3.0,17.0,50.0,0.125,15.0,13.0,15.5,11.0,3.0,1.5,0.0,0.0,123.0,30.5,12.0,9.0,31.0,1.0,1.0,2.0,3.0,2.0,0.0,0.0,0.0,48.0,48.0,0.575,0.5714285714285714,0.0192,0.0192,0.1425,0.6477272727272727,0.3522727272727273,0.375,0.5333333333333333,1.0,0.5416666666666667,0.4496768236380424,0.0
20260629_152656_9d451bbc,20260629_152656_9d451bbc_g0051,51,2028952025,5,48,48,48,1,4,GREEN,pool_l45_100ms,3,2.0,[2],0,80,3,"{""1"": 91, ""2"": 102, ""3"": 73, ""4"": 80}",False,10.0,-60.0,4.0,23.0,50.0,0.125,5.0,5.0,5.0,5.0,0.0,0.0,0.0,0.0,133.0,15.0,12.0,9.0,30.0,1.0,1.0,2.0,4.0,1.0,0.0,0.0,0.0,48.0,48.0,0.575,0.5714285714285714,0.0192,0.0192,0.145,0.6590909090909091,0.3409090909090909,0.25,0.6666666666666666,1.0,0.5833333333333333,0.4165154264972777,0.0
20260629_152656_9d451bbc,20260629_152656_9d451bbc_g0051,51,2028952025,6,56,56,56,1,1,RED,pool_peer_500ms,0,2.0,[2],0,91,2,"{""1"": 91, ""2"": 102, ""3"": 73, ""4"": 80}",False,28.0,-28.0,0.0,52.0,37.0,0.0925,25.0,19.25,24.75,15.0,6.0,3.75,0.0,0.0,47.0,52.75,14.0,7.0,21.0,1.0,1.0,2.0,3.0,0.0,0.0,0.0,0.0,56.0,56.0,0.645,0.6666666666666666,0.0224,0.0224,0.1675,0.7613636363636364,0.23863636363636365,0.7,0.9666666666666667,0.8,0.4666666666666667,0.5742340926944227,0.0
20260629_152656_9d451bbc,20260629_152656_9d451bbc_g0051,51,2028952025,6,56,56,56,1,2,BLUE,champ_v3,1,2.0,[2],1,102,1,"{""1"": 91, ""2"": 102, ""3"": 73, ""4"": 80}",False,29.0,-26.0,0.0,46.0,37.0,0.0925,41.0,25.75,42.25,15.0,11.0,14.25,2.0,0.0,31.0,71.25,14.0,7.0,22.0,1.0,1.0,2.0,2.0,1.0,0.0,0.0,0.0,56.0,56.0,0.645,0.6666666666666666,0.0224,0.0224,0.165,0.75,0.25,0.725,1.0,1.0,0.4583333333333333,0.5534290271132376,0.0
20260629_152656_9d451bbc,20260629_152656_9d451bbc_g0051,51,2028952025,6,56,56,56,1,3,YELLOW,pool_heuristic,2,2.0,[2],0,73,4,"{""1"": 91, ""2"": 102, ""3"": 73, ""4"": 80}",False,15.0,-54.0,3.0,28.0,37.0,0.0925,4.0,2.0,4.5,0.0,3.0,1.5,0.0,0.0,68.0,19.5,14.0,7.0,25.0,0.0,1.0,2.0,3.0,1.0,0.0,0.0,0.0,56.0,56.0,0.645,0.6666666666666666,0.0224,0.0224,0.1575,0.7159090909090909,0.2840909090909091,0.375,0.4,1.0,0.575,0.443609022556391,0.0
20260629_152656_9d451bbc,20260629_152656_9d451bbc_g0051,51,2028952025,6,56,56,56,1,4,GREEN,pool_l45_100ms,3,2.0,[2],0,80,3,"{""1"": 91, ""2"": 102, ""3"": 73, ""4"": 80}",False,12.0,-60.0,2.0,27.0,37.0,0.0925,2.0,1.0,2.0,0.0,2.0,0.0,0.0,0.0,70.0,14.0,14.0,7.0,26.0,0.0,1.0,1.0,4.0,1.0,0.0,0.0,0.0,56.0,56.0,0.645,0.6666666666666666,0.0224,0.0224,0.155,0.7045454545454546,0.29545454545454547,0.3,0.4666666666666667,1.0,0.6,0.43972835314091685,0.0
20260629_152656_9d451bbc,20260629_152656_9d451bbc_g0051,51,2028952025,7,64,64,64,1,1,RED,pool_peer_500ms,0,2.0,[2],0,91,2,"{""1"": 91, ""2"": 102, ""3"": 73, ""4"": 80}",False,27.0,-28.0,0.0,58.0,34.0,0.085,11.0,11.0,11.0,11.0,0.0,0.0,0.0,0.0,26.0,38.0,16.0,5.0,15.0,1.0,1.0,0.0,3.0,0.0,0.0,0.0,0.0,64.0,64.0,0.7,0.7619047619047619,0.0256,0.0256,0.1825,0.8295454545454546,0.17045454545454544,0.675,0.7,0.8,0.4583333333333333,0.5681326604181687,0.0
20260629_152656_9d451bbc,20260629_152656_9d451bbc_g0051,51,2028952025,7,64,64,64,1,2,BLUE,champ_v3,1,2.0,[2],1,102,1,"{""1"": 91, ""2"": 102, ""3"": 73, ""4"": 80}",False,28.0,-26.0,0.0,57.0,34.0,0.085,24.0,10.25,25.25,0.0,11.0,14.25,0.0,0.0,13.0,53.25,16.0,5.0,17.0,0.0,1.0,2.0,1.0,1.0,0.0,0.0,0.0,64.0,64.0,0.7,0.7619047619047619,0.0256,0.0256,0.1775,0.8068181818181818,0.19318181818181818,0.7,0.9666666666666667,1.0,0.45,0.5485544848035582,0.0
20260629_152656_9d451bbc,20260629_152656_9d451bbc_g0051,51,2028952025,7,64,64,64,1,3,YELLOW,pool_heuristic,2,2.0,[2],0,73,4,"{""1"": 91, ""2"": 102, ""3"": 73, ""4"": 80}",False,13.0,-56.0,3.0,34.0,34.0,0.085,0.0,0.0,0.0,0.0,0.0,0.0,0.0,0.0,37.0,13.0,16.0,5.0,20.0,0.0,0.0,1.0,3.0,1.0,0.0,0.0,0.0,64.0,64.0,0.7,0.7619047619047619,0.0256,0.0256,0.17,0.7727272727272727,0.22727272727272727,0.325,0.31666666666666665,1.0,0.575,0.4613003095975232,0.0
20260629_152656_9d451bbc,20260629_152656_9d451bbc_g0051,51,2028952025,7,64,64,64,1,4,GREEN,pool_l45_100ms,3,2.0,[2],0,80,3,"{""1"": 91, ""2"": 102, ""3"": 73, ""4"": 80}",False,14.0,-54.0,2.0,41.0,34.0,0.085,2.0,0.5,1.5,0.0,0.0,1.5,0.0,0.0,35.0,15.5,16.0,5.0,20.0,0.0,0.0,1.0,3.0,1.0,0.0,0.0,0.0,64.0,64.0,0.7,0.7619047619047619,0.0256,0.0256,0.17,0.7727272727272727,0.22727272727272727,0.35,0.43333333333333335,1.0,0.5666666666666667,0.4605263157894737,0.0
20260629_152656_9d451bbc,20260629_152656_9d451bbc_g0052,52,990387815,0,8,8,8,1,1,RED,champ_v3,0,1.0,[1],1,88,1,"{""1"": 88, ""2"": 86, ""3"": 77, ""4"": 77}",False,9.0,-13.0,9.0,0.0,0.0,0.0,543.0,122.625,488.75,9.0,15.0,41.25,153.5,270.0,1262.0,497.75,2.0,19.0,78.0,1.0,1.0,2.0,6.0,9.0,1.0,0.0,0.0,8.0,8.0,0.1,0.09523809523809523,0.0032,0.0032,0.025,0.11363636363636363,0.8863636363636364,0.225,1.0,1.0,0.18333333333333332,0.23684210526315785,0.0
20260629_152656_9d451bbc,20260629_152656_9d451bbc_g0052,52,990387815,0,8,8,8,1,2,BLUE,pool_heuristic,1,1.0,[1],0,86,2,"{""1"": 88, ""2"": 86, ""3"": 77, ""4"": 77}",False,6.0,-19.0,9.0,0.0,0.0,0.0,355.0,90.375,366.125,6.0,10.0,28.5,111.0,210.625,1450.0,372.125,2.0,19.0,78.0,1.0,1.0,2.0,6.0,9.0,1.0,1.0,1.0,8.0,8.0,0.1,0.09523809523809523,0.0032,0.0032,0.025,0.11363636363636363,0.8863636363636364,0.15,1.0,1.0,0.20833333333333334,0.2421052631578947,0.0
20260629_152656_9d451bbc,20260629_152656_9d451bbc_g0052,52,990387815,0,8,8,8,1,3,YELLOW,pool_l45_100ms,2,1.0,[1],0,77,3,"{""1"": 88, ""2"": 86, ""3"": 77, ""4"": 77}",False,7.0,-17.0,9.0,0.0,0.0,0.0,364.0,86.0,341.875,7.0,10.0,27.0,108.5,189.375,1441.0,348.875,2.0,19.0,78.0,1.0,1.0,2.0,6.0,9.0,1.0,1.0,0.0,8.0,8.0,0.1,0.09523809523809523,0.0032,0.0032,0.025,0.11363636363636363,0.8863636363636364,0.175,1.0,1.0,0.2,0.17368421052631577,0.0
20260629_152656_9d451bbc,20260629_152656_9d451bbc_g0052,52,990387815,0,8,8,8,1,4,GREEN,pool_peer_500ms,3,1.0,[1],0,77,3,"{""1"": 88, ""2"": 86, ""3"": 77, ""4"": 77}",False,9.0,-13.0,9.0,0.0,0.0,0.0,543.0,122.625,488.75,9.0,15.0,41.25,153.5,270.0,1262.0,497.75,2.0,19.0,78.0,1.0,1.0,2.0,6.0,9.0,1.0,0.0,0.0,8.0,8.0,0.1,0.09523809523809523,0.0032,0.0032,0.025,0.11363636363636363,0.8863636363636364,0.225,1.0,1.0,0.18333333333333332,0.23684210526315785,0.0
20260629_152656_9d451bbc,20260629_152656_9d451bbc_g0052,52,990387815,1,16,16,16,1,1,RED,champ_v3,0,1.0,[1],1,88,1,"{""1"": 88, ""2"": 86, ""3"": 77, ""4"": 77}",False,15.0,-22.0,4.0,2.0,0.0,0.0,554.0,140.125,531.125,14.0,20.0,53.25,192.0,251.875,1554.0,546.125,4.0,17.0,68.0,1.0,1.0,2.0,6.0,7.0,1.0,0.0,0.0,16.0,16.0,0.2,0.19047619047619047,0.0064,0.0064,0.05,0.22727272727272727,0.7727272727272727,0.375,1.0,1.0,0.30833333333333335,0.4526315789473684,0.0
20260629_152656_9d451bbc,20260629_152656_9d451bbc_g0052,52,990387815,1,16,16,16,1,2,BLUE,pool_heuristic,1,1.0,[1],0,86,2,"{""1"": 88, ""2"": 86, ""3"": 77, ""4"": 77}",False,11.0,-30.0,0.0,5.0,0.0,0.0,465.0,120.875,472.375,10.0,15.0,42.75,164.0,240.625,1643.0,483.375,4.0,17.0,68.0,1.0,1.0,2.0,6.0,7.0,0.0,1.0,1.0,16.0,16.0,0.2,0.19047619047619047,0.0064,0.0064,0.05,0.22727272727272727,0.7727272727272727,0.275,1.0,1.0,0.3416666666666667,0.4894736842105264,0.0
20260629_152656_9d451bbc,20260629_152656_9d451bbc_g0052,52,990387815,1,16,16,16,1,3,YELLOW,pool_l45_100ms,2,1.0,[1],0,77,3,"{""1"": 88, ""2"": 86, ""3"": 77, ""4"": 77}",False,11.0,-30.0,5.0,0.0,0.0,0.0,429.0,102.375,386.25,11.0,15.0,36.0,140.5,183.75,1679.0,397.25,4.0,17.0,68.0,1.0,1.0,2.0,6.0,7.0,1.0,0.0,0.0,16.0,16.0,0.2,0.19047619047619047,0.0064,0.0064,0.05,0.22727272727272727,0.7727272727272727,0.275,1.0,1.0,0.3416666666666667,0.3526315789473684,0.0
20260629_152656_9d451bbc,20260629_152656_9d451bbc_g0052,52,990387815,1,16,16,16,1,4,GREEN,pool_peer_500ms,3,1.0,[1],0,77,3,"{""1"": 88, ""2"": 86, ""3"": 77, ""4"": 77}",False,15.0,-22.0,1.0,2.0,0.0,0.0,660.0,166.125,636.875,15.0,23.0,62.25,231.0,305.625,1448.0,651.875,4.0,17.0,68.0,1.0,1.0,2.0,6.0,7.0,1.0,0.0,0.0,16.0,16.0,0.2,0.19047619047619047,0.0064,0.0064,0.05,0.22727272727272727,0.7727272727272727,0.375,1.0,1.0,0.30833333333333335,0.48684210526315785,0.0
20260629_152656_9d451bbc,20260629_152656_9d451bbc_g0052,52,990387815,2,24,24,24,1,1,RED,champ_v3,0,1.0,[1],1,88,1,"{""1"": 88, ""2"": 86, ""3"": 77, ""4"": 77}",False,23.0,-21.0,3.0,10.0,0.0,0.0,527.0,148.75,518.5,21.0,28.0,66.75,219.0,183.75,841.0,541.5,6.0,15.0,58.0,1.0,1.0,2.0,6.0,5.0,1.0,0.0,0.0,24.0,24.0,0.3,0.2857142857142857,0.0096,0.0096,0.075,0.3409090909090909,0.6590909090909091,0.575,1.0,1.0,0.36666666666666664,0.543859649122807,0.0
20260629_152656_9d451bbc,20260629_152656_9d451bbc_g0052,52,990387815,2,24,24,24,1,2,BLUE,pool_heuristic,1,1.0,[1],0,86,2,"{""1"": 88, ""2"": 86, ""3"": 77, ""4"": 77}",False,15.0,-37.0,0.0,10.0,0.0,0.0,318.0,90.75,325.25,13.0,14.0,36.75,124.0,137.5,1050.0,340.25,6.0,15.0,58.0,1.0,1.0,2.0,6.0,5.0,0.0,1.0,1.0,24.0,24.0,0.3,0.2857142857142857,0.0096,0.0096,0.075,0.3409090909090909,0.6590909090909091,0.375,1.0,1.0,0.4333333333333333,0.5666666666666667,0.0
20260629_152656_9d451bbc,20260629_152656_9d451bbc_g0052,52,990387815,2,24,24,24,1,3,YELLOW,pool_l45_100ms,2,1.0,[1],0,77,3,"{""1"": 88, ""2"": 86, ""3"": 77, ""4"": 77}",False,12.0,-43.0,5.0,1.0,0.0,0.0,170.0,48.125,154.25,11.0,10.0,19.5,57.5,56.25,1198.0,166.25,6.0,15.0,58.0,1.0,1.0,2.0,6.0,5.0,0.0,0.0,0.0,24.0,24.0,0.3,0.2857142857142857,0.0096,0.0096,0.075,0.3409090909090909,0.6590909090909091,0.3,1.0,1.0,0.4583333333333333,0.39473684210526316,0.0
20260629_152656_9d451bbc,20260629_152656_9d451bbc_g0052,52,990387815,2,24,24,24,1,4,GREEN,pool_peer_500ms,3,1.0,[1],0,77,3,"{""1"": 88, ""2"": 86, ""3"": 77, ""4"": 77}",False,17.0,-33.0,1.0,12.0,0.0,0.0,353.0,105.625,359.0,17.0,21.0,45.75,156.5,118.75,1015.0,376.0,6.0,15.0,58.0,1.0,1.0,2.0,6.0,5.0,1.0,0.0,0.0,24.0,24.0,0.3,0.2857142857142857,0.0096,0.0096,0.075,0.3409090909090909,0.6590909090909091,0.425,1.0,1.0,0.4166666666666667,0.5526315789473684,0.0
20260629_152656_9d451bbc,20260629_152656_9d451bbc_g0052,52,990387815,3,32,32,32,1,1,RED,champ_v3,0,1.0,[1],1,88,1,"{""1"": 88, ""2"": 86, ""3"": 77, ""4"": 77}",False,28.0,-21.0,2.0,22.0,1.0,0.0025,325.0,102.125,313.0,23.0,26.0,53.25,124.5,86.25,532.0,341.0,8.0,13.0,49.0,1.0,1.0,2.0,5.0,4.0,1.0,0.0,0.0,32.0,32.0,0.395,0.38095238095238093,0.0128,0.0128,0.0975,0.4431818181818182,0.5568181818181818,0.7,1.0,1.0,0.4083333333333333,0.5641025641025641,0.0
20260629_152656_9d451bbc,20260629_152656_9d451bbc_g0052,52,990387815,3,32,32,32,1,2,BLUE,pool_heuristic,1,1.0,[1],0,86,2,"{""1"": 88, ""2"": 86, ""3"": 77, ""4"": 77}",False,20.0,-37.0,0.0,17.0,1.0,0.0025,231.0,78.5,244.625,17.0,18.0,37.5,111.5,60.625,626.0,264.625,8.0,13.0,48.0,1.0,1.0,2.0,6.0,3.0,0.0,0.0,1.0,32.0,32.0,0.395,0.38095238095238093,0.0128,0.0128,0.1,0.45454545454545453,0.5454545454545454,0.5,1.0,1.0,0.475,0.5657894736842105,0.0
20260629_152656_9d451bbc,20260629_152656_9d451bbc_g0052,52,990387815,3,32,32,32,1,3,YELLOW,pool_l45_100ms,2,1.0,[1],0,77,3,"{""1"": 88, ""2"": 86, ""3"": 77, ""4"": 77}",False,13.0,-51.0,5.0,8.0,1.0,0.0025,91.0,36.125,95.375,12.0,11.0,17.25,37.0,18.125,766.0,108.375,8.0,13.0,48.0,1.0,1.0,2.0,6.0,3.0,0.0,0.0,0.0,32.0,32.0,0.395,0.38095238095238093,0.0128,0.0128,0.1,0.45454545454545453,0.5454545454545454,0.325,1.0,1.0,0.5333333333333333,0.4236842105263158,0.0
20260629_152656_9d451bbc,20260629_152656_9d451bbc_g0052,52,990387815,3,32,32,32,1,4,GREEN,pool_peer_500ms,3,1.0,[1],0,77,3,"{""1"": 88, ""2"": 86, ""3"": 77, ""4"": 77}",False,16.0,-45.0,1.0,18.0,1.0,0.0025,210.0,67.5,211.375,16.0,14.0,31.5,80.5,69.375,647.0,227.375,8.0,13.0,49.0,1.0,1.0,2.0,5.0,4.0,0.0,0.0,0.0,32.0,32.0,0.395,0.38095238095238093,0.0128,0.0128,0.0975,0.4431818181818182,0.5568181818181818,0.4,1.0,1.0,0.5083333333333333,0.5452091767881242,0.0
20260629_152656_9d451bbc,20260629_152656_9d451bbc_g0052,52,990387815,4,40,40,40,1,1,RED,champ_v3,0,1.0,[1],1,88,1,"{""1"": 88, ""2"": 86, ""3"": 77, ""4"": 77}",False,35.0,-15.0,2.0,30.0,8.0,0.02,129.0,57.5,131.0,25.0,20.0,26.25,36.0,23.75,187.0,166.0,10.0,11.0,40.0,1.0,1.0,2.0,4.0,3.0,1.0,0.0,0.0,40.0,40.0,0.49,0.47619047619047616,0.016,0.016,0.12,0.5454545454545454,0.45454545454545453,0.875,1.0,1.0,0.4166666666666667,0.5339912280701755,0.0
20260629_152656_9d451bbc,20260629_152656_9d451bbc_g0052,52,990387815,4,40,40,40,1,2,BLUE,pool_heuristic,1,1.0,[1],0,86,2,"{""1"": 88, ""2"": 86, ""3"": 77, ""4"": 77}",False,20.0,-45.0,0.0,23.0,8.0,0.02,93.0,39.75,97.125,15.0,11.0,19.5,48.5,3.125,223.0,117.125,10.0,11.0,38.0,1.0,1.0,2.0,6.0,1.0,0.0,0.0,0.0,40.0,40.0,0.49,0.47619047619047616,0.016,0.016,0.125,0.5681818181818182,0.4318181818181818,0.5,1.0,1.0,0.5416666666666667,0.523157894736842,0.0
20260629_152656_9d451bbc,20260629_152656_9d451bbc_g0052,52,990387815,4,40,40,40,1,3,YELLOW,pool_l45_100ms,2,1.0,[1],0,77,3,"{""1"": 88, ""2"": 86, ""3"": 77, ""4"": 77}",False,12.0,-61.0,1.0,13.0,8.0,0.02,40.0,20.875,39.25,11.0,8.0,9.75,10.5,0.0,276.0,51.25,10.0,11.0,38.0,1.0,1.0,2.0,6.0,1.0,0.0,0.0,0.0,40.0,40.0,0.49,0.47619047619047616,0.016,0.016,0.125,0.5681818181818182,0.4318181818181818,0.3,0.8333333333333334,1.0,0.6083333333333333,0.4421052631578948,0.0
20260629_152656_9d451bbc,20260629_152656_9d451bbc_g0052,52,990387815,4,40,40,40,1,4,GREEN,pool_peer_500ms,3,1.0,[1],0,77,3,"{""1"": 88, ""2"": 86, ""3"": 77, ""4"": 77}",False,18.0,-49.0,1.0,23.0,8.0,0.02,54.0,30.125,61.625,16.0,9.0,12.0,14.0,10.625,262.0,79.625,10.0,11.0,40.0,1.0,1.0,2.0,4.0,3.0,0.0,0.0,0.0,40.0,40.0,0.49,0.47619047619047616,0.016,0.016,0.12,0.5454545454545454,0.45454545454545453,0.45,0.9,1.0,0.5583333333333333,0.513157894736842,0.0
20260629_152656_9d451bbc,20260629_152656_9d451bbc_g0052,52,990387815,5,48,48,48,1,1,RED,champ_v3,0,1.0,[1],1,88,1,"{""1"": 88, ""2"": 86, ""3"": 77, ""4"": 77}",False,36.0,-11.0,1.0,39.0,28.0,0.07,53.0,36.25,59.5,23.0,14.0,10.5,7.0,5.0,56.0,95.5,12.0,9.0,31.0,1.0,1.0,2.0,3.0,2.0,1.0,0.0,0.0,48.0,48.0,0.5675,0.5714285714285714,0.0192,0.0192,0.1425,0.6477272727272727,0.3522727272727273,0.9,1.0,1.0,0.39166666666666666,0.5512465373961218,0.0
20260629_152656_9d451bbc,20260629_152656_9d451bbc_g0052,52,990387815,5,48,48,48,1,2,BLUE,pool_heuristic,1,1.0,[1],0,86,2,"{""1"": 88, ""2"": 86, ""3"": 77, ""4"": 77}",False,22.0,-39.0,0.0,29.0,28.0,0.07,36.0,22.625,34.75,15.0,8.0,8.25,3.5,0.0,73.0,56.75,12.0,9.0,30.0,1.0,1.0,2.0,4.0,1.0,0.0,0.0,0.0,48.0,48.0,0.5675,0.5714285714285714,0.0192,0.0192,0.145,0.6590909090909091,0.3409090909090909,0.55,1.0,1.0,0.5083333333333333,0.5353901996370236,0.0
20260629_152656_9d451bbc,20260629_152656_9d451bbc_g0052,52,990387815,5,48,48,48,1,3,YELLOW,pool_l45_100ms,2,1.0,[1],0,77,3,"{""1"": 88, ""2"": 86, ""3"": 77, ""4"": 77}",False,7.0,-69.0,1.0,17.0,28.0,0.07,5.0,5.0,5.0,5.0,0.0,0.0,0.0,0.0,104.0,12.0,12.0,9.0,30.0,1.0,1.0,2.0,4.0,1.0,0.0,0.0,0.0,48.0,48.0,0.5675,0.5714285714285714,0.0192,0.0192,0.145,0.6590909090909091,0.3409090909090909,0.175,0.43333333333333335,1.0,0.6333333333333333,0.43375680580762255,0.0
20260629_152656_9d451bbc,20260629_152656_9d451bbc_g0052,52,990387815,5,48,48,48,1,4,GREEN,pool_peer_500ms,3,1.0,[1],0,77,3,"{""1"": 88, ""2"": 86, ""3"": 77, ""4"": 77}",False,18.0,-47.0,1.0,28.0,28.0,0.07,15.0,6.75,16.75,0.0,8.0,7.5,0.0,1.25,94.0,34.75,12.0,9.0,34.0,0.0,1.0,2.0,4.0,2.0,0.0,0.0,0.0,48.0,48.0,0.5675,0.5714285714285714,0.0192,0.0192,0.135,0.6136363636363636,0.38636363636363635,0.45,0.8666666666666667,1.0,0.5416666666666667,0.5146198830409356,0.0
20260629_152656_9d451bbc,20260629_152656_9d451bbc_g0052,52,990387815,6,56,56,56,1,1,RED,champ_v3,0,1.0,[1],1,88,1,"{""1"": 88, ""2"": 86, ""3"": 77, ""4"": 77}",False,33.0,-9.0,1.0,45.0,41.0,0.1025,36.0,28.5,39.5,21.0,10.0,4.5,4.0,0.0,19.0,72.5,14.0,7.0,23.0,1.0,1.0,1.0,3.0,1.0,1.0,0.0,0.0,56.0,56.0,0.635,0.6666666666666666,0.0224,0.0224,0.1625,0.7386363636363636,0.26136363636363635,0.825,1.0,1.0,0.35,0.5433198380566802,0.0
20260629_152656_9d451bbc,20260629_152656_9d451bbc_g0052,52,990387815,6,56,56,56,1,2,BLUE,pool_heuristic,1,1.0,[1],0,86,2,"{""1"": 88, ""2"": 86, ""3"": 77, ""4"": 77}",False,19.0,-37.0,0.0,34.0,41.0,0.1025,16.0,14.0,16.5,12.0,3.0,1.5,0.0,0.0,39.0,35.5,14.0,7.0,22.0,1.0,1.0,2.0,2.0,1.0,0.0,0.0,0.0,56.0,56.0,0.635,0.6666666666666666,0.0224,0.0224,0.165,0.75,0.25,0.475,1.0,1.0,0.4666666666666667,0.5191387559808612,0.0
20260629_152656_9d451bbc,20260629_152656_9d451bbc_g0052,52,990387815,6,56,56,56,1,3,YELLOW,pool_l45_100ms,2,1.0,[1],0,77,3,"{""1"": 88, ""2"": 86, ""3"": 77, ""4"": 77}",False,8.0,-59.0,1.0,27.0,41.0,0.1025,0.0,0.0,0.0,0.0,0.0,0.0,0.0,0.0,55.0,8.0,14.0,7.0,24.0,0.0,1.0,2.0,4.0,0.0,0.0,0.0,0.0,56.0,56.0,0.635,0.6666666666666666,0.0224,0.0224,0.16,0.7272727272727273,0.2727272727272727,0.2,0.45,0.8,0.5583333333333333,0.42269736842105265,0.0
20260629_152656_9d451bbc,20260629_152656_9d451bbc_g0052,52,990387815,6,56,56,56,1,4,GREEN,pool_peer_500ms,3,1.0,[1],0,77,3,"{""1"": 88, ""2"": 86, ""3"": 77, ""4"": 77}",False,15.0,-45.0,1.0,43.0,41.0,0.1025,3.0,1.0,3.5,0.0,0.0,1.5,2.0,0.0,52.0,18.5,14.0,7.0,29.0,0.0,0.0,1.0,4.0,2.0,0.0,0.0,0.0,56.0,56.0,0.635,0.6666666666666666,0.0224,0.0224,0.1475,0.6704545454545454,0.32954545454545453,0.375,0.65,1.0,0.5,0.4968777876895629,0.0
20260629_152656_9d451bbc,20260629_152656_9d451bbc_g0052,52,990387815,7,64,64,66,3,1,RED,champ_v3,0,1.0,[1],1,88,1,"{""1"": 88, ""2"": 86, ""3"": 77, ""4"": 77}",False,29.0,-12.0,1.0,55.0,45.0,0.1125,7.0,3.25,7.0,0.0,6.0,0.0,1.0,0.0,0.0,36.0,17.0,4.0,15.0,0.0,1.0,0.0,2.0,1.0,1.0,0.0,0.0,64.0,66.0,0.69,0.8095238095238095,0.0264,0.0256,0.1825,0.8295454545454546,0.17045454545454544,0.725,0.7666666666666667,1.0,0.3416666666666667,0.5277577505407354,0.0
20260629_152656_9d451bbc,20260629_152656_9d451bbc_g0052,52,990387815,7,64,64,66,3,2,BLUE,pool_heuristic,1,1.0,[1],0,86,2,"{""1"": 88, ""2"": 86, ""3"": 77, ""4"": 77}",False,18.0,-34.0,0.0,42.0,45.0,0.1125,0.0,0.0,0.0,0.0,0.0,0.0,0.0,0.0,7.0,18.0,17.0,4.0,15.0,0.0,0.0,2.0,1.0,1.0,0.0,0.0,0.0,64.0,66.0,0.69,0.8095238095238095,0.0264,0.0256,0.1825,0.8295454545454546,0.17045454545454544,0.45,0.85,1.0,0.4333333333333333,0.5277577505407354,0.0
20260629_152656_9d451bbc,20260629_152656_9d451bbc_g0052,52,990387815,7,64,64,66,3,3,YELLOW,pool_l45_100ms,2,1.0,[1],0,77,3,"{""1"": 88, ""2"": 86, ""3"": 77, ""4"": 77}",False,8.0,-54.0,1.0,38.0,45.0,0.1125,0.0,0.0,0.0,0.0,0.0,0.0,0.0,0.0,7.0,8.0,14.0,7.0,24.0,0.0,1.0,2.0,4.0,0.0,0.0,0.0,0.0,64.0,66.0,0.69,0.6666666666666666,0.0264,0.0256,0.16,0.7272727272727273,0.2727272727272727,0.2,0.4,0.8,0.5166666666666667,0.42269736842105265,0.0
20260629_152656_9d451bbc,20260629_152656_9d451bbc_g0052,52,990387815,7,64,64,66,3,4,GREEN,pool_peer_500ms,3,1.0,[1],0,77,3,"{""1"": 88, ""2"": 86, ""3"": 77, ""4"": 77}",False,15.0,-40.0,1.0,52.0,45.0,0.1125,0.0,0.0,0.0,0.0,0.0,0.0,0.0,0.0,7.0,15.0,16.0,5.0,22.0,0.0,0.0,0.0,3.0,2.0,0.0,0.0,0.0,64.0,66.0,0.69,0.7619047619047619,0.0264,0.0256,0.165,0.75,0.25,0.375,0.4666666666666667,1.0,0.4583333333333333,0.485645933014354,0.0
20260629_152656_9d451bbc,20260629_152656_9d451bbc_g0053,53,266317158,0,8,8,8,1,1,RED,pool_heuristic,0,4.0,[4],0,69,4,"{""1"": 69, ""2"": 82, ""3"": 90, ""4"": 124}",False,8.0,-15.0,8.0,0.0,3.0,0.0075,489.0,119.5,480.0,8.0,14.0,39.75,152.0,266.25,1413.0,488.0,2.0,19.0,78.0,1.0,1.0,2.0,6.0,9.0,1.0,0.0,1.0,8.0,8.0,0.1,0.09523809523809523,0.0032,0.0032,0.025,0.11363636363636363,0.8863636363636364,0.2,1.0,1.0,0.19166666666666668,0.26315789473684215,0.0
20260629_152656_9d451bbc,20260629_152656_9d451bbc_g0053,53,266317158,0,8,8,8,1,2,BLUE,pool_l45_100ms,1,4.0,[4],0,82,3,"{""1"": 69, ""2"": 82, ""3"": 90, ""4"": 124}",False,5.0,-21.0,9.0,0.0,3.0,0.0075,327.0,76.25,309.5,5.0,8.0,24.0,95.0,177.5,1575.0,314.5,2.0,19.0,78.0,1.0,1.0,2.0,6.0,9.0,1.0,1.0,0.0,8.0,8.0,0.1,0.09523809523809523,0.0032,0.0032,0.025,0.11363636363636363,0.8863636363636364,0.125,1.0,1.0,0.21666666666666665,0.15263157894736834,0.0
20260629_152656_9d451bbc,20260629_152656_9d451bbc_g0053,53,266317158,0,8,8,8,1,3,YELLOW,pool_peer_500ms,2,4.0,[4],0,90,2,"{""1"": 69, ""2"": 82, ""3"": 90, ""4"": 124}",False,9.0,-13.0,9.0,0.0,3.0,0.0075,543.0,122.625,488.75,9.0,15.0,41.25,153.5,270.0,1359.0,497.75,2.0,19.0,78.0,1.0,1.0,2.0,6.0,9.0,1.0,0.0,0.0,8.0,8.0,0.1,0.09523809523809523,0.0032,0.0032,0.025,0.11363636363636363,0.8863636363636364,0.225,1.0,1.0,0.18333333333333332,0.23684210526315785,0.0
20260629_152656_9d451bbc,20260629_152656_9d451bbc_g0053,53,266317158,0,8,8,8,1,4,GREEN,champ_v3,3,4.0,[4],1,124,1,"{""1"": 69, ""2"": 82, ""3"": 90, ""4"": 124}",False,9.0,-13.0,9.0,0.0,3.0,0.0075,543.0,122.625,488.75,9.0,15.0,41.25,153.5,270.0,1359.0,497.75,2.0,19.0,78.0,1.0,1.0,2.0,6.0,9.0,1.0,0.0,0.0,8.0,8.0,0.1,0.09523809523809523,0.0032,0.0032,0.025,0.11363636363636363,0.8863636363636364,0.225,1.0,1.0,0.18333333333333332,0.23684210526315785,0.0
20260629_152656_9d451bbc,20260629_152656_9d451bbc_g0053,53,266317158,1,16,16,16,1,1,RED,pool_heuristic,0,4.0,[4],0,69,4,"{""1"": 69, ""2"": 82, ""3"": 90, ""4"": 124}",False,12.0,-28.0,4.0,1.0,3.0,0.0075,497.0,127.25,494.375,10.0,17.0,48.0,177.5,241.875,1958.0,506.375,4.0,17.0,68.0,1.0,1.0,2.0,6.0,7.0,1.0,0.0,1.0,16.0,16.0,0.2,0.19047619047619047,0.0064,0.0064,0.05,0.22727272727272727,0.7727272727272727,0.3,1.0,1.0,0.33333333333333337,0.4736842105263158,0.0
20260629_152656_9d451bbc,20260629_152656_9d451bbc_g0053,53,266317158,1,16,16,16,1,2,BLUE,pool_l45_100ms,1,4.0,[4],0,82,3,"{""1"": 69, ""2"": 82, ""3"": 90, ""4"": 124}",False,9.0,-34.0,6.0,0.0,3.0,0.0075,528.0,122.375,477.5,9.0,16.0,45.0,177.5,230.0,1927.0,486.5,4.0,17.0,68.0,1.0,1.0,2.0,6.0,7.0,1.0,0.0,0.0,16.0,16.0,0.2,0.19047619047619047,0.0064,0.0064,0.05,0.22727272727272727,0.7727272727272727,0.225,1.0,1.0,0.35833333333333334,0.3263157894736842,0.0
20260629_152656_9d451bbc,20260629_152656_9d451bbc_g0053,53,266317158,1,16,16,16,1,3,YELLOW,pool_peer_500ms,2,4.0,[4],0,90,2,"{""1"": 69, ""2"": 82, ""3"": 90, ""4"": 124}",False,16.0,-20.0,0.0,3.0,3.0,0.0075,811.0,201.625,785.125,15.0,27.0,76.5,286.0,380.625,1644.0,801.125,4.0,17.0,68.0,1.0,1.0,2.0,6.0,7.0,1.0,0.0,0.0,16.0,16.0,0.2,0.19047619047619047,0.0064,0.0064,0.05,0.22727272727272727,0.7727272727272727,0.4,1.0,1.0,0.3,0.49473684210526314,0.0
20260629_152656_9d451bbc,20260629_152656_9d451bbc_g0053,53,266317158,1,16,16,16,1,4,GREEN,champ_v3,3,4.0,[4],1,124,1,"{""1"": 69, ""2"": 82, ""3"": 90, ""4"": 124}",False,15.0,-22.0,1.0,4.0,3.0,0.0075,619.0,150.875,565.75,15.0,24.0,60.0,210.5,256.25,1836.0,580.75,4.0,17.0,68.0,1.0,1.0,2.0,6.0,7.0,1.0,0.0,0.0,16.0,16.0,0.2,0.19047619047619047,0.0064,0.0064,0.05,0.22727272727272727,0.7727272727272727,0.375,1.0,1.0,0.30833333333333335,0.4842105263157894,0.0
20260629_152656_9d451bbc,20260629_152656_9d451bbc_g0053,53,266317158,2,24,24,24,1,1,RED,pool_heuristic,0,4.0,[4],0,69,4,"{""1"": 69, ""2"": 82, ""3"": 90, ""4"": 124}",False,16.0,-38.0,4.0,4.0,4.0,0.01,197.0,62.25,202.875,12.0,13.0,28.5,87.5,61.875,1454.0,218.875,6.0,15.0,58.0,1.0,1.0,2.0,6.0,5.0,1.0,0.0,1.0,24.0,24.0,0.3,0.2857142857142857,0.0096,0.0096,0.075,0.3409090909090909,0.6590909090909091,0.4,1.0,1.0,0.45,0.49473684210526314,0.0
20260629_152656_9d451bbc,20260629_152656_9d451bbc_g0053,53,266317158,2,24,24,24,1,2,BLUE,pool_l45_100ms,1,4.0,[4],0,82,3,"{""1"": 69, ""2"": 82, ""3"": 90, ""4"": 124}",False,14.0,-42.0,1.0,4.0,4.0,0.01,317.0,84.5,283.625,13.0,19.0,40.5,125.5,85.625,1334.0,297.625,6.0,15.0,58.0,1.0,1.0,2.0,6.0,5.0,0.0,0.0,0.0,24.0,24.0,0.3,0.2857142857142857,0.0096,0.0096,0.075,0.3409090909090909,0.6590909090909091,0.35,1.0,1.0,0.4666666666666667,0.4385964912280702,0.0
20260629_152656_9d451bbc,20260629_152656_9d451bbc_g0053,53,266317158,2,24,24,24,1,3,YELLOW,pool_peer_500ms,2,4.0,[4],0,90,2,"{""1"": 69, ""2"": 82, ""3"": 90, ""4"": 124}",False,20.0,-30.0,0.0,14.0,4.0,0.01,393.0,112.75,394.125,16.0,21.0,49.5,164.5,143.125,1258.0,414.125,6.0,15.0,58.0,1.0,1.0,2.0,6.0,5.0,0.0,0.0,0.0,24.0,24.0,0.3,0.2857142857142857,0.0096,0.0096,0.075,0.3409090909090909,0.6590909090909091,0.5,1.0,1.0,0.4166666666666667,0.6000000000000001,0.0
20260629_152656_9d451bbc,20260629_152656_9d451bbc_g0053,53,266317158,2,24,24,24,1,4,GREEN,champ_v3,3,4.0,[4],1,124,1,"{""1"": 69, ""2"": 82, ""3"": 90, ""4"": 124}",False,20.0,-30.0,1.0,12.0,4.0,0.01,744.0,183.625,670.375,19.0,30.0,78.75,297.0,245.625,907.0,690.375,6.0,15.0,58.0,1.0,1.0,2.0,6.0,5.0,1.0,0.0,0.0,24.0,24.0,0.3,0.2857142857142857,0.0096,0.0096,0.075,0.3409090909090909,0.6590909090909091,0.5,1.0,1.0,0.4166666666666667,0.5631578947368421,0.0
20260629_152656_9d451bbc,20260629_152656_9d451bbc_g0053,53,266317158,3,32,32,32,1,1,RED,pool_heuristic,0,4.0,[4],0,69,4,"{""1"": 69, ""2"": 82, ""3"": 90, ""4"": 124}",False,20.0,-42.0,4.0,8.0,9.0,0.0225,125.0,45.75,126.125,14.0,12.0,21.0,58.5,20.625,903.0,146.125,8.0,13.0,48.0,1.0,1.0,2.0,6.0,3.0,0.0,0.0,1.0,32.0,32.0,0.4,0.38095238095238093,0.0128,0.0128,0.1,0.45454545454545453,0.5454545454545454,0.5,1.0,1.0,0.5166666666666667,0.49736842105263157,0.0
20260629_152656_9d451bbc,20260629_152656_9d451bbc_g0053,53,266317158,3,32,32,32,1,2,BLUE,pool_l45_100ms,1,4.0,[4],0,82,3,"{""1"": 69, ""2"": 82, ""3"": 90, ""4"": 124}",False,15.0,-52.0,1.0,9.0,9.0,0.0225,124.0,46.0,124.875,13.0,15.0,24.75,56.5,15.625,904.0,139.875,8.0,13.0,48.0,1.0,1.0,2.0,6.0,3.0,0.0,0.0,0.0,32.0,32.0,0.4,0.38095238095238093,0.0128,0.0128,0.1,0.45454545454545453,0.5454545454545454,0.375,1.0,1.0,0.5583333333333333,0.4513157894736842,0.0
20260629_152656_9d451bbc,20260629_152656_9d451bbc_g0053,53,266317158,3,32,32,32,1,3,YELLOW,pool_peer_500ms,2,4.0,[4],0,90,2,"{""1"": 69, ""2"": 82, ""3"": 90, ""4"": 124}",False,22.0,-38.0,0.0,23.0,9.0,0.0225,336.0,103.75,335.125,18.0,23.0,51.0,172.5,70.625,692.0,357.125,8.0,13.0,48.0,1.0,1.0,2.0,6.0,3.0,0.0,0.0,0.0,32.0,32.0,0.4,0.38095238095238093,0.0128,0.0128,0.1,0.45454545454545453,0.5454545454545454,0.55,1.0,1.0,0.5,0.6276315789473684,0.0
20260629_152656_9d451bbc,20260629_152656_9d451bbc_g0053,53,266317158,3,32,32,32,1,4,GREEN,champ_v3,3,4.0,[4],1,124,1,"{""1"": 69, ""2"": 82, ""3"": 90, ""4"": 124}",False,25.0,-32.0,0.0,20.0,9.0,0.0225,443.0,137.625,446.375,22.0,32.0,71.25,233.0,88.125,585.0,471.375,8.0,13.0,48.0,1.0,1.0,2.0,6.0,3.0,1.0,0.0,0.0,32.0,32.0,0.4,0.38095238095238093,0.0128,0.0128,0.1,0.45454545454545453,0.5454545454545454,0.625,1.0,1.0,0.475,0.6000000000000001,0.0
20260629_152656_9d451bbc,20260629_152656_9d451bbc_g0053,53,266317158,4,40,40,40,1,1,RED,pool_heuristic,0,4.0,[4],0,69,4,"{""1"": 69, ""2"": 82, ""3"": 90, ""4"": 124}",False,21.0,-42.0,4.0,16.0,12.0,0.03,37.0,20.75,38.5,13.0,4.0,6.0,13.0,2.5,435.0,59.5,10.0,11.0,39.0,1.0,1.0,2.0,5.0,2.0,0.0,0.0,0.0,40.0,40.0,0.49,0.47619047619047616,0.016,0.016,0.1225,0.5568181818181818,0.4431818181818182,0.525,1.0,1.0,0.525,0.4693877551020409,0.0
20260629_152656_9d451bbc,20260629_152656_9d451bbc_g0053,53,266317158,4,40,40,40,1,2,BLUE,pool_l45_100ms,1,4.0,[4],0,82,3,"{""1"": 69, ""2"": 82, ""3"": 90, ""4"": 124}",False,11.0,-62.0,1.0,18.0,12.0,0.03,45.0,20.25,45.375,8.0,8.0,11.25,17.5,0.625,427.0,56.375,10.0,11.0,38.0,1.0,1.0,2.0,6.0,1.0,0.0,0.0,0.0,40.0,40.0,0.49,0.47619047619047616,0.016,0.016,0.125,0.5681818181818182,0.4318181818181818,0.275,0.8833333333333333,1.0,0.6083333333333333,0.44947368421052625,0.0
20260629_152656_9d451bbc,20260629_152656_9d451bbc_g0053,53,266317158,4,40,40,40,1,3,YELLOW,pool_peer_500ms,2,4.0,[4],0,90,2,"{""1"": 69, ""2"": 82, ""3"": 90, ""4"": 124}",False,25.0,-34.0,0.0,30.0,12.0,0.03,156.0,66.0,178.5,19.0,20.0,36.75,84.0,18.75,316.0,203.5,10.0,11.0,39.0,1.0,1.0,2.0,5.0,2.0,0.0,0.0,0.0,40.0,40.0,0.49,0.47619047619047616,0.016,0.016,0.1225,0.5568181818181818,0.4431818181818182,0.625,1.0,1.0,0.4916666666666667,0.6100966702470463,0.0
20260629_152656_9d451bbc,20260629_152656_9d451bbc_g0053,53,266317158,4,40,40,40,1,4,GREEN,champ_v3,3,4.0,[4],1,124,1,"{""1"": 69, ""2"": 82, ""3"": 90, ""4"": 124}",False,27.0,-30.0,0.0,30.0,12.0,0.03,234.0,82.125,236.0,21.0,25.0,47.25,86.5,56.25,238.0,263.0,10.0,11.0,40.0,1.0,1.0,2.0,4.0,3.0,1.0,0.0,0.0,40.0,40.0,0.49,0.47619047619047616,0.016,0.016,0.12,0.5454545454545454,0.45454545454545453,0.675,1.0,1.0,0.475,0.6041666666666667,0.0
20260629_152656_9d451bbc,20260629_152656_9d451bbc_g0053,53,266317158,5,48,48,48,1,1,RED,pool_heuristic,0,4.0,[4],0,69,4,"{""1"": 69, ""2"": 82, ""3"": 90, ""4"": 124}",False,23.0,-42.0,4.0,29.0,21.0,0.0525,20.0,14.5,20.5,12.0,1.0,2.25,4.0,1.25,216.0,43.5,12.0,9.0,30.0,1.0,1.0,2.0,4.0,1.0,0.0,0.0,0.0,48.0,48.0,0.5825,0.5714285714285714,0.0192,0.0192,0.145,0.6590909090909091,0.3409090909090909,0.575,1.0,1.0,0.5416666666666667,0.43375680580762255,0.0
20260629_152656_9d451bbc,20260629_152656_9d451bbc_g0053,53,266317158,5,48,48,48,1,2,BLUE,pool_l45_100ms,1,4.0,[4],0,82,3,"{""1"": 69, ""2"": 82, ""3"": 90, ""4"": 124}",False,9.0,-70.0,1.0,26.0,21.0,0.0525,13.0,7.875,12.5,5.0,3.0,3.0,1.5,0.0,223.0,21.5,12.0,9.0,29.0,1.0,1.0,2.0,5.0,0.0,0.0,0.0,0.0,48.0,48.0,0.5825,0.5714285714285714,0.0192,0.0192,0.1475,0.6704545454545454,0.32954545454545453,0.225,0.7833333333333333,0.8,0.6583333333333333,0.44781445138269405,0.0
20260629_152656_9d451bbc,20260629_152656_9d451bbc_g0053,53,266317158,5,48,48,48,1,3,YELLOW,pool_peer_500ms,2,4.0,[4],0,90,2,"{""1"": 69, ""2"": 82, ""3"": 90, ""4"": 124}",False,29.0,-30.0,0.0,40.0,21.0,0.0525,103.0,51.0,114.0,21.0,18.0,28.5,44.0,2.5,133.0,143.0,12.0,9.0,30.0,1.0,1.0,2.0,4.0,1.0,0.0,0.0,0.0,48.0,48.0,0.5825,0.5714285714285714,0.0192,0.0192,0.145,0.6590909090909091,0.3409090909090909,0.725,1.0,1.0,0.4916666666666667,0.5825771324863884,0.0
20260629_152656_9d451bbc,20260629_152656_9d451bbc_g0053,53,266317158,5,48,48,48,1,4,GREEN,champ_v3,3,4.0,[4],1,124,1,"{""1"": 69, ""2"": 82, ""3"": 90, ""4"": 124}",False,27.0,-34.0,0.0,44.0,21.0,0.0525,100.0,45.75,108.0,18.0,16.0,24.0,35.0,15.0,136.0,135.0,12.0,9.0,30.0,1.0,1.0,2.0,4.0,1.0,0.0,0.0,0.0,48.0,48.0,0.5825,0.5714285714285714,0.0192,0.0192,0.145,0.6590909090909091,0.3409090909090909,0.675,1.0,1.0,0.5083333333333333,0.6052631578947368,0.0
20260629_152656_9d451bbc,20260629_152656_9d451bbc_g0053,53,266317158,6,56,56,56,1,1,RED,pool_heuristic,0,4.0,[4],0,69,4,"{""1"": 69, ""2"": 82, ""3"": 90, ""4"": 124}",False,23.0,-38.0,4.0,35.0,25.0,0.0625,0.0,0.0,0.0,0.0,0.0,0.0,0.0,0.0,64.0,23.0,14.0,7.0,24.0,0.0,1.0,2.0,4.0,0.0,0.0,0.0,0.0,56.0,56.0,0.655,0.6666666666666666,0.0224,0.0224,0.16,0.7272727272727273,0.2727272727272727,0.575,1.0,0.8,0.5083333333333333,0.43338815789473684,0.0
20260629_152656_9d451bbc,20260629_152656_9d451bbc_g0053,53,266317158,6,56,56,56,1,2,BLUE,pool_l45_100ms,1,4.0,[4],0,82,3,"{""1"": 69, ""2"": 82, ""3"": 90, ""4"": 124}",False,6.0,-72.0,1.0,36.0,25.0,0.0625,4.0,3.5,4.0,3.0,1.0,0.0,0.0,0.0,60.0,10.0,14.0,7.0,22.0,1.0,1.0,1.0,4.0,0.0,0.0,0.0,0.0,56.0,56.0,0.655,0.6666666666666666,0.0224,0.0224,0.165,0.75,0.25,0.15,0.38333333333333336,0.8,0.65,0.4449760765550239,0.0
20260629_152656_9d451bbc,20260629_152656_9d451bbc_g0053,53,266317158,6,56,56,56,1,3,YELLOW,pool_peer_500ms,2,4.0,[4],0,90,2,"{""1"": 69, ""2"": 82, ""3"": 90, ""4"": 124}",False,29.0,-26.0,0.0,52.0,25.0,0.0625,27.0,22.0,30.0,17.0,7.0,1.5,2.0,2.5,37.0,59.0,14.0,7.0,23.0,1.0,1.0,1.0,3.0,1.0,0.0,0.0,0.0,56.0,56.0,0.655,0.6666666666666666,0.0224,0.0224,0.1625,0.7386363636363636,0.26136363636363635,0.725,0.8166666666666667,1.0,0.4583333333333333,0.5676113360323887,0.0
20260629_152656_9d451bbc,20260629_152656_9d451bbc_g0053,53,266317158,6,56,56,56,1,4,GREEN,champ_v3,3,4.0,[4],1,124,1,"{""1"": 69, ""2"": 82, ""3"": 90, ""4"": 124}",False,26.0,-32.0,0.0,51.0,25.0,0.0625,33.0,22.75,32.25,16.0,9.0,5.25,2.0,0.0,31.0,58.25,14.0,7.0,21.0,1.0,1.0,2.0,3.0,0.0,0.0,0.0,0.0,56.0,56.0,0.655,0.6666666666666666,0.0224,0.0224,0.1675,0.7613636363636364,0.23863636363636365,0.65,0.9333333333333333,0.8,0.4833333333333333,0.5624509033778475,0.0
20260629_152656_9d451bbc,20260629_152656_9d451bbc_g0053,53,266317158,7,64,64,67,4,1,RED,pool_heuristic,0,4.0,[4],0,69,4,"{""1"": 69, ""2"": 82, ""3"": 90, ""4"": 124}",False,23.0,-34.0,4.0,42.0,31.0,0.0775,0.0,0.0,0.0,0.0,0.0,0.0,0.0,0.0,12.0,23.0,14.0,7.0,24.0,0.0,1.0,2.0,4.0,0.0,0.0,0.0,0.0,64.0,67.0,0.705,0.6666666666666666,0.0268,0.0256,0.16,0.7272727272727273,0.2727272727272727,0.575,1.0,0.8,0.475,0.43338815789473684,0.0
20260629_152656_9d451bbc,20260629_152656_9d451bbc_g0053,53,266317158,7,64,64,67,4,2,BLUE,pool_l45_100ms,1,4.0,[4],0,82,3,"{""1"": 69, ""2"": 82, ""3"": 90, ""4"": 124}",False,5.0,-70.0,1.0,44.0,31.0,0.0775,0.0,0.0,0.0,0.0,0.0,0.0,0.0,0.0,12.0,5.0,17.0,4.0,15.0,0.0,0.0,1.0,3.0,0.0,0.0,0.0,0.0,64.0,67.0,0.705,0.8095238095238095,0.0268,0.0256,0.1825,0.8295454545454546,0.17045454545454544,0.125,0.3,0.8,0.625,0.4203316510454218,0.0
20260629_152656_9d451bbc,20260629_152656_9d451bbc_g0053,53,266317158,7,64,64,67,4,3,YELLOW,pool_peer_500ms,2,4.0,[4],0,90,2,"{""1"": 69, ""2"": 82, ""3"": 90, ""4"": 124}",False,25.0,-30.0,0.0,64.0,31.0,0.0775,0.0,0.0,0.0,0.0,0.0,0.0,0.0,0.0,12.0,25.0,17.0,4.0,15.0,0.0,0.0,1.0,3.0,0.0,0.0,0.0,0.0,64.0,67.0,0.705,0.8095238095238095,0.0268,0.0256,0.1825,0.8295454545454546,0.17045454545454544,0.625,0.5833333333333334,0.8,0.4583333333333333,0.5400144196106704,0.0
20260629_152656_9d451bbc,20260629_152656_9d451bbc_g0053,53,266317158,7,64,64,67,4,4,GREEN,champ_v3,3,4.0,[4],1,124,1,"{""1"": 69, ""2"": 82, ""3"": 90, ""4"": 124}",False,27.0,-26.0,0.0,59.0,31.0,0.0775,12.0,5.0,11.75,0.0,7.0,3.75,1.0,0.0,0.0,38.75,16.0,5.0,16.0,0.0,1.0,2.0,2.0,0.0,0.0,0.0,0.0,64.0,67.0,0.705,0.7619047619047619,0.0268,0.0256,0.18,0.8181818181818182,0.18181818181818182,0.675,0.7166666666666667,0.8,0.4416666666666667,0.547514619883041,0.0
20260629_152656_9d451bbc,20260629_152656_9d451bbc_g0054,54,404632373,0,8,8,8,1,1,RED,pool_l45_100ms,0,3.0,[3],0,86,3,"{""1"": 86, ""2"": 98, ""3"": 103, ""4"": 68}",False,6.0,-18.0,9.0,0.0,1.0,0.0025,388.0,90.5,366.25,6.0,10.0,28.5,113.0,208.75,1381.0,372.25,2.0,19.0,78.0,1.0,1.0,2.0,6.0,9.0,1.0,1.0,0.0,8.0,8.0,0.1,0.09523809523809523,0.0032,0.0032,0.025,0.11363636363636363,0.8863636363636364,0.15,1.0,1.0,0.2,0.20526315789473681,0.0
20260629_152656_9d451bbc,20260629_152656_9d451bbc_g0054,54,404632373,0,8,8,8,1,2,BLUE,pool_peer_500ms,1,3.0,[3],0,98,2,"{""1"": 86, ""2"": 98, ""3"": 103, ""4"": 68}",False,9.0,-12.0,9.0,0.0,1.0,0.0025,543.0,122.625,488.75,9.0,15.0,41.25,153.5,270.0,1226.0,497.75,2.0,19.0,78.0,1.0,1.0,2.0,6.0,9.0,1.0,0.0,0.0,8.0,8.0,0.1,0.09523809523809523,0.0032,0.0032,0.025,0.11363636363636363,0.8863636363636364,0.225,1.0,1.0,0.175,0.23684210526315785,0.0
20260629_152656_9d451bbc,20260629_152656_9d451bbc_g0054,54,404632373,0,8,8,8,1,3,YELLOW,champ_v3,2,3.0,[3],1,103,1,"{""1"": 86, ""2"": 98, ""3"": 103, ""4"": 68}",False,9.0,-12.0,9.0,0.0,1.0,0.0025,543.0,122.625,488.75,9.0,15.0,41.25,153.5,270.0,1226.0,497.75,2.0,19.0,78.0,1.0,1.0,2.0,6.0,9.0,1.0,0.0,0.0,8.0,8.0,0.1,0.09523809523809523,0.0032,0.0032,0.025,0.11363636363636363,0.8863636363636364,0.225,1.0,1.0,0.175,0.23684210526315785,0.0
20260629_152656_9d451bbc,20260629_152656_9d451bbc_g0054,54,404632373,0,8,8,8,1,4,GREEN,pool_heuristic,3,3.0,[3],0,68,4,"{""1"": 86, ""2"": 98, ""3"": 103, ""4"": 68}",False,6.0,-18.0,9.0,0.0,1.0,0.0025,295.0,76.75,306.125,6.0,9.0,24.75,94.5,171.875,1474.0,312.125,2.0,19.0,78.0,1.0,1.0,2.0,6.0,9.0,1.0,1.0,1.0,8.0,8.0,0.1,0.09523809523809523,0.0032,0.0032,0.025,0.11363636363636363,0.8863636363636364,0.15,1.0,1.0,0.2,0.22105263157894728,0.0
20260629_152656_9d451bbc,20260629_152656_9d451bbc_g0054,54,404632373,1,16,16,16,1,1,RED,pool_l45_100ms,0,3.0,[3],0,86,3,"{""1"": 86, ""2"": 98, ""3"": 103, ""4"": 68}",False,10.0,-34.0,7.0,0.0,1.0,0.0025,503.0,117.5,449.25,10.0,17.0,45.0,171.0,206.25,2023.0,459.25,4.0,17.0,68.0,1.0,1.0,2.0,6.0,7.0,1.0,0.0,0.0,16.0,16.0,0.2,0.19047619047619047,0.0064,0.0064,0.05,0.22727272727272727,0.7727272727272727,0.25,1.0,1.0,0.36666666666666664,0.3236842105263158,0.0
20260629_152656_9d451bbc,20260629_152656_9d451bbc_g0054,54,404632373,1,16,16,16,1,2,BLUE,pool_peer_500ms,1,3.0,[3],0,98,2,"{""1"": 86, ""2"": 98, ""3"": 103, ""4"": 68}",False,16.0,-22.0,0.0,2.0,1.0,0.0025,721.0,179.875,699.375,14.0,24.0,67.5,252.0,341.875,1805.0,715.375,4.0,17.0,68.0,1.0,1.0,2.0,6.0,7.0,1.0,0.0,0.0,16.0,16.0,0.2,0.19047619047619047,0.0064,0.0064,0.05,0.22727272727272727,0.7727272727272727,0.4,1.0,1.0,0.31666666666666665,0.49473684210526314,0.0
20260629_152656_9d451bbc,20260629_152656_9d451bbc_g0054,54,404632373,1,16,16,16,1,3,YELLOW,champ_v3,2,3.0,[3],1,103,1,"{""1"": 86, ""2"": 98, ""3"": 103, ""4"": 68}",False,15.0,-24.0,1.0,2.0,1.0,0.0025,776.0,194.5,751.375,15.0,27.0,77.25,276.5,355.625,1750.0,766.375,4.0,17.0,68.0,1.0,1.0,2.0,6.0,7.0,1.0,0.0,0.0,16.0,16.0,0.2,0.19047619047619047,0.0064,0.0064,0.05,0.22727272727272727,0.7727272727272727,0.375,1.0,1.0,0.325,0.4894736842105264,0.0
20260629_152656_9d451bbc,20260629_152656_9d451bbc_g0054,54,404632373,1,16,16,16,1,4,GREEN,pool_heuristic,3,3.0,[3],0,68,4,"{""1"": 86, ""2"": 98, ""3"": 103, ""4"": 68}",False,13.0,-28.0,4.0,0.0,1.0,0.0025,526.0,150.875,577.5,13.0,21.0,60.0,213.5,270.0,2000.0,590.5,4.0,17.0,68.0,1.0,1.0,2.0,6.0,7.0,1.0,0.0,1.0,16.0,16.0,0.2,0.19047619047619047,0.0064,0.0064,0.05,0.22727272727272727,0.7727272727272727,0.325,1.0,1.0,0.3416666666666667,0.41052631578947374,0.0
20260629_152656_9d451bbc,20260629_152656_9d451bbc_g0054,54,404632373,2,24,24,24,1,1,RED,pool_l45_100ms,0,3.0,[3],0,86,3,"{""1"": 86, ""2"": 98, ""3"": 103, ""4"": 68}",False,14.0,-45.0,6.0,1.0,8.0,0.02,279.0,76.5,247.375,14.0,18.0,36.75,110.5,68.125,1504.0,261.375,6.0,15.0,58.0,1.0,1.0,2.0,6.0,5.0,0.0,0.0,0.0,24.0,24.0,0.2975,0.2857142857142857,0.0096,0.0096,0.075,0.3409090909090909,0.6590909090909091,0.35,1.0,1.0,0.4916666666666667,0.4017543859649123,0.0
20260629_152656_9d451bbc,20260629_152656_9d451bbc_g0054,54,404632373,2,24,24,24,1,2,BLUE,pool_peer_500ms,1,3.0,[3],0,98,2,"{""1"": 86, ""2"": 98, ""3"": 103, ""4"": 68}",False,20.0,-33.0,0.0,9.0,8.0,0.02,613.0,169.0,616.375,19.0,32.0,75.0,218.5,271.875,1170.0,636.375,6.0,15.0,59.0,1.0,1.0,2.0,5.0,6.0,1.0,0.0,0.0,24.0,24.0,0.2975,0.2857142857142857,0.0096,0.0096,0.0725,0.32954545454545453,0.6704545454545454,0.5,1.0,1.0,0.4416666666666667,0.5843920145190562,0.0
20260629_152656_9d451bbc,20260629_152656_9d451bbc_g0054,54,404632373,2,24,24,24,1,3,YELLOW,champ_v3,2,3.0,[3],1,103,1,"{""1"": 86, ""2"": 98, ""3"": 103, ""4"": 68}",False,19.0,-35.0,0.0,11.0,8.0,0.02,479.0,129.875,451.375,17.0,27.0,62.25,192.0,153.125,1304.0,470.375,6.0,15.0,58.0,1.0,1.0,2.0,6.0,5.0,0.0,0.0,0.0,24.0,24.0,0.2975,0.2857142857142857,0.0096,0.0096,0.075,0.3409090909090909,0.6590909090909091,0.475,1.0,1.0,0.45,0.6000000000000001,0.0
20260629_152656_9d451bbc,20260629_152656_9d451bbc_g0054,54,404632373,2,24,24,24,1,4,GREEN,pool_heuristic,3,3.0,[3],0,68,4,"{""1"": 86, ""2"": 98, ""3"": 103, ""4"": 68}",False,20.0,-33.0,4.0,4.0,8.0,0.02,412.0,127.125,425.875,18.0,30.0,66.0,195.0,116.875,1371.0,445.875,6.0,15.0,58.0,1.0,1.0,2.0,6.0,5.0,1.0,0.0,0.0,24.0,24.0,0.2975,0.2857142857142857,0.0096,0.0096,0.075,0.3409090909090909,0.6590909090909091,0.5,1.0,1.0,0.4416666666666667,0.4842105263157894,0.0
20260629_152656_9d451bbc,20260629_152656_9d451bbc_g0054,54,404632373,3,32,32,32,1,1,RED,pool_l45_100ms,0,3.0,[3],0,86,3,"{""1"": 86, ""2"": 98, ""3"": 103, ""4"": 68}",False,15.0,-52.0,3.0,9.0,6.0,0.015,125.0,44.375,122.875,12.0,14.0,24.0,56.0,16.875,761.0,137.875,8.0,13.0,48.0,1.0,1.0,2.0,6.0,3.0,0.0,0.0,0.0,32.0,32.0,0.395,0.38095238095238093,0.0128,0.0128,0.1,0.45454545454545453,0.5454545454545454,0.375,1.0,1.0,0.5583333333333333,0.4368421052631579,0.0
20260629_152656_9d451bbc,20260629_152656_9d451bbc_g0054,54,404632373,3,32,32,32,1,2,BLUE,pool_peer_500ms,1,3.0,[3],0,98,2,"{""1"": 86, ""2"": 98, ""3"": 103, ""4"": 68}",False,23.0,-36.0,0.0,17.0,6.0,0.015,245.0,84.125,252.375,21.0,23.0,39.0,95.0,74.375,641.0,275.375,8.0,13.0,49.0,1.0,1.0,2.0,5.0,4.0,0.0,0.0,0.0,32.0,32.0,0.395,0.38095238095238093,0.0128,0.0128,0.0975,0.4431818181818182,0.5568181818181818,0.575,1.0,1.0,0.4916666666666667,0.5775978407557355,0.0
20260629_152656_9d451bbc,20260629_152656_9d451bbc_g0054,54,404632373,3,32,32,32,1,3,YELLOW,champ_v3,2,3.0,[3],1,103,1,"{""1"": 86, ""2"": 98, ""3"": 103, ""4"": 68}",False,22.0,-38.0,0.0,21.0,6.0,0.015,322.0,96.75,313.75,18.0,22.0,49.5,128.0,96.25,564.0,335.75,8.0,13.0,49.0,1.0,1.0,2.0,5.0,4.0,0.0,0.0,0.0,32.0,32.0,0.395,0.38095238095238093,0.0128,0.0128,0.0975,0.4431818181818182,0.5568181818181818,0.55,1.0,1.0,0.5,0.6234817813765182,0.0
20260629_152656_9d451bbc,20260629_152656_9d451bbc_g0054,54,404632373,3,32,32,32,1,4,GREEN,pool_heuristic,3,3.0,[3],0,68,4,"{""1"": 86, ""2"": 98, ""3"": 103, ""4"": 68}",False,22.0,-38.0,4.0,6.0,6.0,0.015,194.0,72.875,201.5,19.0,24.0,41.25,93.5,23.75,692.0,223.5,8.0,13.0,48.0,1.0,1.0,2.0,6.0,3.0,1.0,0.0,0.0,32.0,32.0,0.395,0.38095238095238093,0.0128,0.0128,0.1,0.45454545454545453,0.5454545454545454,0.55,1.0,1.0,0.5,0.46578947368421053,0.0
20260629_152656_9d451bbc,20260629_152656_9d451bbc_g0054,54,404632373,4,40,40,40,1,1,RED,pool_l45_100ms,0,3.0,[3],0,86,3,"{""1"": 86, ""2"": 98, ""3"": 103, ""4"": 68}",False,16.0,-51.0,3.0,16.0,16.0,0.04,60.0,28.375,61.0,12.0,12.0,13.5,23.5,0.0,437.0,77.0,10.0,11.0,38.0,1.0,1.0,2.0,6.0,1.0,0.0,0.0,0.0,40.0,40.0,0.49,0.47619047619047616,0.016,0.016,0.125,0.5681818181818182,0.4318181818181818,0.4,0.9666666666666667,1.0,0.5583333333333333,0.42105263157894735,0.0
20260629_152656_9d451bbc,20260629_152656_9d451bbc_g0054,54,404632373,4,40,40,40,1,2,BLUE,pool_peer_500ms,1,3.0,[3],0,98,2,"{""1"": 86, ""2"": 98, ""3"": 103, ""4"": 68}",False,23.0,-37.0,0.0,27.0,16.0,0.04,185.0,69.875,192.5,20.0,20.0,37.5,87.5,27.5,312.0,215.5,10.0,11.0,39.0,1.0,1.0,2.0,5.0,2.0,0.0,0.0,0.0,40.0,40.0,0.49,0.47619047619047616,0.016,0.016,0.1225,0.5568181818181818,0.4431818181818182,0.575,1.0,1.0,0.5,0.5886143931256713,0.0
20260629_152656_9d451bbc,20260629_152656_9d451bbc_g0054,54,404632373,4,40,40,40,1,3,YELLOW,champ_v3,2,3.0,[3],1,103,1,"{""1"": 86, ""2"": 98, ""3"": 103, ""4"": 68}",False,26.0,-31.0,0.0,29.0,16.0,0.04,229.0,73.125,215.0,19.0,18.0,42.0,78.5,57.5,268.0,241.0,10.0,11.0,40.0,1.0,1.0,2.0,4.0,3.0,0.0,0.0,0.0,40.0,40.0,0.49,0.47619047619047616,0.016,0.016,0.12,0.5454545454545454,0.45454545454545453,0.65,1.0,1.0,0.475,0.6085526315789473,0.0
20260629_152656_9d451bbc,20260629_152656_9d451bbc_g0054,54,404632373,4,40,40,40,1,4,GREEN,pool_heuristic,3,3.0,[3],0,68,4,"{""1"": 86, ""2"": 98, ""3"": 103, ""4"": 68}",False,18.0,-47.0,4.0,15.0,16.0,0.04,23.0,16.25,24.5,11.0,6.0,4.5,3.0,0.0,474.0,42.5,10.0,11.0,39.0,1.0,1.0,2.0,5.0,2.0,0.0,0.0,0.0,40.0,40.0,0.49,0.47619047619047616,0.016,0.016,0.1225,0.5568181818181818,0.4431818181818182,0.45,0.8666666666666667,1.0,0.5416666666666667,0.443609022556391,0.0
20260629_152656_9d451bbc,20260629_152656_9d451bbc_g0054,54,404632373,5,48,48,48,1,1,RED,pool_l45_100ms,0,3.0,[3],0,86,3,"{""1"": 86, ""2"": 98, ""3"": 103, ""4"": 68}",False,11.0,-55.0,3.0,16.0,39.0,0.0975,18.0,11.125,17.25,7.0,5.0,3.75,1.5,0.0,191.0,28.25,12.0,9.0,30.0,1.0,1.0,2.0,4.0,1.0,0.0,0.0,0.0,48.0,48.0,0.575,0.5714285714285714,0.0192,0.0192,0.145,0.6590909090909091,0.3409090909090909,0.275,0.6166666666666667,1.0,0.55,0.4029038112522686,0.0
20260629_152656_9d451bbc,20260629_152656_9d451bbc_g0054,54,404632373,5,48,48,48,1,2,BLUE,pool_peer_500ms,1,3.0,[3],0,98,2,"{""1"": 86, ""2"": 98, ""3"": 103, ""4"": 68}",False,27.0,-23.0,0.0,38.0,39.0,0.0975,93.0,47.625,99.25,22.0,19.0,23.25,27.5,7.5,116.0,126.25,12.0,9.0,30.0,1.0,1.0,2.0,4.0,1.0,0.0,0.0,0.0,48.0,48.0,0.575,0.5714285714285714,0.0192,0.0192,0.145,0.6590909090909091,0.3409090909090909,0.675,1.0,1.0,0.4166666666666667,0.5698729582577132,0.0
20260629_152656_9d451bbc,20260629_152656_9d451bbc_g0054,54,404632373,5,48,48,48,1,3,YELLOW,champ_v3,2,3.0,[3],1,103,1,"{""1"": 86, ""2"": 98, ""3"": 103, ""4"": 68}",False,23.0,-31.0,0.0,40.0,39.0,0.0975,82.0,35.625,81.625,15.0,10.0,21.0,30.0,5.625,127.0,104.625,12.0,9.0,30.0,1.0,1.0,2.0,4.0,1.0,0.0,0.0,0.0,48.0,48.0,0.575,0.5714285714285714,0.0192,0.0192,0.145,0.6590909090909091,0.3409090909090909,0.575,1.0,1.0,0.45,0.5998185117967332,0.0
20260629_152656_9d451bbc,20260629_152656_9d451bbc_g0054,54,404632373,5,48,48,48,1,4,GREEN,pool_heuristic,3,3.0,[3],0,68,4,"{""1"": 86, ""2"": 98, ""3"": 103, ""4"": 68}",False,16.0,-45.0,4.0,22.0,39.0,0.0975,16.0,13.0,17.5,10.0,4.0,1.5,2.0,0.0,193.0,33.5,12.0,9.0,32.0,1.0,1.0,1.0,4.0,2.0,0.0,0.0,0.0,48.0,48.0,0.575,0.5714285714285714,0.0192,0.0192,0.14,0.6363636363636364,0.36363636363636365,0.4,0.6,1.0,0.5083333333333333,0.4229323308270677,0.0
20260629_152656_9d451bbc,20260629_152656_9d451bbc_g0054,54,404632373,6,56,56,56,1,1,RED,pool_l45_100ms,0,3.0,[3],0,86,3,"{""1"": 86, ""2"": 98, ""3"": 103, ""4"": 68}",False,12.0,-53.0,3.0,24.0,42.0,0.105,22.0,14.0,24.25,8.0,6.0,5.25,5.0,0.0,92.0,36.25,14.0,7.0,21.0,1.0,1.0,2.0,3.0,0.0,0.0,0.0,0.0,56.0,56.0,0.645,0.6666666666666666,0.0224,0.0224,0.1675,0.7613636363636364,0.23863636363636365,0.3,0.5666666666666667,0.8,0.5416666666666667,0.37627651217596236,0.0
20260629_152656_9d451bbc,20260629_152656_9d451bbc_g0054,54,404632373,6,56,56,56,1,2,BLUE,pool_peer_500ms,1,3.0,[3],0,98,2,"{""1"": 86, ""2"": 98, ""3"": 103, ""4"": 68}",False,28.0,-21.0,0.0,51.0,42.0,0.105,43.0,29.25,43.0,20.0,13.0,4.5,3.0,2.5,71.0,71.0,14.0,7.0,23.0,1.0,1.0,1.0,3.0,1.0,0.0,0.0,0.0,56.0,56.0,0.645,0.6666666666666666,0.0224,0.0224,0.1625,0.7386363636363636,0.26136363636363635,0.7,0.9833333333333333,1.0,0.4083333333333333,0.5724696356275304,0.0
20260629_152656_9d451bbc,20260629_152656_9d451bbc_g0054,54,404632373,6,56,56,56,1,3,YELLOW,champ_v3,2,3.0,[3],1,103,1,"{""1"": 86, ""2"": 98, ""3"": 103, ""4"": 68}",False,23.0,-31.0,0.0,53.0,42.0,0.105,47.0,25.125,47.5,13.0,9.0,15.0,10.5,0.0,67.0,70.5,14.0,7.0,21.0,1.0,1.0,2.0,3.0,0.0,0.0,0.0,0.0,56.0,56.0,0.645,0.6666666666666666,0.0224,0.0224,0.1675,0.7613636363636364,0.23863636363636365,0.575,1.0,0.8,0.45,0.6001571091908877,0.0
20260629_152656_9d451bbc,20260629_152656_9d451bbc_g0054,54,404632373,6,56,56,56,1,4,GREEN,pool_heuristic,3,3.0,[3],0,68,4,"{""1"": 86, ""2"": 98, ""3"": 103, ""4"": 68}",False,14.0,-49.0,4.0,33.0,42.0,0.105,2.0,1.0,3.5,0.0,0.0,1.5,2.0,0.0,112.0,17.5,14.0,7.0,29.0,0.0,0.0,1.0,4.0,2.0,0.0,0.0,0.0,56.0,56.0,0.645,0.6666666666666666,0.0224,0.0224,0.1475,0.6704545454545454,0.32954545454545453,0.35,0.45,1.0,0.525,0.4299732381801963,0.0
20260629_152656_9d451bbc,20260629_152656_9d451bbc_g0054,54,404632373,7,64,64,65,2,1,RED,pool_l45_100ms,0,3.0,[3],0,86,3,"{""1"": 86, ""2"": 98, ""3"": 103, ""4"": 68}",False,7.0,-49.0,3.0,38.0,55.0,0.1375,6.0,5.0,6.0,4.0,2.0,0.0,0.0,0.0,37.0,13.0,17.0,4.0,10.0,1.0,1.0,1.0,1.0,0.0,0.0,0.0,0.0,64.0,65.0,0.7225,0.8095238095238095,0.026,0.0256,0.195,0.8863636363636364,0.11363636363636363,0.175,0.26666666666666666,0.8,0.4666666666666667,0.38933873144399467,0.0
20260629_152656_9d451bbc,20260629_152656_9d451bbc_g0054,54,404632373,7,64,64,65,2,2,BLUE,pool_peer_500ms,1,3.0,[3],0,98,2,"{""1"": 86, ""2"": 98, ""3"": 103, ""4"": 68}",False,25.0,-13.0,0.0,60.0,55.0,0.1375,21.0,17.25,20.75,14.0,6.0,0.75,0.0,0.0,22.0,45.75,16.0,5.0,15.0,1.0,1.0,1.0,1.0,1.0,0.0,0.0,0.0,64.0,65.0,0.7225,0.7619047619047619,0.026,0.0256,0.1825,0.8295454545454546,0.17045454545454544,0.625,0.5333333333333333,1.0,0.31666666666666665,0.5501081470800289,0.0
20260629_152656_9d451bbc,20260629_152656_9d451bbc_g0054,54,404632373,7,64,64,65,2,3,YELLOW,champ_v3,2,3.0,[3],1,103,1,"{""1"": 86, ""2"": 98, ""3"": 103, ""4"": 68}",False,19.0,-25.0,0.0,63.0,55.0,0.1375,16.0,11.5,16.0,8.0,5.0,3.0,0.0,0.0,27.0,35.0,16.0,5.0,13.0,1.0,1.0,2.0,1.0,0.0,0.0,0.0,0.0,64.0,65.0,0.7225,0.7619047619047619,0.026,0.0256,0.1875,0.8522727272727273,0.14772727272727273,0.475,0.6,0.8,0.36666666666666664,0.5740350877192982,0.0
20260629_152656_9d451bbc,20260629_152656_9d451bbc_g0054,54,404632373,7,64,64,65,2,4,GREEN,pool_heuristic,3,3.0,[3],0,68,4,"{""1"": 86, ""2"": 98, ""3"": 103, ""4"": 68}",False,12.0,-39.0,4.0,40.0,55.0,0.1375,0.0,0.0,0.0,0.0,0.0,0.0,0.0,0.0,43.0,12.0,15.0,6.0,25.0,0.0,0.0,1.0,3.0,2.0,0.0,0.0,0.0,64.0,65.0,0.7225,0.7142857142857143,0.026,0.0256,0.1575,0.7159090909090909,0.2840909090909091,0.3,0.31666666666666665,1.0,0.425,0.4302422723475354,0.0
20260629_152656_9d451bbc,20260629_152656_9d451bbc_g0055,55,1507252733,0,8,8,8,1,1,RED,pool_peer_500ms,0,1.0,[1],1,103,1,"{""1"": 103, ""2"": 90, ""3"": 89, ""4"": 60}",False,9.0,-15.0,9.0,0.0,0.0,0.0,543.0,122.625,488.75,9.0,15.0,41.25,153.5,270.0,1478.0,497.75,2.0,19.0,78.0,1.0,1.0,2.0,6.0,9.0,1.0,0.0,0.0,8.0,8.0,0.1,0.09523809523809523,0.0032,0.0032,0.025,0.11363636363636363,0.8863636363636364,0.225,1.0,1.0,0.2,0.23684210526315785,0.0
20260629_152656_9d451bbc,20260629_152656_9d451bbc_g0055,55,1507252733,0,8,8,8,1,2,BLUE,champ_v3,1,1.0,[1],0,90,2,"{""1"": 103, ""2"": 90, ""3"": 89, ""4"": 60}",False,9.0,-15.0,9.0,0.0,0.0,0.0,543.0,122.625,488.75,9.0,15.0,41.25,153.5,270.0,1478.0,497.75,2.0,19.0,78.0,1.0,1.0,2.0,6.0,9.0,1.0,0.0,0.0,8.0,8.0,0.1,0.09523809523809523,0.0032,0.0032,0.025,0.11363636363636363,0.8863636363636364,0.225,1.0,1.0,0.2,0.23684210526315785,0.0
20260629_152656_9d451bbc,20260629_152656_9d451bbc_g0055,55,1507252733,0,8,8,8,1,3,YELLOW,pool_heuristic,2,1.0,[1],0,89,3,"{""1"": 103, ""2"": 90, ""3"": 89, ""4"": 60}",False,8.0,-17.0,8.0,0.0,0.0,0.0,491.0,120.25,483.75,8.0,14.0,39.75,152.0,270.0,1530.0,491.75,2.0,19.0,78.0,1.0,1.0,2.0,6.0,9.0,1.0,0.0,1.0,8.0,8.0,0.1,0.09523809523809523,0.0032,0.0032,0.025,0.11363636363636363,0.8863636363636364,0.2,1.0,1.0,0.20833333333333334,0.26315789473684215,0.0
20260629_152656_9d451bbc,20260629_152656_9d451bbc_g0055,55,1507252733,0,8,8,8,1,4,GREEN,pool_l45_100ms,3,1.0,[1],0,60,4,"{""1"": 103, ""2"": 90, ""3"": 89, ""4"": 60}",False,7.0,-19.0,9.0,0.0,0.0,0.0,444.0,103.25,415.125,7.0,12.0,33.75,130.5,231.875,1577.0,422.125,2.0,19.0,78.0,1.0,1.0,2.0,6.0,9.0,1.0,1.0,0.0,8.0,8.0,0.1,0.09523809523809523,0.0032,0.0032,0.025,0.11363636363636363,0.8863636363636364,0.175,1.0,1.0,0.21666666666666665,0.20526315789473681,0.0
20260629_152656_9d451bbc,20260629_152656_9d451bbc_g0055,55,1507252733,1,16,16,16,1,1,RED,pool_peer_500ms,0,1.0,[1],1,103,1,"{""1"": 103, ""2"": 90, ""3"": 89, ""4"": 60}",False,16.0,-25.0,0.0,2.0,4.0,0.01,689.0,172.125,666.875,14.0,23.0,64.5,241.0,324.375,1818.0,682.875,4.0,17.0,68.0,1.0,1.0,2.0,6.0,7.0,1.0,0.0,0.0,16.0,16.0,0.2,0.19047619047619047,0.0064,0.0064,0.05,0.22727272727272727,0.7727272727272727,0.4,1.0,1.0,0.3416666666666667,0.49473684210526314,0.0
20260629_152656_9d451bbc,20260629_152656_9d451bbc_g0055,55,1507252733,1,16,16,16,1,2,BLUE,champ_v3,1,1.0,[1],0,90,2,"{""1"": 103, ""2"": 90, ""3"": 89, ""4"": 60}",False,15.0,-27.0,1.0,2.0,4.0,0.01,790.0,196.75,762.25,15.0,27.0,75.75,282.0,362.5,1717.0,777.25,4.0,17.0,68.0,1.0,1.0,2.0,6.0,7.0,1.0,0.0,0.0,16.0,16.0,0.2,0.19047619047619047,0.0064,0.0064,0.05,0.22727272727272727,0.7727272727272727,0.375,1.0,1.0,0.35,0.4894736842105264,0.0
20260629_152656_9d451bbc,20260629_152656_9d451bbc_g0055,55,1507252733,1,16,16,16,1,3,YELLOW,pool_heuristic,2,1.0,[1],0,89,3,"{""1"": 103, ""2"": 90, ""3"": 89, ""4"": 60}",False,16.0,-25.0,3.0,1.0,4.0,0.01,655.0,170.625,654.625,14.0,25.0,66.0,244.0,305.625,1852.0,670.625,4.0,17.0,68.0,1.0,1.0,2.0,6.0,7.0,1.0,0.0,1.0,16.0,16.0,0.2,0.19047619047619047,0.0064,0.0064,0.05,0.22727272727272727,0.7727272727272727,0.4,1.0,1.0,0.3416666666666667,0.45000000000000007,0.0
20260629_152656_9d451bbc,20260629_152656_9d451bbc_g0055,55,1507252733,1,16,16,16,1,4,GREEN,pool_l45_100ms,3,1.0,[1],0,60,4,"{""1"": 103, ""2"": 90, ""3"": 89, ""4"": 60}",False,10.0,-37.0,7.0,1.0,4.0,0.01,373.0,89.625,332.625,10.0,15.0,34.5,120.0,153.125,2134.0,342.625,4.0,17.0,68.0,1.0,1.0,2.0,6.0,7.0,1.0,0.0,0.0,16.0,16.0,0.2,0.19047619047619047,0.0064,0.0064,0.05,0.22727272727272727,0.7727272727272727,0.25,1.0,1.0,0.39166666666666666,0.3131578947368421,0.0
20260629_152656_9d451bbc,20260629_152656_9d451bbc_g0055,55,1507252733,2,24,24,24,1,1,RED,pool_peer_500ms,0,1.0,[1],1,103,1,"{""1"": 103, ""2"": 90, ""3"": 89, ""4"": 60}",False,20.0,-37.0,0.0,10.0,4.0,0.01,527.0,147.875,528.0,19.0,30.0,66.0,185.5,227.5,1151.0,548.0,6.0,15.0,59.0,1.0,1.0,2.0,5.0,6.0,1.0,0.0,0.0,24.0,24.0,0.2975,0.2857142857142857,0.0096,0.0096,0.0725,0.32954545454545453,0.6704545454545454,0.5,1.0,1.0,0.475,0.5843920145190562,0.0
20260629_152656_9d451bbc,20260629_152656_9d451bbc_g0055,55,1507252733,2,24,24,24,1,2,BLUE,champ_v3,1,1.0,[1],0,90,2,"{""1"": 103, ""2"": 90, ""3"": 89, ""4"": 60}",False,20.0,-37.0,1.0,13.0,4.0,0.01,639.0,172.375,629.5,19.0,27.0,72.75,269.5,241.25,1039.0,649.5,6.0,15.0,58.0,1.0,1.0,2.0,6.0,5.0,1.0,0.0,0.0,24.0,24.0,0.2975,0.2857142857142857,0.0096,0.0096,0.075,0.3409090909090909,0.6590909090909091,0.5,1.0,1.0,0.475,0.5684210526315789,0.0
20260629_152656_9d451bbc,20260629_152656_9d451bbc_g0055,55,1507252733,2,24,24,24,1,3,YELLOW,pool_heuristic,2,1.0,[1],0,89,3,"{""1"": 103, ""2"": 90, ""3"": 89, ""4"": 60}",False,23.0,-31.0,1.0,5.0,4.0,0.01,357.0,114.75,382.75,20.0,25.0,50.25,160.0,127.5,1321.0,405.75,6.0,15.0,58.0,1.0,1.0,2.0,6.0,5.0,1.0,0.0,1.0,24.0,24.0,0.2975,0.2857142857142857,0.0096,0.0096,0.075,0.3409090909090909,0.6590909090909091,0.575,1.0,1.0,0.45,0.5491228070175438,0.0
20260629_152656_9d451bbc,20260629_152656_9d451bbc_g0055,55,1507252733,2,24,24,24,1,4,GREEN,pool_l45_100ms,3,1.0,[1],0,60,4,"{""1"": 103, ""2"": 90, ""3"": 89, ""4"": 60}",False,14.0,-49.0,7.0,2.0,4.0,0.01,155.0,47.875,136.875,14.0,13.0,21.75,50.0,38.125,1523.0,150.875,6.0,15.0,58.0,1.0,1.0,2.0,6.0,5.0,0.0,0.0,0.0,24.0,24.0,0.2975,0.2857142857142857,0.0096,0.0096,0.075,0.3409090909090909,0.6590909090909091,0.35,1.0,1.0,0.525,0.38245614035087727,0.0
20260629_152656_9d451bbc,20260629_152656_9d451bbc_g0055,55,1507252733,3,32,32,32,1,1,RED,pool_peer_500ms,0,1.0,[1],1,103,1,"{""1"": 103, ""2"": 90, ""3"": 89, ""4"": 60}",False,24.0,-38.0,0.0,17.0,7.0,0.0175,306.0,96.875,296.5,21.0,28.0,48.75,117.5,81.25,551.0,320.5,8.0,13.0,49.0,1.0,1.0,2.0,5.0,4.0,0.0,0.0,0.0,32.0,32.0,0.3975,0.38095238095238093,0.0128,0.0128,0.0975,0.4431818181818182,0.5568181818181818,0.6,1.0,1.0,0.5166666666666667,0.5695006747638327,0.0
20260629_152656_9d451bbc,20260629_152656_9d451bbc_g0055,55,1507252733,3,32,32,32,1,2,BLUE,champ_v3,1,1.0,[1],0,90,2,"{""1"": 103, ""2"": 90, ""3"": 89, ""4"": 60}",False,24.0,-38.0,1.0,17.0,7.0,0.0175,454.0,129.875,421.25,22.0,29.0,64.5,214.5,91.25,403.0,445.25,8.0,13.0,48.0,1.0,1.0,2.0,6.0,3.0,0.0,0.0,0.0,32.0,32.0,0.3975,0.38095238095238093,0.0128,0.0128,0.1,0.45454545454545453,0.5454545454545454,0.6,1.0,1.0,0.5166666666666667,0.5855263157894737,0.0
20260629_152656_9d451bbc,20260629_152656_9d451bbc_g0055,55,1507252733,3,32,32,32,1,3,YELLOW,pool_heuristic,2,1.0,[1],0,89,3,"{""1"": 103, ""2"": 90, ""3"": 89, ""4"": 60}",False,26.0,-34.0,1.0,16.0,7.0,0.0175,65.0,36.125,72.0,19.0,13.0,13.5,16.5,10.0,792.0,98.0,8.0,13.0,48.0,1.0,1.0,2.0,6.0,3.0,0.0,0.0,1.0,32.0,32.0,0.3975,0.38095238095238093,0.0128,0.0128,0.1,0.45454545454545453,0.5454545454545454,0.65,1.0,1.0,0.5,0.5184210526315789,0.0
20260629_152656_9d451bbc,20260629_152656_9d451bbc_g0055,55,1507252733,3,32,32,32,1,4,GREEN,pool_l45_100ms,3,1.0,[1],0,60,4,"{""1"": 103, ""2"": 90, ""3"": 89, ""4"": 60}",False,12.0,-62.0,4.0,9.0,7.0,0.0175,32.0,18.75,34.625,12.0,4.0,5.25,6.5,6.875,825.0,46.625,8.0,13.0,48.0,1.0,1.0,2.0,6.0,3.0,0.0,0.0,0.0,32.0,32.0,0.3975,0.38095238095238093,0.0128,0.0128,0.1,0.45454545454545453,0.5454545454545454,0.3,0.9333333333333333,1.0,0.6166666666666667,0.4473684210526315,0.0
20260629_152656_9d451bbc,20260629_152656_9d451bbc_g0055,55,1507252733,4,40,40,40,1,1,RED,pool_peer_500ms,0,1.0,[1],1,103,1,"{""1"": 103, ""2"": 90, ""3"": 89, ""4"": 60}",False,29.0,-38.0,0.0,28.0,17.0,0.0425,211.0,74.875,200.375,23.0,25.0,39.75,72.0,40.625,282.0,229.375,10.0,11.0,40.0,1.0,1.0,2.0,4.0,3.0,0.0,0.0,0.0,40.0,40.0,0.485,0.47619047619047616,0.016,0.016,0.12,0.5454545454545454,0.45454545454545453,0.725,1.0,1.0,0.5583333333333333,0.5592105263157895,0.0
20260629_152656_9d451bbc,20260629_152656_9d451bbc_g0055,55,1507252733,4,40,40,40,1,2,BLUE,champ_v3,1,1.0,[1],0,90,2,"{""1"": 103, ""2"": 90, ""3"": 89, ""4"": 60}",False,28.0,-40.0,1.0,26.0,17.0,0.0425,198.0,71.875,185.375,24.0,24.0,39.0,64.0,34.375,295.0,213.375,10.0,11.0,40.0,1.0,1.0,2.0,4.0,3.0,0.0,0.0,0.0,40.0,40.0,0.485,0.47619047619047616,0.016,0.016,0.12,0.5454545454545454,0.45454545454545453,0.7,1.0,1.0,0.5666666666666667,0.5635964912280702,0.0
20260629_152656_9d451bbc,20260629_152656_9d451bbc_g0055,55,1507252733,4,40,40,40,1,3,YELLOW,pool_heuristic,2,1.0,[1],0,89,3,"{""1"": 103, ""2"": 90, ""3"": 89, ""4"": 60}",False,29.0,-38.0,1.0,23.0,17.0,0.0425,67.0,38.0,70.25,21.0,15.0,14.25,15.0,5.0,426.0,99.25,10.0,11.0,38.0,1.0,1.0,2.0,6.0,1.0,0.0,0.0,0.0,40.0,40.0,0.485,0.47619047619047616,0.016,0.016,0.125,0.5681818181818182,0.4318181818181818,0.725,1.0,1.0,0.5583333333333333,0.46842105263157896,0.0
20260629_152656_9d451bbc,20260629_152656_9d451bbc_g0055,55,1507252733,4,40,40,40,1,4,GREEN,pool_l45_100ms,3,1.0,[1],0,60,4,"{""1"": 103, ""2"": 90, ""3"": 89, ""4"": 60}",False,10.0,-76.0,4.0,11.0,17.0,0.0425,17.0,12.5,16.5,10.0,3.0,1.5,2.0,0.0,476.0,26.5,10.0,11.0,40.0,1.0,1.0,1.0,6.0,2.0,0.0,0.0,0.0,40.0,40.0,0.485,0.47619047619047616,0.016,0.016,0.12,0.5454545454545454,0.45454545454545453,0.25,0.5666666666666667,1.0,0.7166666666666667,0.42543859649122806,0.0
20260629_152656_9d451bbc,20260629_152656_9d451bbc_g0055,55,1507252733,5,48,48,48,1,1,RED,pool_peer_500ms,0,1.0,[1],1,103,1,"{""1"": 103, ""2"": 90, ""3"": 89, ""4"": 60}",False,32.0,-35.0,0.0,41.0,22.0,0.055,107.0,52.0,110.75,23.0,22.0,27.75,23.0,15.0,148.0,142.75,12.0,9.0,31.0,1.0,1.0,2.0,3.0,2.0,0.0,0.0,0.0,48.0,48.0,0.5675,0.5714285714285714,0.0192,0.0192,0.1425,0.6477272727272727,0.3522727272727273,0.8,1.0,1.0,0.5583333333333333,0.5401662049861495,0.0
20260629_152656_9d451bbc,20260629_152656_9d451bbc_g0055,55,1507252733,5,48,48,48,1,2,BLUE,champ_v3,1,1.0,[1],0,90,2,"{""1"": 103, ""2"": 90, ""3"": 89, ""4"": 60}",False,28.0,-43.0,1.0,44.0,22.0,0.055,73.0,42.75,76.0,23.0,19.0,21.0,13.0,0.0,182.0,104.0,12.0,9.0,30.0,1.0,1.0,2.0,4.0,1.0,0.0,0.0,0.0,48.0,48.0,0.5675,0.5714285714285714,0.0192,0.0192,0.145,0.6590909090909091,0.3409090909090909,0.7,1.0,1.0,0.5916666666666667,0.5353901996370236,0.0
20260629_152656_9d451bbc,20260629_152656_9d451bbc_g0055,55,1507252733,5,48,48,48,1,3,YELLOW,pool_heuristic,2,1.0,[1],0,89,3,"{""1"": 103, ""2"": 90, ""3"": 89, ""4"": 60}",False,31.0,-37.0,1.0,33.0,22.0,0.055,67.0,40.75,75.25,22.0,17.0,17.25,14.0,5.0,188.0,106.25,12.0,9.0,30.0,1.0,1.0,2.0,4.0,1.0,0.0,0.0,0.0,48.0,48.0,0.5675,0.5714285714285714,0.0192,0.0192,0.145,0.6590909090909091,0.3409090909090909,0.775,1.0,1.0,0.5666666666666667,0.4782214156079855,0.0
20260629_152656_9d451bbc,20260629_152656_9d451bbc_g0055,55,1507252733,5,48,48,48,1,4,GREEN,pool_l45_100ms,3,1.0,[1],0,60,4,"{""1"": 103, ""2"": 90, ""3"": 89, ""4"": 60}",False,8.0,-83.0,4.0,15.0,22.0,0.055,8.0,8.0,8.0,8.0,0.0,0.0,0.0,0.0,247.0,16.0,12.0,9.0,34.0,1.0,0.0,1.0,5.0,2.0,0.0,0.0,0.0,48.0,48.0,0.5675,0.5714285714285714,0.0192,0.0192,0.135,0.6136363636363636,0.38636363636363635,0.2,0.4166666666666667,1.0,0.7583333333333333,0.4083820662768032,0.0
20260629_152656_9d451bbc,20260629_152656_9d451bbc_g0055,55,1507252733,6,56,56,57,2,1,RED,pool_peer_500ms,0,1.0,[1],1,103,1,"{""1"": 103, ""2"": 90, ""3"": 89, ""4"": 60}",False,29.0,-36.0,0.0,50.0,30.0,0.075,31.0,14.0,40.0,0.0,13.0,12.0,10.0,5.0,81.0,69.0,15.0,6.0,21.0,0.0,1.0,2.0,2.0,1.0,0.0,0.0,0.0,56.0,57.0,0.6375,0.7142857142857143,0.0228,0.0224,0.1675,0.7613636363636364,0.23863636363636365,0.725,1.0,1.0,0.5416666666666667,0.5365278868813825,0.0
20260629_152656_9d451bbc,20260629_152656_9d451bbc_g0055,55,1507252733,6,56,56,57,2,2,BLUE,champ_v3,1,1.0,[1],0,90,2,"{""1"": 103, ""2"": 90, ""3"": 89, ""4"": 60}",False,27.0,-40.0,1.0,51.0,30.0,0.075,45.0,30.25,49.75,18.0,13.0,12.75,6.0,0.0,67.0,76.75,14.0,7.0,21.0,1.0,1.0,2.0,3.0,0.0,0.0,0.0,0.0,56.0,57.0,0.6375,0.6666666666666666,0.0228,0.0224,0.1675,0.7613636363636364,0.23863636363636365,0.675,0.75,0.8,0.5583333333333333,0.4925373134328358,0.0
20260629_152656_9d451bbc,20260629_152656_9d451bbc_g0055,55,1507252733,6,56,56,57,2,3,YELLOW,pool_heuristic,2,1.0,[1],0,89,3,"{""1"": 103, ""2"": 90, ""3"": 89, ""4"": 60}",False,31.0,-32.0,1.0,44.0,30.0,0.075,36.0,26.0,38.5,18.0,10.0,6.0,2.0,2.5,76.0,69.5,14.0,7.0,22.0,1.0,1.0,2.0,2.0,1.0,0.0,0.0,0.0,56.0,57.0,0.6375,0.6666666666666666,0.0228,0.0224,0.165,0.75,0.25,0.775,1.0,1.0,0.525,0.48883572567783096,0.0
20260629_152656_9d451bbc,20260629_152656_9d451bbc_g0055,55,1507252733,6,56,56,57,2,4,GREEN,pool_l45_100ms,3,1.0,[1],0,60,4,"{""1"": 103, ""2"": 90, ""3"": 89, ""4"": 60}",False,7.0,-80.0,4.0,16.0,30.0,0.075,0.0,0.0,0.0,0.0,0.0,0.0,0.0,0.0,112.0,7.0,13.0,8.0,33.0,0.0,0.0,1.0,5.0,2.0,0.0,0.0,0.0,56.0,57.0,0.6375,0.6190476190476191,0.0228,0.0224,0.1375,0.625,0.375,0.175,0.3333333333333333,1.0,0.725,0.4114832535885168,0.0
20260629_152656_9d451bbc,20260629_152656_9d451bbc_g0055,55,1507252733,7,64,64,67,4,1,RED,pool_peer_500ms,0,1.0,[1],1,103,1,"{""1"": 103, ""2"": 90, ""3"": 89, ""4"": 60}",False,28.0,-26.0,0.0,61.0,45.0,0.1125,10.0,4.25,9.75,0.0,6.0,3.75,0.0,0.0,22.0,37.75,17.0,4.0,12.0,0.0,1.0,2.0,1.0,0.0,0.0,0.0,0.0,64.0,67.0,0.71,0.8095238095238095,0.0268,0.0256,0.19,0.8636363636363636,0.13636363636363635,0.7,0.5833333333333334,0.8,0.45,0.5346260387811634,0.0
20260629_152656_9d451bbc,20260629_152656_9d451bbc_g0055,55,1507252733,7,64,64,67,4,2,BLUE,champ_v3,1,1.0,[1],0,90,2,"{""1"": 103, ""2"": 90, ""3"": 89, ""4"": 60}",False,18.0,-46.0,1.0,60.0,45.0,0.1125,5.0,5.0,5.0,5.0,0.0,0.0,0.0,0.0,27.0,23.0,17.0,4.0,12.0,1.0,0.0,1.0,2.0,0.0,0.0,0.0,0.0,64.0,67.0,0.71,0.8095238095238095,0.0268,0.0256,0.19,0.8636363636363636,0.13636363636363635,0.45,0.26666666666666666,0.8,0.5333333333333333,0.4833795013850416,0.0
20260629_152656_9d451bbc,20260629_152656_9d451bbc_g0055,55,1507252733,7,64,64,67,4,3,YELLOW,pool_heuristic,2,1.0,[1],0,89,3,"{""1"": 103, ""2"": 90, ""3"": 89, ""4"": 60}",False,29.0,-24.0,1.0,56.0,45.0,0.1125,17.0,15.0,17.0,13.0,4.0,0.0,0.0,0.0,15.0,46.0,17.0,4.0,11.0,1.0,1.0,1.0,0.0,1.0,0.0,0.0,0.0,64.0,67.0,0.71,0.8095238095238095,0.0268,0.0256,0.1925,0.875,0.125,0.725,1.0,1.0,0.4416666666666667,0.47915242652084755,0.0
20260629_152656_9d451bbc,20260629_152656_9d451bbc_g0055,55,1507252733,7,64,64,67,4,4,GREEN,pool_l45_100ms,3,1.0,[1],0,60,4,"{""1"": 103, ""2"": 90, ""3"": 89, ""4"": 60}",False,7.0,-68.0,4.0,16.0,45.0,0.1125,0.0,0.0,0.0,0.0,0.0,0.0,0.0,0.0,32.0,7.0,13.0,8.0,33.0,0.0,0.0,1.0,5.0,2.0,0.0,0.0,0.0,64.0,67.0,0.71,0.6190476190476191,0.0268,0.0256,0.1375,0.625,0.375,0.175,0.3333333333333333,1.0,0.625,0.4114832535885168,0.0
20260629_152656_9d451bbc,20260629_152656_9d451bbc_g0056,56,162909675,0,8,8,8,1,1,RED,champ_v3,0,1.0,[1],1,122,1,"{""1"": 122, ""2"": 69, ""3"": 56, ""4"": 100}",False,9.0,-14.0,9.0,0.0,0.0,0.0,543.0,122.625,488.75,9.0,15.0,41.25,153.5,270.0,1387.0,497.75,2.0,19.0,78.0,1.0,1.0,2.0,6.0,9.0,1.0,0.0,0.0,8.0,8.0,0.1,0.09523809523809523,0.0032,0.0032,0.025,0.11363636363636363,0.8863636363636364,0.225,1.0,1.0,0.19166666666666668,0.23684210526315785,0.0
20260629_152656_9d451bbc,20260629_152656_9d451bbc_g0056,56,162909675,0,8,8,8,1,2,BLUE,pool_heuristic,1,1.0,[1],0,69,3,"{""1"": 122, ""2"": 69, ""3"": 56, ""4"": 100}",False,7.0,-18.0,9.0,0.0,0.0,0.0,480.0,122.125,499.0,7.0,13.0,38.25,154.5,286.25,1450.0,506.0,2.0,19.0,78.0,1.0,1.0,2.0,6.0,9.0,1.0,1.0,1.0,8.0,8.0,0.1,0.09523809523809523,0.0032,0.0032,0.025,0.11363636363636363,0.8863636363636364,0.175,1.0,1.0,0.20833333333333334,0.2578947368421053,0.0
20260629_152656_9d451bbc,20260629_152656_9d451bbc_g0056,56,162909675,0,8,8,8,1,3,YELLOW,pool_l45_100ms,2,1.0,[1],0,56,4,"{""1"": 122, ""2"": 69, ""3"": 56, ""4"": 100}",False,7.0,-18.0,9.0,0.0,0.0,0.0,364.0,86.0,341.875,7.0,10.0,27.0,108.5,189.375,1566.0,348.875,2.0,19.0,78.0,1.0,1.0,2.0,6.0,9.0,1.0,1.0,0.0,8.0,8.0,0.1,0.09523809523809523,0.0032,0.0032,0.025,0.11363636363636363,0.8863636363636364,0.175,1.0,1.0,0.20833333333333334,0.17368421052631577,0.0
20260629_152656_9d451bbc,20260629_152656_9d451bbc_g0056,56,162909675,0,8,8,8,1,4,GREEN,pool_peer_500ms,3,1.0,[1],0,100,2,"{""1"": 122, ""2"": 69, ""3"": 56, ""4"": 100}",False,9.0,-14.0,9.0,0.0,0.0,0.0,543.0,122.625,488.75,9.0,15.0,41.25,153.5,270.0,1387.0,497.75,2.0,19.0,78.0,1.0,1.0,2.0,6.0,9.0,1.0,0.0,0.0,8.0,8.0,0.1,0.09523809523809523,0.0032,0.0032,0.025,0.11363636363636363,0.8863636363636364,0.225,1.0,1.0,0.19166666666666668,0.23684210526315785,0.0
20260629_152656_9d451bbc,20260629_152656_9d451bbc_g0056,56,162909675,1,16,16,16,1,1,RED,champ_v3,0,1.0,[1],1,122,1,"{""1"": 122, ""2"": 69, ""3"": 56, ""4"": 100}",False,16.0,-23.0,0.0,2.0,0.0,0.0,782.0,194.25,753.375,15.0,26.0,73.5,279.5,359.375,1523.0,769.375,4.0,17.0,68.0,1.0,1.0,2.0,6.0,7.0,1.0,0.0,0.0,16.0,16.0,0.2,0.19047619047619047,0.0064,0.0064,0.05,0.22727272727272727,0.7727272727272727,0.4,1.0,1.0,0.325,0.49473684210526314,0.0
20260629_152656_9d451bbc,20260629_152656_9d451bbc_g0056,56,162909675,1,16,16,16,1,2,BLUE,pool_heuristic,1,1.0,[1],0,69,3,"{""1"": 122, ""2"": 69, ""3"": 56, ""4"": 100}",False,12.0,-31.0,3.0,1.0,0.0,0.0,426.0,117.25,453.75,10.0,15.0,42.75,166.0,220.0,1879.0,465.75,4.0,17.0,68.0,1.0,1.0,2.0,6.0,7.0,1.0,1.0,1.0,16.0,16.0,0.2,0.19047619047619047,0.0064,0.0064,0.05,0.22727272727272727,0.7727272727272727,0.3,1.0,1.0,0.35833333333333334,0.45789473684210524,0.0
20260629_152656_9d451bbc,20260629_152656_9d451bbc_g0056,56,162909675,1,16,16,16,1,3,YELLOW,pool_l45_100ms,2,1.0,[1],0,56,4,"{""1"": 122, ""2"": 69, ""3"": 56, ""4"": 100}",False,11.0,-33.0,5.0,1.0,0.0,0.0,334.0,84.125,305.0,11.0,14.0,32.25,116.5,131.25,1971.0,316.0,4.0,17.0,68.0,1.0,1.0,2.0,6.0,7.0,1.0,0.0,0.0,16.0,16.0,0.2,0.19047619047619047,0.0064,0.0064,0.05,0.22727272727272727,0.7727272727272727,0.275,1.0,1.0,0.36666666666666664,0.3526315789473684,0.0
20260629_152656_9d451bbc,20260629_152656_9d451bbc_g0056,56,162909675,1,16,16,16,1,4,GREEN,pool_peer_500ms,3,1.0,[1],0,100,2,"{""1"": 122, ""2"": 69, ""3"": 56, ""4"": 100}",False,16.0,-23.0,0.0,2.0,0.0,0.0,763.0,192.125,738.25,16.0,27.0,75.0,271.5,348.75,1542.0,754.25,4.0,17.0,68.0,1.0,1.0,2.0,6.0,7.0,1.0,0.0,0.0,16.0,16.0,0.2,0.19047619047619047,0.0064,0.0064,0.05,0.22727272727272727,0.7727272727272727,0.4,1.0,1.0,0.325,0.49473684210526314,0.0
20260629_152656_9d451bbc,20260629_152656_9d451bbc_g0056,56,162909675,2,24,24,24,1,1,RED,champ_v3,0,1.0,[1],1,122,1,"{""1"": 122, ""2"": 69, ""3"": 56, ""4"": 100}",False,20.0,-28.0,0.0,6.0,2.0,0.005,457.0,123.875,432.375,18.0,25.0,58.5,154.0,176.875,744.0,452.375,6.0,15.0,59.0,1.0,1.0,2.0,5.0,6.0,0.0,0.0,0.0,24.0,24.0,0.2975,0.2857142857142857,0.0096,0.0096,0.0725,0.32954545454545453,0.6704545454545454,0.5,1.0,1.0,0.4,0.588021778584392,0.0
20260629_152656_9d451bbc,20260629_152656_9d451bbc_g0056,56,162909675,2,24,24,24,1,2,BLUE,pool_heuristic,1,1.0,[1],0,69,3,"{""1"": 122, ""2"": 69, ""3"": 56, ""4"": 100}",False,15.0,-38.0,3.0,2.0,2.0,0.005,196.0,63.125,209.25,12.0,13.0,27.75,81.5,75.0,1005.0,224.25,6.0,15.0,58.0,1.0,1.0,2.0,6.0,5.0,1.0,1.0,1.0,24.0,24.0,0.2975,0.2857142857142857,0.0096,0.0096,0.075,0.3409090909090909,0.6590909090909091,0.375,1.0,1.0,0.4416666666666667,0.4912280701754387,0.0
20260629_152656_9d451bbc,20260629_152656_9d451bbc_g0056,56,162909675,2,24,24,24,1,3,YELLOW,pool_l45_100ms,2,1.0,[1],0,56,4,"{""1"": 122, ""2"": 69, ""3"": 56, ""4"": 100}",False,12.0,-44.0,5.0,5.0,2.0,0.005,78.0,28.0,74.25,10.0,8.0,11.25,25.0,20.0,1123.0,86.25,6.0,15.0,58.0,1.0,1.0,2.0,6.0,5.0,0.0,0.0,0.0,24.0,24.0,0.2975,0.2857142857142857,0.0096,0.0096,0.075,0.3409090909090909,0.6590909090909091,0.3,1.0,1.0,0.4666666666666667,0.39473684210526316,0.0
20260629_152656_9d451bbc,20260629_152656_9d451bbc_g0056,56,162909675,2,24,24,24,1,4,GREEN,pool_peer_500ms,3,1.0,[1],0,100,2,"{""1"": 122, ""2"": 69, ""3"": 56, ""4"": 100}",False,21.0,-26.0,0.0,8.0,2.0,0.005,470.0,133.875,466.5,19.0,25.0,61.5,193.5,167.5,731.0,487.5,6.0,15.0,58.0,1.0,1.0,2.0,6.0,5.0,0.0,0.0,0.0,24.0,24.0,0.2975,0.2857142857142857,0.0096,0.0096,0.075,0.3409090909090909,0.6590909090909091,0.525,1.0,1.0,0.39166666666666666,0.5771929824561404,0.0
20260629_152656_9d451bbc,20260629_152656_9d451bbc_g0056,56,162909675,3,32,32,32,1,1,RED,champ_v3,0,1.0,[1],1,122,1,"{""1"": 122, ""2"": 69, ""3"": 56, ""4"": 100}",False,23.0,-34.0,0.0,10.0,7.0,0.0175,332.0,93.75,296.25,20.0,21.0,46.5,120.0,88.75,306.0,319.25,8.0,13.0,49.0,1.0,1.0,2.0,5.0,4.0,0.0,0.0,0.0,32.0,32.0,0.3975,0.38095238095238093,0.0128,0.0128,0.0975,0.4431818181818182,0.5568181818181818,0.575,1.0,1.0,0.475,0.6342780026990553,0.0
20260629_152656_9d451bbc,20260629_152656_9d451bbc_g0056,56,162909675,3,32,32,32,1,2,BLUE,pool_heuristic,1,1.0,[1],0,69,3,"{""1"": 122, ""2"": 69, ""3"": 56, ""4"": 100}",False,19.0,-42.0,3.0,4.0,7.0,0.0175,93.0,39.25,95.375,15.0,13.0,18.0,37.5,11.875,545.0,114.375,8.0,13.0,48.0,1.0,1.0,2.0,6.0,3.0,0.0,0.0,1.0,32.0,32.0,0.3975,0.38095238095238093,0.0128,0.0128,0.1,0.45454545454545453,0.5454545454545454,0.475,1.0,1.0,0.5083333333333333,0.47631578947368425,0.0
20260629_152656_9d451bbc,20260629_152656_9d451bbc_g0056,56,162909675,3,32,32,32,1,3,YELLOW,pool_l45_100ms,2,1.0,[1],0,56,4,"{""1"": 122, ""2"": 69, ""3"": 56, ""4"": 100}",False,13.0,-54.0,5.0,8.0,7.0,0.0175,40.0,19.25,40.875,10.0,5.0,6.75,13.5,5.625,598.0,53.875,8.0,13.0,48.0,1.0,1.0,2.0,6.0,3.0,0.0,0.0,0.0,32.0,32.0,0.3975,0.38095238095238093,0.0128,0.0128,0.1,0.45454545454545453,0.5454545454545454,0.325,1.0,1.0,0.5583333333333333,0.41052631578947374,0.0
20260629_152656_9d451bbc,20260629_152656_9d451bbc_g0056,56,162909675,3,32,32,32,1,4,GREEN,pool_peer_500ms,3,1.0,[1],0,100,2,"{""1"": 122, ""2"": 69, ""3"": 56, ""4"": 100}",False,25.0,-30.0,0.0,20.0,7.0,0.0175,173.0,62.375,174.0,19.0,17.0,27.75,71.5,38.75,465.0,199.0,8.0,13.0,48.0,1.0,1.0,2.0,6.0,3.0,0.0,0.0,0.0,32.0,32.0,0.3975,0.38095238095238093,0.0128,0.0128,0.1,0.45454545454545453,0.5454545454545454,0.625,1.0,1.0,0.4583333333333333,0.5592105263157895,0.0
20260629_152656_9d451bbc,20260629_152656_9d451bbc_g0056,56,162909675,4,40,40,40,1,1,RED,champ_v3,0,1.0,[1],1,122,1,"{""1"": 122, ""2"": 69, ""3"": 56, ""4"": 100}",False,27.0,-30.0,0.0,19.0,29.0,0.0725,125.0,55.25,131.25,22.0,18.0,30.0,40.0,21.25,199.0,158.25,10.0,11.0,40.0,1.0,1.0,2.0,4.0,3.0,0.0,0.0,0.0,40.0,40.0,0.4875,0.47619047619047616,0.016,0.016,0.12,0.5454545454545454,0.45454545454545453,0.675,1.0,1.0,0.475,0.6217105263157895,0.0
20260629_152656_9d451bbc,20260629_152656_9d451bbc_g0056,56,162909675,4,40,40,40,1,2,BLUE,pool_heuristic,1,1.0,[1],0,69,3,"{""1"": 122, ""2"": 69, ""3"": 56, ""4"": 100}",False,16.0,-52.0,3.0,5.0,29.0,0.0725,29.0,18.375,28.0,12.0,8.0,4.5,3.5,0.0,295.0,44.0,10.0,11.0,38.0,1.0,1.0,2.0,6.0,1.0,0.0,0.0,0.0,40.0,40.0,0.4875,0.47619047619047616,0.016,0.016,0.125,0.5681818181818182,0.4318181818181818,0.4,1.0,1.0,0.5666666666666667,0.45052631578947366,0.0
20260629_152656_9d451bbc,20260629_152656_9d451bbc_g0056,56,162909675,4,40,40,40,1,3,YELLOW,pool_l45_100ms,2,1.0,[1],0,56,4,"{""1"": 122, ""2"": 69, ""3"": 56, ""4"": 100}",False,11.0,-62.0,5.0,13.0,29.0,0.0725,11.0,10.0,11.0,9.0,2.0,0.0,0.0,0.0,313.0,22.0,10.0,11.0,40.0,1.0,1.0,1.0,6.0,2.0,0.0,0.0,0.0,40.0,40.0,0.4875,0.47619047619047616,0.016,0.016,0.12,0.5454545454545454,0.45454545454545453,0.275,0.7333333333333333,1.0,0.6083333333333333,0.3804824561403508,0.0
20260629_152656_9d451bbc,20260629_152656_9d451bbc_g0056,56,162909675,4,40,40,40,1,4,GREEN,pool_peer_500ms,3,1.0,[1],0,100,2,"{""1"": 122, ""2"": 69, ""3"": 56, ""4"": 100}",False,30.0,-24.0,0.0,32.0,29.0,0.0725,159.0,64.625,166.5,22.0,18.0,33.0,78.5,15.0,165.0,196.5,10.0,11.0,39.0,1.0,1.0,2.0,5.0,2.0,0.0,0.0,0.0,40.0,40.0,0.4875,0.47619047619047616,0.016,0.016,0.1225,0.5568181818181818,0.4431818181818182,0.75,1.0,1.0,0.45,0.5692803437164339,0.0
20260629_152656_9d451bbc,20260629_152656_9d451bbc_g0056,56,162909675,5,48,48,48,1,1,RED,champ_v3,0,1.0,[1],1,122,1,"{""1"": 122, ""2"": 69, ""3"": 56, ""4"": 100}",False,27.0,-31.0,0.0,33.0,40.0,0.1,65.0,34.5,68.5,18.0,11.0,15.0,22.0,2.5,108.0,95.5,12.0,9.0,30.0,1.0,1.0,2.0,4.0,1.0,0.0,0.0,0.0,48.0,48.0,0.5575,0.5714285714285714,0.0192,0.0192,0.145,0.6590909090909091,0.3409090909090909,0.675,1.0,1.0,0.4833333333333333,0.5798548094373865,0.0
20260629_152656_9d451bbc,20260629_152656_9d451bbc_g0056,56,162909675,5,48,48,48,1,2,BLUE,pool_heuristic,1,1.0,[1],0,69,3,"{""1"": 122, ""2"": 69, ""3"": 56, ""4"": 100}",False,16.0,-53.0,3.0,14.0,40.0,0.1,14.0,12.0,14.0,10.0,4.0,0.0,0.0,0.0,159.0,30.0,12.0,9.0,31.0,1.0,1.0,1.0,5.0,1.0,0.0,0.0,0.0,48.0,48.0,0.5575,0.5714285714285714,0.0192,0.0192,0.1425,0.6477272727272727,0.3522727272727273,0.4,1.0,1.0,0.575,0.45983379501385035,0.0
20260629_152656_9d451bbc,20260629_152656_9d451bbc_g0056,56,162909675,5,48,48,48,1,3,YELLOW,pool_l45_100ms,2,1.0,[1],0,56,4,"{""1"": 122, ""2"": 69, ""3"": 56, ""4"": 100}",False,8.0,-69.0,5.0,14.0,40.0,0.1,0.0,0.0,0.0,0.0,0.0,0.0,0.0,0.0,173.0,8.0,12.0,9.0,37.0,0.0,0.0,1.0,6.0,2.0,0.0,0.0,0.0,48.0,48.0,0.5575,0.5714285714285714,0.0192,0.0192,0.1275,0.5795454545454546,0.42045454545454547,0.2,0.6166666666666667,1.0,0.6416666666666667,0.3797729618163054,0.0
20260629_152656_9d451bbc,20260629_152656_9d451bbc_g0056,56,162909675,5,48,48,48,1,4,GREEN,pool_peer_500ms,3,1.0,[1],0,100,2,"{""1"": 122, ""2"": 69, ""3"": 56, ""4"": 100}",False,34.0,-17.0,0.0,37.0,40.0,0.1,94.0,50.0,111.5,22.0,16.0,26.25,36.0,11.25,79.0,145.5,12.0,9.0,31.0,1.0,1.0,2.0,3.0,2.0,0.0,0.0,0.0,48.0,48.0,0.5575,0.5714285714285714,0.0192,0.0192,0.1425,0.6477272727272727,0.3522727272727273,0.85,1.0,1.0,0.425,0.5392428439519852,0.0
20260629_152656_9d451bbc,20260629_152656_9d451bbc_g0056,56,162909675,6,56,56,58,3,1,RED,champ_v3,0,1.0,[1],1,122,1,"{""1"": 122, ""2"": 69, ""3"": 56, ""4"": 100}",False,27.0,-28.0,0.0,46.0,41.0,0.1025,37.0,26.25,40.25,18.0,8.0,8.25,6.0,0.0,29.0,67.25,15.0,6.0,17.0,1.0,1.0,2.0,2.0,0.0,0.0,0.0,0.0,56.0,58.0,0.6275,0.7142857142857143,0.0232,0.0224,0.1775,0.8068181818181818,0.19318181818181818,0.675,0.9333333333333333,0.8,0.4583333333333333,0.5722757598220904,0.0
20260629_152656_9d451bbc,20260629_152656_9d451bbc_g0056,56,162909675,6,56,56,58,3,2,BLUE,pool_heuristic,1,1.0,[1],0,69,3,"{""1"": 122, ""2"": 69, ""3"": 56, ""4"": 100}",False,16.0,-50.0,3.0,30.0,41.0,0.1025,0.0,0.0,0.0,0.0,0.0,0.0,0.0,0.0,66.0,16.0,15.0,6.0,24.0,0.0,0.0,1.0,4.0,1.0,0.0,0.0,0.0,56.0,58.0,0.6275,0.7142857142857143,0.0232,0.0224,0.16,0.7272727272727273,0.2727272727272727,0.4,0.55,1.0,0.55,0.4588815789473685,0.0
20260629_152656_9d451bbc,20260629_152656_9d451bbc_g0056,56,162909675,6,56,56,58,3,3,YELLOW,pool_l45_100ms,2,1.0,[1],0,56,4,"{""1"": 122, ""2"": 69, ""3"": 56, ""4"": 100}",False,8.0,-66.0,5.0,24.0,41.0,0.1025,0.0,0.0,0.0,0.0,0.0,0.0,0.0,0.0,66.0,8.0,12.0,9.0,37.0,0.0,0.0,1.0,6.0,2.0,0.0,0.0,0.0,56.0,58.0,0.6275,0.5714285714285714,0.0232,0.0224,0.1275,0.5795454545454546,0.42045454545454547,0.2,0.43333333333333335,1.0,0.6166666666666667,0.3797729618163054,0.0
20260629_152656_9d451bbc,20260629_152656_9d451bbc_g0056,56,162909675,6,56,56,58,3,4,GREEN,pool_peer_500ms,3,1.0,[1],0,100,2,"{""1"": 122, ""2"": 69, ""3"": 56, ""4"": 100}",False,31.0,-20.0,0.0,48.0,41.0,0.1025,29.0,23.25,28.75,19.0,6.0,3.75,0.0,0.0,37.0,59.75,14.0,7.0,23.0,1.0,1.0,2.0,1.0,2.0,0.0,0.0,0.0,56.0,58.0,0.6275,0.6666666666666666,0.0232,0.0224,0.1625,0.7386363636363636,0.26136363636363635,0.775,1.0,1.0,0.425,0.5125506072874493,0.0
20260629_152656_9d451bbc,20260629_152656_9d451bbc_g0056,56,162909675,7,64,64,73,2,1,RED,champ_v3,0,1.0,[1],1,122,1,"{""1"": 122, ""2"": 69, ""3"": 56, ""4"": 100}",False,23.0,-31.0,0.0,59.0,31.0,0.0775,7.0,3.0,6.5,0.0,5.0,1.5,0.0,0.0,2.0,29.5,19.0,2.0,5.0,0.0,1.0,1.0,0.0,0.0,0.0,0.0,0.0,64.0,73.0,0.68,0.9047619047619048,0.0292,0.0256,0.2075,0.9431818181818182,0.056818181818181816,0.575,0.6666666666666666,0.6,0.45,0.569435637285986,0.0
20260629_152656_9d451bbc,20260629_152656_9d451bbc_g0056,56,162909675,7,64,64,73,2,2,BLUE,pool_heuristic,1,1.0,[1],0,69,3,"{""1"": 122, ""2"": 69, ""3"": 56, ""4"": 100}",False,16.0,-45.0,3.0,43.0,31.0,0.0775,0.0,0.0,0.0,0.0,0.0,0.0,0.0,0.0,9.0,16.0,15.0,6.0,24.0,0.0,0.0,1.0,4.0,1.0,0.0,0.0,0.0,64.0,73.0,0.68,0.7142857142857143,0.0292,0.0256,0.16,0.7272727272727273,0.2727272727272727,0.4,0.4,1.0,0.5083333333333333,0.4588815789473685,0.0
20260629_152656_9d451bbc,20260629_152656_9d451bbc_g0056,56,162909675,7,64,64,73,2,3,YELLOW,pool_l45_100ms,2,1.0,[1],0,56,4,"{""1"": 122, ""2"": 69, ""3"": 56, ""4"": 100}",False,8.0,-61.0,5.0,29.0,31.0,0.0775,0.0,0.0,0.0,0.0,0.0,0.0,0.0,0.0,9.0,8.0,12.0,9.0,37.0,0.0,0.0,1.0,6.0,2.0,0.0,0.0,0.0,64.0,73.0,0.68,0.5714285714285714,0.0292,0.0256,0.1275,0.5795454545454546,0.42045454545454547,0.2,0.38333333333333336,1.0,0.575,0.3797729618163054,0.0
20260629_152656_9d451bbc,20260629_152656_9d451bbc_g0056,56,162909675,7,64,64,73,2,4,GREEN,pool_peer_500ms,3,1.0,[1],0,100,2,"{""1"": 122, ""2"": 69, ""3"": 56, ""4"": 100}",False,30.0,-17.0,0.0,59.0,31.0,0.0775,2.0,1.5,6.5,0.0,0.0,0.0,4.0,2.5,7.0,36.5,18.0,3.0,14.0,0.0,0.0,0.0,1.0,2.0,0.0,0.0,0.0,64.0,73.0,0.68,0.8571428571428571,0.0292,0.0256,0.185,0.8409090909090909,0.1590909090909091,0.75,1.0,1.0,0.39166666666666666,0.5007112375533429,0.0
20260629_152656_9d451bbc,20260629_152656_9d451bbc_g0057,57,2032796346,0,8,8,8,1,1,RED,pool_heuristic,0,3.0,[3],0,78,3,"{""1"": 78, ""2"": 73, ""3"": 118, ""4"": 85}",False,5.0,-18.0,9.0,0.0,3.0,0.0075,272.0,70.5,283.375,5.0,8.0,22.5,88.5,159.375,1413.0,288.375,2.0,19.0,78.0,1.0,1.0,2.0,6.0,9.0,1.0,1.0,1.0,8.0,8.0,0.1,0.09523809523809523,0.0032,0.0032,0.025,0.11363636363636363,0.8863636363636364,0.125,1.0,1.0,0.19166666666666668,0.2315789473684211,0.0
20260629_152656_9d451bbc,20260629_152656_9d451bbc_g0057,57,2032796346,0,8,8,8,1,2,BLUE,pool_l45_100ms,1,3.0,[3],0,73,4,"{""1"": 78, ""2"": 73, ""3"": 118, ""4"": 85}",False,5.0,-18.0,9.0,0.0,3.0,0.0075,327.0,76.25,309.5,5.0,8.0,24.0,95.0,177.5,1358.0,314.5,2.0,19.0,78.0,1.0,1.0,2.0,6.0,9.0,1.0,1.0,0.0,8.0,8.0,0.1,0.09523809523809523,0.0032,0.0032,0.025,0.11363636363636363,0.8863636363636364,0.125,1.0,1.0,0.19166666666666668,0.15263157894736834,0.0
20260629_152656_9d451bbc,20260629_152656_9d451bbc_g0057,57,2032796346,0,8,8,8,1,3,YELLOW,pool_peer_500ms,2,3.0,[3],1,118,1,"{""1"": 78, ""2"": 73, ""3"": 118, ""4"": 85}",False,9.0,-10.0,9.0,0.0,3.0,0.0075,543.0,122.625,488.75,9.0,15.0,41.25,153.5,270.0,1142.0,497.75,2.0,19.0,78.0,1.0,1.0,2.0,6.0,9.0,1.0,0.0,0.0,8.0,8.0,0.1,0.09523809523809523,0.0032,0.0032,0.025,0.11363636363636363,0.8863636363636364,0.225,1.0,1.0,0.15833333333333333,0.23684210526315785,0.0
20260629_152656_9d451bbc,20260629_152656_9d451bbc_g0057,57,2032796346,0,8,8,8,1,4,GREEN,champ_v3,3,3.0,[3],0,85,2,"{""1"": 78, ""2"": 73, ""3"": 118, ""4"": 85}",False,9.0,-10.0,9.0,0.0,3.0,0.0075,543.0,122.625,488.75,9.0,15.0,41.25,153.5,270.0,1142.0,497.75,2.0,19.0,78.0,1.0,1.0,2.0,6.0,9.0,1.0,0.0,0.0,8.0,8.0,0.1,0.09523809523809523,0.0032,0.0032,0.025,0.11363636363636363,0.8863636363636364,0.225,1.0,1.0,0.15833333333333333,0.23684210526315785,0.0
20260629_152656_9d451bbc,20260629_152656_9d451bbc_g0057,57,2032796346,1,16,16,16,1,1,RED,pool_heuristic,0,3.0,[3],0,78,3,"{""1"": 78, ""2"": 73, ""3"": 118, ""4"": 85}",False,13.0,-26.0,0.0,1.0,3.0,0.0075,520.0,145.125,561.875,12.0,19.0,54.0,205.0,271.875,1876.0,574.875,4.0,17.0,68.0,1.0,1.0,2.0,6.0,7.0,1.0,1.0,1.0,16.0,16.0,0.2,0.19047619047619047,0.0064,0.0064,0.05,0.22727272727272727,0.7727272727272727,0.325,1.0,1.0,0.325,0.47894736842105257,0.0
20260629_152656_9d451bbc,20260629_152656_9d451bbc_g0057,57,2032796346,1,16,16,16,1,2,BLUE,pool_l45_100ms,1,3.0,[3],0,73,4,"{""1"": 78, ""2"": 73, ""3"": 118, ""4"": 85}",False,9.0,-34.0,6.0,0.0,3.0,0.0075,523.0,121.375,472.5,9.0,16.0,45.0,177.5,225.0,1873.0,481.5,4.0,17.0,68.0,1.0,1.0,2.0,6.0,7.0,1.0,0.0,0.0,16.0,16.0,0.2,0.19047619047619047,0.0064,0.0064,0.05,0.22727272727272727,0.7727272727272727,0.225,1.0,1.0,0.35833333333333334,0.3263157894736842,0.0
20260629_152656_9d451bbc,20260629_152656_9d451bbc_g0057,57,2032796346,1,16,16,16,1,3,YELLOW,pool_peer_500ms,2,3.0,[3],1,118,1,"{""1"": 78, ""2"": 73, ""3"": 118, ""4"": 85}",False,16.0,-20.0,0.0,3.0,3.0,0.0075,713.0,178.0,691.375,14.0,24.0,66.75,248.5,338.125,1683.0,707.375,4.0,17.0,68.0,1.0,1.0,2.0,6.0,7.0,1.0,0.0,0.0,16.0,16.0,0.2,0.19047619047619047,0.0064,0.0064,0.05,0.22727272727272727,0.7727272727272727,0.4,1.0,1.0,0.3,0.49473684210526314,0.0
20260629_152656_9d451bbc,20260629_152656_9d451bbc_g0057,57,2032796346,1,16,16,16,1,4,GREEN,champ_v3,3,3.0,[3],0,85,2,"{""1"": 78, ""2"": 73, ""3"": 118, ""4"": 85}",False,14.0,-24.0,1.0,2.0,3.0,0.0075,640.0,154.0,588.125,14.0,22.0,59.25,213.5,279.375,1756.0,602.125,4.0,17.0,68.0,1.0,1.0,2.0,6.0,7.0,0.0,0.0,0.0,16.0,16.0,0.2,0.19047619047619047,0.0064,0.0064,0.05,0.22727272727272727,0.7727272727272727,0.35,1.0,1.0,0.31666666666666665,0.48684210526315785,0.0
20260629_152656_9d451bbc,20260629_152656_9d451bbc_g0057,57,2032796346,2,24,24,24,1,1,RED,pool_heuristic,0,3.0,[3],0,78,3,"{""1"": 78, ""2"": 73, ""3"": 118, ""4"": 85}",False,19.0,-32.0,0.0,8.0,7.0,0.0175,270.0,91.25,320.5,13.0,16.0,38.25,137.0,116.25,1108.0,339.5,6.0,15.0,58.0,1.0,1.0,2.0,6.0,5.0,1.0,1.0,1.0,24.0,24.0,0.3,0.2857142857142857,0.0096,0.0096,0.075,0.3409090909090909,0.6590909090909091,0.475,1.0,1.0,0.425,0.5473684210526316,0.0
20260629_152656_9d451bbc,20260629_152656_9d451bbc_g0057,57,2032796346,2,24,24,24,1,2,BLUE,pool_l45_100ms,1,3.0,[3],0,73,4,"{""1"": 78, ""2"": 73, ""3"": 118, ""4"": 85}",False,12.0,-46.0,1.0,5.0,7.0,0.0175,264.0,70.5,238.875,11.0,15.0,32.25,102.5,78.125,1114.0,250.875,6.0,15.0,58.0,1.0,1.0,2.0,6.0,5.0,0.0,0.0,0.0,24.0,24.0,0.3,0.2857142857142857,0.0096,0.0096,0.075,0.3409090909090909,0.6590909090909091,0.3,1.0,1.0,0.4833333333333333,0.4385964912280702,0.0
20260629_152656_9d451bbc,20260629_152656_9d451bbc_g0057,57,2032796346,2,24,24,24,1,3,YELLOW,pool_peer_500ms,2,3.0,[3],1,118,1,"{""1"": 78, ""2"": 73, ""3"": 118, ""4"": 85}",False,20.0,-30.0,0.0,9.0,7.0,0.0175,364.0,110.875,382.625,17.0,22.0,47.25,157.0,139.375,1014.0,402.625,6.0,15.0,58.0,1.0,1.0,2.0,6.0,5.0,1.0,0.0,0.0,24.0,24.0,0.3,0.2857142857142857,0.0096,0.0096,0.075,0.3409090909090909,0.6590909090909091,0.5,1.0,1.0,0.4166666666666667,0.5894736842105264,0.0
20260629_152656_9d451bbc,20260629_152656_9d451bbc_g0057,57,2032796346,2,24,24,24,1,4,GREEN,champ_v3,3,3.0,[3],0,85,2,"{""1"": 78, ""2"": 73, ""3"": 118, ""4"": 85}",False,19.0,-32.0,1.0,7.0,7.0,0.0175,480.0,128.5,440.0,19.0,25.0,59.25,198.0,138.75,898.0,459.0,6.0,15.0,58.0,1.0,1.0,2.0,6.0,5.0,0.0,0.0,0.0,24.0,24.0,0.3,0.2857142857142857,0.0096,0.0096,0.075,0.3409090909090909,0.6590909090909091,0.475,1.0,1.0,0.425,0.524561403508772,0.0
20260629_152656_9d451bbc,20260629_152656_9d451bbc_g0057,57,2032796346,3,32,32,32,1,1,RED,pool_heuristic,0,3.0,[3],0,78,3,"{""1"": 78, ""2"": 73, ""3"": 118, ""4"": 85}",False,22.0,-42.0,0.0,13.0,15.0,0.0375,104.0,42.375,111.5,14.0,12.0,20.25,51.5,13.75,651.0,133.5,8.0,13.0,48.0,1.0,1.0,2.0,6.0,3.0,1.0,0.0,0.0,32.0,32.0,0.3975,0.38095238095238093,0.0128,0.0128,0.1,0.45454545454545453,0.5454545454545454,0.55,1.0,1.0,0.5333333333333333,0.5157894736842106,0.0
20260629_152656_9d451bbc,20260629_152656_9d451bbc_g0057,57,2032796346,3,32,32,32,1,2,BLUE,pool_l45_100ms,1,3.0,[3],0,73,4,"{""1"": 78, ""2"": 73, ""3"": 118, ""4"": 85}",False,13.0,-60.0,1.0,11.0,15.0,0.0375,120.0,40.375,114.25,12.0,11.0,15.75,50.5,25.0,635.0,127.25,8.0,13.0,48.0,1.0,1.0,2.0,6.0,3.0,0.0,0.0,0.0,32.0,32.0,0.3975,0.38095238095238093,0.0128,0.0128,0.1,0.45454545454545453,0.5454545454545454,0.325,1.0,1.0,0.6083333333333333,0.4631578947368421,0.0
20260629_152656_9d451bbc,20260629_152656_9d451bbc_g0057,57,2032796346,3,32,32,32,1,3,YELLOW,pool_peer_500ms,2,3.0,[3],1,118,1,"{""1"": 78, ""2"": 73, ""3"": 118, ""4"": 85}",False,26.0,-34.0,0.0,17.0,15.0,0.0375,269.0,96.875,296.25,22.0,24.0,45.0,136.5,68.75,486.0,322.25,8.0,13.0,48.0,1.0,1.0,2.0,6.0,3.0,1.0,0.0,0.0,32.0,32.0,0.3975,0.38095238095238093,0.0128,0.0128,0.1,0.45454545454545453,0.5454545454545454,0.65,1.0,1.0,0.5,0.5710526315789474,0.0
20260629_152656_9d451bbc,20260629_152656_9d451bbc_g0057,57,2032796346,3,32,32,32,1,4,GREEN,champ_v3,3,3.0,[3],0,85,2,"{""1"": 78, ""2"": 73, ""3"": 118, ""4"": 85}",False,25.0,-36.0,1.0,9.0,15.0,0.0375,262.0,91.875,261.5,24.0,28.0,51.0,103.5,55.0,493.0,286.5,8.0,13.0,49.0,1.0,1.0,2.0,5.0,4.0,0.0,0.0,0.0,32.0,32.0,0.3975,0.38095238095238093,0.0128,0.0128,0.0975,0.4431818181818182,0.5568181818181818,0.625,1.0,1.0,0.5083333333333333,0.5222672064777327,0.0
20260629_152656_9d451bbc,20260629_152656_9d451bbc_g0057,57,2032796346,4,40,40,40,1,1,RED,pool_heuristic,0,3.0,[3],0,78,3,"{""1"": 78, ""2"": 73, ""3"": 118, ""4"": 85}",False,19.0,-50.0,0.0,23.0,20.0,0.05,18.0,12.75,23.75,8.0,3.0,3.75,4.0,5.0,300.0,42.75,10.0,11.0,40.0,1.0,1.0,2.0,4.0,3.0,1.0,0.0,0.0,40.0,40.0,0.4875,0.47619047619047616,0.016,0.016,0.12,0.5454545454545454,0.45454545454545453,0.475,1.0,1.0,0.575,0.5274122807017545,0.0
20260629_152656_9d451bbc,20260629_152656_9d451bbc_g0057,57,2032796346,4,40,40,40,1,2,BLUE,pool_l45_100ms,1,3.0,[3],0,73,4,"{""1"": 78, ""2"": 73, ""3"": 118, ""4"": 85}",False,11.0,-66.0,1.0,15.0,20.0,0.05,25.0,16.25,25.75,10.0,8.0,3.75,4.0,0.0,293.0,36.75,10.0,11.0,38.0,1.0,1.0,2.0,6.0,1.0,0.0,0.0,0.0,40.0,40.0,0.4875,0.47619047619047616,0.016,0.016,0.125,0.5681818181818182,0.4318181818181818,0.275,0.55,1.0,0.6416666666666667,0.4547368421052632,0.0
20260629_152656_9d451bbc,20260629_152656_9d451bbc_g0057,57,2032796346,4,40,40,40,1,3,YELLOW,pool_peer_500ms,2,3.0,[3],1,118,1,"{""1"": 78, ""2"": 73, ""3"": 118, ""4"": 85}",False,31.0,-26.0,0.0,30.0,20.0,0.05,108.0,50.0,110.75,22.0,17.0,24.0,39.0,8.75,210.0,141.75,10.0,11.0,39.0,1.0,1.0,2.0,5.0,2.0,1.0,0.0,0.0,40.0,40.0,0.4875,0.47619047619047616,0.016,0.016,0.1225,0.5568181818181818,0.4431818181818182,0.775,1.0,1.0,0.475,0.5800214822771214,0.0
20260629_152656_9d451bbc,20260629_152656_9d451bbc_g0057,57,2032796346,4,40,40,40,1,4,GREEN,champ_v3,3,3.0,[3],0,85,2,"{""1"": 78, ""2"": 73, ""3"": 118, ""4"": 85}",False,27.0,-34.0,1.0,16.0,20.0,0.05,167.0,70.125,171.375,25.0,26.0,40.5,53.0,26.875,151.0,198.375,10.0,11.0,40.0,1.0,1.0,2.0,4.0,3.0,0.0,0.0,0.0,40.0,40.0,0.4875,0.47619047619047616,0.016,0.016,0.12,0.5454545454545454,0.45454545454545453,0.675,1.0,1.0,0.5083333333333333,0.5208333333333334,0.0
20260629_152656_9d451bbc,20260629_152656_9d451bbc_g0057,57,2032796346,5,48,48,48,1,1,RED,pool_heuristic,0,3.0,[3],0,78,3,"{""1"": 78, ""2"": 73, ""3"": 118, ""4"": 85}",False,19.0,-41.0,0.0,33.0,37.0,0.0925,12.0,9.125,13.0,7.0,2.0,1.5,2.5,0.0,110.0,32.0,12.0,9.0,30.0,1.0,1.0,2.0,4.0,1.0,1.0,0.0,0.0,48.0,48.0,0.5775,0.5714285714285714,0.0192,0.0192,0.145,0.6590909090909091,0.3409090909090909,0.475,0.5,1.0,0.5,0.5090744101633393,0.0
20260629_152656_9d451bbc,20260629_152656_9d451bbc_g0057,57,2032796346,5,48,48,48,1,2,BLUE,pool_l45_100ms,1,3.0,[3],0,73,4,"{""1"": 78, ""2"": 73, ""3"": 118, ""4"": 85}",False,7.0,-65.0,1.0,23.0,37.0,0.0925,11.0,8.25,10.75,6.0,4.0,0.75,0.0,0.0,111.0,17.75,12.0,9.0,30.0,1.0,1.0,2.0,4.0,1.0,0.0,0.0,0.0,48.0,48.0,0.5775,0.5714285714285714,0.0192,0.0192,0.145,0.6590909090909091,0.3409090909090909,0.175,0.35,1.0,0.6,0.44555353901996364,0.0
20260629_152656_9d451bbc,20260629_152656_9d451bbc_g0057,57,2032796346,5,48,48,48,1,3,YELLOW,pool_peer_500ms,2,3.0,[3],1,118,1,"{""1"": 78, ""2"": 73, ""3"": 118, ""4"": 85}",False,30.0,-19.0,0.0,38.0,37.0,0.0925,51.0,32.375,54.5,20.0,12.0,10.5,9.5,2.5,71.0,84.5,12.0,9.0,30.0,1.0,1.0,2.0,4.0,1.0,0.0,0.0,0.0,48.0,48.0,0.5775,0.5714285714285714,0.0192,0.0192,0.145,0.6590909090909091,0.3409090909090909,0.75,1.0,1.0,0.4083333333333333,0.5598911070780399,0.0
20260629_152656_9d451bbc,20260629_152656_9d451bbc_g0057,57,2032796346,5,48,48,48,1,4,GREEN,champ_v3,3,3.0,[3],0,85,2,"{""1"": 78, ""2"": 73, ""3"": 118, ""4"": 85}",False,23.0,-33.0,1.0,21.0,37.0,0.0925,48.0,30.125,48.0,18.0,14.0,13.5,2.5,0.0,74.0,71.0,12.0,9.0,31.0,1.0,1.0,2.0,3.0,2.0,0.0,0.0,0.0,48.0,48.0,0.5775,0.5714285714285714,0.0192,0.0192,0.1425,0.6477272727272727,0.3522727272727273,0.575,1.0,1.0,0.4666666666666667,0.49399815327793173,0.0
20260629_152656_9d451bbc,20260629_152656_9d451bbc_g0057,57,2032796346,6,56,56,56,1,1,RED,pool_heuristic,0,3.0,[3],0,78,3,"{""1"": 78, ""2"": 73, ""3"": 118, ""4"": 85}",False,19.0,-29.0,0.0,40.0,47.0,0.1175,1.0,0.5,1.0,0.0,1.0,0.0,0.0,0.0,49.0,20.0,14.0,7.0,25.0,0.0,1.0,2.0,3.0,1.0,1.0,0.0,0.0,56.0,56.0,0.64,0.6666666666666666,0.0224,0.0224,0.1575,0.7159090909090909,0.2840909090909091,0.475,0.2833333333333333,1.0,0.4,0.48955722639933175,0.0
20260629_152656_9d451bbc,20260629_152656_9d451bbc_g0057,57,2032796346,6,56,56,56,1,2,BLUE,pool_l45_100ms,1,3.0,[3],0,73,4,"{""1"": 78, ""2"": 73, ""3"": 118, ""4"": 85}",False,5.0,-57.0,1.0,27.0,47.0,0.1175,4.0,4.0,4.0,4.0,0.0,0.0,0.0,0.0,46.0,9.0,14.0,7.0,25.0,1.0,0.0,1.0,4.0,1.0,0.0,0.0,0.0,56.0,56.0,0.64,0.6666666666666666,0.0224,0.0224,0.1575,0.7159090909090909,0.2840909090909091,0.125,0.21666666666666667,1.0,0.5166666666666667,0.4494569757727652,0.0
20260629_152656_9d451bbc,20260629_152656_9d451bbc_g0057,57,2032796346,6,56,56,56,1,3,YELLOW,pool_peer_500ms,2,3.0,[3],1,118,1,"{""1"": 78, ""2"": 73, ""3"": 118, ""4"": 85}",False,27.0,-13.0,0.0,46.0,47.0,0.1175,34.0,22.625,33.25,16.0,7.0,6.75,3.5,0.0,16.0,60.25,14.0,7.0,22.0,1.0,1.0,2.0,2.0,1.0,0.0,0.0,0.0,56.0,56.0,0.64,0.6666666666666666,0.0224,0.0224,0.165,0.75,0.25,0.675,1.0,1.0,0.33333333333333337,0.5318979266347688,0.0
20260629_152656_9d451bbc,20260629_152656_9d451bbc_g0057,57,2032796346,6,56,56,56,1,4,GREEN,champ_v3,3,3.0,[3],0,85,2,"{""1"": 78, ""2"": 73, ""3"": 118, ""4"": 85}",False,16.0,-35.0,1.0,26.0,47.0,0.1175,11.0,8.75,10.75,7.0,3.0,0.75,0.0,0.0,39.0,26.75,14.0,7.0,24.0,1.0,1.0,1.0,2.0,2.0,0.0,0.0,0.0,56.0,56.0,0.64,0.6666666666666666,0.0224,0.0224,0.16,0.7272727272727273,0.2727272727272727,0.4,0.7166666666666667,1.0,0.425,0.48519736842105265,0.0
20260629_152656_9d451bbc,20260629_152656_9d451bbc_g0057,57,2032796346,7,64,64,68,1,1,RED,pool_heuristic,0,3.0,[3],0,78,3,"{""1"": 78, ""2"": 73, ""3"": 118, ""4"": 85}",False,17.0,-30.0,0.0,44.0,51.0,0.1275,0.0,0.0,0.0,0.0,0.0,0.0,0.0,0.0,22.0,17.0,15.0,6.0,23.0,0.0,0.0,2.0,3.0,1.0,1.0,0.0,0.0,64.0,68.0,0.6875,0.7142857142857143,0.0272,0.0256,0.1625,0.7386363636363636,0.26136363636363635,0.425,0.21666666666666667,1.0,0.39166666666666666,0.49473684210526314,0.0
20260629_152656_9d451bbc,20260629_152656_9d451bbc_g0057,57,2032796346,7,64,64,68,1,2,BLUE,pool_l45_100ms,1,3.0,[3],0,73,4,"{""1"": 78, ""2"": 73, ""3"": 118, ""4"": 85}",False,4.0,-56.0,1.0,36.0,51.0,0.1275,0.0,0.0,0.0,0.0,0.0,0.0,0.0,0.0,22.0,4.0,15.0,6.0,24.0,0.0,0.0,1.0,4.0,1.0,0.0,0.0,0.0,64.0,68.0,0.6875,0.7142857142857143,0.0272,0.0256,0.16,0.7272727272727273,0.2727272727272727,0.1,0.15,1.0,0.5,0.44901315789473684,0.0
20260629_152656_9d451bbc,20260629_152656_9d451bbc_g0057,57,2032796346,7,64,64,68,1,3,YELLOW,pool_peer_500ms,2,3.0,[3],1,118,1,"{""1"": 78, ""2"": 73, ""3"": 118, ""4"": 85}",False,26.0,-12.0,0.0,59.0,51.0,0.1275,21.0,16.0,20.5,14.0,0.0,4.5,2.0,0.0,1.0,46.5,17.0,4.0,13.0,1.0,0.0,1.0,1.0,1.0,0.0,0.0,0.0,64.0,68.0,0.6875,0.8095238095238095,0.0272,0.0256,0.1875,0.8522727272727273,0.14772727272727273,0.65,0.9666666666666667,1.0,0.31666666666666665,0.536140350877193,0.0
20260629_152656_9d451bbc,20260629_152656_9d451bbc_g0057,57,2032796346,7,64,64,68,1,4,GREEN,champ_v3,3,3.0,[3],0,85,2,"{""1"": 78, ""2"": 73, ""3"": 118, ""4"": 85}",False,17.0,-30.0,1.0,35.0,51.0,0.1275,1.0,0.25,0.75,0.0,0.0,0.75,0.0,0.0,21.0,17.75,17.0,4.0,17.0,0.0,0.0,1.0,1.0,2.0,0.0,0.0,0.0,64.0,68.0,0.6875,0.8095238095238095,0.0272,0.0256,0.1775,0.8068181818181818,0.19318181818181818,0.425,0.6166666666666667,1.0,0.39166666666666666,0.4759080800593032,0.0
20260629_152656_9d451bbc,20260629_152656_9d451bbc_g0058,58,400128631,0,8,8,8,1,1,RED,pool_l45_100ms,0,2.0,[2],0,75,4,"{""1"": 75, ""2"": 99, ""3"": 93, ""4"": 89}",False,6.0,-20.0,9.0,0.0,1.0,0.0025,388.0,90.5,366.25,6.0,10.0,28.5,113.0,208.75,1571.0,372.25,2.0,19.0,78.0,1.0,1.0,2.0,6.0,9.0,1.0,1.0,0.0,8.0,8.0,0.1,0.09523809523809523,0.0032,0.0032,0.025,0.11363636363636363,0.8863636363636364,0.15,1.0,1.0,0.21666666666666665,0.20526315789473681,0.0
20260629_152656_9d451bbc,20260629_152656_9d451bbc_g0058,58,400128631,0,8,8,8,1,2,BLUE,pool_peer_500ms,1,2.0,[2],1,99,1,"{""1"": 75, ""2"": 99, ""3"": 93, ""4"": 89}",False,9.0,-14.0,9.0,0.0,1.0,0.0025,543.0,122.625,488.75,9.0,15.0,41.25,153.5,270.0,1416.0,497.75,2.0,19.0,78.0,1.0,1.0,2.0,6.0,9.0,1.0,0.0,0.0,8.0,8.0,0.1,0.09523809523809523,0.0032,0.0032,0.025,0.11363636363636363,0.8863636363636364,0.225,1.0,1.0,0.19166666666666668,0.23684210526315785,0.0
20260629_152656_9d451bbc,20260629_152656_9d451bbc_g0058,58,400128631,0,8,8,8,1,3,YELLOW,champ_v3,2,2.0,[2],0,93,2,"{""1"": 75, ""2"": 99, ""3"": 93, ""4"": 89}",False,9.0,-14.0,9.0,0.0,1.0,0.0025,543.0,122.625,488.75,9.0,15.0,41.25,153.5,270.0,1416.0,497.75,2.0,19.0,78.0,1.0,1.0,2.0,6.0,9.0,1.0,0.0,0.0,8.0,8.0,0.1,0.09523809523809523,0.0032,0.0032,0.025,0.11363636363636363,0.8863636363636364,0.225,1.0,1.0,0.19166666666666668,0.23684210526315785,0.0
20260629_152656_9d451bbc,20260629_152656_9d451bbc_g0058,58,400128631,0,8,8,8,1,4,GREEN,pool_heuristic,3,2.0,[2],0,89,3,"{""1"": 75, ""2"": 99, ""3"": 93, ""4"": 89}",False,8.0,-16.0,9.0,0.0,1.0,0.0025,485.0,119.125,478.125,8.0,14.0,39.75,152.0,264.375,1474.0,486.125,2.0,19.0,78.0,1.0,1.0,2.0,6.0,9.0,1.0,0.0,1.0,8.0,8.0,0.1,0.09523809523809523,0.0032,0.0032,0.025,0.11363636363636363,0.8863636363636364,0.2,1.0,1.0,0.2,0.2315789473684211,0.0
20260629_152656_9d451bbc,20260629_152656_9d451bbc_g0058,58,400128631,1,16,16,16,1,1,RED,pool_l45_100ms,0,2.0,[2],0,75,4,"{""1"": 75, ""2"": 99, ""3"": 93, ""4"": 89}",False,10.0,-33.0,7.0,0.0,1.0,0.0025,526.0,122.25,471.75,10.0,17.0,45.0,176.0,223.75,1847.0,481.75,4.0,17.0,68.0,1.0,1.0,2.0,6.0,7.0,1.0,0.0,0.0,16.0,16.0,0.2,0.19047619047619047,0.0064,0.0064,0.05,0.22727272727272727,0.7727272727272727,0.25,1.0,1.0,0.35833333333333334,0.3236842105263158,0.0
20260629_152656_9d451bbc,20260629_152656_9d451bbc_g0058,58,400128631,1,16,16,16,1,2,BLUE,pool_peer_500ms,1,2.0,[2],1,99,1,"{""1"": 75, ""2"": 99, ""3"": 93, ""4"": 89}",False,16.0,-21.0,0.0,0.0,1.0,0.0025,808.0,202.875,785.0,16.0,28.0,78.0,285.5,377.5,1565.0,801.0,4.0,17.0,68.0,1.0,1.0,2.0,6.0,7.0,1.0,0.0,0.0,16.0,16.0,0.2,0.19047619047619047,0.0064,0.0064,0.05,0.22727272727272727,0.7727272727272727,0.4,1.0,1.0,0.30833333333333335,0.49473684210526314,0.0
20260629_152656_9d451bbc,20260629_152656_9d451bbc_g0058,58,400128631,1,16,16,16,1,3,YELLOW,champ_v3,2,2.0,[2],0,93,2,"{""1"": 75, ""2"": 99, ""3"": 93, ""4"": 89}",False,14.0,-25.0,2.0,2.0,1.0,0.0025,560.0,142.5,545.25,13.0,20.0,54.75,195.0,262.5,1813.0,559.25,4.0,17.0,68.0,1.0,1.0,2.0,6.0,7.0,1.0,0.0,0.0,16.0,16.0,0.2,0.19047619047619047,0.0064,0.0064,0.05,0.22727272727272727,0.7727272727272727,0.35,1.0,1.0,0.325,0.4710526315789473,0.0
20260629_152656_9d451bbc,20260629_152656_9d451bbc_g0058,58,400128631,1,16,16,16,1,4,GREEN,pool_heuristic,3,2.0,[2],0,89,3,"{""1"": 75, ""2"": 99, ""3"": 93, ""4"": 89}",False,13.0,-27.0,4.0,2.0,1.0,0.0025,479.0,136.0,517.75,12.0,20.0,53.25,195.0,237.5,1894.0,530.75,4.0,17.0,68.0,1.0,1.0,2.0,6.0,7.0,1.0,0.0,1.0,16.0,16.0,0.2,0.19047619047619047,0.0064,0.0064,0.05,0.22727272727272727,0.7727272727272727,0.325,1.0,1.0,0.33333333333333337,0.42894736842105263,0.0
20260629_152656_9d451bbc,20260629_152656_9d451bbc_g0058,58,400128631,2,24,24,24,1,1,RED,pool_l45_100ms,0,2.0,[2],0,75,4,"{""1"": 75, ""2"": 99, ""3"": 93, ""4"": 89}",False,15.0,-41.0,4.0,0.0,1.0,0.0025,409.0,103.5,359.5,15.0,20.0,44.25,154.0,126.25,1037.0,374.5,6.0,15.0,58.0,1.0,1.0,2.0,6.0,5.0,0.0,0.0,0.0,24.0,24.0,0.2975,0.2857142857142857,0.0096,0.0096,0.075,0.3409090909090909,0.6590909090909091,0.375,1.0,1.0,0.4666666666666667,0.4035087719298245,0.0
20260629_152656_9d451bbc,20260629_152656_9d451bbc_g0058,58,400128631,2,24,24,24,1,2,BLUE,pool_peer_500ms,1,2.0,[2],1,99,1,"{""1"": 75, ""2"": 99, ""3"": 93, ""4"": 89}",False,20.0,-31.0,0.0,6.0,1.0,0.0025,530.0,148.75,528.25,18.0,28.0,69.0,222.0,191.25,916.0,548.25,6.0,15.0,58.0,1.0,1.0,2.0,6.0,5.0,0.0,0.0,0.0,24.0,24.0,0.2975,0.2857142857142857,0.0096,0.0096,0.075,0.3409090909090909,0.6590909090909091,0.5,1.0,1.0,0.425,0.5666666666666667,0.0
20260629_152656_9d451bbc,20260629_152656_9d451bbc_g0058,58,400128631,2,24,24,24,1,3,YELLOW,champ_v3,2,2.0,[2],0,93,2,"{""1"": 75, ""2"": 99, ""3"": 93, ""4"": 89}",False,20.0,-31.0,2.0,7.0,1.0,0.0025,336.0,95.625,325.5,16.0,21.0,43.5,112.5,132.5,1110.0,345.5,6.0,15.0,59.0,1.0,1.0,2.0,5.0,6.0,1.0,0.0,0.0,24.0,24.0,0.2975,0.2857142857142857,0.0096,0.0096,0.0725,0.32954545454545453,0.6704545454545454,0.5,1.0,1.0,0.425,0.52994555353902,0.0
20260629_152656_9d451bbc,20260629_152656_9d451bbc_g0058,58,400128631,2,24,24,24,1,4,GREEN,pool_heuristic,3,2.0,[2],0,89,3,"{""1"": 75, ""2"": 99, ""3"": 93, ""4"": 89}",False,16.0,-39.0,4.0,2.0,1.0,0.0025,171.0,61.25,179.875,15.0,18.0,30.0,77.5,39.375,1275.0,195.875,6.0,15.0,58.0,1.0,1.0,2.0,6.0,5.0,1.0,0.0,1.0,24.0,24.0,0.2975,0.2857142857142857,0.0096,0.0096,0.075,0.3409090909090909,0.6590909090909091,0.4,1.0,1.0,0.4583333333333333,0.43508771929824563,0.0
20260629_152656_9d451bbc,20260629_152656_9d451bbc_g0058,58,400128631,3,32,32,32,1,1,RED,pool_l45_100ms,0,2.0,[2],0,75,4,"{""1"": 75, ""2"": 99, ""3"": 93, ""4"": 89}",False,17.0,-50.0,4.0,11.0,5.0,0.0125,150.0,49.75,143.375,14.0,11.0,23.25,69.5,25.625,660.0,160.375,8.0,13.0,48.0,1.0,1.0,2.0,6.0,3.0,0.0,0.0,0.0,32.0,32.0,0.3925,0.38095238095238093,0.0128,0.0128,0.1,0.45454545454545453,0.5454545454545454,0.425,1.0,1.0,0.5583333333333333,0.4565789473684211,0.0
20260629_152656_9d451bbc,20260629_152656_9d451bbc_g0058,58,400128631,3,32,32,32,1,2,BLUE,pool_peer_500ms,1,2.0,[2],1,99,1,"{""1"": 75, ""2"": 99, ""3"": 93, ""4"": 89}",False,25.0,-34.0,0.0,13.0,5.0,0.0125,331.0,104.25,321.75,21.0,28.0,61.5,130.0,81.25,479.0,346.75,8.0,13.0,49.0,1.0,1.0,2.0,5.0,4.0,0.0,0.0,0.0,32.0,32.0,0.3925,0.38095238095238093,0.0128,0.0128,0.0975,0.4431818181818182,0.5568181818181818,0.625,1.0,1.0,0.4916666666666667,0.582995951417004,0.0
20260629_152656_9d451bbc,20260629_152656_9d451bbc_g0058,58,400128631,3,32,32,32,1,3,YELLOW,champ_v3,2,2.0,[2],0,93,2,"{""1"": 75, ""2"": 99, ""3"": 93, ""4"": 89}",False,23.0,-38.0,2.0,12.0,5.0,0.0125,235.0,78.875,240.875,19.0,22.0,39.0,74.0,86.875,575.0,263.875,8.0,13.0,50.0,1.0,1.0,2.0,4.0,5.0,1.0,0.0,0.0,32.0,32.0,0.3925,0.38095238095238093,0.0128,0.0128,0.095,0.4318181818181818,0.5681818181818182,0.575,1.0,1.0,0.5083333333333333,0.5332409972299169,0.0
20260629_152656_9d451bbc,20260629_152656_9d451bbc_g0058,58,400128631,3,32,32,32,1,4,GREEN,pool_heuristic,3,2.0,[2],0,89,3,"{""1"": 75, ""2"": 99, ""3"": 93, ""4"": 89}",False,19.0,-46.0,3.0,10.0,5.0,0.0125,94.0,43.0,107.0,15.0,15.0,22.5,42.0,12.5,716.0,126.0,8.0,13.0,48.0,1.0,1.0,2.0,6.0,3.0,1.0,0.0,1.0,32.0,32.0,0.3925,0.38095238095238093,0.0128,0.0128,0.1,0.45454545454545453,0.5454545454545454,0.475,1.0,1.0,0.5416666666666667,0.4842105263157894,0.0
20260629_152656_9d451bbc,20260629_152656_9d451bbc_g0058,58,400128631,4,40,40,40,1,1,RED,pool_l45_100ms,0,2.0,[2],0,75,4,"{""1"": 75, ""2"": 99, ""3"": 93, ""4"": 89}",False,18.0,-57.0,4.0,16.0,10.0,0.025,51.0,26.75,53.375,14.0,8.0,11.25,19.5,0.625,450.0,71.375,10.0,11.0,38.0,1.0,1.0,2.0,6.0,1.0,0.0,0.0,0.0,40.0,40.0,0.48,0.47619047619047616,0.016,0.016,0.125,0.5681818181818182,0.4318181818181818,0.45,1.0,1.0,0.625,0.44842105263157894,0.0
20260629_152656_9d451bbc,20260629_152656_9d451bbc_g0058,58,400128631,4,40,40,40,1,2,BLUE,pool_peer_500ms,1,2.0,[2],1,99,1,"{""1"": 75, ""2"": 99, ""3"": 93, ""4"": 89}",False,29.0,-35.0,0.0,28.0,10.0,0.025,215.0,78.0,213.75,20.0,26.0,48.75,99.0,20.0,286.0,242.75,10.0,11.0,39.0,1.0,1.0,2.0,5.0,2.0,0.0,0.0,0.0,40.0,40.0,0.48,0.47619047619047616,0.016,0.016,0.1225,0.5568181818181818,0.4431818181818182,0.725,1.0,1.0,0.5333333333333333,0.5789473684210527,0.0
20260629_152656_9d451bbc,20260629_152656_9d451bbc_g0058,58,400128631,4,40,40,40,1,3,YELLOW,champ_v3,2,2.0,[2],0,93,2,"{""1"": 75, ""2"": 99, ""3"": 93, ""4"": 89}",False,24.0,-45.0,2.0,21.0,10.0,0.025,170.0,58.0,179.25,18.0,0.0,38.25,53.0,70.0,331.0,203.25,10.0,11.0,44.0,1.0,0.0,2.0,3.0,5.0,1.0,0.0,0.0,40.0,40.0,0.48,0.47619047619047616,0.016,0.016,0.11,0.5,0.5,0.6,1.0,1.0,0.575,0.5586124401913876,0.0
20260629_152656_9d451bbc,20260629_152656_9d451bbc_g0058,58,400128631,4,40,40,40,1,4,GREEN,pool_heuristic,3,2.0,[2],0,89,3,"{""1"": 75, ""2"": 99, ""3"": 93, ""4"": 89}",False,22.0,-49.0,0.0,24.0,10.0,0.025,65.0,33.875,72.75,15.0,13.0,17.25,22.5,5.0,436.0,94.75,10.0,11.0,39.0,1.0,1.0,2.0,5.0,2.0,1.0,0.0,0.0,40.0,40.0,0.48,0.47619047619047616,0.016,0.016,0.1225,0.5568181818181818,0.4431818181818182,0.55,1.0,1.0,0.5916666666666667,0.556390977443609,0.0
20260629_152656_9d451bbc,20260629_152656_9d451bbc_g0058,58,400128631,5,48,48,48,1,1,RED,pool_l45_100ms,0,2.0,[2],0,75,4,"{""1"": 75, ""2"": 99, ""3"": 93, ""4"": 89}",False,18.0,-62.0,4.0,27.0,19.0,0.0475,22.0,15.75,24.5,11.0,4.0,4.5,5.0,0.0,289.0,42.5,12.0,9.0,29.0,1.0,1.0,2.0,5.0,0.0,0.0,0.0,0.0,48.0,48.0,0.5725,0.5714285714285714,0.0192,0.0192,0.1475,0.6704545454545454,0.32954545454545453,0.45,0.8333333333333334,0.8,0.6666666666666667,0.42462087421944694,0.0
20260629_152656_9d451bbc,20260629_152656_9d451bbc_g0058,58,400128631,5,48,48,48,1,2,BLUE,pool_peer_500ms,1,2.0,[2],1,99,1,"{""1"": 75, ""2"": 99, ""3"": 93, ""4"": 89}",False,32.0,-34.0,0.0,36.0,19.0,0.0475,133.0,60.625,140.5,23.0,22.0,37.5,50.5,7.5,178.0,172.5,12.0,9.0,30.0,1.0,1.0,2.0,4.0,1.0,0.0,0.0,0.0,48.0,48.0,0.5725,0.5714285714285714,0.0192,0.0192,0.145,0.6590909090909091,0.3409090909090909,0.8,1.0,1.0,0.55,0.5471869328493648,0.0
20260629_152656_9d451bbc,20260629_152656_9d451bbc_g0058,58,400128631,5,48,48,48,1,3,YELLOW,champ_v3,2,2.0,[2],0,93,2,"{""1"": 75, ""2"": 99, ""3"": 93, ""4"": 89}",False,26.0,-46.0,1.0,36.0,19.0,0.0475,105.0,42.375,120.875,16.0,0.0,29.25,30.0,45.625,206.0,146.875,12.0,9.0,35.0,1.0,0.0,2.0,2.0,4.0,0.0,0.0,0.0,48.0,48.0,0.5725,0.5714285714285714,0.0192,0.0192,0.1325,0.6022727272727273,0.3977272727272727,0.65,1.0,1.0,0.6,0.6027805362462761,0.0
20260629_152656_9d451bbc,20260629_152656_9d451bbc_g0058,58,400128631,5,48,48,48,1,4,GREEN,pool_heuristic,3,2.0,[2],0,89,3,"{""1"": 75, ""2"": 99, ""3"": 93, ""4"": 89}",False,22.0,-54.0,0.0,36.0,19.0,0.0475,51.0,25.75,51.5,13.0,9.0,10.5,19.0,0.0,260.0,73.5,12.0,9.0,29.0,1.0,1.0,2.0,5.0,0.0,0.0,0.0,0.0,48.0,48.0,0.5725,0.5714285714285714,0.0192,0.0192,0.1475,0.6704545454545454,0.32954545454545453,0.55,1.0,0.8,0.6333333333333333,0.520963425512935,0.0
20260629_152656_9d451bbc,20260629_152656_9d451bbc_g0058,58,400128631,6,56,56,56,1,1,RED,pool_l45_100ms,0,2.0,[2],0,75,4,"{""1"": 75, ""2"": 99, ""3"": 93, ""4"": 89}",False,14.0,-60.0,4.0,38.0,32.0,0.08,8.0,7.5,8.0,7.0,1.0,0.0,0.0,0.0,112.0,22.0,14.0,7.0,21.0,1.0,1.0,2.0,3.0,0.0,0.0,0.0,0.0,56.0,56.0,0.6575,0.6666666666666666,0.0224,0.0224,0.1675,0.7613636363636364,0.23863636363636365,0.35,0.5,0.8,0.6166666666666667,0.39512961508248234,0.0
20260629_152656_9d451bbc,20260629_152656_9d451bbc_g0058,58,400128631,6,56,56,56,1,2,BLUE,pool_peer_500ms,1,2.0,[2],1,99,1,"{""1"": 75, ""2"": 99, ""3"": 93, ""4"": 89}",False,31.0,-26.0,0.0,51.0,32.0,0.08,69.0,40.5,80.0,19.0,17.0,25.5,16.0,2.5,51.0,111.0,14.0,7.0,22.0,1.0,1.0,2.0,2.0,1.0,0.0,0.0,0.0,56.0,56.0,0.6575,0.6666666666666666,0.0224,0.0224,0.165,0.75,0.25,0.775,1.0,1.0,0.475,0.5430622009569378,0.0
20260629_152656_9d451bbc,20260629_152656_9d451bbc_g0058,58,400128631,6,56,56,56,1,3,YELLOW,champ_v3,2,2.0,[2],0,93,2,"{""1"": 75, ""2"": 99, ""3"": 93, ""4"": 89}",False,22.0,-44.0,1.0,45.0,32.0,0.08,29.0,16.625,31.125,11.0,0.0,9.0,8.0,3.125,91.0,53.125,14.0,7.0,25.0,1.0,0.0,2.0,2.0,2.0,0.0,0.0,0.0,56.0,56.0,0.6575,0.6666666666666666,0.0224,0.0224,0.1575,0.7159090909090909,0.2840909090909091,0.55,1.0,1.0,0.55,0.5873015873015873,0.0
20260629_152656_9d451bbc,20260629_152656_9d451bbc_g0058,58,400128631,6,56,56,56,1,4,GREEN,pool_heuristic,3,2.0,[2],0,89,3,"{""1"": 75, ""2"": 99, ""3"": 93, ""4"": 89}",False,21.0,-46.0,0.0,44.0,32.0,0.08,14.0,11.5,14.5,9.0,4.0,1.5,0.0,0.0,106.0,35.5,14.0,7.0,21.0,1.0,1.0,2.0,3.0,0.0,0.0,0.0,0.0,56.0,56.0,0.6575,0.6666666666666666,0.0224,0.0224,0.1675,0.7613636363636364,0.23863636363636365,0.525,1.0,0.8,0.5583333333333333,0.4909662215239592,0.0
20260629_152656_9d451bbc,20260629_152656_9d451bbc_g0058,58,400128631,7,64,64,64,1,1,RED,pool_l45_100ms,0,2.0,[2],0,75,4,"{""1"": 75, ""2"": 99, ""3"": 93, ""4"": 89}",False,12.0,-55.0,4.0,42.0,42.0,0.105,0.0,0.0,0.0,0.0,0.0,0.0,0.0,0.0,35.0,12.0,16.0,5.0,18.0,0.0,0.0,2.0,3.0,0.0,0.0,0.0,0.0,64.0,64.0,0.715,0.7619047619047619,0.0256,0.0256,0.175,0.7954545454545454,0.20454545454545456,0.3,0.3333333333333333,0.8,0.5583333333333333,0.3977443609022556,0.0
20260629_152656_9d451bbc,20260629_152656_9d451bbc_g0058,58,400128631,7,64,64,64,1,2,BLUE,pool_peer_500ms,1,2.0,[2],1,99,1,"{""1"": 75, ""2"": 99, ""3"": 93, ""4"": 89}",False,28.0,-23.0,0.0,57.0,42.0,0.105,19.0,16.0,22.5,12.0,5.0,1.5,4.0,0.0,16.0,50.5,16.0,5.0,14.0,1.0,1.0,1.0,2.0,0.0,0.0,0.0,0.0,64.0,64.0,0.715,0.7619047619047619,0.0256,0.0256,0.185,0.8409090909090909,0.1590909090909091,0.7,0.8833333333333333,0.8,0.425,0.5135135135135135,0.0
20260629_152656_9d451bbc,20260629_152656_9d451bbc_g0058,58,400128631,7,64,64,64,1,3,YELLOW,champ_v3,2,2.0,[2],0,93,2,"{""1"": 75, ""2"": 99, ""3"": 93, ""4"": 89}",False,19.0,-41.0,1.0,55.0,42.0,0.105,16.0,10.75,14.75,9.0,0.0,4.5,0.0,1.25,19.0,33.75,16.0,5.0,16.0,1.0,0.0,2.0,1.0,1.0,0.0,0.0,0.0,64.0,64.0,0.715,0.7619047619047619,0.0256,0.0256,0.18,0.8181818181818182,0.18181818181818182,0.475,0.8333333333333334,1.0,0.5,0.5577485380116959,0.0
20260629_152656_9d451bbc,20260629_152656_9d451bbc_g0058,58,400128631,7,64,64,64,1,4,GREEN,pool_heuristic,3,2.0,[2],0,89,3,"{""1"": 75, ""2"": 99, ""3"": 93, ""4"": 89}",False,20.0,-39.0,0.0,51.0,42.0,0.105,0.0,0.0,0.0,0.0,0.0,0.0,0.0,0.0,35.0,20.0,16.0,5.0,18.0,0.0,0.0,2.0,3.0,0.0,0.0,0.0,0.0,64.0,64.0,0.715,0.7619047619047619,0.0256,0.0256,0.175,0.7954545454545454,0.20454545454545456,0.5,0.9666666666666667,0.8,0.4916666666666667,0.48571428571428565,0.0
20260629_152656_9d451bbc,20260629_152656_9d451bbc_g0059,59,1030646594,0,8,8,8,1,1,RED,pool_peer_500ms,0,,"[1, 2]",1,98,1,"{""1"": 98, ""2"": 98, ""3"": 80, ""4"": 66}",True,9.0,-15.0,9.0,0.0,0.0,0.0,543.0,122.625,488.75,9.0,15.0,41.25,153.5,270.0,1501.0,497.75,2.0,19.0,78.0,1.0,1.0,2.0,6.0,9.0,1.0,0.0,0.0,8.0,8.0,0.1,0.09523809523809523,0.0032,0.0032,0.025,0.11363636363636363,0.8863636363636364,0.225,1.0,1.0,0.2,0.23684210526315785,0.0
20260629_152656_9d451bbc,20260629_152656_9d451bbc_g0059,59,1030646594,0,8,8,8,1,2,BLUE,champ_v3,1,,"[1, 2]",1,98,1,"{""1"": 98, ""2"": 98, ""3"": 80, ""4"": 66}",True,9.0,-15.0,9.0,0.0,0.0,0.0,543.0,122.625,488.75,9.0,15.0,41.25,153.5,270.0,1501.0,497.75,2.0,19.0,78.0,1.0,1.0,2.0,6.0,9.0,1.0,0.0,0.0,8.0,8.0,0.1,0.09523809523809523,0.0032,0.0032,0.025,0.11363636363636363,0.8863636363636364,0.225,1.0,1.0,0.2,0.23684210526315785,0.0
20260629_152656_9d451bbc,20260629_152656_9d451bbc_g0059,59,1030646594,0,8,8,8,1,3,YELLOW,pool_heuristic,2,,"[1, 2]",0,80,2,"{""1"": 98, ""2"": 98, ""3"": 80, ""4"": 66}",True,8.0,-17.0,9.0,0.0,0.0,0.0,514.0,125.625,508.5,8.0,14.0,40.5,158.5,287.5,1530.0,516.5,2.0,19.0,78.0,1.0,1.0,2.0,6.0,9.0,1.0,0.0,1.0,8.0,8.0,0.1,0.09523809523809523,0.0032,0.0032,0.025,0.11363636363636363,0.8863636363636364,0.2,1.0,1.0,0.20833333333333334,0.2578947368421053,0.0
20260629_152656_9d451bbc,20260629_152656_9d451bbc_g0059,59,1030646594,0,8,8,8,1,4,GREEN,pool_l45_100ms,3,,"[1, 2]",0,66,3,"{""1"": 98, ""2"": 98, ""3"": 80, ""4"": 66}",True,7.0,-19.0,9.0,0.0,0.0,0.0,444.0,103.25,415.125,7.0,12.0,33.75,130.5,231.875,1600.0,422.125,2.0,19.0,78.0,1.0,1.0,2.0,6.0,9.0,1.0,1.0,0.0,8.0,8.0,0.1,0.09523809523809523,0.0032,0.0032,0.025,0.11363636363636363,0.8863636363636364,0.175,1.0,1.0,0.21666666666666665,0.20526315789473681,0.0
20260629_152656_9d451bbc,20260629_152656_9d451bbc_g0059,59,1030646594,1,16,16,16,1,1,RED,pool_peer_500ms,0,,"[1, 2]",1,98,1,"{""1"": 98, ""2"": 98, ""3"": 80, ""4"": 66}",True,16.0,-22.0,0.0,2.0,4.0,0.01,689.0,172.125,666.875,14.0,23.0,64.5,241.0,324.375,1773.0,682.875,4.0,17.0,68.0,1.0,1.0,2.0,6.0,7.0,1.0,0.0,0.0,16.0,16.0,0.2,0.19047619047619047,0.0064,0.0064,0.05,0.22727272727272727,0.7727272727272727,0.4,1.0,1.0,0.31666666666666665,0.49473684210526314,0.0
20260629_152656_9d451bbc,20260629_152656_9d451bbc_g0059,59,1030646594,1,16,16,16,1,2,BLUE,champ_v3,1,,"[1, 2]",1,98,1,"{""1"": 98, ""2"": 98, ""3"": 80, ""4"": 66}",True,15.0,-24.0,1.0,2.0,4.0,0.01,758.0,189.625,733.0,15.0,26.0,73.5,268.5,350.0,1704.0,748.0,4.0,17.0,68.0,1.0,1.0,2.0,6.0,7.0,1.0,0.0,0.0,16.0,16.0,0.2,0.19047619047619047,0.0064,0.0064,0.05,0.22727272727272727,0.7727272727272727,0.375,1.0,1.0,0.325,0.4894736842105264,0.0
20260629_152656_9d451bbc,20260629_152656_9d451bbc_g0059,59,1030646594,1,16,16,16,1,3,YELLOW,pool_heuristic,2,,"[1, 2]",0,80,2,"{""1"": 98, ""2"": 98, ""3"": 80, ""4"": 66}",True,13.0,-28.0,4.0,0.0,4.0,0.01,589.0,145.375,558.125,13.0,20.0,54.0,203.0,268.125,1873.0,571.125,4.0,17.0,68.0,1.0,1.0,2.0,6.0,7.0,1.0,0.0,1.0,16.0,16.0,0.2,0.19047619047619047,0.0064,0.0064,0.05,0.22727272727272727,0.7727272727272727,0.325,1.0,1.0,0.3416666666666667,0.4526315789473684,0.0
20260629_152656_9d451bbc,20260629_152656_9d451bbc_g0059,59,1030646594,1,16,16,16,1,4,GREEN,pool_l45_100ms,3,,"[1, 2]",0,66,3,"{""1"": 98, ""2"": 98, ""3"": 80, ""4"": 66}",True,10.0,-34.0,7.0,0.0,4.0,0.01,426.0,102.0,384.0,10.0,16.0,39.0,144.0,175.0,2036.0,394.0,4.0,17.0,68.0,1.0,1.0,2.0,6.0,7.0,1.0,0.0,0.0,16.0,16.0,0.2,0.19047619047619047,0.0064,0.0064,0.05,0.22727272727272727,0.7727272727272727,0.25,1.0,1.0,0.36666666666666664,0.3131578947368421,0.0
20260629_152656_9d451bbc,20260629_152656_9d451bbc_g0059,59,1030646594,2,24,24,24,1,1,RED,pool_peer_500ms,0,,"[1, 2]",1,98,1,"{""1"": 98, ""2"": 98, ""3"": 80, ""4"": 66}",True,20.0,-32.0,0.0,14.0,5.0,0.0125,566.0,154.25,570.875,16.0,26.0,70.5,201.5,256.875,1343.0,590.875,6.0,15.0,59.0,1.0,1.0,2.0,5.0,6.0,1.0,0.0,0.0,24.0,24.0,0.295,0.2857142857142857,0.0096,0.0096,0.0725,0.32954545454545453,0.6704545454545454,0.5,1.0,1.0,0.4333333333333333,0.5843920145190562,0.0
20260629_152656_9d451bbc,20260629_152656_9d451bbc_g0059,59,1030646594,2,24,24,24,1,2,BLUE,champ_v3,1,,"[1, 2]",1,98,1,"{""1"": 98, ""2"": 98, ""3"": 80, ""4"": 66}",True,19.0,-34.0,1.0,13.0,5.0,0.0125,605.0,157.75,573.875,18.0,28.0,75.0,203.5,249.375,1304.0,592.875,6.0,15.0,59.0,1.0,1.0,2.0,5.0,6.0,1.0,0.0,0.0,24.0,24.0,0.295,0.2857142857142857,0.0096,0.0096,0.0725,0.32954545454545453,0.6704545454545454,0.475,1.0,1.0,0.4416666666666667,0.5771324863883847,0.0
20260629_152656_9d451bbc,20260629_152656_9d451bbc_g0059,59,1030646594,2,24,24,24,1,3,YELLOW,pool_heuristic,2,,"[1, 2]",0,80,2,"{""1"": 98, ""2"": 98, ""3"": 80, ""4"": 66}",True,20.0,-32.0,4.0,2.0,5.0,0.0125,476.0,142.0,498.875,18.0,28.0,65.25,214.5,173.125,1433.0,518.875,6.0,15.0,58.0,1.0,1.0,2.0,6.0,5.0,1.0,0.0,1.0,24.0,24.0,0.295,0.2857142857142857,0.0096,0.0096,0.075,0.3409090909090909,0.6590909090909091,0.5,1.0,1.0,0.4333333333333333,0.5035087719298246,0.0
20260629_152656_9d451bbc,20260629_152656_9d451bbc_g0059,59,1030646594,2,24,24,24,1,4,GREEN,pool_l45_100ms,3,,"[1, 2]",0,66,3,"{""1"": 98, ""2"": 98, ""3"": 80, ""4"": 66}",True,13.0,-46.0,3.0,1.0,5.0,0.0125,262.0,67.5,226.0,12.0,14.0,27.75,96.0,76.25,1647.0,239.0,6.0,15.0,58.0,1.0,1.0,2.0,6.0,5.0,0.0,0.0,0.0,24.0,24.0,0.295,0.2857142857142857,0.0096,0.0096,0.075,0.3409090909090909,0.6590909090909091,0.325,1.0,1.0,0.4916666666666667,0.4175438596491228,0.0
20260629_152656_9d451bbc,20260629_152656_9d451bbc_g0059,59,1030646594,3,32,32,32,1,1,RED,pool_peer_500ms,0,,"[1, 2]",1,98,1,"{""1"": 98, ""2"": 98, ""3"": 80, ""4"": 66}",True,22.0,-39.0,0.0,22.0,10.0,0.025,318.0,99.25,326.75,17.0,23.0,50.25,134.0,102.5,534.0,348.75,8.0,13.0,49.0,1.0,1.0,2.0,5.0,4.0,0.0,0.0,0.0,32.0,32.0,0.3925,0.38095238095238093,0.0128,0.0128,0.0975,0.4431818181818182,0.5568181818181818,0.55,1.0,1.0,0.5083333333333333,0.6288798920377867,0.0
20260629_152656_9d451bbc,20260629_152656_9d451bbc_g0059,59,1030646594,3,32,32,32,1,2,BLUE,champ_v3,1,,"[1, 2]",1,98,1,"{""1"": 98, ""2"": 98, ""3"": 80, ""4"": 66}",True,24.0,-35.0,1.0,21.0,10.0,0.025,352.0,102.375,341.125,17.0,25.0,57.75,107.0,134.375,500.0,365.125,8.0,13.0,50.0,1.0,1.0,2.0,4.0,5.0,1.0,0.0,0.0,32.0,32.0,0.3925,0.38095238095238093,0.0128,0.0128,0.095,0.4318181818181818,0.5681818181818182,0.6,1.0,1.0,0.4916666666666667,0.6232686980609419,0.0
20260629_152656_9d451bbc,20260629_152656_9d451bbc_g0059,59,1030646594,3,32,32,32,1,3,YELLOW,pool_heuristic,2,,"[1, 2]",0,80,2,"{""1"": 98, ""2"": 98, ""3"": 80, ""4"": 66}",True,23.0,-37.0,4.0,6.0,10.0,0.025,137.0,54.875,137.125,18.0,20.0,30.0,61.0,8.125,715.0,160.125,8.0,13.0,48.0,1.0,1.0,2.0,6.0,3.0,0.0,0.0,1.0,32.0,32.0,0.3925,0.38095238095238093,0.0128,0.0128,0.1,0.45454545454545453,0.5454545454545454,0.575,1.0,1.0,0.5,0.48684210526315785,0.0
20260629_152656_9d451bbc,20260629_152656_9d451bbc_g0059,59,1030646594,3,32,32,32,1,4,GREEN,pool_l45_100ms,3,,"[1, 2]",0,66,3,"{""1"": 98, ""2"": 98, ""3"": 80, ""4"": 66}",True,14.0,-55.0,3.0,3.0,10.0,0.025,45.0,22.5,44.375,12.0,8.0,7.5,12.5,4.375,807.0,58.375,8.0,13.0,48.0,1.0,1.0,2.0,6.0,3.0,0.0,0.0,0.0,32.0,32.0,0.3925,0.38095238095238093,0.0128,0.0128,0.1,0.45454545454545453,0.5454545454545454,0.35,1.0,1.0,0.575,0.4302631578947369,0.0
20260629_152656_9d451bbc,20260629_152656_9d451bbc_g0059,59,1030646594,4,40,40,40,1,1,RED,pool_peer_500ms,0,,"[1, 2]",1,98,1,"{""1"": 98, ""2"": 98, ""3"": 80, ""4"": 66}",True,23.0,-42.0,0.0,32.0,21.0,0.0525,130.0,51.125,140.0,15.0,15.0,30.0,52.5,27.5,360.0,163.0,10.0,11.0,40.0,1.0,1.0,2.0,4.0,3.0,0.0,0.0,0.0,40.0,40.0,0.485,0.47619047619047616,0.016,0.016,0.12,0.5454545454545454,0.45454545454545453,0.575,1.0,1.0,0.5416666666666667,0.6173245614035088,0.0
20260629_152656_9d451bbc,20260629_152656_9d451bbc_g0059,59,1030646594,4,40,40,40,1,2,BLUE,champ_v3,1,,"[1, 2]",1,98,1,"{""1"": 98, ""2"": 98, ""3"": 80, ""4"": 66}",True,28.0,-32.0,1.0,33.0,21.0,0.0525,168.0,58.25,161.25,16.0,21.0,36.0,42.0,46.25,322.0,189.25,10.0,11.0,41.0,1.0,1.0,2.0,3.0,4.0,1.0,0.0,0.0,40.0,40.0,0.485,0.47619047619047616,0.016,0.016,0.1175,0.5340909090909091,0.4659090909090909,0.7,1.0,1.0,0.5,0.625979843225084,0.0
20260629_152656_9d451bbc,20260629_152656_9d451bbc_g0059,59,1030646594,4,40,40,40,1,3,YELLOW,pool_heuristic,2,,"[1, 2]",0,80,2,"{""1"": 98, ""2"": 98, ""3"": 80, ""4"": 66}",True,25.0,-38.0,4.0,17.0,21.0,0.0525,162.0,64.0,168.75,19.0,20.0,33.75,91.0,5.0,328.0,193.75,10.0,11.0,38.0,1.0,1.0,2.0,6.0,1.0,0.0,0.0,1.0,40.0,40.0,0.485,0.47619047619047616,0.016,0.016,0.125,0.5681818181818182,0.4318181818181818,0.625,1.0,1.0,0.525,0.4842105263157894,0.0
20260629_152656_9d451bbc,20260629_152656_9d451bbc_g0059,59,1030646594,4,40,40,40,1,4,GREEN,pool_l45_100ms,3,,"[1, 2]",0,66,3,"{""1"": 98, ""2"": 98, ""3"": 80, ""4"": 66}",True,12.0,-64.0,3.0,9.0,21.0,0.0525,30.0,17.5,30.0,11.0,5.0,6.0,8.0,0.0,460.0,42.0,10.0,11.0,39.0,1.0,1.0,2.0,5.0,2.0,0.0,0.0,0.0,40.0,40.0,0.485,0.47619047619047616,0.016,0.016,0.1225,0.5568181818181818,0.4431818181818182,0.3,1.0,1.0,0.6333333333333333,0.41031149301826,0.0
20260629_152656_9d451bbc,20260629_152656_9d451bbc_g0059,59,1030646594,5,48,48,48,1,1,RED,pool_peer_500ms,0,,"[1, 2]",1,98,1,"{""1"": 98, ""2"": 98, ""3"": 80, ""4"": 66}",True,24.0,-36.0,0.0,37.0,38.0,0.095,49.0,28.5,52.5,16.0,9.0,15.0,10.0,2.5,132.0,76.5,12.0,9.0,31.0,1.0,1.0,2.0,3.0,2.0,0.0,0.0,0.0,48.0,48.0,0.5725,0.5714285714285714,0.0192,0.0192,0.1425,0.6477272727272727,0.3522727272727273,0.6,1.0,1.0,0.5,0.5909510618651893,0.0
20260629_152656_9d451bbc,20260629_152656_9d451bbc_g0059,59,1030646594,5,48,48,48,1,2,BLUE,champ_v3,1,,"[1, 2]",1,98,1,"{""1"": 98, ""2"": 98, ""3"": 80, ""4"": 66}",True,29.0,-26.0,1.0,45.0,38.0,0.095,72.0,30.75,69.75,12.0,12.0,21.0,16.0,8.75,109.0,98.75,12.0,9.0,31.0,1.0,1.0,2.0,3.0,2.0,1.0,0.0,0.0,48.0,48.0,0.5725,0.5714285714285714,0.0192,0.0192,0.1425,0.6477272727272727,0.3522727272727273,0.725,1.0,1.0,0.4583333333333333,0.6094182825484764,0.0
20260629_152656_9d451bbc,20260629_152656_9d451bbc_g0059,59,1030646594,5,48,48,48,1,3,YELLOW,pool_heuristic,2,,"[1, 2]",0,80,2,"{""1"": 98, ""2"": 98, ""3"": 80, ""4"": 66}",True,21.0,-42.0,4.0,27.0,38.0,0.095,54.0,27.5,60.25,12.0,9.0,14.25,25.0,0.0,127.0,81.25,12.0,9.0,30.0,1.0,1.0,2.0,4.0,1.0,0.0,0.0,1.0,48.0,48.0,0.5725,0.5714285714285714,0.0192,0.0192,0.145,0.6590909090909091,0.3409090909090909,0.525,1.0,1.0,0.525,0.44464609800362975,0.0
20260629_152656_9d451bbc,20260629_152656_9d451bbc_g0059,59,1030646594,5,48,48,48,1,4,GREEN,pool_l45_100ms,3,,"[1, 2]",0,66,3,"{""1"": 98, ""2"": 98, ""3"": 80, ""4"": 66}",True,10.0,-64.0,3.0,15.0,38.0,0.095,6.0,6.0,6.0,6.0,0.0,0.0,0.0,0.0,175.0,16.0,12.0,9.0,31.0,1.0,1.0,2.0,3.0,2.0,0.0,0.0,0.0,48.0,48.0,0.5725,0.5714285714285714,0.0192,0.0192,0.1425,0.6477272727272727,0.3522727272727273,0.25,0.65,1.0,0.6166666666666667,0.4164358264081255,0.0
20260629_152656_9d451bbc,20260629_152656_9d451bbc_g0059,59,1030646594,6,56,56,56,1,1,RED,pool_peer_500ms,0,,"[1, 2]",1,98,1,"{""1"": 98, ""2"": 98, ""3"": 80, ""4"": 66}",True,23.0,-34.0,0.0,51.0,46.0,0.115,15.0,13.0,15.5,11.0,3.0,1.5,0.0,0.0,43.0,38.5,14.0,7.0,22.0,1.0,1.0,2.0,2.0,1.0,0.0,0.0,0.0,56.0,56.0,0.645,0.6666666666666666,0.0224,0.0224,0.165,0.75,0.25,0.575,0.6666666666666666,1.0,0.475,0.5685805422647527,0.0
20260629_152656_9d451bbc,20260629_152656_9d451bbc_g0059,59,1030646594,6,56,56,56,1,2,BLUE,champ_v3,1,,"[1, 2]",1,98,1,"{""1"": 98, ""2"": 98, ""3"": 80, ""4"": 66}",True,28.0,-24.0,1.0,50.0,46.0,0.115,23.0,15.375,23.25,10.0,6.0,6.75,0.5,0.0,35.0,51.25,14.0,7.0,22.0,1.0,1.0,2.0,2.0,1.0,1.0,0.0,0.0,56.0,56.0,0.645,0.6666666666666666,0.0224,0.0224,0.165,0.75,0.25,0.7,1.0,1.0,0.4333333333333333,0.5845295055821371,0.0
20260629_152656_9d451bbc,20260629_152656_9d451bbc_g0059,59,1030646594,6,56,56,56,1,3,YELLOW,pool_heuristic,2,,"[1, 2]",0,80,2,"{""1"": 98, ""2"": 98, ""3"": 80, ""4"": 66}",True,21.0,-38.0,4.0,31.0,46.0,0.115,20.0,15.75,22.0,12.0,4.0,3.0,3.0,0.0,38.0,43.0,14.0,7.0,23.0,1.0,1.0,1.0,3.0,1.0,0.0,0.0,1.0,56.0,56.0,0.645,0.6666666666666666,0.0224,0.0224,0.1625,0.7386363636363636,0.26136363636363635,0.525,0.9166666666666666,1.0,0.4916666666666667,0.44858299595141704,0.0
20260629_152656_9d451bbc,20260629_152656_9d451bbc_g0059,59,1030646594,6,56,56,56,1,4,GREEN,pool_l45_100ms,3,,"[1, 2]",0,66,3,"{""1"": 98, ""2"": 98, ""3"": 80, ""4"": 66}",True,8.0,-64.0,3.0,22.0,46.0,0.115,0.0,0.0,0.0,0.0,0.0,0.0,0.0,0.0,58.0,8.0,14.0,7.0,27.0,0.0,1.0,1.0,3.0,2.0,0.0,0.0,0.0,56.0,56.0,0.645,0.6666666666666666,0.0224,0.0224,0.1525,0.6931818181818182,0.3068181818181818,0.2,0.48333333333333334,1.0,0.6,0.42105263157894735,0.0
20260629_152656_9d451bbc,20260629_152656_9d451bbc_g0059,59,1030646594,7,64,64,66,3,1,RED,pool_peer_500ms,0,,"[1, 2]",1,98,1,"{""1"": 98, ""2"": 98, ""3"": 80, ""4"": 66}",True,25.0,-27.0,0.0,62.0,50.0,0.125,3.0,1.5,3.5,0.0,2.0,1.5,0.0,0.0,24.0,28.5,17.0,4.0,14.0,0.0,1.0,1.0,1.0,1.0,0.0,0.0,0.0,64.0,66.0,0.705,0.8095238095238095,0.0264,0.0256,0.185,0.8409090909090909,0.1590909090909091,0.625,0.5833333333333334,1.0,0.4333333333333333,0.5497866287339972,0.0
20260629_152656_9d451bbc,20260629_152656_9d451bbc_g0059,59,1030646594,7,64,64,66,3,2,BLUE,champ_v3,1,,"[1, 2]",1,98,1,"{""1"": 98, ""2"": 98, ""3"": 80, ""4"": 66}",True,26.0,-25.0,1.0,59.0,50.0,0.125,14.0,12.0,14.0,10.0,4.0,0.0,0.0,0.0,13.0,40.0,17.0,4.0,12.0,1.0,1.0,0.0,1.0,1.0,1.0,0.0,0.0,64.0,66.0,0.705,0.8095238095238095,0.0264,0.0256,0.19,0.8636363636363636,0.13636363636363635,0.65,0.7833333333333333,1.0,0.425,0.5685595567867037,0.0
20260629_152656_9d451bbc,20260629_152656_9d451bbc_g0059,59,1030646594,7,64,64,66,3,3,YELLOW,pool_heuristic,2,,"[1, 2]",0,80,2,"{""1"": 98, ""2"": 98, ""3"": 80, ""4"": 66}",True,18.0,-41.0,4.0,45.0,50.0,0.125,10.0,9.5,10.5,9.0,0.0,1.5,0.0,0.0,17.0,28.5,16.0,5.0,17.0,1.0,0.0,1.0,2.0,1.0,0.0,0.0,1.0,64.0,66.0,0.705,0.7619047619047619,0.0264,0.0256,0.1775,0.8068181818181818,0.19318181818181818,0.45,0.6166666666666667,1.0,0.4916666666666667,0.44996293550778355,0.0
20260629_152656_9d451bbc,20260629_152656_9d451bbc_g0059,59,1030646594,7,64,64,66,3,4,GREEN,pool_l45_100ms,3,,"[1, 2]",0,66,3,"{""1"": 98, ""2"": 98, ""3"": 80, ""4"": 66}",True,8.0,-61.0,3.0,28.0,50.0,0.125,0.0,0.0,0.0,0.0,0.0,0.0,0.0,0.0,27.0,8.0,14.0,7.0,27.0,0.0,1.0,1.0,3.0,2.0,0.0,0.0,0.0,64.0,66.0,0.705,0.6666666666666666,0.0264,0.0256,0.1525,0.6931818181818182,0.3068181818181818,0.2,0.45,1.0,0.575,0.42105263157894735,0.0
